方块ID,方块名称,预制文件名,英文名称,插件用名称[必填/不能有空格],繁体名称,海外开放（0和空为在国内海外都开放，1为只在国内开放，2为只在海外开放）,类别,插件编辑[大于0开放插件编辑，1=综合，2=彩色，3=建筑],触发器开放[1=植物方块 2=液体方块 3=自然方块 4=装饰方块 5=功能方块],地形编辑器开放[1=植物方块 2=液体方块 3=自然方块 4=装饰方块 5=功能方块],成长后替换的模型ID,插件编辑模板[0=不是模板，1=作为模板],变换颜色,鼠标点击碰撞,移动碰撞[0=空气， 1=固体， 2= 液体， 3=不阻挡投射物，4=空气挡子弹，5=不阻挡物理],阻挡水流（0=不阻挡，1=阻挡，2=被流沙同化，3=覆盖阻挡）,"推动标识-0:普通推动后续方块, 1:推动碾碎, 2:不能推动",重力影响方式0:不影响， 1: 沙子会下坠， 2: 流体会往低处流， 3：花草会破坏,PlaceDir(0：没有方向，1：和放置的面相关，类似火把，  2：和自己视线的方向相关，类似楼梯),放置可直接替换,植物标识（填了1就视为是植物方块）,生长时间（生长阶段数|阶段生成时间）,覆雪标识[默认0=不覆雪 1=覆雪],爆炸抗性,硬度,地滑程度,燃烧速度,点燃概率,毒液侵蚀速度,充能状态,掉落物1,掉落概率1,掉落物2,掉落概率2,空手掉落物,空手掉落概率,采集掉落经验,掉落经验概率,掉落的星星数量（数组，两个值随机）,"遮挡旁边块0: 不遮挡， 1: 遮挡， 2： 根据厚度来定,  3: 遮挡相同材质",光衰减,光源强度,使用旁边方块的光照,高度（block),贴图1,贴图2/模型类这里填模型名称,prefab资源（用到prefab资源的方块填此字段）,走在上面声音,挖的声音,放置的声音,精准掉落物品,采集工具/1=斧头，2=镐，3=铲子，5=剪刀,工具等级（1=石，2=铜，3=铁，4=铝，5=钛，6=钴，7=钨）,随机颜色【地形生成树的时候会从三个颜色里等概率随机一个，以012的形式存于blockdata】,小地图颜色,分数,特殊数据1,可被投掷物击碎,特效名字,蓝图方块分类[多类相加，1=不能复制 2=不消耗 4=有方向的方块 8=随机数 16=多方向 32=不能替换],所需材料替换方块[蓝图],物理碰撞（0-无碰撞，1-满1格碰撞，2-不满一格的碰撞，3-门那种， 6-会根据方块data改变形状）,微缩透明度(0全透 15不透明),微缩发光度(0最亮 15不发光),温度源强度（用于计算温度源的热传导）,温度衰减（用于计算温度源的传热衰减）,植物生长温度区间（1=冻结，2=极寒，3=寒冷，4=适宜，5=炎热，6=极热，7=自燃；不在适宜温度区间则会降低生长速度，仅对cropper，flowergrow，melonstem，shrub这几个type生效；0或不填则不开启）,"多格方块类型(0非多格,1多格例如床钢琴箱子等)",韧度值,LOD等级(默认为0，0=强制显示),是否产生阴影(默认为1),是否按屏幕空间大小的方式裁剪(默认是1),破坏中的掉落粒子使用的特效文件，填文件名称，默认填空为使用通用粒子；文件地址：CommonResource\Assets\Resources\minigame\prefab\particles,破坏后的掉落粒子使用的特效文件，填文件名称，默认填空为使用通用粒子；文件地址：CommonResource\Assets\Resources\minigame\prefab\particles,挖掘附属特效（例如石头-火花）,可否被变向（0没有方向无法变向，1四向，2六、八向，3特殊处理）,自发光颜色,不透明度(0-255),"方块结构标识-0:可被推动、转动, 1:推动、转动碾碎, 2:不能推动、转动",里世界交互标识（0不可被交互，1可被交互）,PBR功能贴图,蓝图方块价值,替换绘制类型（BlockDrawType）,是否可活化,HDR自发光强度系数
ID,Name,PrefabName,ENName,Key,TWName,RegionType,Type,EditType,TriggerType,TerrainEditor,ModelIndex,IsTemplate,TextureGroup,ClickCollide,MoveCollide,BlockFlow,PushFlag,GravityEffect,PlaceDir,Replaceable,CropsSign,GrowthTime,EnablePlaceSnow,AntiExplode,Hardness,Slipperiness,BurnSpeed,CatchFire,CorrodeSpeed,PowerState,ToolMineDrop1,ToolMineProb1,ToolMineDrop2,ToolMineProb2,HandMineDrop,HandMineProb,MineExp,MineExpOdds,StarCount,CoverNeighbor,LightAtten,LightSrc,UseNeighborLight,Height,Texture1,Texture2,PrefabRes,WalkSound,DigSound,PlaceSound,PreciseDrop,MineTool,ToolLevel,RandomColors,MiniColor,Score,UserData1,Breakable,EffectName,BluePrintFlag,ConvertID,PhyCollide,CustommodelAlpha,CustommodelLight,TempSrc,TempAtten,GrowthTempRange,MultiGridsBlockType,Tenacity,LOD,SupportCastShadow,SupportCullByScreenSize,DestroyingParticle,DestroyedParticle,DestroyAdditionalEffect,Directionable,BlockLightColor,BlockOpaue,BlockStructPushFlag,InnerInteractiveFlag,MixTexture,ValueInBlueprint,ReplacedDrawType,CanBeAnimated,HDRScale
0,空气,,Air,Air,,,air,,3,,,,,0,0,0,1,0,0,1,,,,0,-1,1,0,,0,,0,0,0,0,0,0,,,,0,0,0,,1,,,,,,,0,0,,,,,,,,1,,0,15,15,,1,,,,,,,,,,0,,0,1,0,,0,,,
1,地心基石,,UltraStone,UltraStone,,,basic,,3,3,,,,1,1,1,2,0,0,,,,1,-1,-1,1,0,,0,,1,10000,0,0,0,0,,,,1,15,0,,1,ultrastone,,,blocks.stone,blockd.stone,,0,0,,,3d3c59,,,,,33,,1,15,15,,6,,,,,,,,,,0,,255,2,1,,0,,,
2,功能方块,,FunctionBlock,FunctionBlock,,,basic,,,,,,,,,,,,,,,,,,,,,,,,,,,,,,,,,,,,,,,,,,,,,,,,,,,,,1,,,,,,6,,,,,,,,,,0,,0,,1,,0,,1,
3,静态水,,StaticWater,StaticWater,,,stillfluidwater,,2,2,,,,0,2,0,1,2,0,1,,,,10,-1,1,0,,0,,0,0,0,0,0,0,,,,0,1,0,,1,water_still,,,,,env.splash,0,0,,,0e7bc0,,,,,2,,0,8,15,,1,,,,,,,,,,0,,17,1,1,,0,,,
4,动态水,,Water,Water,,,flowfluidwater,,2,2,,,,0,2,0,1,2,0,1,,,,10,-1,1,0,,0,,0,0,0,0,0,0,,,,0,1,0,,1,water_flow,,,,,env.splash,0,0,,,,,,,,2,,0,15,15,,1,,,,,,,,,,0,,17,1,1,,0,,,
5,静态岩浆,,StaticLava,StaticLava,,,stillfluidlava,,2,2,,,,0,2,0,1,2,0,1,,,,50,-1,1,0,,0,,0,0,0,0,0,0,,,,4,0,15,,1,lava_still,,,,,,0,0,,,b84b22,,,,,2,,0,15,15,13,1,,,,,,,,,,0,e9973f,170,1,1,,0,,,2
6,动态岩浆,,Lava,Lava,,,flowfluidlava,,2,2,,,,0,2,0,1,2,0,1,,,,50,-1,1,0,,0,,0,0,0,0,0,0,,,,4,0,15,,1,lava_flow,,,,,,0,0,,,b84b22,,,,,2,,0,8,0,13,1,,,,,,,,,,0,e9973f,170,1,1,,0,,,2
7,传送光效,,TeleportEffect,TeleportEffect,,,basic,,,,,,,0,0,0,2,3,1,1,,,,0,0,1,0,,0,,0,0,0,0,0,0,,,,0,0,11,,1,,,,,,,0,0,,,,,,,,33,,0,8,0,,1,,,,,,,,,,0,,0,2,1,,0,,1,
8,雕纹砖块,,EngravingBlock,EngravingBlock,,,basic,3,4,4,,,,1,1,1,2,0,0,,,,1,-1,200,1,0,,0,,8,10000,0,0,8,10000,,,,2,15,6,,1,engraving_block,,,blocks.stone,blockd.stone,,8,2,1,,844e3a,,,,,1,,1,15,15,,6,,,10,,,,,,,0,e3bf42,255,2,1,,0,,1,2
9,加速移动方块,,SpeedUpBlock,SpeedUpBlock,,,portal,,4,4,,,,1,0,1,2,3,1,,,,,50,5,1,0,,0,,9,10000,0,0,9,10000,,,,0,0,15,,1,speedup_block,,,blocks.stone,blockd.stone,,9,2,1,,ff7717,,,,,1,,0,8,0,,1,,,5,,,,,,,0,af822b,0,2,0,,0,,,
10,星能块,,StarenergyBlock,StarenergyBlock,,,powerbasic,,,,,,,1,1,1,0,0,0,,,,1,10,1,1,0,,0,,10,10000,0,0,10,10000,,,,1,15,0,,1,starenergy_block,,,blocks.stone,blockd.stone,,10,0,1,,81c9fb,,,,,1,,1,15,15,,6,,,1,,,,,,,0,,255,0,1,,0,,,2
11,静态蜂蜜,,StaticHoney,StaticHoney,,,stillfluidhoney,,2,2,,,,0,2,0,1,2,0,1,,,,10,-1,1,0,,0,,0,0,0,0,0,0,,,,0,1,0,,1,honey_still,,,,,env.splash,0,0,,,d38400,,,,,2,,0,8,0,,1,,,,,,,,,,0,,17,1,1,,0,,,
12,动态蜂蜜,,Honey,Honey,,,flowfluidhoney,,2,2,,,,0,2,0,1,2,0,1,,,,10,-1,1,0,,0,,0,0,0,0,0,0,,,,0,1,0,,1,honey_flow,,,,,env.splash,0,0,,,d38400,,,,,2,,0,8,0,,1,,,,,,,,,,0,,17,1,1,,0,,,
13,静态流沙,,StaticQuicksand,StaticQuicksand,,,staticsandflow,,2,2,,,,0,2,2,1,2,0,1,,,,10,-1,1,0,,0,,0,0,0,0,0,0,,,,0,1,0,,1,sand_still,,,,,env.splash,0,0,,,efd974,,,,,2,,0,8,15,,1,,,,,,,,,,0,,17,1,1,,0,,,
14,动态流沙,,Quicksand,Quicksand,,,sandflow,,2,2,,,,0,2,2,1,2,0,1,,,,10,-1,1,0,,0,,0,0,0,0,0,0,,,,0,1,0,,1,sand_flow,,,,,env.splash,0,0,,,efd974,,,,,2,,0,15,15,,1,,,,,,,,,,0,,17,1,1,,0,,,
15,咒岩,,CurseStone,CurseStone,,,cursestone,1,3,3,,,,1,1,1,0,0,0,,,,1,500,500,1,0,,0,,15,10000,0,0,15,10000,,,,1,15,6,,1,cursestone,,,blocks.stone,blockd.stone,,15,2,2,,3d2168,,,,cursestone.ent,,,1,15,15,,6,,,999,,,,,,,0,,255,0,1,,1,,,
16,咒岩-激活,,CurseStoneActivated,CurseStoneActivated,,,cursestoneactivated,,,,,,,0,0,1,2,0,0,,,,1,500,200,1,0,,0,,0,0,0,0,0,0,,,,0,0,6,,1,cursestone_activated,,,,,,15,2,2,,3d2168,,,,,,15,0,0,15,,6,,,999,,,,,,,0,9d79b6,0,2,1,,0,,,2
17,静态剧毒,,StaticHighlyVenom,StaticHighlyVenom,,,stillvenom,,2,2,,,,0,2,0,1,2,0,1,,,,10,-1,1,0,,0,,0,0,0,0,0,0,,,,0,1,0,,1,highlyvenom_still,,,,,env.splash,0,0,,,128c34,,,,,2,,0,15,15,,1,,,,,,,,,,0,,17,1,1,,0,,,
18,动态剧毒,,HighlyVenom,HighlyVenom,,,flowvenom,,2,2,,,,0,2,0,1,2,0,1,,,,10,-1,1,0,,0,,0,0,0,0,0,0,,,,0,1,0,,1,highlyvenom_flow,,,,,env.splash,0,0,,,128c34,,,,,2,,0,8,0,,1,,,,,,,,,,0,,17,1,1,,0,,,
19,风蚀岩,,WindErosionStone,WindErosionStone,,,log,1,3,3,,,,1,1,1,0,0,0,,,,1,20,4,1,0,,0,,19,10000,0,0,0,0,,,,1,15,0,,1,winderosion_stone,,,blocks.stone,blockd.stone,,19,2,1,,c79d59,,,,,,,1,15,15,,6,,,4,,,,,,,0,,255,0,1,,0.2,,1,
20,外星空气,,,,,,alienair,,,,,,,0,0,0,1,0,0,1,,,,0,-1,1,0,,0,,0,0,0,0,0,0,,,,0,0,0,,1,water_still,,,,,,0,0,,,,,,,,1,,0,15,15,,1,,,,,,,,,,0,,0,1,0,,0,,,
21,信号发生器,,,,,,radioproducer,,,,,,,1,1,1,2,0,0,,,,,,,1,0,,0,,,,,,,,,,,,,,,1,alientotem1,alientotem1,,,,,,,,,,,,,,,,1,15,15,,6,,,,,,,,,,0,,0,2,0,,0,26,,
22,信号接收器,,,,,,radioreceiver,,,,,,,1,1,1,2,0,0,,,,,,,1,0,,0,,,,,,,,,,,,,,,1,alientotem2,alientotem2,,,,,,,,,,,,,,,,1,15,15,,6,,,,,,,,,,0,,0,2,0,,0,26,,
23,深积岩,,SedimentaryRock,SedimentaryRock,,,plutonicrock,1,3,3,,,,1,1,1,0,0,0,,,,1,12,12,1,0,,0,,23,10000,0,0,23,10000,,,,1,15,0,,1,sedimentaryrock,,,blocks.stone,blockd.stone,,23,2,2,,191970,,,,,,,1,15,15,,6,,,5,,,,,,,0,,255,0,1,,0.2,,,
24,锰结核矿,,ManganeseOre,ManganeseOre,,,minestone,1,3,3,,,,1,1,1,0,0,0,,,,1,50,40,1,0,,0,,12614,20000,12614,7500,12614,0,11,10000,"3,4",1,15,0,1,1,meng,meng1,,blocks.stone,blockd.stone,,24,2,3,,A58F78,,,,,,,1,15,15,,6,,,30,4,,,,,block_knock_line,0,,255,0,1,,4,,1,2
25,礁石,,Reef,Reef,,,reef,1,3,3,,,,1,1,1,0,0,0,,,,1,10,10.5,1,0,,0,,25,10000,0,0,25,10000,,,,1,15,0,,1,reef,,,blocks.stone,blockd.stone,,25,2,1,,2F4F4F,,,,,,,1,15,15,,6,,,10,,,,,,,0,,255,0,1,reef_0_mix,0.2,,,
26,漂流瓶,,,,,,driftBottle,,4,,3887,,,1,1,1,0,0,0,,,,,3,0,1,0,,0,,26,10000,0,0,26,10000,,,,2,1,0,,1,drift_bottle,drift_bottle,,blocks.stone,blockd.glass,blockd.stone,748,2,1,,ffffff,1,,1,item_749.ent,1,,0,8,0,,1,,,1,3,,,,,,0,,17,0,1,,0,,,
27,远方的漂流瓶,,,,,,driftBottle,,4,,3887,,,1,1,1,0,0,0,,,,,3,0,1,0,,0,,27,10000,0,0,27,10000,,,,2,1,0,,1,far_drift_bottle,far_drift_bottle,,blocks.stone,blockd.glass,blockd.stone,748,2,1,,ffffff,1,,1,item_749.ent,1,,0,8,0,,1,,,1,3,,,,,,0,,17,0,1,,0,,,
28,小玻璃瓶（方块）,,,,,,placeBottle,,4,,3888,,,1,1,1,0,0,0,,,,,3,0,1,0,,0,,11320,10000,0,0,11320,10000,,,,2,1,0,,1,glass_bottle,glass_bottle,,blocks.stone,blockd.glass,blockd.stone,748,2,1,,ffffff,1,,1,item_749.ent,,,0,8,0,,6,,,1,3,,,,,,0,,17,0,1,,0.2,,,
29,黄沙,,Sand,Sand,,,solidsand,1,3,3,,1,,1,1,2,0,1,0,,,,1,7,3,1,0,,0,,29,10000,0,0,29,10000,,,,1,15,0,,1,new_sand,,,blocks.sand,blockd.sand,,29,3,1,,efd974,,,,,,,1,15,15,,6,,,2,,,,,,,0,,255,0,1,,0.2,,1,
30,游戏版本过低,,,,,,basic,,,,,,,1,1,1,2,0,0,,,,,,,1,0,,0,,,,,,,,,,,,,,,1,,,,,,,,,,,,,,,,1,,1,15,15,,1,,,,,,,,,,0,,0,2,1,,0,,,
31,坚固冰棱,,HardIcicle,HardIcicle,,,hardicicle,1,3,3,,,,1,1,1,1,3,0,,,,,12,5,1,0,,0,,31,10000,0,0,31,10000,,,,0,1,0,,1,icicle1,icicle,,blocks.stone,blocks.stone,,31,2,1,,6e8f41,5,,,,8,,0,15,15,,1,,,2,,,,,,,0,,17,1,1,,0.2,,,
32,脆冰棱,,WeakIcicle,WeakIcicle,,,icicle,1,3,3,,,,1,1,1,1,3,0,,,,,12,5,1,0,,0,,32,10000,0,0,32,10000,,,,0,1,0,,1,icicle,icicle,,blocks.stone,blocks.stone,,32,2,1,,6e8f41,5,,,,8,,0,15,15,,1,,,2,,,,,,,0,,17,1,1,,0.2,,,
33,平凡晶核矿,,OrdinaryCrystalCoreOre,OrdinaryCrystalCoreOre,,,minestone,1,3,3,,,,1,1,1,0,0,0,,,,1,50,20,1,0,,0,,11570,10000,0,0,11570,0,,,,1,15,0,1,1,pingfan,pingfan1,,blocks.stone,blockd.stone,,33,2,3,,6c4729,,,,,,,1,15,15,,6,,,5,4,,,,,block_knock_line,0,,255,0,1,,4,,1,2
34,霜火石矿,,IceCrystalOre,IceCrystalOre,,,minestone,1,3,3,,,,1,1,1,0,0,0,,,,1,50,20,1,0,,0,,11824,10000,0,0,11824,0,1,10000,"1,1",1,7,7,1,1,shuanghuo,shuanghuo1,,blocks.stone,blockd.stone,,34,2,3,,6c4729,,,,,,,1,15,15,-10,6,,,5,4,,,,,block_knock_line,0,6f668c,119,0,1,,4,,1,2
35,霜火石块,,IceCrystalBlock,IceCrystalBlock,,,basic,1,4,4,,,,1,1,1,0,0,0,,,,1,100,24,1,0,,0,,35,10000,0,0,35,10000,,,,1,7,14,,1,ice_crystal_block,,,blocks.stone,blockd.stone,,35,2,1,,cccccc,,,,,,,1,15,15,-13,6,,,5,,,,,,,0,6f668c,119,0,1,,24,,1,2
36,洞窟洞口刷新,,,,,,air,,,,,,,1,0,0,2,0,0,1,,,,1,0,1,0,,0,,,,,,,,,,,0,0,0,,1,fluorescent,,,,,,,,,,ffff00,,,,,33,,0,8,0,,1,,,,,,,,,,0,,0,2,0,,0,,,
37,洞窟通道刷新,,,,,,air,,,,,,,1,0,0,2,0,0,1,,,,1,0,1,0,,0,,,,,,,,,,,0,0,0,,1,fluorescent,,,,,,,,,,ffff00,,,,,33,,0,8,0,,1,,,,,,,,,,0,,0,2,0,,0,,,
38,洞窟大洞刷新,,,,,,air,,,,,,,1,0,0,2,0,0,1,,,,1,0,1,0,,0,,,,,,,,,,,0,0,0,,1,fluorescent,,,,,,,,,,ffff00,,,,,33,,0,8,0,,1,,,,,,,,,,0,,0,2,0,,0,,,
39,洞窟小洞刷新,,,,,,air,,,,,,,1,0,0,2,0,0,1,,,,1,0,1,0,,0,,,,,,,,,,,0,0,0,,1,fluorescent,,,,,,,,,,ffff00,,,,,33,,0,8,0,,1,,,,,,,,,,0,,0,2,0,,0,,,
40,虚空晶块,,,,,,basic,1,4,4,,,,1,1,1,0,0,0,,,,1,40,13,1,1,5,1,,40,10000,0,0,40,10000,,,,1,15,8,,1,void_block,,,blocks.stone,blockd.stone,,40,2,1,,81c9fb,,,,,,,1,15,15,,6,,,10,,,,,,,0,a5799f,255,0,1,,24,,1,2
41,静态星辉水,,StaticStarWater,StaticStarWater,,,stillfluidwater,,2,2,,,,0,2,0,1,2,0,1,,,,10,-1,1,0,,0,,0,0,0,0,0,0,,,,0,1,0,,1,starwater_still,,,,,env.splash,0,0,,,0e7bc0,,,,,2,,0,8,15,,1,,,,,,,,,,0,,17,1,1,,0,,,
42,动态星辉水,,StarWater,StarWater,,,flowfluidwater,,2,2,,,,0,2,0,1,2,0,1,,,,10,-1,1,0,,0,,0,0,0,0,0,0,,,,0,1,0,,1,starwater_flow,,,,,env.splash,0,0,,,,,,,,2,,0,15,15,,1,,,,,,,,,,0,,17,1,1,,0,,,
43,蘑古沙,,MoguSand,MoguSand,,,solidsand,1,3,3,,1,,1,1,2,0,0,0,,,,1,7,3,1,,,,,43,10000,0,0,43,10000,,,,1,15,0,,1,mogusand,,,blocks.sand,blockd.sand,,43,3,1,,efd974,,,,,,,1,15,15,,6,,,2,,,,,,,0,,255,0,1,,0.2,,,
99,混凝土,,GrassBlock,GrassBlock,,,basic,1,3,3,,1,,1,1,1,0,0,0,,,,1,7,3.5,1,0,,0,,99,10000,0,0,99,10000,,,,1,15,0,,1,CityGround,,,blocks.grass,blockd.grass,,99,3,1,,776d63,,,,,1,,1,15,15,,6,,,,,,,,,,0,,255,0,1,,0.2,,1,
100,长草土块,,GrassBlock,GrassBlock,,,grass,1,3,3,,1,,1,1,1,0,0,0,,,,1,7,2.5,1,0,,0,,100,10000,0,0,100,10000,,,,1,15,0,,1,grass,,,blocks.grass,blockd.grass,,100,3,1,,a7c738,,,,,,,1,15,15,,6,,,,,,,,,,0,,255,0,1,,0.2,,1,
101,土块,,Soil,Soil,,,soil,1,3,3,,1,,1,1,1,0,0,0,,,,1,7,2.5,1,0,,0,,101,10000,0,0,101,10000,,,,1,15,0,,1,dirt,,,blocks.gravel,blockd.gravel,,101,3,1,,967331,,,,,,,1,15,15,,6,,,,,,,,,,0,,255,0,1,,0.2,,1,
102,耕地,,Arableland,Arableland,,,farmland,1,3,3,,,,1,1,1,0,0,0,,,,,7,2.5,1,0,,0,,101,10000,0,0,101,10000,,,,2,15,0,,1,arableland,dirt,,blocks.grass,blockd.grass,,102,3,1,,6c5a1a,,,,,,101,1,15,15,,6,,,,,,,,,,0,,255,0,1,,0,,1,
103,土坑,,Buryland,Buryland,,,buryland,1,3,3, ,,,1,1,1,0,0,0,,,,,7,2.5,1,0,,0,,101,10000,0,0,101,10000,,,,2,15,0,,1,buryland,dirt,,blocks.grass,blockd.grass,,103,3,1,,6c5a1a,,,,,,101,1,15,15,,6,,,,,,,,,,0,,255,0,1,,0,,1,
104,岩石,,Stone,Stone,,,basic,1,3,3,,1,,1,1,1,0,0,0,,,,1,50,6,1,0,,0,,104,10000,0,0,104,10000,,,,1,15,0,,1,stone,,,blocks.stone,blockd.stone,,104,2,1,,a6a899,,,,,,,1,15,15,,6,,,3,,,,,,,0,,255,0,1,,0.2,,1,
105,青石,,MossRock,MossRock,,,basic,1,4,4,,,,1,1,1,0,0,0,,,,1,50,8,1,0,,0,,105,10000,0,0,105,10000,,,,1,15,0,,1,moss_rock,,,blocks.stone,blockd.stone,,105,2,1,,bdbfae,,,,,,,1,15,15,,6,,,3,,,,,,,0,,255,0,1,,0.2,,1,
106,黄沙,,Sand,Sand,,,sand,,,,,,,1,1,2,0,1,0,,,,1,7,2,1,0,,0,,29,10000,0,0,29,10000,,,,1,15,0,,1,sand,,,blocks.sand,blockd.sand,,29,3,1,,efd974,,,,,,29,1,15,15,,6,,,,,,,,,,0,,255,0,1,,0,,,
107,碎石堆,,Gravel,Gravel,,,gravel,1,3,3,,,,1,1,1,0,1,0,,,,1,10,6,1,0,,0,,107,10000,,,107,10000,,,,1,15,0,,1,gravel,,,blocks.gravel,blockd.gravel,,107,3,1,,f1c95a,,,,,,,1,15,15,,6,,,2,,,,,,,0,,255,0,1,,0.2,,1,
108,素纹黄砖,,Sandstone,Sandstone,,,log,1,4,4,,1,,1,1,1,0,0,0,,,,1,20,5,1,0,,0,,108,10000,0,0,108,10000,,,,1,15,0,,1,sandstone,sandstone_normal,,blocks.stone,blockd.stone,,108,2,1,,ecc47c,,,,,,,1,15,15,,6,,,3,,,,,,,0,,255,0,1,,0.2,,1,
109,砂土,,SandySoil,SandySoil,,,basic,1,4,4,,,,1,1,2,0,0,0,,,,1,8,4,1,0,,0,,109,10000,0,0,109,10000,,,,1,15,0,,1,sandstone_top,,,blocks.gravel,blockd.gravel,,109,2,1,,c79d59,,,,,,,1,15,15,,6,,,3,,,,,,,0,,255,0,1,,0.2,,1,
110,散落的石块,,ScatteredStone,ScatteredStone,,,clitter,1,3,3,,1,,1,1,1,0,0,0,,,,1,4,0,1,0,,0,,11627,15000,0,0,11627,15000,,,,2,1,0,,1,scatteredstone,scatteredstone,,blocks.stone,blockd.stone,,110,0,1,,a6a899,,,,,,104,0,15,15,,1,,,1,2,,,,,,0,,17,0,1,,0,,,
111,游戏版本过低,,,,,,basic,,,,,,,1,1,1,2,0,0,,,,,,,1,0,,0,,,,,,,,,,,,,,,1,,,,,,,,,,,,,,,,33,,1,15,15,,1,,,,,,,,,,0,,0,2,1,,0,,,
112,黑晶石,,BlackCrystal,BlackCrystal,,,basic,1,3,3,,1,,1,1,1,2,0,0,,,,1,500,200,1,0,,0,,112,10000,0,0,0,0,,,,1,15,0,,1,blackcrystal,,,blocks.stone,blockd.stone,,112,2,5,,3d2168,,,,,,,1,15,15,,6,,,10,,,,,,,0,,255,0,1,,0.5,,1,
113,脆冰,,FloatingIce,FloatingIce,,,basic,,,,,,,1,1,1,0,0,1,,,,1,10,5,1,0,,0,,0,0,0,0,0,0,,,,2,3,0,,1,ice,,,blocks.stone,blockd.stone,,113,2,1,,8dd1ff,,,,,,,1,15,15,,6,,,2,,,,,,,0,,51,0,1,,0.2,,1,
114,淤泥,,Silt,Silt,,,basic,1,3,3,,,,1,1,1,0,0,0,,,,1,8,4,1,0,,0,,114,10000,0,0,114,10000,,,,2,15,0,,1,silt,,,blocks.stone,blockd.stone,,114,3,1,,87999e,,,,,,,1,15,15,,6,,,2,,,,,,,0,,255,0,1,,0.2,,1,
115,松软的雪,,Snow,Snow,,,snow,1,3,3,,,,1,0,0,0,3,0,1,,,,3,1.5,1,0,,0,,115,10000,0,0,0,0,,,,2,2,0,,1,snow,,,blocks.snow,blockd.snow,,115,3,1,,d4f4f5,,,,,,,0,15,15,,1,,,1,,1,,,,,0,,34,0,1,,0.2,,1,
116,萌眼星石块,,HorasRock,HorasRock,,,basic,1,3,3,,,,1,1,1,0,0,0,,,,1,500,15,1,0,,0,,116,10000,0,0,116,10000,,,,1,15,0,,1,cosmic_rock_block,,,blocks.stone,blockd.stone,,116,2,1,,C0C0C0,,,,,,,1,15,15,,6,,,3,,,,,,,0,,255,0,1,,0.2,,1,
117,萌眼星草块,,Horasgrass,Horasgrass,,,grass,1,3,3,,1,,1,1,1,0,0,0,,,,1,10,5,1,0,,0,,117,10000,0,0,117,10000,,,,1,15,0,,1,cosmicgrass,,,blocks.grass,blockd.grass,,117,3,1,,b665e5,,,,,,,1,15,15,,6,,,,,,,,,,0,,255,0,1,,0.2,,1,
118,萌眼星云团,,Horascloud,Horascloud,,,aliencloud,1,3,3,,,,1,1,1,0,0,0,1,,,1,10,0,1,0,,0,,0,0,0,0,0,0,,,,0,15,0,,1,cosmiccloud,,,blocks.snow,blockd.snow,,118,0,1,,F8F8FF,,,,,,,1,15,15,,6,,,,,,,,,,0,,255,0,1,,0.2,,,
119,旱土,,Drysoil,Drysoil,,,basic,1,3,3,,,,1,1,1,0,0,0,,,,1,10,5,1,0,,0,,101,10000,0,0,0,0,,,,1,15,0,,1,drysoil,,,blocks.stone,blockd.stone,,119,2,1,,DAA520,,,,,,,1,15,15,,6,,,1,,,,,,,0,,255,0,1,,0.2,,1,
120,冻土,,FreezeSoil,FreezeSoil,,,soil,1,3,3,,1,,1,1,1,0,0,0,,,,1,10,5,1,0,,0,,120,10000,0,0,120,10000,,,,1,15,0,,1,freezesoil,,,blocks.gravel,blockd.gravel,,120,3,1,,5E789A,,,,,,,1,15,15,,6,,,,,,,,,,0,,255,0,1,,0.2,,1,
121,冻土坑,,FreezePit,FreezePit,,,buryland,1,3,3,,,,1,1,1,0,0,0,,,,,10,5,1,0,,0,,120,10000,0,0,120,10000,,,,2,15,0,,1,freezeburyland,freezesoil,,blocks.grass,blockd.grass,,120,3,1,,6c5a1a,,,,,,120,1,15,15,,6,,,,,,,,,,0,,255,0,1,,0,,1,
122,厚实的雪,,SnowBlock,SnowBlock,,,snowdrift,1,3,3,,1,,1,1,1,0,0,0,,,,1,3,1.5,1,0,,0,,122,10000,0,0,0,0,,,,2,2,0,,1,snow,,,blocks.snow,blockd.snow,,122,3,1,,d4f4f5,,,,,,,1,15,15,-3,6,,,,,,,,,,0,,34,0,1,,0.2,,1,
123,自然冰,,Ice,Ice,,,ice,1,3,3,,1,,1,1,1,0,0,0,,,,1,10,5,1.6,0,,0,,123,10000,0,0,0,0,,,,2,3,0,,1,ice,,,blocks.stone,blockd.stone,,123,2,1,,5bc0ee,,,,,,,1,15,15,-3,6,,,1,,,,,,,0,,51,0,1,,0.2,,1,
124,硫黄岩,,SulphurRock,SulphurRock,,,sulphurrock,1,3,3,,1,,1,1,1,0,0,0,,,,1,25,5,1,0,,0,,124,10000,0,0,124,10000,,,,2,15,0,,1,sulfur_stone,,,blocks.stone,blockd.stone,,124,2,1,,4f251e,,,,,,,1,15,15,,6,,,1,,,,,,,0,,255,0,1,,0.2,,,2
125,灼沙,,HotSand,HotSand,,,basic,1,3,3,,,,1,1,1,0,0,0,,,,1,7,3,1.6,0,,0,,125,10000,0,0,125,10000,,,,2,15,4,,1,flame_sand,,,blocks.sand,blockd.sand,,125,3,1,,773d3f,,,,,,,1,15,15,,6,,,,,,,,,,0,e9bf3f,255,0,1,,0.5,,1,2
126,魔古岩,,MoguRock,MoguRock,,,basic,1,4,4,,,,1,1,1,0,0,2,,,,1,500,15,1,0,,0,,126,10000,0,0,126,10000,,,,2,15,0,,1,mogu_stone,,,blocks.stone,blockd.stone,,126,2,5,,413250,,,,,,,1,15,15,,6,,,10,,,,,,,0,,255,0,1,,1,,1,2
127,泡沫块,,Sponge,Sponge,,,basic,1,4,4,,,,1,1,1,0,0,0,,,,1,10,4,1,0,,0,,127,10000,0,0,127,10000,,,,2,15,0,,1,sponge,,,blocks.cloth,blockd.cloth,,127,0,1,,dab15c,,,,,,,1,15,15,,6,,,,,,,,,,0,,255,0,1,,0.5,,1,
128,红沙,,Redsand,Redsand,,,solidsand,1,4,4,,,,1,1,1,0,1,0,,,,1,7,3,1,0,,0,,128,10000,0,0,128,10000,,,,1,15,0,,1,red_sand,,,blocks.sand,blockd.sand,,128,3,1,,86362d,,,,,,,1,15,15,,6,,,,,,,,,,0,,255,0,1,,0.5,,1,
129,厚实的雪,,ThickSnow,ThickSnow,,,snowobj,,,,,,,1,0,0,0,3,0,1,,,1,3,1.5,1,0,,0,,129,160000,0,0,0,0,,,,2,2,0,,1,snow_m,snow,,blocks.snow,blockd.snow,,122,3,1,,d4f4f5,,,,,,,0,15,15,,6,,,,,,,,,,0,,34,0,1,,0.2,,,
130,厚实的雪堆,,ThickSnowBlock,ThickSnowBlock,,,basic,,,,,,,1,1,1,0,0,0,,,,1,3,1.5,1,0,,0,,129,160000,0,0,0,0,,,,2,2,0,,1,snow,,,blocks.snow,blockd.snow,,122,3,1,,d4f4f5,,,,,,,1,15,15,,6,,,,,,,,,,0,,34,0,1,,0.2,,1,
131,坚固的冰,,HardIce,HardIce,,,basic,,,,,,,1,1,1,2,0,0,,,,1,-1,-1,1,0,,0,,0,0,0,0,0,3,,,,1,15,4,,1,eternal_ice,,,blocks.stone,blockd.stone,,0,0,,,5bc0ee,,,,,,,1,15,15,,6,,,,,,,,,,0,c6d6dc,255,0,1,,0.2,,,2
132,硫黄晶砂,,SulfurCrystalSand,SulfurCrystalSand,,,crystalemitter,1,4,4,,,,1,1,1,2,0,2,,,,1,100,30,1,0,,0,,132,10000,0,0,0,0,,,,1,15,15,,1,hotcrystal,,,blocks.sand,blocks.sand,,132,3,7,,4f251e,,,,,4,,1,15,0,8,6,,,,,,,,,,2,e9bf3f,255,0,1,,4,,1,2
133,空的蜂巢,,EmptyHoneycomb,EmptyHoneycomb,,,hiveempty,1,4,4,23418,,,1,1,1,0,0,0,,,,1,10,4,1,0,,0,,12504,10000,0,0,12504,10000,,,,2,15,0,,1,hive_empty,,,blocks.cloth,blockd.cloth,,133,1,1,,dab15c,,,1,bee.ent,,,1,15,15,,1,,,2,,,,,,,0,,255,0,1,,0.5,,1,
134,满的蜂巢,,FullHoneycomb,FullHoneycomb,,,hivefull,1,4,4,43418,,,1,1,1,0,0,0,,,,1,10,4,1,0,,0,,12504,10000,12504,10000,12504,10000,,,,2,15,0,,1,hive_full,,,blocks.cloth,blockd.cloth,,134,1,1,,dab15c,,,1,,,,1,15,15,,1,,,2,,,,,,,0,,255,0,1,,0.5,,1,
135,神秘图腾-大地,,Horastotem-Earth,Horastotem-Earth,,,basic_model,1,4,,,,,1,1,1,2,0,0,,,,,500,50,1,0,,0,,135,10000,0,0,135,10000,,,,1,1,10,,1,alientotem1,alientotem1,,blockd.wood,blockd.wood,,135,2,1,,C0C0C0,,,,,4,,1,15,15,,6,,,20,,,,,,,1,6e8888,17,2,1,,1,26,1,
136,神秘图腾-天空,,Horastotem-Sky,Horastotem-Sky,,,basic_model,1,4,,,,,1,1,1,2,0,0,,,,,500,50,1,0,,0,,136,10000,0,0,136,10000,,,,1,1,10,,1,alientotem2,alientotem2,,blockd.wood,blockd.wood,,136,2,1,,C0C0C0,,,,,4,,1,15,15,,6,,,20,,,,,,,1,6e8888,17,2,1,,1,26,1,
137,萌眼星土坑,,Horaspit,Horaspit,,,cosmicburyland,1,4,4,,,,1,1,1,0,0,0,,,,,7,3.5,1,0,,0,,117,10000,0,0,117,10000,,,,2,15,0,,1,cosmicburyland,cosmic_rock_block,,blocks.grass,blockd.grass,,117,3,1,,6c5a1a,,,,,,117,1,15,15,,6,,,,,,,,,,0,,255,0,1,,0,,1,
138,污染方块,,ToxicBlock,ToxicBlock,,,pollution,1,4,4,,,,1,1,1,2,0,0,,,,,-1,-1,1.6,0,,0,,1,10000,0,0,0,0,,,,1,15,0,,1,battlegroundblock,,,blocks.stone,blockd.stone,,0,0,,,3d3c59,,,,,33,,1,15,15,,6,,,,,,,,,,0,,255,2,0,,0,,,
139,BOSS战使用方块,,BossFightUtilityBlock,BossFightUtilityBlock,,,giantbattletotem,,,,,,,1,1,1,2,0,0,,,,,500,50,1,0,,0,,0,10000,0,0,0,0,,,,1,1,10,,1,alientotem1,alientotem1,,blockd.wood,blockd.wood,,0,2,1,,C0C0C0,,,,,33,,1,15,15,,6,,,20,,,,,,,0,,17,2,0,,0,26,,
140,生命石座,,LifeStone,LifeStone,,,keypedestal,1,3,,,,,1,1,1,2,0,1,,,,,50,25,1,0,,0,,143,10000,0,0,143,10000,,,,2,15,0,1,1,volcanoaltar_earth_on,volcanoaltar,,blocks.stone,blockd.stone,,143,2,1,,6B5152,,,,,33,,1,,15,,6,,,20,,,,,,,1,,255,2,0,volcanoaltar_mix,0,26,,2
141,勇气石座,,CourageStone,CourageStone,,,keypedestal,1,3,,,,,1,1,1,2,0,1,,,,,50,25,1,0,,0,,143,10000,0,0,143,10000,,,,2,15,0,1,1,volcanoaltar_flame_on,volcanoaltar,,blocks.stone,blockd.stone,,143,2,1,,6B5152,,,,,33,,1,,15,,6,,,20,,,,,,,1,,255,2,0,volcanoaltar_mix,0,26,,2
142,智慧石座,,WisdomStone,WisdomStone,,,keypedestal,1,3,,,,,1,1,1,2,0,1,,,,,50,25,1,0,,0,,143,10000,0,0,143,10000,,,,2,15,0,1,1,volcanoaltar_horas_on,volcanoaltar,,blocks.stone,blockd.stone,,143,2,1,,6B5152,,,,,33,,1,,15,,6,,,20,,,,,,,1,,255,2,0,volcanoaltar_mix,0,26,,2
143,破损石座,,BrokenAltar,BrokenAltar,,,keypedestal,1,3,,,,,1,1,1,2,0,1,,,,,50,25,1,0,,0,,143,10000,0,0,143,10000,,,,2,15,0,1,1,volcanoaltar_damaged,volcanoaltar,,blocks.stone,blockd.stone,,143,2,1,,6B5152,,,,,33,,1,,15,,6,,,20,,,,,,,1,,255,2,0,volcanoaltar_mix,0,,,
144,红薇蝶玻璃瓶,,CrimsonButterflyBottle,CrimsonButterflyBottle,,,glassbottle,1,4,,3885,,,1,1,1,0,0,0,,,,,3,0,1,0,,0,,0,0,0,0,0,0,,,,2,1,8,,1,glassjar,glassjar,,blocks.stone,blockd.glass,blockd.stone,144,2,1,,ffffff,1,,1,item_749.ent,,,0,8,0,,1,,,1,3,,,,,,0,,17,0,1,,0.2,,,2
145,兰青蝶玻璃瓶,,CyanButterflyBottle,CyanButterflyBottle,,,glassbottle,1,4,,3886,,,1,1,1,0,0,0,,,,,3,0,1,0,,0,,0,0,0,0,0,0,,,,2,1,8,,1,glassjar,glassjar,,blocks.stone,blockd.glass,blockd.stone,145,2,1,,ffffff,1,,1,item_749.ent,,,0,8,0,,1,,,1,3,,,,,,0,,17,0,1,,0.2,,,2
146,香粉蝶玻璃瓶,,FragrantButterflyBottle,FragrantButterflyBottle,,,glassbottle,1,4,,3887,,,1,1,1,0,0,0,,,,,3,0,1,0,,0,,0,0,0,0,0,0,,,,2,1,8,,1,glassjar,glassjar,,blocks.stone,blockd.glass,blockd.stone,146,2,1,,ffffff,1,,1,item_749.ent,,,0,8,0,,1,,,1,3,,,,,,0,,17,0,1,,0.2,,,2
147,白香蝶玻璃瓶,,SunButterflyBottle,SunButterflyBottle,,,glassbottle,1,4,,3888,,,1,1,1,0,0,0,,,,,3,0,1,0,,0,,0,0,0,0,0,0,,,,2,1,8,,1,glassjar,glassjar,,blocks.stone,blockd.glass,blockd.stone,147,2,1,,ffffff,1,,1,item_749.ent,,,0,8,0,,1,,,1,3,,,,,,0,,17,0,1,,0.2,,,2
148,龙信蝶玻璃瓶,,DragonkinButterflyBottle,DragonkinButterflyBottle,,,glassbottle,1,4,,3889,,,1,1,1,0,0,0,,,,,3,0,1,0,,0,,0,0,0,0,0,0,,,,2,1,8,,1,glassjar,glassjar,,blocks.stone,blockd.glass,blockd.stone,148,2,1,,ffffff,1,,1,item_749.ent,,,0,8,0,,1,,,1,3,,,,,,0,,17,0,1,,0.2,,,2
149,舌钟蝶玻璃瓶,,ShezhongButterflyBottle,ShezhongButterflyBottle,,,glassbottle,1,4,,3890,,,1,1,1,0,0,0,,,,,3,0,1,0,,0,,0,0,0,0,0,0,,,,2,1,8,,1,glassjar,glassjar,,blocks.stone,blockd.glass,blockd.stone,149,2,1,,ffffff,1,,1,item_749.ent,,,0,8,0,,1,,,1,3,,,,,,0,,17,0,1,,0.2,,,2
150,红土耕地,,RedArableland,RedArableland,,,farmland,1,3,3,,,,1,1,1,0,0,0,,,,,7,3.5,1,0,,0,,233,10000,0,0,233,10000,,,,2,15,0,,1,redarableland,redsoil_top,,blocks.grass,blockd.grass,,150,3,1,,e16137,,,,,,233,1,15,15,,6,,,,,,,,,,0,,255,0,1,,0,,1,
151,红土土坑,,RedBuryland,RedBuryland,,,buryland,1,3,3,,,,1,1,1,0,0,0,,,,,7,3.5,1,0,,0,,233,10000,0,0,233,10000,,,,2,15,0,,1,redburyland,redsoil_top,,blocks.grass,blockd.grass,,151,3,1,,e16137,,,,,,233,1,15,15,,6,,,,,,,,,,0,,255,0,1,,0,,1,
152,星球岩竖薄板,,HorasRockUprightLamina,HorasRockUprightLamina,,,varyverticalslab,3,4,4,,,,1,1,3,0,0,2,,,,,500,15,1,0,,0,,152,10000,0,0,152,10000,,,,2,15,0,,1,Planetstonebrick,,,blocks.stone,blocks.stone,blocks.stone,152,2,1,,C0C0C0,,,,,4,,2,15,15,,1,,,10,,,,,,,1,,255,0,1,,0.2,,,
153,竹板竖薄板,,BambooUprightLamina,BambooUprightLamina,,,varyverticalslab,3,4,4,,,,1,1,3,0,0,2,,,,,25,6,1,2,20,2,,153,10000,0,0,153,10000,,,,2,15,0,,1,planks_bamboo,,,blocks.wood,blockd.wood,blockd.wood,153,1,1,,c1a661,,,,,4,,2,15,15,,1,,,1,,,,,,,1,,255,0,1,,0.2,,,
154,胭脂红竖薄板,,CarmineUprightLamina,CarmineUprightLamina,,,varyverticalslab,3,4,4,,,,1,1,3,0,0,2,,,,,25,6,1,2,100,2,,154,10000,0,0,154,10000,,,,2,15,0,,1,planks_peachblossom,,,blocks.wood,blockd.wood,blockd.wood,154,1,1,,7c6037,,,,,4,,2,15,15,,1,,,1,,,,,,,1,,255,0,1,,0.2,,,
155,水泥砖竖薄板,,CementBrickUprightLamina,CementBrickUprightLamina,,,varyverticalslab,3,4,4,,,,1,1,3,0,0,2,,,,,70,12,1,0,,0,,155,10000,0,0,155,10000,,,,2,15,0,,1,brick,,,blocks.stone,blockd.stone,blockd.stone,155,2,1,,8d5845,,,,,4,,2,15,15,,1,,,10,,,,,,,1,,255,0,1,,0.2,,,
156,硫黄砖竖薄板,,SulfurBrickUprightLamina,SulfurBrickUprightLamina,,,varyverticalslab,3,4,4,,,,1,1,3,0,0,2,,,,,40,12,1,0,,0,,156,10000,0,0,156,10000,,,,2,15,0,,1,sulfur_brick,,,blocks.stone,blockd.stone,blockd.stone,156,2,1,,8e452a,,,,,4,,2,15,15,,1,,,10,,,,,,,1,,255,0,1,,0.2,,,
157,石质竖薄板,,StoneUprightLamina,StoneUprightLamina,,,varyverticalslab,3,4,4,,,,1,1,3,0,0,2,,,,,50,12,1,0,,0,,157,10000,0,0,157,10000,,,,2,15,0,,1,rock,,,blocks.stone,blockd.stone,blockd.stone,157,2,1,,939188,,,,,4,,2,15,15,,1,,,10,,,,,,,1,,255,0,1,,0.2,,,
158,精制石竖薄板,,FineBrickUprightLamina,FineBrickUprightLamina,,,varyverticalslab,3,4,4,,,,1,1,3,0,0,2,,,,,75,12,1,0,,0,,158,10000,0,0,158,10000,,,,2,15,0,,1,stonebrick,,,blocks.stone,blockd.stone,blockd.stone,158,2,1,,84887e,,,,,4,,2,15,15,,1,,,10,,,,,,,1,,255,0,1,,0.2,,,
159,钛合金竖薄板,,TitaniumUprightLamina,TitaniumUprightLamina,,,varyverticalslab,3,4,4,,,,1,1,3,0,0,2,,,,,200,60,1,0,,0,,159,10000,0,0,159,10000,,,,1,15,0,,1,titanium_block,,,blocks.stone,blockd.stone,blockd.stone,159,2,1,,81c9fb,,,,,4,,2,15,15,,1,,,20,,,,,,,1,,255,0,1,,3,26,,
160,黄铜竖薄板,,BrassUprightLamina,BrassUprightLamina,,,varyverticalslab,3,4,4,,,,1,1,3,0,0,2,,,,,200,40,1,0,,0,,160,10000,0,0,160,10000,,,,1,15,0,,1,brass_block,,,blocks.stone,blockd.stone,blockd.stone,160,2,1,,81c9fb,,,,,4,,2,15,15,,1,,,10,,,,,,,1,,255,0,1,,1,26,,
161,云母竖薄板,,MicaUprightLamina,MicaUprightLamina,,,varyverticalslab,3,4,4,,,,1,1,3,0,0,2,,,,,40,16,1,0,,0,,161,10000,0,0,161,10000,,,,1,15,0,,1,silica_block,,,blocks.stone,blockd.stone,blockd.stone,161,2,1,,b7bcb7,,,,,4,,2,15,15,,1,,,10,,,,,,,1,,255,0,1,,0.2,,,
162,铁制竖薄板,,MithrilUprightLamina,MithrilUprightLamina,,,varyverticalslab,3,4,4,,,,1,1,3,0,0,2,,,,,50,12,1,0,,0,,162,10000,0,0,162,10000,,,,2,15,0,,1,mithsilver_block,,,blocks.stone,blockd.stone,blockd.stone,162,2,1,,5d605d,,,,,4,,2,15,15,,1,,,10,,,,,,,1,,255,0,1,,1.5,26,,
163,炽炎竖薄板,,FlamoUprightLamina,FlamoUprightLamina,,,varyverticalslab,3,4,4,,,,1,1,3,0,0,2,,,,,50,12,1,0,,0,,163,10000,0,0,163,10000,,,,2,15,4,,1,flamecrystal_block,,,blocks.stone,blockd.stone,blockd.stone,163,2,1,,fac117,,,,,4,,2,15,15,,1,,,10,,,,,,,1,f8c100,255,0,1,,1,,,2
164,柠檬黄竖薄板,,CitrineUprightLamina,CitrineUprightLamina,,,varyverticalslab,3,4,4,,,,1,1,3,0,0,2,,,,,50,12,1,2,20,2,,164,10000,0,0,164,10000,,,,2,15,0,,1,planks_arbor,,,blocks.wood,blocks.wood,blocks.wood,164,1,1,,c1a661,,,,,4,,2,15,15,,1,,,10,,,,,,,1,,255,0,1,,0.2,,,
165,苍石灰竖薄板,,CinerousUprightLamina,CinerousUprightLamina,,,varyverticalslab,3,4,4,,,,1,1,3,0,0,2,,,,,35,10.5,1,0,,0,,165,10000,0,0,165,10000,,,,2,15,0,1,1,planks_leafless,,,blocks.wood,blockd.wood,blockd.wood,165,1,1,,7c6037,,,,,4,,2,15,15,,1,,,10,,,,,,,1,,255,0,1,,0.2,,,
166,深栗红竖薄板,,CrimsonUprightLamina,CrimsonUprightLamina,,,varyverticalslab,3,4,4,,,,1,1,3,0,0,2,,,,,35,8,1,1,20,2,,166,10000,0,0,166,10000,,,,2,15,0,,1,planks_walnut,,,blocks.wood,blockd.wood,blockd.wood,166,1,1,,452f20,,,,,4,,2,15,15,,1,,,1,,,,,,,1,,255,0,1,,0.2,,,
167,落日橙竖薄板,,SunsetOrangeUprightLamina,SunsetOrangeUprightLamina,,,varyverticalslab,3,4,4,,,,1,1,3,0,0,2,,,,,35,8,1,1,20,1,,167,10000,0,0,167,10000,,,,2,15,0,,1,planks_phoebe,,,blocks.wood,blockd.wood,blockd.wood,167,1,1,,be8254,,,,,4,,2,15,15,,1,,,1,,,,,,,1,,255,0,1,,0.2,,,
168,海棠红竖薄板,,BegoniaRedUprightLamina,BegoniaRedUprightLamina,,,varyverticalslab,3,4,4,,,,1,1,3,0,0,2,,,,,35,8,1,1,20,1,,168,10000,0,0,168,10000,,,,2,15,0,,1,planks_redwood,,,blocks.wood,blockd.wood,blockd.wood,168,1,1,,644b2b,,,,,4,,2,15,15,,1,,,1,,,,,,,1,,255,0,1,,0.2,,,
169,象牙白竖薄板,,IvoryUprightLamina,IvoryUprightLamina,,,varyverticalslab,3,4,4,,,,1,1,3,0,0,2,,,,,32,7,1,2,5,1,,169,10000,0,0,169,10000,,,,2,15,0,,1,planks_birch,,,blocks.wood,blockd.wood,blockd.wood,169,1,1,,dfdbc2,,,,,4,,2,15,15,,1,,,1,,,,,,,1,,255,0,1,,0.2,,,
170,秋叶橙竖薄板,,DarkOrangeUprightLamina,DarkOrangeUprightLamina,,,varyverticalslab,3,4,4,,,,1,1,3,0,0,2,,,,,35,9,1,1,20,2,,170,10000,0,0,170,10000,,,,2,15,0,,1,planks_cathaya,,,blocks.wood,blockd.wood,blockd.wood,170,1,1,,865d39,,,,,4,,2,15,15,,1,,,1,,,,,,,1,,255,0,1,,0.2,,,
171,竖薄板,,UprightLamina,UprightLamina,,,varyverticalslab,3,4,4,,,,1,1,3,0,0,2,,,,,25,6,1,2,20,2,,171,10000,0,0,171,10000,,,,2,15,0,,1,planks_fruittree,,,blocks.wood,blockd.wood,blockd.wood,171,1,1,,c1a661,,,,,4,,2,15,15,,1,,,1,,,,,,,1,,255,0,1,,0.2,,,
172,黄砖竖薄板,,YellowBrickUprightLamina,YellowBrickUprightLamina,,,varyverticalslab,3,4,4,,,,1,1,3,0,0,2,,,,,50,12,1,0,,0,,172,10000,0,0,172,10000,,,,2,15,0,,1,sandstone,sandstone_normal,,blocks.stone,blockd.stone,blockd.stone,172,2,1,,84887e,,,,,4,,2,15,15,,1,,,10,,,,,,,1,,255,0,1,,0.2,,,
173,锰块竖薄板,,MnBlockUprightLamina,MnBlockUprightLamina,,,varyverticalslab,3,4,4,,,,1,1,3,0,0,2,,,,,50,40,1,0,,0,,173,10000,0,0,173,10000,,,,1,15,0,,1,manganese_block,,,blocks.stone,blockd.stone,blockd.stone,173,2,1,,A58F78,,,,,4,,2,15,15,,1,,,10,,,,,,,1,,255,0,1,,0.2,26,,
174,浅苍灰竖薄板,,HoaryUprightLamina,HoaryUprightLamina,,,varyverticalslab,3,4,4,,,,1,1,3,0,0,2,,,,,25,6,1,2,100,2,,174,10000,0,0,174,10000,,,,2,15,0,,1,planks_coconut,,,blocks.wood,blockd.wood,blockd.wood,174,1,1,,7c6037,,,,,4,,2,15,15,,1,,,1,,,,,,,1,,255,0,1,,0.2,,,
175,铝矿,,AluminiumOre,AluminiumOre,,,minestonediffmtl,1,3,3,,,,1,1,1,0,0,0,,,,1,50,20,1,0,,0,,175,10000,0,0,175,0,,,,1,15,0,1,1,aluminum,aluminum,,blocks.stone,blockd.stone,,175,2,3,,6c4729,,,,,,,1,15,15,,6,,,15,4,,,,,block_knock_line,0,,255,0,1,,8,,1,2
176,锂矿,,LithiumOre,LithiumOre,,,minestone,1,3,3,,,,1,1,1,0,0,0,,,,1,50,25,1,0,,0,,176,10000,0,0,176,0,,,,1,15,0,1,1,lithium,lithium1,,blocks.stone,blockd.stone,,176,2,3,,6c4729,,,,,,,1,15,15,,6,,,15,4,,,,,block_knock_line,0,,255,0,1,,16,,1,2
177,钴矿,,CobaltOre,CobaltOre,,,minestone,1,3,3,,,,1,1,1,0,0,0,,,,1,50,40,1,0,,0,,177,10000,0,0,177,0,,,,1,15,0,1,1,cobalt,cobalt1,,blocks.stone,blockd.stone,,177,2,5,,6c4729,,,,,,,1,15,15,,6,,,15,4,,,,,block_knock_line,0,,255,0,1,,16,,1,2
178,铝块,,AluminumBlock,AluminumBlock,,,basic,1,4,4,,,,1,1,1,0,0,0,,,,1,200,20,1,0,,0,,178,10000,0,0,178,10000,,,,1,15,0,1,1,aluminium_block,,,blocks.stone,blockd.stone,,178,2,1,,1e1c1c,,,,,,,1,15,15,,1,,,20,,,,,,,0,,255,0,1,,48,26,1,
179,锂块,,LithiumBlock,LithiumBlock,,,basic,1,4,4,,,,1,1,1,0,0,0,,,,1,200,25,1,0,,0,,179,10000,0,0,179,10000,,,,1,15,0,1,1,lithium_block,,,blocks.stone,blockd.stone,,179,2,1,,1e1c1c,,,,,,,1,15,15,,1,,,20,,,,,,,0,,255,0,1,,96,,1,
180,钴块,,CobaltBlock,CobaltBlock,,,giantstone,1,4,4,,,,1,1,1,0,0,0,,,,1,200,40,1,0,,0,,180,10000,0,0,180,10000,,,,1,15,0,1,1,cobalt_block,,,blocks.stone,blockd.stone,,180,2,1,,1e1c1c,,,,,,,1,15,15,,1,,,20,,,,,,,0,,255,0,1,,96,26,1,
181,钢桁架,,SteelTruss,SteelTruss,,,basic_model,1,4,4,,,,1,1,1,0,0,0,,,,1,100,20,1,0,,0,,181,10000,0,0,181,10000,,,,1,15,0,1,1,steeltruss,steeltruss,,blocks.stone,blockd.stone,,181,2,1,,cccccc,,,,,,,1,15,15,,1,,,15,,,,,,,0,,255,0,1,,2,26,1,
182,凝能晶小火炬,,CrystalTorch,CrystalTorch,,,torch,,,,,,,1,0,0,1,3,1,,,,,1,0,1,0,0,10,,182,10000,0,0,182,10000,,,,0,7,15,,1,crystal_torch,crystal_torch,,,blockd.wood,,182,0,1,,ffff15,,,1,,4,,0,15,0,4,1,,,,2,,,,,,2,d0f4f6 ,119,1,1,,0.2,,,
200,樱桃木,,CherryWood,CherryWood,,,objtree,1,1,1,,1,,1,1,1,0,0,0,,,,1,25,5.5,1,2,5,1,,11323,20000,0,0,11323,20000,,,,2,1,0,1,1,log_fruittree,tree,,blocks.wood,blockd.wood,,200,1,1,,7c6037,,,,,4,,1,15,15,,1,,,1,,,,,,,0,,17,0,1,,0.2,,1,
201,落叶松木,,Larch,Larch,,,objtree,1,1,1,,,,1,1,3,0,0,0,,,,1,35,6,1,1,5,1,,11323,20000,0,0,11323,20000,,,,2,1,0,1,1,log_cathaya,tree,,blocks.wood,blockd.wood,,201,1,1,,614b2c,,,,,4,,1,15,15,,1,,,1,,,,,,,0,,17,0,1,,0.2,,1,
202,白杨木,,Poplarwood,Poplarwood,,,objtree,1,1,1,,,,1,1,3,0,0,0,,,,1,32,6,1,2,5,1,,11323,20000,0,0,11323,20000,,,,2,1,0,1,1,log_birch,tree,,blocks.wood,blockd.wood,,202,1,1,,f4efe1,,,,,4,,1,15,15,,1,,,1,,,,,,,0,,17,0,1,,0.2,,1,
203,红杉木,,Redwood,Redwood,,,objtree,1,1,1,,,,1,1,3,0,0,0,,,,1,35,6,1,1,5,1,,11323,20000,0,0,11323,20000,,,,2,1,0,1,1,log_redwood,tree,,blocks.wood,blockd.wood,,203,1,1,,836b5b,,,,,4,,1,15,15,,1,,,1,,,,,,,0,,17,0,1,,0.2,,1,
204,楠木,,PhoebeWood,PhoebeWood,,,objtree,,,,,,,1,1,3,0,0,0,,,,1,35,7,1,1,5,1,,11323,20000,0,0,11323,20000,,,,2,1,0,1,1,log_phoebe,tree,,blocks.wood,blockd.wood,,204,1,1,,96894e,,,,,4,,1,15,15,,1,,,1,,,,,,,0,,17,0,1,,0.2,,1,
205,核桃木,,WalnutWood,WalnutWood,,,objtree,1,1,1,,,,1,1,3,0,0,0,,,,1,35,6.5,1,1,5,1,,11323,20000,0,0,11323,20000,,,,2,1,0,1,1,log_walnut,tree,,blocks.wood,blockd.wood,,205,1,1,,5a4029,,,,,4,,1,15,15,,1,,,1,,,,,,,0,,17,0,1,,0.2,,1,
206,木板,,WoodBoard,WoodBoard,,,basic,1,4,4,,1,,1,1,1,0,0,0,,,,1,25,6,1,2,20,2,,206,10000,0,0,206,10000,,,,2,15,0,,1,planks_fruittree,,,blocks.wood,blockd.wood,,206,1,1,,c1a661,,,,,,,1,15,15,,1,,,1,,,,,,,0,,255,0,1,,0.2,,1,
207,秋叶橙木板,,YellowOrangeBoard,YellowOrangeBoard,,,basic,1,4,4,,,,1,1,1,0,0,0,,,,1,35,8,1,1,20,2,,207,10000,0,0,207,10000,,,,2,15,0,,1,planks_cathaya,,,blocks.wood,blockd.wood,,207,1,1,,865d39,,,,,,,1,15,15,,1,,,1,,,,,,,0,,255,0,1,,0.2,,1,
208,象牙白木板,,WhiteBoard,WhiteBoard,,,basic,1,4,4,,,,1,1,1,0,0,0,,,,1,32,7,1,2,20,2,,208,10000,0,0,208,10000,,,,2,15,0,,1,planks_birch,,,blocks.wood,blockd.wood,,208,1,1,,dfdbc2,,,,,,,1,15,15,,1,,,1,,,,,,,0,,255,0,1,,0.2,,1,
209,海棠红木板,,LightRedBoard,LightRedBoard,,,basic,1,4,4,,,,1,1,1,0,0,0,,,,1,35,8,1,1,20,2,,209,10000,0,0,209,10000,,,,2,15,0,,1,planks_redwood,,,blocks.wood,blockd.wood,,209,1,1,,644b2b,,,,,,,1,15,15,,1,,,1,,,,,,,0,,255,0,1,,0.2,,1,
210,落日橙木板,,RedOrangeBoard,RedOrangeBoard,,,basic,1,4,4,,,,1,1,1,0,0,0,,,,1,35,8,1,1,20,2,,210,10000,0,0,210,10000,,,,2,15,0,,1,planks_phoebe,,,blocks.wood,blockd.wood,,210,1,1,,be8254,,,,,,,1,15,15,,1,,,1,,,,,,,0,,255,0,1,,0.2,,1,
211,深栗红木板,,DeepRedBoard,DeepRedBoard,,,basic,1,4,4,,,,1,1,3,0,0,0,,,,1,35,8,1,1,20,2,,211,10000,0,0,211,10000,,,,2,15,0,,1,planks_walnut,,,blocks.wood,blockd.wood,,211,1,1,,452f20,,,,,,,1,15,15,,1,,,1,,,,,,,0,,255,0,1,,0.2,,1,
212,樱桃木树苗,,CherryWoodSapling,CherryWoodSapling,,,sapling,,1,1,,,,1,0,0,0,3,0,,1,2|36|36,,1,0,1,5,60,10,,11405,10000,0,0,11405,10000,,,,0,1,0,,1,sapling_fruittree,,,,blockd.grass,,11405,0,1,,7c6037,,,,,,,0,15,15,,1,,,,,,,,,,0,,17,0,1,,0.2,,,
213,落叶松树苗,,LarchSapling,LarchSapling,,,sapling,,1,1,,,,1,0,0,0,3,0,,1,2|36|36,,2,0,1,5,60,10,,11406,10000,0,0,11406,10000,,,,0,1,0,,1,sapling_cathaya,,,,blockd.grass,,11406,0,1,,614b2c,,,,,,,0,15,15,,1,,,,,,,,,,0,,17,0,1,,0.2,,,
214,白杨木树苗,,PoplarSapling,PoplarSapling,,,sapling,,1,1,,,,1,0,0,0,3,0,,1,2|36|36,,2,0,1,5,60,10,,11410,10000,0,0,11410,10000,,,,0,1,0,,1,sapling_birch,,,,blockd.grass,,11410,0,1,,f4efe1,,,,,,,0,15,15,,1,,,,,,,,,,0,,17,0,1,,0.2,,,
215,红杉树苗,,RedwoodSapling,RedwoodSapling,,,sapling,,1,1,,,,1,0,0,0,3,0,,1,2|36|36,,1,0,1,5,60,10,,11412,10000,0,0,11412,10000,,,,0,1,0,,1,sapling_redwood,,,,blockd.grass,,11412,0,1,,836b5b,,,,,,,0,15,15,,1,,,,,,,,,,0,,17,0,1,,0.2,,,
216,楠木树苗,,PhoebeSapling,PhoebeSapling,,,sapling,,,,,,,1,0,0,0,3,0,,1,2|36|36,,2,0,1,5,60,10,,11413,10000,0,0,11413,10000,,,,0,1,0,,1,sapling_phoebe,,,,blockd.grass,,11413,0,1,,96894e,,,,,,,0,15,15,,1,,,,,,,,,,0,,17,0,1,,0.2,,,
217,核桃树苗,,WalnutSapling,WalnutSapling,,,sapling,,1,1,,,,1,0,0,0,3,0,,1,2|36|36,,2,0,1,5,60,10,,11411,10000,0,0,11411,10000,,,,0,1,0,,1,sapling_walnut,,,,blockd.grass,,11411,0,1,,5a4029,,,,,,,0,15,15,,1,,,,,,,,,,0,,17,0,1,,0.2,,,
218,樱桃木树叶,,CherryWoodLeaves,CherryWoodLeaves,,,grayleaf,1,1,1,,1,,1,1,3,0,0,0,,,,,3,0,1,15,60,10,,11226,1500,0,0,11226,1500,,,,0,3,0,1,1,leaves_fruittree,,,blocks.grass,blockd.grass,,218,1,1,FFFFFF|75d2e4|ffd324,558618,0.1,,1,,,,0,15,15,,1,,,1,4,,,block_knock_sy_1,block_knock_sy_2,,0,,51,0,1,,0.2,,,
219,落叶松树叶,,LarchLeaves,LarchLeaves,,,newleaf,1,1,1,,,,1,1,3,0,0,0,,,,,4,0,1,10,60,10,,11226,1500,0,0,11226,1500,,,,0,3,0,1,1,leaves_larch,newleaves_general,,blocks.grass,blockd.grass,,219,1,1,FFFFFF|ffc0b7|ffc0b7|,2d5a1f,0.1,,1,,,,0,15,15,,1,,,1,4,,,block_knock_sy_1,block_knock_sy_2,,0,,51,0,1,,0.2,,,
220,白杨树叶,,PoplarLeaves,PoplarLeaves,,,grayleaf,1,1,1,,,,1,1,3,0,0,0,,,,,3,0,1,10,60,10,,11226,1500,0,0,11226,1500,,,,0,3,0,1,1,leaves_birch,,,blocks.grass,blockd.grass,,220,1,1,FFFFFF|ffd324|ea7e54,f7dc1c,0.1,,1,,,,0,15,15,,1,,,1,4,,,block_knock_sy_1,block_knock_sy_2,,0,,51,0,1,,0.2,,,
221,红杉树叶,,RedwoodLeaves,RedwoodLeaves,,,grayleaf,1,1,1,,,,1,1,3,0,0,0,,,,,5,0,1,12,60,10,,11226,1500,0,0,11226,1500,,,,0,3,0,1,1,leaves_redwood,,,blocks.grass,blockd.grass,,221,1,1,FFFFFF|be8a7d|b6d39a,b33a10,0.1,,1,,,,0,15,15,,1,,,1,4,,,block_knock_sy_1,block_knock_sy_2,,0,,51,0,1,,0.2,,,
222,楠木树叶,,PhoebeLeaves,PhoebeLeaves,,,grayleaf,,,,,,,1,1,3,0,0,0,,,,,4,0,1,10,60,10,,11226,1500,0,0,11226,1500,,,,0,3,0,1,1,leaves_phoebe,,,blocks.grass,blockd.grass,,222,1,1,,4e832b,0.1,,1,,,,0,15,15,,1,,,1,4,,,block_knock_sy_1,block_knock_sy_2,,0,,51,0,1,,0.2,,,
223,核桃树叶,,WalnutLeaves,WalnutLeaves,,,grayleaf,1,1,1,,,,1,1,3,0,0,0,,,,,4,0,1,10,60,10,,11226,1500,0,0,11226,1500,,,,0,3,0,1,1,leaves_walnut,,,blocks.grass,blockd.grass,,223,1,1,FFFFFF|a8b9cf|ffd9ca,264c1b,0.1,,1,,,,0,15,15,,1,,,1,4,,,block_knock_sy_1,block_knock_sy_2,,0,,51,0,1,,0.2,,,
224,小草,,Grass,Grass,,,grayherbs,1,1,1,,,,1,0,0,1,3,0,1,,,,1,0,1,15,100,15,,11226,2500,0,0,11226,2500,,,,2,1,0,,1,tallgrass,,,,blockd.grass,,224,3,1,,418129,0.1,,1,,2,,0,15,15,,1,,,,1,0,,,,,0,,17,1,1,,0,,,
225,枯草,,DeadGrass,DeadGrass,,,colorherbs,1,1,1,,,,1,0,0,1,3,0,1,,,,1,0,1,15,100,15,,11226,10000,0,0,11226,10000,,,,0,1,0,,1,deadbush,,,,blockd.grass,,225,3,1,,418129,0.25,,1,,2,,0,15,15,,1,,,,1,0,,,,,0,,17,1,1,,0,,,
226,土笋,,EarthenShoots,EarthenShoots,,,myceliummodel,,1,1,,,,1,0,0,1,3,0,,,,,1,0,1,10,100,10,,226,10000,0,0,226,10000,,,,0,1,1,,1,tusun,tusun,,,blockd.grass,,226,0,1,,3e3b0b,0.5,,1,,,,0,15,15,,1,,,,2,,,,,,0,,17,1,1,,0.2,,,
227,紫苏,,Perilla,Perilla,,,myceliummodel,,1,1,,,,1,0,0,1,3,0,,,,,1,0,1,10,100,10,,227,10000,0,0,227,10000,,,,0,1,0,,1,zisuguo,zisuguo,,,blockd.grass,,227,0,1,,782983,0.1,,1,,,,0,15,15,,1,,,,2,,,,,,0,,17,1,1,,0.2,,,
228,独葵,,DuKui,DuKui,,,dukui,1,1,1,,,,1,0,0,1,3,0,,,,,2,0,1,15,100,15,,228,10000,0,0,228,10000,,,,0,1,0,,1,dukui,dukui,,,blockd.grass,,228,0,1,,a1b73c,0.25,,1,,,,0,15,15,,1,,,,,,,,,,0,,17,1,1,,0.2,,,2
229,玉米,,Corn,Corn,,,newcorn,1,1,1,,,,1,0,0,1,3,0,,2,3|6|9|9,,1,0,1,15,100,15,,200141,10000,11689,15000,200141,10000,,,,0,1,0,,1,corn,corn,,,blockd.grass,,229,0,1,,418129,0.12,,1,,,,0,15,15,,1,,,,3,,,,,,0,,17,1,1,,0.2,,,
230,巨布鲁果,,GiantBlueFruit,GiantBlueFruit,,,bluefruit,1,1,1,,1,,1,1,1,1,0,1,,,,1,6,2,1,5,100,5,,230,10000,11401,10000,230,10000,,,,1,1,0,,1,giantbluefruit,,,blocks.wood,blockd.wood,,230,0,1,,f05f20,0.5,,1,,,,1,15,15,,1,,,,,,,,,,0,,17,1,1,,0.2,,1,
231,巨布鲁果苗,,GiantBlueFruitSeed,GiantBlueFruitSeed,,,melonstem,,1,1,,,,1,0,0,1,3,1,,1,2|30|30,,1,0,1,5,100,10,,0,0,0,0,0,0,,,,0,1,0,,1,giantbluefruit_seed,,,,blockd.grass,,231,0,1,,f05f20,0.1,,1,,1,,0,15,15,,1,4,,,3,,,,,,0,,17,1,1,,0,,,
232,气根,,AirRoot,AirRoot,,,vine,,1,1,,,,1,0,0,1,3,1,1,,,,1,1,1,5,100,10,,232,10000,0,0,0,0,,,,0,1,0,,1,vine,,,blocks.grass,,,232,1,1,,734a31,0.25,,1,,,,0,15,15,,1,,,1,2,0,,,,,1,,17,1,1,,0.2,,,
233,红土,,RedSoil,RedSoil,,,log,1,1,1,,,,1,1,1,1,0,0,,,,1,8,4,1,,20,,,233,10000,0,0,233,10000,,,,2,15,0,,1,redsoil,,,blocks.grass,blockd.grass,,233,3,1,,e16137,0.1,,1,,,,1,15,15,,6,,,,,,,,,,0,,255,1,1,,0.5,,1,
234,水稻,,Rice,Rice,,,rice,,1,1,,,,1,0,0,1,3,0,,2,2|27|27,,1,0,1,15,100,15,,200150,10000,11692,10000,11692,5000,,,,0,1,0,,1,rice,,,,blockd.grass,,234,0,1,,418129,0.12,,1,,,,0,15,15,,1,,,1,2,0,,,,,0,,17,1,1,,0.2,,,
235,光须茸草,,LightFuzzGrass,LightFuzzGrass,,,colorherbs,1,1,1,,,,1,0,0,1,3,0,1,,,,1,0,1,15,100,15,,235,10000,0,0,235,10000,,,,0,0,7,,1,lightfuzzgrass,,,,blockd.grass,,235,3,1,,,0.25,,1,,2,,0,15,15,,1,,,,,0,,,,,0,FFDAA9,17,1,1,,0,,,
236,青瓜,,Cucumber,Cucumber,,,cropper,1,1,1,,,,1,0,0,1,3,0,,2,2|32|32,,1,0,1,5,100,10,,11690,8000,200144,10000,,,,,,0,1,0,,1,cucumber,,,,blockd.grass,,236,0,1,,7fffaa,1.1,,1,,,,0,15,15,,1,4,,1,3,,,,,,0,,17,1,1,,0.2,,,
237,红杉果,,BallFruit,BallFruit,,,treefruit,1,1,1,,,,1,0,0,1,3,0,,,,,10,0,1,5,100,10,,11403,10000,11403,10000,11403,10000,,,,0,1,0,,1,cones,ballfruit,,,blockd.wood,,237,1,1,,d2691e,22,,1,,4,,0,15,15,,1,,,1,3,1,,,,,0,,17,1,1,,0.2,,,
238,荆棘草,,ThornGrass,ThornGrass,,,grayherbs,1,1,1,,,,1,0,0,1,3,0,1,,,,5,0,1,5,100,10,,11226,10000,0,0,11226,10000,,,,0,1,0,,1,fern,,,,blockd.grass,,238,3,1,,418129,44,,1,,2,,0,15,15,,1,,,,1,0,,,,,0,,17,1,1,,0,,,
239,巨鳞羽果,,GiantScalyFruit,GiantScalyFruit,,,scalyfruit,1,1,1,,,,1,1,1,1,0,1,,,,1,6,2,1,5,100,10,,239,10000,11402,10000,239,10000,,,,1,1,0,,1,giantscalyfruit,,,blocks.wood,blockd.wood,,239,0,1,,206803,2.2,,1,,,,1,15,15,,1,,,,,,,,,,0,,17,1,1,,0.2,,1,
240,巨鳞羽果苗,,GiantScalyFruitSeed,GiantScalyFruitSeed,,,melonstem,,1,1,,,,1,0,0,1,3,1,,1,2|15|15,,1,0,1,5,100,10,,0,0,0,0,0,0,,,,0,1,0,,1,giantscalyfruit_seed,,,,blockd.grass,,240,0,1,,206803,44,,1,,1,,0,15,15,,1,4,,,3,,,,,,0,,17,1,1,,0,,,
241,番薯,,Yams,Yams,,,cropper,,1,1,,,,1,0,0,1,3,0,,2,2|27|27,,1,0,1,5,100,10,,11691,8000,200147,10000,,,,,,0,1,0,,1,yams,,,,blockd.grass,,241,0,1,,93b434,1.7,,1,,,,0,15,15,,1,4,,,3,,,,,,0,,17,1,1,,0.2,,,
242,仙人掌茎,,Cactus,Cactus,,,cactus,,1,1,,1,,1,1,1,1,3,0,,,,,12,5,1,2,100,10,,242,10000,0,0,242,10000,,,,0,1,0,,1,cactus,cactus,,blocks.cloth,blockd.cloth,,242,1,1,,6e8f41,5,,1,,8,,0,15,15,,1,,,1,3,,,,,,0,,17,1,1,,0.2,,,
243,野生玉米,,WildCorn,WildCorn,,,whitemums,,1,,,,,1,0,0,1,3,0,,,,,1,0,1,15,100,15,,200141,10000,11689,15000,200141,10000,,,,0,1,0,,1,newcorn1,newcorn,,,blockd.grass,,243,0,1,,782983,5,,1,,1,,0,15,15,,1,,,,2,,,,,,0,,17,1,1,,0,,,
244,圣诞树,,ChristmasTree,ChristmasTree,,,chrismastree,,4,,,,,1,1,1,2,0,0,,,,,30,25,1,0,,0,,244,10000,,,244,10000,,,,1,1,10,,2,chrismas_tree,chrismas_tree,,blockd.wood,blockd.wood,,244,1,1,,00c52a,5,,1,,,,1,15,0,,1,,1,10,3,,,,,,0,e0ded0,17,0,1,,0.2,,,
245,水草,,Waterweed,Waterweed,,,waterweed,,1,,,,,1,0,3,1,3,0,,,,,1,0,1,1,100,10,,245,10000,27,2000,245,10000,,,,1,1,0,,1,waterweed,waterweed,,,blockd.grass,,245,0,1,,2E8B57,0.25,,1,,,,0,15,15,,1,,,,2,,,,,,0,,17,1,1,,0.2,,,2
246,海带,,Seaweed,Seaweed,,,seaweed,,1,,,,,1,0,3,1,3,0,,,,,1,0,1,1,100,10,,12615,7000,0,0,12615,7000,,,,1,1,0,,1,seaweed,seaweed,,,blockd.grass,,246,0,1,,228B22,0.25,,1,,,,0,15,15,,1,,,,2,,,,,,0,,17,1,1,,0.2,,,2
247,漂浮的花瓣,,FloatingFlower,FloatingFlower,,,waterlily,1,1,,,,,1,0,0,1,3,0,,,,,1,0,1,0,,10,,247,10000,0,0,0,0,,,,1,1,0,,1,flower_floating,flower_floating,,blocks.grass,blockd.grass,,247,0,1,,ffb6c1,,,1,,,,0,15,15,,1,,,,2,,,,,,0,,17,1,1,,0.2,,,
248,漂浮的木板,,FloatingPlank,FloatingPlank,,,lilypad,1,1,,,,,1,1,0,1,3,0,,,,,1,0,1,0,,10,,248,10000,0,0,0,0,,,,1,1,0,,1,plank_floating,plank_floating,,blocks.grass,blockd.grass,,248,0,1,,d67b21,,,1,,,,0,15,15,,1,,,,2,,,,,,0,,17,1,1,,0.2,,,
249,松果,,PineCone,PineCone,,,treefruit,1,1,1,,,,1,0,0,1,3,0,,,,,10,0,1,5,100,10,,12503,10000,12503,10000,12503,10000,,,,0,1,0,,1,pinecone,pinecone,,,blockd.wood,,249,1,1,,e5cb51,22,,1,,,,0,15,15,,1,,,1,3,1,,,,,0,,17,1,1,,0.2,,,
250,荷花,,Lotus,Lotus,,,lilymodel,1,1,1,,,,1,0,0,1,3,0,,,,,1,0,1,0,,10,,250,10000,0,0,250,10000,,,,1,1,0,,1,Lotus,Lotus,,blocks.grass,blockd.grass,,250,0,1,,ef84ef,,,1,,,,0,15,15,,1,,,,2,0,,,,,0,,17,1,1,,0.2,,,2
251,竹子,,Bamboo,Bamboo,,,bamboo,1,1,1,,,,1,1,1,1,0,2,,,,,10,5,1,1,10,10,,251,10000,0,0,251,10000,,,,2,1,0,,1,bamboo_planks,,,blocks.wood,blockd.wood,,251,1,1,,c1a661,,,1,,4,,0,15,15,,1,,,1,,,,,,,0,,17,1,1,,0.2,,,
252,竹叶,,BambooLeaves,BambooLeaves,,,grayleaf,1,1,1,,,,1,1,3,0,0,2,,,,,3,0,1,5,10,10,,253,500,11226,1500,253,500,,,,2,1,0,,1,leaves_bamboo,,,,blockd.grass,,252,1,1,FFFFFF|a0d9ff|82b699,91c132,,,1,,4,,0,15,15,,1,,,1,4,,,block_knock_sy_1,block_knock_sy_2,,1,,17,0,1,,0.2,,,
253,竹笋,,BambooShoot,BambooShoot,,,bambooshoot,1,1,1,,,,1,0,0,1,3,0,,1,1|48,,1,0,1,5,60,5,,253,10000,0,0,253,10000,,,,0,1,0,,1,bamboo_planks,bamboo_shoots,,,blockd.wood,,253,0,1,,c1a661,,,1,,,,0,15,15,,1,,,,2,,,,,,0,,17,1,1,,0.2,,,
254,桃花木,,Peachwood,Peachwood,,,objtree,1,1,1,,1,,1,1,3,0,0,0,,,,,25,6,1,2,100,2,,11323,20000,0,0,11323,20000,,,,2,1,0,1,1,log_peachblossom,tree,,blocks.wood,blockd.wood,,254,1,1,,7c6037,,,,,4,,1,15,15,,1,,,1,,,,,,,0,,17,0,1,,0.2,,1,
255,桃花树叶,,PeachLeaves,PeachLeaves,,,grayleaffast,1,1,1,,1,,1,1,3,0,0,0,,,,,3,0,1,15,100,15,,11226,1500,0,0,11226,1500,,,,0,3,0,1,1,leaves_peachblossom,,,blocks.grass,blockd.grass,,255,1,1,FFFFFF|f8e3ff|d8dbff,fa9ca2,0.1,,1,,,,0,15,15,,1,,,1,4,,,block_knock_sy_1,block_knock_sy_2,,0,,51,0,1,,0.2,,,
256,桃花树苗,,PeachSapling,PeachSapling,,,sapling,,1,1,,,,1,0,0,0,3,0,,1,2|36|36,1,1,0,1,5,100,5,,11409,10000,0,0,11409,10000,,,,0,1,0,,1,sapling_peachblossom,,,,blockd.grass,,11409,1,1,,856d5f,,,1,,,,0,15,15,,1,,,1,,,,,,,0,,17,0,1,,0.2,,,
257,珍木,,Genwood,Genwood,,,log,1,1,1,,,,1,1,1,0,0,0,,,,,25,6,1,0,0,5,,11323,20000,0,0,11323,20000,,,,2,15,0,,1,leafy_planet_trees,,,blocks.wood,blockd.wood,,257,1,1,,FFFFF0,,,,,4,,1,15,15,,1,,,1,,,,,,,0,,255,0,1,,0.2,,1,
258,珍木树叶,,Genleaves,Genleaves,,,grayleaf,1,1,1,,1,,1,1,3,0,0,0,,,,,5,0,1,0,0,5,,11226,1500,0,0,11226,1500,,,,0,3,0,1,1,leafy_planet_leaves,,,,blockd.grass,,258,1,1,,b665e5,,,1,,,,0,15,15,,1,,,1,4,,,block_knock_sy_1,block_knock_sy_2,,0,,51,0,1,,0.2,,,
259,珍木树苗,,Gensapling,Gensapling,,,sapling,,1,1,,,,1,0,0,0,3,0,,1,2|36|36,,1,0,1,0,0,5,,11408,10000,0,0,11408,10000,,,,0,1,0,,1,leaf_planet_saplings,,,,blockd.grass,,11408,0,1,,b665e5,,,1,,,,0,15,15,,1,,,,,,,,,,0,,17,0,1,,0.2,,,
260,无叶珍木,,BaldGenwood,BaldGenwood,,,log,1,1,1,,,,1,1,1,0,0,0,,,,1,25,6,1,0,0,5,,11323,20000,0,0,11323,20000,,,,2,15,0,,1,leafless_planet_trees,,,blocks.wood,blockd.wood,,260,1,3,,7c6037,,,,,4,,1,15,15,,1,,,1,,,,,,,0,,255,0,1,,0.2,,1,
261,星光孢子杆,,HorasSporestipe,HorasSporestipe,,,log,1,1,1,,,,1,1,1,0,0,0,,,,1,5,5,1,0,0,5,,261,10000,0,0,261,10000,,,,2,15,0,,1,starmashroom_trunk,,,blocks.wood,blockd.wood,,261,1,1,,7c6037,,,,,4,,1,15,15,,1,,,,,,,,,,0,,255,0,1,,0.5,,1,
262,苔藓,,Moss,Moss,,,mosshuge,1,1,1,,,,1,0,0,1,3,1,1,,,,1,0,1,5,100,5,,11595,10000,0,0,11595,10000,,,,0,0,0,,1,moss,,,,,,397,,1,,7c6037,0.25,,1,,,,0,15,15,,1,,,,2,0,,,,,1,,0,1,1,,0.2,,,
263,星光孢子种子,,HorasSporeSeed,HorasSporeSeed,,,sapling,,1,1,,,,1,0,0,0,3,0,,1,2|36|36,,1,0,1,0,0,5,,263,10000,0,0,263,10000,,,,0,1,0,,1,starmashroom_seed,,,,blockd.grass,,263,0,1,,,,,,,1,,0,15,15,,1,,,,,,,,,,0,,17,0,1,,0,,,
264,苍石灰木板,,GreyBoard,GreyBoard,,,basic,1,1,1,,,,1,1,1,0,0,0,,,,1,35,10,1,0,0,5,,264,10000,0,0,264,10000,,,,2,15,0,,1,planks_leafy,,,blocks.wood,blockd.wood,,264,1,1,,FFFFF0,,,,,,,1,15,15,,1,,,3,,,,,,,0,,255,0,1,,0.2,,1,
265,无叶珍木木板,,BaldGenwooddeck,BaldGenwooddeck,,,basic,1,1,1,,,,1,1,1,0,0,0,,,,1,35,10,1,0,0,5,,265,10000,0,0,265,10000,,,,2,15,0,,1,planks_leafless,,,blocks.wood,blockd.wood,,265,1,1,,7c6037,,,,,,,1,15,15,,1,,,3,,,,,,,0,,255,0,1,,0.2,,1,
266,变异土笋,,MutatedEarthenShoots,MutatedEarthenShoots,,,mutantmushroom,,1,1,,,,1,1,1,0,0,0,,,,,5,0,1,0,0,5,,266,10000,0,0,266,10000,,,,0,10,7,1,1,mutant_earthenshoots,,,blocks.grass,blockd.grass,,266,1,1,,bf6717,,,1,,,,1,15,0,,1,,,,3,,,,,,0,edc023,170,0,1,,0.2,,,2
267,变异紫苏,,MutatedPerilla,MutatedPerilla,,,mutantmushroom,,1,1,,,,1,1,1,0,0,0,,,,,5,0,1,0,0,5,,267,10000,0,0,267,10000,,,,0,10,7,1,1,mutant_perilla,,,blocks.grass,blockd.grass,,267,1,1,,ec4608,,,1,,,,1,15,0,,1,,,,3,,,,,,0,d44af7,170,0,1,,0.2,,,2
268,变异的植物杆,,Mutatedstipe,Mutatedstipe,,,mutantlog,1,1,1,,,,1,1,1,0,0,0,,,,,5,0.3,1,0,0,5,,0,0,0,0,0,0,,,,2,15,0,,1,mutant_trunk,,,blocks.wood,blockd.wood,,268,0,1,,7c6037,,,1,,4,,1,15,15,,1,,,,,,,,,,0,,255,0,1,,0.2,,,
269,荧光彩色草,,Fluorescentflower,Fluorescentflower,,,rainbowgrass,,1,1,,,,1,0,0,1,3,0,,,,,2,0,1,15,100,15,,269,10000,0,0,269,10000,,,,0,1,0,,1,rainbowgrass,,,,blockd.grass,,269,0,1,,f0ffff,0.25,,1,,,,0,15,15,,1,,,,3,0,,,,,0,,17,1,1,,0.2,,,2
270,白色星光孢子块,,HorasSpore1,HorasSpore1,,,starmushroom,2,1,1,,1,,1,1,1,0,0,0,,,,1,5,0.3,1,0,0,0,,270,10000,0,0,270,10000,,,,0,10,15,1,1,starmashroom,,,blocks.grass,blockd.grass,,270,1,1,,FAFFF0,,,1,,,270,1,15,0,,1,,,1,,,,,,,0,969696,170,0,1,,0.2,,1,2
271,橙色星光孢子块,,HorasSpore2,HorasSpore2,,,starmushroom,2,1,1,,,,1,1,1,0,0,0,,,,1,5,0.3,1,0,0,0,,271,10000,0,0,271,10000,,,,0,10,15,1,1,starmashroom,,,blocks.grass,blockd.grass,,271,1,1,,dc7a3f,,,1,,,270,1,15,0,,1,,,1,,,,,,,0,c7a977,170,0,1,,0.2,,1,2
272,紫红星光孢子块,,HorasSpore3,HorasSpore3,,,starmushroom,2,1,1,,,,1,1,1,0,0,0,,,,1,5,0.3,1,0,0,0,,272,10000,0,0,272,10000,,,,0,10,15,1,1,starmashroom,,,blocks.grass,blockd.grass,,272,1,1,,d485ba,,,1,,,270,1,15,0,,1,,,1,,,,,,,0,b084bb,170,0,1,,0.2,,1,2
273,淡蓝星光孢子块,,HorasSpore4,HorasSpore4,,,starmushroom,2,1,1,,,,1,1,1,0,0,0,,,,1,5,0.3,1,0,0,0,,273,10000,0,0,273,10000,,,,0,10,15,1,1,starmashroom,,,blocks.grass,blockd.grass,,273,1,1,,63b9ce,,,1,,,270,1,15,0,,1,,,1,,,,,,,0,83a4c0,170,0,1,,0.2,,1,2
274,黄色星光孢子块,,HorasSpore5,HorasSpore5,,,starmushroom,2,1,1,,,,1,1,1,0,0,0,,,,1,5,0.3,1,0,0,0,,274,10000,0,0,274,10000,,,,0,10,15,1,1,starmashroom,,,blocks.grass,blockd.grass,,274,1,1,,ede15c,,,1,,,270,1,15,0,,1,,,1,,,,,,,0,c2b36e,170,0,1,,0.2,,1,2
275,淡绿星光孢子块,,HorasSpore6,HorasSpore6,,,starmushroom,2,1,1,,,,1,1,1,0,0,0,,,,1,5,0.3,1,0,0,0,,275,10000,0,0,275,10000,,,,0,10,15,1,1,starmashroom,,,blocks.grass,blockd.grass,,275,1,1,,8b9935,,,1,,,270,1,15,0,,1,,,1,,,,,,,0,7a9484,170,0,1,,0.2,,1,2
276,粉色星光孢子块,,HorasSpore7,HorasSpore7,,,starmushroom,2,1,1,,,,1,1,1,0,0,0,,,,1,5,0.3,1,0,0,0,,276,10000,0,0,276,10000,,,,0,10,15,1,1,starmashroom,,,blocks.grass,blockd.grass,,276,1,1,,f9bfda,,,1,,,270,1,15,0,,1,,,1,,,,,,,0,bd9eb1,170,0,1,,0.2,,1,2
277,绿色星光孢子块,,HorasSpore8,HorasSpore8,,,starmushroom,2,1,1,,,,1,1,1,0,0,0,,,,1,5,0.3,1,0,0,0,,277,10000,0,0,277,10000,,,,0,10,15,1,1,starmashroom,,,blocks.grass,blockd.grass,,277,1,1,,5c6669,,,1,,,270,1,15,0,,1,,,1,,,,,,,0,90b798,170,0,1,,0.2,,1,2
278,红色星光孢子块,,HorasSpore9,HorasSpore9,,,starmushroom,2,1,1,,,,1,1,1,0,0,0,,,,1,5,0.3,1,0,0,0,,278,10000,0,0,278,10000,,,,0,10,15,1,1,starmashroom,,,blocks.grass,blockd.grass,,278,1,1,,9ba5a8,,,1,,,270,1,15,0,,1,,,1,,,,,,,0,9d8487,170,0,1,,0.2,,1,2
279,青色星光孢子块,,HorasSpore10,HorasSpore10,,,starmushroom,2,1,1,,,,1,1,1,0,0,0,,,,1,5,0.3,1,0,0,0,,279,10000,0,0,279,10000,,,,0,10,15,1,1,starmashroom,,,blocks.grass,blockd.grass,,279,1,1,,3f93a4,,,1,,,270,1,15,0,,1,,,1,,,,,,,0,96b8b0,170,0,1,,0.2,,1,2
280,紫色星光孢子块,,HorasSpore11,HorasSpore11,,,starmushroom,2,1,1,,,,1,1,1,0,0,0,,,,1,5,0.3,1,0,0,0,,280,10000,0,0,280,10000,,,,0,10,15,1,1,starmashroom,,,blocks.grass,blockd.grass,,280,1,1,,884a9d,,,1,,,270,1,15,0,,1,,,1,,,,,,,0,9a88ac,170,0,1,,0.2,,1,2
281,蓝色星光孢子块,,HorasSpore12,HorasSpore12,,,starmushroom,2,1,1,,,,1,1,1,0,0,0,,,,1,5,0.3,1,0,0,0,,281,10000,0,0,281,10000,,,,0,10,15,1,1,starmashroom,,,blocks.grass,blockd.grass,,281,1,1,,48719d,,,1,,,270,1,15,0,,1,,,1,,,,,,,0,9097b8,170,0,1,,0.2,,1,2
282,褐色星光孢子块,,HorasSpore13,HorasSpore13,,,starmushroom,2,1,1,,,,1,1,1,0,0,0,,,,1,5,0.3,1,0,0,0,,282,10000,0,0,282,10000,,,,0,10,15,1,1,starmashroom,,,blocks.grass,blockd.grass,,282,1,1,,84684c,,,1,,,270,1,15,0,,1,,,1,,,,,,,0,978a7e,170,0,1,,0.2,,1,2
283,灰色星光孢子块,,HorasSpore14,HorasSpore14,,,starmushroom,2,1,1,,,,1,1,1,0,0,0,,,,1,5,0.3,1,0,0,0,,283,10000,0,0,283,10000,,,,0,10,15,1,1,starmashroom,,,blocks.grass,blockd.grass,,283,1,1,,5b8337,,,1,,,270,1,15,0,,1,,,1,,,,,,,0,969696,170,0,1,,0.2,,1,2
284,淡灰星光孢子块,,HorasSpore15,HorasSpore15,,,starmushroom,2,1,1,,,,1,1,1,0,0,0,,,,1,5,0.3,1,0,0,0,,284,10000,0,0,284,10000,,,,0,10,15,1,1,starmashroom,,,blocks.grass,blockd.grass,,284,1,1,,ab4730,,,1,,,270,1,15,0,,1,,,1,,,,,,,0,838383,170,0,1,,0.2,,1,2
285,黑色星光孢子块,,HorasSpore16,HorasSpore16,,,starmushroom,2,1,1,,,,1,1,1,0,0,0,,,,1,5,0.3,1,0,0,0,,285,10000,0,0,285,10000,,,,0,10,15,1,1,starmashroom,,,blocks.grass,blockd.grass,,285,1,1,,1f2527,,,1,,,270,1,15,0,,1,,,1,,,,,,,0,747474,170,0,1,,0.2,,1,2
286,变异紫苏杆,,PerillaMutatedstipe,PerillaMutatedstipe,,,mutantlog,2,1,1,,,,1,1,1,0,0,0,,,,1,5,5,1,0,0,0,,286,10000,0,0,286,10000,,,,2,15,0,,1,mutant_trunk,,,blocks.wood,blockd.wood,,286,1,1,,7c6037,,,1,,4,,1,15,15,,1,,,,3,,,,,,0,,255,0,1,,0.2,,,
287,无球锯齿蕨,,JaggedFern,JaggedFern,,,sawtooth,,1,1,,,,1,0,0,1,3,0,,,,,2,5,1,10,80,10,,12618,10000,0,0,12618,10000,,,,0,1,0,,1,jaggedfern,jaggedfern,,,blockd.grass,,287,1,1,,9e6b06,,,1,,,,0,15,15,,1,,,1,,,,,,,0,,17,1,1,,0.2,,,
288,结球锯齿蕨,,RipeJaggedFern,RipeJaggedFern,,,sawtooth,,1,1,,,,1,0,0,1,3,0,,,,,2,5,1,10,80,10,,12618,10000,0,0,12618,10000,,,,0,1,0,,1,jaggedfern,jaggedfern,,,blockd.grass,,287,1,1,,e99416,,,1,,,287,0,15,15,,1,,,1,,,,,,,0,,17,1,1,,0,,,
289,锯齿碎石墙,,JaggedStonewall,JaggedStonewall,,,wall,1,4,4,,,,1,1,1,0,0,1,,,,1,70,12,1,0,,0,,289,10000,0,0,289,10000,,,,0,1,0,,1,jaggedstonewall,stonewall_jagged,,blocks.stone,blockd.stone,,289,2,1,,939188,,,,,4,,0,15,15,,1,,,10,,,,,,,1,,17,0,1,,0.2,,,
290,锯齿青石墙,,JaggedMossyRockWall,JaggedMossyRockWall,,,wall,1,4,4,,,,1,1,1,0,0,1,,,,1,70,12,1,0,,0,,290,10000,0,0,290,10000,,,,0,1,0,,1,jaggedmossystonewall,stonewall_jagged,,blocks.stone,blockd.stone,,290,2,1,,6d6e48,,,,,4,,0,15,15,,1,,,10,,,,,,,1,,17,0,1,,0.2,,,
291,锯齿星球岩墙,,JaggedHorasrockwall,JaggedHorasrockwall,,,wall,1,4,4,,,,1,1,1,0,0,1,,,,1,500,15,1,0,,0,,291,10000,0,0,291,10000,,,,0,1,0,,1,jaggedhorasrockwall,stonewall_jagged,,blocks.stone,blocks.stone,,291,2,1,,C0C0C0,,,,,4,,0,15,15,,1,,,10,,,,,,,0,,17,0,1,,0.2,,,
292,椰树苗,,CoconutSaplings,CoconutSaplings,,,coconutsapling,1,1,1,,,,1,0,0,0,3,0,,1,2|36|36,,1,0,1,5,60,10,,295,10000,0,0,295,10000,,,,0,1,0,,1,sapling_coconut_seed,coconutsapling,,,blockd.grass,,295,1,1,,7c6037,,,1,,1,,0,15,15,,1,,,1,3,,,,,,0,,17,0,1,,0,,,
293,茸草,,FuzzGrass,FuzzGrass,,,grayherbs,1,1,1,,,,1,0,0,1,3,0,1,,,,1,0,1,15,100,15,,11226,2500,0,0,11226,2500,,,,0,1,0,,1,fuzzgrass,,,,blockd.grass,,293,3,1,,,0.25,,1,,2,,0,15,15,,1,,,,1,0,,,,,0,,17,1,1,,0,,,
294,巨大椰叶,,CoconutLeaves,CoconutLeaves,,,coconutleaf,,,,,,,1,1,3,0,0,0,,,,,3,0,1,15,60,10,,11422,10000,0,0,11422,10000,,,,0,10,0,1,1,leaves_coconut_nor,coconutleaf,,blocks.grass,blockd.grass,,11422,1,1,,558618,,,1,,2,,0,15,15,,1,,,1,4,,,,,,0,,170,0,1,,0,,,
295,大椰子,,BigCoconut,BigCoconut,,,coconut,1,1,1,,,,1,1,0,2,0,1,,,,,10,12,1,1,1,5,,295,10000,0,0,295,10000,,,,2,15,0,1,1,coconut_normal,coconut,,blocks.wood,blockd.wood,,295,1,1,,DAA520,,,1,,,,1,15,15,,1,,,10,3,,,,,,0,,255,0,1,,0.2,,,
296,异化巨大椰叶,,RedCoconutLeaves,RedCoconutLeaves,,,coconutleaf,,,,,,,1,1,3,0,0,0,,,,,5,0,1,15,60,10,,11423,10000,0,0,11423,10000,,,,0,10,0,1,1,leaves_coconut_red,coconutleaf,,blocks.grass,blockd.grass,,11423,1,1,,DC143C,,,1,,2,,0,15,15,,1,,,1,4,,,,,,0,,170,0,1,,0,,,
297,异化大椰子,,RedBigCoconut,RedBigCoconut,,,coconut,1,1,1,,,,1,1,0,2,0,1,,,,,15,16,1,0,0,5,,297,10000,0,0,297,10000,,,,2,15,0,1,1,coconut_red,coconut,,blocks.wood,blockd.wood,,297,1,1,,DC143C,,,1,,,,1,15,15,,1,,,10,3,,,,,,0,,255,0,1,,0.2,,,
298,燃烧的小火炬,,SmallTorch,SmallTorch,,,smalltorch,1,4,,,,,1,0,0,1,3,1,,,,,1,0,1,0,0,10,,298,10000,0,0,298,10000,,,,0,5,10,,1,small_torch_on,small_torch,,,blockd.wood,,298,0,1,,ffff15,,,1,,4,,0,15,0,4,1,,,,2,,,,,,2,ffdb5d,119,1,1,,0.2,,,2
299,熄灭的小火炬,,SmallTorch(off),SmallTorch(off),,,smalltorch,1,4,,,,,1,0,0,1,3,1,,,,,1,0,1,0,0,10,,299,10000,0,0,299,10000,,,,0,1,0,,1,small_torch_off,small_torch,,,blockd.wood,,299,0,1,,ffff15,,,1,,4,,0,15,15,,1,,,,2,,,,,,2,,17,1,1,,0.2,,,2
300,风铃花,,Bellflowers,Bellflowers,,,colorflower,1,1,1,,,,1,0,0,1,3,0,,,,,1,0,1,15,100,15,,300,10000,0,0,300,10000,,,,0,1,0,,2,bellflowers,,,,blockd.grass,,300,0,1,,c28907,,,1,,,,0,15,15,,1,,1,,2,0,,,,,0,,17,1,1,,0.2,,,
301,若兰,,Ruolan,Ruolan,,,colorflower,1,1,1,,,,1,0,0,1,3,0,,,,,1,0,1,15,100,15,,301,10000,0,0,301,10000,,,,0,1,0,,1,ruolan,,,,blockd.grass,,301,0,1,,e59bbb,,,1,,,,0,15,15,,1,,,,2,0,,,,,0,,17,1,1,,0.2,,,
302,星辰花,,StarFlower,StarFlower,,,colorflower,1,1,1,,,,1,0,0,1,3,0,,,,,1,0,1,15,100,15,,302,10000,0,0,302,10000,,,,0,1,0,,1,starflower,,,,blockd.grass,,302,0,1,,c2c000,,,1,,,,0,15,15,,1,,1,,2,0,,,,,0,,17,1,1,,0.2,,,
303,龙血花,,DragonFlower,DragonFlower,,,colorflower,1,1,1,,,,1,0,0,1,3,0,,,,,1,0,1,1,100,15,,303,10000,0,0,303,10000,,,,0,1,0,,1,dragonflower,,,,blockd.grass,,303,0,1,,b12a0d,,,1,,,,0,15,15,,1,,,,2,0,,,,,0,,17,1,1,,0.2,,,
304,风信子,,Hyacinth,Hyacinth,,,colorflower,1,1,1,,,,1,0,0,1,3,0,,,,,1,0,1,15,100,15,,304,10000,0,0,304,10000,,,,0,1,0,,1,hyacinth,,,,blockd.grass,,304,0,1,,4796ba,,,1,,,,0,15,15,,1,,,,2,0,,,,,0,,17,1,1,,0.2,,,
305,龙爪草,,DragonGrass,DragonGrass,,,colorflower,,1,1,,,,1,0,0,1,3,0,,,,,2,0,1,1,100,15,,305,10000,0,0,305,10000,,,,0,1,0,,1,dragongrass,dragongrass,,,blockd.grass,,305,0,1,,9e6b06,,,1,,,,0,15,15,,1,,,,2,0,,,,,0,,17,1,1,,0.2,,,
306,龙血树,,DragonTree,DragonTree,,,colorflower,,1,1,,,,1,0,0,1,3,0,,,,,5,0,1,1,100,15,,306,10000,0,0,306,10000,,,,0,1,0,,2,dragontree,dragontree,,,blockd.grass,,306,0,1,,e99416,,,1,,,,0,15,15,,1,,1,,2,0,,,,,0,,17,1,1,,0.2,,,
307,红色忘忧草,,RedMaguey,RedMaguey,,,colorflower,1,1,1,,,,1,0,0,1,3,0,,,,,2,0,1,10,100,15,,307,10000,0,0,307,10000,,,,0,1,0,,1,agave_red,agave,,,blockd.grass,,307,0,1,,ed003d,,,1,,,,0,15,15,,1,,,,2,0,,,,,0,,17,1,1,,0.2,,,
308,橙色忘忧草,,OrangeMaguey,OrangeMaguey,,,colorflower,1,1,1,,,,1,0,0,1,3,0,,,,,2,0,1,10,100,15,,308,10000,0,0,308,10000,,,,0,1,0,,1,agave_orange,agave,,,blockd.grass,,308,0,1,,fa4100,,,1,,,,0,15,15,,1,,,,2,0,,,,,0,,17,1,1,,0.2,,,
309,灰色忘忧草,,GreyMaguey,GreyMaguey,,,colorflower,1,1,1,,,,1,0,0,1,3,0,,,,,2,0,1,10,100,15,,309,10000,0,0,309,10000,,,,0,1,0,,1,agave_white,agave,,,blockd.grass,,309,0,1,,e3c2c6,,,1,,,,0,15,15,,1,,,,2,0,,,,,0,,17,1,1,,0.2,,,
310,粉色忘忧草,,PinkMaguey,PinkMaguey,,,colorflower,1,1,1,,,,1,0,0,1,3,0,,,,,2,0,1,10,100,15,,310,10000,0,0,310,10000,,,,0,1,0,,1,agave_pink,agave,,,blockd.grass,,310,0,1,,e099b3,,,1,,,,0,15,15,,1,,,,2,0,,,,,0,,17,1,1,,0.2,,,
311,雪滴花,,WhiteFlower,WhiteFlower,,,colorflower,1,1,1,,,,1,0,0,1,3,0,,,,,1,0,1,15,100,15,,311,10000,0,0,311,10000,,,,0,1,0,,1,whitemums,,,,blockd.grass,,311,0,1,,d7c0a8,,,1,,,,0,15,15,,1,,,,2,0,,,,,0,,17,1,1,,0.2,,,
312,黄钟花,,YellowFlower,YellowFlower,,,colorflower,1,1,1,,,,1,0,0,1,3,0,,,,,1,0,1,15,100,15,,312,10000,0,0,312,10000,,,,0,1,0,,1,yellowelder,,,,blockd.grass,,312,0,1,,f2bd27,,,1,,,,0,15,15,,1,,,,2,0,,,,,0,,17,1,1,,0.2,,,
313,月季,,Rosebush,Rosebush,,,colorflower,1,1,1,,,,1,0,0,1,3,0,,,,,1,0,1,15,100,15,,313,10000,0,0,313,10000,,,,0,1,0,,2,rose,,,,blockd.grass,,313,0,1,,de100a,,,1,,,,0,15,15,,1,,1,,2,0,,,,,0,,17,1,1,,0.2,,,
314,红藻,,RedAlga,RedAlga,,,redalga,,1,1,,,,1,0,1,1,3,0,,,,,1,0,1,1,100,1,,314,10000,0,0,314,10000,,,,0,1,3,,1,redalga,redalga,,,blockd.grass,,314,0,1,,de100a,,,1,,,,0,15,15,,1,,,,2,,,,,,0,,17,1,1,,0.2,,,2
315,珊瑚2（废弃 ）,,,,,,coral,,,,,,,1,0,1,1,3,0,,,,,0,0,1,1,100,1,,315,10000,0,0,315,10000,,,,0,1,0,,1,agave_orange,,,,blockd.grass,,315,0,1,,,,,1,,,,0,15,15,,1,,,,,,,,,,0,,17,1,0,,0,,,
316,珊瑚3（废弃 ）,,,,,,coral,,,,,,,1,0,1,1,3,0,,,,,0,0,1,1,100,1,,316,10000,0,0,316,10000,,,,0,1,0,,1,agave_white,,,,blockd.grass,,316,0,1,,,,,1,,,,0,15,15,,1,,,,,,,,,,0,,17,1,0,,0,,,
317,珊瑚4（废弃 ）,,,,,,coral,,,,,,,1,0,1,1,3,0,,,,,0,0,1,1,100,1,,317,10000,0,0,317,10000,,,,0,1,0,,1,agave_pink,,,,blockd.grass,,317,0,1,,,,,1,,,,0,15,15,,1,,,,,,,,,,0,,17,1,0,,0,,,
318,珊瑚5（废弃 ）,,,,,,coral,,,,,,,1,0,1,1,3,0,,,,,0,0,1,1,100,1,,318,10000,0,0,318,10000,,,,0,1,0,,1,whitemums,,,,blockd.grass,,318,0,1,,,,,1,,,,0,15,15,,1,,,,,,,,,,0,,17,1,0,,0,,,
319,珊瑚6（废弃 ）,,,,,,coral,,,,,,,1,0,1,1,3,0,,,,,0,0,1,1,100,1,,319,10000,0,0,319,10000,,,,0,1,0,,1,yellowelder,,,,blockd.grass,,319,0,1,,,,,1,,,,0,15,15,,1,,,,,,,,,,0,,17,1,0,,0,,,
320,珊瑚7（废弃 ）,,,,,,coral,,,,,,,1,0,1,1,3,0,,,,,0,0,1,1,100,1,,320,10000,0,0,320,10000,,,,0,1,0,,1,orchid,,,,blockd.grass,,320,0,1,,,,,1,,,,0,15,15,,1,,,,,,,,,,0,,17,1,0,,0,,,
321,桃花堆,,PeachBlossom,PeachBlossom,,,leafpile,1,1,1,,,,1,0,0,0,3,0,1,,,,4,0,1,20,200,20,,321,10000,0,0,0,0,,,,2,1,0,,1,falling_flowers,,,blocks.cloth,blockd.cloth,,321,3,1,,d7c0a8,,,1,,,,0,15,15,,1,,,,2,,,,,,0,,17,0,1,,0.2,,,
322,小花堆,,Blossom,Blossom,,,leafpile,1,1,1,,,,1,0,0,0,3,0,1,,,,4,0,1,20,200,20,,322,10000,0,0,0,0,,,,2,1,0,,1,ground_flowers,,,blocks.cloth,blockd.cloth,,322,3,1,,d7c0a8,,,1,,,,0,15,15,,1,,,,2,,,,,,0,,17,0,1,,0.2,,,
323,落叶堆,,FallenLeaves,FallenLeaves,,,leafpile,1,1,1,,,,1,0,0,0,3,0,1,,,,4,0,1,20,200,20,,323,10000,0,0,0,0,,,,2,1,0,,1,withered_leaf,,,blocks.cloth,blockd.cloth,,323,3,1,ffffff|c6c155|c1f9b1,e99416,,,1,,,,0,15,15,,1,,,,2,,,,,,0,,17,0,1,,0.2,,,
324,樱桃木果实,,FruitingCherryTreeLeaves,FruitingCherryTreeLeaves,,,grayleafmodel,1,1,1,,,,1,1,1,0,0,0,,,,,3,0,1,15,60,15,,12500,10000,,,12500,10000,,,,0,10,0,1,1,guomugs,guomugs,,blocks.grass,blockd.grass,,324,1,1,,558618,,,1,,,,1,15,15,,1,,,1,3,,,,,,0,,170,0,1,,0.2,,,
325,落叶松木果实,,FruitingLarchTreeLeaves,FruitingLarchTreeLeaves,,,fruitmodel,1,1,1,,,,1,1,1,0,0,0,,,,,3,0,1,15,60,15,,12503,10000,,,12503,10000,,,,0,10,0,1,1,luoyesonggs,luoyesonggs,,blocks.grass,blockd.grass,,325,1,1,,2d5a1f,,,1,,,,1,15,15,,1,,,1,3,,,,,,0,,170,0,1,,0.2,,,
326,乔木果实,,FruitingArborTreeLeaves,FruitingArborTreeLeaves,,,grayleafmodel,1,1,1,,,,1,1,1,0,0,0,,,,,3,0,1,15,60,15,,378,10000,,,378,10000,,,,0,10,0,1,1,qiaomugs,qiaomugs,,blocks.grass,blockd.grass,,326,1,1,,264c1b,,,1,,,,1,15,15,,1,,,1,3,,,,,,0,,170,0,1,,0.2,,,
327,珍木果实,,FruitingRareTreeLeaves,FruitingRareTreeLeaves,,,grayleafmodel,1,1,1,,,,1,1,1,0,0,0,,,,,3,0,1,15,60,15,,12583,10000,,,12583,10000,,,,0,10,0,1,1,zhenmugs,zhenmugs,,blocks.grass,blockd.grass,,327,1,1,,b665e5,,,1,,,,1,15,15,,1,,,1,3,,,,,,0,,170,0,1,,0.2,,,
328,红杉木果实,,FruitingCedarTreeLeaves,FruitingCedarTreeLeaves,,,grayleafmodel,1,1,1,,,,1,1,1,0,0,0,,,,,3,0,1,15,60,15,,12602,10000,,,12602,10000,,,,0,10,0,1,1,hongshanshugs,hongshanshugs,,blocks.grass,blockd.grass,,328,1,1,,b33a10,,,1,,,,1,15,15,,1,,,1,3,,,,,,0,,170,0,1,,0.2,,,
329,核桃木果实,,FruitingWalnutTreeLeaves,FruitingWalnutTreeLeaves,,,grayleafmodel,1,1,1,,,,1,1,1,0,0,0,,,,,3,0,1,15,60,15,,12603,10000,,,12603,10000,,,,0,10,0,1,1,hutaogs,hutaogs,,blocks.grass,blockd.grass,,329,1,1,,264c1b,,,1,,,,1,15,15,,1,,,1,3,,,,,,0,,170,0,1,,0.2,,,
330,桃花木果实,,FruitingPeachTreeLeaves,FruitingPeachTreeLeaves,,,grayleafmodel,1,1,1,,,,1,1,1,0,0,0,,,,,3,0,1,15,60,15,,12601,10000,,,12601,10000,,,,0,10,0,1,1,taoshugs,taoshugs,,blocks.grass,blockd.grass,,330,1,1,,fa9ca2,,,1,,,,1,15,15,,1,,,1,3,,,,,,0,,170,0,1,,0.2,,,
331,白杨木果实,,WhiteYangFruit,WhiteYangFruit,,,grayleafmodel,1,1,1,,,,1,1,1,0,0,0,,,,,3,0,1,15,60,15,,12604,10000,,,12604,10000,,,,0,10,0,1,1,baiyangmugs,baiyangmugs,,blocks.grass,blockd.grass,,331,1,1,,f7dc1c,,,1,,,,1,15,15,,1,,,1,3,,,,,,0,,170,0,1,,0.2,,,
332,粗樱桃木树枝,,CoarseCherryTreeBranch,CoarseCherryTreeBranch,,,branch,1,1,,,,,1,1,1,0,0,0,,,,,35,1,1,15,60,15,,11323,3000,0,0,11323,3000,,,,2,1,0,,1,log_fruittree,branchthick,,blocks.wood,blockd.wood,,332,1,1,,614b2c,,,,,4,,1,15,15,,1,,,1,,,,,,,0,,17,0,1,,0.2,,,
333,细樱桃木树枝,,FineCherryTreeBranch,FineCherryTreeBranch,,,branch,1,1,,,,,1,1,1,0,0,0,,,,,35,1,1,15,60,15,,11323,2000,0,0,11323,2000,,,,2,1,0,,1,log_fruittree,branchthin,,blocks.wood,blockd.wood,,333,1,1,,614b2c,,,,,4,,1,15,15,,1,,,1,,,,,,,0,,17,0,1,,0.2,,,
334,粗落叶松树枝,,ThickLarchTreeBranch,ThickLarchTreeBranch,,,branch,1,1,,,,,1,1,1,0,0,0,,,,,35,1,1,15,60,15,,11323,3000,0,0,11323,3000,,,,2,1,0,,1,log_cathaya,branchthick,,blocks.wood,blockd.wood,,334,1,1,,614b2c,,,,,4,,1,15,15,,1,,,1,,,,,,,0,,17,0,1,,0.2,,,
335,细落叶松树枝,,FineLarchTreeBranch,FineLarchTreeBranch,,,branch,1,1,,,,,1,1,1,0,0,0,,,,,35,1,1,15,60,15,,11323,2000,0,0,11323,2000,,,,2,1,0,,1,log_cathaya,branchthin,,blocks.wood,blockd.wood,,335,1,1,,614b2c,,,,,4,,1,15,15,,1,,,1,,,,,,,0,,17,0,1,,0.2,,,
336,粗珍木树枝,,ThickRareTreeBranch,ThickRareTreeBranch,,,branch,1,1,,,,,1,1,1,0,0,0,,,,,35,1,1,15,60,15,,11323,3000,0,0,11323,3000,,,,2,1,0,,1,leafy_planet_trees,branchthick,,blocks.wood,blockd.wood,,336,1,1,,614b2c,,,,,4,,1,15,15,,1,,,1,,,,,,,0,,17,0,1,,0.2,,,
337,细珍木树枝,,ThinRareTreeBranch,ThinRareTreeBranch,,,branch,1,1,,,,,1,1,1,0,0,0,,,,,35,1,1,15,60,15,,11323,2000,0,0,11323,2000,,,,2,1,0,,1,leafy_planet_trees,branchthin,,blocks.wood,blockd.wood,,337,1,1,,614b2c,,,,,4,,1,15,15,,1,,,1,,,,,,,0,,17,0,1,,0.2,,,
338,粗核桃树树枝,,ThickWalnutTreeBranch,ThickWalnutTreeBranch,,,branch,1,1,,,,,1,1,3,0,0,0,,,,,35,1,1,15,60,15,,11323,3000,0,0,11323,3000,,,,2,1,0,,1,log_walnut,branchthick,,blocks.wood,blockd.wood,,338,1,1,,614b2c,,,,,4,,1,15,15,,1,,,1,,,,,,,0,,17,0,1,,0.2,,,
339,细核桃树树枝,,ThinWalnutTreeBranch,ThinWalnutTreeBranch,,,branch,1,1,,,,,1,1,3,0,0,0,,,,,35,1,1,15,60,15,,11323,2000,0,0,11323,2000,,,,2,1,0,,1,log_walnut,branchthin,,blocks.wood,blockd.wood,,339,1,1,,614b2c,,,,,4,,1,15,15,,1,,,1,,,,,,,0,,17,0,1,,0.2,,,
340,粗桃花树树枝,,ThickPeachTreeBranch,ThickPeachTreeBranch,,,branch,1,1,,,,,1,1,3,0,0,0,,,,,35,1,1,15,60,15,,11323,3000,0,0,11323,3000,,,,2,1,0,,1,log_peachblossom,branchthick,,blocks.wood,blockd.wood,,340,1,1,,614b2c,,,,,4,,1,15,15,,1,,,1,,,,,,,0,,17,0,1,,0.2,,,
341,细桃花树树枝,,ThinPeachTreeBranch,ThinPeachTreeBranch,,,branch,1,1,,,,,1,1,3,0,0,0,,,,,35,1,1,15,60,15,,11323,2000,0,0,11323,2000,,,,2,1,0,,1,log_peachblossom,branchthin,,blocks.wood,blockd.wood,,341,1,1,,614b2c,,,,,4,,1,15,15,,1,,,1,,,,,,,0,,17,0,1,,0.2,,,
342,粗白杨木树枝,,ThickPoplarTreeBranch,ThickPoplarTreeBranch,,,branch,1,1,,,,,1,1,1,0,0,0,,,,,35,1,1,15,60,15,,11323,3000,0,0,11323,3000,,,,2,1,0,,1,log_birch,branchthick,,blocks.wood,blockd.wood,,342,1,1,,614b2c,,,,,4,,1,15,15,,1,,,1,,,,,,,0,,17,0,1,,0.2,,,
343,细白杨木树枝,,ThinPoplarTreeBranch,ThinPoplarTreeBranch,,,branch,1,1,,,,,1,1,1,0,0,0,,,,,35,1,1,15,60,15,,11323,2000,0,0,11323,2000,,,,2,1,0,,1,log_birch,branchthin,,blocks.wood,blockd.wood,,343,1,1,,614b2c,,,,,4,,1,15,15,,1,,,1,,,,,,,0,,17,0,1,,0.2,,,
344,玉米粉,,Cornmeal,Cornmeal,,,,,,,,,,1,1,1,0,0,0,,,,,35,1,1,15,60,,,344,10000,0,0,344,10000,,,,2,1,0,,1,log_birch,branchthin,,blocks.wood,blockd.wood,,344,1,1,,614b2c,,,,,1,,1,15,15,,1,,,1,,,,,,,0,,17,0,1,,0,,,
345,野生棉花树苗（废弃）,,WildCottonSapling,WildCottonSapling,,,sapling,,,,,,,1,0,0,0,3,0,,,,,2,0,1,5,60,15,,11419,10000,0,0,11419,10000,,,,0,1,0,,1,sapling_phoebe,,,,blockd.grass,,11419,1,1,,96894e,,,,,1,,0,15,15,,1,,,1,,,,,,,0,,17,0,1,,0,,,
346,巨型扇贝（闭合）,,GiantScallops,GiantScallops,,,giantscallops,1,4,,,,,1,1,3,2,0,0,,,,,20,16,1,0,0,0,,346,10000,0,0,346,10000,,,,2,15,3,1,1,giantscallops,giantscallops,,blocks.stone,blockd.stone,,346,2,1,,FFF5EE,,,,,,,1,15,15,,1,,1,10,2,,,,,,0,ccc4d3,255,2,0,,1,,,2
347,败草,,FadedGrass,FadedGrass,,,colorherbs,1,1,1,,,,1,0,0,1,3,0,1,,,,1,0,1,15,100,15,,11226,2500,0,0,11226,2500,,,,0,1,7,,1,fadedgrass,,,,blockd.grass,,347,3,1,,,0.25,,1,,2,,0,15,15,,1,,,,1,0,,,,,0,D7B9FD,17,1,1,,0,,,
348,锰块,,ManganeseBlock,ManganeseBlock,,,basic,1,4,4,,,,1,1,1,0,0,0,,,,,250,36,1,0,0,0,,348,10000,0,0,348,10000,,,,1,15,0,,1,manganese_block,,,blocks.stone,blockd.stone,,348,2,1,,A58F78,,,,,,,1,15,15,,6,,,10,,,,,,,0,,255,0,1,,24,26,1,
349,粗红杉木树枝,,ThickPoplarTreeBranch,ThickPoplarTreeBranch,,,branch,1,1,,,,,1,1,1,0,0,0,,,,,35,1,1,15,60,15,,11323,3000,0,0,11323,3000,,,,2,1,0,,1,log_redwood,branchthick,,blocks.wood,blockd.wood,,349,1,1,,614b2c,,,,,4,,1,15,15,,1,,,1,,,,,,,0,,17,0,1,,0.2,,,
350,细红杉木树枝,,ThinPoplarTreeBranch,ThinPoplarTreeBranch,,,branch,1,1,,,,,1,1,1,0,0,0,,,,,35,1,1,15,60,15,,11323,2000,0,0,11323,2000,,,,2,1,0,,1,log_redwood,branchthin,,blocks.wood,blockd.wood,,350,1,1,,614b2c,,,,,4,,1,15,15,,1,,,1,,,,,,,0,,17,0,1,,0.2,,,
351,光束线,,BeamLine,,,,wireless_rayblock,,5,,,,,0,0,1,1,0,0,1,,,,100,16,1,0,0,0,,0,0,0,0,0,0,,,,0,0,0,,1,beam_line,beam_line,,,,,0,0,0,,,,,,,33,,0,15,15,,1,,,,,,,,,,0,,0,1,0,,0,,,2
352,星能光束器,,EnergyBeam,,,,wireless_starenergy,,5,,,,,1,1,1,0,0,0,,,,,100,16,1,0,0,0,,352,10000,0,0,352,10000,,,,1,1,0,,1,energy_beam,energy_beam,,blocks.stone,blockd.stone,blockd.stone,352,2,1,,,,,,,4,,1,15,15,,1,,,10,,,,,,,0,,17,0,0,,1,26,,2
353,非门,,NotGate,,,,wireless_nongate,,5,,,,,1,1,1,0,0,0,,,,,100,16,1,0,0,0,,353,10000,0,0,353,10000,,,,1,1,0,,1,not_gate_on,not_gate_off,,blocks.stone,blockd.stone,blockd.stone,353,2,1,,,,,,,4,,1,15,15,,1,,,10,,,,,,,0,,17,0,0,,1,26,,2
354,与门,,AndGate,,,,wireless_andgate,,5,,,,,1,1,1,0,0,0,,,,,100,16,1,0,0,0,,354,10000,0,0,354,10000,,,,1,1,0,,1,and_gate_on,and_gate_off,,blocks.stone,blockd.stone,blockd.stone,354,2,1,,,,,,,4,,1,15,15,,1,,,10,,,,,,,0,,17,0,0,,1,26,,2
355,或门,,OrGate,,,,wireless_orgate,,5,,,,,1,1,1,0,0,0,,,,,100,16,1,0,0,0,,355,10000,0,0,355,10000,,,,1,1,0,,1,or_gate_on,or_gate_off,,blocks.stone,blockd.stone,blockd.stone,355,2,1,,,,,,,4,,1,15,15,,1,,,10,,,,,,,0,,17,0,0,,1,26,,2
356,星能分流器,,CurrentDivider,,,,wireless_electricsplitter,,5,,,,,1,1,1,0,0,0,,,,,100,16,1,0,0,0,,356,10000,0,0,356,10000,,,,1,1,0,,1,current_divider_on,current_divider,,blocks.stone,blockd.stone,blockd.stone,356,2,1,,,,,,,4,,1,15,15,,1,,,10,,,,,,,0,,17,0,0,,1,26,,2
357,星能延时器,,Delayer,,,,wireless_delay,,5,,,,,1,1,1,0,0,0,,,,,100,16,1,0,0,0,,357,10000,0,0,357,10000,,,,1,1,0,,1,delayer_off,delayer,,blocks.stone,blockd.stone,blockd.stone,357,2,1,,,,,,,4,,1,15,15,,1,,,10,,,,,,,0,,17,0,0,,1,26,,2
358,开关,,Valve,Switch,,,wireless_lever,,5,,,,,1,0,0,1,3,1,,,,,8,3,1,0,,0,,358,10000,0,0,358,10000,,,,0,1,0,,1,valve,valve,,,blockd.wood,blockd.wood,358,2,1,,c1b7bd,,,,,4,,0,15,15,,1,,,1,,,,,,,2,,17,1,0,,1,,,2
359,感压板-触碰,,WoodenSensor,WoodenTransducer,,,wireless_pressure,,5,,,,,1,0,1,1,3,0,,,,,8,3,1,0,,0,,359,10000,0,0,359,10000,,,,0,1,0,,1,new_pressure_wood,new_pressure,,blocks.stone,blockd.wood,blockd.wood,359,1,1,,ca9b4d,,,,,4,,0,15,15,,1,,,1,,,,,,,0,,17,1,0,,1,26,,2
360,感压板-普通,,StoneSensor,StoneTransducer,,,wireless_pressure,,5,,,,,1,0,1,1,3,0,,,,,16,6,1,0,,0,,360,10000,0,0,360,10000,,,,0,1,0,,1,new_pressure_stone,new_pressure,,blocks.stone,blockd.stone,blockd.stone,360,2,1,,c1b7bd,,,,,4,,0,15,15,,1,,,1,,,,,,,0,,17,1,0,,1,26,,2
361,感压板-生物,,CreatureSensor,CreatureTransducer,,,wireless_pressure,,5,,,,,1,0,1,1,3,0,,,,,16,6,1,0,,0,,361,10000,0,0,361,10000,,,,0,1,0,,1,new_pressure_bamboo,new_pressure,,blocks.stone,blockd.wood,blockd.wood,361,2,1,,699114,,,,,4,,0,15,15,,1,,,1,,,,,,,0,,17,1,0,,1,26,,2
362,感压板-沙石,,PressureSensor,pressure_sandstone,,,wireless_pressure,,5,,,,,1,0,1,1,3,0,,,,,10,5,1,0,,0,,362,10000,0,0,362,10000,,,,0,1,0,,1,new_pressure_sandstone,new_pressure,,blocks.stone,blockd.stone,blockd.stone,362,2,1,,ca9b4d,,,,,4,,0,15,15,,1,,,1,,,,,,,0,,17,1,0,,1,,,2
363,按钮-触碰,,NewTouchButton,TouchButton,,,wireless_button,,5,,,,,1,0,0,1,3,1,,,,,8,3,1,0,,0,,363,10000,0,0,363,10000,,,,0,1,0,,1,newbutton_wood,newbutton,,,blockd.wood,blockd.wood,363,1,1,,ca9b4d,,,,,4,,0,15,15,,1,,,1,,,,,,,0,,17,1,0,,1,,,2
364,按钮-普通,,NewButton,Button,,,wireless_button,,5,,,,,1,0,0,1,3,1,,,,,16,6,1,0,,0,,364,10000,0,0,364,10000,,,,0,1,0,,1,newbutton_stone,newbutton,,,blockd.stone,blockd.stone,364,2,1,,c1b7bd,,,,,4,,0,15,15,,1,,,1,,,,,,,0,,17,1,0,,1,,,2
365,星能阻隔器,,ElectricResistance,,,,wireless_Resister,,5,,,,,1,1,1,0,0,0,,,,,100,16,1,0,0,0,,365,10000,0,0,365,10000,,,,1,1,0,,1,electric_resistance_on,electric_resistance,,blocks.stone,blockd.stone,blockd.stone,365,2,1,,,,,,,4,,1,15,15,,1,,,10,,,,,,,0,,17,0,0,,1,26,,2
366,星能计数器,,Counter,,,,wireless_counter,,5,,,,,1,1,1,0,0,0,,,,,100,16,1,0,0,0,,366,10000,0,0,366,10000,,,,1,1,0,,1,counter_off,counter,,blocks.stone,blockd.stone,blockd.stone,366,2,1,,,,,,,4,,1,15,15,,1,,,10,,,,,,,0,,17,0,0,,1,26,,2
367,机械臂,,RobotArm,RobotArm,,,wireless_hydarm,,5,,,,,1,1,1,2,0,2,,,,,100,16,1,0,,0,,367,10000,0,0,367,10000,,,,2,1,0,,1,machine_arm,,,blocks.stone,blockd.stone,blockd.stone,367,2,1,,b99871,,,,,4,,1,15,15,,1,,,10,,,,,,,2,,17,2,0,,1,26,,2
368,推拉机械臂,,Push-pullArm,Push-pullArm,,,wireless_hydarm,,5,,,,,1,1,1,2,0,2,,,,,100,16,1,0,,0,,368,10000,0,0,368,10000,,,,2,1,0,,1,machine_arm,,,blocks.stone,blockd.stone,blockd.stone,368,2,1,,b99871,,,,,4,,1,15,15,,1,,,10,,,,,,,2,,17,2,0,,1,26,,2
369,收集管道,,CollectingPipe,,,,wireless_collecting_pipe,,5,,,,,1,1,1,0,0,0,,,,,100,16,1,0,0,0,,369,10000,0,0,369,10000,,,,1,1,0,,1,collecting_pipe,collecting_pipe,,blocks.stone,blockd.stone,blockd.stone,369,2,1,,,,,,,4,,1,15,15,,1,,,10,,,,,,,0,,17,0,0,,1,26,,2
370,传输管道,,TransportPipe,,,,wireless_transport_pipe,,5,,,,,1,1,1,0,0,0,,,,,100,16,1,0,0,0,,370,10000,0,0,370,10000,,,,1,1,0,,1,transport_pipe,transport_pipe,,blocks.stone,blockd.stone,blockd.stone,370,2,1,,,,,,,4,,2,15,15,,1,,,10,,,,,,,0,,17,0,0,,1,26,,2
371,检测管道,,DetectionPipe,,,,wireless_detection_pipe,,5,,,,,1,1,1,0,0,0,,,,,100,16,1,0,0,0,,371,10000,0,0,371,10000,,,,1,1,0,,1,detection_pipe_red,detection_pipe,,blocks.stone,blockd.stone,blockd.stone,371,2,1,,,,,,,4,,2,15,15,,1,,,10,,,,,,,0,,17,0,0,,1,26,,2
372,星能增压器,,Pressurizer,,,,wireless_emitter,,5,,,,,1,1,1,0,0,2,,,,,24,10,1,0,,0,,372,10000,0,0,372,10000,,,,0,1,0,,1,pressurizer,pressurizer,,blocks.stone,blockd.stone,blockd.stone,372,2,1,,c27523,,,,,4,,1,15,15,,1,,,10,,,,,,,2,,17,0,0,,1,26,,2
373,钥匙门,,,,,,keydoor,,4,,,,,1,1,1,1,3,2,,,,,100,30,1,1,,0,,373,10000,0,0,373,10000,,,,0,1,0,,2,key_door,key_door,,blocks.wood,blockd.wood,blockd.wood,373,2,1,,ffebef,,,,,4,,3,15,15,,1,,1,30,,,,,,,0,,17,1,0,,1,,,
374,星能比较器,,,,,,wireless_comparator,,5,,,,,1,1,1,0,3,2,,,,,3,0,1,0,,0,,374,10000,0,0,374,10000,,,,2,1,0,,1,comparator_off,comparator_on,,blocks.stone,blockd.wood,blockd.wood,374,0,1,,a2d5c6,,,,,4,,1,15,15,,1,,,,,,,,,,0,,17,0,0,,1,26,,2
375,柠檬黄木板,,YellowPlank,YellowPlank,,,basic,1,4,4,,,,1,1,1,0,0,0,,,,1,25,6,1,2,20,2,,375,10000,0,0,375,10000,,,,2,15,0,,1,planks_arbor,,,blocks.wood,blockd.wood,,375,1,1,,c1a661,,,,,4,,1,15,15,,1,,,1,,,,,,,0,,255,0,1,,0.2,,1,
376,柠檬黄楼梯,,YellowStair,YellowStair,,,stair,1,4,4,,,,1,1,1,0,0,2,,,,,25,6,1,2,20,2,,376,10000,0,0,376,10000,,,,2,15,0,1,1,planks_arbor,stair,,blocks.wood,blockd.wood,,376,1,1,,c1a661,,,,,4,,2,15,15,,1,,,1,,,,,,,2,,255,0,1,,0.2,,1,
377,柠檬黄薄板,,YellowStep,YellowStep,,,slab,1,4,4,,,,1,1,3,0,0,1,,,,,50,12,1,2,20,2,,377,10000,0,0,377,10000,,,,2,15,0,,1,planks_arbor,,,blocks.stone,blockd.stone,,377,1,1,,c1a661,,,,,4,,2,15,15,,1,,,10,,,,,,,0,,255,0,1,,0.2,,,
378,乔木果实,,ArborFruit,ArborFruit,,,,1,,,,,,,,,,,,,,,,,0,,,,,,,,,,,,,,,,,,,,,,,,,,,,,,264c1b,,,,,,,,,,,1,,,,,,,,,,0,,0,0,1,,0.2,,,
379,乔木果实方块,,ArborFruitBlock,ArborFruitBlock,,,arbor,,1,,,,,1,0,0,2,0,1,,,,,,0,1,0,,0,,378,10000,0,0,378,10000,,,,,,,,,arborfruit,arborfruit,,,,,379,1,,,264c1b,,,,,,,,,,,1,,,1,4,,,,,,0,,0,2,1,,0.2,,,
380,灌木丛树苗,,BushesSapling,BushesSapling,,,sapling,,1,,,,,1,0,0,0,3,0,,1,1|72,,1,0,1,5,60,5,,11825,10000,0,0,11825,10000,,,,0,1,0,,1,sapling_bush,sapling_bush,,,blockd.grass,,11825,,1,,7c6037,,,1,,,,0,15,15,,1,,,,,,,,,,0,,17,0,1,,0.2,,,
381,腐化败草,,CorruptedFadedGrass,CorruptedFadedGrass,,,colorherbs,,1,1,,,,1,0,0,1,3,0,1,,,,1,0,1,15,100,15,,11226,2500,0,0,11226,2500,,,,0,1,0,,1,corruptedfadedgrass,,,,blockd.grass,,381,3,1,,,0.25,,1,,2,,0,15,15,,1,,,,1,0,,,,,0,,17,1,1,,0,,,
382,雨林乔木树苗,,RainforestTreeSapling,RainforestTreeSapling,,,sapling,,1,,,,,1,0,0,0,3,0,,1,2|36|36,,1,0,1,5,60,5,,11407,10000,0,0,11407,10000,,,,0,1,0,,1,sapling_arbor,,,,blockd.grass,,11407,,1,,7c6037,,,,,,,0,15,15,,1,,,,,,,,,,0,,17,0,1,,0.2,,,
383,香蕉树苗,,BananaTreeSapling,BananaTreeSapling,,,bananasapling,,1,1,,,,1,0,0,0,3,0,,1,2|36|36,,1,0,1,5,60,15,,383,10000,0,0,383,10000,,,,0,1,0,,1,sapling_banana,bananasapling,,,blockd.grass,,383,,1,,7c6037,,,1,,,,0,15,15,,1,,,,3,,,,,,0,,17,0,1,,0.2,,,
384,香蕉树叶,,BananaTreeLeaf,BananaTreeLeaf,,,bananaleaf,1,1,1,,,,1,0,0,0,0,0,,,,,4,0,1,10,60,15,,11226,1500,383,3000,11226,1500,,,,0,10,0,1,1,leaves_banana,bananaleaf,,blocks.grass,blockd.grass,,384,1,1,,264c1b,0.1,,1,,,,0,15,15,,1,,,1,4,,,block_knock_sy_1,block_knock_sy_2,,0,,170,0,1,,0.2,,,
385,香蕉方块,,BananaBlock,BananaBlock,,,banana,1,1,1,,,,1,1,1,0,0,0,,,,,4,0,1,10,60,15,,11599,10000,0,0,11599,10000,,,,0,10,0,1,1,banana,banana,,blocks.grass,blockd.grass,,385,,1,,264c1b,0.1,,1,,,,0,15,15,,1,,,,,,,,,,0,,170,0,1,,0.2,,,
386,香蕉树干,,BananaTreeTrunk,BananaTreeTrunk,,,bananawood,1,1,1,,,,1,1,1,0,0,0,,,,,25,6,1,2,5,2,,386,10000,383,3000,386,10000,,,,2,5,0,,1,log_banana,bananatree,,blocks.wood,blockd.wood,,386,1,1,,7c6037,,,,,,,1,15,15,,1,,,1,,,,,,,0,,85,0,1,,0.2,,,
387,星能算法器,,Algorithm,,,,wireless_arithmatic,,,,,,,1,1,1,1,3,2,,,,,3,0,1,0,,0,,387,10000,0,0,387,10000,,,,2,1,0,,1,calculator1_off,calculator1_on,,,blockd.wood,,387,0,1,,89b1b0,,,,,4,,1,15,15,,1,,,,,,,,,,0,,17,1,0,,1,26,,2
388,星点草,388,StarryGrass,StarryGrass,,,modbase,,1,1,,,,1,0,0,1,3,0,1,,,,1,0,1,15,100,15,,11226,2500,388,10000,11226,2500,,,,0,1,9,,1,starrygrass,starrygrass,,,blockd.grass,,388,3,1,,,0.25,,1,,2,,0,15,15,,1,,,,2,0,,,,,0,AFF7FD,17,1,1,,0,,,
390,花纹细柱,,PatternedPillar,PatternedPillar,,,onequarter,1,4,4,,,,1,1,1,0,0,1,,,,,70,12,1,0,,0,,390,10000,0,0,390,10000,,,,0,1,0,,1,glyphpillar,pillar,,blocks.stone,blockd.stone,,390,2,1,,939188,,,,,4,,0,15,15,,1,,,10,,,,,,,0,,17,0,1,,0.2,26,,
392,灌木丛,,Thicket,Thicket,,,thicket,1,1,1,,,,1,0,0,1,3,0,,,,,1,3,1,15,100,15,,392,10000,0,0,392,10000,,,,2,1,0,,1,thicket,thicket_snow,,,blockd.grass,,392,1,1,,7c6037,0.12,,1,,,,0,15,15,,1,,,1,3,,,,,,0,,17,1,1,,0.2,,,
394,星光粉尘树叶,,StardustLeaf,StardustLeaf,,,arborleafstar,1,1,1,,,,1,1,3,0,0,0,,,,,4,0,1,10,60,10,,11226,1500,11596,10000,11596,1500,,,,0,1,12,1,1,leaves_starlightarbor,,,blocks.grass,blockd.grass,,394,1,1,,4e832b,0.1,,1,,,,0,15,15,,1,,,1,4,,,block_knock_sy_1,block_knock_sy_2,,0,b4b206,17,0,1,,1,,,2
395,雨林乔木树叶,,RainforestTreeLeaf,RainforestTreeLeaf,,,arborleaf,1,1,1,,,,1,1,3,0,0,0,,,,,4,0,1,10,60,10,,11226,1500,,,11226,1500,,,,0,3,0,1,1,leaves_arbor,,,blocks.grass,blockd.grass,,395,1,1,,264c1b,0.1,,1,,,,0,15,15,,1,,,1,4,,,block_knock_sy_1,block_knock_sy_2,,0,,51,0,1,,0.2,,,
396,雨林之芯乔木,,RainforestCoreWood,RainforestCoreWood,,,emissive_breath,1,1,1,,,,1,1,1,0,0,0,,,,,25,6,1,2,5,2,,11601,10000,11323,20000,11601,10000,,,,2,1,12,,1,log_marrowarbor,,,blocks.wood,blockd.wood,,396,1,2,,7c6037,,,,,4,,1,15,15,,1,,,1,,,,,,,0,69a5b4,17,0,1,,1,,1,2
397,苔藓,,Moss,Moss,,,moss,1,1,1,,,,1,0,0,1,3,1,1,,,,1,0,1.2,5,100,5,,11595,10000,0,0,11595,10000,,,,0,0,0,,1,moss,,,,,,397,,1,,7c6037,0.25,,1,,,,0,15,15,,1,,,,2,0,,,,,0,,0,1,1,,0.2,,,
398,草木灰方块,,AshBlock,AshBlock,,,soil,1,3,3,,,,1,1,1,0,0,0,,,,1,7,3.5,1,0,,0,,398,10000,0,0,398,10000,,,,1,15,0,,1,plantash,,,blocks.gravel,blockd.gravel,,398,3,1,,967331,,,,,,,1,15,15,,6,,,,,,,,,,0,,255,0,1,,0.2,,1,
399,草木灰耕地,,AshFarmland,AshFarmland,,,plantash,1,3,3,,,,1,1,1,0,0,0,,,,,7,3.5,1,0,,0,,398,10000,0,0,398,10000,,,,2,15,0,,1,plantash,plantash_farmland,,blocks.grass,blockd.grass,,399,3,1,,6c5a1a,,,,,,398,1,15,15,,6,,,,,,,,,,0,,255,0,1,,0,,1,
400,炽炎矿,,FlameCrystalOre,FlameCrystalOre,,,minestone,1,3,3,,1,,1,1,1,0,0,0,,,,1,40,25,1,0,,0,,11207,10000,0,0,11207,10000,11,10000,"3,4",1,15,4,1,1,chiyan,chiyan1,,blocks.stone,blockd.stone,,400,2,1,,bc1717,,,,,,,1,15,15,,6,,,20,4,,,,,block_knock_line,0,e9bf3f,255,0,1,,4,,1,2
401,铁矿,,MithsilverOre,MithsilverOre,,,minestonediffmtl,1,3,3,,,,1,1,1,0,0,0,,,,1,50,14,1,0,,0,,401,10000,0,0,401,0,,,,1,15,0,1,1,miyin,miyin,,blocks.stone,blockd.stone,,401,2,2,,6c4729,,,,,,,1,15,15,,6,,,15,4,,,,,block_knock_line,0,,255,0,1,,6,,1,2
402,凝能矿,,CondensedEnergyOre,CondensedEnergyOre,,,basic,1,3,3,,,,1,1,1,0,0,0,,,,1,20,5,1,0,,0,,11201,10000,0,0,11201,10000,2,10000,"1,1",1,15,0,1,1,gashydrate_ore,,,blocks.stone,blockd.stone,,402,2,1,,239db2,1.1,,,,,,1,15,15,,6,,,10,,,0,,,block_knock_line,0,6999a0,255,0,1,,4,,1,2
403,缠丝玛瑙原石,,KyaniteOre,KyaniteOre,,,minestone,1,3,3,,,,1,1,1,0,0,0,,,,1,80,18,1,0,,0,,11511,10000,0,0,11511,0,,,,1,15,0,1,1,manao,manao1,,blocks.stone,blockd.stone,,403,2,3,,6b8e23,44,,,,,,1,15,15,,6,,,10,4,,,,,block_knock_line,0,,255,0,1,,4,,1,2
404,钨矿,,TungstenGoldOre,TungstenGoldOre,,,minestonediffmtl,1,3,3,,,,1,1,1,0,0,0,,,,1,100,50,1,0,,0,,404,10000,0,0,404,0,,,,1,15,0,1,1,wujin,wujin,,blocks.stone,blockd.stone,,404,2,6,,252221,,,,,,,1,15,15,,6,,,20,4,,,,,block_knock_line,0,,255,0,1,,20,,1,2
405,星能矿,,StarenergyOre,StarenergyOre,,,minestonediffmtl,1,3,3,,,,1,1,1,0,0,0,,,,1,20,12,1,0,,0,,405,10000,0,0,405,0,,,,1,15,0,1,1,starenergy_ore,starenergy_ore,,blocks.stone,blockd.stone,,405,2,4,,63b9ce,,,,,,,1,15,15,,6,,,10,4,,,,,block_knock_line,0,,255,0,1,,4,,1,2
406,琥珀原石,,MalachiteOre,MalachiteOre,,,minestone,1,3,3,,,,1,1,1,0,0,0,,,,1,80,18,1,0,,0,,11204,10000,0,0,11204,0,,,,1,15,0,1,1,hupo,hupo1,,blocks.stone,blockd.stone,,406,2,2,,9f9f5f,22,,,,,,1,15,15,,6,,,10,4,,,,,block_knock_line,0,,255,0,1,,4,,1,2
407,硅石矿,,SilicaOre,SilicaOre,,,minestonediffmtl,1,3,3,,,,1,1,1,0,0,0,,,,1,20,8,1,0,,0,,11210,10000,0,0,11210,10000,5,10000,"3,4",1,15,0,1,1,yunmu,yunmu,,blocks.stone,blockd.stone,,407,2,1,,ddd5c3,1.7,,,,,,1,15,15,,6,,,1,4,,,,,block_knock_line,0,,255,0,1,,4,,1,2
408,钨金块,,TungstenGoldBlock,TungstenGoldBlock,,,giantstone,1,4,4,,,,1,1,1,0,0,0,,,,1,200,45,1,0,,0,,408,10000,0,0,408,10000,,,,1,15,0,,1,tungstengold_block,,,blocks.stone,blockd.stone,,408,2,1,,1e1c1c,,,,,,,1,15,15,,1,,,20,,,,,,,0,,255,0,1,,120,26,1,
409,琥珀块,,MalachiteBlock,MalachiteBlock,,,giantstone,1,4,4,,,,1,1,1,0,0,0,,,,1,160,22,1,0,,0,,409,10000,0,0,409,10000,,,,1,15,0,,1,malachite_block,,,blocks.stone,blockd.stone,,409,2,1,,9f9f5f,,,,,,,1,15,15,,6,,,10,,,,,,,0,,255,0,1,,24,,1,
410,炽炎块,,FlameCrystalBlock,FlameCrystalBlock,,,emissive_warp,1,4,4,,1,,1,1,1,0,0,0,,,,1,80,30,1,0,,0,,410,10000,0,0,410,10000,,,,1,15,4,,1,flamecrystal_block,,,blocks.stone,blockd.stone,,410,2,1,,fac117,,,,,,,1,15,15,,1,,,20,,,,,,,0,f8c100,255,0,1,,24,,1,2
411,铁块,,MithsilverBlock,MithsilverBlock,,,basic,1,4,4,,,,1,1,1,0,0,0,,,,1,100,24,1,0,,0,,411,10000,0,0,411,10000,,,,1,15,0,,1,mithsilver_block,,,blocks.stone,blockd.stone,,411,2,1,,cccccc,,,,,,,1,15,15,,1,,,15,,,,,,,0,,255,0,1,,36,26,1,
412,硅石块,,SilicaBlock,SilicaBlock,,,log,1,4,4,,,,1,1,1,0,0,0,,,,1,40,10.5,1,0,,0,,412,10000,0,0,412,10000,,,,1,15,0,,1,silica_block,,,blocks.stone,blockd.stone,,412,2,1,,b7bcb7,,,,,,,1,15,15,,6,,,10,,,,,,,0,,255,0,1,,0.2,,1,
413,花纹云母块,,PatternedSilicaBlock,PatternedSilicaBlock,,,log,1,4,4,,,,1,1,1,0,0,2,,,,1,40,10.5,1,0,,0,,413,10000,0,0,413,10000,,,,1,15,0,,1,silica_block_chiseled,,,blocks.stone,blockd.stone,,413,2,1,,ccd0c7,,,,,4,,1,15,15,,6,,,10,,,,,,,2,,255,0,1,,0.2,,1,
414,竖纹云母块,,VerticalSilicaBlock,VerticalSilicaBlock,,,log,1,4,4,,,,1,1,1,0,0,2,,,,1,40,10.5,1,0,,0,,414,10000,0,0,414,10000,,,,1,15,0,,1,silica_block_lines,,,blocks.stone,blockd.stone,,414,2,1,,d6dccf,,,,,4,,1,15,15,,6,,,10,,,,,,,2,,255,0,1,,0.2,,1,
415,星能块,,StarenergyBlock,StarenergyBlock,,,powerbasic,1,5,5,,,,1,1,1,0,0,0,,,,1,40,15,1,0,,0,,415,10000,0,0,415,10000,,,,1,15,0,,1,starenergy_block,,,blocks.stone,blockd.stone,,415,2,1,,63b9ce,,,,,,,1,15,15,,6,,,10,,,,,,,0,,255,0,1,,24,,,2
416,凝能块,,CondensedEnergyBlock,CondensedEnergyBlock,,,basic,1,4,4,,,,1,1,1,0,0,0,,,,1,40,13,1,1,5,1,,416,10000,0,0,416,10000,,,,1,15,4,,1,gashydrate_block,,,blocks.stone,blockd.stone,,416,2,1,,81c9fb,,,,,,,1,15,15,,6,,,10,,,,,,,0,6999a0,255,0,1,,24,,1,
417,缠丝玛瑙块,,KyaniteBlock,KyaniteBlock,,,basic,1,4,4,,,,1,1,1,0,0,0,,,,1,160,21.6,1,0,,0,,417,10000,0,0,417,10000,,,,1,15,0,,1,kyanite_block,,,blocks.stone,blockd.stone,,417,2,1,,6b8e23,,,,,,,1,15,15,,6,,,10,,,,,,,0,,255,0,1,,24,,1,
418,地板,,WoodFloor,WoodFloor,,,basic,1,4,4,,,,1,1,1,0,0,0,,,,1,25,6,1,2,20,2,,418,10000,0,0,418,10000,,,,2,15,0,,1,board_cathaya,,,blocks.wood,blockd.wood,,418,1,1,,c1a661,,,,,,,1,15,15,,1,,,1,,,,,,,0,,255,0,1,,0.2,,1,
419,秋叶橙地板,,YellowOrangeFloor,YellowOrangeFloor,,,basic,1,4,4,,,,1,1,1,0,0,0,,,,1,35,9,1,1,20,1,,419,10000,0,0,419,10000,,,,2,15,0,,1,board_fruittree,,,blocks.wood,blockd.wood,,419,1,1,,865d39,,,,,,,1,15,15,,1,,,1,,,,,,,0,,255,0,1,,2,,1,
420,海棠红地板,,LightRedFloor,LightRedFloor,,,basic,1,4,4,,,,1,1,1,0,0,0,,,,1,35,8,1,1,20,1,,420,10000,0,0,420,10000,,,,2,15,0,,1,board_redwood,,,blocks.wood,blockd.wood,,420,1,1,,644b2b,,,,,,,1,15,15,,1,,,1,,,,,,,0,,255,0,1,,2,,1,
421,土砖,,AdobeBlock,AdobeBlock,,,basic,1,4,4,,,,1,1,1,0,0,0,,,,1,20,6,1,0,,0,,421,10000,0,0,421,10000,,,,2,15,0,,1,adobe,,,blocks.stone,blockd.stone,,421,2,1,,84887e,,,,,,,1,15,15,,6,,,1,,,,,,,0,,255,0,1,,0.2,,1,
422,粗制石砖,,RoughRockBrick,RoughRockBrick,,,basic,1,4,4,,,,1,1,1,0,0,0,,,,1,75,12,1,0,,0,,422,10000,0,0,422,10000,,,,2,15,0,,1,brick_rough,,,blocks.stone,blockd.stone,,422,2,1,,84887e,,,,,,,1,15,15,,6,,,10,,,,,,,0,,255,0,1,,0.2,,1,
423,粗制黄砖,,SandstoneBlock,SandstoneBlock,,,basic,1,4,4,,,,1,1,1,0,0,0,,,,1,50,8,1,0,,0,,423,10000,0,0,423,10000,,,,2,15,0,,1,sand_slate,,,blocks.stone,blockd.stone,,423,2,1,,84887e,,,,,,,1,15,15,,6,,,1,,,,,,,0,,255,0,1,,0.2,,1,
424,精制黄砖,,SandstoneBrick,SandstoneBrick,,,basic,1,4,4,,,,1,1,1,0,0,0,,,,1,50,8,1,0,,0,,424,10000,0,0,424,10000,,,,2,15,0,,1,sand_brick,,,blocks.stone,blockd.stone,,424,2,1,,84887e,,,,,,,1,15,15,,6,,,1,,,,,,,0,,255,0,1,,2,,1,
425,釉面砖,,GlazedBlock,GlazedBlock,,,basic,1,4,4,,,,1,1,1,0,0,0,,,,1,75,12,1,0,,0,,425,10000,0,0,425,10000,,,,2,15,0,,1,glazed_tile,,,blocks.stone,blockd.stone,,425,2,1,,84887e,,,,,,,1,15,15,,6,,,10,,,,,,,0,,255,0,1,,0.5,,1,
426,横格釉面砖,,LateralGlazedBlock,LateralGlazedBlock,,,basic,1,4,4,,,,1,1,1,0,0,0,,,,1,75,12,1,0,,0,,426,10000,0,0,426,10000,,,,2,15,0,,1,glazed_tile_1,,,blocks.stone,blockd.stone,,426,2,1,,84887e,,,,,,,1,15,15,,6,,,10,,,,,,,0,,255,0,1,,0.5,,1,
427,竖格釉面砖,,VerticalGlazedBlock,VerticalGlazedBlock,,,basic,1,4,4,,,,1,1,1,0,0,0,,,,1,75,12,1,0,,0,,427,10000,0,0,427,10000,,,,2,15,0,,1,glazed_tile_2,,,blocks.stone,blockd.stone,,427,2,1,,84887e,,,,,,,1,15,15,,6,,,10,,,,,,,0,,255,0,1,,2,,1,
428,四格釉面砖,,GridGlazedBlock,GridGlazedBlock,,,basic,1,4,4,,,,1,1,1,0,0,0,,,,1,75,12,1,0,,0,,428,10000,0,0,428,10000,,,,2,15,0,,1,glazed_tile_3,,,blocks.stone,blockd.stone,,428,2,1,,84887e,,,,,,,1,15,15,,6,,,10,,,,,,,0,,255,0,1,,2,,1,
429,不规则釉面砖,,IrregularGlazedBlock,IrregularGlazedBlock,,,basic,1,4,4,,,,1,1,1,0,0,0,,,,1,75,12,1,0,,0,,429,10000,0,0,429,10000,,,,2,15,0,,1,glazed_tile_4,,,blocks.stone,blockd.stone,,429,2,1,,84887e,,,,,,,1,15,15,,6,,,10,,,,,,,0,,255,0,1,,2,,1,
430,冰砖,,IceBrick,IceBrick,,,basic,1,4,4,,,,1,1,1,0,0,0,,,,1,20,10.5,1,0,,0,,430,10000,0,0,430,10000,,,,2,3,0,,1,ice_brick,,,blocks.stone,blockd.stone,,430,2,1,,5bc0ee,,,,,,,1,15,15,,6,,,10,,,,,,,0,,51,0,1,,0.2,,1,2
431,风铃花种子,,BellflowersSeed,BellflowersSeed,,,flowergrow,,1,,300,,,1,0,0,1,3,0,,1,2|24|24,,1,0,1,15,100,15,,431,10000,0,0,431,10000,,,,0,1,0,,1,bellflowers,,,,blockd.grass,,300,0,1,,c28907,,,1,,,,0,15,15,,1,4,,,3,0,,,,,0,,17,1,1,,0.2,,,
432,若兰花种子,,RuolanSeed,RuolanSeed,,,flowergrow,,1,,301,,,1,0,0,1,3,0,,1,2|24|24,,1,0,1,15,100,15,,432,10000,0,0,432,10000,,,,0,1,0,,1,ruolan,,,,blockd.grass,,301,0,1,,e59bbb,,,1,,,,0,15,15,,1,4,,,3,0,,,,,0,,17,1,1,,0.2,,,
433,星辰花种子,,StarFlowerSeed,StarFlowerSeed,,,flowergrow,,1,,302,,,1,0,0,1,3,0,,1,2|24|24,,1,0,1,15,100,15,,433,10000,0,0,433,10000,,,,0,1,0,,1,starflower,,,,blockd.grass,,302,0,1,,c2c000,,,1,,,,0,15,15,,1,4,,,3,0,,,,,0,,17,1,1,,0.2,,,
434,龙血花种子,,DragonFlowerSeed,DragonFlowerSeed,,,flowergrow,,1,,303,,,1,0,0,1,3,0,,1,2|24|24,,1,0,1,15,100,15,,434,10000,0,0,434,10000,,,,0,1,0,,1,dragonflower,,,,blockd.grass,,303,0,1,,b12a0d,,,1,,,,0,15,15,,1,4,,,3,0,,,,,0,,17,1,1,,0.2,,,
435,风信子种子,,HyacinthSeed,HyacinthSeed,,,flowergrow,,1,,304,,,1,0,0,1,3,0,,1,2|24|24,,1,0,1,15,100,15,,435,10000,0,0,435,10000,,,,0,1,0,,1,hyacinth,,,,blockd.grass,,304,0,1,,4796ba,,,1,,,,0,15,15,,1,4,,,3,0,,,,,0,,17,1,1,,0.2,,,
436,龙爪草种子,,DragonGrassSeed,DragonGrassSeed,,,flowergrow,,1,,305,,,1,0,0,1,3,0,,1,2|24|24,,1,0,1,15,100,15,,436,10000,0,0,436,10000,,,,0,1,0,,1,dragongrass,dragongrassseed,,,blockd.grass,,305,0,1,,9e6b06,,,1,,,,0,15,15,,1,4,,,3,0,,,,,0,,17,1,1,,0.2,,,
437,龙血树种子,,DragonTreeSeed,DragonTreeSeed,,,flowergrow,,1,,306,,,1,0,0,1,3,0,,1,2|24|24,,1,0,1,15,100,15,,437,10000,0,0,437,10000,,,,0,1,0,,1,dragontree,dragontreeseed,,,blockd.grass,,306,0,1,,e99416,,,1,,,,0,15,15,,1,4,,,3,0,,,,,0,,17,1,1,,0.2,,,
438,红色忘忧草种子,,RedMagueySeed,RedMagueySeed,,,flowergrow,,1,,307,,,1,0,0,1,3,0,,1,2|24|24,,1,0,1,15,100,15,,438,10000,0,0,438,10000,,,,0,1,0,,1,redagave,agaveseed,,,blockd.grass,,307,0,1,,ed003d,,,1,,,,0,15,15,,1,4,,,3,0,,,,,0,,17,1,1,,0.2,,,
439,橙色忘忧草种子,,OrangeMagueySeed,OrangeMagueySeed,,,flowergrow,,1,,308,,,1,0,0,1,3,0,,1,2|24|24,,1,0,1,15,100,15,,439,10000,0,0,439,10000,,,,0,1,0,,1,orangeagave,agaveseed,,,blockd.grass,,308,0,1,,fa4100,,,1,,,,0,15,15,,1,4,,,3,0,,,,,0,,17,1,1,,0.2,,,
440,灰色忘忧草种子,,GreyMagueySeed,GreyMagueySeed,,,flowergrow,,1,,309,,,1,0,0,1,3,0,,1,2|24|24,,1,0,1,15,100,15,,440,10000,0,0,440,10000,,,,0,1,0,,1,grayagave,agaveseed,,,blockd.grass,,309,0,1,,e3c2c6,,,1,,,,0,15,15,,1,4,,,3,0,,,,,0,,17,1,1,,0.2,,,
441,粉色忘忧草种子,,PinkMagueySeed,PinkMagueySeed,,,flowergrow,,1,,310,,,1,0,0,1,3,0,,1,2|24|24,,1,0,1,15,100,15,,441,10000,0,0,441,10000,,,,0,1,0,,1,pinkagave,agaveseed,,,blockd.grass,,310,0,1,,e099b3,,,1,,,,0,15,15,,1,4,,,3,0,,,,,0,,17,1,1,,0.2,,,
442,雪滴花种子,,WhiteFlowerSeed,WhiteFlowerSeed,,,flowergrow,,1,,311,,,1,0,0,1,3,0,,1,2|24|24,,1,0,1,15,100,15,,442,10000,0,0,442,10000,,,,0,1,0,,1,whitemums,,,,blockd.grass,,311,0,1,,d7c0a8,,,1,,,,0,15,15,,1,4,,,3,0,,,,,0,,17,1,1,,0.2,,,
443,黄钟花种子,,YellowFlowerSeed,YellowFlowerSeed,,,flowergrow,,1,,312,,,1,0,0,1,3,0,,1,2|24|24,,1,0,1,15,100,15,,443,10000,0,0,443,10000,,,,0,1,0,,1,yellowelder,,,,blockd.grass,,312,0,1,,f2bd27,,,1,,,,0,15,15,,1,4,,,3,0,,,,,0,,17,1,1,,0.2,,,
444,月季种子,,RosebushSeed,RosebushSeed,,,flowergrow,,1,,313,,,1,0,0,1,3,0,,1,2|24|24,,1,0,1,15,100,15,,444,10000,0,0,444,10000,,,,0,1,0,,1,rose,,,,blockd.grass,,313,0,1,,de100a,,,1,,,,0,15,15,,1,4,,,3,0,,,,,0,,17,1,1,,0.2,,,
445,星瞳矿石,,HorasCopperOre,HorasCopperOre,,,minestone,1,3,3,,,,1,1,1,0,0,0,,,,1,50,30,1,0,,0,,11073,10000,0,0,11073,0,22,10000,"3,4",1,15,4,1,1,xingtong,xingtong1,,blocks.stone,blockd.stone,,445,2,6,,ff7f00,,,,,,,1,15,15,,6,,,25,4,,,,,block_knock_line,0,f8c100,255,0,1,,4,,1,2
446,紫荧矿石,,HorasGravitiOre,HorasGravitiOre,,,minestone,1,3,3,,,,1,1,1,0,0,0,,,,1,50,30,1,0,,0,,11074,10000,0,0,11074,0,33,10000,"6,8",1,15,4,1,1,ziying,ziying1,,blocks.stone,blockd.stone,,446,2,6,,e16aff,,,,,,,1,15,15,,6,,,20,4,,,,,block_knock_line,0,c676e3,255,0,1,,4,,1,2
447,神秘化石,,MisteriousFossil,MisteriousFossil,,,jar,1,3,3,,,,1,1,1,0,0,0,,,,1,200,60,1,0,,0,,0,0,0,0,0,0,,,,1,1,4,,1,mysterious_fossil,mysterious_fossil,,blocks.stone,blockd.stone,,447,2,1,,252221,,,,,1,,1,15,15,,6,,,20,3,,,,,,0,4aa2af,17,0,1,,0,,1,2
448,石油块,,SolidOil,SolidOil,,,rockoil,1,3,3,,,,1,1,1,0,0,0,,,,1,25,15,1,0,,0,,448,10000,0,0,448,10000,,,,1,15,0,,1,rock_oil,,,blocks.stone,blockd.stone,,448,2,1,,252221,,,,,,,1,15,15,,1,,,10,,,,,,,0,,255,0,1,,24,,1,
449,星瞳石块,,HorasCopperBlock,HorasCopperBlock,,,giantstone,1,3,3,,,,1,1,1,0,0,0,,,,1,200,35,1,0,,0,,449,10000,0,0,449,10000,,,,1,15,5,,1,horascopper_block,,,blocks.stone,blockd.stone,,449,2,1,,ffa027,,,,,,,1,15,15,,6,,,30,,,,,,,0,f8c100,255,0,1,,24,,1,2
450,紫荧石块,,HorasGravitiBlock,HorasGravitiBlock,,,giantstone,1,3,3,,,,1,1,1,0,0,0,,,,1,160,35,1,0,,0,,450,10000,0,0,450,10000,,,,1,15,5,,1,gravityblock,,,blocks.stone,blockd.stone,,450,2,1,,9341d9,,,,,,,1,15,15,,6,,,25,,,,,,,0,c676e3,255,0,1,,24,,1,2
451,铜矿,,BrassOre,BrassOre,,,minestone,1,3,3,,,,1,1,1,0,0,0,,,,1,50,10,1,0,,0,,451,10000,0,0,451,0,,,,1,15,0,1,1,tong,tong1,,blocks.stone,blockd.stone,,451,2,1,,6c4729,,,,,,,1,15,15,,6,,,10,4,,,,,block_knock_line,0,,255,0,1,,4,,1,2
452,钛矿,,TitaniumOre,TitaniumOre,,,minestonediffmtl,1,3,3,,,,1,1,1,0,0,0,,,,1,50,30,1,0,,0,,452,10000,0,0,452,0,,,,1,15,0,1,1,tai,tai,,blocks.stone,blockd.stone,,452,2,4,,6c4729,,,,,,,1,15,15,,6,,,20,4,,,,,block_knock_line,0,,255,0,1,,12,,1,2
453,攻击符文矿石,,AttackRuneOre,AttackRuneOre,,,minestonerune,1,3,3,,,,1,1,1,0,0,0,,,,1,50,12,1,0,,0,,453,10000,0,0,453,0,,,,1,15,0,1,1,runestone_attack,runestone_attack1,,blocks.stone,blockd.stone,,453,2,3,,6c4729,,,,,1,,1,15,15,,6,,,10,4,,,,,block_knock_line,0,ff9b75,255,0,1,,0,,1,2
454,防御符文矿石,,DefenseRuneOre,DefenseRuneOre,,,minestonerune,1,3,3,,,,1,1,1,0,0,0,,,,1,50,12,1,0,,0,,454,10000,0,0,454,0,,,,1,15,0,1,1,runestone_defence,runestone_defence1,,blocks.stone,blockd.stone,,454,2,3,,6c4729,,,,,1,,1,15,15,,6,,,10,4,,,,,block_knock_line,0,85cfff,255,0,1,,0,,1,2
455,符文矿石,,EfficiencyRuneOre,EfficiencyRuneOre,,,minestonerune,1,3,3,,,,1,1,1,0,0,0,,,,1,50,12,1,0,,0,,455,10000,0,0,455,0,,,,1,15,0,1,1,runestone_efficiency,runestone_efficiency1,,blocks.stone,blockd.stone,,455,2,1,,6c4729,,,,,1,,1,15,15,,6,,,10,4,,,,,block_knock_line,0,ffee79,255,0,1,,0,,1,2
456,黄铜块,,BrassBlock,BrassBlock,,,basic,1,4,4,,,,1,1,1,0,0,0,,,,1,200,14.4,1,0,,0,,456,10000,0,0,456,10000,,,,1,15,0,,1,brass_block,,,blocks.stone,blockd.stone,,456,2,1,,b5a642,,,,,,,1,15,15,,1,,,10,,,,,,,0,,255,0,1,,24,26,1,
457,钛合金块,,TitaniumBlock,TitaniumBlock,,,giantstone,1,4,4,,,,1,1,1,0,0,0,,,,1,200,35,1,0,,0,,457,10000,0,0,457,10000,,,,1,15,0,,1,titanium_block,,,blocks.stone,blockd.stone,,457,2,1,,ffffff,,,,,,,1,15,15,,1,,,20,,,,,,,0,,255,0,1,,72,26,1,
458,仙人掌幼苗,,CactusSeedlings,CactusSeedlings,,,cactussmallseed,,,,,,,1,1,0,1,3,0,,1,1|24,,1,0,1,5,100,5,,11420,10000,0,0,11420,10000,,,,0,1,0,,1,cactus,cactus,,,blockd.cloth,,11420,1,1,,6e8f41,,,1,,,,0,15,15,,1,5,,1,3,,,,,,0,,17,1,1,,0.2,,,
459,仙人掌苗,,CactusSeedlings,CactusSeedlings,,,cactusseed,,,,,,,1,1,0,1,3,0,,1,1|24,,1,0,1,5,100,5,,11420,10000,0,0,11420,10000,,,,0,1,0,,1,cactus,cactus,,blockd.cloth,blockd.cloth,,11420,1,1,,6e8f41,,,1,,,,1,15,15,,1,,,1,3,,,,,,0,,17,1,1,,0.2,,,
460,仙人掌花方块,,CactusFlower,CactusFlower,,,cactusflower,,,,,,,1,1,0,1,3,0,,,,,1,0,1,5,100,5,,12612,10000,0,0,12612,10000,,,,0,1,0,,1,cactus,cactus,,blockd.cloth,blockd.cloth,,12612,1,1,,e099b3,,,1,,,,1,15,15,,1,,,1,3,,,,,,0,,17,1,1,,0.2,,,
461,仙人掌果实方块,,CactusFruit,CactusFruit,,,cactusfruit,,,,,,,1,1,0,1,3,0,,,,,1,0,1,5,100,5,,12613,10000,0,0,12613,10000,,,,0,1,0,,1,cactus,cactus,,blockd.cloth,blockd.cloth,,12613,1,1,,6e8f41,,,1,,,,1,15,15,,1,,,1,3,,,,,,0,,17,1,1,,0.2,,,
462,鸵鸟蛋,,OstrichEgg,OstrichEgg,,,ostrichegg,1,5,,,,,1,1,1,2,0,0,,,,,1,1,1,0,,0,,0,0,0,0,0,0,,,,0,1,0,,1,ostrich_egg,ostrich_egg,,blockd.cloth,blockd.cloth,,0,0,1,,d7c0a8,,,1,,,,1,15,15,,1,,,,2,,,,,,0,,17,2,1,,0.2,,,
463,仙人掌分支,,CactusBranch,CactusBranch,,,cactusbranch,,,,,,,1,1,0,1,3,0,,,,,1,1,1,5,100,5,,242,10000,0,0,242,10000,,,,0,1,0,,1,cactus,cactus,,blockd.cloth,blockd.cloth,,242,1,1,,6e8f41,,,1,,,,1,15,15,,1,,,1,2,,,,,,0,,17,1,1,,0.2,,,
464,菌丝体,,Mycelium,Mycelium,,,mycelium,,,,,,,1,0,0,1,3,0,,1,1|24,,1,0,1,10,100,10,,0,0,0,0,0,0,,,,0,1,0,,1,mycelium,mycelium,,,blockd.grass,,0,0,0,,f3edcc,0.1,,1,,,,0,15,15,,1,,,,2,,,,,,0,,17,1,1,,0.2,,,
465,洋红毒菇,,RedPoisonousMushroom,RedPoisonousMushroom,,,mushroom,,1,1,,,,1,0,0,1,3,0,,,,,1,0,1,10,100,10,,465,10000,0,0,465,10000,,,,0,1,0,,1,mushroom_redPoisonous,mushroom_redPoisonous,,,blockd.grass,,465,0,1,,dd14e4,0.1,,1,,,,0,15,15,,1,,,,1,,,,,,0,,17,1,1,,0.2,,,
466,星光孢子饲料,,Horassporefodder,Horassporefodder,,,feedpan,1,4,,,,,1,0,0,0,3,0,,,,,5,0,1,0,,0,,0,0,0,0,0,0,,,,2,1,3,,1,feedpan1,feedpan,,blocks.cloth,blockd.cloth,,1020,0,1,,7c6037,,,1,,,,0,15,15,,1,,,,3,,,,,,0,,17,0,1,,0,,,2
467,变异土笋饲料,,Mutationfodder,Mutationfodder,,,feedpan,1,4,,,,,1,0,0,0,3,0,,,,,5,0,1,0,,0,,0,0,0,0,0,0,,,,2,1,3,,1,feedpan2,feedpan,,blocks.cloth,blockd.cloth,,1020,0,1,,bf6717,,,1,,,,0,15,15,,1,,,,3,,,,,,0,,17,0,1,,0,,,2
468,变异紫苏饲料,,PerillaMutationfodder,PerillaMutationfodder,,,feedpan,1,4,,,,,1,0,0,0,3,0,,,,,5,0,1,0,,0,,0,0,0,0,0,0,,,,2,1,3,,1,feedpan3,feedpan,,blocks.cloth,blockd.cloth,,1020,0,1,,ec4608,,,1,,,,0,15,15,,1,,,,3,,,,,,0,,17,0,1,,0,,,2
469,棉花树,,WildCottonTree,WildCottonTree,,,shrub,,,,,,,1,0,0,1,3,0,,1,2|24|24,,1,0,1,15,100,15,,12600,10000,0,0,12600,10000,,,,0,1,0,,1,homeshrub,homeshrub,,,blockd.grass,,12600,1,1,,418129,0.12,,1,,,,0,15,15,,1,,,1,2,,,,,,0,,17,1,1,,0,,,
470,问号方块,,MysteriousBlock,MysteriousBlock,,,basic_model,,,,,,,1,1,1,2,0,0,,,,,200,40,1,0,,0,,0,0,0,0,0,0,,,,1,0,0,,1,unknown,,,,blockd.stone,,0,2,1,,81c9fb,,,,,,,1,15,15,,6,,,10,,,,,,,1,,0,2,1,,0,,1,
471,问号方块,,MysteriousBlock,MysteriousBlock,,,basic_model,,,,,,,1,1,1,2,0,0,,,,,200,40,1,0,,0,,0,0,0,0,0,0,,,,1,0,0,,1,unknown,,,,blockd.stone,,0,2,1,,81c9fb,,,,,,,1,15,15,,6,,,10,,,,,,,1,,0,2,1,,0,,1,
472,问号方块,,MysteriousBlock,MysteriousBlock,,,basic_model,,,,,,,1,1,1,2,0,0,,,,,200,40,1,0,,0,,0,0,0,0,0,0,,,,1,0,0,,1,unknown,,,,blockd.stone,,0,2,1,,81c9fb,,,,,,,1,15,15,,6,,,10,,,,,,,1,,0,2,1,,0,,1,
473,问号方块,,MysteriousBlock,MysteriousBlock,,,basic_model,,,,,,,1,1,1,2,0,0,,,,,200,40,1,0,,0,,0,0,0,0,0,0,,,,1,0,0,,1,unknown,,,,blockd.stone,,0,2,1,,81c9fb,,,,,,,1,15,15,,6,,,10,,,,,,,1,,0,2,1,,0,,1,
474,问号方块,,MysteriousBlock,MysteriousBlock,,,basic_model,,,,,,,1,1,1,2,0,0,,,,,200,40,1,0,,0,,0,0,0,0,0,0,,,,1,0,0,,1,unknown,,,,blockd.stone,,0,2,1,,81c9fb,,,,,,,1,15,15,,6,,,10,,,,,,,1,,0,2,1,,0,,1,
475,问号方块,,MysteriousBlock,MysteriousBlock,,,basic_model,,,,,,,1,1,1,2,0,0,,,,,200,40,1,0,,0,,0,0,0,0,0,0,,,,1,0,0,,1,unknown,,,,blockd.stone,,0,2,1,,81c9fb,,,,,,,1,15,15,,6,,,10,,,,,,,1,,0,2,1,,0,,1,
476,胡杨苗,,PopulusEuphraticaSeedlings,PopulusEuphraticaSeedlings,,,populussapling,,,,,,,1,0,0,0,3,0,,1,2|24|24,,1,0,1,5,60,5,,11421,10000,0,0,11421,10000,,,,0,1,0,,1,sapling_populus,sapling_populus,,,blockd.grass,,11421,1,1,,7c6037,,,1,,,,0,15,15,,1,,,1,3,,,,,,0,,17,0,1,,0.2,,,
477,胡杨原木,,PopulusEuphraticaLogs,PopulusEuphraticaLogs,,,logpopulus,1,1,1,,,,1,1,1,0,0,0,,,,1,25,6,1,2,100,2,,11323,20000,0,0,11323,20000,,,,2,15,0,,1,log_populus,,,blocks.wood,blocks.wood,,477,1,1,,daa520,,,,,,,1,15,15,,1,,,1,,,,,,,0,,255,0,1,,0.2,,,
478,粗胡杨树枝,,PopulusEuphraticaBranches,PopulusEuphraticaBranches,,,branchpopulus,1,1,1,,,,1,1,1,1,0,0,,,,,35,1,1,15,60,15,,11323,3000,0,0,11323,3000,,,,2,1,0,,1,log_populus,branchthick,,blocks.wood,blockd.wood,,478,1,1,,daa520,,,,,,,1,15,15,,1,,,1,,,,,,,0,,17,1,1,,0.2,,,
479,细胡杨树枝,,PopulusEuphraticaBranches,PopulusEuphraticaBranches,,,branchpopulus,1,1,1,,,,1,1,1,1,0,0,,,,,35,1,1,15,60,15,,11323,2000,0,0,11323,2000,,,,2,1,0,,1,log_populus,branchthin,,blocks.wood,blockd.wood,,479,1,1,,daa520,,,,,,,1,15,15,,1,,,1,,,,,,,0,,17,1,1,,0.2,,,
480,胡杨叶,,PopulusEuphraticaLeaves,PopulusEuphraticaLeaves,,,grayleafpopulus,1,1,1,,,,1,1,3,0,0,0,,,,,3,0,1,15,100,15,,480,1500,11421,1000,480,1500,,,,0,10,0,1,1,leaves_populus,,,blocks.grass,blockd.grass,,480,1,1,,ffd700,,,1,,,,0,15,15,,1,,,1,4,,,block_knock_sy_1,block_knock_sy_2,,0,,170,0,1,,0.2,,,
481,胡杨花方块,,PopulusEuphratica,PopulusEuphratica,,,populusflower,,,,,,,1,1,1,1,0,0,,,,,1,0,1,15,60,15,,12610,10000,0,0,12610,10000,,,,0,5,0,,1,flower_populus,flower_populus,,blocks.grass,blockd.grass,,12610,1,1,,7f2c37,,,1,,,,1,15,15,,1,,,1,2,0,,,,,0,,85,1,1,,0,,,
482,胡杨泪方块,,PopulusEuphraticaEears,PopulusEuphraticaEears,,,populustears,,,,,,,1,1,1,1,0,0,,,,,2,0,1,0,,0,,12611,10000,0,0,12611,10000,,,,0,5,1,,1,liquid_populus,liquid_populus,,,blockd.stone,,12611,2,1,,8c4006,,,1,,,,1,15,15,,1,,,1,2,,,,,,0,,85,1,1,,0,,,
483,壁画,,Mural,Mural,,,mural,1,4,,,,,1,0,1,1,3,2,,,,,10,2,1,0,,0,,483,10000,0,0,483,10000,,,,2,1,0,,1,mural_1_1,mural,,,blockd.stone,,483,2,1,,d3946b,,,,,4,,0,15,15,,1,,,1,3,,,,,,0,,17,1,1,,0.2,,,
484,帐篷,,Shelter,Shelter,,,canvas,1,4,,,,,1,1,1,2,0,2,,,,,100,10,1,0,,0,,484,10000,0,0,484,10000,,,,0,1,0,,1,shelter,shelter,,,blockd.wood,,484,1,1,,daa520,,,,,4,,1,15,15,,1,,1,10,3,,,,,,0,,17,2,1,,1,,,2
485,珊瑚幼体,,CoralSeedling,CoralSeedling,,,newcorallarva,,,,,,,1,0,3,1,3,0,,1,1|48,,2,1,1,0,,15,,11915,10000,0,0,11915,10000,,,,0,1,2,,1,coralseedling,coralseedling,,,blockd.grass,,11915,2,1,,FF00FF,,,1,,,,0,15,15,,1,,,1,,,,,,,0,bfb59a,17,1,1,,0,,,2
486,角珊瑚,,HornCoral,HornCoral,,,newcoral,1,4,4,,,,1,0,3,2,3,0,,,,,5,8,1,0,,5,,486,10000,0,0,486,10000,,,,1,1,5,,1,horncoral,horncoral,,,blockd.stone,,486,2,2,,fcb8c9,,,1,,,,0,15,15,,1,,,1,2,,,,,,0,e3aa88,17,0,1,,0.2,,,2
487,白化角珊瑚,,DeadHornCoral,DeadHornCoral,,,newcoralbleaching,1,4,4,,,,1,0,3,2,3,0,,,,,5,6,1,0,,5,,487,10000,0,0,487,10000,,,,1,1,0,,1,deadhorncoral,horncoral,,,blockd.stone,,487,2,2,,FFF0F5,,,1,,,,0,15,15,,1,,,1,2,,,,,,0,,17,0,1,bubblecoral_mix,0.2,,,2
488,气泡珊瑚,,BubbleCoral,BubbleCoral,,,newcoral,1,4,4,,,,1,0,3,2,3,0,,,,,5,8,1,0,,5,,488,10000,0,0,488,10000,,,,1,1,5,,1,bubblecoral,bubblecoral,,,blockd.stone,,488,2,2,,ba94e9,,,1,,,,0,15,15,,1,,,1,2,,,,,,0,ac9abf,17,0,1,bubblecoral_mix,0.2,,,
489,白化气泡珊瑚,,DeadBubbleCoral,DeadBubbleCoral,,,newcoralbleaching,1,4,4,,,,1,0,3,2,3,0,,,,,5,6,1,0,,5,,489,10000,0,0,489,10000,,,,1,1,0,,1,deadbubblecoral,bubblecoral,,,blockd.stone,,489,2,2,,FFF0F5,,,1,,,,0,15,15,,1,,,1,2,,,,,,0,,17,0,1,,0.2,,,
490,圆盘珊瑚,,DiscCoral,DiscCoral,,,newcoral,1,4,4,,,,1,0,3,2,3,0,,,,,5,8,1,0,,5,,490,10000,0,0,490,10000,,,,1,1,5,,1,disccoral,disccoral,,,blockd.stone,,490,2,2,,dcb1c6,,,1,,,,0,15,15,,1,,,1,2,,,,,,0,d69ecc,17,0,1,,0.2,,,2
491,白化圆盘珊瑚,,DeadDiscCoral,DeadDiscCoral,,,newcoralbleaching,1,4,4,,,,1,0,3,2,3,0,,,,,5,6,1,0,,5,,491,10000,0,0,491,10000,,,,1,1,0,,1,deaddisccoral,disccoral,,,blockd.stone,,491,2,2,,FFF0F5,,,1,,,,0,15,15,,1,,,1,2,,,,,,0,,17,0,1,,0.2,,,2
492,树珊瑚,,TreeCoral,TreeCoral,,,newcoral,1,4,4,,,,1,0,3,2,3,0,,,,,5,8,1,0,,5,,492,10000,0,0,492,10000,,,,1,1,5,,1,treecoral,treecoral,,,blockd.stone,,492,2,2,,d57b70,,,1,,,,0,15,15,,1,,,1,2,,,,,,0,a19abf,17,0,1,,0.2,,,2
493,白化树珊瑚,,DeadTreeCoral,DeadTreeCoral,,,newcoralbleaching,1,4,4,,,,1,0,3,2,3,0,,,,,5,6,1,0,,5,,493,10000,0,0,493,10000,,,,1,1,0,,1,deadtreecoral,treecoral,,,blockd.stone,,493,2,2,,FFF0F5,,,1,,,,0,15,15,,1,,,1,2,,,,,,0,,17,0,1,,0.2,,,2
494,荧光棒藻幼苗,,GlowSticksAlgaeSeed,GlowSticksAlgaeSeed,,,glowsticksalgaeseed,,,,495,,,1,0,1,1,3,0,,1,1|48,,1,8,1,0,,15,,11658,10000,0,0,11658,10000,,,,0,1,0,,1,glowsticks_seed,glowsticks_seed,,,blockd.grass,,11658,3,1,,98FB98,,,1,,,,0,15,15,,1,,,,2,,,,,,0,,17,1,1,,0.2,,,
495,荧光棒藻,,GlowSticksAlgae,GlowSticksAlgae,,,glowsticksalgae,,,,,,,1,0,1,1,3,0,,,,,2,10,1,0,,10,,11656,10000,0,0,11656,10000,,,,1,1,5,,1,glowsticks_algae,glowsticks_algae,,,blockd.grass,,495,3,1,,F0E68C,,,1,,,,0,15,15,,1,,,,2,,,,,,0,dab50f,17,1,1,,0.2,,,2
496,发光的荧光棒方块,,GlowStickLight,GlowStickLight,,,glowstick,,,,,,,1,0,3,2,0,0,,,,,1,15,1,0,,0,,11658,10000,0,0,11658,10000,,,,0,1,5,,1,glowsticks_algae,glowstick,,,blockd.grass,,11658,1,1,,FFD700,,,1,,,,2,15,15,,1,,,10,2,,,,,,0,dab50f,17,1,1,,0.2,,,2
497,耗尽的荧光棒方块,,GlowStickExhaustion,GlowStickExhaustion,,,glowstick,,,,,,,1,0,3,2,0,0,,,,,1,15,1,0,,0,,11658,10000,0,0,11658,10000,,,,0,1,0,,1,glowstick_exhaustion,glowstick,,,blockd.grass,,11658,1,1,,40E0D0,,,1,,,,2,15,15,,1,,,10,2,,,,,,0,,17,1,1,,0.2,,,
498,调色架,,ColorPalette,ColorPalette,,,colorpalette,1,5,,,,,1,1,1,2,0,2,,,,,35,15,1,2,60,60,,498,10000,0,0,498,10000,,,,2,1,0,,1,color_palette,color_palette,,,blockd.wood,,498,1,1,,DAA520,,,,,,,1,15,15,,1,,,10,,,,,,,0,,17,1,1,,0.5,26,,
499,虚空宝罐,,VoidJar,VoidJar,,,jar,,,,,,,1,0,1,2,0,0,,,,,-1,0,1,0,,0,,0,0,0,0,0,0,,,,2,1,0,,1,jar4,jar,,blocks.stone,blockd.jar,blockd.stone,0,0,1,,d6bb21,50,,,,33,,0,15,15,,1,,,,,,,,,,0,,17,2,1,,0,,1,
500,火,,Fire,Fire,,,fire,,3,3,,,,1,0,0,1,3,0,,,,,0,0,1,0,,0,,0,0,0,0,0,0,,,,0,0,15,,1,fire_3_3,fire_3_3,,,,,0,0,1,,ff0000,,,,,2,,0,8,0,10,1,,,,,,,,,,0,d4a05d,0,1,1,,0,,,
501,精制石砖,,StoneBrick,StoneBrick,,,basic,1,4,4,,,,1,1,1,0,0,0,,,,1,75,12,1,0,,0,,501,10000,0,0,501,10000,,,,2,15,0,,1,stonebrick,,,blocks.stone,blockd.stone,,501,2,1,,84887e,,,,,,,1,15,15,,6,,,10,,,,,,,0,,255,0,1,,0.2,,1,
502,裂纹石砖,,CrackedStoneBrick,CrackedStoneBrick,,,basic,1,4,4,,,,1,1,1,0,0,0,,,,1,70,12,1,0,,0,,502,10000,0,0,502,10000,,,,2,15,0,,1,stonebrick_cracked,,,blocks.stone,blockd.stone,,502,2,1,,84887e,,,,,,,1,15,15,,6,,,10,,,,,,,0,,255,0,1,,0.2,,1,
503,青石砖,,MossRockBrick,MossRockBrick,,,basic,1,4,4,,,,1,1,1,0,0,0,,,,1,70,12,1,0,,0,,503,10000,0,0,503,10000,,,,2,15,0,,1,stonebrick_mossy,,,blocks.stone,blockd.stone,,503,2,1,,6e7463,,,,,,,1,15,15,,6,,,10,,,,,,,0,,255,0,1,,0.2,,1,
504,花纹岩石砖,,PatternedStoneBrick,PatternedStoneBrick,,,basic,1,4,4,,,,1,1,1,0,0,2,,,,1,75,12,1,0,,0,,504,10000,0,0,504,10000,,,,2,15,0,,1,stonebrick_carved,,,blocks.stone,blockd.stone,,504,2,1,,84887e,,,,,,,1,15,15,,6,,,10,,,,,,,0,,255,0,1,,0.2,,1,
505,碎石块,,Rock,Rock,,,basic,1,4,4,,,,1,1,1,0,0,0,,,,1,50,12,1,0,,0,,505,10000,0,0,505,10000,,,,2,15,0,,1,rock,,,blocks.stone,blockd.stone,,505,2,1,,939188,,,,,,,1,15,15,,6,,,10,,,,,,,0,,255,0,1,,0.2,,1,
506,青石薄板,,StoneStep,StoneStep,,,slab,1,4,4,,,,1,1,3,0,0,1,,,,,50,12,1,0,,0,,506,10000,0,0,506,10000,,,,2,15,0,,1,stone_slab,,,blocks.stone,blockd.stone,,506,2,1,,84887e,,,,,,,2,15,15,,1,,,10,,,,,,,0,,255,0,1,,0.2,,,
507,黄砖薄板,,SandstoneStep,SandstoneStep,,,slab,1,4,4,,,,1,1,3,0,0,1,,,,,50,12,1,0,,0,,507,10000,0,0,507,10000,,,,2,15,0,,1,sandstone,sandstone_normal,,blocks.stone,blockd.stone,,507,2,1,,eec679,,,,,,,2,15,15,,1,,,10,,,,,,,0,,255,0,1,,0.2,,,
508,调色架（挂墙）,,ColorPaletteOnWall,ColorPaletteOnWall,,,colorpalette,,,,,,,1,1,1,2,,2,,,,,35,15,1,2,60,60,,498,10000,0,0,498,10000,,,,2,1,0,,1,color_palette,color_palette,,,blockd.wood,,498,1,1,,DAA520,,,,,,,1,15,15,,1,,,10,3,,,,,,0,,17,2,1,,0.5,26,,
509,石质薄板,,RockStep,RockStep,,,slab,1,4,4,,,,1,1,3,0,0,1,,,,,50,12,1,0,,0,,509,10000,0,0,509,10000,,,,2,15,0,,1,rock,,,blocks.stone,blockd.stone,,509,2,1,,939188,,,,,,,2,15,15,,1,,,10,,,,,,,0,,255,0,1,,0.2,,,
510,水泥砖薄板,,CementBrickStep,CementBrickStep,,,slab,1,4,4,,,,1,1,3,0,0,1,,,,,50,12,1,0,,0,,510,10000,0,0,510,10000,,,,2,15,0,,1,brick,,,blocks.stone,blockd.stone,,510,2,1,,84887e,,,,,,,2,15,15,,1,,,10,,,,,,,0,,255,0,1,,0.2,,,
511,精制石薄板,,RockBrickStep,RockBrickStep,,,slab,1,4,4,,,,1,1,3,0,0,1,,,,,75,12,1,0,,0,,511,10000,0,0,511,10000,,,,2,15,0,,1,stonebrick,,,blocks.stone,blockd.stone,,511,2,1,,84887e,,,,,,,2,15,15,,1,,,10,,,,,,,0,,255,0,1,,0.2,,,
512,硫黄砖薄板,,SulfurBrickStep,SulfurBrickStep,,,slab,1,4,4,,,,1,1,3,0,0,1,,,,,40,12,1,0,,0,,512,10000,0,0,512,10000,,,,2,15,0,,1,sulfur_brick,,,blocks.stone,blockd.stone,,512,2,1,,8e452a,,,,,,,2,15,15,,1,,,10,,,,,,,0,,255,0,1,,0.2,,,
513,云母薄板,,SilicaStep,SilicaStep,,,slab,1,4,4,,,,1,1,3,0,0,1,,,,,40,12,1,0,,0,,513,10000,0,0,513,10000,,,,2,15,0,,1,silica_block,,,blocks.stone,blockd.stone,,513,2,1,,afb8b3,,,,,,,2,15,15,,1,,,10,,,,,,,0,,255,0,1,,0.2,,,
514,薄板,,WoodStep,WoodStep,,,slab,1,4,4,,,,1,1,3,0,0,1,,,,,25,6,1,2,20,2,,514,10000,0,0,514,10000,,,,2,15,0,,1,planks_fruittree,,,blocks.wood,blockd.wood,,514,1,1,,c1a661,,,,,,,2,15,15,,1,,,1,,,,,,,0,,255,0,1,,0.2,,,
515,秋叶橙薄板,,YellowOrangeStep,YellowOrangeStep,,,slab,1,4,4,,,,1,1,3,0,0,1,,,,,35,9,1,1,20,1,,515,10000,0,0,515,10000,,,,2,15,0,,1,planks_cathaya,,,blocks.wood,blockd.wood,,515,1,1,,865d39,,,,,,,2,15,15,,1,,,1,,,,,,,0,,255,0,1,,0.2,,,
516,象牙白薄板,,WhiteStep,WhiteStep,,,slab,1,4,4,,,,1,1,3,0,0,1,,,,,32,7,1,2,20,2,,516,10000,0,0,516,10000,,,,2,15,0,,1,planks_birch,,,blocks.wood,blockd.wood,,516,1,1,,dfdbc2,,,,,,,2,15,15,,1,,,1,,,,,,,0,,255,0,1,,0.2,,,
517,海棠红薄板,,LightRedStep,LightRedStep,,,slab,1,4,4,,,,1,1,3,0,0,1,,,,,35,8,1,1,20,1,,517,10000,0,0,517,10000,,,,2,15,0,,1,planks_redwood,,,blocks.wood,blockd.wood,,517,1,1,,644b2b,,,,,,,2,15,15,,1,,,1,,,,,,,0,,255,0,1,,0.2,,,
518,落日橙薄板,,RedOrangeStep,RedOrangeStep,,,slab,1,4,4,,,,1,1,3,0,0,1,,,,,35,8,1,1,20,1,,518,10000,0,0,518,10000,,,,2,15,0,,1,planks_phoebe,,,blocks.wood,blockd.wood,,518,1,1,,be8254,,,,,,,2,15,15,,1,,,1,,,,,,,0,,255,0,1,,0.2,,,
519,深栗红薄板,,DeepRedStep,DeepRedStep,,,slab,1,4,4,,,,1,1,3,0,0,1,,,,,35,8,1,1,20,1,,519,10000,0,0,519,10000,,,,2,15,0,,1,planks_walnut,,,blocks.wood,blockd.wood,,519,1,1,,452f20,,,,,,,2,15,15,,1,,,1,,,,,,,0,,255,0,1,,0.2,,,
520,楼梯,,WoodStair,WoodStair,,,stair,1,4,4,,,,1,1,1,0,0,2,,,,,25,6,1,2,20,2,,520,10000,0,0,520,10000,,,,2,15,0,1,1,planks_fruittree,stair,,blocks.wood,blockd.wood,,520,1,1,,c1a661,,,,,4,,2,15,15,,1,,,1,,,,,,,2,,255,0,1,,0.2,,1,
521,秋叶橙楼梯,,YellowOrangeStair,YellowOrangeStair,,,stair,1,4,4,,,,1,1,1,0,0,2,,,,,35,9,1,1,20,1,,521,10000,0,0,521,10000,,,,2,15,0,1,1,planks_cathaya,stair,,blocks.wood,blockd.wood,,521,1,1,,865d39,,,,,4,,2,15,15,,1,,,1,,,,,,,2,,255,0,1,,0.2,,1,
522,象牙白楼梯,,WhiteStair,WhiteStair,,,stair,1,4,4,,,,1,1,1,0,0,2,,,,,32,7,1,2,20,2,,522,10000,0,0,522,10000,,,,2,15,0,1,1,planks_birch,stair,,blocks.wood,blockd.wood,,522,1,1,,dfdbc2,,,,,4,,2,15,15,,1,,,1,,,,,,,2,,255,0,1,,0.2,,1,
523,海棠红楼梯,,LightRedStair,LightRedStair,,,stair,1,4,4,,,,1,1,1,0,0,2,,,,,35,8,1,1,20,1,,523,10000,0,0,523,10000,,,,2,15,0,1,1,planks_redwood,stair,,blocks.wood,blockd.wood,,523,1,1,,644b2b,,,,,4,,2,15,15,,1,,,1,,,,,,,2,,255,0,1,,0.2,,1,
524,落日橙楼梯,,RedOrangeStair,RedOrangeStair,,,stair,1,4,4,,,,1,1,1,0,0,2,,,,,35,8,1,1,20,1,,524,10000,0,0,524,10000,,,,2,15,0,1,1,planks_phoebe,stair,,blocks.wood,blockd.wood,,524,1,1,,be8254,,,,,4,,2,15,15,,1,,,1,,,,,,,2,,255,0,1,,0.2,,1,
525,深栗红楼梯,,DeepRedStair,DeepRedStair,,,stair,1,4,4,,,,1,1,3,0,0,2,,,,,35,8,1,1,20,1,,525,10000,0,0,525,10000,,,,2,15,0,1,1,planks_walnut,stair,,blocks.wood,blockd.wood,,525,1,1,,452f20,,,,,4,,2,15,15,,1,,,1,,,,,,,2,,255,0,1,,0.2,,1,
526,铸铁栅栏,,MithsilverFence,MithsilverFence,,,ironfence,3,4,4,,,,1,1,1,0,0,1,,,,,60,24,1,0,,0,,526,10000,0,0,526,10000,,,,2,1,0,,1,iron_bars,ironfence,,blocks.stone,blockd.stone,,526,2,1,,5d605d,,,,,,,6,15,15,,1,,,15,,,,,,,0,,17,0,1,,1,26,,
527,黄砖楼梯,,SandstoneStair,SandstoneStair,,,stair,1,4,4,,,,1,1,1,0,0,2,,,,,40,10.5,1,0,,0,,527,10000,0,0,527,10000,,,,2,15,0,1,1,sandstone_normal,stair,,blocks.stone,blockd.stone,,527,2,1,,eec679,,,,,4,,2,15,15,,1,,,10,,,,,,,2,,255,0,1,,0.2,,1,
529,石质楼梯,,RockStair,RockStair,,,stair,1,4,4,,,,1,1,1,0,0,2,,,,,70,12,1,0,,0,,529,10000,0,0,529,10000,,,,2,15,0,1,1,rock,stair,,blocks.stone,blockd.stone,,529,2,1,,939188,,,,,4,,2,15,15,,1,,,10,,,,,,,2,,255,0,1,,0.2,,1,
530,水泥砖楼梯,,CementBrickStair,CementBrickStair,,,stair,1,4,4,,,,1,1,1,0,0,2,,,,,50,12,1,0,,0,,530,10000,0,0,530,10000,,,,2,15,0,1,1,brick,stair,,blocks.stone,blockd.stone,,530,2,1,,8d5845,,,,,4,,2,15,15,,1,,,10,,,,,,,2,,255,0,1,,0.2,,1,
531,精制石楼梯,,StoneBrickStair,StoneBrickStair,,,stair,1,4,4,,,,1,1,1,0,0,2,,,,,70,10.5,1,0,,0,,531,10000,0,0,531,10000,,,,2,15,0,1,1,stonebrick,stair,,blocks.stone,blockd.stone,,531,2,1,,84887e,,,,,4,,2,15,15,,1,,,10,,,,,,,2,,255,0,1,,0.2,,1,
532,硫黄砖楼梯,,SulfurBrickStair,SulfurBrickStair,,,stair,1,4,4,,,,1,1,1,0,0,2,,,,,40,12,1,0,,0,,532,10000,0,0,532,10000,,,,2,15,0,1,1,sulfur_brick,stair,,blocks.stone,blockd.stone,,532,2,1,,8e452a,,,,,4,,2,15,15,,1,,,10,,,,,,,2,,255,0,1,,0.2,,1,
533,云母楼梯,,SilicaStair,SilicaStair,,,stair,1,4,4,,,,1,1,1,0,0,2,,,,,40,12,1,0,,0,,533,10000,0,0,533,10000,,,,2,15,0,1,1,silica_block_top,stair,,blocks.stone,blockd.stone,,533,2,1,,afb8b3,,,,,4,,2,15,15,,1,,,10,,,,,,,2,,255,0,1,,0.2,,1,
534,木围栏,,Fence,Fence,,,fence,3,4,4,,1,,1,1,3,0,0,0,,,,,25,6,1,0,,0,,534,10000,0,0,534,10000,,,,0,1,0,,1,fence,fence,,blocks.wood,blockd.wood,,534,1,1,,c1a661,,,,,,,6,15,15,,1,,,1,,,,,,,0,,17,0,1,,0.2,,,2
535,木围栏门,,FenceGate,FenceGate,,,fencegate,3,4,,,1,,1,1,1,0,0,2,,,,,25,6,1,0,,0,,535,10000,0,0,535,10000,,,,0,1,0,,1,fencegate,fencegate,,blocks.wood,blockd.wood,,535,1,1,,c1a661,,,,,,,6,15,15,,1,,,1,,,,,,,1,,17,0,1,,0.2,,,
536,曙光石块,,DawnStone,DawnStone,,,minestone,1,4,4,,,,1,1,1,0,0,0,,,,1,10,10.5,1,0,,0,,11206,10000,11206,5000,11206,10000,15,10000,"3,4",1,1,15,1,1,shuguang1,shuguang2,,blocks.stone,blockd.stone,blockd.stone,536,2,1,,c66710,,,,,,,1,15,0,,6,,,10,4,,,,,,0,e9bf3f,17,0,1,,2,,1,2
537,硫黄砖块,,SulfurBrickBlock,SulfurBrickBlock,,,basic,1,4,4,,,,1,1,1,0,0,0,,,,1,40,10.5,1,0,,0,,537,10000,0,0,537,10000,,,,2,15,0,,1,sulfur_brick,,,blocks.stone,blockd.stone,,537,2,1,,8e452a,,,,,,,1,15,15,,6,,,10,,,,,,,0,,255,0,1,,0.2,,1,
538,硫黄砖围栏,,SulfurBrickFence,SulfurBrickFence,,,fence,3,4,4,,,,1,1,1,0,0,0,,,,,40,10,1,0,,0,,538,10000,0,0,538,10000,,,,0,1,0,,1,fence_sulfur,fence_sulfur,,blocks.wood,blockd.wood,,538,1,1,,8e452a,,,,,,,6,15,15,,1,,,10,,,,,,,0,,17,0,1,,0.2,,,
539,象牙白围栏,,WhiteFence,WhiteFence,,,fence,3,4,4,,1,,1,1,1,0,0,0,,,,,25,6,1,0,,0,,539,10000,0,0,539,10000,,,,0,1,0,,1,fence_birch,fence_birch,,blocks.wood,blockd.wood,,539,1,1,,caaaaf,,,,,,,6,15,15,,1,,,1,,,,,,,0,,17,0,1,,2,,,
540,古老黄砖,,SmoothSandstone,SmoothSandstone,,,log,1,4,4,,,,1,1,1,0,0,2,,,,1,20,5,1,0,,0,,540,10000,0,0,540,10000,,,,2,15,0,,1,sandstone,sandstone_smooth,,blocks.stone,blockd.stone,,540,2,1,,eec679,,,,,,,1,15,15,,6,,,1,,,,,,,2,,255,0,1,,0.2,,1,
541,方碑黄砖,,PatternedSandstone,PatternedSandstone,,,log,1,4,4,,,,1,1,1,0,0,2,,,,1,20,5,1,0,,0,,541,10000,0,0,541,10000,,,,2,15,0,,1,sandstone,sandstone_carved,,blocks.stone,blockd.stone,,541,2,1,,eec679,,,,,,,1,15,15,,6,,,1,,,,,,,2,,255,0,1,,0.2,,1,
542,锰块薄板,,ManganeseStep,ManganeseStep,,,slab,1,4,4,,,,1,1,3,0,0,1,,,,,50,40,1,0,,0,,542,10000,0,0,542,10000,,,,2,15,0,,1,manganese_block,,,blocks.stone,blockd.stone,blockd.stone,542,2,1,,A58F78,,,,,,,2,15,15,,1,,,20,,,,,,,0,,255,0,1,,0.5,26,,
547,水泥砖块,,CementBrickBlock,CementBrickBlock,,,basic,1,4,4,,,,1,1,1,0,0,0,,,,1,70,12,1,0,,0,,547,10000,0,0,547,10000,,,,2,15,0,,1,brick,,,blocks.stone,blockd.stone,,547,2,1,,8d5845,,,,,,,1,15,15,,6,,,10,,,,,,,0,,255,0,1,,0.2,,1,
548,碎石墙,,StoneWall,StoneWall,,,wall,3,4,4,,,,1,1,1,0,0,1,,,,,70,12,1,0,,0,,548,10000,0,0,548,10000,,,,0,1,0,,1,rock,stonewall,,blocks.stone,blockd.stone,,548,2,1,,939188,,,,,4,,0,15,15,,1,,,10,,,,,,,1,,17,0,1,,0.2,,,
549,青石墙,,MossyWall,MossyWall,,,wall,3,4,4,,,,1,1,1,0,0,1,,,,,70,12,1,0,,0,,549,10000,0,0,549,10000,,,,0,1,0,,1,moss_rock,stonewall,,blocks.stone,blockd.stone,,549,2,1,,6d6e48,,,,,4,,0,15,15,,1,,,10,,,,,,,1,,17,0,1,,0.2,,,
550,荧光晶块,,FluorescentBlock,FluorescentBlock,,,basic,1,4,4,,,,1,1,1,0,0,0,,,,1,30,12,1,0,,0,,550,10000,0,0,550,10000,,,,1,1,15,,1,glowstone2,,,blocks.stone,blockd.stone,blockd.stone,550,2,1,,ffb800,,,,,,,1,15,0,,6,,,10,,,,,,,0,e0dcbe,17,0,1,,0.5,,1,2
551,粗制石砖围栏,,StoneBrickFence,StoneBrickFence,,,fence,3,4,4,,,,1,1,1,0,0,1,,,,,70,12,1,0,,0,,551,10000,0,0,551,10000,,,,0,1,0,,1,fence_stonebrick,fence_stonebrick,,blocks.stone,blockd.stone,,551,2,1,,939188,,,,,,,6,15,15,,1,,,10,,,,,,,2,,17,0,1,,2,,,
552,象牙白细围栏,,WhiteFence1,WhiteFence1,,,fence,3,4,4,,1,,1,1,1,0,0,0,,,,,25,6,1,0,,0,,552,10000,0,0,552,10000,,,,0,1,0,,1,enclosure_birch,enclosure_birch,,blocks.wood,blockd.wood,,552,1,1,,caaaaf,,,,,,,6,15,15,,1,,,1,,,,,,,0,,17,0,1,,2,,,
553,薄木围栏,,WoodenStockade,WoodenStockade,,,fence,3,4,4,,1,,1,1,3,0,0,0,,,,,25,6,1,0,,0,,553,10000,0,0,553,10000,,,,0,1,0,,1,fence_normalwood,fence_normalwood,,blocks.wood,blockd.wood,,553,1,1,,c1a661,,,,,,,6,15,15,,1,,,1,,,,,,,0,,17,0,1,,2,,,
554,铜围栏,,BrassFence,BrassFence,,,fence,3,4,4,,,,1,1,1,0,0,1,,,,,70,12,1,0,,0,,554,10000,0,0,554,10000,,,,0,1,0,,1,brass_fence,brass_fence,,blocks.stone,blockd.stone,,554,2,1,,939188,,,,,,,6,15,15,,1,,,10,,,,,,,2,,17,0,1,,1,26,,
555,木窗,,Woodenwindow,Woodenwindow,,,windows,3,4,4,,1,,1,1,1,1,3,2,,,,,24,12,1,1,20,1,,555,10000,0,0,555,10000,,,,0,1,0,,1,windows_wood,windows_wood,,blocks.wood,blockd.wood,blockd.wood,555,1,1,,c1a661,,,,,4,,0,15,15,,1,,,10,,,,,,,1,,17,1,1,,0.5,,,
556,玻璃窗,,GlassWindow,GlassWindow,,,windows,3,4,4,,,,1,1,1,1,3,2,,,,,24,12,1,1,15,1,,556,10000,0,0,556,10000,,,,0,1,0,,1,windows_glass,windows_glass,,blocks.wood,blockd.glass,blockd.wood,556,1,1,,c1a661,,,,,4,,0,15,15,,1,,,10,,,,,,,1,,17,1,1,,0.5,,,
557,象牙白玻璃窗,,WhiteGlassWindow,WhiteGlassWindow,,,windows,,,,,,,1,1,1,1,3,2,,,,,24,12,1,1,15,1,,557,10000,0,0,557,10000,,,,0,1,0,,1,windows_brich,windows_brich,,blocks.wood,blockd.glass,blockd.wood,557,1,1,,caaaaf,,,,,4,,0,15,15,,1,,,10,,,,,,,1,,17,1,1,,0.5,,,
558,蜂蜜块,,HoneyLump,HoneyLump,,,basic,1,4,4,,,,1,1,1,0,0,0,,,,1,15,5,1,0,,0,,558,10000,0,0,558,10000,,,,2,15,0,,1,honey_water,,,blocks.stone,blockd.stone,,558,2,1,,e59d14,,,,,,,1,15,15,,6,,,1,,,,,,,0,,255,0,1,,0.2,,1,
559,焦糖块,,CaramelLump,CaramelLump,,,basic,,,,,,,1,1,1,0,0,0,,,,1,50,15,1,0,,0,,559,10000,0,0,559,10000,,,,2,15,0,,1,caramel,,,blocks.stone,blockd.stone,,559,2,1,,a84c14,,,,,,,1,15,15,,6,,,10,,,,,,,0,,255,0,1,,0.2,,1,
560,结晶的蜂蜜,,CrystallineHoney,CrystallineHoney,,,glass,,,,,,,1,1,1,0,0,0,,,,1,2,0.3,1,0,,0,,0,0,0,0,0,0,,,,2,15,0,,1,honey_crystal,,,blocks.stone,blockd.stone,,560,2,1,,cc8c07,,,,,,,1,8,15,,6,,,1,,,,,,,0,,255,0,1,,0.2,,,
561,烧焦的蜂蜜,,CharredHoney,CharredHoney,,,breakable,1,4,4,,,,1,1,1,0,0,0,,,,1,2,0.3,1,0,,0,,561,10000,0,0,0,0,,,,2,15,0,,1,honey_scorch,,,blocks.stone,blockd.stone,,561,2,1,,5a210f,,,,,,,1,15,15,,6,,,1,,,,,,,0,,255,0,1,,0.2,,,
562,胭脂红木板,,RedPurpleBoard,RedPurpleBoard,,,basic,1,4,4,,,,1,1,1,0,0,0,,,,1,25,6,1,2,20,2,,562,10000,0,0,562,10000,,,,2,15,0,,1,planks_peachblossom,,,blocks.wood,blockd.wood,,562,1,1,,c1a661,,,,,,,1,15,15,,1,,,1,,,,,,,0,,255,0,1,,0.2,,1,
563,竹板,,BambooBoard,BambooBoard,,,basic,1,4,4,,,,1,1,1,0,0,0,,,,1,25,6,1,2,20,2,,563,10000,0,0,563,10000,,,,2,15,0,,1,planks_bamboo,,,blocks.wood,blockd.wood,,563,1,1,,c1a661,,,,,,,1,15,15,,1,,,1,,,,,,,0,,255,0,1,,0.2,,1,
564,胭脂红薄板,,RedPurpleStep,RedPurpleStep,,,slab,1,4,4,,,,1,1,3,0,0,1,,,,,25,6,1,2,20,2,,564,10000,0,0,564,10000,,,,2,15,0,,1,planks_peachblossom,,,blocks.wood,blockd.wood,,564,1,1,,c1a661,,,,,,,2,15,15,,1,,,1,,,,,,,0,,255,0,1,,0.2,,,
565,竹板薄板,,BambooStep,BambooStep,,,slab,1,4,4,,,,1,1,3,0,0,1,,,,,25,6,1,2,20,2,,565,10000,0,0,565,10000,,,,2,15,0,,1,planks_bamboo,,,blocks.wood,blockd.wood,,565,1,1,,c1a661,,,,,,,2,15,15,,1,,,1,,,,,,,0,,255,0,1,,0.2,,,
566,胭脂红楼梯,,RedPurpleStair,RedPurpleStair,,,stair,1,4,4,,,,1,1,1,0,0,2,,,,,25,6,1,2,20,2,,566,10000,0,0,566,10000,,,,2,15,0,1,1,planks_peachblossom,stair,,blocks.wood,blockd.wood,,566,1,1,,c1a661,,,,,4,,2,15,15,,1,,,1,,,,,,,2,,255,0,1,,0.2,,1,
567,竹板楼梯,,BambooStair,BambooStair,,,stair,1,4,4,,,,1,1,1,0,0,2,,,,,25,6,1,2,20,2,,567,10000,0,0,567,10000,,,,2,15,0,1,1,planks_bamboo,stair,,blocks.wood,blockd.wood,,567,1,1,,c1a661,,,,,4,,2,15,15,,1,,,1,,,,,,,2,,255,0,1,,0.2,,1,
568,竹围栏,,BambooFence,BambooFence,,,fence,3,4,4,,1,,1,1,1,0,0,0,,,,,25,6,1,0,,0,,568,10000,0,0,568,10000,,,,0,1,0,,1,fence_bamboo,fence_bamboo,,blocks.wood,blockd.wood,,568,1,1,,c1a661,,,,,,,6,15,15,,1,,,1,,,,,,,0,,17,0,1,,0.2,,,
569,竹围栏门,,BambooFenceGate,BambooFenceGate,,,fencegate,3,4,,,1,,1,1,1,0,0,2,,,,,25,6,1,0,,0,,569,10000,0,0,569,10000,,,,0,1,0,,1,fencegate_boo,fencegate_boo,,blocks.wood,blockd.wood,,569,1,1,,c1a661,,,,,4,,6,15,15,,1,,,1,,,,,,,1,,17,0,1,,0.2,,,
570,星球岩薄板,,Horasrockstep,Horasrockstep,,,slab,1,4,4,,,,1,1,3,0,0,1,,,,,500,15,1,0,,0,,570,10000,0,0,570,10000,,,,2,15,0,1,1,Planetstonebrick,,,blocks.stone,blocks.stone,,570,2,1,,C0C0C0,,,,,,,2,15,15,,1,,,10,,,,,,,0,,255,0,1,,0.2,,,
571,星球岩楼梯,,Horasrockstair,Horasrockstair,,,stair,1,4,4,,,,1,1,1,0,0,1,,,,,500,15,1,0,,0,,571,10000,0,0,571,10000,,,,2,15,0,1,1,Planetstonebrick,stair,,blocks.stone,blockd.stone,,571,2,1,,C0C0C0,,,,,4,,2,15,15,,1,,,10,,,,,,,0,,255,0,1,,0.2,,1,
572,星球岩墙,,Horasrockfence,Horasrockfence,,,wall,3,4,4,,1,,1,1,1,0,0,1,,,,,500,15,1,0,,0,,572,10000,0,0,572,10000,,,,0,1,0,,1,Planetstonebrick,stonewall,,blocks.stone,blocks.stone,,572,2,1,,C0C0C0,,,,,4,,0,15,15,,1,,,10,,,,,,,0,,17,0,1,,0.2,,,
573,星球岩石砖,,Horasrockbrick,Horasrockbrick,,,basic,1,4,4,,,,1,1,1,0,0,2,,,,1,500,15,1,0,,0,,573,10000,0,0,573,10000,,,,2,15,0,,1,Planetstonebrick,,,blocks.stone,blocks.stone,,573,2,1,,C0C0C0,,,,,,,1,15,15,,6,,,10,,,,,,,0,,255,0,1,,0.2,,1,
574,苍石灰薄板,,Genwoodstep,Genwoodstep,,,slab,1,4,4,,,,1,1,3,0,0,2,,,,,35,10.5,1,0,,0,,574,10000,0,0,574,10000,,,,2,15,0,1,1,planks_leafless,,,blocks.wood,blockd.wood,,574,1,1,,7c6037,,,,,,,2,15,15,,1,,,10,,,,,,,0,,255,0,1,,0.2,,,
575,苍石灰楼梯,,Genwoodstair,Genwoodstair,,,stair,1,4,4,,,,1,1,1,0,0,1,,,,,35,10.5,1,0,,0,,575,10000,0,0,575,10000,,,,2,15,0,1,1,planks_leafless,stair,,blocks.wood,blockd.wood,,575,1,1,,7c6037,,,,,4,,2,15,15,,1,,,10,,,,,,,0,,255,0,1,,0.2,,1,
576,苍石灰围栏,,Greyfence,Greyfence,,,fence,3,4,4,,,,1,1,1,0,0,0,,,,,35,10,1,0,,0,,576,10000,0,0,576,10000,,,,0,1,0,,1,fence_leafless,fence_leafless,,blocks.wood,blockd.wood,,576,1,1,,7c6037,,,,,,,6,15,15,,1,,,10,,,,,,,0,,0,0,1,,0.2,,,
578,雨林神像,,RainforestGodStatue,RainforestGodStatue,,,statue,1,4,,,,,1,1,1,2,0,0,,,,,50,25,1,0,,0,,578,10000,0,0,578,10000,,,,1,1,0,,1,statue,statue,,blocks.stone,blockd.stone,,578,2,1,,a6a899,,,,,4,,0,15,15,,1,,,10,,,,,,,0,,17,2,0,,1,26,,
579,雨林乔木,,RainforestWood,RainforestWood,,,log,1,1,1,,,,1,1,1,0,0,0,,,,1,25,6,1,2,5,2,,11323,20000,0,0,11323,20000,,,,2,1,0,1,1,log_arbor,,,blocks.wood,blockd.wood,,579,1,1,,7c6037,,,,,4,,1,15,15,,1,,,1,,,,,,,0,,17,0,1,,0.2,,1,
580,祭台,,Altar,Altar,,,altar,1,5,,,,,1,1,1,2,0,0,,,,,-1,10.5,1,0,,0,,580,10000,0,0,580,10000,,,,1,1,10,1,1,altar,altar,,blockd.wood,blockd.wood,,580,2,1,,00FFFF,,,,,33,,1,15,0,,1,,,10,,,,,,,0,3e95a8,17,2,0,,0,26,,
581,天气预报器,,WeatherForecastTool,WeatherForecastTool,,,weatherforecast,1,5,,,,,1,1,1,2,0,0,,,,,-1,6,1,0,,0,,581,10000,0,0,581,10000,,,,1,1,0,1,1,forecast,weatherforecast,,blockd.wood,blockd.wood,,581,2,1,,00FFFF,,,,,4,,1,15,0,,1,,,1,,,,,,,0,,17,2,0,,1,,,
582,豹纹睡袋,,LeopardSleepingBag,LeopardSleepingBag,,,sleepingbag,1,5,,,,,1,1,1,1,0,2,,,,,24,10,1,2,20,2,,582,10000,0,0,582,10000,,,,2,1,0,,1,sleepingbag,sleepingbag,,blocks.wood,blockd.wood,,582,1,1,,a29a1c,,,,,4,,0,15,15,,1,,1,1,3,,,,,,0,,17,1,0,,0.5,26,1,
583,神像基座,,StatusBase,StatusBase,,,statuebase,1,4,,,,,1,1,1,2,0,0,,,,,50,15,1,0,,0,,583,10000,0,0,583,10000,,,,1,1,0,,1,statuebase,statuebase,,blocks.stone,blockd.stone,,583,2,1,,a6a899,,,,,4,,0,15,15,,1,,,10,,,,,,,0,,17,2,0,,1,,,
584,毒液,,Venom,Venom,,,poison,,,,,,,1,0,0,1,3,0,,,,,0,0,1,0,,0,,0,0,0,0,0,0,,,,0,0,15,,1,fire_3_3,fire_3_3,,,,,,,1,,ff0000,,,,,1,,0,8,0,,1,,,,,,,,,,0,,0,1,0,,0,,,
585,无名纪念碑,,UnknownMonument,UnknownMonument,,,blockaltarstela,1,4,,,,,1,1,1,2,0,1,,,,,50,25,1,0,,0,,585,10000,0,0,585,10000,,,,2,15,0,1,1,volcanostele,volcanostele,,blocks.stone,blockd.stone,blockd.stone,585,2,1,,a194a5,,,,,1,,0,,,,1,,,15,,,,,,,0,,255,0,1,,0,26,,2
586,祭坛石碑,,AltarStele,AltarStele,,,blockaltarstela,,,,,,,1,1,1,2,0,1,,,,,50,25,1,0,,0,,585,10000,0,0,585,10000,,,,2,15,0,1,1,volcanostele,volcanostele,,blocks.stone,blockd.stone,blockd.stone,585,2,1,,a194a5,,,,,1,,0,,,,1,,,15,,,,,,,0,,255,2,0,,0,26,,2
587,神圣果实,,SacredFruit,SacredFruit,,,keyoffruit,1,3,,,,,1,1,1,2,0,1,,,,,50,25,1,0,,0,,587,10000,0,0,587,10000,,,,2,1,0,,1,altarkey_earth,altarkey_earth,,blocks.wood,blockd.wood,,587,1,1,,faf278,,,,,33,,0,,,,1,,,15,,,,,,,0,,17,2,0,,0,,,2
588,烈焰断剑,,BrokenFlameSword,BrokenFlameSword,,,keyofbrokensword,1,3,,,,,1,1,1,2,0,1,,,,,50,25,1,0,,0,,588,10000,0,0,588,10000,,,,2,1,0,,1,altarkey_flame,altarkey_flame,,blocks.stone,blockd.stone,blockd.stone,588,2,1,,faf278,,,,item_key_dj,33,,0,,,,1,,,15,,,,,,,0,,17,2,0,,0,26,,2
589,石人之眼,,Stoneman'sEye,Stoneman'sEye,,,keyofstoneeye,1,3,,,,,1,1,1,2,0,1,,,,,50,25,1,0,,0,,589,10000,0,0,589,10000,,,,2,1,0,,1,altarkey_Horas,altarkey_Horas,,blocks.stone,blockd.stone,blockd.stone,589,2,1,,e4cce0,,,,,33,,0,,,,1,,,15,,,,,,,0,,17,2,0,,0,,,2
590,神圣树干,,SacredTrunk,SacredTrunk,,,log,1,1,1,,,,1,1,1,2,0,0,,,,1,50,25,1,0,,0,,11323,20000,0,0,11323,20000,,,,2,1,12,1,1,log_sacredtree,,,blocks.wood,blockd.wood,,590,1,1,,cc00ff,,,,,4,,1,,,,1,,,15,,,,,,,0,cecc43,17,2,1,,1,,1,2
591,神圣树种子,,SacredSeed,SacredSeed,,,sapling,,1,1,,,,1,1,1,2,0,0,,1,2|96|36,,50,25,1,0,,0,,591,10000,0,0,591,10000,,,,2,10,15,1,1,sapling_sacredtree,,,blocks.wood,blockd.wood,,591,1,1,,cc00ff,,,,,33,,0,,,,1,,,1,,,,,,,0,cec294,170,2,1,,0,,,2
592,神圣树叶,,SacredLeaves,SacredLeaves,,,grayleaf,1,1,1,,,,1,1,3,2,0,0,,,,,50,0,1,0,,0,,11226,1500,0,0,11226,1500,,,,0,1,10,1,1,leaves_sacredtree,,,blocks.grass,blockd.grass,,592,1,1,,e7b616,,,1,,,,0,,,,1,,,15,4,,,block_knock_sy_1,block_knock_sy_2,,0,cdcb07,17,2,1,,1,,,2
593,神圣树浆,,SacredSap,SacredSap,,,core_sacredtree,,,,,,,1,1,1,2,0,0,,,,,50,25,1,0,,0,,587,10000,0,0,0,0,,,,2,15,6,,1,core_sacredtree_jelly,core_sacredtree,,blocks.wood,blockd.wood,,587,1,1,,fab06f,,,,,33,,1,,,,1,,,15,,,,,,,0,e9d84a,255,2,0,,0,,,2
594,星站控制台,,StarStationConsole,StarStationConsole,,,starstationtransferconsole,1,5,,,,,1,1,1,2,0,0,,,,,-1,25,1,0,,0,,594,10000,0,0,594,10000,,,,1,1,15,,1,starstation_console,starstation_console,,blockd.wood,blockd.wood,,594,2,1,,00FFFF,,,,,33,,1,15,0,,1,,,15,,,,,,,0,9aa7b0,17,2,0,,0,,,2
595,一级传送舱,,Level1Teleporter,Level1Teleporter,,,starstationtransfercabin,1,4,,,,,1,1,1,2,0,2,,,,,25,25,1,2,20,2,,595,10000,0,0,595,10000,,,,2,1,0,,1,starstation_cabin_1,starstation_cabin,,blocks.wood,blockd.wood,,595,2,1,,c1a661,,,,,33,,1,15,15,,1,,1,15,,,,,,,0,,17,2,0,,0,26,,2
596,石制雕像,,StoneStatue,StoneStatue,,,RevivalStatue,1,4,4,,,,1,1,1,2,0,2,,,,,50,12,1,0,,0,,596,10000,0,0,596,10000,,,,1,1,0,,1,resurrectionstatue,resurrectionstatue,,blocks.stone,blockd.stone,blockd.stone,596,2,1,,a6a899,,,,,4,,0,15,15,,1,,,10,,,,,,,0,,17,0,1,,0.5,,,
597,二级传送舱,,Level2Teleporter,Level2Teleporter,,,starstationtransfercabin,1,4,,,,,1,1,1,2,0,2,,,,,25,30,1,2,20,2,,597,10000,0,0,597,10000,,,,2,1,0,,1,starstation_cabin_2,starstation_cabin,,blocks.wood,blockd.wood,,597,2,1,,c1a661,,,,,33,,1,15,15,,1,,1,20,,,,,,,0,,17,2,0,,0,26,,2
598,掩埋的机械,,BuriedMachinery,BuriedMachinery,,,basic,1,3,3,,,,1,1,1,0,0,0,,,,1,50,12,1,0,,0,,11205,10000,0,0,11205,10000,,,,1,15,0,,1,buriedmachine,,,blocks.stone,blockd.stone,,598,2,1,,6c4729,,,,,,,1,15,15,,6,,,10,,,,,,block_knock_line,0,,255,0,1,,4,,1,
599,沙石柱,,SandStoneWall,SandStoneWall,,,sandstonecolumn,1,4,4,,,,1,1,1,0,0,1,,,,,70,12,1,0,,0,,599,10000,0,0,599,10000,,,,0,1,0,,1,sandstonewall,sandstone_column,,blocks.gravel,blockd.gravel,,599,2,1,,c79d59,,,,,,,0,15,15,,1,,,10,,,,,,,0,,17,0,1,,0.2,,,
600,棉花块,,WhiteCotton,WhiteCotton,,,basic,2,4,4,,1,,1,1,1,0,0,0,,,,1,5,1,1,8,60,0,,600,10000,0,0,600,10000,,,,1,15,0,,1,cotton_colored_1,,,blocks.cloth,blockd.cloth,,600,0,1,,FAFFF0,,,,,,600,1,15,15,,1,,,,,,,,,,0,,255,0,1,,0.2,,1,
601,棉花块,,OrangeCotton,OrangeCotton,,,basic,2,4,4,,,,1,1,1,0,0,0,,,,1,10,1,1,8,60,8,,601,10000,0,0,601,10000,,,,1,15,0,,1,cotton_colored_1,,,blocks.cloth,blockd.cloth,,601,0,1,,dc7a3f,,,,,,600,1,15,15,,1,,,,,,,,,,0,,255,0,1,,0.2,,1,
602,棉花块,,RedPurpleCotton,RedPurpleCotton,,,basic,2,4,4,,,,1,1,1,0,0,0,,,,1,10,1,1,8,60,8,,602,10000,0,0,602,10000,,,,1,15,0,,1,cotton_colored_1,,,blocks.cloth,blockd.cloth,,602,0,1,,d485ba,,,,,,600,1,15,15,,1,,,,,,,,,,0,,255,0,1,,0.2,,1,
603,棉花块,,LightBlueCotton,LightBlueCotton,,,basic,2,4,4,,,,1,1,1,0,0,0,,,,1,5,2,1,6,60,6,,603,10000,0,0,603,10000,,,,1,15,0,,1,cotton_colored_1,,,blocks.cloth,blockd.cloth,,603,0,1,,63b9ce,,,,,,600,1,15,15,,1,,,,,,,,,,0,,255,0,1,,0.2,,1,
604,棉花块,,YellowCotton,YellowCotton,,,basic,2,4,4,,,,1,1,1,0,0,0,,,,1,10,1,1,8,60,8,,604,10000,0,0,604,10000,,,,1,15,0,,1,cotton_colored_2,,,blocks.cloth,blockd.cloth,,604,0,1,,ede15c,,,,,,600,1,15,15,,1,,,,,,,,,,0,,255,0,1,,0.2,,1,
605,棉花块,,LightGreenCotton,LightGreenCotton,,,basic,2,4,4,,,,1,1,1,0,0,0,,,,1,10,1,1,8,60,8,,605,10000,0,0,605,10000,,,,1,15,0,,1,cotton_colored_2,,,blocks.cloth,blockd.cloth,,605,0,1,,8b9935,,,,,,600,1,15,15,,1,,,,,,,,,,0,,255,0,1,,0.2,,1,
606,棉花块,,LightRedCotton,LightRedCotton,,,basic,2,4,4,,,,1,1,1,0,0,0,,,,1,10,1,1,8,60,8,,606,10000,0,0,606,10000,,,,1,15,0,,1,cotton_colored_2,,,blocks.cloth,blockd.cloth,,606,0,1,,f9bfda,,,,,,600,1,15,15,,1,,,,,,,,,,0,,255,0,1,,0.2,,1,
607,棉花块,,GreyCotton,GreyCotton,,,basic,2,4,4,,,,1,1,1,0,0,0,,,,1,5,2,1,6,60,6,,607,10000,0,0,607,10000,,,,1,15,0,,1,cotton_colored_2,,,blocks.cloth,blockd.cloth,,607,0,1,,5c6669,,,,,,600,1,15,15,,1,,,,,,,,,,0,,255,0,1,,0.2,,1,
608,棉花块,,LightGreyCotton,LightGreyCotton,,,basic,2,4,4,,,,1,1,1,0,0,0,,,,1,5,2,1,6,60,6,,608,10000,0,0,608,10000,,,,1,15,0,,1,cotton_colored_3,,,blocks.cloth,blockd.cloth,,608,0,1,,9ba5a8,,,,,,600,1,15,15,,1,,,,,,,,,,0,,255,0,1,,0.2,,1,
609,棉花块,,BlueGreenCotton,BlueGreenCotton,,,basic,2,4,4,,,,1,1,1,0,0,0,,,,1,5,2,1,6,60,6,,609,10000,0,0,609,10000,,,,1,15,0,,1,cotton_colored_3,,,blocks.cloth,blockd.cloth,,609,0,1,,3f93a4,,,,,,600,1,15,15,,1,,,,,,,,,,0,,255,0,1,,0.2,,1,
610,棉花块,,PurpleCotton,PurpleCotton,,,basic,2,4,4,,,,1,1,1,0,0,0,,,,1,5,2,1,6,60,6,,610,10000,0,0,610,10000,,,,1,15,0,,1,cotton_colored_3,,,blocks.cloth,blockd.cloth,,610,0,1,,884a9d,,,,,,600,1,15,15,,1,,,,,,,,,,0,,255,0,1,,0.2,,1,
611,棉花块,,BlueCotton,BlueCotton,,,basic,2,4,4,,,,1,1,1,0,0,0,,,,1,5,2,1,6,60,6,,611,10000,0,0,611,10000,,,,1,15,0,,1,cotton_colored_3,,,blocks.cloth,blockd.cloth,,611,0,1,,48719d,,,,,,600,1,15,15,,1,,,,,,,,,,0,,255,0,1,,0.2,,1,
612,棉花块,,DeepRedCotton,DeepRedCotton,,,basic,2,4,4,,,,1,1,1,0,0,0,,,,1,10,1,1,8,60,8,,612,10000,0,0,612,10000,,,,1,15,0,,1,cotton_colored_4,,,blocks.cloth,blockd.cloth,,612,0,1,,84684c,,,,,,600,1,15,15,,1,,,,,,,,,,0,,255,0,1,,0.2,,1,
613,棉花块,,GreenCotton,GreenCotton,,,basic,2,4,4,,,,1,1,1,0,0,0,,,,1,5,2,1,6,60,6,,613,10000,0,0,613,10000,,,,1,15,0,,1,cotton_colored_4,,,blocks.cloth,blockd.cloth,,613,0,1,,5b8337,,,,,,600,1,15,15,,1,,,,,,,,,,0,,255,0,1,,0.2,,1,
614,棉花块,,RedCotton,RedCotton,,,basic,2,4,4,,,,1,1,1,0,0,0,,,,1,10,1,1,8,60,8,,614,10000,0,0,614,10000,,,,1,15,0,,1,cotton_colored_4,,,blocks.cloth,blockd.cloth,,614,0,1,,ab4730,,,,,,600,1,15,15,,1,,,,,,,,,,0,,255,0,1,,0.2,,1,
615,棉花块,,BlackCotton,BlackCotton,,,basic,2,4,4,,,,1,1,1,0,0,0,,,,1,5,2,1,6,60,6,,615,10000,0,0,615,10000,,,,1,15,0,,1,cotton_colored_3,,,blocks.cloth,blockd.cloth,,615,0,1,,1f2527,,,,,,600,1,15,15,,1,,,,,,,,,,0,,255,0,1,,0.2,,1,
616,棉毡,,WhiteRug,WhiteRug,,,cottonrug,2,4,4,,1,,1,0,0,0,3,0,,,,,2,0.3,1,10,60,10,,616,10000,0,0,616,10000,,,,2,1,0,,1,cotton_colored_1,,,blocks.cloth,blockd.cloth,,616,0,1,,FAFFF0,,,,,,,0,15,15,,1,,,,,,,,,,0,,17,0,1,,0.2,,1,
617,棉毡,,OrangeRug,OrangeRug,,,cottonrug,2,4,4,,,,1,0,0,0,3,0,,,,,4,0.3,1,10,60,10,,617,10000,0,0,617,10000,,,,2,1,0,,1,cotton_colored_1,,,blocks.cloth,blockd.cloth,,617,0,1,,dc7a3f,,,,,,616,0,15,15,,1,,,,,,,,,,0,,17,0,1,,0.2,,1,
618,棉毡,,RedPurpleRug,RedPurpleRug,,,cottonrug,2,4,4,,,,1,0,0,0,3,0,,,,,4,0.3,1,10,60,10,,618,10000,0,0,618,10000,,,,2,1,0,,1,cotton_colored_1,,,blocks.cloth,blockd.cloth,,618,0,1,,d485ba,,,,,,616,0,15,15,,1,,,,,,,,,,0,,17,0,1,,0.2,,1,
619,棉毡,,LightBlueRug,LightBlueRug,,,cottonrug,2,4,4,,,,1,0,0,0,3,0,,,,,2,0.6,1,8,60,8,,619,10000,0,0,619,10000,,,,2,1,0,,1,cotton_colored_1,,,blocks.cloth,blockd.cloth,,619,0,1,,63b9ce,,,,,,616,0,15,15,,1,,,,,,,,,,0,,17,0,1,,0.2,,1,
620,棉毡,,YellowRug,YellowRug,,,cottonrug,2,4,4,,,,1,0,0,0,3,0,,,,,4,0.3,1,10,60,10,,620,10000,0,0,620,10000,,,,2,1,0,,1,cotton_colored_2,,,blocks.cloth,blockd.cloth,,620,0,1,,ede15c,,,,,,616,0,15,15,,1,,,,,,,,,,0,,17,0,1,,0.2,,1,
621,棉毡,,LightGreenRug,LightGreenRug,,,cottonrug,2,4,4,,,,1,0,0,0,3,0,,,,,4,0.3,1,10,60,10,,621,10000,0,0,621,10000,,,,2,1,0,,1,cotton_colored_2,,,blocks.cloth,blockd.cloth,,621,0,1,,8b9935,,,,,,616,0,15,15,,1,,,,,,,,,,0,,17,0,1,,0.2,,1,
622,棉毡,,LightRedRug,LightRedRug,,,cottonrug,2,4,4,,,,1,0,0,0,3,0,,,,,4,0.3,1,10,60,10,,622,10000,0,0,622,10000,,,,2,1,0,,1,cotton_colored_2,,,blocks.cloth,blockd.cloth,,622,0,1,,f9bfda,,,,,,616,0,15,15,,1,,,,,,,,,,0,,17,0,1,,0.2,,1,
623,棉毡,,GreyRug,GreyRug,,,cottonrug,2,4,4,,,,1,0,0,0,3,0,,,,,2,0.6,1,8,60,8,,623,10000,0,0,623,10000,,,,2,1,0,,1,cotton_colored_4,,,blocks.cloth,blockd.cloth,,623,0,1,,5c6669,,,,,,616,0,15,15,,1,,,,,,,,,,0,,17,0,1,,0.2,,1,
624,棉毡,,LightGreyRug,LightGreyRug,,,cottonrug,2,4,4,,,,1,0,0,0,3,0,,,,,2,0.6,1,8,60,8,,624,10000,0,0,624,10000,,,,2,1,0,,1,cotton_colored_3,,,blocks.cloth,blockd.cloth,,624,0,1,,9ba5a8,,,,,,616,0,15,15,,1,,,,,,,,,,0,,17,0,1,,0.2,,1,
625,棉毡,,BlueGreenRug,BlueGreenRug,,,cottonrug,2,4,4,,,,1,0,0,0,3,0,,,,,2,0.6,1,8,60,8,,625,10000,0,0,625,10000,,,,2,1,0,,1,cotton_colored_3,,,blocks.cloth,blockd.cloth,,625,0,1,,3f93a4,,,,,,616,0,15,15,,1,,,,,,,,,,0,,17,0,1,,0.2,,1,
626,棉毡,,PurpleRug,PurpleRug,,,cottonrug,2,4,4,,,,1,0,0,0,3,0,,,,,2,0.6,1,8,60,8,,626,10000,0,0,626,10000,,,,2,1,0,,1,cotton_colored_3,,,blocks.cloth,blockd.cloth,,626,0,1,,884a9d,,,,,,616,0,15,15,,1,,,,,,,,,,0,,17,0,1,,0.2,,1,
627,棉毡,,BlueRug,BlueRug,,,cottonrug,2,4,4,,,,1,0,0,0,3,0,,,,,2,0.6,1,8,60,8,,627,10000,0,0,627,10000,,,,2,1,0,,1,cotton_colored_3,,,blocks.cloth,blockd.cloth,,627,0,1,,48719d,,,,,,616,0,15,15,,1,,,,,,,,,,0,,17,0,1,,0.2,,1,
628,棉毡,,DeepRedRug,DeepRedRug,,,cottonrug,2,4,4,,,,1,0,0,0,3,0,,,,,4,0.3,1,10,60,10,,628,10000,0,0,628,10000,,,,2,1,0,,1,cotton_colored_4,,,blocks.cloth,blockd.cloth,,628,0,1,,84684c,,,,,,616,0,15,15,,1,,,,,,,,,,0,,17,0,1,,0.2,,1,
629,棉毡,,GreenRug,GreenRug,,,cottonrug,2,4,4,,,,1,0,0,0,3,0,,,,,2,0.6,1,8,60,8,,629,10000,0,0,629,10000,,,,2,1,0,,1,cotton_colored_4,,,blocks.cloth,blockd.cloth,,629,0,1,,5b8337,,,,,,616,0,15,15,,1,,,,,,,,,,0,,17,0,1,,0.2,,1,
630,棉毡,,RedRug,RedRug,,,cottonrug,2,4,4,,,,1,0,0,0,3,0,,,,,4,0.3,1,10,60,10,,630,10000,0,0,630,10000,,,,2,1,0,,1,cotton_colored_4,,,blocks.cloth,blockd.cloth,,630,0,1,,ab4730,,,,,,616,0,15,15,,1,,,,,,,,,,0,,17,0,1,,0.2,,1,
631,棉毡,,BlackRug,BlackRug,,,cottonrug,2,4,4,,,,1,0,0,0,3,0,,,,,2,0.6,1,8,60,8,,631,10000,0,0,631,10000,,,,2,1,0,,1,cotton_colored_2,,,blocks.cloth,blockd.cloth,,631,0,1,,1f2527,,,,,,616,0,15,15,,1,,,,,,,,,,0,,17,0,1,,0.2,,1,
632,透明玻璃块,,Glass,Glass,,,glass,2,4,4,,1,,1,1,1,0,0,0,,,,1,4,0.6,1,0,,0,,0,0,0,0,0,0,,,,3,1,0,,1,glass,,,blocks.stone,blockd.glass,blockd.stone,632,0,1,,FAFFF0,,,1,,,,1,8,15,,6,,,,,,,,,,0,,17,0,1,commonglass_mix,0.2,,1,
633,玻璃块,,WhiteGlass,WhiteGlass,,,glass,2,4,4,,,,1,1,1,0,0,0,,,,1,4,0.6,1,0,,0,,0,0,0,0,0,0,,,,3,1,0,,1,glass_normal,,,blocks.stone,blockd.glass,blockd.stone,633,0,1,,FAFFF0,,,1,,,632,1,8,15,,6,,,,,,,,,,0,,17,0,1,commonglass_mix,0.2,,1,
634,玻璃块,,OrangeGlass,OrangeGlass,,,glass,2,4,4,,,,1,1,1,0,0,0,,,,1,8,0.6,1,0,,0,,0,0,0,0,0,0,,,,3,1,0,,1,glass_normal,,,blocks.stone,blockd.glass,blockd.stone,634,0,1,,dc7a3f,,,1,,,632,1,8,15,,6,,,,,,,,,,0,,17,0,1,commonglass_mix,0.2,,1,
635,玻璃块,,RedPurpleGlass,RedPurpleGlass,,,glass,2,4,4,,,,1,1,1,0,0,0,,,,1,8,0.6,1,0,,0,,0,0,0,0,0,0,,,,3,1,0,,1,glass_normal,,,blocks.stone,blockd.glass,blockd.stone,635,0,1,,d485ba,,,1,,,632,1,8,15,,6,,,,,,,,,,0,,17,0,1,commonglass_mix,0.2,,1,
636,玻璃块,,LightBlueGlass,LightBlueGlass,,,glass,2,4,4,,,,1,1,1,0,0,0,,,,1,4,1.2,1,0,,0,,0,0,0,0,0,0,,,,3,1,0,,1,glass_normal,,,blocks.stone,blockd.glass,blockd.stone,636,0,1,,63b9ce,,,1,,,632,1,8,15,,6,,,,,,,,,,0,,17,0,1,commonglass_mix,0.2,,1,
637,玻璃块,,YellowGlass,YellowGlass,,,glass,2,4,4,,,,1,1,1,0,0,0,,,,1,8,0.6,1,0,,0,,0,0,0,0,0,0,,,,3,1,0,,1,glass_normal,,,blocks.stone,blockd.glass,blockd.stone,637,0,1,,ede15c,,,1,,,632,1,8,15,,6,,,,,,,,,,0,,17,0,1,commonglass_mix,0.2,,1,
638,玻璃块,,LightGreenGlass,LightGreenGlass,,,glass,2,4,4,,,,1,1,1,0,0,0,,,,1,8,0.6,1,0,,0,,0,0,0,0,0,0,,,,3,1,0,,1,glass_normal,,,blocks.stone,blockd.glass,blockd.stone,638,0,1,,8b9935,,,1,,,632,1,8,15,,6,,,,,,,,,,0,,17,0,1,commonglass_mix,0.2,,1,
639,玻璃块,,LightRedGlass,LightRedGlass,,,glass,2,4,4,,,,1,1,1,0,0,0,,,,1,8,0.6,1,0,,0,,0,0,0,0,0,0,,,,3,1,0,,1,glass_normal,,,blocks.stone,blockd.glass,blockd.stone,639,0,1,,f9bfda,,,1,,,632,1,8,15,,6,,,,,,,,,,0,,17,0,1,commonglass_mix,0.2,,1,
640,玻璃块,,GreyGlass,GreyGlass,,,glass,2,4,4,,,,1,1,1,0,0,0,,,,1,4,1.2,1,0,,0,,0,0,0,0,0,0,,,,3,1,0,,1,glass_normal,,,blocks.stone,blockd.glass,blockd.stone,640,0,1,,5c6669,,,1,,,632,1,8,15,,6,,,,,,,,,,0,,17,0,1,commonglass_mix,0.2,,1,
641,玻璃块,,LightGreyGlass,LightGreyGlass,,,glass,2,4,4,,,,1,1,1,0,0,0,,,,1,4,1.2,1,0,,0,,0,0,0,0,0,0,,,,3,1,0,,1,glass_normal,,,blocks.stone,blockd.glass,blockd.stone,641,0,1,,9ba5a8,,,1,,,632,1,8,15,,6,,,,,,,,,,0,,17,0,1,commonglass_mix,0.2,,1,
642,玻璃块,,BlueGreenGlass,BlueGreenGlass,,,glass,2,4,4,,,,1,1,1,0,0,0,,,,1,4,1.2,1,0,,0,,0,0,0,0,0,0,,,,3,1,0,,1,glass_normal,,,blocks.stone,blockd.glass,blockd.stone,642,0,1,,3f93a4,,,1,,,632,1,8,15,,6,,,,,,,,,,0,,17,0,1,commonglass_mix,0.2,,1,
643,玻璃块,,PurpleGlass,PurpleGlass,,,glass,2,4,4,,,,1,1,1,0,0,0,,,,1,4,1.2,1,0,,0,,0,0,0,0,0,0,,,,3,1,0,,1,glass_normal,,,blocks.stone,blockd.glass,blockd.stone,643,0,1,,884a9d,,,1,,,632,1,8,15,,6,,,,,,,,,,0,,17,0,1,commonglass_mix,0.2,,1,
644,玻璃块,,BlueGlass,BlueGlass,,,glass,2,4,4,,,,1,1,1,0,0,0,,,,1,4,1.2,1,0,,0,,0,0,0,0,0,0,,,,3,1,0,,1,glass_normal,,,blocks.stone,blockd.glass,blockd.stone,644,0,1,,48719d,,,1,,,632,1,8,15,,6,,,,,,,,,,0,,17,0,1,commonglass_mix,0.2,,1,
645,玻璃块,,DeepRedGlass,DeepRedGlass,,,glass,2,4,4,,,,1,1,1,0,0,0,,,,1,8,0.6,1,0,,0,,0,0,0,0,0,0,,,,3,1,0,,1,glass_normal,,,blocks.stone,blockd.glass,blockd.stone,645,0,1,,84684c,,,1,,,632,1,8,15,,6,,,,,,,,,,0,,17,0,1,commonglass_mix,0.2,,1,
646,玻璃块,,GreenGlass,GreenGlass,,,glass,2,4,4,,,,1,1,1,0,0,0,,,,1,4,1.2,1,0,,0,,0,0,0,0,0,0,,,,3,1,0,,1,glass_normal,,,blocks.stone,blockd.glass,blockd.stone,646,0,1,,5b8337,,,1,,,632,1,8,15,,6,,,,,,,,,,0,,17,0,1,commonglass_mix,0.2,,1,
647,玻璃块,,RedGlass,RedGlass,,,glass,2,4,4,,,,1,1,1,0,0,0,,,,1,8,0.6,1,0,,0,,0,0,0,0,0,0,,,,3,1,0,,1,glass_normal,,,blocks.stone,blockd.glass,blockd.stone,647,0,1,,ab4730,,,1,,,632,1,8,15,,6,,,,,,,,,,0,,17,0,1,commonglass_mix,0.2,,1,
648,玻璃块,,BlackGlass,BlackGlass,,,glass,2,4,4,,,,1,1,1,0,0,0,,,,1,4,1.2,1,0,,0,,0,0,0,0,0,0,,,,3,1,0,,1,glass_normal,,,blocks.stone,blockd.glass,blockd.stone,648,0,1,,1f2527,,,1,,,632,1,8,15,,6,,,,,,,,,,0,,17,0,1,commonglass_mix,0.2,,1,
649,透明玻璃片,,Glasspane,Glasspane,,,glasspane,,4,4,,,,1,1,1,0,0,1,,,,,4,0.6,1,0,,0,,0,0,0,0,0,0,,,,3,1,0,,1,glass,glass_edge,,blocks.stone,blockd.glass,blockd.stone,649,0,1,,FAFFF0,,,1,,,,6,8,15,,1,,,,,,,,,,0,,17,0,1,commonglass_mix,0.2,,,
650,玻璃片,,WhiteGlassPane,WhiteGlassPane,,,glasspane,2,4,4,,,,1,1,1,0,0,1,,,,,4,0.6,1,0,,0,,0,0,0,0,0,0,,,,3,1,0,,1,glass_pane,glass_edge_white,,blocks.stone,blockd.glass,blockd.stone,650,0,1,,FAFFF0,,,1,,,649,6,8,15,,1,,,,,,,,,,0,,17,0,1,commonglass_mix,0.2,,,
651,玻璃片,,OrangeGlassPane,OrangeGlassPane,,,glasspane,,4,4,,,,1,1,1,0,0,1,,,,,6,0.6,1,0,,0,,0,0,0,0,0,0,,,,3,1,0,,1,glass_pane,glass_edge_white,,blocks.stone,blockd.glass,blockd.stone,651,0,1,,dc7a3f,,,1,,,649,6,8,15,,1,,,,,,,,,,0,,17,0,1,commonglass_mix,0.2,,,
652,玻璃片,,RedPurpleGlassPane,RedPurpleGlassPane,,,glasspane,,4,4,,,,1,1,1,0,0,1,,,,,6,0.6,1,0,,0,,0,0,0,0,0,0,,,,3,1,0,,1,glass_pane,glass_edge_white,,blocks.stone,blockd.glass,blockd.stone,652,0,1,,d485ba,,,1,,,649,6,8,15,,1,,,,,,,,,,0,,17,0,1,commonglass_mix,0.2,,,
653,玻璃片,,LightBlueGlassPane,LightBlueGlassPane,,,glasspane,,4,4,,,,1,1,1,0,0,1,,,,,4,1.2,1,0,,0,,0,0,0,0,0,0,,,,3,1,0,,1,glass_pane,glass_edge_white,,blocks.stone,blockd.glass,blockd.stone,653,0,1,,63b9ce,,,1,,,649,6,8,15,,1,,,,,,,,,,0,,17,0,1,commonglass_mix,0.2,,,
654,玻璃片,,YellowGlassPane,YellowGlassPane,,,glasspane,,4,4,,,,1,1,1,0,0,1,,,,,6,0.6,1,0,,0,,0,0,0,0,0,0,,,,3,1,0,,1,glass_pane,glass_edge_white,,blocks.stone,blockd.glass,blockd.stone,654,0,1,,ede15c,,,1,,,649,6,8,15,,1,,,,,,,,,,0,,17,0,1,commonglass_mix,0.2,,,
655,玻璃片,,LightGreenGlassPane,LightGreenGlassPane,,,glasspane,,4,4,,,,1,1,1,0,0,1,,,,,6,0.6,1,0,,0,,0,0,0,0,0,0,,,,3,1,0,,1,glass_pane,glass_edge_white,,blocks.stone,blockd.glass,blockd.stone,655,0,1,,8b9935,,,1,,,649,6,8,15,,1,,,,,,,,,,0,,17,0,1,commonglass_mix,0.2,,,
656,玻璃片,,LightRedGlassPane,LightRedGlassPane,,,glasspane,,4,4,,,,1,1,1,0,0,1,,,,,6,0.6,1,0,,0,,0,0,0,0,0,0,,,,3,1,0,,1,glass_pane,glass_edge_white,,blocks.stone,blockd.glass,blockd.stone,656,0,1,,f9bfda,,,1,,,649,6,8,15,,1,,,,,,,,,,0,,17,0,1,commonglass_mix,0.2,,,
657,玻璃片,,GreyGlassPane,GreyGlassPane,,,glasspane,,4,4,,,,1,1,1,0,0,1,,,,,4,1.2,1,0,,0,,0,0,0,0,0,0,,,,3,1,0,,1,glass_pane,glass_edge_white,,blocks.stone,blockd.glass,blockd.stone,657,0,1,,5c6669,,,1,,,649,6,8,15,,1,,,,,,,,,,0,,17,0,1,commonglass_mix,0.2,,,
658,玻璃片,,LightGreyGlassPane,LightGreyGlassPane,,,glasspane,,4,4,,,,1,1,1,0,0,1,,,,,4,1.2,1,0,,0,,0,0,0,0,0,0,,,,3,1,0,,1,glass_pane,glass_edge_white,,blocks.stone,blockd.glass,blockd.stone,658,0,1,,9ba5a8,,,1,,,649,6,8,15,,1,,,,,,,,,,0,,17,0,1,commonglass_mix,0.2,,,
659,玻璃片,,BlueGreenGlassPane,BlueGreenGlassPane,,,glasspane,,4,4,,,,1,1,1,0,0,1,,,,,4,1.2,1,0,,0,,0,0,0,0,0,0,,,,3,1,0,,1,glass_pane,glass_edge_white,,blocks.stone,blockd.glass,blockd.stone,659,0,1,,3f93a4,,,1,,,649,6,8,15,,1,,,,,,,,,,0,,17,0,1,commonglass_mix,0.2,,,
660,玻璃片,,PurpleGlassPane,PurpleGlassPane,,,glasspane,,4,4,,,,1,1,1,0,0,1,,,,,4,1.2,1,0,,0,,0,0,0,0,0,0,,,,3,1,0,,1,glass_pane,glass_edge_white,,blocks.stone,blockd.glass,blockd.stone,660,0,1,,884a9d,,,1,,,649,6,8,15,,1,,,,,,,,,,0,,17,0,1,commonglass_mix,0.2,,,
661,玻璃片,,BlueGlassPane,BlueGlassPane,,,glasspane,,4,4,,,,1,1,1,0,0,1,,,,,4,1.2,1,0,,0,,0,0,0,0,0,0,,,,3,1,0,,1,glass_pane,glass_edge_white,,blocks.stone,blockd.glass,blockd.stone,661,0,1,,48719d,,,1,,,649,6,8,15,,1,,,,,,,,,,0,,17,0,1,commonglass_mix,0.2,,,
662,玻璃片,,DeepRedGlassPane,DeepRedGlassPane,,,glasspane,,4,4,,,,1,1,1,0,0,1,,,,,6,0.6,1,0,,0,,0,0,0,0,0,0,,,,3,1,0,,1,glass_pane,glass_edge_white,,blocks.stone,blockd.glass,blockd.stone,662,0,1,,84684c,,,1,,,649,6,8,15,,1,,,,,,,,,,0,,17,0,1,commonglass_mix,0.2,,,
663,玻璃片,,GreenGlassPane,GreenGlassPane,,,glasspane,,4,4,,,,1,1,1,0,0,1,,,,,4,1.2,1,0,,0,,0,0,0,0,0,0,,,,3,1,0,,1,glass_pane,glass_edge_white,,blocks.stone,blockd.glass,blockd.stone,663,0,1,,5b8337,,,1,,,649,6,8,15,,1,,,,,,,,,,0,,17,0,1,commonglass_mix,0.2,,,
664,玻璃片,,RedGlassPane,RedGlassPane,,,glasspane,,4,4,,,,1,1,1,0,0,1,,,,,6,0.6,1,0,,0,,0,0,0,0,0,0,,,,3,1,0,,1,glass_pane,glass_edge_white,,blocks.stone,blockd.glass,blockd.stone,664,0,1,,ab4730,,,1,,,649,6,8,15,,1,,,,,,,,,,0,,17,0,1,commonglass_mix,0.2,,,
665,玻璃片,,BlackGlassPane,BlackGlassPane,,,glasspane,,4,4,,,,1,1,1,0,0,1,,,,,4,1.2,1,0,,0,,0,0,0,0,0,0,,,,3,1,0,,1,glass_pane,glass_edge_white,,blocks.stone,blockd.glass,blockd.stone,665,0,1,,1f2527,,,1,,,649,6,8,15,,1,,,,,,,,,,0,,17,0,1,commonglass_mix,0.2,,,
666,水泥块,,CementBlock,CementBlock,,,basic,2,4,4,,1,,1,1,1,0,0,0,,,,1,35,6,1,0,,0,,666,10000,0,0,666,10000,,,,2,15,0,,1,cement_normal,,,blocks.stone,blockd.stone,,666,2,1,,f5cd96,,,,,,,1,15,15,,6,,,1,,,,,,,0,,255,0,1,,0.2,,1,
667,上色水泥块,,WhiteCement,WhiteCement,,,basic,2,4,4,,,,1,1,1,0,0,0,,,,1,35,6,1,0,,0,,667,10000,0,0,667,10000,,,,2,15,0,,1,cement_normal,,,blocks.stone,blockd.stone,,667,2,1,,eae6e1,,,,,,666,1,15,15,,6,,,1,,,,,,,0,,255,0,1,,0.2,,1,
668,上色水泥块,,OrangeCement,OrangeCement,,,basic,2,4,4,,,,1,1,1,0,0,0,,,,1,50,6,1,0,,0,,668,10000,0,0,668,10000,,,,2,15,0,,1,cement_normal,,,blocks.stone,blockd.stone,,668,2,1,,e28252,,,,,,666,1,15,15,,6,,,1,,,,,,,0,,255,0,1,,0.2,,1,
669,上色水泥块,,RedPurpleCement,RedPurpleCement,,,basic,2,4,4,,,,1,1,1,0,0,0,,,,1,50,6,1,0,,0,,669,10000,0,0,669,10000,,,,2,15,0,,1,cement_normal,,,blocks.stone,blockd.stone,,669,2,1,,de6bf9,,,,,,666,1,15,15,,6,,,1,,,,,,,0,,255,0,1,,0.2,,1,
670,上色水泥块,,LightBlueCement,LightBlueCement,,,basic,2,4,4,,,,1,1,1,0,0,0,,,,1,35,6,1,0,,0,,670,10000,0,0,670,10000,,,,2,15,0,,1,cement_normal,,,blocks.stone,blockd.stone,,670,2,1,,5cb8ee,,,,,,666,1,15,15,,6,,,1,,,,,,,0,,255,0,1,,0.2,,1,
671,上色水泥块,,YellowCement,YellowCement,,,basic,2,4,4,,,,1,1,1,0,0,0,,,,1,50,6,1,0,,0,,671,10000,0,0,671,10000,,,,2,15,0,,1,cement_normal,,,blocks.stone,blockd.stone,,671,2,1,,e8db7d,,,,,,666,1,15,15,,6,,,1,,,,,,,0,,255,0,1,,0.2,,1,
672,上色水泥块,,LightGreenCement,LightGreenCement,,,basic,2,4,4,,,,1,1,1,0,0,0,,,,1,50,6,1,0,,0,,672,10000,0,0,672,10000,,,,2,15,0,,1,cement_normal,,,blocks.stone,blockd.stone,,672,2,1,,97cb4b,,,,,,666,1,15,15,,6,,,1,,,,,,,0,,255,0,1,,0.2,,1,
673,上色水泥块,,LightRedCement,LightRedCement,,,basic,2,4,4,,,,1,1,1,0,0,0,,,,1,50,6,1,0,,0,,673,10000,0,0,673,10000,,,,2,15,0,,1,cement_normal,,,blocks.stone,blockd.stone,,673,2,1,,ec7dba,,,,,,666,1,15,15,,6,,,1,,,,,,,0,,255,0,1,,0.2,,1,
674,上色水泥块,,GreyCement,GreyCement,,,basic,2,4,4,,,,1,1,1,0,0,0,,,,1,70,6,1,0,,0,,674,10000,0,0,674,10000,,,,2,15,0,,1,cement_normal,,,blocks.stone,blockd.stone,,674,2,1,,a19d99,,,,,,666,1,15,15,,6,,,1,,,,,,,0,,255,0,1,,0.2,,1,
675,上色水泥块,,LightGreyCement,LightGreyCement,,,basic,2,4,4,,,,1,1,1,0,0,0,,,,1,35,6,1,0,,0,,675,10000,0,0,675,10000,,,,2,15,0,,1,cement_normal,,,blocks.stone,blockd.stone,,675,2,1,,d2cdc7,,,,,,666,1,15,15,,6,,,1,,,,,,,0,,255,0,1,,0.2,,1,
676,上色水泥块,,BlueGreenCement,BlueGreenCement,,,basic,2,4,4,,,,1,1,1,0,0,0,,,,1,35,6,1,0,,0,,676,10000,0,0,676,10000,,,,2,15,0,,1,cement_normal,,,blocks.stone,blockd.stone,,676,2,1,,50d8d5,,,,,,666,1,15,15,,6,,,1,,,,,,,0,,255,0,1,,0.2,,1,
677,上色水泥块,,PurpleCement,PurpleCement,,,basic,2,4,4,,,,1,1,1,0,0,0,,,,1,70,6,1,0,,0,,677,10000,0,0,677,10000,,,,2,15,0,,1,cement_normal,,,blocks.stone,blockd.stone,,677,2,1,,8e32c3,,,,,,666,1,15,15,,6,,,1,,,,,,,0,,255,0,1,,0.2,,1,
678,上色水泥块,,BlueCement,BlueCement,,,basic,2,4,4,,,,1,1,1,0,0,0,,,,1,70,6,1,0,,0,,678,10000,0,0,678,10000,,,,2,15,0,,1,cement_normal,,,blocks.stone,blockd.stone,,678,2,1,,4e5ccd,,,,,,666,1,15,15,,6,,,1,,,,,,,0,,255,0,1,,0.2,,1,
679,上色水泥块,,DeepRedCement,DeepRedCement,,,basic,2,4,4,,,,1,1,1,0,0,0,,,,1,50,6,1,0,,0,,679,10000,0,0,679,10000,,,,2,15,0,,1,cement_normal,,,blocks.stone,blockd.stone,,679,2,1,,694a34,,,,,,666,1,15,15,,6,,,1,,,,,,,0,,255,0,1,,0.2,,1,
680,上色水泥块,,GreenCement,GreenCement,,,basic,2,4,4,,,,1,1,1,0,0,0,,,,1,35,6,1,0,,0,,680,10000,0,0,680,10000,,,,2,15,0,,1,cement_normal,,,blocks.stone,blockd.stone,,680,2,1,,50c472,,,,,,666,1,15,15,,6,,,1,,,,,,,0,,255,0,1,,0.2,,1,
681,上色水泥块,,RedCement,RedCement,,,basic,2,4,4,,,,1,1,1,0,0,0,,,,1,50,6,1,0,,0,,681,10000,0,0,681,10000,,,,2,15,0,,1,cement_normal,,,blocks.stone,blockd.stone,,681,2,1,,d23d41,,,,,,666,1,15,15,,6,,,1,,,,,,,0,,255,0,1,,0.2,,1,
682,上色水泥块,,BlackCement,BlackCement,,,basic,2,4,4,,,,1,1,1,0,0,0,,,,1,70,6,1,0,,0,,682,10000,0,0,682,10000,,,,2,15,0,,1,cement_normal,,,blocks.stone,blockd.stone,,682,2,1,,150e0a,,,,,,666,1,15,15,,6,,,1,,,,,,,0,,255,0,1,,0.2,,1,
683,龙纹石块,,Dragon-patternedStone,Dragon-patternedStone,,,basic,1,4,4,,,,1,1,1,0,0,0,,,,1,70,12,1,0,,0,,683,10000,0,0,683,10000,,,,2,15,0,,1,dragonbrick,,,blocks.stone,blockd.stone,,683,2,1,,a6a899,,,,,,,1,15,15,,6,,,10,,,,,,,0,,255,0,1,,0.5,,1,
684,斜纹黑石块,,TwillBlackStone,TwillBlackStone,,,basic,1,4,4,,,,1,1,1,0,0,0,,,,1,100,15,1,0,,0,,684,10000,0,0,684,10000,,,,2,15,0,,1,mobspawner2_on,,,blocks.stone,blockd.stone,,684,2,1,,3d2168,,,,,,,1,15,15,,6,,,10,,,,,,,0,,255,0,1,,0.5,,1,
685,竖纹糖块,,VerticalStripedCandy,VerticalStripedCandy,,,log,1,4,4,,,,1,1,1,0,0,0,,,,1,50,10,1,0,,0,,685,10000,0,0,685,10000,,,,,,,,1,sugar1,,,blocks.stone,blockd.stone,,685,2,1,,c90d30,,,,,,,1,15,15,,6,,,1,,,,,,,0,,0,0,1,,2,,1,
686,巧克力砖,,ChocolateBrick,ChocolateBrick,,,basic,1,4,4,,,,1,1,1,0,0,0,,,,1,50,10,1,0,,0,,686,10000,0,0,686,10000,,,,,,,,1,sugar2_side,,,blocks.stone,blockd.stone,,686,2,1,,491600,,,,,,,1,15,15,,6,,,1,,,,,,,0,,0,0,1,,2,,1,
687,香薰宫灯,,ScentedLantern,ScentedLantern,,,basic,3,4,,,,,1,1,1,0,0,0,,,,1,30,10,1,0,,0,,687,10000,0,0,687,10000,,,,1,1,15,,1,glowstone_lamp_wood2,,,blocks.stone,blockd.stone,blockd.stone,687,2,1,,ff6a69,,,,,,,1,15,0,,1,,,1,,,,,,,0,a87f70,17,0,1,,2,,1,2
688,中式字牌,,WoodenPlaque,WoodenPlaque,,,plaque,3,4,,,,,1,0,1,2,3,2,,,,,10,5,1,0,,0,,688,10000,0,0,688,10000,,,,2,1,0,,1,plaque6,plaque,,,blockd.wood,,688,1,1,,604a44,,,,,4,,0,15,15,,1,,,1,,,,,,,1,,17,2,0,,2,,,
689,中式镂空窗,,Hollow-outWindow,Hollow-outWindow,,,glasspane,3,4,,,,,1,1,1,0,0,1,,,,,5,0.6,1,0,,0,,689,10000,0,0,689,10000,,,,3,1,0,,1,glass_wood,glass_wood_top,,blocks.wood,blockd.wood,,689,1,1,,662c26,,,,,,,6,8,15,,1,,,1,,,,,,,0,,17,0,1,,2,,,
690,低音块,,LBlock,LBlock,,,musictone,,5,5,,,,1,1,1,2,0,0,,,,,30,10,1,0,,0,,690,10000,0,0,690,10000,,,,2,15,0,,1,musicbox_tone_1,music.tone.tone,,blocks.stone,blockd.stone,,690,2,1,,255a86,,,,,,,1,15,15,,6,,,1,,,,,,,0,b4b364,255,0,1,,1,26,,2
691,中音块,,MBlock,MBlock,,,musictone,,5,5,,,,1,1,1,2,0,0,,,,,30,10,1,0,,0,,691,10000,0,0,691,10000,,,,2,15,0,,1,musicbox_tone_2,music.tone.tone,,blocks.stone,blockd.stone,,691,2,1,,255a86,,,,,,,1,15,15,,6,,,1,,,,,,,0,b4b364,255,0,1,,1,26,,2
692,高音块,,HBlock,HBlock,,,musictone,,5,5,,,,1,1,1,2,0,0,,,,,30,10,1,0,,0,,692,10000,0,0,692,10000,,,,2,15,0,,1,musicbox_tone_3,music.tone.tone,,blocks.stone,blockd.stone,,692,2,1,,255a86,,,,,,,1,15,15,,6,,,1,,,,,,,0,b4b364,255,0,1,,1,26,,2
693,乐器-鼓,,Drummer,Drummer,,,musicnote,,5,5,,,,1,1,1,2,0,0,,,,,30,10,1,0,,0,,693,10000,0,0,693,10000,,,,2,15,0,,1,musicbox_note_drum,music.note.drum,,blocks.stone,blockd.stone,,693,2,1,,1a6068,,,,,,,1,15,15,,6,,,1,,,,,,,0,64a4b4,255,0,1,,1,26,,2
694,乐器-电子,,Electroner,Electroner,,,musicnote,,5,5,,,,1,1,1,2,0,0,,,,,30,10,1,0,,0,,694,10000,0,0,694,10000,,,,2,15,0,,1,musicbox_note_bass,music.note.bass,,blocks.stone,blockd.stone,,694,2,1,,1a6068,,,,,,,1,15,15,,6,,,1,,,,,,,0,64a4b4,255,0,1,,1,26,,2
695,乐器-综合,,Symphony,Symphony,,,musicnote,,5,5,,,,1,1,1,2,0,0,,,,,30,10,1,0,,0,,695,10000,0,0,695,10000,,,,2,15,0,,1,musicbox_note_lead,music.note.lead,,blocks.stone,blockd.stone,,695,2,1,,1a6068,,,,,,,1,15,15,,6,,,1,,,,,,,0,64a4b4,255,0,1,,1,26,,2
696,非循环-电子,,AcyclicElectron,AcyclicElectron,,,musicuncoil,,5,5,,,,1,1,1,2,0,0,,,,,30,10,1,0,,0,,696,10000,0,0,696,10000,,,,2,15,0,,1,musicbox_uncoil_FX,music.fx.fx,,blocks.stone,blockd.stone,,696,2,1,,551156,,,,,,,1,15,15,,6,,,1,,,,,,,0,9479ae,255,0,1,,1,26,,2
697,循环-鼓,,LoopDrummer,LoopDrummer,,,musicloop,,5,5,,,,1,1,1,2,0,0,,,,,30,10,1,0,,0,,697,10000,0,0,697,10000,,,,2,15,0,,1,musicbox_loop_drum,music.loop.drum,,blocks.stone,blockd.stone,,697,2,1,,6e241b,,,,,,,1,15,15,,6,,,1,,,,,,,0,af786c,255,0,1,,1,26,,2
698,循环-电子,,LoopElectron,LoopElectron,,,musicloop,,5,5,,,,1,1,1,2,0,0,,,,,30,10,1,0,,0,,698,10000,0,0,698,10000,,,,2,15,0,,1,musicbox_loop_bass,music.loop.bass,,blocks.stone,blockd.stone,,698,2,1,,6e241b,,,,,,,1,15,15,,6,,,1,,,,,,,0,af786c,255,0,1,,1,26,,2
699,循环-氛围,,LoopAmbient,LoopAmbient,,,musicloop,,5,5,,,,1,1,1,2,0,0,,,,,30,10,1,0,,0,,699,10000,0,0,699,10000,,,,2,15,0,,1,musicbox_loop_pad,music.loop.pad,,blocks.stone,blockd.stone,,699,2,1,,6e241b,,,,,,,1,15,15,,6,,,1,,,,,,,0,af786c,255,0,1,,1,26,,2
700,星能产生器,,PowerGenerator,PowerGenerator,,,egenerator,,,,,,,1,0,0,1,3,1,,,,,1,0,1,0,,0,,701,10000,0,0,701,10000,,,,0,1,7,,1,starenergy_torch_off,starenergy_torch_off,,,blockd.wood,,701,0,1,,05ffff,,,,,4,701,0,15,15,,1,,,,,,,,,,0,,17,1,0,,0,,,
701,星能产生器,,PowerGenerator1,PowerGenerator1,,,egenerator,,,,,,,1,0,0,1,3,1,,,,,1,0,1,0,,0,1,701,10000,0,0,701,10000,,,,0,1,7,,1,starenergy_torch,starenergy_torch_on,,,blockd.wood,,701,0,1,,05ffff,,,,,4,,0,15,15,,1,,,,,,,,,,0,,17,1,0,,1,,,2
702,星能增幅器,,PowerEnhancer,PowerEnhancer,,,repeater,,,,,,,1,1,1,0,3,2,,,,,3,0,1,0,,0,,702,10000,0,0,702,10000,,,,2,1,0,,1,repeater_off,repeater_switch,,,blockd.wood,,702,0,1,,a2d5c6,,,,,4,,1,15,15,,1,,,,,,,,,,0,,17,0,0,,1,,,
703,星能增幅器,,PowerEnhancer1,PowerEnhancer1,,,repeater,,,,,,,1,1,1,0,3,2,,,,,3,0,1,0,,0,1,702,10000,0,0,702,10000,,,,2,1,9,,1,repeater_on,repeater_switch,,,blockd.wood,,702,0,1,,a2d5c6,,,,,4,702,1,15,15,,1,,,,,,,,,,0,,17,0,0,,0,,,
704,星能比较器,,PowerComparator,PowerComparator,,,comparator,,,,,,,1,1,1,1,3,2,,,,,3,0,1,0,,0,,704,10000,0,0,704,10000,,,,2,1,0,,1,calculator_off,calculator_switch,,,blockd.wood,,704,0,1,,a2d5c6,,,,,4,,1,15,15,,1,,,,,,,,,,0,,17,1,0,,1,,,
705,星能比较器,,PowerComparator1,PowerComparator1,,,comparator,,,,,,,1,1,1,1,3,2,,,,,3,0,1,0,,0,1,704,10000,0,0,704,10000,,,,2,1,9,,1,calculator_on,calculator_switch,,,blockd.wood,,704,0,1,,a2d5c6,,,,,4,704,1,15,15,,1,,,,,,,,,,0,,17,1,0,,0,,,
706,蓝色星能线,,BlueCable,BlueCable,,,hardwire,,,,,,,1,0,0,0,0,2,,,,,3,0,1,0,,0,,706,10000,0,0,706,10000,,,,2,1,0,,1,hardwire0,hardwire1,,blocks.wood,blockd.wood,,706,0,1,,248ae6,,,,,,,0,15,15,,1,,,,,,,,,,0,,17,0,0,,1,,,
707,星能信号灯,,StarenergyLamp,StarenergyLamp,,,elight,,,,,,,1,1,1,0,0,0,,,,,5,3,1,0,,0,,707,10000,0,0,707,10000,,,,1,1,0,,1,starenergy_lamp_off,starenergy_lamp,,blocks.stone,blockd.glass,blockd.stone,707,0,1,,664f3c,,,,,,,1,15,15,,1,,,,,,,,,,0,,17,0,0,,1,,,2
708,星能信号灯,,StarenergyLamp1,StarenergyLamp1,,,elight,,,,,,,1,1,1,0,0,0,,,,,5,3,1,0,,0,1,707,10000,0,0,707,10000,,,,1,1,15,,1,starenergy_lamp_on,starenergy_lamp,,blocks.stone,blockd.glass,blockd.stone,707,0,1,,ffff07,,,,,,707,1,15,15,,1,,,,,,,,,,0,e2df88,17,0,0,,0,,,2
709,游戏版本过低,,,,,,basic,,,,,,,1,1,1,2,0,0,,,,,,,1,0,,0,,,,,,,,,,,,,,,1,,,,,,,,0,1,,,,,,,1,,1,15,15,,1,,,,,,,,,,0,,0,2,1,,0,,,
710,丝线,,SilkThread,SilkThread,,,wire,,,,,,,1,0,0,1,3,1,,,,,1,0,1,0,,0,,710,10000,0,0,710,10000,,,,0,1,0,,1,trip_wire,,,,blockd.stone,,710,0,1,,f8f8ff,,,,,,,0,15,15,,1,,,,,,,,,,0,,17,1,0,,0.2,,,
711,触碰感压板,,WoodenTransducer,WoodenTransducer,,,pressure,,,,,,,1,0,1,1,3,0,,,,,8,3,1,0,,0,,711,10000,0,0,711,10000,,,,0,1,0,,1,pressure_wood,,,,blockd.wood,,711,1,1,,ca9b4d,,,,,4,,0,15,15,,1,,,1,,,,,,,0,,17,1,0,,1,,,
712,普通感压板,,StoneTransducer,StoneTransducer,,,pressure,,,,,,,1,0,1,1,3,0,,,,,16,6,1,0,,0,,712,10000,0,0,712,10000,,,,0,1,0,,1,pressure_stone,,,,blockd.stone,,712,2,1,,c1b7bd,,,,,4,,0,15,15,,1,,,1,,,,,,,0,,17,1,0,,1,,,
713,生物感压板,,CreatureTransducer,CreatureTransducer,,,pressure,,,,,,,1,0,1,1,3,0,,,,,16,6,1,0,,0,,713,10000,0,0,713,10000,,,,0,1,0,,1,pressure_bamboo,,,,blockd.wood,,713,2,1,,699114,,,,,4,,0,15,15,,1,,,1,,,,,,,0,,17,1,0,,1,,,
715,触碰按钮,,TouchButton,TouchButton,,,button,,,,,,,1,0,0,1,3,1,,,,,8,3,1,0,,0,,715,10000,0,0,715,10000,,,,0,1,0,,1,button_wood,,,,blockd.wood,,715,1,1,,ca9b4d,,,,,4,,0,15,15,,1,,,1,,,,,,,0,,17,1,0,,1,,,
716,普通按钮,,Button,Button,,,button,,,,,,,1,0,0,1,3,1,,,,,16,6,1,0,,0,,716,10000,0,0,716,10000,,,,0,1,0,,1,button_stone,,,,blockd.stone,,716,2,1,,c1b7bd,,,,,4,,0,15,15,,1,,,1,,,,,,,0,,17,1,0,,1,,,
717,发射装置,,LaunchingDevice,LaunchingDevice,,,emitter,,,,,,,1,1,1,2,0,2,,,,,24,10,1,0,,0,,717,10000,0,0,717,10000,,,,0,1,0,,1,emitter,,,blocks.stone,blockd.stone,,717,2,1,,c27523,,,,,4,,1,15,15,,1,,,1,,,,,,,0,,17,2,0,,1,,,
718,推拉机械臂,,Push-pullArm,Push-pullArm,,,piston,,,,,,,1,1,1,2,0,2,,,,,10,4,1,0,,0,,718,10000,0,0,718,10000,,,,2,1,0,,1,hyd_arm,,,blocks.stone,blockd.stone,,718,2,1,,b99871,,,,,4,,1,15,15,,1,,,1,,,,,,,0,,17,2,0,,1,,,
719,机械臂,,RobotArm,RobotArm,,,piston,,,,,,,1,1,1,2,0,2,,,,,10,4,1,0,,0,,719,10000,0,0,719,10000,,,,2,1,0,,1,hyd_arm,,,blocks.stone,blockd.stone,,719,2,1,,b99871,,,,,4,,1,15,15,,1,,,1,,,,,,,0,,17,2,0,,1,,,
720,投掷发射装置,,ThrowingDevice,ThrowingDevice,,,emitter,,,,,,,1,1,1,2,0,2,,,,,24,10,1,0,,0,,717,10000,0,0,717,10000,,,,2,1,0,,1,emitter1,,,blocks.stone,blockd.stone,,717,2,1,,b1262a,,,,,4,717,1,15,15,,1,,1,1,,,,,,,0,,17,2,0,,0,,,
721,地刺陷阱,,SpikeTrap,SpikeTrap,,,luker,1,5,,,,,1,0,1,2,0,0,,,,,20,10,1,0,,0,,721,10000,0,0,721,10000,,,,0,1,0,,1,trap,trap,,blocks.stone,blockd.wood,,721,2,1,,727890,,,,,4,,0,15,15,,1,,,1,3,,,,,,2,,17,0,1,,1,26,,
722,投掷装置,,Thrower,Thrower,,,catapult,1,5,,,,,1,1,1,2,0,2,,,,,24,20,1,0,,0,,722,10000,0,0,722,10000,,,,2,1,0,,1,thrower,thrower,,blocks.wood,blockd.wood,,722,1,1,,a26b2c,,,,,4,,1,15,15,,1,,1,10,,,,,,,0,,17,2,0,,1,26,,
723,桃木图腾,,Totem,Totem,,,totem,1,5,,,,,1,1,1,2,0,0,,,,,-1,50,1,0,,0,,723,10000,0,0,723,10000,,,,1,1,10,,1,totem,totem,,blockd.wood,blockd.wood,,723,1,1,,97614e,,,,,4,,1,15,0,,1,,,10,3,,,,,,0,b2c3cc,17,2,0,,1,,1,
724,开关,,Switch,Switch,,,lever,,,,,,,1,0,0,1,3,1,,,,,8,3,1,0,,0,,724,10000,0,0,724,10000,,,,0,1,0,,1,switch,switch,,,blockd.wood,,724,2,1,,c1b7bd,,,,,4,,0,15,15,,1,,,1,,,,,,,0,,17,1,0,,1,,,2
725,轨道节点,,RailNode,RailNode,,,rail,,5,,,,,1,0,1,2,0,1,,,,,12,5,1,0,,0,,725,10000,0,0,725,10000,,,,0,1,0,,1,railknot,railknot,,,blockd.stone,,725,2,1,,707c7e,,,,,4,,0,15,15,,1,,,1,,,,,,,0,,17,2,0,,1,26,,2
726,钢琴,,Piano,Piano,,,piano,,5,,,,,1,1,1,2,0,0,,,,,100,50,1,0,,0,,726,10000,0,0,726,10000,,,,1,1,0,,1,piano,piano,,blockd.wood,blockd.wood,,726,1,1,,97614e,,,,,,,1,15,0,,1,,1,10,3,,,,,,0,,17,2,0,,1,26,,
727,花小楼生日雕塑,,,,,,sculpture,,,,,,,1,1,1,2,0,0,,,,,500,50,1,0,,0,,727,10000,0,0,727,10000,,,,2,1,0,,2,huaxiaolou,huaxiaolou,,blockd.wood,blockd.wood,,727,2,1,,97614e,,,,,1,,1,15,15,,1,,1,10,3,,,,,,0,,17,2,0,,0,,,
728,收音机,,,,,,basic,,,,,,,1,1,1,2,0,0,,,,,,,1,0,,0,,,,,,,,,,,,,,,1,,,,,,,,,,,,,,,,1,,1,15,15,,1,,,,,,,,,,0,,0,2,1,,0,,1,
729,加速轨道节点,,Speed-upRailNode,Speed-upRailNode,,,rail,,5,,,,,1,0,1,2,0,1,,,,,12,5,1,0,,0,,729,10000,0,0,729,10000,,,,0,1,0,,1,railknot_off,railknot,,,blockd.stone,,729,2,1,,687177,,,,,4,,0,15,15,,1,,,1,,,,,,,0,,17,2,0,,1,26,,2
730,沙漠宝箱,,DesertChest,DesertChest,,,simplechest,,,,,,,1,1,1,2,0,0,,,,,50,15,1,0,,0,,730,10000,0,0,730,10000,,,,2,1,0,,1,box1,,,blocks.wood,blockd.wood,,730,1,1,,ba706b,,,,,1,,1,15,15,,1,,,10,3,,,,,,0,,17,2,0,,0,,1,
731,木质天窗,,WoodenSkylight,WoodenSkylight,,,trapdoor,1,4,,,,,1,1,1,0,3,2,,,,,16,9,1,0,,0,,731,10000,0,0,731,10000,,,,2,1,0,,1,skylight,skylight,,blocks.wood,blockd.wood,,731,1,1,,d3946b,,,,,4,,3,15,15,,1,,,1,,,,,,,0,,17,0,1,,0.5,,,
732,黑龙雕像,,BlackStatue,BlackStatue,,,dragoncup,1,4,,,,,1,1,1,2,0,1,,,,,100,25,1,0,,0,,732,10000,0,0,732,10000,,,,2,1,15,1,1,dragoncup,,,blocks.stone,blockd.stone,,732,2,1,,21588d,,,,,33,,1,15,0,,1,,,10,,,,,,,0,82979f,17,0,1,,0,26,,2
733,黑龙宝罐,,BlackDragonJar,BlackDragonJar,,,jar,1,4,,,,,1,0,1,2,0,0,,,,,-1,0,1,0,,0,,0,0,0,0,0,0,,,,2,1,0,,1,jar4,jar,,blocks.stone,blockd.jar,blockd.stone,0,0,1,,d6bb21,50,,,,33,,0,15,15,,1,,,,3,,,,,,0,,17,2,0,,0,,1,
734,普通宝箱,,Chest,Chest,,,simplechest,1,4,,,,,1,1,1,2,0,0,,,,,-1,-1,1,0,,0,,0,0,0,0,0,0,,,,2,1,0,,1,box1,,,blocks.wood,blockd.wood,,0,0,,,a26262,,,,,1,,1,15,15,,1,,,,3,,,,,,0,,17,0,1,,0,,,
735,精致宝箱,,ExquisiteChest,ExquisiteChest,,,simplechest,,,,,,,1,1,1,2,0,0,,,,,-1,-1,1,0,,0,,0,0,0,0,0,0,,,,2,1,0,,1,box2,,,blocks.wood,blockd.wood,,0,0,,,503625,,,,,1,,1,15,15,,1,,,,3,,,,,,0,,17,0,1,,0,,,
736,黄金宝箱,,GoldChest,GoldChest,,,simplechest,,,,,,,1,1,1,2,0,0,,,,,-1,-1,1,0,,0,,0,0,0,0,0,0,,,,2,1,0,,1,box3,,,blocks.wood,blockd.wood,,0,0,,,f9cb0e,,,,,1,,1,15,15,,1,,,,3,,,,,,0,,17,0,1,,0,,,
737,简易罐子,,Jar,Jar,,,jar,1,4,,,,,1,4,1,0,0,0,,,,,3,0,1,0,,0,,0,0,0,0,0,0,1,5000,"1,1",2,1,0,,1,jar1,jar,,blocks.stone,blockd.jar,blockd.stone,737,0,1,,ddc2b7,1,,1,,1,,0,15,15,,1,,,,2,,,,,,0,,17,0,1,,0,,1,
738,陶土罐子,,ClayJar,ClayJar,,,jar,1,4,,,,,1,4,1,0,0,0,,,,,3,0,1,0,,0,,0,0,0,0,0,0,1,5000,"1,1",2,1,0,,1,jar2,jar,,blocks.stone,blockd.jar,blockd.stone,738,0,1,,edc3d4,1,,1,,1,,0,15,15,,1,,,,2,,,,,,0,,17,0,1,,0,,1,
739,彩陶罐子,,PaintedClayJar,PaintedClayJar,,,jar,1,4,,,,,1,4,1,0,0,0,,,,,3,0,1,0,,0,,0,0,0,0,0,0,1,5000,"1,1",2,1,0,,1,jar3,jar,,blocks.stone,blockd.jar,blockd.stone,739,0,1,,f7def7,1,,1,,1,,0,15,15,,1,,,,2,,,,,,0,,17,0,1,,0,,1,
740,熔岩之石,,LavaStone,LavaStone,,,dragonegg,1,4,,,,,1,1,1,2,0,0,,,,,500,200,1,0,,0,,740,10000,0,0,740,10000,,,,2,1,15,1,1,dragonegg_lava,dragonegg,,blocks.stone,blockd.stone,,740,2,1,,c6dcc6,,,,,33,,1,15,0,,1,,,999,,,,,,,0,956035,17,2,0,,0,26,,
741,混乱之石,,ChaosStone,ChaosStone,,,dragonegg,1,4,,,,,1,1,1,2,0,0,,,,,-1,-1,1,0,,0,,0,0,0,0,0,0,,,,2,1,15,1,1,dragonegg_chaos,dragonegg,,blocks.stone,blockd.stone,,0,0,,,49a6e9,,,,,33,,1,15,0,,1,,,,,,,,,,0,7b6588,17,2,0,,0,26,,
742,混乱雕像,,ChaosStatue,ChaosStatue,,,dragoncup,1,4,,,,,1,1,1,2,0,1,,,,,100,25,1,0,,0,,742,10000,0,0,742,10000,,,,2,1,15,1,1,dragoncup1,,,blocks.stone,blockd.stone,,742,2,1,,231d3d,,,,,33,,1,15,0,,1,,,10,,,,,,,0,8e74a9,17,2,0,,0,26,,2
743,熔岩宝罐,,LavaJar,LavaJar,,,jar,1,4,,,,,1,0,1,2,0,0,,,,,-1,0,1,0,,0,,0,0,0,0,0,0,,,,2,1,0,,1,jar4,jar,,blocks.stone,blockd.jar,blockd.stone,0,0,1,,decc23,50,,,,33,,0,15,15,,1,,,,,,,,,,0,,17,2,0,,0,,1,
744,混乱宝罐,,ChaosJar,ChaosJar,,,jar,1,4,,,,,1,0,1,2,0,0,,,,,-1,0,1,0,,0,,0,0,0,0,0,0,,,,2,1,0,,1,jar4,jar,,blocks.stone,blockd.jar,blockd.stone,0,0,1,,decc23,50,,,,33,,0,15,15,,1,,,,,,,,,,0,,17,2,0,,0,,1,
745,硫黄弓手图腾,,SulfurArcherTotem,SulfurArcherTotem,,,mobspawner,,4,,,,,1,1,1,2,0,0,,,,,30,10,1,0,,0,,0,0,0,0,0,0,,,,2,1,0,,1,spawner,,,blocks.stone,blockd.stone,,0,2,1,,a6a899,,,,,33,,1,15,15,,1,,,1,3,,,,,,0,,17,2,1,,0,,,
746,熔岩雕像,,LavaStatue,LavaStatue,,,dragoncup,1,4,,,,,1,1,1,2,0,1,,,,,100,25,1,0,,0,,746,10000,0,0,746,10000,,,,2,1,15,1,1,dragoncup2,,,blocks.stone,blockd.stone,,746,2,1,,27212f,,,,,33,,1,15,0,,1,,,10,,,,,,,0,e3bf42,17,2,0,,0,26,,2
747,物资罐,,SupplyJar,SupplyJar,,,jar,1,4,,,,,1,0,1,0,0,0,,,,,0,0,1,0,,0,,0,0,0,0,0,0,1,5000,"1,1",2,1,0,,1,jar3,jar,,blocks.stone,blockd.jar,blockd.stone,739,0,1,,f7def7,1,,,,33,,0,15,15,,1,,,,,,,,,,0,,17,0,1,,0,,1,
748,萤火虫玻璃瓶,,FireflyBottle,FireflyBottle,,,glassbottle,1,4,,3419,,,1,1,1,0,0,0,,,,,3,0,1,0,,0,,0,0,0,0,0,0,,,,2,1,8,,1,glassjar,glassjar,,blocks.stone,blockd.glass,blockd.stone,748,2,1,,ffffff,1,,1,item_748.ent,,,0,8,0,,1,,,1,3,,,,,,0,,17,0,1,,0.2,,,2
749,铜薄板,,BrassStep,BrassStep,,,slab,1,4,4,,,,1,1,3,0,0,1,,,,,50,12,1,0,,0,,749,10000,0,0,749,10000,,,,2,15,0,,1,brass_block,,,blocks.stone,blockd.stone,,749,2,1,,b5a642,,,,,,,2,15,15,,1,,,10,,,,,,,0,,255,0,1,,1,26,,
750,铁制薄板,,MithsilverStep,MithsilverStep,,,slab,1,4,4,,,,1,1,3,0,0,1,,,,,50,12,1,0,,0,,750,10000,0,0,750,10000,,,,2,15,0,,1,mithsilver_block,,,blocks.stone,blockd.stone,,750,2,1,,5d605d,,,,,,,2,15,15,,1,,,10,,,,,,,0,,255,0,1,,1.5,26,,
751,炽炎薄板,,FlameCrystalStep,FlameCrystalStep,,,slab,1,4,4,,,,1,1,3,0,0,1,,,,,50,12,1,0,,0,,751,10000,0,0,751,10000,,,,2,15,4,,1,flamecrystal_block,,,blocks.stone,blockd.stone,,751,2,1,,fac117,,,,,,,2,15,15,,1,,,10,,,,,,,0,f8c100,255,0,1,,1,,,2
752,钛合金薄板,,TitaniumStep,TitaniumStep,,,slab,1,4,4,,,,1,1,3,0,0,1,,,,,50,12,1,0,,0,,752,10000,0,0,752,10000,,,,2,15,0,,1,titanium_block,,,blocks.stone,blockd.stone,,752,2,1,,ffffff,,,,,,,2,15,15,,1,,,10,,,,,,,0,,255,0,1,,3,26,,
753,铜楼梯,,BrassStair,BrassStair,,,stair,1,4,4,,,,1,1,1,0,0,2,,,,,50,12,1,0,,0,,753,10000,0,0,753,10000,,,,2,15,0,1,1,brass_block,stair,,blocks.stone,blockd.stone,,753,2,1,,b5a642,,,,,4,,2,15,15,,1,,,10,,,,,,,2,,255,0,1,,2,26,1,
754,铁制楼梯,,MithsilverStair,MithsilverStair,,,stair,1,4,4,,,,1,1,1,0,0,2,,,,,50,12,1,0,,0,,754,10000,0,0,754,10000,,,,2,15,0,1,1,mithsilver_block,stair,,blocks.stone,blockd.stone,,754,2,1,,5d605d,,,,,4,,2,15,15,,1,,,10,,,,,,,2,,255,0,1,,3,26,1,
755,炽炎楼梯,,FlameCrystalStair,FlameCrystalStair,,,stair,1,4,4,,,,1,1,1,0,0,2,,,,,50,12,1,0,,0,,755,10000,0,0,755,10000,,,,2,15,4,1,1,flamecrystal_block,stair,,blocks.stone,blockd.stone,,755,2,1,,fac117,,,,,4,,2,15,15,,1,,,10,,,,,,,2,f8c100,255,0,1,,2,,1,2
756,钛合金楼梯,,TitaniumStair,TitaniumStair,,,stair,1,4,4,,,,1,1,1,0,0,2,,,,,50,12,1,0,,0,,756,10000,0,0,756,10000,,,,2,15,0,1,1,titanium_block,stair,,blocks.stone,blockd.stone,,756,2,1,,ffffff,,,,,4,,2,15,15,,1,,,10,,,,,,,2,,255,0,1,,6,26,1,
757,藏宝图宝箱,,PyratsChest,PyratsChest,,,simplechest,,,,,,,1,1,1,2,0,0,,,,,50,15,1,0,,0,,0,0,0,0,0,0,,,,2,1,0,,1,box1,,,blocks.wood,blockd.wood,,0,1,1,,ba706b,,,,,33,,1,15,15,,1,,,10,3,,,,,,0,,17,0,1,,0,,1,
758,沉船宝箱,,BoatChest,BoatChest,,,simplechest,,,,,,,1,1,3,2,0,0,,,,,50,15,1,0,,0,,0,0,0,0,0,0,,,,2,1,0,,1,box1,,,blocks.wood,blockd.wood,,0,1,1,,ba706b,,,,,33,,1,15,15,,1,,,10,3,,,,,,0,,17,0,1,,0,,1,
759,沉船普通箱,,BoatNormalChest,BoatNormalChest,,,simplechest,,,,,,,1,1,1,2,0,0,,,,,50,15,1,0,,0,,0,0,0,0,0,0,,,,2,1,0,,1,box1,,,blocks.wood,blockd.wood,,0,1,1,,ba706b,,,,,33,,1,15,15,,1,,,10,3,,,,,,0,,17,0,1,,0,,1,
760,冬温花种子,,WinterFlowerSeed,WinterFlowerSeed,,,flowergrow,,1,,761,,,1,0,0,1,3,0,,1,2|24|24,,4,0,1,0,,15,,760,10000,0,0,760,10000,,,,0,1,0,,1,warmwinterflowers,warmwinterflowersseed,,,blockd.grass,,760,0,1,,c28907,,,,,,,0,15,15,,1,3,,,3,0,,,,,0,,17,1,1,,0.2,,,2
761,冬温花,,WinterFlower,WinterFlower,,,colorflower,,1,1,,,,1,0,0,1,3,0,,,,,4,0,1,0,,15,,761,10000,0,0,761,10000,,,,2,1,5,,1,warmwinterflowers,warmwinterflowers,,,blockd.grass,,761,0,1,,c28907,,,,,,,0,15,15,,1,,1,,3,0,,,,,0,87afb7,17,1,1,,0.2,,,2
762,枯灌木丛树苗,,DeadThicketSapling,DeadThicketSapling,,,sapling,,1,,763,,,1,0,0,1,3,0,,1,1|48,,1,0,1,5,60,5,,11825,10000,0,0,11825,10000,,,,0,1,0,,1,sapling_deadbush,sapling_bush,,,blockd.grass,,11825,,1,,7c6037,,,1,,,,0,15,15,,1,,,,,,,,,,0,,17,1,1,,0.2,,,
763,枯灌木丛,,DeadThicket,DeadThicket,,,thicket,1,1,1,,,,1,0,0,1,3,0,,,,,1,0,1,15,100,15,,763,10000,0,0,763,10000,,,,2,1,0,,1,deadthicket,thicket_snow,,,blockd.grass,,392,1,1,,7c6037,0.12,,1,,,,0,15,15,,1,,,1,2,,,,,,0,,17,1,0,,0.2,,,
764,庇佑雪莲,,SnowLotus,SnowLotus,,,colorflower,,1,1,,,,1,0,0,1,3,0,,,,,5,2,1,0,,0,,764,10000,0,0,764,10000,,,,0,1,5,,1,snow_lotus,snow_lotus,,,blockd.grass,,764,0,1,,c28907,1,,,,,,0,15,15,,1,,,,3,0,,,,,0,87afb7,17,1,1,,1,,,2
765,远古之石,,AncentEgg,AncentEgg,,,dragonegg,1,4,,,,,1,1,1,2,0,0,,,,,500,-1,1,0,,0,,765,10000,0,0,765,10000,,,,2,1,15,1,1,dragonegg_ancent,dragonegg,,blocks.stone,blockd.stone,,765,2,1,,c6dcc6,,,,,33,,1,15,0,,1,,,999,,,,,,,0,9f9072,17,2,0,,0,26,,
766,星辉古树叶,,StarTreeLeaf,StarTreeLeaf,,,grayleaf,,1,1,,,,1,1,3,0,0,0,,,,,4,0,1,10,60,10,,11226,1500,0,0,11226,1500,,,,0,3,0,1,1,leaves_startree,newleaves_general,,blocks.grass,blockd.grass,,766,1,1,,264c1b,,,1,,,,0,15,15,,1,,,1,4,,,block_knock_sy_1,block_knock_sy_2,,0,,51,0,1,,0.2,,,
767,星辉古树干,,StarTreeWood,StarTreeWood,,,log,1,1,1,,,,1,1,1,0,0,0,,,,1,25,15,1,2,5,2,,11323,20000,0,0,11323,20000,,,,2,1,0,1,1,log_startree,,,blocks.wood,blockd.wood,,767,1,1,,7c6037,,,,,4,,1,15,15,,1,,,1,,,,,,,0,,17,0,1,,0.2,,1,
768,星辉古树柳叶,,StarTreeLeaf2,StarTreeLeaf2,,,grayleaf,,1,1,,,,1,1,3,0,0,0,,,,,4,0,1,10,60,10,,11226,1500,0,0,11226,1500,,,,0,3,8,1,1,leaves_startree2,startreeleaves_model,,blocks.grass,blockd.grass,,768,1,1,,264c1b,,,1,,,,0,15,15,,1,,,1,4,,,block_knock_sy_1,block_knock_sy_2,,0,fbecff,51,0,1,,0.2,,,8
770,蘑古草块,,MoguGrassBlock,MoguGrassBlock,,,grass,1,3,3,,,,1,1,1,0,0,0,,,,1,7,3,1,0,,0,,770,10000,0,0,770,10000,,,,1,15,0,,1,mogugrass,,,blocks.grass,blockd.grass,,770,3,1,,ADD8E6,,,,,,,1,15,15,,6,,,,,,,,,,0,,255,0,1,,0.2,,1,
771,蘑古耕地,,MoguArableland,MoguArableland,,,farmland,1,3,3,,,,1,1,1,0,0,0,,,,,7,3,1,0,,0,,200247,10000,0,0,200247,10000,,,,2,15,0,,1,moguarableland,fine_dirt_block,,blocks.grass,blockd.grass,,771,3,1,,6c5a1a,,,,,,200247,1,15,15,,6,,,,,,,,,,0,,255,0,1,,0,,1,
772,蘑古土坑,,MoguBuryland,MoguBuryland,,,buryland,1,3,3,,,,1,1,1,0,0,0,,,,,7,3,1,0,,0,,200247,10000,0,0,200247,10000,,,,2,15,0,,1,moguburyland,fine_dirt_block,,blocks.grass,blockd.grass,,772,3,1,,6c5a1a,,,,,,200247,1,15,15,,6,,,,,,,,,,0,,255,0,1,,0,,1,
780,跳舞厅,,MiniClub,MiniClub,,,miniclub,,5,,,,,1,1,1,0,0,2,,,,,50,-1,1,0,,0,,780,10000,0,0,780,10000,,,,2,15,0,1,1,miniclub,miniclub,,blocks.stone,blockd.stone,,780,2,1,,636573,,,,,33,,2,15,15,,1,,,10,,,,,,,0,,255,0,1,,0,,,2
781,石制创造锤方块,,,,,,hammer,,,,,,,1,1,1,0,0,1,,,,,100,10,1,0,,0,,11613,10000,0,0,11613,10000,,,,1,1,0,,1,stone_hammer,stone_hammer,,blocks.stone,blockd.stone,,11613,2,1,,a6a899,,,,,4,,2,15,15,,1,,,1,3,,,,,,0,,17,0,1,,0.2,,,
782,黄铜创造锤方块,,,,,,hammer,,,,,,,1,1,1,0,0,1,,,,,200,15,1,0,,0,,11614,10000,0,0,11614,10000,,,,1,1,0,,1,scopper_hammer,scopper_hammer,,blocks.stone,blockd.stone,,11614,2,1,,d2abaa,,,,,4,,2,15,15,,1,,,10,3,,,,,,0,,17,0,1,,0.5,,,
783,铁制创造锤方块,,,,,,hammer,,,,,,,1,1,1,0,0,1,,,,,300,20,1,0,,0,,11615,10000,0,0,11615,10000,,,,1,1,0,,1,siron_hammer,siron_hammer,,blocks.stone,blockd.stone,,11615,2,1,,d2abaa,,,,,4,,2,15,15,,1,,,15,3,,,,,,0,,17,0,1,,1,,,
784,钛金创造锤方块,,,,,,hammer,,,,,,,1,1,1,0,0,1,,,,,400,25,1,0,,0,,11616,10000,0,0,11616,10000,,,,1,1,0,,1,sti_hammer,sti_hammer,,blocks.stone,blockd.stone,,11616,2,1,,81c9fb,,,,,4,,2,15,15,,1,,,20,3,,,,,,0,,17,0,1,,1,,,
785,符文附魔台,,FuseTable,FuseTable,,,fusetable,1,5,,,,,1,1,1,0,0,1,,,,,400,25,1,0,,0,,785,10000,0,0,785,10000,,,,1,1,0,,1,fusetable,enchanttable,,blocks.stone,blockd.stone,,785,2,1,,6786d9,,,,,4,,1,15,15,,1,,,20,,,,,,,0,,17,0,1,,1,,1,2
794,石锅,,StonePot,StonePot,,,pot,,,,,,,1,1,1,2,0,0,,,,,50,10,1,0,,0,,794,10000,0,0,794,10000,,,,1,1,0,,1,stonepot,stonepot,,blocks.stone,blockd.stone,,794,2,1,,a6a899,,,,,,200108,0,15,15,,1,,,1,3,,,,,,0,,17,0,1,,0,,,
795,烹饪台,,MithsilverPot,MithsilverPot,,,pot,,,,,,,1,1,1,2,0,0,,,,,50,15,1,0,,0,,795,10000,0,0,795,10000,,,,1,1,0,,1,mithsilver_pot,mithsilver_pot,,blocks.stone,blockd.stone,,795,2,1,,a6a899,,,,,,200109,0,15,15,,1,,,20,3,,,,,,0,,17,0,1,,0,,,
796,不完整工匠台,,IncompleteToolbox,IncompleteToolbox,,,crafting,,,,,,,1,1,1,2,0,0,,,,,50,6,1,0,,0,,796,10000,0,0,796,10000,,,,1,1,0,,1,brokencrafttable,brokencrafttable,,blocks.stone,blockd.stone,,796,2,1,,a6a899,,,,,,797,1,15,15,,1,,,20,3,,,,,,0,,17,0,1,,0,,1,
797,工匠台,,Toolbox,Toolbox,,,crafting,1,5,,,,,1,1,1,2,0,0,,,,,50,6,1,0,,0,,797,10000,0,0,797,10000,,,,1,1,0,,1,intact_table,intact_table,,blocks.stone,blockd.stone,,797,2,1,,a6a899,,,,,4,,1,15,15,,1,,,20,3,,,,,,0,,17,0,1,,0.5,26,1,2
798,铁冶炼台,,MithsilverFurnace,MithsilverFurnace,,,smelter,1,5,,,,,1,1,1,2,0,2,,,,,50,12,1,0,,0,,798,10000,0,0,798,10000,,,,2,0,0,,1,mithsilver_smelter,mithsilver_smelter,,blocks.stone,blockd.stone,,798,2,1,,d2abaa,,,,,4,,1,15,15,7,1,,,10,3,,,,,,1,ffdb5d,0,0,1,,1.5,26,1,
799,铜冶炼台,,BrassFurnace,BrassFurnace,,,smelter,1,5,,,,,1,1,1,2,0,2,,,,,50,12,1,0,,0,,799,10000,0,0,799,10000,,,,2,0,0,,1,brass_smelter,brass_smelter,,blocks.stone,blockd.stone,,799,2,1,,d2abaa,,,,,4,,1,15,15,7,1,,,10,3,,,,,,1,ffdb5d,0,0,1,,1,26,1,
800,不完整工匠台,,Toolbox,Toolbox,,,crafting,1,5,,,,,1,1,1,0,0,2,,,,,16,9,1,2,20,2,,800,10000,0,0,800,10000,,,,2,1,0,,1,incomplete_table,incomplete_table,,blocks.wood,blockd.wood,,800,2,1,,a86649,,,,,,797,1,15,15,,1,,,1,3,,,,,,1,,17,0,1,,0,,1,
801,储物箱,,StorageBox,StorageBox,,,chest,1,5,,,,,1,1,1,2,0,2,,,,,24,10,1,1,20,1,,801,10000,0,0,801,10000,,,,2,,0,,1,chest,chest,,blocks.wood,blockd.wood,,801,1,1,,ad4136,,,,,4,,1,15,15,,1,,,1,,,,,,,1,,0,2,1,,0.5,26,1,
802,冶炼台,,SmeltingFurnace,SmeltingFurnace,,,smelter,1,5,,,,,1,1,1,2,0,2,,,,,50,12,1,0,,0,,802,10000,0,0,802,10000,,,,2,0,0,,1,rock_smelter,rock_smelter,,blocks.stone,blockd.stone,,802,2,1,,d2abaa,,,,,4,,1,15,15,7,1,,,10,3,,,,,,1,ffdb5d,0,0,1,,0.5,26,1,
803,游戏版本过低,,,,,,colorherbs,,,,,,,1,2,0,0,0,1,,,,,10,10,1,0,,0,,706,10000,0,0,706,0,,,,3,1,0,,1,web,,,,blockd.stone,,803,1,1,,,,,,,,,0,15,15,,1,,,1,3,0,,,,,0,,17,2,0,,0,,,
804,奇怪石头,,StrangeStone,StrangeStone,,,basic,,,,,,,1,1,1,0,3,0,,,,,100,50,1,0,,0,,104,10000,0,0,0,0,,,,0,1,0,,1,0,,,blocks.stone,blockd.stone,,804,2,1,,,,,,,1,,1,15,15,,1,,,10,,,,,,,0,,17,0,1,,0,,1,
805,奇怪石块,,StrangeRock,StrangeRock,,,basic,,,,,,,1,1,1,0,3,0,,,,,100,50,1,0,,0,,505,10000,0,0,0,0,,,,0,1,0,,1,0,,,blocks.stone,blockd.stone,,805,2,1,,,,,,,1,,1,15,15,,1,,,10,,,,,,,0,,17,0,1,,0,,1,
806,奇怪石砖,,StrangeStoneBrick,StrangeStoneBrick,,,basic,,,,,,,1,1,1,0,3,0,,,,,100,50,1,0,,0,,501,10000,0,0,0,0,,,,0,1,0,,1,0,,,blocks.stone,blockd.stone,,806,2,1,,,,,,,1,,1,15,15,,1,,,10,,,,,,,0,,17,0,1,,0,,1,
807,奇怪青石,,StrangeMossStone,StrangeMossStone,,,basic,,,,,,,1,1,1,0,3,0,,,,,100,50,1,0,,0,,503,10000,0,0,0,0,,,,0,1,0,,1,0,,,blocks.stone,blockd.stone,,807,2,1,,,,,,,1,,1,15,15,,1,,,10,,,,,,,0,,17,0,1,,0,,1,
808,奇怪裂石砖,,StrangeCrazedStoneBrick,StrangeCrazedStoneBrick,,,basic,,,,,,,1,1,1,0,3,0,,,,,100,50,1,0,,0,,502,10000,0,0,0,0,,,,0,1,0,,1,0,,,blocks.stone,blockd.stone,,808,2,1,,,,,,,1,,1,15,15,,1,,,10,,,,,,,0,,17,0,1,,0,,1,
809,奇怪花纹石砖,,StrangePatternedStoneBrick,StrangePatternedStoneBrick,,,basic,,,,,,,1,1,1,0,3,0,,,,,100,50,1,0,,0,,504,10000,0,0,0,0,,,,0,1,0,,1,0,,,blocks.stone,blockd.stone,,809,2,1,,,,,,,1,,1,15,15,,1,,,10,,,,,,,0,,17,0,1,,0,,1,
810,怪物召集石,,SummoningStone,SummoningStone,,,mobspawner,,,,,,,1,1,1,0,0,0,,,,,100,30,1,0,,0,,0,0,0,0,0,0,,,,1,1,0,,1,spawner,,,blocks.stone,blockd.stone,,0,2,1,,,,,,,1,,1,15,15,,1,,,10,3,,,,,,0,,17,0,1,,0,,,
811,陷阱箱,,Trapbox,,,,basic,,,,,,,1,1,1,0,0,2,,,,,24,10,1,0,,0,,811,10000,0,0,811,10000,,,,2,15,0,,1,,,,blocks.wood,blockd.wood,,811,1,1,,,,,,,4,,1,15,15,,1,,,1,,,,,,,0,,255,0,1,,0,,1,
812,轻木门,,WoodDoor,WoodDoor,,,door,3,5,,,,,1,1,1,1,3,2,,,,,24,12,1,1,20,1,,812,10000,0,0,812,10000,,,,0,1,0,,2,door_wood,,,blocks.wood,blockd.wood,,812,1,1,,412b0f,,,,,4,,3,15,15,,1,,1,10,,,,,,,0,,17,1,0,,0.5,,,
813,绳索,,RopeLadder,RopeLadder,,,ladder,1,5,5,,,,1,0,1,0,3,1,,,,,5,1,1,2,20,1,,813,10000,0,0,813,10000,,,,0,1,0,,1,ladder,ladder,,blocks.ladder,blocks.ladder,,813,1,1,,e09f50,,,,,4,,0,15,15,,1,,,1,3,,,,,,0,,17,0,1,,0.5,,,
814,铁门,,MithsilverDoor,MithsilverDoor,,,door,3,5,,,,,1,1,1,1,3,2,,,,,60,24,1,0,,2,,814,10000,0,0,814,10000,,,,0,1,0,,2,door_mithsilver,door_mithsilver,,blocks.stone,blockd.stone,,814,2,1,,353b43,,,,,4,,3,15,15,,1,,1,10,,,,,,,0,,17,1,0,,1.5,,,
815,黄铜星能幕布,,StarenergyBoard,StarenergyBoard,,,notice,1,5,,,,,1,0,1,2,3,2,,,,,16,9,1,2,20,0,,815,10000,0,0,815,10000,,,,2,1,0,,1,notice_brass,,,,blockd.wood,,815,1,1,,d09e77,,,,,16,,0,15,15,,1,,,1,2,,,,,,2,,17,2,0,,1,,,2
816,巨布鲁果灯,,BlueFruiteLantern,BlueFruiteLantern,,,log,,,,,,,1,1,1,1,0,2,,,,1,16,9,1,0,,0,,816,10000,0,0,816,10000,,,,1,1,15,,1,bluefruite_lantern,,,blocks.wood,blockd.wood,,816,1,1,,d74d08,,,,,4,,1,15,0,,1,,,1,3,,,,,,2,cec294,17,1,1,,1,,1,2
817,火炬,,Torch,Torch,,,torch,,,,,,,1,0,0,1,3,1,,,,,1,0,1,0,,0,,817,10000,0,0,817,10000,,,,0,1,14,,1,torch_on,,,,blockd.wood,,817,0,1,,ffff15,,,,,4,,0,15,0,,1,,,,2,,,,,,0,e3c662,17,1,0,,0.2,,,
818,星能幕布（依附方块）,,,,,,notice,,,,,,,1,0,1,2,3,2,,,,,16,9,1,0,,0,,815,10000,0,0,815,10000,,,,2,1,0,,1,notice_brass,,,,blockd.wood,,815,1,1,,d09e77,,,,,4,815,0,15,15,,1,,,1,2,,,,,,2,,17,2,0,,0,,,2
819,黑龙蛋,,BlackDragonEgg,BlackDragonEgg,,,basic,,,,,,,1,1,1,0,3,0,,,,,100,15,1,0,,0,,819,10000,0,0,819,10000,,,,2,1,1,,1,,,,,blockd.stone,,819,0,1,,,,,,,33,,1,15,0,,1,,,,,,,,,,0,,17,0,1,,0,,1,
820,书柜,,Bookcase,Bookcase,,,bookcase,3,4,4,,,,1,1,1,0,0,0,,,,,24,10,1,5,20,5,,820,10000,0,0,820,10000,,,,1,1,0,,1,bookcase,bookcase,,blocks.wood,blockd.wood,,820,1,1,,894e1c,,,,,4,,0,15,15,,1,,,1,3,,,,,,0,,17,0,1,,0.2,,,
821,木桩,,WoodPile,WoodPile,,,stake,3,4,4,,1,,1,1,3,0,0,0,,,,,25,6,1,0,,0,,821,10000,0,0,821,10000,,,,0,1,0,,1,wood_pile,wood_pile,,blocks.wood,blockd.wood,,821,1,1,,c1a661,,,,,,,6,15,15,,1,,,1,,,,,,,0,,17,0,1,,0.2,,,
822,草垛,,Haystack,Haystack,,,log,1,4,4,,,,1,1,1,0,0,0,,,,1,8,3,1,10,20,10,,822,10000,0,0,822,10000,,,,1,15,0,,1,hay_block,,,blocks.grass,blockd.grass,,822,1,1,,b9864b,,,,,4,,1,15,15,,1,,,1,,,,,,,0,,255,0,1,,0.2,,1,
823,游戏版本过低,,,,,,basic,,,,,,,1,1,1,0,0,2,,,,,12,3,1,0,,0,,823,10000,0,0,823,10000,,,,1,15,0,,1,,,,blocks.cloth,blockd.cloth,,823,1,1,,,,,,,,,1,15,15,,1,,,1,,,,,,,0,,255,0,1,,0,,,
824,不完整工匠台,,RepairBench,RepairBench,,,crafting,,,,,,,1,1,1,2,1,2,,,,,60,24,1,0,,0,,824,10000,0,0,824,10000,,,,2,1,0,,1,coppercrafttable,coppercrafttable,,blocks.stone,blockd.stone,,824,2,1,,999ea8,,,,,,797,1,15,15,,1,,,10,3,,,,,,1,,17,0,1,,0,,1,2
825,符能提炼装置,,,,,,refinable,1,5,,,,,1,1,1,0,0,1,,,,,400,12,1,0,,0,,825,10000,0,0,825,10000,,,,1,1,0,,1,lianyaotai,,825,blocks.stone,blockd.stone,,825,2,1,,E6E6FA,,,,,,,1,15,15,,1,,,20,,,,,,,0,,17,0,1,,1,26,,
826,符文铭刻台,826,,,,,modbase,1,5,,,,,1,1,1,0,0,1,,,,,400,25,1,0,,0,,826,10000,0,0,826,10000,,,,1,1,0,,1,mingketai,,826,blocks.stone,blockd.stone,,826,2,1,,7B68EE,,,,,,,1,15,15,,1,,,20,,,,,,,0,,17,0,1,,1,26,,
828,简易睡袋,,SleepingBag,SleepingBag,,,sleepingbag,1,4,,,,,1,1,1,1,0,2,,,,,24,10,1,2,20,2,,828,10000,0,0,828,10000,,,,2,1,0,,1,sleepingbag2,sleepingbag2,,blocks.wood,blockd.wood,,828,1,1,,a29a1c,,,,,4,,0,15,15,,1,,1,1,3,,,,,,0,,17,1,0,,0.5,,1,
829,魔药台,,PotionLab,PotionLab,,,basic,,,,,,,1,1,1,0,0,2,,,,,24,10,1,0,,0,,829,10000,0,0,0,0,,,,0,1,1,,1,,,,blocks.stone,blockd.stone,,829,2,1,,,,,,,4,,1,15,0,,1,,,1,,,,,,,0,,17,0,1,,0,,1,
830,烤肉披萨,,BBQPizza,BBQPizza,,,cake,1,4,,,,,1,1,1,0,3,0,,,,,3,3,1,0,,0,,0,0,0,0,0,0,,,,2,1,0,,1,cake3,cake,,blocks.cloth,blockd.cloth,,830,0,1,,ebcdb4,,,,,,,0,15,15,,1,,,,3,,,,,,0,,17,0,1,,1,,,
831,蔬果披萨,,FruitPizza,FruitPizza,,,cake,1,4,,,,,1,1,1,0,3,0,,,,,3,3,1,0,,0,,0,0,0,0,0,0,,,,2,1,0,,1,cake,cake,,blocks.cloth,blockd.cloth,,831,0,1,,e3a054,,,,,,,0,15,15,,1,,,,3,,,,,,0,,17,0,1,,1,,,
832,神秘箱,,MysteryBox,MysteryBox,,,basic,,,,,,,1,1,1,0,0,2,,,,,500,200,1,0,,0,,0,0,0,0,0,0,,,,2,15,0,,1,,,,blocks.wood,blockd.wood,,832,2,1,,,,,,,4,,1,15,15,,1,,,999,,,,,,,0,,255,0,1,,0,,1,
833,不完整工匠台,,Toolbox,Toolbox,,,crafting,,,,,,,1,1,1,2,0,2,,,,,100,30,1,0,,0,,833,10000,0,0,833,10000,,,,2,1,0,,1,ironcrafttable,ironcrafttable,,blocks.stone,blockd.stone,,833,2,1,,c4a2eb,,,,,,,1,15,15,,1,,,10,3,,,,,,1,,17,0,1,,0,,1,2
834,炸药桶,,Bomb,Bomb,,,bangalore,,4,,,,,1,1,1,0,0,0,,,,,1,0,1,3,100,3,,834,10000,0,0,834,10000,,,,2,1,0,,1,tnt,tnt,,blocks.stone,blockd.stone,,834,0,1,,e0a80d,,,,,1,,0,15,15,,1,,,,,,,,,,0,,17,0,1,,0,,,
835,备用,,,,,,bangalore,,,,,,,1,1,1,0,0,0,,,,,1,0,1,3,100,3,,835,10000,0,0,835,10000,,,,2,1,0,,1,tnt1,tnt,,blocks.stone,blockd.stone,,835,0,1,,,,,,,1,,0,15,15,,1,,,,,,,,,,0,,17,2,0,,0,,,
836,物理清除烟花,,Physical-propertiesEraseFirework,Physical-propertiesEraseFirework,,,firework,,,,,,,1,1,1,2,0,0,,,,,100,25,1,0,,0,,,,,,,,,,,,,,,1,yanhua6,,,,,,,0,1,,,,,,,1,,0,15,15,,1,,,,1,,,,,,0,,0,2,1,,0,,,
837,荧光小菇,,Mycenachlorophos,Mycenachlorophos,,,lightmushroom,,,,,,,1,0,0,1,3,0,,,,,0,0,1,10,100,10,,837,10000,,,837,10000,,,,0,1,6,,1,mycenachlorophos,mycenachlorophos,,,blockd.grass,,837,0,1,,00008B,,,1,,,,0,15,15,,1,,,,2,,,,,,0,1bb1f0,17,1,0,,0.2,,,2
838,新荧光小菇,,Mycenachlorophos,Mycenachlorophos,,,lightmushroomfixed,,,,,,,1,0,0,1,3,0,,,,,0,0,1,10,100,10,,837,10000,,,837,10000,,,,0,1,6,,1,mycenachlorophos,mycenachlorophos,,,blockd.grass,,837,0,1,,00008B,,,1,,,,0,15,15,,1,,,,2,,,,,,0,1bb1f0,17,1,0,,0.2,,,2
839,收集传输器,,TransferFunnel,TransferFunnel,,,funnel,,,,,,,1,1,1,2,0,1,,,,,24,12,1,0,,0,,839,10000,0,0,839,10000,,,,0,1,0,,1,funnel,,,blocks.stone,blockd.stone,,839,2,1,,f8c8a8,,0,,,4,,1,15,15,,1,,,10,,,,,,,0,,17,2,0,,1,,,
840,机械臂部件,,R-ArmUnit,R-ArmUnit,,,pistonexten,,,,,,,1,1,1,2,0,2,,,,,24,10,1,0,,0,,0,0,0,0,0,0,,,,2,1,0,,1,hyd_arm_on,,,blocks.stone,blockd.stone,,0,0,,,b99871,,,,,1,,1,15,15,,1,,,,,,,,,,0,,17,2,0,,0,,,
841,移动的机械臂,,MovingR-ArmUnit,MovingR-ArmUnit,,,pistonmoving,,,,,,,1,1,1,2,0,2,,,,,24,-1,1,0,,0,,0,0,0,0,0,0,,,,2,1,0,,1,piston_top_normal,,,blocks.stone,blockd.stone,,0,0,,,b99871,,,,,1,,1,15,15,,1,,,,,,,,,,0,,17,2,0,,0,,,
842,铸铁弹簧,,MithsilverSpring,MithsilverSpring,,,spring,1,5,,,,,1,1,1,2,0,2,,,,,24,10,1,0,,0,,842,10000,0,0,842,10000,,,,2,1,0,,1,spring_mithsilver,,,blocks.stone,blockd.stone,,842,2,1,,4f515a,,,,,4,,1,15,15,,1,,,1,3,,,,,,2,,17,2,0,,1,,,2
843,弹簧部件,,SpringUnit,SpringUnit,,,springexten,,,,,,,1,1,1,2,0,2,,,,,24,10,1,0,,0,,0,0,0,0,0,0,,,,2,1,0,,1,,,,blocks.stone,blockd.stone,,,,,,4f515a,,,,,1,,1,15,15,,1,,,,3,,,,,,0,,17,2,0,,0,,,
844,炽炎弹簧,,FlameCrystalSpring,FlameCrystalSpring,,,spring,1,5,,,,,1,1,1,2,0,2,,,,,24,10,1,0,,0,,844,10000,0,0,844,10000,,,,2,1,0,,1,spring_flamecrystal,,,blocks.stone,blockd.stone,,844,2,1,,caaa13,,,,,4,,1,15,15,,1,,,1,3,,,,,,2,,17,2,0,,1,,,2
845,保险箱,,Safe,Safe,,,lockchest,,,,,,,1,1,1,2,0,2,,,,,-1,50,1,0,,0,,845,10000,,,845,10000,,,,2,1,0,,1,lockbox1,,,blocks.stone,blockd.stone,,845,2,1,,cd9147,,,,,33,,1,15,15,,1,,,10,3,,,,,,0,,17,2,0,,0,,,
846,超级保险箱,,SuperSafe,SuperSafe,,,lockchest,,,,,,,1,1,1,2,0,2,,,,,-1,50,1,0,,0,,846,10000,,,846,10000,,,,2,1,0,,1,lockbox2,,,blocks.stone,blockd.stone,,846,2,1,,cd9147,,,,,33,,1,15,15,,1,,,10,3,,,,,,0,,17,2,0,,0,,,
847,圣诞礼盒,,ChristmasGiftBox,ChristmasGiftBox,,,chrismasbox,1,4,,,,,1,1,1,2,0,2,,,,,0,0,1,0,,0,,0,0,0,0,0,0,,,,2,1,0,,1,chrismas_box,chrismas_box,,blocks.wood,blockd.wood,,847,1,1,,,,,,,33,,0,15,15,,1,,,1,3,,,,,,0,,17,2,0,,0,,,
848,孔明灯,,SkyLanterns,SkyLanterns,,,firework,,,,,,,1,1,1,2,0,0,,,,,100,25,1,0,,0,,,,,,,,,,,,,,,1,kongming_lamp,kongming_lamp,,,,,,0,1,,,,,,,33,,1,15,15,,1,,,,3,,,,,,0,,0,2,1,,0,,,2
849,禁怪烟花,,Repeller,Repeller,,,firework,,,,,,,1,1,1,2,0,0,,,,,100,25,1,0,,0,,,,,,,,,,,,,,,1,yanhua5,,,,,,,0,1,,,,,,,33,,0,15,15,,1,,,,1,,,,,,0,,0,2,1,,0,,,
850,星星烟花（小）,,StarFireworks(SM),StarFireworks(SM),,,firework,,,,,,,1,1,1,2,0,0,,,,,100,25,1,0,,0,,,,,,,,,,,,,,,1,yanhua1,,,,,,,0,1,,,,,,,33,,0,15,15,,1,,,,1,,,,,,0,,0,2,1,,0,,,
851,星星烟花（大）,,Starfireworks(L),Starfireworks(L),,,firework,,,,,,,1,1,1,2,0,0,,,,,100,25,1,0,,0,,,,,,,,,,,,,,,1,yanhua2,,,,,,,0,1,,,,,,,33,,0,15,15,,1,,,,1,,,,,,0,,0,2,1,,0,,,
852,晴雨烟花,,Climater,Climater,,,firework,,,,,,,1,1,1,2,0,0,,,,,100,25,1,0,,0,,,,,,,,,,,,,,,1,yanhua3,,,,,,,0,1,,,,,,,33,,0,15,15,,1,,,,1,,,,,,0,,0,2,1,,0,,,
853,昼夜烟花,,Illuminater,Illuminater,,,firework,,,,,,,1,1,1,2,0,0,,,,,100,25,1,0,,0,,,,,,,,,,,,,,,1,yanhua4,,,,,,,0,1,,,,,,,33,,0,15,15,,1,,,,1,,,,,,0,,0,2,1,,0,,,
854,落日橙门,,RedOrangeDoor,RedOrangeDoor,,,door,3,4,,,,,1,1,1,1,3,2,,,,,30,12,1,1,20,1,,854,10000,0,0,854,10000,,,,0,1,0,,2,door_phoebe,,,blocks.wood,blockd.wood,,854,1,1,,653931,,,,,4,,3,15,15,,1,,1,2,,,,,,,0,,17,1,0,,2,,,
855,深栗红门,,DeepRedDoor,DeepRedDoor,,,door,3,4,,,,,1,1,1,1,3,2,,,,,30,12,1,1,20,1,,855,10000,0,0,855,10000,,,,0,1,0,,2,door_walnut,,,blocks.wood,blockd.wood,,855,1,1,,31231d,,,,,4,,3,15,15,,1,,1,2,,,,,,,0,,17,1,0,,2,,,
856,象牙白门,,WhiteDoor,WhiteDoor,,,door,3,4,,,,,1,1,1,1,3,2,,,,,30,12,1,1,20,1,,856,10000,0,0,856,10000,,,,0,1,0,,2,door_birch,,,blocks.wood,blockd.wood,,856,1,1,,caaaaf,,,,,4,,3,15,15,,1,,1,2,,,,,,,0,,17,1,0,,2,,,
857,炽炎门,,FlameCrystalDoor,FlameCrystalDoor,,,door,3,4,,,,,1,1,1,1,3,2,,,,,70,30,1,0,,1,,857,10000,0,0,857,10000,,,,0,1,0,,2,door_gold,,,blocks.wood,blockd.wood,,857,2,1,,84772a,,,,,4,,3,15,15,,1,,1,2,,,,,,,0,,17,1,0,,2,,,
858,海棠红门,,LightRedDoor,LightRedDoor,,,door,3,4,,,,,1,1,1,1,3,2,,,,,30,12,1,2,20,2,,858,10000,0,0,858,10000,,,,0,1,0,,2,door_redwood,,,blocks.wood,blockd.wood,,858,1,1,,7b3528,,,,,4,,3,15,15,,1,,1,2,,,,,,,0,,17,1,0,,2,,,
859,琥珀黄门,,FruitwoodDoor,FruitwoodDoor,,,door,3,4,,,,,1,1,1,1,3,2,,,,,30,12,1,2,20,2,,859,10000,0,0,859,10000,,,,0,1,0,,2,door_fruittree,,,blocks.wood,blockd.wood,,859,1,1,,5a392d,,,,,4,,3,15,15,,1,,1,2,,,,,,,0,,17,1,0,,2,,,
860,秋叶橙木门,,YellowOrangeDoor,YellowOrangeDoor,,,door,3,4,,,,,1,1,1,1,3,2,,,,,30,12,1,1,20,1,,860,10000,0,0,860,10000,,,,0,1,0,,2,door_cathaya,,,blocks.wood,blockd.wood,,860,1,1,,774a30,,,,,4,,3,15,15,,1,,1,2,,,,,,,0,,17,1,0,,2,,,
861,木纹灯,,WoodGrainLamp,WoodGrainLamp,,,emissive_breath,3,4,4,,,,1,1,1,0,0,0,,,,1,4,3,1,0,,0,,861,10000,0,0,861,10000,,,,1,1,15,,1,glowstone_lamp_wood,,,blocks.stone,blockd.glass,blockd.stone,861,2,1,,e8db7d,,,,,,,1,15,0,,1,,,1,,,,,,,0,cbc396,17,0,1,,2,,1,2
862,象牙白玻璃灯,,WhiteGlassLamp,WhiteGlassLamp,,,glass,2,4,4,,,,1,1,1,0,0,0,,,,1,4,0.6,1,0,,0,,862,10000,0,0,862,10000,,,,3,1,15,,1,glass_lamp_white,,,blocks.stone,blockd.glass,blockd.stone,862,2,1,,e8db7d,,,1,,,,1,8,0,,6,,,1,,,,,,,0,b9b095,17,0,1,,2,,1,2
863,朱砂橙玻璃灯,,OrangeGlassLamp,OrangeGlassLamp,,,glass,2,4,4,,,,1,1,1,0,0,0,,,,1,8,0.6,1,0,,0,,863,10000,0,0,863,10000,,,,3,1,15,,1,glass_lamp_orange,,,blocks.stone,blockd.glass,blockd.stone,863,0,1,,e09d3c,,,1,,,,1,8,0,,6,,,,,,,,,,0,a49988,17,0,1,,2,,1,2
864,胭脂红玻璃灯,,RedPurpleGlassLamp,RedPurpleGlassLamp,,,glass,2,4,4,,,,1,1,1,0,0,0,,,,1,8,0.6,1,0,,0,,864,10000,0,0,864,10000,,,,3,1,15,,1,glass_lamp_magenta,,,blocks.stone,blockd.glass,blockd.stone,864,0,1,,eb3991,,,1,,,,1,8,0,,6,,,,,,,,,,0,a78a98,17,0,1,,2,,1,2
865,天青蓝玻璃灯,,LightBlueGlassLamp,LightBlueGlassLamp,,,glass,2,4,4,,,,1,1,1,0,0,0,,,,1,4,1.2,1,0,,0,,865,10000,0,0,865,10000,,,,3,1,15,,1,glass_lamp_lightblue,,,blocks.stone,blockd.glass,blockd.stone,865,0,1,,1ed9e0,,,1,,,,1,8,0,,6,,,,,,,,,,0,8ea9a6,17,0,1,,2,,1,2
866,鹅毛黄玻璃灯,,YellowGlassLamp,YellowGlassLamp,,,glass,2,4,4,,,,1,1,1,0,0,0,,,,1,8,0.6,1,0,,0,,866,10000,0,0,866,10000,,,,3,1,15,,1,glass_lamp_yellow,,,blocks.stone,blockd.glass,blockd.stone,866,0,1,,fcfb34,,,1,,,,1,8,0,,1,,,,,,,,,,0,939185,17,0,1,,2,,1,2
867,松花绿玻璃灯,,LightGreenGlassLamp,LightGreenGlassLamp,,,glass,2,4,4,,,,1,1,1,0,0,0,,,,1,8,0.6,1,0,,0,,867,10000,0,0,867,10000,,,,3,1,15,,1,glass_lamp_lightgreen,,,blocks.stone,blockd.glass,blockd.stone,867,0,1,,afe208,,,1,,,,1,8,0,,1,,,,,,,,,,0,869c7b,17,0,1,,2,,1,2
868,海棠红玻璃灯,,LightRedGlassLamp,LightRedGlassLamp,,,glass,2,4,4,,,,1,1,1,0,0,0,,,,1,8,0.6,1,0,,0,,868,10000,0,0,868,10000,,,,3,1,15,,1,glass_lamp_pink,,,blocks.stone,blockd.glass,blockd.stone,868,0,1,,e6b3de,,,1,,,,1,8,0,,1,,,,,,,,,,0,9e8185,17,0,1,,2,,1,2
869,苍石灰玻璃灯,,GreyGlassLamp,GreyGlassLamp,,,glass,2,4,4,,,,1,1,1,0,0,0,,,,1,4,1.2,1,0,,0,,869,10000,0,0,869,10000,,,,3,1,15,,1,glass_lamp_gray,,,blocks.stone,blockd.glass,blockd.stone,869,0,1,,bba6a0,,,1,,,,1,8,0,,1,,,,,,,,,,0,747474,17,0,1,,2,,1,2
870,浅苍灰玻璃灯,,LightGreyGlassLamp,LightGreyGlassLamp,,,glass,2,4,4,,,,1,1,1,0,0,0,,,,1,4,1.2,1,0,,0,,870,10000,0,0,870,10000,,,,3,1,15,,1,glass_lamp_lightgray,,,blocks.stone,blockd.glass,blockd.stone,870,0,1,,e0d4d3,,,1,,,,1,8,0,,1,,,,,,,,,,0,969696,17,0,1,,2,,1,2
871,青碧绿玻璃灯,,BlueGreenGlassLamp,BlueGreenGlassLamp,,,glass,2,4,4,,,,1,1,1,0,0,0,,,,1,4,1.2,1,0,,0,,871,10000,0,0,871,10000,,,,3,1,15,,1,glass_lamp_cyan,,,blocks.stone,blockd.glass,blockd.stone,871,0,1,,5ae3da,,,1,,,,1,8,0,,1,,,,,,,,,,0,90afa9,17,0,1,,2,,1,2
872,青莲紫玻璃灯,,PurpleGlassLamp,PurpleGlassLamp,,,glass,2,4,4,,,,1,1,1,0,0,0,,,,1,4,1.2,1,0,,0,,872,10000,0,0,872,10000,,,,3,1,15,,1,glass_lamp_purple,,,blocks.stone,blockd.glass,blockd.stone,872,0,1,,ea70dc,,,1,,,,1,8,0,,1,,,,,,,,,,0,90748f,17,0,1,,2,,1,2
873,宝石蓝玻璃灯,,BlueGlassLamp,BlueGlassLamp,,,glass,2,4,4,,,,1,1,1,0,0,0,,,,1,4,1.2,1,0,,0,,873,10000,0,0,873,10000,,,,3,1,15,,1,glass_lamp_blue,,,blocks.stone,blockd.glass,blockd.stone,873,0,1,,6786d9,,,1,,,,1,8,0,,1,,,,,,,,,,0,949ab7,17,0,1,,2,,1,2
874,深栗红玻璃灯,,DeepRedGlassLamp,DeepRedGlassLamp,,,glass,2,4,4,,,,1,1,1,0,0,0,,,,1,8,0.6,1,0,,0,,874,10000,0,0,874,10000,,,,3,1,15,,1,glass_lamp_brown,,,blocks.stone,blockd.glass,blockd.stone,874,0,1,,84684c,,,1,,,,1,8,0,,1,,,,,,,,,,0,b6a098,17,0,1,,2,,1,2
875,翡翠绿玻璃灯,,GreenGlassLamp,GreenGlassLamp,,,glass,2,4,4,,,,1,1,1,0,0,0,,,,1,4,1.2,1,0,,0,,875,10000,0,0,875,10000,,,,3,1,15,,1,glass_lamp_green,,,blocks.stone,blockd.glass,blockd.stone,875,0,1,,40c15f,,,1,,,,1,8,0,,1,,,,,,,,,,0,9db5a7,17,0,1,,2,,1,2
876,赫赤红玻璃灯,,RedGlassLamp,RedGlassLamp,,,glass,2,4,4,,,,1,1,1,0,0,0,,,,1,8,0.6,1,0,,0,,876,10000,0,0,876,10000,,,,3,1,15,,1,glass_lamp_red,,,blocks.stone,blockd.glass,blockd.stone,876,0,1,,ec3d39,,,1,,,,1,8,0,,1,,,,,,,,,,0,9c746f,17,0,1,,2,,1,2
877,煤乌黑玻璃灯,,BlackGlassLamp,BlackGlassLamp,,,glass,2,4,4,,,,1,1,1,0,0,0,,,,1,4,1.2,1,0,,0,,877,10000,0,0,877,10000,,,,3,1,15,,1,glass_lamp_black,,,blocks.stone,blockd.glass,blockd.stone,877,0,1,,0c0b0b,,,1,,,,1,8,0,,1,,,,,,,,,,0,646464,17,0,1,,2,,1,2
878,沙发测试,,SofaTest,SofaTest,,,basic,,,,,,,1,1,1,0,0,2,,,,,30,10,1,0,,0,,878,10000,0,0,878,10000,,,,2,1,0,,1,shafa,,,blocks.wood,blockd.wood,,878,1,1,,,,,,,1,,0,15,15,,1,,,1,,,,,,,0,,17,0,1,,0,,1,
879,圣诞铃铛,,ChristmasBell,ChristmasBell,,,lamp,3,4,4,,,,1,1,1,1,0,0,,,,,4,0,1,0,,0,,879,10000,0,0,879,10000,,,,2,1,0,,1,chrismas_tree,chrismas_bell,,blocks.wood,blockd.wood,,879,1,1,,c7930b,,,,,4,,0,15,15,,1,,,1,3,,,,,,0,,17,1,1,,2,1,,
880,圣诞条带,,ChristmasRibbon,ChristmasRibbon,,,lamp,3,4,4,,,,1,1,1,1,0,0,,,,,4,0,1,0,,0,,880,10000,0,0,880,10000,,,,2,1,0,,1,chrismas_tree,chrismas_bell2,,blocks.wood,blockd.wood,,880,1,1,,a30000,,,,,4,,0,15,15,,1,,,1,3,,,,,,0,,17,1,1,,2,1,,
881,喷花烟花,,Fireworks(On),Fireworks(On),,,sparkler,,4,,,,,1,0,0,1,3,1,,,,,0,0,1,0,,0,,881,10000,0,0,881,10000,,,,0,1,0,,1,fireworks_1,fireworks_1,,blocks.wood,blockd.wood,,881,1,1,,a6473a,,,,,,,0,15,15,,1,,,1,3,,,,,,0,,17,1,0,,2,,,
882,喷花烟花（开）,,Fireworks(On)1,Fireworks(On)1,,,sparkler,,4,,,,,1,0,0,1,3,1,,,,,0,0,1,0,,0,,881,10000,0,0,881,10000,,,,0,1,15,,1,fireworks_1,fireworks_1,,blocks.wood,blockd.wood,,881,1,1,,a6473a,,,,,,881,0,15,0,,1,,,1,3,,,,,,0,dadabe,17,1,0,,0,,,
883,精致木床,,WoodenBed,WoodenBed,,,bed,3,4,,,,,1,1,1,1,0,2,,,,,30,10,1,2,20,2,,883,10000,0,0,883,10000,,,,2,1,0,,1,bed1,bed1,,blocks.wood,blockd.wood,,883,1,1,,e59d87,,,,,4,,0,15,15,,1,,1,1,3,,,,,,0,,17,1,0,,2,,1,
884,豪华木床,,LuxuryBed,LuxuryBed,,,bed,3,4,,,,,1,1,1,1,0,2,,,,,30,10,1,2,20,2,,884,10000,0,0,884,10000,,,,2,1,0,,1,bed2,bed2,,blocks.wood,blockd.wood,,884,1,1,,ea750d,,,,,4,,0,15,15,,1,,1,1,3,,,,,,0,,17,1,0,,2,26,1,2
885,公主床,,RoyalBed,RoyalBed,,,bed,3,4,,,,,1,1,1,1,0,2,,,,,30,10,1,2,20,2,,885,10000,0,0,885,10000,,,,2,1,0,,1,bed3,bed3,,blocks.wood,blockd.wood,,885,1,1,,efd1d4,,,,,4,,0,15,15,,1,,1,1,3,,,,,,0,,17,1,0,,2,,1,
886,铸铁星能幕布,,MithsilverStarenergyBoard,MithsilverStarenergyBoard,,,notice,1,4,,,,,1,0,1,2,3,2,,,,,25,6,1,0,,2,,886,10000,0,0,886,10000,,,,2,1,0,,1,notice_mithsilver,,,,blockd.stone,,886,2,1,,c1b7bd,,,,,16,,0,15,15,,1,,,1,2,,,,,,2,,17,2,0,,2,,,2
887,铸铁星能幕布（贴墙）,,,,,,notice,,,,,,,1,0,1,2,3,2,,,,,25,6,1,0,,0,,886,10000,0,0,886,10000,,,,2,1,0,,1,notice_mithsilver,,,,blockd.stone,,886,2,1,,c1b7bd,,,,,4,886,0,15,15,,1,,,1,2,,,,,,2,,17,2,0,,0,,,2
888,钛金星能幕布,,TitaniumStarenergyBoard,TitaniumStarenergyBoard,,,notice,1,4,,,,,1,0,1,2,3,2,,,,,15,5,1,0,,0,,888,10000,0,0,888,10000,,,,2,1,0,,1,notice_titanium,,,,blockd.stone,,888,2,1,,efbb00,,,,,16,,0,15,15,,1,,,1,2,,,,,,2,,17,2,0,,2,,,2
889,钛金星能幕布（贴墙）,,,,,,notice,,,,,,,1,0,1,2,3,2,,,,,15,5,1,0,,0,,888,10000,0,0,888,10000,,,,2,1,0,,1,notice_titanium,,,,blockd.stone,,888,2,1,,efbb00,,,,,4,888,0,15,15,,1,,,1,2,,,,,,2,,17,2,0,,0,,,2
890,熔岩星能幕布,,LavaStarenergyBoard,LavaStarenergyBoard,,,notice,1,4,,,,,1,0,1,2,3,2,,,,,10,5,1,0,,0,,890,10000,0,0,890,10000,,,,2,1,0,,1,notice_lava,,,,blockd.stone,,890,2,1,,b84b22,,,,,16,,0,15,15,,1,,,1,2,,,,,,2,,17,2,0,,2,,,2
891,熔岩星能幕布（贴墙）,,,,,,notice,,,,,,,1,0,1,2,3,2,,,,,10,5,1,0,,0,,890,10000,0,0,890,10000,,,,2,1,0,,1,notice_lava,,,,blockd.stone,,890,2,1,,b84b22,,,,,4,890,0,15,15,,1,,,1,2,,,,,,2,,17,2,0,,0,,,2
892,木质字牌,,WoodenBillboard,WoodenBillboard,,,plaque,1,4,,,,,1,0,1,2,3,2,,,,,10,5,1,0,,0,,892,10000,0,0,892,10000,,,,2,1,0,,1,plaque,plaque,,,blockd.wood,,892,1,1,,d3946b,,,,,4,,0,15,15,,1,,,1,2,,,,,,1,,17,2,0,,2,,,
893,石质字牌,,StoneBillboard,StoneBillboard,,,plaque,1,4,,,,,1,0,1,2,3,2,,,,,25,6,1,0,,0,,893,10000,0,0,893,10000,,,,2,1,0,,1,plaque1,plaque,,,blockd.wood,,893,2,1,,c1b7bd,,,,,4,,0,15,15,,1,,,1,2,,,,,,1,,17,2,0,,2,,,
894,铁制字牌,,MithsilverBillboard,MithsilverBillboard,,,plaque,1,4,,,,,1,0,1,2,3,2,,,,,30,5,1,0,,0,,894,10000,0,0,894,10000,,,,2,1,0,,1,plaque2,plaque,,,blockd.wood,,894,2,1,,5d605d,,,,,4,,0,15,15,,1,,,1,2,,,,,,1,,17,2,0,,2,,,
895,炽炎字牌,,FlameCrystalBillboard,FlameCrystalBillboard,,,plaque,1,4,,,,,1,0,1,2,3,2,,,,,15,5,1,0,,0,,895,10000,0,0,895,10000,,,,2,1,0,,1,plaque3,plaque,,,blockd.wood,,895,2,1,,efbb00,,,,,4,,0,15,15,,1,,,1,2,,,,,,1,,17,2,0,,2,,,
896,钨金字牌,,TungstenGoldBillboard,TungstenGoldBillboard,,,plaque,1,4,,,,,1,0,1,2,3,2,,,,,75,5,1,0,,0,,896,10000,0,0,896,10000,,,,2,1,0,,1,plaque4,plaque,,,blockd.wood,,896,2,1,,239db2,,,,,4,,0,15,15,,1,,,1,2,,,,,,1,,17,2,0,,2,,,
897,熔岩字牌,,LavaBillboard,LavaBillboard,,,plaque,1,4,,,,,1,0,1,2,3,2,,,,,10,5,1,0,,0,,897,10000,0,0,897,10000,,,,2,1,0,,1,plaque5,plaque,,,blockd.wood,,897,2,1,,b84b22,,,,,4,,0,15,15,,1,,,1,2,,,,,,1,,17,2,0,,2,,,
898,灯笼,,Lantern,Lantern,,,lamp,3,4,,,,,1,1,1,1,0,0,,,,,3,0.6,1,0,,0,,898,10000,0,0,898,10000,,,,3,1,8,,1,lamp1,lamp1,,,blockd.stone,,898,1,1,,e8db7d,,,,,,,0,15,0,,1,,,1,3,,,,,,0,b69962,17,1,1,,2,26,,2
899,古典路灯,,ClassicRoadLamp,ClassicRoadLamp,,,lamp,3,4,,,,,1,1,1,1,0,0,,,,,3,0.6,1,0,,0,,899,10000,0,0,899,10000,,,,3,1,15,,1,lamp2,lamp2,,,blockd.stone,,899,2,1,,e8db7d,,,,,,,0,15,0,,1,,,1,3,,,,,,0,dad4be,17,1,1,,2,26,1,2
900,现代路灯,,ModernRoadLamp,ModernRoadLamp,,,lamp,3,4,,,,,1,1,1,1,0,0,,,,,3,0.6,1,0,,0,,900,10000,0,0,900,10000,,,,3,1,15,,1,lamp3,lamp3,,,blockd.stone,,900,2,1,,e8db7d,,,,,4,,0,15,0,,1,,,1,3,,,,,,0,d9d9c5,17,1,1,,2,26,1,2
901,野人战士图腾,,BoarmanTotem,BoarmanTotem,,,mobspawner,,5,,,,,1,1,1,2,0,0,,,,,50,25,1,0,,0,,0,0,0,0,0,0,,,,1,1,0,,1,spawner,,,blocks.stone,blockd.stone,,0,2,1,,a6a899,,,,,33,,0,15,15,,1,,,10,3,,,,,,0,,17,2,1,,0,,,
902,野萌宝图腾,,JockeyTotem,JockeyTotem,,,mobspawner,,5,,,,,1,1,1,2,0,0,,,,,50,25,1,0,,0,,0,0,0,0,0,0,,,,1,1,0,,1,spawner,,,blocks.stone,blockd.stone,,0,2,1,,a6a899,,,,,33,,0,15,15,,1,,,10,3,,,,,,0,,17,2,1,,0,,,
903,野人投矛手图腾,,SpearGoblinTotem,SpearGoblinTotem,,,mobspawner,,5,,,,,1,1,1,2,0,0,,,,,50,25,1,0,,0,,0,0,0,0,0,0,,,,1,1,0,,1,spawner,,,blocks.stone,blockd.stone,,0,2,1,,a6a899,,,,,33,,0,15,15,,1,,,10,3,,,,,,0,,17,2,1,,0,,,
904,蝙蝠图腾,,SpiderlingTotem,SpiderlingTotem,,,mobspawner,,5,,,,,1,1,1,2,0,0,,,,,50,25,1,0,,0,,0,0,0,0,0,0,,,,1,1,0,,1,spawner,,,blocks.stone,blockd.stone,,0,2,1,,a6a899,,,,,33,,0,15,15,,1,,,10,3,,,,,,0,,17,2,1,,0,,,
905,木荧光菇灯,,WoodenMycenaChlorophosLamp,WoodenMycenaChlorophosLamp,,,fluorescentlamp,,,,,,,1,0,1,1,0,0,,,,,3,0,1,0,,0,,905,10000,0,0,905,10000,,,,0,1,14,,1,gudeng_wood,gudeng,,,blockd.wood,,905,1,1,,7c6037,,,,,,,0,15,0,,1,,,1,3,,,,,,0,8faab5,17,1,0,,0.2,26,,2
906,爆爆蛋图腾,,BoomeggTotem,BoomeggTotem,,,mobspawner,,5,,,,,1,1,1,2,0,0,,,,,50,25,1,0,,0,,0,0,0,0,0,0,,,,1,1,0,,1,spawner,,,blocks.stone,blockd.stone,,0,2,1,,a6a899,,,,,33,,0,15,15,,1,,,10,3,,,,,,0,,17,2,1,,0,,,
907,石荧光菇灯,,StoneMycenaChlorophosLamp,StoneMycenaChlorophosLamp,,,fluorescentlamp,,,,,,,1,0,1,1,0,0,,,,,3,0,1,0,,0,,907,10000,0,0,907,10000,,,,0,1,14,,1,gudeng_rock,gudeng,,,blockd.stone,,907,2,1,,a6a899,,,,,,,0,15,0,,1,,,1,3,,,,,,0,8faab5,17,1,0,,0.2,26,,2
908,熔岩巨人图腾,,MoltenGiantTotem,MoltenGiantTotem,,,mobspawner,,5,,,,,1,1,1,2,0,0,,,,,50,25,1,0,,0,,0,0,0,0,0,0,,,,1,1,0,,1,spawner,,,blocks.stone,blockd.stone,,0,2,1,,a6a899,,,,,33,,0,15,15,,1,,,10,3,,,,,,0,,17,2,1,,0,,,
909,硫黄弓手图腾,,SulfurArcherTotem1,SulfurArcherTotem1,,,mobspawner,,5,,,,,1,1,1,2,0,0,,,,,50,25,1,0,,0,,0,0,0,0,0,0,,,,1,1,0,,1,spawner,,,blocks.stone,blockd.stone,,0,2,1,,a6a899,,,,,33,,0,15,15,,1,,,10,3,,,,,,0,,17,2,1,,0,,,
910,嘟嘟鸟图腾,,ChickenTotem,ChickenTotem,,,mobspawner,,5,,,,,1,1,1,2,0,0,,,,,50,25,1,0,,0,,0,0,0,0,0,0,,,,1,1,0,,1,spawner,,,blocks.stone,blockd.stone,,0,2,1,,a6a899,,,,,33,,0,15,15,,1,,,10,3,,,,,,0,,17,2,1,,0,,,
911,沃沃兽图腾,,WowoTotem,WowoTotem,,,mobspawner,,5,,,,,1,1,1,2,0,0,,,,,50,25,1,0,,0,,0,0,0,0,0,0,,,,1,1,0,,1,spawner,,,blocks.stone,blockd.stone,,0,2,1,,a6a899,,,,,33,,0,15,15,,1,,,10,3,,,,,,0,,17,2,1,,0,,,
912,墩墩图腾,,PigTotem,PigTotem,,,mobspawner,,5,,,,,1,1,1,2,0,0,,,,,50,25,1,0,,0,,0,0,0,0,0,0,,,,1,1,0,,1,spawner,,,blocks.stone,blockd.stone,,0,2,1,,a6a899,,,,,33,,0,15,15,,1,,,10,3,,,,,,0,,17,2,1,,0,,,
913,角鹿图腾,,ElkTotem,ElkTotem,,,mobspawner,,5,,,,,1,1,1,2,0,0,,,,,50,25,1,0,,0,,0,0,0,0,0,0,,,,1,1,0,,1,spawner,,,blocks.stone,blockd.stone,,0,2,1,,a6a899,,,,,33,,0,15,15,,1,,,10,3,,,,,,0,,17,2,1,,0,,,
915,狐图腾,,WolfTotem,WolfTotem,,,mobspawner,,5,,,,,1,1,1,2,0,0,,,,,50,25,1,0,,0,,0,0,0,0,0,0,,,,1,1,0,,1,spawner,,,blocks.stone,blockd.stone,,0,2,1,,a6a899,,,,,33,,0,15,15,,1,,,10,3,,,,,,0,,17,2,1,,0,,,
917,地心人图腾,,CoreworldSavageTotem,CoreworldSavageTotem,,,mobspawner,,5,,,,,1,1,1,2,0,0,,,,,50,25,1,0,,0,,0,0,0,0,0,0,,,,1,1,0,,1,spawner,,,blocks.stone,blockd.stone,,0,2,1,,a6a899,,,,,33,,0,15,15,,1,,,10,3,,,,,,0,,17,2,1,,0,,,
918,远古黑龙图腾,,AncientBlackDragonTotem,AncientBlackDragonTotem,,,mobspawner,,,,,,,1,1,1,2,0,0,,,,,50,25,1,0,,0,,0,0,0,0,0,0,,,,1,1,0,,1,spawner,,,blocks.stone,blockd.stone,,0,2,1,,a6a899,,,,,33,,0,15,15,,1,,,10,3,,,,,,0,,17,2,1,,0,,,
919,红色战旗,,RedBattleFlag,RedBattleFlag,,,flag,1,4,,,,,1,0,0,1,3,0,,,,,-1,25,1,0,,0,,0,0,0,0,0,0,,,,1,1,0,,1,flag1,,,blocks.stone,blockd.stone,,,0,1,,ab4730,,,,,16,,0,15,15,,1,,1,,,,,,,,0,,17,1,0,,0.2,,,
920,蓝色战旗,,BlueBattleFlag,BlueBattleFlag,,,flag,1,4,,,,,1,0,0,1,3,0,,,,,-1,25,1,0,,0,,0,0,0,0,0,0,,,,1,1,0,,1,flag2,,,blocks.stone,blockd.stone,,,0,1,,48719d,,,,,16,,0,15,15,,1,,1,,,,,,,,0,,17,1,0,,0.2,,,
921,绿色战旗,,GreenBattleFlag,GreenBattleFlag,,,flag,1,4,,,,,1,0,0,1,3,0,,,,,-1,25,1,0,,0,,0,0,0,0,0,0,,,,1,1,0,,1,flag3,,,blocks.stone,blockd.stone,,,0,1,,5b8337,,,,,16,,0,15,15,,1,,1,,,,,,,,0,,17,1,0,,0.2,,,
922,黄战旗,,YellowBattleFlag,YellowBattleFlag,,,flag,1,4,,,,,1,0,0,1,3,0,,,,,-1,25,1,0,,0,,0,0,0,0,0,0,,,,1,1,0,,1,flag4,,,blocks.stone,blockd.stone,,,0,1,,ede15c,,,,,16,,0,15,15,,1,,1,,,,,,,,0,,17,1,0,,0.2,,,
923,橙色战旗,,OrangeBattleFlag,OrangeBattleFlag,,,flag,1,4,,,,,1,0,0,1,3,0,,,,,-1,25,1,0,,0,,0,0,0,0,0,0,,,,1,1,0,,1,flag5,,,blocks.stone,blockd.stone,,,0,1,,dc7a3f,,,,,16,,0,15,15,,1,,1,,,,,,,,0,,17,1,0,,0.2,,,
924,紫色战旗,,PurpleBattleFlag,PurpleBattleFlag,,,flag,1,4,,,,,1,0,0,1,3,0,,,,,-1,25,1,0,,0,,0,0,0,0,0,0,,,,1,1,0,,1,flag6,,,blocks.stone,blockd.stone,,,0,1,,884a9d,,,,,16,,0,15,15,,1,,1,,,,,,,,0,,17,1,0,,0.2,,,
925,白色战旗,,WhiteBattleFlag,WhiteBattleFlag,,,flag,1,4,,,,,1,0,0,1,3,0,,,,,-1,25,1,0,,0,,0,0,0,0,0,0,,,,1,1,0,,1,flag0,,,blocks.stone,blockd.stone,,,0,1,,eae6e1,,,,,16,,0,15,15,,1,,1,,,,,,,,0,,17,1,0,,0.2,,,
926,黑色铜围栏,,BlackBrassBar,BlackBrassBar,,,fence,3,4,4,,,,1,1,1,0,0,0,,,,,100,25,1,0,,0,,926,10000,0,0,926,10000,,,,0,1,0,,1,fence2,fence2,,blocks.stone,blockd.stone,,926,2,1,,1f2527,,,,,,,6,15,15,,1,,,10,,,,,,,0,,17,0,1,,1,26,,
927,白色铜围栏,,WhiteBrassBar,WhiteBrassBar,,,fence,3,4,4,,,,1,1,1,0,0,0,,,,,100,25,1,0,,0,,927,10000,0,0,927,10000,,,,0,1,0,,1,fence3,fence3,,blocks.stone,blockd.stone,,927,2,1,,884a9d,,,,,,,6,15,15,,1,,,10,,,,,,,0,,17,0,1,,1,26,,2
928,小花盆,,SmallFlowerPot,SmallFlowerPot,,,flowerpot,3,4,,,,,1,1,1,0,0,0,,,,,0,0,1,0,,0,,928,10000,0,0,928,10000,,,,1,1,0,,1,flowerbeds,flowerbeds1,,blocks.stone,blockd.jar,blockd.stone,928,0,1,,ab8479,,,,,,,0,15,15,,1,,,,3,,,,,,0,,17,0,1,,2,,,
929,大花盆,,LargeFlowerPot,LargeFlowerPot,,,flowerpot,3,4,,,,,1,1,1,0,0,0,,,,,0,0,1,0,,0,,929,10000,0,0,929,10000,,,,1,1,0,,1,flowerbeds2,flowerbeds2,,blocks.stone,blockd.jar,blockd.stone,929,0,1,,ab8479,,,,,,,0,15,15,,1,,,,3,,,,,,0,,17,0,1,,2,,,
930,展示架,,DisplayRack,DisplayRack,,,photoframe,1,4,,,,,1,1,1,0,0,0,,,,,3,0.6,1,0,,0,,930,10000,0,0,930,10000,,,,1,1,0,,1,displaycase,displaycase,,,blockd.wood,,930,1,1,,d3946b,,,,,,,0,15,15,,1,,,1,3,,,,,,0,,17,0,0,,0.2,,,
931,蜡烛台,,CandleHolder,CandleHolder,,,candle,,4,,,,,1,1,1,0,0,0,,,,,3,0,1,0,,0,,931,10000,0,0,931,10000,,,,1,1,0,,1,candlestick,candlestick,,,blockd.stone,,931,2,1,,e8db7d,,,,,,,0,15,15,,1,,,1,3,,,,,,0,,17,0,1,,2,26,,
932,蜡烛台,,CandleHolder1,CandleHolder1,,,candle,,4,,,,,1,1,1,0,0,0,,,,,3,0,1,0,,0,,931,10000,0,0,931,10000,,,,3,1,8,,1,candlestick,candlestick,,,blockd.stone,,931,2,1,,e8db7d,,,,,,931,0,15,0,,1,,,1,3,,,,,,0,c6a83f,17,0,1,,0,26,,
933,吊灯,,CellingLamp,CellingLamp,,,lamp,3,4,,,,,1,1,1,1,0,0,,,,,3,0,1,0,,0,,933,10000,0,0,933,10000,,,,3,1,15,,1,ceiling_lamp_on,ceiling_lamp,,,blockd.stone,,933,2,1,,e8db7d,,,,,,,0,15,0,,1,,,1,3,,,,,,0,dad4be,17,1,1,,2,,1,2
934,典雅壁灯,,ElegantWallLamp,ElegantWallLamp,,,lamp,3,4,,,,,1,1,1,1,0,0,,,,,3,0,1,0,,0,,934,10000,0,0,934,10000,,,,3,1,15,,1,wall_lamp_on,wall_lamp1,,,blockd.stone,,934,2,1,,e8db7d,,,,,4,,0,15,0,,1,,,1,3,,,,,,0,dad4be,17,1,1,,2,,,2
935,精致壁灯,,ExquisiteWallLamp,ExquisiteWallLamp,,,lamp,3,4,,,,,1,1,1,1,0,0,,,,,3,0,1,0,,0,,935,10000,0,0,935,10000,,,,3,1,15,,1,wall_lamp_on,wall_lamp2,,,blockd.stone,,935,2,1,,e8db7d,,,,,4,,0,15,0,,1,,,1,3,,,,,,0,dadabe,17,1,1,,2,,,2
936,台灯,,TableLamp,TableLamp,,,lamp,3,4,,,,,1,1,1,0,0,0,,,,,3,0,1,0,,0,,936,10000,0,0,936,10000,,,,3,1,15,,1,table_lamp_on,table_lamp,,,blockd.stone,,936,2,1,,e8db7d,,,,,,,0,15,0,,1,,,1,3,,,,,,0,dfc568,17,0,1,,2,,1,2
937,福字,,Fortune,Fortune,,,vine,3,4,,,,,1,0,1,1,3,0,,,,,0,0,1,0,,0,,937,10000,0,0,937,10000,,,,0,1,0,,1,SpringFestival_fu,,,blocks.cloth,blockd.cloth,,937,1,1,,ea151c,,,,,4,,0,15,15,,1,,,1,3,0,,,,,0,,17,1,0,,2,,,
938,对联字牌,,CoupletPlate,CoupletPlate,,,pieceplaque,3,4,,,,,1,0,1,1,0,0,,,,,3,0,1,0,,0,,938,10000,0,0,938,10000,,,,0,1,0,,1,plaque7,,,blocks.cloth,blockd.cloth,,938,1,1,,ea151c,,,,,4,,0,15,15,,1,,,1,3,,,,,,0,,17,1,0,,2,,,
939,春节窗花,,SpringFestivalPaperFlower,SpringFestivalPaperFlower,,,vine,3,4,,,,,1,0,1,1,3,0,,,,,0,0,1,0,,0,,939,10000,0,0,939,10000,,,,0,1,0,,1,ji,,,blocks.cloth,blockd.cloth,,939,1,1,,ea151c,,,,,4,,0,15,15,,1,,,1,3,0,,,,,0,,17,1,0,,2,,,
940,春节窗花-福,,FortunepaperFlower,FortunepaperFlower,,,vine,3,4,,,,,1,0,1,1,3,0,,,,,0,0,1,0,,0,,940,10000,0,0,940,10000,,,,0,1,0,,1,fu,,,blocks.cloth,blockd.cloth,,940,1,1,,ea151c,,,,,4,,0,15,15,,1,,,1,3,0,,,,,0,,17,1,0,,2,,,
941,春节窗花-禄,,WealthpaperFlower,WealthpaperFlower,,,vine,3,4,,,,,1,0,1,1,3,0,,,,,0,0,1,0,,0,,941,10000,0,0,941,10000,,,,0,1,0,,1,lu,,,blocks.cloth,blockd.cloth,,941,1,1,,ea151c,,,,,4,,0,15,15,,1,,,1,3,0,,,,,0,,17,1,0,,2,,,
942,春节窗花-寿,,LongevitypaperFlower,LongevitypaperFlower,,,vine,3,4,,,,,1,0,1,1,3,0,,,,,0,0,1,0,,0,,942,10000,0,0,942,10000,,,,0,1,0,,1,shou,,,blocks.cloth,blockd.cloth,,942,1,1,,ea151c,,,,,4,,0,15,15,,1,,,1,3,0,,,,,0,,17,1,0,,2,,,
943,春节窗花-喜,,JoypaperFlower,JoypaperFlower,,,vine,3,4,,,,,1,0,1,1,3,0,,,,,0,0,1,0,,0,,943,10000,0,0,943,10000,,,,0,1,0,,1,xi,,,blocks.cloth,blockd.cloth,,943,1,1,,ea151c,,,,,4,,0,15,15,,1,,,1,3,0,,,,,0,,17,1,0,,2,,,
944,新春灯笼,,SpringFestivalLanterns,SpringFestivalLanterns,,,lamp,3,4,,,,,1,1,1,1,0,0,,,,,3,3,1,0,,0,,944,10000,0,0,944,10000,,,,3,1,8,,1,lamp4,lamp4,,blocks.wood,blockd.wood,,944,1,1,,ea151c,,,,,,,0,15,0,,1,,,1,3,,,,,,0,601b0f,17,1,1,,2,1,,2
945,中式宫灯,,PalaceLantern,PalaceLantern,,,lamp,3,4,,,,,1,1,1,0,0,0,,,,,3,3,1,0,,0,,945,10000,0,0,945,10000,,,,3,1,8,,1,lamp5,lamp5,,blocks.wood,blockd.wood,,945,1,1,,ffeb46,,,,,,,0,15,0,,1,,,1,3,,,,,,0,e0bb75,17,0,1,,2,,1,2
946,红色陶花盆,,RedFlowerpot,RedFlowerpot,,,flowerpot,3,4,,,,,1,1,1,0,0,0,,,,,0,0,1,0,,0,,946,10000,0,0,946,10000,,,,1,1,0,,1,flowerbeds4,flowerbeds5,,blocks.stone,blockd.jar,blockd.stone,946,0,1,,a83c4a,,,,,,,0,15,15,,1,,,,,,,,,,0,,17,0,1,,2,,,
947,绿色陶花盆,,GreenFlowerpot,GreenFlowerpot,,,flowerpot,3,4,,,,,1,1,1,0,0,0,,,,,0,0,1,0,,0,,947,10000,0,0,947,10000,,,,1,1,0,,1,flowerbeds4,flowerbeds4,,blocks.stone,blockd.jar,blockd.stone,947,0,1,,53a661,,,,,,,0,15,15,,1,,,,,,,,,,0,,17,0,1,,2,,,
948,大瓷花盆,,BigPorcelainPot,BigPorcelainPot,,,flowerpot,3,4,,,,,1,1,1,0,0,0,,,,,0,0,1,0,,0,,948,10000,0,0,948,10000,,,,1,1,0,,1,flowerbeds3,flowerbeds3,,blocks.stone,blockd.jar,blockd.stone,948,0,1,,cdbae9,,,,,,,0,15,15,,1,,,,,,,,,,0,,17,0,1,,2,,,
949,新春宫灯,,FestivalLantern,FestivalLantern,,,basic,3,4,,,,,1,1,1,0,0,0,,,,,3,3,1,0,,0,,949,10000,0,0,949,10000,,,,1,1,15,,1,glowstone_lamp_wood3,,,blocks.wood,blockd.wood,,949,2,1,,ffeb46,,,,,,,1,15,0,,1,,,1,,,,,,,0,cbc396,17,0,1,,2,,1,2
950,魔力坐骑蛋,,MagicMountEgg,MagicMountEgg,,,horseegg,,,,,,,1,1,1,2,0,0,,,,,500,25,1,0,,0,,,,,,,,,,,1,1,0,,1,horse_egg,horse_egg,,blocks.stone,blockd.stone,,,,,,e28252,,,,,33,,0,15,15,,1,,,,3,,,,,,0,,17,2,0,,0,,,
951,小飞鼠坐骑蛋,,FlyingSquirrelEgg,FlyingSquirrelEgg,,,horseegg,,,,,,,1,1,1,2,0,0,,,,,500,25,1,0,,0,,,,,,,,,,,1,1,0,,1,horse_egg,horse_egg,,blocks.stone,blockd.stone,,,,,,e28252,,,,,33,,0,15,15,,1,,,,3,,,,,,0,,17,2,0,,0,,,
952,麒麟坐骑蛋,,KylinMountEgg,KylinMountEgg,,,horseegg,,,,,,,1,1,1,2,0,0,,,,,500,25,1,0,,0,,,,,,,,,,,1,1,0,,1,horse_egg,horse_egg,,blocks.stone,blockd.stone,,,,,,e28252,,,,,33,,0,15,15,,1,,,,3,,,,,,0,,17,2,0,,0,,,
953,陆行鸟坐骑蛋,,HawkstriderEgg,HawkstriderEgg,陸行鳥坐騎蛋,,horseegg,,,,,,,1,1,1,2,0,0,,,,,500,25,1,0,,0,,,,,,,,,,,1,1,0,,1,horse_egg,horse_egg,,blocks.stone,blockd.stone,,,,,,e28252,,,,,33,,0,15,15,,1,,,,3,,,,,,0,,17,2,0,,0,,,
954,小白象坐骑蛋,,LittleElephantEgg,LittleElephantEgg,,,horseegg,,,,,,,1,1,1,2,0,0,,,,,500,25,1,0,,0,,,,,,,,,,,1,1,0,,1,horse_egg,horse_egg,,blocks.stone,blockd.stone,,,,,,e28252,,,,,33,,0,15,15,,1,,,,3,,,,,,0,,17,2,0,,0,,,
955,小海豹坐骑蛋,,LittleSealEgg,LittleSealEgg,,,horseegg,,,,,,,1,1,1,2,0,0,,,,,500,25,1,0,,0,,,,,,,,,,,1,1,0,,1,horse_egg,horse_egg,,blocks.stone,blockd.stone,,,,,,e28252,,,,,33,,0,15,15,,1,,,,3,,,,,,0,,17,2,0,,0,,,
956,小猫咪坐骑蛋,,KittyEgg,KittyEgg,,,horseegg,,,,,,,1,1,1,2,0,0,,,,,500,25,1,0,,0,,,,,,,,,,,1,1,0,,1,horse_egg,horse_egg,,blocks.stone,blockd.stone,,,,,,e28252,,,,,33,,0,15,15,,1,,,,3,,,,,,0,,17,2,0,,0,,,
957,小天马坐骑蛋,,PonyEgg,PonyEgg,,,horseegg,,,,,,,1,1,1,2,0,0,,,,,500,25,1,0,,0,,,,,,,,,,,1,1,0,,1,horse_egg,horse_egg,,blocks.stone,blockd.stone,,,,,,e28252,,,,,33,,0,15,15,,1,,,,3,,,,,,0,,17,2,0,,0,,,
958,小仓鼠坐骑蛋,,HamsterEgg,HamsterEgg,,,horseegg,,,,,,,1,1,1,2,0,0,,,,,500,25,1,0,,0,,,,,,,,,,,1,1,0,,1,horse_egg,horse_egg,,blocks.stone,blockd.stone,,,,,,e28252,,,,,33,,0,15,15,,1,,,,3,,,,,,0,,17,2,0,,0,,,
959,游戏版本过低,,,,,,firework,,,,,,,1,1,1,2,0,0,,,,,100,25,1,0,,0,,12574,5000,12573,5000,12574,10000,,,,,,,,1,balloon0,balloon,,,,,959,0,1,,,,,,,,,0,15,0,,1,,,,3,,,,,,0,,0,2,1,,0,,,
960,基石-混凝土,,U-Concrete,U-Concrete,,,basic,1,4,4,,,,1,1,1,0,0,0,,,,1,-1,-1,1,0,,0,,960,10000,0,0,0,0,,,,1,15,0,,1,ultrastone_cement,,,blocks.stone,blockd.stone,,0,0,,,a6a899,,,,,1,,1,15,15,,1,,,,,,,,,,0,,255,0,1,,2,,,
961,基石-裂土,,U-FissuredClay,U-FissuredClay,,,basic,1,4,4,,,,1,1,1,0,0,0,,,,1,-1,-1,1,0,,0,,960,10000,0,0,0,0,,,,1,15,0,,1,ultrastone_crackedsoil,,,blocks.stone,blockd.stone,,0,0,,,e28252,,,,,1,,1,15,15,,1,,,,,,,,,,0,,255,0,1,,2,,,
962,白色基石,,WhiteUltraStone,WhiteUltraStone,,,basic,1,4,4,,,,1,1,1,0,0,0,,,,1,-1,-1,1,0,,0,,960,10000,0,0,0,0,,,,1,15,0,,1,ultrastone_crackedstone,,,blocks.stone,blockd.stone,,0,0,,,eae6e1,,,,,1,,1,15,15,,1,,,,,,,,,,0,,255,0,1,,2,,,
963,基石-坚冰,,U-SolidIce,U-SolidIce,,,basic,1,4,4,,,,1,1,1,0,0,0,,,,1,-1,-1,1,0,,0,,960,10000,0,0,0,0,,,,1,15,0,,1,ultrastone_ice,,,blocks.stone,blockd.stone,,0,0,,,50d8d5,,,,,1,,1,15,15,,1,,,,,,,,,,0,,255,0,1,,2,,,
964,基石-钢板,,U-SteelPlate,U-SteelPlate,,,basic,1,4,4,,,,1,1,1,0,0,0,,,,1,-1,-1,1,0,,0,,960,10000,0,0,0,0,,,,1,15,0,,1,ultrastone_weldingplate,,,blocks.stone,blockd.stone,,0,0,,,a6a899,,,,,1,,1,15,15,,1,,,,,,,,,,0,,255,0,1,,2,26,,
965,椅子,,WoodChair,WoodChair,,,chair,3,4,,,,,1,1,1,0,0,2,,,,,25,6,1,2,20,2,,965,10000,0,0,965,10000,,,,2,1,0,,1,chair_wood,chair_wood,,blocks.wood,blockd.wood,,965,1,1,,c1a661,,,,,4,,0,15,15,,1,,,1,3,,,,,,1,,17,0,0,,2,,1,
966,桌子,,WoodTable,WoodTable,,,furniture,3,4,,,,,1,1,1,0,0,2,,,,,25,6,1,2,20,2,,966,10000,0,0,966,10000,,,,2,1,0,,1,table_wood,table_wood,,blocks.wood,blockd.wood,,966,1,1,,c1a661,,,,,,,1,15,15,,1,,,1,3,,,,,,1,,17,0,1,,2,,1,
967,沙发,,WoodSofa,WoodSofa,,,shafa,3,4,,,,,1,1,1,0,0,2,,,,,25,6,1,2,20,2,,967,10000,0,0,967,10000,,,,2,1,0,,1,shafa_wood,shafa_wood,,blocks.wood,blockd.wood,,967,1,1,,c1a661,,,,,4,,0,15,15,,1,,,1,3,,,,,,1,,17,0,0,,2,,1,
968,棕色壁炉,,BrownFireplace,BrownFireplace,,,smelter,3,4,,,,,1,1,1,0,0,2,,,,,50,18,1,0,,0,,968,10000,0,0,968,10000,,,,2,1,0,,1,bilu_wood,bilu_wood,,blocks.wood,blockd.wood,,968,2,1,,84684c,,,,,4,,1,15,15,7,1,,,10,3,,,,,,1,,17,0,1,,2,,1,
969,柜子,,WoodCabinet,WoodCabinet,,,chest,3,4,,,,,1,1,1,2,0,2,,,,,25,6,1,2,20,2,,969,10000,0,0,969,10000,,,,2,1,0,,1,guizi_wood,guizi_wood,,blocks.wood,blockd.wood,,969,1,1,,c1a661,,,,,4,,1,15,15,,1,,,1,,,,,,,1,,17,2,1,,2,26,1,
970,象牙白椅子,,WhiteChair,WhiteChair,,,chair,3,4,,,,,1,1,1,0,0,2,,,,,25,6,1,1,20,1,,970,10000,0,0,970,10000,,,,2,1,0,,1,chair_wood2,chair_wood,,blocks.wood,blockd.wood,,970,1,1,,dfdbc2,,,,,4,,0,15,15,,1,,,1,3,,,,,,1,,17,0,0,,2,,1,
971,象牙白桌子,,WhiteTable,WhiteTable,,,furniture,3,4,,,,,1,1,1,0,0,2,,,,,25,6,1,1,20,1,,971,10000,0,0,971,10000,,,,2,1,0,,1,table_wood2,table_wood,,blocks.wood,blockd.wood,,971,1,1,,dfdbc2,,,,,,,1,15,15,,1,,,1,3,,,,,,1,,17,0,1,,2,,1,
972,象牙白沙发,,WhiteSofa,WhiteSofa,,,shafa,3,4,,,,,1,1,1,0,0,2,,,,,25,6,1,1,20,1,,972,10000,0,0,972,10000,,,,2,1,0,,1,shafa_wood2,shafa_wood,,blocks.wood,blockd.wood,,972,1,1,,dfdbc2,,,,,4,,0,15,15,,1,,,1,3,,,,,,1,,17,0,0,,2,,1,
973,白色壁炉,,WhiteFireplace,WhiteFireplace,,,smelter,3,4,,,,,1,1,1,0,0,2,,,,,50,18,1,0,,0,,973,10000,0,0,973,10000,,,,2,1,0,,1,bilu_wood2,bilu_wood,,blocks.wood,blockd.wood,,973,2,1,,dfdbc2,,,,,4,,1,15,15,7,1,,,10,3,,,,,,1,,17,0,1,,2,,1,
974,象牙白柜子,,WhiteCabinet,WhiteCabinet,,,chest,1,4,,,,,1,1,1,2,0,2,,,,,25,6,1,1,20,1,,974,10000,0,0,974,10000,,,,2,1,0,,1,guizi_wood2,guizi_wood,,blocks.wood,blockd.wood,,974,1,1,,dfdbc2,,,,,4,,1,15,15,,1,,,1,,,,,,,1,,17,2,1,,2,26,1,
975,松木椅子,,LarchChair,LarchChair,,,chair,3,4,,,,,1,1,1,0,0,2,,,,,35,9,1,1,20,1,,975,10000,0,0,975,10000,,,,2,1,0,,1,chair_wood3,chair_wood,,blocks.wood,blockd.wood,,975,1,1,,865d39,,,,,4,,0,15,15,,1,,,1,3,,,,,,1,,17,0,0,,2,,1,
976,松木桌子,,LarchTable,LarchTable,,,furniture,3,4,,,,,1,1,1,0,0,2,,,,,35,9,1,1,20,1,,976,10000,0,0,976,10000,,,,2,1,0,,1,table_wood3,table_wood,,blocks.wood,blockd.wood,,976,1,1,,865d39,,,,,,,1,15,15,,1,,,1,3,,,,,,1,,17,0,1,,2,,1,
977,松木沙发,,LarchSofa,LarchSofa,,,shafa,3,4,,,,,1,1,1,0,0,2,,,,,35,9,1,1,20,1,,977,10000,0,0,977,10000,,,,2,1,0,,1,shafa_wood3,shafa_wood,,blocks.wood,blockd.wood,,977,1,1,,865d39,,,,,4,,0,15,15,,1,,,1,3,,,,,,1,,17,0,0,,2,,1,
978,黑色壁炉,,BlackFireplace,BlackFireplace,,,smelter,3,4,,,,,1,1,1,0,0,2,,,,,50,18,1,0,,0,,978,10000,0,0,978,10000,,,,2,1,0,,1,bilu_wood3,bilu_wood,,blocks.wood,blockd.wood,,978,2,1,,1f2527,,,,,4,,1,15,15,7,1,,,10,3,,,,,,1,,17,0,1,,2,,1,
979,松木柜子,,LarchCabinet,LarchCabinet,,,chest,3,4,,,,,1,1,1,2,0,2,,,,,35,9,1,1,20,1,,979,10000,0,0,979,10000,,,,2,1,0,,1,guizi_wood3,guizi_wood,,blocks.wood,blockd.wood,,979,1,1,,865d39,,,,,4,,1,15,15,,1,,,1,,,,,,,1,,17,2,1,,2,26,1,
980,周年生日蛋糕,980,AnniversaryCake,AnniversaryCake,,,cake,1,4,,,,,1,1,1,0,3,0,,,,,10,5,1,0,,0,,0,0,0,0,0,0,,,,2,1,15,,1,cake2,cake2,,blocks.cloth,blockd.cloth,,980,0,1,,843921,,,,,,,0,15,0,,1,,,,3,,,,,,0,ccc7ac,17,0,0,,2,,,
981,方片花纹砖,,Square-patternBrick,Square-patternBrick,,,basic,3,4,4,,,,1,1,1,0,0,0,,,,1,60,10.5,1,0,,0,,981,10000,0,0,981,10000,,,,2,15,0,,1,color_brick2,,,blocks.stone,blockd.stone,,981,2,1,,8a9fa4,,,,,,,1,15,15,,6,,,10,,,,,,,0,,255,0,1,,2,,1,
982,棕色纹砖,,BrownBrick,BrownBrick,,,basic,3,4,4,,,,1,1,1,0,0,0,,,,1,60,10.5,1,0,,0,,982,10000,0,0,982,10000,,,,2,15,0,,1,color_brick,,,blocks.stone,blockd.stone,,982,2,1,,8a9fa4,,,,,,,1,15,15,,6,,,10,,,,,,,0,,255,0,1,,2,,1,
983,黑白纹砖,,BlackStripedBrick,BlackStripedBrick,,,basic,3,4,4,,,,1,1,1,0,0,0,,,,1,60,10.5,1,0,,0,,983,10000,0,0,983,10000,,,,2,15,0,,1,Black_white,,,blocks.stone,blockd.stone,,983,2,1,,150e0a,,,,,,,1,15,15,,6,,,10,,,,,,,0,,255,0,1,,2,,1,
984,白蓝纹玻璃片,,Light-blueStripedGlassPane,Light-blueStripedGlassPane,,,glasspane,3,4,4,,,,1,1,1,0,0,1,,,,,4,0.6,1,0,,0,,0,0,0,0,0,0,,,,3,1,0,,1,glass_lightblue2,glass_edge_white,,blocks.stone,blockd.glass,blockd.stone,984,0,1,,bcb189,,,,,,,6,8,15,,1,,,,,,,,,,0,,17,0,1,,2,,,
985,绿蓝纹玻璃片,,BluegreenStripedGlassPane,BluegreenStripedGlassPane,,,glasspane,3,4,4,,,,1,1,1,0,0,1,,,,,4,0.6,1,0,,0,,0,0,0,0,0,0,,,,3,1,0,,1,glass_green2,glass_edge_white,,blocks.stone,blockd.glass,blockd.stone,985,0,1,,bcb189,,,,,,,6,8,15,,1,,,,,,,,,,0,,17,0,1,,2,,,
986,小彩旗,,ColoredFlag,ColoredFlag,,,sticker,3,4,4,,,,1,0,1,1,3,0,,,,,0,0,1,1,20,1,,986,10000,0,0,986,10000,,,,0,1,0,,1,Flags,,,blocks.cloth,blockd.cloth,,986,1,1,,8a9fa4,,,,,4,,0,15,15,,1,,,1,,,,,,,0,,17,1,0,,2,,,
987,游戏版本过低,,,,,,basic,,,,,,,1,1,1,1,0,2,,,,,,,1,0,,0,,,,,,,,,,,2,1,0,,1,,,,blocks.wood,blockd.wood,,,,,,,,,,,,,0,15,15,,1,,,,,,,,,,0,,17,1,1,,0,,,
988,补给箱,,SupplyBox,SupplyBox,,,jar,,,,,,,1,0,1,0,0,0,,,,,0,0,1,0,,0,,0,0,0,0,0,0,1,5000,"1,1",2,1,0,,1,jar3,jar,,blocks.stone,blockd.jar,blockd.stone,739,0,1,,e5c3e9,1,,,,33,,0,15,15,,1,,,,,,,,,,0,,17,0,0,,0,,1,
989,补给道具箱,,PropSupplyBox,PropSupplyBox,,,chest,,,,,,,1,1,1,2,0,2,,,,,-1,-1,1,0,,0,,,,,,,,,,,2,1,0,,1,chest2,chest,,blocks.wood,blockd.wood,,,0,1,,4c8ccd,,,,,33,,1,15,15,,1,,,,,,,,,,1,,17,2,1,,0,26,,
990,公共集合点,,PublicRespawnPoints,PublicRespawnPoints,,,teamspawn,,5,,,,,1,1,1,2,0,2,,,,,-1,-1,1,0,,0,,,,,,,,,,,2,1,0,,1,teamspawn0,teamspawn,,blocks.wood,blockd.wood,,,0,1,,e5c9c7,,,,,1,,0,15,15,,1,,,,,,,,,,0,,17,2,0,,0,,,
991,1队:红队集合点,,RedSpawnSpot:1,RedSpawnSpot:1,,,teamspawn,,5,,,,,1,1,1,2,0,2,,,,,-1,-1,1,0,,0,,,,,,,,,,,2,1,0,,1,teamspawn1,teamspawn,,blocks.wood,blockd.wood,,,0,1,,ab4730,,,,,1,,0,15,15,,1,,,,,,,,,,0,,17,2,0,,0,,,
992,2队:蓝队集合点,,BlueSpawnSpot:2,BlueSpawnSpot:2,,,teamspawn,,5,,,,,1,1,1,2,0,2,,,,,-1,-1,1,0,,0,,,,,,,,,,,2,1,0,,1,teamspawn2,teamspawn,,blocks.wood,blockd.wood,,,0,1,,48719d,,,,,1,,0,15,15,,1,,,,,,,,,,0,,17,2,0,,0,,,
993,3队:绿队集合点,,GreenSpawnSpot:3,GreenSpawnSpot:3,,,teamspawn,,5,,,,,1,1,1,2,0,2,,,,,-1,-1,1,0,,0,,,,,,,,,,,2,1,0,,1,teamspawn3,teamspawn,,blocks.wood,blockd.wood,,,0,1,,5b8337,,,,,1,,0,15,15,,1,,,,,,,,,,0,,17,2,0,,0,,,
994,4队:黄队集合点,,YellowSpawnSpot:4,YellowSpawnSpot:4,,,teamspawn,,5,,,,,1,1,1,2,0,2,,,,,-1,-1,1,0,,0,,,,,,,,,,,2,1,0,,1,teamspawn4,teamspawn,,blocks.wood,blockd.wood,,,0,1,,ede15c,,,,,1,,0,15,15,,1,,,,,,,,,,0,,17,2,0,,0,1,,
995,5队:橙队集合点,,OrangeSpawnSpot:5,OrangeSpawnSpot:5,,,teamspawn,,5,,,,,1,1,1,2,0,2,,,,,-1,-1,1,0,,0,,,,,,,,,,,2,1,0,,1,teamspawn5,teamspawn,,blocks.wood,blockd.wood,,,0,1,,dc7a3f,,,,,1,,0,15,15,,1,,,,,,,,,,0,,17,2,0,,0,,,
996,6队:紫队集合点,,PurpleSpawnSpot:6,PurpleSpawnSpot:6,,,teamspawn,,5,,,,,1,1,1,2,0,2,,,,,-1,-1,1,0,,0,,,,,,,,,,,2,1,0,,1,teamspawn6,teamspawn,,blocks.wood,blockd.wood,,,0,1,,884a9d,,,,,1,,0,15,15,,1,,,,,,,,,,0,,17,2,0,,0,,,
997,闪星方块,,ShinyStar,ShinyStar,,,star,,5,,,,,1,1,1,2,0,2,,,,,-1,-1,1,0,,0,,,,,,,,,,,2,1,0,,1,,,,blocks.wood,blockd.wood,,,0,1,,ffff39,,,,,1,,0,15,15,,1,,,,,,,,,,0,,17,2,0,,0,,,
998,初始道具补给箱,,InitialItemChest,InitialItemChest,,,initchest,,,,,,,1,1,1,2,0,2,,,,,-1,-1,1,0,,0,,,,,,,,,,,2,1,0,,1,chest1,chest,,blocks.wood,blockd.wood,,,0,1,,a05936,,,,,1,,1,15,15,,1,,,,,,,,,,0,,17,2,0,,0,26,,
999,再次挑战补给箱,,SpawnItemChest,SpawnItemChest,,,initchest,,,,,,,1,1,1,2,0,2,,,,,-1,-1,1,0,,0,,,,,,,,,,,2,1,0,,1,chest2,chest,,blocks.wood,blockd.wood,,,0,1,,4c8ccd,,,,,1,,1,15,15,,1,,,,,,,,,,0,,17,2,0,,0,26,,
1000,方块复制器,,Copier,Copier,,,replicator,,5,,,,,1,1,1,2,0,0,,,,,5,4,1,0,,0,,,,,,,,,,,2,15,0,,1,blockcopy_off,,,blocks.stone,blockd.stone,,,0,1,,dab15c,,,,,1,,1,15,15,,6,,,,,,,,,,0,,255,2,0,,0,,,
1001,空气墙方块,,AirWall,AirWall,,,airwall,1,5,5,,,,1,1,1,2,0,0,,,,,-1,-1,1,0,,0,,,,,,,,,,,0,0,0,,1,Air_wall,,,blocks.stone,blockd.stone,,,0,1,,,,,,,1,,1,8,15,,1,,,,,,,,,,0,,0,2,0,,0,,,
1002,方块复制器,,BlockCopier,BlockCopier,,,replicator,,,,,,,1,1,1,2,0,0,,,,,5,4,1,0,,0,,,,,,,,,,,2,15,0,,1,blockcopy_on,,,blocks.stone,blockd.stone,,,0,1,,,,,,,1,,1,15,15,,6,,,,,,,,,,0,,255,2,0,,0,,,
1003,游戏版本过低,,,,,,basic,,,,,,,1,1,1,2,0,0,,,,,5,4,1,0,,0,,,,,,,,,,,2,15,0,,1,blockclear,,,blocks.stone,blockd.stone,,,0,1,,,,,,,1,,1,15,15,,1,,,,,,,,,,0,,255,2,1,,0,,,
1004,标记器（-）,,Marker(-),Marker(-),,,mechamarker,,5,,,,,1,1,1,0,0,0,,,,,5,4,1,0,,0,,1004,10000,0,0,1004,10000,,,,1,1,0,,1,mechamarker_1,mechamarker,,blocks.stone,blockd.stone,,1004,2,1,,4f251e,,,,,,,1,15,15,,6,,,1,,,,,,,0,,17,0,0,,1,26,,2
1005,标记器（+）,,Marker(+),Marker(+),,,mechamarker,,5,,,,,1,1,1,0,0,0,,,,,5,4,1,0,,0,,1005,10000,0,0,1005,10000,,,,1,1,0,,1,mechamarker_2,mechamarker,,blocks.stone,blockd.stone,,1005,2,1,,4f251e,,,,,,,1,15,15,,6,,,1,,,,,,,0,,17,0,0,,1,26,,2
1006,标记器3号,,MarkerNo.3,MarkerNo.3,,,mechamarker,,,,,,,1,1,1,0,0,0,,,,,5,4,1,0,,0,,1006,10000,0,0,1006,10000,,,,2,15,0,,1,mecha_wp3,,,blocks.stone,blockd.stone,,1006,2,1,,4f251e,,,,,,,1,15,15,,6,,,1,,,,,,,0,,255,0,0,,0,,,
1007,标记器4号,,MarkerNo.4,MarkerNo.4,,,mechamarker,,,,,,,1,1,1,0,0,0,,,,,5,4,1,0,,0,,1007,10000,0,0,1007,10000,,,,2,15,0,,1,mecha_wp4,,,blocks.stone,blockd.stone,,1007,2,1,,4f251e,,,,,,,1,15,15,,6,,,1,,,,,,,0,,255,0,0,,0,,,
1008,滑动方块,,SlidingBlock,SlidingBlock,,,mechaslider,,5,,,,,1,1,1,0,0,0,,,,,5,4,1,0,,0,,1008,10000,0,0,1008,10000,,,,1,1,0,,1,mechaslider_off,mechaslider,,blocks.stone,blockd.stone,,1008,2,1,,4f251e,,,,,4,,1,15,15,,6,,,1,,,,,,,0,,17,0,0,,1,26,,2
1009,红色星能线,,RedCable,RedCable,,,hardwire,,,,,,,1,0,0,0,0,2,,,,,0,0,1,0,,0,,1009,10000,0,0,1009,10000,,,,2,1,0,,1,hardwire0_r,hardwire1_r,,blocks.wood,blockd.wood,,1009,0,1,,ab4730,,,,,,,0,15,15,,1,,,,,,,,,,0,,17,0,0,,1,,,
1010,转轴方块,,RotorBlock,RotorBlock,,,mecharotate,,5,,,,,1,1,1,0,0,0,,,,,5,4,1,0,,0,,1010,10000,0,0,1010,10000,,,,2,1,0,,1,mecha_rotate_off,mecha_rotate_on,,blocks.stone,blockd.stone,,1010,2,1,,4f251e,,,,,4,,1,15,15,,6,,,1,,,,,,,2,,17,0,0,mecha_rotate_mix,1,26,,2
1011,前进路径牌-公共,,Signpost-Public,Signpost-Public,,,direction,,5,,,,,1,0,1,2,0,2,,,,,-1,10,1,0,,0,,,,,,,,,,,0,1,0,,1,directionarrow0,directionarrow,,blocks.wood,blockd.wood,,,,,,,,,,,1,,0,15,15,,1,,,,,,,,,,2,,17,2,0,,0,,,
1012,停止路径牌,,StopSignpost,StopSignpost,,,direction,,5,,,,,1,0,1,2,0,2,,,,,-1,10,1,0,,0,,,,,,,,,,,0,1,0,,1,stoppoint,stoppoint,,blocks.wood,blockd.wood,,,,,,,,,,,1,,0,15,15,,1,,,,,,,,,,2,,17,2,0,,0,,,
1013,标记器0号,,MarkerNo.0,MarkerNo.0,,,mechamarker,,,,,,,1,1,1,0,0,0,,,,,5,4,1,0,,0,,1013,10000,0,0,1013,10000,,,,2,15,0,,1,mechamarker_0,,,blocks.stone,blockd.stone,,1013,2,1,,4f251e,,,,,1,,1,15,15,,1,,,1,,,,,,,0,,255,0,0,,0,,,2
1014,十字大炸弹,,X-Bomb,X-Bomb,,,bomb,,4,,,,,1,1,1,0,0,0,,,,,0,0,1,3,100,3,,,,,,,,,,,2,1,0,,1,bomb1,bomb4_big,,blocks.stone,blockd.stone,,,,,,,,,,,1,,0,15,15,,1,,,,2,,,,,,0,,17,0,0,,0,,,
1015,十字小炸弹,,MiniX-Bomb,MiniX-Bomb,,,bomb,,4,,,,,1,1,1,0,0,0,,,,,0,0,1,3,100,3,,,,,,,,,,,2,1,0,,1,bomb1,bomb4_small,,blocks.stone,blockd.stone,,,,,,,,,,,1,,0,15,15,,1,,,,2,,,,,,0,,17,0,0,,0,,,
1016,单向大炸弹,,I-bomb,I-bomb,,,bomb,,4,,,,,1,1,1,0,0,0,,,,,0,0,1,3,100,3,,,,,,,,,,,2,1,0,,1,bomb,bomb1_big,,blocks.stone,blockd.stone,,,,,,,,,,,1,,0,15,15,,1,,,,2,,,,,,0,,17,0,0,,0,,,
1017,单向小炸弹,,MiniI-bomb,MiniI-bomb,,,bomb,,4,,,,,1,1,1,0,0,0,,,,,0,0,1,3,100,3,,,,,,,,,,,2,1,0,,1,bomb,bomb1_small,,blocks.stone,blockd.stone,,,,,,,,,,,1,,0,15,15,,1,,,,2,,,,,,0,,17,0,0,,0,,,
1018,空气墙-不挡子弹,,PenetrableAirWall,PenetrableAirWall,,,airwall,,5,5,,,,1,3,1,2,0,0,,,,,-1,-1,1,0,,0,,,,,,,,,,,0,0,0,,1,Air_wall2,,,blocks.stone,blockd.stone,,,,,,,,,,,1,,1,8,15,,1,,,,,,,,,,0,,0,2,0,,0,,,
1019,窝,,NestBlock,NestBlock,,,chickennest,,4,,,,,1,0,0,0,0,0,,,,,0,0,1,0,,0,,1019,10000,0,0,1019,10000,,,,1,1,0,,1,nest_block,nest_block,,blocks.cloth,blockd.cloth,,1019,0,1,,,,,,,,,0,15,15,,1,,,,3,,,,,,0,,17,0,1,,0.2,,,
1020,嘟嘟鸟饲料,,DuDuFodder,DuDuFodder,,,feedpan,,4,,,,,1,0,0,0,3,0,,,,,5,0,1,0,,0,,0,0,0,0,0,0,,,,2,1,0,,1,feedpan,feedpan,,blocks.cloth,blockd.cloth,,1020,0,1,,,,,,,1,,0,15,15,,1,,,,2,,,,,,0,,17,0,0,,0,,,2
1021,闪星奖杯,,StarryTrophy,StarryTrophy,,,reborn,,5,,,,,1,1,1,0,0,0,,,,,-1,5,1,0,,0,,,,,,,,,,,2,1,0,,1,starcup,starcup,,blocks.stone,blockd.jar,blockd.stone,1021,0,1,,ffff39,1,200,,,1,,1,15,15,,1,,,,,,,,,,0,,17,0,0,,0,26,,
1022,游戏版本过低,,,,,,funnel,,,,,,,1,1,1,2,0,1,,,,,30,12,1,0,,0,,839,10000,0,0,839,10000,,,,0,0,0,,1,funnel,,,blocks.stone,blockd.stone,,839,2,1,,f8c8a8,,1,,,1,,1,15,15,,1,,,10,,,,,,,0,,0,2,0,,0,,,
1023,机械臂I,,,,,,rangepiston,,,,,,,1,1,1,2,0,2,,,,,10,4,1,0,,0,,719,10000,0,0,719,10000,,,,2,1,0,,1,hyd_arm_on,,,blocks.stone,blockd.stone,,719,2,1,,b99871,,,,,1,,1,15,15,,1,,,1,,,,,,,0,,17,2,0,,0,,,
1024,推拉机械臂I,,,,,,rangepiston,,,,,,,1,1,1,2,0,2,,,,,10,4,1,0,,0,,718,10000,0,0,718,10000,,,,2,1,0,,1,hyd_arm_on,,,blocks.stone,blockd.stone,,718,2,1,,b99871,,,,,1,,1,15,15,,1,,,1,,,,,,,0,,17,2,0,,0,,,
1025,机械臂X,,,,,,pistonmoving,,,,,,,1,1,1,2,0,2,,,,,10,-1,1,0,,0,,0,0,0,0,0,0,,,,2,1,0,,1,piston_top_normal,,,blocks.stone,blockd.stone,,0,0,,,b99871,,,,,1,,1,15,15,,1,,,,,,,,,,0,,17,2,0,,0,,,
1026,前进路径牌-1队,,Team1Signpost,Team1Signpost,,,direction,,5,,,,,1,0,1,2,0,2,,,,,-1,10,1,0,,0,,,,,,,,,,,0,0,0,,1,directionarrow1,directionarrow,,blocks.wood,blockd.wood,,,,,,,,,,,1,,0,15,15,,1,,,,,,,,,,2,,0,2,0,,0,,,
1027,前进路径牌-2队,,Team2Signpost,Team2Signpost,,,direction,,5,,,,,1,0,1,2,0,2,,,,,-1,10,1,0,,0,,,,,,,,,,,0,0,0,,1,directionarrow2,directionarrow,,blocks.wood,blockd.wood,,,,,,,,,,,1,,0,15,15,,1,,,,,,,,,,2,,0,2,0,,0,,,
1028,前进路径牌-3队,,Team3Signpost,Team3Signpost,,,direction,,5,,,,,1,0,1,2,0,2,,,,,-1,10,1,0,,0,,,,,,,,,,,0,0,0,,1,directionarrow3,directionarrow,,blocks.wood,blockd.wood,,,,,,,,,,,1,,0,15,15,,1,,,,,,,,,,2,,0,2,0,,0,,,
1029,前进路径牌-4队,,Team4Signpost,Team4Signpost,,,direction,,5,,,,,1,0,1,2,0,2,,,,,-1,10,1,0,,0,,,,,,,,,,,0,0,0,,1,directionarrow4,directionarrow,,blocks.wood,blockd.wood,,,,,,,,,,,1,,0,15,15,,1,,,,,,,,,,2,,0,2,0,,0,,,
1030,前进路径牌-5队,,Team5Signpost,Team5Signpost,,,direction,,5,,,,,1,0,1,2,0,2,,,,,-1,10,1,0,,0,,,,,,,,,,,0,0,0,,1,directionarrow5,directionarrow,,blocks.wood,blockd.wood,,,,,,,,,,,1,,0,15,15,,1,,,,,,,,,,2,,0,2,0,,0,,,
1031,前进路径牌-6队,,Team6Signpost,Team6Signpost,,,direction,,5,,,,,1,0,1,2,0,2,,,,,-1,10,1,0,,0,,,,,,,,,,,0,0,0,,1,directionarrow6,directionarrow,,blocks.wood,blockd.wood,,,,,,,,,,,1,,0,15,15,,1,,,,,,,,,,2,,0,2,0,,0,,,
1032,感应方块,,SensorBlock,SensorBlock,,,sensorblock,,5,,,,,1,1,1,0,0,1,,,,,3,10,1,0,,0,,1032,10000,0,0,1032,10000,,,,1,1,0,,1,sensorblock,sensorblock,,blocks.stone,blockd.stone,,1032,2,1,,7b4b2c,,,,,4,,1,15,15,,1,,,1,,,,,,,0,,17,0,0,,1,26,,2
1033,算法器,,Calculator,Calculator,,,arithmatic,,5,,,,,1,1,1,1,3,2,,,,,3,0,1,0,,0,,1033,10000,0,0,1033,10000,,,,2,1,0,,1,calculator_off,calculator_arith,,,blockd.wood,,1033,0,1,,89b1b0,,,,,4,,1,15,15,,1,,,,,,,,,,0,,17,1,0,,1,,,
1034,星能阻隔器,,Resistance,Resistance,,,eresist,,5,,,,,1,0,0,0,0,0,,,,,0,0,1,0,,0,,1034,10000,0,0,1034,10000,,,,1,1,0,,1,resistance,resistance,,blocks.cloth,blockd.cloth,,1034,0,1,,a898ae,,,,,4,,0,15,15,,1,,,,,,,,,,0,,17,0,0,,1,,,
1035,随机补给罐,,RandomSupplyBox,RandomSupplyBox,,,initchest,,5,,,,,1,4,1,2,0,2,,,,,5,0,1,0,,0,,,,,,,,,,,2,1,0,,1,jar5,jar,,blocks.stone,blockd.jar,blockd.stone,,0,1,,cfbaae,,,1,,1,,0,15,15,,1,,,,,,,,,,0,,17,2,0,,0,,,
1036,准备点,,PreparationPoint,PreparationPoint,ReadyPoint,,teamprepoint,,,,,,,1,1,1,2,0,2,,,,,-1,-1,1,0,,0,,,,,,,,,,,2,1,0,,1,readypoint,readypoint,,blocks.wood,blockd.wood,,,0,1,,fffdfe,,,,,1,,0,15,15,,1,,,,,,,,,,0,,17,2,0,,0,,,
1037,触碰方块,,Trigger,Trigger,触碰方块,,collider,,5,,,,,1,0,1,2,3,1,,,,,500,50,1,0,,0,,1037,10000,0,0,1037,10000,,,,0,1,4,,1,colliderblock1,,,blocks.stone,blockd.stone,,1037,2,1,,f17b99,,,,,,,0,15,0,,1,,,10,,,,,,,0,,17,2,0,,1,,,
1038,生物触碰方块,,CreatureTrigger,CreatureTrigger,生物触碰方块,,collider,,5,,,,,1,0,1,2,3,1,,,,,500,50,1,0,,0,,1038,10000,0,0,1038,10000,,,,0,1,4,,1,colliderblock2,,,blocks.stone,blockd.stone,,1038,2,1,,88f495,,,,,,,0,15,0,,1,,,10,,,,,,,0,,17,2,0,,1,,,
1039,得分方块,,ScoreBlock,ScoreBlock,得分方块,,goalblock,,5,,,,,1,1,1,2,0,2,,,,,-1,-1,1,0,,0,,,,,,,,,,,2,1,0,,1,goalblock0,goalblock,,blocks.stone,blockd.stone,,,0,1,,fffdfe,,,,,,,1,15,15,,1,,,,,,,,,,0,,17,2,0,,1,,,
1040,球触碰方块,,SoccerTrigger,SoccerTrigger,球触碰方块,,collider,,5,,,,,1,0,1,2,3,1,,,,,500,50,1,0,,0,,1040,10000,0,0,1040,10000,,,,0,1,4,,1,colliderblock3,,,blocks.stone,blockd.stone,,1040,2,1,,529ffd,,,,,,,0,15,0,,1,,,10,,,,,,,0,,17,2,0,,1,,,
1041,[外星]神秘工具箱X,,,HorasTotem,,,crafting,,,,,,,1,1,1,0,0,2,,,,,200,50,1,0,,0,,1041,10000,0,0,1041,10000,,,,2,1,0,,1,Planet_toolbox,Planet_toolbox,,blocks.stone,blockd.stone,,1041,2,1,,,,,,,1,,1,15,15,,1,,,10,3,,,,,,1,,17,0,0,,0,,1,
1042,神秘图腾,,HorasTotem,HorasTotem,,,alientotem,,5,,,,,1,1,1,2,0,0,,,,,-1,-1,1,0,,0,,0,0,0,0,0,0,,,,1,1,8,,1,alientotemcenter,alientotemcenter,,blockd.wood,blockd.wood,,0,0,0,,00FFFF,,,,,4,,1,15,0,,1,,,,,,,,,,0,79b6b6,17,2,0,,1,,,
1043,图腾宝藏水晶,,Gemtotem,Gemtotem,,,jarex,,4,,,,,1,1,1,2,0,0,,,,,500,10,1,0,,0,,0,0,0,0,0,0,20,10000,"3,4",2,1,10,,1,totemgem,totemgem,,blocks.stone,blockd.stone,,0,2,1,,529ffd,,,,,1,,1,15,0,,1,,,1,3,,,,,,0,7491b5,17,2,0,,0,,,
1044,图腾宝藏水晶(初始祭坛),,PrimeGemtotem,PrimeGemtotem,,,jarex,,4,,,,,1,1,1,2,0,0,,,,,500,10,1,0,,0,,0,0,0,0,0,0,20,10000,"3,4",2,1,10,,1,totemgem,totemgem,,blocks.stone,blockd.stone,,0,2,1,,529ffd,,,,,1,,1,15,0,,1,,,1,3,,,,,,0,7491b5,17,2,0,,0,,,
1045,氧气提炼装置,,OxygenPump,OxygenPump,,,airrefiner,,5,,,,,1,1,3,2,0,2,,,,,50,20,1,0,,0,,1045,10000,,,1045,10000,,,,2,1,0,,1,airrefiner,airrefiner,,blocks.stone,blockd.stone,,1045,2,1,,69696a,,,,,4,,1,15,15,,1,,,10,,,,,,,0,,17,2,0,,1,26,,
1046,火炬-熄灭,,Torch(off),Torch(off),,,torch,,,,,,,1,0,0,1,3,1,,,,,1,0,1,0,,0,,817,10000,0,0,817,10000,,,,0,1,0,,1,torch_off,,,,blockd.wood,,817,0,1,,ffff15,,,,,4,,0,15,15,,1,,,,2,,,,,,0,,17,1,0,,0.2,,,
1047,压缩气罐（空）,,Gastank(Empty),Gastank(Empty),,,oxygenjar,,4,,,,,1,1,1,2,0,0,,,,,1,0,1,0,,0,,1047,10000,1048,10000,1047,10000,,,,1,1,0,,1,airbottle,airbottle,,blockd.stone,blockd.stone,,1047,0,1,,aeaeaf,,,,,4,,1,15,15,,1,,,,2,,,,,,0,,17,2,0,,1,26,,
1048,压缩气罐（氧气）,,Gastank(Oxygen),Gastank(Oxygen),,,oxygenjar,,4,,,,,1,1,1,2,0,0,,,,,1,0,1,0,,0,,1048,10000,,,1048,10000,,,,1,1,0,,1,airbottle,airbottle,,blockd.stone,blockd.stone,,1048,0,1,,44c4ff,,,,,4,,1,15,15,,1,,,,,,,,,,0,,17,2,0,,1,26,,
1049,神秘图腾(污染核心),,MysteryTotem(ToxicCore),MysteryTotem(ToxicCore),,,gianttotem,,,,,,,1,1,1,2,0,0,,,,,-1,-1,1,0,,0,,0,0,0,0,0,0,,,,1,1,15,,1,alientotemcenter,alientotemcenter,,blockd.wood,blockd.wood,,0,0,0,,00FFFF,,,,,1,,1,15,0,,1,,,,,,,,,,0,a0cdcd,17,2,0,,0,,,
1050,星球植物培养基,,PlantMedium,PlantMedium,,,log,,4,4,,,,1,1,1,0,0,0,,,,,25,10,1,0,,0,,1050,10000,0,0,1050,10000,,,,2,15,0,,1,Planet_famer,,,blocks.gravel,blockd.gravel,,1050,3,1,,423b47,,,,,4,,1,15,15,,6,,,,,,,,,,0,,255,0,1,,1,,1,
1051,氧气果,,OxyFruite,OxyFruite,,,treefruit,,,,,,,1,1,1,1,3,0,,,,,1,0,1,5,100,5,,12582,10000,12583,10000,12583,10000,,,,0,1,0,,1,oxygenfruit,oxygenfruit,,,blockd.wood,,1051,0,1,,53bf4d,,1,1,,4,,0,15,15,,1,,,,3,1,,,,,0,,17,1,0,,0.2,,,
1052,信号发生器,,SignalGenerator,SignalGenerator,,,radioproducer,,5,,,,,1,1,1,2,0,0,,,,,3,10,1,0,,0,,1052,10000,,,1052,10000,,,,1,1,0,,1,radioproducer_off0,radioproducer,,blocks.stone,blockd.stone,blockd.stone,1052,2,1,,77abae,,,,,,,1,15,15,,1,,,1,,,,,,,0,,17,2,0,radioproducer_mix,1,,,2
1053,信号接收器,,SignalReceiver,SignalReceiver,,,radioreceiver,,5,,,,,1,1,1,2,0,0,,,,,3,10,1,0,,0,,1053,10000,,,1053,10000,,,,1,1,0,,1,radioreceiver_off0,radioreceiver,,blocks.stone,blockd.stone,blockd.stone,1053,2,1,,77abae,,,,,,,1,15,15,,1,,,1,,,,,,,0,,17,2,0,radioreceiver_mix,1,,,2
1054,信号解析器,,SignalResolver,SignalResolver,,,radiointerpreter,,5,,,,,1,1,1,2,0,0,,,,,3,10,1,0,,0,,1054,10000,,,1054,10000,,,,1,1,0,,1,signalparser_off0,signalparser,,blocks.stone,blockd.stone,blockd.stone,1054,2,1,,537571,,,,,4,,1,15,15,,1,,,1,,,,,,,0,,17,2,0,signalparser_off0_mix,1,26,,2
1055,小加密箱,,SmallCodeCase,SmallCodeCase,,,chest_password,,,,,,,1,1,1,2,0,2,,,,,-1,50,1,0,,0,,1055,10000,,,1055,10000,,,,2,1,0,,1,codechest,codechest,,blocks.stone,blockd.stone,,1055,2,1,,a27b46,,,,,33,,1,15,15,,1,,,10,,,,,,,0,,17,2,0,,0,,,
1056,大加密箱,,BigCodeCase,BigCodeCase,,,chest_password,,,,,,,1,1,1,2,0,2,,,,,-1,50,1,0,,0,,1056,10000,,,1056,10000,,,,2,1,0,,1,codechest1,codechest,,blocks.stone,blockd.stone,,1056,2,1,,aa9786,,,,,33,,1,15,15,,1,,,10,,,,,,,0,,17,2,0,,0,,,
1057,宇宙大礼包,,HorasGiftPack,HorasGiftPack,,,jar,,4,,,,,1,4,1,0,0,0,,,,,3,0,1,0,,0,,0,0,0,0,0,0,,,,2,1,0,,1,bag,bag,,blocks.stone,blockd.jar,blockd.stone,739,0,1,,794604,1,,1,,33,,0,15,15,,1,,,,3,,,,,,0,,17,0,0,,0,,1,
1058,巨人雕像,,ColossusStatue,ColossusStatue,,,alientotem,,4,,,,,1,1,1,2,0,0,,,,,500,50,1,0,,0,,1058,10000,0,0,1058,10000,,,,1,1,15,,1,stone_monument,stone_monument,,blockd.wood,blockd.wood,blockd.stone,1058,2,1,,00FFFF,,,,,4,,1,15,0,,1,,,10,,,,,,,0,4ba7be,17,2,0,,1,,,
1059,巨人核心,,ColossusCore,ColossusCore,,,stonecore,,4,,,,,1,1,1,2,0,1,,,,,35,5,1,0,,0,,1059,10000,0,0,1059,10000,,,,1,1,6,,1,stone_core,stone_core_on,,blocks.stone,blockd.stone,blockd.stone,1059,2,1,,DEFFFF,,,,,4,,1,15,0,,1,,,1,,,,,,,0,4ba7be,17,2,0,,1,26,,2
1060,反射镜,,Reflector,Reflector,,,reflectmirror,,4,,,,,1,1,1,0,0,1,,,,,8,1,1,0,,0,,0,0,0,,0,0,,,,1,1,6,,1,reflect_glass,reflect_glass,,blocks.stone,blockd.glass,blockd.stone,1060,0,1,,52ffff,,,,,16,,0,15,0,,1,,,,,,,,,,0,4bb6bd,17,0,0,,2,26,,2
1061,巨人宝罐,,ColossusJar,ColossusJar,,,jar,,4,,,,,1,0,1,2,0,0,,,,,-1,0,1,0,,0,,0,0,0,0,0,0,,,,2,1,0,,1,jar4,jar,,blocks.stone,blockd.jar,blockd.stone,0,0,1,,ffc320,50,,,,33,,0,15,15,,1,,,,,,,,,,0,,17,2,0,,0,,1,
1062,区域复制方块,,AreaDuplicationBlock,AreaDuplicationBlock,,,regionreplicator,,,,,,,1,1,1,2,0,0,,,,,500,10,1,0,,0,,11995,10000,0,0,11995,10000,,,,1,1,0,,1,areacopy,areacopy_on,,blocks.stone,blockd.stone,blockd.stone,11995,0,1,,c10000,,,,,1,,1,15,15,,1,,,,,,,,,,0,,17,2,0,,0,,,
1063,旧蓝图工作台,,BlueprintWorkbench,BlueprintWorkbench,,,blueprint,,,,,,,1,1,1,2,0,2,,,,,500,20,1,0,,0,,201009,10000,0,0,201009,10000,,,,2,1,0,,1,blueprint_workbench,blueprint_workbench,,blocks.stone,blockd.stone,blockd.stone,1063,2,1,,3c7cff,,,,,1,,1,15,15,,1,,,10,,,,,,,0,,17,2,0,,0,,,
1064,蓝图图纸,,BlueprintPlan,BlueprintPlan,,,buildblueprint,,,,,,,1,1,1,2,0,2,,,,,500,30,1,0,,0,,0,10000,,,,,,,,1,1,0,,1,blueprint_construction,blueprint_construction,,blocks.stone,blockd.stone,blockd.stone,,1,1,,3c7cff,,,,,1,,1,15,15,,1,,,10,,,,,,,0,,17,2,0,,0,,,
1066,测距仪,,Diastimeter,Diastimeter,,,measuredist,,5,,,,,1,1,1,2,0,0,,,,,500,10,1,0,,0,,1066,10000,0,0,1066,10000,,,,0,1,0,,1,range_finder,range_finder,,blocks.stone,blockd.stone,blockd.stone,1066,0,1,,103955,,,,,,,0,15,15,,1,,,,3,,,,,,0,,17,2,0,,1,,,
1067,物理触碰方块,,PhysicsTriggerBlock,PhysicsTriggerBlock,,,colliderex,,5,,,,,1,0,1,2,3,1,,,,,500,50,1,0,,0,,1067,10000,0,0,1067,10000,,,,0,1,4,,1,colliderblock4,colliderblock5,,blocks.stone,blockd.stone,,1067,2,1,,fc28cd,,,,,1,,0,15,0,,1,,,10,,,,,,,0,,17,2,0,,1,,,2
1068,篮筐方块,,HoopBlock,HoopBlock,,,basket,,5,,,,,1,0,1,2,3,1,,,,,500,10,1,0,,0,,1068,10000,0,0,1068,10000,,,,0,1,0,,1,basket,basket,,blocks.stone,blockd.stone,,1068,2,1,,e2e2e2,,,,,,,0,15,0,,1,,,10,,,,,,,0,,17,2,0,,1,,,
1069,星星方块,,StarBlock,StarBlock,,,air,,,,,,,1,0,0,2,0,0,1,,,,1,0,1,0,,0,,,,,,,,,,,0,1,15,,1,fluorescent,,,,,,,,,,,,,,,1,,0,8,0,,1,,,,,,,,,,0,,17,2,0,,0,,,
1070,荧光方块,,FluorescentBlock1,FluorescentBlock1,,,air,,,,,,,1,0,0,2,0,0,1,,,,1,0,1,0,,0,,,,,,,,,,,0,0,15,,1,fluorescent,,,,,,,,,,ffff00,,,,,1,,0,8,0,,1,,,,,,,,,,0,,0,2,0,,0,,,
1071,荧光球块,,Fluorescentnugget,Fluorescentnugget,,,air,,,,,,,1,0,3,2,0,0,1,,,,1,0,1,0,,0,,,,,,,,,,,0,0,15,,1,fluorescent,,,,,,,,,,ffff00,,,,,1,,0,8,0,,1,,,,,,,,,,0,,0,2,0,,0,,,
1072,公共初始集合点,,PublicInitialSpawnPoint,PublicInitialSpawnPoint,,,teamspawn,,,,,,,1,1,1,2,0,2,,,,,-1,-1,1,0,,0,,,,,,,,,,,2,1,0,,1,initialBorn,teamspawn,,blocks.wood,blockd.wood,,,0,1,,e5c9c7,,,,,1,,0,15,15,,1,,,,,,,,,,0,,17,2,0,,0,,,
1073,1队:红队初始集合点,,Team1:RedTeamInitialSpawnPoint,Team1:RedTeamInitialSpawnPoint,,,teamspawn,,,,,,,1,1,1,2,0,2,,,,,-1,-1,1,0,,0,,,,,,,,,,,2,1,0,,1,teamspawn1,teamspawn,,blocks.wood,blockd.wood,,,0,1,,e5c9c7,,,,,1,,0,15,15,,1,,,,,,,,,,0,,17,2,0,,0,,,
1074,2队:蓝队初始集合点,,Team2:BlueTeamInitialSpawnPoint,Team2:BlueTeamInitialSpawnPoint,,,teamspawn,,,,,,,1,1,1,2,0,2,,,,,-1,-1,1,0,,0,,,,,,,,,,,2,1,0,,1,teamspawn2,teamspawn,,blocks.wood,blockd.wood,,,0,1,,ab4730,,,,,1,,0,15,15,,1,,,,,,,,,,0,,17,2,0,,0,,,
1075,3队:绿队初始集合点,,Team3:GreenTeamInitialSpawnPoint,Team3:GreenTeamInitialSpawnPoint,,,teamspawn,,,,,,,1,1,1,2,0,2,,,,,-1,-1,1,0,,0,,,,,,,,,,,2,1,0,,1,teamspawn3,teamspawn,,blocks.wood,blockd.wood,,,0,1,,48719d,,,,,1,,0,15,15,,1,,,,,,,,,,0,,17,2,0,,0,,,
1076,4队:黄队初始集合点,,Team4:YellowTeamInitialSpawnPoint,Team4:YellowTeamInitialSpawnPoint,,,teamspawn,,,,,,,1,1,1,2,0,2,,,,,-1,-1,1,0,,0,,,,,,,,,,,2,1,0,,1,teamspawn4,teamspawn,,blocks.wood,blockd.wood,,,0,1,,5b8337,,,,,1,,0,15,15,,1,,,,,,,,,,0,,17,2,0,,0,,,
1077,5队:橙队初始集合点,,Team5:OrangeTeamInitialSpawnPoint,Team5:OrangeTeamInitialSpawnPoint,,,teamspawn,,,,,,,1,1,1,2,0,2,,,,,-1,-1,1,0,,0,,,,,,,,,,,2,1,0,,1,teamspawn5,teamspawn,,blocks.wood,blockd.wood,,,0,1,,ede15c,,,,,1,,0,15,15,,1,,,,,,,,,,0,,17,2,0,,0,,,
1078,6队:紫队初始集合点,,Team6:PurpleTeamInitialSpawnPoint,Team6:PurpleTeamInitialSpawnPoint,,,teamspawn,,,,,,,1,1,1,2,0,2,,,,,-1,-1,1,0,,0,,,,,,,,,,,2,1,0,,1,teamspawn6,teamspawn,,blocks.wood,blockd.wood,,,0,1,,dc7a3f,,,,,1,,0,15,15,,1,,,,,,,,,,0,,17,2,0,,0,,,
1079,个人集合点,,IndividualRespawnPoint,IndividualRespawnPoint,,,teamspawn,,,,,,,1,1,1,2,0,2,,,,,-1,-1,1,0,,0,,,,,,,,,,,2,1,0,,1,personalrevival,teamspawn,,blocks.wood,blockd.wood,,,0,1,,884a9d,,,,,1,,0,15,15,,1,,,,,,,,,,0,,17,2,0,,0,,,
1080,刷怪方块,,MobGeneratorBlock,MobGeneratorBlock,,,selectbobspawner,,5,,,,,1,1,1,2,0,2,,,,,500,30,1,0,,0,,1080,10000,0,0,0,0,,,,1,1,0,,1,brushmonsterblock_off,brushmonsterblock,,blocks.stone,blockd.stone,,1080,2,1,,09313D,,,,,1,,1,15,15,,1,,,10,,,,,,,0,,17,2,0,,0,26,,2
1081,空气墙-不挡物理,,AirWall-PhysicalItemPenetrable,AirWall-PhysicalItemPenetrable,,,airwall,,5,,,,,1,5,1,2,0,0,,,,,-1,-1,1,0,,0,,,,,,,,,,,0,0,0,,1,Air_wall3,,,blocks.stone,blockd.stone,,,,,,,,,,,1,,0,8,15,,1,,,,,,,,,,0,,0,2,0,,0,,,
1082,车身方块（测试用）,,,,,,physicsparts,,,,,,,1,1,1,0,0,0,,,,,100,24,1,0,,0,,1082,10000,0,0,1082,10000,,,,1,1,0,,1,cheshen,cheshen,,blocks.stone,blockd.stone,blockd.stone,1082,2,1,,5d605d,,,,,1,,1,15,15,,1,,,10,,,,,,,0,,17,0,0,,0,,,
1083,转向车轮,,Wheel,Wheel,,,wheel,,5,,,,,1,1,1,0,0,2,,,,,25,8,1,0,,0,,1083,10000,0,0,1083,10000,,,,1,1,0,,1,steeringwheel,steeringwheel,,blocks.stone,blockd.stone,blockd.stone,1083,2,1,,150e0a,,,,,4,,1,15,15,,1,,,1,,,,,,,0,,17,0,0,,2,26,,
1084,驾驶座,,DriverSeat,DriverSeat,,,driverseat,,5,,,,,1,1,1,0,0,0,,,,,25,6,1,0,,0,,1084,10000,0,0,1084,10000,,,,1,1,0,,1,driverseat,driverseat,,blocks.stone,blockd.stone,blockd.stone,1084,2,1,,e8db7d,,,,,4,,1,15,15,,1,,,1,,,,,,,0,,17,0,0,,2,26,,
1085,机械车间,,MachineWorkshop,MachineWorkshop,,,workshop,,5,,,,,1,1,1,2,0,2,,,,,25,8,1,0,,0,,1085,10000,0,0,1085,10000,,,,1,1,0,,1,mechineworkshop,mechineworkshop,,blocks.stone,blockd.stone,blockd.stone,1085,2,1,,5d605d,,,,,1,,1,15,15,,1,,,1,,,,,,,0,,17,2,0,,0,26,,
1086,车间（测试）,,MachineWorkshop,MachineWorkshop,,,workshop,,,,,,,1,1,1,2,0,2,,,,,25,8,1,0,,0,,1085,10000,0,0,1085,10000,,,,1,1,0,,1,mechineworkshop,mechineworkshop,,blocks.stone,blockd.stone,blockd.stone,1085,2,1,,5d605d,,,,,1,,1,15,15,,1,,,1,,,,,,,0,,17,2,0,,0,26,,
1087,动力车轮,,PowerWheel,PowerWheel,,,physicsparts,,5,,,,,1,1,1,0,0,2,,,,,25,8,1,0,,0,,1087,10000,0,0,1087,10000,,,,1,1,0,,1,powerwheel,steeringwheel,,blocks.stone,blockd.stone,blockd.stone,1087,2,1,,150e0a,,,,,4,,1,15,15,,1,,,1,,,,,,,0,,17,0,0,,2,26,,
1088,引擎（测试）,,,,,,physicsparts,,,,,,,1,1,1,0,0,0,,,,,25,10,1,0,,0,,1088,10000,0,0,1088,10000,,,,1,1,0,,1,infiniteengine,engine,,blocks.stone,blockd.stone,blockd.stone,1088,2,1,,5d605d,,,,,4,,1,15,15,,1,,,1,,,,,,,0,,17,0,0,,2,,,2
1089,燃料引擎,,FuelEngine,FuelEngine,,,physicsparts,,5,,,,,1,1,1,0,0,0,,,,,25,10,1,0,,0,,1089,10000,0,0,1089,10000,,,,1,1,0,,1,engine,limitengine,,blocks.stone,blockd.stone,blockd.stone,1089,2,1,,5d605d,,,,,4,,1,15,15,,1,,,1,,,,,,,0,,17,0,0,,2,26,,2
1090,无限引擎,,PerpetualEngine,PerpetualEngine,,,physicsparts,,5,,,,,1,1,1,0,0,0,,,,,25,10,1,0,,0,,1090,10000,0,0,1090,10000,,,,1,1,0,,1,engine,unlimitengine,,blocks.stone,blockd.stone,blockd.stone,1090,2,1,,5d605d,,,,,33,,1,15,15,,1,,,1,,,,,,,0,,17,0,0,,2,26,,2
1091,乘客座,,PassengerSeat,PassengerSeat,,,driverseat,,5,,,,,1,1,1,0,0,0,,,,,25,6,1,0,,0,,1091,10000,0,0,1091,10000,,,,1,1,0,,1,passengerseat,passengerseat,,blocks.stone,blockd.stone,blockd.stone,1091,2,1,,5d605d,,,,,4,,1,15,15,,1,,,1,,,,,,,0,,17,0,0,,2,26,,
1092,动作序列器,,SequenceEditor,SequenceEditor,,,actioner,,5,,,,,1,0,1,1,0,1,,,,,25,6,1,0,,0,,1092,10000,0,0,1092,10000,,,,1,1,0,,1,connector,connector,,blocks.stone,blockd.stone,blockd.stone,1092,2,1,,a19d99,,,,,4,,0,15,15,,1,,,1,,,,,,,0,,17,1,0,,2,26,,
1093,推进器001型,,Impeller001,Impeller001,,,propeller,,5,,,,,1,1,1,0,0,2,,,,,50,10,1,0,,0,,1093,10000,0,0,1093,10000,,,,1,1,0,,1,propeller,propeller,,blocks.stone,blockd.stone,blockd.stone,1093,2,1,,5d605d,,,,,4,,1,15,15,,1,,,1,,,,,,,0,,17,0,0,,2,26,,2
1094,机翼,,WingBlock,WingBlock,,,wing,,5,,,,,1,1,1,0,0,0,,,,,60,20,1,0,,0,,1094,10000,0,0,1094,10000,,,,1,1,0,,1,wings,wings,,blocks.stone,blockd.stone,,1094,2,1,,8F7881,,,,,,,2,15,15,,1,,,10,,,,,,,0,,17,0,0,,2,26,,
1095,尾翼,,Empennage,Empennage,,,empennage,,5,,,,,1,1,1,0,0,0,,,,,60,20,1,0,,0,,1095,10000,0,0,1095,10000,,,,1,1,0,,1,triangle_wings,triangle_wings,,blocks.stone,blockd.stone,,1095,2,1,,5B5343,,,,,,,2,15,15,,1,,,10,,,,,,,0,,17,0,0,,2,26,,
1096,航天推进器,,SpacecraftThruster,SpacecraftThruster,,,spacepropeller,,5,,,,,1,1,1,0,0,2,,,,,60,20,1,0,,0,,1096,10000,0,0,1096,10000,,,,1,1,0,,1,Spacecraft_thruster_0,Spacecraft_thruster,,blocks.stone,blockd.stone,blockd.stone,1096,2,1,,5d605d,,,,,4,,1,15,15,,1,,,10,,,,,,,0,,17,0,0,Spacecraft_thruster_mix,2,26,,2
1097,机械臂XI,,,,,,wireless_movinghydarm,,,,,,,1,1,1,2,0,2,,,,,10,-1,1,0,,0,,0,0,0,0,0,0,,,,2,1,0,,1,piston_top_normal,,,blocks.stone,blockd.stone,,0,0,,,b99871,,,,,1,,1,15,15,,1,,,,,,,,,,0,,17,2,0,,0,,,
1098,星链货运舱,,InterstellarCargoTerminal,InterstellarCargoTerminal,,,starstationcargo,,,,,,,1,1,1,2,0,2,,,,,-1,25,1,0,,0,,1098,10000,0,0,1098,10000,,,,1,1,7,,1,interstellar_cargo_terminal,interstellar_cargo_terminal,,blockd.wood,blockd.wood,,1098,2,1,,00FFFF,,,,,33,,1,15,0,,1,,,15,,,,,,,0,,17,2,0,,0,,,
1099,油箱,,GasTank,GasTank,,,fuel_tank,,5,,,,,1,1,1,0,0,2,,,,,60,20,1,0,,0,,1099,10000,0,0,1099,10000,,,,1,1,0,,1,gas_tank,gas_tank,,blocks.stone,blockd.stone,blockd.stone,1099,2,1,,5d605d,,,,,,,1,15,15,,1,,,10,,,,,,,0,,17,0,0,,2,26,,2
1100,地图传送方块,,CloudPortal,CloudPortal,,,cloudportal,,,,,,,1,1,1,2,0,1,,,,,-1,-1,1,0,,0,,1100,10000,0,0,0,0,,,,1,1,0,,1,cloudportal,cloudportal,,blocks.stone,blockd.stone,blockd.stone,1100,2,1,,5d605d,,,,,1,,,,,,1,,1,10,,,,,,,0,,17,2,0,,0,26,,2
1101,实验室门,,Labdoor,Labdoor,,,door,3,4,,,,,1,1,1,1,3,2,,,,,100,30,1,0,,0,,1101,10000,0,0,1101,10000,,,,0,1,0,,2,door_white,,,blocks.stone,blockd.stone,,1101,2,1,,8F7881,,,,,4,,3,15,15,,1,,1,10,,,,,,,0,,17,1,0,,2,,,
1102,镜冰,,Spectularice,Spectularice,,,emissive_breath,3,4,4,,,,1,1,1,0,0,0,,,,1,40,15,1,0,,0,,1102,10000,0,0,1102,10000,,,,1,15,5,,1,sf_blue01,,,blocks.stone,blockd.stone,,1102,2,1,,09313D,,,,,,,1,15,0,,6,,,10,,,,,,,0,4bb6bd,255,0,0,,2,26,1,2
1103,冰灯,,Icelamp,Icelamp,,,emissive_breath,3,4,4,,,,1,1,1,0,0,0,,,,1,40,15,1,0,,0,,1103,10000,0,0,1103,10000,,,,1,15,15,,1,sf_blue02,,,blocks.stone,blockd.stone,,1103,2,1,,DEFFFF,,,,,,,1,15,0,,6,,,10,,,,,,,0,85d0e2,255,0,0,,2,26,1,2
1104,花纹星能块,,HorasStarenergy,HorasStarenergy,,,powerbasic,3,4,4,,,,1,1,1,0,0,0,,,,1,50,18,1,0,,0,,1104,10000,0,0,1104,10000,,,,1,15,1,,1,sf_blue04,,,blocks.stone,blockd.stone,,1104,2,1,,231D19,,,,,,,1,15,0,,6,,,10,,,,,,,0,4f9bb8,255,0,0,,2,26,,2
1105,星能铁块,,StarenergyMithsilverBlock,StarenergyMithsilverBlock,,,emissive_breath_log,3,4,4,,,,1,1,1,0,0,1,,,,1,60,20,1,0,,0,,1105,10000,0,0,1105,10000,,,,1,15,1,,1,sf_blue05,,,blocks.stone,blockd.stone,,1105,2,1,,231D19,,,,,4,,1,15,0,,1,,,10,,,,,,,0,,255,0,0,,2,26,1,2
1106,星能铁板,,StarenergyMithsilverDeck,StarenergyMithsilverDeck,,,log,3,4,4,,,,1,1,1,0,0,1,,,,1,60,20,1,0,,0,,1106,10000,0,0,1106,10000,,,,1,15,1,,1,sf_blue08,,,blocks.stone,blockd.stone,,1106,2,1,,231D19,,,,,4,,1,15,0,,1,,,10,,,,,,,2,,255,0,1,,2,26,1,2
1107,紫线铁块,,NetherMithsilverBlock,NetherMithsilverBlock,,,emissive_breath_log,3,4,4,,,,1,1,1,0,0,0,,,,1,60,20,1,0,,0,,1107,10000,0,0,1107,10000,,,,1,15,0,,1,sf_purple,,,blocks.stone,blockd.stone,,1107,2,1,,231D19,,,,,4,,1,15,15,,1,,,10,,,,,,,0,,255,0,0,,2,26,1,2
1108,厚铁板,,NetherMithsilverdeck,NetherMithsilverdeck,,,basic,3,4,4,,,,1,1,1,0,0,0,,,,1,60,20,1,0,,0,,1108,10000,0,0,1108,10000,,,,1,15,0,,1,sf_silvery01,,,blocks.stone,blockd.stone,,1108,2,1,,575A67,,,,,,,1,15,15,,1,,,10,,,,,,,0,,255,0,0,,2,26,1,
1109,镂空铁板,,MithsilverSieve,MithsilverSieve,,,basic,3,4,4,,,,1,1,1,0,0,1,,,,1,60,20,1,0,,0,,1109,10000,0,0,1109,10000,,,,1,15,0,,1,sf_silvery03,,,blocks.stone,blockd.stone,,1109,2,1,,575A67,,,,,4,,1,15,15,,1,,,10,,,,,,,2,,255,0,0,,2,26,1,
1110,实验室灯,,Lablamp,Lablamp,,,log,3,4,4,,,,1,1,1,0,0,1,,,,1,30,15,1,0,,0,,1110,10000,0,0,1110,10000,,,,1,15,15,,1,sf_white,,,blocks.stone,blockd.stone,,1110,2,1,,ffffff,,,,,4,,1,15,0,,1,,,10,,,,,,,2,,255,0,1,,2,26,1,2
1111,锈铁门,,Rustdoor,Rustdoor,,,door,3,4,,,,,1,1,1,1,3,2,,,,,60,20,1,0,,0,,1111,10000,0,0,1111,10000,,,,0,1,0,,2,door_old,,,blocks.stone,blockd.stone,,1111,2,1,,5B5343,,,,,4,,3,15,15,,1,,1,10,,,,,,,0,,17,1,0,,2,,,
1112,铁丝网,,MithsilverNet,MithsilverNet,,,glass,3,4,4,,,,1,1,1,0,0,0,,,,1,40,15,1,0,,0,,1112,10000,0,0,1112,10000,,,,3,1,0,,1,glass_old,glass_old_edge,,blocks.stone,blockd.stone,,1112,2,1,,5B5343,,,,,,,1,8,15,,1,,,10,,,,,,,0,,17,0,1,,2,,1,
1113,竖纹铁板,,Stripedeck,Stripedeck,,,basic,3,4,4,,,,1,1,1,0,0,0,,,,1,40,15,1,0,,0,,1113,10000,0,0,1113,10000,,,,1,15,0,,1,sf_metel02,,,blocks.stone,blockd.stone,,1113,2,1,,8F7881,,,,,4,,1,15,15,,1,,,10,,,,,,,0,,255,0,0,,2,26,1,
1114,锈铁板,,Rustdeck,Rustdeck,,,basic,3,4,4,,,,1,1,1,0,0,0,,,,1,60,20,1,0,,0,,1114,10000,0,0,1114,10000,,,,1,15,0,,1,sf_old_01,,,blocks.stone,blockd.stone,,1114,2,1,,5B5343,,,,,,,1,15,15,,1,,,10,,,,,,,0,,255,0,0,,2,26,1,
1115,条纹锈铁板,,Striperustdeck,Striperustdeck,,,basic,3,4,4,,,,1,1,1,0,0,1,,,,1,60,20,1,0,,0,,1115,10000,0,0,1115,10000,,,,1,15,0,,1,sf_old_02,,,blocks.stone,blockd.stone,,1115,2,1,,5B5343,,,,,4,,1,15,15,,1,,,10,,,,,,,2,,255,0,0,,2,26,1,
1116,镂空锈铁板,,Rustsieve,Rustsieve,,,basic,3,4,4,,,,1,1,1,0,0,1,,,,1,40,15,1,0,,0,,1116,10000,0,0,1116,10000,,,,1,15,0,,1,sf_old_03,,,blocks.stone,blockd.stone,,1116,2,1,,5B5343,,,,,,,1,15,15,,1,,,10,,,,,,,2,,255,0,0,,2,26,1,
1117,星能锈铁块,,RustStarenergyblock,RustStarenergyblock,,,emissive_breath_log,3,4,4,,,,1,1,1,0,0,1,,,,1,60,20,1,0,,0,,1117,10000,0,0,1117,10000,,,,1,15,1,,1,sf_old_04,,,blocks.stone,blockd.stone,,1117,2,1,,5B5343,,,,,4,,1,15,0,,1,,,10,,,,,,,0,,255,0,0,,2,26,1,2
1118,荧光灯,,Fluorescentlamp,Fluorescentlamp,,,emissive_breath_log,3,4,4,,,,1,1,1,0,0,0,,,,1,40,15,1,0,,0,,1118,10000,0,0,1118,10000,,,,1,15,15,,1,sf_yellow02,,,blocks.stone,blockd.stone,,1118,2,1,,5B5343,,,,,4,,1,15,0,,6,,,10,,,,,,,0,cbc396,255,0,0,,2,26,1,2
1119,花纹铁块,,PrintedMithsilver,PrintedMithsilver,,,basic,3,4,4,,,,1,1,1,0,0,1,,,,1,60,20,1,0,,0,,1119,10000,0,0,1119,10000,,,,1,15,0,,1,sf_yellow03,,,blocks.stone,blockd.stone,,1119,2,1,,5B5343,,,,,4,,1,15,15,,1,,,10,,,,,,,2,,255,0,0,,2,26,1,
1120,旧铁块,,WhiteOldMithsilver,WhiteOldMithsilver,,,basic,2,4,4,,,,1,1,1,0,0,0,,,,1,60,60,1,0,,0,,1120,10000,0,0,1120,10000,,,,1,15,0,,1,sf_metel01,,,blocks.stone,blockd.stone,,1120,2,1,,8F7881,,,,,,,1,15,15,,1,,,10,,,,,,,0,,255,0,1,,2,26,1,
1121,旧铁块,,OrangeOldMithsilver,OrangeOldMithsilver,,,basic,,4,4,,,,1,1,1,0,0,0,,,,1,60,60,1,0,,0,,1121,10000,0,0,1121,10000,,,,1,15,0,,1,sf_metel01,,,blocks.stone,blockd.stone,,1121,2,1,,eae6e1,,,,,,1120,1,15,15,,1,,,10,,,,,,,0,,255,0,1,,2,26,1,
1122,旧铁块,,RedPurpleOldMithsilver,RedPurpleOldMithsilver,,,basic,,4,4,,,,1,1,1,0,0,0,,,,1,60,60,1,0,,0,,1122,10000,0,0,1122,10000,,,,1,15,0,,1,sf_metel01,,,blocks.stone,blockd.stone,,1122,2,1,,e28252,,,,,,1120,1,15,15,,1,,,10,,,,,,,0,,255,0,1,,2,26,1,
1123,旧铁块,,LightBlueOldMithsilver,LightBlueOldMithsilver,,,basic,,4,4,,,,1,1,1,0,0,0,,,,1,60,60,1,0,,0,,1123,10000,0,0,1123,10000,,,,1,15,0,,1,sf_metel01,,,blocks.stone,blockd.stone,,1123,2,1,,de6bf9,,,,,,1120,1,15,15,,1,,,10,,,,,,,0,,255,0,1,,2,26,1,
1124,旧铁块,,YellowOldMithsilver,YellowOldMithsilver,,,basic,,4,4,,,,1,1,1,0,0,0,,,,1,60,60,1,0,,0,,1124,10000,0,0,1124,10000,,,,1,15,0,,1,sf_metel01,,,blocks.stone,blockd.stone,,1124,2,1,,5cb8ee,,,,,,1120,1,15,15,,1,,,10,,,,,,,0,,255,0,1,,2,26,1,
1125,旧铁块,,LightGreenOldMithsilver,LightGreenOldMithsilver,,,basic,,4,4,,,,1,1,1,0,0,0,,,,1,60,60,1,0,,0,,1125,10000,0,0,1125,10000,,,,1,15,0,,1,sf_metel01,,,blocks.stone,blockd.stone,,1125,2,1,,e8db7d,,,,,,1120,1,15,15,,1,,,10,,,,,,,0,,255,0,1,,2,26,1,
1126,旧铁块,,LightRedOldMithsilver,LightRedOldMithsilver,,,basic,,4,4,,,,1,1,1,0,0,0,,,,1,60,60,1,0,,0,,1126,10000,0,0,1126,10000,,,,1,15,0,,1,sf_metel01,,,blocks.stone,blockd.stone,,1126,2,1,,97cb4b,,,,,,1120,1,15,15,,1,,,10,,,,,,,0,,255,0,1,,2,26,1,
1127,旧铁块,,GreyOldMithsilver,GreyOldMithsilver,,,basic,,4,4,,,,1,1,1,0,0,0,,,,1,60,60,1,0,,0,,1127,10000,0,0,1127,10000,,,,1,15,0,,1,sf_metel01,,,blocks.stone,blockd.stone,,1127,2,1,,ec7dba,,,,,,1120,1,15,15,,1,,,10,,,,,,,0,,255,0,1,,2,26,1,
1128,旧铁块,,LightGreyOldMithsilver,LightGreyOldMithsilver,,,basic,,4,4,,,,1,1,1,0,0,0,,,,1,60,60,1,0,,0,,1128,10000,0,0,1128,10000,,,,1,15,0,,1,sf_metel01,,,blocks.stone,blockd.stone,,1128,2,1,,a19d99,,,,,,1120,1,15,15,,1,,,10,,,,,,,0,,255,0,1,,2,26,1,
1129,旧铁块,,BlueGreenOldMithsilver,BlueGreenOldMithsilver,,,basic,,4,4,,,,1,1,1,0,0,0,,,,1,60,60,1,0,,0,,1129,10000,0,0,1129,10000,,,,1,15,0,,1,sf_metel01,,,blocks.stone,blockd.stone,,1129,2,1,,d2cdc7,,,,,,1120,1,15,15,,1,,,10,,,,,,,0,,255,0,1,,2,26,1,
1130,旧铁块,,PurpleOldMithsilver,PurpleOldMithsilver,,,basic,,4,4,,,,1,1,1,0,0,0,,,,1,60,60,1,0,,0,,1130,10000,0,0,1130,10000,,,,1,15,0,,1,sf_metel01,,,blocks.stone,blockd.stone,,1130,2,1,,50d8d5,,,,,,1120,1,15,15,,1,,,10,,,,,,,0,,255,0,1,,2,26,1,
1131,旧铁块,,BlueOldMithsilver,BlueOldMithsilver,,,basic,,4,4,,,,1,1,1,0,0,0,,,,1,60,60,1,0,,0,,1131,10000,0,0,1131,10000,,,,1,15,0,,1,sf_metel01,,,blocks.stone,blockd.stone,,1131,2,1,,8e32c3,,candle,,,,1120,1,15,15,,1,,,10,,,,,,,0,,255,0,1,,2,26,1,
1132,旧铁块,,DeepRedOldMithsilver,DeepRedOldMithsilver,,,basic,,4,4,,,,1,1,1,0,0,0,,,,1,60,60,1,0,,0,,1132,10000,0,0,1132,10000,,,,1,15,0,,1,sf_metel01,,,blocks.stone,blockd.stone,,1132,2,1,,4e5ccd,,,,,,1120,1,15,15,,1,,,10,,,,,,,0,,255,0,1,,2,26,1,
1133,旧铁块,,GreenOldMithsilver,GreenOldMithsilver,,,basic,,4,4,,,,1,1,1,0,0,0,,,,1,60,60,1,0,,0,,1133,10000,0,0,1133,10000,,,,1,15,0,,1,sf_metel01,,,blocks.stone,blockd.stone,,1133,2,1,,694a34,,,,,,1120,1,15,15,,1,,,10,,,,,,,0,,255,0,1,,2,26,1,
1134,旧铁块,,RedOldMithsilver,RedOldMithsilver,,,basic,,4,4,,,,1,1,1,0,0,0,,,,1,60,60,1,0,,0,,1134,10000,0,0,1134,10000,,,,1,15,0,,1,sf_metel01,,,blocks.stone,blockd.stone,,1134,2,1,,50c472,,,,,,1120,1,15,15,,1,,,10,,,,,,,0,,255,0,1,,2,26,1,
1135,旧铁块,,BlackOldMithsilver,BlackOldMithsilver,,,basic,,4,4,,,,1,1,1,0,0,0,,,,1,60,60,1,0,,0,,1135,10000,0,0,1135,10000,,,,1,15,0,,1,sf_metel01,,,blocks.stone,blockd.stone,,1135,2,1,,d23d41,,,,,,1120,1,15,15,,1,,,10,,,,,,,0,,255,0,1,,2,26,1,
1136,雪梅屏风,,WintersweetPartition,WintersweetPartition,,,screen,3,4,,,,,1,1,1,0,0,2,,,,,35,9,1,1,20,1,,1136,10000,0,0,1136,10000,,,,2,1,0,,2,plum_screen,plum_screen,,blocks.wood,blockd.wood,,1136,1,1,,865d39,,,,,4,,0,15,15,,1,,1,1,3,,,,,,0,,17,0,1,,2,,,
1137,红烛灯,,RedCandleLantern,RedCandleLantern,,,candle,,4,,,,,1,1,1,1,0,0,,,,,3,0,1,0,,0,,1137,10000,0,0,1137,10000,,,,1,1,0,,1,red_candle,red_candle,,,blockd.stone,,1137,2,1,,e8db7d,,,,,,,0,15,15,,1,,,1,3,,,,,,0,,17,1,0,,2,,,
1138,模型工作台,,MiniatureWorkbench,MiniatureWorkbench,,,modelcraft,,5,,,,,1,1,1,2,0,0,,,,,500,60,1,0,,0,,1138,10000,0,0,1138,10000,,,,1,1,0,,1,modelcraft,modelcraft,,blocks.stone,blockd.stone,blockd.stone,1138,2,1,,8ea39f,,,,,1,,1,15,15,,1,,,10,3,,,,,,0,,17,2,0,,0,26,,
1139,红烛灯,,RedCandleLantern1,RedCandleLantern1,,,candle,,4,,,,,1,1,1,1,0,0,,,,,3,0,1,0,,0,,1137,10000,0,0,1137,10000,,,,3,1,10,,1,red_candle,red_candle,,,blockd.stone,,1137,2,1,,e8db7d,,,,,,1137,0,15,0,,1,,,1,3,,,,,,0,c6a83f,17,1,0,,0,,,
1140,传送点核心方块,,TransferCoreBlocks,TransferCoreBlocks,,,transfercore,,5,,,,,1,1,1,2,0,1,,,,,-1,-1,1,0,,0,,1140,10000,0,0,1140,10000,,,,1,1,4,,1,transfer_block,transfer_block,,blocks.stone,blockd.stone,blockd.stone,1140,2,1,,cdd2d5,,,,,1,,,15,15,,1,,,10,,,,,,,0,65ac8a,17,2,0,,0,26,,2
1141,传送点方块,,TransferBlocks,TransferBlocks,,,transfer,,5,,,,,1,0,1,1,2,0,,,,,-1,-1,1,0,,0,,1141,10000,0,0,1141,10000,,,,0,1,10,,1,transfer,,,blocks.stone,blockd.stone,blockd.stone,1141,2,1,,00d9e5,,,,,1,,,15,0,,1,,,10,,,,,,,0,a8c2d0,17,1,0,,0,,,
1142,道具模型工作台,,PropsMiniatureWorkbench,PropsMiniatureWorkbench,,,modelcraft,,5,,,,,1,1,1,2,0,0,,,,,500,60,1,0,,0,,1142,10000,0,0,1142,10000,,,,1,1,0,,1,modelcraft1,modelcraft1,,blocks.stone,blockd.stone,blockd.stone,1142,2,1,,8ea39f,,,,,1,,1,15,15,,1,,,10,3,,,,,,0,,17,2,0,,0,26,,
1143,编书台,,BookmakingWorkbench,BookmakingWorkbench,,,bookeditortable,,5,,,,,1,1,1,2,0,0,,,,,500,9,1,0,,0,,1143,10000,0,0,1143,10000,,,,1,1,0,,1,book_editortable,book_editortable,,blockd.wood,blockd.wood,,1143,1,1,,ffcc62,,,,,4,,1,15,15,,1,,,1,3,,,,,,0,,17,2,0,,0.5,26,,
1144,书架,,Bookrack,Bookrack,,,bookcabinet,,4,,,,,1,1,1,2,0,0,,,,,24,10,1,5,20,5,,1144,10000,0,0,1144,10000,,,,1,1,0,,1,book_cabinet,book_cabinet,,blocks.wood,blockd.wood,,1144,1,1,,713c14,,,,,4,,1,15,15,,1,,,1,3,,,,,,0,,17,2,0,,0.5,26,,
1145,春节窗花-牛,,SpringFestivalPattern-Ox,SpringFestivalPattern-Ox,,,vine,3,4,,,,,1,0,1,1,3,0,,,,,0,0,1,0,,0,,1145,10000,0,0,1145,10000,,,,0,1,0,,1,niu,,,blocks.cloth,blockd.cloth,,1145,1,1,,ea151c,,,,,4,,0,15,15,,1,,,1,3,0,,,,,0,,17,1,0,,2,,,
1146,庆典花灯,,FestivalLantern,FestivalLantern,,,festivelantern,,,,,,,1,1,1,1,0,0,,,,,10,5,1,0,,0,,1146,10000,0,0,1146,10000,,,,2,1,30,,1,festivelantern,festivelantern,,blocks.stone,blockd.stone,,1146,1,1,,3f2d1d,,,,,,,1,15,15,,1,,,1,3,,,,,,0,e0bb75,17,1,0,,2,,,2
1147,春节窗花-虎,,SpringFestivalPattern-Tiger,SpringFestivalPattern-Tiger,,,vine,3,4,,,,,1,0,1,1,3,0,,,,,0,0,1,0,,0,,1147,10000,0,0,1147,10000,,,,0,1,0,,1,hu,,,blocks.cloth,blockd.cloth,,1147,1,1,,ea151c,,,,,4,,0,15,15,,1,,,1,3,0,,,,,0,,17,1,0,,2,,,
1148,游戏版本过低,,,,,,basic,,,,,,,1,1,1,1,0,2,,,,,,,1,0,,0,,,,,,,,,,,2,1,0,,1,bamboo_planks,,,blocks.wood,blockd.wood,,,,,,,,,,,1,,0,15,15,,1,,,,,,,,,,0,,17,1,1,,0,,,
1149,游戏版本过低,,,,,,basic,,,,,,,1,1,1,1,0,2,,,,,,,1,0,,0,,,,,,,,,,,2,1,0,,1,bamboo_planks,,,blocks.wood,blockd.wood,,,,,,,,,,,1,,0,15,15,,1,,,,,,,,,,0,,17,1,1,,0,,,
1150,生物模型方块,,MobMiniatureBlock,MobMiniatureBlock,,,actormodel,,5,,,,,1,1,1,2,0,2,,,,,500,60,1,0,,0,,1150,10000,0,0,1150,10000,,,,0,1,0,,1,dinas,,,blocks.wood,blockd.wood,,1150,1,1,,f5cd96,,,,,1,,0,15,15,,1,,,10,,,,,,,0,,17,2,0,,0,,,
1151,自定义模型制作器,,CustomModelEditor,CustomModelEditor,,,modeleditor,,5,,,,,1,1,1,2,0,2,,,,,500,60,1,0,,0,,1151,10000,0,0,1151,10000,,,,0,1,0,,1,modeleditor_off,modeleditor,,blocks.stone,blockd.stone,,1151,2,1,,f5cd96,,,,,1,,0,15,15,,1,,,10,3,,,,,,0,,17,2,0,,0,26,,2
1152,工具模式预览方块,,,,,,basic,,,,,,,1,1,1,1,0,2,,,,,,,1,0,,0,,,,,,,,,,,2,1,0,,1,bamboo_planks,,,blocks.wood,blockd.wood,,,,,,,,,,,1,,0,15,15,,1,,,,,,,,,,0,,17,1,1,,0,,1,
1153,测试：标记器（-）,,Marker(-)1,Marker(-)1,,,mechamarker,,,,,,,1,1,1,0,0,0,,,,,5,4,1,0,,0,,1004,10000,0,0,1004,10000,,,,2,15,0,,1,mechamarker_1,,,blocks.stone,blockd.stone,,1004,2,1,,4f251e,,,,,,,1,15,15,,1,,,1,,,,,,,0,,255,0,0,,0,26,,2
1154,测试：标记器（+）,,Marker(+)1,Marker(+)1,,,mechamarker,,,,,,,1,1,1,0,0,0,,,,,5,4,1,0,,0,,1005,10000,0,0,1005,10000,,,,2,15,0,,1,mechamarker_2,,,blocks.stone,blockd.stone,,1005,2,1,,4f251e,,,,,,,1,15,15,,1,,,1,,,,,,,0,,255,0,0,,0,26,,2
1155,测试：滑动方块,,SlidingBlock1,SlidingBlock1,,,mechaslider,,,,,,,1,1,1,0,0,0,,,,,5,4,1,0,,0,,1008,10000,0,0,1008,10000,,,,2,15,0,,1,mechaslider_front,mechaslider,,blocks.stone,blockd.stone,,1008,2,1,,4f251e,,,,,4,,1,15,15,,1,,,1,,,,,,,0,,255,0,0,,0,26,,2
1156,测试：转轴方块,,RotorBlock1,RotorBlock1,,,mecharotate,,,,,,,1,1,1,0,0,0,,,,,5,4,1,0,,0,,1010,10000,0,0,1010,10000,,,,2,1,0,,1,mecha_rotate_off,mecha_rotate_on,,blocks.stone,blockd.stone,,1010,2,1,,4f251e,,,,,4,,1,15,15,,1,,,1,,,,,,,0,,17,0,0,,0,,,2
1157,测试：开关,,Switch1,Switch1,,,lever,,,,,,,1,0,0,1,3,1,,,,,8,3,1,0,,0,,724,10000,0,0,724,10000,,,,0,1,0,,1,switch,switch,,,blockd.wood,,724,2,1,,c1b7bd,,,,,4,,0,15,15,,1,,,1,,,,,,,0,,17,1,0,,0,,,2
1158,球铰链方块,,,,,,spherical,,,,,,,1,1,1,0,0,2,,,,,50,10,1,0,,0,,1158,10000,0,0,1158,10000,,,,1,1,0,,1,ball_hinge,,,blocks.stone,blockd.stone,blockd.stone,1158,2,1,,5d605d,,,,,4,,1,15,15,,1,,,1,,,,,,,0,,17,0,0,,2,,,
1159,铰链方块,,HingeBlock,HingeBlock,,,t_revolute,,5,,,,,1,1,1,0,0,2,,,,,50,10,1,0,,0,,1159,10000,0,0,1159,10000,,,,1,1,0,,1,t_hinge_on_0,t_hinge,,blocks.stone,blockd.stone,blockd.stone,1159,2,1,,5d605d,,,,,4,,1,15,15,,1,,,1,,,,,,,0,,17,0,0,,2,26,,2
1160,机械爪,,Gripper,Gripper,,,claw,,5,,,,,1,1,1,0,0,2,,,,,50,10,1,0,,0,,1160,10000,0,0,1160,10000,,,,1,1,0,,1,absorb_claws,absorb_claws,,blocks.stone,blockd.stone,blockd.stone,1160,2,1,,5d605d,,,,,4,,1,15,15,,1,,,1,,,,,,,0,,17,0,0,,2,26,,2
1161,液压臂,,HydraulicArm,HydraulicArm,,,arm_prismatic,,5,,,,,1,1,1,0,0,2,,,,,50,10,1,0,,0,,1161,10000,0,0,1161,10000,,,,1,1,0,,1,hydraulic_arm_up_off,,,blocks.stone,blockd.stone,blockd.stone,1161,2,1,,5d605d,,,,,4,,1,15,15,,1,,,1,,,,,,,0,,17,0,0,,2,26,,
1162,游戏版本过低,,,,,,basic,,,,,,,1,1,1,0,0,2,,,,,50,10,1,0,,0,,0,0,0,0,0,0,,,,1,1,0,,1,,,,blocks.stone,blockd.stone,blockd.stone,,2,1,,5d605d,,,,,4,,1,15,15,,1,,,1,,,,,,,0,,17,0,1,,0,,,
1163,游戏版本过低,,,,,,basic,,,,,,,1,1,1,0,0,2,,,,,50,10,1,0,,0,,0,0,0,0,0,0,,,,1,1,0,,1,,,,blocks.stone,blockd.stone,blockd.stone,,2,1,,5d605d,,,,,4,,1,15,15,,1,,,1,,,,,,,0,,17,0,1,,0,,,
1164,避震器,,ShockAbsorber,ShockAbsorber,,,suspend,,5,,,,,1,1,1,0,0,2,,,,,50,10,1,0,,0,,1164,10000,0,0,1164,10000,,,,1,1,0,,1,suspension,,,blocks.stone,blockd.stone,blockd.stone,1164,2,1,,5d605d,,,,,4,,1,15,15,,1,,,1,,,,,,,0,,17,0,0,,2,26,,2
1165,升降绞绳,,,twisted_rope,,,rope_header,,,,,,,1,1,1,0,0,2,,,,,50,10,1,0,,0,,1165,10000,0,0,1165,10000,,,,1,1,0,,1,twisted_rope_up_off,twisted_rope,,blocks.stone,blockd.stone,blockd.stone,1165,2,1,,5d605d,,,,,4,,1,15,15,,1,,,1,,,,,,,0,,17,0,0,,2,,,
1166,绞绳-尾部固定木桩,,,twisted_rope,,,rope_tail,,,,,,,1,1,1,0,0,2,,,,,50,10,1,0,,0,,1166,10000,0,0,1166,10000,,,,1,1,0,,1,twisted_rope_up_off,,,blocks.stone,blockd.stone,blockd.stone,1166,2,1,,5d605d,,,,,4,,1,15,15,,1,,,1,,,,,,,0,,17,0,0,,0,,,
1167,绞绳-绳子,,,twisted_rope,,,rope,,,,,,,1,1,1,0,0,2,,,,,50,10,1,0,,0,,1167,10000,0,0,1167,10000,,,,1,1,0,,1,twisted_rope_up_off,,,blocks.stone,blockd.stone,blockd.stone,1167,2,1,,5d605d,,,,,4,,1,15,15,,1,,,1,,,,,,,0,,17,0,0,,0,,,
1168,红外感应方块,,,Infrared_induction,,,sensordistance,,5,,,,,1,1,1,0,0,2,,,,,3,10,1,0,,0,,1168,10000,0,0,1168,10000,,,,1,1,0,,1,infrared,infrared,,blocks.stone,blockd.stone,,1168,2,1,,7b4b2c,,,,,4,,1,15,15,,1,,,1,,,,,,,2,,17,0,0,,1,26,,2
1169,光照感应器,,,light_induction,,,sensorvalue,,5,,,,,1,0,1,0,0,1,,,,,3,10,1,0,,0,,1169,10000,0,0,1169,10000,,,,1,1,0,,1,light_induction_off,light_induction,,blocks.stone,blockd.stone,,1169,2,1,,7b4b2c,,,,,4,,0,15,15,,1,,,1,,,,,,,0,,17,0,0,light_induction_mix,1,,,2
1170,游戏版本过低,,,,,,sensorvalue,,,,,,,1,0,1,0,0,1,,,,,3,10,1,0,,0,,1169,10000,0,0,1169,10000,,,,1,1,0,,1,height_induction_off,height_induction,,blocks.stone,blockd.stone,,1169,2,1,,7b4b2c,,,,,,1169,0,15,15,,1,,,1,,,,,,,0,,17,0,0,height_induction_mix,0,,,2
1171,游戏版本过低,,,,,,sensorvalue,,,,,,,1,0,1,0,0,1,,,,,3,10,1,0,,0,,1169,10000,0,0,1169,10000,,,,1,1,0,,1,speed_induction_off,speed_induction,,blocks.stone,blockd.stone,,1169,2,1,,7b4b2c,,,,,,1169,0,15,15,,1,,,1,,,,,,,0,,17,0,0,speed_induction_mix,0,,,2
1180,大型储物箱（横）,,StorageBox,StorageBox,,,bigchest,,5,,,,,1,1,1,2,0,2,,,,,24,10,1,1,20,1,,1180,10000,0,0,1180,10000,,,,2,,0,,1,chest,bigchest2,,blocks.wood,blockd.wood,,1180,1,1,,ad4136,,,,,4,,1,15,15,,1,,1,1,,,,,,,0,,0,2,0,,0.5,26,1,
1181,大型储物箱（竖）,,StorageBox,StorageBox,,,bigchest,,5,,,,,1,1,1,2,0,2,,,,,24,10,1,1,20,1,,1181,10000,0,0,1181,10000,,,,2,,0,,2,chest,bigchest1,,blocks.wood,blockd.wood,,1181,1,1,,ad4136,,,,,4,,1,15,15,,1,,1,1,,,,,,,0,,0,2,0,,0.5,26,1,
1182,星能振荡器,,,Oscillator,,,oscillator,,5,,,,,1,1,1,0,0,0,,,,,10,10,1,0,,0,,1182,10000,0,0,1182,10000,,,,1,1,0,,1,oscillator,oscillator,,blocks.stone,blockd.stone,blockd.stone,1182,2,1,,77abae,,,,,,,1,15,15,,1,,,1,,,,,,,0,,17,0,0,,0.5,26,,
1183,黄砖感压板,,Pressure_sandstone,pressure_sandstone,,,pressure,,5,,,,,1,0,1,1,3,0,,,,,10,5,1,0,,0,,1183,10000,0,0,1183,10000,,,,0,1,0,,1,pressure_sandstone,,,,blockd.stone,,1183,2,1,,ca9b4d,,,,,4,,0,15,15,,1,,,1,,,,,,,0,,17,1,0,,1,,,
1184,星能展台,,,,,,visualizer,,5,,,,,1,1,1,2,0,2,,,,,50,20,1,0,,0,,1184,10000,0,0,1184,10000,,,,2,1,0,,1,visualizer,visualizer,,blocks.stone,blockd.stone,,1184,2,1,,77abae,,,,,4,,1,,15,,1,,,10,,,,,,,0,,17,2,0,,1,26,,2
1185,嘟嘟鸟窝,,birdnest,birdnest,,,birdnest,,,,,,,1,0,0,0,0,0,,,,,0,0,1,0,,0,,1019,10000,0,0,1019,10000,,,,1,1,0,,1,birdnest,birdnest,,blocks.cloth,blockd.cloth,,1019,0,1,,00fa9a,,,1,,,,0,15,15,,1,,,,3,,,,,,0,,17,0,0,,0.2,,,
1186,彼岸花,,,,,,shoreflower,,1,,,,,1,0,0,1,3,0,,1,1|32,,2,0,1,15,100,15,,1186,10000,0,0,1186,10000,,,,0,1,0,,1,flower_pineapple,flower_pineapple,,,blockd.grass,,1186,0,1,,ff0000,0.12,,1,,,,0,15,15,,1,,,,2,,,,,,0,,17,1,0,,0.2,,,
1187,彼岸菠萝,,,,,,pineapple,,1,1,,,,1,1,1,1,0,1,,,,,6,0,1,5,100,10,,11654,10000,0,0,11654,10000,,,,1,1,0,,1,pineapple,pineapple,,blocks.wood,blockd.wood,,11654,0,1,,206803,2.2,,1,,,,1,15,15,,1,,,,2,,,,,,0,,17,1,0,,0.2,,,
1188,船舵,,,Rudder,,,ruddermodelcontainer,,5,,,,,1,1,1,2,0,2,,,,,25,8,1,0,,0,,1188,10000,0,0,1188,10000,,,,1,1,0,,1,helm,helm,,blocks.wood,blockd.wood,,1188,0,1,,cea673,,,,,4,,1,15,15,,1,,,,,,,,,,0,,17,2,0,,2,,,
1189,螺旋推进器,,,HelicalThruster,,,modelcontainer,,5,,,,,1,1,1,2,0,2,,,,,25,8,1,0,,0,,1189,10000,0,0,1189,10000,,,,1,1,0,,1,sensorblock,sensorblock_top,,blocks.stone,blockd.stone,blockd.stone,1189,0,1,,cdd2d5,,,,,4,,1,15,15,,1,,,,,,,,,,0,,17,2,0,,2,26,,2
1190,浮桶,,,Buoy,,,floatBucket,,5,,,,,1,1,1,2,0,2,,,,,10,6,1,0,,0,,1190,10000,0,0,1190,10000,,,,1,1,0,,1,keg_float,keg_float,,blocks.wood,blockd.wood,,1190,0,1,,cea673,,,,,4,,1,15,15,,1,,,,,,,,,,0,,17,2,0,,2,26,,
1191,海神像,,,,,,poseidonstatue,1,4,,,,,1,1,1,2,0,2,,,,,100,20,1,0,,0,,1191,10000,0,0,1193,10000,,,,1,1,4,,2,poseidon_statue,poseidon_statue,,blocks.stone,blockd.stone,blockd.stone,1191,2,1,,858487,,,,,4,,1,15,15,,1,,1,10,3,,,,,,0,,17,2,0,,1,,,2
1192,晒鱼架,,,,,,fishframe,,4,,,,,1,1,1,2,0,2,,,,,10,6,1,0,,0,,1192,10000,0,0,1192,10000,,,,1,1,0,,1,fishframe,fishframe,,blocks.wood,blockd.wood,,1192,0,1,,cea673,,,,,1,,1,15,15,,1,,,,,,,,,,0,,17,2,0,,0,26,,
1193,海神像（破）,,,,,,poseidonstatuebad,,4,,,,,1,1,1,2,0,2,,,,,100,20,1,0,,0,,1193,10000,0,0,1193,10000,,,,1,1,0,,2,poseidon_statue_bad,poseidon_statue_bad,,blocks.stone,blockd.stone,blockd.stone,1193,2,1,,84956c,,,,,4,,1,15,15,,1,,1,10,3,,,,,,0,,17,2,0,,1,,,
1194,彼岸种子,,,,,,shoreflowergrow,,1,,1186,,,1,0,0,1,3,0,,1,2|32|32,,1,0,1,15,100,15,,1194,10000,0,0,1194,10000,,,,0,1,0,,1,flower_pineapple,flower_pineapple,,,blockd.grass,,1194,0,1,,b12a0d,0.12,,1,,,,0,15,15,,1,5,,,2,,,,,,0,,17,1,0,,0.2,,,
1195,贝壳双人沙发,,HaidiTwinSofa,HaidiTwinSofa,,,simplesofa,,4,4,,,,1,1,1,0,0,2,,,,,25,25,1,0,,0,,1195,10000,0,0,1195,10000,,,,3,1,0,,1,haidi_twin_sofa,haidi_twin_sofa,,blocks.wood,blockd.wood,blockd.wood,1195,1,1,,7b4b99c,,,,,4,,1,15,15,,1,,1,10,3,,,,,,0,,17,0,0,,0.5,,1,
1196,机械臂II,,,,,,wireless_rangehydarm,,,,,,,1,1,1,2,0,2,,,,,10,4,1,0,,0,,367,10000,0,0,367,10000,,,,2,1,0,,1,machine_arm_on,,,blocks.stone,blockd.stone,,367,2,1,,b99871,,,,,4,,1,15,15,,1,,,1,,,,,,,2,,17,2,0,,0,26,,2
1197,推拉机械臂II,,,,,,wireless_rangehydarm,,,,,,,1,1,1,2,0,2,,,,,10,4,1,0,,0,,368,10000,0,0,368,10000,,,,2,1,0,,1,machine_arm_on,,,blocks.stone,blockd.stone,,368,2,1,,b99871,,,,,4,,1,15,15,,1,,,1,,,,,,,2,,17,2,0,,0,26,,2
1198,机械臂部件,,R-ArmUnit,R-ArmUnit,,,wireless_extenhydarm,,,,,,,1,1,1,2,0,2,,,,,24,10,1,0,,0,,0,0,0,0,0,0,,,,2,1,0,,1,machine_arm_on,,,blocks.stone,blockd.stone,,0,0,,,b99871,,,,,1,,1,15,15,,1,,,,,,,,,,0,,17,2,0,,0,26,,2
1199,移动的机械臂,,MovingR-ArmUnit,MovingR-ArmUnit,,,wireless_movinghydarm,,,,,,,1,1,1,2,0,2,,,,,24,-1,1,0,,0,,0,0,0,0,0,0,,,,2,1,0,,1,piston_top_normal,,,blocks.stone,blockd.stone,,0,0,,,b99871,,,,,1,,1,15,15,,1,,,,,,,,,,0,,17,2,0,,0,,,
1200,篝火,,,bonfire,,,bonfire,,5,,,,,1,1,1,2,0,2,,,,,50,10,1,0,,0,,1200,10000,0,0,1200,10000,,,,1,1,12,,1,bonfire,bonfire,,blocks.stone,blockd.stone,,1200,2,1,,7b4b2c,,,,,4,,0,15,15,8,1,,,1,3,,,,,,0,ffdb5d,17,2,0,,0.5,,,2
1201,石碑,,,monument,,,tombstone,1,5,,,,,1,1,1,2,0,2,,,,,80,20,1,0,,0,,1201,10000,0,0,1201,10000,,,,1,1,0,,1,monument,monument,,blocks.stone,blockd.stone,,1201,2,1,,7b4b2c,,,,,4,,0,15,15,,1,,,10,3,,,,,,0,,17,2,0,,0.5,,,
1202,部落图腾,,villagetotem,villagetotem,,,villagetotem,1,4,,,,,1,1,1,2,0,2,,,,,200,25,1,0,,0,,1202,10000,0,0,1202,10000,,,,1,1,0,,3,villagetotem,villagetotem,,blocks.stone,blockd.stone,,1202,2,1,,7b4b2c,,,,,4,,0,15,15,,1,,1,10,3,,,,,,0,,17,2,0,,0.5,,,2
1203,农夫旗帜,,,,,,villagerflag,,5,,,,,1,0,1,2,0,2,,,,,100,10,1,0,,0,,1203,10000,0,0,1203,10000,,,,1,1,4,,2,farmerflag,,,blocks.wood,blockd.wood,,1203,1,1,,7b4b2c,,,,,4,,0,15,15,,1,,1,1,3,,,,,,0,,17,2,0,villagerflag_mix,0.5,1,,2
1204,樵夫旗帜,,,,,,villagerflag,,5,,,,,1,0,1,2,0,2,,,,,100,10,1,0,,0,,1204,10000,0,0,1204,10000,,,,1,1,4,,2,woodmanflag,,,blocks.wood,blockd.wood,,1204,1,1,,7b4b2c,,,,,4,,0,15,15,,1,,1,1,3,,,,,,0,,17,2,0,villagerflag_mix,0.5,1,,2
1205,守卫旗帜,,,,,,villagerflag,,5,,,,,1,0,1,2,0,2,,,,,100,10,1,0,,0,,1205,10000,0,0,1205,10000,,,,1,1,4,,2,guardflag,,,blocks.wood,blockd.wood,,1205,1,1,,7b4b2c,,,,,4,,0,15,15,,1,,1,1,3,,,,,,0,,17,2,0,villagerflag_mix,0.5,1,,2
1206,透明硬质玻璃块,,HardGlass,HardGlass,,,glass,2,4,4,,1,,1,1,1,0,0,0,,,,1,10,12,1.2,0,,0,,1206,10000,0,0,1206,10000,,,,3,1,0,,1,hardglass,,,blocks.stone,blockd.glass,blockd.stone,1206,2,1,,FAFFF0,,,,,,,1,8,15,,6,,,10,,,,,,,0,,17,0,1,commonglass_mix,0.2,,1,
1207,硬质玻璃块,,WhiteHardGlass,WhiteHardGlass,,,glass,2,4,4,,,,1,1,1,0,0,0,,,,1,10,12,1.2,0,,0,,1207,10000,0,0,1207,10000,,,,3,1,0,,1,hardglass_normal,,,blocks.stone,blockd.glass,blockd.stone,1207,2,1,,FAFFF0,,,,,,1206,1,8,15,,6,,,10,,,,,,,0,,17,0,1,commonglass_mix,0.2,,1,
1208,硬质玻璃块,,OrangeHardGlass,OrangeHardGlass,,,glass,2,4,4,,,,1,1,1,0,0,0,,,,1,10,12,1.2,0,,0,,1208,10000,0,0,1208,10000,,,,3,1,0,,1,hardglass_normal,,,blocks.stone,blockd.glass,blockd.stone,1208,2,1,,dc7a3f,,,,,,1206,1,8,15,,6,,,10,,,,,,,0,,17,0,1,commonglass_mix,0.2,,1,
1209,硬质玻璃块,,RedPurpleHardGlass,RedPurpleHardGlass,,,glass,2,4,4,,,,1,1,1,0,0,0,,,,1,10,12,1.2,0,,0,,1209,10000,0,0,1209,10000,,,,3,1,0,,1,hardglass_normal,,,blocks.stone,blockd.glass,blockd.stone,1209,2,1,,d485ba,,,,,,1206,1,8,15,,6,,,10,,,,,,,0,,17,0,1,commonglass_mix,0.2,,1,
1210,硬质玻璃块,,LightBlueHardGlass,LightBlueHardGlass,,,glass,2,4,4,,,,1,1,1,0,0,0,,,,1,10,20,1.2,0,,0,,1210,10000,0,0,1210,10000,,,,3,1,0,,1,hardglass_normal,,,blocks.stone,blockd.glass,blockd.stone,1210,2,1,,63b9ce,,,,,,1206,1,8,15,,6,,,10,,,,,,,0,,17,0,1,commonglass_mix,0.2,,1,
1211,硬质玻璃块,,YellowHardGlass,YellowHardGlass,,,glass,2,4,4,,,,1,1,1,0,0,0,,,,1,10,12,1.2,0,,0,,1211,10000,0,0,1211,10000,,,,3,1,0,,1,hardglass_normal,,,blocks.stone,blockd.glass,blockd.stone,1211,2,1,,ede15c,,,,,,1206,1,8,15,,6,,,10,,,,,,,0,,17,0,1,commonglass_mix,0.2,,1,
1212,硬质玻璃块,,LightGreenHardGlass,LightGreenHardGlass,,,glass,2,4,4,,,,1,1,1,0,0,0,,,,1,10,12,1.2,0,,0,,1212,10000,0,0,1212,10000,,,,3,1,0,,1,hardglass_normal,,,blocks.stone,blockd.glass,blockd.stone,1212,2,1,,8b9935,,,,,,1206,1,8,15,,6,,,10,,,,,,,0,,17,0,1,commonglass_mix,0.2,,1,
1213,硬质玻璃块,,LightRedHardGlass,LightRedHardGlass,,,glass,2,4,4,,,,1,1,1,0,0,0,,,,1,10,12,1.2,0,,0,,1213,10000,0,0,1213,10000,,,,3,1,0,,1,hardglass_normal,,,blocks.stone,blockd.glass,blockd.stone,1213,2,1,,f9bfda,,,,,,1206,1,8,15,,6,,,10,,,,,,,0,,17,0,1,commonglass_mix,0.2,,1,
1214,硬质玻璃块,,GreyHardGlass,GreyHardGlass,,,glass,2,4,4,,,,1,1,1,0,0,0,,,,1,10,20,1.2,0,,0,,1214,10000,0,0,1214,10000,,,,3,1,0,,1,hardglass_normal,,,blocks.stone,blockd.glass,blockd.stone,1214,2,1,,5c6669,,,,,,1206,1,8,15,,6,,,10,,,,,,,0,,17,0,1,commonglass_mix,0.2,,1,
1215,硬质玻璃块,,LightGreyHardGlass,LightGreyHardGlass,,,glass,2,4,4,,,,1,1,1,0,0,0,,,,1,10,20,1.2,0,,0,,1215,10000,0,0,1215,10000,,,,3,1,0,,1,hardglass_normal,,,blocks.stone,blockd.glass,blockd.stone,1215,2,1,,9ba5a8,,,,,,1206,1,8,15,,6,,,10,,,,,,,0,,17,0,1,commonglass_mix,0.2,,1,
1216,硬质玻璃块,,BlueGreenHardGlass,BlueGreenHardGlass,,,glass,2,4,4,,,,1,1,1,0,0,0,,,,1,10,20,1.2,0,,0,,1216,10000,0,0,1216,10000,,,,3,1,0,,1,hardglass_normal,,,blocks.stone,blockd.glass,blockd.stone,1216,2,1,,3f93a4,,,,,,1206,1,8,15,,6,,,10,,,,,,,0,,17,0,1,commonglass_mix,0.2,,1,
1217,硬质玻璃块,,PurpleHardGlass,PurpleHardGlass,,,glass,2,4,4,,,,1,1,1,0,0,0,,,,1,10,20,1.2,0,,0,,1217,10000,0,0,1217,10000,,,,3,1,0,,1,hardglass_normal,,,blocks.stone,blockd.glass,blockd.stone,1217,2,1,,884a9d,,,,,,1206,1,8,15,,6,,,10,,,,,,,0,,17,0,1,commonglass_mix,0.2,,1,
1218,硬质玻璃块,,BlueHardGlass,BlueHardGlass,,,glass,2,4,4,,,,1,1,1,0,0,0,,,,1,10,20,1.2,0,,0,,1218,10000,0,0,1218,10000,,,,3,1,0,,1,hardglass_normal,,,blocks.stone,blockd.glass,blockd.stone,1218,2,1,,48719d,,,,,,1206,1,8,15,,6,,,10,,,,,,,0,,17,0,1,commonglass_mix,0.2,,1,
1219,硬质玻璃块,,DeepRedHardGlass,DeepRedHardGlass,,,glass,2,4,4,,,,1,1,1,0,0,0,,,,1,10,12,1.2,0,,0,,1219,10000,0,0,1219,10000,,,,3,1,0,,1,hardglass_normal,,,blocks.stone,blockd.glass,blockd.stone,1219,2,1,,84684c,,,,,,1206,1,8,15,,6,,,10,,,,,,,0,,17,0,1,commonglass_mix,0.2,,1,
1220,硬质玻璃块,,GreenHardGlass,GreenHardGlass,,,glass,2,4,4,,,,1,1,1,0,0,0,,,,1,10,20,1.2,0,,0,,1220,10000,0,0,1220,10000,,,,3,1,0,,1,hardglass_normal,,,blocks.stone,blockd.glass,blockd.stone,1220,2,1,,5b8337,,,,,,1206,1,8,15,,6,,,10,,,,,,,0,,17,0,1,commonglass_mix,0.2,,1,
1221,硬质玻璃块,,RedHardGlass,RedHardGlass,,,glass,2,4,4,,,,1,1,1,0,0,0,,,,1,10,12,1.2,0,,0,,1221,10000,0,0,1221,10000,,,,3,1,0,,1,hardglass_normal,,,blocks.stone,blockd.glass,blockd.stone,1221,2,1,,ab4730,,,,,,1206,1,8,15,,6,,,10,,,,,,,0,,17,0,1,commonglass_mix,0.2,,1,
1222,硬质玻璃块,,BlackHardGlass,BlackHardGlass,,,glass,2,4,4,,,,1,1,1,0,0,0,,,,1,10,20,1.2,0,,0,,1222,10000,0,0,1222,10000,,,,3,1,0,,1,hardglass_normal,,,blocks.stone,blockd.glass,blockd.stone,1222,2,1,,1f2527,,,,,,1206,1,8,15,,6,,,10,,,,,,,0,,17,0,1,commonglass_mix,0.2,,1,
1223,贝壳床,,ShellBed,ShellBed,,,shellbed,3,4,,,,,1,1,1,0,0,2,,,,,25,25,1,0,,0,,1223,10000,0,0,1223,10000,,,,3,1,0,,1,haidi_bed,haidi_bed,,blocks.stone,blockd.glass,blockd.stone,1223,1,1,,ffebef,,,,,4,,1,15,15,,1,,1,10,3,,,,,,0,,17,0,0,,0.5,,,
1224,贝壳沙发,,ShellSofa,ShellSofa,,,shafa,3,4,,,,,1,1,1,0,0,2,,,,,25,25,1,0,,0,,1224,10000,0,0,1224,10000,,,,3,1,0,,1,haidi_sofa,haidi_sofa,,blocks.stone,blockd.glass,blockd.stone,1224,1,1,,ffebef,,,,,4,,1,15,15,,1,,1,10,3,,,,,,1,,17,0,0,,0.5,,1,
1225,贝壳桌子,,ShellTable,ShellTable,,,oceantable,3,4,,,,,1,1,1,0,0,2,,,,,25,25,1,0,,0,,1225,10000,0,0,1225,10000,,,,3,1,0,,1,haidi_desk,haidi_desk,,blocks.stone,blockd.glass,blockd.stone,1225,1,1,,ffebef,,,,,4,,1,15,15,,1,,1,10,3,,,,,,0,,17,0,0,,0.5,26,,
1226,贝壳椅子,,ShellChair,ShellChair,,,chair,3,4,,,,,1,1,1,0,0,2,,,,,25,25,1,0,,0,,1226,10000,0,0,1226,10000,,,,3,1,0,,1,haidi_chair_Color,haidi_chair_Color,,blocks.stone,blockd.glass,blockd.stone,1226,1,1,,ffebef,,,,,4,,1,15,15,,1,,,10,3,,,,,,1,,17,0,0,,0.5,,1,
1227,珊瑚门,,CoralDoor,CoralDoor,,,simpledoor,3,4,,,,,1,1,1,1,3,2,,,,,25,25,1,1,,0,,1227,10000,0,0,1227,10000,,,,0,1,0,,2,haidi_coraldoor,haidi_coraldoor,,blocks.wood,blockd.wood,blockd.stone,1227,1,1,,ffebef,,,,,4,,3,15,15,,1,,1,10,,,,,,,0,,17,1,0,,0.5,,,
1228,贝壳门,,ShellDoor,ShellDoor,,,simpledoor,3,4,,,,,1,1,1,1,3,2,,,,,25,25,1,1,,0,,1228,10000,0,0,1228,10000,,,,0,1,0,,2,haidi_door,haidi_door,,blocks.wood,blockd.wood,blockd.stone,1228,1,1,,ffebef,,,,,4,,3,15,15,,1,,1,10,,,,,,,0,,17,1,0,,0.5,,,
1229,珊瑚窗,,CoralWindow,CoralWindow,,,windows,3,4,,,,,1,1,1,1,3,2,,,,,25,25,1,1,,0,,1229,10000,0,0,1229,10000,,,,0,1,0,,1,haidi_coralwindow,haidi_coralwindow,,blocks.wood,blockd.wood,blockd.wood,1229,1,1,,ffebef,,,,,4,,0,15,15,,1,,,10,,,,,,,1,,17,1,0,,0.5,,,
1230,贝壳窗,,ShellWindow,ShellWindow,,,windows,3,4,,,,,1,1,1,1,3,2,,,,,25,25,1,1,,0,,1230,10000,0,0,1230,10000,,,,0,1,0,,1,haidi_window,haidi_window,,blocks.wood,blockd.wood,blockd.wood,1230,1,1,,ffebef,,,,,4,,0,15,15,,1,,,10,,,,,,,1,,17,1,0,,0.5,,,
1231,海洋储物柜,,CoralShellBox,CoralShellBox,,,chest,3,5,,,,,1,1,1,0,0,2,,,,,25,25,1,0,,0,,1231,10000,0,0,1231,10000,,,,3,1,0,,1,haidi_closet,haidi_closet,,blocks.stone,blockd.glass,blockd.stone,1231,1,1,,ffebef,,,,,4,,1,15,15,,1,,,10,,,,,,,1,,17,0,1,,0.5,26,1,
1232,海洋屏风,,CoralShellScreen,CoralShellScreen,,,screen,3,4,,,,,1,1,1,0,0,2,,,,,25,25,1,0,,0,,1232,10000,0,0,1232,10000,,,,3,1,0,,2,haidi_screen,haidi_screen,,blocks.stone,blockd.glass,blockd.stone,1232,1,1,,ffebef,,,,,4,,0,15,15,,1,,1,10,3,,,,,,0,,17,0,1,,0.5,,,
1233,贝壳楼梯,,ShellStair,ShellStair,,,simplestair,1,4,4,,,,1,1,1,0,0,2,,,,,25,25,1,0,,0,,1233,10000,0,0,1233,10000,,,,3,15,0,1,1,haidi_stairs,haidi_stairs,,blocks.stone,blockd.glass,blockd.stone,1233,1,1,,ffebef,,,,,4,,0,15,15,,1,,,10,3,,,,,,1,,255,0,1,,0.5,,1,
1234,海洋衣柜,,CoralShellCloset,CoralShellCloset,,,simplecloset,3,4,,,,,1,1,1,1,0,2,,,,,-1,25,1,0,,0,,1234,10000,0,0,1234,10000,,,,2,1,0,,3,haidi_robe,haidi_robe,,blocks.wood,blockd.wood,blockd.wood,1234,1,1,,7b4b83c,,,,,4,,0,15,15,,1,,1,10,3,,,,,,0,,17,1,0,,0.5,,1,
1235,海洋落地灯,,CoralShellFloorLamp,CoralShellFloorLamp,,,shelllight,3,4,,,,,1,1,1,1,0,0,,,,,25,25,1,0,,0,,1235,10000,0,0,1235,10000,,,,3,1,0,,2,haidi_erect_light,haidi_erect_light,,blocks.stone,blockd.glass,blockd.stone,1235,1,1,,ffebef,,,,,4,,1,15,15,,1,,1,10,3,,,,,,0,c2c1b0,17,1,0,,0.5,26,,2
1236,海洋吊灯,,CoralShellCeilinglamp,CoralShellCeilinglamp,,,shelllight,3,4,,,,,1,1,1,1,0,2,,,,,25,25,1,0,,0,,1236,10000,0,0,1236,10000,,,,3,1,0,,2,haidi_ceiling_light,haidi_ceiling_light,,blocks.stone,blockd.glass,blockd.stone,1236,1,1,,ffebef,,,,,4,,1,15,15,,1,,1,10,3,,,,,,1,c2c1b0,17,1,0,,0.5,26,,2
1237,贝壳台灯,,ShellTablelamp,ShellTablelamp,,,shelllight,3,4,,,,,1,1,1,0,0,2,,,,,25,25,1,0,,0,,1237,10000,0,0,1237,10000,,,,3,1,0,,1,haidi_desk_lamp,haidi_desk_lamp,,blocks.stone,blockd.glass,blockd.stone,1237,1,1,,ffebef,,,,,4,,1,15,15,,1,,,10,3,,,,,,1,c2c1b0,17,0,1,,0.5,26,,2
1238,海洋大花盆,,CoralShellBigflowerpot,CoralShellBigflowerpot,,,flowerpot,3,4,,,,,1,1,1,0,0,2,,,,,25,25,1,0,,0,,1238,10000,0,0,1238,10000,,,,3,1,0,,1,haidi_flowerpot,haidi_flowerpot,,blocks.stone,blockd.glass,blockd.stone,1238,1,1,,ffebef,,,,,4,,0,15,15,,1,,,10,,,,,,,0,,17,0,0,,0.5,,,
1239,珊瑚围栏,,CoralFence,CoralFence,,,fence,3,4,4,,,,1,1,1,0,0,2,,,,,25,25,1,0,,0,,1239,10000,0,0,1239,10000,,,,3,1,0,,1,haidi_coralrail,haidi_coralrail,,blocks.stone,blockd.glass,blockd.stone,1239,1,1,,ffebef,,,,,4,,6,15,15,,1,,,10,,,,,,,2,,17,0,1,,0.5,,,
1240,珊瑚围栏门,,CoralFenceGate,CoralFenceGate,,,fencegate,3,4,,,,,1,1,1,0,0,2,,,,,25,25,1,0,,0,,1240,10000,0,0,1240,10000,,,,3,1,0,,1,haidi_coral_rail_door,haidi_coral_rail_door,,blocks.stone,blockd.glass,blockd.stone,1240,1,1,,ffebef,,,,,4,,6,15,15,,1,,,10,,,,,,,1,,17,0,0,,0.5,,,
1241,贝壳围栏,,ShellFence,ShellFence,,,fence,3,4,4,,,,1,1,1,0,0,2,,,,,25,25,1,0,,0,,1241,10000,0,0,1241,10000,,,,3,1,0,,1,haidi_rail,haidi_rail,,blocks.stone,blockd.glass,blockd.stone,1241,1,1,,ffebef,,,,,4,,6,15,15,,1,,,10,,,,,,,2,,17,0,1,,0.5,26,,
1242,贝壳围栏门,,ShellFenceGate,ShellFenceGate,,,fencegate,3,4,,,,,1,1,1,0,0,2,,,,,25,25,1,0,,0,,1242,10000,0,0,1242,10000,,,,3,1,0,,1,haidi_rail_door,haidi_rail_door,,blocks.stone,blockd.glass,blockd.stone,1242,1,1,,ffebef,,,,,4,,6,15,15,,1,,,10,,,,,,,1,,17,0,0,,0.5,26,,
1243,贝壳风铃,,ShellBell,ShellBell,,,bells,3,4,,,,,1,1,1,0,0,0,,,,,25,25,1,0,,0,,1243,10000,0,0,1243,10000,,,,3,1,0,,1,haidi_windbell,haidi_windbell,,blocks.stone,blockd.glass,blockd.stone,1243,1,1,,ffebef,,,,,4,,0,15,15,,1,,,10,3,,,,,,0,,17,0,0,,0.5,,,
1244,星球岩斜板,,HorasRockCantboard,HorasRockCantboard,,,trianglewholeslab,3,4,4,,,,1,1,3,0,0,2,,,,,500,15,1,0,,0,,1244,10000,0,0,1244,10000,,,,2,15,0,,1,Planetstonebrick,,,blocks.stone,blocks.stone,blocks.stone,1244,2,1,,C0C0C0,,,,,4,,6,15,15,,1,,,10,,,,,,,2,,255,0,1,,0.2,,,
1245,竹板斜板,,BambooCantboard,BambooCantboard,,,trianglewholeslab,3,4,4,,,,1,1,3,0,0,2,,,,,25,6,1,2,20,2,,1245,10000,0,0,1245,10000,,,,2,15,0,,1,planks_bamboo,,,blocks.wood,blockd.wood,blockd.wood,1245,1,1,,c1a661,,,,,4,,6,15,15,,1,,,1,,,,,,,2,,255,0,1,,0.2,,,
1246,胭脂红斜板,,CarmineCantboard,CarmineCantboard,,,trianglewholeslab,3,4,4,,,,1,1,3,0,0,2,,,,,25,6,1,2,100,2,,1246,10000,0,0,1246,10000,,,,2,15,0,,1,planks_peachblossom,,,blocks.wood,blockd.wood,blockd.wood,1246,1,1,,7c6037,,,,,4,,6,15,15,,1,,,1,,,,,,,2,,255,0,1,,0.2,,,
1247,水泥砖斜板,,CementBrickCantboard,CementBrickCantboard,,,trianglewholeslab,3,4,4,,,,1,1,3,0,0,2,,,,,70,12,1,0,,0,,1247,10000,0,0,1247,10000,,,,2,15,0,,1,brick,,,blocks.stone,blockd.stone,blockd.stone,1247,2,1,,8d5845,,,,,4,,6,15,15,,1,,,10,,,,,,,2,,255,0,1,,0.2,,,
1248,硫黄砖斜板,,SulfurBrickCantboard,SulfurBrickCantboard,,,trianglewholeslab,3,4,4,,,,1,1,3,0,0,2,,,,,40,12,1,0,,0,,1248,10000,0,0,1248,10000,,,,2,15,0,,1,sulfur_brick,,,blocks.stone,blockd.stone,blockd.stone,1248,2,1,,8e452a,,,,,4,,6,15,15,,1,,,10,,,,,,,2,,255,0,1,,0.2,,,
1249,石质斜板,,StoneCantboard,StoneCantboard,,,trianglewholeslab,3,4,4,,,,1,1,3,0,0,2,,,,,50,12,1,0,,0,,1249,10000,0,0,1249,10000,,,,2,15,0,,1,rock,,,blocks.stone,blockd.stone,blockd.stone,1249,2,1,,939188,,,,,4,,6,15,15,,1,,,10,,,,,,,2,,255,0,1,,0.2,,,
1250,精制石斜板,,FineBrickCantboard,FineBrickCantboard,,,trianglewholeslab,3,4,4,,,,1,1,3,0,0,2,,,,,75,12,1,0,,0,,1250,10000,0,0,1250,10000,,,,2,15,0,,1,stonebrick,,,blocks.stone,blockd.stone,blockd.stone,1250,2,1,,84887e,,,,,4,,6,15,15,,1,,,10,,,,,,,2,,255,0,1,,0.2,,,
1251,钛合金斜板,,TitaniumCantboard,TitaniumCantboard,,,trianglewholeslab,3,4,4,,,,1,1,3,0,0,2,,,,,200,60,1,0,,0,,1251,10000,0,0,1251,10000,,,,1,15,0,,1,titanium_block,,,blocks.stone,blockd.stone,blockd.stone,1251,2,1,,81c9fb,,,,,4,,6,15,15,,1,,,20,,,,,,,2,,255,0,1,,6,26,,
1252,黄铜斜板,,BrassCantboard,BrassCantboard,,,trianglewholeslab,3,4,4,,,,1,1,3,0,0,2,,,,,200,40,1,0,,0,,1252,10000,0,0,1252,10000,,,,1,15,0,,1,brass_block,,,blocks.stone,blockd.stone,blockd.stone,1252,2,1,,81c9fb,,,,,4,,6,15,15,,1,,,10,,,,,,,2,,255,0,1,,2,26,,
1253,云母斜板,,MicaCantboard,MicaCantboard,,,trianglewholeslab,3,4,4,,,,1,1,3,0,0,2,,,,,40,16,1,0,,0,,1253,10000,0,0,1253,10000,,,,1,15,0,,1,silica_block,,,blocks.stone,blockd.stone,blockd.stone,1253,2,1,,b7bcb7,,,,,4,,6,15,15,,1,,,10,,,,,,,2,,255,0,1,,0.2,,,
1254,铁制斜板,,MithrilCantboard,MithrilCantboard,,,trianglewholeslab,3,4,4,,,,1,1,3,0,0,2,,,,,50,12,1,0,,0,,1254,10000,0,0,1254,10000,,,,2,15,0,,1,mithsilver_block,,,blocks.stone,blockd.stone,blockd.stone,1254,2,1,,5d605d,,,,,4,,6,15,15,,1,,,10,,,,,,,2,,255,0,1,,3,26,,
1255,炽炎斜板,,FlamoCantboard,FlamoCantboard,,,trianglewholeslab,3,4,4,,,,1,1,3,0,0,2,,,,,50,12,1,0,,0,,1255,10000,0,0,1255,10000,,,,2,15,4,,1,flamecrystal_block,,,blocks.stone,blockd.stone,blockd.stone,1255,2,1,,fac117,,,,,4,,6,15,15,,1,,,10,,,,,,,2,f8c100,255,0,1,,1,,,2
1256,柠檬黄斜板,,CitrineCantboard,CitrineCantboard,,,trianglewholeslab,3,4,4,,,,1,1,3,0,0,2,,,,,50,12,1,2,20,2,,1256,10000,0,0,1256,10000,,,,2,15,0,,1,planks_arbor,,,blocks.wood,blocks.wood,blocks.wood,1256,1,1,,c1a661,,,,,4,,6,15,15,,1,,,10,,,,,,,2,,255,0,1,,0.2,,,
1257,苍石灰斜板,,CinerousCantboard,CinerousCantboard,,,trianglewholeslab,3,4,4,,,,1,1,3,0,0,2,,,,,35,10,1,0,,0,,1257,10000,0,0,1257,10000,,,,2,15,0,1,1,planks_leafless,,,blocks.wood,blockd.wood,blockd.wood,1257,1,1,,7c6037,,,,,4,,6,15,15,,1,,,1,,,,,,,2,,255,0,1,,0.2,,,
1258,深栗红斜板,,CrimsonCantboard,CrimsonCantboard,,,trianglewholeslab,3,4,4,,,,1,1,3,0,0,2,,,,,35,8,1,1,20,2,,1258,10000,0,0,1258,10000,,,,2,15,0,,1,planks_walnut,,,blocks.wood,blockd.wood,blockd.wood,1258,1,1,,452f20,,,,,4,,6,15,15,,1,,,1,,,,,,,2,,255,0,1,,0.2,,,
1259,落日橙斜板,,SunsetOrangeCantboard,SunsetOrangeCantboard,,,trianglewholeslab,3,4,4,,,,1,1,3,0,0,2,,,,,35,8,1,1,20,1,,1259,10000,0,0,1259,10000,,,,2,15,0,,1,planks_phoebe,,,blocks.wood,blockd.wood,blockd.wood,1259,1,1,,be8254,,,,,4,,6,15,15,,1,,,1,,,,,,,2,,255,0,1,,0.2,,,
1260,海棠红斜板,,BegoniaRedCantboard,BegoniaRedCantboard,,,trianglewholeslab,3,4,4,,,,1,1,3,0,0,2,,,,,35,8,1,1,20,1,,1260,10000,0,0,1260,10000,,,,2,15,0,,1,planks_redwood,,,blocks.wood,blockd.wood,blockd.wood,1260,1,1,,644b2b,,,,,4,,6,15,15,,1,,,1,,,,,,,2,,255,0,1,,0.2,,,
1261,象牙白斜板,,IvoryCantboard,IvoryCantboard,,,trianglewholeslab,3,4,4,,,,1,1,3,0,0,2,,,,,32,7,1,2,5,1,,1261,10000,0,0,1261,10000,,,,2,15,0,,1,planks_birch,,,blocks.wood,blockd.wood,blockd.wood,1261,1,1,,dfdbc2,,,,,4,,6,15,15,,1,,,1,,,,,,,2,,255,0,1,,0.2,,,
1262,秋叶橙斜板,,DarkOrangeCantboard,DarkOrangeCantboard,,,trianglewholeslab,3,4,4,,,,1,1,3,0,0,2,,,,,35,9,1,1,20,2,,1262,10000,0,0,1262,10000,,,,2,15,0,,1,planks_cathaya,,,blocks.wood,blockd.wood,blockd.wood,1262,1,1,,865d39,,,,,4,,6,15,15,,1,,,1,,,,,,,2,,255,0,1,,0.2,,,
1263,斜板,,Cantboard,Cantboard,,,trianglewholeslab,3,4,4,,,,1,1,3,0,0,2,,,,,25,6,1,2,20,2,,1263,10000,0,0,1263,10000,,,,2,15,0,,1,planks_fruittree,,,blocks.wood,blockd.wood,blockd.wood,1263,1,1,,c1a661,,,,,4,,6,15,15,,1,,,1,,,,,,,2,,255,0,1,,0.2,,,
1264,黄砖斜板,,YellowBrickCantboard,YellowBrickCantboard,,,trianglewholeslab,3,4,4,,,,1,1,3,0,0,2,,,,,50,12,1,0,,0,,1264,10000,0,0,1264,10000,,,,2,15,0,,1,sandstone,sandstone_normal,,blocks.stone,blockd.stone,blockd.stone,1264,2,1,,84887e,,,,,4,,6,15,15,,1,,,10,,,,,,,2,,255,0,1,,0.2,,,
1265,锰块斜板,,MnBlockCantboard,MnBlockCantboard,,,trianglewholeslab,3,4,4,,,,1,1,3,0,0,2,,,,,50,40,1,0,,0,,1265,10000,0,0,1265,10000,,,,1,15,0,,1,manganese_block,,,blocks.stone,blockd.stone,blockd.stone,1265,2,1,,A58F78,,,,,4,,6,15,15,,1,,,10,,,,,,,2,,255,0,1,,3,26,,
1266,椰树原木,,CoconutTreeLog,,,,coconutwood,1,4,4,,,,1,1,3,0,0,2,,,,,35,9,1,1,5,1,,11323,20000,0,0,11323,20000,,,,2,15,0,,1,log_coconut,,,blocks.wood,blockd.wood,blockd.wood,1266,1,1,,7c6037,,,,,4,,6,15,15,,1,,,1,,,,,,,0,,255,0,0,,0.2,,,
1267,星球岩薄斜板,,HorasRockCantboard(Thin),HorasRockCantboard(Thin),,,horizontaltrianglehalfslab,3,4,4,,,,1,1,3,0,0,2,,,,,500,15,1,0,,0,,1267,10000,0,0,1267,10000,,,,2,15,0,,1,Planetstonebrick,,,blocks.stone,blocks.stone,blocks.stone,1267,2,1,,C0C0C0,,,,,4,,6,15,15,,1,,,10,,,,,,,2,,255,0,1,,0.2,,,
1268,星球岩大薄斜板,,HorasRockCantboard(Large/Thin),,,,horizontaltriangleslab,,,,,,,1,1,3,0,0,2,,,,,500,15,1,0,,0,,1267,10000,0,0,1267,10000,,,,2,15,0,,1,Planetstonebrick,,,blocks.stone,blocks.stone,blocks.stone,1267,2,1,,C0C0C0,,,,,4,573,6,15,15,,1,,,10,,,,,,,2,,255,0,1,,0.2,,,
1269,竹板薄斜板,,BambooCantboard(Thin),BambooCantboard(Thin),,,horizontaltrianglehalfslab,3,4,4,,,,1,1,3,0,0,2,,,,,25,6,1,2,20,2,,1269,10000,0,0,1269,10000,,,,2,15,0,,1,planks_bamboo,,,blocks.wood,blockd.wood,blockd.wood,1269,1,1,,c1a661,,,,,4,,6,15,15,,1,,,1,,,,,,,2,,255,0,1,,0.2,,,
1270,竹板大薄斜板,,BambooCantboard(Large/Thin),,,,horizontaltriangleslab,,,,,,,1,1,3,0,0,2,,,,,25,6,1,2,20,2,,1269,10000,0,0,1269,10000,,,,2,15,0,,1,planks_bamboo,,,blocks.wood,blockd.wood,blockd.wood,1269,1,1,,c1a661,,,,,4,563,6,15,15,,1,,,1,,,,,,,2,,255,0,1,,0.2,,,
1271,胭脂红薄斜板,,CarmineCantboard(Thin),CarmineCantboard(Thin),,,horizontaltrianglehalfslab,3,4,4,,,,1,1,3,0,0,2,,,,,25,6,1,2,100,2,,1271,10000,0,0,1271,10000,,,,2,15,0,,1,planks_peachblossom,,,blocks.wood,blockd.wood,blockd.wood,1271,1,1,,7c6037,,,,,4,,6,15,15,,1,,,1,,,,,,,2,,255,0,1,,0.2,,,
1272,胭脂红大薄斜板,,CarmineCantboard(Large/Thin),,,,horizontaltriangleslab,,,,,,,1,1,3,0,0,2,,,,,25,6,1,2,100,2,,1271,10000,0,0,1271,10000,,,,2,15,0,,1,planks_peachblossom,,,blocks.wood,blockd.wood,blockd.wood,1271,1,1,,7c6037,,,,,4,562,6,15,15,,1,,,1,,,,,,,2,,255,0,1,,0.2,,,
1273,水泥砖薄斜板,,CementBrickCantboard(Thin),CementBrickCantboard(Thin),,,horizontaltrianglehalfslab,3,4,4,,,,1,1,3,0,0,2,,,,,70,12,1,0,,0,,1273,10000,0,0,1273,10000,,,,2,15,0,,1,brick,,,blocks.stone,blockd.stone,blockd.stone,1273,2,1,,8d5845,,,,,4,,6,15,15,,1,,,10,,,,,,,2,,255,0,1,,0.2,,,
1274,水泥砖大薄斜板,,CementBrickCantboard(Large/Thin),,,,horizontaltriangleslab,,,,,,,1,1,3,0,0,2,,,,,70,12,1,0,,0,,1273,10000,0,0,1273,10000,,,,2,15,0,,1,brick,,,blocks.stone,blockd.stone,blockd.stone,1273,2,1,,8d5845,,,,,4,547,6,15,15,,1,,,10,,,,,,,2,,255,0,1,,0.2,,,
1275,硫黄砖薄斜板,,SulfurBrickCantboard(Thin),SulfurBrickCantboard(Thin),,,horizontaltrianglehalfslab,3,4,4,,,,1,1,3,0,0,2,,,,,40,12,1,0,,0,,1275,10000,0,0,1275,10000,,,,2,15,0,,1,sulfur_brick,,,blocks.stone,blockd.stone,blockd.stone,1275,2,1,,8e452a,,,,,4,,6,15,15,,1,,,10,,,,,,,2,,255,0,1,,0.2,,,
1276,硫黄砖大薄斜板,,SulfurBrickCantboard(Large/Thin),,,,horizontaltriangleslab,,,,,,,1,1,3,0,0,2,,,,,40,12,1,0,,0,,1275,10000,0,0,1275,10000,,,,2,15,0,,1,sulfur_brick,,,blocks.stone,blockd.stone,blockd.stone,1275,2,1,,8e452a,,,,,4,537,6,15,15,,1,,,10,,,,,,,2,,255,0,1,,0.2,,,
1277,石质薄斜板,,StoneCantboard(Thin),StoneCantboard(Thin),,,horizontaltrianglehalfslab,3,4,4,,,,1,1,3,0,0,2,,,,,50,12,1,0,,0,,1277,10000,0,0,1277,10000,,,,2,15,0,,1,rock,,,blocks.stone,blockd.stone,blockd.stone,1277,2,1,,939188,,,,,4,,6,15,15,,1,,,10,,,,,,,2,,255,0,1,,0.2,,,
1278,石质大薄斜板,,StoneCantboard(Large/Thin),,,,horizontaltriangleslab,,,,,,,1,1,3,0,0,2,,,,,50,12,1,0,,0,,1277,10000,0,0,1277,10000,,,,2,15,0,,1,rock,,,blocks.stone,blockd.stone,blockd.stone,1277,2,1,,939188,,,,,4,104,6,15,15,,1,,,10,,,,,,,2,,255,0,1,,0.2,,,
1279,精制石薄斜板,,FineBrickCantboard(Thin),FineBrickCantboard(Thin),,,horizontaltrianglehalfslab,3,4,4,,,,1,1,3,0,0,2,,,,,75,12,1,0,,0,,1279,10000,0,0,1279,10000,,,,2,15,0,,1,stonebrick,,,blocks.stone,blockd.stone,blockd.stone,1279,2,1,,84887e,,,,,4,,6,15,15,,1,,,10,,,,,,,2,,255,0,1,,0.2,,,
1280,精制石大薄斜板,,FineBrickCantboard(Large/Thin),,,,horizontaltriangleslab,,,,,,,1,1,3,0,0,2,,,,,75,12,1,0,,0,,1279,10000,0,0,1279,10000,,,,2,15,0,,1,stonebrick,,,blocks.stone,blockd.stone,blockd.stone,1279,2,1,,84887e,,,,,4,501,6,15,15,,1,,,10,,,,,,,2,,255,0,1,,0.2,,,
1281,钛合金薄斜板,,TitaniumCantboard(Thin),TitaniumCantboard(Thin),,,horizontaltrianglehalfslab,3,4,4,,,,1,1,3,0,0,2,,,,,200,60,1,0,,0,,1281,10000,0,0,1281,10000,,,,1,15,0,,1,titanium_block,,,blocks.stone,blockd.stone,blockd.stone,1281,2,1,,81c9fb,,,,,4,,6,15,15,,1,,,20,,,,,,,2,,255,0,1,,3,26,,
1282,钛合金大薄斜板,,TitaniumCantboard(Large/Thin),,,,horizontaltriangleslab,,,,,,,1,1,3,0,0,2,,,,,200,60,1,0,,0,,1281,10000,0,0,1281,10000,,,,1,15,0,,1,titanium_block,,,blocks.stone,blockd.stone,blockd.stone,1281,2,1,,81c9fb,,,,,4,457,6,15,15,,1,,,20,,,,,,,2,,255,0,1,,3,26,,
1283,黄铜薄斜板,,BrassCantboard(Thin),BrassCantboard(Thin),,,horizontaltrianglehalfslab,3,4,4,,,,1,1,3,0,0,2,,,,,200,40,1,0,,0,,1283,10000,0,0,1283,10000,,,,1,15,0,,1,brass_block,,,blocks.stone,blockd.stone,blockd.stone,1283,2,1,,81c9fb,,,,,4,,6,15,15,,1,,,10,,,,,,,2,,255,0,1,,1,26,,
1284,黄铜大薄斜板,,BrassCantboard(Large/Thin),,,,horizontaltriangleslab,,,,,,,1,1,3,0,0,2,,,,,200,40,1,0,,0,,1283,10000,0,0,1283,10000,,,,1,15,0,,1,brass_block,,,blocks.stone,blockd.stone,blockd.stone,1283,2,1,,81c9fb,,,,,4,456,6,15,15,,1,,,10,,,,,,,2,,255,0,1,,1,26,,
1285,云母薄斜板,,MicaCantboard(Thin),MicaCantboard(Thin),,,horizontaltrianglehalfslab,3,4,4,,,,1,1,3,0,0,2,,,,,40,16,1,0,,0,,1285,10000,0,0,1285,10000,,,,1,15,0,,1,silica_block,,,blocks.stone,blockd.stone,blockd.stone,1285,2,1,,b7bcb7,,,,,4,,6,15,15,,1,,,10,,,,,,,2,,255,0,1,,0.2,,,
1286,云母大薄斜板,,MicaCantboard(Large/Thin),,,,horizontaltriangleslab,,,,,,,1,1,3,0,0,2,,,,,40,16,1,0,,0,,1285,10000,0,0,1285,10000,,,,1,15,0,,1,silica_block,,,blocks.stone,blockd.stone,blockd.stone,1285,2,1,,b7bcb7,,,,,4,413,6,15,15,,1,,,10,,,,,,,2,,255,0,1,,0.2,,,
1287,铁制薄斜板,,MithrilCantboard(Thin),MithrilCantboard(Thin),,,horizontaltrianglehalfslab,3,4,4,,,,1,1,3,0,0,2,,,,,50,12,1,0,,0,,1287,10000,0,0,1287,10000,,,,2,15,0,,1,mithsilver_block,,,blocks.stone,blockd.stone,blockd.stone,1287,2,1,,5d605d,,,,,4,,6,15,15,,1,,,10,,,,,,,2,,255,0,1,,1.5,26,,
1288,铁制大薄斜板,,MithrilCantboard(Large/Thin),,,,horizontaltriangleslab,,,,,,,1,1,3,0,0,2,,,,,50,12,1,0,,0,,1287,10000,0,0,1287,10000,,,,2,15,0,,1,mithsilver_block,,,blocks.stone,blockd.stone,blockd.stone,1287,2,1,,5d605d,,,,,4,411,6,15,15,,1,,,10,,,,,,,2,,255,0,1,,1.5,26,,
1289,炽炎薄斜板,,FlamoCantboard(Thin),FlamoCantboard(Thin),,,horizontaltrianglehalfslab,3,4,4,,,,1,1,3,0,0,2,,,,,50,12,1,0,,0,,1289,10000,0,0,1289,10000,,,,2,15,4,,1,flamecrystal_block,,,blocks.stone,blockd.stone,blockd.stone,1289,2,1,,fac117,,,,,4,,6,15,15,,1,,,10,,,,,,,2,f8c100,255,0,1,,1,,,2
1290,炽炎大薄斜板,,FlamoCantboard(Large/Thin),,,,horizontaltriangleslab,,,,,,,1,1,3,0,0,2,,,,,50,12,1,0,,0,,1289,10000,0,0,1289,10000,,,,2,15,4,,1,flamecrystal_block,,,blocks.stone,blockd.stone,blockd.stone,1289,2,1,,fac117,,,,,4,410,6,15,15,,1,,,10,,,,,,,2,f8c100,255,0,1,,1,,,2
1291,柠檬黄薄斜板,,CitrineCantboard(Thin),CitrineCantboard(Thin),,,horizontaltrianglehalfslab,3,4,4,,,,1,1,3,0,0,2,,,,,50,12,1,2,20,2,,1291,10000,0,0,1291,10000,,,,2,15,0,,1,planks_arbor,,,blocks.wood,blocks.wood,blocks.wood,1291,1,1,,c1a661,,,,,4,,6,15,15,,1,,,10,,,,,,,2,,255,0,1,,0.2,,,
1292,柠檬黄大薄斜板,,CitrineCantboard(Large/Thin),,,,horizontaltriangleslab,,,,,,,1,1,3,0,0,2,,,,,50,12,1,2,20,2,,1291,10000,0,0,1291,10000,,,,2,15,0,,1,planks_arbor,,,blocks.wood,blocks.wood,blocks.wood,1291,1,1,,c1a661,,,,,4,375,6,15,15,,1,,,10,,,,,,,2,,255,0,1,,0.2,,,
1293,苍石灰薄斜板,,CinerousCantboard(Thin),CinerousCantboard(Thin),,,horizontaltrianglehalfslab,3,4,4,,,,1,1,3,0,0,2,,,,,35,10,1,0,,0,,1293,10000,0,0,1293,10000,,,,2,15,0,1,1,planks_leafless,,,blocks.wood,blockd.wood,blockd.wood,1293,1,1,,7c6037,,,,,4,,6,15,15,,1,,,1,,,,,,,2,,255,0,1,,0.2,,,
1294,苍石灰大薄斜板,,CinerousCantboard(Large/Thin),,,,horizontaltriangleslab,,,,,,,1,1,3,0,0,2,,,,,35,10,1,0,,0,,1293,10000,0,0,1293,10000,,,,2,15,0,1,1,planks_leafless,,,blocks.wood,blockd.wood,blockd.wood,1293,1,1,,7c6037,,,,,4,264,6,15,15,,1,,,1,,,,,,,2,,255,0,1,,0.2,,,
1295,深栗红薄斜板,,CrimsonCantboard(Thin),CrimsonCantboard(Thin),,,horizontaltrianglehalfslab,3,4,4,,,,1,1,3,0,0,2,,,,,35,8,1,1,20,2,,1295,10000,0,0,1295,10000,,,,2,15,0,,1,planks_walnut,,,blocks.wood,blockd.wood,blockd.wood,1295,1,1,,452f20,,,,,4,,6,15,15,,1,,,1,,,,,,,2,,255,0,1,,0.2,,,
1296,深栗红大薄斜板,,CrimsonCantboard(Large/Thin),,,,horizontaltriangleslab,,,,,,,1,1,3,0,0,2,,,,,35,8,1,1,20,2,,1295,10000,0,0,1295,10000,,,,2,15,0,,1,planks_walnut,,,blocks.wood,blockd.wood,blockd.wood,1295,1,1,,452f20,,,,,4,211,6,15,15,,1,,,1,,,,,,,2,,255,0,1,,0.2,,,
1297,落日橙薄斜板,,SunsetOrangeCantboard(Thin),SunsetOrangeCantboard(Thin),,,horizontaltrianglehalfslab,3,4,4,,,,1,1,3,0,0,2,,,,,35,8,1,1,20,1,,1297,10000,0,0,1297,10000,,,,2,15,0,,1,planks_phoebe,,,blocks.wood,blockd.wood,blockd.wood,1297,1,1,,be8254,,,,,4,,6,15,15,,1,,,1,,,,,,,2,,255,0,1,,0.2,,,
1298,落日橙大薄斜板,,SunsetOrangeCantboard(Large/Thin),,,,horizontaltriangleslab,,,,,,,1,1,3,0,0,2,,,,,35,8,1,1,20,1,,1297,10000,0,0,1297,10000,,,,2,15,0,,1,planks_phoebe,,,blocks.wood,blockd.wood,blockd.wood,1297,1,1,,be8254,,,,,4,210,6,15,15,,1,,,1,,,,,,,2,,255,0,1,,0.2,,,
1299,海棠红薄斜板,,BegoniaRedCantboard(Thin),BegoniaRedCantboard(Thin),,,horizontaltrianglehalfslab,3,4,4,,,,1,1,3,0,0,2,,,,,35,8,1,1,20,1,,1299,10000,0,0,1299,10000,,,,2,15,0,,1,planks_redwood,,,blocks.wood,blockd.wood,blockd.wood,1299,1,1,,644b2b,,,,,4,,6,15,15,,1,,,1,,,,,,,2,,255,0,1,,0.2,,,
1300,海棠红大薄斜板,,BegoniaRedCantboard(Large/Thin),,,,horizontaltriangleslab,,,,,,,1,1,3,0,0,2,,,,,35,8,1,1,20,1,,1299,10000,0,0,1299,10000,,,,2,15,0,,1,planks_redwood,,,blocks.wood,blockd.wood,blockd.wood,1299,1,1,,644b2b,,,,,4,209,6,15,15,,1,,,1,,,,,,,2,,255,0,1,,0.2,,,
1301,象牙白薄斜板,,IvoryCantboard(Thin),IvoryCantboard(Thin),,,horizontaltrianglehalfslab,3,4,4,,,,1,1,3,0,0,2,,,,,32,7,1,2,5,1,,1301,10000,0,0,1301,10000,,,,2,15,0,,1,planks_birch,,,blocks.wood,blockd.wood,blockd.wood,1301,1,1,,dfdbc2,,,,,4,,6,15,15,,1,,,1,,,,,,,2,,255,0,1,,0.2,,,
1302,象牙白大薄斜板,,IvoryCantboard(Large/Thin),,,,horizontaltriangleslab,,,,,,,1,1,3,0,0,2,,,,,32,7,1,2,5,1,,1301,10000,0,0,1301,10000,,,,2,15,0,,1,planks_birch,,,blocks.wood,blockd.wood,blockd.wood,1301,1,1,,dfdbc2,,,,,4,208,6,15,15,,1,,,1,,,,,,,2,,255,0,1,,0.2,,,
1303,秋叶橙薄斜板,,DarkOrangeCantboard(Thin),DarkOrangeCantboard(Thin),,,horizontaltrianglehalfslab,3,4,4,,,,1,1,3,0,0,2,,,,,35,9,1,1,20,2,,1303,10000,0,0,1303,10000,,,,2,15,0,,1,planks_cathaya,,,blocks.wood,blockd.wood,blockd.wood,1303,1,1,,865d39,,,,,4,,6,15,15,,1,,,1,,,,,,,2,,255,0,1,,0.2,,,
1304,秋叶橙大薄斜板,,DarkOrangeCantboard(Large/Thin),,,,horizontaltriangleslab,,,,,,,1,1,3,0,0,2,,,,,35,9,1,1,20,2,,1303,10000,0,0,1303,10000,,,,2,15,0,,1,planks_cathaya,,,blocks.wood,blockd.wood,blockd.wood,1303,1,1,,865d39,,,,,4,207,6,15,15,,1,,,1,,,,,,,2,,255,0,1,,0.2,,,
1305,薄斜板,,Cantboard(Thin),Cantboard(Thin),,,horizontaltrianglehalfslab,3,4,4,,,,1,1,3,0,0,2,,,,,25,6,1,2,20,2,,1305,10000,0,0,1305,10000,,,,2,15,0,,1,planks_fruittree,,,blocks.wood,blockd.wood,blockd.wood,1305,1,1,,c1a661,,,,,4,,6,15,15,,1,,,1,,,,,,,2,,255,0,1,,0.2,,,
1306,大薄斜板,,Cantboard(Large/Thin),Cantboard(Large/Thin),,,horizontaltriangleslab,,,,,,,1,1,3,0,0,2,,,,,25,6,1,2,20,2,,1305,10000,0,0,1305,10000,,,,2,15,0,,1,planks_fruittree,,,blocks.wood,blockd.wood,blockd.wood,1305,1,1,,c1a661,,,,,4,206,6,15,15,,1,,,1,,,,,,,2,,255,0,1,,0.2,,,
1307,黄砖薄斜板,,YellowBrickCantboard(Thin),YellowBrickCantboard(Thin),,,horizontaltrianglehalfslab,3,4,4,,,,1,1,3,0,0,2,,,,,50,12,1,0,,0,,1307,10000,0,0,1307,10000,,,,2,15,0,,1,sandstone,sandstone_normal,,blocks.stone,blockd.stone,blockd.stone,1307,2,1,,84887e,,,,,4,,6,15,15,,1,,,10,,,,,,,2,,255,0,1,,0.2,,,
1308,黄砖大薄斜板,,YellowBrickCantboard(Large/Thin),,,,horizontaltriangleslab,,,,,,,1,1,3,0,0,2,,,,,50,12,1,0,,0,,1307,10000,0,0,1307,10000,,,,2,15,0,,1,sandstone,sandstone_normal,,blocks.stone,blockd.stone,blockd.stone,1307,2,1,,84887e,,,,,4,29,6,15,15,,1,,,10,,,,,,,2,,255,0,1,,0.2,,,
1309,锰块薄斜板,,MnBlockCantboard(Thin),MnBlockCantboard(Thin),,,horizontaltrianglehalfslab,3,4,4,,,,1,1,3,0,0,2,,,,,50,40,1,0,,0,,1309,10000,0,0,1309,10000,,,,1,15,0,,1,manganese_block,,,blocks.stone,blockd.stone,blockd.stone,1309,2,1,,A58F78,,,,,4,,6,15,15,,1,,,10,,,,,,,2,,255,0,1,,1.5,26,,
1310,锰块大薄斜板,,MnBlockCantboard(Large/Thin),,,,horizontaltriangleslab,,,,,,,1,1,3,0,0,2,,,,,50,40,1,0,,0,,1309,10000,0,0,1309,10000,,,,1,15,0,,1,manganese_block,,,blocks.stone,blockd.stone,blockd.stone,1309,2,1,,A58F78,,,,,4,348,6,15,15,,1,,,10,,,,,,,2,,255,0,1,,1.5,26,,
1311,星球岩竖薄斜板,,HorasRockCantboard(Vertical/Thin),HorasRockCantboard(Vertical/Thin),,,verticaltrianglehalfslab,3,4,4,,,,1,1,3,0,0,2,,,,,500,15,1,0,,0,,1311,10000,0,0,1311,10000,,,,2,15,0,,1,Planetstonebrick,,,blocks.stone,blocks.stone,blocks.stone,1311,2,1,,C0C0C0,,,,,4,,6,15,15,,1,,,10,,,,,,,2,,255,0,1,,0.2,,,
1312,星球岩竖大薄斜板,,HorasRockCantboard(Vertical/Large/Thin),,,,verticaltriangleslab,,,,,,,1,1,3,0,0,2,,,,,500,15,1,0,,0,,1311,10000,0,0,1311,10000,,,,2,15,0,,1,Planetstonebrick,,,blocks.stone,blocks.stone,blocks.stone,1311,2,1,,C0C0C0,,,,,4,573,6,15,15,,1,,,10,,,,,,,2,,255,0,1,,0.2,,,
1313,竹板竖薄斜板,,BambooCantboard(Vertical/Thin),BambooCantboard(Vertical/Thin),,,verticaltrianglehalfslab,3,4,4,,,,1,1,3,0,0,2,,,,,25,6,1,2,20,2,,1313,10000,0,0,1313,10000,,,,2,15,0,,1,planks_bamboo,,,blocks.wood,blockd.wood,blockd.wood,1313,1,1,,c1a661,,,,,4,,6,15,15,,1,,,1,,,,,,,2,,255,0,1,,0.2,,,
1314,竹板竖大薄斜板,,BambooCantboard(Vertical/Large/Thin),,,,verticaltriangleslab,,,,,,,1,1,3,0,0,2,,,,,25,6,1,2,20,2,,1313,10000,0,0,1313,10000,,,,2,15,0,,1,planks_bamboo,,,blocks.wood,blockd.wood,blockd.wood,1313,1,1,,c1a661,,,,,4,563,6,15,15,,1,,,1,,,,,,,2,,255,0,1,,0.2,,,
1315,胭脂红竖薄斜板,,CarmineCantboard(Vertical/Thin),CarmineCantboard(Vertical/Thin),,,verticaltrianglehalfslab,3,4,4,,,,1,1,3,0,0,2,,,,,25,6,1,2,100,2,,1315,10000,0,0,1315,10000,,,,2,15,0,,1,planks_peachblossom,,,blocks.wood,blockd.wood,blockd.wood,1315,1,1,,7c6037,,,,,4,,6,15,15,,1,,,1,,,,,,,2,,255,0,1,,0.2,,,
1316,胭脂红竖大薄斜板,,CarmineCantboard(Vertical/Large/Thin),,,,verticaltriangleslab,,,,,,,1,1,3,0,0,2,,,,,25,6,1,2,100,2,,1315,10000,0,0,1315,10000,,,,2,15,0,,1,planks_peachblossom,,,blocks.wood,blockd.wood,blockd.wood,1315,1,1,,7c6037,,,,,4,562,6,15,15,,1,,,1,,,,,,,2,,255,0,1,,0.2,,,
1317,水泥砖竖薄斜板,,CementBrickCantboard(Vertical/Thin),CementBrickCantboard(Vertical/Thin),,,verticaltrianglehalfslab,3,4,4,,,,1,1,3,0,0,2,,,,,70,12,1,0,,0,,1317,10000,0,0,1317,10000,,,,2,15,0,,1,brick,,,blocks.stone,blockd.stone,blockd.stone,1317,2,1,,8d5845,,,,,4,,6,15,15,,1,,,10,,,,,,,2,,255,0,1,,0.2,,,
1318,水泥砖竖大薄斜板,,CementBrickCantboard(Vertical/Large/Thin),,,,verticaltriangleslab,,,,,,,1,1,3,0,0,2,,,,,70,12,1,0,,0,,1317,10000,0,0,1317,10000,,,,2,15,0,,1,brick,,,blocks.stone,blockd.stone,blockd.stone,1317,2,1,,8d5845,,,,,4,547,6,15,15,,1,,,10,,,,,,,2,,255,0,1,,0.2,,,
1319,硫黄砖竖薄斜板,,SulfurBrickCantboard(Vertical/Thin),SulfurBrickCantboard(Vertical/Thin),,,verticaltrianglehalfslab,3,4,4,,,,1,1,3,0,0,2,,,,,40,12,1,0,,0,,1319,10000,0,0,1319,10000,,,,2,15,0,,1,sulfur_brick,,,blocks.stone,blockd.stone,blockd.stone,1319,2,1,,8e452a,,,,,4,,6,15,15,,1,,,10,,,,,,,2,,255,0,1,,0.2,,,
1320,硫黄砖竖大薄斜板,,SulfurBrickCantboard(Vertical/Large/Thin),,,,verticaltriangleslab,,,,,,,1,1,3,0,0,2,,,,,40,12,1,0,,0,,1319,10000,0,0,1319,10000,,,,2,15,0,,1,sulfur_brick,,,blocks.stone,blockd.stone,blockd.stone,1319,2,1,,8e452a,,,,,4,537,6,15,15,,1,,,10,,,,,,,2,,255,0,1,,0.2,,,
1321,石质竖薄斜板,,StoneCantboard(Vertical/Thin),StoneCantboard(Vertical/Thin),,,verticaltrianglehalfslab,3,4,4,,,,1,1,3,0,0,2,,,,,50,12,1,0,,0,,1321,10000,0,0,1321,10000,,,,2,15,0,,1,rock,,,blocks.stone,blockd.stone,blockd.stone,1321,2,1,,939188,,,,,4,,6,15,15,,1,,,10,,,,,,,2,,255,0,1,,0.2,,,
1322,石质竖大薄斜板,,StoneCantboard(Vertical/Large/Thin),,,,verticaltriangleslab,,,,,,,1,1,3,0,0,2,,,,,50,12,1,0,,0,,1321,10000,0,0,1321,10000,,,,2,15,0,,1,rock,,,blocks.stone,blockd.stone,blockd.stone,1321,2,1,,939188,,,,,4,104,6,15,15,,1,,,10,,,,,,,2,,255,0,1,,0.2,,,
1323,精制石竖薄斜板,,FineBrickCantboard(Vertical/Thin),FineBrickCantboard(Vertical/Thin),,,verticaltrianglehalfslab,3,4,4,,,,1,1,3,0,0,2,,,,,75,12,1,0,,0,,1323,10000,0,0,1323,10000,,,,2,15,0,,1,stonebrick,,,blocks.stone,blockd.stone,blockd.stone,1323,2,1,,84887e,,,,,4,,6,15,15,,1,,,10,,,,,,,2,,255,0,1,,0.2,,,
1324,精制石竖大薄斜板,,FineBrickCantboard(Vertical/Large/Thin),,,,verticaltriangleslab,,,,,,,1,1,3,0,0,2,,,,,75,12,1,0,,0,,1323,10000,0,0,1323,10000,,,,2,15,0,,1,stonebrick,,,blocks.stone,blockd.stone,blockd.stone,1323,2,1,,84887e,,,,,4,501,6,15,15,,1,,,10,,,,,,,2,,255,0,1,,0.2,,,
1325,钛合金竖薄斜板,,TitaniumCantboard(Vertical/Thin),TitaniumCantboard(Vertical/Thin),,,verticaltrianglehalfslab,3,4,4,,,,1,1,3,0,0,0,,,,,200,60,1,0,,0,,1325,10000,0,0,1325,10000,,,,1,15,0,,1,titanium_block,,,blocks.stone,blockd.stone,blockd.stone,1325,2,1,,81c9fb,,,,,4,,6,15,15,,1,,,20,,,,,,,0,,255,0,1,,3,26,,
1326,钛合金竖大薄斜板,,TitaniumCantboard(Vertical/Large/Thin),,,,verticaltriangleslab,,,,,,,1,1,3,0,0,0,,,,,200,60,1,0,,0,,1325,10000,0,0,1325,10000,,,,1,15,0,,1,titanium_block,,,blocks.stone,blockd.stone,blockd.stone,1325,2,1,,81c9fb,,,,,4,457,6,15,15,,1,,,20,,,,,,,0,,255,0,1,,3,26,,
1327,黄铜竖薄斜板,,BrassCantboard(Vertical/Thin),BrassCantboard(Vertical/Thin),,,verticaltrianglehalfslab,3,4,4,,,,1,1,3,0,0,2,,,,,200,40,1,0,,0,,1327,10000,0,0,1327,10000,,,,1,15,0,,1,brass_block,,,blocks.stone,blockd.stone,blockd.stone,1327,2,1,,81c9fb,,,,,4,,6,15,15,,1,,,10,,,,,,,2,,255,0,1,,1,26,,
1328,黄铜竖大薄斜板,,BrassCantboard(Vertical/Large/Thin),,,,verticaltriangleslab,,,,,,,1,1,3,0,0,2,,,,,200,40,1,0,,0,,1327,10000,0,0,1327,10000,,,,1,15,0,,1,brass_block,,,blocks.stone,blockd.stone,blockd.stone,1327,2,1,,81c9fb,,,,,4,456,6,15,15,,1,,,10,,,,,,,2,,255,0,1,,1,26,,
1329,云母竖薄斜板,,MicaCantboard(Vertical/Thin),MicaCantboard(Vertical/Thin),,,verticaltrianglehalfslab,3,4,4,,,,1,1,3,0,0,2,,,,,40,16,1,0,,0,,1329,10000,0,0,1329,10000,,,,1,15,0,,1,silica_block,,,blocks.stone,blockd.stone,blockd.stone,1329,2,1,,b7bcb7,,,,,4,,6,15,15,,1,,,10,,,,,,,2,,255,0,1,,0.2,,,
1330,云母竖大薄斜板,,MicaCantboard(Vertical/Large/Thin),,,,verticaltriangleslab,,,,,,,1,1,3,0,0,2,,,,,40,16,1,0,,0,,1329,10000,0,0,1329,10000,,,,1,15,0,,1,silica_block,,,blocks.stone,blockd.stone,blockd.stone,1329,2,1,,b7bcb7,,,,,4,413,6,15,15,,1,,,10,,,,,,,2,,255,0,1,,0.2,,,
1331,铁制竖薄斜板,,MithrilCantboard(Vertical/Thin),MithrilCantboard(Vertical/Thin),,,verticaltrianglehalfslab,3,4,4,,,,1,1,3,0,0,2,,,,,50,12,1,0,,0,,1331,10000,0,0,1331,10000,,,,2,15,0,,1,mithsilver_block,,,blocks.stone,blockd.stone,blockd.stone,1331,2,1,,5d605d,,,,,4,,6,15,15,,1,,,10,,,,,,,2,,255,0,1,,1.5,26,,
1332,铁制竖大薄斜板,,MithrilCantboard(Vertical/Large/Thin),,,,verticaltriangleslab,,,,,,,1,1,3,0,0,2,,,,,50,12,1,0,,0,,1331,10000,0,0,1331,10000,,,,2,15,0,,1,mithsilver_block,,,blocks.stone,blockd.stone,blockd.stone,1331,2,1,,5d605d,,,,,4,411,6,15,15,,1,,,10,,,,,,,2,,255,0,1,,1.5,26,,
1333,炽炎竖薄斜板,,FlamoCantboard(Vertical/Thin),FlamoCantboard(Vertical/Thin),,,verticaltrianglehalfslab,3,4,4,,,,1,1,3,0,0,2,,,,,50,12,1,0,,0,,1333,10000,0,0,1333,10000,,,,2,15,4,,1,flamecrystal_block,,,blocks.stone,blockd.stone,blockd.stone,1333,2,1,,fac117,,,,,4,,6,15,15,,1,,,10,,,,,,,2,f8c100,255,0,1,,1,,,2
1334,炽炎竖大薄斜板,,FlamoCantboard(Vertical/Large/Thin),,,,verticaltriangleslab,,,,,,,1,1,3,0,0,2,,,,,50,12,1,0,,0,,1333,10000,0,0,1333,10000,,,,2,15,0,,1,flamecrystal_block,,,blocks.stone,blockd.stone,blockd.stone,1333,2,1,,fac117,,,,,4,410,6,15,15,,1,,,10,,,,,,,2,,255,0,1,,1,,,2
1335,柠檬黄竖薄斜板,,CitrineCantboard(Vertical/Thin),CitrineCantboard(Vertical/Thin),,,verticaltrianglehalfslab,3,4,4,,,,1,1,3,0,0,2,,,,,50,12,1,2,20,2,,1335,10000,0,0,1335,10000,,,,2,15,0,,1,planks_arbor,,,blocks.wood,blocks.wood,blocks.wood,1335,1,1,,c1a661,,,,,4,,6,15,15,,1,,,10,,,,,,,2,,255,0,1,,0.2,,,
1336,柠檬黄竖大薄斜板,,CitrineCantboard(Vertical/Large/Thin),,,,verticaltriangleslab,,,,,,,1,1,3,0,0,2,,,,,50,12,1,2,20,2,,1335,10000,0,0,1335,10000,,,,2,15,0,,1,planks_arbor,,,blocks.wood,blocks.wood,blocks.wood,1335,1,1,,c1a661,,,,,4,375,6,15,15,,1,,,10,,,,,,,2,,255,0,1,,0.2,,,
1337,苍石灰竖薄斜板,,CinerousCantboard(Vertical/Thin),CinerousCantboard(Vertical/Thin),,,verticaltrianglehalfslab,3,4,4,,,,1,1,3,0,0,2,,,,,35,10,1,0,,0,,1337,10000,0,0,1337,10000,,,,2,15,0,1,1,planks_leafless,,,blocks.wood,blockd.wood,blockd.wood,1337,1,1,,7c6037,,,,,4,,6,15,15,,1,,,1,,,,,,,2,,255,0,1,,0.2,,,
1338,苍石灰竖大薄斜板,,CinerousCantboard(Vertical/Large/Thin),,,,verticaltriangleslab,,,,,,,1,1,3,0,0,2,,,,,35,10,1,0,,0,,1337,10000,0,0,1337,10000,,,,2,15,0,1,1,planks_leafless,,,blocks.wood,blockd.wood,blockd.wood,1337,1,1,,7c6037,,,,,4,264,6,15,15,,1,,,1,,,,,,,2,,255,0,1,,0.2,,,
1339,深栗红竖薄斜板,,CrimsonCantboard(Vertical/Thin),CrimsonCantboard(Vertical/Thin),,,verticaltrianglehalfslab,3,4,4,,,,1,1,3,0,0,2,,,,,35,8,1,1,20,2,,1339,10000,0,0,1339,10000,,,,2,15,0,,1,planks_walnut,,,blocks.wood,blockd.wood,blockd.wood,1339,1,1,,452f20,,,,,4,,6,15,15,,1,,,1,,,,,,,2,,255,0,1,,0.2,,,
1340,深栗红竖大薄斜板,,CrimsonCantboard(Vertical/Large/Thin),,,,verticaltriangleslab,,,,,,,1,1,3,0,0,2,,,,,35,8,1,1,20,2,,1339,10000,0,0,1339,10000,,,,2,15,0,,1,planks_walnut,,,blocks.wood,blockd.wood,blockd.wood,1339,1,1,,452f20,,,,,4,211,6,15,15,,1,,,1,,,,,,,2,,255,0,1,,0.2,,,
1341,落日橙竖薄斜板,,SunsetOrangeCantboard(Vertical/Thin),SunsetOrangeCantboard(Vertical/Thin),,,verticaltrianglehalfslab,3,4,4,,,,1,1,3,0,0,2,,,,,35,8,1,1,20,1,,1341,10000,0,0,1341,10000,,,,2,15,0,,1,planks_phoebe,,,blocks.wood,blockd.wood,blockd.wood,1341,1,1,,be8254,,,,,4,,6,15,15,,1,,,1,,,,,,,2,,255,0,1,,0.2,,,
1342,落日橙竖大薄斜板,,SunsetOrangeCantboard(Vertical/Large/Thin),,,,verticaltriangleslab,,,,,,,1,1,3,0,0,2,,,,,35,8,1,1,20,1,,1341,10000,0,0,1341,10000,,,,2,15,0,,1,planks_phoebe,,,blocks.wood,blockd.wood,blockd.wood,1341,1,1,,be8254,,,,,4,210,6,15,15,,1,,,1,,,,,,,2,,255,0,1,,0.2,,,
1343,海棠红竖薄斜板,,BegoniaRedCantboard(Vertical/Thin),BegoniaRedCantboard(Vertical/Thin),,,verticaltrianglehalfslab,3,4,4,,,,1,1,3,0,0,2,,,,,35,8,1,1,20,1,,1343,10000,0,0,1343,10000,,,,2,15,0,,1,planks_redwood,,,blocks.wood,blockd.wood,blockd.wood,1343,1,1,,644b2b,,,,,4,,6,15,15,,1,,,1,,,,,,,2,,255,0,1,,0.2,,,
1344,海棠红竖大薄斜板,,BegoniaRedCantboard(Vertical/Large/Thin),,,,verticaltriangleslab,,,,,,,1,1,3,0,0,2,,,,,35,8,1,1,20,1,,1343,10000,0,0,1343,10000,,,,2,15,0,,1,planks_redwood,,,blocks.wood,blockd.wood,blockd.wood,1343,1,1,,644b2b,,,,,4,209,6,15,15,,1,,,1,,,,,,,2,,255,0,1,,0.2,,,
1345,象牙白竖薄斜板,,IvoryCantboard(Vertical/Thin),IvoryCantboard(Vertical/Thin),,,verticaltrianglehalfslab,3,4,4,,,,1,1,3,0,0,2,,,,,32,7,1,2,5,1,,1345,10000,0,0,1345,10000,,,,2,15,0,,1,planks_birch,,,blocks.wood,blockd.wood,blockd.wood,1345,1,1,,dfdbc2,,,,,4,,6,15,15,,1,,,1,,,,,,,2,,255,0,1,,0.2,,,
1346,象牙白竖大薄斜板,,IvoryCantboard(Vertical/Large/Thin),,,,verticaltriangleslab,,,,,,,1,1,3,0,0,2,,,,,32,7,1,2,5,1,,1345,10000,0,0,1345,10000,,,,2,15,0,,1,planks_birch,,,blocks.wood,blockd.wood,blockd.wood,1345,1,1,,dfdbc2,,,,,4,208,6,15,15,,1,,,1,,,,,,,2,,255,0,1,,0.2,,,
1347,秋叶橙竖薄斜板,,DarkOrangeCantboard(Vertical/Thin),DarkOrangeCantboard(Vertical/Thin),,,verticaltrianglehalfslab,3,4,4,,,,1,1,3,0,0,2,,,,,35,9,1,1,20,2,,1347,10000,0,0,1347,10000,,,,2,15,0,,1,planks_cathaya,,,blocks.wood,blockd.wood,blockd.wood,1347,1,1,,865d39,,,,,4,,6,15,15,,1,,,1,,,,,,,2,,255,0,1,,0.2,,,
1348,秋叶橙竖大薄斜板,,DarkOrangeCantboard(Vertical/Large/Thin),,,,verticaltriangleslab,,,,,,,1,1,3,0,0,2,,,,,35,9,1,1,20,2,,1347,10000,0,0,1347,10000,,,,2,15,0,,1,planks_cathaya,,,blocks.wood,blockd.wood,blockd.wood,1347,1,1,,865d39,,,,,4,207,6,15,15,,1,,,1,,,,,,,2,,255,0,1,,0.2,,,
1349,竖薄斜板,,Cantboard(Vertical/Thin),Cantboard(Vertical/Thin),,,verticaltrianglehalfslab,3,4,4,,,,1,1,3,0,0,2,,,,,25,6,1,2,20,2,,1349,10000,0,0,1349,10000,,,,2,15,0,,1,planks_fruittree,,,blocks.wood,blockd.wood,blockd.wood,1349,1,1,,c1a661,,,,,4,,6,15,15,,1,,,1,,,,,,,2,,255,0,1,,0.2,,,
1350,竖大薄斜板,,Cantboard(Vertical/Large/Thin),,,,verticaltriangleslab,,,,,,,1,1,3,0,0,2,,,,,25,6,1,2,20,2,,1349,10000,0,0,1349,10000,,,,2,15,0,,1,planks_fruittree,,,blocks.wood,blockd.wood,blockd.wood,1349,1,1,,c1a661,,,,,4,206,6,15,15,,1,,,1,,,,,,,2,,255,0,1,,0.2,,,
1351,黄砖竖薄斜板,,YellowBrickCantboard(Vertical/Thin),YellowBrickCantboard(Vertical/Thin),,,verticaltrianglehalfslab,3,4,4,,,,1,1,3,0,0,2,,,,,50,12,1,0,,0,,1351,10000,0,0,1351,10000,,,,2,15,0,,1,sandstone,sandstone_normal,,blocks.stone,blockd.stone,blockd.stone,1351,2,1,,84887e,,,,,4,,6,15,15,,1,,,10,,,,,,,2,,255,0,1,,0.2,,,
1352,黄砖竖大薄斜板,,YellowBrickCantboard(Vertical/Large/Thin),,,,verticaltriangleslab,,,,,,,1,1,3,0,0,2,,,,,50,12,1,0,,0,,1351,10000,0,0,1351,10000,,,,2,15,0,,1,sandstone,sandstone_normal,,blocks.stone,blockd.stone,blockd.stone,1351,2,1,,84887e,,,,,4,29,6,15,15,,1,,,10,,,,,,,2,,255,0,1,,0.2,,,
1353,锰块竖薄斜板,,MnBlockCantboard(Vertical/Thin),MnBlockCantboard(Vertical/Thin),,,verticaltrianglehalfslab,3,4,4,,,,1,1,3,0,0,2,,,,,50,40,1,0,,0,,1353,10000,0,0,1353,10000,,,,1,15,0,,1,manganese_block,,,blocks.stone,blockd.stone,blockd.stone,1353,2,1,,A58F78,,,,,4,,6,15,15,,1,,,10,,,,,,,2,,255,0,1,,1.5,26,,
1354,锰块竖大薄斜板,,MnBlockCantboard(Vertical/Large/Thin),,,,verticaltriangleslab,,,,,,,1,1,3,0,0,2,,,,,50,40,1,0,,0,,1353,10000,0,0,1353,10000,,,,1,15,0,,1,manganese_block,,,blocks.stone,blockd.stone,blockd.stone,1353,2,1,,A58F78,,,,,4,348,6,15,15,,1,,,10,,,,,,,2,,255,0,1,,1.5,26,,
1355,星球岩竖板,,HorasRockRiser,HorasRockRiser,,,verticalslab,3,4,4,,,,1,1,3,0,0,2,,,,,500,15,1,0,,0,,1355,10000,0,0,1355,10000,,,,2,15,0,,1,Planetstonebrick,,,blocks.stone,blocks.stone,blocks.stone,1355,2,1,,C0C0C0,,,,,4,,2,15,15,,1,,,10,,,,,,,1,,255,0,1,,0.2,,,
1356,竹板竖板,,BambooRiser,BambooRiser,,,verticalslab,3,4,4,,,,1,1,3,0,0,2,,,,,25,6,1,2,20,2,,1356,10000,0,0,1356,10000,,,,2,15,0,,1,planks_bamboo,,,blocks.wood,blockd.wood,blockd.wood,1356,1,1,,c1a661,,,,,4,,2,15,15,,1,,,1,,,,,,,1,,255,0,1,,0.2,,,
1357,胭脂红竖板,,CarmineRiser,CarmineRiser,,,verticalslab,3,4,4,,,,1,1,3,0,0,2,,,,,25,6,1,2,100,2,,1357,10000,0,0,1357,10000,,,,2,15,0,,1,planks_peachblossom,,,blocks.wood,blockd.wood,blockd.wood,1357,1,1,,7c6037,,,,,4,,2,15,15,,1,,,1,,,,,,,1,,255,0,1,,0.2,,,
1358,水泥砖竖板,,CementBrickRiser,CementBrickRiser,,,verticalslab,3,4,4,,,,1,1,3,0,0,2,,,,,70,12,1,0,,0,,1358,10000,0,0,1358,10000,,,,2,15,0,,1,brick,,,blocks.stone,blockd.stone,blockd.stone,1358,2,1,,8d5845,,,,,4,,2,15,15,,1,,,10,,,,,,,1,,255,0,1,,0.2,,,
1359,硫黄砖竖板,,SulfurBrickRiser,SulfurBrickRiser,,,verticalslab,3,4,4,,,,1,1,3,0,0,2,,,,,40,12,1,0,,0,,1359,10000,0,0,1359,10000,,,,2,15,0,,1,sulfur_brick,,,blocks.stone,blockd.stone,blockd.stone,1359,2,1,,8e452a,,,,,4,,2,15,15,,1,,,10,,,,,,,1,,255,0,1,,0.2,,,
1360,石质竖板,,StoneRiser,StoneRiser,,,verticalslab,3,4,4,,,,1,1,3,0,0,2,,,,,50,12,1,0,,0,,1360,10000,0,0,1360,10000,,,,2,15,0,,1,rock,,,blocks.stone,blockd.stone,blockd.stone,1360,2,1,,939188,,,,,4,,2,15,15,,1,,,10,,,,,,,1,,255,0,1,,0.2,,,
1361,精制石竖板,,FineBrickRiser,FineBrickRiser,,,verticalslab,3,4,4,,,,1,1,3,0,0,2,,,,,75,12,1,0,,0,,1361,10000,0,0,1361,10000,,,,2,15,0,,1,stonebrick,,,blocks.stone,blockd.stone,blockd.stone,1361,2,1,,84887e,,,,,4,,2,15,15,,1,,,10,,,,,,,1,,255,0,1,,0.2,,,
1362,钛合金竖板,,TitaniumRiser,TitaniumRiser,,,verticalslab,3,4,4,,,,1,1,3,0,0,2,,,,,200,60,1,0,,0,,1362,10000,0,0,1362,10000,,,,1,15,0,,1,titanium_block,,,blocks.stone,blockd.stone,blockd.stone,1362,2,1,,81c9fb,,,,,4,,2,15,15,,1,,,20,,,,,,,1,,255,0,1,,6,26,,
1363,黄铜竖板,,BrassRiser,BrassRiser,,,verticalslab,3,4,4,,,,1,1,3,0,0,2,,,,,200,40,1,0,,0,,1363,10000,0,0,1363,10000,,,,1,15,0,,1,brass_block,,,blocks.stone,blockd.stone,blockd.stone,1363,2,1,,81c9fb,,,,,4,,2,15,15,,1,,,10,,,,,,,1,,255,0,1,,2,26,,
1364,云母竖板,,MicaRiser,MicaRiser,,,verticalslab,3,4,4,,,,1,1,3,0,0,2,,,,,40,16,1,0,,0,,1364,10000,0,0,1364,10000,,,,1,15,0,,1,silica_block,,,blocks.stone,blockd.stone,blockd.stone,1364,2,1,,b7bcb7,,,,,4,,2,15,15,,1,,,10,,,,,,,1,,255,0,1,,0.2,,,
1365,铁制竖板,,MithrilRiser,MithrilRiser,,,verticalslab,3,4,4,,,,1,1,3,0,0,2,,,,,50,12,1,0,,0,,1365,10000,0,0,1365,10000,,,,2,15,0,,1,mithsilver_block,,,blocks.stone,blockd.stone,blockd.stone,1365,2,1,,5d605d,,,,,4,,2,15,15,,1,,,10,,,,,,,1,,255,0,1,,3,26,,
1366,炽炎竖板,,FlamoRiser,FlamoRiser,,,verticalslab,3,4,4,,,,1,1,3,0,0,2,,,,,50,12,1,0,,0,,1366,10000,0,0,1366,10000,,,,2,15,4,,1,flamecrystal_block,,,blocks.stone,blockd.stone,blockd.stone,1366,2,1,,fac117,,,,,4,,2,15,15,,1,,,10,,,,,,,1,f8c100,255,0,1,,2,,,2
1367,柠檬黄竖板,,CitrineRiser,CitrineRiser,,,verticalslab,3,4,4,,,,1,1,3,0,0,2,,,,,50,12,1,2,20,2,,1367,10000,0,0,1367,10000,,,,2,15,0,,1,planks_arbor,,,blocks.wood,blocks.wood,blocks.wood,1367,1,1,,c1a661,,,,,4,,2,15,15,,1,,,10,,,,,,,1,,255,0,1,,0.2,,,
1368,苍石灰竖板,,CinerousRiser,CinerousRiser,,,verticalslab,3,4,4,,,,1,1,3,0,0,2,,,,,35,10,1,0,,0,,1368,10000,0,0,1368,10000,,,,2,15,0,1,1,planks_leafless,,,blocks.wood,blockd.wood,blockd.wood,1368,1,1,,7c6037,,,,,4,,2,15,15,,1,,,1,,,,,,,1,,255,0,1,,0.2,,,
1369,深栗红竖板,,CrimsonRiser,CrimsonRiser,,,verticalslab,3,4,4,,,,1,1,3,0,0,2,,,,,35,8,1,1,20,2,,1369,10000,0,0,1369,10000,,,,2,15,0,,1,planks_walnut,,,blocks.wood,blockd.wood,blockd.wood,1369,1,1,,452f20,,,,,4,,2,15,15,,1,,,1,,,,,,,1,,255,0,1,,0.2,,,
1370,落日橙竖板,,SunsetOrangeRiser,SunsetOrangeRiser,,,verticalslab,3,4,4,,,,1,1,3,0,0,2,,,,,35,8,1,1,20,1,,1370,10000,0,0,1370,10000,,,,2,15,0,,1,planks_phoebe,,,blocks.wood,blockd.wood,blockd.wood,1370,1,1,,be8254,,,,,4,,2,15,15,,1,,,1,,,,,,,1,,255,0,1,,0.2,,,
1371,海棠红竖板,,BegoniaRedRiser,BegoniaRedRiser,,,verticalslab,3,4,4,,,,1,1,3,0,0,2,,,,,35,8,1,1,20,1,,1371,10000,0,0,1371,10000,,,,2,15,0,,1,planks_redwood,,,blocks.wood,blockd.wood,blockd.wood,1371,1,1,,644b2b,,,,,4,,2,15,15,,1,,,1,,,,,,,1,,255,0,1,,0.2,,,
1372,象牙白竖板,,IvoryRiser,IvoryRiser,,,verticalslab,3,4,4,,,,1,1,3,0,0,2,,,,,32,7,1,2,5,1,,1372,10000,0,0,1372,10000,,,,2,15,0,,1,planks_birch,,,blocks.wood,blockd.wood,blockd.wood,1372,1,1,,dfdbc2,,,,,4,,2,15,15,,1,,,1,,,,,,,1,,255,0,1,,0.2,,,
1373,秋叶橙竖板,,DarkOrangeRiser,DarkOrangeRiser,,,verticalslab,3,4,4,,,,1,1,3,0,0,2,,,,,35,9,1,1,20,2,,1373,10000,0,0,1373,10000,,,,2,15,0,,1,planks_cathaya,,,blocks.wood,blockd.wood,blockd.wood,1373,1,1,,865d39,,,,,4,,2,15,15,,1,,,1,,,,,,,1,,255,0,1,,0.2,,,
1374,竖板,,Riser,Riser,,,verticalslab,3,4,4,,,,1,1,3,0,0,2,,,,,25,6,1,2,20,2,,1374,10000,0,0,1374,10000,,,,2,15,0,,1,planks_fruittree,,,blocks.wood,blockd.wood,blockd.wood,1374,1,1,,c1a661,,,,,4,,2,15,15,,1,,,1,,,,,,,1,,255,0,1,,0.2,,,
1375,黄砖竖板,,YellowBrickRiser,YellowBrickRiser,,,verticalslab,3,4,4,,,,1,1,3,0,0,2,,,,,50,12,1,0,,0,,1375,10000,0,0,1375,10000,,,,2,15,0,,1,sandstone,sandstone_normal,,blocks.stone,blockd.stone,blockd.stone,1375,2,1,,84887e,,,,,4,,2,15,15,,1,,,10,,,,,,,1,,255,0,1,,0.2,,,
1376,锰块竖板,,MnBlockRiser,MnBlockRiser,,,verticalslab,3,4,4,,,,1,1,3,0,0,2,,,,,50,40,1,0,,0,,1376,20000,0,0,1376,10000,,,,1,15,0,,1,manganese_block,,,blocks.stone,blockd.stone,blockd.stone,1376,2,1,,A58F78,,,,,4,,2,15,15,,1,,,10,,,,,,,1,,255,0,1,,3,26,,
1377,海洋落地灯（废弃）,,CoralShellFloorLamp,CoralShellFloorLamp,,,shelllight,,,,,,,1,1,1,1,0,0,,,,,25,25,1,0,,0,1,1235,10000,0,0,1235,10000,,,,3,1,15,,2,haidi_erect_light_off,,,blocks.stone,blockd.glass,blockd.stone,1235,1,1,,ffebef,,,,,1,,1,15,15,,1,,1,10,3,,,,,,0,dadabe,17,1,0,,0,,,
1378,海洋吊灯（废弃）,,CoralShellCeilinglamp,CoralShellCeilinglamp,,,shelllight,3,4,4,,,,1,1,1,1,0,2,,,,,25,25,1,0,,0,,1236,10000,0,0,1236,10000,,,,3,1,0,,1,haidi_ceiling_light,haidi_ceiling_light,,blocks.stone,blockd.glass,blockd.stone,1236,1,1,,ffebef,,,,,1,,1,15,15,,1,,,10,3,,,,,,1,bc94bc,17,1,0,,0,26,,2
1379,贝壳台灯（废弃）,,ShellTablelamp,ShellTablelamp,,,shelllight,,,,,,,1,1,1,1,0,2,,,,,25,25,1,0,,0,1,1237,10000,0,0,1237,10000,,,,3,1,15,,1,,haidi_desk_lamp_on,,blocks.stone,blockd.glass,blockd.stone,1237,1,1,,ffebef,,,,,1,,1,15,15,,1,,,10,3,,,,,,1,dadabe,17,1,0,,0,,,
1380,浅苍灰木板,,HoaryWoodenBoard,,,,basic,1,4,4,,1,,1,1,1,0,0,0,,,,1,25,6,1,2,100,2,,1380,10000,0,0,1380,10000,,,,2,15,0,,1,planks_coconut,,,blocks.wood,blockd.wood,,1380,1,1,,c1a661,,,,,,,1,15,15,,1,,,1,,,,,,,0,,255,0,1,,0.2,,1,
1381,浅苍灰楼梯,,HoaryStairs,,,,stair,1,4,4,,,,1,1,1,0,0,2,,,,,25,6,1,2,100,2,,1381,10000,0,0,1381,10000,,,,2,15,0,1,1,planks_coconut,stair,,blocks.wood,blockd.wood,,1381,1,1,,c1a661,,,,,4,,2,15,15,,1,,,1,,,,,,,2,,255,0,1,,0.2,,1,
1382,浅苍灰薄板,,HoaryLamina,,,,slab,1,4,4,,,,1,1,3,0,0,1,,,,,50,12,1,2,100,2,,1382,10000,0,0,1382,10000,,,,2,15,0,,1,planks_coconut,,,blocks.stone,blockd.stone,,1382,1,1,,84887e,,,,,4,,2,15,15,,1,,,10,,,,,,,0,,255,0,1,,0.2,,,
1383,浅苍灰斜板,,HoaryCantboard,HoaryCantboard,,,trianglewholeslab,3,4,4,,,,1,1,3,0,0,2,,,,,25,6,1,2,100,2,,1383,10000,0,0,1383,10000,,,,2,15,0,,1,planks_coconut,,,blocks.wood,blockd.wood,blockd.wood,1383,1,1,,7c6037,,,,,4,,6,15,15,,1,,,1,,,,,,,2,,255,0,1,,0.2,,,
1384,浅苍灰薄斜板,,HoaryCantboard(Thin),HoaryCantboard(Thin),,,horizontaltrianglehalfslab,3,4,4,,,,1,1,3,0,0,2,,,,,25,6,1,2,100,2,,1384,10000,0,0,1384,10000,,,,2,15,0,,1,planks_coconut,,,blocks.wood,blockd.wood,blockd.wood,1384,1,1,,7c6037,,,,,4,,6,15,15,,1,,,1,,,,,,,2,,255,0,1,,0.2,,,
1385,浅苍灰大薄斜板,,HoaryCantboard(Large/Thin),,,,horizontaltriangleslab,,,,,,,1,1,3,0,0,2,,,,,25,6,1,2,100,2,,1384,10000,0,0,1384,10000,,,,2,15,0,,1,planks_coconut,,,blocks.wood,blockd.wood,blockd.wood,1384,1,1,,7c6037,,,,,4,1380,6,15,15,,1,,,1,,,,,,,2,,255,0,1,,0.2,,,
1386,浅苍灰竖薄斜板,,HoaryCantboard(Vertical/Thin),HoaryCantboard(Vertical/Thin),,,verticaltrianglehalfslab,3,4,4,,,,1,1,3,0,0,2,,,,,25,6,1,2,100,2,,1386,10000,0,0,1386,10000,,,,2,15,0,,1,planks_coconut,,,blocks.wood,blockd.wood,blockd.wood,1386,1,1,,7c6037,,,,,4,,6,15,15,,1,,,1,,,,,,,2,,255,0,1,,0.2,,,
1387,浅苍灰竖大薄斜板,,HoaryCantboard(Vertical/Large/Thin),,,,verticaltriangleslab,,,,,,,1,1,3,0,0,2,,,,,25,6,1,2,100,2,,1386,10000,0,0,1386,10000,,,,2,15,0,,1,planks_coconut,,,blocks.wood,blockd.wood,blockd.wood,1386,1,1,,7c6037,,,,,4,1380,6,15,15,,1,,,1,,,,,,,2,,255,0,1,,0.2,,,
1388,浅苍灰竖板,,HoaryRiser,HoaryRiser,,,verticalslab,3,4,4,,,,1,1,3,0,0,2,,,,,25,6,1,2,100,2,,1388,10000,0,0,1388,10000,,,,2,15,0,,1,planks_coconut,,,blocks.wood,blockd.wood,blockd.wood,1388,1,1,,7c6037,,,,,4,,2,15,15,,1,,,1,,,,,,,1,,255,0,1,,0.2,,,
1389,陨魔战利品,,IceReward,IceReward,,,icereward,,5,,,,,1,1,3,0,0,2,,,,,25,6,1,2,100,2,,1389,10000,0,0,1389,10000,,,,2,1,0,,,fallenmonheart,fallenmonheart,,blocks.wood,blockd.wood,blockd.wood,1389,0,1,,7c6038,,,,,1,,2,15,15,,1,,,,3,,,,,,0,,17,0,0,,0,,,2
1390,金蛋,,GoldenEgg,GoldenEgg,,,jar,1,4,,,,,1,4,1,0,0,0,,,,,3,0,1,0,,0,,0,0,0,0,0,0,1,5000,"1,1",2,1,0,,1,golden_egg,golden_egg,,blocks.stone,blockd.jar,blockd.stone,737,0,1,,ddc2b7,1,,1,,1,,0,15,15,,1,,,,2,,,,,,0,,17,0,1,,0,,1,
1391,鸡窝,,EntityNestBlock,EntityNestBlock,,,entitynest,,4,,,,,1,0,0,0,0,0,,,,,0,0,1,0,,0,,1391,10000,0,0,1391,10000,,,,1,1,0,,1,chicken_coop,chicken_coop,,blocks.cloth,blockd.cloth,,1391,0,1,,,,,,,,,0,15,15,,1,,,,3,,,,,,0,,17,0,1,,0.2,,,
1400,音乐盒,,MusicBox,MusicBox,,,musicbox,,,,,,,1,1,1,1,0,2,,,,,-1,-1,1,0,,0,,1400,10000,0,0,1400,10000,,,,,,,,1,music_box,music_box,,blocks.stone,blockd.stone,blockd.stone,1400,,,,,,,,,,,1,15,15,,1,,,,,,,,,,0,,0,1,0,,1,,,
1401,天空布景台,,,,,,,,,,,,,1,1,1,1,0,2,,,,,-1,-1,1,0,,0,,0,0,0,0,0,0,,,,,,,,,sky_control,sky_control,,blocks.stone,blockd.stone,blockd.stone,,,,,,,,,,,,1,15,15,,1,,,,,,,,,,0,,0,1,0,,1,,,
1402,重力装置,,GravitySystem,GravitySystem,,,gravitysystem,,,,,,,1,1,1,1,0,2,,,,,-1,-1,1,0,,0,,1402,10000,0,0,1402,10000,,,,2,,,,1,gravity_device,gravity_device,,blocks.stone,blockd.stone,blockd.stone,1402,,,,,,,,,,,1,15,15,,1,,,,,,,,,,0,,0,1,0,,1,,,2
1403,天气控制器,,WeatherStone,WeatherStone,,,weatherstone,,,,,,,1,1,1,1,0,2,,,,,-1,-1,1,0,,0,,1403,10000,0,0,1403,10000,,,,2,,,,1,weather_control,weather_control,,blocks.stone,blockd.stone,blockd.stone,1403,,,,,,,,,,,1,15,15,,1,,,,,,,,,,0,,0,1,0,,1,,,
1404,家园工作台,,,,,,crafting,,,,,,,1,1,1,2,0,0,,,,,500,60,1,0,,0,,1138,10000,0,0,1138,10000,,,,1,1,0,,1,tooltable,tooltable,,blocks.stone,blockd.stone,blockd.stone,,,,,,,,,,1,,1,15,15,,1,,,,,,,,,,0,,17,2,0,,1,,1,
1405,宠物窝,,,,,,furniture,,,,,,,1,1,1,2,0,0,,,,,-1,-1,1,0,,0,,0,0,0,0,0,0,,,,1,1,0,,1,pet_house,pet_house,,blocks.stone,blockd.stone,blockd.stone,,,,,3d3c59,,,,,33,,1,15,15,,1,,,,,,,,,,0,,17,2,1,,1,,,
1406,简单灶台,,,,,,hearth,,,,,,,1,1,1,2,0,0,,,,,1,0,1,0,,0,,0,0,0,0,0,0,,,,1,1,0,,1,hearth1,hearth1,,blocks.stone,blockd.stone,blockd.stone,,,,,,,,,,,,1,15,15,,1,,,,,,,,,,0,,17,2,0,,1,,,
1407,家园空气墙,,,,,,basic,,,,,,,1,1,0,2,0,0,,,,,-1,-1,1,0,,0,,0,0,0,0,0,0,,,,1,1,0,,1,fluorescent,,,,,,,,,,,,,,,1,,1,15,15,,1,,,,,,,,,,0,,17,2,1,,1,,,
1451,荣誉架,,HonorFrame,HonorFrame,,,honorframe,,,,,,,1,1,1,2,0,0,,,,,1,0,1,15,100,15,,1451,10000,,,1451,10000,,,,1,1,0,,1,honor_frame,honor_frame,,blocks.stone,blockd.stone,blockd.stone,1451,0,1,,,0.12,,,,,,1,15,15,,1,,,,,,,,,,0,,17,2,0,,1,,,
1452,向阳花,,,,,,homelandmodelherb,,,,,,,1,0,0,1,3,0,,,,,1,35,1,15,100,15,,1452,10000,,,229,10000,,,,0,1,0,,2,sunflower,sunflower,,,blockd.grass,,229,0,1,,,0.12,,,,,,0,15,15,,1,,1,,,,,,,,0,,17,1,0,,1,,,
1453,红色忘忧草,,,,,,homelandcolorherbs,,,,,,,1,0,0,1,3,0,,,,,1,35,1,15,100,15,,1453,10000,,,229,10000,,,,0,1,0,,1,agave_red,,,,blockd.grass,,229,0,1,,,0.12,,,,,,0,15,15,,1,,,,,,,,,,0,,17,1,0,,1,,,
1454,龙血花,,,,,,homelandcolorherbs,,,,,,,1,0,0,1,3,0,,,,,1,35,1,15,100,15,,1454,10000,,,229,10000,,,,0,1,0,,1,dragonflower,,,,blockd.grass,,229,0,1,,,0.12,,,,,,0,15,15,,1,,,,,,,,,,0,,17,1,0,,1,,,
1455,月季,,,,,,homelandcolorherbs,,,,,,,1,0,0,1,3,0,,,,,1,35,1,15,100,15,,1455,10000,,,229,10000,,,,0,1,0,,2,rose,,,,blockd.grass,,229,0,1,,,0.12,,,,,,0,15,15,,1,,1,,,,,,,,0,,17,1,0,,1,,,
1456,小白菊,,,,,,homelandcolorherbs,,,,,,,1,0,0,1,3,0,,,,,1,35,1,15,100,15,,1456,10000,,,229,10000,,,,0,1,0,,1,feverfew,,,,blockd.grass,,229,0,1,,,0.12,,,,,,0,15,15,,1,,,,,,,,,,0,,17,1,0,,1,,,
1457,茶树,,,,,,homelandshrub,,,,,,,1,0,0,1,3,0,,,,,1,35,1,15,100,15,,62404,10000,,,229,10000,,,,0,1,0,,1,homeshrub,homeshrub,,,blockd.grass,,229,0,1,,,0.12,,,,,,0,15,15,,1,,,,,,,,,,0,,17,1,0,,1,,,
1458,香蕉树,,,,,,fruiter,,,,,,,1,1,0,1,3,0,,,,,1,35,1,15,100,15,,62402,10000,,,229,10000,,,,0,1,0,,1,homefruit,homefruit,,,blockd.grass,,229,0,1,,,0.12,,,,,,1,15,15,,1,,,,,,,,,,0,,17,1,0,,1,,,
1459,巨鳞羽果,,,,,,homelandlog,,,,,,,1,1,0,1,3,0,,,,,1,35,1,15,100,15,,1459,10000,,,229,10000,,,,0,1,0,,1,melon,,,,blockd.grass,,229,0,1,,,0.12,,,,,,1,15,15,,1,,,,,,,,,,0,,17,1,0,,1,,,
1460,芒果树,,,,,,fruiter,,,,,,,1,1,0,1,3,0,,,,,1,35,1,15,100,15,,62402,10000,,,229,10000,,,,0,1,0,,1,homefruit,homefruit,,,blockd.grass,,229,0,1,,,0.12,,,,,,1,15,15,,1,,,,,,,,,,0,,17,1,0,,1,,,
1461,梨树,,,,,,fruiter,,,,,,,1,1,0,1,3,0,,,,,1,35,1,15,100,15,,62402,10000,,,229,10000,,,,0,1,0,,1,homefruit,homefruit,,,blockd.grass,,229,0,1,,,0.12,,,,,,1,15,15,,1,,,,,,,,,,0,,17,1,0,,1,,,
1462,柑橘树,,,,,,homelandshrub,,,,,,,1,0,0,1,3,0,,,,,1,35,1,15,100,15,,62408,10000,,,229,10000,,,,0,1,0,,1,homeshrub,homeshrub,,,blockd.grass,,229,0,1,,,0.12,,,,,,0,15,15,,1,,,,,,,,,,0,,17,1,0,,1,,,
1463,桃子树,,,,,,fruiter,,,,,,,1,1,0,1,3,0,,,,,1,35,1,15,100,15,,62402,10000,,,229,10000,,,,0,1,0,,1,homefruit,homefruit,,,blockd.grass,,229,0,1,,,0.12,,,,,,1,15,15,,1,,,,,,,,,,0,,17,1,0,,1,,,
1464,水稻,,,,,,homelandplant,,,,,,,1,0,0,1,3,0,,,,,1,35,1,15,100,15,,1464,10000,,,229,10000,,,,0,1,0,,1,rice,,,,blockd.grass,,229,0,1,,,0.12,,,,,,0,15,15,,1,,,,,,,,,,0,,17,1,0,,1,,,
1465,玉米,,,,,,homelandplant,,,,,,,1,0,0,1,3,0,,,,,1,35,1,15,100,15,,1465,10000,,,229,10000,,,,0,1,0,,1,wheat,,,,blockd.grass,,229,0,1,,,0.12,,,,,,0,15,15,,1,,,,,,,,,,0,,17,1,0,,1,,,
1466,番薯,,,,,,homelandplant,,,,,,,1,0,0,1,3,0,,,,,1,35,1,15,100,15,,1466,10000,,,229,10000,,,,0,1,0,,1,yams,,,,blockd.grass,,229,0,1,,,0.12,,,,,,0,15,15,,1,,,,,,,,,,0,,17,1,0,,1,,,
1467,南瓜,,,,,,homelandlog,,,,,,,1,1,0,1,3,0,,,,,1,35,1,15,100,15,,1467,10000,,,229,10000,,,,0,1,0,,1,pumpkin,,,,blockd.grass,,229,0,1,,,0.12,,,,,,1,15,15,,1,,,,,,,,,,0,,17,1,0,,1,,,
1468,甘蔗,,,,,,homelandreed,,,,,,,1,0,0,1,3,0,,,,,1,35,1,15,100,15,,1468,10000,,,229,10000,,,,0,1,0,,1,reeds,,,,blockd.grass,,229,0,1,,,0.12,,,,,,0,15,15,,1,,,,,,,,,,0,,17,1,0,,1,,,
1469,满的蜂巢,,,,,,homelandhive,,,,,,,1,0,0,1,3,0,,,,,1,35,1,15,100,15,,1469,10000,,,229,10000,,,,0,1,0,,1,hive,hive_empty,,,blockd.grass,,229,0,1,,,0.12,,,,,,1,15,15,,1,,,,,,,,,,0,,17,1,0,,1,,,
1470,辣椒树,,,,,,homelandshrub,,,,,,,1,0,0,1,3,0,,,,,1,35,1,15,100,15,,62411,10000,,,229,10000,,,,0,1,0,,1,homeshrub,homeshrub,,,blockd.grass,,229,0,1,,,0.12,,,,,,0,15,15,,1,,,,,,,,,,0,,17,1,0,,1,,,
1471,棉花树,,,,,,homelandshrub,,,,,,,1,0,0,1,3,0,,,,,1,35,1,15,100,15,,62410,10000,,,229,10000,,,,0,1,0,,1,homeshrub,homeshrub,,,blockd.grass,,229,0,1,,,0.12,,,,,,0,15,15,,1,,,,,,,,,,0,,17,1,0,,1,,,
1472,果树,,,,,,homelandtimbertree,,,,,,,1,1,0,1,3,0,,,,,1,35,1,15,100,15,,229,10000,,,229,10000,,,,0,1,0,,5,rawtree,rawtree,,,blockd.grass,,229,0,1,,,0.12,,,,,,1,15,15,,1,,1,,,,,,,,0,,17,1,0,,1,,,
1473,落叶松,,,,,,homelandtimbertree,,,,,,,1,1,0,1,3,0,,,,,1,35,1,15,100,15,,229,10000,,,229,10000,,,,0,1,0,,5,rawtree,rawtree,,,blockd.grass,,229,0,1,,,0.12,,,,,,1,15,15,,1,,1,,,,,,,,0,,17,1,0,,1,,,
1474,白杨树,,,,,,homelandtimbertree,,,,,,,1,1,0,1,3,0,,,,,1,35,1,15,100,15,,229,10000,,,229,10000,,,,0,1,0,,5,rawtree,rawtree,,,blockd.grass,,229,0,1,,,0.12,,,,,,1,15,15,,1,,1,,,,,,,,0,,17,1,0,,1,,,
1475,红杉树,,,,,,homelandtimbertree,,,,,,,1,1,0,1,3,0,,,,,1,35,1,15,100,15,,229,10000,,,229,10000,,,,0,1,0,,5,rawtree,rawtree,,,blockd.grass,,229,0,1,,,0.12,,,,,,1,15,15,,1,,1,,,,,,,,0,,17,1,0,,1,,,
1476,楠树,,,,,,homelandtimbertree,,,,,,,1,1,0,1,3,0,,,,,1,35,1,15,100,15,,229,10000,,,229,10000,,,,0,1,0,,5,rawtree,rawtree,,,blockd.grass,,229,0,1,,,0.12,,,,,,1,15,15,,1,,1,,,,,,,,0,,17,1,0,,1,,,
1477,胡桃树,,,,,,homelandtimbertree,,,,,,,1,1,0,1,3,0,,,,,1,35,1,15,100,15,,229,10000,,,229,10000,,,,0,1,0,,5,rawtree,rawtree,,,blockd.grass,,229,0,1,,,0.12,,,,,,1,15,15,,1,,1,,,,,,,,0,,17,1,0,,1,,,
1478,食用小蘑菇,,,,,,homelandplant,,,,,,,1,0,0,1,3,0,,,,,1,35,1,15,100,15,,229,10000,,,229,10000,,,,0,1,0,,1,mushroom,,,,blockd.grass,,229,0,1,,,0.12,,,,,,0,15,15,,1,,,,,,,,,,0,,17,1,0,,1,,,
1479,食用小红菇,,,,,,homelandplant,,,,,,,1,0,0,1,3,0,,,,,1,35,1,15,100,15,,229,10000,,,229,10000,,,,0,1,0,,1,mushroom,,,,blockd.grass,,229,0,1,,,0.12,,,,,,0,15,15,,1,,,,,,,,,,0,,17,1,0,,1,,,
1480,咖啡豆树,,,,,,homelandshrub,,,,,,,1,0,0,1,3,0,,,,,1,35,1,15,100,15,,62401,10000,,,62401,10000,,,,0,1,0,,1,homeshrub,homeshrub,,,blockd.grass,,229,0,1,,,0.12,,,,,,0,15,15,,1,,,,,,,,,,0,,17,1,0,,1,,,
1481,红杉果树,,,,,,fruiter,,,,,,,1,1,0,1,3,0,,,,,1,35,1,15,100,15,,62402,10000,,,62402,10000,,,,0,1,0,,1,homefruit,homefruit,,,blockd.grass,,229,0,1,,,0.12,,,,,,1,15,15,,1,,,,,,,,,,0,,17,1,0,,1,,,
1482,氧气果树,,,,,,fruiter,,,,,,,1,1,0,1,3,0,,,,,1,35,1,15,100,15,,62403,10000,,,62403,10000,,,,0,1,0,,1,homefruit,homefruit,,,blockd.grass,,229,0,1,,,0.12,,,,,,0,15,15,,1,,,,,,,,,,0,,17,1,0,,1,,,
1483,橙色忘忧草,,,,,,homelandcolorherbs,,,,,,,1,0,0,1,3,0,,,,,1,35,1,15,100,15,,1483,10000,,,1483,10000,,,,0,1,0,,1,agave_orange,,,,blockd.grass,,229,0,1,,,0.12,,,,,,0,15,15,,1,,,,,,,,,,0,,17,1,0,,1,,,
1484,灰色忘忧草,,,,,,homelandcolorherbs,,,,,,,1,0,0,1,3,0,,,,,1,35,1,15,100,15,,1484,10000,,,1484,10000,,,,0,1,0,,1,agave_white,,,,blockd.grass,,229,0,1,,,0.12,,,,,,0,15,15,,1,,,,,,,,,,0,,17,1,0,,1,,,
1485,粉色忘忧草,,,,,,homelandcolorherbs,,,,,,,1,0,0,1,3,0,,,,,1,35,1,15,100,15,,1485,10000,,,1485,10000,,,,0,1,0,,1,agave_pink,,,,blockd.grass,,229,0,1,,,0.12,,,,,,0,15,15,,1,,,,,,,,,,0,,17,1,0,,1,,,
1486,胡萝卜,,,,,,homelandplant,,,,,,,1,0,0,1,3,0,,,,,1,35,1,15,100,15,,229,10000,11400,10000,229,10000,,,,0,1,0,,1,carrots1,,,,blockd.grass,,229,0,1,,,0.12,,,,,,0,15,15,,1,,,,,,,,,,0,,17,1,0,,1,,,
1487,方块37,,,,,,,,,,,,,1,0,0,1,3,0,,,,,1,0,1,15,100,15,,229,10000,11400,10000,229,10000,,,,0,1,0,,1,wheat,,,,blockd.grass,,229,0,1,,,0.12,,,,,,0,15,15,,1,,,,,,,,,,0,,17,1,0,,1,,,
1488,方块38,,,,,,,,,,,,,1,0,0,1,3,0,,,,,1,0,1,15,100,15,,229,10000,11400,10000,229,10000,,,,0,1,0,,1,wheat,,,,blockd.grass,,229,0,1,,,0.12,,,,,,0,15,15,,1,,,,,,,,,,0,,17,1,0,,1,,,
1489,方块39,,,,,,,,,,,,,1,0,0,1,3,0,,,,,1,0,1,15,100,15,,229,10000,11400,10000,229,10000,,,,0,1,0,,1,wheat,,,,blockd.grass,,229,0,1,,,0.12,,,,,,0,15,15,,1,,,,,,,,,,0,,17,1,0,,1,,,
1490,方块40,,,,,,,,,,,,,1,0,0,1,3,0,,,,,1,0,1,15,100,15,,229,10000,11400,10000,229,10000,,,,0,1,0,,1,wheat,,,,blockd.grass,,229,0,1,,,0.12,,,,,,0,15,15,,1,,,,,,,,,,0,,17,1,0,,1,,,
1491,方块41,,,,,,,,,,,,,1,0,0,1,3,0,,,,,1,0,1,15,100,15,,229,10000,11400,10000,229,10000,,,,0,1,0,,1,wheat,,,,blockd.grass,,229,0,1,,,0.12,,,,,,0,15,15,,1,,,,,,,,,,0,,17,1,0,,1,,,
1492,方块42,,,,,,,,,,,,,1,0,0,1,3,0,,,,,1,0,1,15,100,15,,229,10000,11400,10000,229,10000,,,,0,1,0,,1,wheat,,,,blockd.grass,,229,0,1,,,0.12,,,,,,0,15,15,,1,,,,,,,,,,0,,17,1,0,,1,,,
1493,向阳花（苗）,,,,,,homelandplant,,,,1452,,,1,0,0,1,3,0,,,,,1,35,1,15,100,15,,229,10000,11400,10000,229,10000,,,,0,1,0,,1,sunflower,sunflower,,,blockd.grass,,229,0,1,,,0.12,,,,,,0,15,15,,1,,,,,,,,,,0,,17,1,0,,1,,,
1494,红色忘忧草（苗）,,,,,,homelandplant,,,,1453,,,1,0,0,1,3,0,,,,,1,35,1,15,100,15,,229,10000,11400,10000,229,10000,,,,0,1,0,,1,agave,,,,blockd.grass,,229,0,1,,,0.12,,,,,,0,15,15,,1,,,,,,,,,,0,,17,1,0,,1,,,
1495,橙色忘忧草（苗）,,,,,,homelandplant,,,,1483,,,1,0,0,1,3,0,,,,,1,35,1,15,100,15,,229,10000,11400,10000,229,10000,,,,0,1,0,,1,agave,,,,blockd.grass,,229,0,1,,,0.12,,,,,,0,15,15,,1,,,,,,,,,,0,,17,1,0,,1,,,
1496,灰色忘忧草（苗）,,,,,,homelandplant,,,,1484,,,1,0,0,1,3,0,,,,,1,35,1,15,100,15,,229,10000,11400,10000,229,10000,,,,0,1,0,,1,agave,,,,blockd.grass,,229,0,1,,,0.12,,,,,,0,15,15,,1,,,,,,,,,,0,,17,1,0,,1,,,
1497,粉色忘忧草（苗）,,,,,,homelandplant,,,,1485,,,1,0,0,1,3,0,,,,,1,35,1,15,100,15,,229,10000,11400,10000,229,10000,,,,0,1,0,,1,agave,,,,blockd.grass,,229,0,1,,,0.12,,,,,,0,15,15,,1,,,,,,,,,,0,,17,1,0,,1,,,
1498,龙血花（苗）,,,,,,homelandplant,,,,1454,,,1,0,0,1,3,0,,,,,1,35,1,15,100,15,,229,10000,11400,10000,229,10000,,,,0,1,0,,1,dragonflower,,,,blockd.grass,,229,0,1,,,0.12,,,,,,0,15,15,,1,,,,,,,,,,0,,17,1,0,,1,,,
1499,月季（苗）,,,,,,homelandplant,,,,1455,,,1,0,0,1,3,0,,,,,1,35,1,15,100,15,,229,10000,11400,10000,229,10000,,,,0,1,0,,1,rose,,,,blockd.grass,,229,0,1,,,0.12,,,,,,0,15,15,,1,,,,,,,,,,0,,17,1,0,,1,,,
1500,小白菊（苗）,,,,,,homelandplant,,,,1456,,,1,0,0,1,3,0,,,,,1,35,1,15,100,15,,229,10000,11400,10000,229,10000,,,,0,1,0,,1,feverfew,,,,blockd.grass,,229,0,1,,,0.12,,,,,,0,15,15,,1,,,,,,,,,,0,,17,1,0,,1,,,
1501,巨鳞羽果（苗）,,,,,,homelandstem,,,,1459,,,1,0,0,1,3,0,,,,,1,35,1,15,100,15,,229,10000,11400,10000,229,10000,,,,0,1,0,,1,giantscalyfruit_seed,,,,blockd.grass,,229,0,1,,,0.12,,,,,,0,15,15,,1,,,,,,,,,,0,,17,1,0,,1,,,
1502,南瓜（苗）,,,,,,homelandstem,,,,1467,,,1,0,0,1,3,0,,,,,1,35,1,15,100,15,,229,10000,11400,10000,229,10000,,,,0,1,0,,1,giantbluefruit_seed,,,,blockd.grass,,229,0,1,,,0.12,,,,,,0,15,15,,1,,,,,,,,,,0,,17,1,0,,1,,,
1503,果木树苗,,,,,,homelandsapling,,,,1472,,,1,0,0,1,3,0,,,,,1,35,1,15,100,15,,229,10000,11400,10000,229,10000,,,,0,1,0,,1,sapling_fruittree,,,,blockd.grass,,229,0,1,,,0.12,,,,,,0,15,15,,1,,,,,,,,,,0,,17,1,0,,1,,,
1504,落叶松树苗,,,,,,homelandsapling,,,,1473,,,1,0,0,1,3,0,,,,,1,35,1,15,100,15,,229,10000,11400,10000,229,10000,,,,0,1,0,,1,sapling_cathaya,,,,blockd.grass,,229,0,1,,,0.12,,,,,,0,15,15,,1,,,,,,,,,,0,,17,1,0,,1,,,
1505,白杨树苗,,,,,,homelandsapling,,,,1474,,,1,0,0,1,3,0,,,,,1,35,1,15,100,15,,229,10000,11400,10000,229,10000,,,,0,1,0,,1,sapling_birch,,,,blockd.grass,,229,0,1,,,0.12,,,,,,0,15,15,,1,,,,,,,,,,0,,17,1,0,,1,,,
1506,胡桃树苗,,,,,,homelandsapling,,,,1477,,,1,0,0,1,3,0,,,,,1,35,1,15,100,15,,229,10000,11400,10000,229,10000,,,,0,1,0,,1,sapling_walnut,,,,blockd.grass,,229,0,1,,,0.12,,,,,,0,15,15,,1,,,,,,,,,,0,,17,1,0,,1,,,
1507,胡杨树,,,,,,homelandtimbertree,,,,,,,1,1,0,1,3,0,,,,,1,35,1,15,100,15,,229,10000,,,229,10000,,,,0,1,0,,5,rawtree,rawtree,,,blockd.grass,,229,0,1,,,0.12,,,,,,1,15,15,,1,,1,,,,,,,,0,,17,1,0,,1,,,
1508,胡杨树苗,,,,,,homelandsapling,,,,1507,,,1,0,0,1,3,0,,,,,1,35,1,15,100,15,,229,10000,11400,10000,229,10000,,,,0,1,0,,1,sapling_populus1,,,,blockd.grass,,229,0,1,,,0.12,,,,,,1,15,15,,1,,,,,,,,,,0,,17,1,0,,1,,,
1509,芦荟,,,,,,homelandplantEx,,,,,,,1,0,0,1,3,0,,,,,1,35,1,15,100,15,,1509,10000,,,1509,10000,,,,0,1,0,,1,aloe,aloe,,,blockd.grass,,229,0,1,,,0.12,,,,,,0,15,15,,1,,,,,,,,,,0,,17,1,0,,1,,,
1510,花生,,,,,,homelandplantEx,,,,,,,1,0,0,1,3,0,,,,,1,35,1,15,100,15,,1510,10000,,,1510,10000,,,,0,1,0,,1,peanut,peanut,,,blockd.grass,,229,0,1,,,0.12,,,,,,0,15,15,,1,,,,,,,,,,0,,17,1,0,,1,,,
1511,大麦,,,,,,homelandplantEx,,,,,,,1,0,0,1,3,0,,,,,1,35,1,15,100,15,,1511,10000,,,1511,10000,,,,0,1,0,,2,barleywheat,barleywheat,,,blockd.grass,,229,0,1,,,0.12,,,,,,0,15,15,,1,,1,,,,,,,,0,,17,1,0,,1,,,
1512,芝麻,,,,,,homelandplantEx,,,,,,,1,0,0,1,3,0,,,,,1,35,1,15,100,15,,1512,10000,,,1512,10000,,,,0,1,0,,2,sesame,sesame,,,blockd.grass,,229,0,1,,,0.12,,,,,,0,15,15,,1,,1,,,,,,,,0,,17,1,0,,1,,,
1513,生菜,,,,,,homelandplantEx,,,,,,,1,0,0,1,3,0,,,,,1,35,1,15,100,15,,1513,10000,,,1513,10000,,,,0,1,0,,1,lettuce,lettuce,,,blockd.grass,,229,0,1,,,0.12,,,,,,0,15,15,,1,,,,,,,,,,0,,17,1,0,,1,,,
1514,甜菜,,,,,,homelandplantEx,,,,,,,1,0,0,1,3,0,,,,,1,35,1,15,100,15,,1514,10000,,,1514,10000,,,,0,1,0,,1,beet,beet,,,blockd.grass,,229,0,1,,,0.12,,,,,,0,15,15,,1,,,,,,,,,,0,,17,1,0,,1,,,
1515,西红柿,,,,,,homelandplantEx,,,,,,,1,0,0,1,3,0,,,,,1,35,1,15,100,15,,1515,10000,,,1515,10000,,,,0,1,0,,2,tomato,tomato,,,blockd.grass,,229,0,1,,,0.12,,,,,,0,15,15,,1,,1,,,,,,,,0,,17,1,0,,1,,,
1516,高丹草,,,,,,homelandplantEx,,,,,,,1,0,0,1,3,0,,,,,1,35,1,15,100,15,,1516,10000,,,1516,10000,,,,0,1,0,,2,sorbus,sorbus,,,blockd.grass,,229,0,1,,,0.12,,,,,,0,15,15,,1,,1,,,,,,,,0,,17,1,0,,1,,,
1517,甘蓝,,,,,,homelandplantEx,,,,,,,1,0,0,1,3,0,,,,,1,35,1,15,100,15,,1517,10000,,,1517,10000,,,,0,1,0,,1,cabbage,cabbage,,,blockd.grass,,229,0,1,,,0.12,,,,,,0,15,15,,1,,,,,,,,,,0,,17,1,0,,1,,,
1518,玉米,,,,,,homelandplantEx,,,,,,,1,0,0,1,3,0,,,,,1,35,1,15,100,15,,1518,10000,,,1518,10000,,,,0,1,0,,2,homecorn,homecorn,,,blockd.grass,,229,0,1,,,0.12,,,,,,0,15,15,,1,,1,,,,,,,,0,,17,1,0,,1,,,
1519,青椒,,,,,,homelandplantEx,,,,,,,1,0,0,1,3,0,,,,,1,35,1,15,100,15,,1519,10000,,,1519,10000,,,,0,1,0,,1,greenpepper,greenpepper,,,blockd.grass,,229,0,1,,,0.12,,,,,,0,15,15,,1,,,,,,,,,,0,,17,1,0,,1,,,
1520,小地星,,,,,,homelandplantEx,,,,,,,1,0,0,1,3,0,,,,,1,35,1,15,100,15,,1520,10000,,,1520,10000,,,,0,1,0,,1,earthstar,earthstar,,,blockd.grass,,229,0,1,,,0.12,,,,,,0,15,15,,1,,,,,,,,,,0,,17,1,0,,1,,,
1521,萝卜,,,,,,homelandplantEx,,,,,,,1,0,0,1,3,0,,,,,1,35,1,15,100,15,,1521,10000,,,1521,10000,,,,0,1,0,,1,radish,radish,,,blockd.grass,,229,0,1,,,0.12,,,,,,0,15,15,,1,,,,,,,,,,0,,17,1,0,,1,,,
1522,花椰菜,,,,,,homelandplantEx,,,,,,,1,0,0,1,3,0,,,,,1,35,1,15,100,15,,1522,10000,,,1522,10000,,,,0,1,0,,1,cauliflower,cauliflower,,,blockd.grass,,229,0,1,,,0.12,,,,,,0,15,15,,1,,,,,,,,,,0,,17,1,0,,1,,,
1523,韭菜,,,,,,homelandplantEx,,,,,,,1,0,0,1,3,0,,,,,1,35,1,15,100,15,,1523,10000,,,1523,10000,,,,0,1,0,,1,chives,chives,,,blockd.grass,,229,0,1,,,0.12,,,,,,0,15,15,,1,,,,,,,,,,0,,17,1,0,,1,,,
1524,红枣,,,,,,homelandplantEx,,,,,,,1,0,0,1,3,0,,,,,1,35,1,15,100,15,,1524,10000,,,1524,10000,,,,0,1,0,,2,jujubetree,jujubetree,,,blockd.grass,,229,0,1,,,0.12,,,,,,0,15,15,,1,,1,,,,,,,,0,,17,1,0,,1,,,
1525,野萝卜,,,,,,homelandplantEx,,,,,,,1,0,0,1,3,0,,,,,1,35,1,15,100,15,,1525,10000,,,1525,10000,,,,0,1,0,,2,cucumber,cucumber,,,blockd.grass,,229,0,1,,,0.12,,,,,,0,15,15,,1,,1,,,,,,,,0,,17,1,0,,1,,,
1526,油菜花,,,,,,homelandplantEx,,,,,,,1,0,0,1,3,0,,,,,1,35,1,15,100,15,,1526,10000,,,1526,10000,,,,0,1,0,,2,rapeblossoms,rapeblossoms,,,blockd.grass,,229,0,1,,,0.12,,,,,,0,15,15,,1,,1,,,,,,,,0,,17,1,0,,1,,,
1527,青稞,,,,,,homelandplantEx,,,,,,,1,0,0,1,3,0,,,,,1,35,1,15,100,15,,1527,10000,,,1527,10000,,,,0,1,0,,2,barley,barley,,,blockd.grass,,229,0,1,,,0.12,,,,,,0,15,15,,1,,1,,,,,,,,0,,17,1,0,,1,,,
1528,椰树,,,,,,homelandplantEx,,,,,,,1,0,0,1,3,0,,,,,1,35,1,15,100,15,,1528,10000,,,1528,10000,,,,0,1,0,,6,coconuttree,coconuttree,,,blockd.grass,,229,0,1,,,0.12,,,,,,1,15,15,,1,,1,,,,,,,,0,,17,1,0,,1,,,
1529,覆盆子,,,,,,homelandplantEx,,,,,,,1,0,0,1,3,0,,,,,1,35,1,15,100,15,,1529,10000,,,1529,10000,,,,0,1,0,,1,raspberry,raspberry,,,blockd.grass,,229,0,1,,,0.12,,,,,,0,15,15,,1,,,,,,,,,,0,,17,1,0,,1,,,
1530,蛋黄果,,,,,,homelandplantEx,,,,,,,1,0,0,1,3,0,,,,,1,35,1,15,100,15,,1530,10000,,,1530,10000,,,,0,1,0,,2,lucuma,lucuma,,,blockd.grass,,229,0,1,,,0.12,,,,,,0,15,15,,1,,1,,,,,,,,0,,17,1,0,,1,,,
1531,红高粱,,,,,,homelandplantEx,,,,,,,1,0,0,1,3,0,,,,,1,35,1,15,100,15,,1531,10000,,,1531,10000,,,,0,1,0,,2,redsorghum,redsorghum,,,blockd.grass,,229,0,1,,,0.12,,,,,,0,15,15,,1,,1,,,,,,,,0,,17,1,0,,1,,,
1532,圆椒,,,,,,homelandplantEx,,,,,,,1,0,0,1,3,0,,,,,1,35,1,15,100,15,,1532,10000,,,1532,10000,,,,0,1,0,,1,bellpepper,bellpepper,,,blockd.grass,,229,0,1,,,0.12,,,,,,0,15,15,,1,,,,,,,,,,0,,17,1,0,,1,,,
1533,豌豆,,,,,,homelandplantEx,,,,,,,1,0,0,1,3,0,,,,,1,35,1,15,100,15,,1533,10000,,,1533,10000,,,,0,1,0,,1,pea,pea,,,blockd.grass,,229,0,1,,,0.12,,,,,,0,15,15,,1,,,,,,,,,,0,,17,1,0,,1,,,
1534,蓝莓,,,,,,homelandplantEx,,,,,,,1,0,0,1,3,0,,,,,1,35,1,15,100,15,,1534,10000,,,1534,10000,,,,0,1,0,,1,blueberrytree,blueberrytree,,,blockd.grass,,229,0,1,,,0.12,,,,,,0,15,15,,1,,,,,,,,,,0,,17,1,0,,1,,,
1535,草莓,,,,,,homelandplantEx,,,,,,,1,0,0,1,3,0,,,,,1,35,1,15,100,15,,1535,10000,,,1535,10000,,,,0,1,0,,1,strawberry,strawberry,,,blockd.grass,,229,0,1,,,0.12,,,,,,0,15,15,,1,,,,,,,,,,0,,17,1,0,,1,,,
1536,菠萝,,,,,,homelandplantEx,,,,,,,1,0,0,1,3,0,,,,,1,35,1,15,100,15,,1536,10000,,,1536,10000,,,,0,1,0,,1,pineappletree,pineappletree,,,blockd.grass,,229,0,1,,,0.12,,,,,,0,15,15,,1,,,,,,,,,,0,,17,1,0,,1,,,
1537,葡萄,,,,,,homelandplantEx,,,,,,,1,0,0,1,3,0,,,,,1,35,1,15,100,15,,1537,10000,,,1537,10000,,,,0,1,0,,1,grapetree,grapetree,,,blockd.grass,,229,0,1,,,0.12,,,,,,0,15,15,,1,,,,,,,,,,0,,17,1,0,,1,,,
1538,樱桃,,,,,,homelandplantEx,,,,,,,1,0,0,1,3,0,,,,,1,35,1,15,100,15,,1538,10000,,,1538,10000,,,,0,1,0,,1,cherrytree,cherrytree,,,blockd.grass,,229,0,1,,,0.12,,,,,,0,15,15,,1,,,,,,,,,,0,,17,1,0,,1,,,
1539,灵芝,,,,,,homelandplantEx,,,,,,,1,0,0,1,3,0,,,,,1,35,1,15,100,15,,1539,10000,,,1539,10000,,,,0,1,0,,1,ganodermalucidum,ganodermalucidum,,,blockd.grass,,229,0,1,,,0.12,,,,,,0,15,15,,1,,,,,,,,,,0,,17,1,0,,1,,,
1540,火龙果,,,,,,homelandplantEx,,,,,,,1,0,0,1,3,0,,,,,1,35,1,15,100,15,,1540,10000,,,1540,10000,,,,0,1,0,,1,dragonfruit,dragonfruit,,,blockd.grass,,229,0,1,,,0.12,,,,,,0,15,15,,1,,,,,,,,,,0,,17,1,0,,1,,,
1541,五彩椒,,,,,,homelandplantEx,,,,,,,1,0,0,1,3,0,,,,,1,35,1,15,100,15,,1541,10000,,,1541,10000,,,,0,1,0,,1,colorfulpepper,colorfulpepper,,,blockd.grass,,229,0,1,,,0.12,,,,,,0,15,15,,1,,,,,,,,,,0,,17,1,0,,1,,,
1542,网盖红褶伞,,,,,,homelandplantEx,,,,,,,1,0,0,1,3,0,,,,,1,35,1,15,100,15,,1542,10000,,,1542,10000,,,,0,1,0,,1,palmatus,palmatus,,,blockd.grass,,229,0,1,,,0.12,,,,,,0,15,15,,1,,,,,,,,,,0,,17,1,0,,1,,,
1543,人参,,,,,,homelandplantEx,,,,,,,1,0,0,1,3,0,,,,,1,35,1,15,100,15,,1543,10000,,,1543,10000,,,,0,1,0,,1,ginseng,ginseng,,,blockd.grass,,229,0,1,,,0.12,,,,,,0,15,15,,1,,,,,,,,,,0,,17,1,0,,1,,,
1550,简约床,,SimpleBed,SimpleBed,,,bed,,,,,,,1,1,1,1,0,2,,,,,-1,-1,1,0,,0,,1550,10000,0,0,1550,10000,,,,2,1,0,,1,furniture_bed,furniture_bed,,blocks.wood,blockd.wood,blockd.wood,1550,1,1,,7b4b2c,,,,,4,,0,15,15,,1,,1,10,3,,,,,,0,,17,1,0,,1,,,
1551,简约沙发,,SimpleSofa,SimpleSofa,,,simplesofa,,,,,,,1,1,1,1,0,2,,,,,-1,-1,1,0,,0,,1551,10000,0,0,1551,10000,,,,2,1,0,,1,furniture_sofa,furniture_sofa,,blocks.wood,blockd.wood,blockd.wood,1551,1,1,,7b4b3c,,,,,4,,0,15,15,,1,,,10,3,,,,,,0,,17,1,0,,1,,,
1552,简约书桌,,SimpleDesk,SimpleDesk,,,simpledesk,,,,,,,1,1,1,1,0,2,,,,,-1,-1,1,0,,0,,1552,10000,0,0,1552,10000,,,,2,1,0,,1,furniture_desk,furniture_desk,,blocks.wood,blockd.wood,blockd.wood,1552,1,1,,7b4b4c,,,,,4,,0,15,15,,1,,,10,3,,,,,,0,,17,1,0,,1,,,
1553,简约餐桌,,SimpleTable,SimpleTable,,,simpletable,,,,,,,1,1,1,1,0,2,,,,,-1,-1,1,0,,0,,1553,10000,0,0,1553,10000,,,,2,1,0,,1,furniture_table,furniture_table,,blocks.wood,blockd.wood,blockd.wood,1553,1,1,,7b4b5c,,,,,4,,0,15,15,,1,,,10,3,,,,,,0,,17,1,0,,1,,,
1554,简约茶几,,,,,,furniture,,,,,,,1,1,1,1,0,2,,,,,-1,-1,1,0,,0,,1554,10000,0,0,1554,10000,,,,2,1,0,,1,furniture_tea_table,furniture_tea_table,,blocks.wood,blockd.wood,blockd.wood,1554,1,1,,7b4b6c,,,,,,,0,15,15,,1,,,10,3,,,,,,1,,17,1,1,,1,,,
1555,简约洗手台,,,,,,furniture,,,,,,,1,1,1,1,0,2,,,,,-1,-1,1,0,,0,,1555,10000,0,0,1555,10000,,,,2,1,0,,1,furniture_wash_table,furniture_wash_table,,blocks.stone,blockd.stone,blockd.stone,1555,2,1,,7b4b7c,,,,,4,,0,15,15,,1,,,10,3,,,,,,1,,17,1,1,,1,,,
1556,简约椅子,,,,,,chair,,,,,,,1,1,1,1,0,2,,,,,-1,-1,1,0,,0,,1556,10000,0,0,1556,10000,,,,2,1,0,,1,furniture_chair,furniture_chair,,blocks.wood,blockd.wood,blockd.wood,1556,1,1,,7b4b8c,,,,,4,,0,15,15,,1,,,10,3,,,,,,1,,17,1,0,,1,,,
1557,简约马桶,,,,,,chair,,,,,,,1,1,1,1,0,2,,,,,-1,-1,1,0,,0,,1557,10000,0,0,1557,10000,,,,2,1,0,,1,furniture_toilet,furniture_toilet,,blocks.stone,blockd.stone,blockd.stone,1557,2,1,,7b4b9c,,,,,4,,0,15,15,,1,,,10,3,,,,,,1,,17,1,0,,1,,,
1558,简约浴缸,,SimpleBathtub,SimpleBathtub,,,simplebathtub,,,,,,,1,1,1,1,0,2,,,,,-1,-1,1,0,,0,,1558,10000,0,0,1558,10000,,,,2,1,0,,1,furniture_bathtub,furniture_bathtub,,blocks.stone,blockd.stone,blockd.stone,1558,2,1,,7b4b10c,,,,,4,,0,15,15,,1,,,10,3,,,,,,0,,17,1,0,,1,,,
1559,简约衣柜,,SimpleCloset,SimpleCloset,,,simplecloset,,,,,,,1,1,1,1,0,2,,,,,-1,-1,1,0,,0,,1559,10000,0,0,1559,10000,,,,2,1,0,,3,furniture_closet,furniture_closet,,blocks.wood,blockd.wood,blockd.wood,1559,1,1,,7b4b11c,,,,,4,,0,15,15,,1,,1,10,3,,,,,,0,,17,1,0,,1,,,
1560,简约橱柜,,,,,,cupboard,,,,,,,1,1,1,1,0,2,,,,,-1,-1,1,0,,0,,1560,10000,0,0,1560,10000,,,,2,1,0,,1,furniture_cabinet,furniture_cabinet,,blocks.wood,blockd.wood,blockd.wood,1560,1,1,,7b4b12c,,,,,4,,0,15,15,,1,,,10,3,,,,,,1,,17,1,0,,1,,,
1561,简约半格橱柜,,,,,,halfcabinet,,,,,,,1,1,1,1,0,2,,,,,-1,-1,1,0,,0,,1561,10000,0,0,1561,10000,,,,2,1,0,,1,furniture_half_cabinet,furniture_half_cabinet,,blocks.wood,blockd.wood,blockd.wood,1561,1,1,,7b4b13c,,,,,4,,0,15,15,,1,,,10,3,,,,,,1,,17,1,0,,1,,,
1562,简约组合柜,,,,,,chest,,,,,,,1,1,1,1,0,2,,,,,-1,-1,1,0,,0,,1562,10000,0,0,1562,10000,,,,2,1,0,,1,furniture_group_cabinet,furniture_group_cabinet,,blocks.wood,blockd.wood,blockd.wood,1562,1,1,,7b4b14c,,,,,4,,0,15,15,,1,,,10,3,,,,,,1,,17,1,1,,1,,,
1563,简约屏风,,SimpleScreen,SimpleScreen,,,screen,,,,,,,1,1,1,1,0,2,,,,,-1,-1,1,0,,0,,1563,10000,0,0,1563,10000,,,,2,1,0,,2,furniture_screen,furniture_screen,,blocks.wood,blockd.wood,blockd.wood,1563,1,1,,7b4b15c,,,,,4,,0,15,15,,1,,1,10,3,,,,,,0,,17,1,1,,1,,,
1564,简约立体灯,,,,,,lamp,,,,,,,1,1,1,1,0,2,,,,,-1,-1,1,0,,0,,1564,10000,0,0,1564,10000,,,,1,1,10,,1,furniture_erect_light,furniture_erect_light,,blocks.stone,blockd.stone,blockd.stone,1564,1,1,,7b4b16c,,,,,,,0,15,0,,1,,,10,3,,,,,,1,dadabe,17,1,1,,1,,,2
1565,简约吊灯,,SimpleCeilingLight,SimpleCeilingLight,,,lamp,,,,,,,1,1,1,1,0,2,,,,,-1,-1,1,0,,0,,1565,10000,0,0,1565,10000,,,,1,1,10,,1,furniture_ceiling_light,furniture_ceiling_light,,blocks.stone,blockd.stone,blockd.stone,1565,1,1,,7b4b17c,,,,,,,0,15,0,,1,,,10,3,,,,,,1,dadabe,17,1,1,,1,,,2
1566,简约壁灯,,,,,,lamp,,,,,,,1,1,1,1,0,2,,,,,-1,-1,1,0,,0,,1566,10000,0,0,1566,10000,,,,1,1,10,,1,furniture_wall_light,furniture_wall_light,,blocks.stone,blockd.stone,blockd.stone,1566,1,1,,7b4b18c,,,,,4,,0,15,0,,1,,,10,3,,,,,,1,dadabe,17,1,1,,1,,,2
1567,简约门,,SimpleDoor,SimpleDoor,,,simpledoor,,,,,,,1,1,1,1,0,2,,,,,-1,-1,1,0,,0,,1567,10000,0,0,1567,10000,,,,2,1,0,,2,furniture_door,furniture_door,,blocks.wood,blockd.wood,blockd.wood,1567,1,1,,7b4b19c,,,,,4,,0,15,15,,1,,1,10,,,,,,,0,,17,1,0,,1,,,
1568,简约窗,,SimpleWindow,SimpleWindow,,,screen,,,,,,,1,1,1,1,0,2,,,,,-1,-1,1,0,,0,,1568,10000,0,0,1568,10000,,,,2,1,0,,2,furniture_window,furniture_window,,blocks.wood,blockd.wood,blockd.wood,1568,1,1,,7b4b20c,,,,,4,,0,15,15,,1,,1,10,,,,,,,0,,17,1,1,,1,,,
1569,简约楼梯,,,,,,simplestair,,,,,,,1,1,1,1,0,2,,,,,-1,-1,1,0,,0,,1569,10000,0,0,1569,10000,,,,2,1,0,,1,furniture_stairs,furniture_stairs,,blocks.wood,blockd.wood,blockd.wood,1569,1,1,,7b4b21c,,,,,4,,0,15,15,,1,,,10,,,,,,,1,,17,1,0,,1,,,
1570,简约墙砖,,,,,,wallbrick,,,,,,,1,1,1,1,0,2,,,,,-1,-1,1,0,,0,,1570,10000,0,0,1570,10000,,,,2,1,0,,1,furniture_wall,,,blocks.stone,blockd.stone,blockd.stone,1570,2,1,,7b4b22c,,,,,4,,1,15,15,,1,,,10,,,,,,,0,,17,1,0,,1,,,
1571,简约砖,,,,,,simpletile,,,,,,,1,1,1,1,0,2,,,,,-1,-1,1,0,,0,,1571,10000,0,0,1571,10000,,,,2,1,0,,1,furniture_brick,,,blocks.stone,blockd.stone,blockd.stone,1571,2,1,,7b4b23c,,,,,4,,0,15,15,,6,,,10,,,,,,,0,,17,1,0,,1,,,
1572,简约半砖,,,,,,slab,,,,,,,1,1,1,1,0,2,,,,,-1,-1,1,0,,0,,1572,10000,0,0,1572,10000,,,,2,1,0,,1,furniture_half_brick,,,blocks.stone,blockd.stone,blockd.stone,1572,2,1,,998d7c,,,,,,,0,15,15,,1,,,10,,,,,,,0,,17,1,1,,1,,,
1573,简约围栏,,,,,,fence,,,,,,,1,1,1,1,0,2,,,,,-1,-1,1,0,,0,,1573,10000,0,0,1573,10000,,,,2,1,0,,1,furniture_rail,furniture_rail,,blocks.wood,blockd.wood,blockd.wood,1573,1,1,,7b4b25c,,,,,4,,6,15,15,,1,,,10,,,,,,,2,,17,1,1,,1,,,
1574,中式床,,,china_bed,,,bed,,,,,,,1,1,1,1,0,2,,,,,30,20,1,2,20,2,,1574,10000,0,0,1574,10000,,,,2,1,0,,1,china_bed,china_bed,,blocks.wood,blockd.wood,blockd.wood,1574,1,1,,7b4b26c,,,,,4,,0,15,15,,1,,1,10,3,,,,,,0,,17,1,0,,1,,1,
1575,中式沙发,,,china_sofa,,,simplesofa,,,,,,,1,1,1,1,0,2,,,,,30,10,1,2,20,2,,1575,10000,0,0,1575,10000,,,,2,1,0,,1,china_sofa,china_sofa,,blocks.wood,blockd.wood,blockd.wood,1575,1,1,,7b4b27c,,,,,4,,0,15,15,,1,,,1,3,,,,,,0,,17,1,0,,1,,1,
1576,中式书桌,,,china_desk,,,simpledesk,,,,,,,1,1,1,1,0,2,,,,,25,6,1,2,20,2,,1576,10000,0,0,1576,10000,,,,2,1,0,,1,china_desk,china_desk,,blocks.wood,blockd.wood,blockd.wood,1576,1,1,,7b4b28c,,,,,4,,0,15,15,,1,,,1,3,,,,,,0,,17,1,0,,1,,1,
1577,中式餐桌,,,china_table,,,simpletable,,,,,,,1,1,1,1,0,2,,,,,25,6,1,2,20,2,,1577,10000,0,0,1577,10000,,,,2,1,0,,1,china_table,china_table,,blocks.wood,blockd.wood,blockd.wood,1577,1,1,,7b4b29c,,,,,4,,0,15,15,,1,,,1,3,,,,,,0,,17,1,0,,1,,,
1578,中式茶几,,,china_tea_table,,,furniture,,,,,,,1,1,1,1,0,2,,,,,25,6,1,2,20,2,,1578,10000,0,0,1578,10000,,,,2,1,0,,1,china_tea_table,china_tea_table,,blocks.wood,blockd.wood,blockd.wood,1578,1,1,,7b4b30c,,,,,,,0,15,15,,1,,,1,3,,,,,,1,,17,1,1,,1,,1,
1579,中式洗手台,,,china_wash_table,,,furniture,,,,,,,1,1,1,1,0,2,,,,,40,20,1,0,,0,,1579,10000,0,0,1579,10000,,,,2,1,0,,1,china_wash_table,china_wash_table,,blocks.stone,blockd.stone,blockd.stone,1579,2,1,,7b4b31c,,,,,4,,0,15,15,,1,,,10,3,,,,,,1,,17,1,1,,1,,1,
1580,中式椅子,,,china_chair,,,chair,,,,,,,1,1,1,1,0,2,,,,,25,6,1,2,20,2,,1580,10000,0,0,1580,10000,,,,2,1,0,,1,china_chair,china_chair,,blocks.wood,blockd.wood,blockd.wood,1580,1,1,,7b4b32c,,,,,4,,0,15,15,,1,,,1,3,,,,,,1,,17,1,0,,1,,1,
1581,中式马桶,,,china_toilet,,,chair,,,,,,,1,1,1,1,0,2,,,,,40,20,1,0,,0,,1581,10000,0,0,1581,10000,,,,2,1,0,,1,china_toilet,china_toilet,,blocks.stone,blockd.stone,blockd.stone,1581,2,1,,7b4b33c,,,,,4,,0,15,15,,1,,,10,3,,,,,,1,,17,1,0,,1,,1,
1582,中式浴缸,,,china_bathtub,,,simplebathtub,,,,,,,1,1,1,1,0,2,,,,,50,35,1,0,,0,,1582,10000,0,0,1582,10000,,,,2,1,0,,1,china_bathtub,china_bathtub,,blocks.stone,blockd.stone,blockd.stone,1582,2,1,,7b4b34c,,,,,4,,0,15,15,,1,,,10,3,,,,,,0,,17,1,0,,1,,1,
1583,中式衣柜,,,china_closet,,,simplecloset,,,,,,,1,1,1,1,0,2,,,,,50,20,1,2,20,2,,1583,10000,0,0,1583,10000,,,,2,1,0,,3,china_closet,china_closet,,blocks.wood,blockd.wood,blockd.wood,1583,1,1,,7b4b35c,,,,,4,,0,15,15,,1,,1,10,3,,,,,,0,,17,1,0,,1,,1,
1584,中式橱柜,,,china_cabinet,,,cupboard,,,,,,,1,1,1,1,0,2,,,,,25,6,1,2,20,2,,1584,10000,0,0,1584,10000,,,,2,1,0,,1,china_cabinet,china_cabinet,,blocks.wood,blockd.wood,blockd.wood,1584,1,1,,7b4b36c,,,,,4,,0,15,15,,1,,,1,3,,,,,,1,,17,1,0,,1,,,
1585,中式半格橱柜,,,china_half_cabinet,,,halfcabinet,,,,,,,1,1,1,1,0,2,,,,,25,6,1,2,20,2,,1585,10000,0,0,1585,10000,,,,2,1,0,,1,china_half_cabinet,china_half_cabinet,,blocks.wood,blockd.wood,blockd.wood,1585,1,1,,7b4b37c,,,,,4,,0,15,15,,1,,,1,3,,,,,,1,,17,1,0,,1,,,
1586,中式组合柜,,,china_group_cabinet,,,chest,,,,,,,1,1,1,1,0,2,,,,,25,6,1,2,20,2,,1586,10000,0,0,1586,10000,,,,2,1,0,,1,china_group_cabinet,china_group_cabinet,,blocks.wood,blockd.wood,blockd.wood,1586,1,1,,7b4b38c,,,,,4,,0,15,15,,1,,,1,3,,,,,,1,,17,1,1,,1,,1,
1587,中式屏风,,,china_screen,,,screen,,,,,,,1,1,1,1,0,2,,,,,25,10,1,2,20,2,,1587,10000,0,0,1587,10000,,,,2,1,0,,2,china_screen,china_screen,,blocks.wood,blockd.wood,blockd.wood,1587,1,1,,7b4b39c,,,,,4,,0,15,15,,1,,1,1,3,,,,,,0,,17,1,1,,1,,,
1588,中式立体灯,,,china_erect_light,,,lamp,,,,,,,1,1,1,1,0,2,,,,,25,10,1,0,,0,,1588,10000,0,0,1588,10000,,,,1,1,10,,1,china_erect_light,china_erect_light,,blocks.stone,blockd.stone,blockd.stone,1588,1,1,,7b4b40c,,,,,,,0,15,0,,1,,,1,3,,,,,,1,dadabe,17,1,1,,1,,1,2
1589,中式吊灯,,,china_ceiling_light,,,lamp,,,,,,,1,1,1,1,0,2,,,,,25,10,1,0,,0,,1589,10000,0,0,1589,10000,,,,1,1,10,,1,china_ceiling_light,china_ceiling_light,,blocks.stone,blockd.stone,blockd.stone,1589,1,1,,7b4b41c,,,,,,,0,15,0,,1,,,1,3,,,,,,1,dadabe,17,1,1,,1,,1,2
1590,中式壁灯,,,china_wall_light,,,lamp,,,,,,,1,1,1,1,0,2,,,,,25,10,1,0,,0,,1590,10000,0,0,1590,10000,,,,1,1,10,,1,china_wall_light,china_wall_light,,blocks.stone,blockd.stone,blockd.stone,1590,1,1,,7b4b42c,,,,,4,,0,15,0,,1,,,1,3,,,,,,1,dadabe,17,1,1,,1,,1,2
1591,中式门,,,china_door,,,simpledoor,,,,,,,1,1,1,1,0,2,,,,,24,12,1,1,20,1,,1591,10000,0,0,1591,10000,,,,2,1,0,,2,china_door,china_door,,blocks.wood,blockd.wood,blockd.wood,1591,1,1,,7b4b43c,,,,,4,,0,15,15,,1,,1,10,,,,,,,0,,17,1,0,,1,,,
1592,中式窗,,,china_window,,,screen,,,,,,,1,1,1,1,0,2,,,,,24,12,1,1,20,1,,1591,10000,0,0,1592,10000,,,,2,1,0,,2,china_window,china_window,,blocks.wood,blockd.wood,blockd.wood,1592,1,1,,7b4b44c,,,,,4,,0,15,15,,1,,1,10,,,,,,,0,,17,1,1,,1,,,
1593,中式楼梯,,,china_stairs,,,simplestair,,,,,,,1,1,1,1,0,2,,,,,24,6,1,1,20,1,,1593,10000,0,0,1593,10000,,,,2,1,0,,1,china_stairs,china_stairs,,blocks.wood,blockd.wood,blockd.wood,1593,1,1,,7b4b45c,,,,,4,,0,15,15,,1,,,1,,,,,,,1,,17,1,0,,1,,1,
1594,中式墙砖,,,china_wall,,,wallbrick,,,,,,,1,1,1,1,0,2,,,,,60,10,1,0,,0,,1594,10000,0,0,1594,10000,,,,2,1,0,,1,china_wall,,,blocks.stone,blockd.stone,blockd.stone,1594,2,1,,9196b1,,,,,4,,0,15,15,,1,,,1,,,,,,,0,,17,1,0,,1,,,
1595,中式砖,,,china_brick,,,simpletile,,,,,,,1,1,1,1,0,2,,,,,60,10,1,0,,0,,1595,10000,0,0,1595,10000,,,,2,1,0,,1,china_brick,,,blocks.stone,blockd.stone,blockd.stone,1595,2,1,,7d666c,,,,,4,,0,15,15,,6,,,1,,,,,,,0,,17,1,0,,1,,,
1596,中式半砖,,,china_half_brick,,,slab,,,,,,,1,1,1,1,0,2,,,,,60,10,1,0,,0,,1596,10000,0,0,1596,10000,,,,2,1,0,,1,china_half_brick,,,blocks.stone,blockd.stone,blockd.stone,1596,2,1,,7b4b48c,,,,,,,0,15,15,,1,,,1,,,,,,,0,,17,1,1,,1,,,
1597,中式围栏,,,china_rail,,,fence,,,,,,,1,1,1,1,0,2,,,,,25,6,1,0,,0,,1597,10000,0,0,1597,10000,,,,2,1,0,,1,china_rail,china_rail,,blocks.wood,blockd.wood,blockd.wood,1597,1,1,,7b4b49c,,,,,4,,6,15,15,,1,,,1,,,,,,,2,,17,1,1,,1,,,
1598,现代床,,,modern_bed,,,bed,,,,,,,1,1,1,1,0,2,,,,,-1,-1,1,0,,0,,1598,10000,0,0,1598,10000,,,,2,1,0,,1,modern_bed,modern_bed,,blocks.wood,blockd.wood,blockd.wood,1598,1,1,,7b4b50c,,,,,4,,0,15,15,,1,,1,10,3,,,,,,0,,17,1,0,,1,,,
1599,现代沙发,,,modern_sofa,,,simplesofa,,,,,,,1,1,1,1,0,2,,,,,-1,-1,1,0,,0,,1599,10000,0,0,1599,10000,,,,2,1,0,,1,modern_sofa,modern_sofa,,blocks.wood,blockd.wood,blockd.wood,1599,1,1,,7b4b51c,,,,,4,,0,15,15,,1,,,10,3,,,,,,0,,17,1,0,,1,26,,
1600,现代书桌,,,modern_desk,,,simpledesk,,,,,,,1,1,1,1,0,2,,,,,-1,-1,1,0,,0,,1600,10000,0,0,1600,10000,,,,2,1,0,,1,modern_desk,modern_desk,,blocks.wood,blockd.wood,blockd.wood,1600,1,1,,7b4b52c,,,,,4,,0,15,15,,1,,,10,3,,,,,,0,,17,1,0,,1,26,,
1601,现代餐桌,,,modern_table,,,simpletable,,,,,,,1,1,1,1,0,2,,,,,-1,-1,1,0,,0,,1601,10000,0,0,1601,10000,,,,2,1,0,,1,modern_table,modern_table,,blocks.wood,blockd.wood,blockd.wood,1601,1,1,,7b4b53c,,,,,4,,0,15,15,,1,,,10,3,,,,,,0,,17,1,0,,1,26,,
1602,现代茶几,,,modern_tea_table,,,furniture,,,,,,,1,1,1,1,0,2,,,,,-1,-1,1,0,,0,,1602,10000,0,0,1602,10000,,,,2,1,0,,1,modern_tea_table,modern_tea_table,,blocks.wood,blockd.wood,blockd.wood,1602,1,1,,7b4b54c,,,,,,,0,15,15,,1,,,10,3,,,,,,1,,17,1,1,,1,26,,
1603,现代洗手台,,,modern_wash_table,,,furniture,,,,,,,1,1,1,1,0,2,,,,,-1,-1,1,0,,0,,1603,10000,0,0,1603,10000,,,,2,1,0,,1,modern_wash_table,modern_wash_table,,blocks.stone,blockd.stone,blockd.stone,1603,2,1,,7b4b55c,,,,,4,,0,15,15,,1,,,10,3,,,,,,1,,17,1,1,,1,,,
1604,现代椅子,,,modern_chair,,,chair,,,,,,,1,1,1,1,0,2,,,,,-1,-1,1,0,,0,,1604,10000,0,0,1604,10000,,,,2,1,0,,1,modern_chair,modern_chair,,blocks.wood,blockd.wood,blockd.wood,1604,1,1,,7b4b56c,,,,,4,,0,15,15,,1,,,10,3,,,,,,1,,17,1,0,,1,26,,
1605,现代马桶,,,modern_toilet,,,chair,,,,,,,1,1,1,1,0,2,,,,,-1,-1,1,0,,0,,1605,10000,0,0,1605,10000,,,,2,1,0,,1,modern_toilet,modern_toilet,,blocks.stone,blockd.stone,blockd.stone,1605,2,1,,7b4b57c,,,,,4,,0,15,15,,1,,,10,3,,,,,,1,,17,1,0,,1,,,
1606,现代浴缸,,,modern_bathtub,,,simplebathtub,,,,,,,1,1,1,1,0,2,,,,,-1,-1,1,0,,0,,1606,10000,0,0,1606,10000,,,,2,1,0,,1,modern_bathtub,modern_bathtub,,blocks.stone,blockd.stone,blockd.stone,1606,2,1,,7b4b58c,,,,,4,,0,15,15,,1,,,10,3,,,,,,0,,17,1,0,,1,,,
1607,现代衣柜,,,modern_closet,,,simplecloset,,,,,,,1,1,1,1,0,2,,,,,-1,-1,1,0,,0,,1607,10000,0,0,1607,10000,,,,2,1,0,,3,modern_closet,modern_closet,,blocks.wood,blockd.wood,blockd.wood,1607,1,1,,7b4b59c,,,,,4,,0,15,15,,1,,1,10,3,,,,,,0,,17,1,0,,1,,,
1608,现代橱柜,,,modern_cabinet,,,cupboard,,,,,,,1,1,1,1,0,2,,,,,-1,-1,1,0,,0,,1608,10000,0,0,1608,10000,,,,2,1,0,,1,modern_cabinet,modern_cabinet,,blocks.wood,blockd.wood,blockd.wood,1608,1,1,,7b4b60c,,,,,4,,0,15,15,,1,,,10,3,,,,,,1,,17,1,0,,1,26,,
1609,现代半格橱柜,,,modern_half_cabinet,,,halfcabinet,,,,,,,1,1,1,1,0,2,,,,,-1,-1,1,0,,0,,1609,10000,0,0,1609,10000,,,,2,1,0,,1,modern_half_cabinet,modern_half_cabinet,,blocks.wood,blockd.wood,blockd.wood,1609,1,1,,7b4b61c,,,,,4,,0,15,15,,1,,,10,3,,,,,,1,,17,1,0,,1,26,,
1610,现代组合柜,,,modern_group_cabinet,,,chest,,,,,,,1,1,1,1,0,2,,,,,-1,-1,1,0,,0,,1610,10000,0,0,1610,10000,,,,2,1,0,,1,modern_group_cabinet,modern_group_cabinet,,blocks.wood,blockd.wood,blockd.wood,1610,1,1,,7b4b62c,,,,,4,,0,15,15,,1,,,10,3,,,,,,1,,17,1,1,,1,,,
1611,现代屏风,,,modern_screen,,,screen,,,,,,,1,1,1,1,0,2,,,,,-1,-1,1,0,,0,,1611,10000,0,0,1611,10000,,,,2,1,0,,1,modern_screen,modern_screen,,blocks.wood,blockd.wood,blockd.wood,1611,1,1,,7b4b63c,,,,,4,,0,15,15,,1,,,10,3,,,,,,0,,17,1,1,,1,,,
1612,现代立体灯,,,modern_erect_light,,,lamp,,,,,,,1,1,1,1,0,2,,,,,-1,-1,1,0,,0,,1612,10000,0,0,1612,10000,,,,1,1,10,,1,modern_erect_light,modern_erect_light,,blocks.stone,blockd.stone,blockd.stone,1612,1,1,,7b4b64c,,,,,,,0,15,0,,1,,,10,3,,,,,,1,dadabe,17,1,1,,1,26,,2
1613,现代吊灯,,,modern_ceiling_light,,,lamp,,,,,,,1,1,1,1,0,2,,,,,-1,-1,1,0,,0,,1613,10000,0,0,1613,10000,,,,1,1,10,,1,modern_ceiling_light,modern_ceiling_light,,blocks.stone,blockd.stone,blockd.stone,1613,1,1,,7b4b65c,,,,,,,0,15,0,,1,,,10,3,,,,,,1,dadabe,17,1,1,,1,,,2
1614,现代壁灯,,,modern_wall_light,,,lamp,,,,,,,1,1,1,1,0,2,,,,,-1,-1,1,0,,0,,1614,10000,0,0,1614,10000,,,,1,1,10,,1,modern_wall_light,modern_wall_light,,blocks.stone,blockd.stone,blockd.stone,1614,1,1,,7b4b66c,,,,,4,,0,15,0,,1,,,10,3,,,,,,1,dadabe,17,1,1,,1,,,2
1615,现代门,,,modern_door,,,simpledoor,,,,,,,1,1,1,1,0,2,,,,,-1,-1,1,0,,0,,1615,10000,0,0,1615,10000,,,,2,1,0,,2,modern_door,modern_door,,blocks.wood,blockd.wood,blockd.wood,1615,1,1,,7b4b67c,,,,,4,,0,15,15,,1,,1,10,,,,,,,0,,17,1,0,,1,,,
1616,现代窗,,,modern_window,,,screen,,,,,,,1,1,1,1,0,2,,,,,-1,-1,1,0,,0,,1616,10000,0,0,1616,10000,,,,2,1,0,,2,modern_window,modern_window,,blocks.wood,blockd.wood,blockd.wood,1616,1,1,,7b4b68c,,,,,4,,0,15,15,,1,,1,10,,,,,,,0,,17,1,1,,1,,,
1617,现代楼梯,,,modern_stairs,,,simplestair,,,,,,,1,1,1,1,0,2,,,,,-1,-1,1,0,,0,,1617,10000,0,0,1617,10000,,,,2,1,0,,1,modern_stairs,modern_stairs,,blocks.wood,blockd.wood,blockd.wood,1617,1,1,,7b4b69c,,,,,4,,0,15,15,,1,,,10,,,,,,,1,,17,1,0,,1,,,
1618,现代墙砖,,,modern_wall,,,wallbrick,,,,,,,1,1,1,1,0,2,,,,,-1,-1,1,0,,0,,1618,10000,0,0,1618,10000,,,,2,1,0,,1,modern_wall,,,blocks.stone,blockd.stone,blockd.stone,1618,2,1,,867e9d,,,,,4,,0,15,15,,1,,,10,,,,,,,0,,17,1,0,,1,,,
1619,现代砖,,,modern_brick,,,simpletile,,,,,,,1,1,1,1,0,2,,,,,-1,-1,1,0,,0,,1619,10000,0,0,1619,10000,,,,2,1,0,,1,modern_brick,,,blocks.stone,blockd.stone,blockd.stone,1619,2,1,,867e9d,,,,,4,,0,15,15,,6,,,10,,,,,,,0,,17,1,0,,1,,,
1620,现代半砖,,,modern_half_brick,,,slab,,,,,,,1,1,1,1,0,2,,,,,-1,-1,1,0,,0,,1620,10000,0,0,1620,10000,,,,2,1,0,,1,modern_half_brick,,,blocks.stone,blockd.stone,blockd.stone,1620,2,1,,867e9d,,,,,,,0,15,15,,1,,,10,,,,,,,0,,17,1,1,,1,,,
1621,现代围栏,,,modern_rail,,,fence,,,,,,,1,1,1,1,0,2,,,,,-1,-1,1,0,,0,,1621,10000,0,0,1621,10000,,,,2,1,0,,1,modern_rail,modern_rail,,blocks.wood,blockd.wood,blockd.wood,1621,1,1,,7b4b73c,,,,,4,,6,15,15,,1,,,10,,,,,,,2,,17,1,1,,1,,,
1622,童话床,,,tale_bed,,,bed,,,,,,,1,1,1,1,0,2,,,,,-1,-1,1,0,,0,,1622,10000,0,0,1622,10000,,,,2,1,0,,1,tale_bed,tale_bed,,blocks.wood,blockd.wood,blockd.wood,1622,1,1,,7b4b74c,,,,,4,,0,15,15,,1,,1,10,3,,,,,,0,,17,1,0,,1,,,
1623,童话沙发,,,tale_sofa,,,simplesofa,,,,,,,1,1,1,1,0,2,,,,,-1,-1,1,0,,0,,1623,10000,0,0,1623,10000,,,,2,1,0,,1,tale_sofa,tale_sofa,,blocks.wood,blockd.wood,blockd.wood,1623,1,1,,7b4b75c,,,,,4,,0,15,15,,1,,,10,3,,,,,,0,,17,1,0,,1,,,
1624,童话书桌,,,tale_desk,,,simpledesk,,,,,,,1,1,1,1,0,2,,,,,-1,-1,1,0,,0,,1624,10000,0,0,1624,10000,,,,2,1,0,,1,tale_desk,tale_desk,,blocks.wood,blockd.wood,blockd.wood,1624,1,1,,7b4b76c,,,,,4,,0,15,15,,1,,,10,3,,,,,,0,,17,1,0,,1,,,
1625,童话餐桌,,,tale_table,,,simpletable,,,,,,,1,1,1,1,0,2,,,,,-1,-1,1,0,,0,,1625,10000,0,0,1625,10000,,,,2,1,0,,1,tale_table,tale_table,,blocks.wood,blockd.wood,blockd.wood,1625,1,1,,7b4b77c,,,,,4,,0,15,15,,1,,,10,3,,,,,,0,,17,1,0,,1,,,
1626,童话茶几,,,tale_tea_table,,,furniture,,,,,,,1,1,1,1,0,2,,,,,-1,-1,1,0,,0,,1626,10000,0,0,1626,10000,,,,2,1,0,,1,tale_tea_table,tale_tea_table,,blocks.wood,blockd.wood,blockd.wood,1626,1,1,,7b4b78c,,,,,,,0,15,15,,1,,,10,3,,,,,,1,,17,1,1,,1,,,
1627,童话洗手台,,,tale_wash_table,,,furniture,,,,,,,1,1,1,1,0,2,,,,,-1,-1,1,0,,0,,1627,10000,0,0,1627,10000,,,,2,1,0,,1,tale_wash_table,tale_wash_table,,blocks.stone,blockd.stone,blockd.stone,1627,2,1,,7b4b79c,,,,,4,,0,15,15,,1,,,10,3,,,,,,1,,17,1,1,,1,,,
1628,童话椅子,,,tale_chair,,,chair,,,,,,,1,1,1,1,0,2,,,,,-1,-1,1,0,,0,,1628,10000,0,0,1628,10000,,,,2,1,0,,1,tale_chair,tale_chair,,blocks.wood,blockd.wood,blockd.wood,1628,1,1,,7b4b80c,,,,,4,,0,15,15,,1,,,10,3,,,,,,1,,17,1,0,,1,,,
1629,童话马桶,,,tale_toilet,,,chair,,,,,,,1,1,1,1,0,2,,,,,-1,-1,1,0,,0,,1629,10000,0,0,1629,10000,,,,2,1,0,,1,tale_toilet,tale_toilet,,blocks.stone,blockd.stone,blockd.stone,1629,2,1,,7b4b81c,,,,,4,,0,15,15,,1,,,10,3,,,,,,1,,17,1,0,,1,,,
1630,童话浴缸,,,tale_bathtub,,,simplebathtub,,,,,,,1,1,1,1,0,2,,,,,-1,-1,1,0,,0,,1630,10000,0,0,1630,10000,,,,2,1,0,,1,tale_bathtub,tale_bathtub,,blocks.stone,blockd.stone,blockd.stone,1630,2,1,,7b4b82c,,,,,4,,0,15,15,,1,,,10,3,,,,,,0,,17,1,0,,1,,,
1631,童话衣柜,,,tale_closet,,,simplecloset,,,,,,,1,1,1,1,0,2,,,,,-1,-1,1,0,,0,,1631,10000,0,0,1631,10000,,,,2,1,0,,3,tale_closet,tale_closet,,blocks.wood,blockd.wood,blockd.wood,1631,1,1,,7b4b83c,,,,,4,,0,15,15,,1,,1,10,3,,,,,,0,,17,1,0,,1,,,
1632,童话橱柜,,,tale_cabinet,,,cupboard,,,,,,,1,1,1,1,0,2,,,,,-1,-1,1,0,,0,,1632,10000,0,0,1632,10000,,,,2,1,0,,1,tale_cabinet,tale_cabinet,,blocks.wood,blockd.wood,blockd.wood,1632,1,1,,7b4b84c,,,,,4,,0,15,15,,1,,,10,3,,,,,,1,,17,1,0,,1,,,
1633,童话半格橱柜,,,tale_half_cabinet,,,halfcabinet,,,,,,,1,1,1,1,0,2,,,,,-1,-1,1,0,,0,,1633,10000,0,0,1633,10000,,,,2,1,0,,1,tale_half_cabinet,tale_half_cabinet,,blocks.wood,blockd.wood,blockd.wood,1633,1,1,,7b4b85c,,,,,4,,0,15,15,,1,,,10,3,,,,,,1,,17,1,0,,1,,,
1634,童话组合柜,,,tale_group_cabinet,,,chest,,,,,,,1,1,1,1,0,2,,,,,-1,-1,1,0,,0,,1634,10000,0,0,1634,10000,,,,2,1,0,,1,tale_group_cabinet,tale_group_cabinet,,blocks.wood,blockd.wood,blockd.wood,1634,1,1,,7b4b86c,,,,,4,,0,15,15,,1,,,10,3,,,,,,1,,17,1,1,,1,,,
1635,童话屏风,,,tale_screen,,,screen,,,,,,,1,1,1,1,0,2,,,,,-1,-1,1,0,,0,,1635,10000,0,0,1635,10000,,,,2,1,0,,2,tale_screen,tale_screen,,blocks.wood,blockd.wood,blockd.wood,1635,1,1,,7b4b87c,,,,,4,,0,15,15,,1,,1,10,3,,,,,,0,,17,1,1,,1,,,
1636,童话立体灯,,,tale_erect_light,,,lamp,,,,,,,1,1,1,1,0,2,,,,,-1,-1,1,0,,0,,1636,10000,0,0,1636,10000,,,,1,1,10,,1,tale_erect_light,tale_erect_light,,blocks.stone,blockd.stone,blockd.stone,1636,1,1,,7b4b88c,,,,,,,0,15,0,,1,,,10,3,,,,,,1,dadabe,17,1,1,,1,,,2
1637,童话吊灯,,,tale_ceiling_light,,,lamp,,,,,,,1,1,1,1,0,2,,,,,-1,-1,1,0,,0,,1637,10000,0,0,1637,10000,,,,1,1,10,,1,tale_ceiling_light,tale_ceiling_light,,blocks.stone,blockd.stone,blockd.stone,1637,1,1,,7b4b89c,,,,,,,0,15,0,,1,,,10,3,,,,,,1,dadabe,17,1,1,,1,,,2
1638,童话壁灯,,,tale_wall_light,,,lamp,,,,,,,1,1,1,1,0,2,,,,,-1,-1,1,0,,0,,1638,10000,0,0,1638,10000,,,,1,1,10,,1,tale_wall_light,tale_wall_light,,blocks.stone,blockd.stone,blockd.stone,1638,1,1,,7b4b90c,,,,,4,,0,15,0,,1,,,10,3,,,,,,1,dadabe,17,1,1,,1,,,2
1639,童话门,,,tale_door,,,simpledoor,,,,,,,1,1,1,1,0,2,,,,,-1,-1,1,0,,0,,1639,10000,0,0,1639,10000,,,,2,1,0,,2,tale_door,tale_door,,blocks.wood,blockd.wood,blockd.wood,1639,1,1,,adcbfc,,,,,4,,0,15,15,,1,,1,10,,,,,,,0,,17,1,0,,1,,,
1640,童话窗,,,tale_window,,,screen,,,,,,,1,1,1,1,0,2,,,,,-1,-1,1,0,,0,,1640,10000,0,0,1640,10000,,,,2,1,0,,2,tale_window,tale_window,,blocks.wood,blockd.wood,blockd.wood,1640,1,1,,7b4b92c,,,,,4,,0,15,15,,1,,1,10,,,,,,,0,,17,1,1,,1,,,
1641,童话楼梯,,,tale_stairs,,,simplestair,,,,,,,1,1,1,1,0,2,,,,,-1,-1,1,0,,0,,1641,10000,0,0,1641,10000,,,,2,1,0,,1,tale_stairs,tale_stairs,,blocks.wood,blockd.wood,blockd.wood,1641,1,1,,7b4b93c,,,,,4,,0,15,15,,1,,,10,,,,,,,1,,17,1,0,,1,,,
1642,童话墙砖,,,tale_wall,,,wallbrick,,,,,,,1,1,1,1,0,2,,,,,-1,-1,1,0,,0,,1642,10000,0,0,1642,10000,,,,2,1,0,,1,tale_wall,,,blocks.stone,blockd.stone,blockd.stone,1642,2,1,,8995c0,,,,,4,,0,15,15,,1,,,10,,,,,,,0,,17,1,0,,1,,,
1643,童话砖,,,tale_brick,,,simpletile,,,,,,,1,1,1,1,0,2,,,,,-1,-1,1,0,,0,,1643,10000,0,0,1643,10000,,,,2,1,0,,1,tale_brick,,,blocks.stone,blockd.stone,blockd.stone,1643,2,1,,5d73aa,,,,,4,,0,15,15,,6,,,10,,,,,,,0,,17,1,0,,1,,,
1644,童话半砖,,,tale_half_brick,,,slab,,,,,,,1,1,1,1,0,2,,,,,-1,-1,1,0,,0,,1644,10000,0,0,1644,10000,,,,2,1,0,,1,tale_half_brick,,,blocks.stone,blockd.stone,blockd.stone,1644,2,1,,5d73aa,,,,,,,0,15,15,,1,,,10,,,,,,,0,,17,1,1,,1,,,
1645,童话围栏,,,tale_rail,,,fence,,,,,,,1,1,1,1,0,2,,,,,-1,-1,1,0,,0,,1645,10000,0,0,1645,10000,,,,2,1,0,,1,tale_rail,tale_rail,,blocks.wood,blockd.wood,blockd.wood,1645,1,1,,7b4b97c,,,,,4,,6,15,15,,1,,,10,,,,,,,2,,17,1,1,,1,,,
1646,科幻床,,,scifi_bed,,,bed,,,,,,,1,1,1,1,0,2,,,,,-1,-1,1,0,,0,,1646,10000,0,0,1646,10000,,,,2,1,0,,1,scifi_bed,scifi_bed,,blocks.wood,blockd.wood,blockd.wood,1646,1,1,,7b4b98c,,,,,4,,0,15,15,,1,,1,10,3,,,,,,0,,17,1,0,,1,,,
1647,科幻沙发,,,scifi_sofa,,,simplesofa,,,,,,,1,1,1,1,0,2,,,,,-1,-1,1,0,,0,,1647,10000,0,0,1647,10000,,,,2,1,0,,1,scifi_sofa,scifi_sofa,,blocks.wood,blockd.wood,blockd.wood,1647,1,1,,7b4b99c,,,,,4,,0,15,15,,1,,,10,3,,,,,,0,,17,1,0,,1,,,
1648,科幻书桌,,,scifi_desk,,,simpledesk,,,,,,,1,1,1,1,0,2,,,,,-1,-1,1,0,,0,,1648,10000,0,0,1648,10000,,,,2,1,0,,1,scifi_desk,scifi_desk,,blocks.wood,blockd.wood,blockd.wood,1648,1,1,,7b4b100c,,,,,4,,0,15,15,,1,,,10,3,,,,,,0,,17,1,0,,1,,,
1649,科幻餐桌,,,scifi_table,,,simpletable,,,,,,,1,1,1,1,0,2,,,,,-1,-1,1,0,,0,,1649,10000,0,0,1649,10000,,,,2,1,0,,1,scifi_table,scifi_table,,blocks.wood,blockd.wood,blockd.wood,1649,1,1,,7b4b101c,,,,,4,,0,15,15,,1,,,10,3,,,,,,0,,17,1,0,,1,,,
1650,科幻茶几,,,scifi_tea_table,,,furniture,,,,,,,1,1,1,1,0,2,,,,,-1,-1,1,0,,0,,1650,10000,0,0,1650,10000,,,,2,1,0,,1,scifi_tea_table,scifi_tea_table,,blocks.wood,blockd.wood,blockd.wood,1650,1,1,,7b4b102c,,,,,,,0,15,15,,1,,,10,3,,,,,,1,,17,1,1,,1,,,
1651,科幻洗手台,,,scifi_wash_table,,,furniture,,,,,,,1,1,1,1,0,2,,,,,-1,-1,1,0,,0,,1651,10000,0,0,1651,10000,,,,2,1,0,,1,scifi_wash_table,scifi_wash_table,,blocks.stone,blockd.stone,blockd.stone,1651,2,1,,7b4b103c,,,,,4,,0,15,15,,1,,,10,3,,,,,,1,,17,1,1,,1,,,
1652,科幻椅子,,,scifi_chair,,,chair,,,,,,,1,1,1,1,0,2,,,,,-1,-1,1,0,,0,,1652,10000,0,0,1652,10000,,,,2,1,0,,1,scifi_chair,scifi_chair,,blocks.wood,blockd.wood,blockd.wood,1652,1,1,,7b4b104c,,,,,4,,0,15,15,,1,,,10,3,,,,,,1,,17,1,0,,1,,,
1653,科幻马桶,,,scifi_toilet,,,chair,,,,,,,1,1,1,1,0,2,,,,,-1,-1,1,0,,0,,1653,10000,0,0,1653,10000,,,,2,1,0,,1,scifi_toilet,scifi_toilet,,blocks.stone,blockd.stone,blockd.stone,1653,2,1,,7b4b105c,,,,,4,,0,15,15,,1,,,10,3,,,,,,1,,17,1,0,,1,,,
1654,科幻浴缸,,,scifi_bathtub,,,simplebathtub,,,,,,,1,1,1,1,0,2,,,,,-1,-1,1,0,,0,,1654,10000,0,0,1654,10000,,,,2,1,0,,1,scifi_bathtub,scifi_bathtub,,blocks.stone,blockd.stone,blockd.stone,1654,2,1,,7b4b106c,,,,,4,,0,15,15,,1,,,10,3,,,,,,0,,17,1,0,,1,,,
1655,科幻衣柜,,,scifi_closet,,,simplecloset,,,,,,,1,1,1,1,0,2,,,,,-1,-1,1,0,,0,,1655,10000,0,0,1655,10000,,,,2,1,0,,3,scifi_closet,scifi_closet,,blocks.wood,blockd.wood,blockd.wood,1655,1,1,,7b4b107c,,,,,4,,0,15,15,,1,,1,10,3,,,,,,0,,17,1,0,,1,,,
1656,科幻橱柜,,,scifi_cabinet,,,cupboard,,,,,,,1,1,1,1,0,2,,,,,-1,-1,1,0,,0,,1656,10000,0,0,1656,10000,,,,2,1,0,,1,scifi_cabinet,scifi_cabinet,,blocks.wood,blockd.wood,blockd.wood,1656,1,1,,7b4b108c,,,,,4,,0,15,15,,1,,,10,3,,,,,,1,,17,1,0,,1,,,
1657,科幻半格橱柜,,,scifi_half_cabinet,,,halfcabinet,,,,,,,1,1,1,1,0,2,,,,,-1,-1,1,0,,0,,1657,10000,0,0,1657,10000,,,,2,1,0,,1,scifi_half_cabinet,scifi_half_cabinet,,blocks.wood,blockd.wood,blockd.wood,1657,1,1,,7b4b109c,,,,,4,,0,15,15,,1,,,10,3,,,,,,1,,17,1,0,,1,,,
1658,科幻组合柜,,,scifi_group_cabinet,,,chest,,,,,,,1,1,1,1,0,2,,,,,-1,-1,1,0,,0,,1658,10000,0,0,1658,10000,,,,2,1,0,,1,scifi_group_cabinet,scifi_group_cabinet,,blocks.wood,blockd.wood,blockd.wood,1658,1,1,,7b4b110c,,,,,4,,0,15,15,,1,,,10,3,,,,,,1,,17,1,1,,1,,,
1659,科幻屏风,,,scifi_screen,,,screen,,,,,,,1,1,1,1,0,2,,,,,-1,-1,1,0,,0,,1659,10000,0,0,1659,10000,,,,2,1,0,,2,scifi_screen,scifi_screen,,blocks.wood,blockd.wood,blockd.wood,1659,1,1,,7b4b111c,,,,,4,,0,15,15,,1,,1,10,3,,,,,,0,,17,1,1,,1,,,
1660,科幻立体灯,,,scifi_erect_light,,,lamp,,,,,,,1,1,1,1,0,2,,,,,-1,-1,1,0,,0,,1660,10000,0,0,1660,10000,,,,1,1,10,,1,scifi_erect_light,scifi_erect_light,,blocks.stone,blockd.stone,blockd.stone,1660,1,1,,7b4b112c,,,,,,,0,15,0,,1,,,10,3,,,,,,1,dadabe,17,1,1,,1,,,2
1661,科幻吊灯,,,scifi_ceiling_light,,,lamp,,,,,,,1,1,1,1,0,2,,,,,-1,-1,1,0,,0,,1661,10000,0,0,1661,10000,,,,1,1,10,,1,scifi_ceiling_light,scifi_ceiling_light,,blocks.stone,blockd.stone,blockd.stone,1661,1,1,,7b4b113c,,,,,,,0,15,0,,1,,,10,3,,,,,,1,dadabe,17,1,1,,1,,,2
1662,科幻壁灯,,,scifi_wall_light,,,lamp,,,,,,,1,1,1,1,0,2,,,,,-1,-1,1,0,,0,,1662,10000,0,0,1662,10000,,,,1,1,10,,1,scifi_wall_light,scifi_wall_light,,blocks.stone,blockd.stone,blockd.stone,1662,1,1,,7b4b114c,,,,,4,,0,15,0,,1,,,10,3,,,,,,1,dadabe,17,1,1,,1,,,2
1663,科幻门,,,scifi_door,,,simpledoor,,,,,,,1,1,1,1,0,2,,,,,-1,-1,1,0,,0,,1663,10000,0,0,1663,10000,,,,2,1,0,,2,scifi_door,scifi_door,,blocks.wood,blockd.wood,blockd.wood,1663,1,1,,7b4b115c,,,,,4,,0,15,15,,1,,1,10,,,,,,,0,,17,1,0,,1,,,
1664,科幻窗,,,scifi_window,,,screen,,,,,,,1,1,1,1,0,2,,,,,-1,-1,1,0,,0,,1664,10000,0,0,1664,10000,,,,2,1,0,,2,scifi_window,scifi_window,,blocks.wood,blockd.wood,blockd.wood,1664,1,1,,7b4b116c,,,,,4,,0,15,15,,1,,1,10,,,,,,,0,,17,1,1,,1,,,
1665,科幻楼梯,,,scifi_stairs,,,simplestair,,,,,,,1,1,1,1,0,2,,,,,-1,-1,1,0,,0,,1665,10000,0,0,1665,10000,,,,2,1,0,,1,scifi_stairs,scifi_stairs,,blocks.wood,blockd.wood,blockd.wood,1665,1,1,,7b4b117c,,,,,4,,0,15,15,,1,,,10,,,,,,,1,,17,1,0,,1,,,
1666,科幻墙砖,,,scifi_wall,,,wallbrick,,,,,,,1,1,1,1,0,2,,,,,-1,-1,1,0,,0,,1666,10000,0,0,1666,10000,,,,2,1,0,,1,scifi_wall,,,blocks.stone,blockd.stone,blockd.stone,1666,2,1,,bab5d7,,,,,4,,0,15,15,,1,,,10,,,,,,,0,,17,1,0,,1,,,
1667,科幻砖,,,scifi_brick,,,simpletile,,,,,,,1,1,1,1,0,2,,,,,-1,-1,1,0,,0,,1667,10000,0,0,1667,10000,,,,2,1,0,,1,scifi_brick,,,blocks.stone,blockd.stone,blockd.stone,1667,2,1,,73768e,,,,,4,,0,15,15,,6,,,10,,,,,,,0,,17,1,0,,1,,,
1668,科幻半砖,,,scifi_half_brick,,,slab,,,,,,,1,1,1,1,0,2,,,,,-1,-1,1,0,,0,,1668,10000,0,0,1668,10000,,,,2,1,0,,1,scifi_half_brick,,,blocks.stone,blockd.stone,blockd.stone,1668,2,1,,b3b6cf,,,,,,,0,15,15,,1,,,10,,,,,,,0,,17,1,1,,1,,,
1669,科幻围栏,,,scifi_rail,,,fence,,,,,,,1,1,1,1,0,2,,,,,-1,-1,1,0,,0,,1669,10000,0,0,1669,10000,,,,2,1,0,,1,scifi_rail,scifi_rail,,blocks.wood,blockd.wood,blockd.wood,1669,1,1,,7b4b121c,,,,,4,,6,15,15,,1,,,10,,,,,,,2,,17,1,1,,1,,,
1670,小松树盆栽,,,vase1,,,furniture,,,,,,,1,1,1,1,0,2,,,,,-1,-1,1,0,,0,,1670,10000,0,0,1670,10000,,,,2,1,0,,1,vase1,vase1,,blocks.stone,blockd.stone,blockd.stone,1670,,,,7b4b122c,,,,,,,0,15,15,,1,,,,3,,,,,,1,,17,1,1,,1,,,
1671,葱翠盆栽,,,vase2,,,furniture,,,,,,,1,1,1,1,0,2,,,,,-1,-1,1,0,,0,,1671,10000,0,0,1671,10000,,,,2,1,0,,1,vase2,vase2,,blocks.stone,blockd.stone,blockd.stone,1671,,,,7b4b123c,,,,,,,0,15,15,,1,,,,3,,,,,,1,,17,1,1,,1,,,
1672,绒毛地毯,,,rug,,,rug,,,,,,,1,1,1,1,0,2,,,,,-1,-1,1,0,,0,,1672,10000,0,0,1672,10000,,,,2,1,0,,1,rug,rug,,blocks.cloth,blockd.cloth,blockd.cloth,1672,,,,7b4b124c,,,,,4,,0,15,15,,1,,,,3,,,,,,0,,17,1,0,,1,,,
1673,山水画,,,picture2,,,picture,,,,,,,1,1,1,1,0,2,,,,,-1,-1,1,0,,0,,1673,10000,0,0,1673,10000,,,,2,1,0,,2,picture2,picture2,,blocks.wood,blockd.wood,blockd.wood,1673,,,,7b4b125c,,,,,4,,0,15,15,,1,,1,,3,,,,,,0,,17,1,0,,1,,,
1674,抽象画,,,picture1,,,picture,,,,,,,1,1,1,1,0,2,,,,,-1,-1,1,0,,0,,1674,10000,0,0,1674,10000,,,,2,1,0,,2,picture1,picture1,,blocks.wood,blockd.wood,blockd.wood,1674,,,,7b4b126c,,,,,4,,0,15,15,,1,,1,,3,,,,,,0,,17,1,0,,1,,,
1675,中国结挂饰,,,adorn1_hang,,,furniture,,,,,,,1,1,1,1,0,2,,,,,-1,-1,1,0,,0,,1675,10000,0,0,1675,10000,,,,2,1,0,,1,adorn1_hang,adorn1_hang,,blocks.wood,blockd.wood,blockd.wood,1675,,,,7b4b127c,,,,,4,,0,15,15,,1,,,,3,,,,,,1,,17,1,1,,1,,,
1676,星球挂饰,,,adorn2_hang,,,furniture,,,,,,,1,1,1,1,0,2,,,,,-1,-1,1,0,,0,,1676,10000,0,0,1676,10000,,,,2,1,0,,1,adorn2_hang,adorn2_hang,,blocks.wood,blockd.wood,blockd.wood,1676,,,,7b4b128c,,,,,4,,0,15,15,,1,,,,3,,,,,,1,,17,1,1,,1,,,
1677,简单书柜,,,bookshelf,,,bookshelf,,,,,,,1,1,1,1,0,2,,,,,-1,-1,1,0,,0,,1677,10000,0,0,1677,10000,,,,2,1,0,,2,bookshelf,bookshelf,,blocks.wood,blockd.wood,blockd.wood,1677,,,,7b4b129c,,,,,4,,0,15,15,,1,,1,,3,,,,,,0,,17,1,0,,1,,,
1678,纯白冰箱,,,refrigerator1,,,fridge,,,,,,,1,1,1,1,0,2,,,,,-1,-1,1,0,,0,,1678,10000,0,0,1678,10000,,,,2,1,0,,2,refrigerator1,refrigerator1,,blocks.stone,blockd.stone,blockd.stone,1678,,,,7b4b130c,,,,,4,,1,15,15,,1,,1,,3,,,,,,0,,17,1,0,,1,,,
1679,银灰冰箱,,,refrigerator2,,,fridge,,,,,,,1,1,1,1,0,2,,,,,-1,-1,1,0,,0,,1679,10000,0,0,1679,10000,,,,2,1,0,,2,refrigerator2,refrigerator2,,blocks.stone,blockd.stone,blockd.stone,1679,,,,7b4b131c,,,,,4,,1,15,15,,1,,1,,3,,,,,,0,,17,1,0,,1,,,2
1680,酷黑冰箱,,,refrigerator3,,,fridge,,,,,,,1,1,1,1,0,2,,,,,-1,-1,1,0,,0,,1680,10000,0,0,1680,10000,,,,2,1,0,,2,refrigerator3,refrigerator3,,blocks.stone,blockd.stone,blockd.stone,1680,,,,7b4b132c,,,,,4,,1,15,15,,1,,1,,3,,,,,,0,,17,1,0,,1,26,,2
1681,纯白电饭煲,,,rice_cooker1,,,furniture,,,,,,,1,1,1,1,0,2,,,,,-1,-1,1,0,,0,,1681,10000,0,0,1681,10000,,,,2,1,0,,1,rice_cooker1,rice_cooker1,,blocks.stone,blockd.stone,blockd.stone,1681,,,,7b4b133c,,,,,4,,1,15,15,,1,,,,3,,,,,,1,,17,1,1,,1,,,2
1682,银灰电饭煲,,,rice_cooker2,,,furniture,,,,,,,1,1,1,1,0,2,,,,,-1,-1,1,0,,0,,1682,10000,0,0,1682,10000,,,,2,1,0,,1,rice_cooker2,rice_cooker2,,blocks.stone,blockd.stone,blockd.stone,1682,,,,7b4b134c,,,,,4,,1,15,15,,1,,,,3,,,,,,1,,17,1,1,,1,26,,2
1683,酷黑电饭煲,,,rice_cooker3,,,furniture,,,,,,,1,1,1,1,0,2,,,,,-1,-1,1,0,,0,,1683,10000,0,0,1683,10000,,,,2,1,0,,1,rice_cooker3,rice_cooker3,,blocks.stone,blockd.stone,blockd.stone,1683,,,,7b4b135c,,,,,4,,1,15,15,,1,,,,3,,,,,,1,,17,1,1,,1,,,2
1684,纯白烤箱,,,oven1,,,furniture,,,,,,,1,1,1,1,0,2,,,,,-1,-1,1,0,,0,,1684,10000,0,0,1684,10000,,,,2,1,0,,1,oven1,oven1,,blocks.stone,blockd.stone,blockd.stone,1684,,,,7b4b136c,,,,,4,,0,15,15,,1,,,,3,,,,,,1,,17,1,1,,1,,,
1685,银灰烤箱,,,oven2,,,furniture,,,,,,,1,1,1,1,0,2,,,,,-1,-1,1,0,,0,,1685,10000,0,0,1685,10000,,,,2,1,0,,1,oven2,oven2,,blocks.stone,blockd.stone,blockd.stone,1685,,,,7b4b137c,,,,,4,,0,15,15,,1,,,,3,,,,,,1,,17,1,1,,1,26,,
1686,酷黑烤箱,,,oven3,,,furniture,,,,,,,1,1,1,1,0,2,,,,,-1,-1,1,0,,0,,1686,10000,0,0,1686,10000,,,,2,1,0,,1,oven3,oven3,,blocks.stone,blockd.stone,blockd.stone,1686,,,,7b4b138c,,,,,4,,0,15,15,,1,,,,3,,,,,,1,,17,1,1,,1,,,2
1687,纯白灶台,,,hearth1,,,hearth,,,,,,,1,1,1,1,0,2,,,,,-1,-1,1,0,,0,,1687,10000,0,0,1687,10000,,,,2,1,0,,1,hearth4,hearth4,,blocks.stone,blockd.stone,blockd.stone,1687,,,,7b4b139c,,,,,4,,0,15,15,,1,,,,3,,,,,,1,,17,1,0,,1,,,
1688,银灰灶台,,,hearth2,,,hearth,,,,,,,1,1,1,1,0,2,,,,,-1,-1,1,0,,0,,1688,10000,0,0,1688,10000,,,,2,1,0,,1,hearth2,hearth2,,blocks.stone,blockd.stone,blockd.stone,1688,,,,7b4b140c,,,,,4,,0,15,15,,1,,,,3,,,,,,1,,17,1,0,,1,26,,
1689,酷黑灶台,,,hearth3,,,hearth,,,,,,,1,1,1,1,0,2,,,,,-1,-1,1,0,,0,,1689,10000,0,0,1689,10000,,,,2,1,0,,1,hearth3,hearth3,,blocks.stone,blockd.stone,blockd.stone,1689,,,,7b4b141c,,,,,4,,0,15,15,,1,,,,3,,,,,,1,,17,1,0,,1,,,2
1690,多肉盆栽,,,vase3,,,furniture,,,,,,,1,1,1,1,0,2,,,,,-1,-1,1,0,,0,,1690,10000,0,0,1690,10000,,,,2,1,0,,1,vase3,vase3,,blocks.stone,blockd.stone,blockd.stone,1690,,,,7b4b142c,,,,,,,0,15,15,,1,,,,3,,,,,,1,,17,1,1,,1,,,
1691,欧式床,,,european_bed,,,bed,,,,,,,1,1,1,1,0,2,,,,,-1,-1,1,0,,0,,1691,10000,0,0,1691,10000,,,,2,1,0,,1,european_bed,european_bed,,blocks.wood,blockd.wood,blockd.wood,1691,1,1,,7b4b98c,,,,,4,,0,15,15,,1,,1,10,3,,,,,,0,,17,1,0,,1,,,
1692,欧式沙发,,,european_sofa,,,simplesofa,,,,,,,1,1,1,1,0,2,,,,,-1,-1,1,0,,0,,1692,10000,0,0,1692,10000,,,,2,1,0,,1,european_sofa,european_sofa,,blocks.wood,blockd.wood,blockd.wood,1692,1,1,,7b4b99c,,,,,4,,0,15,15,,1,,,10,3,,,,,,0,,17,1,0,,1,,,
1693,欧式书桌,,,european_desk,,,simpledesk,,,,,,,1,1,1,1,0,2,,,,,-1,-1,1,0,,0,,1693,10000,0,0,1693,10000,,,,2,1,0,,1,european_desk,european_desk,,blocks.wood,blockd.wood,blockd.wood,1693,1,1,,7b4b100c,,,,,4,,0,15,15,,1,,,10,3,,,,,,0,,17,1,0,,1,,,
1694,欧式餐桌,,,european_table,,,simpletable,,,,,,,1,1,1,1,0,2,,,,,-1,-1,1,0,,0,,1694,10000,0,0,1694,10000,,,,2,1,0,,1,european_table,european_table,,blocks.wood,blockd.wood,blockd.wood,1694,1,1,,7b4b101c,,,,,4,,0,15,15,,1,,,10,3,,,,,,0,,17,1,0,,1,,,
1695,欧式茶几,,,european_tea_table,,,furniture,,,,,,,1,1,1,1,0,2,,,,,-1,-1,1,0,,0,,1695,10000,0,0,1695,10000,,,,2,1,0,,1,european_tea_table,european_tea_table,,blocks.wood,blockd.wood,blockd.wood,1695,1,1,,7b4b102c,,,,,,,0,15,15,,1,,,10,3,,,,,,1,,17,1,1,,1,,,
1696,欧式洗手台,,,european_wash_table,,,furniture,,,,,,,1,1,1,1,0,2,,,,,-1,-1,1,0,,0,,1696,10000,0,0,1696,10000,,,,2,1,0,,1,european_wash_table,european_wash_table,,blocks.stone,blockd.stone,blockd.stone,1696,2,1,,7b4b103c,,,,,4,,0,15,15,,1,,,10,3,,,,,,1,,17,1,1,,1,,,
1697,欧式椅子,,,european_chair,,,chair,,,,,,,1,1,1,1,0,2,,,,,-1,-1,1,0,,0,,1697,10000,0,0,1697,10000,,,,2,1,0,,1,european_chair,european_chair,,blocks.wood,blockd.wood,blockd.wood,1697,1,1,,7b4b104c,,,,,4,,0,15,15,,1,,,10,3,,,,,,1,,17,1,0,,1,,,
1698,欧式马桶,,,european_toilet,,,chair,,,,,,,1,1,1,1,0,2,,,,,-1,-1,1,0,,0,,1698,10000,0,0,1698,10000,,,,2,1,0,,1,european_toilet,european_toilet,,blocks.stone,blockd.stone,blockd.stone,1698,2,1,,7b4b105c,,,,,4,,0,15,15,,1,,,10,3,,,,,,1,,17,1,0,,1,,,
1699,欧式浴缸,,,european_bathtub,,,simplebathtub,,,,,,,1,1,1,1,0,2,,,,,-1,-1,1,0,,0,,1699,10000,0,0,1699,10000,,,,2,1,0,,1,european_bathtub,european_bathtub,,blocks.stone,blockd.stone,blockd.stone,1699,2,1,,7b4b106c,,,,,4,,0,15,15,,1,,,10,3,,,,,,0,,17,1,0,,1,,,
1700,欧式衣柜,,,european_closet,,,simplecloset,,,,,,,1,1,1,1,0,2,,,,,-1,-1,1,0,,0,,1700,10000,0,0,1700,10000,,,,2,1,0,,3,european_closet,european_closet,,blocks.wood,blockd.wood,blockd.wood,1700,1,1,,7b4b107c,,,,,4,,0,15,15,,1,,1,10,3,,,,,,0,,17,1,0,,1,,,
1701,欧式橱柜,,,european_cabinet,,,cupboard,,,,,,,1,1,1,1,0,2,,,,,-1,-1,1,0,,0,,1701,10000,0,0,1701,10000,,,,2,1,0,,1,european_cabinet,european_cabinet,,blocks.wood,blockd.wood,blockd.wood,1701,1,1,,7b4b108c,,,,,4,,0,15,15,,1,,,10,3,,,,,,1,,17,1,0,,1,,,
1702,欧式半格橱柜,,,european_half_cabinet,,,halfcabinet,,,,,,,1,1,1,1,0,2,,,,,-1,-1,1,0,,0,,1702,10000,0,0,1702,10000,,,,2,1,0,,1,european_half_cabinet,european_half_cabinet,,blocks.wood,blockd.wood,blockd.wood,1702,1,1,,7b4b109c,,,,,4,,0,15,15,,1,,,10,3,,,,,,1,,17,1,0,,1,,,
1703,欧式组合柜,,,european_group_cabinet,,,chest,,,,,,,1,1,1,1,0,2,,,,,-1,-1,1,0,,0,,1703,10000,0,0,1703,10000,,,,2,1,0,,1,european_group_cabinet,european_group_cabinet,,blocks.wood,blockd.wood,blockd.wood,1703,1,1,,7b4b110c,,,,,4,,0,15,15,,1,,,10,3,,,,,,1,,17,1,1,,1,,,
1704,欧式屏风,,,european_screen,,,screen,,,,,,,1,1,1,1,0,2,,,,,-1,-1,1,0,,0,,1704,10000,0,0,1704,10000,,,,2,1,0,,2,european_screen,european_screen,,blocks.wood,blockd.wood,blockd.wood,1704,1,1,,7b4b111c,,,,,4,,0,15,15,,1,,1,10,3,,,,,,0,,17,1,1,,1,,,
1705,欧式立体灯,,,european_erect_light,,,lamp,,,,,,,1,1,1,1,0,2,,,,,-1,-1,1,0,,0,,1705,10000,0,0,1705,10000,,,,1,1,10,,1,european_erect_light,european_erect_light,,blocks.stone,blockd.stone,blockd.stone,1705,1,1,,7b4b112c,,,,,,,0,15,0,,1,,,10,3,,,,,,1,dadabe,17,1,1,,1,,,2
1706,欧式吊灯,,,european_ceiling_light,,,lamp,,,,,,,1,1,1,1,0,2,,,,,-1,-1,1,0,,0,,1706,10000,0,0,1706,10000,,,,1,1,10,,1,european_ceiling_light,european_ceiling_light,,blocks.stone,blockd.stone,blockd.stone,1706,1,1,,7b4b113c,,,,,,,0,15,0,,1,,,10,3,,,,,,1,dadabe,17,1,1,,1,,,2
1707,欧式壁灯,,,european_wall_light,,,lamp,,,,,,,1,1,1,1,0,2,,,,,-1,-1,1,0,,0,,1707,10000,0,0,1707,10000,,,,1,1,10,,1,european_wall_light,european_wall_light,,blocks.stone,blockd.stone,blockd.stone,1707,1,1,,7b4b114c,,,,,4,,0,15,0,,1,,,10,3,,,,,,1,dadabe,17,1,1,,1,,,2
1708,欧式门,,,european_door,,,simpledoor,,,,,,,1,1,1,1,0,2,,,,,-1,-1,1,0,,0,,1708,10000,0,0,1708,10000,,,,2,1,0,,2,european_door,european_door,,blocks.wood,blockd.wood,blockd.wood,1708,1,1,,7b4b115c,,,,,4,,0,15,15,,1,,1,10,,,,,,,0,,17,1,0,,1,,,
1709,欧式窗,,,european_window,,,screen,,,,,,,1,1,1,1,0,2,,,,,-1,-1,1,0,,0,,1709,10000,0,0,1709,10000,,,,2,1,0,,2,european_window,european_window,,blocks.wood,blockd.wood,blockd.wood,1709,1,1,,7b4b116c,,,,,4,,0,15,15,,1,,1,10,,,,,,,0,,17,1,1,,1,,,
1710,欧式楼梯,,,european_stairs,,,simplestair,,,,,,,1,1,1,1,0,2,,,,,-1,-1,1,0,,0,,1710,10000,0,0,1710,10000,,,,2,1,0,,1,european_stairs,european_stairs,,blocks.wood,blockd.wood,blockd.wood,1710,1,1,,7b4b117c,,,,,4,,0,15,15,,1,,,10,,,,,,,1,,17,1,0,,1,,,
1711,欧式墙砖,,,european_wall,,,wallbrick,,,,,,,1,1,1,1,0,2,,,,,-1,-1,1,0,,0,,1711,10000,0,0,1711,10000,,,,2,1,0,,1,european_wall,,,blocks.stone,blockd.stone,blockd.stone,1711,2,1,,7b4b118c,,,,,4,,0,15,15,,1,,,10,,,,,,,0,,17,1,0,,1,,,
1712,欧式砖,,,european_brick,,,simpletile,,,,,,,1,1,1,1,0,2,,,,,-1,-1,1,0,,0,,1712,10000,0,0,1712,10000,,,,2,1,0,,1,european_brick,,,blocks.stone,blockd.stone,blockd.stone,1712,2,1,,7b4b119c,,,,,4,,0,15,15,,6,,,10,,,,,,,0,,17,1,0,,1,,,
1713,欧式半砖,,,european_half_brick,,,slab,,,,,,,1,1,1,1,0,2,,,,,-1,-1,1,0,,0,,1713,10000,0,0,1713,10000,,,,2,1,0,,1,european_half_brick,,,blocks.stone,blockd.stone,blockd.stone,1713,2,1,,7b4b120c,,,,,,,0,15,15,,1,,,10,,,,,,,0,,17,1,1,,1,,,
1714,欧式围栏,,,european_rail,,,fence,,,,,,,1,1,1,1,0,2,,,,,-1,-1,1,0,,0,,1714,10000,0,0,1714,10000,,,,2,1,0,,1,european_rail,european_rail,,blocks.wood,blockd.wood,blockd.wood,1714,1,1,,7b4b121c,,,,,4,,6,15,15,,1,,,10,,,,,,,2,,17,1,1,,1,,,
1715,胡杨木,,,,,,objtree,,,,,,,1,1,3,1,0,2,,,,,-1,-1,1,0,,0,,1715,10000,0,0,1715,10000,,,,1,1,0,1,1,log_populus,tree,,blocks.wood,blockd.wood,blockd.wood,1715,1,1,,7b4b122c,,,,,,,0,15,15,,1,,,10,,,,,,,0,,17,1,1,,1,,,
1716,胡杨木板,,,,,,basic,,,,,,,1,1,1,1,0,2,,,,,-1,-1,1,0,,0,,1716,10000,0,0,1716,10000,,,,1,1,0,,1,planks_populus,,,blocks.wood,blockd.wood,blockd.wood,1716,1,1,,7b4b123c,,,,,,,0,15,15,,1,,,10,,,,,,,0,,17,1,1,,1,,,
1717,胡杨树叶,,,,,,grayleaf,,,,,,,1,1,1,0,0,0,,,,,3,0.6,1,15,60,15,,1717,10000,0,0,1717,10000,,,,0,3,0,1,1,leaves_populus,,,blocks.grass,blockd.grass,,1717,0,1,,558618,0.1,,1,,,,0,15,15,,1,,,,4,,,block_knock_sy_1,block_knock_sy_2,,0,,51,0,1,,1,,,
1718,胡杨薄板,,,,,,slab,,,,,,,1,1,3,1,0,2,,,,,-1,-1,1,0,,0,,1718,10000,0,0,1718,10000,,,,2,15,0,,1,planks_populus,,,blocks.wood,blockd.wood,blockd.wood,1718,1,1,,7b4b94c,,,,,,,0,15,15,,1,,,10,,,,,,,0,,255,1,1,,1,,,
1719,胡杨楼梯,,,,,,stair,,,,,,,1,1,1,1,0,2,,,,,-1,-1,1,0,,0,,1719,10000,0,0,1719,10000,,,,2,1,0,,1,planks_populus,stair,,blocks.wood,blockd.wood,blockd.wood,1719,1,1,,7b4b95c,,,,,,,0,15,15,,1,,,10,,,,,,,2,,17,1,1,,1,,,
1720,胡杨茶几,,,,,,teatable,,,,,,,1,1,1,1,0,2,,,,,-1,-1,1,0,,0,,1720,10000,0,0,1720,10000,,,,2,1,0,,1,populus_tea_table,populus_tea_table,,blocks.wood,blockd.wood,blockd.wood,1720,1,1,,7b4b96c,,,,,,,0,15,15,,1,,,10,3,,,,,,0,,17,1,0,,1,,,
1721,胡杨凳子,,,,,,chair,,,,,,,1,1,1,1,0,2,,,,,-1,-1,1,0,,0,,1721,10000,0,0,1721,10000,,,,2,1,0,,1,populus_chair,populus_chair,,blocks.wood,blockd.wood,blockd.wood,1721,1,1,,7b4b97c,,,,,,,0,15,15,,1,,,10,3,,,,,,1,,17,1,0,,1,,,
1722,西域床,,,,,,bed,,,,,,,1,1,1,1,0,2,,,,,-1,-1,1,0,,0,,1722,10000,0,0,1722,10000,,,,2,1,0,,1,western_bed,western_bed,,blocks.wood,blockd.wood,blockd.wood,1722,1,1,,7b4b98c,,,,,,,0,15,15,,1,,1,10,3,,,,,,0,,17,1,0,,1,,,
1723,西域沙发,,,,,,simplesofa,,,,,,,1,1,1,1,0,2,,,,,-1,-1,1,0,,0,,1723,10000,0,0,1723,10000,,,,2,1,0,,1,western_sofa,western_sofa,,blocks.wood,blockd.wood,blockd.wood,1723,1,1,,7b4b99c,,,,,,,0,15,15,,1,,,10,3,,,,,,0,,17,1,0,,1,,,
1724,西域书桌,,,,,,simpledesk,,,,,,,1,1,1,1,0,2,,,,,-1,-1,1,0,,0,,1724,10000,0,0,1724,10000,,,,2,1,0,,1,western_desk,western_desk,,blocks.wood,blockd.wood,blockd.wood,1724,1,1,,7b4b100c,,,,,,,0,15,15,,1,,,10,3,,,,,,0,,17,1,0,,1,,,
1725,西域餐桌,,,,,,simpletable,,,,,,,1,1,1,1,0,2,,,,,-1,-1,1,0,,0,,1725,10000,0,0,1725,10000,,,,2,1,0,,1,western_table,western_table,,blocks.wood,blockd.wood,blockd.wood,1725,1,1,,7b4b101c,,,,,,,0,15,15,,1,,,10,3,,,,,,0,,17,1,0,,1,,,
1726,西域茶几,,,,,,furniture,,,,,,,1,1,1,1,0,2,,,,,-1,-1,1,0,,0,,1726,10000,0,0,1726,10000,,,,2,1,0,,1,western_tea_table,western_tea_table,,blocks.wood,blockd.wood,blockd.wood,1726,1,1,,7b4b102c,,,,,,,0,15,15,,1,,,10,3,,,,,,1,,17,1,1,,1,,,
1727,西域洗手台,,,,,,furniture,,,,,,,1,1,1,1,0,2,,,,,-1,-1,1,0,,0,,1727,10000,0,0,1727,10000,,,,2,1,0,,1,western_wash_table,western_wash_table,,blocks.stone,blockd.stone,blockd.stone,1727,2,1,,7b4b103c,,,,,,,0,15,15,,1,,,10,3,,,,,,1,,17,1,1,,1,,,
1728,西域椅子,,,,,,chair,,,,,,,1,1,1,1,0,2,,,,,-1,-1,1,0,,0,,1728,10000,0,0,1728,10000,,,,2,1,0,,1,western_chair,western_chair,,blocks.wood,blockd.wood,blockd.wood,1728,1,1,,7b4b104c,,,,,,,0,15,15,,1,,,10,3,,,,,,1,,17,1,0,,1,,,
1729,西域马桶,,,,,,chair,,,,,,,1,1,1,1,0,2,,,,,-1,-1,1,0,,0,,1729,10000,0,0,1729,10000,,,,2,1,0,,1,western_toilet,western_toilet,,blocks.stone,blockd.stone,blockd.stone,1729,2,1,,7b4b105c,,,,,,,0,15,15,,1,,,10,3,,,,,,1,,17,1,0,,1,,,
1730,西域浴缸,,,,,,simplebathtub,,,,,,,1,1,1,1,0,2,,,,,-1,-1,1,0,,0,,1730,10000,0,0,1730,10000,,,,2,1,0,,1,western_bathtub,western_bathtub,,blocks.stone,blockd.stone,blockd.stone,1730,2,1,,7b4b106c,,,,,,,0,15,15,,1,,,10,3,,,,,,0,,17,1,0,,1,,,
1731,西域衣柜,,,,,,simplecloset,,,,,,,1,1,1,1,0,2,,,,,-1,-1,1,0,,0,,1731,10000,0,0,1731,10000,,,,2,1,0,,2,western_closet,western_closet,,blocks.wood,blockd.wood,blockd.wood,1731,1,1,,7b4b107c,,,,,4,,0,15,15,,1,,1,10,3,,,,,,0,,17,1,0,,1,,,
1732,西域橱柜,,,,,,cupboard,,,,,,,1,1,1,1,0,2,,,,,-1,-1,1,0,,0,,1732,10000,0,0,1732,10000,,,,2,1,0,,1,western_cabinet,western_cabinet,,blocks.wood,blockd.wood,blockd.wood,1732,1,1,,7b4b108c,,,,,,,0,15,15,,1,,,10,3,,,,,,1,,17,1,0,,1,,,
1733,西域半格橱柜,,,,,,halfcabinet,,,,,,,1,1,1,1,0,2,,,,,-1,-1,1,0,,0,,1733,10000,0,0,1733,10000,,,,2,1,0,,1,western_half_cabinet,western_half_cabinet,,blocks.wood,blockd.wood,blockd.wood,1733,1,1,,7b4b109c,,,,,,,0,15,15,,1,,,10,3,,,,,,1,,17,1,0,,1,,,
1734,西域组合柜,,,,,,chest,,,,,,,1,1,1,1,0,2,,,,,-1,-1,1,0,,0,,1734,10000,0,0,1734,10000,,,,2,1,0,,1,western_group_cabinet,western_group_cabinet,,blocks.wood,blockd.wood,blockd.wood,1734,1,1,,7b4b110c,,,,,,,0,15,15,,1,,,10,3,,,,,,1,,17,1,1,,1,,,
1735,西域屏风,,,,,,screen,,,,,,,1,1,1,1,0,2,,,,,-1,-1,1,0,,0,,1735,10000,0,0,1735,10000,,,,2,1,0,,2,western_screen,western_screen,,blocks.wood,blockd.wood,blockd.wood,1735,1,1,,7b4b111c,,,,,4,,0,15,15,,1,,1,10,3,,,,,,0,,17,1,1,,1,,,
1736,西域立体灯,,,,,,lamp,,,,,,,1,1,1,1,0,2,,,,,-1,-1,1,0,,0,,1736,10000,0,0,1736,10000,,,,2,1,0,,1,western_erect_light,western_erect_light,,blocks.stone,blockd.stone,blockd.stone,1736,1,1,,7b4b112c,,,,,,,0,15,0,,1,,,10,3,,,,,,1,,17,1,1,,1,,,2
1737,西域吊灯,,,,,,lamp,,,,,,,1,1,1,1,0,2,,,,,-1,-1,1,0,,0,,1737,10000,0,0,1737,10000,,,,2,1,0,,1,western_ceiling_light,western_ceiling_light,,blocks.stone,blockd.stone,blockd.stone,1737,1,1,,7b4b113c,,,,,,,0,15,0,,1,,,10,3,,,,,,1,,17,1,1,,1,,,2
1738,西域壁灯,,,,,,lamp,,,,,,,1,1,1,1,0,2,,,,,-1,-1,1,0,,0,,1738,10000,0,0,1738,10000,,,,2,1,0,,1,western_wall_light,western_wall_light,,blocks.stone,blockd.stone,blockd.stone,1738,1,1,,7b4b114c,,,,,,,0,15,0,,1,,,10,3,,,,,,1,,17,1,1,,1,,,2
1739,西域门,,,,,,simpledoor,,,,,,,1,1,1,1,0,2,,,,,-1,-1,1,0,,0,,1739,10000,0,0,1739,10000,,,,2,1,0,,2,western_door,western_door,,blocks.wood,blockd.wood,blockd.wood,1739,1,1,,7b4b115c,,,,,4,,0,15,15,,1,,1,10,,,,,,,0,,17,1,0,,1,,,
1740,西域窗,,,,,,screen,,,,,,,1,1,1,1,0,2,,,,,-1,-1,1,0,,0,,1740,10000,0,0,1740,10000,,,,2,1,0,,2,western_window,western_window,,blocks.wood,blockd.wood,blockd.wood,1740,1,1,,7b4b116c,,,,,4,,0,15,15,,1,,1,10,,,,,,,0,,17,1,1,,1,,,
1741,西域楼梯,,,,,,simplestair,,,,,,,1,1,1,1,0,2,,,,,-1,-1,1,0,,0,,1741,10000,0,0,1741,10000,,,,2,1,0,,1,western_stairs,western_stairs,,blocks.wood,blockd.wood,blockd.wood,1741,1,1,,7b4b117c,,,,,,,0,15,15,,1,,,10,,,,,,,1,,17,1,0,,1,,,
1742,西域墙砖,,,,,,wallbrick,,,,,,,1,1,1,1,0,2,,,,,-1,-1,1,0,,0,,1742,10000,0,0,1742,10000,,,,2,1,0,,1,western_wall,,,blocks.stone,blockd.stone,blockd.stone,1742,2,1,,7b4b118c,,,,,,,0,15,15,,1,,,10,,,,,,,0,,17,1,0,,1,,,
1743,西域砖,,,,,,simpletile,,,,,,,1,1,1,1,0,2,,,,,-1,-1,1,0,,0,,1743,10000,0,0,1743,10000,,,,2,1,0,,1,western_brick,,,blocks.stone,blockd.stone,blockd.stone,1743,2,1,,7b4b119c,,,,,,,0,15,15,,1,,,10,,,,,,,0,,17,1,0,,1,,,
1744,西域半砖,,,,,,slab,,,,,,,1,1,1,1,0,2,,,,,-1,-1,1,0,,0,,1744,10000,0,0,1744,10000,,,,2,1,0,,1,western_half_brick,,,blocks.stone,blockd.stone,blockd.stone,1744,2,1,,7b4b120c,,,,,,,0,15,15,,1,,,10,,,,,,,0,,17,1,1,,1,,,
1745,西域围栏,,,,,,fence,,,,,,,1,1,1,1,0,2,,,,,-1,-1,1,0,,0,,1745,10000,0,0,1745,10000,,,,2,1,0,,1,western_rail,western_rail,,blocks.wood,blockd.wood,blockd.wood,1745,1,1,,7b4b121c,,,,,,,6,15,15,,1,,,10,,,,,,,2,,17,1,1,,1,,,
1746,西域地毯,,,,,,twoblockrug,,,,,,,1,1,1,1,0,2,,,,,-1,-1,1,0,,0,,1746,10000,0,0,1746,10000,,,,2,1,0,,1,western_carpet,western_carpet,,blocks.cloth,blocks.cloth,blocks.cloth,1746,1,1,,7b4b121c,,,,,,,0,15,15,,1,,,10,3,,,,,,0,,17,1,0,,1,,,
1747,骆驼雕塑,,,,,,homelandsulpture,,,,,,,1,1,1,1,0,2,,,,,-1,-1,1,0,,0,,1747,10000,0,0,1747,10000,,,,2,1,0,,2,dunhuang_sculpture2,dunhuang_sculpture2,,blocks.stone,blocks.stone,,1747,,,,7b4b122c,,,,,4,,1,15,15,,1,,1,,3,,,,,,0,,17,1,0,,1,,,
1748,敦煌石窟,,,,,,homelandsulpture,,,,,,,1,1,1,1,0,2,,,,,-1,-1,1,0,,0,,1748,10000,0,0,1748,10000,,,,2,1,0,,2,dunhuang_sculpture3,dunhuang_sculpture3,,blocks.stone,blocks.stone,,1748,,,,7b4b123c,,,,,4,,1,15,15,,1,,1,,3,,,,,,0,,17,1,0,,1,,,
1749,敦煌飞天雕塑,,,,,,homelandsulpture,,,,,,,1,1,1,1,0,2,,,,,-1,-1,1,0,,0,,1749,10000,0,0,1749,10000,,,,2,1,0,,2,dunhuang_sculpture1,dunhuang_sculpture1,,blocks.stone,blocks.stone,,1749,,,,7b4b124c,,,,,4,,1,15,15,,1,,1,,3,,,,,,0,,17,1,0,,1,,,
1750,莲花壁画,,,,,,furniture,,,,,,,1,1,1,1,0,2,,,,,-1,-1,1,0,,0,,1750,10000,0,0,1750,10000,,,,2,1,0,,1,dunhuang_painting3,dunhuang_painting3,,blocks.wood,blocks.wood,blocks.wood,1750,,,,7b4b125c,,,,,4,,0,15,15,,1,,,,3,,,,,,1,,17,1,1,,1,,,
1751,飞天女壁画,,,,,,picture,,,,,,,1,1,1,1,0,2,,,,,-1,-1,1,0,,0,,1751,10000,0,0,1751,10000,,,,2,1,0,,1,dunhuang_painting2,dunhuang_painting2,,blocks.wood,blockd.wood,blockd.wood,1751,,,,7b4b126c,,,,,4,,0,15,15,,1,,,,3,,,,,,0,,17,1,0,,1,,,
1752,九色鹿王壁画,,,,,,foursquarepicture,,,,,,,1,1,1,1,0,2,,,,,-1,-1,1,0,,0,,1752,10000,0,0,1752,10000,,,,2,1,0,,2,dunhuang_painting1,dunhuang_painting1,,blocks.wood,blocks.wood,blocks.wood,1752,,,,7b4b127c,,,,,4,,0,15,15,,1,,1,,3,,,,,,0,,17,1,0,,1,,,
1753,饲料槽,,,,,,trough,,5,,,,,1,1,1,1,0,2,,,,,,4,1,0,,0,,1753,10000,0,0,1753,10000,,,,2,1,0,,1,trough,trough,,blocks.wood,blockd.wood,,1753,1,1,,d38400,,,,,,,0,15,15,,1,,,1,3,,,,,,0,,17,1,0,,0.5,,,
1754,彩云,,,,,,starcloud,1,3,,,,,1,1,1,1,0,2,,,,,,,1,0,,0,,,,,,,,,,,2,1,6,,1,star_cloud,,,blocks.snow,blockd.snow,,1754,,,,FAFFF0,,,,,,,1,15,15,,1,,,,,,,,,,0,dadabe,17,1,0,,0.5,,,2
1755,石柱,,,,,,peristele,3,4,4,,,,1,1,1,1,0,2,,,,,,5,1,0,,0,,1755,10000,0,0,1755,10000,,,,2,1,0,,1,peristele,peristele,,blocks.stone,blocks.stone,,1755,2,1,,FAFFF0,,,,,,,0,15,15,,6,,,1,,,,,,,0,,17,1,0,,0.2,,,
1756,柱顶,,,,,,peristele,3,4,4,,,,1,1,1,1,0,2,,,,,,5,1,0,,0,,1756,10000,0,0,1756,10000,,,,2,1,0,,1,top_peristele,top_peristele,,blocks.stone,blocks.stone,,1756,2,1,,FAFFF0,,,,,,,1,15,15,,1,,,1,,,,,,,0,,17,1,0,,0.2,,,
1757,凝浆块,,,,,,coagualtion,1,3,3,,,,1,1,1,1,0,2,,,,,,8,1,0,,0,,,,,,,,,,,2,1,15,,1,condensation,,,blocks.magma,blockd.magma,blockd.stone,1757,3,1,,3d2168,,,,,,,1,15,15,13,6,,,,,,,,,,0,d79e31,17,1,0,,0.2,,1,2
1758,黑凝浆块,,,,,,coagualtion,1,3,3,,,,1,1,1,0,0,2,,,,,,8,1,0,,0,,1758,10000,0,0,1758,10000,,,,2,1,0,,1,all_condensation,,,blocks.magma,blockd.magma,blockd.stone,1758,2,1,,3d2168,,,,,,,1,15,15,8,6,,,1,,,,,,,0,,17,0,0,,0.2,,1,2
1759,美味制作者灶台,,,hearth3,,,hearth,,,,,,,1,1,1,1,0,2,,,,,-1,-1,1,0,,0,,1759,10000,0,0,1759,10000,,,,2,1,0,,1,hearth5,hearth5,,blocks.stone,blockd.stone,blockd.stone,1759,,,,7b4b141c,,,,,4,,0,15,15,,1,,,,3,,,,,,1,,17,1,0,,1,,,
1760,魔法床,,,,,,basic,,,,,,,1,1,1,1,0,2,,,,,,,1,0,,0,,1760,10000,,,1760,10000,,,,2,1,0,,1,bamboo_planks,,,blocks.wood,blockd.wood,,1760,,,,7b4b127c,,,,,,,0,15,15,,1,,1,,,,,,,,0,,17,1,1,,1,,1,
1761,魔法沙发,,,,,,basic,,,,,,,1,1,1,1,0,2,,,,,,,1,0,,0,,1761,10000,,,1761,10000,,,,2,1,0,,1,bamboo_planks,,,blocks.wood,blockd.wood,,1761,,,,7b4b127c,,,,,,,0,15,15,,1,,,,,,,,,,0,,17,1,1,,1,,1,
1762,魔法书桌,,,,,,basic,,,,,,,1,1,1,1,0,2,,,,,,,1,0,,0,,1762,10000,,,1762,10000,,,,2,1,0,,1,bamboo_planks,,,blocks.wood,blockd.wood,,1762,,,,7b4b127c,,,,,,,0,15,15,,1,,,,,,,,,,0,,17,1,1,,1,,1,
1763,魔法餐桌,,,,,,basic,,,,,,,1,1,1,1,0,2,,,,,,,1,0,,0,,1763,10000,,,1763,10000,,,,2,1,0,,1,bamboo_planks,,,blocks.wood,blockd.wood,,1763,,,,7b4b127c,,,,,,,0,15,15,,1,,,,,,,,,,0,,17,1,1,,1,,1,
1764,魔法茶几,,,,,,basic,,,,,,,1,1,1,1,0,2,,,,,,,1,0,,0,,1764,10000,,,1764,10000,,,,2,1,0,,1,bamboo_planks,,,blocks.wood,blockd.wood,,1764,,,,7b4b127c,,,,,,,0,15,15,,1,,,,,,,,,,0,,17,1,1,,1,,1,
1765,魔法洗手台,,,,,,basic,,,,,,,1,1,1,1,0,2,,,,,,,1,0,,0,,1765,10000,,,1765,10000,,,,2,1,0,,1,bamboo_planks,,,blocks.wood,blockd.wood,,1765,,,,7b4b127c,,,,,,,0,15,15,,1,,,,,,,,,,0,,17,1,1,,1,,1,
1766,魔法椅子,,,,,,basic,,,,,,,1,1,1,1,0,2,,,,,,,1,0,,0,,1766,10000,,,1766,10000,,,,2,1,0,,1,bamboo_planks,,,blocks.wood,blockd.wood,,1766,,,,7b4b127c,,,,,,,0,15,15,,1,,,,,,,,,,0,,17,1,1,,1,,1,
1767,魔法马桶,,,,,,basic,,,,,,,1,1,1,1,0,2,,,,,,,1,0,,0,,1767,10000,,,1767,10000,,,,2,1,0,,1,bamboo_planks,,,blocks.wood,blockd.wood,,1767,,,,7b4b127c,,,,,,,0,15,15,,1,,,,,,,,,,0,,17,1,1,,1,,1,
1768,魔法浴缸,,,,,,basic,,,,,,,1,1,1,1,0,2,,,,,,,1,0,,0,,1768,10000,,,1768,10000,,,,2,1,0,,1,bamboo_planks,,,blocks.wood,blockd.wood,,1768,,,,7b4b127c,,,,,,,0,15,15,,1,,,,,,,,,,0,,17,1,1,,1,,1,
1769,魔法衣柜,,,,,,basic,,,,,,,1,1,1,1,0,2,,,,,,,1,0,,0,,1769,10000,,,1769,10000,,,,2,1,0,,1,bamboo_planks,,,blocks.wood,blockd.wood,,1769,,,,7b4b127c,,,,,,,0,15,15,,1,,,,,,,,,,0,,17,1,1,,1,,1,
1770,魔法橱柜,,,,,,basic,,,,,,,1,1,1,1,0,2,,,,,,,1,0,,0,,1770,10000,,,1770,10000,,,,2,1,0,,1,bamboo_planks,,,blocks.wood,blockd.wood,,1770,,,,7b4b127c,,,,,,,0,15,15,,1,,,,,,,,,,0,,17,1,1,,1,,1,
1771,魔法半格橱柜,,,,,,basic,,,,,,,1,1,1,1,0,2,,,,,,,1,0,,0,,1771,10000,,,1771,10000,,,,2,1,0,,1,bamboo_planks,,,blocks.wood,blockd.wood,,1771,,,,7b4b127c,,,,,,,0,15,15,,1,,,,,,,,,,0,,17,1,1,,1,,1,
1772,魔法组合柜,,,,,,basic,,,,,,,1,1,1,1,0,2,,,,,,,1,0,,0,,1772,10000,,,1772,10000,,,,2,1,0,,1,bamboo_planks,,,blocks.wood,blockd.wood,,1772,,,,7b4b127c,,,,,,,0,15,15,,1,,,,,,,,,,0,,17,1,1,,1,,1,
1773,魔法屏风,,,,,,basic,,,,,,,1,1,1,1,0,2,,,,,,,1,0,,0,,1773,10000,,,1773,10000,,,,2,1,0,,1,bamboo_planks,,,blocks.wood,blockd.wood,,1773,,,,7b4b127c,,,,,,,0,15,15,,1,,,,,,,,,,0,,17,1,1,,1,,1,
1774,魔法立体灯,,,,,,basic,,,,,,,1,1,1,1,0,2,,,,,,,1,0,,0,,1774,10000,,,1774,10000,,,,2,1,0,,1,bamboo_planks,,,blocks.wood,blockd.wood,,1774,,,,7b4b127c,,,,,,,0,15,15,,1,,,,,,,,,,0,,17,1,1,,1,,1,
1775,魔法吊灯,,,,,,basic,,,,,,,1,1,1,1,0,2,,,,,,,1,0,,0,,1775,10000,,,1775,10000,,,,2,1,0,,1,bamboo_planks,,,blocks.wood,blockd.wood,,1775,,,,7b4b127c,,,,,,,0,15,15,,1,,,,,,,,,,0,,17,1,1,,1,,1,
1776,魔法壁灯,,,,,,basic,,,,,,,1,1,1,1,0,2,,,,,,,1,0,,0,,1776,10000,,,1776,10000,,,,2,1,0,,1,bamboo_planks,,,blocks.wood,blockd.wood,,1776,,,,7b4b127c,,,,,,,0,15,15,,1,,,,,,,,,,0,,17,1,1,,1,,1,
1777,魔法门,,,,,,basic,,,,,,,1,1,1,1,0,2,,,,,,,1,0,,0,,1777,10000,,,1777,10000,,,,2,1,0,,1,bamboo_planks,,,blocks.wood,blockd.wood,,1777,,,,7b4b127c,,,,,,,0,15,15,,1,,,,,,,,,,0,,17,1,1,,1,,1,
1778,魔法窗,,,,,,basic,,,,,,,1,1,1,1,0,2,,,,,,,1,0,,0,,1778,10000,,,1778,10000,,,,2,1,0,,1,bamboo_planks,,,blocks.wood,blockd.wood,,1778,,,,7b4b127c,,,,,,,0,15,15,,1,,,,,,,,,,0,,17,1,1,,1,,1,
1779,魔法楼梯,,,,,,basic,,,,,,,1,1,1,1,0,2,,,,,,,1,0,,0,,1779,10000,,,1779,10000,,,,2,1,0,,1,bamboo_planks,,,blocks.wood,blockd.wood,,1779,,,,7b4b127c,,,,,,,0,15,15,,1,,,,,,,,,,0,,17,1,1,,1,,1,
1780,魔法墙砖,,,,,,basic,,,,,,,1,1,1,1,0,2,,,,,,,1,0,,0,,1780,10000,,,1780,10000,,,,2,1,0,,1,bamboo_planks,,,blocks.wood,blockd.wood,,1780,,,,7b4b127c,,,,,,,0,15,15,,1,,,,,,,,,,0,,17,1,1,,1,,1,
1781,魔法砖,,,,,,basic,,,,,,,1,1,1,1,0,2,,,,,,,1,0,,0,,1781,10000,,,1781,10000,,,,2,1,0,,1,bamboo_planks,,,blocks.wood,blockd.wood,,1781,,,,7b4b127c,,,,,,,0,15,15,,1,,,,,,,,,,0,,17,1,1,,1,,1,
1782,魔法半砖,,,,,,basic,,,,,,,1,1,1,1,0,2,,,,,,,1,0,,0,,1782,10000,,,1782,10000,,,,2,1,0,,1,bamboo_planks,,,blocks.wood,blockd.wood,,1782,,,,7b4b127c,,,,,,,0,15,15,,1,,,,,,,,,,0,,17,1,1,,1,,1,
1783,魔法围栏,,,,,,basic,,,,,,,1,1,1,1,0,2,,,,,,,1,0,,0,,1783,10000,,,1783,10000,,,,2,1,0,,1,bamboo_planks,,,blocks.wood,blockd.wood,,1783,,,,7b4b127c,,,,,,,0,15,15,,1,,,,,,,,,,0,,17,1,1,,1,,1,
1784,魔法地毯,,,,,,basic,,,,,,,1,1,1,1,0,2,,,,,,,1,0,,0,,1784,10000,,,1784,10000,,,,2,1,0,,1,bamboo_planks,,,blocks.wood,blockd.wood,,1784,,,,7b4b127c,,,,,,,0,15,15,,1,,,,,,,,,,0,,17,1,1,,1,,1,
1785,魔法雕塑,,,,,,basic,,,,,,,1,1,1,1,0,2,,,,,,,1,0,,0,,1785,10000,,,1785,10000,,,,2,1,0,,1,bamboo_planks,,,blocks.wood,blockd.wood,,1785,,,,7b4b127c,,,,,,,0,15,15,,1,,,,,,,,,,0,,17,1,1,,1,,1,
1786,魔法壁画,,,,,,basic,,,,,,,1,1,1,1,0,2,,,,,,,1,0,,0,,1786,10000,,,1786,10000,,,,2,1,0,,1,bamboo_planks,,,blocks.wood,blockd.wood,,1786,,,,7b4b127c,,,,,,,0,15,15,,1,,,,,,,,,,0,,17,1,1,,1,,1,
1787,游戏版本过低,,,,,,basic,,,,,,,1,1,1,1,0,2,,,,,,,1,0,,0,,1787,10000,,,1787,10000,,,,2,1,0,,1,bamboo_planks,,,blocks.wood,blockd.wood,,1787,,,,7b4b127c,,,,,4,,0,15,15,,1,,,,,,,,,,0,,17,1,1,,1,,,
1788,游戏版本过低,,,,,,basic,,,,,,,1,1,1,1,0,2,,,,,,,1,0,,0,,1788,10000,,,1788,10000,,,,2,1,0,,1,spring_table,,,blocks.wood,blockd.wood,,1788,,,,7b4b127c,,,,,4,,0,15,15,,1,,,,,,,,,,0,,17,1,1,,1,,,
1789,游戏版本过低,,,,,,basic,,,,,,,1,1,1,1,0,2,,,,,,,1,0,,0,,1789,10000,,,1789,10000,,,,2,1,0,,1,bamboo_planks,,,blocks.wood,blockd.wood,,1789,,,,7b4b127c,,,,,4,,0,15,15,,1,,,,,,,,,,0,,17,1,1,,1,,,
1790,游戏版本过低,,,,,,basic,,,,,,,1,1,1,1,0,2,,,,,,,1,0,,0,,1790,10000,,,1790,10000,,,,2,1,0,,1,bamboo_planks,,,blocks.wood,blockd.wood,,1790,,,,7b4b127c,,,,,4,,0,15,15,,1,,,,,,,,,,0,,17,1,1,,1,,,
1791,游戏版本过低,,,,,,basic,,,,,,,1,1,1,1,0,2,,,,,,,1,0,,0,,1791,10000,,,1791,10000,,,,2,1,0,,1,bamboo_planks,,,blocks.wood,blockd.wood,,1791,,,,7b4b127c,,,,,4,,0,15,15,,1,,,,,,,,,,0,,17,1,1,,1,,,
1792,游戏版本过低,,,,,,basic,,,,,,,1,1,1,1,0,2,,,,,,,1,0,,0,,,,,,,,,,,2,1,0,,1,bamboo_planks,,,blocks.wood,blockd.wood,,,,,,,,,,,,,0,15,15,,1,,,,,,,,,,0,,17,1,1,,1,,,
1793,游戏版本过低,,,,,,basic,,,,,,,1,1,1,1,0,2,,,,,,,1,0,,0,,,,,,,,,,,2,1,0,,1,bamboo_planks,,,blocks.wood,blockd.wood,,,,,,,,,,,,,0,15,15,,1,,,,,,,,,,0,,17,1,1,,1,,,
1794,游戏版本过低,,,,,,basic,,,,,,,1,1,1,1,0,2,,,,,,,1,0,,0,,,,,,,,,,,2,1,0,,1,bamboo_planks,,,blocks.wood,blockd.wood,,,,,,,,,,,,,0,15,15,,1,,,,,,,,,,0,,17,1,1,,1,,,
1795,游戏版本过低,,,,,,basic,,,,,,,1,1,1,1,0,2,,,,,,,1,0,,0,,,,,,,,,,,2,1,0,,1,bamboo_planks,,,blocks.wood,blockd.wood,,,,,,,,,,,,,0,15,15,,1,,,,,,,,,,0,,17,1,1,,1,,,
1796,蓝莓草块,,,,,,log,1,3,3,,1,,1,1,1,0,0,0,,,,,7,3.5,1,0,,0,,1796,10000,0,0,1796,10000,,,,1,15,0,,1,blueberrygrass,blueberrygrass_normal,,blocks.gravel,blockd.gravel,,1796,3,1,,782983,,,,,,,1,15,15,,1,,,,,,,,,,0,,255,0,1,,0,,1,
1797,蓝莓土块,,,,,,basic,1,3,3,,1,,1,1,1,0,0,0,,,,,7,3.5,1,0,,0,,1797,10000,0,0,1797,10000,,,,1,15,0,,1,blueberrygrass_top,,,blocks.gravel,blockd.gravel,,1797,3,1,,782983,,,,,,,1,15,15,,1,,,,,,,,,,0,,255,0,1,,0,,1,
1798,荧光草,,,,,,colorherbs,1,1,1,,,,1,0,0,1,3,0,1,,,,1,0,1,15,100,15,,11226,10000,0,0,11226,10000,,,,0,1,0,,1,cavegrass,,,,blockd.grass,,1798,0,1,,782983,0.1,,,,2,,0,15,15,,1,,,,2,0,,,,,0,,17,1,0,,0,,,
1799,肥沃的土地,,,,,,fertileland,,,,,,,1,1,1,1,0,2,,,,,,,1,0,,0,,,,,,,,,,,2,1,0,,1,fertiledirt,,,blocks.wood,blockd.wood,,,,,,,,,,,,,0,15,15,,1,,,,,,,,,,0,,17,1,0,,0,,,
1800,魔龙坐骑蛋,,DragonEgg,DragonEgg,,,horseegg,,,,,,,1,1,1,2,0,0,,,,,500,25,1,0,,0,,,,,,,,,,,1,1,0,,1,horse_egg,horse_egg,,blocks.stone,blockd.stone,,,,,,e28252,,,,,33,,0,15,15,,1,,,,2,,,,,,0,,17,2,0,,0,,,
1801,月亮坐骑蛋,,MoonEgg,MoonEgg,,,horseegg,,,,,,,1,1,1,2,0,0,,,,,500,25,1,0,,0,,,,,,,,,,,1,1,0,,1,horse_egg,horse_egg,,blocks.stone,blockd.stone,,,,,,e28252,,,,,33,,0,15,15,,1,,,,2,,,,,,0,,17,2,0,,0,,,
1802,圣夜雪橇坐骑,,Reindeer,Reindeer,,,horseegg,,,,,,,1,1,1,2,0,0,,,,,500,25,1,0,,0,,,,,,,,,,,1,1,0,,1,horse_egg,horse_egg,,blocks.stone,blockd.stone,,,,,,e28252,,,,,33,,0,15,15,,1,,,,2,,,,,,0,,17,2,0,,0,,,
1803,巨鲸坐骑蛋,,Whaleegg,Whaleegg,,,horseegg,,,,,,,1,1,1,2,0,0,,,,,500,25,1,0,,0,,,,,,,,,,,1,1,0,,1,horse_egg,horse_egg,,blocks.stone,blockd.stone,,,,,,e28252,,,,,33,,0,15,15,,1,,,,2,,,,,,0,,17,2,0,,0,,,
1804,莲花坐骑蛋,,Lotusegg,Lotusegg,,,horseegg,,,,,,,1,1,1,2,0,0,,,,,500,25,1,0,,0,,,,,,,,,,,1,1,0,,1,horse_egg,horse_egg,,blocks.stone,blockd.stone,,,,,,e28252,,,,,33,,0,15,15,,1,,,,2,,,,,,0,,17,2,0,,0,,,
1805,九色鹿坐骑丹,,deeregg,deeregg,,,deeregg,,,,,,,1,1,1,2,0,0,,,,,500,25,1,0,,0,,,,,,,,,,,1,1,0,,1,horse_egg,horse_egg,,blocks.stone,blockd.stone,,,,,,e28252,,,,,33,,0,15,15,,1,,,,,,,,,,0,,17,2,0,,0,,,
1811,中式椅子,,,ChineseChair,,,chair,3,4,,,,,1,1,1,0,0,2,,,,,25,6,1,2,20,0,,1811,10000,0,0,1811,10000,,,,2,1,0,,1,spring_chair,spring_chair,,blocks.wood,blockd.wood,,1811,1,1,,c1a661,,,,,4,,0,15,15,,1,,,1,3,,,,,,1,,17,0,0,,20,,1,
1812,中式桌子,,,ChineseTable,,,furniture,3,4,,,,,1,1,1,0,0,2,,,,,25,6,1,2,20,0,,1812,10000,0,0,1812,10000,,,,2,1,0,,1,spring_table,spring_table,,blocks.wood,blockd.wood,,1812,1,1,,c1a661,,,,,,,1,15,15,,1,,,1,3,,,,,,1,,17,0,1,,20,,1,
1813,中式木椅,,,ChineseSofa,,,chair,3,4,,,,,1,1,1,0,0,2,,,,,25,6,1,2,20,0,,1813,10000,0,0,1813,10000,,,,2,1,0,,1,spring_shafa,spring_shafa,,blocks.wood,blockd.wood,,1813,1,1,,c1a661,,,,,4,,0,15,15,,1,,,1,3,,,,,,1,,17,0,0,,20,,1,
1814,中式火炉,,,ChineseFireplace,,,smelter,3,4,,,,,1,1,1,0,0,2,,,,,50,18,1,0,,0,,1814,10000,0,0,1814,10000,,,,2,1,0,,1,spring_hearth,spring_hearth,,blocks.wood,blockd.wood,,1814,2,1,,84684c,,,,,4,,1,15,15,,1,,,10,3,,,,,,1,,17,0,1,,20,,1,
1815,中式柜子,,,ChineseCabinet,,,chest,3,4,,,,,1,1,1,2,0,2,,,,,25,6,1,2,20,0,,1815,10000,0,0,1815,10000,,,,2,1,0,,1,spring_cabinet,spring_cabinet,,blocks.wood,blockd.wood,,1815,1,1,,c1a661,,,,,4,,1,15,15,,1,,,1,3,,,,,,1,,17,2,1,,20,26,1,
1816,凯蒂猫餐桌,,,sanriohellokitty_table,,1,furniture,3,4,,,,,1,1,1,0,0,2,,,,,25,6,1,0,,0,,1816,10000,0,0,1816,10000,,,,2,1,0,,1,sanriohellokitty_table,sanriohellokitty_table,,blocks.wood,blockd.wood,,1816,1,1,,c1a661,,,,,4,,1,15,15,,1,,,1,3,,,,,,1,,17,0,1,,30,,1,
1817,凯蒂猫沙发,,,sanriohellokitty_sofa,,1,bigshafa,3,4,,,,,1,1,1,0,0,2,,,,,25,6,1,0,,0,,1817,10000,0,0,1817,10000,,,,2,1,0,,1,sanriohellokitty_sofa,sanriohellokitty_sofa,,blocks.wood,blockd.wood,,1817,1,1,,c1a661,,,,,4,,1,15,15,,1,,1,1,3,,,,,,0,,17,0,0,,30,,1,
1818,凯蒂猫公主床,,,sanriohellokitty_bed,,1,sanriobed,3,4,,,,,1,1,1,0,0,2,,,,,25,6,1,0,,0,,1818,10000,0,0,1818,10000,,,,2,1,0,,1,sanriohellokitty_bed,sanriohellokitty_bed,,blocks.wood,blockd.wood,,1818,1,1,,c1a661,,,,,4,,1,15,15,,1,,1,1,3,,,,,,0,,17,0,0,,30,,1,
1819,凯蒂猫衣柜,,,sanriohellokitty_closet,,1,chest,3,4,,,,,1,1,1,0,0,2,,,,,25,6,1,0,,0,,1819,10000,0,0,1819,10000,,,,2,1,0,,1,sanriohellokitty_closet,sanriohellokitty_closet,,blocks.wood,blockd.wood,,1819,1,1,,c1a661,,,,,4,,1,15,15,,1,,,1,3,,,,,,1,,17,0,1,,30,,1,
1820,凯蒂猫公主椅,,,sanriohellokitty_chair,,1,chair,3,4,,,,,1,1,1,0,0,2,,,,,25,6,1,0,,0,,1820,10000,0,0,1820,10000,,,,2,1,0,,1,sanriohellokitty_chair,sanriohellokitty_chair,,blocks.wood,blockd.wood,,1820,1,1,,c1a661,,,,,4,,0,15,15,,1,,,1,3,,,,,,1,,17,0,0,,30,,1,
1821,凯蒂猫留言牌,,,sanriohellokitty_liuyanban,,1,notice,3,4,,,,,1,1,1,0,0,2,,,,,25,6,1,0,,0,,1821,10000,0,0,1821,10000,,,,2,1,0,,1,sanriohellokitty_liuyanban,sanriohellokitty_liuyanban,,blocks.wood,blockd.wood,,1821,1,1,,c1a661,,,,,16,,0,15,15,,1,,,1,2,,,,,,2,,17,0,0,,30,0,,
1822,凯蒂猫字牌,,,sanriohellokitty_zipai,,1,plaque,3,4,,,,,1,1,1,0,0,2,,,,,25,6,1,0,,0,,1822,10000,0,0,1822,10000,,,,2,1,0,,1,sanriohellokitty_zipai,sanriohellokitty_zipai,,blocks.wood,blockd.wood,,1822,1,1,,c1a661,,,,,4,,0,15,15,,1,,,1,2,,,,,,1,,17,0,0,,30,,,
1823,凯蒂猫围栏,,,sanriohellokitty_rail,,1,fence,3,4,,,,,1,1,1,0,0,2,,,,,25,6,1,0,,0,,1823,10000,0,0,1823,10000,,,,2,1,0,,1,sanriohellokitty_rail,sanriohellokitty_rail,,blocks.wood,blockd.wood,,1823,1,1,,c1a661,,,,,4,,6,15,15,,1,,,1,,,,,,,2,,17,0,1,,30,,,
1824,凯蒂猫方块,,,sanriohellokitty,,1,basic,3,4,,,,,1,1,1,0,0,2,,,,,25,6,1,0,,0,,1824,10000,0,0,1824,10000,,,,2,1,0,,1,sanriohellokitty,sanriohellokitty,,blocks.wood,blockd.wood,,1824,1,1,,c1a661,,,,,,,0,15,15,,1,,,1,,,,,,,0,,17,0,1,,30,,1,
1825,大耳狗餐桌,,,sanriocinnamoroll_table,,1,furniture,3,4,,,,,1,1,1,0,0,2,,,,,25,6,1,0,,0,,1825,10000,0,0,1825,10000,,,,2,1,0,,1,sanriocinnamoroll_table,sanriocinnamoroll_table,,blocks.wood,blockd.wood,,1825,1,1,,c1a661,,,,,4,,1,15,15,,1,,,1,3,,,,,,1,,17,0,1,,30,,1,
1826,大耳狗沙发,,,sanriocinnamoroll_sofa,,1,bigshafa,3,4,,,,,1,1,1,0,0,2,,,,,25,6,1,0,,0,,1826,10000,0,0,1826,10000,,,,2,1,0,,1,sanriocinnamoroll_sofa,sanriocinnamoroll_sofa,,blocks.wood,blockd.wood,,1826,1,1,,c1a661,,,,,4,,1,15,15,,1,,1,1,3,,,,,,0,,17,0,0,,30,,1,
1827,大耳狗星愿床,,,sanriocinnamoroll_bed,,1,sanriobed,3,4,,,,,1,1,1,0,0,2,,,,,25,6,1,0,,0,,1827,10000,0,0,1827,10000,,,,2,1,0,,1,sanriocinnamoroll_bed,sanriocinnamoroll_bed,,blocks.wood,blockd.wood,,1827,1,1,,c1a661,,,,,4,,1,15,15,,1,,1,1,3,,,,,,0,,17,0,0,,30,,1,
1828,大耳狗衣柜,,,sanriocinnamoroll_closet,,1,chest,3,4,,,,,1,1,1,0,0,2,,,,,25,6,1,0,,0,,1828,10000,0,0,1828,10000,,,,2,1,0,,1,sanriocinnamoroll_closet,sanriocinnamoroll_closet,,blocks.wood,blockd.wood,,1828,1,1,,c1a661,,,,,4,,1,15,15,,1,,,1,3,,,,,,1,,17,0,1,,30,26,1,
1829,大耳狗椅子,,,sanriocinnamoroll_chair,,1,chair,3,4,,,,,1,1,1,0,0,2,,,,,25,6,1,0,,0,,1829,10000,0,0,1829,10000,,,,2,1,0,,1,sanriocinnamoroll_chair,sanriocinnamoroll_chair,,blocks.wood,blockd.wood,,1829,1,1,,c1a661,,,,,4,,0,15,15,,1,,,1,3,,,,,,1,,17,0,0,,30,,1,
1830,大耳狗留言牌,,,sanriocinnamoroll_liuyanban,,1,notice,3,4,,,,,1,1,1,0,0,2,,,,,25,6,1,0,,0,,1830,10000,0,0,1830,10000,,,,2,1,0,,1,sanriocinnamoroll_liuyanban,sanriocinnamoroll_liuyanban,,blocks.wood,blockd.wood,,1830,1,1,,c1a661,,,,,16,,0,15,15,,1,,,1,2,,,,,,2,,17,0,0,,30,0,,
1831,大耳狗字牌,,,sanriocinnamoroll_zipai,,1,plaque,3,4,,,,,1,1,1,0,0,2,,,,,25,6,1,0,,0,,1831,10000,0,0,1831,10000,,,,2,1,0,,1,sanriocinnamoroll_zipai,sanriocinnamoroll_zipai,,blocks.wood,blockd.wood,,1831,1,1,,c1a661,,,,,4,,0,15,15,,1,,,1,2,,,,,,1,,17,0,0,,30,,,
1832,大耳狗围栏,,,sanriocinnamoroll_rail,,1,fence,3,4,,,,,1,1,1,0,0,2,,,,,25,6,1,0,,0,,1832,10000,0,0,1832,10000,,,,2,1,0,,1,sanriocinnamoroll_rail,sanriocinnamoroll_rail,,blocks.wood,blockd.wood,,1832,1,1,,c1a661,,,,,4,,6,15,15,,1,,,1,,,,,,,2,,17,0,1,,30,,,
1833,大耳狗方块,,,sanriocinnamoroll,,1,basic,3,4,,,,,1,1,1,0,0,2,,,,,25,6,1,0,,0,,1833,10000,0,0,1833,10000,,,,2,1,0,,1,sanriocinnamoroll,sanriocinnamoroll,,blocks.wood,blockd.wood,,1833,1,1,,c1a661,,,,,,,0,15,15,,1,,,1,,,,,,,0,,17,0,1,,30,,1,
1834,凯蒂猫门,,,sanriohellokitty_door,,1,simpledoor,3,4,,,,,1,1,1,0,0,2,,,,,25,6,1,0,,0,,1834,10000,0,0,1834,10000,,,,2,1,0,,1,sanriohellokitty_door,sanriohellokitty_door,,blocks.wood,blockd.wood,,1834,1,1,,c1a661,,,,,4,,0,15,15,,1,,1,1,,,,,,,0,,17,0,0,,30,,,
1835,酷洛米餐桌,,,sanriokuromi_table,,1,furniture,3,4,,,,,1,1,1,0,0,2,,,,,25,6,1,0,,0,,1835,10000,0,0,1835,10000,,,,2,1,0,,1,sanriokuromi_table,sanriokuromi_table,,blocks.wood,blockd.wood,,1835,1,1,,c1a661,,,,,4,,1,15,15,,1,,,1,3,,,,,,1,,17,0,1,,30,,1,
1836,酷洛米沙发,,,sanriokuromi_sofa,,1,bigshafa,3,4,,,,,1,1,1,0,0,2,,,,,25,6,1,0,,0,,1836,10000,0,0,1836,10000,,,,2,1,0,,1,sanriokuromi_sofa,sanriokuromi_sofa,,blocks.wood,blockd.wood,,1836,1,1,,c1a661,,,,,4,,1,15,15,,1,,1,1,3,,,,,,0,,17,0,0,,30,,1,
1837,酷洛米公主床,,,sanriokuromi_bed,,1,sanriobed,3,4,,,,,1,1,1,0,0,2,,,,,25,6,1,0,,0,,1837,10000,0,0,1837,10000,,,,2,1,0,,1,sanriokuromi_bed,sanriokuromi_bed,,blocks.wood,blockd.wood,,1837,1,1,,c1a661,,,,,4,,1,15,15,,1,,1,1,3,,,,,,0,,17,0,0,,30,,1,
1838,酷洛米衣柜,,,sanriokuromi_closet,,1,chest,3,4,,,,,1,1,1,0,0,2,,,,,25,6,1,0,,0,,1838,10000,0,0,1838,10000,,,,2,1,0,,1,sanriokuromi_closet,sanriokuromi_closet,,blocks.wood,blockd.wood,,1838,1,1,,c1a661,,,,,4,,1,15,15,,1,,,1,3,,,,,,1,,17,0,1,,30,,1,
1839,酷洛米公主椅,,,sanriokuromi_chair,,1,chair,3,4,,,,,1,1,1,0,0,2,,,,,25,6,1,0,,0,,1839,10000,0,0,1839,10000,,,,2,1,0,,1,sanriokuromi_chair,sanriokuromi_chair,,blocks.wood,blockd.wood,,1839,1,1,,c1a661,,,,,4,,0,15,15,,1,,,1,3,,,,,,1,,17,0,0,,30,,1,
1840,酷洛米留言牌,,,sanriokuromi_liuyanban,,1,notice,3,4,,,,,1,1,1,0,0,2,,,,,25,6,1,0,,0,,1840,10000,0,0,1840,10000,,,,2,1,0,,1,sanriokuromi_liuyanban,sanriokuromi_liuyanban,,blocks.wood,blockd.wood,,1840,1,1,,c1a661,,,,,16,,0,15,15,,1,,,1,2,,,,,,2,,17,0,0,,30,0,,
1841,酷洛米字牌,,,sanriokuromi_zipai,,1,plaque,3,4,,,,,1,1,1,0,0,2,,,,,25,6,1,0,,0,,1841,10000,0,0,1841,10000,,,,2,1,0,,1,sanriokuromi_zipai,sanriokuromi_zipai,,blocks.wood,blockd.wood,,1841,1,1,,c1a661,,,,,4,,0,15,15,,6,,,1,2,,,,,,1,,17,0,0,,30,,,
1842,酷洛米围栏,,,sanriokuromi_rail,,1,fence,3,4,,,,,1,1,1,0,0,2,,,,,25,6,1,0,,0,,1842,10000,0,0,1842,10000,,,,2,1,0,,1,sanriokuromi_rail,sanriokuromi_rail,,blocks.wood,blockd.wood,,1842,1,1,,c1a661,,,,,4,,6,15,15,,6,,,1,,,,,,,2,,17,0,1,,30,,,
1843,酷洛米方块,,,sanriokuromi,,1,basic,3,4,,,,,1,1,1,0,0,2,,,,,25,6,1,0,,0,,1843,10000,0,0,1843,10000,,,,2,1,0,,1,sanriokuromi,sanriokuromi,,blocks.wood,blockd.wood,,1843,1,1,,c1a661,,,,,,,1,15,15,,6,,,1,,,,,,,0,,17,0,1,,30,,1,
1844,美乐蒂餐桌,,,sanriomelody_table,,1,furniture,3,4,,,,,1,1,1,0,0,2,,,,,25,6,1,0,,0,,1844,10000,0,0,1844,10000,,,,2,1,0,,1,sanriomelody_table,sanriomelody_table,,blocks.wood,blockd.wood,,1844,1,1,,c1a661,,,,,4,,1,15,15,,6,,,1,3,,,,,,1,,17,0,1,,30,,1,
1845,美乐蒂沙发,,,sanriomelody_sofa,,1,bigshafa,3,4,,,,,1,1,1,0,0,2,,,,,25,6,1,0,,0,,1845,10000,0,0,1845,10000,,,,2,1,0,,1,sanriomelody_sofa,sanriomelody_sofa,,blocks.wood,blockd.wood,,1845,1,1,,c1a661,,,,,4,,1,15,15,,6,,1,1,3,,,,,,0,,17,0,0,,30,,1,
1846,美乐蒂公主床,,,sanriomelody_bed,,1,sanriobed,3,4,,,,,1,1,1,0,0,2,,,,,25,6,1,0,,0,,1846,10000,0,0,1846,10000,,,,2,1,0,,1,sanriomelody_bed,sanriomelody_bed,,blocks.wood,blockd.wood,,1846,1,1,,c1a661,,,,,4,,1,15,15,,6,,1,1,3,,,,,,0,,17,0,0,,30,,1,
1847,美乐蒂衣柜,,,sanriomelody_closet,,1,chest,3,4,,,,,1,1,1,0,0,2,,,,,25,6,1,0,,0,,1847,10000,0,0,1847,10000,,,,2,1,0,,1,sanriomelody_closet,sanriomelody_closet,,blocks.wood,blockd.wood,,1847,1,1,,c1a661,,,,,4,,1,15,15,,6,,,1,3,,,,,,1,,17,0,1,,30,,1,
1848,美乐蒂公主椅,,,sanriomelody_chair,,1,chair,3,4,,,,,1,1,1,0,0,2,,,,,25,6,1,0,,0,,1848,10000,0,0,1848,10000,,,,2,1,0,,1,sanriomelody_chair,sanriomelody_chair,,blocks.wood,blockd.wood,,1848,1,1,,c1a661,,,,,4,,0,15,15,,6,,,1,3,,,,,,1,,17,0,0,,30,,1,
1849,美乐蒂留言牌,,,sanriomelody_liuyanban,,1,notice,3,4,,,,,1,1,1,0,0,2,,,,,25,6,1,0,,0,,1849,10000,0,0,1849,10000,,,,2,1,0,,1,sanriomelody_liuyanban,sanriomelody_liuyanban,,blocks.wood,blockd.wood,,1849,1,1,,c1a661,,,,,16,,0,15,15,,6,,,1,2,,,,,,2,,17,0,0,,30,0,,
1850,美乐蒂字牌,,,sanriomelody_zipai,,1,plaque,3,4,,,,,1,1,1,0,0,2,,,,,25,6,1,0,,0,,1850,10000,0,0,1850,10000,,,,2,1,0,,1,sanriomelody_zipai,sanriomelody_zipai,,blocks.wood,blockd.wood,,1850,1,1,,c1a661,,,,,4,,0,15,15,,6,,,1,2,,,,,,1,,17,0,0,,30,,,
1851,美乐蒂围栏,,,sanriomelody_rail,,1,fence,3,4,,,,,1,1,1,0,0,2,,,,,25,6,1,0,,0,,1851,10000,0,0,1851,10000,,,,2,1,0,,1,sanriomelody_rail,sanriomelody_rail,,blocks.wood,blockd.wood,,1851,1,1,,c1a661,,,,,4,,6,15,15,,6,,,1,,,,,,,2,,17,0,1,,30,,,
1852,美乐蒂方块,,,sanriomelody,,1,basic,3,4,,,,,1,1,1,0,0,2,,,,,25,6,1,0,,0,,1852,10000,0,0,1852,10000,,,,2,1,0,,1,sanriomelody,sanriomelody,,blocks.wood,blockd.wood,,1852,1,1,,c1a661,,,,,,,0,15,15,,6,,,1,,,,,,,0,,17,0,1,,30,,1,
1853,美乐蒂门,,,sanriomelody_door,,1,simpledoor,3,4,,,,,1,1,1,0,0,2,,,,,25,6,1,0,,0,,1853,10000,0,0,1853,10000,,,,2,1,0,,1,sanriomelody_door,sanriomelody_door,,blocks.wood,blockd.wood,,1853,1,1,,c1a661,,,,,4,,0,15,15,,1,,1,1,,,,,,,0,,17,0,0,,30,,,
1854,大眼蛙方块,,,sanriokeroppi,,1,basic,3,4,,,,,1,1,1,0,0,2,,,,,25,6,1,0,,0,,1854,10000,0,0,1854,10000,,,,2,1,0,,1,sanriokeroppi,sanriokeroppi,,blocks.wood,blockd.wood,,1854,1,1,,c1a661,,,,,,,0,15,15,,1,,,1,,,,,,,0,,17,0,1,,30,,1,
1855,大眼蛙字牌,,,sanriokeroppi_zipai,,1,plaque,3,4,,,,,1,1,1,0,0,2,,,,,25,6,1,0,,0,,1855,10000,0,0,1855,10000,,,,2,1,0,,1,sanriokeroppi_zipai,sanriokeroppi_zipai,,blocks.wood,blockd.wood,,1855,1,1,,c1a661,,,,,4,,0,15,15,,1,,,1,2,,,,,,1,,17,0,0,,30,,,
1856,大眼蛙留言牌,,,sanriokeroppi_liuyanban,,1,notice,3,4,,,,,1,1,1,0,0,2,,,,,25,6,1,0,,0,,1856,10000,0,0,1856,10000,,,,2,1,0,,1,sanriokeroppi_liuyanban,sanriokeroppi_liuyanban,,blocks.wood,blockd.wood,,1856,1,1,,c1a661,,,,,16,,0,15,15,,1,,,1,2,,,,,,2,,17,0,0,,30,0,,
1857,大眼蛙围栏,,,sanriokeroppi_rail,,1,fence,3,4,,,,,1,1,1,0,0,2,,,,,25,6,1,0,,0,,1857,10000,0,0,1857,10000,,,,2,1,0,,1,sanriokeroppi_rail,sanriokeroppi_rail,,blocks.wood,blockd.wood,,1857,1,1,,c1a661,,,,,4,,6,15,15,,1,,,1,,,,,,,2,,17,0,1,,30,,,
1858,大眼蛙桌子,,,sanriokeroppi_table,,1,furniture,3,4,,,,,1,1,1,0,0,2,,,,,25,6,1,0,,0,,1858,10000,0,0,1858,10000,,,,2,1,0,,1,sanriokeroppi_table,sanriokeroppi_table,,blocks.wood,blockd.wood,,1858,1,1,,c1a661,,,,,4,,0,15,15,,1,,,1,3,,,,,,1,,17,0,1,,30,,1,
1859,大眼蛙椅子,,,sanriokeroppi_chair,,1,chair,3,4,,,,,1,1,1,0,0,2,,,,,25,6,1,0,,0,,1859,10000,0,0,1859,10000,,,,2,1,0,,1,sanriokeroppi_chair,sanriokeroppi_chair,,blocks.wood,blockd.wood,,1859,1,1,,c1a661,,,,,4,,0,15,15,,1,,,1,3,,,,,,1,,17,0,0,,30,,1,
1860,大眼蛙沙发,,,sanriokeroppi_sofa,,1,bigshafa,3,4,,,,,1,1,1,0,0,2,,,,,25,6,1,0,,0,,1860,10000,0,0,1860,10000,,,,2,1,0,,1,sanriokeroppi_sofa,sanriokeroppi_sofa,,blocks.wood,blockd.wood,,1860,1,1,,c1a661,,,,,4,,1,15,15,,1,,1,1,3,,,,,,0,,17,0,0,,30,,1,
1861,大眼蛙衣柜,,,sanriokeroppi_closet,,1,chest,3,4,,,,,1,1,1,0,0,2,,,,,25,6,1,0,,0,,1861,10000,0,0,1861,10000,,,,2,1,0,,1,sanriokeroppi_closet,sanriokeroppi_closet,,blocks.wood,blockd.wood,,1861,1,1,,c1a661,,,,,4,,0,15,15,,1,,,1,3,,,,,,1,,17,0,1,,30,,1,
1862,大眼蛙床,,,sanriokeroppi_bed,,1,sanriobed,3,4,,,,,1,1,1,0,0,2,,,,,25,6,1,0,,0,,1862,10000,0,0,1862,10000,,,,2,1,0,,1,sanriokeroppi_bed,sanriokeroppi_bed,,blocks.wood,blockd.wood,,1862,1,1,,c1a661,,,,,4,,0,15,15,,1,,1,1,3,,,,,,0,,17,0,0,,30,,1,
1863,布丁狗衣柜,,,sanriopurin_closet,,1,chest,3,4,,,,,1,1,1,0,0,2,,,,,25,6,1,0,,0,,1863,10000,0,0,1863,10000,,,,2,1,0,,1,sanriopurin_closet,sanriopurin_closet,,blocks.wood,blockd.wood,,1863,1,1,,c1a661,,,,,4,,0,15,15,,1,,,1,3,,,,,,1,,17,0,1,,30,,1,
1864,布丁狗床,,,sanriopurin_bed,,1,sanriobed,3,4,,,,,1,1,1,0,0,2,,,,,25,6,1,0,,0,,1864,10000,0,0,1864,10000,,,,2,1,0,,1,sanriopurin_bed,sanriopurin_bed,,blocks.wood,blockd.wood,,1864,1,1,,c1a661,,,,,4,,0,15,15,,1,,1,1,3,,,,,,0,,17,0,0,,30,,1,
1865,布丁狗沙发,,,sanriopurin_sofa,,1,bigshafa,3,4,,,,,1,1,1,0,0,2,,,,,25,6,1,0,,0,,1865,10000,0,0,1865,10000,,,,2,1,0,,1,sanriopurin_sofa,sanriopurin_sofa,,blocks.wood,blockd.wood,,1865,1,1,,c1a661,,,,,4,,1,15,15,,6,,1,1,3,,,,,,0,,17,0,0,,30,,1,
1866,布丁狗桌子,,,sanriopurin_table,,1,furniture,3,4,,,,,1,1,1,0,0,2,,,,,25,6,1,0,,0,,1866,10000,0,0,1866,10000,,,,2,1,0,,1,sanriopurin_table,sanriopurin_table,,blocks.wood,blockd.wood,,1866,1,1,,c1a661,,,,,4,,0,15,15,,6,,,1,3,,,,,,1,,17,0,1,,30,,1,
1867,布丁狗椅子,,,sanriopurin_chair,,1,chair,3,4,,,,,1,1,1,0,0,2,,,,,25,6,1,0,,0,,1867,10000,0,0,1867,10000,,,,2,1,0,,1,sanriopurin_chair,sanriopurin_chair,,blocks.wood,blockd.wood,,1867,1,1,,c1a661,,,,,4,,0,15,15,,6,,,1,3,,,,,,1,,17,0,0,,30,,1,
1868,布丁狗门,,,sanriopurin_door,,1,simpledoor,3,4,,,,,1,1,1,0,0,2,,,,,25,6,1,0,,0,,1868,10000,0,0,1868,10000,,,,2,1,0,,1,sanriopurin_door,sanriopurin_door,,blocks.wood,blockd.wood,,1868,1,1,,c1a661,,,,,4,,0,15,15,,6,,1,1,,,,,,,0,,17,0,0,,30,,,
1869,布丁狗围栏,,,sanriopurin_rail,,1,fence,3,4,,,,,1,1,1,0,0,2,,,,,25,6,1,0,,0,,1869,10000,0,0,1869,10000,,,,2,1,0,,1,sanriopurin_rail,sanriopurin_rail,,blocks.wood,blockd.wood,,1869,1,1,,c1a661,,,,,4,,6,15,15,,6,,,1,,,,,,,2,,17,0,1,,30,,,
1870,布丁狗字牌,,,sanriopurin_zipai,,1,plaque,3,4,,,,,1,1,1,0,0,2,,,,,25,6,1,0,,0,,1870,10000,0,0,1870,10000,,,,2,1,0,,1,sanriopurin_zipai,sanriopurin_zipai,,blocks.wood,blockd.wood,,1870,1,1,,c1a661,,,,,4,,0,15,15,,6,,,1,2,,,,,,1,,17,0,0,,30,,,
1871,布丁狗留言牌,,,sanriopurin_liuyanban,,1,notice,3,4,,,,,1,1,1,0,0,2,,,,,25,6,1,0,,0,,1871,10000,0,0,1871,10000,,,,2,1,0,,1,sanriopurin_liuyanban,sanriopurin_liuyanban,,blocks.wood,blockd.wood,,1871,1,1,,c1a661,,,,,16,,0,15,15,,6,,,1,2,,,,,,2,,17,0,0,,30,0,,
1872,布丁狗方块,,,sanriopurin,,1,basic,3,4,,,,,1,1,1,0,0,2,,,,,25,6,1,0,,0,,1872,10000,0,0,1872,10000,,,,2,1,0,,1,sanriopurin,sanriopurin,,blocks.wood,blockd.wood,,1872,1,1,,c1a661,,,,,,,0,15,15,,6,,,1,,,,,,,0,,17,0,1,,30,,1,
1873,飞天小猪坐骑蛋,,PigEgg,PigEgg,,1,horseegg,,,,,,,1,1,1,2,0,0,,,,,500,25,1,0,,0,,,,,,,,,,,1,1,0,,1,horse_egg,horse_egg,,blocks.stone,blockd.stone,,,,,,e28252,,,,,33,,0,15,15,,6,,,,2,,,,,,0,,17,2,0,,0,,,
1874,双子星衣柜,,,sanriotwinstar_closet,,1,chest,3,4,,,,,1,1,1,0,0,2,,,,,25,6,1,0,,0,,1874,10000,0,0,1874,10000,,,,2,1,0,,1,sanriotwinstar_closet,sanriotwinstar_closet,,blocks.stone,blockd.stone,,1874,1,1,,c1a661,,,,,4,,0,15,15,,6,,,1,3,,,,,,1,,17,0,1,,30,,1,
1875,双子星床,,,sanriotwinstar_bed,,1,sanriobed,3,4,,,,,1,1,1,0,0,2,,,,,25,6,1,0,,0,,1875,10000,0,0,1875,10000,,,,2,1,0,,1,sanriotwinstar_bed,sanriotwinstar_bed,,blocks.wood,blockd.wood,,1875,1,1,,c1a661,,,,,4,,0,15,15,,6,,1,1,3,,,,,,0,,17,0,0,,30,,1,
1876,双子星沙发,,,sanriotwinstar_sofa,,1,bigshafa,3,4,,,,,1,1,1,0,0,2,,,,,25,6,1,0,,0,,1876,10000,0,0,1876,10000,,,,2,1,0,,1,sanriotwinstar_sofa,sanriotwinstar_sofa,,blocks.wood,blockd.wood,,1876,1,1,,c1a661,,,,,4,,1,15,15,,6,,1,1,3,,,,,,0,,17,0,0,,30,,1,
1877,双子星桌子,,,sanriotwinstar_table,,1,furniture,3,4,,,,,1,1,1,0,0,2,,,,,25,6,1,0,,0,,1877,10000,0,0,1877,10000,,,,2,1,0,,1,sanriotwinstar_table,sanriotwinstar_table,,blocks.wood,blockd.wood,,1877,1,1,,c1a661,,,,,4,,0,15,15,,6,,,1,3,,,,,,1,,17,0,1,,30,,1,
1878,双子星椅子,,,sanriotwinstar_chair,,1,chair,3,4,,,,,1,1,1,0,0,2,,,,,25,6,1,0,,0,,1878,10000,0,0,1878,10000,,,,2,1,0,,1,sanriotwinstar_chair,sanriotwinstar_chair,,blocks.wood,blockd.wood,,1878,1,1,,c1a661,,,,,4,,0,15,15,,6,,,1,3,,,,,,1,,17,0,0,,30,,1,
1879,双子星门,,,sanriotwinstar_door,,1,simpledoor,3,4,,,,,1,1,1,0,0,2,,,,,25,6,1,0,,0,,1879,10000,0,0,1879,10000,,,,2,1,0,,1,sanriotwinstar_door,sanriotwinstar_door,,blocks.wood,blockd.wood,,1879,1,1,,c1a661,,,,,4,,0,15,15,,6,,1,1,,,,,,,0,,17,0,0,,30,,,
1880,双子星围栏,,,sanriotwinstar_rail,,1,fence,3,4,,,,,1,1,1,0,0,2,,,,,25,6,1,0,,0,,1880,10000,0,0,1880,10000,,,,2,1,0,,1,sanriotwinstar_rail,sanriotwinstar_rail,,blocks.wood,blockd.wood,,1880,1,1,,c1a661,,,,,4,,6,15,15,,6,,,1,,,,,,,2,,17,0,1,,30,,,
1881,双子星字牌,,,sanriotwinstar_zipai,,1,plaque,3,4,,,,,1,1,1,0,0,2,,,,,25,6,1,0,,0,,1881,10000,0,0,1881,10000,,,,2,1,0,,1,sanriotwinstar_zipai,sanriotwinstar_zipai,,blocks.wood,blockd.wood,,1881,1,1,,c1a661,,,,,4,,0,15,15,,6,,,1,2,,,,,,1,,17,0,0,,30,,,
1882,双子星留言牌,,,sanriotwinstar_liuyanban,,1,notice,3,4,,,,,1,1,1,0,0,2,,,,,25,6,1,0,,0,,1882,10000,0,0,1882,10000,,,,2,1,0,,1,sanriotwinstar_liuyanban,sanriotwinstar_liuyanban,,blocks.wood,blockd.wood,,1882,1,1,,c1a661,,,,,16,,0,15,15,,6,,,1,2,,,,,,2,,17,0,0,,30,0,,
1883,双子星方块,,,sanriotwinstar,,1,basic,3,4,,,,,1,1,1,0,0,2,,,,,25,6,1,0,,0,,1883,10000,0,0,1883,10000,,,,2,1,0,,1,sanriotwinstar,sanriotwinstar,,blocks.wood,blockd.wood,,1883,1,1,,c1a661,,,,,,,0,15,15,,6,,,1,,,,,,,0,,17,0,1,,30,,1,
1900,棉花块,,RedOrangeCotton,RedOrangeCotton,,,basic,2,4,4,,1,,1,1,1,0,0,0,,,,1,5,1,1,8,60,0,,1900,10000,0,0,1900,10000,,,,1,15,0,,1,cotton_colored_1,,,blocks.cloth,blockd.cloth,,1900,0,1,,FF4002,,,,,,600,1,15,15,,1,,,,,,,,,,0,,255,0,1,,0.2,,1,
1901,棉花块,,YellowOrangeCotton,YellowOrangeCotton,,,basic,2,4,4,,1,,1,1,1,0,0,0,,,,1,5,1,1,8,60,0,,1901,10000,0,0,1901,10000,,,,1,15,0,,1,cotton_colored_2,,,blocks.cloth,blockd.cloth,,1901,0,1,,FFA102,,,,,,600,1,15,15,,1,,,,,,,,,,0,,255,0,1,,0.2,,1,
1902,棉花块,,BluePurpleCotton,BluePurpleCotton,,,basic,2,4,4,,1,,1,1,1,0,0,0,,,,1,5,1,1,8,60,0,,1902,10000,0,0,1902,10000,,,,1,15,0,,1,cotton_colored_3,,,blocks.cloth,blockd.cloth,,1902,0,1,,5223DB,,,,,,600,1,15,15,,1,,,,,,,,,,0,,255,0,1,,0.2,,1,
1903,棉花块,,YellowGreenCotton,YellowGreenCotton,,,basic,2,4,4,,1,,1,1,1,0,0,0,,,,1,5,1,1,8,60,0,,1903,10000,0,0,1903,10000,,,,1,15,0,,1,cotton_colored_4,,,blocks.cloth,blockd.cloth,,1903,0,1,,B2FF02,,,,,,600,1,15,15,,1,,,,,,,,,,0,,255,0,1,,0.2,,1,
1904,棉花块,,LightYellowCotton,LightYellowCotton,,,basic,2,4,4,,1,,1,1,1,0,0,0,,,,1,5,1,1,8,60,0,,1904,10000,0,0,1904,10000,,,,1,15,0,,1,cotton_colored_1,,,blocks.cloth,blockd.cloth,,1904,0,1,,FFF476,,,,,,600,1,15,15,,1,,,,,,,,,,0,,255,0,1,,0.2,,1,
1905,棉花块,,LightOrangeCotton,LightOrangeCotton,,,basic,2,4,4,,1,,1,1,1,0,0,0,,,,1,5,1,1,8,60,0,,1905,10000,0,0,1905,10000,,,,1,15,0,,1,cotton_colored_2,,,blocks.cloth,blockd.cloth,,1905,0,1,,FFBB85,,,,,,600,1,15,15,,1,,,,,,,,,,0,,255,0,1,,0.2,,1,
1906,棉花块,,LightPurpleCotton,LightPurpleCotton,,,basic,2,4,4,,1,,1,1,1,0,0,0,,,,1,5,1,1,8,60,0,,1906,10000,0,0,1906,10000,,,,1,15,0,,1,cotton_colored_3,,,blocks.cloth,blockd.cloth,,1906,0,1,,C685FA,,,,,,600,1,15,15,,1,,,,,,,,,,0,,255,0,1,,0.2,,1,
1907,棉花块,,DeepYellowCotton,DeepYellowCotton,,,basic,2,4,4,,1,,1,1,1,0,0,0,,,,1,5,1,1,8,60,0,,1907,10000,0,0,1907,10000,,,,1,15,0,,1,cotton_colored_4,,,blocks.cloth,blockd.cloth,,1907,0,1,,7B7101,,,,,,600,1,15,15,,1,,,,,,,,,,0,,255,0,1,,0.2,,1,
1908,棉花块,,DeepBlueCotton,DeepBlueCotton,,,basic,2,4,4,,1,,1,1,1,0,0,0,,,,1,5,1,1,8,60,0,,1908,10000,0,0,1908,10000,,,,1,15,0,,1,cotton_colored_1,,,blocks.cloth,blockd.cloth,,1908,0,1,,011D7B,,,,,,600,1,15,15,,1,,,,,,,,,,0,,255,0,1,,0.2,,1,
1909,棉花块,,DeepOrangeCotton,DeepOrangeCotton,,,basic,2,4,4,,1,,1,1,1,0,0,0,,,,1,5,1,1,8,60,0,,1909,10000,0,0,1909,10000,,,,1,15,0,,1,cotton_colored_2,,,blocks.cloth,blockd.cloth,,1909,0,1,,7B3701,,,,,,600,1,15,15,,1,,,,,,,,,,0,,255,0,1,,0.2,,1,
1910,棉花块,,DeepPurpleCotton,DeepPurpleCotton,,,basic,2,4,4,,1,,1,1,1,0,0,0,,,,1,5,1,1,8,60,0,,1910,10000,0,0,1910,10000,,,,1,15,0,,1,cotton_colored_3,,,blocks.cloth,blockd.cloth,,1910,0,1,,420176,,,,,,600,1,15,15,,1,,,,,,,,,,0,,255,0,1,,0.2,,1,
1911,棉花块,,DeepGreenCotton,DeepGreenCotton,,,basic,2,4,4,,1,,1,1,1,0,0,0,,,,1,5,1,1,8,60,0,,1911,10000,0,0,1911,10000,,,,1,15,0,,1,cotton_colored_4,,,blocks.cloth,blockd.cloth,,1911,0,1,,077B01,,,,,,600,1,15,15,,1,,,,,,,,,,0,,255,0,1,,0.2,,1,
1912,棉毡,,RedOrangeRug,RedOrangeRug,,,cottonrug,2,4,4,,1,,1,0,0,0,3,0,,,,,2,0.3,1,10,60,10,,1912,10000,0,0,1912,10000,,,,2,1,0,,1,cotton_colored_1,,,blocks.cloth,blockd.cloth,,1912,0,1,,FF4002,,,1,,,,0,15,15,,1,,,,,,,,,,0,,17,0,1,,0.2,,1,
1913,棉毡,,YellowOrangeRug,YellowOrangeRug,,,cottonrug,2,4,4,,1,,1,0,0,0,3,0,,,,,2,0.3,1,10,60,10,,1913,10000,0,0,1913,10000,,,,2,1,0,,1,cotton_colored_2,,,blocks.cloth,blockd.cloth,,1913,0,1,,FFA102,,,1,,,,0,15,15,,1,,,,,,,,,,0,,17,0,1,,0.2,,1,
1914,棉毡,,BluePurpleRug,BluePurpleRug,,,cottonrug,2,4,4,,1,,1,0,0,0,3,0,,,,,2,0.3,1,10,60,10,,1914,10000,0,0,1914,10000,,,,2,1,0,,1,cotton_colored_3,,,blocks.cloth,blockd.cloth,,1914,0,1,,5223DB,,,1,,,,0,15,15,,1,,,,,,,,,,0,,17,0,1,,0.2,,1,
1915,棉毡,,YellowGreenRug,YellowGreenRug,,,cottonrug,2,4,4,,1,,1,0,0,0,3,0,,,,,2,0.3,1,10,60,10,,1915,10000,0,0,1915,10000,,,,2,1,0,,1,cotton_colored_4,,,blocks.cloth,blockd.cloth,,1915,0,1,,B2FF02,,,1,,,,0,15,15,,1,,,,,,,,,,0,,17,0,1,,0.2,,1,
1916,棉毡,,LightYellowRug,LightYellowRug,,,cottonrug,2,4,4,,1,,1,0,0,0,3,0,,,,,2,0.3,1,10,60,10,,1916,10000,0,0,1916,10000,,,,2,1,0,,1,cotton_colored_1,,,blocks.cloth,blockd.cloth,,1916,0,1,,FFF476,,,1,,,,0,15,15,,1,,,,,,,,,,0,,17,0,1,,0.2,,1,
1917,棉毡,,LightOrangeRug,LightOrangeRug,,,cottonrug,2,4,4,,1,,1,0,0,0,3,0,,,,,2,0.3,1,10,60,10,,1917,10000,0,0,1917,10000,,,,2,1,0,,1,cotton_colored_2,,,blocks.cloth,blockd.cloth,,1917,0,1,,FFBB85,,,1,,,,0,15,15,,1,,,,,,,,,,0,,17,0,1,,0.2,,1,
1918,棉毡,,LightPurpleRug,LightPurpleRug,,,cottonrug,2,4,4,,1,,1,0,0,0,3,0,,,,,2,0.3,1,10,60,10,,1918,10000,0,0,1918,10000,,,,2,1,0,,1,cotton_colored_3,,,blocks.cloth,blockd.cloth,,1918,0,1,,C685FA,,,1,,,,0,15,15,,1,,,,,,,,,,0,,17,0,1,,0.2,,1,
1919,棉毡,,DeepYellowRug,DeepYellowRug,,,cottonrug,2,4,4,,1,,1,0,0,0,3,0,,,,,2,0.3,1,10,60,10,,1919,10000,0,0,1919,10000,,,,2,1,0,,1,cotton_colored_4,,,blocks.cloth,blockd.cloth,,1919,0,1,,7B7101,,,1,,,,0,15,15,,1,,,,,,,,,,0,,17,0,1,,0.2,,1,
1920,棉毡,,DeepBlueRug,DeepBlueRug,,,cottonrug,2,4,4,,1,,1,0,0,0,3,0,,,,,2,0.3,1,10,60,10,,1920,10000,0,0,1920,10000,,,,2,1,0,,1,cotton_colored_1,,,blocks.cloth,blockd.cloth,,1920,0,1,,011D7B,,,1,,,,0,15,15,,1,,,,,,,,,,0,,17,0,1,,0.2,,1,
1921,棉毡,,DeepOrangeRug,DeepOrangeRug,,,cottonrug,2,4,4,,1,,1,0,0,0,3,0,,,,,2,0.3,1,10,60,10,,1921,10000,0,0,1921,10000,,,,2,1,0,,1,cotton_colored_2,,,blocks.cloth,blockd.cloth,,1921,0,1,,7B3701,,,1,,,,0,15,15,,1,,,,,,,,,,0,,17,0,1,,0.2,,1,
1922,棉毡,,DeepPurpleRug,DeepPurpleRug,,,cottonrug,2,4,4,,1,,1,0,0,0,3,0,,,,,2,0.3,1,10,60,10,,1922,10000,0,0,1922,10000,,,,2,1,0,,1,cotton_colored_3,,,blocks.cloth,blockd.cloth,,1922,0,1,,420176,,,1,,,,0,15,15,,1,,,,,,,,,,0,,17,0,1,,0.2,,1,
1923,棉毡,,DeepGreenRug,DeepGreenRug,,,cottonrug,2,4,4,,1,,1,0,0,0,3,0,,,,,2,0.3,1,10,60,10,,1923,10000,0,0,1923,10000,,,,2,1,0,,1,cotton_colored_4,,,blocks.cloth,blockd.cloth,,1923,0,1,,077B01,,,1,,,,0,15,15,,1,,,,,,,,,,0,,17,0,1,,0.2,,1,
1924,玻璃块,,RedOrangeGlass,RedOrangeGlass,,,glass,2,4,4,,,,1,1,1,0,0,0,,,,1,4,0.6,1,0,,0,,0,0,0,0,0,0,,,,3,1,0,,1,glass_normal,,,blocks.stone,blockd.glass,blockd.stone,1924,0,1,,FF4002,,,1,,,632,1,8,15,,6,,,,,,,,,,0,,17,0,1,commonglass_mix,0.2,,1,
1925,玻璃块,,YellowOrangeGlass,YellowOrangeGlass,,,glass,2,4,4,,,,1,1,1,0,0,0,,,,1,4,0.6,1,0,,0,,0,0,0,0,0,0,,,,3,1,0,,1,glass_normal,,,blocks.stone,blockd.glass,blockd.stone,1925,0,1,,FFA102,,,1,,,632,1,8,15,,6,,,,,,,,,,0,,17,0,1,commonglass_mix,0.2,,1,
1926,玻璃块,,BluePurpleGlass,BluePurpleGlass,,,glass,2,4,4,,,,1,1,1,0,0,0,,,,1,4,0.6,1,0,,0,,0,0,0,0,0,0,,,,3,1,0,,1,glass_normal,,,blocks.stone,blockd.glass,blockd.stone,1926,0,1,,5223DB,,,1,,,632,1,8,15,,6,,,,,,,,,,0,,17,0,1,commonglass_mix,0.2,,1,
1927,玻璃块,,YellowGreenGlass,YellowGreenGlass,,,glass,2,4,4,,,,1,1,1,0,0,0,,,,1,4,0.6,1,0,,0,,0,0,0,0,0,0,,,,3,1,0,,1,glass_normal,,,blocks.stone,blockd.glass,blockd.stone,1927,0,1,,B2FF02,,,1,,,632,1,8,15,,6,,,,,,,,,,0,,17,0,1,commonglass_mix,0.2,,1,
1928,玻璃块,,LightYellowGlass,LightYellowGlass,,,glass,2,4,4,,,,1,1,1,0,0,0,,,,1,4,0.6,1,0,,0,,0,0,0,0,0,0,,,,3,1,0,,1,glass_normal,,,blocks.stone,blockd.glass,blockd.stone,1928,0,1,,FFF476,,,1,,,632,1,8,15,,6,,,,,,,,,,0,,17,0,1,commonglass_mix,0.2,,1,
1929,玻璃块,,LightOrangeGlass,LightOrangeGlass,,,glass,2,4,4,,,,1,1,1,0,0,0,,,,1,4,0.6,1,0,,0,,0,0,0,0,0,0,,,,3,1,0,,1,glass_normal,,,blocks.stone,blockd.glass,blockd.stone,1929,0,1,,FFBB85,,,1,,,632,1,8,15,,6,,,,,,,,,,0,,17,0,1,commonglass_mix,0.2,,1,
1930,玻璃块,,LightPurpleGlass,LightPurpleGlass,,,glass,2,4,4,,,,1,1,1,0,0,0,,,,1,4,0.6,1,0,,0,,0,0,0,0,0,0,,,,3,1,0,,1,glass_normal,,,blocks.stone,blockd.glass,blockd.stone,1930,0,1,,C685FA,,,1,,,632,1,8,15,,6,,,,,,,,,,0,,17,0,1,commonglass_mix,0.2,,1,
1931,玻璃块,,DeepYellowGlass,DeepYellowGlass,,,glass,2,4,4,,,,1,1,1,0,0,0,,,,1,4,0.6,1,0,,0,,0,0,0,0,0,0,,,,3,1,0,,1,glass_normal,,,blocks.stone,blockd.glass,blockd.stone,1931,0,1,,7B7101,,,1,,,632,1,8,15,,6,,,,,,,,,,0,,17,0,1,commonglass_mix,0.2,,1,
1932,玻璃块,,DeepBlueGlass,DeepBlueGlass,,,glass,2,4,4,,,,1,1,1,0,0,0,,,,1,4,0.6,1,0,,0,,0,0,0,0,0,0,,,,3,1,0,,1,glass_normal,,,blocks.stone,blockd.glass,blockd.stone,1932,0,1,,011D7B,,,1,,,632,1,8,15,,6,,,,,,,,,,0,,17,0,1,commonglass_mix,0.2,,1,
1933,玻璃块,,DeepOrangeGlass,DeepOrangeGlass,,,glass,2,4,4,,,,1,1,1,0,0,0,,,,1,4,0.6,1,0,,0,,0,0,0,0,0,0,,,,3,1,0,,1,glass_normal,,,blocks.stone,blockd.glass,blockd.stone,1933,0,1,,7B3701,,,1,,,632,1,8,15,,6,,,,,,,,,,0,,17,0,1,commonglass_mix,0.2,,1,
1934,玻璃块,,DeepPurpleGlass,DeepPurpleGlass,,,glass,2,4,4,,,,1,1,1,0,0,0,,,,1,4,0.6,1,0,,0,,0,0,0,0,0,0,,,,3,1,0,,1,glass_normal,,,blocks.stone,blockd.glass,blockd.stone,1934,0,1,,420176,,,1,,,632,1,8,15,,6,,,,,,,,,,0,,17,0,1,commonglass_mix,0.2,,1,
1935,玻璃块,,DeepGreenGlass,DeepGreenGlass,,,glass,2,4,4,,,,1,1,1,0,0,0,,,,1,4,0.6,1,0,,0,,0,0,0,0,0,0,,,,3,1,0,,1,glass_normal,,,blocks.stone,blockd.glass,blockd.stone,1935,0,1,,077B01,,,1,,,632,1,8,15,,6,,,,,,,,,,0,,17,0,1,commonglass_mix,0.2,,1,
1936,玻璃片,,RedOrangeGlassPane,RedOrangeGlassPane,,,glasspane,,4,4,,,,1,1,1,0,0,1,,,,,4,0.6,1,0,,0,,0,0,0,0,0,0,,,,3,1,0,,1,glass_pane,glass_edge_white,,blocks.stone,blockd.glass,blockd.stone,1936,0,1,,FF4002,,,1,,,649,6,8,15,,1,,,,,,,,,,0,,17,0,1,commonglass_mix,0.2,,,
1937,玻璃片,,YellowOrangeGlassPane,YellowOrangeGlassPane,,,glasspane,,4,4,,,,1,1,1,0,0,1,,,,,4,0.6,1,0,,0,,0,0,0,0,0,0,,,,3,1,0,,1,glass_pane,glass_edge_white,,blocks.stone,blockd.glass,blockd.stone,1937,0,1,,FFA102,,,1,,,649,6,8,15,,1,,,,,,,,,,0,,17,0,1,commonglass_mix,0.2,,,
1938,玻璃片,,BluePurpleGlassPane,BluePurpleGlassPane,,,glasspane,,4,4,,,,1,1,1,0,0,1,,,,,4,0.6,1,0,,0,,0,0,0,0,0,0,,,,3,1,0,,1,glass_pane,glass_edge_white,,blocks.stone,blockd.glass,blockd.stone,1938,0,1,,5223DB,,,1,,,649,6,8,15,,1,,,,,,,,,,0,,17,0,1,commonglass_mix,0.2,,,
1939,玻璃片,,YellowGreenGlassPane,YellowGreenGlassPane,,,glasspane,,4,4,,,,1,1,1,0,0,1,,,,,4,0.6,1,0,,0,,0,0,0,0,0,0,,,,3,1,0,,1,glass_pane,glass_edge_white,,blocks.stone,blockd.glass,blockd.stone,1939,0,1,,B2FF02,,,1,,,649,6,8,15,,1,,,,,,,,,,0,,17,0,1,commonglass_mix,0.2,,,
1940,玻璃片,,LightYellowGlassPane,LightYellowGlassPane,,,glasspane,,4,4,,,,1,1,1,0,0,1,,,,,4,0.6,1,0,,0,,0,0,0,0,0,0,,,,3,1,0,,1,glass_pane,glass_edge_white,,blocks.stone,blockd.glass,blockd.stone,1940,0,1,,FFF476,,,1,,,649,6,8,15,,1,,,,,,,,,,0,,17,0,1,commonglass_mix,0.2,,,
1941,玻璃片,,LightOrangeGlassPane,LightOrangeGlassPane,,,glasspane,,4,4,,,,1,1,1,0,0,1,,,,,4,0.6,1,0,,0,,0,0,0,0,0,0,,,,3,1,0,,1,glass_pane,glass_edge_white,,blocks.stone,blockd.glass,blockd.stone,1941,0,1,,FFBB85,,,1,,,649,6,8,15,,1,,,,,,,,,,0,,17,0,1,commonglass_mix,0.2,,,
1942,玻璃片,,LightPurpleGlassPane,LightPurpleGlassPane,,,glasspane,,4,4,,,,1,1,1,0,0,1,,,,,4,0.6,1,0,,0,,0,0,0,0,0,0,,,,3,1,0,,1,glass_pane,glass_edge_white,,blocks.stone,blockd.glass,blockd.stone,1942,0,1,,C685FA,,,1,,,649,6,8,15,,1,,,,,,,,,,0,,17,0,1,commonglass_mix,0.2,,,
1943,玻璃片,,DeepYellowGlassPane,DeepYellowGlassPane,,,glasspane,,4,4,,,,1,1,1,0,0,1,,,,,4,0.6,1,0,,0,,0,0,0,0,0,0,,,,3,1,0,,1,glass_pane,glass_edge_white,,blocks.stone,blockd.glass,blockd.stone,1943,0,1,,7B7101,,,1,,,649,6,8,15,,1,,,,,,,,,,0,,17,0,1,commonglass_mix,0.2,,,
1944,玻璃片,,DeepBlueGlassPane,DeepBlueGlassPane,,,glasspane,,4,4,,,,1,1,1,0,0,1,,,,,4,0.6,1,0,,0,,0,0,0,0,0,0,,,,3,1,0,,1,glass_pane,glass_edge_white,,blocks.stone,blockd.glass,blockd.stone,1944,0,1,,011D7B,,,1,,,649,6,8,15,,1,,,,,,,,,,0,,17,0,1,commonglass_mix,0.2,,,
1945,玻璃片,,DeepOrangeGlassPane,DeepOrangeGlassPane,,,glasspane,,4,4,,,,1,1,1,0,0,1,,,,,4,0.6,1,0,,0,,0,0,0,0,0,0,,,,3,1,0,,1,glass_pane,glass_edge_white,,blocks.stone,blockd.glass,blockd.stone,1945,0,1,,7B3701,,,1,,,649,6,8,15,,1,,,,,,,,,,0,,17,0,1,commonglass_mix,0.2,,,
1946,玻璃片,,DeepPurpleGlassPane,DeepPurpleGlassPane,,,glasspane,,4,4,,,,1,1,1,0,0,1,,,,,4,0.6,1,0,,0,,0,0,0,0,0,0,,,,3,1,0,,1,glass_pane,glass_edge_white,,blocks.stone,blockd.glass,blockd.stone,1946,0,1,,420176,,,1,,,649,6,8,15,,1,,,,,,,,,,0,,17,0,1,commonglass_mix,0.2,,,
1947,玻璃片,,DeepGreenGlassPane,DeepGreenGlassPane,,,glasspane,,4,4,,,,1,1,1,0,0,1,,,,,4,0.6,1,0,,0,,0,0,0,0,0,0,,,,3,1,0,,1,glass_pane,glass_edge_white,,blocks.stone,blockd.glass,blockd.stone,1947,0,1,,077B01,,,1,,,649,6,8,15,,1,,,,,,,,,,0,,17,0,1,commonglass_mix,0.2,,,
1948,硬质玻璃块,,RedOrangeHardGlass,RedOrangeHardGlass,,,glass,2,4,4,,,,1,1,1,0,0,0,,,,1,10,12,1.2,0,,0,,1948,10000,0,0,1948,10000,,,,3,1,0,,1,hardglass_normal,,,blocks.stone,blockd.glass,blockd.stone,1948,2,1,,FF4002,,,,,,1206,1,8,15,,6,,,10,,,,,,,0,,17,0,1,commonglass_mix,0.5,,1,
1949,硬质玻璃块,,YellowOrangeHardGlass,YellowOrangeHardGlass,,,glass,2,4,4,,,,1,1,1,0,0,0,,,,1,10,12,1.2,0,,0,,1949,10000,0,0,1949,10000,,,,3,1,0,,1,hardglass_normal,,,blocks.stone,blockd.glass,blockd.stone,1949,2,1,,FFA102,,,,,,1206,1,8,15,,6,,,10,,,,,,,0,,17,0,1,commonglass_mix,0.5,,1,
1950,硬质玻璃块,,BluePurpleHardGlass,BluePurpleHardGlass,,,glass,2,4,4,,,,1,1,1,0,0,0,,,,1,10,12,1.2,0,,0,,1950,10000,0,0,1950,10000,,,,3,1,0,,1,hardglass_normal,,,blocks.stone,blockd.glass,blockd.stone,1950,2,1,,5223DB,,,,,,1206,1,8,15,,6,,,10,,,,,,,0,,17,0,1,commonglass_mix,0.5,,1,
1951,硬质玻璃块,,YellowGreenHardGlass,YellowGreenHardGlass,,,glass,2,4,4,,,,1,1,1,0,0,0,,,,1,10,12,1.2,0,,0,,1951,10000,0,0,1951,10000,,,,3,1,0,,1,hardglass_normal,,,blocks.stone,blockd.glass,blockd.stone,1951,2,1,,B2FF02,,,,,,1206,1,8,15,,6,,,10,,,,,,,0,,17,0,1,commonglass_mix,0.5,,1,
1952,硬质玻璃块,,LightYellowHardGlass,LightYellowHardGlass,,,glass,2,4,4,,,,1,1,1,0,0,0,,,,1,10,12,1.2,0,,0,,1952,10000,0,0,1952,10000,,,,3,1,0,,1,hardglass_normal,,,blocks.stone,blockd.glass,blockd.stone,1952,2,1,,FFF476,,,,,,1206,1,8,15,,6,,,10,,,,,,,0,,17,0,1,commonglass_mix,0.5,,1,
1953,硬质玻璃块,,LightOrangeHardGlass,LightOrangeHardGlass,,,glass,2,4,4,,,,1,1,1,0,0,0,,,,1,10,12,1.2,0,,0,,1953,10000,0,0,1953,10000,,,,3,1,0,,1,hardglass_normal,,,blocks.stone,blockd.glass,blockd.stone,1953,2,1,,FFBB85,,,,,,1206,1,8,15,,6,,,10,,,,,,,0,,17,0,1,commonglass_mix,0.5,,1,
1954,硬质玻璃块,,LightPurpleHardGlass,LightPurpleHardGlass,,,glass,2,4,4,,,,1,1,1,0,0,0,,,,1,10,12,1.2,0,,0,,1954,10000,0,0,1954,10000,,,,3,1,0,,1,hardglass_normal,,,blocks.stone,blockd.glass,blockd.stone,1954,2,1,,C685FA,,,,,,1206,1,8,15,,6,,,10,,,,,,,0,,17,0,1,commonglass_mix,0.5,,1,
1955,硬质玻璃块,,DeepYellowHardGlass,DeepYellowHardGlass,,,glass,2,4,4,,,,1,1,1,0,0,0,,,,1,10,12,1.2,0,,0,,1955,10000,0,0,1955,10000,,,,3,1,0,,1,hardglass_normal,,,blocks.stone,blockd.glass,blockd.stone,1955,2,1,,7B7101,,,,,,1206,1,8,15,,6,,,10,,,,,,,0,,17,0,1,commonglass_mix,0.5,,1,
1956,硬质玻璃块,,DeepBlueHardGlass,DeepBlueHardGlass,,,glass,2,4,4,,,,1,1,1,0,0,0,,,,1,10,12,1.2,0,,0,,1956,10000,0,0,1956,10000,,,,3,1,0,,1,hardglass_normal,,,blocks.stone,blockd.glass,blockd.stone,1956,2,1,,011D7B,,,,,,1206,1,8,15,,6,,,10,,,,,,,0,,17,0,1,commonglass_mix,0.5,,1,
1957,硬质玻璃块,,DeepOrangeHardGlass,DeepOrangeHardGlass,,,glass,2,4,4,,,,1,1,1,0,0,0,,,,1,10,12,1.2,0,,0,,1957,10000,0,0,1957,10000,,,,3,1,0,,1,hardglass_normal,,,blocks.stone,blockd.glass,blockd.stone,1957,2,1,,7B3701,,,,,,1206,1,8,15,,6,,,10,,,,,,,0,,17,0,1,commonglass_mix,0.5,,1,
1958,硬质玻璃块,,DeepPurpleHardGlass,DeepPurpleHardGlass,,,glass,2,4,4,,,,1,1,1,0,0,0,,,,1,10,12,1.2,0,,0,,1958,10000,0,0,1958,10000,,,,3,1,0,,1,hardglass_normal,,,blocks.stone,blockd.glass,blockd.stone,1958,2,1,,420176,,,,,,1206,1,8,15,,6,,,10,,,,,,,0,,17,0,1,commonglass_mix,0.5,,1,
1959,硬质玻璃块,,DeepGreenHardGlass,DeepGreenHardGlass,,,glass,2,4,4,,,,1,1,1,0,0,0,,,,1,10,12,1.2,0,,0,,1959,10000,0,0,1959,10000,,,,3,1,0,,1,hardglass_normal,,,blocks.stone,blockd.glass,blockd.stone,1959,2,1,,077B01,,,,,,1206,1,8,15,,6,,,10,,,,,,,0,,17,0,1,commonglass_mix,0.5,,1,
1960,上色水泥块,,RedOrangeCement,RedOrangeCement,,,basic,2,4,4,,,,1,1,1,0,0,0,,,,1,35,6,1,0,,0,,1960,10000,0,0,1960,10000,,,,2,15,0,,1,cement_normal,,,blocks.stone,blockd.stone,,1960,2,1,,FF4002,,,,,,666,1,15,15,,6,,,1,,,,,,,0,,255,0,1,,0.2,,1,
1961,上色水泥块,,YellowOrangeCement,YellowOrangeCement,,,basic,2,4,4,,,,1,1,1,0,0,0,,,,1,35,6,1,0,,0,,1961,10000,0,0,1961,10000,,,,2,15,0,,1,cement_normal,,,blocks.stone,blockd.stone,,1961,2,1,,FFA102,,,,,,666,1,15,15,,6,,,1,,,,,,,0,,255,0,1,,0.2,,1,
1962,上色水泥块,,BluePurpleCement,BluePurpleCement,,,basic,2,4,4,,,,1,1,1,0,0,0,,,,1,35,6,1,0,,0,,1962,10000,0,0,1962,10000,,,,2,15,0,,1,cement_normal,,,blocks.stone,blockd.stone,,1962,2,1,,5223DB,,,,,,666,1,15,15,,6,,,1,,,,,,,0,,255,0,1,,0.2,,1,
1963,上色水泥块,,YellowGreenCement,YellowGreenCement,,,basic,2,4,4,,,,1,1,1,0,0,0,,,,1,35,6,1,0,,0,,1963,10000,0,0,1963,10000,,,,2,15,0,,1,cement_normal,,,blocks.stone,blockd.stone,,1963,2,1,,B2FF02,,,,,,666,1,15,15,,6,,,1,,,,,,,0,,255,0,1,,0.2,,1,
1964,上色水泥块,,LightYellowCement,LightYellowCement,,,basic,2,4,4,,,,1,1,1,0,0,0,,,,1,35,6,1,0,,0,,1964,10000,0,0,1964,10000,,,,2,15,0,,1,cement_normal,,,blocks.stone,blockd.stone,,1964,2,1,,FFF476,,,,,,666,1,15,15,,6,,,1,,,,,,,0,,255,0,1,,0.2,,1,
1965,上色水泥块,,LightOrangeCement,LightOrangeCement,,,basic,2,4,4,,,,1,1,1,0,0,0,,,,1,35,6,1,0,,0,,1965,10000,0,0,1965,10000,,,,2,15,0,,1,cement_normal,,,blocks.stone,blockd.stone,,1965,2,1,,FFBB85,,,,,,666,1,15,15,,6,,,1,,,,,,,0,,255,0,1,,0.2,,1,
1966,上色水泥块,,LightPurpleCement,LightPurpleCement,,,basic,2,4,4,,,,1,1,1,0,0,0,,,,1,35,6,1,0,,0,,1966,10000,0,0,1966,10000,,,,2,15,0,,1,cement_normal,,,blocks.stone,blockd.stone,,1966,2,1,,C685FA,,,,,,666,1,15,15,,6,,,1,,,,,,,0,,255,0,1,,0.2,,1,
1967,上色水泥块,,DeepYellowCement,DeepYellowCement,,,basic,2,4,4,,,,1,1,1,0,0,0,,,,1,35,6,1,0,,0,,1967,10000,0,0,1967,10000,,,,2,15,0,,1,cement_normal,,,blocks.stone,blockd.stone,,1967,2,1,,7B7101,,,,,,666,1,15,15,,6,,,1,,,,,,,0,,255,0,1,,0.2,,1,
1968,上色水泥块,,DeepBlueCement,DeepBlueCement,,,basic,2,4,4,,,,1,1,1,0,0,0,,,,1,35,6,1,0,,0,,1968,10000,0,0,1968,10000,,,,2,15,0,,1,cement_normal,,,blocks.stone,blockd.stone,,1968,2,1,,011D7B,,,,,,666,1,15,15,,6,,,1,,,,,,,0,,255,0,1,,0.2,,1,
1969,上色水泥块,,DeepOrangeCement,DeepOrangeCement,,,basic,2,4,4,,,,1,1,1,0,0,0,,,,1,35,6,1,0,,0,,1969,10000,0,0,1969,10000,,,,2,15,0,,1,cement_normal,,,blocks.stone,blockd.stone,,1969,2,1,,7B3701,,,,,,666,1,15,15,,6,,,1,,,,,,,0,,255,0,1,,0.2,,1,
1970,上色水泥块,,DeepPurpleCement,DeepPurpleCement,,,basic,2,4,4,,,,1,1,1,0,0,0,,,,1,35,6,1,0,,0,,1970,10000,0,0,1970,10000,,,,2,15,0,,1,cement_normal,,,blocks.stone,blockd.stone,,1970,2,1,,420176,,,,,,666,1,15,15,,6,,,1,,,,,,,0,,255,0,1,,0.2,,1,
1971,上色水泥块,,DeepGreenCement,DeepGreenCement,,,basic,2,4,4,,,,1,1,1,0,0,0,,,,1,35,6,1,0,,0,,1971,10000,0,0,1971,10000,,,,2,15,0,,1,cement_normal,,,blocks.stone,blockd.stone,,1971,2,1,,077B01,,,,,,666,1,15,15,,6,,,1,,,,,,,0,,255,0,1,,0.2,,1,
1972,旧铁块,,RedOrangeOldMithsilver,RedOrangeOldMithsilver,,,basic,,4,4,,,,1,1,1,0,0,0,,,,1,60,60,1,0,,0,,1972,10000,0,0,1972,10000,,,,1,15,0,,1,sf_metel01,,,blocks.stone,blockd.stone,,1972,2,1,,FF4002,,,,,,1120,1,15,15,,1,,,10,,,,,,,0,,255,0,1,,2,26,1,
1973,旧铁块,,YellowOrangeOldMithsilver,YellowOrangeOldMithsilver,,,basic,,4,4,,,,1,1,1,0,0,0,,,,1,60,60,1,0,,0,,1973,10000,0,0,1973,10000,,,,1,15,0,,1,sf_metel01,,,blocks.stone,blockd.stone,,1973,2,1,,FFA102,,,,,,1120,1,15,15,,1,,,10,,,,,,,0,,255,0,1,,2,26,1,
1974,旧铁块,,BluePurpleOldMithsilver,BluePurpleOldMithsilver,,,basic,,4,4,,,,1,1,1,0,0,0,,,,1,60,60,1,0,,0,,1974,10000,0,0,1974,10000,,,,1,15,0,,1,sf_metel01,,,blocks.stone,blockd.stone,,1974,2,1,,5223DB,,,,,,1120,1,15,15,,1,,,10,,,,,,,0,,255,0,1,,2,26,1,
1975,旧铁块,,YellowGreenOldMithsilver,YellowGreenOldMithsilver,,,basic,,4,4,,,,1,1,1,0,0,0,,,,1,60,60,1,0,,0,,1975,10000,0,0,1975,10000,,,,1,15,0,,1,sf_metel01,,,blocks.stone,blockd.stone,,1975,2,1,,B2FF02,,,,,,1120,1,15,15,,1,,,10,,,,,,,0,,255,0,1,,2,26,1,
1976,旧铁块,,LightYellowOldMithsilver,LightYellowOldMithsilver,,,basic,,4,4,,,,1,1,1,0,0,0,,,,1,60,60,1,0,,0,,1976,10000,0,0,1976,10000,,,,1,15,0,,1,sf_metel01,,,blocks.stone,blockd.stone,,1976,2,1,,FFF476,,,,,,1120,1,15,15,,1,,,10,,,,,,,0,,255,0,1,,2,26,1,
1977,旧铁块,,LightOrangeOldMithsilver,LightOrangeOldMithsilver,,,basic,,4,4,,,,1,1,1,0,0,0,,,,1,60,60,1,0,,0,,1977,10000,0,0,1977,10000,,,,1,15,0,,1,sf_metel01,,,blocks.stone,blockd.stone,,1977,2,1,,FFBB85,,,,,,1120,1,15,15,,1,,,10,,,,,,,0,,255,0,1,,2,26,1,
1978,旧铁块,,LightPurpleOldMithsilver,LightPurpleOldMithsilver,,,basic,,4,4,,,,1,1,1,0,0,0,,,,1,60,60,1,0,,0,,1978,10000,0,0,1978,10000,,,,1,15,0,,1,sf_metel01,,,blocks.stone,blockd.stone,,1978,2,1,,C685FA,,,,,,1120,1,15,15,,1,,,10,,,,,,,0,,255,0,1,,2,26,1,
1979,旧铁块,,DeepYellowOldMithsilver,DeepYellowOldMithsilver,,,basic,,4,4,,,,1,1,1,0,0,0,,,,1,60,60,1,0,,0,,1979,10000,0,0,1979,10000,,,,1,15,0,,1,sf_metel01,,,blocks.stone,blockd.stone,,1979,2,1,,7B7101,,,,,,1120,1,15,15,,1,,,10,,,,,,,0,,255,0,1,,2,26,1,
1980,旧铁块,,DeepBlueOldMithsilver,DeepBlueOldMithsilver,,,basic,,4,4,,,,1,1,1,0,0,0,,,,1,60,60,1,0,,0,,1980,10000,0,0,1980,10000,,,,1,15,0,,1,sf_metel01,,,blocks.stone,blockd.stone,,1980,2,1,,011D7B,,,,,,1120,1,15,15,,1,,,10,,,,,,,0,,255,0,1,,2,26,1,
1981,旧铁块,,DeepOrangeOldMithsilver,DeepOrangeOldMithsilver,,,basic,,4,4,,,,1,1,1,0,0,0,,,,1,60,60,1,0,,0,,1981,10000,0,0,1981,10000,,,,1,15,0,,1,sf_metel01,,,blocks.stone,blockd.stone,,1981,2,1,,7B3701,,,,,,1120,1,15,15,,1,,,10,,,,,,,0,,255,0,1,,2,26,1,
1982,旧铁块,,DeepPurpleOldMithsilver,DeepPurpleOldMithsilver,,,basic,,4,4,,,,1,1,1,0,0,0,,,,1,60,60,1,0,,0,,1982,10000,0,0,1982,10000,,,,1,15,0,,1,sf_metel01,,,blocks.stone,blockd.stone,,1982,2,1,,420176,,,,,,1120,1,15,15,,1,,,10,,,,,,,0,,255,0,1,,2,26,1,
1983,旧铁块,,DeepGreenOldMithsilver,DeepGreenOldMithsilver,,,basic,,4,4,,,,1,1,1,0,0,0,,,,1,60,60,1,0,,0,,1983,10000,0,0,1983,10000,,,,1,15,0,,1,sf_metel01,,,blocks.stone,blockd.stone,,1983,2,1,,077B01,,,,,,1120,1,15,15,,1,,,10,,,,,,,0,,255,0,1,,2,26,1,
1989,铁穹圣迹,,,,,,vine,,,,,,,1,0,1,1,3,0,,,,,0,0,1,0,,0,,1989,10000,0,0,1989,10000,,,,0,1,0,,1,mechPower_symbol,,,blocks.cloth,blockd.cloth,,1989,1,1,,ea151c,,,,,4,,0,15,15,,1,,,1,3,0,,,,,0,,17,1,0,,1,,,
1990,无线星能踏板,,,,,,blockpedalsingle,,5,5,,,,1,0,1,1,3,0,,,,,60,3,1,0,,0,,1990,10000,0,0,1990,10000,,,,0,1,0,,1,blockpedal_off,blockpedalsingle,,,blockd.wood,,1990,1,1,,ca9b4d,,,,,1,,0,15,15,,1,,,1,3,,,,,,0,,17,1,0,blockpedal_mix,0,,,
1991,并联转换器,,,,,,parallelswitch,,5,5,,,,1,1,1,1,3,0,,,,,60,3,1,0,,0,,1991,10000,0,0,1991,10000,,,,0,1,0,,1,parallel_switch_off,parallelswitch,,blocks.stone,blockd.stone,,1991,1,1,,ca9b4d,,,,,1,,0,15,15,,1,,,1,,,,,,,0,,17,1,0,parallel_switch_mix,0,,,
1992,布丁块,,,,,,blockpudding,,5,5,,,,1,1,1,1,3,0,,,,,60,3,1,0,,0,,,,0,0,0,0,,,,2,15,0,,1,pudding,,,blocks.stone,blockd.stone,,,2,1,,ffffff,,,,,1,,1,15,15,,1,,,1,,,,,,,0,,255,1,0,,0,,,
1993,传送带,,,,,,transporter,,5,5,,,,1,1,3,0,3,2,,,,,60,3,1,0,,0,,1993,10000,0,0,1993,10000,,,,0,1,0,,1,transport_side,,,,blockd.wood,,1993,1,1,,ca9b4d,,,,,1,,1,15,15,,1,,,1,,,,,,,0,,17,0,0,,0,,,
1996,不掉落的树叶,,,,,,grayleafnodrop,,,,,,,1,1,3,0,0,0,,,,,3,0,1,15,60,10,,11226,1500,0,0,11226,1500,,,,0,3,0,1,1,leaves_fruittree,,,blocks.grass,blockd.grass,,218,1,1,FFFFFF|75d2e4|ffd324,558618,0.1,,1,,,,0,15,15,,1,,,1,4,,,,,,0,,,0,0,,0,,,
1997,自定义方块（基础渲染）,,,blockmodcube,,,blockmodcube,,,,,,,1,1,1,0,0,0,,,,,50,7,1,,,0,,0,10000,0,0,0,10000,,,,0,0,0,,1,block,block,,blocks.stone,blockd.stone,,0,2,1,,a6a899,,,,,,,0,15,15,,1,,,1,,,,,,,0,,,0,0,,0,,,
1998,自定义方块,,,modbase,,,modbase,,,,,,,1,1,1,0,0,0,,,,,50,7,1,,,0,,0,10000,0,0,0,10000,,,,0,0,0,,1,block,block,,blocks.stone,blockd.stone,,0,2,1,,a6a899,,,,,,,0,15,15,,1,,,1,,,,,,,0,,,0,0,,0,,,
1999,自定义模型（方块）,,,,,,fullycustomblock,,,,,,,1,1,1,2,0,0,,,,,50,7,1,,,0,,0,10000,0,0,0,10000,,,,0,0,0,,1,block,block,,blocks.stone,blockd.stone,,0,2,1,,a6a899,,,,,,,0,15,15,,1,,,1,,,,,,,0,,,2,0,,0,,,
2000,微缩模型,,,MiniatureBlock,,,custombasic,,,,,,,1,1,1,0,0,0,,,,,50,7,1,,,0,,0,10000,0,0,0,10000,,,,0,0,0,,1,block,block,,blocks.stone,blockd.stone,,0,2,1,,a6a899,,,,,,,0,15,15,,1,,,1,,,,,,,0,,0,0,0,,0,,,
4095,unload,,unload,unload,,,unload,,,,,,,1,1,1,2,0,0,,,,,-1,-1,1,0,,0,,0,0,0,0,0,0,,,,0,0,0,,1,,,,,,,0,0,,,,,,,,,,1,15,15,,1,,,,1,,,,,,0,,0,2,0,,0,,,
20001,预制方块,,,modbase,,,modbase,,,,,1,,1,1,1,0,0,0,,,,,50,7,1,,,0,,0,10000,0,0,0,10000,,,,0,0,0,,1,block,block,,blocks.stone,blockd.stone,,0,2,1,,a6a899,,,,,,,0,15,15,,1,,,1,,,,,,,0,,0,0,0,,0,,,
150000,冰原部落图腾,,,,,,villagetotemice,,4,,,,,1,1,1,2,0,2,,,,,200,25,1,0,,0,,150000,10000,0,0,150000,10000,,,,1,1,8,,3,icevillagetotem,icevillagetotem,,blocks.stone,blockd.stone,,150000,2,1,,7b4b2c,,,,,4,,0,15,15,,1,,1,10,3,,,,,,0,1bb1f0,17,2,0,,0.2,,,2
150001,野生冰原部落图腾,,,,,,villagetotemice,,4,,,,,1,1,1,2,0,2,,,,,200,25,1,0,,0,,150001,10000,0,0,150001,10000,,,,1,1,8,,3,wildicevillagetotem,wildicevillagetotem,,blocks.stone,blockd.stone,,150001,2,1,,7b4b2c,,,,,4,,0,15,15,,1,,1,10,3,,,,,,0,1bb1f0,17,2,0,,0.2,,,2
150002,狩猎旗帜,,,,,,villagerflag,,5,,,,,1,0,1,2,0,2,,,,,100,10,1,0,,0,,150002,10000,0,0,150002,10000,,,,1,1,0,,2,huntflag,,,blocks.wood,blockd.wood,,150002,1,1,,7b4b2c,,,,,4,,0,15,15,,1,,1,1,3,,,,,,0,,17,2,0,villagerflag_mix,0.2,,,2
150003,野生狩猎旗帜,,,,,,villagerflagice,,5,,,,,1,0,1,2,0,2,,,,,100,10,1,0,,0,,150003,10000,0,0,150003,10000,,,,1,1,0,,2,huntflag_wild,,,blocks.wood,blockd.wood,,150003,1,1,,7b4b2c,,,,,4,,0,15,15,,1,,1,1,3,,,,,,0,,17,2,0,,0.2,,,2
150004,建筑旗帜,,,,,,villagerflagbuilding,,5,,,,,1,0,1,2,0,2,,,,,100,10,1,0,,0,,150004,10000,0,0,150004,10000,,,,1,1,0,,2,buildflag,,,blocks.wood,blockd.wood,,150004,1,1,,7b4b2c,,,,,1,,0,15,15,,1,,1,1,3,,,,,,0,,17,2,0,villagerflag_mix,0.2,1,,2
150005,野生建筑旗帜,,,,,,villagerflagbuilding,,5,,,,,1,0,1,2,0,2,,,,,100,10,1,0,,0,,150005,10000,0,0,150005,10000,,,,1,1,0,,2,buildflag_wild,,,blocks.wood,blockd.wood,,150005,1,1,,7b4b2c,,,,,1,,0,15,15,,1,,1,1,3,,,,,,0,,17,2,0,,0.2,,,2
150006,野生樵夫旗帜,,,,,,villagerflagice,,5,,,,,1,0,1,2,0,2,,,,,100,10,1,0,,0,,150006,10000,0,0,150006,10000,,,,1,1,0,,2,woodmanflag_wild,,,blocks.wood,blockd.wood,,150006,1,1,,7b4b2c,,,,,4,,0,15,15,,1,,1,1,3,,,,,,0,,17,2,0,,0.2,,,2
150007,冰晶喷菇幼苗,,IceCrystalMushroomBud,IceCrystalMushroomBud,,,iceCrystalShroomSeedling,,,,,,,1,1,0,1,3,0,,1,1|72,,1,0,1,5,100,5,,11665,10000,0,0,11665,10000,,,,0,1,0,,1,icecrystalmushroomBud,icecrystalmushroomBud,,,blockd.cloth,,11665,1,1,,6e8f41,,,1,,,,0,15,15,,1,,,1,3,,,,,,0,,17,1,0,,0.2,,,2
150008,无光冰晶喷菇,,DarkIceCrystalMushroom,DarkIceCrystalMushroom,,,iceCrystalShroomDark,,,,,,,1,1,0,1,3,0,,,,,1,0,1,5,100,5,,150008,10000,0,0,150008,10000,,,,0,1,0,,1,darkicecrystalmushroom,darkicecrystalmushroom,,blockd.cloth,blockd.cloth,,150008,1,1,,6e8f41,,,1,,,,1,15,15,,1,,,1,3,,,,,,0,,17,1,0,,0.2,26,,2
150009,有光冰晶喷菇,,LightIceCrystalMushroom,LightIceCrystalMushroom,,,iceCrystalShroomLight,,,,,,,1,1,0,1,3,0,,,,,1,0,1,5,100,5,,150009,10000,0,0,150009,10000,,,,0,4,10,,1,lighticecrystalmushroom,lighticecrystalmushroom,,blockd.cloth,blockd.cloth,,150009,1,1,,6e8f41,,,1,,,,1,15,15,,1,,,1,3,,,,,,0,4e5b9b,68,1,0,,0.2,26,,2
150010,冰晶蕨幼苗,,IceCrystalFernBud,IceCrystalFernBud,,,iceCrystalFernBud,,,,,,,1,0,0,1,3,0,,1,1|30,,1,0,1,5,100,5,,11666,10000,0,0,11666,10000,,,,0,1,0,,1,icecrystalfernbud,icecrystalfernbud,,,blockd.cloth,,11666,1,1,,6e8f41,,,1,,,,0,15,15,,1,,,1,3,,,,,,0,,17,1,0,,0.2,,,
150011,冰晶蕨苗,,IceCrystalFernSeedlings,IceCrystalFernSeedlings,,,iceCrystalFernSeedling,,,,,,,1,0,0,1,3,0,,1,1|30,,1,0,1,5,100,5,,150011,10000,0,0,11666,10000,,,,0,1,0,,1,icecrystalfernseedlings,icecrystalfernseedlings,,blockd.cloth,blockd.cloth,,11666,1,1,,6e8f41,,,1,,,,0,15,15,,1,,,1,3,,,,,,0,,17,1,0,,0.2,,,
150012,冰晶蕨,,IceCrystalFern,IceCrystalFern,,,iceCrystalFern,,1,,,,,1,0,0,1,3,0,,,,,1,0,1,5,100,5,,150012,10000,0,0,150012,10000,,,,0,1,1,,1,icecrystalfern,icecrystalfern,,blockd.cloth,blockd.cloth,,150012,1,1,,6e8f41,,,1,,,,0,15,15,,1,,,1,3,,,,,,0,,17,1,0,,0.2,,,2
150013,寒光棒,,ColdLightTorch,ColdLightTorch,,,smalltorch,,5,5,,,,1,0,3,1,3,1,,,,,1,0,1,0,0,10,,150013,10000,0,0,150013,10000,,,,0,7,14,,1,coldlighttorch,coldlighttorch,,,blockd.wood,,150013,0,1,,ffff15,,,,,4,,0,15,0,-6,1,,,,2,,,,,,2,c6b1d5,119,1,0,,0.2,26,,2
150015,皮草床,,FurBed,FurBed,,,doublebed,3,4,4,,,,1,1,1,1,0,2,,,,,30,10,1,2,20,2,,150015,10000,0,0,150015,10000,,,,2,1,0,,1,ice_bed,ice_bed,,blocks.wood,blockd.wood,,150015,1,1,,e59d87,,,,,4,,,15,15,,1,,,1,3,,,,,,0,,17,1,0,,0.5,26,1,
150016,冰原木门,,ColdCrystalWoodenDoor,ColdCrystalWoodenDoor,,,simpledoor,3,4,4,,,,1,1,1,1,0,2,,,,,24,12,1,1,20,1,,150016,10000,0,0,150016,10000,,,,2,1,0,,2,ice_door,ice_door,,blocks.wood,blockd.wood,blockd.wood,150016,1,1,,7b4b43c,,,,,4,,3,15,15,,1,,1,10,,,,,,,0,,17,1,0,,0.5,26,,
150018,火盆灯,,IceStreetLights,IceStreetLights,,,fluorescentlamp,3,4,4,,,,1,0,1,1,0,2,,,,,25,0,1,0,,0,,150018,10000,0,0,150018,10000,,,,3,7,14,,1,ice_lamp,ice_lamp,,blockd.wood,blockd.wood,blockd.wood,150018,1,1,,ffebef,,,,,4,,,15,15,8,1,,,10,3,,,,,,2,ffdb5d,17,1,0,,0.5,26,,
150020,冰原木桌,,IceFernWoodenTable,IceFernWoodenTable,,,icetable,3,4,4,,,,1,1,1,0,0,2,,,,,25,15,1,0,,0,,150020,10000,0,0,150020,10000,,,,3,1,0,,1,ice_table,ice_table,,blockd.wood,blockd.wood,blockd.wood,150020,1,1,,ffebef,,,,,4,,1,15,15,,1,,,10,3,,,,,,2,,17,0,0,,0.5,26,1,
150021,冰原木椅,,IceFernWoodenChair,IceFernWoodenChair,,,chair,3,4,4,,,,1,1,1,0,0,2,,,,,25,6,1,2,20,0,,150021,10000,0,0,150021,10000,,,,2,1,0,,1,ice_chair,ice_chair,,blocks.wood,blockd.wood,blockd.wood,150021,1,1,,c1a661,,,,,4,,1,15,15,,1,,,1,3,,,,,,1,,17,0,0,,0.5,26,1,
150022,冰原木柜,,ColdCrystalWoodCabinet,ColdCrystalWoodCabinet,,,chest,1,4,4,,1,,1,1,1,0,0,2,,,,,25,15,1,0,,0,,150022,10000,0,0,150022,10000,,,,3,1,0,,1,ice_group_cabinet,ice_group_cabinet,,blocks.wood,blocks.wood,blocks.wood,150022,1,1,,ffebef,,,,,4,,1,15,15,,1,,,10,,,,,,,1,,17,0,1,,0.5,26,1,
150023,冰原方木窗,,BrassSquareWoodWindows,BrassSquareWoodWindows,,,xparentwindows,3,4,4,,,,1,1,1,1,3,2,,,,,24,12,1,1,20,1,,150023,10000,0,0,150023,10000,,,,0,1,0,,1,ice_window,ice_window,,blocks.wood,blockd.wood,blockd.wood,150023,1,1,,c1a661,,,,,4,,0,15,15,,1,,,10,,,,,,,1,,17,1,0,,0.5,26,,
150025,绒毛地毯,,Pile carpet,Pile carpet,,,blanket,2,4,4,,1,,1,1,1,0,0,0,,,,,5,1,1,8,60,0,,150025,10000,0,0,150025,10000,,,,1,1,0,,1,ice_blanket,ice_blanket,,blocks.cloth,blockd.cloth,blockd.cloth,150025,0,1,,FAFFF0,,,,,,,0,15,15,,1,,,,3,,,,,,0,,17,0,0,,0.5,,,
150026,雪人灯,,SnowmanChandelier,SnowmanChandelier,,,snowmanlight,,,,,,,1,1,1,1,0,2,,,,,25,0,1,0,,0,,150027,10000,0,0,150027,10000,,,,0,1,0,,1,ice_snowman_lamp,ice_snowman_lamp,,blockd.snow,blockd.snow,blockd.snow,150027,1,1,,ffebef,,,,,,150027,,15,0,,1,,,1,3,,,,,,1,,17,1,0,,0.5,,,2
150027,雪人灯,,SnowmanChandelier,SnowmanChandelier,,,snowmanlight,3,4,4,,,,1,1,1,1,0,2,,,,,25,0,1,0,,0,,150027,10000,0,0,150027,10000,,,,0,1,8,,1,ice_snowman_lamp,ice_snowman_lamp,,blockd.snow,blockd.snow,blockd.snow,150027,1,1,,ffebef,,,,,,,,15,0,,1,,,1,3,,,,,,1,e5e091,17,1,0,,0.5,,,2
150028,企鹅窝,,penguinnest,penguinnest,,,penguinNest,,,,,,,1,0,0,0,0,0,,,,,0,0,1,0,,0,,1019,10000,0,0,1019,10000,,,,1,1,0,,1,penguinnest,penguinnest,,blocks.cloth,blockd.cloth,,1019,0,1,,00fa9a,,,,,,,0,15,15,,1,,,,2,,,,,,0,,17,0,0,,0.2,,,
150029,融合台,,,,,,fusioncage,,5,,,,,1,1,1,2,0,2,,,,,50,20,1,0,,0,,150029,10000,0,0,150029,10000,,,,2,1,0,,1,fusion_cage,fusion_cage,,blocks.stone,blockd.stone,,150029,2,1,,77abae,,,,,4,,1,,15,,1,,,10,,,,,,,0,,17,2,0,,1,26,,2
150043,冰原窗帘,,IceCrystalCurtains,IceCrystalCurtains,,,curtain,3,4,4,,,,1,0,1,1,3,0,,,,,0,0,1,1,20,1,,150043,10000,0,0,150043,10000,,,,0,1,0,,1,ice_curtain,ice_curtain,,blocks.cloth,blockd.cloth,blockd.cloth,150043,1,1,,8a9fa4,,,,,4,,0,15,15,,1,,,1,,,,,,,0,,17,1,0,,0.5,,,
150044,野生农夫旗帜,,,,,,villagerflagice,,5,,,,,1,0,1,2,0,2,,,,,100,10,1,0,,0,,150044,10000,0,0,150044,10000,,,,1,1,0,,2,farmerflag_wild,,,blocks.wood,blockd.wood,,150044,1,1,,7b4b2c,,,,,4,,0,15,15,,1,,1,1,3,,,,,,0,,17,2,0,,0.2,,,2
150045,野生守卫旗帜,,,,,,villagerflagice,,5,,,,,1,0,1,2,0,2,,,,,100,10,1,0,,0,,150045,10000,0,0,150045,10000,,,,1,1,0,,2,guardflag_wild,,,blocks.wood,blockd.wood,,150045,1,1,,7b4b2c,,,,,4,,0,15,15,,1,,1,1,3,,,,,,0,,17,2,0,,0.2,,,2
150046,冻结装置,,,,,,stretchforzen,,5,,,,,1,1,3,0,0,1,,,,,50,12,1,0,,0,,150046,10000,0,0,150046,10000,,,,2,1,0,,1,freezemachine,freezemachine,,blocks.stone,blockd.stone,,150046,2,1,,939188,,,,,1,,0,15,15,,1,,,10,3,,,,,,0,,17,0,0,,0,,,2
150047,粗落叶松树枝,,ThickLarchTreeBranch,ThickLarchTreeBranch,,,branch,1,1,1,,,,1,1,1,0,0,0,,,,,35,1,1,15,60,15,,11323,3000,0,0,11323,3000,,,,2,1,0,,1,log_cathaya,branchthick,,blocks.wood,blockd.wood,,334,1,1,,614b2c,,,,,4,334,1,15,15,,1,,,1,,,,,,,0,,17,0,1,,0.2,,,
150048,细落叶松树枝,,FineLarchTreeBranch,FineLarchTreeBranch,,,branch,1,1,1,,,,1,1,1,0,0,0,,,,,35,1,1,15,60,15,,11323,2000,0,0,11323,2000,,,,2,1,0,,1,log_cathaya,branchthin,,blocks.wood,blockd.wood,,335,1,1,,614b2c,,,,,4,335,1,15,15,,1,,,1,,,,,,,0,,17,0,1,,0.2,,,
150049,白色野花,,,,,,colorflower,1,1,1,,,,1,0,0,1,3,0,0,,,,1,0,1,1,100,15,,150049,10000,0,0,150049,10000,,,,0,1,0,,1,wild_flower_white,agave,,,,,150049,0,1,,E8C1B8,,,1,,,,0,15,15,,1,,,,2,0,,,,,0,,17,1,1,,0.2,,,
150050,蓝色野花,,,,,,colorflower,1,1,1,,,,1,0,0,1,3,0,,,,,1,0,1,1,100,15,,150050,10000,0,0,150050,10000,,,,0,1,0,,1,wild_flower_blue,agave,,,,,150050,0,1,,4F97BD,,,1,,,,0,15,15,,1,,,,2,0,,,,,0,,17,1,1,,0.2,,,
150051,黄色野花,,,,,,colorflower,1,1,1,,,,1,0,0,1,3,0,,,,,1,0,1,1,100,15,,150051,10000,0,0,150051,10000,,,,0,1,0,,1,wild_flower_yellow,agave,,,,,150051,0,1,,E9B901,,,1,,,,0,15,15,,1,,,,2,0,,,,,0,,17,1,1,,0.2,,,
150052,蓝粉雏菊丛,,,,,,colorflower,1,1,1,,,,1,0,0,1,3,0,,,,,1,0,1,1,100,15,,150052,10000,0,0,150052,10000,,,,0,1,0,,1,daisybush_pink_blue,agave,,,,,150052,0,1,,E9CBFB,,,1,,,,0,15,15,,1,,,,2,0,,,,,0,,17,1,1,,0.2,,,
150053,橙色雏菊丛,,,,,,colorflower,1,1,1,,,,1,0,0,1,3,0,,,,,1,0,1,1,100,15,,150053,10000,0,0,150053,10000,,,,0,1,0,,1,daisybush_white_orange,agave,,,,,150053,0,1,,FEF9A0,,,1,,,,0,15,15,,1,,,,2,0,,,,,0,,17,1,1,,0.2,,,
150054,粉色雏菊丛,,,,,,colorflower,1,1,1,,,,1,0,0,1,3,0,,,,,1,0,1,1,100,15,,150054,10000,0,0,150054,10000,,,,0,1,0,,1,daisybush_pink_white,agave,,,,,150054,0,1,,F3D4DF,,,1,,,,0,15,15,,1,,,,2,0,,,,,0,,17,1,1,,0.2,,,
150055,粉蝶花,,,,,,colorflower,1,1,1,,,,1,0,0,1,3,0,,,,,1,0,1,1,100,15,,150055,10000,0,0,150055,10000,,,,0,1,5,,,butterfly_flower_pink,agave,,,,,150055,0,1,,78D3F8,,,1,,,,0,15,15,,1,,,,2,0,,,,,0,5c73a2,17,1,1,,0.2,,,2
150056,薰衣草,,,,,,colorflower,1,1,1,,,,1,0,0,1,3,0,,,,,1,0,1,1,100,15,,150056,10000,0,0,150056,10000,,,,0,1,0,,,lavender,agave,,,,,150056,0,1,,C45EF6,,,1,,,,0,15,15,,1,,,,2,0,,,,,0,,17,1,1,,0.2,,,
150057,荧光小草,,,,,,colorflower,1,1,1,,,,1,0,0,1,3,0,,,,,1,0,1,1,100,15,,150057,10000,0,0,150057,10000,,,,0,1,5,,,glowing_grass,agave,,,,,150057,0,1,,A5E1FA,,,1,,,,0,15,15,,1,,,,2,0,,,,,0,3fc7ff,17,1,1,,0.2,,,2
150058,荧光落叶,,,,,,leafpile,,1,1,,,,1,0,0,1,3,0,,,,,1,0,1,1,100,15,,150058,10000,0,0,150058,10000,,,,0,1,5,,,glowing_fallen_leaves,,,,,,150058,0,1,,A5E1FA,,,1,,,,0,15,15,,1,,,,2,0,,,,,0,,17,1,0,,0.2,,,2
150059,星光菌,,,,,,colorflower,,1,1,,,,1,0,0,1,3,0,,,,,1,0,1,1,100,15,,150059,10000,0,0,150059,10000,,,,0,1,5,,,starlight_fungus,agave,,,,,150059,0,1,,F7FADE,,,1,,,,0,15,15,,1,,,,2,0,,,,,0,d0c266,17,1,1,,0.2,,,2
150060,蒲公英,,,,,,colorflower,1,1,1,,,,1,0,0,1,3,0,,,,,1,0,1,1,100,15,,150060,10000,0,0,150060,10000,,,,0,1,0,,,dandelion,agave,,,,,150060,0,1,,FDF2D8,,,1,,,,0,15,15,,1,,,,2,0,,,,,0,,17,1,1,,0.2,,,
150061,狗尾草,,,,,,colorflower,1,1,1,,,,1,0,0,1,3,0,,,,,1,0,1,1,100,15,,11226,10000,0,0,11226,10000,,,,0,1,0,,1,foxtail_grass,agave,,,,,150061,0,1,,FDF2D8,,,1,,,,0,15,15,,1,,,,2,0,,,,,0,,17,1,1,,0.2,,,
150062,芦苇,,,,,,colorflower,1,1,1,,,,1,0,3,1,3,0,0,,,,1,0,1,1,100,15,,150062,10000,0,0,150062,10000,,,,0,1,0,,1,reed_grass,block_reed,,,,,150062,0,1,,FDF2D8,,,1,,,,0,15,15,,1,,,,2,0,,,,,0,,17,1,1,,0.2,,,
150063,油菜花,,,,,,colorflower,1,1,1,,,,1,0,0,1,3,0,,,,,1,0,1,1,100,15,,150063,10000,0,0,150063,10000,,,,0,1,0,,1,flower_rapeseed,agave,,,,,150063,0,1,,A3D16E,,,1,,,,0,15,15,,1,,,,2,0,,,,,0,,17,1,1,,0.2,,,
150064,郁金香,,,,,,colorflower,1,1,1,,,,1,0,0,1,3,0,,,,,1,0,1,1,100,15,,150064,10000,0,0,150064,10000,,,,0,1,0,,,flower_tulip,agave,,,,,150064,0,1,,FFD700,,,1,,,,0,15,15,,1,,,,2,0,,,,,0,,17,1,1,,0.2,,,
150065,三叶草,,,,,,colorflower,1,1,1,,,,1,0,0,1,3,0,,,,,1,0,1,1,100,15,,150065,10000,0,0,150065,10000,,,,0,1,0,,,flower_clover,agave,,,,,150065,0,1,,A3D16E,,,1,,,,0,15,15,,1,,,,2,0,,,,,0,,17,1,1,,0.2,,,
150066,荷叶,,,,,,lilypad,,1,1,,,,1,0,0,1,3,0,,,,,1,0,1,1,100,10,,150066,10000,0,0,150066,10000,,,,0,1,0,,1,lotus_leaf,floating_plane,,,,,150066,0,1,ffffff|ebcbb3|88be79,A3D16E,,,1,,,,0,15,15,,1,,,,2,0,,,,,0,,17,1,0,,0.2,,,
150067,浮萍,,,,,,lilypad,,1,1,,,,1,0,0,1,3,0,,,,,1,0,1,1,100,15,,150067,10000,0,0,150067,10000,,,,0,1,0,,,duckweed,floating_plane,,,,,150067,0,1,,A3D16E,,,1,,,,0,15,15,,1,,,,2,0,,,,,0,,17,1,0,,0.2,,,
150068,水藻,,,,,,lilypad,,1,1,,,,1,0,0,1,3,0,,,,,1,0,1,1,100,15,,150068,10000,0,0,150068,10000,,,,0,1,0,,,waterweed_leaf,floating_plane,,,,,150068,0,1,,A3D16E,,,1,,,,0,15,15,,1,,,,2,0,,,,,0,,17,1,0,,0.2,,,
150069,蕨,,,,,,colorflower,,1,1,,,,1,0,0,1,3,0,,,,,1,0,1,1,100,15,,11226,10000,0,0,11226,10000,,,,0,1,0,,,fern_grass,fern_grass,,,,,150069,0,1,,A3D16E,,,1,,,,0,15,15,,1,,,,,,,,,,0,,17,1,1,,0.2,,,
150070,紫色三角梅,,,,,,vine,,1,1,,,,1,0,0,1,3,0,,,,,1,0,1,1,100,15,,150070,10000,0,0,150070,10000,,,,0,1,0,,,bougainvillea,bougainvillea,,,,,150070,0,1,,D695F8,,,1,,,,0,15,15,,1,,,,,,,,,,0,,17,1,0,,0.2,,,
150071,白色三角梅,,,,,,vine,,1,1,,,,1,0,0,1,3,0,,,,,1,0,1,1,100,15,,150071,10000,0,0,150071,10000,,,,0,1,0,,,bougainvillea,bougainvillea,,,,,150071,0,1,,E9CBFB,,,1,,,,0,15,15,,1,,,,,,,,,,0,,17,1,0,,0.2,,,
150072,发光树藤,,,,,,vine,,1,1,,,,1,0,0,1,3,1,1,,,,1,0,1,5,100,10,,150072,10000,0,0,150072,10000,,,,0,1,15,,1,glowing_vine,glowing_vine,,blocks.grass,,,150072,1,1,,734a31,0.25,,1,,,,0,15,15,,1,,,1,,,,,,,0,25a0d3,17,1,0,,0.2,,,2
150073,发光树叶,,,,,,grayleaf,1,1,1,,1,,1,1,3,0,0,0,,,,,3,0,1,15,60,10,,11226,1500,0,0,11226,1500,,,,0,3,0,1,1,glowing_tree_leaves,,,blocks.grass,blockd.grass,,150073,1,1,FFFFFF|6fd4ff|ffd324,558618,0.1,,1,,,,0,15,15,,1,,,1,,,,block_knock_sy_1,block_knock_sy_2,,0,,51,0,1,,0.2,,,
150074,发光树干,,,,,,log,1,1,1,,,,1,1,1,2,0,0,,,,1,50,25,1,0,,0,,11323,20000,0,0,11323,20000,,,,2,1,12,1,1,glowing_tree_trunk,,,blocks.wood,blockd.wood,,150074,1,1,,cc00ff,,,,,,,1,,,,1,,,15,,,,,,,0,6fb0cb,17,2,1,,0.2,,1,
150075,紫色地栽三角梅,,,,,,colorflower,1,1,1,,,,1,0,0,1,3,0,,,,,1,0,1,1,100,15,,150075,10000,0,0,150075,10000,,,,0,1,0,,1,bougainvillea_ground_purple,bougainvillea_ground,,,,,150075,0,1,,558618,,,1,,,,0,15,15,,1,,,,2,0,,,,,0,,17,1,1,,0.2,,,
150076,白色地栽三角梅,,,,,,colorflower,1,1,1,,,,1,0,0,1,3,0,,,,,1,0,1,1,100,15,,150076,10000,0,0,150076,10000,,,,0,1,0,,1,bougainvillea_ground_white,bougainvillea_ground,,,,,150076,0,1,,558618,,,1,,,,0,15,15,,1,,,,2,0,,,,,0,,17,1,1,,0.2,,,
150077,垂藤,150077,CreepingVine,CreepingVine,,,modbase,1,1,1,,,,1,0,0,1,3,1,1,,,,1,1,1,5,100,10,,150077,10000,0,0,150077,10000,,,,0,1,0,,1,vine_creeping_vine,vine_creeping_vine,,blocks.grass,blocks.grass,blocks.grass,150077,1,1,,734a31,0.25,,1,,,,0,15,15,,1,,,1,,,,,,,0,,17,1,0,,0.2,,,
150080,破坏方块1,,DStone1,DStone1,,,basic,,,,,1,,1,1,1,0,0,0,,,,1,50,-1,1,0,,0,,,,,,,,,,,1,15,0,,1,mogu_sandstone,,,blocks.stone,blockd.stone,,,2,1,,a6a899,,,,,,,1,15,15,,6,,,3,,,,,,,0,,255,0,1,,,,,
150081,破坏方块2,,DStone2,DStone2,,,basic,,,,,1,,1,1,1,0,0,0,,,,1,50,-1,1,0,,0,,,,,,,,,,,1,15,0,,1,mogu_sandstone,,,blocks.stone,blockd.stone,,,2,1,,a6a899,,,,,,,1,15,15,,6,,,3,,,,,,,0,,255,0,1,,,,,
150082,破坏方块3,,DStone3,DStone3,,,basic,,,,,1,,1,1,1,0,0,0,,,,1,50,-1,1,0,,0,,,,,,,,,,,1,15,0,,1,mogu_sandstone,,,blocks.stone,blockd.stone,,,2,1,,a6a899,,,,,,,1,15,15,,6,,,3,,,,,,,0,,255,0,1,,,,,
150083,破坏方块4,,DStone4,DStone4,,,basic,,,,,1,,1,1,1,0,0,0,,,,1,50,-1,1,0,,0,,,,,,,,,,,1,15,0,,1,mogu_sandstone,,,blocks.stone,blockd.stone,,,2,1,,a6a899,,,,,,,1,15,15,,6,,,3,,,,,,,0,,255,0,1,,,,,
150084,破坏方块11,,DStone11,DStone11,,,basic,,,,,1,,1,1,1,0,0,0,,,,1,50,-1,1,0,,0,,,,,,,,,,,1,15,0,,1,mogu_stone,,,blocks.stone,blockd.stone,,,2,1,,a6a899,,,,,,,1,15,15,,6,,,3,,,,,,,0,,255,0,1,,,,,
150085,破坏方块22,,DStone22,DStone22,,,basic,,,,,1,,1,1,1,0,0,0,,,,1,50,-1,1,0,,0,,,,,,,,,,,1,15,0,,1,mogu_stone,,,blocks.stone,blockd.stone,,,2,1,,a6a899,,,,,,,1,15,15,,6,,,3,,,,,,,0,,255,0,1,,,,,
150086,破坏方块33,,DStone33,DStone33,,,basic,,,,,1,,1,1,1,0,0,0,,,,1,50,-1,1,0,,0,,,,,,,,,,,1,15,0,,1,mogu_stone,,,blocks.stone,blockd.stone,,,2,1,,a6a899,,,,,,,1,15,15,,6,,,3,,,,,,,0,,255,0,1,,,,,
150087,破坏方块44,,DStone44,DStone44,,,basic,,,,,1,,1,1,1,0,0,0,,,,1,50,-1,1,0,,0,,,,,,,,,,,1,15,0,,1,mogu_stone,,,blocks.stone,blockd.stone,,,2,1,,a6a899,,,,,,,1,15,15,,6,,,3,,,,,,,0,,255,0,1,,,,,
150088,不可破坏方块,,DStone5,DStone5,,,basic,,,,,1,,1,1,1,0,0,0,,,,,100,-1,1,0,,0,,,,,,,,,,,1,15,0,,1,magic-mithsilver_block,,,blocks.stone,blocks.stone,blockd.stone,,2,1,,413250,,,,,,,1,15,15,,1,,,10,,,,,,,0,,255,0,1,,,,,
150500,蓝色烟花,,,,,,firework,,,,,,,1,1,1,2,0,0,,,,,100,25,1,0,,0,,,,,,,,,,,,,,,1,yanhua5,,,,,,,0,1,,,,,,,1,,0,15,15,,1,,,,1,,,,,,0,,0,2,1,,0,,,
150501,绿色烟花,,,,,,firework,,,,,,,1,1,1,2,0,0,,,,,100,25,1,0,,0,,,,,,,,,,,,,,,1,yanhua5,,,,,,,0,1,,,,,,,1,,0,15,15,,1,,,,1,,,,,,0,,0,2,1,,0,,,
150502,粉色烟花,,,,,,firework,,,,,,,1,1,1,2,0,0,,,,,100,25,1,0,,0,,,,,,,,,,,,,,,1,yanhua5,,,,,,,0,1,,,,,,,1,,0,15,15,,1,,,,1,,,,,,0,,0,2,1,,0,,,
150503,黄色烟花,,,,,,firework,,,,,,,1,1,1,2,0,0,,,,,100,25,1,0,,0,,,,,,,,,,,,,,,1,yanhua5,,,,,,,0,1,,,,,,,1,,0,15,15,,1,,,,1,,,,,,0,,0,2,1,,0,,,
150504,彩色烟花,,,,,,firework,,,,,,,1,1,1,2,0,0,,,,,100,25,1,0,,0,,,,,,,,,,,,,,,1,yanhua5,,,,,,,0,1,,,,,,,1,,0,15,15,,1,,,,1,,,,,,0,,0,2,1,,0,,,
150505,心形烟花,,,,,,firework,,,,,,,1,1,1,2,0,0,,,,,100,25,1,0,,0,,,,,,,,,,,,,,,1,yanhua5,,,,,,,0,1,,,,,,,1,,0,15,15,,1,,,,1,,,,,,0,,0,2,1,,0,,,
150701,基础传动轴,,,,,,transShaft,,5,,,,,1,1,1,0,0,2,,,,,1,5,1,0,0,0,,150701,10000,0,0,150701,10000,,,,2,1,0,,1,mach_shaft_base,shaft,,blocks.stone,blockd.stone,blockd.stone,150701,0,1,,7c6037,,,,,,,2,15,15,,1,,,,,,0,,,,3,,0,0,1,,1,26,,
150702,铜制传动轴,,,,,,transShaft,,5,,,,,1,1,1,0,0,2,,,,,5,6,1,0,0,0,,150702,10000,0,0,150702,10000,,,,2,1,0,,1,mach_shaft_co,shaft,,blocks.stone,blockd.stone,blockd.stone,150702,2,1,,7c6037,,,,,,,2,15,15,,1,,,,,,0,,,,3,,0,0,1,,1,,,
150703,铁制传动轴,,,,,,transShaft,,5,,,,,1,1,1,0,0,2,,,,,10,7,1,0,0,0,,150703,10000,0,0,150703,10000,,,,2,1,0,,1,mach_shaft_ir,shaft,,blocks.stone,blockd.stone,blockd.stone,150703,2,2,,7c6037,,,,,,,2,15,15,,1,,,,,,0,,,,3,,0,0,1,,1,26,,
150704,铝制传动轴,,,,,,transShaft,,5,,,,,1,1,1,0,0,2,,,,,15,8,1,0,0,0,,150704,10000,0,0,150704,10000,,,,2,1,0,,1,mach_shaft_al,shaft,,blocks.stone,blockd.stone,blockd.stone,150704,2,3,,7c6037,,,,,,,2,15,15,,1,,,,,,0,,,,3,,0,0,1,,1,,,
150705,基础小齿轮,,,,,,smallgear,,5,,,,,1,1,1,0,0,2,,,,,1,5,1,0,0,0,,150705,10000,0,0,150705,10000,,,,2,1,0,,1,mach_gear_S_base,gear_S,,blocks.stone,blockd.stone,blockd.stone,150705,0,1,,7c6037,,,,,,,2,15,15,,1,,,,,,0,,,,3,,0,0,1,,1,26,,
150706,铜制小齿轮,,,,,,smallgear,,5,,,,,1,1,1,0,0,2,,,,,5,6,1,0,0,0,,150706,10000,0,0,150706,10000,,,,2,1,0,,1,mach_gear_S_co,gear_S,,blocks.stone,blockd.stone,blockd.stone,150706,2,1,,7c6037,,,,,,,2,15,15,,1,,,,,,,,,,3,,0,0,1,,1,,,
150707,铁制小齿轮,,,,,,smallgear,,5,,,,,1,1,1,0,0,2,,,,,10,7,1,0,0,0,,150707,10000,0,0,150707,10000,,,,2,1,0,,1,mach_gear_S_ir,gear_S,,blocks.stone,blockd.stone,blockd.stone,150707,2,2,,7c6037,,,,,,,2,15,15,,1,,,,,,,,,,3,,0,0,1,,1,26,,
150708,铝制小齿轮,,,,,,smallgear,,5,,,,,1,1,1,0,0,2,,,,,15,8,1,0,0,0,,150708,10000,0,0,150708,10000,,,,2,1,0,,1,mach_gear_S_al,gear_S,,blocks.stone,blockd.stone,blockd.stone,150708,2,3,,7c6037,,,,,,,2,15,15,,1,,,,,,,,,,3,,0,0,1,,1,,,
150709,基础大齿轮,,,,,,gear,,5,,,,,1,1,1,2,0,2,,,,,1,5,1,0,0,0,,150709,10000,0,0,150709,10000,,,,2,1,0,,1,mach_gear_L_base,gear_L,,blocks.stone,blockd.stone,blockd.stone,150709,0,1,,7c6037,,,,,,,2,15,15,,1,,1,,,,,,,,3,,0,0,1,,1,26,,
150710,铜制大齿轮,,,,,,gear,,5,,,,,1,1,1,2,0,2,,,,,5,6,1,0,0,0,,150710,10000,0,0,150710,10000,,,,2,1,0,,1,mach_gear_L_co,gear_L,,blocks.stone,blockd.stone,blockd.stone,150710,2,1,,7c6037,,,,,,,2,15,15,,1,,1,,,,,,,,3,,0,0,1,,1,,,
150711,铁制大齿轮,,,,,,gear,,5,,,,,1,1,1,2,0,2,,,,,10,7,1,0,0,0,,150711,10000,0,0,150711,10000,,,,2,1,0,,1,mach_gear_L_ir,gear_L,,blocks.stone,blockd.stone,blockd.stone,150711,2,2,,7c6037,,,,,,,2,15,15,,1,,1,,,,,,,,3,,0,0,1,,1,26,,
150712,铜推手,,RobotArm,RobotArm,,,mechaPush,,5,,,,,1,1,1,2,0,2,,,,,100,16,1,0,,0,,150712,10000,0,0,150712,10000,,,,2,1,0,,1,brass_block,,150712,blocks.stone,blockd.stone,blockd.stone,150712,2,1,,b99871,,,,,,,1,15,15,,1,,,10,,,,,,,2,,0,2,1,,1,26,,
150713,铜拉手,,Push-pullArm,Push-pullArm,,,mechaPull,,5,,,,,1,1,1,2,0,2,,,,,100,16,1,0,,0,,150713,10000,0,0,150713,10000,,,,2,1,0,,1,brass_block,,150713,blocks.stone,blockd.stone,blockd.stone,150713,2,1,,b99871,,,,,,,1,15,15,,1,,,10,,,,,,,2,,0,2,1,,1,26,,
150714,自动筑路机,,,,,,autoroad,,5,,,,,1,1,1,2,0,2,,,,,100,16,1,0,,0,,150714,10000,0,0,150714,10000,,,,2,1,0,,1,honey_water,,150714,blocks.stone,blockd.stone,blockd.stone,150714,2,1,,b99871,,,,,,,1,15,15,,1,,1,,,,,,,,0,,0,0,1,,1,26,,
150715,自动合成台,,,,,,autocompose,,5,,,,,1,1,1,2,0,2,,,,,100,16,1,0,,0,,150715,10000,0,0,150715,10000,,,,2,1,0,,1,stone,,150715,blocks.stone,blockd.stone,blockd.stone,150715,2,1,,b99871,,,,,,,1,15,15,,1,,1,,,,,,,,0,,0,0,1,,1,,,
150717,铜钻头,,,,,,mecha_drill,,5,,,,,1,1,1,0,0,2,,,,,100,16,1,0,,0,,150717,10000,0,0,150717,10000,,,,2,1,0,,1,brass_block,,150717,blocks.stone,blockd.stone,blockd.stone,150717,2,1,,b99871,,,,,,,1,15,15,,1,,,,,,,,,,2,,0,0,1,,1,26,,
150718,铝制大齿轮,,,,,,gear,,5,,,,,1,1,1,2,0,2,,,,,15,8,1,0,0,0,,150718,10000,0,0,150718,10000,,,,2,1,0,,1,mach_gear_L_al,gear_L,,blocks.stone,blockd.stone,blockd.stone,150718,2,3,,7c6037,,,,,,,2,15,15,,1,,1,,,,,,,,3,,0,0,1,,1,,,
150719,铜制传送带,,,,,,conveyor_belt,,5,,,,,1,1,1,0,0,2,,,,,5,6,1,0,0,0,,150719,10000,0,0,150719,10000,,,,2,1,0,,1,conveyorbelt_co,mach_conveyorbelt,,blocks.stone,blockd.stone,blockd.stone,150719,2,1,,7c6037,,,,,,,2,15,15,,1,,,,,,,,,,3,,0,0,1,,1,0,,
150720,铁制传送带,,,,,,conveyor_belt,,5,,,,,1,1,1,0,0,2,,,,,10,7,1,0,0,0,,150720,10000,0,0,150720,10000,,,,2,1,0,,1,conveyorbelt_ir,mach_conveyorbelt,,blocks.stone,blockd.stone,blockd.stone,150720,2,2,,7c6037,,,,,,,2,15,15,,1,,,,,,,,,,3,,0,0,1,,1,0,,
150721,铝制传送带,,,,,,conveyor_belt,,5,,,,,1,1,1,0,0,2,,,,,15,8,1,0,0,0,,150721,10000,0,0,150721,10000,,,,2,1,0,,1,conveyorbelt_al,mach_conveyorbelt,,blocks.stone,blockd.stone,blockd.stone,150721,2,3,,7c6037,,,,,,,2,15,15,,1,,,,,,,,,,3,,0,0,1,,1,0,,
150722,铁制离合器,,,,,,clutch,,5,,,,,1,1,1,0,0,2,,,,,10,7,1,0,0,0,,150722,10000,0,0,150722,10000,,,,2,1,0,,1,mach_clutch_ir,mach_clutch_ir,,blocks.stone,blockd.stone,blockd.stone,150722,2,2,,7c6037,,,,,,,2,15,15,,1,,,,,,,,,,3,,0,0,1,,1,26,,
150723,钛制离合器,,,,,,clutch,,5,,,,,1,1,1,0,0,2,,,,,20,9,1,0,0,0,,150723,10000,0,0,150723,10000,,,,2,1,0,,1,mach_clutch_ti,mach_clutch_ti,,blocks.stone,blockd.stone,blockd.stone,150723,2,3,,7c6037,,,,,,,2,15,15,,1,,,,,,,,,,3,,0,0,1,,1,26,,
150724,铁制变速器,,,,,,derailleur,,5,,,,,1,1,1,0,0,2,,,,,10,7,1,0,0,0,,150724,10000,0,0,150724,10000,,,,2,1,0,,1,mach_derailleur_ir,mach_derailleur_ir,,blocks.stone,blockd.stone,blockd.stone,150724,2,2,,7c6037,,,,,,,2,15,15,,1,,,,,,,,,,3,,0,0,1,,1,26,,
150725,钛制变速器,,,,,,derailleur,,5,,,,,1,1,1,0,0,2,,,,,20,9,1,0,0,0,,150725,10000,0,0,150725,10000,,,,2,1,0,,1,mach_derailleur_ti,mach_derailleur_ti,,blocks.stone,blockd.stone,blockd.stone,150725,2,3,,7c6037,,,,,,,2,15,15,,1,,,,,,,,,,3,,0,0,1,,1,26,,
150726,铁制换向器,,,,,,commutator,,5,,,,,1,1,1,0,0,2,,,,,10,7,1,0,0,0,,150726,10000,0,0,150726,10000,,,,2,1,0,,1,mach_commutator_ir,mach_commutator_ir,,blocks.stone,blockd.stone,blockd.stone,150726,2,2,,7c6037,,,,,,,2,15,15,,1,,,,,,,,,,3,,0,0,1,,1,,,
150727,钛制换向器,,,,,,commutator,,5,,,,,1,1,1,0,0,2,,,,,20,9,1,0,0,0,,150727,10000,0,0,150727,10000,,,,2,1,0,,1,mach_commutator_ti,mach_commutator_ti,,blocks.stone,blockd.stone,blockd.stone,150727,2,3,,7c6037,,,,,,,2,15,15,,1,,,,,,,,,,3,,0,0,1,,1,,,
150728,铁制分动箱,,,,,,transferCase,,5,,,,,1,1,1,0,0,2,,,,,10,7,1,0,0,0,,150728,10000,0,0,150728,10000,,,,2,1,0,,1,mach_transfercase_ir,mach_transfercase,,blocks.stone,blockd.stone,blockd.stone,150728,2,2,,7c6037,,,,,,,2,15,15,,1,,,,,,,,,,3,,0,0,1,,1,26,,
150729,钛制分动箱,,,,,,transferCase,,5,,,,,1,1,1,0,0,2,,,,,20,9,1,0,0,0,,150729,10000,0,0,150729,10000,,,,2,1,0,,1,mach_transfercase_ti,mach_transfercase,,blocks.stone,blockd.stone,blockd.stone,150729,2,3,,7c6037,,,,,,,2,15,15,,1,,,,,,,,,,3,,0,0,1,,1,26,,
150730,手轮阀门,,,,,,power_handwheel,,5,,,,,1,1,1,0,0,2,,,,,1,5,1,0,0,0,,150730,10000,0,0,150730,10000,,,,2,1,0,,1,mach_handwheel,mach_handwheel,,blocks.stone,blockd.stone,blockd.stone,150730,0,1,,7c6037,,,,,,,2,15,15,,1,,,,,,,,,,0,,0,0,1,,1,,,
150731,强化手轮阀门,,,,,,power_handwheel,,,,,,,1,1,1,0,0,2,,,,,5,6,1,0,0,0,,150731,10000,0,0,150731,10000,,,,2,1,0,,1,mach_handwheel_S,mach_handwheel,,blocks.stone,blockd.stone,blockd.stone,150731,2,2,,7c6037,,,,,,,2,15,15,,1,,,,,,,,,,0,,0,0,1,,1,,,
150732,简易动物轮,,,,,,power_livingwheel,,5,,,,,1,1,1,2,0,2,,,,,5,7,1,0,0,0,,150732,10000,0,0,150732,10000,,,,2,1,0,,1,mach_livinglwheel,mach_livinglwheel,,blocks.stone,blockd.stone,blockd.stone,150732,2,1,,7c6037,,,,,,,2,15,15,,1,,1,,,,,,,,0,,0,0,1,,1,,,
150733,动物轮,,,,,,power_livingwheel,,5,,,,,1,1,1,2,0,2,,,,,10,8,1,0,0,0,,150733,10000,0,0,150733,10000,,,,2,1,0,,1,mach_livinglwheel_S,mach_livinglwheel_S,,blocks.stone,blockd.stone,blockd.stone,150733,2,1,,7c6037,,,,,,,2,15,15,,1,,1,,,,,,,,0,,0,0,1,,1,26,,
150734,小风车,,,,,,power_windmill,,5,,,,,1,1,1,2,0,2,,,,,10,9,1,0,0,0,,150734,10000,0,0,150734,10000,,,,2,1,0,,1,mach_windmill_S,mach_windmill_S,,blocks.stone,blockd.stone,blockd.stone,150734,2,2,,7c6037,,,,,,,2,15,15,,1,,1,,,,,,,,0,,0,0,1,,1,26,,
150735,大风车,,,,,,power_windmill,,5,,,,,1,1,1,2,0,2,,,,,15,10,1,0,0,0,,150735,10000,0,0,150735,10000,,,,2,1,0,,1,mach_windmill_L,mach_windmill_L,,blocks.stone,blockd.stone,blockd.stone,150735,2,3,,7c6037,,,,,,,2,15,15,,1,,1,,,,,,,,0,,0,0,1,,1,26,,
150736,破损小风车,,,,,,power_windmill,,5,,,,,1,1,1,2,0,2,,,,,15,11,1,0,0,0,,150736,10000,0,0,150736,10000,,,,2,1,0,,1,mach_windmill_S1,mach_windmill_S,,blocks.stone,blockd.stone,blockd.stone,150736,2,1,,7c6037,,,,,,,2,15,15,,1,,1,,,,,,,,0,,0,0,1,,1,26,,
150737,破损大风车,,,,,,power_windmill,,5,,,,,1,1,1,2,0,2,,,,,20,12,1,0,0,0,,150737,10000,0,0,150737,10000,,,,2,1,0,,1,mach_windmill_L1,mach_windmill_L,,blocks.stone,blockd.stone,blockd.stone,150737,2,1,,7c6037,,,,,,,2,15,15,,1,,1,,,,,,,,0,,0,0,1,,1,26,,
150738,蒸汽引擎,,,,,,mach_steamengine,,5,,,,,1,1,1,2,0,2,,,,,30,13,1,0,0,0,,150738,10000,0,0,150738,10000,,,,2,1,0,,1,mach_steamengine,mach_steamengine,,blocks.stone,blockd.stone,blockd.stone,150738,2,2,,7c6037,,,,,,,2,15,15,,1,,1,,,,,,,,0,,0,0,1,,1,26,,2
150739,内燃引擎,,,,,,mach_combustionengine,,5,,,,,1,1,1,2,0,2,,,,,40,14,1,0,0,0,,150739,10000,0,0,150739,10000,,,,2,1,0,,1,mach_combustionengine,mach_combustionengine,,blocks.stone,blockd.stone,blockd.stone,150739,2,3,,7c6037,,,,,,,2,15,15,,1,,1,,,,,,,,0,,0,0,1,,1,26,,2
150740,铝木锯,,,,,,mecha_chainsaw,,5,,,,,1,1,1,0,0,2,,,,,15,6,1,0,0,0,,150740,10000,0,0,150740,10000,,,,2,1,0,,1,aluminium_block,,150740,blocks.stone,blockd.stone,blockd.stone,150740,2,3,,7c6037,,,,,,,2,15,15,,1,,,,,,,,,,2,,0,0,1,,1,26,,
150741,物品分流器,,,,,,mecha_tunnel,,5,,,,,1,1,1,0,0,2,,,,,5,4,1,0,0,0,,150741,10000,0,0,150741,10000,,,,2,1,0,,1,mach_splitter,mach_splitter,,blocks.stone,blockd.stone,blockd.stone,150741,2,1,,7c6037,,,,,,,2,15,15,,1,,,,,,,,,,0,,0,0,1,,1,26,,2
150742,铜存取器,,,,,,mecha_funnel,,5,,,,,1,1,1,0,0,2,,,,,5,4,1,0,0,0,,150742,10000,0,0,150742,10000,,,,2,1,0,,1,mach_accessdevice_co,mach_accessdevice_ir,,blocks.stone,blockd.stone,blockd.stone,150742,2,1,,7c6037,,,,,,,2,15,15,,1,,,,,,,,,,2,,0,0,1,,1,26,,2
150743,铝存取器,,,,,,mecha_funnel,,5,,,,,1,1,1,0,0,2,,,,,10,5,1,0,0,0,,150743,10000,0,0,150743,10000,,,,2,1,0,,1,mach_accessdevice_ir,mach_accessdevice_ir,,blocks.stone,blockd.stone,blockd.stone,150743,2,3,,7c6037,,,,,,,2,15,15,,1,,,,,,,,,,2,,0,0,1,,1,26,,2
150744,钛钻头,,,,,,mecha_drill,,5,,,,,1,1,1,0,0,2,,,,,10,6,1,0,0,0,,150744,10000,0,0,150744,10000,,,,2,1,0,,1,plantash,,150744,blocks.stone,blockd.stone,blockd.stone,150744,2,3,,7c6037,,,,,,,2,15,15,,1,,,,,,,,,,2,,0,0,1,,1,26,,
150745,铝钻头,,,,,,mecha_drill,,5,,,,,1,1,1,0,0,2,,,,,15,7,1,0,0,0,,150745,10000,0,0,150745,10000,,,,2,1,0,,1,cosmiccloud,,150745,blocks.stone,blockd.stone,blockd.stone,150745,2,3,,7c6037,,,,,,,2,15,15,,1,,,,,,,,,,2,,0,0,1,,1,26,,
150746,农用收割机,,,,,,mecha_harvester,,5,,,,,1,1,1,2,0,2,,,,,15,7,1,0,0,0,,150746,10000,0,0,150746,10000,,,,2,1,0,,1,cavegrass,,150746,blocks.stone,blockd.stone,blockd.stone,150746,2,2,,7c6037,,,,,,,2,15,15,,1,,1,,,,,,,,0,,0,0,1,,1,26,,
150747,一体化收割机,,,,,,mecha_harvester,,5,,,,,1,1,1,2,0,2,,,,,15,8,1,0,0,0,,150747,10000,0,0,150747,10000,,,,2,1,0,,1,planks_peachblossom,,150747,blocks.stone,blockd.stone,blockd.stone,150747,2,3,,7c6037,,,,,,,2,15,15,,1,,1,,,,,,,,0,,0,0,1,,1,26,,
150748,机械转轴块,,,,,,mechaPivot,,5,,,,,1,1,1,2,0,2,,,,,15,7,1,0,0,0,,150748,10000,0,0,150748,10000,,,,2,1,0,,1,,,150748,blocks.stone,blockd.stone,blockd.stone,150748,2,2,,7c6037,,,,,,,2,15,15,,1,,,,,,,,,,2,,0,2,1,,1,,,
150749,铁推手,,,RobotArm,,,mechaIronPush,,5,,,,,1,1,1,2,0,2,,,,,100,16,1,0,,0,,150749,10000,0,0,150749,10000,,,,2,1,0,,1,,,150749,blocks.stone,blockd.stone,blockd.stone,150749,2,2,,b99871,,,,,,,1,15,15,,1,,,10,,,,,,,2,,0,2,1,,1,,,
150750,铝推手,,,RobotArm,,,mechaAluminiumPush,,5,,,,,1,1,1,2,0,2,,,,,100,16,1,0,,0,,150750,10000,0,0,150750,10000,,,,2,1,0,,1,cosmiccloud,,150750,blocks.stone,blockd.stone,blockd.stone,150750,2,3,,b99871,,,,,,,1,15,15,,1,,,10,,,,,,,2,,0,2,1,,1,26,,
150751,铁拉手,,,Push-pullArm,,,mechaIronPull,,5,,,,,1,1,1,2,0,2,,,,,100,16,1,0,,0,,150751,10000,0,0,150751,10000,,,,2,1,0,,1,,,150751,blocks.stone,blockd.stone,blockd.stone,150751,2,2,,b99871,,,,,,,1,15,15,,1,,,10,,,,,,,2,,0,2,1,,1,,,
150752,铝拉手,,,Push-pullArm,,,mechaAluminiumPull,,5,,,,,1,1,1,2,0,2,,,,,100,16,1,0,,0,,150752,10000,0,0,150752,10000,,,,2,1,0,,1,cosmiccloud,,150752,blocks.stone,blockd.stone,blockd.stone,150752,2,3,,b99871,,,,,,,1,15,15,,1,,,10,,,,,,,2,,0,2,1,,1,26,,
150753,传动蜗杆台,,,,,,mechaWormTab,,5,,,,,1,1,1,2,0,2,,,,,15,7,1,0,0,0,,150753,10000,0,0,150753,10000,,,,2,1,0,,1,brass_block,,150753,blocks.stone,blockd.stone,blockd.stone,150753,2,2,,7c6037,,,,,,,2,15,15,,1,,,,,,,,,,0,,0,2,1,,1,26,,
150754,置块机,,,,,,mecha_placeblock,,5,,,,,1,1,1,0,0,2,,,,,15,7,1,0,0,0,,150754,10000,0,0,150754,10000,,,,2,1,0,,1,plantash,,150754,blocks.stone,blockd.stone,blockd.stone,150754,2,2,,7c6037,,,,,,,2,15,15,,1,,,,,,,,,,2,,0,0,1,,1,26,,
150755,智能焊接臂,,,,,,,,5,,,,,1,1,1,0,0,2,,,,,15,7,1,0,0,0,,150755,10000,0,0,150755,10000,,,,2,1,0,,1,,,150755,blocks.stone,blockd.stone,blockd.stone,150755,2,2,,7c6037,,,,,,,2,15,15,,1,,,,,,,,,,0,,0,0,1,,1,,,
150756,基础转角齿轮,,,,,,cornergear,,5,,,,,1,1,1,0,0,2,,,,,1,5,1,0,0,0,,150756,10000,0,0,150756,10000,,,,2,1,0,,1,mach_gear_corner_base,gear_Corner,,blocks.stone,blockd.stone,blockd.stone,150756,0,1,,7c6037,,,,,,,2,15,15,,1,,,,,,0,,,,3,,0,0,1,,1,26,,
150757,铜制转角齿轮,,,,,,cornergear,,5,,,,,1,1,1,0,0,2,,,,,5,6,1,0,0,0,,150757,10000,0,0,150757,10000,,,,2,1,0,,1,mach_gear_corner_co,gear_Corner,,blocks.stone,blockd.stone,blockd.stone,150757,2,1,,7c6037,,,,,,,2,15,15,,1,,,,,,,,,,3,,0,0,1,,1,,,
150758,铁制转角齿轮,,,,,,cornergear,,5,,,,,1,1,1,0,0,2,,,,,10,7,1,0,0,0,,150758,10000,0,0,150758,10000,,,,2,1,0,,1,mach_gear_corner_ir,gear_Corner,,blocks.stone,blockd.stone,blockd.stone,150758,2,2,,7c6037,,,,,,,2,15,15,,1,,,,,,,,,,3,,0,0,1,,1,26,,
150759,铝制转角齿轮,,,,,,cornergear,,5,,,,,1,1,1,0,0,2,,,,,15,8,1,0,0,0,,150759,10000,0,0,150759,10000,,,,2,1,0,,1,mach_gear_corner_al,gear_Corner,,blocks.stone,blockd.stone,blockd.stone,150759,2,3,,7c6037,,,,,,,2,15,15,,1,,,,,,,,,,3,,0,0,1,,1,,,
150760,铜制链条,,,,,,chain,,5,,,,,1,1,1,2,0,2,,,,,5,6,1,0,0,0,,150760,10000,0,0,150760,10000,,,,2,1,0,,1,mach_chain_co,mach_chain,,blocks.stone,blockd.stone,blockd.stone,150760,2,1,,7c6037,,,,,,,2,15,15,,1,,,,,,,,,,0,,0,0,1,,1,,,
150761,铁制链条,,,,,,chain,,5,,,,,1,1,1,2,0,2,,,,,10,7,1,0,0,0,,150761,10000,0,0,150761,10000,,,,2,1,0,,1,mach_chain_ir,mach_chain,,blocks.stone,blockd.stone,blockd.stone,150761,2,2,,7c6037,,,,,,,2,15,15,,1,,,,,,,,,,0,,0,0,1,,1,,,
150762,铝制链条,,,,,,chain,,5,,,,,1,1,1,2,0,2,,,,,15,8,1,0,0,0,,150762,10000,0,0,150762,10000,,,,2,1,0,,1,mach_chain_al,mach_chain,,blocks.stone,blockd.stone,blockd.stone,150762,2,3,,7c6037,,,,,,,2,15,15,,1,,,,,,,,,,0,,0,0,1,,1,,,
150763,推拉手臂占位方块,,Push-pullArm,Push-pullArm,,,mechaTorso,,,,,,,1,1,1,2,0,2,,,,,10,-1,1,0,,0,,0,0,0,0,0,0,,,,2,1,0,,1,springholder,,,blocks.stone,blockd.stone,,718,0,0,,b99871,,,,,1,,1,15,15,,1,,,1,,,,,,,0,block_knock_line,0,2,1,,0,,,
150764,推拉手头部占位方块,,,,,,mechaPushHead,,,,,,,1,1,1,2,0,2,,,,,15,-1,1,0,0,0,,0,0,0,0,0,0,,,,2,1,0,,1,springholder,,150749,blocks.stone,blockd.stone,blockd.stone,,0,0,,7c6037,,,,,1,,2,15,15,,1,,,,,,,,,,0,,0,2,1,,0,,,
150765,推拉手头部占位方块2,,,,,,mechaHeadPlaceHolder,,,,,,,1,1,1,2,0,2,,,,,15,-1,1,0,0,0,,0,0,0,0,0,0,,,,2,1,0,,1,springholder,,150749,blocks.stone,blockd.stone,blockd.stone,,0,0,,7c6037,,,,,1,,2,15,15,,1,,,,,,,,,,0,,0,2,1,,0,,,
150766,无限动力箱,,,,,,infinityPower,,5,,,,,1,1,1,0,0,2,,,,,15,8,1,0,0,0,,150766,10000,0,0,150766,10000,,,,2,1,0,,1,mach_InfiniteEnergy,mach_InfiniteEnergy,,blocks.stone,blockd.stone,blockd.stone,150766,0,1,,7c6037,,,,,33,,2,15,15,,1,,,,,,,,,,0,,0,0,1,,1,26,,
150901,传送舱,,,,,,starstationship,,,,,,,1,1,1,2,0,2,,,,,25,25,1,2,20,2,,150901,10000,0,0,150901,10000,,,,2,1,10,,1,starstation_cabin_1,starstation_cabin,,blocks.stone,blockd.stone,,150901,2,1,,c1a661,,,,,33,,1,15,15,,1,,1,15,,,,,,,0,,17,2,0,,0,26,,2
150902,星站,,,,,,starstationship,,,,,,,1,1,1,2,0,2,,,,,25,30,1,2,20,2,,150902,10000,0,0,150902,10000,,,,2,1,10,,1,starstation_cabin_2,starstation_cabin,,blocks.stone,blockd.stone,,150902,2,1,,c1a661,,,,,33,,1,15,15,,1,,1,20,,,,,,,0,,17,2,0,,0,26,,2
150912,铁穹核心枢纽,,,,,,irondomecore,,5,,,,,1,1,1,2,0,2,,,,,100,100,1,0,0,0,,150912,10000,0,0,150912,10000,,,,2,1,0,,1,irondomecore,,150912,blocks.stone,blockd.stone,blockd.stone,150912,2,4,,7c6037,,,,,,,1,15,15,,1,,,,,,,,,,0,,0,2,0,,0,,,
150913,镂空散热铁块,,,,,,basic,,4,4,,,,1,1,1,0,0,0,,,,1,100,10,1,0,0,0,,150913,10000,0,0,150913,10000,,,,1,15,0,,1,hollowout_steelblock,,,blocks.stone,blockd.stone,,150913,2,1,,cccccc,,,,,,,1,15,15,,1,,,15,,,,,,,0,,255,0,1,,2,26,1,
150914,格纳铁块,,,,,,basic,,4,4,,,,1,1,1,0,0,0,,,,1,100,10,1,0,0,0,,150914,10000,0,0,150914,10000,,,,1,15,0,,1,gna_iron_block,,,blocks.stone,blockd.stone,,150914,2,1,,cccccc,,,,,,,1,15,15,,1,,,15,,,,,,,0,,255,0,1,,2,26,1,
150915,警示散热铁块,,,,,,log,,4,4,,,,1,1,1,0,0,2,,,,1,100,10,1,0,0,0,,150915,10000,0,0,150915,10000,,,,1,15,0,,1,warning_radiator_steelblock,,,blocks.stone,blockd.stone,,150915,2,1,,cccccc,,,,,,,1,15,15,,1,,,15,,,,,,,0,,255,0,1,,2,26,1,
150916,无缝铁块,,,,,,basic,,4,4,,,,1,1,1,0,0,0,,,,1,100,10,1,0,0,0,,150916,10000,0,0,150916,10000,,,,1,15,0,,1,seamless_mithsilver_block,,,blocks.stone,blockd.stone,,150916,2,1,,cccccc,,,,,,,1,15,15,,1,,,15,,,,,,,0,,255,0,1,,2,26,1,
150917,警示铁块,,,,,,log,,4,4,,,,1,1,1,0,0,2,,,,1,100,10,1,0,0,0,,150917,10000,0,0,150917,10000,,,,1,15,0,,1,warning_steelblock,,,blocks.stone,blockd.stone,,150917,2,1,,cccccc,,,,,,,1,15,15,,1,,,15,,,,,,,0,,255,0,1,,2,26,1,
150920,底盘框架,,ChassisFrame,ChassisFrame,,,physicsparts,,5,,,,,1,1,1,0,0,2,,,,,25,8,1,0,0,0,,150920,10000,0,0,150920,10000,,,,1,1,0,,1,chassisframe,chassisframe,,blocks.stone,blockd.stone,blockd.stone,150920,2,1,,150e0a,,,,,1,,1,15,15,,1,,,1,,,,,,,0,,17,0,0,,0,,,
150921,转向悬架,,SteeringSuspension,SteeringSuspension,,,steeringsuspension,,5,,,,,1,1,1,0,0,2,,,,,25,8,1,0,0,0,,150921,10000,0,0,150921,10000,,,,1,1,0,,1,steeringsuspension,steeringsuspension,,blocks.stone,blockd.stone,blockd.stone,150921,2,1,,150e0a,,,,,1,,2,15,15,,1,,,1,,,,,,,0,,17,0,0,,0,,,
150922,普通悬架,,ConventionalSuspension,ConventionalSuspension,,,steeringsuspension,,5,,,,,1,1,1,0,0,2,,,,,25,8,1,0,0,0,,150922,10000,0,0,150922,10000,,,,1,1,0,,1,conventionalsuspension,conventionalsuspension,,blocks.stone,blockd.stone,blockd.stone,150922,2,1,,150e0a,,,,,1,,2,15,15,,1,,,1,,,,,,,0,,17,0,0,,0,,,
150923,标准车轮,,NormalWheel,NormalWheel,,,physicsparts,,5,,,,,1,1,1,0,0,2,,,,,25,8,1,0,0,0,,150923,10000,0,0,150923,10000,,,,1,1,0,,1,normalwheel,normalwheel,,blocks.stone,blockd.stone,blockd.stone,150923,2,1,,150e0a,,,,,1,,1,15,15,,1,,,1,,,,,,,0,,17,0,0,,0,,,
150924,大型车轮,,BigWheel,BigWheel,,,physicsparts,,5,,,,,1,1,1,0,0,2,,,,,25,8,1,0,0,0,,150924,10000,0,0,150924,10000,,,,1,1,0,,1,powerwheel,steeringwheel,,blocks.stone,blockd.stone,blockd.stone,150924,2,1,,150e0a,,,,,1,,1,15,15,,1,,,1,,,,,,,0,,17,0,0,,0,,,
150925,驾驶座,,,,,,,,,,,,,,,,,,,,,,,,,,,,,,,,,,,,,,,,,,,,,,,,,,,,,,,,,,,1,,,,,,,,,,,,,,,,,,,,,,0,,,
150926,氮气瓶,,NitrogenCylinder,NitrogenCylinder,,,physicsparts,,5,,,,,1,1,1,0,0,2,,,,,25,8,1,0,0,0,,150926,10000,0,0,150926,10000,,,,1,1,0,,1,nitrogencylinder,nitrogencylinder,,blocks.stone,blockd.stone,blockd.stone,150926,2,1,,150e0a,,,,,1,,1,15,15,,1,,,1,,,,,,,0,,17,0,0,,0,,,
150927,摩托车座,,,,,,,,,,,,,,,,,,,,,,,,,,,,,,,,,,,,,,,,,,,,,,,,,,,,,,,,,,,1,,,,,,,,,,,,,,,,,,,,,,0,,,
150928,独轮转向悬架,,,,,,,,,,,,,,,,,,,,,,,,,,,,,,,,,,,,,,,,,,,,,,,,,,,,,,,,,,,1,,,,,,,,,,,,,,,,,,,,,,0,,,
150929,独轮普通悬架,,,,,,,,,,,,,,,,,,,,,,,,,,,,,,,,,,,,,,,,,,,,,,,,,,,,,,,,,,,1,,,,,,,,,,,,,,,,,,,,,,0,,,
150930,平衡仪,,,,,,,,,,,,,,,,,,,,,,,,,,,,,,,,,,,,,,,,,,,,,,,,,,,,,,,,,,,1,,,,,,,,,,,,,,,,,,,,,,0,,,
150931,仓鼠轮,,HamsterWheel,HamsterWheel,,,hamster_wheel,,5,,,,,1,1,1,0,0,2,,,,,3,3,1,0,0,0,,150931,10000,0,0,150931,10000,,,,0,1,0,,1,hamsterwheel,hamsterwheel,,blocks.stone,blockd.stone,blockd.stone,150931,2,1,,7c6037,,,,,,,2,15,15,,1,,,,,,,,,,0,,0,0,1,,1,,,
150932,牛粪,,CowDung,CowDung,,,cow_dung,,5,,,,,1,1,0,0,0,0,,,,,3,3,1,0,0,0,,150932,10000,0,0,150932,10000,,,,2,1,0,,1,cow_dung,cow_dung,,blocks.stone,blockd.stone,blockd.stone,150932,3,1,,7c6037,,,,,,,0,15,15,,1,,,,,,,,,,0,,0,0,1,,0.2,,1,
150935,宠物小窝,,PetNest,PetNest,,,petnest,,5,,,,,1,1,1,0,0,2,,,,,0,0,1,0,,0,,150935,10000,0,0,150935,10000,,,,1,1,0,,1,petbed,petbed,,blocks.cloth,blockd.cloth,,150935,0,1,,,,,,,,,0,15,15,,1,,,,3,,,,,,0,,17,0,1,,0,,,
150936,宠物小屋,,MultiPetNest,MultiPetNest,,,mpetnest,,5,,,,,1,1,1,2,0,2,,,,,100,10,1,0,,0,,150936,10000,0,0,150936,10000,,,,0,1,0,,1,petcabin,petcabin,,,blockd.wood,,150936,1,1,,daa520,,,,,4,,6,15,15,,1,,1,10,3,,,,,,0,,17,2,1,,0,,,
151004,发光树苗,,CherryWoodSapling,CherryWoodSapling,,,sapling,,,,,,,1,0,0,0,3,0,,1,2|36|36,,1,0,1,5,60,10,,151004,10000,0,0,151004,10000,,,,0,1,0,,1,spling_glowing_tree,,,,blockd.grass,,151004,0,1,,7c6037,,,1,,,,0,15,15,,1,,,,,,,,,,0,,17,0,1,,0.2,,,
151006,金合欢树苗,,CherryWoodSapling,CherryWoodSapling,,,sapling,,1,1,,,,1,0,0,0,3,0,,1,2|36|36,,1,0,1,5,60,10,,151006,10000,0,0,151006,10000,,,,0,1,0,,1,sapling_acacia,,,,blockd.grass,,151006,0,1,,7c6037,,,1,,,,0,15,15,,1,,,,,,,,,,0,,17,0,1,,0.2,,,
151007,猴面包树树苗,,CherryWoodSapling,CherryWoodSapling,,,sapling,,1,1,,,,1,0,0,0,3,0,,1,2|36|36,,1,0,1,5,60,10,,151007,10000,0,0,151007,10000,,,,0,1,0,,1,sapling_breadtree,,,,blockd.grass,,151007,0,1,,7c6037,,,1,,,,0,15,15,,1,,,,,,,,,,0,,17,0,1,,0.2,,,
151008,粗发光树树枝,,CoarseCherryTreeBranch,CoarseCherryTreeBranch,,,branch,1,1,,,,,1,1,1,0,0,0,,,,,35,0.4,1,15,60,15,,11323,3000,0,0,11323,3000,,,,2,1,0,,1,glowing_tree_trunk,branchthick,,blocks.wood,blockd.wood,,151008,1,1,,614b2c,,,,,4,,1,15,15,,1,,,1,,,,,,,0,,17,0,1,,0.2,,,
151009,细发光树树枝,,FineCherryTreeBranch,FineCherryTreeBranch,,,branch,1,1,,,,,1,1,1,0,0,0,,,,,35,0.4,1,15,60,15,,11323,2000,0,0,11323,2000,,,,2,1,0,,1,glowing_tree_trunk,branchthin,,blocks.wood,blockd.wood,,151009,1,1,,614b2c,,,,,4,,1,15,15,,1,,,1,,,,,,,0,,17,0,1,,0.2,,,
151012,粗金合欢树树枝,,CoarseCherryTreeBranch,CoarseCherryTreeBranch,,,branch,1,1,,,,,1,1,1,0,0,0,,,,,35,0.4,1,15,60,15,,11323,3000,0,0,11323,3000,,,,2,1,0,,1,log_acacia_trees,branchthick,,blocks.wood,blockd.wood,,151012,1,1,,614b2c,,,,,4,,1,15,15,,1,,,1,,,,,,,0,,17,0,1,,0.2,,,
151013,细金合欢树树枝,,FineCherryTreeBranch,FineCherryTreeBranch,,,branch,1,1,,,,,1,1,1,0,0,0,,,,,35,0.4,1,15,60,15,,11323,2000,0,0,11323,2000,,,,2,1,0,,1,log_acacia_trees,branchthin,,blocks.wood,blockd.wood,,151013,1,1,,614b2c,,,,,4,,1,15,15,,1,,,1,,,,,,,0,,17,0,1,,0.2,,,
151014,粗猴面包树树枝,,CoarseCherryTreeBranch,CoarseCherryTreeBranch,,,branch,1,1,,,,,1,1,1,0,0,0,,,,,35,0.4,1,15,60,15,,11323,3000,0,0,11323,3000,,,,2,1,0,,1,log_fruittree,branchthick,,blocks.wood,blockd.wood,,151014,1,1,,614b2c,,,,,4,,1,15,15,,1,,,1,,,,,,,0,,17,0,1,,0.2,,,
151015,细猴面包树树枝,,FineCherryTreeBranch,FineCherryTreeBranch,,,branch,,1,,,,,1,1,1,0,0,0,,,,,35,0.4,1,15,60,15,,11323,2000,0,0,11323,2000,,,,2,1,0,,1,log_fruittree,branchthin,,blocks.wood,blockd.wood,,151015,1,1,,614b2c,,,,,4,,1,15,15,,1,,,1,,,,,,,0,,17,0,1,,0.2,,,
151016,金合欢树叶,,CherryWoodLeaves,CherryWoodLeaves,,,grayleaf,1,1,1,,1,,1,1,3,0,0,0,,,,,3,0,1,15,60,10,,11226,1500,151002,1500,11226,1500,,,,0,3,0,1,1,leaves_acacia,,,blocks.grass,blockd.grass,,151016,1,1,FFFFFF|80b36a|b9d07f,558618,0.1,,1,,,,0,15,15,,1,,,1,,,,block_knock_sy_1,block_knock_sy_2,,0,,51,0,1,,0.2,,,
151017,金合欢树干,,CherryWood,CherryWood,,,objtree,1,1,1,,1,,1,1,3,0,0,0,,,,1,25,6,1,2,5,1,,11323,20000,0,0,11323,20000,,,,2,1,0,1,1,log_acacia,tree,,blocks.wood,blockd.wood,,151017,1,1,,7c6037,,,,,4,,1,15,15,,1,,,1,,,,,,,0,,17,0,1,,0.2,,1,
151018,猴面包树叶,,CherryWoodLeaves,CherryWoodLeaves,,,grayleaf,1,1,1,,1,,1,1,3,0,0,0,,,,,3,0,1,15,60,10,,11226,1500,151003,1500,11226,1500,,,,0,3,0,1,1,leaves_breadtree,,,blocks.grass,blockd.grass,,151018,1,1,FFFFFF|ffcdb2|ffef2b,558618,0.1,,1,,,,0,15,15,,1,,,1,,,,block_knock_sy_1,block_knock_sy_2,,0,,51,0,1,,0.2,,,
151019,猴面包树干,,CherryWood,CherryWood,,,objtree,1,1,1,,1,,1,1,3,0,0,0,,,,1,25,6,1,2,5,1,,11323,20000,0,0,11323,20000,,,,2,1,0,1,1,log_breadtree,tree,,blocks.wood,blockd.wood,,151019,1,1,,7c6037,,,,,4,,1,15,15,,1,,,1,,,,,,,0,,17,0,1,,0.2,,1,
151020,银杏叶堆,,FallenLeaves,FallenLeaves,,,leafpile,,1,1,,,,1,0,0,0,3,0,1,,,,4,0,1,20,200,20,,151020,10000,0,0,0,0,,,,2,1,0,,1,withered_yinxing,,,blocks.cloth,blockd.cloth,,151020,3,1,ffffff|ffcf62|ffc374,e99416,,,1,,,,0,15,15,,1,,,,2,,,,,,0,,17,0,0,,0.2,,,
151021,枫叶堆,,FallenLeaves,FallenLeaves,,,leafpile,,1,1,,,,1,0,0,0,3,0,1,,,,4,0,1,20,200,20,,151021,10000,0,0,0,0,,,,2,1,0,,1,withered_fengye,,,blocks.cloth,blockd.cloth,,151021,3,1,ffffff|a7726c|ecdc90,e99416,,,1,,,,0,15,15,,1,,,,2,,,,,,0,,17,0,0,,0.2,,,
151022,蓝花楹叶堆,,FallenLeaves,FallenLeaves,,,leafpile,,1,1,,,,1,0,0,0,3,0,1,,,,4,0,1,20,200,20,,151022,10000,0,0,0,0,,,,2,1,0,,1,withered_lanhuaying,,,blocks.cloth,blockd.cloth,,151022,3,1,ffffff|ffccf8|ffdfff,7759c9,,,1,,,,0,15,15,,1,,,,2,,,,,,0,,17,0,0,,0.2,,,
151023,秋胡杨叶堆,,FallenLeaves,FallenLeaves,,,leafpile,,1,1,,,,1,0,0,0,3,0,1,,,,4,0,1,20,200,20,,151023,10000,0,0,0,0,,,,2,1,0,,1,withered_huyang,,,blocks.cloth,blockd.cloth,,151023,3,1,ffffff|be9376|c4af62,e99416,,,1,,,,0,15,15,,1,,,,2,,,,,,0,,17,0,0,,0.2,,,
151024,绿色荆棘,,Thicket,Thicket,,,simpleThicket,,1,1,,,,1,0,0,1,3,0,,,,,1,2,1,15,100,15,,151024,10000,0,0,151024,10000,,,,2,1,0,,1,new_thorn,new_thorn,,,blockd.grass,,151024,1,1,,7c6037,0.12,,1,,,,0,15,15,,1,,,1,3,,,,,,0,,17,1,1,,0.2,,,
151025,枯萎荆棘,,Thicket,Thicket,,,simpleThicket,,1,1,,,,1,0,0,1,3,0,,,,,1,2,1,15,100,15,,151025,10000,0,0,151025,10000,,,,2,1,0,,1,withered_thorn,withered_thorn,,,blockd.grass,,151025,1,1,,7c6037,0.12,,1,,,,0,15,15,,1,,,1,3,,,,,,0,,17,1,1,,0.2,,,
151026,红色卫矛,,Thicket,Thicket,,,colorflower,,1,1,,,,1,0,0,1,3,0,,,,,1,6,1,15,100,15,,151026,10000,0,0,151026,10000,,,,2,1,0,,1,red_arboret,red_arboret,,,blockd.grass,,151026,1,1,,7c6037,0.12,,1,,,,0,15,15,,1,,,1,3,,,,,,0,,17,1,1,,0.2,,,
151027,爬山虎,,,,,,vine,,1,1,,,,1,0,0,1,3,0,,,,,1,0,1,1,100,15,,151027,10000,0,0,151027,10000,,,,0,1,0,,,Bostonivy,Bostonivy,,,,,151027,0,1,,D695F8,,,1,,,,0,15,15,,1,,,,,,,,,,0,,17,1,0,,0.2,,,
151028,大刍草,,,,,,grayherbs,1,1,1,,,,1,0,0,1,3,0,1,,,,1,0,1,15,100,15,,11689,10000,0,0,11689,10000,,,,2,1,0,,1,wildcorn_base,,,,blockd.grass,,151028,0,1,,418129,,,1,,2,,0,15,15,,1,,,,1,0,,,,,0,,0,1,0,,0.2,23,,
151029,星辉落叶堆,,FallenLeaves,startree_fallen_leaves,,,leafpile,,1,1,,,,1,0,0,0,3,0,1,,,1,4,0,1,20,200,20,,151029,10000,0,0,151029,10000,,,,2,1,0,,1,startree_fallen_leaves,,,blocks.cloth,blockd.cloth,,151029,0,1,ffffff|a6c8ff|7aa3ff,,,,1,,,,0,15,15,,1,,,1,,0,,,,,0,,17,0,0,,0.2,,,
151030,星影落叶堆,,StarShadeFallenLeaves,StarShadeFallenLeaves,,,leafpile,,1,1,,,,1,0,0,0,3,0,1,,,,4,0,1,20,200,20,,151030,10000,0,0,151030,10000,,,,2,1,0,,1,starshadetree_fallen_leaves,,,blocks.cloth,blockd.cloth,,151030,0,1,ffffff|a6c8ff|7aa3ff,,,,1,,,,0,15,15,,1,,,1,,0,,,,,0,,17,0,0,,0.2,,,
151031,恶棘藤,,EvilThornVine,EvilThornVine,,,simpleThicket,,1,1,,,,1,1,0,1,3,0,,,,,1,1,1,15,100,15,,151031,10000,0,0,151031,10000,,,,2,1,0,,1,evilthornvine,withered_thorn,,,blockd.grass,,151031,1,1,,,0.12,,1,,,,0,15,15,,1,,,1,3,,,,,,0,,17,1,1,,0.2,,,
151032,败草丛,,FadedGrasses,FadedGrasses,,,colorflower,,1,1,,,,1,0,0,1,3,1,,1,,,2,3,1,20,100,15,,151032,10000,0,0,151032,10000,,,,2,1,5,,1,fadedgrasses,fadedgrasses,,blockd.grass,blockd.grass,blockd.grass,151032,1,1,,,,,1,,,,0,15,15,,1,,,1,2,,,,,,0,d8bafa,17,1,1,,0.2,,,
151100,151100-151199后续新增植物种子,,,,,,,,,,,,,,,,,,,,,,,,,,,,,,,,,,,,,,,,,,,,,,,,,,,,,,,,,,,,,,,,,,,,,,,,,,,0,,0,,0,,0,,,
151200,151200-151299树苗,,,,,,,,,,,,,,,,,,,,,,,,,,,,,,,,,,,,,,,,,,,,,,,,,,,,,,,,,,,,,,,,,,,,,,,,,,,0,,0,,0,,0,,,
151201,银杏树树苗,,CherryWoodSapling,CherryWoodSapling,,,sapling,,1,1,,,,1,0,0,0,3,0,,1,2|36|36,,1,0,1,5,60,10,,151201,10000,0,0,151201,10000,,,,0,1,0,,1,sapling_yinxing,,,,blockd.grass,,151201,0,1,,7c6037,,,1,,,,0,15,15,,1,,,,,,,,,,0,,17,0,1,,0.2,,,
151202,枫香树树苗,,CherryWoodSapling,CherryWoodSapling,,,sapling,,1,1,,,,1,0,0,0,3,0,,1,2|36|36,,1,0,1,5,60,10,,151202,10000,0,0,151202,10000,,,,0,1,0,,1,sapling_fengxiang,,,,blockd.grass,,151202,0,1,,7c6037,,,1,,,,0,15,15,,1,,,,,,,,,,0,,17,0,1,,0.2,,,
151203,蓝花楹树苗,,CherryWoodSapling,CherryWoodSapling,,,sapling,,1,1,,,,1,0,0,0,3,0,,1,2|36|36,,1,0,1,5,60,10,,151203,10000,0,0,151203,10000,,,,0,1,0,,1,sapling_lanhuaying,,,,blockd.grass,,151203,0,1,,7759c9,,,1,,,,0,15,15,,1,,,,,,,,,,0,,17,0,1,,0.2,,,
151204,秋胡杨树苗,,CherryWoodSapling,CherryWoodSapling,,,sapling,,1,1,,,,1,0,0,0,3,0,,1,2|36|36,,1,0,1,5,60,10,,151204,10000,0,0,151204,10000,,,,0,1,0,,1,sapling_qiuhuyang,,,,blockd.grass,,151204,0,1,,7c6037,,,1,,,,0,15,15,,1,,,,,,,,,,0,,17,0,1,,0.2,,,
151205,小星影树苗,,smallstarshadowsapling,smallstarshadowsapling,,,sapling,,1,1,,,,1,0,0,0,3,0,,1,2|36|36,,1,0,1,5,60,10,,11705,10000,0,0,11705,10000,,,,0,1,0,,1,sapling_smallstarshadow,,,,blockd.grass,,151205,0,1,,f4efe1,,,1,,,,0,15,15,,1,,,,,,,,,,0,,17,0,1,,0.2,,,
151206,星影树苗,,starshadowsapling,starshadowsapling,,,sapling,,1,1,,,,1,0,0,0,3,0,,1,2|36|36,,1,0,1,5,60,10,,11706,10000,0,0,11706,10000,,,,0,1,0,,1,sapling_starshadow,,,,blockd.grass,,151206,0,1,,f4efe1,,,1,,,,0,15,15,,1,,,,,,,,,,0,,17,0,1,,0.2,,,
151207,巨大荧菇苗,,GiantGlowMushroomSeedling,GiantGlowMushroomSeedling,,,sapling,,1,1,,,,1,0,0,0,3,0,,1,2|36|36,,1,0,1,5,60,10,,11704,10000,0,0,11704,10000,,,,0,1,0,,1,sapling_giantglowmushroom,,,,blockd.grass,,151207,0,1,,,,,1,,,,0,15,15,,1,,,,,,,,,,0,,17,0,1,,0.2,,,
151300,151300-151399树叶,,,,,,,,,,,,,,,,,,,,,,,,,,,,,,,,,,,,,,,,,,,,,,,,,,,,,,,,,,,,,,,,,,,,,,,,,,,0,,0,,0,,0,,,
151301,银杏树叶,,CherryWoodLeaves,CherryWoodLeaves,,,grayleaf,1,1,1,,1,,1,1,3,0,0,0,,,,,3,0,1,15,60,10,,11226,1500,151101,1500,11226,1500,,,,0,3,0,1,1,leaves_yinxing,,,blocks.grass,blockd.grass,,151301,1,1,FFFFFF|ffbc7e|ffcf62,80A809,0.1,,1,,,,0,15,15,,1,,,1,4,,,block_knock_sy_1,block_knock_sy_2,,0,,51,0,1,,0.2,,,
151302,枫香树叶,,CherryWoodLeaves,CherryWoodLeaves,,,grayleaf,1,1,1,,1,,1,1,3,0,0,0,,,,,3,0,1,15,60,10,,11226,1500,151102,1500,11226,1500,,,,0,3,0,1,1,leaves_fengxiang,,,blocks.grass,blockd.grass,,151302,1,1,FFFFFF|eda3a1|be5349,E99B13,0.1,,1,,,,0,15,15,,1,,,1,4,,,block_knock_sy_1,block_knock_sy_2,,0,,51,0,1,,0.2,,,
151303,蓝花楹树叶,,CherryWoodLeaves,CherryWoodLeaves,,,grayleaf,1,1,1,,1,,1,1,3,0,0,0,,,,,3,0,1,15,60,10,,11226,1500,151103,1500,11226,1500,,,,0,3,0,1,1,leaves_lanhuaying,,,blocks.grass,blockd.grass,,151303,1,1,FFFFFF|ffccf8|ffe7ff,7759c9,0.1,,1,,,,0,15,15,,1,,,1,4,,,block_knock_sy_1,block_knock_sy_2,,0,,51,0,1,,0.2,,,
151304,秋胡杨树叶,,CherryWoodLeaves,CherryWoodLeaves,,,grayleaf,1,1,1,,1,,1,1,3,0,0,0,,,,,3,0,1,15,60,10,,11226,1500,151104,1500,11226,1500,,,,0,3,0,1,1,leaves_qiuhuyang,,,blocks.grass,blockd.grass,,151304,1,1,FFFFFF|f5e18c|bd9e8a,E99B13,0.1,,1,,,,0,15,15,,1,,,1,4,,,block_knock_sy_1,block_knock_sy_2,,0,,51,0,1,,0.2,,,
151305,星影树叶,,StarShadeLeaves,StarShadeLeaves,,,grayleaf,1,1,1,,,,1,1,3,0,0,0,,,,,3,0,1,15,60,10,,11226,1500,0,0,11226,1500,,,,0,3,0,1,1,leaves_starshadetree,,,blocks.grass,blockd.grass,,151305,1,1,FFFFFF|a6c8ff|7aa3ff,2E4A6B,0.1,,1,,,,0,15,15,,1,,,1,4,,,block_knock_sy_1,block_knock_sy_2,,0,,51,0,1,,0.2,,,
151400,151400-151499树干,,,,,,,,,,,,,,,,,,,,,,,,,,,,,,,,,,,,,,,,,,,,,,,,,,,,,,,,,,,,,,,,,,,,,,,,,,,0,,0,,0,,0,,,
151401,银杏树干,,CherryWood,CherryWood,,,objtree,1,1,1,,1,,1,1,3,0,0,0,,,,1,25,6,1,2,5,1,,11323,20000,0,0,11323,20000,,,,2,1,0,1,1,log_yinxing,tree,,blocks.wood,blockd.wood,,151401,1,1,,80A809,,,,,4,,1,15,15,,1,,,1,,,,,,,0,,17,0,1,,0.2,,1,
151402,枫香树干,,CherryWood,CherryWood,,,objtree,1,1,1,,1,,1,1,3,0,0,0,,,,1,25,6,1,2,5,1,,11323,20000,0,0,11323,20000,,,,2,1,0,1,1,log_fengxiangshu,tree,,blocks.wood,blockd.wood,,151402,1,1,,E99B13,,,,,4,,1,15,15,,1,,,1,,,,,,,0,,17,0,1,,0.2,,1,
151403,蓝花楹树干,,CherryWood,CherryWood,,,objtree,1,1,1,,1,,1,1,3,0,0,0,,,,1,25,6,1,2,5,1,,11323,20000,0,0,11323,20000,,,,2,1,0,1,1,log_lanhuaying,tree,,blocks.wood,blockd.wood,,151403,1,1,,7759c9,,,,,4,,1,15,15,,1,,,1,,,,,,,0,,17,0,1,,0.2,,1,
151404,秋胡杨树干,,CherryWood,CherryWood,,,objtree,1,1,1,,1,,1,1,3,0,0,0,,,,1,25,6,1,2,5,1,,11323,20000,0,0,11323,20000,,,,2,1,0,1,1,log_qiuhuyang,tree,,blocks.wood,blockd.wood,,151404,1,1,,E99B13,,,,,4,,1,15,15,,1,,,1,,,,,,,0,,17,0,1,,0.2,,1,
151405,昏暗星影树干,,EvilStarShadeWood,EvilStarShadeWood,,,log,1,1,1,,,,1,1,3,0,0,0,,,,1,25,6,1,2,5,1,,11323,20000,0,0,11323,20000,,,,2,1,0,1,1,log_evilstarshadetree,,,blocks.wood,blockd.wood,,151405,1,1,,2E4057,,,,,4,,1,15,15,,1,,,1,,,,,,,0,,17,0,1,,0.2,,1,
151406,白化星影树干,,AlbinoStarShadeWood,AlbinoStarShadeWood,,,log,1,1,1,,,,1,1,3,0,0,0,,,,1,25,6,1,2,5,1,,11323,20000,0,0,11323,20000,,,,2,1,0,1,1,log_deadstarshadetree,,,blocks.wood,blockd.wood,,151406,1,1,,1A1A2E,,,,,4,,1,15,15,,1,,,1,,,,,,,0,,17,0,1,,0.2,,1,
151407,星影树干,,StarShadeWood,StarShadeWood,,,log,1,1,1,,,,1,1,3,0,0,0,,,,1,25,6,1,2,5,1,,11323,20000,0,0,11323,20000,,,,2,1,0,1,1,log_starshadetree,,,blocks.wood,blockd.wood,,151407,1,1,,2E4A6B,,,,,4,,1,15,15,,1,,,1,,,,,,,0,,17,0,1,,0.2,,1,
151500,151500-151599粗树枝,,,,,,,,,,,,,,,,,,,,,,,,,,,,,,,,,,,,,,,,,,,,,,,,,,,,,,,,,,,,,,,,,,,,,,,,,,,0,,0,,0,,0,,,
151501,粗银杏树树枝,,CoarseCherryTreeBranch,CoarseCherryTreeBranch,,,branch,1,1,,,,,1,1,1,0,0,0,,,,,35,0.4,1,15,60,15,,11323,3000,0,0,11323,3000,,,,2,1,0,,1,log_yinxing,branchthick,,blocks.wood,blockd.wood,,151501,1,1,,80A809,,,,,4,,1,15,15,,1,,,1,,,,,,,0,,17,0,1,,0.2,,,
151502,粗枫香树树枝,,CoarseCherryTreeBranch,CoarseCherryTreeBranch,,,branch,1,1,,,,,1,1,1,0,0,0,,,,,35,0.4,1,15,60,15,,11323,3000,0,0,11323,3000,,,,2,1,0,,1,log_fengxiangshu,branchthick,,blocks.wood,blockd.wood,,151502,1,1,,E99B13,,,,,4,,1,15,15,,1,,,1,,,,,,,0,,17,0,1,,0.2,,,
151503,粗蓝花楹树枝,,CoarseCherryTreeBranch,CoarseCherryTreeBranch,,,branch,1,1,,,,,1,1,1,0,0,0,,,,,35,0.4,1,15,60,15,,11323,3000,0,0,11323,3000,,,,2,1,0,,1,log_lanhuaying,branchthick,,blocks.wood,blockd.wood,,151503,1,1,,7759c9,,,,,4,,1,15,15,,1,,,1,,,,,,,0,,17,0,1,,0.2,,,
151504,粗秋胡杨树枝,,CoarseCherryTreeBranch,CoarseCherryTreeBranch,,,branch,1,1,,,,,1,1,1,0,0,0,,,,,35,0.4,1,15,60,15,,11323,3000,0,0,11323,3000,,,,2,1,0,,1,log_qiuhuyang,branchthick,,blocks.wood,blockd.wood,,151504,1,1,,E99B13,,,,,4,,1,15,15,,1,,,1,,,,,,,0,,17,0,1,,0.2,,,
151505,昏暗星影粗树枝,,CoarseEvilStarShadeBranch,CoarseEvilStarShadeBranch,,,branch,1,1,,,,,1,1,1,0,0,0,,,,,35,1,1,15,60,15,,11323,3000,0,0,11323,3000,,,,2,1,0,,1,log_evilstarshadetree,branchthick,,blocks.wood,blockd.wood,,151505,1,1,,2E4057,,,,,4,,1,15,15,,1,,,1,,,,,,,0,,17,0,1,,0.2,,,
151506,巨大荧菇柄粗枝,,GiantGlowMushroomBranch,GiantGlowMushroomBranch,,,branch,1,1,,,,,1,1,1,0,0,0,,,,,35,4,1,15,60,15,,151506,3000,0,0,151506,3000,,,,2,1,0,,1,giantmushroom_stalks1,branchthick,,blocks.wood,blockd.wood,,151506,1,1,,,,,,,4,,1,15,15,,1,,,1,,,,,,,0,,17,0,1,,0.2,,,
151600,151600-151699细树枝,,,,,,,,,,,,,,,,,,,,,,,,,,,,,,,,,,,,,,,,,,,,,,,,,,,,,,,,,,,,,,,,,,,,,,,,,,,0,,0,,0,,0,,,
151601,细银杏树树枝,,FineCherryTreeBranch,FineCherryTreeBranch,,,branch,1,1,,,,,1,1,1,0,0,0,,,,,35,0.4,1,15,60,15,,11323,2000,0,0,11323,2000,,,,2,1,0,,1,log_yinxing,branchthin,,blocks.wood,blockd.wood,,151601,1,1,,80A809,,,,,4,,1,15,15,,1,,,1,,,,,,,0,,17,0,1,,0.2,,,
151602,细枫香树树枝,,FineCherryTreeBranch,FineCherryTreeBranch,,,branch,1,1,,,,,1,1,1,0,0,0,,,,,35,0.4,1,15,60,15,,11323,2000,0,0,11323,2000,,,,2,1,0,,1,log_fengxiangshu,branchthin,,blocks.wood,blockd.wood,,151602,1,1,,E99B13,,,,,4,,1,15,15,,1,,,1,,,,,,,0,,17,0,1,,0.2,,,
151603,细蓝花楹树枝,,FineCherryTreeBranch,FineCherryTreeBranch,,,branch,1,1,,,,,1,1,1,0,0,0,,,,,35,0.4,1,15,60,15,,11323,2000,0,0,11323,2000,,,,2,1,0,,1,log_lanhuaying,branchthin,,blocks.wood,blockd.wood,,151603,1,1,,7759c9,,,,,4,,1,15,15,,1,,,1,,,,,,,0,,17,0,1,,0.2,,,
151604,细秋胡杨树枝,,FineCherryTreeBranch,FineCherryTreeBranch,,,branch,1,1,,,,,1,1,1,0,0,0,,,,,35,0.4,1,15,60,15,,11323,2000,0,0,11323,2000,,,,2,1,0,,1,log_qiuhuyang,branchthin,,blocks.wood,blockd.wood,,151604,1,1,,E99B13,,,,,4,,1,15,15,,1,,,1,,,,,,,0,,17,0,1,,0.2,,,
151605,昏暗星影细树枝,,FineEvilStarShadeBranch,FineEvilStarShadeBranch,,,branch,1,1,,,,,1,1,1,0,0,0,,,,,35,1,1,15,60,15,,11323,2000,0,0,11323,2000,,,,2,1,0,,1,log_evilstarshadetree,branchthin,,blocks.wood,blockd.wood,,151605,1,1,,2E4057,,,,,4,,1,15,15,,1,,,1,,,,,,,0,,17,0,1,,0.2,,,
153000,攀藤架,153000,,,,,modbase,,,4,,,,1,1,3,0,0,0,,,,,25,6,1,0,,0,,153000,10000,0,0,153000,10000,,,,0,1,0,,1,climbingframe,climbingframe,,blocks.wood,blockd.wood,,153000,1,1,,c1a661,,,,,,,6,15,15,,1,,,1,,,,,,,0,,17,0,1,,0.2,,,
160000,160000-160999为多边形整砖方块,,,,,,,,,,,,,,,,,,,,,,,,,,,,,,,,,,,,,,,,,,,,,,,,,,,0,1,,,,,,,,,0,15,15,,1,,,,,,,,,,0,,0,,0,,0,,,
160001,软雪块,,,,,,basic,1,4,4,,,,1,0,1,0,0,2,,,,1,3,1.5,1,0,,0,,160001,10000,0,0,160001,10000,,,,1,15,0,,1,snow,,,blocks.snow,blockd.snow,,160001,3,1,,d4f4f5,,,,,,,0,15,15,,6,,,,,,,,,,0,,255,0,1,,0.2,,1,
160002,永冻冰块,,,,,,basic,1,4,4,,,,1,1,1,0,0,2,,,,1,40,5,1.6,0,,0,,160002,10000,0,0,160002,10000,,,,2,15,4,,1,eternal_ice,,,blocks.stone,blockd.stone,,160002,2,1,,5bc0ee,,,,,,,1,15,15,-3,1,,,1,,,,,,,0,c6d6dc,255,0,1,,0.2,,1,2
160003,[水墨]黑墨块,,,,,,basic,1,4,4,,1,,1,1,1,0,0,0,,,,1,50,8,1,0,,0,,160003,10000,0,0,160003,10000,,,,2,15,0,,1,ink_black,,,blocks.wood,blockd.wood,blockd.wood,160003,2,1,,7c6037,,,,,,,1,15,15,,6,,,,,,,,,,0,,255,0,1,,0.5,,1,
160004,[水墨]灰墨块,,,,,,basic,1,4,4,,1,,1,1,1,0,0,0,,,,1,50,8,1,0,,0,,160004,10000,0,0,160004,10000,,,,2,15,0,,1,ink_grey,,,blocks.wood,blockd.wood,blockd.wood,160004,2,1,,7c6037,,,,,,,1,15,15,,6,,,,,,,,,,0,,255,0,1,,0.5,,1,
160005,[水墨]墨灰砖块,,,,,,basic,1,4,4,,1,,1,1,1,0,0,0,,,,1,50,8,1,0,,0,,160005,10000,0,0,160005,10000,,,,2,15,0,,1,ink_greybrick,,,blocks.wood,blockd.wood,blockd.wood,160005,2,1,,7c6037,,,,,,,1,15,15,,6,,,,,,,,,,0,,255,0,1,,0.5,,1,
160006,[水墨]墨白砖块,,,,,,basic,1,4,4,,1,,1,1,1,0,0,0,,,,1,50,8,1,0,,0,,160006,10000,0,0,160006,10000,,,,2,15,0,,1,ink_whitebrick,,,blocks.wood,blockd.wood,blockd.wood,160006,2,1,,dfdbc2,,,,,,,1,15,15,,6,,,,,,,,,,0,,255,0,1,,0.5,,1,
160007,[水墨]宣纸块,,,,,,basic,1,4,4,,1,,1,1,1,0,0,0,,,,1,50,8,1,0,,0,,160007,10000,0,0,160007,10000,,,,2,15,0,,1,xuanzhi,,,blocks.wood,blockd.wood,blockd.wood,160007,2,1,,dfdbc2,,,,,,,1,15,15,,6,,,,,,,,,,0,,255,0,1,,0.5,,1,
160008,[水墨]瓦片,,,,,,basic,1,4,4,,1,,1,1,1,0,0,0,,,,1,50,8,1,0,,0,,160008,10000,0,0,160008,10000,,,,2,15,0,,1,wapian,,,blocks.wood,blockd.wood,blockd.wood,160008,2,1,,dfdbc2,,,,,,,1,15,15,,6,,,,,,,,,,0,,255,0,1,,0.5,,1,
160009,[水墨]茅草,,,,,,basic,1,4,4,,1,,1,1,1,0,0,0,,,,1,50,8,1,0,,0,,160009,10000,0,0,160009,10000,,,,2,15,0,,1,maocao,,,blocks.wood,blockd.wood,blockd.wood,160009,2,1,,dfdbc2,,,,,,,1,15,15,,6,,,,,,,,,,0,,255,0,1,,0.5,,1,
160010,[水墨]青瓦,,,,,,basic,1,4,4,,1,,1,1,1,0,0,0,,,,1,50,8,1,0,,0,,160010,10000,0,0,160010,10000,,,,2,15,0,,1,qingwa,,,blocks.wood,blockd.wood,blockd.wood,160010,2,1,,dfdbc2,,,,,,,1,15,15,,6,,,,,,,,,,0,,255,0,1,,0.5,,1,
160011,四格土砖,,,,,,basic,1,4,4,,,,1,1,1,0,0,0,,,,,50,12,1,0,,0,,160011,10000,0,0,160011,10000,,,,2,15,0,,1,four_grid_adobe_brick,,,blocks.stone,blockd.stone,blockd.stone,160011,2,1,,84887e,,,,,,,1,15,15,,1,,,10,,,,,,,0,,255,0,1,,0.2,,1,
160012,完整土砖,,,,,,basic,1,4,4,,,,1,1,1,0,0,0,,,,,50,12,1,0,,0,,160012,10000,0,0,160012,10000,,,,2,15,0,,1,complete_adobe_brick,,,blocks.stone,blockd.stone,blockd.stone,160012,2,1,,84887e,,,,,,,1,15,15,,1,,,10,,,,,,,0,,255,0,1,,0.2,,1,
160013,不规则土砖,,,,,,basic,1,4,4,,,,1,1,1,0,0,0,,,,,50,12,1,0,,0,,160013,10000,0,0,160013,10000,,,,2,15,0,,1,irregular_adobe_brick,,,blocks.stone,blockd.stone,blockd.stone,160013,2,1,,84887e,,,,,,,1,15,15,,1,,,10,,,,,,,0,,255,0,1,,0.2,,1,
160014,棱纹土砖,,,,,,basic,1,4,4,,,,1,1,1,0,0,0,,,,,50,12,1,0,,0,,160014,10000,0,0,160014,10000,,,,2,15,0,,1,ribbed_adobe_brick,,,blocks.stone,blockd.stone,blockd.stone,160014,2,1,,84887e,,,,,,,1,15,15,,1,,,10,,,,,,,0,,255,0,1,,0.2,,1,
160015,花横纹土砖,,,,,,basic,1,4,4,,,,1,1,1,0,0,0,,,,,50,12,1,0,,0,,160015,10000,0,0,160015,10000,,,,2,15,0,,1,horizontal_striped_patterned_adobe_brick,,,blocks.stone,blockd.stone,blockd.stone,160015,2,1,,84887e,,,,,,,1,15,15,,1,,,10,,,,,,,0,,255,0,1,,0.2,,1,
160016,竖纹土砖,,,,,,basic,1,4,4,,,,1,1,1,0,0,0,,,,,50,12,1,0,,0,,160016,10000,0,0,160016,10000,,,,2,15,0,,1,vertical_striped_adobe_brick,,,blocks.stone,blockd.stone,blockd.stone,160016,2,1,,84887e,,,,,,,1,15,15,,1,,,10,,,,,,,0,,255,0,1,,0.2,,1,
160017,四格黄砖,,,,,,basic,1,4,4,,,,1,1,1,0,0,0,,,,,50,12,1,0,,0,,160017,10000,0,0,160017,10000,,,,2,15,0,,1,four_grid_sand_brick,,,blocks.stone,blockd.stone,blockd.stone,160017,2,1,,84887e,,,,,,,1,15,15,,1,,,10,,,,,,,0,,255,0,1,,0.2,,1,
160018,完整黄砖,,,,,,basic,1,4,4,,,,1,1,1,0,0,0,,,,,50,12,1,0,,0,,160018,10000,0,0,160018,10000,,,,2,15,0,,1,complete_sand_brick,,,blocks.stone,blockd.stone,blockd.stone,160018,2,1,,84887e,,,,,,,1,15,15,,1,,,10,,,,,,,0,,255,0,1,,0.2,,1,
160019,多格黄砖,,,,,,basic,1,4,4,,,,1,1,1,0,0,0,,,,,50,12,1,0,,0,,160019,10000,0,0,160019,10000,,,,2,15,0,,1,multi_grid_sand_brick,,,blocks.stone,blockd.stone,blockd.stone,160019,2,1,,84887e,,,,,,,1,15,15,,1,,,10,,,,,,,0,,255,0,1,,0.2,,1,
160020,花横纹黄砖,,,,,,basic,1,4,4,,,,1,1,1,0,0,0,,,,,50,12,1,0,,0,,160020,10000,0,0,160020,10000,,,,2,15,0,,1,horizontal_striped_patterned_sand_brick,,,blocks.stone,blockd.stone,blockd.stone,160020,2,1,,84887e,,,,,,,1,15,15,,1,,,10,,,,,,,0,,255,0,1,,0.2,,1,
160021,竖纹黄砖,,,,,,basic,1,4,4,,,,1,1,1,0,0,0,,,,,50,12,1,0,,0,,160021,10000,0,0,160021,10000,,,,2,15,0,,1,vertical_striped_sand_brick,,,blocks.stone,blockd.stone,blockd.stone,160021,2,1,,84887e,,,,,,,1,15,15,,1,,,10,,,,,,,0,,255,0,1,,0.2,,1,
160022,粗制砂土砖,,,,,,basic,1,4,4,,,,1,1,1,0,0,0,,,,,50,12,1,0,,0,,160022,10000,0,0,160022,10000,,,,2,15,0,,1,rough_arenosol_brick,,,blocks.stone,blockd.stone,blockd.stone,160022,2,1,,c79d59,,,,,,,1,15,15,,1,,,10,,,,,,,0,,255,0,1,,0.2,,1,
160023,四格砂土砖,,,,,,basic,1,4,4,,,,1,1,1,0,0,0,,,,,50,12,1,0,,0,,160023,10000,0,0,160023,10000,,,,2,15,0,,1,four_grid_arenosol_brick,,,blocks.stone,blockd.stone,blockd.stone,160023,2,1,,c79d59,,,,,,,1,15,15,,1,,,10,,,,,,,0,,255,0,1,,0.2,,1,
160024,完整砂土砖,,,,,,basic,1,4,4,,,,1,1,1,0,0,0,,,,,50,12,1,0,,0,,160024,10000,0,0,160024,10000,,,,2,15,0,,1,complete_arenosol_brick,,,blocks.stone,blockd.stone,blockd.stone,160024,2,1,,c79d59,,,,,,,1,15,15,,1,,,10,,,,,,,0,,255,0,1,,0.2,,1,
160025,多格砂土砖,,,,,,basic,1,4,4,,,,1,1,1,0,0,0,,,,,50,12,1,0,,0,,160025,10000,0,0,160025,10000,,,,2,15,0,,1,multi_grid_arenosol_brick,,,blocks.stone,blockd.stone,blockd.stone,160025,2,1,,c79d59,,,,,,,1,15,15,,1,,,10,,,,,,,0,,255,0,1,,0.2,,1,
160026,蘑古砖,,,,,,basic,1,4,4,,,,1,1,1,0,0,0,,,,,100,15,1,0,,0,,160026,10000,0,0,160026,10000,,,,2,15,0,,1,blue_rock_brick,,,blocks.stone,blocks.stone,blockd.stone,160026,2,1,,263235,,,,,,,1,15,15,,1,,,10,,,,,,,0,,255,0,1,,0.2,,1,
160027,魔古砖,,,,,,basic,1,4,4,,,,1,1,1,0,0,0,,,,,100,15,1,0,,0,,160027,10000,0,0,160027,10000,,,,2,15,0,,1,mogu_brick,,,blocks.stone,blocks.stone,blockd.stone,160027,2,1,,413250,,,,,,,1,15,15,,1,,,10,,,,,,,0,,255,0,1,,0.2,,1,
160028,完整蘑古砖,,,,,,basic,1,4,4,,,,1,1,1,0,0,0,,,,,100,15,1,0,,0,,160028,10000,0,0,160028,10000,,,,2,15,0,,1,large_blue_rock_brick,,,blocks.stone,blocks.stone,blockd.stone,160028,2,1,,263235,,,,,,,1,15,15,,1,,,10,,,,,,,0,,255,0,1,,0.2,,1,
160029,完整魔古砖,,,,,,basic,1,4,4,,,,1,1,1,0,0,0,,,,,100,15,1,0,,0,,160029,10000,0,0,160029,10000,,,,2,15,10,,1,magic-mithsilver_block,,,blocks.stone,blocks.stone,blockd.stone,160029,2,1,,413250,,,,,,,1,15,15,,1,,,10,,,,,,,0,f6e8ff,255,0,1,,0.2,,1,
160030,宝石蓝木板,,,,,,basic,1,4,4,,,,1,1,1,0,0,0,,,,,100,6,1,0,,0,,160030,10000,0,0,160030,10000,,,,2,15,0,,1,planks_sapphireblue,,,blocks.wood,blocks.wood,blockd.wood,160030,1,1,,3b82f6,,,,,,,1,15,15,,1,,,10,,,,,,,0,,255,0,1,,0.2,,1,
160031,花青紫木板,,,,,,basic,1,4,4,,,,1,1,1,0,0,0,,,,,100,6,1,0,,0,,160031,10000,0,0,160031,10000,,,,2,15,0,,1,planks_anthocyaninpurple,,,blocks.wood,blocks.wood,blockd.wood,160031,1,1,,9b4dca,,,,,,,1,15,15,,1,,,10,,,,,,,0,,255,0,1,,0.2,,1,
160032,浅色水蘑石块,,,,,,basic,1,4,4,,,,1,1,1,0,0,0,,,,,100,10,1,0,,0,,160032,10000,0,0,160032,10000,,,,2,15,0,,1,terrazzo_pale,,,blocks.stone,blocks.stone,blockd.stone,160032,2,1,,f5f5f5,,,,,,,1,15,15,,1,,,10,,,,,,,0,,255,0,1,,0.2,,1,
160033,天青蓝水蘑石块,,,,,,basic,1,4,4,,,,1,1,1,0,0,0,,,,,100,10,1,0,,0,,160033,10000,0,0,160033,10000,,,,2,15,0,,1,terrazzo_skyblue,,,blocks.stone,blocks.stone,blockd.stone,160033,2,1,,87ceeb,,,,,,,1,15,15,,1,,,10,,,,,,,0,,255,0,1,,0.2,,1,
160034,菌菇板,,,,,,basic,1,4,4,,,,1,1,1,0,0,0,,,,,1,5,1,0,,0,,160034,10000,0,0,160034,10000,,,,2,15,0,,1,mushroom_plank,,,blocks.wood,blocks.wood,blockd.wood,160034,1,1,,c67b5b,,,,,,,1,15,15,,1,,,10,,,,,,,0,,255,0,1,,0.2,,1,
160035,精制四格石砖,,,,,,basic,1,4,4,,,,1,1,1,0,0,0,,,,,100,15,1,0,,0,,160035,10000,0,0,160035,10000,,,,2,15,0,,1,refined_four_grid_stone_brick,,,blocks.stone,blocks.stone,blockd.stone,160035,2,1,,84887e,,,,,,,1,15,15,,1,,,10,,,,,,,0,,255,0,1,,0.2,,1,
160036,精制完整石砖,,,,,,basic,1,4,4,,,,1,1,1,0,0,0,,,,,100,15,1,0,,0,,160036,10000,0,0,160036,10000,,,,2,15,0,,1,refined_complete_stone_brick,,,blocks.stone,blocks.stone,blockd.stone,160036,2,1,,84887e,,,,,,,1,15,15,,1,,,10,,,,,,,0,,255,0,1,,0.2,,1,
160037,精制多格石砖,,,,,,basic,1,4,4,,,,1,1,1,0,0,0,,,,,100,15,1,0,,0,,160037,10000,0,0,160037,10000,,,,2,15,0,,1,refined_multi_grid_stone_brick,,,blocks.stone,blocks.stone,blockd.stone,160037,2,1,,84887e,,,,,,,1,15,15,,1,,,10,,,,,,,0,,255,0,1,,0.2,,1,
160038,精制扇纹多格石砖,,,,,,basic,1,4,4,,,,1,1,1,0,0,0,,,,,100,15,1,0,,0,,160038,10000,0,0,160038,10000,,,,2,15,0,,1,refined_fan_patterned_multi_grid_stone_brick,,,blocks.stone,blocks.stone,blockd.stone,160038,2,1,,84887e,,,,,,,1,15,15,,1,,,10,,,,,,,0,,255,0,1,,0.2,,1,
160039,精制完整镶边石砖,,,,,,basic,1,4,4,,,,1,1,1,0,0,0,,,,,100,15,1,0,,0,,160039,10000,0,0,160039,10000,,,,2,15,0,,1,refined_and_complete_edged_stone_brick,,,blocks.stone,blocks.stone,blockd.stone,160039,2,1,,84887e,,,,,,,1,15,15,,1,,,10,,,,,,,0,,255,0,1,,0.2,,1,
160040,精制花横纹石砖,,,,,,basic,1,4,4,,,,1,1,1,0,0,0,,,,,100,15,1,0,,0,,160040,10000,0,0,160040,10000,,,,2,15,0,,1,refined_horizontal_striped_patterned_stone_brick,,,blocks.stone,blocks.stone,blockd.stone,160040,2,1,,84887e,,,,,,,1,15,15,,1,,,10,,,,,,,0,,255,0,1,,0.2,,1,
160041,精制竖纹石砖,,,,,,basic,1,4,4,,,,1,1,1,0,0,0,,,,,100,15,1,0,,0,,160041,10000,0,0,160041,10000,,,,2,15,0,,1,refined_vertical_striped_stone_brick,,,blocks.stone,blocks.stone,blockd.stone,160041,2,1,,84887e,,,,,,,1,15,15,,1,,,10,,,,,,,0,,255,0,1,,0.2,,1,
160042,粗制四格垒石砖,,,,,,basic,1,4,4,,,,1,1,1,0,0,0,,,,,100,15,1,0,,0,,160042,10000,0,0,160042,10000,,,,2,15,0,,1,rough_four_grid_stacked_stone_brick,,,blocks.stone,blocks.stone,blockd.stone,160042,2,1,,84887e,,,,,,,1,15,15,,1,,,10,,,,,,,0,,255,0,1,,0.2,,1,
160043,粗制完整石砖,,,,,,basic,1,4,4,,,,1,1,1,0,0,0,,,,,100,15,1,0,,0,,160043,10000,0,0,160043,10000,,,,2,15,0,,1,rough_complete_stone_brick,,,blocks.stone,blocks.stone,blockd.stone,160043,2,1,,84887e,,,,,,,1,15,15,,1,,,10,,,,,,,0,,255,0,1,,0.2,,1,
160044,粗制多格石砖,,,,,,basic,1,4,4,,,,1,1,1,0,0,0,,,,,100,15,1,0,,0,,160044,10000,0,0,160044,10000,,,,2,15,0,,1,rough_multi_grid_stone_brick,,,blocks.stone,blocks.stone,blockd.stone,160044,2,1,,84887e,,,,,,,1,15,15,,1,,,10,,,,,,,0,,255,0,1,,0.2,,1,
160045,粗制竖纹石砖,,,,,,basic,1,4,4,,,,1,1,1,0,0,0,,,,,100,15,1,0,,0,,160045,10000,0,0,160045,10000,,,,2,15,0,,1,rough_vertical_striped_stone_brick,,,blocks.stone,blocks.stone,blockd.stone,160045,2,1,,84887e,,,,,,,1,15,15,,1,,,10,,,,,,,0,,255,0,1,,0.2,,1,
160046,粗制苔藓石砖,,,,,,basic,1,4,4,,,,1,1,1,0,0,0,,,,,100,15,1,0,,0,,160046,10000,0,0,160046,10000,,,,2,15,0,,1,rough_mossy_stone_brick,,,blocks.stone,blocks.stone,blockd.stone,160046,2,1,,6e7463,,,,,,,1,15,15,,1,,,10,,,,,,,0,,255,0,1,,0.2,,1,
160047,橙色屋顶块,,OrangeRoofBlock,OrangeRoofBlock,,,basic,1,4,4,,,,1,1,1,0,0,0,,,,,100,15,1,0,,0,,160047,10000,0,0,160047,10000,,,,2,15,0,,1,countryroofblock_orange,,,blocks.stone,blocks.stone,blockd.stone,160047,2,1,,C1A661,,,,,,,1,15,15,,1,,,10,,,,,,,0,,255,0,1,,0.2,,1,
160048,紫色屋顶块,,PurpleRoofBlock,PurpleRoofBlock,,,basic,1,4,4,,,,1,1,1,0,0,0,,,,,100,15,1,0,,0,,160048,10000,0,0,160048,10000,,,,2,15,0,,1,countryroofblock_purple,,,blocks.stone,blocks.stone,blockd.stone,160048,2,1,,9370DB,,,,,,,1,15,15,,1,,,10,,,,,,,0,,255,0,1,,0.2,,1,
160049,多竖格釉面砖,,,,,,basic,1,4,4,,,,1,1,1,0,0,0,,,,,100,15,1,0,,0,,160049,10000,0,0,160049,10000,,,,2,15,0,,1,multi_vertical_grid_glazed_block,,,blocks.stone,blocks.stone,blockd.stone,160049,2,1,,84887e,,,,,,,1,15,15,,1,,,10,,,,,,,0,,255,0,1,,0.2,,1,
160050,斜向绿白格釉面砖,,,,,,basic,1,4,4,,,,1,1,1,0,0,0,,,,,100,15,1,0,,0,,160050,10000,0,0,160050,10000,,,,2,15,0,,1,diagonal_green_white_glazed_block,,,blocks.stone,blocks.stone,blockd.stone,160050,2,1,,84887e,,,,,,,1,15,15,,1,,,10,,,,,,,0,,255,0,1,,0.2,,1,
160051,完整釉面砖,,,,,,basic,1,4,4,,,,1,1,1,0,0,0,,,,,100,15,1,0,,0,,160051,10000,0,0,160051,10000,,,,2,15,0,,1,complete_glazed_block,,,blocks.stone,blocks.stone,blockd.stone,160051,2,1,,84887e,,,,,,,1,15,15,,1,,,10,,,,,,,0,,255,0,1,,0.2,,1,
160052,绿白马赛克釉面砖,,,,,,basic,1,4,4,,,,1,1,1,0,0,0,,,,,100,15,1,0,,0,,160052,10000,0,0,160052,10000,,,,2,15,0,,1,green_white_mosaic_glazed_block,,,blocks.stone,blocks.stone,blockd.stone,160052,2,1,,D0C4A8,,,,,,,1,15,15,,1,,,10,,,,,,,0,,255,0,1,,0.2,,1,
160053,灰绿马赛克釉面砖,,,,,,basic,1,4,4,,,,1,1,1,0,0,0,,,,,100,15,1,0,,0,,160053,10000,0,0,160053,10000,,,,2,15,0,,1,gray_green_mosaic_glazed_block,,,blocks.stone,blocks.stone,blockd.stone,160053,2,1,,788D6F,,,,,,,1,15,15,,1,,,10,,,,,,,0,,255,0,1,,0.2,,1,
160054,灰蓝马赛克釉面砖,,,,,,basic,1,4,4,,,,1,1,1,0,0,0,,,,,100,15,1,0,,0,,160054,10000,0,0,160054,10000,,,,2,15,0,,1,gray_blue_mosaic_glazed_block,,,blocks.stone,blocks.stone,blockd.stone,160054,2,1,,B4BDBF,,,,,,,1,15,15,,1,,,10,,,,,,,0,,255,0,1,,0.2,,1,
160055,土黄竖条格釉面砖,,,,,,basic,1,4,4,,,,1,1,1,0,0,0,,,,,100,15,1,0,,0,,160055,10000,0,0,160055,10000,,,,2,15,0,,1,ochre_vertical_grid_glazed_block,,,blocks.stone,blocks.stone,blockd.stone,160055,2,1,,C1A272,,,,,,,1,15,15,,1,,,10,,,,,,,0,,255,0,1,,0.2,,1,
160056,浅蓝多竖格釉面砖,,,,,,basic,1,4,4,,,,1,1,1,0,0,0,,,,,100,15,1,0,,0,,160056,10000,0,0,160056,10000,,,,2,15,0,,1,light_blue_multi_vertical_grid_glazed_block,,,blocks.stone,blocks.stone,blockd.stone,160056,2,1,,2FACCD,,,,,,,1,15,15,,1,,,10,,,,,,,0,,255,0,1,,0.2,,1,
161000,161000-161999为多边形1/4薄砖方块,,,,,,,,,,,,,,,,,,,,,,,,,,,,,,161000,,,,161000,,,,,,,,,,,,,,,,161000,,,,,,,,,,,,,,,1,,,,,,,,,,0,,0,,0,,0,,,
161001,厚雪薄板,,,,,,slab,3,4,4,,,,1,1,3,0,0,2,,,,,3,1.5,1,0,,0,,161001,10000,0,0,161001,10000,,,,2,15,0,,1,snow,,,blocks.snow,blockd.snow,,161001,3,1,,d4f4f5,,,,,,,2,15,15,,1,,,,,,,,,,0,,255,0,1,,0.2,,,
161002,自然冰薄板,,,,,,crackslab,3,4,4,,,,1,1,3,0,0,2,,,,,2,5,1.6,0,,0,,161002,10000,0,0,161002,10000,,,,2,15,0,,1,ice,,,blocks.stone,blockd.stone,,161002,2,1,,5bc0ee,,,,,,,2,15,15,,1,,,1,,,,,,,0,,255,0,0,,0.2,,,
161003,永冻冰薄板,,,,,,slab,3,4,4,,,,1,1,3,0,0,2,,,,,10,5,1.6,0,,0,,161003,10000,0,0,161003,10000,,,,2,15,4,,1,eternal_ice,,,blocks.stone,blockd.stone,,161003,2,1,,5bc0ee,,,,,,,2,15,15,,1,,,1,,,,,,,0,c6d6dc,255,0,1,,0.2,,,2
161004,[水墨]黑墨薄板,,,,,,slab,3,4,4,,,,1,1,3,0,0,2,,,,,10,5,1,0,,0,,161004,10000,0,0,161004,10000,,,,2,15,0,,1,ink_black,,,blocks.stone,blockd.stone,,161004,2,1,,5bc0ee,,,,,,,2,15,15,,1,,,1,,,,,,,0,,255,0,1,,0.5,,,
161005,[水墨]灰墨薄板,,,,,,slab,3,4,4,,,,1,1,3,0,0,2,,,,,10,5,1,0,,0,,161005,10000,0,0,161005,10000,,,,2,15,0,,1,ink_grey,,,blocks.stone,blockd.stone,,161005,2,1,,5bc0ee,,,,,,,2,15,15,,1,,,1,,,,,,,0,,255,0,1,,0.5,,,
161006,[水墨]墨灰砖薄板,,,,,,slab,3,4,4,,,,1,1,3,0,0,2,,,,,10,5,1,0,,0,,161006,10000,0,0,161006,10000,,,,2,15,0,,1,ink_greybrick,,,blocks.stone,blockd.stone,,161006,2,1,,5bc0ee,,,,,,,2,15,15,,1,,,1,,,,,,,0,,255,0,1,,0.5,,,
161007,[水墨]墨白砖薄板,,,,,,slab,3,4,4,,,,1,1,3,0,0,2,,,,,10,5,1,0,,0,,161007,10000,0,0,161007,10000,,,,2,15,0,,1,ink_whitebrick,,,blocks.stone,blockd.stone,,161007,2,1,,5bc0ee,,,,,,,2,15,15,,1,,,1,,,,,,,0,,255,0,1,,0.5,,,
161008,[水墨]宣纸薄板,,,,,,slab,3,4,4,,,,1,1,3,0,0,2,,,,,10,5,1,0,,0,,161008,10000,0,0,161008,10000,,,,2,15,0,,1,xuanzhi,,,blocks.stone,blockd.stone,,161008,2,1,,5bc0ee,,,,,,,2,15,15,,1,,,1,,,,,,,0,,255,0,1,,0.5,,,
161009,[水墨]瓦片薄板,,,,,,slab,3,4,4,,,,1,1,3,0,0,2,,,,,10,5,1,0,,0,,161009,10000,0,0,161009,10000,,,,2,15,0,,1,wapian,,,blocks.stone,blockd.stone,,161009,2,1,,5bc0ee,,,,,,,2,15,15,,1,,,1,,,,,,,0,,255,0,1,,0.5,,,
161010,[水墨]茅草薄板,,,,,,slab,3,4,4,,,,1,1,3,0,0,2,,,,,10,5,1,0,,0,,161010,10000,0,0,161010,10000,,,,2,15,0,,1,maocao,,,blocks.stone,blockd.stone,,161010,2,1,,5bc0ee,,,,,,,2,15,15,,1,,,1,,,,,,,0,,255,0,1,,0.5,,,
161011,[水墨]青瓦薄板,,,,,,slab,3,4,4,,,,1,1,3,0,0,2,,,,,10,5,1,0,,0,,161011,10000,0,0,161011,10000,,,,2,15,0,,1,qingwa,,,blocks.stone,blockd.stone,,161011,2,1,,5bc0ee,,,,,,,2,15,15,,1,,,1,,,,,,,0,,255,0,1,,0.5,,,
161012,花横纹土砖薄板,,,,,,slab,3,4,4,,,,1,1,3,0,0,2,,,,,50,12,1,0,,0,,161012,10000,0,0,161012,10000,,,,2,15,0,,1,horizontal_striped_patterned_adobe_brick,,,blocks.stone,blockd.stone,blockd.stone,161012,2,1,,84887e,,,,,,,2,15,15,,1,,,10,,,,,,,2,,255,0,1,,0.2,,,
161013,花横纹黄砖薄板,,,,,,slab,3,4,4,,,,1,1,3,0,0,2,,,,,50,12,1,0,,0,,161013,10000,0,0,161013,10000,,,,2,15,0,,1,horizontal_striped_patterned_sand_brick,,,blocks.stone,blockd.stone,blockd.stone,161013,2,1,,84887e,,,,,,,2,15,15,,1,,,10,,,,,,,2,,255,0,1,,0.2,,,
161014,多格砂土砖薄板,,,,,,slab,3,4,4,,,,1,1,3,0,0,2,,,,,50,12,1,0,,0,,161014,10000,0,0,161014,10000,,,,2,15,0,,1,multi_grid_arenosol_brick,,,blocks.stone,blockd.stone,blockd.stone,161014,2,1,,c79d59,,,,,,,2,15,15,,1,,,10,,,,,,,2,,255,0,1,,0.2,,,
161015,蘑古砖薄板,,,,,,slab,3,4,4,,,,1,1,3,0,0,2,,,,,100,15,1,0,,0,,161015,10000,0,0,161015,10000,,,,2,15,0,,1,blue_rock_brick,,,blocks.stone,blocks.stone,blockd.stone,161015,2,1,,263235,,,,,,,2,15,15,,1,,,10,,,,,,,2,,255,0,1,,0.2,,,
161016,魔古砖薄板,,,,,,slab,3,4,4,,,,1,1,3,0,0,2,,,,,100,15,1,0,,0,,161016,10000,0,0,161016,10000,,,,2,15,0,,1,mogu_brick,,,blocks.stone,blocks.stone,blockd.stone,161016,2,1,,413250,,,,,,,2,15,15,,1,,,10,,,,,,,2,,255,0,1,,0.2,,,
161017,宝石蓝薄板,,,,,,slab,3,4,4,,,,1,1,3,0,0,2,,,,,100,6,1,0,,0,,161017,10000,0,0,161017,10000,,,,2,15,0,,1,planks_sapphireblue,,,blocks.wood,blocks.wood,blockd.wood,161017,1,1,,3b82f6,,,,,,,2,15,15,,1,,,10,,,,,,,2,,255,0,1,,0.2,,,
161018,花青紫薄板,,,,,,slab,3,4,4,,,,1,1,3,0,0,2,,,,,100,6,1,0,,0,,161018,10000,0,0,161018,10000,,,,2,15,0,,1,planks_anthocyaninpurple,,,blocks.wood,blocks.wood,blockd.wood,161018,1,1,,9b4dca,,,,,,,2,15,15,,1,,,10,,,,,,,2,,255,0,1,,0.2,,,
161019,浅色水蘑石薄板,,,,,,slab,3,4,4,,,,1,1,3,0,0,2,,,,,100,10,1,0,,0,,161019,10000,0,0,161019,10000,,,,2,15,0,,1,terrazzo_pale,,,blocks.stone,blocks.stone,blockd.stone,161019,2,1,,f5f5f5,,,,,,,2,15,15,,1,,,10,,,,,,,2,,255,0,1,,0.2,,,
161020,天青蓝水蘑石薄板,,,,,,slab,3,4,4,,,,1,1,3,0,0,2,,,,,100,10,1,0,,0,,161020,10000,0,0,161020,10000,,,,2,15,0,,1,terrazzo_skyblue,,,blocks.stone,blocks.stone,blockd.stone,161020,2,1,,87ceeb,,,,,,,2,15,15,,1,,,10,,,,,,,2,,255,0,1,,0.2,,,
161021,菌菇板薄板,,,,,,slab,3,4,4,,,,1,1,3,0,0,2,,,,,1,5,1,0,,0,,161021,10000,0,0,161021,10000,,,,2,15,0,,1,mushroom_plank,,,blocks.wood,blocks.wood,blockd.wood,161021,1,1,,c67b5b,,,,,,,2,15,15,,1,,,10,,,,,,,2,,255,0,1,,0.2,,,
161022,精制花横纹石薄板,,,,,,slab,3,4,4,,,,1,1,3,0,0,2,,,,,100,15,1,0,,0,,161022,10000,0,0,161022,10000,,,,2,15,0,,1,refined_horizontal_striped_patterned_stone_brick,,,blocks.stone,blocks.stone,blockd.stone,161022,2,1,,84887e,,,,,,,2,15,15,,1,,,10,,,,,,,2,,255,0,1,,0.2,,,
161023,粗制多格石薄板,,,,,,slab,3,4,4,,,,1,1,3,0,0,2,,,,,100,15,1,0,,0,,161023,10000,0,0,161023,10000,,,,2,15,0,,1,rough_multi_grid_stone_brick,,,blocks.stone,blocks.stone,blockd.stone,161023,2,1,,84887e,,,,,,,2,15,15,,1,,,10,,,,,,,2,,255,0,1,,0.2,,,
161024,横格釉面砖薄板,,,,,,slab,3,4,4,,,,1,1,3,0,0,2,,,,,100,15,1,0,,0,,161024,10000,0,0,161024,10000,,,,2,15,0,,1,glazed_tile_1,,,blocks.stone,blocks.stone,blockd.stone,161024,2,1,,84887e,,,,,,,2,15,15,,1,,,10,,,,,,,2,,255,0,1,,0.2,,,
161025,绿白马赛克釉面砖薄板,,,,,,slab,3,4,4,,,,1,1,3,0,0,2,,,,,100,15,1,0,,0,,161025,10000,0,0,161025,10000,,,,2,15,0,,1,green_white_mosaic_glazed_block,,,blocks.stone,blocks.stone,blockd.stone,161025,2,1,,D0C4A8,,,,,,,2,15,15,,1,,,10,,,,,,,2,,255,0,1,,0.2,,,
161026,灰绿马赛克釉面砖薄板,,,,,,slab,3,4,4,,,,1,1,3,0,0,2,,,,,100,15,1,0,,0,,161026,10000,0,0,161026,10000,,,,2,15,0,,1,gray_green_mosaic_glazed_block,,,blocks.stone,blocks.stone,blockd.stone,161026,2,1,,788D6F,,,,,,,2,15,15,,1,,,10,,,,,,,2,,255,0,1,,0.2,,,
161027,灰蓝马赛克釉面砖薄板,,,,,,slab,3,4,4,,,,1,1,3,0,0,2,,,,,100,15,1,0,,0,,161027,10000,0,0,161027,10000,,,,2,15,0,,1,gray_blue_mosaic_glazed_block,,,blocks.stone,blocks.stone,blockd.stone,161027,2,1,,B4BDBF,,,,,,,2,15,15,,1,,,10,,,,,,,2,,255,0,1,,0.2,,,
162000,162000-162999为多边形1/4竖薄砖方块,,,,,,,,,,,,,,,,,,,,,,,,,,,,,,162000,,,,162000,,,,,,,,,1,,,,,,,162000,,,,,,,,,,,,,,,1,,,,,,,,,,0,,0,,0,,0,,,
162001,软雪竖薄板,,,,,,varyverticalslab,3,4,4,,,,1,0,3,0,0,2,,,,,3,1.5,1,0,,0,,162001,10000,0,0,162001,10000,,,,2,15,0,,1,snow,,,blocks.snow,blockd.snow,,162001,3,1,,d4f4f5,,,,,,,2,15,15,,1,,,,,,,,,,1,,255,0,1,,0.2,,,
162002,厚雪竖薄板,,,,,,varyverticalslab,3,4,4,,,,1,1,3,0,0,2,,,,,3,1.5,1,0,,0,,162002,10000,0,0,162002,10000,,,,2,15,0,,1,snow,,,blocks.snow,blockd.snow,,162002,3,1,,d4f4f5,,,,,,,2,15,15,,1,,,,,,,,,,1,,255,0,1,,0.2,,,
162003,自然冰竖薄板,,,,,,varyverticalslab,3,4,4,,,,1,1,3,0,0,2,,,,,2,5,1.6,0,,0,,162003,10000,0,0,162003,10000,,,,2,15,0,,1,ice,,,blocks.stone,blockd.stone,,162003,2,1,,5bc0ee,,,,,,,2,15,15,,1,,,1,,,,,,,1,,255,0,1,,0.2,,,
162004,永冻冰竖薄板,,,,,,varyverticalslab,3,4,4,,,,1,1,3,0,0,2,,,,,10,5,1.6,0,,0,,162004,10000,0,0,162004,10000,,,,2,15,4,,1,eternal_ice,,,blocks.stone,blockd.stone,,162004,2,1,,5bc0ee,,,,,,,2,15,15,,1,,,1,,,,,,,1,c6d6dc,255,0,1,,0.2,,,2
162005,[水墨]黑墨竖薄板,,,,,,varyverticalslab,3,4,4,,,,1,1,3,0,0,2,,,,,10,5,1,0,,0,,162005,10000,0,0,162005,10000,,,,2,15,0,,1,ink_black,,,blocks.stone,blockd.stone,,162005,2,1,,5bc0ee,,,,,,,2,15,15,,1,,,1,,,,,,,1,,255,0,1,,0.5,,,
162006,[水墨]灰墨竖薄板,,,,,,varyverticalslab,3,4,4,,,,1,1,3,0,0,2,,,,,10,5,1,0,,0,,162006,10000,0,0,162006,10000,,,,2,15,0,,1,ink_grey,,,blocks.stone,blockd.stone,,162006,2,1,,5bc0ee,,,,,,,2,15,15,,1,,,1,,,,,,,1,,255,0,1,,0.5,,,
162007,[水墨]墨灰砖竖薄板,,,,,,varyverticalslab,3,4,4,,,,1,1,3,0,0,2,,,,,10,5,1,0,,0,,162007,10000,0,0,162007,10000,,,,2,15,0,,1,ink_greybrick,,,blocks.stone,blockd.stone,,162007,2,1,,5bc0ee,,,,,,,2,15,15,,1,,,1,,,,,,,1,,255,0,1,,0.5,,,
162008,[水墨]墨白砖竖薄板,,,,,,varyverticalslab,3,4,4,,,,1,1,3,0,0,2,,,,,10,5,1,0,,0,,162008,10000,0,0,162008,10000,,,,2,15,0,,1,ink_whitebrick,,,blocks.stone,blockd.stone,,162008,2,1,,5bc0ee,,,,,,,2,15,15,,1,,,1,,,,,,,1,,255,0,1,,0.5,,,
162009,[水墨]宣纸竖薄板,,,,,,varyverticalslab,3,4,4,,,,1,1,3,0,0,2,,,,,10,5,1,0,,0,,162009,10000,0,0,162009,10000,,,,2,15,0,,1,xuanzhi,,,blocks.stone,blockd.stone,,162009,2,1,,5bc0ee,,,,,,,2,15,15,,1,,,1,,,,,,,1,,255,0,1,,0.5,,,
162010,[水墨]瓦片竖薄板,,,,,,varyverticalslab,3,4,4,,,,1,1,3,0,0,2,,,,,10,5,1,0,,0,,162010,10000,0,0,162010,10000,,,,2,15,0,,1,wapian,,,blocks.stone,blockd.stone,,162010,2,1,,5bc0ee,,,,,,,2,15,15,,1,,,1,,,,,,,1,,255,0,1,,0.5,,,
162011,[水墨]茅草竖薄板,,,,,,varyverticalslab,3,4,4,,,,1,1,3,0,0,2,,,,,10,5,1,0,,0,,162011,10000,0,0,162011,10000,,,,2,15,0,,1,maocao,,,blocks.stone,blockd.stone,,162011,2,1,,5bc0ee,,,,,,,2,15,15,,1,,,1,,,,,,,1,,255,0,1,,0.5,,,
162012,[水墨]青瓦竖薄板,,,,,,varyverticalslab,3,4,4,,,,1,1,3,0,0,2,,,,,10,5,1,0,,0,,162012,10000,0,0,162012,10000,,,,2,15,0,,1,qingwa,,,blocks.stone,blockd.stone,,162012,2,1,,5bc0ee,,,,,,,2,15,15,,1,,,1,,,,,,,1,,255,0,1,,0.5,,,
162013,竖纹土砖竖薄板,,,,,,varyverticalslab,3,4,4,,,,1,1,3,0,0,2,,,,,50,12,1,0,,0,,162013,10000,0,0,162013,10000,,,,2,15,0,,1,vertical_striped_adobe_brick,,,blocks.stone,blockd.stone,blockd.stone,162013,2,1,,84887e,,,,,,,2,15,15,,1,,,10,,,,,,,2,,255,0,1,,0.2,,,
162014,竖纹黄砖竖薄板,,,,,,varyverticalslab,3,4,4,,,,1,1,3,0,0,2,,,,,50,12,1,0,,0,,162014,10000,0,0,162014,10000,,,,2,15,0,,1,vertical_striped_sand_brick,,,blocks.stone,blockd.stone,blockd.stone,162014,2,1,,84887e,,,,,,,2,15,15,,1,,,10,,,,,,,2,,255,0,1,,0.2,,,
162015,多格砂土砖竖薄板,,,,,,varyverticalslab,3,4,4,,,,1,1,3,0,0,2,,,,,50,12,1,0,,0,,162015,10000,0,0,162015,10000,,,,2,15,0,,1,multi_grid_arenosol_brick,,,blocks.stone,blockd.stone,blockd.stone,162015,2,1,,c79d59,,,,,,,2,15,15,,1,,,10,,,,,,,2,,255,0,1,,0.2,,,
162016,蘑古砖竖薄板,,,,,,varyverticalslab,3,4,4,,,,1,1,3,0,0,2,,,,,100,15,1,0,,0,,162016,10000,0,0,162016,10000,,,,2,15,0,,1,blue_rock_brick,,,blocks.stone,blocks.stone,blocks.stone,162016,2,1,,263235,,,,,,,2,15,15,,1,,,10,,,,,,,2,,255,0,1,,0.2,,,
162017,魔古砖竖薄板,,,,,,varyverticalslab,3,4,4,,,,1,1,3,0,0,2,,,,,100,15,1,0,,0,,162017,10000,0,0,162017,10000,,,,2,15,0,,1,mogu_brick,,,blocks.stone,blocks.stone,blocks.stone,162017,2,1,,413250,,,,,,,2,15,15,,1,,,10,,,,,,,2,,255,0,1,,0.2,,,
162018,宝石蓝竖薄板,,,,,,varyverticalslab,3,4,4,,,,1,1,3,0,0,2,,,,,100,6,1,0,,0,,162018,10000,0,0,162018,10000,,,,2,15,0,,1,planks_sapphireblue,,,blocks.wood,blocks.wood,blockd.wood,162018,1,1,,3b82f6,,,,,,,2,15,15,,1,,,10,,,,,,,2,,255,0,1,,0.2,,,
162019,花青紫竖薄板,,,,,,varyverticalslab,3,4,4,,,,1,1,3,0,0,2,,,,,100,6,1,0,,0,,162019,10000,0,0,162019,10000,,,,2,15,0,,1,planks_anthocyaninpurple,,,blocks.wood,blocks.wood,blockd.wood,162019,1,1,,9b4dca,,,,,,,2,15,15,,1,,,10,,,,,,,2,,255,0,1,,0.2,,,
162020,浅色水蘑石竖薄板,,,,,,varyverticalslab,3,4,4,,,,1,1,3,0,0,2,,,,,100,10,1,0,,0,,162020,10000,0,0,162020,10000,,,,2,15,0,,1,terrazzo_pale,,,blocks.stone,blocks.stone,blockd.stone,162020,2,1,,f5f5f5,,,,,,,2,15,15,,1,,,10,,,,,,,2,,255,0,1,,0.2,,,
162021,天青蓝水蘑石竖薄板,,,,,,varyverticalslab,3,4,4,,,,1,1,3,0,0,2,,,,,100,10,1,0,,0,,162021,10000,0,0,162021,10000,,,,2,15,0,,1,terrazzo_skyblue,,,blocks.stone,blocks.stone,blockd.stone,162021,2,1,,87ceeb,,,,,,,2,15,15,,1,,,10,,,,,,,2,,255,0,1,,0.2,,,
162022,菌菇板竖薄板,,,,,,varyverticalslab,3,4,4,,,,1,1,3,0,0,2,,,,,1,5,1,0,,0,,162022,10000,0,0,162022,10000,,,,2,15,0,,1,mushroom_plank,,,blocks.wood,blocks.wood,blocks.wood,162022,1,1,,c67b5b,,,,,,,2,15,15,,1,,,10,,,,,,,2,,255,0,1,,0.2,,,
162023,精制竖纹石竖薄板,,,,,,varyverticalslab,3,4,4,,,,1,1,3,0,0,2,,,,,100,15,1,0,,0,,162023,10000,0,0,162023,10000,,,,2,15,0,,1,refined_vertical_striped_stone_brick,,,blocks.stone,blocks.stone,blocks.stone,162023,2,1,,84887e,,,,,,,2,15,15,,1,,,10,,,,,,,2,,255,0,1,,0.2,,,
162024,粗制竖纹石竖薄板,,,,,,varyverticalslab,3,4,4,,,,1,1,3,0,0,2,,,,,100,15,1,0,,0,,162024,10000,0,0,162024,10000,,,,2,15,0,,1,rough_vertical_striped_stone_brick,,,blocks.stone,blocks.stone,blocks.stone,162024,2,1,,84887e,,,,,,,2,15,15,,1,,,10,,,,,,,2,,255,0,1,,0.2,,,
162025,多竖格釉面砖竖薄板,,,,,,varyverticalslab,3,4,4,,,,1,1,3,0,0,2,,,,,100,15,1,0,,0,,162025,10000,0,0,162025,10000,,,,2,15,0,,1,multi_vertical_grid_glazed_block,,,blocks.stone,blocks.stone,blocks.stone,162025,2,1,,84887e,,,,,,,2,15,15,,1,,,10,,,,,,,2,,255,0,1,,0.2,,,
162026,绿白马赛克釉面砖竖薄板,,,,,,varyverticalslab,3,4,4,,,,1,1,3,0,0,2,,,,,100,15,1,0,,0,,162026,10000,0,0,162026,10000,,,,2,15,0,,1,green_white_mosaic_glazed_block,,,blocks.stone,blocks.stone,blocks.stone,162026,2,1,,D0C4A8,,,,,,,2,15,15,,1,,,10,,,,,,,2,,255,0,1,,0.2,,,
162027,灰绿马赛克釉面砖竖薄板,,,,,,varyverticalslab,3,4,4,,,,1,1,3,0,0,2,,,,,100,15,1,0,,0,,162027,10000,0,0,162027,10000,,,,2,15,0,,1,gray_green_mosaic_glazed_block,,,blocks.stone,blocks.stone,blocks.stone,162027,2,1,,788D6F,,,,,,,2,15,15,,1,,,10,,,,,,,2,,255,0,1,,0.2,,,
162028,灰蓝马赛克釉面砖竖薄板,,,,,,varyverticalslab,3,4,4,,,,1,1,3,0,0,2,,,,,100,15,1,0,,0,,162028,10000,0,0,162028,10000,,,,2,15,0,,1,gray_blue_mosaic_glazed_block,,,blocks.stone,blocks.stone,blocks.stone,162028,2,1,,B4BDBF,,,,,,,2,15,15,,1,,,10,,,,,,,2,,255,0,1,,0.2,,,
163000,163000-163999为多边形1/2斜板方块,,,,,,,,,,,,,,,,,,,,,,,,,,,,,,163000,,,,163000,,,,,,,,,,,,,,,,163000,,,,,,,,,,,,,,,1,,,,,,,,,,0,,0,,0,,0,,,
163001,软雪斜板,,,,,,trianglewholeslab,3,4,4,,,,1,0,3,0,0,2,,,,,3,1.5,1,0,,0,,163001,10000,0,0,163001,10000,,,,2,15,0,,1,snow,,,blocks.snow,blockd.snow,,163001,3,1,,d4f4f5,,,,,,,0,15,15,,1,,,,,,,,,,2,,255,0,1,,0.2,,,
163002,厚雪斜板,,,,,,trianglewholeslab,3,4,4,,,,1,1,3,0,0,2,,,,,3,1.5,1,0,,0,,163002,10000,0,0,163002,10000,,,,2,15,0,,1,snow,,,blocks.snow,blockd.snow,,163002,3,1,,d4f4f5,,,,,,,6,15,15,,1,,,,,,,,,,2,,255,0,1,,0.2,,,
163003,自然冰斜板,,,,,,trianglewholeslab,3,4,4,,,,1,1,3,0,0,2,,,,,5,5,1.6,0,,0,,163003,10000,0,0,163003,10000,,,,2,15,0,,1,ice,,,blocks.stone,blockd.stone,,163003,2,1,,5bc0ee,,,,,,,6,15,15,,1,,,1,,,,,,,2,,255,0,1,,0.2,,,
163004,永冻冰斜板,,,,,,trianglewholeslab,3,4,4,,,,1,1,3,0,0,2,,,,,20,5,1.6,0,,0,,163004,10000,0,0,163004,10000,,,,2,15,4,,1,eternal_ice,,,blocks.stone,blockd.stone,,163004,2,1,,5bc0ee,,,,,,,6,15,15,,1,,,1,,,,,,,2,c6d6dc,255,0,1,,0.2,,,2
163005,[水墨]黑墨斜板,,,,,,trianglewholeslab,3,4,4,,,,1,1,3,0,0,2,,,,,20,5,1,0,,0,,163005,10000,0,0,163005,10000,,,,2,15,0,,1,ink_black,,,blocks.stone,blockd.stone,,163005,2,1,,5bc0ee,,,,,,,6,15,15,,1,,,1,,,,,,,2,,255,0,1,,0.5,,,
163006,[水墨]灰墨斜板,,,,,,trianglewholeslab,3,4,4,,,,1,1,3,0,0,2,,,,,20,5,1,0,,0,,163006,10000,0,0,163006,10000,,,,2,15,0,,1,ink_grey,,,blocks.stone,blockd.stone,,163006,2,1,,5bc0ee,,,,,,,6,15,15,,1,,,1,,,,,,,2,,255,0,1,,0.5,,,
163007,[水墨]墨灰砖斜板,,,,,,trianglewholeslab,3,4,4,,,,1,1,3,0,0,2,,,,,20,5,1,0,,0,,163007,10000,0,0,163007,10000,,,,2,15,0,,1,ink_greybrick,,,blocks.stone,blockd.stone,,163007,2,1,,5bc0ee,,,,,,,6,15,15,,1,,,1,,,,,,,2,,255,0,1,,0.5,,,
163008,[水墨]墨白砖斜板,,,,,,trianglewholeslab,3,4,4,,,,1,1,3,0,0,2,,,,,20,5,1,0,,0,,163008,10000,0,0,163008,10000,,,,2,15,0,,1,ink_whitebrick,,,blocks.stone,blockd.stone,,163008,2,1,,5bc0ee,,,,,,,6,15,15,,1,,,1,,,,,,,2,,255,0,1,,0.5,,,
163009,[水墨]宣纸斜板,,,,,,trianglewholeslab,3,4,4,,,,1,1,3,0,0,2,,,,,20,5,1,0,,0,,163009,10000,0,0,163009,10000,,,,2,15,0,,1,xuanzhi,,,blocks.stone,blockd.stone,,163009,2,1,,5bc0ee,,,,,,,6,15,15,,1,,,1,,,,,,,2,,255,0,1,,0.5,,,
163010,[水墨]瓦片斜板,,,,,,trianglewholeslab,3,4,4,,,,1,1,3,0,0,2,,,,,20,5,1,0,,0,,163010,10000,0,0,163010,10000,,,,2,15,0,,1,wapian,,,blocks.stone,blockd.stone,,163010,2,1,,5bc0ee,,,,,,,6,15,15,,1,,,1,,,,,,,2,,255,0,1,,0.5,,,
163011,[水墨]茅草斜板,,,,,,trianglewholeslab,3,4,4,,,,1,1,3,0,0,2,,,,,20,5,1,0,,0,,163011,10000,0,0,163011,10000,,,,2,15,0,,1,maocao,,,blocks.stone,blockd.stone,,163011,2,1,,5bc0ee,,,,,,,6,15,15,,1,,,1,,,,,,,2,,255,0,1,,0.5,,,
163012,[水墨]青瓦斜板,,,,,,trianglewholeslab,3,4,4,,,,1,1,3,0,0,2,,,,,20,5,1,0,,0,,163012,10000,0,0,163012,10000,,,,2,15,0,,1,qingwa,,,blocks.stone,blockd.stone,,163012,2,1,,5bc0ee,,,,,,,6,15,15,,1,,,1,,,,,,,2,,255,0,1,,0.5,,,
163013,金合欢树原木,,,,,,trianglewholeslab,1,4,4,,,,1,1,3,0,0,2,,,,,35,9,1,1,5,1,,11323,20000,0,0,11323,20000,,,,2,15,0,,1,log_acacia_trees,,,blocks.wood,blockd.wood,blockd.wood,163013,1,1,,7c6037,,,,,,,6,15,15,,1,,,1,,,,,,,2,,0,0,1,,0.2,,,
163014,完整土砖斜板,,,,,,trianglewholeslab,3,4,4,,,,1,1,3,0,0,2,,,,,50,12,1,0,,0,,163014,10000,0,0,163014,10000,,,,2,15,0,,1,complete_adobe_brick,,,blocks.stone,blockd.stone,blockd.stone,163014,2,1,,84887e,,,,,,,6,15,15,,1,,,10,,,,,,,2,,255,0,1,,0.2,,,
163015,完整黄砖斜板,,,,,,trianglewholeslab,3,4,4,,,,1,1,3,0,0,2,,,,,50,12,1,0,,0,,163015,10000,0,0,163015,10000,,,,2,15,0,,1,complete_sand_brick,,,blocks.stone,blockd.stone,blockd.stone,163015,2,1,,84887e,,,,,,,6,15,15,,1,,,10,,,,,,,2,,255,0,1,,0.2,,,
163016,完整砂土砖斜板,,,,,,trianglewholeslab,3,4,4,,,,1,1,3,0,0,2,,,,,50,12,1,0,,0,,163016,10000,0,0,163016,10000,,,,2,15,0,,1,complete_arenosol_brick,,,blocks.stone,blockd.stone,blockd.stone,163016,2,1,,c79d59,,,,,,,6,15,15,,1,,,10,,,,,,,2,,255,0,1,,0.2,,,
163017,完整蘑古砖斜板,,,,,,trianglewholeslab,3,4,4,,,,1,1,3,0,0,2,,,,,100,15,1,0,,0,,163017,10000,0,0,163017,10000,,,,2,15,0,,1,large_blue_rock_brick,,,blocks.stone,blocks.stone,blocks.stone,163017,2,1,,263235,,,,,,,6,15,15,,1,,,10,,,,,,,2,,255,0,1,,0.2,,,
163018,完整魔古砖斜板,,,,,,trianglewholeslab,3,4,4,,,,1,1,3,0,0,2,,,,,100,15,1,0,,0,,163018,10000,0,0,163018,10000,,,,2,15,10,,1,magic-mithsilver_block,,,blocks.stone,blocks.stone,blocks.stone,163018,2,1,,413250,,,,,,,6,15,15,,1,,,10,,,,,,,2,f6e8ff,255,0,1,,0.2,,,
163019,宝石蓝斜板,,,,,,trianglewholeslab,3,4,4,,,,1,1,3,0,0,2,,,,,100,6,1,0,,0,,163019,10000,0,0,163019,10000,,,,2,15,0,,1,planks_sapphireblue,,,blocks.wood,blocks.wood,blockd.wood,163019,1,1,,3b82f6,,,,,,,6,15,15,,1,,,10,,,,,,,2,,255,0,1,,0.2,,,
163020,花青紫斜板,,,,,,trianglewholeslab,3,4,4,,,,1,1,3,0,0,2,,,,,100,6,1,0,,0,,163020,10000,0,0,163020,10000,,,,2,15,0,,1,planks_anthocyaninpurple,,,blocks.wood,blocks.wood,blockd.wood,163020,1,1,,9b4dca,,,,,,,6,15,15,,1,,,10,,,,,,,2,,255,0,1,,0.2,,,
163021,浅色水蘑石斜板,,,,,,trianglewholeslab,3,4,4,,,,1,1,3,0,0,2,,,,,100,10,1,0,,0,,163021,10000,0,0,163021,10000,,,,2,15,0,,1,terrazzo_pale,,,blocks.stone,blocks.stone,blockd.stone,163021,2,1,,f5f5f5,,,,,,,6,15,15,,1,,,10,,,,,,,2,,255,0,1,,0.2,,,
163022,天青蓝水蘑石斜板,,,,,,trianglewholeslab,3,4,4,,,,1,1,3,0,0,2,,,,,100,10,1,0,,0,,163022,10000,0,0,163022,10000,,,,2,15,0,,1,terrazzo_skyblue,,,blocks.stone,blocks.stone,blockd.stone,163022,2,1,,87ceeb,,,,,,,6,15,15,,1,,,10,,,,,,,2,,255,0,1,,0.2,,,
163023,菌菇板斜板,,,,,,trianglewholeslab,3,4,4,,,,1,1,3,0,0,2,,,,,1,5,1,0,,0,,163023,10000,0,0,163023,10000,,,,2,15,0,,1,mushroom_plank,,,blocks.wood,blocks.wood,blocks.wood,163023,1,1,,c67b5b,,,,,,,6,15,15,,1,,,10,,,,,,,2,,255,0,1,,0.2,,,
163024,精制完整石斜板,,,,,,trianglewholeslab,3,4,4,,,,1,1,3,0,0,2,,,,,100,15,1,0,,0,,163024,10000,0,0,163024,10000,,,,2,15,0,,1,refined_complete_stone_brick,,,blocks.stone,blocks.stone,blocks.stone,163024,2,1,,84887e,,,,,,,6,15,15,,1,,,10,,,,,,,2,,255,0,1,,0.2,,,
163025,精制完整镶边石斜板,,,,,,trianglewholeslab,3,4,4,,,,1,1,3,0,0,2,,,,,100,15,1,0,,0,,163025,10000,0,0,163025,10000,,,,2,15,0,,1,refined_and_complete_edged_stone_brick,,,blocks.stone,blocks.stone,blocks.stone,163025,2,1,,84887e,,,,,,,6,15,15,,1,,,10,,,,,,,2,,255,0,1,,0.2,,,
163026,粗制完整石斜板,,,,,,trianglewholeslab,3,4,4,,,,1,1,3,0,0,2,,,,,100,15,1,0,,0,,163026,10000,0,0,163026,10000,,,,2,15,0,,1,rough_complete_stone_brick,,,blocks.stone,blocks.stone,blocks.stone,163026,2,1,,84887e,,,,,,,6,15,15,,1,,,10,,,,,,,2,,255,0,1,,0.2,,,
163027,魔古砖斜板,,,,,,trianglewholeslab,3,4,4,,,,1,1,3,0,0,2,,,,,100,15,1,0,,0,,163027,10000,0,0,163027,10000,,,,2,15,0,,1,mogu_brick,,,blocks.stone,blocks.stone,blocks.stone,163027,2,1,,C0C0C0,,,,,,,6,15,15,,1,,,10,,,,,,,2,,255,0,1,,0.2,,,
163028,横格釉面砖斜板,,,,,,trianglewholeslab,3,4,4,,,,1,1,3,0,0,2,,,,,100,15,1,0,,0,,163028,10000,0,0,163028,10000,,,,2,15,0,,1,glazed_tile_1,,,blocks.stone,blocks.stone,blocks.stone,163028,2,1,,84887e,,,,,,,6,15,15,,1,,,10,,,,,,,2,,255,0,1,,0.2,,,
163029,完整釉面砖斜板,,,,,,trianglewholeslab,3,4,4,,,,1,1,3,0,0,2,,,,,100,15,1,0,,0,,163029,10000,0,0,163029,10000,,,,2,15,0,,1,complete_glazed_block,,,blocks.stone,blocks.stone,blocks.stone,163029,2,1,,84887e,,,,,,,6,15,15,,1,,,10,,,,,,,2,,255,0,1,,0.2,,,
163030,绿白马赛克釉面砖斜板,,,,,,trianglewholeslab,3,4,4,,,,1,1,3,0,0,2,,,,,100,15,1,0,,0,,163030,10000,0,0,163030,10000,,,,2,15,0,,1,green_white_mosaic_glazed_block,,,blocks.stone,blocks.stone,blocks.stone,163030,2,1,,D0C4A8,,,,,,,6,15,15,,1,,,10,,,,,,,2,,255,0,1,,0.2,,,
163031,灰绿马赛克釉面砖斜板,,,,,,trianglewholeslab,3,4,4,,,,1,1,3,0,0,2,,,,,100,15,1,0,,0,,163031,10000,0,0,163031,10000,,,,2,15,0,,1,gray_green_mosaic_glazed_block,,,blocks.stone,blocks.stone,blocks.stone,163031,2,1,,788D6F,,,,,,,6,15,15,,1,,,10,,,,,,,2,,255,0,1,,0.2,,,
163032,灰蓝马赛克釉面砖斜板,,,,,,trianglewholeslab,3,4,4,,,,1,1,3,0,0,2,,,,,100,15,1,0,,0,,163032,10000,0,0,163032,10000,,,,2,15,0,,1,gray_blue_mosaic_glazed_block,,,blocks.stone,blocks.stone,blocks.stone,163032,2,1,,B4BDBF,,,,,,,6,15,15,,1,,,10,,,,,,,2,,255,0,1,,0.2,,,
164000,164000-164999为多边形1/2竖板方块,,,,,,,,,,,,,,,,,,,,,,,,,,,,,,164000,,,,164000,,,,,,,,,,,,,,,,164000,,,,,,,,,,,,,,,1,,,,,,,,,,0,,0,,0,,0,,,
164001,软雪竖板,,,,,,verticalslab,3,4,4,,,,1,0,3,0,0,2,,,,,3,1.5,1,0,,0,,164001,10000,0,0,164001,10000,,,,2,15,0,,1,snow,,,blocks.snow,blockd.snow,,164001,3,1,,d4f4f5,,,,,,,0,15,15,,1,,,,,,,,,,1,,255,0,1,,0.2,,,
164002,厚雪竖板,,,,,,verticalslab,3,4,4,,,,1,1,3,0,0,2,,,,,3,1.5,1,0,,0,,164002,10000,0,0,164002,10000,,,,2,15,0,,1,snow,,,blocks.snow,blockd.snow,,164002,3,1,,d4f4f5,,,,,,,2,15,15,,1,,,,,,,,,,1,,255,0,1,,0.2,,,
164003,自然冰竖板,,,,,,verticalslab,3,4,4,,,,1,1,3,0,0,2,,,,,5,5,1.6,0,,0,,164003,10000,0,0,164003,10000,,,,2,15,0,,1,ice,,,blocks.stone,blockd.stone,,164003,2,1,,5bc0ee,,,,,,,2,15,15,,1,,,1,,,,,,,1,,255,0,1,,0.2,,,
164004,永冻冰竖板,,,,,,verticalslab,3,4,4,,,,1,1,3,0,0,2,,,,,20,5,1.6,0,,0,,164004,10000,0,0,164004,10000,,,,2,15,4,,1,eternal_ice,,,blocks.stone,blockd.stone,,164004,2,1,,5bc0ee,,,,,,,2,15,15,,1,,,1,,,,,,,1,c6d6dc,255,0,1,,0.2,,,2
164005,[水墨]黑墨竖板,,,,,,verticalslab,3,4,4,,,,1,1,3,0,0,2,,,,,20,5,1,0,,0,,164005,10000,0,0,164005,10000,,,,2,15,0,,1,ink_black,,,blocks.stone,blockd.stone,,164005,2,1,,5bc0ee,,,,,,,2,15,15,,1,,,1,,,,,,,1,,255,0,1,,0.5,,,
164006,[水墨]灰墨竖板,,,,,,verticalslab,3,4,4,,,,1,1,3,0,0,2,,,,,20,5,1,0,,0,,164006,10000,0,0,164006,10000,,,,2,15,0,,1,ink_grey,,,blocks.stone,blockd.stone,,164006,2,1,,5bc0ee,,,,,,,2,15,15,,1,,,1,,,,,,,1,,255,0,1,,0.5,,,
164007,[水墨]墨灰砖竖板,,,,,,verticalslab,3,4,4,,,,1,1,3,0,0,2,,,,,20,5,1,0,,0,,164007,10000,0,0,164007,10000,,,,2,15,0,,1,ink_greybrick,,,blocks.stone,blockd.stone,,164007,2,1,,5bc0ee,,,,,,,2,15,15,,1,,,1,,,,,,,1,,255,0,1,,0.5,,,
164008,[水墨]墨白砖竖板,,,,,,verticalslab,3,4,4,,,,1,1,3,0,0,2,,,,,20,5,1,0,,0,,164008,10000,0,0,164008,10000,,,,2,15,0,,1,ink_whitebrick,,,blocks.stone,blockd.stone,,164008,2,1,,5bc0ee,,,,,,,2,15,15,,1,,,1,,,,,,,1,,255,0,1,,0.5,,,
164009,[水墨]宣纸竖板,,,,,,verticalslab,3,4,4,,,,1,1,3,0,0,2,,,,,20,5,1,0,,0,,164009,10000,0,0,164009,10000,,,,2,15,0,,1,xuanzhi,,,blocks.stone,blockd.stone,,164009,2,1,,5bc0ee,,,,,,,2,15,15,,1,,,1,,,,,,,1,,255,0,1,,0.5,,,
164010,[水墨]瓦片竖板,,,,,,verticalslab,3,4,4,,,,1,1,3,0,0,2,,,,,20,5,1,0,,0,,164010,10000,0,0,164010,10000,,,,2,15,0,,1,wapian,,,blocks.stone,blockd.stone,,164010,2,1,,5bc0ee,,,,,,,2,15,15,,1,,,1,,,,,,,1,,255,0,1,,0.5,,,
164011,[水墨]茅草竖板,,,,,,verticalslab,3,4,4,,,,1,1,3,0,0,2,,,,,20,5,1,0,,0,,164011,10000,0,0,164011,10000,,,,2,15,0,,1,maocao,,,blocks.stone,blockd.stone,,164011,2,1,,5bc0ee,,,,,,,2,15,15,,1,,,1,,,,,,,1,,255,0,1,,0.5,,,
164012,[水墨]青瓦竖板,,,,,,verticalslab,3,4,4,,,,1,1,3,0,0,2,,,,,20,5,1,0,,0,,164012,10000,0,0,164012,10000,,,,2,15,0,,1,qingwa,,,blocks.stone,blockd.stone,,164012,2,1,,5bc0ee,,,,,,,2,15,15,,1,,,1,,,,,,,1,,255,0,1,,0.5,,,
164013,竖纹土砖竖板,,,,,,verticalslab,3,4,4,,,,1,1,3,0,0,2,,,,,50,12,1,0,,0,,164013,10000,0,0,164013,10000,,,,2,15,0,,1,vertical_striped_adobe_brick,,,blocks.stone,blockd.stone,blockd.stone,164013,2,1,,84887e,,,,,,,2,15,15,,1,,,10,,,,,,,1,,255,0,1,,0.5,,,
164014,竖纹黄砖竖板,,,,,,verticalslab,3,4,4,,,,1,1,3,0,0,2,,,,,50,12,1,0,,0,,164014,10000,0,0,164014,10000,,,,2,15,0,,1,vertical_striped_sand_brick,,,blocks.stone,blockd.stone,blockd.stone,164014,2,1,,84887e,,,,,,,2,15,15,,1,,,10,,,,,,,1,,255,0,1,,0.5,,,
164015,多格砂土砖竖板,,,,,,verticalslab,3,4,4,,,,1,1,3,0,0,2,,,,,50,12,1,0,,0,,164015,10000,0,0,164015,10000,,,,2,15,0,,1,multi_grid_arenosol_brick,,,blocks.stone,blockd.stone,blockd.stone,164015,2,1,,c79d59,,,,,,,2,15,15,,1,,,10,,,,,,,1,,255,0,1,,0.5,,,
164016,完整蘑古砖竖板,,,,,,verticalslab,,,,,,,1,1,3,0,0,2,,,,,100,15,1,0,,0,,164016,10000,0,0,164016,10000,,,,2,15,0,,1,large_blue_rock_brick,,,blocks.stone,blocks.stone,blocks.stone,164016,2,1,,C0C0C0,,,,,,,2,15,15,,1,,,10,,,,,,,1,,255,0,1,,0.5,,,
164017,完整魔古砖竖板,,,,,,verticalslab,,,,,,,1,1,3,0,0,2,,,,,100,15,1,0,,0,,164017,10000,0,0,164017,10000,,,,2,15,10,,1,magic-mithsilver_block,,,blocks.stone,blocks.stone,blocks.stone,164017,2,1,,C0C0C0,,,,,,,2,15,15,,1,,,10,,,,,,,1,f6e8ff,255,0,1,,0.5,,,
164018,宝石蓝竖板,,,,,,verticalslab,,,,,,,1,1,3,0,0,2,,,,,100,15,1,0,,0,,164018,10000,0,0,164018,10000,,,,2,15,0,,1,planks_sapphireblue,,,blocks.wood,blocks.wood,blockd.wood,164018,2,1,,3b82f6,,,,,,,2,15,15,,1,,,10,,,,,,,1,,255,0,1,,0.5,,,
164019,花青紫竖板,,,,,,verticalslab,,,,,,,1,1,3,0,0,2,,,,,100,15,1,0,,0,,164019,10000,0,0,164019,10000,,,,2,15,0,,1,planks_anthocyaninpurple,,,blocks.wood,blocks.wood,blockd.wood,164019,2,1,,9b4dca,,,,,,,2,15,15,,1,,,10,,,,,,,1,,255,0,1,,0.5,,,
164020,浅色水蘑石竖板,,,,,,verticalslab,,,,,,,1,1,3,0,0,2,,,,,100,15,1,0,,0,,164020,10000,0,0,164020,10000,,,,2,15,0,,1,terrazzo_pale,,,blocks.stone,blocks.stone,blockd.stone,164020,2,1,,f5f5f5,,,,,,,2,15,15,,1,,,10,,,,,,,1,,255,0,1,,0.5,,,
164021,天青蓝水蘑石竖板,,,,,,verticalslab,,,,,,,1,1,3,0,0,2,,,,,100,15,1,0,,0,,164021,10000,0,0,164021,10000,,,,2,15,0,,1,terrazzo_skyblue,,,blocks.stone,blocks.stone,blockd.stone,164021,2,1,,87ceeb,,,,,,,2,15,15,,1,,,10,,,,,,,1,,255,0,1,,0.5,,,
164022,菌菇板竖板,,,,,,verticalslab,,,,,,,1,1,3,0,0,2,,,,,1,30,1,0,,0,,164022,10000,0,0,164022,10000,,,,2,15,0,,1,mushroom_plank,,,blocks.wood,blocks.wood,blocks.wood,164022,2,1,,c67b5b,,,,,,,2,15,15,,1,,,10,,,,,,,1,,255,0,1,,0.5,,,
164023,精制竖纹石竖板,,,,,,verticalslab,,,,,,,1,1,3,0,0,2,,,,,100,15,1,0,,0,,164023,10000,0,0,164023,10000,,,,2,15,0,,1,refined_vertical_striped_stone_brick,,,blocks.stone,blocks.stone,blockd.stone,164023,2,1,,84887e,,,,,,,2,15,15,,1,,,10,,,,,,,1,,255,0,1,,0.5,,,
164024,粗制竖纹石竖板,,,,,,verticalslab,,,,,,,1,1,3,0,0,2,,,,,100,15,1,0,,0,,164024,10000,0,0,164024,10000,,,,2,15,0,,1,rough_vertical_striped_stone_brick,,,blocks.stone,blocks.stone,blockd.stone,164024,2,1,,84887e,,,,,,,2,15,15,,1,,,10,,,,,,,1,,255,0,1,,0.5,,,
164025,魔古砖竖板,,,,,,verticalslab,,,,,,,1,1,3,0,0,2,,,,,100,15,1,0,,0,,164025,10000,0,0,164025,10000,,,,2,15,0,,1,mogu_brick,,,blocks.stone,blocks.stone,blocks.stone,164025,2,1,,C0C0C0,,,,,,,2,15,15,,1,,,10,,,,,,,1,,255,0,1,,0.5,,,
164026,多竖格釉面砖竖板,,,,,,verticalslab,,,,,,,1,1,3,0,0,2,,,,,100,15,1,0,,0,,164026,10000,0,0,164026,10000,,,,2,15,0,,1,multi_vertical_grid_glazed_block,,,blocks.stone,blocks.stone,blocks.stone,164026,2,1,,84887e,,,,,,,2,15,15,,1,,,10,,,,,,,1,,255,0,1,,0.5,,,
164027,绿白马赛克釉面砖竖板,,,,,,verticalslab,,,,,,,1,1,3,0,0,2,,,,,100,15,1,0,,0,,164027,10000,0,0,164027,10000,,,,2,15,0,,1,green_white_mosaic_glazed_block,,,blocks.stone,blocks.stone,blocks.stone,164027,2,1,,D0C4A8,,,,,,,2,15,15,,1,,,10,,,,,,,1,,255,0,1,,0.5,,,
164028,灰绿马赛克釉面砖竖板,,,,,,verticalslab,,,,,,,1,1,3,0,0,2,,,,,100,15,1,0,,0,,164028,10000,0,0,164028,10000,,,,2,15,0,,1,gray_green_mosaic_glazed_block,,,blocks.stone,blocks.stone,blocks.stone,164028,2,1,,788D6F,,,,,,,2,15,15,,1,,,10,,,,,,,1,,255,0,1,,0.5,,,
164029,灰蓝马赛克釉面砖竖板,,,,,,verticalslab,,,,,,,1,1,3,0,0,2,,,,,100,15,1,0,,0,,164029,10000,0,0,164029,10000,,,,2,15,0,,1,gray_blue_mosaic_glazed_block,,,blocks.stone,blocks.stone,blocks.stone,164029,2,1,,B4BDBF,,,,,,,2,15,15,,1,,,10,,,,,,,1,,255,0,1,,0.5,,,
165000,165000-165999为多边形薄斜板方块,,,,,,,,,,,,,,,,,,,,,,,,,,,,,,165000,,,,165000,,,,,,,,,,,,,,,,165000,,,,,,,,,,,,,,,1,,,,,,,,,,0,,0,,0,,0,,,
165001,软雪薄斜板,,,,,,horizontaltrianglehalfslab,,4,4,,,,1,0,3,0,0,2,,,,,3,1.5,1,0,,0,,165001,10000,0,0,165001,10000,,,,2,15,0,,1,snow,,,blocks.snow,blockd.snow,,165001,3,1,,d4f4f5,,,,,,,0,15,15,,1,,,,,,,,,,2,,255,0,1,,0.2,,,
165002,厚雪薄斜板,,,,,,horizontaltrianglehalfslab,,4,4,,,,1,1,3,0,0,2,,,,,3,1.5,1,0,,0,,165002,10000,0,0,165002,10000,,,,2,15,0,,1,snow,,,blocks.snow,blockd.snow,,165002,3,1,,d4f4f5,,,,,,,6,15,15,,1,,,,,,,,,,2,,255,0,1,,0.2,,,
165003,自然冰薄斜板,,,,,,horizontaltrianglehalfslab,,4,4,,,,1,1,3,0,0,2,,,,,10,5,1.6,0,,0,,165003,10000,0,0,165003,10000,,,,2,15,0,,1,ice,,,blocks.stone,blockd.stone,,165003,2,1,,5bc0ee,,,,,,,6,15,15,,1,,,1,,,,,,,2,,255,0,1,,0.2,,,
165004,永冻冰薄斜板,,,,,,horizontaltrianglehalfslab,,4,4,,,,1,1,3,0,0,2,,,,,10,5,1.6,0,,0,,165004,10000,0,0,165004,10000,,,,2,15,4,,1,eternal_ice,,,blocks.stone,blockd.stone,,165004,2,1,,5bc0ee,,,,,,,6,15,15,,1,,,1,,,,,,,2,c6d6dc,255,0,1,,0.2,,,2
165005,[水墨]黑墨薄斜板,,,,,,horizontaltrianglehalfslab,,4,4,,,,1,1,3,0,0,2,,,,,10,5,1,0,,0,,165005,10000,0,0,165005,10000,,,,2,15,0,,1,ink_black,,,blocks.stone,blockd.stone,,165005,2,1,,5bc0ee,,,,,,,6,15,15,,1,,,1,,,,,,,2,,255,0,1,,0.5,,,
165006,[水墨]灰墨薄斜板,,,,,,horizontaltrianglehalfslab,,4,4,,,,1,1,3,0,0,2,,,,,10,5,1,0,,0,,165006,10000,0,0,165006,10000,,,,2,15,0,,1,ink_grey,,,blocks.stone,blockd.stone,,165006,2,1,,5bc0ee,,,,,,,6,15,15,,1,,,1,,,,,,,2,,255,0,1,,0.5,,,
165007,[水墨]墨灰砖薄斜板,,,,,,horizontaltrianglehalfslab,,4,4,,,,1,1,3,0,0,2,,,,,10,5,1,0,,0,,165007,10000,0,0,165007,10000,,,,2,15,0,,1,ink_greybrick,,,blocks.stone,blockd.stone,,165007,2,1,,5bc0ee,,,,,,,6,15,15,,1,,,1,,,,,,,2,,255,0,1,,0.5,,,
165008,[水墨]墨白砖薄斜板,,,,,,horizontaltrianglehalfslab,,4,4,,,,1,1,3,0,0,2,,,,,10,5,1,0,,0,,165008,10000,0,0,165008,10000,,,,2,15,0,,1,ink_whitebrick,,,blocks.stone,blockd.stone,,165008,2,1,,5bc0ee,,,,,,,6,15,15,,1,,,1,,,,,,,2,,255,0,1,,0.5,,,
165009,[水墨]宣纸薄斜板,,,,,,horizontaltrianglehalfslab,,4,4,,,,1,1,3,0,0,2,,,,,10,5,1,0,,0,,165009,10000,0,0,165009,10000,,,,2,15,0,,1,xuanzhi,,,blocks.stone,blockd.stone,,165009,2,1,,5bc0ee,,,,,,,6,15,15,,1,,,1,,,,,,,2,,255,0,1,,0.5,,,
165010,[水墨]瓦片薄斜板,,,,,,horizontaltrianglehalfslab,,4,4,,,,1,1,3,0,0,2,,,,,10,5,1,0,,0,,165010,10000,0,0,165010,10000,,,,2,15,0,,1,wapian,,,blocks.stone,blockd.stone,,165010,2,1,,5bc0ee,,,,,,,6,15,15,,1,,,1,,,,,,,2,,255,0,1,,0.5,,,
165011,[水墨]茅草薄斜板,,,,,,horizontaltrianglehalfslab,,4,4,,,,1,1,3,0,0,2,,,,,10,5,1,0,,0,,165011,10000,0,0,165011,10000,,,,2,15,0,,1,maocao,,,blocks.stone,blockd.stone,,165011,2,1,,5bc0ee,,,,,,,6,15,15,,1,,,1,,,,,,,2,,255,0,1,,0.5,,,
165012,[水墨]青瓦薄斜板,,,,,,horizontaltrianglehalfslab,,4,4,,,,1,1,3,0,0,2,,,,,10,5,1,0,,0,,165012,10000,0,0,165012,10000,,,,2,15,0,,1,qingwa,,,blocks.stone,blockd.stone,,165012,2,1,,5bc0ee,,,,,,,6,15,15,,1,,,1,,,,,,,2,,255,0,1,,0.5,,,
165013,完整土砖薄斜板,,,,,,horizontaltrianglehalfslab,,4,4,,,,1,1,3,0,0,2,,,,,50,12,1,0,,0,,165013,10000,0,0,165013,10000,,,,2,15,0,,1,complete_adobe_brick,,,blocks.stone,blockd.stone,,165013,2,1,,84887e,,,,,,,6,15,15,,1,,,10,,,,,,,2,,255,0,1,,0.2,,,
165014,完整黄砖薄斜板,,,,,,horizontaltrianglehalfslab,,4,4,,,,1,1,3,0,0,2,,,,,50,12,1,0,,0,,165014,10000,0,0,165014,10000,,,,2,15,0,,1,complete_sand_brick,,,blocks.stone,blockd.stone,,165014,2,1,,84887e,,,,,,,6,15,15,,1,,,10,,,,,,,2,,255,0,1,,0.2,,,
165015,完整砂土砖薄斜板,,,,,,horizontaltrianglehalfslab,,4,4,,,,1,1,3,0,0,2,,,,,50,12,1,0,,0,,165015,10000,0,0,165015,10000,,,,2,15,0,,1,complete_arenosol_brick,,,blocks.stone,blockd.stone,,165015,2,1,,c79d59,,,,,,,6,15,15,,1,,,10,,,,,,,2,,255,0,1,,0.2,,,
165016,完整蘑古砖薄斜板,,,,,,horizontaltrianglehalfslab,,4,4,,,,1,1,3,0,0,2,,,,,100,15,1,0,,0,,165016,10000,0,0,165016,10000,,,,2,15,0,,1,large_blue_rock_brick,,,blocks.stone,blocks.stone,blocks.stone,165016,2,1,,263235,,,,,,,6,15,15,,1,,,10,,,,,,,2,,255,0,1,,0.2,,,
165017,完整魔古砖薄斜板,,,,,,horizontaltrianglehalfslab,,4,4,,,,1,1,3,0,0,2,,,,,100,15,1,0,,0,,165017,10000,0,0,165017,10000,,,,2,15,10,,1,magic-mithsilver_block,,,blocks.stone,blocks.stone,blocks.stone,165017,2,1,,413250,,,,,,,6,15,15,,1,,,10,,,,,,,2,f6e8ff,255,0,1,,0.2,,,
165018,宝石蓝薄斜板,,,,,,horizontaltrianglehalfslab,,4,4,,,,1,1,3,0,0,2,,,,,100,6,1,0,,0,,165018,10000,0,0,165018,10000,,,,2,15,0,,1,planks_sapphireblue,,,blocks.wood,blocks.wood,blockd.wood,165018,1,1,,3b82f6,,,,,,,6,15,15,,1,,,10,,,,,,,2,,255,0,1,,0.2,,,
165019,花青紫薄斜板,,,,,,horizontaltrianglehalfslab,,4,4,,,,1,1,3,0,0,2,,,,,100,6,1,0,,0,,165019,10000,0,0,165019,10000,,,,2,15,0,,1,planks_anthocyaninpurple,,,blocks.wood,blocks.wood,blockd.wood,165019,1,1,,9b4dca,,,,,,,6,15,15,,1,,,10,,,,,,,2,,255,0,1,,0.2,,,
165020,浅色水蘑石薄斜板,,,,,,horizontaltrianglehalfslab,,4,4,,,,1,1,3,0,0,2,,,,,100,10,1,0,,0,,165020,10000,0,0,165020,10000,,,,2,15,0,,1,terrazzo_pale,,,blocks.stone,blocks.stone,blockd.stone,165020,2,1,,f5f5f5,,,,,,,6,15,15,,1,,,10,,,,,,,2,,255,0,1,,0.2,,,
165021,天青蓝水蘑石薄斜板,,,,,,horizontaltrianglehalfslab,,4,4,,,,1,1,3,0,0,2,,,,,100,10,1,0,,0,,165021,10000,0,0,165021,10000,,,,2,15,0,,1,terrazzo_skyblue,,,blocks.stone,blocks.stone,blockd.stone,165021,2,1,,87ceeb,,,,,,,6,15,15,,1,,,10,,,,,,,2,,255,0,1,,0.2,,,
165022,菌菇板薄斜板,,,,,,horizontaltrianglehalfslab,,4,4,,,,1,1,3,0,0,2,,,,,1,5,1,0,,0,,165022,10000,0,0,165022,10000,,,,2,15,0,,1,mushroom_plank,,,blocks.wood,blocks.wood,blocks.wood,165022,1,1,,c67b5b,,,,,,,6,15,15,,1,,,10,,,,,,,2,,255,0,1,,0.2,,,
165023,精制完整石薄斜板,,,,,,horizontaltrianglehalfslab,,4,4,,,,1,1,3,0,0,2,,,,,100,15,1,0,,0,,165023,10000,0,0,165023,10000,,,,2,15,0,,1,refined_complete_stone_brick,,,blocks.stone,blocks.stone,blocks.stone,165023,2,1,,84887e,,,,,,,6,15,15,,1,,,10,,,,,,,2,,255,0,1,,0.2,,,
165024,精制完整镶边石薄斜板,,,,,,horizontaltrianglehalfslab,,4,4,,,,1,1,3,0,0,2,,,,,100,15,1,0,,0,,165024,10000,0,0,165024,10000,,,,2,15,0,,1,refined_and_complete_edged_stone_brick,,,blocks.stone,blocks.stone,blocks.stone,165024,2,1,,84887e,,,,,,,6,15,15,,1,,,10,,,,,,,2,,255,0,1,,0.2,,,
165025,粗制完整石薄斜板,,,,,,horizontaltrianglehalfslab,,4,4,,,,1,1,3,0,0,2,,,,,100,15,1,0,,0,,165025,10000,0,0,165025,10000,,,,2,15,0,,1,rough_complete_stone_brick,,,blocks.stone,blocks.stone,blocks.stone,165025,2,1,,84887e,,,,,,,6,15,15,,1,,,10,,,,,,,2,,255,0,1,,0.2,,,
165026,魔古砖薄斜板,,,,,,horizontaltrianglehalfslab,,4,4,,,,1,1,3,0,0,2,,,,,100,15,1,0,,0,,165026,10000,0,0,165026,10000,,,,2,15,0,,1,mogu_brick,,,blocks.stone,blocks.stone,blocks.stone,165026,2,1,,C0C0C0,,,,,,,6,15,15,,1,,,10,,,,,,,2,,255,0,1,,0.2,,,
165027,横格釉面砖薄斜板,,,,,,horizontaltrianglehalfslab,,4,4,,,,1,1,3,0,0,2,,,,,100,15,1,0,,0,,165027,10000,0,0,165027,10000,,,,2,15,0,,1,glazed_tile_1,,,blocks.stone,blocks.stone,blocks.stone,165027,2,1,,84887e,,,,,,,6,15,15,,1,,,10,,,,,,,2,,255,0,1,,0.2,,,
165028,完整釉面砖薄斜板,,,,,,horizontaltrianglehalfslab,,4,4,,,,1,1,3,0,0,2,,,,,100,15,1,0,,0,,165028,10000,0,0,165028,10000,,,,2,15,0,,1,complete_glazed_block,,,blocks.stone,blocks.stone,blocks.stone,165028,2,1,,84887e,,,,,,,6,15,15,,1,,,10,,,,,,,2,,255,0,1,,0.2,,,
165029,绿白马赛克釉面砖薄斜板,,,,,,horizontaltrianglehalfslab,,4,4,,,,1,1,3,0,0,2,,,,,100,15,1,0,,0,,165029,10000,0,0,165029,10000,,,,2,15,0,,1,green_white_mosaic_glazed_block,,,blocks.stone,blocks.stone,blocks.stone,165029,2,1,,D0C4A8,,,,,,,6,15,15,,1,,,10,,,,,,,2,,255,0,1,,0.2,,,
165030,灰绿马赛克釉面砖薄斜板,,,,,,horizontaltrianglehalfslab,,4,4,,,,1,1,3,0,0,2,,,,,100,15,1,0,,0,,165030,10000,0,0,165030,10000,,,,2,15,0,,1,gray_green_mosaic_glazed_block,,,blocks.stone,blocks.stone,blocks.stone,165030,2,1,,788D6F,,,,,,,6,15,15,,1,,,10,,,,,,,2,,255,0,1,,0.2,,,
165031,灰蓝马赛克釉面砖薄斜板,,,,,,horizontaltrianglehalfslab,,4,4,,,,1,1,3,0,0,2,,,,,100,15,1,0,,0,,165031,10000,0,0,165031,10000,,,,2,15,0,,1,gray_blue_mosaic_glazed_block,,,blocks.stone,blocks.stone,blocks.stone,165031,2,1,,B4BDBF,,,,,,,6,15,15,,1,,,10,,,,,,,2,,255,0,1,,0.2,,,
166000,166000-166999为多边形大薄斜板方块,,,,,,,,,,,,,,,,,,,,,,,,,,,,,,166000,,,,166000,,,,,,,,,,,,,,,,166000,,,,,,,,,,,,,,,1,,,,,,,,,,0,,0,,0,,0,,,
166001,软雪大薄斜板,,,,,,horizontaltriangleslab,,,,,,,1,0,3,0,0,2,,,,,3,1.5,1,0,,0,,165001,10000,0,0,165001,10000,,,,2,15,0,,1,snow,,,blocks.snow,blockd.snow,,165001,3,1,,d4f4f5,,,,,,160001,0,15,15,,1,,,,,,,,,,2,,255,0,1,,0.2,,,
166002,厚雪大薄斜板,,,,,,horizontaltriangleslab,,,,,,,1,1,3,0,0,2,,,,,3,1.5,1,0,,0,,165002,10000,0,0,165002,10000,,,,2,15,0,,1,snow,,,blocks.snow,blockd.snow,,165002,3,1,,d4f4f5,,,,,,122,6,15,15,,1,,,,,,,,,,2,,255,0,1,,0.2,,,
166003,自然冰大薄斜板,,,,,,horizontaltriangleslab,,,,,,,1,1,3,0,0,2,,,,,7.5,5,1.6,0,,0,,165003,10000,0,0,165003,10000,,,,2,15,0,,1,ice,,,blocks.stone,blockd.stone,,165003,2,1,,5bc0ee,,,,,,123,6,15,15,,1,,,1,,,,,,,2,,255,0,1,,0.2,,,
166004,永冻冰大薄斜板,,,,,,horizontaltriangleslab,,,,,,,1,1,3,0,0,2,,,,,30,5,1.6,0,,0,,165004,10000,0,0,165004,10000,,,,2,15,4,,1,eternal_ice,,,blocks.stone,blockd.stone,,165004,2,1,,5bc0ee,,,,,,160002,6,15,15,,1,,,1,,,,,,,2,c6d6dc,255,0,1,,0.2,,,2
166005,[水墨]黑墨大薄斜板,,,,,,horizontaltriangleslab,,,,,,,1,1,3,0,0,2,,,,,30,5,1,0,,0,,165005,10000,0,0,165005,10000,,,,2,15,0,,1,ink_black,,,blocks.stone,blockd.stone,,165005,2,1,,5bc0ee,,,,,,160003,6,15,15,,1,,,1,,,,,,,2,,255,0,1,,0.5,,,
166006,[水墨]灰墨大薄斜板,,,,,,horizontaltriangleslab,,,,,,,1,1,3,0,0,2,,,,,30,5,1,0,,0,,165006,10000,0,0,165006,10000,,,,2,15,0,,1,ink_grey,,,blocks.stone,blockd.stone,,165006,2,1,,5bc0ee,,,,,,160004,6,15,15,,1,,,1,,,,,,,2,,255,0,1,,0.5,,,
166007,[水墨]墨灰砖大薄斜板,,,,,,horizontaltriangleslab,,,,,,,1,1,3,0,0,2,,,,,30,5,1,0,,0,,165007,10000,0,0,165007,10000,,,,2,15,0,,1,ink_greybrick,,,blocks.stone,blockd.stone,,165007,2,1,,5bc0ee,,,,,,160005,6,15,15,,1,,,1,,,,,,,2,,255,0,1,,0.5,,,
166008,[水墨]墨白砖大薄斜板,,,,,,horizontaltriangleslab,,,,,,,1,1,3,0,0,2,,,,,30,5,1,0,,0,,165008,10000,0,0,165008,10000,,,,2,15,0,,1,ink_whitebrick,,,blocks.stone,blockd.stone,,165008,2,1,,5bc0ee,,,,,,160006,6,15,15,,1,,,1,,,,,,,2,,255,0,1,,0.5,,,
166009,[水墨]宣纸大薄斜板,,,,,,horizontaltriangleslab,,,,,,,1,1,3,0,0,2,,,,,30,5,1,0,,0,,165009,10000,0,0,165009,10000,,,,2,15,0,,1,xuanzhi,,,blocks.stone,blockd.stone,,165009,2,1,,5bc0ee,,,,,,160007,6,15,15,,1,,,1,,,,,,,2,,255,0,1,,0.5,,,
166010,[水墨]瓦片大薄斜板,,,,,,horizontaltriangleslab,,,,,,,1,1,3,0,0,2,,,,,30,5,1,0,,0,,165010,10000,0,0,165010,10000,,,,2,15,0,,1,wapian,,,blocks.stone,blockd.stone,,165010,2,1,,5bc0ee,,,,,,160008,6,15,15,,1,,,1,,,,,,,2,,255,0,1,,0.5,,,
166011,[水墨]茅草大薄斜板,,,,,,horizontaltriangleslab,,,,,,,1,1,3,0,0,2,,,,,30,5,1,0,,0,,165011,10000,0,0,165011,10000,,,,2,15,0,,1,maocao,,,blocks.stone,blockd.stone,,165011,2,1,,5bc0ee,,,,,,160009,6,15,15,,1,,,1,,,,,,,2,,255,0,1,,0.5,,,
166012,[水墨]青瓦大薄斜板,,,,,,horizontaltriangleslab,,,,,,,1,1,3,0,0,2,,,,,30,5,1,0,,0,,165012,10000,0,0,165012,10000,,,,2,15,0,,1,qingwa,,,blocks.stone,blockd.stone,,165012,2,1,,5bc0ee,,,,,,160010,6,15,15,,1,,,1,,,,,,,2,,255,0,1,,0.5,,,
166013,完整土砖大薄斜板,,,,,,horizontaltriangleslab,,,,,,,1,1,3,0,0,2,,,,,50,12,1,0,,0,,165013,10000,0,0,165013,10000,,,,2,15,0,,1,complete_adobe_brick,,,blocks.stone,blockd.stone,,165013,2,1,,84887e,,,,,,160012,6,15,15,,1,,,10,,,,,,,2,,255,0,1,,0.2,,,
166014,完整黄砖大薄斜板,,,,,,horizontaltriangleslab,,,,,,,1,1,3,0,0,2,,,,,50,12,1,0,,0,,165014,10000,0,0,165014,10000,,,,2,15,0,,1,complete_sand_brick,,,blocks.stone,blockd.stone,,165014,2,1,,84887e,,,,,,160018,6,15,15,,1,,,10,,,,,,,2,,255,0,1,,0.2,,,
166015,完整砂土砖大薄斜板,,,,,,horizontaltriangleslab,,,,,,,1,1,3,0,0,2,,,,,50,12,1,0,,0,,165015,10000,0,0,165015,10000,,,,2,15,0,,1,complete_arenosol_brick,,,blocks.stone,blockd.stone,,165015,2,1,,c79d59,,,,,,160024,6,15,15,,1,,,10,,,,,,,2,,255,0,1,,0.2,,,
166016,完整蘑古砖大薄斜板,,,,,,horizontaltriangleslab,,,,,,,1,1,3,0,0,2,,,,,100,15,1,0,,0,,165016,10000,0,0,165016,10000,,,,2,15,0,,1,large_blue_rock_brick,,,blocks.stone,blocks.stone,blocks.stone,165016,2,1,,C0C0C0,,,,,,160028,6,15,15,,1,,,10,,,,,,,2,,255,0,1,,0.2,,,
166017,完整魔古砖大薄斜板,,,,,,horizontaltriangleslab,,,,,,,1,1,3,0,0,2,,,,,100,15,1,0,,0,,165017,10000,0,0,165017,10000,,,,2,15,10,,1,magic-mithsilver_block,,,blocks.stone,blocks.stone,blocks.stone,165017,2,1,,C0C0C0,,,,,,160029,6,15,15,,1,,,10,,,,,,,2,f6e8ff,255,0,1,,0.2,,,
166018,宝石蓝大薄斜板,,,,,,horizontaltriangleslab,,,,,,,1,1,3,0,0,2,,,,,100,15,1,0,,0,,165018,10000,0,0,165018,10000,,,,2,15,0,,1,planks_sapphireblue,,,blocks.wood,blocks.wood,blockd.wood,165018,2,1,,3b82f6,,,,,,160030,6,15,15,,1,,,10,,,,,,,2,,255,0,1,,0.2,,,
166019,花青紫大薄斜板,,,,,,horizontaltriangleslab,,,,,,,1,1,3,0,0,2,,,,,100,15,1,0,,0,,165019,10000,0,0,165019,10000,,,,2,15,0,,1,planks_anthocyaninpurple,,,blocks.wood,blocks.wood,blockd.wood,165019,2,1,,9b4dca,,,,,,160031,6,15,15,,1,,,10,,,,,,,2,,255,0,1,,0.2,,,
166020,浅色水蘑石大薄斜板,,,,,,horizontaltriangleslab,,,,,,,1,1,3,0,0,2,,,,,100,15,1,0,,0,,165020,10000,0,0,165020,10000,,,,2,15,0,,1,terrazzo_pale,,,blocks.stone,blocks.stone,blockd.stone,165020,2,1,,f5f5f5,,,,,,160032,6,15,15,,1,,,10,,,,,,,2,,255,0,1,,0.2,,,
166021,天青蓝水蘑石大薄斜板,,,,,,horizontaltriangleslab,,,,,,,1,1,3,0,0,2,,,,,100,15,1,0,,0,,165021,10000,0,0,165021,10000,,,,2,15,0,,1,terrazzo_skyblue,,,blocks.stone,blocks.stone,blockd.stone,165021,2,1,,87ceeb,,,,,,160033,6,15,15,,1,,,10,,,,,,,2,,255,0,1,,0.2,,,
166022,菌菇板大薄斜板,,,,,,horizontaltriangleslab,,,,,,,1,1,3,0,0,2,,,,,1,30,1,0,,0,,165022,10000,0,0,165022,10000,,,,2,15,0,,1,mushroom_plank,,,blocks.wood,blocks.wood,blocks.wood,165022,2,1,,c67b5b,,,,,,160034,6,15,15,,1,,,10,,,,,,,2,,255,0,1,,0.2,,,
166023,精制完整石大薄斜板,,,,,,horizontaltriangleslab,,,,,,,1,1,3,0,0,2,,,,,100,15,1,0,,0,,165023,10000,0,0,165023,10000,,,,2,15,0,,1,refined_complete_stone_brick,,,blocks.stone,blocks.stone,blockd.stone,165023,2,1,,84887e,,,,,,160036,6,15,15,,1,,,10,,,,,,,2,,255,0,1,,0.2,,,
166024,精制完整镶边石大薄斜板,,,,,,horizontaltriangleslab,,,,,,,1,1,3,0,0,2,,,,,100,15,1,0,,0,,165024,10000,0,0,165024,10000,,,,2,15,0,,1,refined_and_complete_edged_stone_brick,,,blocks.stone,blocks.stone,blockd.stone,165024,2,1,,84887e,,,,,,160039,6,15,15,,1,,,10,,,,,,,2,,255,0,1,,0.2,,,
166025,粗制完整石大薄斜板,,,,,,horizontaltriangleslab,,,,,,,1,1,3,0,0,2,,,,,100,15,1,0,,0,,165025,10000,0,0,165025,10000,,,,2,15,0,,1,rough_complete_stone_brick,,,blocks.stone,blocks.stone,blockd.stone,165025,2,1,,84887e,,,,,,160043,6,15,15,,1,,,10,,,,,,,2,,255,0,1,,0.2,,,
166026,魔古砖大薄斜板,,,,,,horizontaltriangleslab,,,,,,,1,1,3,0,0,2,,,,,100,15,1,0,,0,,165026,10000,0,0,165026,10000,,,,2,15,0,,1,mogu_brick,,,blocks.stone,blocks.stone,blocks.stone,165026,2,1,,C0C0C0,,,,,,160027,6,15,15,,1,,,10,,,,,,,2,,255,0,1,,0.2,,,
166027,横格釉面砖大薄斜板,,,,,,horizontaltriangleslab,,,,,,,1,1,3,0,0,2,,,,,100,15,1,0,,0,,165027,10000,0,0,165027,10000,,,,2,15,0,,1,glazed_tile_1,,,blocks.stone,blocks.stone,blocks.stone,165027,2,1,,84887e,,,,,,426,6,15,15,,1,,,10,,,,,,,2,,255,0,1,,0.2,,,
166028,完整釉面砖大薄斜板,,,,,,horizontaltriangleslab,,,,,,,1,1,3,0,0,2,,,,,100,15,1,0,,0,,165028,10000,0,0,165028,10000,,,,2,15,0,,1,complete_glazed_block,,,blocks.stone,blocks.stone,blocks.stone,165028,2,1,,84887e,,,,,,160051,6,15,15,,1,,,10,,,,,,,2,,255,0,1,,0.2,,,
166029,绿白马赛克釉面砖大薄斜板,,,,,,horizontaltriangleslab,,,,,,,1,1,3,0,0,2,,,,,100,15,1,0,,0,,165029,10000,0,0,165029,10000,,,,2,15,0,,1,green_white_mosaic_glazed_block,,,blocks.stone,blocks.stone,blocks.stone,165029,2,1,,D0C4A8,,,,,,160052,6,15,15,,1,,,10,,,,,,,2,,255,0,1,,0.2,,,
166030,灰绿马赛克釉面砖大薄斜板,,,,,,horizontaltriangleslab,,,,,,,1,1,3,0,0,2,,,,,100,15,1,0,,0,,165030,10000,0,0,165030,10000,,,,2,15,0,,1,gray_green_mosaic_glazed_block,,,blocks.stone,blocks.stone,blocks.stone,165030,2,1,,788D6F,,,,,,160053,6,15,15,,1,,,10,,,,,,,2,,255,0,1,,0.2,,,
166031,灰蓝马赛克釉面砖大薄斜板,,,,,,horizontaltriangleslab,,,,,,,1,1,3,0,0,2,,,,,100,15,1,0,,0,,165031,10000,0,0,165031,10000,,,,2,15,0,,1,gray_blue_mosaic_glazed_block,,,blocks.stone,blocks.stone,blocks.stone,165031,2,1,,B4BDBF,,,,,,160054,6,15,15,,1,,,10,,,,,,,2,,255,0,1,,0.2,,,
167000,167000-167999为多边形竖薄斜板方块,,,,,,,,,,,,,,,,,,,,,,,,,,,,,,167000,,,,167000,,,,,,,,,,,,,,,,167000,,,,,,,,,,,,,,,1,,,,,,,,,,0,,0,,0,,0,,,
167001,软雪竖薄斜板,,,,,,verticaltrianglehalfslab,,4,4,,,,1,0,3,0,0,2,,,,,3,1.5,1,0,,0,,167001,10000,0,0,167001,10000,,,,2,15,0,,1,snow,,,blocks.snow,blockd.snow,,167001,3,1,,d4f4f5,,,,,,,0,15,15,,1,,,,,,,,,,2,,255,0,1,,0.2,,,
167002,厚雪竖薄斜板,,,,,,verticaltrianglehalfslab,,4,4,,,,1,1,3,0,0,2,,,,,3,1.5,1,0,,0,,167002,10000,0,0,167002,10000,,,,2,15,0,,1,snow,,,blocks.snow,blockd.snow,,167002,3,1,,d4f4f5,,,,,,,6,15,15,,1,,,,,,,,,,2,,255,0,1,,0.2,,,
167003,自然冰竖薄斜板,,,,,,verticaltrianglehalfslab,,4,4,,,,1,1,3,0,0,2,,,,,10,5,1.6,0,,0,,167003,10000,0,0,167003,10000,,,,2,15,0,,1,ice,,,blocks.stone,blockd.stone,,167003,2,1,,5bc0ee,,,,,,,6,15,15,,1,,,1,,,,,,,2,,255,0,1,,0.2,,,
167004,永冻冰竖薄斜板,,,,,,verticaltrianglehalfslab,,4,4,,,,1,1,3,0,0,2,,,,,10,5,1.6,0,,0,,167004,10000,0,0,167004,10000,,,,2,15,4,,1,eternal_ice,,,blocks.stone,blockd.stone,,167004,2,1,,5bc0ee,,,,,,,6,15,15,,1,,,1,,,,,,,2,c6d6dc,255,0,1,,0.2,,,2
167005,[水墨]黑墨竖薄斜板,,,,,,verticaltrianglehalfslab,,4,4,,,,1,1,3,0,0,2,,,,,10,5,1,0,,0,,167005,10000,0,0,167005,10000,,,,2,15,0,,1,ink_black,,,blocks.stone,blockd.stone,,167005,2,1,,5bc0ee,,,,,,,6,15,15,,1,,,1,,,,,,,2,,255,0,1,,0.5,,,
167006,[水墨]灰墨竖薄斜板,,,,,,verticaltrianglehalfslab,,4,4,,,,1,1,3,0,0,2,,,,,10,5,1,0,,0,,167006,10000,0,0,167006,10000,,,,2,15,0,,1,ink_grey,,,blocks.stone,blockd.stone,,167006,2,1,,5bc0ee,,,,,,,6,15,15,,1,,,1,,,,,,,2,,255,0,1,,0.5,,,
167007,[水墨]墨灰砖竖薄斜板,,,,,,verticaltrianglehalfslab,,4,4,,,,1,1,3,0,0,2,,,,,10,5,1,0,,0,,167007,10000,0,0,167007,10000,,,,2,15,0,,1,ink_greybrick,,,blocks.stone,blockd.stone,,167007,2,1,,5bc0ee,,,,,,,6,15,15,,1,,,1,,,,,,,2,,255,0,1,,0.5,,,
167008,[水墨]墨白砖竖薄斜板,,,,,,verticaltrianglehalfslab,,4,4,,,,1,1,3,0,0,2,,,,,10,5,1,0,,0,,167008,10000,0,0,167008,10000,,,,2,15,0,,1,ink_whitebrick,,,blocks.stone,blockd.stone,,167008,2,1,,5bc0ee,,,,,,,6,15,15,,1,,,1,,,,,,,2,,255,0,1,,0.5,,,
167009,[水墨]宣纸竖薄斜板,,,,,,verticaltrianglehalfslab,,4,4,,,,1,1,3,0,0,2,,,,,10,5,1,0,,0,,167009,10000,0,0,167009,10000,,,,2,15,0,,1,xuanzhi,,,blocks.stone,blockd.stone,,167009,2,1,,5bc0ee,,,,,,,6,15,15,,1,,,1,,,,,,,2,,255,0,1,,0.5,,,
167010,[水墨]瓦片竖薄斜板,,,,,,verticaltrianglehalfslab,,4,4,,,,1,1,3,0,0,2,,,,,10,5,1,0,,0,,167010,10000,0,0,167010,10000,,,,2,15,0,,1,wapian,,,blocks.stone,blockd.stone,,167010,2,1,,5bc0ee,,,,,,,6,15,15,,1,,,1,,,,,,,2,,255,0,1,,0.5,,,
167011,[水墨]茅草竖薄斜板,,,,,,verticaltrianglehalfslab,,4,4,,,,1,1,3,0,0,2,,,,,10,5,1,0,,0,,167011,10000,0,0,167011,10000,,,,2,15,0,,1,maocao,,,blocks.stone,blockd.stone,,167011,2,1,,5bc0ee,,,,,,,6,15,15,,1,,,1,,,,,,,2,,255,0,1,,0.5,,,
167012,[水墨]青瓦竖薄斜板,,,,,,verticaltrianglehalfslab,,4,4,,,,1,1,3,0,0,2,,,,,10,5,1,0,,0,,167012,10000,0,0,167012,10000,,,,2,15,0,,1,qingwa,,,blocks.stone,blockd.stone,,167012,2,1,,5bc0ee,,,,,,,6,15,15,,1,,,1,,,,,,,2,,255,0,1,,0.5,,,
167013,完整土砖竖薄斜板,,,,,,verticaltrianglehalfslab,,4,4,,,,1,1,3,0,0,2,,,,,50,12,1,0,,0,,167013,10000,0,0,167013,10000,,,,2,15,0,,1,complete_adobe_brick,,,blocks.stone,blockd.stone,blockd.stone,167013,2,1,,84887e,,,,,,,6,15,15,,1,,,10,,,,,,,2,,255,0,1,,0.2,,,
167014,完整黄砖竖薄斜板,,,,,,verticaltrianglehalfslab,,4,4,,,,1,1,3,0,0,2,,,,,50,12,1,0,,0,,167014,10000,0,0,167014,10000,,,,2,15,0,,1,complete_sand_brick,,,blocks.stone,blockd.stone,blockd.stone,167014,2,1,,84887e,,,,,,,6,15,15,,1,,,10,,,,,,,2,,255,0,1,,0.2,,,
167015,完整砂土砖竖薄斜板,,,,,,verticaltrianglehalfslab,,4,4,,,,1,1,3,0,0,2,,,,,50,12,1,0,,0,,167015,10000,0,0,167015,10000,,,,2,15,0,,1,complete_arenosol_brick,,,blocks.stone,blockd.stone,blockd.stone,167015,2,1,,c79d59,,,,,,,6,15,15,,1,,,10,,,,,,,2,,255,0,1,,0.2,,,
167016,完整蘑古砖竖薄斜板,,,,,,verticaltrianglehalfslab,,4,4,,,,1,1,3,0,0,2,,,,,100,15,1,0,,0,,167016,10000,0,0,167016,10000,,,,2,15,0,,1,large_blue_rock_brick,,,blocks.stone,blocks.stone,blocks.stone,167016,2,1,,263235,,,,,,,6,15,15,,1,,,10,,,,,,,2,,255,0,1,,0.2,,,
167017,完整魔古砖竖薄斜板,,,,,,verticaltrianglehalfslab,,4,4,,,,1,1,3,0,0,2,,,,,100,15,1,0,,0,,167017,10000,0,0,167017,10000,,,,2,15,10,,1,magic-mithsilver_block,,,blocks.stone,blocks.stone,blocks.stone,167017,2,1,,413250,,,,,,,6,15,15,,1,,,10,,,,,,,2,f6e8ff,255,0,1,,0.2,,,
167018,宝石蓝竖薄斜板,,,,,,verticaltrianglehalfslab,,4,4,,,,1,1,3,0,0,2,,,,,100,6,1,0,,0,,167018,10000,0,0,167018,10000,,,,2,15,0,,1,planks_sapphireblue,,,blocks.wood,blocks.wood,blockd.wood,167018,1,1,,3b82f6,,,,,,,6,15,15,,1,,,10,,,,,,,2,,255,0,1,,0.2,,,
167019,花青紫竖薄斜板,,,,,,verticaltrianglehalfslab,,4,4,,,,1,1,3,0,0,2,,,,,100,6,1,0,,0,,167019,10000,0,0,167019,10000,,,,2,15,0,,1,planks_anthocyaninpurple,,,blocks.wood,blocks.wood,blockd.wood,167019,1,1,,9b4dca,,,,,,,6,15,15,,1,,,10,,,,,,,2,,255,0,1,,0.2,,,
167020,浅色水蘑石竖薄斜板,,,,,,verticaltrianglehalfslab,,4,4,,,,1,1,3,0,0,2,,,,,100,10,1,0,,0,,167020,10000,0,0,167020,10000,,,,2,15,0,,1,terrazzo_pale,,,blocks.stone,blocks.stone,blockd.stone,167020,2,1,,f5f5f5,,,,,,,6,15,15,,1,,,10,,,,,,,2,,255,0,1,,0.2,,,
167021,天青蓝水蘑石竖薄斜板,,,,,,verticaltrianglehalfslab,,4,4,,,,1,1,3,0,0,2,,,,,100,10,1,0,,0,,167021,10000,0,0,167021,10000,,,,2,15,0,,1,terrazzo_skyblue,,,blocks.stone,blocks.stone,blockd.stone,167021,2,1,,87ceeb,,,,,,,6,15,15,,1,,,10,,,,,,,2,,255,0,1,,0.2,,,
167022,菌菇板竖薄斜板,,,,,,verticaltrianglehalfslab,,4,4,,,,1,1,3,0,0,2,,,,,1,5,1,0,,0,,167022,10000,0,0,167022,10000,,,,2,15,0,,1,mushroom_plank,,,blocks.wood,blocks.wood,blocks.wood,167022,1,1,,c67b5b,,,,,,,6,15,15,,1,,,10,,,,,,,2,,255,0,1,,0.2,,,
167023,精制完整石竖薄斜板,,,,,,verticaltrianglehalfslab,,4,4,,,,1,1,3,0,0,2,,,,,100,15,1,0,,0,,167023,10000,0,0,167023,10000,,,,2,15,0,,1,refined_complete_stone_brick,,,blocks.stone,blocks.stone,blocks.stone,167023,2,1,,84887e,,,,,,,6,15,15,,1,,,10,,,,,,,2,,255,0,1,,0.2,,,
167024,精制完整镶边石竖薄斜板,,,,,,verticaltrianglehalfslab,,4,4,,,,1,1,3,0,0,2,,,,,100,15,1,0,,0,,167024,10000,0,0,167024,10000,,,,2,15,0,,1,refined_and_complete_edged_stone_brick,,,blocks.stone,blocks.stone,blocks.stone,167024,2,1,,84887e,,,,,,,6,15,15,,1,,,10,,,,,,,2,,255,0,1,,0.2,,,
167025,粗制完整石竖薄斜板,,,,,,verticaltrianglehalfslab,,4,4,,,,1,1,3,0,0,2,,,,,100,15,1,0,,0,,167025,10000,0,0,167025,10000,,,,2,15,0,,1,rough_complete_stone_brick,,,blocks.stone,blocks.stone,blocks.stone,167025,2,1,,84887e,,,,,,,6,15,15,,1,,,10,,,,,,,2,,255,0,1,,0.2,,,
167026,魔古砖竖薄斜板,,,,,,verticaltrianglehalfslab,,4,4,,,,1,1,3,0,0,2,,,,,100,15,1,0,,0,,167026,10000,0,0,167026,10000,,,,2,15,0,,1,mogu_brick,,,blocks.stone,blocks.stone,blocks.stone,167026,2,1,,C0C0C0,,,,,,,6,15,15,,1,,,10,,,,,,,2,,255,0,1,,0.2,,,
167027,横格釉面砖竖薄斜板,,,,,,verticaltrianglehalfslab,,4,4,,,,1,1,3,0,0,2,,,,,100,15,1,0,,0,,167027,10000,0,0,167027,10000,,,,2,15,0,,1,glazed_tile_1,,,blocks.stone,blocks.stone,blocks.stone,167027,2,1,,84887e,,,,,,,6,15,15,,1,,,10,,,,,,,2,,255,0,1,,0.2,,,
167028,完整釉面砖竖薄斜板,,,,,,verticaltrianglehalfslab,,4,4,,,,1,1,3,0,0,2,,,,,100,15,1,0,,0,,167028,10000,0,0,167028,10000,,,,2,15,0,,1,complete_glazed_block,,,blocks.stone,blocks.stone,blocks.stone,167028,2,1,,84887e,,,,,,,6,15,15,,1,,,10,,,,,,,2,,255,0,1,,0.2,,,
167029,绿白马赛克釉面砖竖薄斜板,,,,,,verticaltrianglehalfslab,,4,4,,,,1,1,3,0,0,2,,,,,100,15,1,0,,0,,167029,10000,0,0,167029,10000,,,,2,15,0,,1,green_white_mosaic_glazed_block,,,blocks.stone,blocks.stone,blocks.stone,167029,2,1,,D0C4A8,,,,,,,6,15,15,,1,,,10,,,,,,,2,,255,0,1,,0.2,,,
167030,灰绿马赛克釉面砖竖薄斜板,,,,,,verticaltrianglehalfslab,,4,4,,,,1,1,3,0,0,2,,,,,100,15,1,0,,0,,167030,10000,0,0,167030,10000,,,,2,15,0,,1,gray_green_mosaic_glazed_block,,,blocks.stone,blocks.stone,blocks.stone,167030,2,1,,788D6F,,,,,,,6,15,15,,1,,,10,,,,,,,2,,255,0,1,,0.2,,,
167031,灰蓝马赛克釉面砖竖薄斜板,,,,,,verticaltrianglehalfslab,,4,4,,,,1,1,3,0,0,2,,,,,100,15,1,0,,0,,167031,10000,0,0,167031,10000,,,,2,15,0,,1,gray_blue_mosaic_glazed_block,,,blocks.stone,blocks.stone,blocks.stone,167031,2,1,,B4BDBF,,,,,,,6,15,15,,1,,,10,,,,,,,2,,255,0,1,,0.2,,,
168000,168000-168999为多边形竖大薄斜板方块,,,,,,,,,,,,,,,,,,,,,,,,,,,,,,168000,,,,168000,,,,,,,,,,,,,,,,168000,,,,,,,,,,,,,,,1,,,,,,,,,,0,,0,,0,,0,,,
168001,软雪竖大薄斜板,,,,,,verticaltriangleslab,,,,,,,1,0,3,0,0,2,,,,,3,1.5,1,0,,0,,167001,10000,0,0,167001,10000,,,,2,15,0,,1,snow,,,blocks.snow,blockd.snow,,167001,3,1,,d4f4f5,,,,,,160001,0,15,15,,1,,,,,,,,,,2,,255,0,1,,0.2,,,
168002,厚雪竖大薄斜板,,,,,,verticaltriangleslab,,,,,,,1,1,3,0,0,2,,,,,3,1.5,1,0,,0,,167002,10000,0,0,167002,10000,,,,2,15,0,,1,snow,,,blocks.snow,blockd.snow,,167002,3,1,,d4f4f5,,,,,,122,6,15,15,,1,,,,,,,,,,2,,255,0,1,,0.2,,,
168003,自然冰竖大薄斜板,,,,,,verticaltriangleslab,,,,,,,1,1,3,0,0,2,,,,,7.5,5,1.6,0,,0,,167003,10000,0,0,167003,10000,,,,2,15,0,,1,ice,,,blocks.stone,blockd.stone,,167003,2,1,,5bc0ee,,,,,,123,6,15,15,,1,,,1,,,,,,,2,,255,0,1,,0.2,,,
168004,永冻冰竖大薄斜板,,,,,,verticaltriangleslab,,,,,,,1,1,3,0,0,2,,,,,30,5,1.6,0,,0,,167004,10000,0,0,167004,10000,,,,2,15,4,,1,eternal_ice,,,blocks.stone,blockd.stone,,167004,2,1,,5bc0ee,,,,,,160002,6,15,15,,1,,,1,,,,,,,2,c6d6dc,255,0,1,,0.2,,,2
168005,[水墨]黑墨竖大薄斜板,,,,,,verticaltriangleslab,,,,,,,1,1,3,0,0,2,,,,,30,5,1,0,,0,,167005,10000,0,0,167005,10000,,,,2,15,0,,1,ink_black,,,blocks.stone,blockd.stone,,167005,2,1,,5bc0ee,,,,,,160003,6,15,15,,1,,,1,,,,,,,2,,255,0,1,,0.5,,,
168006,[水墨]灰墨竖大薄斜板,,,,,,verticaltriangleslab,,,,,,,1,1,3,0,0,2,,,,,30,5,1,0,,0,,167006,10000,0,0,167006,10000,,,,2,15,0,,1,ink_grey,,,blocks.stone,blockd.stone,,167006,2,1,,5bc0ee,,,,,,160004,6,15,15,,1,,,1,,,,,,,2,,255,0,1,,0.5,,,
168007,[水墨]墨灰砖竖大薄斜板,,,,,,verticaltriangleslab,,,,,,,1,1,3,0,0,2,,,,,30,5,1,0,,0,,167007,10000,0,0,167007,10000,,,,2,15,0,,1,ink_greybrick,,,blocks.stone,blockd.stone,,167007,2,1,,5bc0ee,,,,,,160005,6,15,15,,1,,,1,,,,,,,2,,255,0,1,,0.5,,,
168008,[水墨]墨白砖竖大薄斜板,,,,,,verticaltriangleslab,,,,,,,1,1,3,0,0,2,,,,,30,5,1,0,,0,,167008,10000,0,0,167008,10000,,,,2,15,0,,1,ink_whitebrick,,,blocks.stone,blockd.stone,,167008,2,1,,5bc0ee,,,,,,160006,6,15,15,,1,,,1,,,,,,,2,,255,0,1,,0.5,,,
168009,[水墨]宣纸竖薄大斜板,,,,,,verticaltriangleslab,,,,,,,1,1,3,0,0,2,,,,,30,5,1,0,,0,,167009,10000,0,0,167009,10000,,,,2,15,0,,1,xuanzhi,,,blocks.stone,blockd.stone,,167009,2,1,,5bc0ee,,,,,,160007,6,15,15,,1,,,1,,,,,,,2,,255,0,1,,0.5,,,
168010,[水墨]瓦片竖薄大斜板,,,,,,verticaltriangleslab,,,,,,,1,1,3,0,0,2,,,,,30,5,1,0,,0,,167010,10000,0,0,167010,10000,,,,2,15,0,,1,wapian,,,blocks.stone,blockd.stone,,167010,2,1,,5bc0ee,,,,,,160008,6,15,15,,1,,,1,,,,,,,2,,255,0,1,,0.5,,,
168011,[水墨]茅草竖薄大斜板,,,,,,verticaltriangleslab,,,,,,,1,1,3,0,0,2,,,,,30,5,1,0,,0,,167011,10000,0,0,167011,10000,,,,2,15,0,,1,maocao,,,blocks.stone,blockd.stone,,167011,2,1,,5bc0ee,,,,,,160009,6,15,15,,1,,,1,,,,,,,2,,255,0,1,,0.5,,,
168012,[水墨]青瓦竖薄大斜板,,,,,,verticaltriangleslab,,,,,,,1,1,3,0,0,2,,,,,30,5,1,0,,0,,167012,10000,0,0,167012,10000,,,,2,15,0,,1,qingwa,,,blocks.stone,blockd.stone,,167012,2,1,,5bc0ee,,,,,,160010,6,15,15,,1,,,1,,,,,,,2,,255,0,1,,0.5,,,
168013,完整土砖竖薄大斜板,,,,,,verticaltriangleslab,,,,,,,1,1,3,0,0,2,,,,,50,12,1,0,,0,,167013,10000,0,0,167013,10000,,,,2,15,0,,1,complete_adobe_brick,,,blocks.stone,blockd.stone,,167013,2,1,,84887e,,,,,,160012,6,15,15,,1,,,10,,,,,,,2,,255,0,1,,0.2,,,
168014,完整黄砖竖薄大斜板,,,,,,verticaltriangleslab,,,,,,,1,1,3,0,0,2,,,,,50,12,1,0,,0,,167014,10000,0,0,167014,10000,,,,2,15,0,,1,complete_sand_brick,,,blocks.stone,blockd.stone,,167014,2,1,,84887e,,,,,,160018,6,15,15,,1,,,10,,,,,,,2,,255,0,1,,0.2,,,
168015,完整砂土砖竖薄大斜板,,,,,,verticaltriangleslab,,,,,,,1,1,3,0,0,2,,,,,50,12,1,0,,0,,167015,10000,0,0,167015,10000,,,,2,15,0,,1,complete_arenosol_brick,,,blocks.stone,blockd.stone,,167015,2,1,,c79d59,,,,,,160024,6,15,15,,1,,,10,,,,,,,2,,255,0,1,,0.2,,,
168016,完整蘑古砖竖薄大斜板,,,,,,verticaltriangleslab,,,,,,,1,1,3,0,0,2,,,,,100,15,1,0,,0,,167016,10000,0,0,167016,10000,,,,2,15,0,,1,large_blue_rock_brick,,,blocks.stone,blocks.stone,blocks.stone,167016,2,1,,C0C0C0,,,,,,160028,6,15,15,,1,,,10,,,,,,,2,,255,0,1,,0.2,,,
168017,完整魔古砖竖薄大斜板,,,,,,verticaltriangleslab,,,,,,,1,1,3,0,0,2,,,,,100,15,1,0,,0,,167017,10000,0,0,167017,10000,,,,2,15,10,,1,magic-mithsilver_block,,,blocks.stone,blocks.stone,blocks.stone,167017,2,1,,C0C0C0,,,,,,160029,6,15,15,,1,,,10,,,,,,,2,f6e8ff,255,0,1,,0.2,,,
168018,宝石蓝竖大薄斜板,,,,,,verticaltriangleslab,,,,,,,1,1,3,0,0,2,,,,,100,15,1,0,,0,,167018,10000,0,0,167018,10000,,,,2,15,0,,1,planks_sapphireblue,,,blocks.wood,blocks.wood,blockd.wood,167018,2,1,,3b82f6,,,,,,160030,6,15,15,,1,,,10,,,,,,,2,,255,0,1,,0.2,,,
168019,花青紫竖大薄斜板,,,,,,verticaltriangleslab,,,,,,,1,1,3,0,0,2,,,,,100,15,1,0,,0,,167019,10000,0,0,167019,10000,,,,2,15,0,,1,planks_anthocyaninpurple,,,blocks.wood,blocks.wood,blockd.wood,167019,2,1,,9b4dca,,,,,,160031,6,15,15,,1,,,10,,,,,,,2,,255,0,1,,0.2,,,
168020,浅色水蘑石竖大薄斜板,,,,,,verticaltriangleslab,,,,,,,1,1,3,0,0,2,,,,,100,15,1,0,,0,,167020,10000,0,0,167020,10000,,,,2,15,0,,1,terrazzo_pale,,,blocks.stone,blocks.stone,blockd.stone,167020,2,1,,f5f5f5,,,,,,160032,6,15,15,,1,,,10,,,,,,,2,,255,0,1,,0.2,,,
168021,天青蓝水蘑石竖大薄斜板,,,,,,verticaltriangleslab,,,,,,,1,1,3,0,0,2,,,,,100,15,1,0,,0,,167021,10000,0,0,167021,10000,,,,2,15,0,,1,terrazzo_skyblue,,,blocks.stone,blocks.stone,blockd.stone,167021,2,1,,87ceeb,,,,,,160033,6,15,15,,1,,,10,,,,,,,2,,255,0,1,,0.2,,,
168022,菌菇板竖大薄斜板,,,,,,verticaltriangleslab,,,,,,,1,1,3,0,0,2,,,,,1,30,1,0,,0,,167022,10000,0,0,167022,10000,,,,2,15,0,,1,mushroom_plank,,,blocks.wood,blocks.wood,blocks.wood,167022,2,1,,c67b5b,,,,,,160034,6,15,15,,1,,,10,,,,,,,2,,255,0,1,,0.2,,,
168023,精制完整石竖大薄斜板,,,,,,verticaltriangleslab,,,,,,,1,1,3,0,0,2,,,,,100,15,1,0,,0,,167023,10000,0,0,167023,10000,,,,2,15,0,,1,refined_complete_stone_brick,,,blocks.stone,blocks.stone,blockd.stone,167023,2,1,,84887e,,,,,,160036,6,15,15,,1,,,10,,,,,,,2,,255,0,1,,0.2,,,
168024,精制完整镶边石竖大薄斜板,,,,,,verticaltriangleslab,,,,,,,1,1,3,0,0,2,,,,,100,15,1,0,,0,,167024,10000,0,0,167024,10000,,,,2,15,0,,1,refined_and_complete_edged_stone_brick,,,blocks.stone,blocks.stone,blockd.stone,167024,2,1,,84887e,,,,,,160039,6,15,15,,1,,,10,,,,,,,2,,255,0,1,,0.2,,,
168025,粗制完整石竖大薄斜板,,,,,,verticaltriangleslab,,,,,,,1,1,3,0,0,2,,,,,100,15,1,0,,0,,167025,10000,0,0,167025,10000,,,,2,15,0,,1,rough_complete_stone_brick,,,blocks.stone,blocks.stone,blockd.stone,167025,2,1,,84887e,,,,,,160043,6,15,15,,1,,,10,,,,,,,2,,255,0,1,,0.2,,,
168026,魔古砖竖大薄斜板,,,,,,verticaltriangleslab,,,,,,,1,1,3,0,0,2,,,,,100,15,1,0,,0,,167026,10000,0,0,167026,10000,,,,2,15,0,,1,mogu_brick,,,blocks.stone,blocks.stone,blocks.stone,167026,2,1,,C0C0C0,,,,,,160027,6,15,15,,1,,,10,,,,,,,2,,255,0,1,,0.2,,,
168027,横格釉面砖竖大薄斜板,,,,,,verticaltriangleslab,,,,,,,1,1,3,0,0,2,,,,,100,15,1,0,,0,,167027,10000,0,0,167027,10000,,,,2,15,0,,1,glazed_tile_1,,,blocks.stone,blocks.stone,blocks.stone,167027,2,1,,84887e,,,,,,426,6,15,15,,1,,,10,,,,,,,2,,255,0,1,,0.2,,,
168028,完整釉面砖竖大薄斜板,,,,,,verticaltriangleslab,,,,,,,1,1,3,0,0,2,,,,,100,15,1,0,,0,,167028,10000,0,0,167028,10000,,,,2,15,0,,1,complete_glazed_block,,,blocks.stone,blocks.stone,blocks.stone,167028,2,1,,84887e,,,,,,160051,6,15,15,,1,,,10,,,,,,,2,,255,0,1,,0.2,,,
168029,绿白马赛克釉面砖竖大薄斜板,,,,,,verticaltriangleslab,,,,,,,1,1,3,0,0,2,,,,,100,15,1,0,,0,,167029,10000,0,0,167029,10000,,,,2,15,0,,1,green_white_mosaic_glazed_block,,,blocks.stone,blocks.stone,blocks.stone,167029,2,1,,D0C4A8,,,,,,160052,6,15,15,,1,,,10,,,,,,,2,,255,0,1,,0.2,,,
168030,灰绿马赛克釉面砖竖大薄斜板,,,,,,verticaltriangleslab,,,,,,,1,1,3,0,0,2,,,,,100,15,1,0,,0,,167030,10000,0,0,167030,10000,,,,2,15,0,,1,gray_green_mosaic_glazed_block,,,blocks.stone,blocks.stone,blocks.stone,167030,2,1,,788D6F,,,,,,160053,6,15,15,,1,,,10,,,,,,,2,,255,0,1,,0.2,,,
168031,灰蓝马赛克釉面砖竖大薄斜板,,,,,,verticaltriangleslab,,,,,,,1,1,3,0,0,2,,,,,100,15,1,0,,0,,167031,10000,0,0,167031,10000,,,,2,15,0,,1,gray_blue_mosaic_glazed_block,,,blocks.stone,blocks.stone,blocks.stone,167031,2,1,,B4BDBF,,,,,,160054,6,15,15,,1,,,10,,,,,,,2,,255,0,1,,0.2,,,
169000,168000-169999为多边形楼梯方块,,,,,,,,,,,,,,,,,,,,,,,,,,,,,,169000,,,,169000,,,,,,,,,,,,,,,,169000,,,,,,,,,,,,,,,1,,,,,,,,,,0,,0,,0,,0,,,
169001,厚雪楼梯,,,,,,stair,3,4,4,,,,1,1,3,0,0,2,,,,,3,1.5,1,0,,0,,169001,10000,0,0,169001,10000,,,,2,15,0,1,1,snow,stair,,blocks.snow,blockd.snow,,169001,3,1,,d4f4f5,,,,,,,2,15,15,,1,,,,,,,,,,2,,255,0,1,,0.2,,1,
169002,自然冰楼梯,,,,,,stair,3,4,4,,,,1,1,3,0,0,2,,,,,5,5,1.6,0,,0,,169002,10000,0,0,169002,10000,,,,2,15,0,1,1,ice,stair,,blocks.stone,blockd.stone,,169002,2,1,,5bc0ee,,,,,,,2,15,15,,1,,,1,,,,,,,2,,255,0,1,,0.2,,1,
169003,永冻冰楼梯,,,,,,stair,3,4,4,,,,1,1,3,0,0,2,,,,,20,5,1.6,0,,0,,169003,10000,0,0,169003,10000,,,,2,15,4,1,1,eternal_ice,stair,,blocks.stone,blockd.stone,,169003,2,1,,5bc0ee,,,,,,,2,15,15,,1,,,1,,,,,,,2,c6d6dc,255,0,1,,0.2,,1,2
169004,[水墨]黑墨楼梯,,,,,,stair,3,4,4,,,,1,1,3,0,0,2,,,,,20,5,1,0,,0,,169004,10000,0,0,169004,10000,,,,2,15,0,1,1,ink_black,stair,,blocks.stone,blockd.stone,,169004,2,1,,5bc0ee,,,,,,,2,15,15,,1,,,1,,,,,,,2,,255,0,1,,0.5,,1,
169005,[水墨]灰墨楼梯,,,,,,stair,3,4,4,,,,1,1,3,0,0,2,,,,,20,5,1,0,,0,,169005,10000,0,0,169005,10000,,,,2,15,0,1,1,ink_grey,stair,,blocks.stone,blockd.stone,,169005,2,1,,5bc0ee,,,,,,,2,15,15,,1,,,1,,,,,,,2,,255,0,1,,0.5,,1,
169006,[水墨]墨灰砖楼梯,,,,,,stair,3,4,4,,,,1,1,3,0,0,2,,,,,20,5,1,0,,0,,169006,10000,0,0,169006,10000,,,,2,15,0,1,1,ink_greybrick,stair,,blocks.stone,blockd.stone,,169006,2,1,,5bc0ee,,,,,,,2,15,15,,1,,,1,,,,,,,2,,255,0,1,,0.5,,1,
169007,[水墨]墨白砖楼梯,,,,,,stair,3,4,4,,,,1,1,3,0,0,2,,,,,20,5,1,0,,0,,169007,10000,0,0,169007,10000,,,,2,15,0,1,1,ink_whitebrick,stair,,blocks.stone,blockd.stone,,169007,2,1,,5bc0ee,,,,,,,2,15,15,,1,,,1,,,,,,,2,,255,0,1,,0.5,,1,
169008,[水墨]宣纸楼梯,,,,,,stair,3,4,4,,,,1,1,3,0,0,2,,,,,20,5,1,0,,0,,169008,10000,0,0,169008,10000,,,,2,15,0,1,1,xuanzhi,stair,,blocks.stone,blockd.stone,,169008,2,1,,5bc0ee,,,,,,,2,15,15,,1,,,1,,,,,,,2,,255,0,1,,0.5,,1,
169009,[水墨]瓦片楼梯,,,,,,stair,3,4,4,,,,1,1,3,0,0,2,,,,,20,5,1,0,,0,,169009,10000,0,0,169009,10000,,,,2,15,0,1,1,wapian,stair,,blocks.stone,blockd.stone,,169009,2,1,,5bc0ee,,,,,,,2,15,15,,1,,,1,,,,,,,2,,255,0,1,,0.5,,1,
169010,[水墨]茅草楼梯,,,,,,stair,3,4,4,,,,1,1,3,0,0,2,,,,,20,5,1,0,,0,,169010,10000,0,0,169010,10000,,,,2,15,0,1,1,maocao,stair,,blocks.stone,blockd.stone,,169010,2,1,,5bc0ee,,,,,,,2,15,15,,1,,,1,,,,,,,2,,255,0,1,,0.5,,1,
169011,[水墨]青瓦楼梯,,,,,,stair,3,4,4,,,,1,1,3,0,0,2,,,,,20,5,1,0,,0,,169011,10000,0,0,169011,10000,,,,2,15,0,1,1,qingwa,stair,,blocks.stone,blockd.stone,,169011,2,1,,5bc0ee,,,,,,,2,15,15,,1,,,1,,,,,,,2,,255,0,1,,0.5,,1,
169012,花横纹土砖楼梯,,,,,,stair,3,4,4,,,,1,1,3,0,0,2,,,,,50,12,1,0,,0,,169012,10000,0,0,169012,10000,,,,2,15,0,1,1,horizontal_striped_patterned_adobe_brick,stair,,blocks.stone,blockd.stone,blockd.stone,169012,2,1,,84887e,,,,,,,2,15,15,,1,,,10,,,,,,,2,,255,0,1,,0.2,,1,
169013,花横纹黄砖楼梯,,,,,,stair,3,4,4,,,,1,1,3,0,0,2,,,,,50,12,1,0,,0,,169013,10000,0,0,169013,10000,,,,2,15,0,1,1,horizontal_striped_patterned_sand_brick,stair,,blocks.stone,blockd.stone,blockd.stone,169013,2,1,,84887e,,,,,,,2,15,15,,1,,,10,,,,,,,2,,255,0,1,,0.2,,1,
169014,多格砂土砖楼梯,,,,,,stair,3,4,4,,,,1,1,3,0,0,2,,,,,50,12,1,0,,0,,169014,10000,0,0,169014,10000,,,,2,15,0,1,1,multi_grid_arenosol_brick,stair,,blocks.stone,blockd.stone,blockd.stone,169014,2,1,,c79d59,,,,,,,2,15,15,,1,,,10,,,,,,,2,,255,0,1,,0.2,,1,
169015,蘑古砖楼梯,,,,,,stair,3,4,4,,,,1,1,3,0,0,2,,,,,100,15,1,0,,0,,169015,10000,0,0,169015,10000,,,,2,15,0,1,1,blue_rock_brick,stair,,blocks.stone,blockd.stone,blocks.stone,169015,2,1,,263235,,,,,,,2,15,15,,1,,,10,,,,,,,2,,255,0,1,,0.2,,1,
169016,魔古砖楼梯,,,,,,stair,3,4,4,,,,1,1,3,0,0,2,,,,,100,15,1,0,,0,,169016,10000,0,0,169016,10000,,,,2,15,0,1,1,mogu_brick,stair,,blocks.stone,blockd.stone,blocks.stone,169016,2,1,,413250,,,,,,,2,15,15,,1,,,10,,,,,,,2,,255,0,1,,0.2,,1,
169017,宝石蓝楼梯,,,,,,stair,3,4,4,,,,1,1,3,0,0,2,,,,,100,6,1,0,,0,,169017,10000,0,0,169017,10000,,,,2,15,0,1,1,planks_sapphireblue_horizontal,stair,,blocks.wood,blocks.wood,blockd.wood,169017,1,1,,3b82f6,,,,,,,2,15,15,,1,,,10,,,,,,,2,,255,0,1,,0.2,,1,
169018,花青紫楼梯,,,,,,stair,3,4,4,,,,1,1,3,0,0,2,,,,,100,6,1,0,,0,,169018,10000,0,0,169018,10000,,,,2,15,0,1,1,planks_anthocyaninpurple,stair,,blocks.wood,blocks.wood,blockd.wood,169018,1,1,,9b4dca,,,,,,,2,15,15,,1,,,10,,,,,,,2,,255,0,1,,0.2,,1,
169019,浅色水蘑石楼梯,,,,,,stair,3,4,4,,,,1,1,3,0,0,2,,,,,100,10,1,0,,0,,169019,10000,0,0,169019,10000,,,,2,15,0,1,1,terrazzo_pale,stair,,blocks.stone,blocks.stone,blockd.stone,169019,2,1,,f5f5f5,,,,,,,2,15,15,,1,,,10,,,,,,,2,,255,0,1,,0.2,,1,
169020,天青蓝水蘑石楼梯,,,,,,stair,3,4,4,,,,1,1,3,0,0,2,,,,,100,10,1,0,,0,,169020,10000,0,0,169020,10000,,,,2,15,0,1,1,terrazzo_skyblue,stair,,blocks.stone,blocks.stone,blockd.stone,169020,2,1,,87ceeb,,,,,,,2,15,15,,1,,,10,,,,,,,2,,255,0,1,,0.2,,1,
169021,菌菇板楼梯,,,,,,stair,3,4,4,,,,1,1,3,0,0,2,,,,,1,5,1,0,,0,,169021,10000,0,0,169021,10000,,,,2,15,0,1,1,mushroom_plank_horizontal,stair,,blocks.wood,blockd.wood,blocks.wood,169021,1,1,,c67b5b,,,,,,,2,15,15,,1,,,10,,,,,,,2,,255,0,1,,0.2,,1,
169022,精制花横纹石楼梯,,,,,,stair,3,4,4,,,,1,1,3,0,0,2,,,,,100,15,1,0,,0,,169022,10000,0,0,169022,10000,,,,2,15,0,1,1,refined_horizontal_striped_patterned_stone_brick,stair,,blocks.stone,blockd.stone,blocks.stone,169022,2,1,,84887e,,,,,,,2,15,15,,1,,,10,,,,,,,2,,255,0,1,,0.2,,1,
169023,粗制多格石楼梯,,,,,,stair,3,4,4,,,,1,1,3,0,0,2,,,,,100,15,1,0,,0,,169023,10000,0,0,169023,10000,,,,2,15,0,1,1,rough_multi_grid_stone_brick,stair,,blocks.stone,blockd.stone,blocks.stone,169023,2,1,,84887e,,,,,,,2,15,15,,1,,,10,,,,,,,2,,255,0,1,,0.2,,1,
169024,横格釉面砖楼梯,,,,,,stair,3,4,4,,,,1,1,3,0,0,2,,,,,100,15,1,0,,0,,169024,10000,0,0,169024,10000,,,,2,15,0,1,1,glazed_tile_1,stair,,blocks.stone,blockd.stone,blocks.stone,169024,2,1,,84887e,,,,,,,2,15,15,,1,,,10,,,,,,,2,,255,0,1,,0.2,,1,
169025,绿白马赛克釉面砖楼梯,,,,,,stair,3,4,4,,,,1,1,3,0,0,2,,,,,100,15,1,0,,0,,169025,10000,0,0,169025,10000,,,,2,15,0,1,1,green_white_mosaic_glazed_block,stair,,blocks.stone,blockd.stone,blocks.stone,169025,2,1,,D0C4A8,,,,,,,2,15,15,,1,,,10,,,,,,,2,,255,0,1,,0.2,,1,
169026,灰绿马赛克釉面砖楼梯,,,,,,stair,3,4,4,,,,1,1,3,0,0,2,,,,,100,15,1,0,,0,,169026,10000,0,0,169026,10000,,,,2,15,0,1,1,gray_green_mosaic_glazed_block,stair,,blocks.stone,blockd.stone,blocks.stone,169026,2,1,,788D6F,,,,,,,2,15,15,,1,,,10,,,,,,,2,,255,0,1,,0.2,,1,
169027,灰蓝马赛克釉面砖楼梯,,,,,,stair,3,4,4,,,,1,1,3,0,0,2,,,,,100,15,1,0,,0,,169027,10000,0,0,169027,10000,,,,2,15,0,1,1,gray_blue_mosaic_glazed_block,stair,,blocks.stone,blockd.stone,blocks.stone,169027,2,1,,B4BDBF,,,,,,,2,15,15,,1,,,10,,,,,,,2,,255,0,1,,0.2,,1,
170000,170000-170999为三棱柱方块,,,,,,,,,,,,,,,,,,,,,,,,,,,,,,170000,,,,170000,,,,,,,,,,,,,,,,170000,,,,,,,,,,,,,,,,,,,,,,,,,0,,0,,0,,0,,,
170001,星球岩三棱柱,,,,,,triangularPrism,3,4,4,,,,1,1,3,0,0,2,,,,,500,15,1,0,,0,,170001,10000,0,0,170001,10000,,,,2,15,0,,1,Planetstonebrick,,,blocks.stone,blocks.stone,blocks.stone,170001,2,1,,C0C0C0,,,,,,,6,15,15,,1,,,10,,,,,,,2,,255,0,1,,0.2,,,
170002,竹板三棱柱,,,,,,triangularPrism,3,4,4,,,,1,1,3,0,0,2,,,,,25,6,1,2,20,2,,170002,10000,0,0,170002,10000,,,,2,15,0,,1,planks_bamboo,,,blocks.wood,blockd.wood,blockd.wood,170002,1,1,,c1a661,,,,,,,6,15,15,,1,,,1,,,,,,,2,,255,0,1,,0.2,,,
170003,胭脂红三棱柱,,,,,,triangularPrism,3,4,4,,,,1,1,3,0,0,2,,,,,25,6,1,2,100,2,,170003,10000,0,0,170003,10000,,,,2,15,0,,1,planks_peachblossom,,,blocks.wood,blockd.wood,blockd.wood,170003,1,1,,7c6037,,,,,,,6,15,15,,1,,,1,,,,,,,2,,255,0,1,,0.2,,,
170004,水泥砖三棱柱,,,,,,triangularPrism,3,4,4,,,,1,1,3,0,0,2,,,,,70,12,1,0,,0,,170004,10000,0,0,170004,10000,,,,2,15,0,,1,brick,,,blocks.stone,blockd.stone,blockd.stone,170004,2,1,,8d5845,,,,,,,6,15,15,,1,,,10,,,,,,,2,,255,0,1,,0.2,,,
170005,硫黄砖三棱柱,,,,,,triangularPrism,3,4,4,,,,1,1,3,0,0,2,,,,,40,12,1,0,,0,,170005,10000,0,0,170005,10000,,,,2,15,0,,1,sulfur_brick,,,blocks.stone,blockd.stone,blockd.stone,170005,2,1,,8e452a,,,,,,,6,15,15,,1,,,10,,,,,,,2,,255,0,1,,0.2,,,
170006,石质三棱柱,,,,,,triangularPrism,3,4,4,,,,1,1,3,0,0,2,,,,,50,12,1,0,,0,,170006,10000,0,0,170006,10000,,,,2,15,0,,1,rock,,,blocks.stone,blockd.stone,blockd.stone,170006,2,1,,939188,,,,,,,6,15,15,,1,,,10,,,,,,,2,,255,0,1,,0.2,,,
170007,精制石三棱柱,,,,,,triangularPrism,3,4,4,,,,1,1,3,0,0,2,,,,,75,12,1,0,,0,,170007,10000,0,0,170007,10000,,,,2,15,0,,1,stonebrick,,,blocks.stone,blockd.stone,blockd.stone,170007,2,1,,84887e,,,,,,,6,15,15,,1,,,10,,,,,,,2,,255,0,1,,0.2,,,
170008,钛合金三棱柱,,,,,,triangularPrism,3,4,4,,,,1,1,3,0,0,2,,,,,200,60,1,0,,0,,170008,10000,0,0,170008,10000,,,,2,15,0,,1,titanium_block,,,blocks.stone,blockd.stone,blockd.stone,170008,2,1,,81c9fb,,,,,,,6,15,15,,1,,,10,,,,,,,2,,255,0,1,,6,26,,
170009,黄铜三棱柱,,,,,,triangularPrism,3,4,4,,,,1,1,3,0,0,2,,,,,200,40,1,0,,0,,170009,10000,0,0,170009,10000,,,,2,15,0,,1,brass_block,,,blocks.stone,blockd.stone,blockd.stone,170009,2,1,,81c9fb,,,,,,,6,15,15,,1,,,10,,,,,,,2,,255,0,1,,2,26,,
170010,云母三棱柱,,,,,,triangularPrism,3,4,4,,,,1,1,3,0,0,2,,,,,40,16,1,0,,0,,170010,10000,0,0,170010,10000,,,,2,15,0,,1,silica_block,,,blocks.stone,blockd.stone,blockd.stone,170010,2,1,,b7bcb7,,,,,,,6,15,15,,1,,,10,,,,,,,2,,255,0,1,,0.2,,,
170011,铁制三棱柱,,,,,,triangularPrism,3,4,4,,,,1,1,3,0,0,2,,,,1,60,60,1,0,,0,,170011,10000,0,0,170011,10000,,,,2,15,0,,1,sf_metel01,,,blocks.stone,blockd.stone,,170011,2,1,,077B01,,,,,,,6,15,15,,1,,,20,,,,,,,2,,255,0,1,,3,26,,
170012,炽炎三棱柱,,,,,,triangularPrism,3,4,4,,,,1,1,3,0,0,2,,,,,50,12,1,0,,0,,170012,10000,0,0,170012,10000,,,,2,15,4,,1,flamecrystal_block,,,blocks.stone,blockd.stone,blockd.stone,170012,2,1,,fac117,,,,,,,6,15,15,,1,,,10,,,,,,,2,f8c100,255,0,1,,2,,,2
170013,柠檬黄三棱柱,,,,,,triangularPrism,3,4,4,,,,1,1,3,0,0,2,,,,,50,12,1,2,20,2,,170013,10000,0,0,170013,10000,,,,2,15,0,,1,planks_arbor,,,blocks.wood,blocks.wood,blocks.wood,170013,1,1,,c1a661,,,,,,,6,15,15,,1,,,10,,,,,,,2,,255,0,1,,0.2,,,
170014,苍石灰三棱柱,,,,,,triangularPrism,3,4,4,,,,1,1,3,0,0,2,,,,,35,10,1,0,,0,,170014,10000,0,0,170014,10000,,,,2,15,0,1,1,planks_leafless,,,blocks.wood,blockd.wood,blockd.wood,170014,1,1,,7c6037,,,,,,,6,15,15,,1,,,1,,,,,,,2,,255,0,1,,0.2,,,
170015,深栗红三棱柱,,,,,,triangularPrism,3,4,4,,,,1,1,3,0,0,2,,,,,35,8,1,1,20,2,,170015,10000,0,0,170015,10000,,,,2,15,0,,1,planks_walnut,,,blocks.wood,blockd.wood,blockd.wood,170015,1,1,,452f20,,,,,,,6,15,15,,1,,,1,,,,,,,2,,255,0,1,,0.2,,,
170016,落日橙三棱柱,,,,,,triangularPrism,3,4,4,,,,1,1,3,0,0,2,,,,,35,8,1,1,20,1,,170016,10000,0,0,170016,10000,,,,2,15,0,,1,planks_phoebe,,,blocks.wood,blockd.wood,blockd.wood,170016,1,1,,be8254,,,,,,,6,15,15,,1,,,1,,,,,,,2,,255,0,1,,0.2,,,
170017,海棠红三棱柱,,,,,,triangularPrism,3,4,4,,,,1,1,3,0,0,2,,,,,35,8,1,1,20,1,,170017,10000,0,0,170017,10000,,,,2,15,0,,1,planks_redwood,,,blocks.wood,blockd.wood,blockd.wood,170017,1,1,,644b2b,,,,,,,6,15,15,,1,,,1,,,,,,,2,,255,0,1,,0.2,,,
170018,象牙白三棱柱,,,,,,triangularPrism,3,4,4,,,,1,1,3,0,0,2,,,,,32,7,1,2,5,1,,170018,10000,0,0,170018,10000,,,,2,15,0,,1,planks_birch,,,blocks.wood,blockd.wood,blockd.wood,170018,1,1,,dfdbc2,,,,,,,6,15,15,,1,,,1,,,,,,,2,,255,0,1,,0.2,,,
170019,秋叶橙三棱柱,,,,,,triangularPrism,3,4,4,,,,1,1,3,0,0,2,,,,,35,9,1,1,20,2,,170019,10000,0,0,170019,10000,,,,2,15,0,,1,planks_cathaya,,,blocks.wood,blockd.wood,blockd.wood,170019,1,1,,865d39,,,,,,,6,15,15,,1,,,1,,,,,,,2,,255,0,1,,0.2,,,
170020,三棱柱,,,,,,triangularPrism,3,4,4,,,,1,1,3,0,0,2,,,,,25,6,1,2,20,2,,170020,10000,0,0,170020,10000,,,,2,15,0,,1,planks_fruittree,,,blocks.wood,blockd.wood,blockd.wood,170020,1,1,,c1a661,,,,,,,6,15,15,,1,,,1,,,,,,,2,,255,0,1,,0.2,,,
170021,黄砖三棱柱,,,,,,triangularPrism,3,4,4,,,,1,1,3,0,0,2,,,,,50,12,1,0,,0,,170021,10000,0,0,170021,10000,,,,2,15,0,,1,sandstone,sandstone_normal,,blocks.stone,blockd.stone,blockd.stone,170021,2,1,,84887e,,,,,,,6,15,15,,1,,,10,,,,,,,2,,255,0,1,,0.2,,,
170022,锰块三棱柱,,,,,,triangularPrism,3,4,4,,,,1,1,3,0,0,2,,,,,50,40,1,0,,0,,170022,10000,0,0,170022,10000,,,,2,15,0,,1,manganese_block,,,blocks.stone,blockd.stone,blockd.stone,170022,2,1,,A58F78,,,,,,,6,15,15,,1,,,10,,,,,,,2,,255,0,1,,0.5,26,,
170023,浅苍灰三棱柱,,,,,,triangularPrism,3,4,4,,,,1,1,3,0,0,2,,,,,25,6,1,2,100,2,,170023,10000,0,0,170023,10000,,,,2,15,0,,1,planks_coconut,,,blocks.wood,blockd.wood,blockd.wood,170023,1,1,,7c6037,,,,,,,6,15,15,,1,,,1,,,,,,,2,,255,0,1,,0.2,,,
170024,软雪三棱柱,,,,,,triangularPrism,3,4,4,,,,1,1,3,0,0,2,,,,,3,1.5,1,0,,0,,170024,10000,0,0,170024,10000,,,,2,15,0,,1,snow,,,blocks.snow,blockd.snow,,170024,3,1,,d4f4f5,,,,,,,0,15,15,,1,,,,,,,,,,2,,255,0,1,,0.2,,,
170025,厚雪三棱柱,,,,,,triangularPrism,3,4,4,,,,1,1,3,0,0,2,,,,,3,1.5,1,0,,0,,170025,10000,0,0,170025,10000,,,,2,15,0,,1,snow,,,blocks.snow,blockd.snow,,170025,3,1,,d4f4f5,,,,,,,6,15,15,,1,,,,,,,,,,2,,255,0,1,,0.2,,,
170026,自然冰三棱柱,,,,,,triangularPrism,3,4,4,,,,1,1,3,0,0,2,,,,,5,5,1.6,0,,0,,170026,10000,0,0,170026,10000,,,,2,15,0,,1,ice,,,blocks.stone,blockd.stone,,170026,2,1,,5bc0ee,,,,,,,6,15,15,,1,,,1,,,,,,,2,,255,0,1,,0.2,,,
170027,永冻冰三棱柱,,,,,,triangularPrism,3,4,4,,,,1,1,3,0,0,2,,,,,20,5,1.6,0,,0,,170027,10000,0,0,170027,10000,,,,2,15,4,,1,eternal_ice,,,blocks.stone,blockd.stone,,170027,2,1,,5bc0ee,,,,,,,6,15,15,,1,,,1,,,,,,,2,c6d6dc,255,0,1,,0.2,,,2
170028,[水墨]黑墨三棱柱,,,,,,triangularPrism,3,4,4,,,,1,1,3,0,0,2,,,,,20,5,1,0,,0,,170028,10000,0,0,170028,10000,,,,2,15,0,,1,ink_black,,,blocks.stone,blockd.stone,,170028,2,1,,5bc0ee,,,,,,,6,15,15,,1,,,1,,,,,,,2,,255,0,1,,0.5,,,
170029,[水墨]灰墨三棱柱,,,,,,triangularPrism,3,4,4,,,,1,1,3,0,0,2,,,,,20,5,1,0,,0,,170029,10000,0,0,170029,10000,,,,2,15,0,,1,ink_grey,,,blocks.stone,blockd.stone,,170029,2,1,,5bc0ee,,,,,,,6,15,15,,1,,,1,,,,,,,2,,255,0,1,,0.5,,,
170030,[水墨]墨灰砖三棱柱,,,,,,triangularPrism,3,4,4,,,,1,1,3,0,0,2,,,,,20,5,1,0,,0,,170030,10000,0,0,170030,10000,,,,2,15,0,,1,ink_greybrick,,,blocks.stone,blockd.stone,,170030,2,1,,5bc0ee,,,,,,,6,15,15,,1,,,1,,,,,,,2,,255,0,1,,0.5,,,
170031,[水墨]墨白砖三棱柱,,,,,,triangularPrism,3,4,4,,,,1,1,3,0,0,2,,,,,20,5,1,0,,0,,170031,10000,0,0,170031,10000,,,,2,15,0,,1,ink_whitebrick,,,blocks.stone,blockd.stone,,170031,2,1,,5bc0ee,,,,,,,6,15,15,,1,,,1,,,,,,,2,,255,0,1,,0.5,,,
170032,[水墨]宣纸三棱柱,,,,,,triangularPrism,3,4,4,,,,1,1,3,0,0,2,,,,,20,5,1,0,,0,,170032,10000,0,0,170032,10000,,,,2,15,0,,1,xuanzhi,,,blocks.stone,blockd.stone,,170032,2,1,,5bc0ee,,,,,,,6,15,15,,1,,,1,,,,,,,2,,255,0,1,,0.5,,,
170033,[水墨]瓦片三棱柱,,,,,,triangularPrism,3,4,4,,,,1,1,3,0,0,2,,,,,20,5,1,0,,0,,170033,10000,0,0,170033,10000,,,,2,15,0,,1,wapian,,,blocks.stone,blockd.stone,,170033,2,1,,5bc0ee,,,,,,,6,15,15,,1,,,1,,,,,,,2,,255,0,1,,0.5,,,
170034,[水墨]茅草三棱柱,,,,,,triangularPrism,3,4,4,,,,1,1,3,0,0,2,,,,,20,5,1,0,,0,,170034,10000,0,0,170034,10000,,,,2,15,0,,1,maocao,,,blocks.stone,blockd.stone,,170034,2,1,,5bc0ee,,,,,,,6,15,15,,1,,,1,,,,,,,2,,255,0,1,,0.5,,,
170035,[水墨]青瓦三棱柱,,,,,,triangularPrism,3,4,4,,,,1,1,3,0,0,2,,,,,20,5,1,0,,0,,170035,10000,0,0,170035,10000,,,,2,15,0,,1,qingwa,,,blocks.stone,blockd.stone,,170035,2,1,,5bc0ee,,,,,,,6,15,15,,1,,,1,,,,,,,2,,255,0,1,,0.5,,,
170036,完整土砖三棱柱,,,,,,triangularPrism,3,4,4,,,,1,1,3,0,0,2,,,,,50,12,1,0,,0,,170036,10000,0,0,170036,10000,,,,2,15,0,,1,complete_adobe_brick,,,blocks.stone,blockd.stone,blockd.stone,170036,2,1,,84887e,,,,,,,6,15,15,,1,,,10,,,,,,,2,,255,0,1,,0.2,,,
170037,完整黄砖三棱柱,,,,,,triangularPrism,3,4,4,,,,1,1,3,0,0,2,,,,,50,12,1,0,,0,,170037,10000,0,0,170037,10000,,,,2,15,0,,1,complete_sand_brick,,,blocks.stone,blockd.stone,blockd.stone,170037,2,1,,84887e,,,,,,,6,15,15,,1,,,10,,,,,,,2,,255,0,1,,0.2,,,
170038,完整砂土砖三棱柱,,,,,,triangularPrism,3,4,4,,,,1,1,3,0,0,2,,,,,50,12,1,0,,0,,170038,10000,0,0,170038,10000,,,,2,15,0,,1,complete_arenosol_brick,,,blocks.stone,blockd.stone,blockd.stone,170038,2,1,,c79d59,,,,,,,6,15,15,,1,,,10,,,,,,,2,,255,0,1,,0.2,,,
170039,完整蘑古砖三棱柱,,,,,,triangularPrism,3,4,4,,,,1,1,3,0,0,2,,,,,100,15,1,0,,0,,170039,10000,0,0,170039,10000,,,,2,15,0,,1,large_blue_rock_brick,,,blocks.stone,blocks.stone,blocks.stone,170039,2,1,,263235,,,,,,,6,15,15,,1,,,10,,,,,,,2,,255,0,1,,0.2,,,
170040,完整魔古砖三棱柱,,,,,,triangularPrism,3,4,4,,,,1,1,3,0,0,2,,,,,100,15,1,0,,0,,170040,10000,0,0,170040,10000,,,,2,15,10,,1,magic-mithsilver_block,,,blocks.stone,blocks.stone,blocks.stone,170040,2,1,,413250,,,,,,,6,15,15,,1,,,10,,,,,,,2,f6e8ff,255,0,1,,0.2,,,
170041,宝石蓝三棱柱,,,,,,triangularPrism,3,4,4,,,,1,1,3,0,0,2,,,,,100,6,1,0,,0,,170041,10000,0,0,170041,10000,,,,2,15,0,,1,planks_sapphireblue,,,blocks.wood,blocks.wood,blockd.wood,170041,1,1,,3b82f6,,,,,,,6,15,15,,1,,,10,,,,,,,2,,255,0,1,,0.2,,,
170042,花青紫三棱柱,,,,,,triangularPrism,3,4,4,,,,1,1,3,0,0,2,,,,,100,6,1,0,,0,,170042,10000,0,0,170042,10000,,,,2,15,0,,1,planks_anthocyaninpurple,,,blocks.wood,blocks.wood,blockd.wood,170042,1,1,,9b4dca,,,,,,,6,15,15,,1,,,10,,,,,,,2,,255,0,1,,0.2,,,
170043,浅色水蘑石三棱柱,,,,,,triangularPrism,3,4,4,,,,1,1,3,0,0,2,,,,,100,10,1,0,,0,,170043,10000,0,0,170043,10000,,,,2,15,0,,1,terrazzo_pale,,,blocks.stone,blocks.stone,blockd.stone,170043,2,1,,f5f5f5,,,,,,,6,15,15,,1,,,10,,,,,,,2,,255,0,1,,0.2,,,
170044,天青蓝水蘑石三棱柱,,,,,,triangularPrism,3,4,4,,,,1,1,3,0,0,2,,,,,100,10,1,0,,0,,170044,10000,0,0,170044,10000,,,,2,15,0,,1,terrazzo_skyblue,,,blocks.stone,blocks.stone,blockd.stone,170044,2,1,,87ceeb,,,,,,,6,15,15,,1,,,10,,,,,,,2,,255,0,1,,0.2,,,
170045,菌菇板三棱柱,,,,,,triangularPrism,3,4,4,,,,1,1,3,0,0,2,,,,,1,5,1,0,,0,,170045,10000,0,0,170045,10000,,,,2,15,0,,1,mushroom_plank,,,blocks.wood,blocks.wood,blocks.wood,170045,1,1,,c67b5b,,,,,,,6,15,15,,1,,,10,,,,,,,2,,255,0,1,,0.2,,,
170046,精制完整石三棱柱,,,,,,triangularPrism,3,4,4,,,,1,1,3,0,0,2,,,,,100,15,1,0,,0,,170046,10000,0,0,170046,10000,,,,2,15,0,,1,refined_complete_stone_brick,,,blocks.stone,blocks.stone,blocks.stone,170046,2,1,,84887e,,,,,,,6,15,15,,1,,,10,,,,,,,2,,255,0,1,,0.2,,,
170047,精制完整镶边石三棱柱,,,,,,triangularPrism,3,4,4,,,,1,1,3,0,0,2,,,,,100,15,1,0,,0,,170047,10000,0,0,170047,10000,,,,2,15,0,,1,refined_and_complete_edged_stone_brick,,,blocks.stone,blocks.stone,blocks.stone,170047,2,1,,84887e,,,,,,,6,15,15,,1,,,10,,,,,,,2,,255,0,1,,0.2,,,
170048,粗制完整石三棱柱,,,,,,triangularPrism,3,4,4,,,,1,1,3,0,0,2,,,,,100,15,1,0,,0,,170048,10000,0,0,170048,10000,,,,2,15,0,,1,rough_complete_stone_brick,,,blocks.stone,blocks.stone,blocks.stone,170048,2,1,,84887e,,,,,,,6,15,15,,1,,,10,,,,,,,2,,255,0,1,,0.2,,,
170049,魔古砖三棱柱,,,,,,triangularPrism,3,4,4,,,,1,1,3,0,0,2,,,,,100,15,1,0,,0,,170049,10000,0,0,170049,10000,,,,2,15,0,,1,mogu_brick,,,blocks.stone,blocks.stone,blocks.stone,170049,2,1,,C0C0C0,,,,,,,6,15,15,,1,,,10,,,,,,,2,,255,0,1,,0.2,,,
170050,横格釉面砖三棱柱,,,,,,triangularPrism,3,4,4,,,,1,1,3,0,0,2,,,,,100,15,1,0,,0,,170050,10000,0,0,170050,10000,,,,2,15,0,,1,glazed_tile_1,,,blocks.stone,blocks.stone,blocks.stone,170050,2,1,,84887e,,,,,,,6,15,15,,1,,,10,,,,,,,2,,255,0,1,,0.2,,,
170051,完整釉面砖三棱柱,,,,,,triangularPrism,3,4,4,,,,1,1,3,0,0,2,,,,,100,15,1,0,,0,,170051,10000,0,0,170051,10000,,,,2,15,0,,1,complete_glazed_block,,,blocks.stone,blocks.stone,blocks.stone,170051,2,1,,84887e,,,,,,,6,15,15,,1,,,10,,,,,,,2,,255,0,1,,0.2,,,
170052,绿白马赛克釉面砖三棱柱,,,,,,triangularPrism,3,4,4,,,,1,1,3,0,0,2,,,,,100,15,1,0,,0,,170052,10000,0,0,170052,10000,,,,2,15,0,,1,green_white_mosaic_glazed_block,,,blocks.stone,blocks.stone,blocks.stone,170052,2,1,,D0C4A8,,,,,,,6,15,15,,1,,,10,,,,,,,2,,255,0,1,,0.2,,,
170053,灰绿马赛克釉面砖三棱柱,,,,,,triangularPrism,3,4,4,,,,1,1,3,0,0,2,,,,,100,15,1,0,,0,,170053,10000,0,0,170053,10000,,,,2,15,0,,1,gray_green_mosaic_glazed_block,,,blocks.stone,blocks.stone,blocks.stone,170053,2,1,,788D6F,,,,,,,6,15,15,,1,,,10,,,,,,,2,,255,0,1,,0.2,,,
170054,灰蓝马赛克釉面砖三棱柱,,,,,,triangularPrism,3,4,4,,,,1,1,3,0,0,2,,,,,100,15,1,0,,0,,170054,10000,0,0,170054,10000,,,,2,15,0,,1,gray_blue_mosaic_glazed_block,,,blocks.stone,blocks.stone,blocks.stone,170054,2,1,,B4BDBF,,,,,,,6,15,15,,1,,,10,,,,,,,2,,255,0,1,,0.2,,,
171000,171000-171999为弧板方块,,,,,,,,,,,,,,,,,,,,,,,,,,,,,,171000,,,,171000,,,,,,,,,,,,,,,,171000,,,,,,,,,,,,,,,,,,,,,,,,,0,,0,,0,,0,,,
171001,星球岩弧板,,,,,,arcplate,3,4,4,,,,1,1,3,0,0,2,,,,,500,15,1,0,,0,,171001,10000,0,0,171001,10000,,,,2,15,0,,1,Planetstonebrick,,,blocks.stone,blocks.stone,blocks.stone,171001,2,1,,C0C0C0,,,,,,,6,15,15,,1,,,10,,,,,,,2,,255,0,1,,0.2,,,
171002,竹板弧板,,,,,,arcplate,3,4,4,,,,1,1,3,0,0,2,,,,,25,6,1,2,20,2,,171002,10000,0,0,171002,10000,,,,2,15,0,,1,planks_bamboo,,,blocks.wood,blockd.wood,blockd.wood,171002,1,1,,c1a661,,,,,,,6,15,15,,1,,,1,,,,,,,2,,255,0,1,,0.2,,,
171003,胭脂红弧板,,,,,,arcplate,3,4,4,,,,1,1,3,0,0,2,,,,,25,6,1,2,100,2,,171003,10000,0,0,171003,10000,,,,2,15,0,,1,planks_peachblossom,,,blocks.wood,blockd.wood,blockd.wood,171003,1,1,,7c6037,,,,,,,6,15,15,,1,,,1,,,,,,,2,,255,0,1,,0.2,,,
171004,水泥砖弧板,,,,,,arcplate,3,4,4,,,,1,1,3,0,0,2,,,,,70,12,1,0,,0,,171004,10000,0,0,171004,10000,,,,2,15,0,,1,brick,,,blocks.stone,blockd.stone,blockd.stone,171004,2,1,,8d5845,,,,,,,6,15,15,,1,,,10,,,,,,,2,,255,0,1,,0.2,,,
171005,硫黄砖弧板,,,,,,arcplate,3,4,4,,,,1,1,3,0,0,2,,,,,40,12,1,0,,0,,171005,10000,0,0,171005,10000,,,,2,15,0,,1,sulfur_brick,,,blocks.stone,blockd.stone,blockd.stone,171005,2,1,,8e452a,,,,,,,6,15,15,,1,,,10,,,,,,,2,,255,0,1,,0.2,,,
171006,石质弧板,,,,,,arcplate,3,4,4,,,,1,1,3,0,0,2,,,,,50,12,1,0,,0,,171006,10000,0,0,171006,10000,,,,2,15,0,,1,rock,,,blocks.stone,blockd.stone,blockd.stone,171006,2,1,,939188,,,,,,,6,15,15,,1,,,10,,,,,,,2,,255,0,1,,0.2,,,
171007,精制石弧板,,,,,,arcplate,3,4,4,,,,1,1,3,0,0,2,,,,,75,12,1,0,,0,,171007,10000,0,0,171007,10000,,,,2,15,0,,1,stonebrick,,,blocks.stone,blockd.stone,blockd.stone,171007,2,1,,84887e,,,,,,,6,15,15,,1,,,10,,,,,,,2,,255,0,1,,0.2,,,
171008,钛合金弧板,,,,,,arcplate,3,4,4,,,,1,1,3,0,0,2,,,,,200,60,1,0,,0,,171008,10000,0,0,171008,10000,,,,2,15,0,,1,titanium_block,,,blocks.stone,blockd.stone,blockd.stone,171008,2,1,,81c9fb,,,,,,,6,15,15,,1,,,20,,,,,,,2,,255,0,1,,6,26,,
171009,黄铜弧板,,,,,,arcplate,3,4,4,,,,1,1,3,0,0,2,,,,,200,40,1,0,,0,,171009,10000,0,0,171009,10000,,,,2,15,0,,1,brass_block,,,blocks.stone,blockd.stone,blockd.stone,171009,2,1,,81c9fb,,,,,,,6,15,15,,1,,,10,,,,,,,2,,255,0,1,,2,26,,
171010,云母弧板,,,,,,arcplate,3,4,4,,,,1,1,3,0,0,2,,,,,40,16,1,0,,0,,171010,10000,0,0,171010,10000,,,,2,15,0,,1,silica_block,,,blocks.stone,blockd.stone,blockd.stone,171010,2,1,,b7bcb7,,,,,,,6,15,15,,1,,,10,,,,,,,2,,255,0,1,,0.2,,,
171011,铁制弧板,,,,,,arcplate,3,4,4,,,,1,1,3,0,0,2,,,,1,60,60,1,0,,0,,171011,10000,0,0,171011,10000,,,,2,15,0,,1,sf_metel01,,,blocks.stone,blockd.stone,,171011,2,1,,077B01,,,,,,,6,15,15,,1,,,20,,,,,,,2,,255,0,1,,1.5,26,,
171012,炽炎弧板,,,,,,arcplate,3,4,4,,,,1,1,3,0,0,2,,,,,50,12,1,0,,0,,171012,10000,0,0,171012,10000,,,,2,15,4,,1,flamecrystal_block,,,blocks.stone,blockd.stone,blockd.stone,171012,2,1,,fac117,,,,,,,6,15,15,,1,,,10,,,,,,,2,f8c100,255,0,1,,2,,,2
171013,柠檬黄弧板,,,,,,arcplate,3,4,4,,,,1,1,3,0,0,2,,,,,50,12,1,2,20,2,,171013,10000,0,0,171013,10000,,,,2,15,0,,1,planks_arbor,,,blocks.wood,blocks.wood,blocks.wood,171013,1,1,,c1a661,,,,,,,6,15,15,,1,,,10,,,,,,,2,,255,0,1,,0.2,,,
171014,苍石灰弧板,,,,,,arcplate,3,4,4,,,,1,1,3,0,0,2,,,,,35,10,1,0,,0,,171014,10000,0,0,171014,10000,,,,2,15,0,1,1,planks_leafless,,,blocks.wood,blockd.wood,blockd.wood,171014,1,1,,7c6037,,,,,,,6,15,15,,1,,,1,,,,,,,2,,255,0,1,,0.2,,,
171015,深栗红弧板,,,,,,arcplate,3,4,4,,,,1,1,3,0,0,2,,,,,35,8,1,1,20,2,,171015,10000,0,0,171015,10000,,,,2,15,0,,1,planks_walnut,,,blocks.wood,blockd.wood,blockd.wood,171015,1,1,,452f20,,,,,,,6,15,15,,1,,,1,,,,,,,2,,255,0,1,,0.2,,,
171016,落日橙弧板,,,,,,arcplate,3,4,4,,,,1,1,3,0,0,2,,,,,35,8,1,1,20,1,,171016,10000,0,0,171016,10000,,,,2,15,0,,1,planks_phoebe,,,blocks.wood,blockd.wood,blockd.wood,171016,1,1,,be8254,,,,,,,6,15,15,,1,,,1,,,,,,,2,,255,0,1,,0.2,,,
171017,海棠红弧板,,,,,,arcplate,3,4,4,,,,1,1,3,0,0,2,,,,,35,8,1,1,20,1,,171017,10000,0,0,171017,10000,,,,2,15,0,,1,planks_redwood,,,blocks.wood,blockd.wood,blockd.wood,171017,1,1,,644b2b,,,,,,,6,15,15,,1,,,1,,,,,,,2,,255,0,1,,0.2,,,
171018,象牙白弧板,,,,,,arcplate,3,4,4,,,,1,1,3,0,0,2,,,,,32,7,1,2,5,1,,171018,10000,0,0,171018,10000,,,,2,15,0,,1,planks_birch,,,blocks.wood,blockd.wood,blockd.wood,171018,1,1,,dfdbc2,,,,,,,6,15,15,,1,,,1,,,,,,,2,,255,0,1,,0.2,,,
171019,秋叶橙弧板,,,,,,arcplate,3,4,4,,,,1,1,3,0,0,2,,,,,35,9,1,1,20,2,,171019,10000,0,0,171019,10000,,,,2,15,0,,1,planks_cathaya,,,blocks.wood,blockd.wood,blockd.wood,171019,1,1,,865d39,,,,,,,6,15,15,,1,,,1,,,,,,,2,,255,0,1,,0.2,,,
171020,弧板,,,,,,arcplate,3,4,4,,,,1,1,3,0,0,2,,,,,25,6,1,2,20,2,,171020,10000,0,0,171020,10000,,,,2,15,0,,1,planks_fruittree,,,blocks.wood,blockd.wood,blockd.wood,171020,1,1,,c1a661,,,,,,,6,15,15,,1,,,1,,,,,,,2,,255,0,1,,0.2,,,
171021,黄砖弧板,,,,,,arcplate,3,4,4,,,,1,1,3,0,0,2,,,,,50,12,1,0,,0,,171021,10000,0,0,171021,10000,,,,2,15,0,,1,sandstone,sandstone_normal,,blocks.stone,blockd.stone,blockd.stone,171021,2,1,,84887e,,,,,,,6,15,15,,1,,,10,,,,,,,2,,255,0,1,,0.2,,,
171022,锰块弧板,,,,,,arcplate,3,4,4,,,,1,1,3,0,0,2,,,,,50,40,1,0,,0,,171022,10000,0,0,171022,10000,,,,2,15,0,,1,manganese_block,,,blocks.stone,blockd.stone,blockd.stone,171022,2,1,,A58F78,,,,,,,6,15,15,,1,,,10,,,,,,,2,,255,0,1,,0.2,26,,
171023,浅苍灰弧板,,,,,,arcplate,3,4,4,,,,1,1,3,0,0,2,,,,,25,6,1,2,100,2,,171023,10000,0,0,171023,10000,,,,2,15,0,,1,planks_coconut,,,blocks.wood,blockd.wood,blockd.wood,171023,1,1,,7c6037,,,,,,,6,15,15,,1,,,1,,,,,,,2,,255,0,1,,0.2,,,
171024,软雪弧板,,,,,,arcplate,3,4,4,,,,1,1,3,0,0,2,,,,,3,1.5,1,0,,0,,171024,10000,0,0,171024,10000,,,,2,15,0,,1,snow,,,blocks.snow,blockd.snow,,171024,3,1,,d4f4f5,,,,,,,0,15,15,,1,,,,,,,,,,2,,255,0,1,,0.2,,,
171025,厚雪弧板,,,,,,arcplate,3,4,4,,,,1,1,3,0,0,2,,,,,3,1.5,1,0,,0,,171025,10000,0,0,171025,10000,,,,2,15,0,,1,snow,,,blocks.snow,blockd.snow,,171025,3,1,,d4f4f5,,,,,,,6,15,15,,1,,,,,,,,,,2,,255,0,1,,0.2,,,
171026,自然冰弧板,,,,,,arcplate,3,4,4,,,,1,1,3,0,0,2,,,,,5,5,1.6,0,,0,,171026,10000,0,0,171026,10000,,,,2,15,0,,1,ice,,,blocks.stone,blockd.stone,,171026,2,1,,5bc0ee,,,,,,,6,15,15,,1,,,1,,,,,,,2,,255,0,1,,0.2,,,
171027,永冻冰弧板,,,,,,arcplate,3,4,4,,,,1,1,3,0,0,2,,,,,20,5,1.6,0,,0,,171027,10000,0,0,171027,10000,,,,2,15,4,,1,eternal_ice,,,blocks.stone,blockd.stone,,171027,2,1,,5bc0ee,,,,,,,6,15,15,,1,,,1,,,,,,,2,c6d6dc,255,0,1,,0.2,,,2
171028,[水墨]黑墨弧板,,,,,,arcplate,3,4,4,,,,1,1,3,0,0,2,,,,,20,5,1,0,,0,,171028,10000,0,0,171028,10000,,,,2,15,0,,1,ink_black,,,blocks.stone,blockd.stone,,171028,2,1,,5bc0ee,,,,,,,6,15,15,,1,,,1,,,,,,,2,,255,0,1,,0.5,,,
171029,[水墨]灰墨弧板,,,,,,arcplate,3,4,4,,,,1,1,3,0,0,2,,,,,20,5,1,0,,0,,171029,10000,0,0,171029,10000,,,,2,15,0,,1,ink_grey,,,blocks.stone,blockd.stone,,171029,2,1,,5bc0ee,,,,,,,6,15,15,,1,,,1,,,,,,,2,,255,0,1,,0.5,,,
171030,[水墨]墨灰砖弧板,,,,,,arcplate,3,4,4,,,,1,1,3,0,0,2,,,,,20,5,1,0,,0,,171030,10000,0,0,171030,10000,,,,2,15,0,,1,ink_greybrick,,,blocks.stone,blockd.stone,,171030,2,1,,5bc0ee,,,,,,,6,15,15,,1,,,1,,,,,,,2,,255,0,1,,0.5,,,
171031,[水墨]墨白砖弧板,,,,,,arcplate,3,4,4,,,,1,1,3,0,0,2,,,,,20,5,1,0,,0,,171031,10000,0,0,171031,10000,,,,2,15,0,,1,ink_whitebrick,,,blocks.stone,blockd.stone,,171031,2,1,,5bc0ee,,,,,,,6,15,15,,1,,,1,,,,,,,2,,255,0,1,,0.5,,,
171032,[水墨]宣纸弧板,,,,,,arcplate,3,4,4,,,,1,1,3,0,0,2,,,,,20,5,1,0,,0,,171032,10000,0,0,171032,10000,,,,2,15,0,,1,xuanzhi,,,blocks.stone,blockd.stone,,171032,2,1,,5bc0ee,,,,,,,6,15,15,,1,,,1,,,,,,,2,,255,0,1,,0.5,,,
171033,[水墨]瓦片弧板,,,,,,arcplate,3,4,4,,,,1,1,3,0,0,2,,,,,20,5,1,0,,0,,171033,10000,0,0,171033,10000,,,,2,15,0,,1,wapian,,,blocks.stone,blockd.stone,,171033,2,1,,5bc0ee,,,,,,,6,15,15,,1,,,1,,,,,,,2,,255,0,1,,0.5,,,
171034,[水墨]茅草弧板,,,,,,arcplate,3,4,4,,,,1,1,3,0,0,2,,,,,20,5,1,0,,0,,171034,10000,0,0,171034,10000,,,,2,15,0,,1,maocao,,,blocks.stone,blockd.stone,,171034,2,1,,5bc0ee,,,,,,,6,15,15,,1,,,1,,,,,,,2,,255,0,1,,0.5,,,
171035,[水墨]青瓦弧板,,,,,,arcplate,3,4,4,,,,1,1,3,0,0,2,,,,,20,5,1,0,,0,,171035,10000,0,0,171035,10000,,,,2,15,0,,1,qingwa,,,blocks.stone,blockd.stone,,171035,2,1,,5bc0ee,,,,,,,6,15,15,,1,,,1,,,,,,,2,,255,0,1,,0.5,,,
171036,完整土砖弧板,,,,,,arcplate,3,4,4,,,,1,1,3,0,0,2,,,,,50,12,1,0,,0,,171036,10000,0,0,171036,10000,,,,2,15,0,,1,complete_adobe_brick,,,blocks.stone,blockd.stone,blockd.stone,171036,2,1,,84887e,,,,,,,6,15,15,,1,,,10,,,,,,,2,,255,0,1,,0.2,,,
171037,完整黄砖弧板,,,,,,arcplate,3,4,4,,,,1,1,3,0,0,2,,,,,50,12,1,0,,0,,171037,10000,0,0,171037,10000,,,,2,15,0,,1,complete_sand_brick,,,blocks.stone,blockd.stone,blockd.stone,171037,2,1,,84887e,,,,,,,6,15,15,,1,,,10,,,,,,,2,,255,0,1,,0.2,,,
171038,完整砂土砖弧板,,,,,,arcplate,3,4,4,,,,1,1,3,0,0,2,,,,,50,12,1,0,,0,,171038,10000,0,0,171038,10000,,,,2,15,0,,1,complete_arenosol_brick,,,blocks.stone,blockd.stone,blockd.stone,171038,2,1,,c79d59,,,,,,,6,15,15,,1,,,10,,,,,,,2,,255,0,1,,0.2,,,
171039,完整蘑古砖弧板,,,,,,arcplate,3,4,4,,,,1,1,3,0,0,2,,,,,100,15,1,0,,0,,171039,10000,0,0,171039,10000,,,,2,15,0,,1,large_blue_rock_brick,,,blocks.stone,blocks.stone,blocks.stone,171039,2,1,,263235,,,,,,,6,15,15,,1,,,10,,,,,,,2,,255,0,1,,0.2,,,
171040,完整魔古砖弧板,,,,,,arcplate,3,4,4,,,,1,1,3,0,0,2,,,,,100,15,1,0,,0,,171040,10000,0,0,171040,10000,,,,2,15,10,,1,magic-mithsilver_block,,,blocks.stone,blocks.stone,blocks.stone,171040,2,1,,413250,,,,,,,6,15,15,,1,,,10,,,,,,,2,f6e8ff,255,0,1,,0.2,,,
171041,宝石蓝弧板,,,,,,arcplate,3,4,4,,,,1,1,3,0,0,2,,,,,100,6,1,0,,0,,171041,10000,0,0,171041,10000,,,,2,15,0,,1,planks_sapphireblue,,,blocks.wood,blocks.wood,blockd.wood,171041,1,1,,3b82f6,,,,,,,6,15,15,,1,,,10,,,,,,,2,,255,0,1,,0.2,,,
171042,花青紫弧板,,,,,,arcplate,3,4,4,,,,1,1,3,0,0,2,,,,,100,6,1,0,,0,,171042,10000,0,0,171042,10000,,,,2,15,0,,1,planks_anthocyaninpurple,,,blocks.wood,blocks.wood,blockd.wood,171042,1,1,,9b4dca,,,,,,,6,15,15,,1,,,10,,,,,,,2,,255,0,1,,0.2,,,
171043,浅色水蘑石弧板,,,,,,arcplate,3,4,4,,,,1,1,3,0,0,2,,,,,100,10,1,0,,0,,171043,10000,0,0,171043,10000,,,,2,15,0,,1,terrazzo_pale,,,blocks.stone,blocks.stone,blockd.stone,171043,2,1,,f5f5f5,,,,,,,6,15,15,,1,,,10,,,,,,,2,,255,0,1,,0.2,,,
171044,天青蓝水蘑石弧板,,,,,,arcplate,3,4,4,,,,1,1,3,0,0,2,,,,,100,10,1,0,,0,,171044,10000,0,0,171044,10000,,,,2,15,0,,1,terrazzo_skyblue,,,blocks.stone,blocks.stone,blockd.stone,171044,2,1,,87ceeb,,,,,,,6,15,15,,1,,,10,,,,,,,2,,255,0,1,,0.2,,,
171045,菌菇板弧板,,,,,,arcplate,3,4,4,,,,1,1,3,0,0,2,,,,,1,5,1,0,,0,,171045,10000,0,0,171045,10000,,,,2,15,0,,1,mushroom_plank,,,blocks.wood,blocks.wood,blocks.wood,171045,1,1,,c67b5b,,,,,,,6,15,15,,1,,,10,,,,,,,2,,255,0,1,,0.2,,,
171046,精制完整石弧板,,,,,,arcplate,3,4,4,,,,1,1,3,0,0,2,,,,,100,15,1,0,,0,,171046,10000,0,0,171046,10000,,,,2,15,0,,1,refined_complete_stone_brick,,,blocks.stone,blocks.stone,blocks.stone,171046,2,1,,84887e,,,,,,,6,15,15,,1,,,10,,,,,,,2,,255,0,1,,0.2,,,
171047,精制完整镶边石弧板,,,,,,arcplate,3,4,4,,,,1,1,3,0,0,2,,,,,100,15,1,0,,0,,171047,10000,0,0,171047,10000,,,,2,15,0,,1,refined_and_complete_edged_stone_brick,,,blocks.stone,blocks.stone,blocks.stone,171047,2,1,,84887e,,,,,,,6,15,15,,1,,,10,,,,,,,2,,255,0,1,,0.2,,,
171048,粗制完整石弧板,,,,,,arcplate,3,4,4,,,,1,1,3,0,0,2,,,,,100,15,1,0,,0,,171048,10000,0,0,171048,10000,,,,2,15,0,,1,rough_complete_stone_brick,,,blocks.stone,blocks.stone,blocks.stone,171048,2,1,,84887e,,,,,,,6,15,15,,1,,,10,,,,,,,2,,255,0,1,,0.2,,,
171049,魔古砖弧板,,,,,,arcplate,3,4,4,,,,1,1,3,0,0,2,,,,,100,15,1,0,,0,,171049,10000,0,0,171049,10000,,,,2,15,0,,1,mogu_brick,,,blocks.stone,blocks.stone,blocks.stone,171049,2,1,,C0C0C0,,,,,,,6,15,15,,1,,,10,,,,,,,2,,255,0,1,,0.2,,,
171050,横格釉面砖弧板,,,,,,arcplate,3,4,4,,,,1,1,3,0,0,2,,,,,100,15,1,0,,0,,171050,10000,0,0,171050,10000,,,,2,15,0,,1,glazed_tile_1,,,blocks.stone,blocks.stone,blocks.stone,171050,2,1,,84887e,,,,,,,6,15,15,,1,,,10,,,,,,,2,,255,0,1,,0.2,,,
171051,完整釉面砖弧板,,,,,,arcplate,3,4,4,,,,1,1,3,0,0,2,,,,,100,15,1,0,,0,,171051,10000,0,0,171051,10000,,,,2,15,0,,1,complete_glazed_block,,,blocks.stone,blocks.stone,blocks.stone,171051,2,1,,84887e,,,,,,,6,15,15,,1,,,10,,,,,,,2,,255,0,1,,0.2,,,
171052,绿白马赛克釉面砖弧板,,,,,,arcplate,3,4,4,,,,1,1,3,0,0,2,,,,,100,15,1,0,,0,,171052,10000,0,0,171052,10000,,,,2,15,0,,1,green_white_mosaic_glazed_block,,,blocks.stone,blocks.stone,blocks.stone,171052,2,1,,D0C4A8,,,,,,,6,15,15,,1,,,10,,,,,,,2,,255,0,1,,0.2,,,
171053,灰绿马赛克釉面砖弧板,,,,,,arcplate,3,4,4,,,,1,1,3,0,0,2,,,,,100,15,1,0,,0,,171053,10000,0,0,171053,10000,,,,2,15,0,,1,gray_green_mosaic_glazed_block,,,blocks.stone,blocks.stone,blocks.stone,171053,2,1,,788D6F,,,,,,,6,15,15,,1,,,10,,,,,,,2,,255,0,1,,0.2,,,
171054,灰蓝马赛克釉面砖弧板,,,,,,arcplate,3,4,4,,,,1,1,3,0,0,2,,,,,100,15,1,0,,0,,171054,10000,0,0,171054,10000,,,,2,15,0,,1,gray_blue_mosaic_glazed_block,,,blocks.stone,blocks.stone,blocks.stone,171054,2,1,,B4BDBF,,,,,,,6,15,15,,1,,,10,,,,,,,2,,255,0,1,,0.2,,,
172000,172000-172999为薄弧板方块,,,,,,,,,,,,,,,,,,,,,,,,,,,,,,172000,,,,172000,,,,,,,,,,,,,,,,172000,,,,,,,,,,,,,,,,,,,,,,,,,0,,0,,0,,0,,,
172001,星球岩薄弧板,,,,,,horizontalarchalfplate,,4,4,,,,1,1,3,0,0,2,,,,,500,15,1,0,,0,,172001,10000,0,0,172001,10000,,,,2,15,0,,1,Planetstonebrick,,,blocks.stone,blocks.stone,blocks.stone,172001,2,1,,C0C0C0,,,,,,,6,15,15,,1,,,10,,,,,,,2,,255,0,1,,0.2,,,
172002,竹板薄弧板,,,,,,horizontalarchalfplate,,4,4,,,,1,1,3,0,0,2,,,,,25,6,1,2,20,2,,172002,10000,0,0,172002,10000,,,,2,15,0,,1,planks_bamboo,,,blocks.wood,blockd.wood,blockd.wood,172002,1,1,,c1a661,,,,,,,6,15,15,,1,,,1,,,,,,,2,,255,0,1,,0.2,,,
172003,胭脂红薄弧板,,,,,,horizontalarchalfplate,,4,4,,,,1,1,3,0,0,2,,,,,25,6,1,2,100,2,,172003,10000,0,0,172003,10000,,,,2,15,0,,1,planks_peachblossom,,,blocks.wood,blockd.wood,blockd.wood,172003,1,1,,7c6037,,,,,,,6,15,15,,1,,,1,,,,,,,2,,255,0,1,,0.2,,,
172004,水泥砖薄弧板,,,,,,horizontalarchalfplate,,4,4,,,,1,1,3,0,0,2,,,,,70,12,1,0,,0,,172004,10000,0,0,172004,10000,,,,2,15,0,,1,brick,,,blocks.stone,blockd.stone,blockd.stone,172004,2,1,,8d5845,,,,,,,6,15,15,,1,,,10,,,,,,,2,,255,0,1,,0.2,,,
172005,硫黄砖薄弧板,,,,,,horizontalarchalfplate,,4,4,,,,1,1,3,0,0,2,,,,,40,12,1,0,,0,,172005,10000,0,0,172005,10000,,,,2,15,0,,1,sulfur_brick,,,blocks.stone,blockd.stone,blockd.stone,172005,2,1,,8e452a,,,,,,,6,15,15,,1,,,10,,,,,,,2,,255,0,1,,0.2,,,
172006,石质薄弧板,,,,,,horizontalarchalfplate,,4,4,,,,1,1,3,0,0,2,,,,,50,12,1,0,,0,,172006,10000,0,0,172006,10000,,,,2,15,0,,1,rock,,,blocks.stone,blockd.stone,blockd.stone,172006,2,1,,939188,,,,,,,6,15,15,,1,,,10,,,,,,,2,,255,0,1,,0.2,,,
172007,精制石薄弧板,,,,,,horizontalarchalfplate,,4,4,,,,1,1,3,0,0,2,,,,,75,12,1,0,,0,,172007,10000,0,0,172007,10000,,,,2,15,0,,1,stonebrick,,,blocks.stone,blockd.stone,blockd.stone,172007,2,1,,84887e,,,,,,,6,15,15,,1,,,10,,,,,,,2,,255,0,1,,0.2,,,
172008,钛合金薄弧板,,,,,,horizontalarchalfplate,,4,4,,,,1,1,3,0,0,2,,,,,200,60,1,0,,0,,172008,10000,0,0,172008,10000,,,,2,15,0,,1,titanium_block,,,blocks.stone,blockd.stone,blockd.stone,172008,2,1,,81c9fb,,,,,,,6,15,15,,1,,,20,,,,,,,2,,255,0,1,,3,26,,
172009,黄铜薄弧板,,,,,,horizontalarchalfplate,,4,4,,,,1,1,3,0,0,2,,,,,200,40,1,0,,0,,172009,10000,0,0,172009,10000,,,,2,15,0,,1,brass_block,,,blocks.stone,blockd.stone,blockd.stone,172009,2,1,,81c9fb,,,,,,,6,15,15,,1,,,10,,,,,,,2,,255,0,1,,1,26,,
172010,云母薄弧板,,,,,,horizontalarchalfplate,,4,4,,,,1,1,3,0,0,2,,,,,40,16,1,0,,0,,172010,10000,0,0,172010,10000,,,,2,15,0,,1,silica_block,,,blocks.stone,blockd.stone,blockd.stone,172010,2,1,,b7bcb7,,,,,,,6,15,15,,1,,,10,,,,,,,2,,255,0,1,,0.2,,,
172011,铁制薄弧板,,,,,,horizontalarchalfplate,,4,4,,,,1,1,3,0,0,2,,,,1,60,60,1,0,,0,,172011,10000,0,0,172011,10000,,,,2,15,0,,1,sf_metel01,,,blocks.stone,blockd.stone,,172011,2,1,,077B01,,,,,,,6,15,15,,1,,,20,,,,,,,2,,255,0,1,,1.5,26,,
172012,炽炎薄弧板,,,,,,horizontalarchalfplate,,4,4,,,,1,1,3,0,0,2,,,,,50,12,1,0,,0,,172012,10000,0,0,172012,10000,,,,2,15,4,,1,flamecrystal_block,,,blocks.stone,blockd.stone,blockd.stone,172012,2,1,,fac117,,,,,,,6,15,15,,1,,,10,,,,,,,2,f8c100,255,0,1,,1,,,2
172013,柠檬黄薄弧板,,,,,,horizontalarchalfplate,,4,4,,,,1,1,3,0,0,2,,,,,50,12,1,2,20,2,,172013,10000,0,0,172013,10000,,,,2,15,0,,1,planks_arbor,,,blocks.wood,blocks.wood,blocks.wood,172013,1,1,,c1a661,,,,,,,6,15,15,,1,,,10,,,,,,,2,,255,0,1,,0.2,,,
172014,苍石灰薄弧板,,,,,,horizontalarchalfplate,,4,4,,,,1,1,3,0,0,2,,,,,35,10,1,0,,0,,172014,10000,0,0,172014,10000,,,,2,15,0,1,1,planks_leafless,,,blocks.wood,blockd.wood,blockd.wood,172014,1,1,,7c6037,,,,,,,6,15,15,,1,,,1,,,,,,,2,,255,0,1,,0.2,,,
172015,深栗红薄弧板,,,,,,horizontalarchalfplate,,4,4,,,,1,1,3,0,0,2,,,,,35,8,1,1,20,2,,172015,10000,0,0,172015,10000,,,,2,15,0,,1,planks_walnut,,,blocks.wood,blockd.wood,blockd.wood,172015,1,1,,452f20,,,,,,,6,15,15,,1,,,1,,,,,,,2,,255,0,1,,0.2,,,
172016,落日橙薄弧板,,,,,,horizontalarchalfplate,,4,4,,,,1,1,3,0,0,2,,,,,35,8,1,1,20,1,,172016,10000,0,0,172016,10000,,,,2,15,0,,1,planks_phoebe,,,blocks.wood,blockd.wood,blockd.wood,172016,1,1,,be8254,,,,,,,6,15,15,,1,,,1,,,,,,,2,,255,0,1,,0.2,,,
172017,海棠红薄弧板,,,,,,horizontalarchalfplate,,4,4,,,,1,1,3,0,0,2,,,,,35,8,1,1,20,1,,172017,10000,0,0,172017,10000,,,,2,15,0,,1,planks_redwood,,,blocks.wood,blockd.wood,blockd.wood,172017,1,1,,644b2b,,,,,,,6,15,15,,1,,,1,,,,,,,2,,255,0,1,,0.2,,,
172018,象牙白薄弧板,,,,,,horizontalarchalfplate,,4,4,,,,1,1,3,0,0,2,,,,,32,7,1,2,5,1,,172018,10000,0,0,172018,10000,,,,2,15,0,,1,planks_birch,,,blocks.wood,blockd.wood,blockd.wood,172018,1,1,,dfdbc2,,,,,,,6,15,15,,1,,,1,,,,,,,2,,255,0,1,,0.2,,,
172019,秋叶橙薄弧板,,,,,,horizontalarchalfplate,,4,4,,,,1,1,3,0,0,2,,,,,35,9,1,1,20,2,,172019,10000,0,0,172019,10000,,,,2,15,0,,1,planks_cathaya,,,blocks.wood,blockd.wood,blockd.wood,172019,1,1,,865d39,,,,,,,6,15,15,,1,,,1,,,,,,,2,,255,0,1,,0.2,,,
172020,薄弧板,,,,,,horizontalarchalfplate,,4,4,,,,1,1,3,0,0,2,,,,,25,6,1,2,20,2,,172020,10000,0,0,172020,10000,,,,2,15,0,,1,planks_fruittree,,,blocks.wood,blockd.wood,blockd.wood,172020,1,1,,c1a661,,,,,,,6,15,15,,1,,,1,,,,,,,2,,255,0,1,,0.2,,,
172021,黄砖薄弧板,,,,,,horizontalarchalfplate,,4,4,,,,1,1,3,0,0,2,,,,,50,12,1,0,,0,,172021,10000,0,0,172021,10000,,,,2,15,0,,1,sandstone,sandstone_normal,,blocks.stone,blockd.stone,blockd.stone,172021,2,1,,84887e,,,,,,,6,15,15,,1,,,10,,,,,,,2,,255,0,1,,0.2,,,
172022,锰块薄弧板,,,,,,horizontalarchalfplate,,4,4,,,,1,1,3,0,0,2,,,,,50,40,1,0,,0,,172022,10000,0,0,172022,10000,,,,2,15,0,,1,manganese_block,,,blocks.stone,blockd.stone,blockd.stone,172022,2,1,,A58F78,,,,,,,6,15,15,,1,,,10,,,,,,,2,,255,0,1,,0.5,26,,
172023,浅苍灰薄弧板,,,,,,horizontalarchalfplate,,4,4,,,,1,1,3,0,0,2,,,,,25,6,1,2,100,2,,172023,10000,0,0,172023,10000,,,,2,15,0,,1,planks_coconut,,,blocks.wood,blockd.wood,blockd.wood,172023,1,1,,7c6037,,,,,,,6,15,15,,1,,,1,,,,,,,2,,255,0,1,,0.2,,,
172024,软雪薄弧板,,,,,,horizontalarchalfplate,,4,4,,,,1,1,3,0,0,2,,,,,3,1.5,1,0,,0,,172024,10000,0,0,172024,10000,,,,2,15,0,,1,snow,,,blocks.snow,blockd.snow,,172024,3,1,,d4f4f5,,,,,,,0,15,15,,1,,,,,,,,,,2,,255,0,1,,0.2,,,
172025,厚雪薄弧板,,,,,,horizontalarchalfplate,,4,4,,,,1,1,3,0,0,2,,,,,3,1.5,1,0,,0,,172025,10000,0,0,172025,10000,,,,2,15,0,,1,snow,,,blocks.snow,blockd.snow,,172025,3,1,,d4f4f5,,,,,,,6,15,15,,1,,,,,,,,,,2,,255,0,1,,0.2,,,
172026,自然冰薄弧板,,,,,,horizontalarchalfplate,,4,4,,,,1,1,3,0,0,2,,,,,5,5,1.6,0,,0,,172026,10000,0,0,172026,10000,,,,2,15,0,,1,ice,,,blocks.stone,blockd.stone,,172026,2,1,,5bc0ee,,,,,,,6,15,15,,1,,,1,,,,,,,2,,255,0,1,,0.2,,,
172027,永冻冰薄弧板,,,,,,horizontalarchalfplate,,4,4,,,,1,1,3,0,0,2,,,,,20,5,1.6,0,,0,,172027,10000,0,0,172027,10000,,,,2,15,4,,1,eternal_ice,,,blocks.stone,blockd.stone,,172027,2,1,,5bc0ee,,,,,,,6,15,15,,1,,,1,,,,,,,2,c6d6dc,255,0,1,,0.2,,,2
172028,[水墨]黑墨薄弧板,,,,,,horizontalarchalfplate,,4,4,,,,1,1,3,0,0,2,,,,,20,5,1,0,,0,,172028,10000,0,0,172028,10000,,,,2,15,0,,1,ink_black,,,blocks.stone,blockd.stone,,172028,2,1,,5bc0ee,,,,,,,6,15,15,,1,,,1,,,,,,,2,,255,0,1,,0.5,,,
172029,[水墨]灰墨薄弧板,,,,,,horizontalarchalfplate,,4,4,,,,1,1,3,0,0,2,,,,,20,5,1,0,,0,,172029,10000,0,0,172029,10000,,,,2,15,0,,1,ink_grey,,,blocks.stone,blockd.stone,,172029,2,1,,5bc0ee,,,,,,,6,15,15,,1,,,1,,,,,,,2,,255,0,1,,0.5,,,
172030,[水墨]墨灰砖薄弧板,,,,,,horizontalarchalfplate,,4,4,,,,1,1,3,0,0,2,,,,,20,5,1,0,,0,,172030,10000,0,0,172030,10000,,,,2,15,0,,1,ink_greybrick,,,blocks.stone,blockd.stone,,172030,2,1,,5bc0ee,,,,,,,6,15,15,,1,,,1,,,,,,,2,,255,0,1,,0.5,,,
172031,[水墨]墨白砖薄弧板,,,,,,horizontalarchalfplate,,4,4,,,,1,1,3,0,0,2,,,,,20,5,1,0,,0,,172031,10000,0,0,172031,10000,,,,2,15,0,,1,ink_whitebrick,,,blocks.stone,blockd.stone,,172031,2,1,,5bc0ee,,,,,,,6,15,15,,1,,,1,,,,,,,2,,255,0,1,,0.5,,,
172032,[水墨]宣纸薄弧板,,,,,,horizontalarchalfplate,,4,4,,,,1,1,3,0,0,2,,,,,20,5,1,0,,0,,172032,10000,0,0,172032,10000,,,,2,15,0,,1,xuanzhi,,,blocks.stone,blockd.stone,,172032,2,1,,5bc0ee,,,,,,,6,15,15,,1,,,1,,,,,,,2,,255,0,1,,0.5,,,
172033,[水墨]瓦片薄弧板,,,,,,horizontalarchalfplate,,4,4,,,,1,1,3,0,0,2,,,,,20,5,1,0,,0,,172033,10000,0,0,172033,10000,,,,2,15,0,,1,wapian,,,blocks.stone,blockd.stone,,172033,2,1,,5bc0ee,,,,,,,6,15,15,,1,,,1,,,,,,,2,,255,0,1,,0.5,,,
172034,[水墨]茅草薄弧板,,,,,,horizontalarchalfplate,,4,4,,,,1,1,3,0,0,2,,,,,20,5,1,0,,0,,172034,10000,0,0,172034,10000,,,,2,15,0,,1,maocao,,,blocks.stone,blockd.stone,,172034,2,1,,5bc0ee,,,,,,,6,15,15,,1,,,1,,,,,,,2,,255,0,1,,0.5,,,
172035,[水墨]青瓦薄弧板,,,,,,horizontalarchalfplate,,4,4,,,,1,1,3,0,0,2,,,,,20,5,1,0,,0,,172035,10000,0,0,172035,10000,,,,2,15,0,,1,qingwa,,,blocks.stone,blockd.stone,,172035,2,1,,5bc0ee,,,,,,,6,15,15,,1,,,1,,,,,,,2,,255,0,1,,0.5,,,
172036,完整土砖薄弧板,,,,,,horizontalarchalfplate,,4,4,,,,1,1,3,0,0,2,,,,,50,12,1,0,,0,,172036,10000,0,0,172036,10000,,,,2,15,0,,1,complete_adobe_brick,,,blocks.stone,blockd.stone,blockd.stone,172036,2,1,,84887e,,,,,,,6,15,15,,1,,,10,,,,,,,2,,255,0,1,,0.2,,,
172037,完整黄砖薄弧板,,,,,,horizontalarchalfplate,,4,4,,,,1,1,3,0,0,2,,,,,50,12,1,0,,0,,172037,10000,0,0,172037,10000,,,,2,15,0,,1,complete_sand_brick,,,blocks.stone,blockd.stone,blockd.stone,172037,2,1,,84887e,,,,,,,6,15,15,,1,,,10,,,,,,,2,,255,0,1,,0.2,,,
172038,完整砂土砖薄弧板,,,,,,horizontalarchalfplate,,4,4,,,,1,1,3,0,0,2,,,,,50,12,1,0,,0,,172038,10000,0,0,172038,10000,,,,2,15,0,,1,complete_arenosol_brick,,,blocks.stone,blockd.stone,blockd.stone,172038,2,1,,c79d59,,,,,,,6,15,15,,1,,,10,,,,,,,2,,255,0,1,,0.2,,,
172039,完整蘑古砖薄弧板,,,,,,horizontalarchalfplate,,4,4,,,,1,1,3,0,0,2,,,,,100,15,1,0,,0,,172039,10000,0,0,172039,10000,,,,2,15,0,,1,large_blue_rock_brick,,,blocks.stone,blocks.stone,blocks.stone,172039,2,1,,263235,,,,,,,6,15,15,,1,,,10,,,,,,,2,,255,0,1,,0.2,,,
172040,完整魔古砖薄弧板,,,,,,horizontalarchalfplate,,4,4,,,,1,1,3,0,0,2,,,,,100,15,1,0,,0,,172040,10000,0,0,172040,10000,,,,2,15,10,,1,magic-mithsilver_block,,,blocks.stone,blocks.stone,blocks.stone,172040,2,1,,413250,,,,,,,6,15,15,,1,,,10,,,,,,,2,f6e8ff,255,0,1,,0.2,,,
172041,宝石蓝薄弧板,,,,,,horizontalarchalfplate,,4,4,,,,1,1,3,0,0,2,,,,,100,6,1,0,,0,,172041,10000,0,0,172041,10000,,,,2,15,0,,1,planks_sapphireblue,,,blocks.wood,blocks.wood,blockd.wood,172041,1,1,,3b82f6,,,,,,,6,15,15,,1,,,10,,,,,,,2,,255,0,1,,0.2,,,
172042,花青紫薄弧板,,,,,,horizontalarchalfplate,,4,4,,,,1,1,3,0,0,2,,,,,100,6,1,0,,0,,172042,10000,0,0,172042,10000,,,,2,15,0,,1,planks_anthocyaninpurple,,,blocks.wood,blocks.wood,blockd.wood,172042,1,1,,9b4dca,,,,,,,6,15,15,,1,,,10,,,,,,,2,,255,0,1,,0.2,,,
172043,浅色水蘑石薄弧板,,,,,,horizontalarchalfplate,,4,4,,,,1,1,3,0,0,2,,,,,100,10,1,0,,0,,172043,10000,0,0,172043,10000,,,,2,15,0,,1,terrazzo_pale,,,blocks.stone,blocks.stone,blockd.stone,172043,2,1,,f5f5f5,,,,,,,6,15,15,,1,,,10,,,,,,,2,,255,0,1,,0.2,,,
172044,天青蓝水蘑石薄弧板,,,,,,horizontalarchalfplate,,4,4,,,,1,1,3,0,0,2,,,,,100,10,1,0,,0,,172044,10000,0,0,172044,10000,,,,2,15,0,,1,terrazzo_skyblue,,,blocks.stone,blocks.stone,blockd.stone,172044,2,1,,87ceeb,,,,,,,6,15,15,,1,,,10,,,,,,,2,,255,0,1,,0.2,,,
172045,菌菇板薄弧板,,,,,,horizontalarchalfplate,,4,4,,,,1,1,3,0,0,2,,,,,1,5,1,0,,0,,172045,10000,0,0,172045,10000,,,,2,15,0,,1,mushroom_plank,,,blocks.wood,blocks.wood,blocks.wood,172045,1,1,,c67b5b,,,,,,,6,15,15,,1,,,10,,,,,,,2,,255,0,1,,0.2,,,
172046,精制完整石薄弧板,,,,,,horizontalarchalfplate,,4,4,,,,1,1,3,0,0,2,,,,,100,15,1,0,,0,,172046,10000,0,0,172046,10000,,,,2,15,0,,1,refined_complete_stone_brick,,,blocks.stone,blocks.stone,blocks.stone,172046,2,1,,84887e,,,,,,,6,15,15,,1,,,10,,,,,,,2,,255,0,1,,0.2,,,
172047,精制完整镶边石薄弧板,,,,,,horizontalarchalfplate,,4,4,,,,1,1,3,0,0,2,,,,,100,15,1,0,,0,,172047,10000,0,0,172047,10000,,,,2,15,0,,1,refined_and_complete_edged_stone_brick,,,blocks.stone,blocks.stone,blocks.stone,172047,2,1,,84887e,,,,,,,6,15,15,,1,,,10,,,,,,,2,,255,0,1,,0.2,,,
172048,粗制完整石薄弧板,,,,,,horizontalarchalfplate,,4,4,,,,1,1,3,0,0,2,,,,,100,15,1,0,,0,,172048,10000,0,0,172048,10000,,,,2,15,0,,1,rough_complete_stone_brick,,,blocks.stone,blocks.stone,blocks.stone,172048,2,1,,84887e,,,,,,,6,15,15,,1,,,10,,,,,,,2,,255,0,1,,0.2,,,
172049,魔古砖薄弧板,,,,,,horizontalarchalfplate,,4,4,,,,1,1,3,0,0,2,,,,,100,15,1,0,,0,,172049,10000,0,0,172049,10000,,,,2,15,0,,1,mogu_brick,,,blocks.stone,blocks.stone,blocks.stone,172049,2,1,,C0C0C0,,,,,,,6,15,15,,1,,,10,,,,,,,2,,255,0,1,,0.2,,,
172050,横格釉面砖薄弧板,,,,,,horizontalarchalfplate,,4,4,,,,1,1,3,0,0,2,,,,,100,15,1,0,,0,,172050,10000,0,0,172050,10000,,,,2,15,0,,1,glazed_tile_1,,,blocks.stone,blocks.stone,blocks.stone,172050,2,1,,84887e,,,,,,,6,15,15,,1,,,10,,,,,,,2,,255,0,1,,0.2,,,
172051,完整釉面砖薄弧板,,,,,,horizontalarchalfplate,,4,4,,,,1,1,3,0,0,2,,,,,100,15,1,0,,0,,172051,10000,0,0,172051,10000,,,,2,15,0,,1,complete_glazed_block,,,blocks.stone,blocks.stone,blocks.stone,172051,2,1,,84887e,,,,,,,6,15,15,,1,,,10,,,,,,,2,,255,0,1,,0.2,,,
172052,绿白马赛克釉面砖薄弧板,,,,,,horizontalarchalfplate,,4,4,,,,1,1,3,0,0,2,,,,,100,15,1,0,,0,,172052,10000,0,0,172052,10000,,,,2,15,0,,1,green_white_mosaic_glazed_block,,,blocks.stone,blocks.stone,blocks.stone,172052,2,1,,D0C4A8,,,,,,,6,15,15,,1,,,10,,,,,,,2,,255,0,1,,0.2,,,
172053,灰绿马赛克釉面砖薄弧板,,,,,,horizontalarchalfplate,,4,4,,,,1,1,3,0,0,2,,,,,100,15,1,0,,0,,172053,10000,0,0,172053,10000,,,,2,15,0,,1,gray_green_mosaic_glazed_block,,,blocks.stone,blocks.stone,blocks.stone,172053,2,1,,788D6F,,,,,,,6,15,15,,1,,,10,,,,,,,2,,255,0,1,,0.2,,,
172054,灰蓝马赛克釉面砖薄弧板,,,,,,horizontalarchalfplate,,4,4,,,,1,1,3,0,0,2,,,,,100,15,1,0,,0,,172054,10000,0,0,172054,10000,,,,2,15,0,,1,gray_blue_mosaic_glazed_block,,,blocks.stone,blocks.stone,blocks.stone,172054,2,1,,B4BDBF,,,,,,,6,15,15,,1,,,10,,,,,,,2,,255,0,1,,0.2,,,
173000,173000-173999为大薄弧板方块,,,,,,,,,,,,,,,,,,,,,,,,,,,,,,173000,,,,173000,,,,,,,,,,,,,,,,173000,,,,,,,,,,,,,,,,,,,,,,,,,0,,0,,0,,0,,,
173001,星球岩大薄弧板,,,,,,horizontalarcplate,,,,,,,1,1,3,0,0,2,,,,,500,15,1,0,,0,,172001,10000,0,0,172001,10000,,,,2,15,0,,1,Planetstonebrick,,,blocks.stone,blocks.stone,blocks.stone,172001,2,1,,C0C0C0,,,,,,573,6,15,15,,1,,,10,,,,,,,2,,255,0,1,,0.2,,,
173002,竹板大薄弧板,,,,,,horizontalarcplate,,,,,,,1,1,3,0,0,2,,,,,25,6,1,2,20,2,,172002,10000,0,0,172002,10000,,,,2,15,0,,1,planks_bamboo,,,blocks.wood,blockd.wood,blockd.wood,172002,1,1,,c1a661,,,,,,563,6,15,15,,1,,,1,,,,,,,2,,255,0,1,,0.2,,,
173003,胭脂红大薄弧板,,,,,,horizontalarcplate,,,,,,,1,1,3,0,0,2,,,,,25,6,1,2,100,2,,172003,10000,0,0,172003,10000,,,,2,15,0,,1,planks_peachblossom,,,blocks.wood,blockd.wood,blockd.wood,172003,1,1,,7c6037,,,,,,562,6,15,15,,1,,,1,,,,,,,2,,255,0,1,,0.2,,,
173004,水泥砖大薄弧板,,,,,,horizontalarcplate,,,,,,,1,1,3,0,0,2,,,,,70,12,1,0,,0,,172004,10000,0,0,172004,10000,,,,2,15,0,,1,brick,,,blocks.stone,blockd.stone,blockd.stone,172004,2,1,,8d5845,,,,,,547,6,15,15,,1,,,10,,,,,,,2,,255,0,1,,0.2,,,
173005,硫黄砖大薄弧板,,,,,,horizontalarcplate,,,,,,,1,1,3,0,0,2,,,,,40,12,1,0,,0,,172005,10000,0,0,172005,10000,,,,2,15,0,,1,sulfur_brick,,,blocks.stone,blockd.stone,blockd.stone,172005,2,1,,8e452a,,,,,,537,6,15,15,,1,,,10,,,,,,,2,,255,0,1,,0.2,,,
173006,石质大薄弧板,,,,,,horizontalarcplate,,,,,,,1,1,3,0,0,2,,,,,50,12,1,0,,0,,172006,10000,0,0,172006,10000,,,,2,15,0,,1,rock,,,blocks.stone,blockd.stone,blockd.stone,172006,2,1,,939188,,,,,,104,6,15,15,,1,,,10,,,,,,,2,,255,0,1,,0.2,,,
173007,精制石大薄弧板,,,,,,horizontalarcplate,,,,,,,1,1,3,0,0,2,,,,,75,12,1,0,,0,,172007,10000,0,0,172007,10000,,,,2,15,0,,1,stonebrick,,,blocks.stone,blockd.stone,blockd.stone,172007,2,1,,84887e,,,,,,501,6,15,15,,1,,,10,,,,,,,2,,255,0,1,,0.2,,,
173008,钛合金大薄弧板,,,,,,horizontalarcplate,,,,,,,1,1,3,0,0,2,,,,,200,60,1,0,,0,,172008,10000,0,0,172008,10000,,,,2,15,0,,1,titanium_block,,,blocks.stone,blockd.stone,blockd.stone,172008,2,1,,81c9fb,,,,,,457,6,15,15,,1,,,20,,,,,,,2,,255,0,1,,3,26,,
173009,黄铜大薄弧板,,,,,,horizontalarcplate,,,,,,,1,1,3,0,0,2,,,,,200,40,1,0,,0,,172009,10000,0,0,172009,10000,,,,2,15,0,,1,brass_block,,,blocks.stone,blockd.stone,blockd.stone,172009,2,1,,81c9fb,,,,,,456,6,15,15,,1,,,10,,,,,,,2,,255,0,1,,1,26,,
173010,云母大薄弧板,,,,,,horizontalarcplate,,,,,,,1,1,3,0,0,2,,,,,40,16,1,0,,0,,172010,10000,0,0,172010,10000,,,,2,15,0,,1,silica_block,,,blocks.stone,blockd.stone,blockd.stone,172010,2,1,,b7bcb7,,,,,,413,6,15,15,,1,,,10,,,,,,,2,,255,0,1,,0.2,,,
173011,铁制大薄弧板,,,,,,horizontalarcplate,,,,,,,1,1,3,0,0,2,,,,1,60,60,1,0,,0,,172011,10000,0,0,172011,10000,,,,2,15,0,,1,sf_metel01,,,blocks.stone,blockd.stone,,172011,2,1,,077B01,,,,,,411,6,15,15,,1,,,20,,,,,,,2,,255,0,1,,1.5,26,,
173012,炽炎大薄弧板,,,,,,horizontalarcplate,,,,,,,1,1,3,0,0,2,,,,,50,12,1,0,,0,,172012,10000,0,0,172012,10000,,,,2,15,4,,1,flamecrystal_block,,,blocks.stone,blockd.stone,blockd.stone,172012,2,1,,fac117,,,,,,410,6,15,15,,1,,,10,,,,,,,2,f8c100,255,0,1,,1,,,2
173013,柠檬黄大薄弧板,,,,,,horizontalarcplate,,,,,,,1,1,3,0,0,2,,,,,50,12,1,2,20,2,,172013,10000,0,0,172013,10000,,,,2,15,0,,1,planks_arbor,,,blocks.wood,blocks.wood,blocks.wood,172013,1,1,,c1a661,,,,,,375,6,15,15,,1,,,10,,,,,,,2,,255,0,1,,0.2,,,
173014,苍石灰大薄弧板,,,,,,horizontalarcplate,,,,,,,1,1,3,0,0,2,,,,,35,10,1,0,,0,,172014,10000,0,0,172014,10000,,,,2,15,0,1,1,planks_leafless,,,blocks.wood,blockd.wood,blockd.wood,172014,1,1,,7c6037,,,,,,264,6,15,15,,1,,,1,,,,,,,2,,255,0,1,,0.2,,,
173015,深栗红大薄弧板,,,,,,horizontalarcplate,,,,,,,1,1,3,0,0,2,,,,,35,8,1,1,20,2,,172015,10000,0,0,172015,10000,,,,2,15,0,,1,planks_walnut,,,blocks.wood,blockd.wood,blockd.wood,172015,1,1,,452f20,,,,,,211,6,15,15,,1,,,1,,,,,,,2,,255,0,1,,0.2,,,
173016,落日橙大薄弧板,,,,,,horizontalarcplate,,,,,,,1,1,3,0,0,2,,,,,35,8,1,1,20,1,,172016,10000,0,0,172016,10000,,,,2,15,0,,1,planks_phoebe,,,blocks.wood,blockd.wood,blockd.wood,172016,1,1,,be8254,,,,,,210,6,15,15,,1,,,1,,,,,,,2,,255,0,1,,0.2,,,
173017,海棠红大薄弧板,,,,,,horizontalarcplate,,,,,,,1,1,3,0,0,2,,,,,35,8,1,1,20,1,,172017,10000,0,0,172017,10000,,,,2,15,0,,1,planks_redwood,,,blocks.wood,blockd.wood,blockd.wood,172017,1,1,,644b2b,,,,,,209,6,15,15,,1,,,1,,,,,,,2,,255,0,1,,0.2,,,
173018,象牙白大薄弧板,,,,,,horizontalarcplate,,,,,,,1,1,3,0,0,2,,,,,32,7,1,2,5,1,,172018,10000,0,0,172018,10000,,,,2,15,0,,1,planks_birch,,,blocks.wood,blockd.wood,blockd.wood,172018,1,1,,dfdbc2,,,,,,208,6,15,15,,1,,,1,,,,,,,2,,255,0,1,,0.2,,,
173019,秋叶橙大薄弧板,,,,,,horizontalarcplate,,,,,,,1,1,3,0,0,2,,,,,35,9,1,1,20,2,,172019,10000,0,0,172019,10000,,,,2,15,0,,1,planks_cathaya,,,blocks.wood,blockd.wood,blockd.wood,172019,1,1,,865d39,,,,,,207,6,15,15,,1,,,1,,,,,,,2,,255,0,1,,0.2,,,
173020,大薄弧板,,,,,,horizontalarcplate,,,,,,,1,1,3,0,0,2,,,,,25,6,1,2,20,2,,172020,10000,0,0,172020,10000,,,,2,15,0,,1,planks_fruittree,,,blocks.wood,blockd.wood,blockd.wood,172020,1,1,,c1a661,,,,,,206,6,15,15,,1,,,1,,,,,,,2,,255,0,1,,0.2,,,
173021,黄砖大薄弧板,,,,,,horizontalarcplate,,,,,,,1,1,3,0,0,2,,,,,50,12,1,0,,0,,172021,10000,0,0,172021,10000,,,,2,15,0,,1,sandstone,sandstone_normal,,blocks.stone,blockd.stone,blockd.stone,172021,2,1,,84887e,,,,,,29,6,15,15,,1,,,10,,,,,,,2,,255,0,1,,0.2,,,
173022,锰块大薄弧板,,,,,,horizontalarcplate,,,,,,,1,1,3,0,0,2,,,,,50,40,1,0,,0,,172022,10000,0,0,172022,10000,,,,2,15,0,,1,manganese_block,,,blocks.stone,blockd.stone,blockd.stone,172022,2,1,,A58F78,,,,,,348,6,15,15,,1,,,10,,,,,,,2,,255,0,1,,0.5,26,,
173023,浅苍灰大薄弧板,,,,,,horizontalarcplate,,,,,,,1,1,3,0,0,2,,,,,25,6,1,2,100,2,,172023,10000,0,0,172023,10000,,,,2,15,0,,1,planks_coconut,,,blocks.wood,blockd.wood,blockd.wood,172023,1,1,,7c6037,,,,,,1380,6,15,15,,1,,,1,,,,,,,2,,255,0,1,,0.2,,,
173024,软雪大薄弧板,,,,,,horizontalarcplate,,,,,,,1,1,3,0,0,2,,,,,3,1.5,1,0,,0,,172024,10000,0,0,172024,10000,,,,2,15,0,,1,snow,,,blocks.snow,blockd.snow,,172024,3,1,,d4f4f5,,,,,,160001,0,15,15,,1,,,,,,,,,,2,,255,0,1,,0.2,,,
173025,厚雪大薄弧板,,,,,,horizontalarcplate,,,,,,,1,1,3,0,0,2,,,,,3,1.5,1,0,,0,,172025,10000,0,0,172025,10000,,,,2,15,0,,1,snow,,,blocks.snow,blockd.snow,,172025,3,1,,d4f4f5,,,,,,122,6,15,15,,1,,,,,,,,,,2,,255,0,1,,0.2,,,
173026,自然冰大薄弧板,,,,,,horizontalarcplate,,,,,,,1,1,3,0,0,2,,,,,5,5,1.6,0,,0,,172026,10000,0,0,172026,10000,,,,2,15,0,,1,ice,,,blocks.stone,blockd.stone,,172026,2,1,,5bc0ee,,,,,,123,6,15,15,,1,,,1,,,,,,,2,,255,0,1,,0.2,,,
173027,永冻冰大薄弧板,,,,,,horizontalarcplate,,,,,,,1,1,3,0,0,2,,,,,20,5,1.6,0,,0,,172027,10000,0,0,172027,10000,,,,2,15,4,,1,eternal_ice,,,blocks.stone,blockd.stone,,172027,2,1,,5bc0ee,,,,,,160002,6,15,15,,1,,,1,,,,,,,2,c6d6dc,255,0,1,,0.2,,,2
173028,[水墨]黑墨大薄弧板,,,,,,horizontalarcplate,,,,,,,1,1,3,0,0,2,,,,,20,5,1,0,,0,,172028,10000,0,0,172028,10000,,,,2,15,0,,1,ink_black,,,blocks.stone,blockd.stone,,172028,2,1,,5bc0ee,,,,,,160003,6,15,15,,1,,,1,,,,,,,2,,255,0,1,,0.5,,,
173029,[水墨]灰墨大薄弧板,,,,,,horizontalarcplate,,,,,,,1,1,3,0,0,2,,,,,20,5,1,0,,0,,172029,10000,0,0,172029,10000,,,,2,15,0,,1,ink_grey,,,blocks.stone,blockd.stone,,172029,2,1,,5bc0ee,,,,,,160004,6,15,15,,1,,,1,,,,,,,2,,255,0,1,,0.5,,,
173030,[水墨]墨灰砖大薄弧板,,,,,,horizontalarcplate,,,,,,,1,1,3,0,0,2,,,,,20,5,1,0,,0,,172030,10000,0,0,172030,10000,,,,2,15,0,,1,ink_greybrick,,,blocks.stone,blockd.stone,,172030,2,1,,5bc0ee,,,,,,160005,6,15,15,,1,,,1,,,,,,,2,,255,0,1,,0.5,,,
173031,[水墨]墨白砖大薄弧板,,,,,,horizontalarcplate,,,,,,,1,1,3,0,0,2,,,,,20,5,1,0,,0,,172031,10000,0,0,172031,10000,,,,2,15,0,,1,ink_whitebrick,,,blocks.stone,blockd.stone,,172031,2,1,,5bc0ee,,,,,,160006,6,15,15,,1,,,1,,,,,,,2,,255,0,1,,0.5,,,
173032,[水墨]宣纸大薄弧板,,,,,,horizontalarcplate,,,,,,,1,1,3,0,0,2,,,,,20,5,1,0,,0,,172032,10000,0,0,172032,10000,,,,2,15,0,,1,xuanzhi,,,blocks.stone,blockd.stone,,172032,2,1,,5bc0ee,,,,,,160007,6,15,15,,1,,,1,,,,,,,2,,255,0,1,,0.5,,,
173033,[水墨]瓦片大薄弧板,,,,,,horizontalarcplate,,,,,,,1,1,3,0,0,2,,,,,20,5,1,0,,0,,172033,10000,0,0,172033,10000,,,,2,15,0,,1,wapian,,,blocks.stone,blockd.stone,,172033,2,1,,5bc0ee,,,,,,160008,6,15,15,,1,,,1,,,,,,,2,,255,0,1,,0.5,,,
173034,[水墨]茅草大薄弧板,,,,,,horizontalarcplate,,,,,,,1,1,3,0,0,2,,,,,20,5,1,0,,0,,172034,10000,0,0,172034,10000,,,,2,15,0,,1,maocao,,,blocks.stone,blockd.stone,,172034,2,1,,5bc0ee,,,,,,160009,6,15,15,,1,,,1,,,,,,,2,,255,0,1,,0.5,,,
173035,[水墨]青瓦大薄弧板,,,,,,horizontalarcplate,,,,,,,1,1,3,0,0,2,,,,,20,5,1,0,,0,,172035,10000,0,0,172035,10000,,,,2,15,0,,1,qingwa,,,blocks.stone,blockd.stone,,172035,2,1,,5bc0ee,,,,,,160010,6,15,15,,1,,,1,,,,,,,2,,255,0,1,,0.5,,,
173036,完整土砖大薄弧板,,,,,,horizontalarcplate,,,,,,,1,1,3,0,0,2,,,,,50,12,1,0,,0,,172036,10000,0,0,172036,10000,,,,2,15,0,,1,complete_adobe_brick,,,blocks.stone,blockd.stone,,172036,2,1,,84887e,,,,,,160012,6,15,15,,1,,,10,,,,,,,2,,255,0,1,,0.2,,,
173037,完整黄砖大薄弧板,,,,,,horizontalarcplate,,,,,,,1,1,3,0,0,2,,,,,50,12,1,0,,0,,172037,10000,0,0,172037,10000,,,,2,15,0,,1,complete_sand_brick,,,blocks.stone,blockd.stone,,172037,2,1,,84887e,,,,,,160018,6,15,15,,1,,,10,,,,,,,2,,255,0,1,,0.2,,,
173038,完整砂土砖大薄弧板,,,,,,horizontalarcplate,,,,,,,1,1,3,0,0,2,,,,,50,12,1,0,,0,,172038,10000,0,0,172038,10000,,,,2,15,0,,1,complete_arenosol_brick,,,blocks.stone,blockd.stone,,172038,2,1,,c79d59,,,,,,160024,6,15,15,,1,,,10,,,,,,,2,,255,0,1,,0.2,,,
173039,完整蘑古砖大薄弧板,,,,,,horizontalarcplate,,,,,,,1,1,3,0,0,2,,,,,100,15,1,0,,0,,172039,10000,0,0,172039,10000,,,,2,15,0,,1,large_blue_rock_brick,,,blocks.stone,blocks.stone,blocks.stone,172039,2,1,,C0C0C0,,,,,,160028,6,15,15,,1,,,10,,,,,,,2,,255,0,1,,0.2,,,
173040,完整魔古砖大薄弧板,,,,,,horizontalarcplate,,,,,,,1,1,3,0,0,2,,,,,100,15,1,0,,0,,172040,10000,0,0,172040,10000,,,,2,15,10,,1,magic-mithsilver_block,,,blocks.stone,blocks.stone,blocks.stone,172040,2,1,,C0C0C0,,,,,,160029,6,15,15,,1,,,10,,,,,,,2,f6e8ff,255,0,1,,0.2,,,
173041,宝石蓝大薄弧板,,,,,,horizontalarcplate,,,,,,,1,1,3,0,0,2,,,,,100,15,1,0,,0,,172041,10000,0,0,172041,10000,,,,2,15,0,,1,planks_sapphireblue,,,blocks.wood,blocks.wood,blockd.wood,172041,2,1,,3b82f6,,,,,,160030,6,15,15,,1,,,10,,,,,,,2,,255,0,1,,0.2,,,
173042,花青紫大薄弧板,,,,,,horizontalarcplate,,,,,,,1,1,3,0,0,2,,,,,100,15,1,0,,0,,172042,10000,0,0,172042,10000,,,,2,15,0,,1,planks_anthocyaninpurple,,,blocks.wood,blocks.wood,blockd.wood,172042,2,1,,9b4dca,,,,,,160031,6,15,15,,1,,,10,,,,,,,2,,255,0,1,,0.2,,,
173043,浅色水蘑石大薄弧板,,,,,,horizontalarcplate,,,,,,,1,1,3,0,0,2,,,,,100,15,1,0,,0,,172043,10000,0,0,172043,10000,,,,2,15,0,,1,terrazzo_pale,,,blocks.stone,blocks.stone,blockd.stone,172043,2,1,,f5f5f5,,,,,,160032,6,15,15,,1,,,10,,,,,,,2,,255,0,1,,0.2,,,
173044,天青蓝水蘑石大薄弧板,,,,,,horizontalarcplate,,,,,,,1,1,3,0,0,2,,,,,100,15,1,0,,0,,172044,10000,0,0,172044,10000,,,,2,15,0,,1,terrazzo_skyblue,,,blocks.stone,blocks.stone,blockd.stone,172044,2,1,,87ceeb,,,,,,160033,6,15,15,,1,,,10,,,,,,,2,,255,0,1,,0.2,,,
173045,菌菇板大薄弧板,,,,,,horizontalarcplate,,,,,,,1,1,3,0,0,2,,,,,1,30,1,0,,0,,172045,10000,0,0,172045,10000,,,,2,15,0,,1,mushroom_plank,,,blocks.wood,blocks.wood,blocks.wood,172045,2,1,,c67b5b,,,,,,160034,6,15,15,,1,,,10,,,,,,,2,,255,0,1,,0.2,,,
173046,精制完整石大薄弧板,,,,,,horizontalarcplate,,,,,,,1,1,3,0,0,2,,,,,100,15,1,0,,0,,172046,10000,0,0,172046,10000,,,,2,15,0,,1,refined_complete_stone_brick,,,blocks.stone,blocks.stone,blockd.stone,172046,2,1,,87ceeb,,,,,,160036,6,15,15,,1,,,10,,,,,,,2,,255,0,1,,0.2,,,
173047,精制完整镶边石大薄弧板,,,,,,horizontalarcplate,,,,,,,1,1,3,0,0,2,,,,,100,15,1,0,,0,,172047,10000,0,0,172047,10000,,,,2,15,0,,1,refined_and_complete_edged_stone_brick,,,blocks.stone,blocks.stone,blockd.stone,172047,2,1,,87ceeb,,,,,,160039,6,15,15,,1,,,10,,,,,,,2,,255,0,1,,0.2,,,
173048,粗制完整石大薄弧板,,,,,,horizontalarcplate,,,,,,,1,1,3,0,0,2,,,,,100,15,1,0,,0,,172048,10000,0,0,172048,10000,,,,2,15,0,,1,rough_complete_stone_brick,,,blocks.stone,blocks.stone,blockd.stone,172048,2,1,,87ceeb,,,,,,160043,6,15,15,,1,,,10,,,,,,,2,,255,0,1,,0.2,,,
173049,魔古砖大薄弧板,,,,,,horizontalarcplate,,,,,,,1,1,3,0,0,2,,,,,100,15,1,0,,0,,172049,10000,0,0,172049,10000,,,,2,15,0,,1,mogu_brick,,,blocks.stone,blocks.stone,blocks.stone,172049,2,1,,C0C0C0,,,,,,160027,6,15,15,,1,,,10,,,,,,,2,,255,0,1,,0.2,,,
173050,横格釉面砖大薄弧板,,,,,,horizontalarcplate,,,,,,,1,1,3,0,0,2,,,,,100,15,1,0,,0,,172050,10000,0,0,172050,10000,,,,2,15,0,,1,glazed_tile_1,,,blocks.stone,blocks.stone,blocks.stone,172050,2,1,,84887e,,,,,,426,6,15,15,,1,,,10,,,,,,,2,,255,0,1,,0.2,,,
173051,完整釉面砖大薄弧板,,,,,,horizontalarcplate,,,,,,,1,1,3,0,0,2,,,,,100,15,1,0,,0,,172051,10000,0,0,172051,10000,,,,2,15,0,,1,complete_glazed_block,,,blocks.stone,blocks.stone,blocks.stone,172051,2,1,,84887e,,,,,,160051,6,15,15,,1,,,10,,,,,,,2,,255,0,1,,0.2,,,
173052,绿白马赛克釉面砖大薄弧板,,,,,,horizontalarcplate,,,,,,,1,1,3,0,0,2,,,,,100,15,1,0,,0,,172052,10000,0,0,172052,10000,,,,2,15,0,,1,green_white_mosaic_glazed_block,,,blocks.stone,blocks.stone,blocks.stone,172052,2,1,,D0C4A8,,,,,,160052,6,15,15,,1,,,10,,,,,,,2,,255,0,1,,0.2,,,
173053,灰绿马赛克釉面砖大薄弧板,,,,,,horizontalarcplate,,,,,,,1,1,3,0,0,2,,,,,100,15,1,0,,0,,172053,10000,0,0,172053,10000,,,,2,15,0,,1,gray_green_mosaic_glazed_block,,,blocks.stone,blocks.stone,blocks.stone,172053,2,1,,788D6F,,,,,,160053,6,15,15,,1,,,10,,,,,,,2,,255,0,1,,0.2,,,
173054,灰蓝马赛克釉面砖大薄弧板,,,,,,horizontalarcplate,,,,,,,1,1,3,0,0,2,,,,,100,15,1,0,,0,,172054,10000,0,0,172054,10000,,,,2,15,0,,1,gray_blue_mosaic_glazed_block,,,blocks.stone,blocks.stone,blocks.stone,172054,2,1,,B4BDBF,,,,,,160054,6,15,15,,1,,,10,,,,,,,2,,255,0,1,,0.2,,,
174000,174000-174999为竖薄弧板方块,,,,,,,,,,,,,,,,,,,,,,,,,,,,,,174000,,,,174000,,,,,,,,,,,,,,,,174000,,,,,,,,,,,,,,,,,,,,,,,,,0,,0,,0,,0,,,
174001,星球岩竖薄弧板,,,,,,verticalarchalfplate,,4,4,,,,1,1,3,0,0,2,,,,,500,15,1,0,,0,,174001,10000,0,0,174001,10000,,,,2,15,0,,1,Planetstonebrick,,,blocks.stone,blocks.stone,blocks.stone,174001,2,1,,C0C0C0,,,,,,,6,15,15,,1,,,10,,,,,,,2,,255,0,1,,0.2,,,
174002,竹板竖薄弧板,,,,,,verticalarchalfplate,,4,4,,,,1,1,3,0,0,2,,,,,25,6,1,2,20,2,,174002,10000,0,0,174002,10000,,,,2,15,0,,1,planks_bamboo,,,blocks.wood,blockd.wood,blockd.wood,174002,1,1,,c1a661,,,,,,,6,15,15,,1,,,1,,,,,,,2,,255,0,1,,0.2,,,
174003,胭脂红竖薄弧板,,,,,,verticalarchalfplate,,4,4,,,,1,1,3,0,0,2,,,,,25,6,1,2,100,2,,174003,10000,0,0,174003,10000,,,,2,15,0,,1,planks_peachblossom,,,blocks.wood,blockd.wood,blockd.wood,174003,1,1,,7c6037,,,,,,,6,15,15,,1,,,1,,,,,,,2,,255,0,1,,0.2,,,
174004,水泥砖竖薄弧板,,,,,,verticalarchalfplate,,4,4,,,,1,1,3,0,0,2,,,,,70,12,1,0,,0,,174004,10000,0,0,174004,10000,,,,2,15,0,,1,brick,,,blocks.stone,blockd.stone,blockd.stone,174004,2,1,,8d5845,,,,,,,6,15,15,,1,,,10,,,,,,,2,,255,0,1,,0.2,,,
174005,硫黄砖竖薄弧板,,,,,,verticalarchalfplate,,4,4,,,,1,1,3,0,0,2,,,,,40,12,1,0,,0,,174005,10000,0,0,174005,10000,,,,2,15,0,,1,sulfur_brick,,,blocks.stone,blockd.stone,blockd.stone,174005,2,1,,8e452a,,,,,,,6,15,15,,1,,,10,,,,,,,2,,255,0,1,,0.2,,,
174006,石质竖薄弧板,,,,,,verticalarchalfplate,,4,4,,,,1,1,3,0,0,2,,,,,50,12,1,0,,0,,174006,10000,0,0,174006,10000,,,,2,15,0,,1,rock,,,blocks.stone,blockd.stone,blockd.stone,174006,2,1,,939188,,,,,,,6,15,15,,1,,,10,,,,,,,2,,255,0,1,,0.2,,,
174007,精制石竖薄弧板,,,,,,verticalarchalfplate,,4,4,,,,1,1,3,0,0,2,,,,,75,12,1,0,,0,,174007,10000,0,0,174007,10000,,,,2,15,0,,1,stonebrick,,,blocks.stone,blockd.stone,blockd.stone,174007,2,1,,84887e,,,,,,,6,15,15,,1,,,10,,,,,,,2,,255,0,1,,0.2,,,
174008,钛合金竖薄弧板,,,,,,verticalarchalfplate,,4,4,,,,1,1,3,0,0,2,,,,,200,60,1,0,,0,,174008,10000,0,0,174008,10000,,,,2,15,0,,1,titanium_block,,,blocks.stone,blockd.stone,blockd.stone,174008,2,1,,81c9fb,,,,,,,6,15,15,,1,,,20,,,,,,,2,,255,0,1,,3,26,,
174009,黄铜竖薄弧板,,,,,,verticalarchalfplate,,4,4,,,,1,1,3,0,0,2,,,,,200,40,1,0,,0,,174009,10000,0,0,174009,10000,,,,2,15,0,,1,brass_block,,,blocks.stone,blockd.stone,blockd.stone,174009,2,1,,81c9fb,,,,,,,6,15,15,,1,,,10,,,,,,,2,,255,0,1,,1,26,,
174010,云母竖薄弧板,,,,,,verticalarchalfplate,,4,4,,,,1,1,3,0,0,2,,,,,40,16,1,0,,0,,174010,10000,0,0,174010,10000,,,,2,15,0,,1,silica_block,,,blocks.stone,blockd.stone,blockd.stone,174010,2,1,,b7bcb7,,,,,,,6,15,15,,1,,,10,,,,,,,2,,255,0,1,,0.2,,,
174011,铁制竖薄弧板,,,,,,verticalarchalfplate,,4,4,,,,1,1,3,0,0,2,,,,1,60,60,1,0,,0,,174011,10000,0,0,174011,10000,,,,2,15,0,,1,sf_metel01,,,blocks.stone,blockd.stone,,174011,2,1,,077B01,,,,,,,6,15,15,,1,,,20,,,,,,,2,,255,0,1,,1.5,26,,
174012,炽炎竖薄弧板,,,,,,verticalarchalfplate,,4,4,,,,1,1,3,0,0,2,,,,,50,12,1,0,,0,,174012,10000,0,0,174012,10000,,,,2,15,4,,1,flamecrystal_block,,,blocks.stone,blockd.stone,blockd.stone,174012,2,1,,fac117,,,,,,,6,15,15,,1,,,10,,,,,,,2,f8c100,255,0,1,,1,,,2
174013,柠檬黄竖薄弧板,,,,,,verticalarchalfplate,,4,4,,,,1,1,3,0,0,2,,,,,50,12,1,2,20,2,,174013,10000,0,0,174013,10000,,,,2,15,0,,1,planks_arbor,,,blocks.wood,blocks.wood,blocks.wood,174013,1,1,,c1a661,,,,,,,6,15,15,,1,,,10,,,,,,,2,,255,0,1,,0.2,,,
174014,苍石灰竖薄弧板,,,,,,verticalarchalfplate,,4,4,,,,1,1,3,0,0,2,,,,,35,10,1,0,,0,,174014,10000,0,0,174014,10000,,,,2,15,0,1,1,planks_leafless,,,blocks.wood,blockd.wood,blockd.wood,174014,1,1,,7c6037,,,,,,,6,15,15,,1,,,1,,,,,,,2,,255,0,1,,0.2,,,
174015,深栗红竖薄弧板,,,,,,verticalarchalfplate,,4,4,,,,1,1,3,0,0,2,,,,,35,8,1,1,20,2,,174015,10000,0,0,174015,10000,,,,2,15,0,,1,planks_walnut,,,blocks.wood,blockd.wood,blockd.wood,174015,1,1,,452f20,,,,,,,6,15,15,,1,,,1,,,,,,,2,,255,0,1,,0.2,,,
174016,落日橙竖薄弧板,,,,,,verticalarchalfplate,,4,4,,,,1,1,3,0,0,2,,,,,35,8,1,1,20,1,,174016,10000,0,0,174016,10000,,,,2,15,0,,1,planks_phoebe,,,blocks.wood,blockd.wood,blockd.wood,174016,1,1,,be8254,,,,,,,6,15,15,,1,,,1,,,,,,,2,,255,0,1,,0.2,,,
174017,海棠红竖薄弧板,,,,,,verticalarchalfplate,,4,4,,,,1,1,3,0,0,2,,,,,35,8,1,1,20,1,,174017,10000,0,0,174017,10000,,,,2,15,0,,1,planks_redwood,,,blocks.wood,blockd.wood,blockd.wood,174017,1,1,,644b2b,,,,,,,6,15,15,,1,,,1,,,,,,,2,,255,0,1,,0.2,,,
174018,象牙白竖薄弧板,,,,,,verticalarchalfplate,,4,4,,,,1,1,3,0,0,2,,,,,32,7,1,2,5,1,,174018,10000,0,0,174018,10000,,,,2,15,0,,1,planks_birch,,,blocks.wood,blockd.wood,blockd.wood,174018,1,1,,dfdbc2,,,,,,,6,15,15,,1,,,1,,,,,,,2,,255,0,1,,0.2,,,
174019,秋叶橙竖薄弧板,,,,,,verticalarchalfplate,,4,4,,,,1,1,3,0,0,2,,,,,35,9,1,1,20,2,,174019,10000,0,0,174019,10000,,,,2,15,0,,1,planks_cathaya,,,blocks.wood,blockd.wood,blockd.wood,174019,1,1,,865d39,,,,,,,6,15,15,,1,,,1,,,,,,,2,,255,0,1,,0.2,,,
174020,竖薄弧板,,,,,,verticalarchalfplate,,4,4,,,,1,1,3,0,0,2,,,,,25,6,1,2,20,2,,174020,10000,0,0,174020,10000,,,,2,15,0,,1,planks_fruittree,,,blocks.wood,blockd.wood,blockd.wood,174020,1,1,,c1a661,,,,,,,6,15,15,,1,,,1,,,,,,,2,,255,0,1,,0.2,,,
174021,黄砖竖薄弧板,,,,,,verticalarchalfplate,,4,4,,,,1,1,3,0,0,2,,,,,50,12,1,0,,0,,174021,10000,0,0,174021,10000,,,,2,15,0,,1,sandstone,sandstone_normal,,blocks.stone,blockd.stone,blockd.stone,174021,2,1,,84887e,,,,,,,6,15,15,,1,,,10,,,,,,,2,,255,0,1,,0.2,,,
174022,锰块竖薄弧板,,,,,,verticalarchalfplate,,4,4,,,,1,1,3,0,0,2,,,,,50,40,1,0,,0,,174022,10000,0,0,174022,10000,,,,2,15,0,,1,manganese_block,,,blocks.stone,blockd.stone,blockd.stone,174022,2,1,,A58F78,,,,,,,6,15,15,,1,,,10,,,,,,,2,,255,0,1,,0.5,26,,
174023,浅苍灰竖薄弧板,,,,,,verticalarchalfplate,,4,4,,,,1,1,3,0,0,2,,,,,25,6,1,2,100,2,,174023,10000,0,0,174023,10000,,,,2,15,0,,1,planks_coconut,,,blocks.wood,blockd.wood,blockd.wood,174023,1,1,,7c6037,,,,,,,6,15,15,,1,,,1,,,,,,,2,,255,0,1,,0.2,,,
174024,软雪竖薄弧板,,,,,,verticalarchalfplate,,4,4,,,,1,1,3,0,0,2,,,,,3,1.5,1,0,,0,,174024,10000,0,0,174024,10000,,,,2,15,0,,1,snow,,,blocks.snow,blockd.snow,,174024,3,1,,d4f4f5,,,,,,,0,15,15,,1,,,,,,,,,,2,,255,0,1,,0.2,,,
174025,厚雪竖薄弧板,,,,,,verticalarchalfplate,,4,4,,,,1,1,3,0,0,2,,,,,3,1.5,1,0,,0,,174025,10000,0,0,174025,10000,,,,2,15,0,,1,snow,,,blocks.snow,blockd.snow,,174025,3,1,,d4f4f5,,,,,,,6,15,15,,1,,,,,,,,,,2,,255,0,1,,0.2,,,
174026,自然冰竖薄弧板,,,,,,verticalarchalfplate,,4,4,,,,1,1,3,0,0,2,,,,,5,5,1.6,0,,0,,174026,10000,0,0,174026,10000,,,,2,15,0,,1,ice,,,blocks.stone,blockd.stone,,174026,2,1,,5bc0ee,,,,,,,6,15,15,,1,,,1,,,,,,,2,,255,0,1,,0.2,,,
174027,永冻冰竖薄弧板,,,,,,verticalarchalfplate,,4,4,,,,1,1,3,0,0,2,,,,,20,5,1.6,0,,0,,174027,10000,0,0,174027,10000,,,,2,15,4,,1,eternal_ice,,,blocks.stone,blockd.stone,,174027,2,1,,5bc0ee,,,,,,,6,15,15,,1,,,1,,,,,,,2,c6d6dc,255,0,1,,0.2,,,2
174028,[水墨]黑墨竖薄弧板,,,,,,verticalarchalfplate,,4,4,,,,1,1,3,0,0,2,,,,,20,5,1,0,,0,,174028,10000,0,0,174028,10000,,,,2,15,0,,1,ink_black,,,blocks.stone,blockd.stone,,174028,2,1,,5bc0ee,,,,,,,6,15,15,,1,,,1,,,,,,,2,,255,0,1,,0.2,,,
174029,[水墨]灰墨竖薄弧板,,,,,,verticalarchalfplate,,4,4,,,,1,1,3,0,0,2,,,,,20,5,1,0,,0,,174029,10000,0,0,174029,10000,,,,2,15,0,,1,ink_grey,,,blocks.stone,blockd.stone,,174029,2,1,,5bc0ee,,,,,,,6,15,15,,1,,,1,,,,,,,2,,255,0,1,,0.2,,,
174030,[水墨]墨灰砖竖薄弧板,,,,,,verticalarchalfplate,,4,4,,,,1,1,3,0,0,2,,,,,20,5,1,0,,0,,174030,10000,0,0,174030,10000,,,,2,15,0,,1,ink_greybrick,,,blocks.stone,blockd.stone,,174030,2,1,,5bc0ee,,,,,,,6,15,15,,1,,,1,,,,,,,2,,255,0,1,,0.2,,,
174031,[水墨]墨白砖竖薄弧板,,,,,,verticalarchalfplate,,4,4,,,,1,1,3,0,0,2,,,,,20,5,1,0,,0,,174031,10000,0,0,174031,10000,,,,2,15,0,,1,ink_whitebrick,,,blocks.stone,blockd.stone,,174031,2,1,,5bc0ee,,,,,,,6,15,15,,1,,,1,,,,,,,2,,255,0,1,,0.2,,,
174032,[水墨]宣纸竖薄弧板,,,,,,verticalarchalfplate,,4,4,,,,1,1,3,0,0,2,,,,,20,5,1,0,,0,,174032,10000,0,0,174032,10000,,,,2,15,0,,1,xuanzhi,,,blocks.stone,blockd.stone,,174032,2,1,,5bc0ee,,,,,,,6,15,15,,1,,,1,,,,,,,2,,255,0,1,,0.2,,,
174033,[水墨]瓦片竖薄弧板,,,,,,verticalarchalfplate,,4,4,,,,1,1,3,0,0,2,,,,,20,5,1,0,,0,,174033,10000,0,0,174033,10000,,,,2,15,0,,1,wapian,,,blocks.stone,blockd.stone,,174033,2,1,,5bc0ee,,,,,,,6,15,15,,1,,,1,,,,,,,2,,255,0,1,,0.2,,,
174034,[水墨]茅草竖薄弧板,,,,,,verticalarchalfplate,,4,4,,,,1,1,3,0,0,2,,,,,20,5,1,0,,0,,174034,10000,0,0,174034,10000,,,,2,15,0,,1,maocao,,,blocks.stone,blockd.stone,,174034,2,1,,5bc0ee,,,,,,,6,15,15,,1,,,1,,,,,,,2,,255,0,1,,0.2,,,
174035,[水墨]青瓦竖薄弧板,,,,,,verticalarchalfplate,,4,4,,,,1,1,3,0,0,2,,,,,20,5,1,0,,0,,174035,10000,0,0,174035,10000,,,,2,15,0,,1,qingwa,,,blocks.stone,blockd.stone,,174035,2,1,,5bc0ee,,,,,,,6,15,15,,1,,,1,,,,,,,2,,255,0,1,,0.2,,,
174036,完整土砖竖薄弧板,,,,,,verticalarchalfplate,,4,4,,,,1,1,3,0,0,2,,,,,50,12,1,0,,0,,174036,10000,0,0,174036,10000,,,,2,15,0,,1,complete_adobe_brick,,,blocks.stone,blockd.stone,blockd.stone,174036,2,1,,84887e,,,,,,,6,15,15,,1,,,10,,,,,,,2,,255,0,1,,0.2,,,
174037,完整黄砖竖薄弧板,,,,,,verticalarchalfplate,,4,4,,,,1,1,3,0,0,2,,,,,50,12,1,0,,0,,174037,10000,0,0,174037,10000,,,,2,15,0,,1,complete_sand_brick,,,blocks.stone,blockd.stone,blockd.stone,174037,2,1,,84887e,,,,,,,6,15,15,,1,,,10,,,,,,,2,,255,0,1,,0.2,,,
174038,完整砂土砖竖薄弧板,,,,,,verticalarchalfplate,,4,4,,,,1,1,3,0,0,2,,,,,50,12,1,0,,0,,174038,10000,0,0,174038,10000,,,,2,15,0,,1,complete_arenosol_brick,,,blocks.stone,blockd.stone,blockd.stone,174038,2,1,,c79d59,,,,,,,6,15,15,,1,,,10,,,,,,,2,,255,0,1,,0.2,,,
174039,完整蘑古砖竖薄弧板,,,,,,verticalarchalfplate,,4,4,,,,1,1,3,0,0,2,,,,,100,15,1,0,,0,,174039,10000,0,0,174039,10000,,,,2,15,0,,1,large_blue_rock_brick,,,blocks.stone,blocks.stone,blocks.stone,174039,2,1,,263235,,,,,,,6,15,15,,1,,,10,,,,,,,2,,255,0,1,,0.2,,,
174040,完整魔古砖竖薄弧板,,,,,,verticalarchalfplate,,4,4,,,,1,1,3,0,0,2,,,,,100,15,1,0,,0,,174040,10000,0,0,174040,10000,,,,2,15,10,,1,magic-mithsilver_block,,,blocks.stone,blocks.stone,blocks.stone,174040,2,1,,413250,,,,,,,6,15,15,,1,,,10,,,,,,,2,f6e8ff,255,0,1,,0.2,,,
174041,宝石蓝竖薄弧板,,,,,,verticalarchalfplate,,4,4,,,,1,1,3,0,0,2,,,,,100,6,1,0,,0,,174041,10000,0,0,174041,10000,,,,2,15,0,,1,planks_sapphireblue,,,blocks.wood,blocks.wood,blockd.wood,174041,1,1,,3b82f6,,,,,,,6,15,15,,1,,,10,,,,,,,2,,255,0,1,,0.2,,,
174042,花青紫竖薄弧板,,,,,,verticalarchalfplate,,4,4,,,,1,1,3,0,0,2,,,,,100,6,1,0,,0,,174042,10000,0,0,174042,10000,,,,2,15,0,,1,planks_anthocyaninpurple,,,blocks.wood,blocks.wood,blockd.wood,174042,1,1,,9b4dca,,,,,,,6,15,15,,1,,,10,,,,,,,2,,255,0,1,,0.2,,,
174043,浅色水蘑石竖薄弧板,,,,,,verticalarchalfplate,,4,4,,,,1,1,3,0,0,2,,,,,100,10,1,0,,0,,174043,10000,0,0,174043,10000,,,,2,15,0,,1,terrazzo_pale,,,blocks.stone,blocks.stone,blockd.stone,174043,2,1,,f5f5f5,,,,,,,6,15,15,,1,,,10,,,,,,,2,,255,0,1,,0.2,,,
174044,天青蓝水蘑石竖薄弧板,,,,,,verticalarchalfplate,,4,4,,,,1,1,3,0,0,2,,,,,100,10,1,0,,0,,174044,10000,0,0,174044,10000,,,,2,15,0,,1,terrazzo_skyblue,,,blocks.stone,blocks.stone,blockd.stone,174044,2,1,,87ceeb,,,,,,,6,15,15,,1,,,10,,,,,,,2,,255,0,1,,0.2,,,
174045,菌菇板竖薄弧板,,,,,,verticalarchalfplate,,4,4,,,,1,1,3,0,0,2,,,,,1,5,1,0,,0,,174045,10000,0,0,174045,10000,,,,2,15,0,,1,mushroom_plank,,,blocks.wood,blocks.wood,blocks.wood,174045,1,1,,c67b5b,,,,,,,6,15,15,,1,,,10,,,,,,,2,,255,0,1,,0.2,,,
174046,精制完整石竖薄弧板,,,,,,verticalarchalfplate,,4,4,,,,1,1,3,0,0,2,,,,,100,15,1,0,,0,,174046,10000,0,0,174046,10000,,,,2,15,0,,1,refined_complete_stone_brick,,,blocks.stone,blocks.stone,blocks.stone,174046,2,1,,84887e,,,,,,,6,15,15,,1,,,10,,,,,,,2,,255,0,1,,0.2,,,
174047,精制完整镶边石竖薄弧板,,,,,,verticalarchalfplate,,4,4,,,,1,1,3,0,0,2,,,,,100,15,1,0,,0,,174047,10000,0,0,174047,10000,,,,2,15,0,,1,refined_and_complete_edged_stone_brick,,,blocks.stone,blocks.stone,blocks.stone,174047,2,1,,84887e,,,,,,,6,15,15,,1,,,10,,,,,,,2,,255,0,1,,0.2,,,
174048,粗制完整石竖薄弧板,,,,,,verticalarchalfplate,,4,4,,,,1,1,3,0,0,2,,,,,100,15,1,0,,0,,174048,10000,0,0,174048,10000,,,,2,15,0,,1,rough_complete_stone_brick,,,blocks.stone,blocks.stone,blocks.stone,174048,2,1,,84887e,,,,,,,6,15,15,,1,,,10,,,,,,,2,,255,0,1,,0.2,,,
174049,魔古砖竖薄弧板,,,,,,verticalarchalfplate,,4,4,,,,1,1,3,0,0,2,,,,,100,15,1,0,,0,,174049,10000,0,0,174049,10000,,,,2,15,0,,1,mogu_brick,,,blocks.stone,blocks.stone,blocks.stone,174049,2,1,,C0C0C0,,,,,,,6,15,15,,1,,,10,,,,,,,2,,255,0,1,,0.2,,,
174050,横格釉面砖竖薄弧板,,,,,,verticalarchalfplate,,4,4,,,,1,1,3,0,0,2,,,,,100,15,1,0,,0,,174050,10000,0,0,174050,10000,,,,2,15,0,,1,glazed_tile_1,,,blocks.stone,blocks.stone,blocks.stone,174050,2,1,,84887e,,,,,,,6,15,15,,1,,,10,,,,,,,2,,255,0,1,,0.2,,,
174051,完整釉面砖竖薄弧板,,,,,,verticalarchalfplate,,4,4,,,,1,1,3,0,0,2,,,,,100,15,1,0,,0,,174051,10000,0,0,174051,10000,,,,2,15,0,,1,complete_glazed_block,,,blocks.stone,blocks.stone,blocks.stone,174051,2,1,,84887e,,,,,,,6,15,15,,1,,,10,,,,,,,2,,255,0,1,,0.2,,,
174052,绿白马赛克釉面砖竖薄弧板,,,,,,verticalarchalfplate,,4,4,,,,1,1,3,0,0,2,,,,,100,15,1,0,,0,,174052,10000,0,0,174052,10000,,,,2,15,0,,1,green_white_mosaic_glazed_block,,,blocks.stone,blocks.stone,blocks.stone,174052,2,1,,D0C4A8,,,,,,,6,15,15,,1,,,10,,,,,,,2,,255,0,1,,0.2,,,
174053,灰绿马赛克釉面砖竖薄弧板,,,,,,verticalarchalfplate,,4,4,,,,1,1,3,0,0,2,,,,,100,15,1,0,,0,,174053,10000,0,0,174053,10000,,,,2,15,0,,1,gray_green_mosaic_glazed_block,,,blocks.stone,blocks.stone,blocks.stone,174053,2,1,,788D6F,,,,,,,6,15,15,,1,,,10,,,,,,,2,,255,0,1,,0.2,,,
174054,灰蓝马赛克釉面砖竖薄弧板,,,,,,verticalarchalfplate,,4,4,,,,1,1,3,0,0,2,,,,,100,15,1,0,,0,,174054,10000,0,0,174054,10000,,,,2,15,0,,1,gray_blue_mosaic_glazed_block,,,blocks.stone,blocks.stone,blocks.stone,174054,2,1,,B4BDBF,,,,,,,6,15,15,,1,,,10,,,,,,,2,,255,0,1,,0.2,,,
175000,175000-175999为大竖薄弧板,,,,,,,,,,,,,,,,,,,,,,,,,,,,,,175000,,,,175000,,,,,,,,,,,,,,,,175000,,,,,,,,,,,,,,,,,,,,,,,,,0,,0,,0,,0,,,
175001,星球岩大竖薄弧板,,,,,,verticalarcplate,,,,,,,1,1,3,0,0,2,,,,,500,15,1,0,,0,,174001,10000,0,0,174001,10000,,,,2,15,0,,1,Planetstonebrick,,,blocks.stone,blocks.stone,blocks.stone,174001,2,1,,C0C0C0,,,,,,573,6,15,15,,1,,,10,,,,,,,2,,255,0,1,,0.2,,,
175002,竹板大竖薄弧板,,,,,,verticalarcplate,,,,,,,1,1,3,0,0,2,,,,,25,6,1,2,20,2,,174002,10000,0,0,174002,10000,,,,2,15,0,,1,planks_bamboo,,,blocks.wood,blockd.wood,blockd.wood,174002,1,1,,c1a661,,,,,,563,6,15,15,,1,,,1,,,,,,,2,,255,0,1,,0.2,,,
175003,胭脂红大竖薄弧板,,,,,,verticalarcplate,,,,,,,1,1,3,0,0,2,,,,,25,6,1,2,100,2,,174003,10000,0,0,174003,10000,,,,2,15,0,,1,planks_peachblossom,,,blocks.wood,blockd.wood,blockd.wood,174003,1,1,,7c6037,,,,,,562,6,15,15,,1,,,1,,,,,,,2,,255,0,1,,0.2,,,
175004,水泥砖大竖薄弧板,,,,,,verticalarcplate,,,,,,,1,1,3,0,0,2,,,,,70,12,1,0,,0,,174004,10000,0,0,174004,10000,,,,2,15,0,,1,brick,,,blocks.stone,blockd.stone,blockd.stone,174004,2,1,,8d5845,,,,,,547,6,15,15,,1,,,10,,,,,,,2,,255,0,1,,0.2,,,
175005,硫黄砖大竖薄弧板,,,,,,verticalarcplate,,,,,,,1,1,3,0,0,2,,,,,40,12,1,0,,0,,174005,10000,0,0,174005,10000,,,,2,15,0,,1,sulfur_brick,,,blocks.stone,blockd.stone,blockd.stone,174005,2,1,,8e452a,,,,,,537,6,15,15,,1,,,10,,,,,,,2,,255,0,1,,0.2,,,
175006,石质大竖薄弧板,,,,,,verticalarcplate,,,,,,,1,1,3,0,0,2,,,,,50,12,1,0,,0,,174006,10000,0,0,174006,10000,,,,2,15,0,,1,rock,,,blocks.stone,blockd.stone,blockd.stone,174006,2,1,,939188,,,,,,104,6,15,15,,1,,,10,,,,,,,2,,255,0,1,,0.2,,,
175007,精制石大竖薄弧板,,,,,,verticalarcplate,,,,,,,1,1,3,0,0,2,,,,,75,12,1,0,,0,,174007,10000,0,0,174007,10000,,,,2,15,0,,1,stonebrick,,,blocks.stone,blockd.stone,blockd.stone,174007,2,1,,84887e,,,,,,501,6,15,15,,1,,,10,,,,,,,2,,255,0,1,,0.2,,,
175008,钛合金大竖薄弧板,,,,,,verticalarcplate,,,,,,,1,1,3,0,0,2,,,,,200,60,1,0,,0,,174008,10000,0,0,174008,10000,,,,2,15,0,,1,titanium_block,,,blocks.stone,blockd.stone,blockd.stone,174008,2,1,,81c9fb,,,,,,457,6,15,15,,1,,,20,,,,,,,2,,255,0,1,,3,26,,
175009,黄铜大竖薄弧板,,,,,,verticalarcplate,,,,,,,1,1,3,0,0,2,,,,,200,40,1,0,,0,,174009,10000,0,0,174009,10000,,,,2,15,0,,1,brass_block,,,blocks.stone,blockd.stone,blockd.stone,174009,2,1,,81c9fb,,,,,,456,6,15,15,,1,,,10,,,,,,,2,,255,0,1,,1,26,,
175010,云母大竖薄弧板,,,,,,verticalarcplate,,,,,,,1,1,3,0,0,2,,,,,40,16,1,0,,0,,174010,10000,0,0,174010,10000,,,,2,15,0,,1,silica_block,,,blocks.stone,blockd.stone,blockd.stone,174010,2,1,,b7bcb7,,,,,,413,6,15,15,,1,,,10,,,,,,,2,,255,0,1,,0.2,,,
175011,铁制大竖薄弧板,,,,,,verticalarcplate,,,,,,,1,1,3,0,0,2,,,,1,60,60,1,0,,0,,174011,10000,0,0,174011,10000,,,,2,15,0,,1,sf_metel01,,,blocks.stone,blockd.stone,,174011,2,1,,077B01,,,,,,411,6,15,15,,1,,,20,,,,,,,2,,255,0,1,,1.5,26,,
175012,炽炎大竖薄弧板,,,,,,verticalarcplate,,,,,,,1,1,3,0,0,2,,,,,50,12,1,0,,0,,174012,10000,0,0,174012,10000,,,,2,15,4,,1,flamecrystal_block,,,blocks.stone,blockd.stone,blockd.stone,174012,2,1,,fac117,,,,,,410,6,15,15,,1,,,10,,,,,,,2,f8c100,255,0,1,,1,,,2
175013,柠檬黄大竖薄弧板,,,,,,verticalarcplate,,,,,,,1,1,3,0,0,2,,,,,50,12,1,2,20,2,,174013,10000,0,0,174013,10000,,,,2,15,0,,1,planks_arbor,,,blocks.wood,blocks.wood,blocks.wood,174013,1,1,,c1a661,,,,,,375,6,15,15,,1,,,10,,,,,,,2,,255,0,1,,0.2,,,
175014,苍石灰大竖薄弧板,,,,,,verticalarcplate,,,,,,,1,1,3,0,0,2,,,,,35,10,1,0,,0,,174014,10000,0,0,174014,10000,,,,2,15,0,1,1,planks_leafless,,,blocks.wood,blockd.wood,blockd.wood,174014,1,1,,7c6037,,,,,,264,6,15,15,,1,,,1,,,,,,,2,,255,0,1,,0.2,,,
175015,深栗红大竖薄弧板,,,,,,verticalarcplate,,,,,,,1,1,3,0,0,2,,,,,35,8,1,1,20,2,,174015,10000,0,0,174015,10000,,,,2,15,0,,1,planks_walnut,,,blocks.wood,blockd.wood,blockd.wood,174015,1,1,,452f20,,,,,,211,6,15,15,,1,,,1,,,,,,,2,,255,0,1,,0.2,,,
175016,落日橙大竖薄弧板,,,,,,verticalarcplate,,,,,,,1,1,3,0,0,2,,,,,35,8,1,1,20,1,,174016,10000,0,0,174016,10000,,,,2,15,0,,1,planks_phoebe,,,blocks.wood,blockd.wood,blockd.wood,174016,1,1,,be8254,,,,,,210,6,15,15,,1,,,1,,,,,,,2,,255,0,1,,0.2,,,
175017,海棠红大竖薄弧板,,,,,,verticalarcplate,,,,,,,1,1,3,0,0,2,,,,,35,8,1,1,20,1,,174017,10000,0,0,174017,10000,,,,2,15,0,,1,planks_redwood,,,blocks.wood,blockd.wood,blockd.wood,174017,1,1,,644b2b,,,,,,209,6,15,15,,1,,,1,,,,,,,2,,255,0,1,,0.2,,,
175018,象牙白大竖薄弧板,,,,,,verticalarcplate,,,,,,,1,1,3,0,0,2,,,,,32,7,1,2,5,1,,174018,10000,0,0,174018,10000,,,,2,15,0,,1,planks_birch,,,blocks.wood,blockd.wood,blockd.wood,174018,1,1,,dfdbc2,,,,,,208,6,15,15,,1,,,1,,,,,,,2,,255,0,1,,0.2,,,
175019,秋叶橙大竖薄弧板,,,,,,verticalarcplate,,,,,,,1,1,3,0,0,2,,,,,35,9,1,1,20,2,,174019,10000,0,0,174019,10000,,,,2,15,0,,1,planks_cathaya,,,blocks.wood,blockd.wood,blockd.wood,174019,1,1,,865d39,,,,,,207,6,15,15,,1,,,1,,,,,,,2,,255,0,1,,0.2,,,
175020,大竖薄弧板,,,,,,verticalarcplate,,,,,,,1,1,3,0,0,2,,,,,25,6,1,2,20,2,,174020,10000,0,0,174020,10000,,,,2,15,0,,1,planks_fruittree,,,blocks.wood,blockd.wood,blockd.wood,174020,1,1,,c1a661,,,,,,206,6,15,15,,1,,,1,,,,,,,2,,255,0,1,,0.2,,,
175021,黄砖大竖薄弧板,,,,,,verticalarcplate,,,,,,,1,1,3,0,0,2,,,,,50,12,1,0,,0,,174021,10000,0,0,174021,10000,,,,2,15,0,,1,sandstone,sandstone_normal,,blocks.stone,blockd.stone,blockd.stone,174021,2,1,,84887e,,,,,,29,6,15,15,,1,,,10,,,,,,,2,,255,0,1,,0.2,,,
175022,锰块大竖薄弧板,,,,,,verticalarcplate,,,,,,,1,1,3,0,0,2,,,,,50,40,1,0,,0,,174022,10000,0,0,174022,10000,,,,2,15,0,,1,manganese_block,,,blocks.stone,blockd.stone,blockd.stone,174022,2,1,,A58F78,,,,,,348,6,15,15,,1,,,10,,,,,,,2,,255,0,1,,0.5,26,,
175023,浅苍灰大竖薄弧板,,,,,,verticalarcplate,,,,,,,1,1,3,0,0,2,,,,,25,6,1,2,100,2,,174023,10000,0,0,174023,10000,,,,2,15,0,,1,planks_coconut,,,blocks.wood,blockd.wood,blockd.wood,174023,1,1,,7c6037,,,,,,1380,6,15,15,,1,,,1,,,,,,,2,,255,0,1,,0.2,,,
175024,软雪大竖薄弧板,,,,,,verticalarcplate,,,,,,,1,1,3,0,0,2,,,,,3,1.5,1,0,,0,,174024,10000,0,0,174024,10000,,,,2,15,0,,1,snow,,,blocks.snow,blockd.snow,,174024,3,1,,d4f4f5,,,,,,160001,0,15,15,,1,,,,,,,,,,2,,255,0,1,,0.2,,,
175025,厚雪大竖薄弧板,,,,,,verticalarcplate,,,,,,,1,1,3,0,0,2,,,,,3,1.5,1,0,,0,,174025,10000,0,0,174025,10000,,,,2,15,0,,1,snow,,,blocks.snow,blockd.snow,,174025,3,1,,d4f4f5,,,,,,122,,,,,,,,,,,,,,,2,,255,0,1,,0.2,,,
175026,自然冰大竖薄弧板,,,,,,verticalarcplate,,,,,,,1,1,3,0,0,2,,,,,5,5,1.6,0,,0,,174026,10000,0,0,174026,10000,,,,2,15,0,,1,ice,,,blocks.stone,blockd.stone,,174026,2,1,,5bc0ee,,,,,,123,6,15,15,,1,,,1,,,,,,,2,,255,0,1,,0.2,,,
175027,永冻冰大竖薄弧板,,,,,,verticalarcplate,,,,,,,1,1,3,0,0,2,,,,,20,5,1.6,0,,0,,174027,10000,0,0,174027,10000,,,,2,15,4,,1,eternal_ice,,,blocks.stone,blockd.stone,,174027,2,1,,5bc0ee,,,,,,160002,6,15,15,,1,,,1,,,,,,,2,c6d6dc,255,0,1,,0.2,,,2
175028,[水墨]黑墨大竖薄弧板,,,,,,verticalarcplate,,,,,,,1,1,3,0,0,2,,,,,20,5,1,0,,0,,174028,10000,0,0,174028,10000,,,,2,15,0,,1,ink_black,,,blocks.stone,blockd.stone,,174028,2,1,,5bc0ee,,,,,,160003,6,15,15,,1,,,1,,,,,,,2,,255,0,1,,0.5,,,
175029,[水墨]灰墨大竖薄弧板,,,,,,verticalarcplate,,,,,,,1,1,3,0,0,2,,,,,20,5,1,0,,0,,174029,10000,0,0,174029,10000,,,,2,15,0,,1,ink_grey,,,blocks.stone,blockd.stone,,174029,2,1,,5bc0ee,,,,,,160004,6,15,15,,1,,,1,,,,,,,2,,255,0,1,,0.5,,,
175030,[水墨]墨灰砖大竖薄弧板,,,,,,verticalarcplate,,,,,,,1,1,3,0,0,2,,,,,20,5,1,0,,0,,174030,10000,0,0,174030,10000,,,,2,15,0,,1,ink_greybrick,,,blocks.stone,blockd.stone,,174030,2,1,,5bc0ee,,,,,,160005,6,15,15,,1,,,1,,,,,,,2,,255,0,1,,0.5,,,
175031,[水墨]墨白砖大竖薄弧板,,,,,,verticalarcplate,,,,,,,1,1,3,0,0,2,,,,,20,5,1,0,,0,,174031,10000,0,0,174031,10000,,,,2,15,0,,1,ink_whitebrick,,,blocks.stone,blockd.stone,,174031,2,1,,5bc0ee,,,,,,160006,6,15,15,,1,,,1,,,,,,,2,,255,0,1,,0.5,,,
175032,[水墨]宣纸大竖薄弧板,,,,,,verticalarcplate,,,,,,,1,1,3,0,0,2,,,,,20,5,1,0,,0,,174032,10000,0,0,174032,10000,,,,2,15,0,,1,xuanzhi,,,blocks.stone,blockd.stone,,174032,2,1,,5bc0ee,,,,,,160007,6,15,15,,1,,,1,,,,,,,2,,255,0,1,,0.5,,,
175033,[水墨]瓦片大竖薄弧板,,,,,,verticalarcplate,,,,,,,1,1,3,0,0,2,,,,,20,5,1,0,,0,,174033,10000,0,0,174033,10000,,,,2,15,0,,1,wapian,,,blocks.stone,blockd.stone,,174033,2,1,,5bc0ee,,,,,,160008,6,15,15,,1,,,1,,,,,,,2,,255,0,1,,0.5,,,
175034,[水墨]茅草大竖薄弧板,,,,,,verticalarcplate,,,,,,,1,1,3,0,0,2,,,,,20,5,1,0,,0,,174034,10000,0,0,174034,10000,,,,2,15,0,,1,maocao,,,blocks.stone,blockd.stone,,174034,2,1,,5bc0ee,,,,,,160009,6,15,15,,1,,,1,,,,,,,2,,255,0,1,,0.5,,,
175035,[水墨]青瓦大竖薄弧板,,,,,,verticalarcplate,,,,,,,1,1,3,0,0,2,,,,,20,5,1,0,,0,,174035,10000,0,0,174035,10000,,,,2,15,0,,1,qingwa,,,blocks.stone,blockd.stone,,174035,2,1,,5bc0ee,,,,,,160010,6,15,15,,1,,,1,,,,,,,2,,255,0,1,,0.5,,,
175036,完整土砖大竖薄弧板,,,,,,verticalarcplate,,,,,,,1,1,3,0,0,2,,,,,50,12,1,0,,0,,174036,10000,0,0,174036,10000,,,,2,15,0,,1,complete_adobe_brick,,,blocks.stone,blockd.stone,,174036,2,1,,84887e,,,,,,160012,6,15,15,,1,,,10,,,,,,,2,,255,0,1,,0.2,,,
175037,完整黄砖大竖薄弧板,,,,,,verticalarcplate,,,,,,,1,1,3,0,0,2,,,,,50,12,1,0,,0,,174037,10000,0,0,174037,10000,,,,2,15,0,,1,complete_sand_brick,,,blocks.stone,blockd.stone,,174037,2,1,,84887e,,,,,,160018,6,15,15,,1,,,10,,,,,,,2,,255,0,1,,0.2,,,
175038,完整砂土砖大竖薄弧板,,,,,,verticalarcplate,,,,,,,1,1,3,0,0,2,,,,,50,12,1,0,,0,,174038,10000,0,0,174038,10000,,,,2,15,0,,1,complete_arenosol_brick,,,blocks.stone,blockd.stone,,174038,2,1,,c79d59,,,,,,160024,6,15,15,,1,,,10,,,,,,,2,,255,0,1,,0.2,,,
175039,完整蘑古砖大竖薄弧板,,,,,,verticalarcplate,,,,,,,1,1,3,0,0,2,,,,,100,15,1,0,,0,,174039,10000,0,0,174039,10000,,,,2,15,0,,1,large_blue_rock_brick,,,blocks.stone,blocks.stone,blocks.stone,174039,2,1,,C0C0C0,,,,,,160028,6,15,15,,1,,,10,,,,,,,2,,255,0,1,,0.2,,,
175040,完整魔古砖大竖薄弧板,,,,,,verticalarcplate,,,,,,,1,1,3,0,0,2,,,,,100,15,1,0,,0,,174040,10000,0,0,174040,10000,,,,2,15,10,,1,magic-mithsilver_block,,,blocks.stone,blocks.stone,blocks.stone,174040,2,1,,C0C0C0,,,,,,160029,6,15,15,,1,,,10,,,,,,,2,f6e8ff,255,0,1,,0.2,,,
175041,宝石蓝大竖薄弧板,,,,,,verticalarcplate,,,,,,,1,1,3,0,0,2,,,,,100,15,1,0,,0,,174041,10000,0,0,174041,10000,,,,2,15,0,,1,planks_sapphireblue,,,blocks.wood,blocks.wood,blockd.wood,174041,2,1,,3b82f6,,,,,,160030,6,15,15,,1,,,10,,,,,,,2,,255,0,1,,0.2,,,
175042,花青紫大竖薄弧板,,,,,,verticalarcplate,,,,,,,1,1,3,0,0,2,,,,,100,15,1,0,,0,,174042,10000,0,0,174042,10000,,,,2,15,0,,1,planks_anthocyaninpurple,,,blocks.wood,blocks.wood,blockd.wood,174042,2,1,,9b4dca,,,,,,160031,6,15,15,,1,,,10,,,,,,,2,,255,0,1,,0.2,,,
175043,浅色水蘑石大竖薄弧板,,,,,,verticalarcplate,,,,,,,1,1,3,0,0,2,,,,,100,15,1,0,,0,,174043,10000,0,0,174043,10000,,,,2,15,0,,1,terrazzo_pale,,,blocks.stone,blocks.stone,blockd.stone,174043,2,1,,f5f5f5,,,,,,160032,6,15,15,,1,,,10,,,,,,,2,,255,0,1,,0.2,,,
175044,天青蓝水蘑石大竖薄弧板,,,,,,verticalarcplate,,,,,,,1,1,3,0,0,2,,,,,100,15,1,0,,0,,174044,10000,0,0,174044,10000,,,,2,15,0,,1,terrazzo_skyblue,,,blocks.stone,blocks.stone,blockd.stone,174044,2,1,,87ceeb,,,,,,160033,6,15,15,,1,,,10,,,,,,,2,,255,0,1,,0.2,,,
175045,菌菇板大竖薄弧板,,,,,,verticalarcplate,,,,,,,1,1,3,0,0,2,,,,,1,30,1,0,,0,,174045,10000,0,0,174045,10000,,,,2,15,0,,1,mushroom_plank,,,blocks.wood,blocks.wood,blocks.wood,174045,2,1,,c67b5b,,,,,,160034,6,15,15,,1,,,10,,,,,,,2,,255,0,1,,0.2,,,
175046,精制完整石大竖薄弧板,,,,,,verticalarcplate,,,,,,,1,1,3,0,0,2,,,,,100,15,1,0,,0,,174046,10000,0,0,174046,10000,,,,2,15,0,,1,refined_complete_stone_brick,,,blocks.stone,blocks.stone,blockd.stone,174046,2,1,,87ceeb,,,,,,160036,6,15,15,,1,,,10,,,,,,,2,,255,0,1,,0.2,,,
175047,精制完整镶边石大竖薄弧板,,,,,,verticalarcplate,,,,,,,1,1,3,0,0,2,,,,,100,15,1,0,,0,,174047,10000,0,0,174047,10000,,,,2,15,0,,1,refined_and_complete_edged_stone_brick,,,blocks.stone,blocks.stone,blockd.stone,174047,2,1,,87ceeb,,,,,,160039,6,15,15,,1,,,10,,,,,,,2,,255,0,1,,0.2,,,
175048,粗制完整石大竖薄弧板,,,,,,verticalarcplate,,,,,,,1,1,3,0,0,2,,,,,100,15,1,0,,0,,174048,10000,0,0,174048,10000,,,,2,15,0,,1,rough_complete_stone_brick,,,blocks.stone,blocks.stone,blockd.stone,174048,2,1,,87ceeb,,,,,,160043,6,15,15,,1,,,10,,,,,,,2,,255,0,1,,0.2,,,
175049,魔古砖大竖薄弧板,,,,,,verticalarcplate,,,,,,,1,1,3,0,0,2,,,,,100,15,1,0,,0,,174049,10000,0,0,174049,10000,,,,2,15,0,,1,mogu_brick,,,blocks.stone,blocks.stone,blocks.stone,174049,2,1,,C0C0C0,,,,,,160027,6,15,15,,1,,,10,,,,,,,2,,255,0,1,,0.2,,,
175050,横格釉面砖竖大薄弧板,,,,,,verticalarcplate,,,,,,,1,1,3,0,0,2,,,,,100,15,1,0,,0,,174050,10000,0,0,174050,10000,,,,2,15,0,,1,glazed_tile_1,,,blocks.stone,blocks.stone,blocks.stone,174050,2,1,,84887e,,,,,,426,6,15,15,,1,,,10,,,,,,,2,,255,0,1,,0.2,,,
175051,完整釉面砖竖大薄弧板,,,,,,verticalarcplate,,,,,,,1,1,3,0,0,2,,,,,100,15,1,0,,0,,174051,10000,0,0,174051,10000,,,,2,15,0,,1,complete_glazed_block,,,blocks.stone,blocks.stone,blocks.stone,174051,2,1,,84887e,,,,,,160051,6,15,15,,1,,,10,,,,,,,2,,255,0,1,,0.2,,,
175052,绿白马赛克釉面砖竖大薄弧板,,,,,,verticalarcplate,,,,,,,1,1,3,0,0,2,,,,,100,15,1,0,,0,,174052,10000,0,0,174052,10000,,,,2,15,0,,1,green_white_mosaic_glazed_block,,,blocks.stone,blocks.stone,blocks.stone,174052,2,1,,D0C4A8,,,,,,160052,6,15,15,,1,,,10,,,,,,,2,,255,0,1,,0.2,,,
175053,灰绿马赛克釉面砖竖大薄弧板,,,,,,verticalarcplate,,,,,,,1,1,3,0,0,2,,,,,100,15,1,0,,0,,174053,10000,0,0,174053,10000,,,,2,15,0,,1,gray_green_mosaic_glazed_block,,,blocks.stone,blocks.stone,blocks.stone,174053,2,1,,788D6F,,,,,,160053,6,15,15,,1,,,10,,,,,,,2,,255,0,1,,0.2,,,
175054,灰蓝马赛克釉面砖竖大薄弧板,,,,,,verticalarcplate,,,,,,,1,1,3,0,0,2,,,,,100,15,1,0,,0,,174054,10000,0,0,174054,10000,,,,2,15,0,,1,gray_blue_mosaic_glazed_block,,,blocks.stone,blocks.stone,blocks.stone,174054,2,1,,B4BDBF,,,,,,160054,6,15,15,,1,,,10,,,,,,,2,,255,0,1,,0.2,,,
176000,176000-176999为棱锥方块,,,,,,,,,,,,,,,,,,,,,,,,,,,,,,176000,,,,176000,,,,,,,,,,,,,,,,176000,,,,,,,,,,,,,,,,,,,,,,,,,0,,0,,0,,0,,,
176001,星球岩棱锥,,,,,,pyramid,3,4,4,,,,1,1,3,0,0,2,,,,,500,15,1,0,,0,,176001,10000,0,0,176001,10000,,,,2,15,0,,1,Planetstonebrick,,,blocks.stone,blocks.stone,blocks.stone,176001,2,1,,C0C0C0,,,,,,,6,15,15,,1,,,10,,,,,,,2,,255,0,1,,0.2,,,
176002,竹板棱锥,,,,,,pyramid,3,4,4,,,,1,1,3,0,0,2,,,,,25,6,1,2,20,2,,176002,10000,0,0,176002,10000,,,,2,15,0,,1,planks_bamboo,,,blocks.wood,blockd.wood,blockd.wood,176002,1,1,,c1a661,,,,,,,6,15,15,,1,,,1,,,,,,,2,,255,0,1,,0.2,,,
176003,胭脂红棱锥,,,,,,pyramid,3,4,4,,,,1,1,3,0,0,2,,,,,25,6,1,2,100,2,,176003,10000,0,0,176003,10000,,,,2,15,0,,1,planks_peachblossom,,,blocks.wood,blockd.wood,blockd.wood,176003,1,1,,7c6037,,,,,,,6,15,15,,1,,,1,,,,,,,2,,255,0,1,,0.2,,,
176004,水泥砖棱锥,,,,,,pyramid,3,4,4,,,,1,1,3,0,0,2,,,,,70,12,1,0,,0,,176004,10000,0,0,176004,10000,,,,2,15,0,,1,brick,,,blocks.stone,blockd.stone,blockd.stone,176004,2,1,,8d5845,,,,,,,6,15,15,,1,,,10,,,,,,,2,,255,0,1,,0.2,,,
176005,硫黄砖棱锥,,,,,,pyramid,3,4,4,,,,1,1,3,0,0,2,,,,,40,12,1,0,,0,,176005,10000,0,0,176005,10000,,,,2,15,0,,1,sulfur_brick,,,blocks.stone,blockd.stone,blockd.stone,176005,2,1,,8e452a,,,,,,,6,15,15,,1,,,10,,,,,,,2,,255,0,1,,0.2,,,
176006,石质棱锥,,,,,,pyramid,3,4,4,,,,1,1,3,0,0,2,,,,,50,12,1,0,,0,,176006,10000,0,0,176006,10000,,,,2,15,0,,1,rock,,,blocks.stone,blockd.stone,blockd.stone,176006,2,1,,939188,,,,,,,6,15,15,,1,,,10,,,,,,,2,,255,0,1,,0.2,,,
176007,精制石棱锥,,,,,,pyramid,3,4,4,,,,1,1,3,0,0,2,,,,,75,12,1,0,,0,,176007,10000,0,0,176007,10000,,,,2,15,0,,1,stonebrick,,,blocks.stone,blockd.stone,blockd.stone,176007,2,1,,84887e,,,,,,,6,15,15,,1,,,10,,,,,,,2,,255,0,1,,0.2,,,
176008,钛合金棱锥,,,,,,pyramid,3,4,4,,,,1,1,3,0,0,2,,,,,200,60,1,0,,0,,176008,10000,0,0,176008,10000,,,,2,15,0,,1,titanium_block,,,blocks.stone,blockd.stone,blockd.stone,176008,2,1,,81c9fb,,,,,,,6,15,15,,1,,,20,,,,,,,2,,255,0,1,,6,26,,
176009,黄铜棱锥,,,,,,pyramid,3,4,4,,,,1,1,3,0,0,2,,,,,200,40,1,0,,0,,176009,10000,0,0,176009,10000,,,,2,15,0,,1,brass_block,,,blocks.stone,blockd.stone,blockd.stone,176009,2,1,,81c9fb,,,,,,,6,15,15,,1,,,10,,,,,,,2,,255,0,1,,2,26,,
176010,云母棱锥,,,,,,pyramid,3,4,4,,,,1,1,3,0,0,2,,,,,40,16,1,0,,0,,176010,10000,0,0,176010,10000,,,,2,15,0,,1,silica_block,,,blocks.stone,blockd.stone,blockd.stone,176010,2,1,,b7bcb7,,,,,,,6,15,15,,1,,,10,,,,,,,2,,255,0,1,,0.2,,,
176011,铁制棱锥,,,,,,pyramid,3,4,4,,,,1,1,3,0,0,2,,,,1,60,60,1,0,,0,,176011,10000,0,0,176011,10000,,,,2,15,0,,1,sf_metel01,,,blocks.stone,blockd.stone,,176011,2,1,,077B01,,,,,,,6,15,15,,1,,,20,,,,,,,2,,255,0,1,,3,26,,
176012,炽炎棱锥,,,,,,pyramid,3,4,4,,,,1,1,3,0,0,2,,,,,50,12,1,0,,0,,176012,10000,0,0,176012,10000,,,,2,15,4,,1,flamecrystal_block,,,blocks.stone,blockd.stone,blockd.stone,176012,2,1,,fac117,,,,,,,6,15,15,,1,,,10,,,,,,,2,f8c100,255,0,1,,2,,,2
176013,柠檬黄棱锥,,,,,,pyramid,3,4,4,,,,1,1,3,0,0,2,,,,,50,12,1,2,20,2,,176013,10000,0,0,176013,10000,,,,2,15,0,,1,planks_arbor,,,blocks.wood,blocks.wood,blocks.wood,176013,1,1,,c1a661,,,,,,,6,15,15,,1,,,10,,,,,,,2,,255,0,1,,0.2,,,
176014,苍石灰棱锥,,,,,,pyramid,3,4,4,,,,1,1,3,0,0,2,,,,,35,10,1,0,,0,,176014,10000,0,0,176014,10000,,,,2,15,0,1,1,planks_leafless,,,blocks.wood,blockd.wood,blockd.wood,176014,1,1,,7c6037,,,,,,,6,15,15,,1,,,1,,,,,,,2,,255,0,1,,0.2,,,
176015,深栗红棱锥,,,,,,pyramid,3,4,4,,,,1,1,3,0,0,2,,,,,35,8,1,1,20,2,,176015,10000,0,0,176015,10000,,,,2,15,0,,1,planks_walnut,,,blocks.wood,blockd.wood,blockd.wood,176015,1,1,,452f20,,,,,,,6,15,15,,1,,,1,,,,,,,2,,255,0,1,,0.2,,,
176016,落日橙棱锥,,,,,,pyramid,3,4,4,,,,1,1,3,0,0,2,,,,,35,8,1,1,20,1,,176016,10000,0,0,176016,10000,,,,2,15,0,,1,planks_phoebe,,,blocks.wood,blockd.wood,blockd.wood,176016,1,1,,be8254,,,,,,,6,15,15,,1,,,1,,,,,,,2,,255,0,1,,0.2,,,
176017,海棠红棱锥,,,,,,pyramid,3,4,4,,,,1,1,3,0,0,2,,,,,35,8,1,1,20,1,,176017,10000,0,0,176017,10000,,,,2,15,0,,1,planks_redwood,,,blocks.wood,blockd.wood,blockd.wood,176017,1,1,,644b2b,,,,,,,6,15,15,,1,,,1,,,,,,,2,,255,0,1,,0.2,,,
176018,象牙白棱锥,,,,,,pyramid,3,4,4,,,,1,1,3,0,0,2,,,,,32,7,1,2,5,1,,176018,10000,0,0,176018,10000,,,,2,15,0,,1,planks_birch,,,blocks.wood,blockd.wood,blockd.wood,176018,1,1,,dfdbc2,,,,,,,6,15,15,,1,,,1,,,,,,,2,,255,0,1,,0.2,,,
176019,秋叶橙棱锥,,,,,,pyramid,3,4,4,,,,1,1,3,0,0,2,,,,,35,9,1,1,20,2,,176019,10000,0,0,176019,10000,,,,2,15,0,,1,planks_cathaya,,,blocks.wood,blockd.wood,blockd.wood,176019,1,1,,865d39,,,,,,,6,15,15,,1,,,1,,,,,,,2,,255,0,1,,0.2,,,
176020,棱锥,,,,,,pyramid,3,4,4,,,,1,1,3,0,0,2,,,,,25,6,1,2,20,2,,176020,10000,0,0,176020,10000,,,,2,15,0,,1,planks_fruittree,,,blocks.wood,blockd.wood,blockd.wood,176020,1,1,,c1a661,,,,,,,6,15,15,,1,,,1,,,,,,,2,,255,0,1,,0.2,,,
176021,黄砖棱锥,,,,,,pyramid,3,4,4,,,,1,1,3,0,0,2,,,,,50,12,1,0,,0,,176021,10000,0,0,176021,10000,,,,2,15,0,,1,sandstone,sandstone_normal,,blocks.stone,blockd.stone,blockd.stone,176021,2,1,,84887e,,,,,,,6,15,15,,1,,,10,,,,,,,2,,255,0,1,,0.2,,,
176022,锰块棱锥,,,,,,pyramid,3,4,4,,,,1,1,3,0,0,2,,,,,50,40,1,0,,0,,176022,10000,0,0,176022,10000,,,,2,15,0,,1,manganese_block,,,blocks.stone,blockd.stone,blockd.stone,176022,2,1,,A58F78,,,,,,,6,15,15,,1,,,10,,,,,,,2,,255,0,1,,0.5,26,,
176023,浅苍灰棱锥,,,,,,pyramid,3,4,4,,,,1,1,3,0,0,2,,,,,25,6,1,2,100,2,,176023,10000,0,0,176023,10000,,,,2,15,0,,1,planks_coconut,,,blocks.wood,blockd.wood,blockd.wood,176023,1,1,,7c6037,,,,,,,6,15,15,,1,,,1,,,,,,,2,,255,0,1,,0.2,,,
176024,软雪棱锥,,,,,,pyramid,3,4,4,,,,1,1,3,0,0,2,,,,,3,1.5,1,0,,0,,176024,10000,0,0,176024,10000,,,,2,15,0,,1,snow,,,blocks.snow,blockd.snow,,176024,3,1,,d4f4f5,,,,,,,0,15,15,,1,,,,,,,,,,2,,255,0,1,,0.2,,,
176025,厚雪棱锥,,,,,,pyramid,3,4,4,,,,1,1,3,0,0,2,,,,,3,1.5,1,0,,0,,176025,10000,0,0,176025,10000,,,,2,15,0,,1,snow,,,blocks.snow,blockd.snow,,176025,3,1,,d4f4f5,,,,,,,6,15,15,,1,,,,,,,,,,2,,255,0,1,,0.2,,,
176026,自然冰棱锥,,,,,,pyramid,3,4,4,,,,1,1,3,0,0,2,,,,,5,5,1.6,0,,0,,176026,10000,0,0,176026,10000,,,,2,15,0,,1,ice,,,blocks.stone,blockd.stone,,176026,2,1,,5bc0ee,,,,,,,6,15,15,,1,,,1,,,,,,,2,,255,0,1,,0.2,,,
176027,永冻冰棱锥,,,,,,pyramid,3,4,4,,,,1,1,3,0,0,2,,,,,20,5,1.6,0,,0,,176027,10000,0,0,176027,10000,,,,2,15,4,,1,eternal_ice,,,blocks.stone,blockd.stone,,176027,2,1,,5bc0ee,,,,,,,6,15,15,,1,,,1,,,,,,,2,c6d6dc,255,0,1,,0.2,,,2
176028,[水墨]黑墨棱锥,,,,,,pyramid,3,4,4,,,,1,1,3,0,0,2,,,,,20,5,1,0,,0,,176028,10000,0,0,176028,10000,,,,2,15,0,,1,ink_black,,,blocks.stone,blockd.stone,,176028,2,1,,5bc0ee,,,,,,,6,15,15,,1,,,1,,,,,,,2,,255,0,1,,0.5,,,
176029,[水墨]灰墨棱锥,,,,,,pyramid,3,4,4,,,,1,1,3,0,0,2,,,,,20,5,1,0,,0,,176029,10000,0,0,176029,10000,,,,2,15,0,,1,ink_grey,,,blocks.stone,blockd.stone,,176029,2,1,,5bc0ee,,,,,,,6,15,15,,1,,,1,,,,,,,2,,255,0,1,,0.5,,,
176030,[水墨]墨灰砖棱锥,,,,,,pyramid,3,4,4,,,,1,1,3,0,0,2,,,,,20,5,1,0,,0,,176030,10000,0,0,176030,10000,,,,2,15,0,,1,ink_greybrick,,,blocks.stone,blockd.stone,,176030,2,1,,5bc0ee,,,,,,,6,15,15,,1,,,1,,,,,,,2,,255,0,1,,0.5,,,
176031,[水墨]墨白砖棱锥,,,,,,pyramid,3,4,4,,,,1,1,3,0,0,2,,,,,20,5,1,0,,0,,176031,10000,0,0,176031,10000,,,,2,15,0,,1,ink_whitebrick,,,blocks.stone,blockd.stone,,176031,2,1,,5bc0ee,,,,,,,6,15,15,,1,,,1,,,,,,,2,,255,0,1,,0.5,,,
176032,[水墨]宣纸棱锥,,,,,,pyramid,3,4,4,,,,1,1,3,0,0,2,,,,,20,5,1,0,,0,,176032,10000,0,0,176032,10000,,,,2,15,0,,1,xuanzhi,,,blocks.stone,blockd.stone,,176032,2,1,,5bc0ee,,,,,,,6,15,15,,1,,,1,,,,,,,2,,255,0,1,,0.5,,,
176033,[水墨]瓦片棱锥,,,,,,pyramid,3,4,4,,,,1,1,3,0,0,2,,,,,20,5,1,0,,0,,176033,10000,0,0,176033,10000,,,,2,15,0,,1,wapian,,,blocks.stone,blockd.stone,,176033,2,1,,5bc0ee,,,,,,,6,15,15,,1,,,1,,,,,,,2,,255,0,1,,0.5,,,
176034,[水墨]茅草棱锥,,,,,,pyramid,3,4,4,,,,1,1,3,0,0,2,,,,,20,5,1,0,,0,,176034,10000,0,0,176034,10000,,,,2,15,0,,1,maocao,,,blocks.stone,blockd.stone,,176034,2,1,,5bc0ee,,,,,,,6,15,15,,1,,,1,,,,,,,2,,255,0,1,,0.5,,,
176035,[水墨]青瓦棱锥,,,,,,pyramid,3,4,4,,,,1,1,3,0,0,2,,,,,20,5,1,0,,0,,176035,10000,0,0,176035,10000,,,,2,15,0,,1,qingwa,,,blocks.stone,blockd.stone,,176035,2,1,,5bc0ee,,,,,,,6,15,15,,1,,,1,,,,,,,2,,255,0,1,,0.5,,,
176036,完整土砖棱锥,,,,,,pyramid,3,4,4,,,,1,1,3,0,0,2,,,,,50,12,1,0,,0,,176036,10000,0,0,176036,10000,,,,2,15,0,,1,complete_adobe_brick,,,blocks.stone,blockd.stone,blockd.stone,176036,2,1,,84887e,,,,,,,6,15,15,,1,,,10,,,,,,,2,,255,0,1,,0.2,,,
176037,完整黄砖棱锥,,,,,,pyramid,3,4,4,,,,1,1,3,0,0,2,,,,,50,12,1,0,,0,,176037,10000,0,0,176037,10000,,,,2,15,0,,1,complete_sand_brick,,,blocks.stone,blockd.stone,blockd.stone,176037,2,1,,84887e,,,,,,,6,15,15,,1,,,10,,,,,,,2,,255,0,1,,0.2,,,
176038,完整砂土砖棱锥,,,,,,pyramid,3,4,4,,,,1,1,3,0,0,2,,,,,50,12,1,0,,0,,176038,10000,0,0,176038,10000,,,,2,15,0,,1,complete_arenosol_brick,,,blocks.stone,blockd.stone,blockd.stone,176038,2,1,,c79d59,,,,,,,6,15,15,,1,,,10,,,,,,,2,,255,0,1,,0.2,,,
176039,完整蘑古砖棱锥,,,,,,pyramid,3,4,4,,,,1,1,3,0,0,2,,,,,100,15,1,0,,0,,176039,10000,0,0,176039,10000,,,,2,15,0,,1,large_blue_rock_brick,,,blocks.stone,blocks.stone,blocks.stone,176039,2,1,,263235,,,,,,,6,15,15,,1,,,10,,,,,,,2,,255,0,1,,0.2,,,
176040,完整魔古砖棱锥,,,,,,pyramid,3,4,4,,,,1,1,3,0,0,2,,,,,100,15,1,0,,0,,176040,10000,0,0,176040,10000,,,,2,15,10,,1,magic-mithsilver_block,,,blocks.stone,blocks.stone,blocks.stone,176040,2,1,,413250,,,,,,,6,15,15,,1,,,10,,,,,,,2,f6e8ff,255,0,1,,0.2,,,
176041,宝石蓝棱锥,,,,,,pyramid,3,4,4,,,,1,1,3,0,0,2,,,,,100,6,1,0,,0,,176041,10000,0,0,176041,10000,,,,2,15,0,,1,planks_sapphireblue,,,blocks.wood,blocks.wood,blockd.wood,176041,1,1,,3b82f6,,,,,,,6,15,15,,1,,,10,,,,,,,2,,255,0,1,,0.2,,,
176042,花青紫棱锥,,,,,,pyramid,3,4,4,,,,1,1,3,0,0,2,,,,,100,6,1,0,,0,,176042,10000,0,0,176042,10000,,,,2,15,0,,1,planks_anthocyaninpurple,,,blocks.wood,blocks.wood,blockd.wood,176042,1,1,,9b4dca,,,,,,,6,15,15,,1,,,10,,,,,,,2,,255,0,1,,0.2,,,
176043,浅色水蘑石棱锥,,,,,,pyramid,3,4,4,,,,1,1,3,0,0,2,,,,,100,10,1,0,,0,,176043,10000,0,0,176043,10000,,,,2,15,0,,1,terrazzo_pale,,,blocks.stone,blocks.stone,blockd.stone,176043,2,1,,f5f5f5,,,,,,,6,15,15,,1,,,10,,,,,,,2,,255,0,1,,0.2,,,
176044,天青蓝水蘑石棱锥,,,,,,pyramid,3,4,4,,,,1,1,3,0,0,2,,,,,100,10,1,0,,0,,176044,10000,0,0,176044,10000,,,,2,15,0,,1,terrazzo_skyblue,,,blocks.stone,blocks.stone,blockd.stone,176044,2,1,,87ceeb,,,,,,,6,15,15,,1,,,10,,,,,,,2,,255,0,1,,0.2,,,
176045,菌菇板棱锥,,,,,,pyramid,3,4,4,,,,1,1,3,0,0,2,,,,,1,5,1,0,,0,,176045,10000,0,0,176045,10000,,,,2,15,0,,1,mushroom_plank,,,blocks.wood,blocks.wood,blocks.wood,176045,1,1,,c67b5b,,,,,,,6,15,15,,1,,,10,,,,,,,2,,255,0,1,,0.2,,,
176046,精制完整石棱锥,,,,,,pyramid,3,4,4,,,,1,1,3,0,0,2,,,,,100,15,1,0,,0,,176046,10000,0,0,176046,10000,,,,2,15,0,,1,refined_complete_stone_brick,,,blocks.stone,blocks.stone,blocks.stone,176046,2,1,,84887e,,,,,,,6,15,15,,1,,,10,,,,,,,2,,255,0,1,,0.2,,,
176047,精制完整镶边石棱锥,,,,,,pyramid,3,4,4,,,,1,1,3,0,0,2,,,,,100,15,1,0,,0,,176047,10000,0,0,176047,10000,,,,2,15,0,,1,refined_and_complete_edged_stone_brick,,,blocks.stone,blocks.stone,blocks.stone,176047,2,1,,84887e,,,,,,,6,15,15,,1,,,10,,,,,,,2,,255,0,1,,0.2,,,
176048,粗制完整石棱锥,,,,,,pyramid,3,4,4,,,,1,1,3,0,0,2,,,,,100,15,1,0,,0,,176048,10000,0,0,176048,10000,,,,2,15,0,,1,rough_complete_stone_brick,,,blocks.stone,blocks.stone,blocks.stone,176048,2,1,,84887e,,,,,,,6,15,15,,1,,,10,,,,,,,2,,255,0,1,,0.2,,,
176049,魔古砖棱锥,,,,,,pyramid,3,4,4,,,,1,1,3,0,0,2,,,,,100,15,1,0,,0,,176049,10000,0,0,176049,10000,,,,2,15,0,,1,mogu_brick,,,blocks.stone,blocks.stone,blocks.stone,176049,2,1,,C0C0C0,,,,,,,6,15,15,,1,,,10,,,,,,,2,,255,0,1,,0.2,,,
176050,横格釉面砖棱锥,,,,,,pyramid,3,4,4,,,,1,1,3,0,0,2,,,,,100,15,1,0,,0,,176050,10000,0,0,176050,10000,,,,2,15,0,,1,glazed_tile_1,,,blocks.stone,blocks.stone,blocks.stone,176050,2,1,,84887e,,,,,,,6,15,15,,1,,,10,,,,,,,2,,255,0,1,,0.2,,,
176051,完整釉面砖棱锥,,,,,,pyramid,3,4,4,,,,1,1,3,0,0,2,,,,,100,15,1,0,,0,,176051,10000,0,0,176051,10000,,,,2,15,0,,1,complete_glazed_block,,,blocks.stone,blocks.stone,blocks.stone,176051,2,1,,84887e,,,,,,,6,15,15,,1,,,10,,,,,,,2,,255,0,1,,0.2,,,
176052,绿白马赛克釉面砖棱锥,,,,,,pyramid,3,4,4,,,,1,1,3,0,0,2,,,,,100,15,1,0,,0,,176052,10000,0,0,176052,10000,,,,2,15,0,,1,green_white_mosaic_glazed_block,,,blocks.stone,blocks.stone,blocks.stone,176052,2,1,,D0C4A8,,,,,,,6,15,15,,1,,,10,,,,,,,2,,255,0,1,,0.2,,,
176053,灰绿马赛克釉面砖棱锥,,,,,,pyramid,3,4,4,,,,1,1,3,0,0,2,,,,,100,15,1,0,,0,,176053,10000,0,0,176053,10000,,,,2,15,0,,1,gray_green_mosaic_glazed_block,,,blocks.stone,blocks.stone,blocks.stone,176053,2,1,,788D6F,,,,,,,6,15,15,,1,,,10,,,,,,,2,,255,0,1,,0.2,,,
176054,灰蓝马赛克釉面砖棱锥,,,,,,pyramid,3,4,4,,,,1,1,3,0,0,2,,,,,100,15,1,0,,0,,176054,10000,0,0,176054,10000,,,,2,15,0,,1,gray_blue_mosaic_glazed_block,,,blocks.stone,blocks.stone,blocks.stone,176054,2,1,,B4BDBF,,,,,,,6,15,15,,1,,,10,,,,,,,2,,255,0,1,,0.2,,,
200001,假人模型,,DummyModel,DummyModel,,,dummy,1,4,,,,,1,1,1,2,0,1,,,,,25,10,1,5,20,0,,200001,10000,0,0,200001,10000,,,,0,1,0,,2,clip_trap,,,blocks.wood,blockd.wood,,200001,1,1,,f4efe1,,,,,1,,1,15,15,,1,,,1,3,,,,,,0,,17,2,0,,0,,,
200002,手动发射器,,ManualTransmitter,ManualTransmitter,,,manualEmitter,1,5,,,,,1,1,1,2,0,2,,,,,25,10,1,5,20,0,,200002,10000,0,0,200002,10000,,,,0,1,0,,2,emitter_base,emitter_base,,blocks.wood,blockd.wood,,200002,1,1,,7c6037,,,,,1,,1,15,15,,1,,,1,3,,,,,,0,,17,0,0,,0,26,,
200003,木床,,FurBed,FurBed,,,doublebed,3,4,4,,,,1,1,1,1,0,2,,,,,25,20,1,5,20,0,,200003,10000,0,0,200003,10000,,,,0,1,0,,1,base_bed,base_bed,,blocks.wood,blockd.wood,,200003,1,1,,e59d87,,,,,,,1,15,15,,1,,,10,3,,,,,,0,,17,0,0,,0.5,,1,
200004,夹子陷阱,,ClipTrap,ClipTrap,,,cliptrap,1,5,,,,,1,0,1,2,0,2,,,,,25,10,1,0,,0,,200004,10000,0,0,200004,10000,,,,0,1,0,,1,clip_trap,,,blocks.stone,blockd.stone,,200004,2,1,,b5a642,,,,,1,,0,15,15,,1,,,1,3,,,,,,0,,17,0,0,,0,,,
200005,指路牌,,ArrowSigns,ArrowSigns,,,arrownotice,1,5,,,,,1,0,1,2,3,2,,,,,25,10,1,5,20,0,,200005,10000,0,0,200005,10000,,,,0,1,0,,1,guideboard,,,blocks.wood,blockd.wood,,200005,1,1,,7c6037,,,,,,,2,15,15,,1,,,1,,,,,,,0,,17,0,0,,0.5,26,,
200006,装备架,,WeaponRack,WeaponRack,,,weaponrack,1,4,,,,,1,1,1,2,0,2,,,,,25,10,1,5,20,0,,200006,10000,0,0,200006,10000,,,,0,1,0,,1,base_gearrack,,,blocks.wood,blockd.wood,,200006,1,1,,7c6037,,,,,,,0,15,15,,1,,,1,,,,,,,0,,17,2,0,,0.5,26,,
200007,依附路牌（依附方块）,,,,,,arrownotice,,,,,,,1,0,1,2,3,2,,,,,25,10,1,5,20,0,,200005,10000,0,0,200005,10000,,,,0,1,0,,1,guideboard,,,blocks.wood,blockd.wood,,200005,1,1,,7c6037,,,,,,,0,15,15,,1,,,1,,,,,,,0,,17,2,0,,0.5,26,,
200008,碎石路,,CobblestoneRoad,CobblestoneRoad,,,cobblestone,1,4,4,,,,1,1,3,0,0,1,,,,,75,5,1,0,,0,,200008,10001,0,0,200008,10000,,,,0,1,0,,1,cobblestoneroad,,,blocks.stone,blockd.stone,,200008,,,,a6a899,,,,,,,6,15,15,,1,,,,,,,,,,0,,17,0,0,,0.2,,,
200012,木质野人战士雕像,,WoodenBoarmanStatue,WoodenBoarmanStatue,,,statusx1y2z1SpecialSTONE,,,,,,,1,1,3,0,0,1,,,,,75,12,1,0,,0,,200012,10000,0,0,200012,10000,,,,0,1,0,,2,matcap_wood,sculptures_wildlings,,blocks.wood,blockd.wood,,200012,1,1,,7c6037,,,,,33,,2,15,15,,1,,,10,3,,,,,,0,,17,0,1,,0,,,
200013,银质野人战士雕像,,SilverBoarmanStatue,SilverBoarmanStatue,,,statusx1y2z1SpecialSILIVER,,,,,,,1,1,3,0,0,1,,,,,75,12,1,0,,0,,200013,10000,0,0,200013,10000,,,,0,1,0,,2,sf_metel01,sculptures_wildlings,,blocks.stone,blockd.stone,,200013,2,1,,077B01,,,,,33,,2,15,15,,1,,,10,3,,,,,,0,,17,0,1,,0,26,,
200014,金质野人战士雕像,,GoldenBoarmanStatue,GoldenBoarmanStatue,,,statusx1y2z1SpecialGOLD,,,,,,,1,1,3,0,0,1,,,,,75,12,1,0,,0,,200014,10000,0,0,200014,10000,,,,0,1,0,,2,flamecrystal_block,sculptures_wildlings,,blocks.stone,blockd.stone,,200014,2,1,,fac117,,,,,33,,2,15,15,,1,,,10,3,,,,,,0,,17,0,1,,0,,,2
200015,木质野人祭司雕像,,WoodenBarbarianshamanStatue,WoodenBarbarianshamanStatue,,,statusx1y2z1SpecialSTONE,,,,,,,1,1,3,0,0,1,,,,,75,12,1,0,,0,,200015,10000,0,0,200015,10000,,,,0,1,0,,2,matcap_wood,barbarianshamanstatue,,blocks.wood,blockd.wood,,200015,1,1,,7c6037,,,,,33,,2,15,15,,1,,,10,3,,,,,,0,,17,0,1,,0,,,
200016,银质野人祭司雕像,,SilverBarbarianshamanStatue,SilverBarbarianshamanStatue,,,statusx1y2z1SpecialSILIVER,,,,,,,1,1,3,0,0,1,,,,,75,12,1,0,,0,,200016,10000,0,0,200016,10000,,,,0,1,0,,2,sf_metel01,barbarianshamanstatue,,blocks.stone,blockd.stone,,200016,2,1,,077B01,,,,,33,,2,15,15,,1,,,10,3,,,,,,0,,17,0,1,,0,26,,
200017,金质野人祭司雕像,,GoldenBarbarianshamanStatue,GoldenBarbarianshamanStatue,,,statusx1y2z1SpecialGOLD,,,,,,,1,1,3,0,0,1,,,,,75,12,1,0,,0,,200017,10000,0,0,200017,10000,,,,0,1,0,,2,flamecrystal_block,barbarianshamanstatue,,blocks.stone,blockd.stone,,200017,2,1,,fac117,,,,,33,,2,15,15,,1,,,10,3,,,,,,0,,17,0,1,,0,,,2
200018,木质野人投矛手雕像,,WoodenSpearGoblinStatue,WoodenSpearGoblinStatue,,,statusx1y2z1SpecialSTONE,,,,,,,1,1,3,0,0,1,,,,,75,12,1,0,,0,,200018,10000,0,0,200018,10000,,,,0,1,0,,2,matcap_wood,speargoblinstatue,,blocks.wood,blockd.wood,,200018,1,1,,7c6037,,,,,33,,2,15,15,,1,,,10,3,,,,,,0,,17,0,1,,0,,,
200019,银质野人投矛手雕像,,SilverSpearGoblinStatue,SilverSpearGoblinStatue,,,statusx1y2z1SpecialSILIVER,,,,,,,1,1,3,0,0,1,,,,,75,12,1,0,,0,,200019,10000,0,0,200019,10000,,,,0,1,0,,2,sf_metel01,speargoblinstatue,,blocks.stone,blockd.stone,,200019,2,1,,077B01,,,,,33,,2,15,15,,1,,,10,3,,,,,,0,,17,0,1,,0,26,,
200020,金质野人投矛手雕像,,GoldenSpearGoblinStatue,GoldenSpearGoblinStatue,,,statusx1y2z1SpecialGOLD,,,,,,,1,1,3,0,0,1,,,,,75,12,1,0,,0,,200020,10000,0,0,200020,10000,,,,0,1,0,,2,flamecrystal_block,speargoblinstatue,,blocks.stone,blockd.stone,,200020,2,1,,fac117,,,,,33,,2,15,15,,1,,,10,3,,,,,,0,,17,0,1,,0,,,2
200021,木质野萌宝雕像,,WoodenCutebabyStatue,WoodenCutebabyStatue,,,statusx1y1z1SpecialSTONE,,,,,,,1,1,3,0,0,1,,,,,75,12,1,0,,0,,200021,10000,0,0,200021,10000,,,,0,1,0,,2,matcap_wood,cutebabystatue,,blocks.wood,blockd.wood,,200021,1,1,,7c6037,,,,,33,,2,15,15,,1,,,10,3,,,,,,0,,17,0,0,,0,,,
200022,银质野萌宝雕像,,SilverCutebabyStatue,SilverCutebabyStatue,,,statusx1y1z1SpecialSILIVER,,,,,,,1,1,3,0,0,1,,,,,75,12,1,0,,0,,200022,10000,0,0,200022,10000,,,,0,1,0,,2,sf_metel01,cutebabystatue,,blocks.stone,blockd.stone,,200022,2,1,,077B01,,,,,33,,2,15,15,,1,,,10,3,,,,,,0,,17,0,0,,0,26,,
200023,金质野萌宝雕像,,GoldenCutebabyStatue,GoldenCutebabyStatue,,,statusx1y1z1SpecialGOLD,,,,,,,1,1,3,0,0,1,,,,,75,12,1,0,,0,,200023,10000,0,0,200023,10000,,,,0,1,0,,2,flamecrystal_block,cutebabystatue,,blocks.stone,blockd.stone,,200023,2,1,,fac117,,,,,33,,2,15,15,,1,,,10,3,,,,,,0,,17,0,0,,0,,,2
200024,木质毒素野人祭司雕像,,WoodenPoisonbarbarianshamanStatue,WoodenPoisonbarbarianshamanStatue,,,statusx1y2z1SpecialSTONE,,,,,,,1,1,3,0,0,1,,,,,75,12,1,0,,0,,200024,10000,0,0,200024,10000,,,,0,1,0,,2,matcap_wood,barbarianshamanstatue,,blocks.wood,blockd.wood,,200024,1,1,,7c6037,,,,,33,,2,15,15,,1,,,10,3,,,,,,0,,17,0,1,,0,,,
200025,银质毒素野人祭司雕像,,SilverPoisonbarbarianshamanStatue,SilverPoisonbarbarianshamanStatue,,,statusx1y2z1SpecialSILIVER,,,,,,,1,1,3,0,0,1,,,,,75,12,1,0,,0,,200025,10000,0,0,200025,10000,,,,0,1,0,,2,sf_metel01,barbarianshamanstatue,,blocks.stone,blockd.stone,,200025,2,1,,077B01,,,,,33,,2,15,15,,1,,,10,3,,,,,,0,,17,0,1,,0,26,,
200026,金质毒素野人祭司雕像,,GoldenPoisonbarbarianshamanStatue,GoldenPoisonbarbarianshamanStatue,,,statusx1y2z1SpecialGOLD,,,,,,,1,1,3,0,0,1,,,,,75,12,1,0,,0,,200026,10000,0,0,200026,10000,,,,0,1,0,,2,flamecrystal_block,barbarianshamanstatue,,blocks.stone,blockd.stone,,200026,2,1,,fac117,,,,,33,,2,15,15,,1,,,10,3,,,,,,0,,17,0,1,,0,,,2
200027,木质治疗野人祭司雕像,,WoodenHealingbarbarianshamanStatue,WoodenHealingbarbarianshamanStatue,,,statusx1y2z1SpecialSTONE,,,,,,,1,1,3,0,0,1,,,,,75,12,1,0,,0,,200027,10000,0,0,200027,10000,,,,0,1,0,,2,matcap_wood,barbarianshamanstatue,,blocks.wood,blockd.wood,,200027,1,1,,7c6037,,,,,33,,2,15,15,,1,,,10,3,,,,,,0,,17,0,1,,0,,,
200028,银质治疗野人祭司雕像,,SilverHealingbarbarianshamanStatue,SilverHealingbarbarianshamanStatue,,,statusx1y2z1SpecialSILIVER,,,,,,,1,1,3,0,0,1,,,,,75,12,1,0,,0,,200028,10000,0,0,200028,10000,,,,0,1,0,,2,sf_metel01,barbarianshamanstatue,,blocks.stone,blockd.stone,,200028,2,1,,077B01,,,,,33,,2,15,15,,1,,,10,3,,,,,,0,,17,0,1,,0,26,,
200029,金质治疗野人祭司雕像,,GoldenHealingbarbarianshamanStatue,GoldenHealingbarbarianshamanStatue,,,statusx1y2z1SpecialGOLD,,,,,,,1,1,3,0,0,1,,,,,75,12,1,0,,0,,200029,10000,0,0,200029,10000,,,,0,1,0,,2,flamecrystal_block,barbarianshamanstatue,,blocks.stone,blockd.stone,,200029,2,1,,fac117,,,,,33,,2,15,15,,1,,,10,3,,,,,,0,,17,0,1,,0,,,2
200030,木质雷电野人祭司雕像,,WoodenElectricbarbarianshamanStatue,WoodenElectricbarbarianshamanStatue,,,statusx1y2z1SpecialSTONE,,,,,,,1,1,3,0,0,1,,,,,75,12,1,0,,0,,200030,10000,0,0,200030,10000,,,,0,1,0,,2,matcap_wood,barbarianshamanstatue,,blocks.wood,blockd.wood,,200030,1,1,,7c6037,,,,,33,,2,15,15,,1,,,10,3,,,,,,0,,17,0,1,,0,,,
200031,银质雷电野人祭司雕像,,SilverElectricbarbarianshamanStatue,SilverElectricbarbarianshamanStatue,,,statusx1y2z1SpecialSILIVER,,,,,,,1,1,3,0,0,1,,,,,75,12,1,0,,0,,200031,10000,0,0,200031,10000,,,,0,1,0,,2,sf_metel01,barbarianshamanstatue,,blocks.stone,blockd.stone,,200031,2,1,,077B01,,,,,33,,2,15,15,,1,,,10,3,,,,,,0,,17,0,1,,0,26,,
200032,金质雷电野人祭司雕像,,GoldenElectricbarbarianshamanStatue,GoldenElectricbarbarianshamanStatue,,,statusx1y2z1SpecialGOLD,,,,,,,1,1,3,0,0,1,,,,,75,12,1,0,,0,,200032,10000,0,0,200032,10000,,,,0,1,0,,2,flamecrystal_block,barbarianshamanstatue,,blocks.stone,blockd.stone,,200032,2,1,,fac117,,,,,33,,2,15,15,,1,,,10,3,,,,,,0,,17,0,1,,0,,,2
200033,木质火焰野人祭司雕像,,WoodenFirebarbarianshamanStatue,WoodenFirebarbarianshamanStatue,,,statusx1y2z1SpecialSTONE,,,,,,,1,1,3,0,0,1,,,,,75,12,1,0,,0,,200033,10000,0,0,200033,10000,,,,0,1,0,,2,matcap_wood,barbarianshamanstatue,,blocks.wood,blockd.wood,,200033,1,1,,7c6037,,,,,33,,2,15,15,,1,,,10,3,,,,,,0,,17,0,1,,0,,,
200034,银质火焰野人祭司雕像,,SilverFirebarbarianshamanStatue,SilverFirebarbarianshamanStatue,,,statusx1y2z1SpecialSILIVER,,,,,,,1,1,3,0,0,1,,,,,75,12,1,0,,0,,200034,10000,0,0,200034,10000,,,,0,1,0,,2,sf_metel01,barbarianshamanstatue,,blocks.stone,blockd.stone,,200034,2,1,,077B01,,,,,33,,2,15,15,,1,,,10,3,,,,,,0,,17,0,1,,0,26,,
200035,金质火焰野人祭司雕像,,GoldenFirebarbarianshamanStatue,GoldenFirebarbarianshamanStatue,,,statusx1y2z1SpecialGOLD,,,,,,,1,1,3,0,0,1,,,,,75,12,1,0,,0,,200035,10000,0,0,200035,10000,,,,0,1,0,,2,flamecrystal_block,barbarianshamanstatue,,blocks.stone,blockd.stone,,200035,2,1,,fac117,,,,,33,,2,15,15,,1,,,10,3,,,,,,0,,17,0,1,,0,,,2
200036,木质蝙蝠雕像,,WoodenBatStatue,WoodenBatStatue,,,statusx1y1z1SpecialSTONE,,,,,,,1,1,3,0,0,1,,,,,75,12,1,0,,0,,200036,10000,0,0,200036,10000,,,,0,1,0,,2,matcap_wood,batstatue,,blocks.wood,blockd.wood,,200036,1,1,,7c6037,,,,,33,,2,15,15,,1,,,10,3,,,,,,0,,17,0,0,,0,,,
200037,银质蝙蝠雕像,,SilverBatStatue,SilverBatStatue,,,statusx1y1z1SpecialSILIVER,,,,,,,1,1,3,0,0,1,,,,,75,12,1,0,,0,,200037,10000,0,0,200037,10000,,,,0,1,0,,2,sf_metel01,batstatue,,blocks.stone,blockd.stone,,200037,2,1,,077B01,,,,,33,,2,15,15,,1,,,10,3,,,,,,0,,17,0,0,,0,26,,
200038,金质蝙蝠雕像,,GoldenBatStatue,GoldenBatStatue,,,statusx1y1z1SpecialGOLD,,,,,,,1,1,3,0,0,1,,,,,75,12,1,0,,0,,200038,10000,0,0,200038,10000,,,,0,1,0,,2,flamecrystal_block,batstatue,,blocks.stone,blockd.stone,,200038,2,1,,fac117,,,,,33,,2,15,15,,1,,,10,3,,,,,,0,,17,0,0,,0,,,2
200039,木质符文怪雕像,,WoodenRuneMonsterStatue,WoodenRuneMonsterStatue,,,statusx1y1z1SpecialSTONE,,,,,,,1,1,3,0,0,1,,,,,75,12,1,0,,0,,200039,10000,0,0,200039,10000,,,,0,1,0,,2,matcap_wood,runemonsterstatue,,blocks.wood,blockd.wood,,200039,1,1,,7c6037,,,,,33,,2,15,15,,1,,,10,3,,,,,,0,,17,0,0,,0,,,
200040,银质符文怪雕像,,SilverRuneMonsterStatue,SilverRuneMonsterStatue,,,statusx1y1z1SpecialSILIVER,,,,,,,1,1,3,0,0,1,,,,,75,12,1,0,,0,,200040,10000,0,0,200040,10000,,,,0,1,0,,2,sf_metel01,runemonsterstatue,,blocks.stone,blockd.stone,,200040,2,1,,077B01,,,,,33,,2,15,15,,1,,,10,3,,,,,,0,,17,0,0,,0,26,,
200041,金质符文怪雕像,,GoldenRuneMonsterStatue,GoldenRuneMonsterStatue,,,statusx1y1z1SpecialGOLD,,,,,,,1,1,3,0,0,1,,,,,75,12,1,0,,0,,200041,10000,0,0,200041,10000,,,,0,1,0,,2,flamecrystal_block,runemonsterstatue,,blocks.stone,blockd.stone,,200041,2,1,,fac117,,,,,33,,2,15,15,,1,,,10,3,,,,,,0,,17,0,0,,0,,,2
200042,木质虚空使徒雕像,,WoodenFantomStatue,WoodenFantomStatue,,,statusx1y2z1SpecialSTONE,,,,,,,1,1,3,0,0,1,,,,,75,12,1,0,,0,,200042,10000,0,0,200042,10000,,,,0,1,0,,2,matcap_wood,fantomstatue,,blocks.wood,blockd.wood,,200042,1,1,,7c6037,,,,,33,,2,15,15,,1,,,10,3,,,,,,0,,17,0,1,,0,,,
200043,银质虚空使徒雕像,,SilverFantomStatue,SilverFantomStatue,,,statusx1y2z1SpecialSILIVER,,,,,,,1,1,3,0,0,1,,,,,75,12,1,0,,0,,200043,10000,0,0,200043,10000,,,,0,1,0,,2,sf_metel01,fantomstatue,,blocks.stone,blockd.stone,,200043,2,1,,077B01,,,,,33,,2,15,15,,1,,,10,3,,,,,,0,,17,0,1,,0,26,,
200044,金质虚空使徒雕像,,GoldenFantomStatue,GoldenFantomStatue,,,statusx1y2z1SpecialGOLD,,,,,,,1,1,3,0,0,1,,,,,75,12,1,0,,0,,200044,10000,0,0,200044,10000,,,,0,1,0,,2,flamecrystal_block,fantomstatue,,blocks.stone,blockd.stone,,200044,2,1,,fac117,,,,,33,,2,15,15,,1,,,10,3,,,,,,0,,17,0,1,,0,,,2
200045,木质海盗掠夺者雕像,,WoodenPirateRaiderStatue,WoodenPirateRaiderStatue,,,statusx1y2z1SpecialSTONE,,,,,,,1,1,3,0,0,1,,,,,75,12,1,0,,0,,200045,10000,0,0,200045,10000,,,,0,1,0,,2,matcap_wood,pirateraiderstatue,,blocks.wood,blockd.wood,,200045,1,1,,7c6037,,,,,33,,2,15,15,,1,,,10,3,,,,,,0,,17,0,1,,0,,,
200046,银质海盗掠夺者雕像,,SilverPirateRaiderStatue,SilverPirateRaiderStatue,,,statusx1y2z1SpecialSILIVER,,,,,,,1,1,3,0,0,1,,,,,75,12,1,0,,0,,200046,10000,0,0,200046,10000,,,,0,1,0,,2,sf_metel01,pirateraiderstatue,,blocks.stone,blockd.stone,,200046,2,1,,077B01,,,,,33,,2,15,15,,1,,,10,3,,,,,,0,,17,0,1,,0,26,,
200047,金质海盗掠夺者雕像,,GoldenPirateRaiderStatue,GoldenPirateRaiderStatue,,,statusx1y2z1SpecialGOLD,,,,,,,1,1,3,0,0,1,,,,,75,12,1,0,,0,,200047,10000,0,0,200047,10000,,,,0,1,0,,2,flamecrystal_block,pirateraiderstatue,,blocks.stone,blockd.stone,,200047,2,1,,fac117,,,,,33,,2,15,15,,1,,,10,3,,,,,,0,,17,0,1,,0,,,2
200048,木质海盗猎手雕像,,WoodenPirateHunterStatue,WoodenPirateHunterStatue,,,statusx1y2z1SpecialSTONE,,,,,,,1,1,3,0,0,1,,,,,75,12,1,0,,0,,200048,10000,0,0,200048,10000,,,,0,1,0,,2,matcap_wood,piratehunterstatue,,blocks.wood,blockd.wood,,200048,1,1,,7c6037,,,,,33,,2,15,15,,1,,,10,3,,,,,,0,,17,0,1,,0,,,
200049,银质海盗猎手雕像,,SilverPirateHunterStatue,SilverPirateHunterStatue,,,statusx1y2z1SpecialSILIVER,,,,,,,1,1,3,0,0,1,,,,,75,12,1,0,,0,,200049,10000,0,0,200049,10000,,,,0,1,0,,2,sf_metel01,piratehunterstatue,,blocks.stone,blockd.stone,,200049,2,1,,077B01,,,,,33,,2,15,15,,1,,,10,3,,,,,,0,,17,0,1,,0,26,,
200050,金质海盗猎手雕像,,GoldenPirateHunterStatue,GoldenPirateHunterStatue,,,statusx1y2z1SpecialGOLD,,,,,,,1,1,3,0,0,1,,,,,75,12,1,0,,0,,200050,10000,0,0,200050,10000,,,,0,1,0,,2,flamecrystal_block,piratehunterstatue,,blocks.stone,blockd.stone,,200050,2,1,,fac117,,,,,33,,2,15,15,,1,,,10,3,,,,,,0,,17,0,1,,0,,,2
200051,木质爆爆蛋雕像,,WoodenBoomEggStatue,WoodenBoomEggStatue,,,statusx1y2z1SpecialSTONE,,,,,,,1,1,3,0,0,1,,,,,75,12,1,0,,0,,200051,10000,0,0,200051,10000,,,,0,1,0,,2,matcap_wood,boomeggstatue,,blocks.wood,blockd.wood,,200051,1,1,,7c6037,,,,,33,,2,15,15,,1,,,10,3,,,,,,0,,17,0,1,,0,,,
200052,银质爆爆蛋雕像,,SilverBoomEggStatue,SilverBoomEggStatue,,,statusx1y2z1SpecialSILIVER,,,,,,,1,1,3,0,0,1,,,,,75,12,1,0,,0,,200052,10000,0,0,200052,10000,,,,0,1,0,,2,sf_metel01,boomeggstatue,,blocks.stone,blockd.stone,,200052,2,1,,077B01,,,,,33,,2,15,15,,1,,,10,3,,,,,,0,,17,0,1,,0,26,,
200053,金质爆爆蛋雕像,,GoldenBoomEggStatue,GoldenBoomEggStatue,,,statusx1y2z1SpecialGOLD,,,,,,,1,1,3,0,0,1,,,,,75,12,1,0,,0,,200053,10000,0,0,200053,10000,,,,0,1,0,,2,flamecrystal_block,boomeggstatue,,blocks.stone,blockd.stone,,200053,2,1,,fac117,,,,,33,,2,15,15,,1,,,10,3,,,,,,0,,17,0,1,,0,,,2
200054,木质毒尾蝎雕像,,WoodenPoisonTailedScorpionStatue,WoodenPoisonTailedScorpionStatue,,,statusx1y1z1SpecialSTONE,,,,,,,1,1,3,0,0,1,,,,,75,12,1,0,,0,,200054,10000,0,0,200054,10000,,,,0,1,0,,2,matcap_wood,poisontailedscorpionstatue,,blocks.wood,blockd.wood,,200054,1,1,,7c6037,,,,,33,,2,15,15,,1,,,10,3,,,,,,0,,17,0,0,,0,,,
200055,银质毒尾蝎雕像,,SilverPoisonTailedScorpionStatue,SilverPoisonTailedScorpionStatue,,,statusx1y1z1SpecialSILIVER,,,,,,,1,1,3,0,0,1,,,,,75,12,1,0,,0,,200055,10000,0,0,200055,10000,,,,0,1,0,,2,sf_metel01,poisontailedscorpionstatue,,blocks.stone,blockd.stone,,200055,2,1,,077B01,,,,,33,,2,15,15,,1,,,10,3,,,,,,0,,17,0,0,,0,26,,
200056,金质毒尾蝎雕像,,GoldenPoisonTailedScorpionStatue,GoldenPoisonTailedScorpionStatue,,,statusx1y1z1SpecialGOLD,,,,,,,1,1,3,0,0,1,,,,,75,12,1,0,,0,,200056,10000,0,0,200056,10000,,,,0,1,0,,2,flamecrystal_block,poisontailedscorpionstatue,,blocks.stone,blockd.stone,,200056,2,1,,fac117,,,,,33,,2,15,15,,1,,,10,3,,,,,,0,,17,0,0,,0,,,2
200057,木质海灵守卫雕像,,WoodenSeaSpiritGuardStatue,WoodenSeaSpiritGuardStatue,,,statusx1y2z1SpecialSTONE,,,,,,,1,1,3,0,0,1,,,,,75,12,1,0,,0,,200057,10000,0,0,200057,10000,,,,0,1,0,,2,matcap_wood,seaspiritguardstatue,,blocks.wood,blockd.wood,,200057,1,1,,7c6037,,,,,33,,2,15,15,,1,,,10,3,,,,,,0,,17,0,1,,0,,,
200058,银质海灵守卫雕像,,SilverSeaSpiritGuardStatue,SilverSeaSpiritGuardStatue,,,statusx1y2z1SpecialSILIVER,,,,,,,1,1,3,0,0,1,,,,,75,12,1,0,,0,,200058,10000,0,0,200058,10000,,,,0,1,0,,2,sf_metel01,seaspiritguardstatue,,blocks.stone,blockd.stone,,200058,2,1,,077B01,,,,,33,,2,15,15,,1,,,10,3,,,,,,0,,17,0,1,,0,26,,
200059,金质海灵守卫雕像,,GoldenSeaSpiritGuardStatue,GoldenSeaSpiritGuardStatue,,,statusx1y2z1SpecialGOLD,,,,,,,1,1,3,0,0,1,,,,,75,12,1,0,,0,,200059,10000,0,0,200059,10000,,,,0,1,0,,2,flamecrystal_block,seaspiritguardstatue,,blocks.stone,blockd.stone,,200059,2,1,,fac117,,,,,33,,2,15,15,,1,,,10,3,,,,,,0,,17,0,1,,0,,,2
200060,木质沙灵守卫雕像,,WoodenSandlingGuardStatue,WoodenSandlingGuardStatue,,,statusx1y2z1SpecialSTONE,,,,,,,1,1,3,0,0,1,,,,,75,12,1,0,,0,,200060,10000,0,0,200060,10000,,,,0,1,0,,2,matcap_wood,sandlingguardstatue,,blocks.wood,blockd.wood,,200060,1,1,,7c6037,,,,,33,,2,15,15,,1,,,10,3,,,,,,0,,17,0,1,,0,,,
200061,银质沙灵守卫雕像,,SilverSandlingGuardStatue,SilverSandlingGuardStatue,,,statusx1y2z1SpecialSILIVER,,,,,,,1,1,3,0,0,1,,,,,75,12,1,0,,0,,200061,10000,0,0,200061,10000,,,,0,1,0,,2,sf_metel01,sandlingguardstatue,,blocks.stone,blockd.stone,,200061,2,1,,077B01,,,,,33,,2,15,15,,1,,,10,3,,,,,,0,,17,0,1,,0,26,,
200062,金质沙灵守卫雕像,,GoldenSandlingGuardStatue,GoldenSandlingGuardStatue,,,statusx1y2z1SpecialGOLD,,,,,,,1,1,3,0,0,1,,,,,75,12,1,0,,0,,200062,10000,0,0,200062,10000,,,,0,1,0,,2,flamecrystal_block,sandlingguardstatue,,blocks.stone,blockd.stone,,200062,2,1,,fac117,,,,,33,,2,15,15,,1,,,10,3,,,,,,0,,17,0,1,,0,,,2
200063,木质熔岩巨人雕像,,WoodenMagmadronStatue,WoodenMagmadronStatue,,,statusx1y2z1SpecialSTONE,,,,,,,1,1,3,0,0,1,,,,,75,12,1,0,,0,,200063,10000,0,0,200063,10000,,,,0,1,0,,2,matcap_wood,magmadronstatue,,blocks.wood,blockd.wood,,200063,1,1,,7c6037,,,,,33,,2,15,15,,1,,,10,3,,,,,,0,,17,0,1,,0,,,
200064,银质熔岩巨人雕像,,SilverMagmadronStatue,SilverMagmadronStatue,,,statusx1y2z1SpecialSILIVER,,,,,,,1,1,3,0,0,1,,,,,75,12,1,0,,0,,200064,10000,0,0,200064,10000,,,,0,1,0,,2,sf_metel01,magmadronstatue,,blocks.stone,blockd.stone,,200064,2,1,,077B01,,,,,33,,2,15,15,,1,,,10,3,,,,,,0,,17,0,1,,0,26,,
200065,金质熔岩巨人雕像,,GoldenMagmadronStatue,GoldenMagmadronStatue,,,statusx1y2z1SpecialGOLD,,,,,,,1,1,3,0,0,1,,,,,75,12,1,0,,0,,200065,10000,0,0,200065,10000,,,,0,1,0,,2,flamecrystal_block,magmadronstatue,,blocks.stone,blockd.stone,,200065,2,1,,fac117,,,,,33,,2,15,15,,1,,,10,3,,,,,,0,,17,0,1,,0,,,2
200066,木质硫磺弓手雕像,,WoodenSulfurArcherStatue,WoodenSulfurArcherStatue,,,statusx1y2z1SpecialSTONE,,,,,,,1,1,3,0,0,1,,,,,75,12,1,0,,0,,200066,10000,0,0,200066,10000,,,,0,1,0,,2,matcap_wood,sulfurarcherstatue,,blocks.wood,blockd.wood,,200066,1,1,,7c6037,,,,,33,,2,15,15,,1,,,10,3,,,,,,0,,17,0,1,,0,,,
200067,银质硫磺弓手雕像,,SilverSulfurArcherStatue,SilverSulfurArcherStatue,,,statusx1y2z1SpecialSILIVER,,,,,,,1,1,3,0,0,1,,,,,75,12,1,0,,0,,200067,10000,0,0,200067,10000,,,,0,1,0,,2,sf_metel01,sulfurarcherstatue,,blocks.stone,blockd.stone,,200067,2,1,,077B01,,,,,33,,2,15,15,,1,,,10,3,,,,,,0,,17,0,1,,0,26,,
200068,金质硫磺弓手雕像,,GoldenSulfurArcherStatue,GoldenSulfurArcherStatue,,,statusx1y2z1SpecialGOLD,,,,,,,1,1,3,0,0,1,,,,,75,12,1,0,,0,,200068,10000,0,0,200068,10000,,,,0,1,0,,2,flamecrystal_block,sulfurarcherstatue,,blocks.stone,blockd.stone,,200068,2,1,,fac117,,,,,33,,2,15,15,,1,,,10,3,,,,,,0,,17,0,1,,0,,,2
200069,木质萌眼叮叮雕像,,WoodenRockiStatue,WoodenRockiStatue,,,statusx1y2z1SpecialSTONE,,,,,,,1,1,3,0,0,1,,,,,75,12,1,0,,0,,200069,10000,0,0,200069,10000,,,,0,1,0,,2,matcap_wood,rockistatue,,blocks.wood,blockd.wood,,200069,1,1,,7c6037,,,,,33,,2,15,15,,1,,,10,3,,,,,,0,,17,0,1,,0,,,
200070,银质萌眼叮叮雕像,,SilverRockiStatue,SilverRockiStatue,,,statusx1y2z1SpecialSILIVER,,,,,,,1,1,3,0,0,1,,,,,75,12,1,0,,0,,200070,10000,0,0,200070,10000,,,,0,1,0,,2,sf_metel01,rockistatue,,blocks.stone,blockd.stone,,200070,2,1,,077B01,,,,,33,,2,15,15,,1,,,10,3,,,,,,0,,17,0,1,,0,26,,
200071,金质萌眼叮叮雕像,,GoldenRockiStatue,GoldenRockiStatue,,,statusx1y2z1SpecialGOLD,,,,,,,1,1,3,0,0,1,,,,,75,12,1,0,,0,,200071,10000,0,0,200071,10000,,,,0,1,0,,2,flamecrystal_block,rockistatue,,blocks.stone,blockd.stone,,200071,2,1,,fac117,,,,,33,,2,15,15,,1,,,10,3,,,,,,0,,17,0,1,,0,,,2
200072,木质萌眼咚咚雕像,,WoodenFrostiStatue,WoodenFrostiStatue,,,statusx1y2z1SpecialSTONE,,,,,,,1,1,3,0,0,1,,,,,75,12,1,0,,0,,200072,10000,0,0,200072,10000,,,,0,1,0,,2,matcap_wood,frostistatue,,blocks.wood,blockd.wood,,200072,1,1,,7c6037,,,,,33,,2,15,15,,1,,,10,3,,,,,,0,,17,0,1,,0,,,
200073,银质萌眼咚咚雕像,,SilverFrostiStatue,SilverFrostiStatue,,,statusx1y2z1SpecialSILIVER,,,,,,,1,1,3,0,0,1,,,,,75,12,1,0,,0,,200073,10000,0,0,200073,10000,,,,0,1,0,,2,sf_metel01,frostistatue,,blocks.stone,blockd.stone,,200073,2,1,,077B01,,,,,33,,2,15,15,,1,,,10,3,,,,,,0,,17,0,1,,0,26,,
200074,金质萌眼咚咚雕像,,GoldenFrostiStatue,GoldenFrostiStatue,,,statusx1y2z1SpecialGOLD,,,,,,,1,1,3,0,0,1,,,,,75,12,1,0,,0,,200074,10000,0,0,200074,10000,,,,0,1,0,,2,flamecrystal_block,frostistatue,,blocks.stone,blockd.stone,,200074,2,1,,fac117,,,,,33,,2,15,15,,1,,,10,3,,,,,,0,,17,0,1,,0,,,2
200075,木质萌眼当当雕像,,WoodenBulliStatue,WoodenBulliStatue,,,statusx1y2z1SpecialSTONE,,,,,,,1,1,3,0,0,1,,,,,75,12,1,0,,0,,200075,10000,0,0,200075,10000,,,,0,1,0,,2,matcap_wood,bullistatue,,blocks.wood,blockd.wood,,200075,1,1,,7c6037,,,,,33,,2,15,15,,1,,,10,3,,,,,,0,,17,0,1,,0,,,
200076,银质萌眼当当雕像,,SilverBulliStatue,SilverBulliStatue,,,statusx1y2z1SpecialSILIVER,,,,,,,1,1,3,0,0,1,,,,,75,12,1,0,,0,,200076,10000,0,0,200076,10000,,,,0,1,0,,2,sf_metel01,bullistatue,,blocks.stone,blockd.stone,,200076,2,1,,077B01,,,,,33,,2,15,15,,1,,,10,3,,,,,,0,,17,0,1,,0,26,,
200077,金质萌眼当当雕像,,GoldenBulliStatue,GoldenBulliStatue,,,statusx1y2z1SpecialGOLD,,,,,,,1,1,3,0,0,1,,,,,75,12,1,0,,0,,200077,10000,0,0,200077,10000,,,,0,1,0,,2,flamecrystal_block,bullistatue,,blocks.stone,blockd.stone,,200077,2,1,,fac117,,,,,33,,2,15,15,,1,,,10,3,,,,,,0,,17,0,1,,0,,,2
200078,木质萌眼咻咻雕像,,WoodenGravitiStatue,WoodenGravitiStatue,,,statusx1y2z1SpecialSTONE,,,,,,,1,1,3,0,0,1,,,,,75,12,1,0,,0,,200078,10000,0,0,200078,10000,,,,0,1,0,,2,matcap_wood,gravitistatue,,blocks.wood,blockd.wood,,200078,1,1,,7c6037,,,,,33,,2,15,15,,1,,,10,3,,,,,,0,,17,0,1,,0,,,
200079,银质萌眼咻咻雕像,,SilverGravitiStatue,SilverGravitiStatue,,,statusx1y2z1SpecialSILIVER,,,,,,,1,1,3,0,0,1,,,,,75,12,1,0,,0,,200079,10000,0,0,200079,10000,,,,0,1,0,,2,sf_metel01,gravitistatue,,blocks.stone,blockd.stone,,200079,2,1,,077B01,,,,,33,,2,15,15,,1,,,10,3,,,,,,0,,17,0,1,,0,26,,
200080,金质萌眼咻咻雕像,,GoldenGravitiStatue,GoldenGravitiStatue,,,statusx1y2z1SpecialGOLD,,,,,,,1,1,3,0,0,1,,,,,75,12,1,0,,0,,200080,10000,0,0,200080,10000,,,,0,1,0,,2,flamecrystal_block,gravitistatue,,blocks.stone,blockd.stone,,200080,2,1,,fac117,,,,,33,,2,15,15,,1,,,10,3,,,,,,0,,17,0,1,,0,,,2
200081,木质冰灵守卫雕像,,WoodenIceSpiritGuardStatue,WoodenIceSpiritGuardStatue,,,statusx1y2z1SpecialSTONE,,,,,,,1,1,3,0,0,1,,,,,75,12,1,0,,0,,200081,10000,0,0,200081,10000,,,,0,1,0,,2,matcap_wood,icespiritguardstatue,,blocks.wood,blockd.wood,,200081,1,1,,7c6037,,,,,33,,2,15,15,,1,,,10,3,,,,,,0,,17,0,1,,0,,,
200082,银质冰灵守卫雕像,,SilverIceSpiritGuardStatue,SilverIceSpiritGuardStatue,,,statusx1y2z1SpecialSILIVER,,,,,,,1,1,3,0,0,1,,,,,75,12,1,0,,0,,200082,10000,0,0,200082,10000,,,,0,1,0,,2,sf_metel01,icespiritguardstatue,,blocks.stone,blockd.stone,,200082,2,1,,077B01,,,,,33,,2,15,15,,1,,,10,3,,,,,,0,,17,0,1,,0,26,,
200083,金质冰灵守卫雕像,,GoldenIceSpiritGuardStatue,GoldenIceSpiritGuardStatue,,,statusx1y2z1SpecialGOLD,,,,,,,1,1,3,0,0,1,,,,,75,12,1,0,,0,,200083,10000,0,0,200083,10000,,,,0,1,0,,2,flamecrystal_block,icespiritguardstatue,,blocks.stone,blockd.stone,,200083,2,1,,fac117,,,,,33,,2,15,15,,1,,,10,3,,,,,,0,,17,0,1,,0,,,2
200084,木质寒霜野人祭司雕像,,WoodenFrostSavagePriestStatue,WoodenFrostSavagePriestStatue,,,statusx1y2z1SpecialSTONE,,,,,,,1,1,3,0,0,1,,,,,75,12,1,0,,0,,200084,10000,0,0,200084,10000,,,,0,1,0,,2,matcap_wood,frostsavageprieststatue,,blocks.wood,blockd.wood,,200084,1,1,,7c6037,,,,,33,,2,15,15,,1,,,10,3,,,,,,0,,17,0,1,,0,,,
200085,银质寒霜野人祭司雕像,,SilverFrostSavagePriestStatue,SilverFrostSavagePriestStatue,,,statusx1y2z1SpecialSILIVER,,,,,,,1,1,3,0,0,1,,,,,75,12,1,0,,0,,200085,10000,0,0,200085,10000,,,,0,1,0,,2,sf_metel01,frostsavageprieststatue,,blocks.stone,blockd.stone,,200085,2,1,,077B01,,,,,33,,2,15,15,,1,,,10,3,,,,,,0,,17,0,1,,0,26,,
200086,金质寒霜野人祭司雕像,,GoldenFrostSavagePriestStatue,GoldenFrostSavagePriestStatue,,,statusx1y2z1SpecialGOLD,,,,,,,1,1,3,0,0,1,,,,,75,12,1,0,,0,,200086,10000,0,0,200086,10000,,,,0,1,0,,2,flamecrystal_block,frostsavageprieststatue,,blocks.stone,blockd.stone,,200086,2,1,,fac117,,,,,33,,2,15,15,,1,,,10,3,,,,,,0,,17,0,1,,0,,,2
200087,木质小型海盗船雕像,,WoodenSmallPirateShipStatue,WoodenSmallPirateShipStatue,,,statusx2y2z2SpecialSTONE,,,,,,,1,1,3,0,0,1,,,,,75,12,1,0,,0,,200087,10000,0,0,200087,10000,,,,0,1,0,,2,matcap_wood,smallpirateshipstatue,,blocks.wood,blockd.wood,,200087,1,1,,7c6037,,,,,33,,2,15,15,,1,,,10,3,,,,,,0,,17,0,0,,0,,,
200088,银质小型海盗船雕像,,SilverSmallPirateShipStatue,SilverSmallPirateShipStatue,,,statusx2y2z2SpecialSILIVER,,,,,,,1,1,3,0,0,1,,,,,75,12,1,0,,0,,200088,10000,0,0,200088,10000,,,,0,1,0,,2,sf_metel01,smallpirateshipstatue,,blocks.stone,blockd.stone,,200088,2,1,,077B01,,,,,33,,2,15,15,,1,,,10,3,,,,,,0,,17,0,0,,0,26,,
200089,金质小型海盗船雕像,,GoldenSmallPirateShipStatue,GoldenSmallPirateShipStatue,,,statusx2y2z2SpecialGOLD,,,,,,,1,1,3,0,0,1,,,,,75,12,1,0,,0,,200089,10000,0,0,200089,10000,,,,0,1,0,,2,flamecrystal_block,smallpirateshipstatue,,blocks.stone,blockd.stone,,200089,2,1,,fac117,,,,,33,,2,15,15,,1,,,10,3,,,,,,0,,17,0,0,,0,,,2
200090,木质中型海盗船雕像,,WoodenMiddlePirateShipStatue,WoodenMiddlePirateShipStatue,,,statusx2y2z2SpecialSTONE,,,,,,,1,1,3,0,0,1,,,,,75,12,1,0,,0,,200090,10000,0,0,200090,10000,,,,0,1,0,,2,matcap_wood,middlepirateshipstatue,,blocks.wood,blockd.wood,,200090,1,1,,7c6037,,,,,33,,2,15,15,,1,,,10,3,,,,,,0,,17,0,0,,0,,,
200091,银质中型海盗船雕像,,SilverMiddlePirateShipStatue,SilverMiddlePirateShipStatue,,,statusx2y2z2SpecialSILIVER,,,,,,,1,1,3,0,0,1,,,,,75,12,1,0,,0,,200091,10000,0,0,200091,10000,,,,0,1,0,,2,sf_metel01,middlepirateshipstatue,,blocks.stone,blockd.stone,,200091,2,1,,077B01,,,,,33,,2,15,15,,1,,,10,3,,,,,,0,,17,0,0,,0,26,,
200092,金质中型海盗船雕像,,GoldenMiddlePirateShipStatue,GoldenMiddlePirateShipStatue,,,statusx2y2z2SpecialGOLD,,,,,,,1,1,3,0,0,1,,,,,75,12,1,0,,0,,200092,10000,0,0,200092,10000,,,,0,1,0,,2,flamecrystal_block,middlepirateshipstatue,,blocks.stone,blockd.stone,,200092,2,1,,fac117,,,,,33,,2,15,15,,1,,,10,3,,,,,,0,,17,0,0,,0,,,2
200093,木质大型海盗船雕像,,WoodenBigPirateShipStatue,WoodenBigPirateShipStatue,,,statusx2y2z2SpecialSTONE,,,,,,,1,1,3,0,0,1,,,,,75,12,1,0,,0,,200093,10000,0,0,200093,10000,,,,0,1,0,,2,matcap_wood,bigpirateshipstatue,,blocks.wood,blockd.wood,,200093,1,1,,7c6037,,,,,33,,2,15,15,,1,,,10,3,,,,,,0,,17,0,0,,0,,,
200094,银质大型海盗船雕像,,SilverBigPirateShipStatue,SilverBigPirateShipStatue,,,statusx2y2z2SpecialSILIVER,,,,,,,1,1,3,0,0,1,,,,,75,12,1,0,,0,,200094,10000,0,0,200094,10000,,,,0,1,0,,2,sf_metel01,bigpirateshipstatue,,blocks.stone,blockd.stone,,200094,2,1,,077B01,,,,,33,,2,15,15,,1,,,10,3,,,,,,0,,17,0,0,,0,26,,
200095,金质大型海盗船雕像,,GoldenBigPirateShipStatue,GoldenBigPirateShipStatue,,,statusx2y2z2SpecialGOLD,,,,,,,1,1,3,0,0,1,,,,,75,12,1,0,,0,,200095,10000,0,0,200095,10000,,,,0,1,0,,2,flamecrystal_block,bigpirateshipstatue,,blocks.stone,blockd.stone,,200095,2,1,,fac117,,,,,33,,2,15,15,,1,,,10,3,,,,,,0,,17,0,0,,0,,,2
200096,羽蛇神雕像,,QuetzalcoatlStatue,QuetzalcoatlStatue,,,statusx3y3z3BOSS,,,,,,,1,1,3,0,0,1,,,,,75,12,1,0,,0,,200096,10000,0,0,200096,10000,,,,0,1,0,,2,Boss5,quetzalcoatlstatue,,blocks.stone,blockd.stone,,200096,2,1,,a6a899,,,,,33,,2,15,15,,1,,,10,3,,,,,,0,,17,0,0,,0,,,2
200097,远古黑龙雕像,,AncientBlackDragonStatue,AncientBlackDragonStatue,,,statusx3y3z3BOSS,,,,,,,1,1,3,0,0,1,,,,,75,12,1,0,,0,,200097,10000,0,0,200097,10000,,,,0,1,0,,2,Boss2,ancientblackdragonstatue,,blocks.stone,blockd.stone,,200097,2,1,,a6a899,,,,,33,,2,15,15,,1,,,10,3,,,,,,0,,17,0,0,,0,,,2
200098,远古巨人雕像,,AncientcolossusStatue,AncientcolossusStatue,,,statusx3y3z3BOSS,,,,,,,1,1,3,0,0,1,,,,,75,12,1,0,,0,,200098,10000,0,0,200098,10000,,,,0,1,0,,2,Boss3,ancientcolossusstatue,,blocks.stone,blockd.stone,,200098,2,1,,a6a899,,,,,33,,2,15,15,,1,,,10,3,,,,,,0,,17,0,0,,0,,,2
200099,虚空幻影雕像,,VoidPhantomStatue,VoidPhantomStatue,,,statusx3y3z3BOSS,,,,,,,1,1,3,0,0,1,,,,,75,12,1,0,,0,,200099,10000,0,0,200099,10000,,,,0,1,0,,2,Boss1,voidphantomstatue,,blocks.stone,blockd.stone,,200099,2,1,,a6a899,,,,,33,,2,15,15,,1,,,10,3,,,,,,0,,17,0,0,,0,,,2
200100,冰陨巨魔雕像,,IceMonsterStatue,IceMonsterStatue,,,statusx3y3z3BOSS,,,,,,,1,1,3,0,0,1,,,,,75,12,1,0,,0,,200100,10000,0,0,200100,10000,,,,0,1,0,,2,Boss4,icemonsterstatue,,blocks.stone,blockd.stone,,200100,2,1,,a6a899,,,,,33,,2,15,15,,1,,,10,3,,,,,,0,,17,0,0,,0,,,2
200101,堆叠方块top,,,,,,pileTop,,,,,,,1,1,3,0,0,1,,,,,75,12,1,0,,0,,,,,,,,,,,0,1,0,,2,,,,blocks.stone,blockd.stone,,,,,,a6a899,,,,,33,,2,15,15,,1,,,,3,,,,,,0,,17,0,0,,0,,,
200102,堆叠方块bottom,,,,,,pileBottom,,,,,,,1,1,3,0,0,1,,,,,75,12,1,0,,0,,,,,,,,,,,0,1,0,,2,,,,blocks.stone,blockd.stone,,,,,,a6a899,,,,,33,,2,15,15,,1,,,,3,,,,,,0,,17,0,0,,0,,,
200103,堆叠方块center,,,,,,pileCenter,,,,,,,1,1,3,0,0,1,,,,,75,12,1,0,,0,,,,,,,,,,,0,1,0,,2,,,,blocks.stone,blockd.stone,,,,,,a6a899,,,,,33,,2,15,15,,1,,,,3,,,,,,0,,17,0,0,,0,,,
200104,堆叠方块layer,,,,,,pileLayer,,,,,,,1,1,3,0,0,1,,,,,75,12,1,0,,0,,,,,,,,,,,0,1,0,,2,,,,blocks.stone,blockd.stone,,,,,,a6a899,,,,,33,,2,15,15,,1,,,,3,,,,,,0,,17,0,0,,0,,,
200105,怪物雕像bottom,,,,,,monsterStatueBottom,,,,,,,1,1,3,0,0,1,,,,,75,12,1,0,,0,,,,,,,,,,,0,1,0,,2,,,,blocks.stone,blockd.stone,,,,,,a6a899,,,,,33,,2,15,15,,1,,,,3,,,,,,0,,17,0,0,,0,,,
200106,怪物雕像底座,,,,,,monsterStatueFoundation,,,,,,,1,1,3,0,0,1,,,,,75,12,1,0,,0,,,,,,,,,,,0,1,0,,1,,pedestal,,blocks.stone,blockd.stone,,,,,,a6a899,,,,,33,,2,15,15,,1,,,,3,,,,,,0,,17,0,0,,0,,,
200107,怪物雕像layer,,,,,,monsterStatueLayer,,,,,,,1,1,3,0,0,1,,,,,75,12,1,0,,0,,,,,,,,,,,0,1,0,,2,,,,blocks.stone,blockd.stone,,,,,,a6a899,,,,,33,,2,15,15,,1,,,,3,,,,,,0,,17,0,0,,0,,,
200108,石锅,,StonePot,StonePot,,,newpot,1,5,,,,,1,1,1,2,0,0,,,,,50,2,1,0,,0,,200108,10000,0,0,200108,10000,,,,1,1,0,,1,newstonepot,newstonepot,,blocks.stone,blockd.stone,,200108,,,,a6a899,,,,,4,,1,15,15,,1,,,10,3,,,,,,0,,17,0,1,,0.5,,,
200109,烹饪台,,MithsilverPot,MithsilverPot,,,stove,1,5,,,,,1,1,1,2,0,0,,,,,50,10,1,0,,0,,200109,10000,0,0,200109,10000,,,,1,1,0,,1,cookingstation,cookingstation,,blocks.stone,blockd.stone,,200109,2,1,,a6a899,,,,,4,,1,15,15,,1,,,10,3,,,,,,0,,17,0,1,,0.5,26,,2
200110,200111-200350/26春节作物方块预留,,,,,,,,,,,,,,,,,,,,,,,,,,,,,,,,,,,,,,,,,,,,,,,,,,,,,,,,,,,,,,,,,,,,,,,,,,,,,,,,,0,,,
200111,浆果丛作物,200111,,,,,modbase,,,,,,,1,0,0,1,3,0,,1,,1,0,5,1,15,100,10,,,,,,,,,,,0,1,0,,1,,,,blocks.grass,blockd.grass,,,0,1,,c16e61,,,,,1,,0,15,15,,1,,,,2,,,,,,0,,17,1,1,,0,,,
200112,浆果,200112,,,,,modbase,,,,,,,1,1,1,0,0,2,,,,,3,5,1,5,60,10,,,,,,,,,,,0,1,0,,1,,,,blocks.grass,blockd.grass,,,0,1,,c16e61,,,,,1,,1,15,15,,1,,,,2,,,,,,0,,17,0,1,,0,,,
200113,丰硕浆果,200113,,,,,modbase,,,,,,,1,1,1,0,0,2,,,,,3,5,1,5,60,10,,,,,,,,,,,0,1,0,,1,,,,blocks.grass,blockd.grass,,,0,1,,c16e61,,,,,1,,1,15,15,,1,,,,2,,,,,,0,,17,0,1,,0,,,
200114,西瓜作物,200114,,,,,modbase,,,,,,,1,1,1,1,3,0,,1,,1,0,0,1,15,100,10,,,,,,,,,,,0,1,0,,1,,,,blocks.grass,blockd.grass,,,0,1,,06b273,,,,,1,,1,15,15,,1,,,,2,,,,,,0,,17,1,1,,0,,,
200115,西瓜,200115,,,,,modbase,,,,,,,1,1,1,0,0,2,,,,,3,5,1,5,60,10,,,,,,,,,,,0,1,0,,1,,,,blocks.grass,blockd.grass,,,0,1,,06b273,,,,,1,,1,15,15,,1,,,,2,,,,,,0,,17,0,1,,0,,,
200116,丰硕西瓜,200116,,,,,modbase,,,,,,,1,1,1,0,0,2,,,,,3,5,1,5,60,10,,,,,,,,,,,0,1,0,,1,,,,blocks.grass,blockd.grass,,,0,1,,06b273,,,,,1,,1,15,15,,1,,,,2,,,,,,0,,17,0,1,,0,,,
200117,丰硕西瓜作物,200117,,,,,modbase,,,,,,,1,1,1,2,0,0,,1,,1,0,5,1,15,100,10,,200116,10000,11681,10000,11681,2500,,,,0,1,0,,1,,,,blocks.grass,blockd.grass,,200117,0,1,,06b273,,,,,1,,1,15,15,,1,,,,2,,,,,,0,,17,2,1,,0,,,
200118,番茄作物,200118,,,,,modbase,,,,,,,1,1,1,1,0,0,,1,,1,0,5,1,15,100,10,,,,,,,,,,,0,1,0,,1,,,,blocks.grass,blockd.grass,,,0,1,,c16e61,,,,,1,,1,15,15,,1,,,,2,,,,,,0,,17,1,1,,0,,,
200119,番茄,200119,,,,,modbase,,,,,,,1,1,1,0,0,2,,,,,3,5,1,5,60,10,,,,,,,,,,,0,1,0,,1,,,,blocks.grass,blockd.grass,,,0,1,,c16e61,,,,,1,,1,15,15,,1,,,,2,,,,,,0,,17,0,1,,0,,,
200120,丰硕番茄,200120,,,,,modbase,,,,,,,1,1,1,0,0,2,,,,,3,5,1,5,60,10,,,,,,,,,,,0,1,0,,1,,,,blocks.grass,blockd.grass,,,0,1,,c16e61,,,,,1,,1,15,15,,1,,,,2,,,,,,0,,17,0,1,,0,,,
200121,胡萝卜作物,200121,,,,,modbase,,,,,,,1,0,0,1,3,0,,1,,1,0,0,1,15,100,10,,,,,,,,,,,0,1,0,,1,,,,blocks.grass,blockd.grass,,,0,1,,c16e61,,,,,1,,0,15,15,,1,,,,2,,,,,,0,,17,1,1,,0,,,
200122,胡萝卜,200122,,,,,modbase,,,,,,,1,1,1,0,0,2,,,,,3,5,1,5,60,10,,,,,,,,,,,0,1,0,,1,,,,blocks.grass,blockd.grass,,,0,1,,c16e61,,,,,1,,1,15,15,,1,,,,2,,,,,,0,,17,0,1,,0,,,
200123,丰硕胡萝卜,200123,,,,,modbase,,,,,,,1,1,1,0,0,2,,,,,3,5,1,5,60,10,,,,,,,,,,,0,1,0,,1,,,,blocks.grass,blockd.grass,,,0,1,,c16e61,,,,,1,,1,15,15,,1,,,,2,,,,,,0,,17,0,1,,0,,,
200124,南瓜作物,200124,,,,,modbase,,,,,,,1,1,1,1,3,0,,1,,1,0,0,1,15,100,10,,,,,,,,,,,0,1,0,,1,,,,blocks.grass,blockd.grass,,,0,1,,f4ac2e,,,,,1,,1,15,15,,1,,,,2,,,,,,0,,17,1,1,,0,,,
200125,南瓜,200125,,,,,modbase,,,,,,,1,1,1,0,0,2,,,,,3,5,1,5,60,10,,,,,,,,,,,0,1,0,,1,,,,blocks.grass,blockd.grass,,,0,1,,f4ac2e,,,,,1,,1,15,15,,1,,,,2,,,,,,0,,17,0,1,,0,,,
200126,丰硕南瓜,200126,,,,,modbase,,,,,,,1,1,1,0,0,2,,,,,3,5,1,5,60,10,,,,,,,,,,,0,1,0,,1,,,,blocks.grass,blockd.grass,,,0,1,,f4ac2e,,,,,1,,1,15,15,,1,,,,2,,,,,,0,,17,0,1,,0,,,
200127,丰硕南瓜作物,200127,,,,,modbase,,,,,,,1,1,1,2,0,0,,1,,1,0,5,1,15,100,10,,200126,10000,11684,10000,,,,,,0,1,0,,1,,,,blocks.grass,blockd.grass,,200127,0,1,,f4ac2e,,,,,1,,1,15,15,,1,,,,2,,,,,,0,,17,2,1,,0,,,
200128,草莓作物,200128,,,,,modbase,,,,,,,1,0,0,1,3,0,,1,,1,0,0,1,15,100,10,,,,,,,,,,,0,1,0,,1,,,,blocks.grass,blockd.grass,,,0,1,,fa5b6f,,,,,1,,0,15,15,,1,,,,2,,,,,,0,,17,1,1,,0,,,
200129,草莓,200129,,,,,modbase,,,,,,,1,1,1,0,0,2,,,,,3,5,1,5,60,10,,,,,,,,,,,0,1,0,,1,,,,blocks.grass,blockd.grass,,,0,1,,fa5b6f,,,,,1,,1,15,15,,1,,,,2,,,,,,0,,17,0,1,,0,,,
200130,丰硕草莓,200130,,,,,modbase,,,,,,,1,1,1,0,0,2,,,,,3,5,1,5,60,10,,,,,,,,,,,0,1,0,,1,,,,blocks.grass,blockd.grass,,,0,1,,fa5b6f,,,,,1,,1,15,15,,1,,,,2,,,,,,0,,17,0,1,,0,,,
200131,莲藕作物,200131,,,,,modbase,,,,,,,1,0,0,1,3,0,,1,,1,0,0,1,15,100,10,,,,,,,,,,,0,1,0,,1,,,,blocks.grass,blockd.grass,,,0,1,,fcc6a5,,,,,1,,0,15,15,,1,,,,2,,,,,,0,,17,1,1,,0,,,
200132,莲藕,200132,,,,,modbase,,,,,,,1,1,1,0,0,2,,,,,3,5,1,5,60,10,,,,,,,,,,,0,1,0,,1,,,,blocks.grass,blockd.grass,,,0,1,,fcc6a5,,,,,1,,1,15,15,,1,,,,2,,,,,,0,,17,0,1,,0,,,
200133,丰硕莲藕,200133,,,,,modbase,,,,,,,1,1,1,0,0,2,,,,,3,5,1,5,60,10,,,,,,,,,,,0,1,0,,1,,,,blocks.grass,blockd.grass,,,0,1,,fcc6a5,,,,,1,,1,15,15,,1,,,,2,,,,,,0,,17,0,1,,0,,,
200134,沙棘作物,200134,,,,,modbase,,,,,,,1,0,1,1,3,0,,1,,1,0,5,1,15,100,10,,,,,,,,,,,0,1,0,,1,,,,blocks.grass,blockd.grass,,,0,1,,f7a10d,,,,,1,,0,15,15,,1,,,,2,,,,,,0,,17,1,1,,0,,,
200135,沙棘,200135,,,,,modbase,,,,,,,1,1,1,0,0,2,,,,,3,5,1,5,60,10,,,,,,,,,,,0,1,0,,1,,,,blocks.grass,blockd.grass,,,0,1,,f7a10d,,,,,1,,1,15,15,,1,,,,2,,,,,,0,,17,0,1,,0,,,
200136,丰硕沙棘,200136,,,,,modbase,,,,,,,1,1,1,0,0,2,,,,,3,5,1,5,60,10,,,,,,,,,,,0,1,0,,1,,,,blocks.grass,blockd.grass,,,0,1,,f7a10d,,,,,1,,1,15,15,,1,,,,2,,,,,,0,,17,0,1,,0,,,
200137,葡萄作物,200137,,,,,modbase,,,,,,,1,1,1,1,0,0,,1,,1,0,5,1,15,100,10,,,,,,,,,,,0,1,0,,1,,,,blocks.grass,blockd.grass,,,0,1,,a10df7,,,,,1,,1,15,15,,1,,,,2,,,,,,0,,17,1,1,,0,,,
200138,葡萄,200138,,,,,modbase,,,,,,,1,1,1,0,0,2,,,,,3,5,1,5,60,10,,,,,,,,,,,0,1,0,,1,,,,blocks.grass,blockd.grass,,,0,1,,a10df7,,,,,1,,1,15,15,,1,,,,2,,,,,,0,,17,0,1,,0,,,
200139,丰硕葡萄,200139,,,,,modbase,,,,,,,1,1,1,0,0,2,,,,,3,5,1,5,60,10,,,,,,,,,,,0,1,0,,1,,,,blocks.grass,blockd.grass,,,0,1,,a10df7,,,,,1,,1,15,15,,1,,,,2,,,,,,0,,17,0,1,,0,,,
200140,玉米作物,200140,,,,,modbase,,,,,,,1,0,0,1,3,0,,1,,1,0,0,1,15,100,10,,,,,,,,,,,0,1,0,,1,,,,blocks.grass,blockd.grass,,,0,1,,418129,,,,,1,,0,15,15,,1,,,,2,,,,,,0,,17,1,1,,0,,,
200141,玉米,200141,,,,,modbase,,,,,,,1,1,1,0,0,2,,,,,3,5,1,5,60,10,,,,,,,,,,,0,1,0,,1,,,,blocks.grass,blockd.grass,,,0,1,,418129,,,,,1,,1,15,15,,1,,,,2,,,,,,0,,17,0,1,,0,,,
200142,丰硕玉米,200142,,,,,modbase,,,,,,,1,1,1,0,0,2,,,,,3,5,1,5,60,10,,,,,,,,,,,0,1,0,,1,,,,blocks.grass,blockd.grass,,,0,1,,418129,,,,,1,,1,15,15,,1,,,,2,,,,,,0,,17,0,1,,0,,,
200143,青瓜作物,200143,,,,,modbase,,,,,,,1,1,1,1,0,0,,1,,1,0,5,1,15,100,10,,,,,,,,,,,0,1,0,,1,,,,blocks.grass,blockd.grass,,,0,1,,06b273,,,,,1,,1,15,15,,1,,,,2,,,,,,0,,17,1,1,,0,,,
200144,青瓜,200144,,,,,modbase,,,,,,,1,1,1,0,0,2,,,,,3,5,1,5,60,10,,,,,,,,,,,0,1,0,,1,,,,blocks.grass,blockd.grass,,,0,1,,06b273,,,,,1,,1,15,15,,1,,,,2,,,,,,0,,17,0,1,,0,,,
200145,丰硕青瓜,200145,,,,,modbase,,,,,,,1,1,1,0,0,2,,,,,3,5,1,5,60,10,,,,,,,,,,,0,1,0,,1,,,,blocks.grass,blockd.grass,,,0,1,,06b273,,,,,1,,1,15,15,,1,,,,2,,,,,,0,,17,0,1,,0,,,
200146,番薯作物,200146,,,,,modbase,,,,,,,1,0,0,1,3,0,,1,,1,0,0,1,15,100,10,,,,,,,,,,,0,1,0,,1,,,,blocks.grass,blockd.grass,,,0,1,,b21d06,,,,,1,,0,15,15,,1,,,,2,,,,,,0,,17,1,1,,0,,,
200147,番薯,,,,,,,,,,,,,1,1,1,0,0,2,,,,,3,5,1,5,60,10,,,,,,,,,,,0,1,0,,1,,,,blocks.grass,blockd.grass,,,0,1,,b21d06,,,,,1,,1,15,15,,1,,,,2,,,,,,0,,17,0,1,,0,,,
200148,丰硕番薯,,,,,,,,,,,,,1,1,1,0,0,2,,,,,3,5,1,5,60,10,,,,,,,,,,,0,1,0,,1,,,,blocks.grass,blockd.grass,,,0,1,,b21d06,,,,,1,,1,15,15,,1,,,,2,,,,,,0,,17,0,1,,0,,,
200149,水稻作物,200149,,,,,modbase,,,,,,,1,0,0,1,3,0,,1,,1,0,0,1,15,100,10,,,,,,,,,,,0,1,0,,1,,,,blocks.grass,blockd.grass,,,0,1,,f7db0d,,,,,1,,0,15,15,,1,,,,2,,,,,,0,,17,1,1,,0,,,
200150,水稻穗,,,,,,,,,,,,,1,1,1,0,0,2,,,,,3,5,1,5,60,10,,,,,,,,,,,0,1,0,,1,,,,blocks.grass,blockd.grass,,,0,1,,f7db0d,,,,,1,,1,15,15,,1,,,,2,,,,,,0,,17,0,1,,0,,,
200151,丰硕水稻穗,,,,,,,,,,,,,1,1,1,0,0,2,,,,,3,5,1,5,60,10,,,,,,,,,,,0,1,0,,1,,,,blocks.grass,blockd.grass,,,0,1,,f7db0d,,,,,1,,1,15,15,,1,,,,2,,,,,,0,,17,0,1,,0,,,
200152,独葵作物,200152,,,,,modbase,,,,,,,1,0,0,1,3,0,,1,,1,0,0,1,15,100,10,,,,,,,,,,,0,1,0,,1,,,,blocks.grass,blockd.grass,,,0,1,,06b273,,,,,1,,0,15,15,,1,,,,2,,,,,,0,,17,1,1,,0,,,
200153,独葵,200153,,,,,modbase,,,,,,,1,1,1,0,0,2,,,,,3,5,1,5,60,10,,,,,,,,,,,0,1,0,,1,,,,blocks.grass,blockd.grass,,,0,1,,06b273,,,,,1,,1,15,15,,1,,,,2,,,,,,0,,17,0,1,,0,,,
200154,丰硕独葵,200154,,,,,modbase,,,,,,,1,1,1,0,0,2,,,,,3,5,1,5,60,10,,,,,,,,,,,0,1,0,,1,,,,blocks.grass,blockd.grass,,,0,1,,06b273,,,,,1,,1,15,15,,1,,,,2,,,,,,0,,17,0,1,,0,,,
200155,萝卜王作物,200155,,,,,modbase,,,,,,,1,0,0,1,3,0,,1,,1,0,0,1,15,100,10,,,,,,,,,,,0,1,0,,1,,,,blocks.grass,blockd.grass,,,0,1,,c16e61,,,,,1,,0,15,15,,1,,,,2,,,,,,0,,17,1,1,,0,28,,
200156,萝卜王,200156,,,,,modbase,,,,,,,1,1,1,0,0,2,,,,,3,5,1,5,60,10,,,,,,,,,,,0,1,0,,1,,,,blocks.grass,blockd.grass,,,0,1,,c16e61,,,,,1,,1,15,15,,1,,,,2,,,,,,0,,17,0,1,,0,28,,
200157,丰硕萝卜王,200157,,,,,modbase,,,,,,,1,1,1,0,0,2,,,,,3,5,1,5,60,10,,,,,,,,,,,0,1,0,,1,,,,blocks.grass,blockd.grass,,,0,1,,c16e61,,,,,1,,1,15,15,,1,,,,2,,,,,,0,,17,0,1,,0,28,,
200160,餐盘,200160,,,,,modbase,,,4,,,,1,1,1,1,0,1,,,,,50,1,1,15,60,15,,,,,,,,,,,0,1,0,,1,,,,blocks.wood,blocks.wood,,,0,1,,c1a661,,,,,,,2,15,15,,1,,,,3,,,,,,0,,17,1,1,,0.5,,,
200161,野餐篮,200161,,,,,modbase,,,4,,,,1,1,1,1,0,1,,,,,50,1,1,15,60,15,,,,,,,,,,,0,1,0,,1,,,,blocks.wood,blocks.wood,,,0,1,,c1a661,,,,,,,2,15,15,,1,,,,3,,,,,,0,,17,1,1,,0.5,,,
200162,草木灰土坑,,,,,,plantash,,,, ,,,1,1,1,0,0,0,,,,,7,2.5,1,0,,0,,398,10000,0,0,398,10000,,,,2,15,0,,1,plantash,plantash_buryland,,blocks.grass,blockd.grass,,200162,3,1,,6c5a1a,,,,,,398,1,15,15,,1,,,,,,,,,,0,,255,0,1,,0,,1,
200163,粗制洒水器,200163,,,,,modbase,,,5,,,,1,1,1,0,0,2,,,,,7,3,1,0,0,0,,,,,,,,,,,2,1,0,,1,,,,blocks.stone,blockd.stone,blockd.stone,,2,1,,7c6037,,,,,,,1,15,15,,1,,,,,,,,,,0,,0,2,0,,0.5,26,,
200164,标准洒水器,200164,,,,,modbase,,,5,,,,1,1,1,0,0,2,,,,,7,5,1,0,0,0,,,,,,,,,,,2,1,0,,1,,,,blocks.stone,blockd.stone,blockd.stone,,2,2,,7c6037,,,,,,,1,15,15,,1,,,,,,,,,,0,,0,2,0,,0.5,26,,
200165,加强洒水器,200165,,,,,modbase,,,5,,,,1,1,1,0,0,2,,,,,7,7,1,0,0,0,,,,,,,,,,,2,1,0,,1,,,,blocks.stone,blockd.stone,blockd.stone,,2,3,,7c6037,,,,,,,1,15,15,,1,,,,,,,,,,0,,0,2,0,,0.5,26,,
200166,日光番茄作物,200166,,,,,modbase,,,,,,,1,1,1,1,0,0,,1,,1,0,5,1,15,100,10,,,,,,,,,,,0,1,0,,1,,,,blocks.grass,blockd.grass,,,0,1,,a10df7,,,,,1,,1,15,15,,1,,,,2,,,,,,0,,17,1,1,,0,,,
200167,日光番茄,200167,,,,,modbase,,,,,,,1,1,1,0,0,2,,,,,3,5,1,5,60,10,,,,,,,,,,,0,1,0,,1,,,,blocks.grass,blockd.grass,,,0,1,,a10df7,,,,,1,,1,15,15,,1,,,,2,,,,,,0,,17,0,1,,0,,,
200168,丰硕日光番茄,200168,,,,,modbase,,,,,,,1,1,1,0,0,2,,,,,3,5,1,5,60,10,,,,,,,,,,,0,1,0,,1,,,,blocks.grass,blockd.grass,,,0,1,,a10df7,,,,,1,,1,15,15,,1,,,,2,,,,,,0,,17,0,1,,0,,,
200169,杂交水稻作物,200169,,,,,modbase,,,,,,,1,0,0,1,3,0,,1,,1,0,0,1,15,100,10,,,,,,,,,,,0,1,0,,1,,,,blocks.grass,blockd.grass,,,0,1,,f7db0d,,,,,1,,0,15,15,,1,,,,2,,,,,,0,,17,1,1,,0,,,
200170,杂交水稻穗,200170,,,,,modbase,,,,,,,1,1,1,0,0,2,,,,,3,5,1,5,60,10,,,,,,,,,,,0,1,0,,1,,,,blocks.grass,blockd.grass,,,0,1,,f7db0d,,,,,1,,1,15,15,,1,,,,2,,,,,,0,,17,0,1,,0,,,
200171,丰硕杂交水稻穗,200171,,,,,modbase,,,,,,,1,1,1,0,0,2,,,,,3,5,1,5,60,10,,,,,,,,,,,0,1,0,,1,,,,blocks.grass,blockd.grass,,,0,1,,f7db0d,,,,,1,,1,15,15,,1,,,,2,,,,,,0,,17,0,1,,0,,,
200172,彩虹草莓作物,200172,,,,,modbase,,,,,,,1,0,0,1,3,0,,1,,1,0,0,1,15,100,10,,,,,,,,,,,0,1,0,,1,,,,blocks.grass,blockd.grass,,,0,1,,fa5b6f,,,,,1,,0,15,15,,1,,,,2,,,,,,0,,17,1,1,,0,30,,
200173,彩虹草莓,200173,,,,,modbase,,,,,,,1,1,1,0,0,2,,,,,3,5,1,5,60,10,,,,,,,,,,,0,1,0,,1,,,,blocks.grass,blockd.grass,,,0,1,,fa5b6f,,,,,1,,1,15,15,,1,,,,2,,,,,,0,,17,0,1,,0,30,,
200174,丰硕彩虹草莓,200174,,,,,modbase,,,,,,,1,1,1,0,0,2,,,,,3,5,1,5,60,10,,,,,,,,,,,0,1,0,,1,,,,blocks.grass,blockd.grass,,,0,1,,fa5b6f,,,,,1,,1,15,15,,1,,,,2,,,,,,0,,17,0,1,,0,30,,
200175,水晶西瓜作物,200175,,,,,modbase,,,,,,,1,1,1,1,3,0,,1,,1,0,0,1,15,100,10,,,,,,,,,,,0,1,0,,1,,,,blocks.grass,blockd.grass,,,0,1,,5bbffa,,,,,1,,1,15,15,,1,,,,2,,,,,,0,,17,1,1,,0,30,,
200176,水晶西瓜,200176,,,,,modbase,,,,,,,1,1,1,0,0,2,,,,,3,5,1,5,60,10,,,,,,,,,,,0,1,0,,1,,,,blocks.grass,blockd.grass,,,0,1,,5bbffa,,,,,1,,1,15,15,,1,,,,2,,,,,,0,,17,0,1,,0,30,,
200177,丰硕水晶西瓜,200177,,,,,modbase,,,,,,,1,1,1,0,0,2,,,,,3,5,1,5,60,10,,,,,,,,,,,0,1,0,,1,,,,blocks.grass,blockd.grass,,,0,1,,5bbffa,,,,,1,,1,15,15,,1,,,,2,,,,,,0,,17,0,1,,0,30,,
200178,丰硕水晶西瓜作物,200178,,,,,modbase,,,,,,,1,1,1,2,0,0,,1,,1,0,5,1,15,100,10,,200177,10000,11698,10000,,,,,,0,1,0,,1,,,,blocks.grass,blockd.grass,,200178,0,1,,5bbffa,,,,,1,,1,15,15,,1,,,,2,,,,,,0,,17,2,1,,0,30,,
200179,阳光青提作物,200179,,,,,modbase,,,,,,,1,1,1,1,0,0,,1,,1,0,5,1,15,100,10,,,,,,,,,,,0,1,0,,1,,,,blocks.grass,blockd.grass,,,0,1,,0df7a1,,,,,1,,1,15,15,,1,,,,2,,,,,,0,,17,1,1,,0,,,
200180,阳光青提,200180,,,,,modbase,,,,,,,1,1,1,0,0,2,,,,,3,5,1,5,60,10,,,,,,,,,,,0,1,0,,1,,,,blocks.grass,blockd.grass,,,0,1,,0df7a1,,,,,1,,1,15,15,,1,,,,2,,,,,,0,,17,0,1,,0,,,
200181,丰硕阳光青提,200181,,,,,modbase,,,,,,,1,1,1,0,0,2,,,,,3,5,1,5,60,10,,,,,,,,,,,0,1,0,,1,,,,blocks.grass,blockd.grass,,,0,1,,0df7a1,,,,,1,,1,15,15,,1,,,,2,,,,,,0,,17,0,1,,0,,,
200182,精致玉米作物,200182,,,,,modbase,,,,,,,1,0,0,1,3,0,,1,,1,0,0,1,15,100,10,,,,,,,,,,,0,1,0,,1,,,,blocks.grass,blockd.grass,,,0,1,,f7db0d,,,,,1,,0,15,15,,1,,,,2,,,,,,0,,17,1,1,,0,,,
200183,精致玉米,200183,,,,,modbase,,,,,,,1,1,1,0,0,2,,,,,3,5,1,5,60,10,,,,,,,,,,,0,1,0,,1,,,,blocks.grass,blockd.grass,,,0,1,,f7db0d,,,,,1,,1,15,15,,1,,,,2,,,,,,0,,17,0,1,,0,,,
200184,丰硕精致玉米,200184,,,,,modbase,,,,,,,1,1,1,0,0,2,,,,,3,5,1,5,60,10,,,,,,,,,,,0,1,0,,1,,,,blocks.grass,blockd.grass,,,0,1,,f7db0d,,,,,1,,1,15,15,,1,,,,2,,,,,,0,,17,0,1,,0,,,
200185,冰果作物,200185,,,,,modbase,,,,,,,1,0,0,1,3,0,,1,,1,0,0,1,15,100,10,,,,,,,,,,,0,1,0,,1,,,,blocks.grass,blockd.grass,,,0,1,,5bbffa,,,,,1,,0,15,15,,1,,,,2,,,,,,0,,17,1,1,,0,30,,
200186,冰果,200186,,,,,modbase,,,,,,,1,1,1,0,0,2,,,,,3,5,1,5,60,10,,,,,,,,,,,0,1,0,,1,,,,blocks.grass,blockd.grass,,,0,1,,5bbffa,,,,,1,,1,15,15,,1,,,,2,,,,,,0,,17,0,1,,0,30,,
200187,丰硕冰果,200187,,,,,modbase,,,,,,,1,1,1,0,0,2,,,,,3,5,1,5,60,10,,,,,,,,,,,0,1,0,,1,,,,blocks.grass,blockd.grass,,,0,1,,5bbffa,,,,,1,,1,15,15,,1,,,,2,,,,,,0,,17,0,1,,0,30,,
200188,丰硕冰果作物,200188,,,,,modbase,,,,,,,1,1,1,2,0,0,,1,,1,0,5,1,15,100,10,,,,,,,,,,,0,1,0,,1,,,,blocks.grass,blockd.grass,,,0,1,,5bbffa,,,,,1,,1,15,15,,1,,,,2,,,,,,0,,17,2,1,,0,30,,
200189,烈焰瓜作物,200189,,,,,modbase,,,,,,,1,1,1,1,3,0,,1,,1,0,0,1,0,0,10,,,,,,,,,,,0,1,0,,1,,,,blocks.grass,blockd.grass,,,0,1,,a10df7,,,,,1,,1,15,15,,1,,,,2,,,,,,0,,17,1,1,,0,,,
200190,烈焰瓜,200190,,,,,modbase,,,,,,,1,1,1,0,0,2,,,,,3,5,1,0,0,10,,,,,,,,,,,0,1,0,,1,,,,blocks.grass,blockd.grass,,,0,1,,a10df7,,,,,1,,1,15,15,,1,,,,2,,,,,,0,,17,0,1,,0,,,
200191,丰硕烈焰瓜,200191,,,,,modbase,,,,,,,1,1,1,0,0,2,,,,,3,5,1,0,0,10,,,,,,,,,,,0,1,0,,1,,,,blocks.grass,blockd.grass,,,0,1,,a10df7,,,,,1,,1,15,15,,1,,,,2,,,,,,0,,17,0,1,,0,,,
200192,丰硕烈焰瓜作物,200192,,,,,modbase,,,,,,,1,1,1,2,0,0,,1,,1,0,5,1,0,0,10,,,,,,,,,,,0,1,0,,1,,,,blocks.grass,blockd.grass,,,0,1,,a10df7,,,,,1,,1,15,15,,1,,,,2,,,,,,0,,17,2,1,,0,,,
200193,浆果丛作物（野外）,200193,,,,,modbase,,,,,,,1,0,0,1,3,0,,1,,1,0,5,1,15,100,10,,,,,,,,,,,0,1,0,,1,,,,blocks.grass,blockd.grass,,,0,1,,c16e61,,,,,1,,0,15,15,,1,,,,2,,,,,,0,,17,1,1,,0,,,
200194,沙棘作物（野外）,200194,,,,,modbase,,,,,,,1,0,1,1,3,0,,1,,1,0,5,1,15,100,10,,,,,,,,,,,0,1,0,,1,,,,blocks.grass,blockd.grass,,,0,1,,f7a10d,,,,,1,,0,15,15,,1,,,,2,,,,,,0,,17,1,1,,0,,,
200195,玉米作物（野外）,200195,,,,,modbase,,,,,,,1,0,0,1,3,0,,1,,1,0,0,1,15,100,10,,,,,,,,,,,0,1,0,,1,,,,blocks.grass,blockd.grass,,,0,1,,418129,,,,,1,,0,15,15,,1,,,,2,,,,,,0,,17,1,1,,0,,,
200196,独葵作物（野外）,200196,,,,,modbase,,,,,,,1,0,0,1,3,0,,1,,1,0,0,1,15,100,10,,,,,,,,,,,0,1,0,,1,,,,blocks.grass,blockd.grass,,,0,1,,06b273,,,,,1,,0,15,15,,1,,,,2,,,,,,0,,17,1,1,,0,,,
200197,水稻作物（野外）,200197,,,,,modbase,,,,,,,1,0,0,1,3,0,,1,,1,0,0,1,15,100,10,,,,,,,,,,,0,1,0,,1,,,,blocks.grass,blockd.grass,,,0,1,,f7db0d,,,,,1,,0,15,15,,1,,,,2,,,,,,0,,17,1,1,,0,,,
200198,莲藕作物（野外）,200198,,,,,modbase,,,,,,,1,0,0,1,3,0,,1,,1,0,0,1,15,100,10,,,,,,,,,,,0,1,0,,1,,,,blocks.grass,blockd.grass,,,0,1,,fcc6a5,,,,,1,,0,15,15,,1,,,,2,,,,,,0,,17,1,1,,0,,,
200199,胡萝卜作物（野外）,200199,,,,,modbase,,,,,,,1,0,0,1,3,0,,1,,1,0,0,1,15,100,10,,,,,,,,,,,0,1,0,,1,,,,blocks.grass,blockd.grass,,,0,1,,c16e61,,,,,1,,0,15,15,,1,,,,2,,,,,,0,,17,1,1,,0,,,
200200,冰焰双果披萨,200200,,,,,modbase,,,4,,,,1,1,1,0,0,2,,,,,3,2,1,5,60,10,,,,,,,,,,,0,1,0,,1,,,,blocks.cloth,blockd.cloth,,,0,1,,a10df7,,,,,,,1,15,15,,1,,,,3,,,,,,1,,17,0,1,,50,,,
200201,西瓜沙棘慕斯,200201,,,,,modbase,,,4,,,,1,1,1,0,0,2,,,,,3,2,1,5,60,10,,,,,,,,,,,0,1,0,,1,,,,blocks.cloth,blockd.cloth,,,0,1,,5bbffa,,,,,,,1,15,15,,1,,,,3,,,,,,1,,17,0,1,,20,,,
200202,阳光青提舒芙蕾,200202,,,,,modbase,,,4,,,,1,1,1,0,0,2,,,,,3,2,1,5,60,10,,,,,,,,,,,0,1,0,,1,,,,blocks.cloth,blockd.cloth,,,0,1,,70fa5b,,,,,,,1,15,15,,1,,,,3,,,,,,1,,17,0,1,,20,,,
200203,彩虹草莓千层,200203,,,,,modbase,,,4,,,,1,1,1,0,0,2,,,,,3,2,1,5,60,10,,,,,,,,,,,0,1,0,,1,,,,blocks.cloth,blockd.cloth,,,0,1,,f8112f,,,,,,,1,15,15,,1,,,,3,,,,,,1,,17,0,1,,30,,,
200204,汉堡,200204,,,,,modbase,,,4,,,,1,1,1,0,0,2,,,,,3,2,1,5,60,10,,,,,,,,,,,0,1,0,,1,,,,blocks.cloth,blockd.cloth,,,0,1,,fa965b,,,,,,,1,15,15,,1,,,,3,,,,,,1,,17,0,1,,20,,,
200205,青瓜鸡蛋饼,200205,,,,,modbase,,,4,,,,1,1,1,0,0,2,,,,,3,2,1,5,60,10,,,,,,,,,,,0,1,0,,1,,,,blocks.cloth,blockd.cloth,,,0,1,,70fa5b,,,,,,,1,15,15,,1,,,,3,,,,,,1,,17,0,1,,20,,,
200206,浆果松饼,200206,,,,,modbase,,,4,,,,1,1,1,0,0,2,,,,,3,2,1,5,60,10,,,,,,,,,,,0,1,0,,1,,,,blocks.cloth,blockd.cloth,,,0,1,,fa965b,,,,,,,1,15,15,,1,,,,3,,,,,,1,,17,0,1,,20,,,
200207,独葵蜂蜜饼干,200207,,,,,modbase,,,4,,,,1,1,1,0,0,2,,,,,3,2,1,5,60,10,,,,,,,,,,,0,1,0,,1,,,,blocks.cloth,blockd.cloth,,,0,1,,70fa5b,,,,,,,1,15,15,,1,,,,3,,,,,,1,,17,0,1,,20,,,
200208,葡萄干吐司,200208,,,,,modbase,,,4,,,,1,1,1,0,0,2,,,,,3,2,1,5,60,10,,,,,,,,,,,0,1,0,,1,,,,blocks.cloth,blockd.cloth,,,0,1,,70fa5b,,,,,,,1,15,15,,1,,,,3,,,,,,1,,17,0,1,,20,,,
200209,草莓蛋糕,200209,,,,,modbase,,,4,,,,1,1,1,0,0,2,,,,,3,2,1,5,60,10,,,,,,,,,,,0,1,0,,1,,,,blocks.cloth,blockd.cloth,,,0,1,,f8112f,,,,,,,1,15,15,,1,,,,3,,,,,,1,,17,0,1,,20,,,
200210,牛角包,200210,,,,,modbase,,,4,,,,1,1,1,0,0,2,,,,,3,2,1,5,60,10,,,,,,,,,,,0,1,0,,1,,,,blocks.cloth,blockd.cloth,,,0,1,,70fa5b,,,,,,,1,15,15,,1,,,,3,,,,,,1,,17,0,1,,20,,,
200211,面包,200211,,,,,modbase,,,4,,,,1,1,1,0,0,2,,,,,3,2,1,5,60,10,,,,,,,,,,,0,1,0,,1,,,,blocks.cloth,blockd.cloth,,,0,1,,70fa5b,,,,,,,1,15,15,,1,,,,3,,,,,,1,,17,0,1,,20,,,
200212,超级米发糕,200212,,,,,modbase,,,4,,,,1,1,1,0,0,2,,,,,3,2,1,5,60,10,,,,,,,,,,,0,1,0,,1,,,,blocks.cloth,blockd.cloth,,,0,1,,fff7f3,,,,,,,1,15,15,,1,,,,3,,,,,,1,,17,0,1,,20,,,
200213,日光番茄佛卡夏,200213,,,,,modbase,,,4,,,,1,1,1,0,0,2,,,,,3,2,1,5,60,10,,,,,,,,,,,0,1,0,,1,,,,blocks.cloth,blockd.cloth,,,0,1,,f8112f,,,,,,,1,15,15,,1,,,,3,,,,,,1,,17,0,1,,20,,,
200214,胡萝卜南瓜盅,200214,,,,,modbase,,,4,,,,1,1,1,0,0,2,,,,,3,2,1,5,60,10,,,,,,,,,,,0,1,0,,1,,,,blocks.cloth,blockd.cloth,,,0,1,,f8650f,,,,,,,1,15,15,,1,,,,3,,,,,,1,,17,0,1,,20,,,
200215,莲藕核桃糕,200215,,,,,modbase,,,4,,,,1,1,1,0,0,2,,,,,3,2,1,5,60,10,,,,,,,,,,,0,1,0,,1,,,,blocks.cloth,blockd.cloth,,,0,1,,70fa5b,,,,,,,1,15,15,,1,,,,3,,,,,,1,,17,0,1,,20,,,
200216,木餐盘,200216,,,,,modbase,,,4,,,,1,1,1,1,0,2,,,,,50,2,1,15,60,15,,,,,,,,,,,0,1,0,,1,,,,blocks.wood,blocks.wood,,,0,1,,f8650f,,,,,,,2,15,15,,1,,,,3,,,,,,0,,17,2,0,,0.5,,,
200217,高脚餐盘,200217,,,,,modbase,,,4,,,,1,1,1,1,0,2,,,,,50,2,1,15,60,15,,,,,,,,,,,0,1,0,,1,,,,blocks.wood,blocks.wood,,,0,1,,f8650f,,,,,,,2,15,15,,1,,,,3,,,,,,0,,17,2,0,,0.5,,,
200218,餐点展示柜,200218,,,,,modbase,,,4,,,,1,1,1,1,0,2,,,,,50,2,1,15,60,15,,,,,,,,,,,0,1,0,,1,,,,blocks.wood,blocks.wood,,,0,1,,f8650f,,,,,1,,1,15,15,,1,,1,,3,,,,,,0,,17,2,0,,0,26,,
200219,南瓜作物（野外）,200219,,,,,modbase,,,,,,,1,0,0,1,3,0,,1,,1,0,0,1,15,100,10,,,,,,,,,,,0,1,0,,1,,,,blocks.grass,blockd.grass,,,0,1,,f4ac2e,,,,,1,,0,15,15,,1,,,,2,,,,,,0,,17,1,1,,0,,,
200220,玉米垛,200220,,,,,modbase,,,4,,,,1,1,1,1,0,2,,,,,50,2,1,15,60,15,,,,,,,,,,,0,1,0,,1,,,,blocks.wood,blocks.wood,,,0,1,,f8650f,,,,,,,1,15,15,,1,,,,3,,,,,,0,,17,2,0,,0.5,,,
200221,囤积箱,200221,,,,,modbase,,,4,,,,1,1,1,1,0,2,,,,,50,2,1,15,60,15,,,,,,,,,,,0,1,0,,1,,,,blocks.wood,blocks.wood,,,0,1,,f8650f,,,,,,,1,15,15,,1,,,,3,,,,,,0,,17,2,0,,0.5,,,
200222,囤积桶,200222,,,,,modbase,,,4,,,,1,1,1,1,0,2,,,,,50,2,1,15,60,15,,,,,,,,,,,0,1,0,,1,,,,blocks.wood,blocks.wood,,,0,1,,f8650f,,,,,,,1,15,15,,1,,,,3,,,,,,0,,17,2,0,,0.5,,,
200223,饺子,200223,,,,,modbase,,,4,,,,1,1,1,0,0,2,,,,,3,2,1,5,60,10,,,,,,,,,,,0,1,0,,1,,,,blocks.cloth,blockd.cloth,,,0,1,,70fa5b,,,,,,,1,15,15,,1,,,,3,,,,,,1,,17,0,1,,20,,,
200224,汤圆,200224,,,,,modbase,,,4,,,,1,1,1,0,0,2,,,,,3,2,1,5,60,10,,,,,,,,,,,0,1,0,,1,,,,blocks.cloth,blockd.cloth,,,0,1,,70fa5b,,,,,,,1,15,15,,1,,,,3,,,,,,1,,17,0,1,,20,,,
200225,南瓜块,,,,,,log,,,4,,,,1,1,1,0,0,2,,,,1,16,9,1,5,10,0,,200225,10000,0,0,200225,10000,,,,0,1,0,,1,block_pumpkin,,,blocks.wood,blockd.wood,,200225,1,1,,f4ac2e,,,,,4,,1,15,15,,1,,,1,3,,,,,,2,,17,0,1,,0,,1,
200226,西瓜块,,,,,,log,,,4,,,,1,1,1,0,0,2,,,,1,16,9,1,5,10,0,,200226,10000,0,0,200226,10000,,,,0,1,0,,1,block_watermelon,,,blocks.wood,blockd.wood,,200226,1,1,,06b273,,,,,4,,1,15,15,,1,,,1,3,,,,,,2,,17,0,1,,0,,1,
200227,番茄块,,,,,,log,,,4,,,,1,1,1,0,0,2,,,,1,16,9,1,5,10,0,,200227,10000,0,0,200227,10000,,,,0,1,0,,1,block_tomato,,,blocks.wood,blockd.wood,,200227,1,1,,c16e61,,,,,4,,1,15,15,,1,,,1,3,,,,,,2,,17,0,1,,0,,1,
200228,胡萝卜块,,,,,,log,,,4,,,,1,1,1,0,0,2,,,,1,16,9,1,5,10,0,,200228,10000,0,0,200228,10000,,,,0,1,0,,1,block_carrot,,,blocks.wood,blockd.wood,,200228,1,1,,c16e61,,,,,4,,1,15,15,,1,,,1,3,,,,,,2,,17,0,1,,0,,1,
200229,草莓块,,,,,,log,,,4,,,,1,1,1,0,0,2,,,,1,16,9,1,5,10,0,,200229,10000,0,0,200229,10000,,,,0,1,0,,1,block_strawberry,,,blocks.wood,blockd.wood,,200229,1,1,,fa5b6f,,,,,4,,1,15,15,,1,,,1,3,,,,,,2,,17,0,1,,0,,1,
200230,葡萄块,,,,,,log,,,,,,,1,1,1,0,0,2,,,,1,16,9,1,5,10,0,,200230,10000,0,0,200230,10000,,,,0,1,0,,1,block_grape,,,blocks.wood,blockd.wood,,200230,1,1,,a10df7,,,,,4,,1,15,15,,1,,,1,3,,,,,,2,,17,0,1,,0,,1,
200231,200231-200360/26暑期方块预留,,,,,,,,,,,,,,,,,,,,,,,,,,,,,,,,,,,,,,,,,,,,,,,,,,,,,,,,,,,,,,,,,,,,,,,,,,,,,,,,,,,,
200232,蘑古岩,,,,,,basic,1,3,3,,,,1,1,1,0,0,2,,,,1,100,7,1,0,,0,,200232,10000,0,0,200232,10000,,,,2,15,0,,1,blue_rock,,,blocks.stone,blocks.stone,,200232,2,3,,263235,,,,,,,1,15,15,,6,,,10,,,,,,,0,,255,0,1,,0.2,,1,
200233,长草蘑古岩,,,,,,basic,1,3,3,,,,1,1,1,0,0,2,,,,1,100,6,1,0,,0,,200233,10000,0,0,200233,10000,,,,2,15,0,,1,grass_blue_rock,,,blocks.stone,blocks.stone,,200233,2,3,,263235,,,,,,,1,15,15,,6,,,10,,,,,,,0,,255,0,1,,0.2,,1,
200234,粗制蘑古砖,,,,,,basic,1,4,4,,,,1,1,1,0,0,2,,,,1,100,15,1,0,,0,,200234,10000,0,0,200234,10000,,,,2,15,0,,1,ink_bl1ack,,,blocks.stone,blocks.stone,,200234,2,3,,263235,,,,,,,1,15,15,,6,,,10,,,,,,,0,,255,0,1,,0.2,,1,
200235,不规则蘑古砖,,,,,,basic,1,4,4,,,,1,1,1,0,0,2,,,,1,100,15,1,0,,0,,200235,10000,0,0,200235,10000,,,,2,15,0,,1,small_blue_rock_brick,,,blocks.stone,blocks.stone,,200235,2,3,,263235,,,,,,,1,15,15,,6,,,10,,,,,,,0,,255,0,1,,0.2,,1,
200236,棱纹蘑古砖,,,,,,basic,1,4,4,,,,1,1,1,0,0,2,,,,1,100,15,1,0,,0,,200236,10000,0,0,200236,10000,,,,2,15,0,,1,blue_rock_patterned_brick,,,blocks.stone,blocks.stone,,200236,2,3,,263235,,,,,,,1,15,15,,6,,,10,,,,,,,0,,255,0,1,,0.2,,1,
200237,密文蘑古砖,,,,,,basic,1,4,4,,,,1,1,1,0,0,2,,,,1,100,15,1,0,,0,,200237,10000,0,0,200237,10000,,,,2,15,0,,1,blue_rock_cipher_brick,,,blocks.stone,blocks.stone,,200237,2,3,,263235,,,,,,,1,15,15,,6,,,10,,,,,,,0,,255,0,1,,0.2,,1,
200238,竖纹蘑古砖,,,,,,basic,1,4,4,,,,1,1,1,0,0,2,,,,1,100,15,1,0,,0,,200238,10000,0,0,200238,10000,,,,2,15,0,,1,blue_rock_half_brick,,,blocks.stone,blocks.stone,,200238,2,3,,263235,,,,,,,1,15,15,,6,,,10,,,,,,,0,,255,0,1,,0.2,,1,
200239,花横蘑古砖,,,,,,basic,1,4,4,,,,1,1,1,0,0,2,,,,1,100,15,1,0,,0,,200239,10000,0,0,200239,10000,,,,2,15,0,,1,blue_rock_striped_brick,,,blocks.stone,blocks.stone,,200239,2,3,,263235,,,,,,,1,15,15,,6,,,10,,,,,,,0,,255,0,1,,0.2,,1,
200240,四格暗岩砖,,,,,,basic,1,4,4,,,,1,1,1,0,0,2,,,,1,100,15,1,0,,0,,200240,10000,0,0,200240,10000,,,,2,15,0,,1,dark_rock_brick1,,,blocks.stone,blocks.stone,,200240,2,3,,413250,,,,,,,1,15,15,,6,,,10,,,,,,,0,,255,0,1,,0.2,,1,
200241,魔古砂岩,,,,,,basic,1,3,3,,,,1,1,1,0,0,2,,,,1,100,4,1,0,,0,,200241,10000,0,0,200241,10000,,,,2,15,0,,1,mogu_sandstone,,,blocks.stone,blocks.stone,,200241,2,3,,766253,,,,,,,1,15,15,,6,,,10,,,,,,,0,,255,0,1,,0.2,,1,
200242,裂化魔古岩,200242,,,,,basic,1,3,3,,,,1,1,1,0,0,2,,,,1,100,5,1,0,,0,,200242,10000,0,0,200242,10000,,,,2,15,12,,1,mogu_cracked,,,blocks.stone,blocks.stone,,200242,2,5,,413250,,,,,,,1,15,15,,6,,,10,,,,,,,0,efcefd,255,0,1,,0.2,26,1,
200243,棱纹魔古砖,,,,,,basic,1,4,4,,,,1,1,1,0,0,2,,,,1,100,15,1,0,,0,,200243,10000,0,0,200243,10000,,,,2,15,0,,1,mogu_patternedbrick,,,blocks.stone,blocks.stone,,200243,2,5,,413250,,,,,,,1,15,15,,6,,,10,,,,,,,0,,255,0,1,,0.2,,1,
200244,多格魔古砖,,,,,,basic,1,4,4,,,,1,1,1,0,0,2,,,,1,100,15,1,0,,0,,200244,10000,0,0,200244,10000,,,,2,15,0,,1,magic-kyanite_block,,,blocks.stone,blocks.stone,,200244,2,5,,413250,,,,,,,1,15,15,,6,,,10,,,,,,,0,,255,0,1,,0.2,,1,
200245,四格魔古砖,,,,,,basic,1,4,4,,,,1,1,1,0,0,2,,,,1,100,15,1,0,,0,,200245,10000,0,0,200245,10000,,,,2,15,0,,1,magic-Planetstonebrick,,,blocks.stone,blocks.stone,,200245,2,5,,413250,,,,,,,1,15,15,,6,,,10,,,,,,,0,,255,0,1,,0.2,,1,
200247,蘑古土块,,,,,,soil,1,3,3,,,,1,1,1,0,0,0,,,,1,7,2.5,1,0,,0,,200247,10000,0,0,200247,10000,,,,1,15,0,,1,fine_dirt_block,,,blocks.gravel,blockd.gravel,,200247,3,1,,967331,,,,,,,1,15,15,,6,,,,,,,,,,0,,255,0,1,,0.2,,1,
200248,符文祭坛,,,,,,runealtar,1,4,4,,,,1,1,1,0,0,0,,,,,50,25,1,0,,0,,200248,10000,0,0,200248,10000,,,,2,15,0,,1,altar,,200248,blocks.stone,blocks.stone,,200248,2,5,,5d636a,,,,,,,1,15,15,,6,,,20,,,,,,,0,,255,0,1,,0.2,26,,
200249,星尘传送门,,,,,,spaceportal,,4,4,,,,1,0,1,2,3,1,,,,,50,10,1,0,,0,,200249,10000,0,0,200249,10000,,,,3,1,5,,1,SpacePortal,,,blocks.stone,blocks.stone,blockd.stone,200249,0,5,,9783d2,,,,,1,,0,8,0,,1,,,10,,,,,,,0,8d5cd0,17,2,1,commonglass_mix,0.2,,,
200250,暗影铁栏,,,,,,newfence,,4,4,,,,1,1,1,0,0,0,,,,,50,25,1,0,,0,,200250,10000,0,0,200250,10000,,,,0,1,0,,1,darkmetalfence,darkmetalfence,,blocks.wood,blockd.wood,,200250,2,4,,5d636a,,,,,,,6,15,15,,1,,,10,,,,,,,,,0,0,1,,0.2,26,,2
200251,破损的祭坛,,,,,,runealtar,,4,4,,,,1,1,1,0,0,0,,,,,50,25,1,0,,0,,200251,10000,0,0,200251,10000,,,,2,15,0,,1,altar,,200248,blocks.stone,blocks.stone,,200251,2,5,,5d636a,,,,,,,1,15,15,,6,,,20,,,,,,,0,,255,0,1,,0.2,26,,
200252,神秘的岩石,,,,,,basic,0,0,0,,,,1,1,1,0,0,2,,,,,100,1,1,0,,0,,0,0,0,0,0,0,,,,2,15,0,,1,dark_rock,,,blocks.stone,blocks.stone,,0,0,1,,3b3240,,,,,1,,1,15,15,,6,,,10,,,,,,,0,,255,0,1,,0.2,,,
200253,幻觉菇,,IllusionMushroom,IllusionMushroom,,,modbase,,1,1,,,,1,0,0,1,3,0,,1,,,1,0.3,1,10,100,10,,200253,10000,0,0,200253,10000,,,,0,1,0,,1,IllusionMushroom,IllusionMushroom,,,blockd.grass,,200253,0,1,,dd14e4,0.1,,1,,,,0,15,15,,1,,,,1,,,,,,0,,17,1,1,,0.2,,,
200254,荧菇,200254,LuminousMushroom,LuminousMushroom,,,modbase,,1,1,,,,1,0,0,1,3,1,,1,,,1,0.3,1,10,100,10,,200254,10000,0,0,200254,10000,,,,0,1,4,,1,luminous_mushroom,luminous_mushroom,,blocks.grass,blockd.grass,blockd.grass,200254,0,1,,,,,1,,,,0,15,15,,1,,,,4,,,,,,0,cff9fa,17,1,1,,0.2,,,
200255,小星影树果实,,SmallStarshadeFruit,SmallStarshadeFruit,,,grayleafmodel,,1,1,,,,1,1,0,1,0,2,,,,,3,3,1,15,60,15,,11711,10000,,,11711,10000,,,,0,1,8,1,1,SmallStarshadeFruit,SmallStarshadeFruit,,blocks.grass,blockd.grass,,200255,1,1,,a6c8ff,1,,1,,,,1,15,15,,1,,,1,3,,,,,,1,7eb6ff,170,0,1,,0.2,,,
200256,星影树果实,,LargeStarshadeFruit,LargeStarshadeFruit,,,grayleafmodel,,1,1,,,,1,1,0,1,0,2,,,,,3,3,1,15,60,15,,11712,10000,,,11712,10000,,,,0,1,12,1,1,LargeStarshadeFruit,LargeStarshadeFruit,,blocks.grass,blockd.grass,,200256,1,1,,7a9aff,2,,1,,,,1,15,15,,1,,,1,3,,,,,,1,7eb6ff,170,0,1,,0.2,,,
200257,菇排,200257,MushroomSteak,,,,modbase,,4,4,,,,1,1,1,0,0,2,,,,,3,2,1,5,60,10,,200257,10000,,,200257,10000,,,,0,1,0,,1,MushroomSteak,MushroomSteak,,blocks.cloth,blockd.cloth,,200257,0,1,,70fa5b,,,,,,,1,15,15,,1,,,,3,,,,,,1,,17,0,1,,20,,,
200258,炸蘑菇,200258,FriedMushroom,,,,modbase,,4,4,,,,1,1,1,0,0,2,,,,,3,2,1,5,60,10,,200258,10000,,,200258,10000,,,,0,1,0,,1,FriedMushroom,FriedMushroom,,blocks.cloth,blockd.cloth,,200258,0,1,,70fa5b,,,,,,,1,15,15,,1,,,,3,,,,,,1,,17,0,1,,20,,,
200259,荧菇炖汤,200259,GlowMushroomStew,,,,modbase,,4,4,,,,1,1,1,0,0,2,,,,,3,2,1,5,60,10,,200259,10000,,,200259,10000,,,,0,1,0,,1,GlowMushroomStew,GlowMushroomStew,,blocks.cloth,blockd.cloth,,200259,0,1,,70fa5b,,,,,,,1,15,15,,1,,,,3,,,,,,1,,17,0,1,,20,,,
200260,星光面包,200260,StarlightBread,,,,modbase,,4,4,,,,1,1,1,0,0,2,,,,,3,2,1,5,60,10,,200260,10000,,,200260,10000,,,,0,1,0,,1,StarlightBread,StarlightBread,,blocks.cloth,blockd.cloth,,200260,0,1,,70fa5b,,,,,,,1,15,15,,1,,,,3,,,,,,1,,17,0,1,,20,,,
200261,星辉花饼,200261,StarlightFlowerPie,,,,modbase,,4,4,,,,1,1,1,0,0,2,,,,,3,2,1,5,60,10,,200261,10000,,,200261,10000,,,,0,1,0,,1,StarlightFlowerPie,StarlightFlowerPie,,blocks.cloth,blockd.cloth,,200261,0,1,,70fa5b,,,,,,,1,15,15,,1,,,,3,,,,,,1,,17,0,1,,20,,,
200262,荧藻冻,200262,GlowAlgaeJelly,,,,modbase,,4,4,,,,1,1,1,0,0,2,,,,,3,2,1,5,60,10,,200262,10000,,,200262,10000,,,,0,1,0,,1,,,,blocks.cloth,blockd.cloth,,200262,0,1,,70fa5b,,,,,,,6,15,15,,1,,,,3,,,,,,1,,17,0,1,,20,,,
200263,星斑炸猪排,200263,StarSpottedBoarSteak,,,,modbase,,4,4,,,,1,1,1,0,0,2,,,,,3,2,1,5,60,10,,200263,10000,,,200263,10000,,,,0,1,0,,1,StarSpottedBoarSteak,StarSpottedBoarSteak,,blocks.cloth,blockd.cloth,,200263,0,1,,70fa5b,,,,,,,1,15,15,,1,,,,3,,,,,,1,,17,0,1,,20,,,
200264,星辉古树果实,,StarLightFruitBlock,StarLightFruitBlock,,,grayleafmodel,,1,1,,,,1,1,0,1,0,2,,,,,3,10,1,15,60,15,,11715,10000,,,11715,10000,,,,0,1,12,1,1,starlightfruit,starlightfruit,,blocks.grass,blockd.grass,,200264,1,1,,a6c8ff,1,,1,,,,1,15,15,,1,,,1,3,,,,,,1,dfc568,170,0,1,,0.2,,,2
200369,密封的木门,,SealedWoodendoor,SealedWoodendoor,,,basic_model,1,4,4,,,,1,1,3,0,0,1,,,,,30,8,1,1,10,2,,200369,10000,0,0,200369,10000,,,,0,1,0,,1,sealed_woodendoor,sealed_woodendoor,,blocks.wood,blocks.wood,,200369,1,1,,c1a661,,,,,,,1,15,15,,1,,,10,,,,,,,1,,17,0,1,,0.2,,1,
200370,木箱,,LockedWoodenBox,LockedWoodenBox,,,chest,1,4,4,,,,1,1,3,0,0,2,,,,,75,12,1,0,,0,,200370,10000,0,0,200370,10000,,,,0,1,0,,1,locked_woodenbox,locked_woodenbox,,blocks.wood,blocks.wood,,200370,1,1,,c1a661,,,,,,,1,15,15,,1,,,10,,,,,,,1,,17,0,1,,0.5,,1,
200371,蜡烛灯,,BaseCandle,BaseCandle,,,fluorescentlamp,1,4,4,,,,1,0,3,1,0,1,,,,,75,0,1,0,,0,,200371,10000,0,0,200371,10000,,,,0,1,8,,1,base_candle,base_candle,,blocks.wood,blocks.wood,,200371,,,,c1a661,,,,,,,0,15,15,,1,,,,3,,,,,,1,eaae2d,17,1,0,,0.5,,,
200375,木板凳,,BaseChair,BaseChair,,,chair,3,4,,,,,1,1,1,0,0,2,,,,,25,6,1,2,20,2,,200375,10000,0,0,200375,10000,,,,2,1,0,,1,base_bench,base_bench,,blocks.wood,blockd.wood,,200375,1,1,,c1a661,,,,,4,,0,15,15,,1,,,1,3,,,,,,1,,17,0,0,,0.5,,1,
200376,木桌子,,BaseTable,BaseTable,,,baseTable,3,4,,,,,1,1,1,0,0,2,,,,,25,6,1,2,20,2,,200376,10000,0,0,200376,10000,,,,2,1,0,,1,base_table,base_table,,blocks.wood,blockd.wood,,200376,1,1,,c1a661,,,,,,,1,15,15,,1,,,1,,,,,,,2,,17,0,0,,0.5,,1,
200377,木沙发,,BaseSofa,BaseSofa,,,chair,3,4,,,,,1,1,1,0,0,2,,,,,25,6,1,2,20,2,,200377,10000,0,0,200377,10000,,,,2,1,0,,1,base_sofa,base_sofa,,blocks.wood,blockd.wood,,200377,1,1,,c1a661,,,,,4,,0,15,15,,1,,,1,3,,,,,,1,,17,0,0,,0.5,,1,
200378,壁炉,,BaseFireplace,BaseFireplace,,,smelter,3,4,,,,,1,1,1,0,0,2,,,,,50,18,1,0,,0,,200378,10000,0,0,200378,10000,,,,2,1,0,,1,base_fireplace,base_fireplace,,blocks.wood,blockd.wood,,200378,2,1,,84684c,,,,,4,,1,15,15,7,1,,,10,3,,,,,,1,,17,0,1,,0.5,26,1,
200379,木柜子,,BaseCabinet,BaseCabinet,,,chest,1,4,,,,,1,1,1,2,0,2,,,,,25,6,1,2,20,2,,200379,10000,0,0,200379,10000,,,,2,1,0,,1,base_cabinet,base_cabinet,,blocks.wood,blockd.wood,,200379,1,1,,c1a661,,,,,4,,1,15,15,,1,,,1,,,,,,,1,,17,0,1,,0.5,26,1,
200380,虚空菇柄,,Bamboo,Bamboo,,,voidmushroom,1,1,1,,,,1,1,1,1,0,2,,,,,10,6,1,5,10,10,,200380,10000,0,0,200380,10000,,,,2,1,6,,1,voidmushroom_stalks1,,,blocks.wood,blockd.wood,,200380,1,1,,e8d6fa,,,,,,,1,15,15,,1,,,1,2,,,,,,0,9caad9,17,1,0,,0.2,,,2
200381,虚空菇伞,,BambooLeaves,BambooLeaves,,,voidmushroomcap,1,1,1,,,,1,1,3,0,0,2,,,,,10,6,1,5,10,10,,200381,10000,0,0,200381,10000,,,,2,1,6,,1,voidmushroom_surface,,,,blockd.grass,,200381,1,1,,7d19e0,,,,,,,1,15,15,,1,,,1,2,,,,,,0,7725d3,17,0,1,,0.2,,,
200382,虚空果实,,VoidFruit,VoidFruit,,,voidModelCherry,,,,,,,1,0,0,1,3,0,,,,,1,3,1,15,100,15,,200382,10000,0,0,200382,10000,,,,0,1,4,,1,void_gs,void_gs,,,blockd.grass,,200382,1,1,,00008B,,,,,,,0,15,15,,1,,,10,2,,,,,,0,bb95cb,17,1,0,,0.2,,,2
200383,虚空果实预留,,VoidFruit,VoidFruit,,,voidModelLarch,,,,,,,1,0,0,1,3,0,,,,,1,3,1,15,100,15,,200382,10000,0,0,200382,10000,,,,0,1,4,,1,void_gs,void_gs,,,blockd.grass,,200382,1,1,,00008B,,,,,,,0,15,15,,1,,,10,2,,,,,,0,,17,1,0,,0,,,2
200384,虚空果实预留,,VoidFruit,VoidFruit,,,voidModelArbor,,,,,,,1,0,0,1,3,0,,,,,1,3,1,15,100,15,,200382,10000,0,0,200382,10000,,,,0,1,4,,1,void_gs,void_gs,,,blockd.grass,,200382,1,1,,00008B,,,,,,,0,15,15,,1,,,10,2,,,,,,0,,17,1,0,,0,,,2
200385,虚空果实预留,,VoidFruit,VoidFruit,,,voidModelCedar,,,,,,,1,0,0,1,3,0,,,,,1,3,1,15,100,15,,200382,10000,0,0,200382,10000,,,,0,1,4,,1,void_gs,void_gs,,,blockd.grass,,200382,1,1,,00008B,,,,,,,0,15,15,,1,,,10,2,,,,,,0,,17,1,0,,0,,,2
200386,虚空果实预留,,VoidFruit,VoidFruit,,,voidModelWalnut,,,,,,,1,0,0,1,3,0,,,,,1,3,1,15,100,15,,200382,10000,0,0,200382,10000,,,,0,1,4,,1,void_gs,void_gs,,,blockd.grass,,200382,1,1,,00008B,,,,,,,0,15,15,,1,,,10,2,,,,,,0,,17,1,0,,0,,,2
200387,虚空果实预留,,VoidFruit,VoidFruit,,,voidModelPeach,,,,,,,1,0,0,1,3,0,,,,,1,3,1,15,100,15,,200382,10000,0,0,200382,10000,,,,0,1,4,,1,void_gs,void_gs,,,blockd.grass,,200382,1,1,,00008B,,,,,,,0,15,15,,1,,,10,2,,,,,,0,,17,1,0,,0,,,2
200388,虚空果实预留,,VoidFruit,VoidFruit,,,voidModelWhiteYang,,,,,,,1,0,0,1,3,0,,,,,1,3,1,15,100,15,,200382,10000,0,0,200382,10000,,,,0,1,4,,1,void_gs,void_gs,,,blockd.grass,,200382,1,1,,00008B,,,,,,,0,15,15,,1,,,10,2,,,,,,0,,17,1,0,,0,,,2
200390,虚空果木,,VoidFruitTree,VoidFruitTree,,,objtree,1,1,1,,,,1,1,1,0,0,0,,,,,25,12,1,9,60,10,,11323,20000,0,0,11323,20000,,,,2,1,0,,1,log_voidtree,tree,,blocks.wood,blockd.grass,,200390,1,1,,0b0b64,,,,,4,,1,15,15,,1,,,10,,,,,,,0,,17,0,1,,0.2,,1,2
200391,虚空果木树叶,,VoidFruitTreeLeaves,VoidFruitTreeLeaves,,,grayleaf,1,1,1,,,,1,1,1,0,0,0,,,,,2,0,1,9,60,10,,11226,1500,0,0,11226,1500,,,,0,1,0,,1,leaves_voidtree,,,blocks.wood,blockd.grass,,200391,0,1,,0b0b64,,,,,,,0,15,15,,1,,,,4,,,block_knock_sy_1,block_knock_sy_2,,0,,17,0,1,,0.2,,,2
200392,细虚空果木树枝,,ThinVoidFruitTreeBranches,ThinVoidFruitTreeBranches,,,branch,1,1,1,,,,1,1,1,0,0,0,,,,,2,0.5,1,9,60,10,,11323,2000,0,0,11323,2000,,,,0,1,0,,1,log_voidtree,branchthin,,blocks.wood,blockd.wood,,200392,1,1,,0b0b64,,,,,,,1,15,15,,1,,,1,,,,,,,0,,17,0,1,,0.2,,,2
200394,虚空风铃花种子,,VoidBellflowersSeed,VoidBellflowersSeed,,,voidHerbSeedBellFlower,,1,1,200395,,,1,0,0,1,3,0,,,2|48|48,,2,0,1,5,60,10,,200394,10000,0,0,200394,10000,,,,0,1,0,,1,void_bellflowers,voidbellflowerseed,,,blockd.grass,,200394,0,1,,c28907,,,,,,,0,15,15,,1,,,,2,0,,,,,0,,17,1,0,,0.2,,,
200395,虚空风铃花,,VoidBellflowers,VoidBellflowers,,,voidBellFlower,1,1,1,,,,1,0,0,1,3,0,,,,,2,0,1,5,60,10,,200395,10000,0,0,200395,10000,,,,0,1,5,,2,void_gs,,,,blockd.grass,,200395,1,1,,c28907,,,,,,,0,15,15,,1,,,1,2,0,,,,,0,,17,1,0,,0.2,,,2
200396,虚空龙爪草种子,,VoidDragonGrassSeed,VoidDragonGrassSeed,,,voidHerbSeedDragonFlower,,1,1,200397,,,1,0,0,1,3,0,,,2|48|48,,1,0,1,15,100,15,,200396,10000,0,0,200396,10000,,,,0,1,0,,1,void_dragongrass,voiddragongrassseed,,,blockd.grass,,305,0,1,,9e6b06,,,,,,,0,15,15,,1,4,,,2,0,,,,,0,,17,1,0,,0.2,,,
200397,虚空龙爪草,,VoidDragonGrass,VoidDragonGrass,,,voidDragonFlower,,1,1,,,,1,0,0,1,3,0,,,,,2,0,1,1,100,15,,200397,10000,0,0,200397,10000,,,,0,1,5,,1,void_gs,,,,blockd.grass,,200397,1,1,,9e6b06,,,,,,,0,15,15,,1,,,1,2,0,,,,,0,b168d0,17,1,0,,0.2,,,2
200398,虚空星辰花,,VoidStarFlower,VoidStarFlower,,,voidModelStarFlower,1,1,1,,,,1,0,0,1,3,0,,,,,2,0,1,5,60,10,,200398,10000,0,0,200398,10000,,,,0,1,5,,1,void_starflower,,,,blockd.grass,,200398,0,1,,c2c000,,,,,,,0,15,15,,1,,,,2,,,,,,0,b168d0,17,1,0,,0.2,,,2
200399,虚空若兰,,VoidRuolan,VoidRuolan,,,voidModelRuolan,1,1,1,,,,1,0,0,1,3,0,,,,,2,0,1,5,60,10,,200399,10000,0,0,200399,10000,,,,0,1,5,,1,void_ruolan,,,,blockd.grass,,200399,0,1,,e59bbb,,,,,,,0,15,15,,1,,,,2,,,,,,0,b168d0,17,1,0,,0.2,,,2
200400,虚空龙血花,,VoidDragonFlower,VoidDragonFlower,,,voidModelDragonFlower,1,1,1,,,,1,0,0,1,3,0,,,,,2,0,1,5,60,10,,200400,10000,0,0,200400,10000,,,,0,1,5,,1,void_dragonflower,agave,,,blockd.grass,,200400,0,1,,b12a0d,,,,,,,0,15,15,,1,,,,2,,,,,,0,b168d0,17,1,0,,0.2,,,2
200401,虚空龙血树,,VoidDragonTree,VoidDragonTree,,,voidModelDragonTree,,1,1,,,,1,0,0,1,3,0,,,,,2,0,1,5,60,10,,200401,10000,0,0,200401,10000,,,,0,1,5,,1,void_dragontree,dragontree,,,blockd.grass,,200401,0,1,,e99416,,,,,,,0,15,15,,1,,,,2,,,,,,0,b168d0,17,1,0,,0.2,,,2
200402,虚空风信子,,VoidHyacinth,VoidHyacinth,,,voidModelHyacinth,1,1,1,,,,1,0,0,1,3,0,,,,,2,0,1,5,60,10,,200402,10000,0,0,200402,10000,,,,0,1,5,,1,void_hyacinth,,,,blockd.grass,,200402,0,1,,4796ba,,,,,,,0,15,15,,1,,,,2,,,,,,0,b168d0,17,1,0,,0.2,,,2
200403,虚空黄钟花,,VoidYellowFlower,VoidYellowFlower,,,voidModelYellowFlower,1,1,1,,,,1,0,0,1,3,0,,,,,2,0,1,5,60,10,,200403,10000,0,0,200403,10000,,,,0,1,5,,1,void_yellowelder,,,,blockd.grass,,200403,0,1,,f2bd27,,,,,,,0,15,15,,1,,,,2,,,,,,0,b168d0,17,1,0,,0.2,,,2
200404,虚空忘忧草,,VoidMaguey,VoidMaguey,,,voidModelMaguey,1,1,1,,,,1,0,0,1,3,0,,,,,2,0,1,5,60,10,,200404,10000,0,0,200404,10000,,,,0,1,5,,1,void_agave,agave,,,blockd.grass,,200404,0,1,,0b0b64,,,,,,,0,15,15,,1,,,,2,,,,,,0,b168d0,17,1,0,,0.2,,,2
200405,虚空雪滴花,,VoidWhiteFlower,VoidWhiteFlower,,,voidModelWhiteFlower,1,1,1,,,,1,0,0,1,3,0,,,,,2,0,1,5,60,10,,200405,10000,0,0,200405,10000,,,,0,1,5,,1,void_whitemums,,,,blockd.grass,,200405,0,1,,d7c0a8,,,,,,,0,15,15,,1,,,,2,,,,,,0,b168d0,17,1,0,,0.2,,,2
200406,虚空月季,,VoidRosebush,VoidRosebush,,,voidModelRosebush,1,1,1,,,,1,0,0,1,3,0,,,,,2,0,1,5,60,10,,200406,10000,0,0,200406,10000,,,,0,1,5,,1,void_rose,,,,blockd.grass,,200406,0,1,,de100a,,,,,,,0,15,15,,1,,,,2,,,,,,0,b168d0,17,1,0,,0.2,,,2
200407,虚空冬温花,,VoidWinterFlower,VoidWinterFlower,,,voidModelWinterFlower,,1,1,,,,1,0,0,1,3,0,,,,,2,0,1,5,60,10,,200407,10000,0,0,200407,10000,,,,0,1,5,,1,void_warmwinterflowers,warmwinterflowers,,,blockd.grass,,200407,0,1,,c28907,,,,,,,0,15,15,,1,,,,2,,,,,,0,b168d0,17,1,0,,0.2,,,2
200408,虚空彼岸花,,VoidBiAnflower,VoidBiAnflower,,,voidModelBiAnflower,,1,1,,,,1,0,0,1,3,0,,,,,2,0,1,5,60,10,,200408,10000,0,0,200408,10000,,,,0,1,5,,1,void_flower_pineapple,flower_pineapple,,,blockd.grass,,200408,0,1,,ff0000,,,,,,,0,15,15,,1,,,,2,,,,,,0,b168d0,17,1,0,,0.2,,,2
200409,虚空果树树苗,,VoidFruitTreeSapling,VoidFruitTreeSapling,,,sapling,,,,,,,1,0,0,0,3,0,,1,2|36|36,,1,0,1,5,60,10,,200393,10000,0,0,200393,10000,,,,0,1,3,,1,sapling_voidtree,,,,blockd.grass,,200393,0,1,,0b0b64,,,,,,,0,15,15,,1,,,,,,,,,,0,b168d0,17,0,1,,0.2,,,
200410,粗虚空果木树枝,,ThickVoidFruitTreeBranches,ThickVoidFruitTreeBranches,,,branch,,1,,,,,1,1,1,0,0,0,,,,,35,0.4,1,15,60,15,,11323,3000,0,0,11323,3000,,,,2,1,0,,1,log_voidtree,branchthick,,blocks.wood,blockd.wood,,200410,1,1,,0b0b64,,,,,4,,1,15,15,,1,,,1,,,,,,,0,,17,0,1,,0.2,,,2
200413,虚空瓜帽1,,VoidMelonHat1,VoidMelonHat1,,,voidmelon,,1,1,,,,1,1,1,0,0,2,,,,,1,10,1,15,100,15,,,,,,,,,,,2,1,0,,1,Void_melon_unknown,,,blocks.wood,blockd.grass,,200413,1,1,,0b0b64,,,,,,,1,15,15,,1,,,10,3,,,,,,1,,17,0,1,,1,,1,2
200414,虚空瓜帽2,,VoidMelonHat2,VoidMelonHat2,,,voidmelon,,1,1,,,,1,1,1,0,0,2,,,,,1,10,1,15,100,15,,200414,10000,0,0,200414,10000,,,,2,1,0,,1,Void_melon_unknown,,,blocks.wood,blockd.grass,,200414,1,1,,0b0b64,,,,,,,1,15,15,,1,,,10,3,,,,,,1,,17,0,1,,1,,1,2
200415,虚空瓜帽3,,VoidMelonHat3,VoidMelonHat3,,,voidmelon,,1,1,,,,1,1,1,0,0,2,,,,,1,10,1,15,100,15,,200415,10000,0,0,200415,10000,,,,2,1,0,,1,Void_melon_unknown,,,blocks.wood,blockd.grass,,200415,1,1,,0b0b64,,,,,,,1,15,15,,1,,,10,3,,,,,,1,,17,0,1,,1,,1,2
200416,虚空瓜帽4,,VoidMelonHat4,VoidMelonHat4,,,voidmelon,,1,1,,,,1,1,1,0,0,2,,,,,1,10,1,15,100,15,,200416,10000,0,0,200416,10000,,,,2,1,0,,1,Void_melon_unknown,,,blocks.wood,blockd.grass,,200416,1,1,,0b0b64,,,,,,,1,15,15,,1,,,10,3,,,,,,1,,17,0,1,,1,,1,2
200417,虚空之花,,Voidflowers,Voidflowers,,,Voidflowers,,1,1,,,,1,0,0,1,3,0,,,,,1,0,1,15,100,15,,200417,10000,0,0,200417,10000,,,,0,1,8,,1,void_flowers,void_flowers,,,blockd.grass,,200417,0,1,,0b0b64,,,,,,,0,15,15,,1,,1,,3,0,,,,,0,b168d0,17,1,0,,0.2,,,2
200418,土笋种子,,EarthenShootsSeed,EarthenShootsSeed,,,myceliummodel,,1,,226,,,1,0,0,1,3,0,,1,2|27|27,,1,0,1,15,100,15,,200418,10000,0,0,200418,10000,,,,0,1,0,,1,tusun,tusun,,,blockd.grass,,300,0,1,,3e3b0b,,,,,,,0,15,15,,1,4,,,3,,,,,,0,,17,1,0,,0.2,,,
200419,紫苏种子,,PerillaSeed,PerillaSeed,,,myceliummodel,,1,,227,,,1,0,0,1,3,0,,1,2|27|27,,1,0,1,15,100,15,,200419,10000,0,0,200419,10000,,,,0,1,0,,1,zisuguo,zisuguo,,,blockd.grass,,300,0,1,,782983,,,,,,,0,15,15,,1,4,,,3,,,,,,0,,17,1,0,,0.2,,,
200420,遗落的罐子,,LostJar,LostJar,,,lostJar,,4,,,,,1,4,1,0,0,0,,,,,3,0,1,0,,0,,0,0,0,0,0,0,,,,2,1,0,,1,jar1,jar,,blocks.stone,blockd.jar,blockd.stone,,0,1,,ddc2b7,,,1,,1,,0,15,15,,1,,,,,,,,,,0,,17,0,1,,0,,,
200421,虚空蝴蝶玻璃瓶,,VoidButterflyBottle,VoidButterflyBottle,,,glassbottle,,4,,3255,,,1,1,1,0,0,0,,,,,3,0,1,0,,0,,0,0,0,0,0,0,,,,2,1,8,,1,glassjar,glassjar,,blocks.stone,blockd.glass,blockd.stone,200421,2,1,,0b0b64,1,,1,item_749.ent,,,0,8,0,,1,,,1,3,,,,,,0,bb95cb,17,0,1,,1,,,2
200423,刷怪房宝箱,,DesertChest,DesertChest,,,simplechest,,,,,,,1,1,1,2,0,0,,,,,50,15,1,0,,0,,730,10000,0,0,730,10000,,,,2,1,0,,1,box1,,,blocks.wood,blockd.wood,,730,1,1,,ba706b,,,,,1,,1,15,15,,1,,,,,,,,,,0,,17,0,1,,0,,1,
200424,刷怪房宝箱,,DesertChest,DesertChest,,,simplechest,,,,,,,1,1,1,2,0,0,,,,,50,15,1,0,,0,,730,10000,0,0,730,10000,,,,2,1,0,,1,box1,,,blocks.wood,blockd.wood,,730,1,1,,ba706b,,,,,1,,1,15,15,,1,,,,,,,,,,0,,17,0,1,,0,,1,
200425,刷怪房宝箱,,DesertChest,DesertChest,,,simplechest,,,,,,,1,1,1,2,0,0,,,,,50,15,1,0,,0,,730,10000,0,0,730,10000,,,,2,1,0,,1,box1,,,blocks.wood,blockd.wood,,730,1,1,,ba706b,,,,,1,,1,15,15,,1,,,,,,,,,,0,,17,0,1,,0,,1,
200426,刷怪房宝箱,,DesertChest,DesertChest,,,simplechest,,,,,,,1,1,1,2,0,0,,,,,50,15,1,0,,0,,730,10000,0,0,730,10000,,,,2,1,0,,1,box1,,,blocks.wood,blockd.wood,,730,1,1,,ba706b,,,,,1,,1,15,15,,1,,,,,,,,,,0,,17,0,1,,0,,1,
200427,刷怪房宝箱,,DesertChest,DesertChest,,,simplechest,,,,,,,1,1,1,2,0,0,,,,,50,15,1,0,,0,,730,10000,0,0,730,10000,,,,2,1,0,,1,box1,,,blocks.wood,blockd.wood,,730,1,1,,ba706b,,,,,1,,1,15,15,,1,,,,,,,,,,0,,17,0,1,,0,,1,
200428,陷阱房宝箱,,DesertChest,DesertChest,,,simplechest,,,,,,,1,1,1,2,0,0,,,,,50,15,1,0,,0,,730,10000,0,0,730,10000,,,,2,1,0,,1,box1,,,blocks.wood,blockd.wood,,730,1,1,,ba706b,,,,,1,,1,15,15,,1,,,,,,,,,,0,,17,0,1,,0,,1,
200429,神灵石像,,GodStatue,RainforestGodStatue,,,talkingstatue,,4,,,,,1,1,1,2,0,0,,,,,50,40,1,0,,0,,,,0,0,,,,,,1,1,0,,2,caidan_statue,caidan_statue,,blocks.stone,blockd.stone,,,2,1,,a6a899,,,,,4,,0,15,15,,1,,,10,,,,,,,0,,17,2,0,,1,,,2
200430,许愿星,,GodStatue,RainforestGodStatue,,,basic_model,,,,,,,1,1,1,2,0,0,,,,,50,25,1,0,,0,,200431,10000,,,200431,10000,,,,1,1,6,,1,flower_star,flower_star,,blocks.stone,blockd.stone,,200431,2,1,,a6a899,,,,,1,,0,15,15,,1,,,10,,,,,,,1,d2cba8,17,2,1,,0,,1,2
200431,许愿星,,GodStatue,RainforestGodStatue,,,basic_model,,,,,,,1,1,1,2,0,0,,,,,50,25,1,0,,0,,200431,10000,,,,,,,,1,1,6,,1,flower_star,flower_star,,blocks.stone,blockd.stone,,200431,2,1,,a6a899,,,,,1,,0,15,15,,1,,,10,,,,,,,1,d2cba8,17,2,1,,0,,1,2
200440,电脑,,GodStatue,RainforestGodStatue,,,computer,,,,,,,1,1,1,2,0,0,,,,,50,25,1,0,,0,,200440,10000,,,200440,10000,,,,1,1,0,,1,computer,computer,,blocks.stone,blockd.stone,,200440,2,1,,a6a899,,,,,1,,1,15,15,,1,,,10,,,,,,,0,,17,2,0,,0,,,
200441,僵尸召唤器,,GodStatue,RainforestGodStatue,,,monstersummoner,,,,,,,1,1,1,2,0,0,,,,,-1,-1,1,0,,0,,200441,10000,,,,,,,,1,1,0,,1,zhaohuan,zhaohuan,,blocks.stone,blockd.stone,,200441,2,1,,a6a899,,,,,1,,0,15,15,,1,,,10,,,,,,,0,,17,2,0,,0,,,
200442,刷怪方块,200442,GenerateBlock,GenerateBlock,,,modbase,,,,,,,1,1,1,2,0,0,,,,,-1,-1,1,0,,0,,,,,,,,,,,1,1,0,,1,jar1,jar,,,,,,,,,,,,,,,,0,15,15,,,,,,,,,,,,0,,17,2,0,,0,,,
201003,相框,,school_table,school_table,,,polaroidframe,,4,4,,,,1,1,1,0,0,2,,,,1,25,2,1,2,20,2,,201003,10000,0,0,201003,10000,,,,2,1,0,,1,frame_1,frame,,blocks.wood,blockd.wood,blockd.wood,201003,,1,,5bc1ee,,,,,4,,0,15,15,,,,,,,,,,,,0,,17,0,1,,0.5,,,
201006,奇遇相框,,school_table,school_table,,,polaroidframe,,4,4,,,,1,1,1,0,0,2,,,,1,25,2,1,2,20,2,,201006,10000,0,0,201006,10000,,,,2,1,0,,1,frame_6,frame,,blocks.wood,blockd.wood,blockd.wood,201006,,1,,5bc1ee,,,,,4,,1,15,15,,,,,,,,,,,,0,,17,0,1,,0,,,
201007,内部相框,,school_table,school_table,,,polaroidframe,,,,,,,1,1,1,0,0,2,,,,1,25,2,1,2,20,2,,201003,10000,0,0,201003,10000,,,,2,1,0,,1,frame_1,frame,,blocks.wood,blockd.wood,blockd.wood,201003,,1,,5bc1ee,,,,,4,,1,15,15,,,,,,,,,,,,0,,17,0,1,,0,,,
201008,区域复制器方块,,AreaDuplicationBlock,AreaDuplicationBlock,,,regionreplicator_wbp,,,,,,,1,1,1,2,0,0,,,,,500,10,1,0,,0,,11995,10000,0,0,11995,10000,,,,1,1,0,,1,areacopy,areacopy_on,,blocks.stone,blockd.stone,blockd.stone,11995,0,1,,c10000,,,,,1,,1,15,15,,1,,,,,,,,,,0,,17,2,0,,0,,,
201009,蓝图工作台,,BlueprintWorkbench,BlueprintWorkbench,,,blueprint_wbp,,5,,,,,1,1,1,2,0,2,,,,,500,20,1,0,,0,,201009,10000,0,0,201009,10000,,,,2,1,0,,1,blueprint_workbench,blueprint_workbench,,blocks.stone,blockd.stone,blockd.stone,201009,2,1,,3c7cff,,,,,1,,1,15,15,,1,,,10,,,,,,,0,,17,2,0,,0,,,
201010,蓝图施工台,,BlueprintPlan,BlueprintPlan,,,buildblueprint_wbp,,5,,,,,1,1,1,2,0,2,,,,,500,30,1,0,,0,,,,,,,,,,,1,1,0,,1,blueprint_construction,blueprint_construction,,blocks.stone,blockd.stone,blockd.stone,,1,1,,3c7cff,,,,,1,,1,15,15,,1,,,10,,,,,,,0,,17,2,0,,0,,,
201011,烘焙箱,,Bakingoven,Bakingoven,,,oven,,5,,,,,1,1,1,2,0,0,,,,,50,10,1,0,,0,,201011,10000,0,0,201011,10000,,,,1,1,0,,1,bakingoven,bakingoven,,blocks.stone,blockd.stone,,201011,2,1,,a6a899,,,,,4,,0,15,15,,1,,,10,3,,,,,,0,,17,0,1,,0.5,26,,2
201012,蓝图施工台(自动),,BlueprintPlan,BlueprintPlan,,,buildblueprint_wbpauto,,5,,,,,1,1,1,2,0,2,,,,,500,30,1,0,,0,,,,,,,,,,,1,1,0,,1,blueprint_construction,blueprint_construction,,blocks.stone,blockd.stone,blockd.stone,,1,1,,3c7cff,,,,,1,,1,15,15,,1,,,10,,,,,,,0,,17,2,0,,,,,
201014,草原部落图腾,,villagetotem,villagetotem,,,villagetotem,,4,,,,,1,1,1,2,0,2,,,,,200,25,1,0,,0,,201014,10000,0,0,201014,10000,,,,1,1,0,,3,plainsvillagetotem,plainsvillagetotem,,blocks.stone,blockd.stone,,201014,2,1,,7b4b2c,,,,,4,,0,15,15,,1,,1,10,3,,,,,,0,,17,2,0,plainsvillagetotem_mix,0.2,26,,
201015,沙漠部落图腾,,villagetotem,villagetotem,,,villagetotem,,4,,,,,1,1,1,2,0,2,,,,,200,25,1,0,,0,,201015,10000,0,0,201015,10000,,,,1,1,0,,3,desertvillagetotem,desertvillagetotem,,blocks.stone,blockd.stone,,201015,2,1,,7b4b2c,,,,,4,,0,15,15,,1,,1,10,3,,,,,,0,,17,2,0,desertvillagetotem_mix,0.2,,,
201016,渔村部落图腾,,villagetotem,villagetotem,,,villagetotem,,4,,,,,1,1,1,2,0,2,,,,,200,25,1,0,,0,,201016,10000,0,0,201016,10000,,,,1,1,0,,3,fishvillagetotem,fishvillagetotem,,blocks.stone,blockd.stone,,201016,2,1,,7b4b2c,,,,,4,,0,15,15,,1,,1,10,3,,,,,,0,,17,2,0,fishvillagetotem_mix,0.2,,,
201017,养殖旗帜,,,,,,villagerflag,,5,,,,,1,0,1,2,0,2,,,,,100,10,1,0,,0,,201017,10000,0,0,201017,10000,,,,1,1,4,,2,breedflag,,,blocks.wood,blockd.wood,,201017,1,1,,7b4b2c,,,,,4,,0,15,15,,1,,1,1,3,,,,,,0,,17,2,0,villageflag_mix,0.2,1,,2
201018,陈旧的扫把,201018,DomesticBroom,DomesticBroom,,,modbase,,4,,,,,1,1,0,1,0,0,,,,,25,10,1,1,,0,,201018,10000,0,0,201018,10000,,,,1,1,0,,1,domesticbroom,domesticbroom,,blocks.wood,blockd.wood,,201018,1,1,,7b4b2c,,,,,,,0,15,15,,1,,,1,,,,,,,0,,17,1,0,,,,1,
201019,蘑菇村图腾,,villagetotem,villagetotem,,,villagetotem,,4,,,,,1,1,1,2,0,2,,,,,200,200,1,0,,0,,201019,10000,0,0,201019,10000,,,,1,1,0,,3,mushroomvillagetotem,mushroomvillagetotem,,blocks.stone,blockd.stone,,201019,2,1,,7b4b2c,,,,,4,,6,15,15,,1,,1,10,3,,,,,,0,,17,2,0,mushroomvillagetotem_mix,0.2,,,
201020,四叶草村图腾,,villagetotem,villagetotem,,,villagetotem,,4,,,,,1,1,1,2,0,2,,,,,200,200,1,0,,0,,201020,10000,0,0,201020,10000,,,,1,1,0,,3,clovervillagetotem,clovervillagetotem,,blocks.stone,blockd.stone,,201020,2,1,,7b4b2c,,,,,4,,6,15,15,,1,,1,10,3,,,,,,0,,17,2,0,clovervillagetotem_mix,0.2,,,
201500,201500-201700/26春节家具方块预留,,,,,,,,,,,,,,,,,,,,,,,,,,,,,,,,,,,,,,,,,,,,,,,,,,,,,,,,,,,,,,,,,,,,,,,,,,,,,,,,,0,,,
201501,田园衣柜,201501,countrywardrobe,,,,modbase,,4,,,,,1,1,1,2,0,2,,,,1,25,6,1,0,,0,,201501,10000,0,0,201501,10000,,,,2,1,0,,1,sanriomelody_closet,sanriomelody_closet,,blocks.wood,blockd.wood,,201501,1,1,,c1a661,,,,,,,1,15,15,,1,,,1,,,,,,,1,,17,2,0,,0.5,,,
201502,田园木箱,201502,countrychest,,,,modbase,,4,4,,,,1,1,1,0,0,2,,,,1,25,10,1,2,20,0,,201502,10000,0,0,201502,10000,,,,2,1,0,,1,,,,blocks.wood,blockd.wood,,201502,1,1,,c1a661,,,,,,,1,15,15,,1,,,10,,,,,,,1,,17,2,0,,0.5,26,,
201503,田园门,201503,countrydoor,,,,modbase,,4,,,,,1,1,1,2,0,2,,,,1,25,6,1,0,,0,,201503,10000,0,0,201503,10000,,,,2,1,0,,1,,,,blocks.wood,blockd.wood,,201503,1,1,,c1a661,,,,,,,0,15,15,,1,,,1,,,,,,,0,,17,2,0,,0.5,26,,
201504,田园装饰窗,201504,countrywindow,,,,modbase,,4,,,,,1,1,1,2,0,2,,,,,25,6,1,0,,0,,201504,10000,0,0,201504,10000,,,,2,1,0,,1,countrywindow,countrywindow,,blocks.wood,blockd.wood,,201504,1,1,,c1a661,,,,,,,1,15,15,,1,,,1,,,,,,,1,,17,2,0,,0.5,,,
201505,田园阶梯,201505,countrystair,,,,modbase,,4,,,,,1,1,1,2,0,2,,,,,25,6,1,0,,0,,201505,10000,0,0,201505,10000,,,,2,1,0,,1,countrystair,countrystair,,blocks.wood,blockd.wood,,201505,1,1,,c1a661,,,,,,,0,15,15,,1,,,1,,,,,,,1,,17,2,0,,0.5,,,
201506,田园木椅,201506,countrychair,,,,modbase,,4,,,,,1,1,1,2,0,2,,,,,25,6,1,0,,0,,201506,10000,0,0,201506,10000,,,,2,1,0,,1,countrychair,countrychair,,blocks.wood,blockd.wood,,201506,1,1,,c1a661,,,,,,,1,15,15,,1,,,1,,,,,,,1,,17,2,0,,0.5,,,
201507,纯白坐垫,201507,countrycushion_white,,,,modbase,,4,,,,,1,1,1,2,0,2,,,,,25,6,1,0,,0,,201507,10000,0,0,201507,10000,,,,2,1,0,,1,countrycushion_white,countrycushion,,blocks.cloth,blockd.cloth,blockd.cloth,201507,1,1,,c1a661,,,,,,,1,15,15,,1,,,1,,,,,,,0,,17,2,0,,0.5,,,
201508,田园单人床,201508,countrybed,,,,modbase,,4,,,,,1,1,1,0,0,2,,,,,25,6,1,0,,0,,201508,10000,0,0,201508,10000,,,,2,1,0,,1,countrybed,countrybed,,blocks.wood,blockd.wood,,201508,1,1,,c1a661,,,,,,,0,15,15,,1,,,1,3,,,,,,1,,17,2,0,,0.5,,,
201509,红色方桌,,countrytable_red,,,,icetable,,4,,,,,1,1,1,2,0,2,,,,1,25,6,1,0,,0,,201509,10000,0,0,201509,10000,,,,2,1,0,,1,countrytable_red,countrytable,,blocks.wood,blockd.wood,,201509,1,1,,c1a661,,,,,,,1,15,15,,1,,,1,,,,,,,0,,17,2,0,countrytable_mix,0.5,,1,
201510,田园壁灯,201510,countrywalllamp,,,,modbase,,4,,,,,1,0,3,1,0,2,,,,,25,6,1,0,,0,,201510,10000,0,0,201510,10000,,,,2,1,0,,1,countrywalllamp,countrywalllamp,,blocks.wood,blockd.wood,,201510,1,1,,c1a661,,,,,,,1,15,15,,1,,,1,,,,,,,0,,17,2,0,,0.5,26,,
201511,白布窗帘,201511,countrycurtain,,,,modbase,,4,4,,,,1,0,1,1,3,2,,,,,0,0,1,1,20,1,,201511,10000,0,0,201511,10000,,,,0,1,0,,1,countrycurtain,countrycurtain,,blocks.wood,blockd.wood,,201511,0,1,,c1a661,,,,,,,0,15,15,,1,,,1,,,,,,,0,,17,2,0,,0.5,1,,
201512,田园壁炉,201512,countryfireplace,,,,modbase,,4,,,,,1,1,1,2,0,2,,,,,50,18,1,0,,0,,201512,10000,0,0,201512,10000,,,,2,1,0,,1,countryfireplace,countryfireplace,,blocks.wood,blockd.wood,,201512,1,1,,84684c,,,,,,,0,15,15,,1,,,10,3,,,,,,1,,17,2,0,,0.5,26,,
201513,田园地毯,,countrycarpet,,,,blanket,,4,4,,1,,1,1,1,1,0,2,,,,,0,0,1,0,,0,,201513,10000,0,0,201513,10000,,,,2,1,0,,1,countrycarpet,countrycarpet,,blocks.cloth,blockd.cloth,blockd.cloth,201513,,,,7b4b124c,,,,,,,0,15,15,,1,,,1,3,,,,,,0,,17,2,0,,0.5,,,
201514,堤岸碎石,,countryriverside,,,,cobblestone,,,,,,,1,1,3,0,0,2,,,,,75,5,1,0,,0,,201514,10001,0,0,201514,10000,,,,0,1,0,,1,countryriverside,,,blocks.stone,blockd.stone,,201514,,,,a6a899,,,,,,,6,15,15,,1,,,,,,,,,,0,,17,2,0,,0.5,,,
201515,砖石路,,countrygravelroad,,,,cobblestone,,4,4,,,,1,1,3,0,0,2,,,,,75,5,1,0,,0,,201515,10001,0,0,201515,10000,,,,0,1,0,,1,countrygravelroad,,,blocks.stone,blockd.stone,,201515,,,,a6a899,,,,,,,6,15,15,,1,,,,,,,,,,0,,17,2,0,,0.5,,,
201516,白色花盆,201516,countryflowerpot_white,,,,modbase,,4,,,,,1,1,1,0,0,0,,,,,0,0,1,0,,0,,201516,10000,0,0,201516,10000,,,,1,1,0,,1,countryflowerpot_white,countryflowerpot_2,,blocks.stone,blockd.jar,blockd.stone,201516,0,1,,ab8479,,,,,,,1,15,15,,1,,,1,3,,,,,,0,,17,2,0,,0.5,,,
201517,田园围栏门,201517,countryfencegate,,,,modbase,,,,,,,1,1,1,2,0,2,,,,,25,6,1,0,,0,,201517,10000,0,0,201517,10000,,,,2,1,0,,1,fencegate,fencegate,,blocks.wood,blockd.wood,,201517,1,1,,c1a661,,,,,,,0,15,15,,1,,,1,,,,,,,1,,17,2,0,,0.5,26,,
201518,田园围栏,,countryfence,Fence,,,newfence,,,,,,,1,1,3,0,0,0,,,,,25,6,1,0,,0,,201518,10000,0,0,201518,10000,,,,0,1,0,,1,fence,fence,,blocks.wood,blockd.wood,,201518,1,1,,c1a661,,,,,,,6,15,15,,1,,,1,,,,,,,0,,17,2,0,,0.5,,,2
201519,橙色斜板屋顶,,countryroofblock,,,,trianglewholeslab,,4,,,,,1,1,1,0,0,2,,,,1,25,6,1,0,,0,,201519,10000,0,0,201519,10000,,,,2,15,0,,1,countryroofblock_orange,,,blocks.wood,blockd.wood,,201519,1,1,,c1a661,,,,,,,6,15,15,,6,,,1,,,,,,,1,,17,0,1,,0.5,,,
201520,白色波纹墙块,,countrywallblock_bolang,,,,basic,,4,,,,,1,1,1,0,0,2,,,,1,25,6,1,0,,0,,201520,10000,0,0,201520,10000,,,,2,15,0,,1,countrywallblock_bolang,,,blocks.wood,blockd.wood,,201520,1,1,,c1a661,,,,,,,1,15,15,,6,,,1,,,,,,,0,,17,0,1,,0.5,,1,
201521,田园地板,,countryfloorblock,,,,basic,,4,,,,,1,1,1,0,0,2,,,,1,25,6,1,0,,0,,201521,10000,0,0,201521,10000,,,,2,15,0,,1,countryfloorblock,,,blocks.wood,blockd.wood,,201521,1,1,,c1a661,,,,,,,1,15,15,,6,,,1,,,,,,,0,,17,0,1,,0.5,,1,
201522,紫色斜板屋顶,,countryroofblock01,,,,trianglewholeslab,,4,,,,,1,1,1,0,0,2,,,,1,25,6,1,0,,0,,201522,10000,0,0,201522,10000,,,,2,15,0,,1,countryroofblock_purple,,,blocks.wood,blockd.wood,,201522,1,1,,c1a661,,,,,,,6,15,15,,6,,,1,,,,,,,1,,17,0,1,,0.5,,,
201523,白色花点墙块,,countrywallblock_bolanghua,,,,basic,,4,,,,,1,1,1,0,0,2,,,,1,25,6,1,0,,0,,201523,10000,0,0,201523,10000,,,,2,15,0,,1,countrywallblock_bolanghua,,,blocks.wood,blockd.wood,,201523,1,1,,c1a661,,,,,,,1,15,15,,6,,,1,,,,,,,0,,17,0,1,,0.5,,1,
201524,白色粉花点墙块,,countrywallblock_fenhua,,,,basic,,4,,,,,1,1,1,0,0,2,,,,1,25,6,1,0,,0,,201524,10000,0,0,201524,10000,,,,2,15,0,,1,countrywallblock_fenhua,,,blocks.wood,blockd.wood,,201524,1,1,,c1a661,,,,,,,1,15,15,,6,,,1,,,,,,,0,,17,0,1,,0.5,,1,
201525,白色黄花点墙块,,countrywallblock_huanghua,,,,basic,,4,,,,,1,1,1,0,0,2,,,,1,25,6,1,0,,0,,201525,10000,0,0,201525,10000,,,,2,15,0,,1,countrywallblock_huanghua,,,blocks.wood,blockd.wood,,201525,1,1,,c1a661,,,,,,,1,15,15,,6,,,1,,,,,,,0,,17,0,1,,0.5,,1,
201526,白色绿菱墙块,,countrywallblock_lvling,,,,basic,,4,,,,,1,1,1,0,0,2,,,,1,25,6,1,0,,0,,201526,10000,0,0,201526,10000,,,,2,15,0,,1,countrywallblock_lvling,,,blocks.wood,blockd.wood,,201526,1,1,,c1a661,,,,,,,1,15,15,,6,,,1,,,,,,,0,,17,0,1,,0.5,,1,
201527,白色紫菱墙块,,countrywallblock_ziling,,,,basic,,4,,,,,1,1,1,0,0,2,,,,1,25,6,1,0,,0,,201527,10000,0,0,201527,10000,,,,2,15,0,,1,countrywallblock_ziling,,,blocks.wood,blockd.wood,,201527,1,1,,c1a661,,,,,,,1,15,15,,6,,,1,,,,,,,0,,17,0,1,,0.5,,1,
201528,蓝白坐垫,201528,countrycushion_blue,,,,modbase,,4,,,,,1,1,1,2,0,2,,,,,25,6,1,0,,0,,201528,10000,0,0,201528,10000,,,,2,1,0,,1,countrycushion_blue,countrycushion,,blocks.cloth,blockd.cloth,blockd.cloth,201528,1,1,,c1a661,,,,,,,0,15,15,,1,,,1,,,,,,,0,,17,2,0,,0.5,,,
201529,蓝色花盆,201529,countryflowerpot_blue,,,,modbase,,4,,,,,1,1,1,0,0,0,,,,,0,0,1,0,,0,,201529,10000,0,0,201529,10000,,,,1,1,0,,1,countryflowerpot_blue,countryflowerpot_2,,blocks.stone,blockd.jar,blockd.stone,201529,0,1,,ab8479,,,,,,,0,15,15,,1,,,1,3,,,,,,0,,17,2,0,,0.5,,,
201530,红色花盆,201530,countryflowerpot_red,,,,modbase,,4,,,,,1,1,1,0,0,0,,,,,0,0,1,0,,0,,201530,10000,0,0,201530,10000,,,,1,1,0,,1,countryflowerpot_red,countryflowerpot_1,,blocks.stone,blockd.jar,blockd.stone,201530,0,1,,ab8479,,,,,,,0,15,15,,1,,,1,3,,,,,,0,,17,2,0,,0.5,,,
201531,黄色方桌,,countrytable_yellow,,,,icetable,,4,,,,,1,1,1,2,0,2,,,,1,25,6,1,0,,0,,201531,10000,0,0,201531,10000,,,,2,1,0,,1,countrytable_yellow,countrytable,,blocks.wood,blockd.wood,,201531,1,1,,c1a661,,,,,,,1,15,15,,1,,,1,,,,,,,0,,17,2,0,countrytable_mix,0.5,,1,
201532,蓝色方桌,,countrytable_blue,,,,icetable,,4,,,,,1,1,1,2,0,2,,,,1,25,6,1,0,,0,,201532,10000,0,0,201532,10000,,,,2,1,0,,1,countrytable_blue,countrytable,,blocks.wood,blockd.wood,,201532,1,1,,c1a661,,,,,,,1,15,15,,1,,,1,,,,,,,0,,17,2,0,countrytable_mix,0.5,,1,
201533,绿色方桌,,countrytable_green,,,,icetable,,4,,,,,1,1,1,2,0,2,,,,1,25,6,1,0,,0,,201533,10000,0,0,201533,10000,,,,2,1,0,,1,countrytable_green,countrytable,,blocks.wood,blockd.wood,,201533,1,1,,c1a661,,,,,,,1,15,15,,1,,,1,,,,,,,0,,17,2,0,countrytable_mix,0.5,,1,
201534,橙色瓦片,201534,countrytileroof_orange,,,,modbase,,,,,,,1,1,1,0,0,2,,,,1,25,6,1,0,,0,,201534,10000,0,0,201534,10000,,,,2,1,0,,1,countrytileroof_orange,countrytileroof,,blocks.stone,blockd.stone,,201534,1,1,,c1a661,,,,,,,0,15,15,,1,,,1,,,,,,,1,,17,2,0,,0.5,,,
201535,红色瓦片,201535,countrytileroof_red,,,,modbase,,,,,,,1,1,1,0,0,2,,,,1,25,6,1,0,,0,,201535,10000,0,0,201535,10000,,,,2,1,0,,1,countrytileroof_red,countrytileroof,,blocks.stone,blockd.stone,,201535,1,1,,c1a661,,,,,,,0,15,15,,1,,,1,,,,,,,1,,17,2,0,,0.5,,,
201536,黄色瓦片,201536,countrytileroof_yellow,,,,modbase,,,,,,,1,1,1,0,0,2,,,,1,25,6,1,0,,0,,201536,10000,0,0,201536,10000,,,,2,1,0,,1,countrytileroof_yellow,countrytileroof,,blocks.stone,blockd.stone,,201536,1,1,,c1a661,,,,,,,0,15,15,,1,,,1,,,,,,,1,,17,2,0,,0.5,,,
201537,黑色瓦片,201537,countrytileroof_black,,,,modbase,,,,,,,1,1,1,0,0,2,,,,1,25,6,1,0,,0,,201537,10000,0,0,201537,10000,,,,2,1,0,,1,countrytileroof_black,countrytileroof,,blocks.stone,blockd.stone,,201537,1,1,,c1a661,,,,,,,0,15,15,,1,,,1,,,,,,,1,,17,2,0,,0.5,,,
201550,水池,,,,,,modbase,,,,,,,1,1,1,0,0,2,,,,,25,15,1,0,,0,,201550,10000,0,0,201550,10000,,,,3,1,0,,1,pond,pond,,blockd.wood,blockd.wood,blockd.wood,201550,1,1,,ffebef,,,,,,,1,15,15,,1,,,10,3,,,,,,0,,17,0,1,,0.5,,,
201600,星河地板,,,,,,basic,,,,,,,1,1,1,0,0,0,,,,1,25,6,1,2,20,2,,201600,10000,0,0,201600,10000,,,,2,15,0,,1,galaxyfloorblock,galaxyfloorblock,,blocks.wood,blockd.wood,,201600,2,1,,c1a661,,,,,1,,1,15,15,,1,,,1,,,,,,,0,,17,0,1,,50,,1,
201601,星河门,201601,,,,,modbase,,,,,,,1,1,1,0,0,2,,,,,30,12,1,1,20,1,,201601,10000,0,0,201601,10000,,,,2,1,0,,1,,,,blocks.wood,blockd.wood,,201601,2,1,,c1a661,,,,,1,,0,15,15,,1,,,2,,,,,,,0,,17,2,0,,50,26,,
201602,星河视窗,201602,,,,,modbase,,,,,,,1,1,1,0,0,2,,,,,25,6,1,1,10,1,,201602,10000,0,0,201602,10000,,,,2,1,0,,1,galaxywindow,galaxywindow,,blocks.wood,blockd.wood,,201602,2,1,,c1a661,,,,,1,,1,15,15,,1,,,1,,,,,,,1,,17,2,0,,50,26,,
201603,星河窗帘,201603,,,,,modbase,,,,,,,1,0,1,1,3,2,,,,,0,0,1,1,20,1,,201603,10000,0,0,201603,10000,,,,0,1,0,,1,,,,blocks.wood,blockd.wood,,201603,0,1,,c1a661,,,,,1,,0,15,15,,1,,,1,,,,,,,0,,17,2,0,,50,26,,
201604,星河小圆凳,201604,,,,,modbase,,,,,,,1,1,1,0,0,2,,,,,25,6,1,1,20,1,,201604,10000,0,0,201604,10000,,,,2,1,0,,1,galaxyroundstool,galaxyroundstool,,blocks.wood,blockd.wood,,201604,2,1,,c1a661,,,,,1,,1,15,15,,1,,,1,,,,,,,0,,17,2,0,,50,26,,
201605,星河沙发椅,201605,,,,,modbase,,,,,,,1,1,1,0,0,2,,,,,30,12,1,1,10,1,,201605,10000,0,0,201605,10000,,,,2,1,0,,1,galaxyarmchair,galaxyarmchair,,blocks.wood,blockd.wood,,201605,2,1,,c1a661,,,,,1,,1,15,15,,1,,,1,,,,,,,1,,17,2,0,,50,26,,
201606,星河大沙发,201606,,,,,bigshafa,,,,,,,1,1,1,2,0,2,,,,,40,15,1,1,5,1,,201606,10000,0,0,201606,10000,,,,2,1,0,,1,galaxybigsofa,galaxybigsofa,,blocks.wood,blockd.wood,,201606,2,1,,c1a661,,,,,1,,1,15,15,,1,,1,2,3,,,,,,1,,17,2,0,,50,26,1,
201607,星河床,201607,,,,,modbase,,,,,,,1,1,1,2,0,2,,,,,40,15,1,1,5,1,,201607,10000,0,0,201607,10000,,,,2,1,0,,1,,,,blocks.wood,blockd.wood,,201607,2,1,,c1a661,,,,,1,,0,15,15,,1,,,1,,,,,,,1,,17,2,0,,50,26,,
201608,星河抽屉柜,201608,,,,,modbase,,,,,,,1,1,1,2,0,2,,,,,35,12,1,1,5,1,,201608,10000,0,0,201608,10000,,,,2,1,0,,1,,,,blocks.wood,blockd.wood,,201608,2,1,,c1a661,,,,,1,,1,15,15,,1,,,2,,,,,,,1,,17,2,0,,50,26,,
201609,星河衣橱,201609,,,,,modbase,,,,,,,1,1,1,2,0,2,,,,,35,12,1,1,5,0,,201609,10000,0,0,201609,10000,,,,2,1,0,,1,,,,blocks.wood,blockd.wood,,201609,2,1,,c1a661,,,,,1,,1,15,15,,1,,,2,,,,,,,1,,17,2,0,,50,26,,
201610,星河方桌,201610,,,,,modbase,,,,,,,1,1,1,0,0,2,,,,,15,6,1,1,10,0,,201610,10000,0,0,201610,10000,,,,2,1,0,,1,galaxytable,galaxytable,,blocks.wood,blockd.wood,,201610,2,1,,c1a661,,,,,1,,1,15,15,,1,,,1,,,,,,,1,,17,2,0,,50,26,,
201611,星河星象吊灯,201611,,,,,modbase,,,,,,,1,1,1,2,0,2,,,,,10,5,1,0,,0,,201611,10000,0,0,201611,10000,,,,2,1,0,,1,,,,blocks.wood,blockd.wood,,201611,2,1,,c1a661,,,,,1,,1,15,15,,1,,,1,,,,,,,1,,17,2,0,,50,26,,
201612,星河壁炉,201612,,,,,modbase,,,,,,,1,1,1,2,0,2,,,,,30,12,1,0,,0,,201612,10000,0,0,201612,10000,,,,2,1,0,,1,galaxyfireplace,galaxyfireplace,,blocks.wood,blockd.wood,,201612,2,1,,c1a661,,,,,1,,1,15,15,,1,,,2,,,,,,,1,,17,2,0,,50,26,,
201613,星河吊饰,201613,,,,,modbase,,,,,,,1,0,1,1,0,2,,,,,5,3,1,0,,0,,201613,10000,0,0,201613,10000,,,,2,1,0,,1,,,,blocks.wood,blockd.wood,,201613,0,1,,c1a661,,,,,1,,0,15,15,,1,,,1,,,,,,,1,,17,2,0,,50,26,,
201614,星河地毯,201614,,,,,modbase,,,,,,,1,0,1,1,3,0,,,,,0,0,1,5,30,0,,201614,10000,0,0,201614,10000,,,,2,1,0,,1,galaxycarpet,galaxycarpet,,blocks.cloth,blockd.cloth,blockd.cloth,201614,0,1,,c1a661,,,,,1,,0,15,15,,1,,,1,,,,,,,1,,17,2,0,,50,23,,
201615,星河写作台,201615,,,,,modbase,,,,,,,1,1,1,0,0,2,,,,,30,10,1,1,5,0,,201615,10000,0,0,201615,10000,,,,2,1,0,,1,galaxybookeditingdesk,galaxybookeditingdesk,,blockd.wood,blockd.wood,,201615,2,1,,ffcc62,,,,,1,,1,15,15,,1,,,1,,,,,,,1,,17,2,0,,50,26,,
201616,星河水晶球,201616,,,,,modbase,,,,,,,1,1,1,0,0,2,,,,,15,3,1,0,,0,,201616,10000,0,0,201616,10000,,,,2,1,0,,1,,,,blocks.wood,blockd.wood,,201616,2,1,,c1a661,,,,,1,,1,15,15,,1,,,1,,,,,,,0,,17,2,0,,50,26,,
201617,云朵蓝方块,,,,,,basic,,,,,,,1,1,1,0,0,2,,,,1,25,6,1,0,,0,,201617,10000,0,0,201617,10000,,,,2,15,0,,1,cloudblockblue,,,blockd.stone,blockd.stone,,201617,1,1,,c1a661,,,,,1,,1,15,15,,6,,,1,,,,,,,0,,17,0,1,cloudblock_mix,50,,1,
201618,云朵粉方块,,,,,,basic,,,,,,,1,1,1,0,0,2,,,,1,25,6,1,0,,0,,201618,10000,0,0,201618,10000,,,,2,15,0,,1,cloudblockpink,,,blockd.stone,blockd.stone,,201618,1,1,,c1a661,,,,,1,,1,15,15,,6,,,1,,,,,,,0,,17,0,1,cloudblock_mix,50,,1,
201619,云朵紫方块,,,,,,basic,,,,,,,1,1,1,0,0,2,,,,1,25,6,1,0,,0,,201619,10000,0,0,201619,10000,,,,2,15,0,,1,cloudblockpurple,,,blockd.stone,blockd.stone,,201619,1,1,,c1a661,,,,,1,,1,15,15,,6,,,1,,,,,,,0,,17,0,1,cloudblock_mix,50,,1,
201620,云朵门,201620,,,,,modbase,,,,,,,1,1,1,2,0,2,,,,1,25,6,1,0,,0,,201620,10000,0,0,201620,10000,,,,2,1,0,,1,,,,blockd.stone,blockd.stone,,201620,1,1,,c1a661,,,,,1,,0,15,15,,1,,,2,,,,,,,0,,17,2,0,,50,,,
201621,云朵视窗,201621,,,,,modbase,,,,,,,1,1,1,2,0,2,,,,,25,6,1,0,,0,,201621,10000,0,0,201621,10000,,,,0,1,0,,1,cloudwindow,cloudwindow,,blockd.stone,blockd.stone,,201621,1,1,,c1a661,,,,,1,,0,15,15,,1,,,1,,,,,,,1,,17,2,0,,50,,,
201622,云朵天窗,201622,,,,,modbase,,,,,,,1,1,1,2,0,2,,,,1,25,6,1,0,,0,,201622,10000,0,0,201622,10000,,,,0,1,0,,1,cloudskylight,cloudskylight,,blockd.stone,blockd.stone,,201622,1,1,,c1a661,,,,,1,,0,15,15,,1,,,1,,,,,,,1,,17,2,0,,50,,,
201623,云朵阶梯,201623,,,,,modbase,,,,,,,1,1,1,2,0,2,,,,,25,6,1,0,,0,,201623,10000,0,0,201623,10000,,,,2,1,0,,1,cloudstair,cloudstair,,blocks.cloth,blockd.stone,,201623,1,1,,c1a661,,,,,1,,0,15,15,,1,,,1,,,,,,,1,,17,2,0,,50,,,
201624,云朵懒人沙发,201624,,,,,modbase,,,,,,,1,1,1,2,0,2,,,,,30,12,1,1,10,1,,201624,10000,0,0,201624,10000,,,,2,1,0,,1,,,,blocks.cloth,blockd.cloth,,201624,1,1,,c1a661,,,,,1,,0,15,15,,1,,,2,,,,,,,1,,17,2,0,,50,,,
201625,云朵躺椅,201625,,,,,modbase,,,,,,,1,1,1,2,0,2,,,,,25,6,1,0,,0,,201625,10000,0,0,201625,10000,,,,2,1,0,,1,cloudrecliner,cloudrecliner,,blockd.stone,blockd.stone,,201625,1,1,,c1a661,,,,,1,,0,15,15,,1,,,2,,,,,,,1,,17,2,0,,50,,,
201626,云朵软床,201626,,,,,modbase,,,,,,,1,1,1,2,0,2,,,,,40,15,1,1,5,1,,201626,10000,0,0,201626,10000,,,,2,1,0,,1,,,,blockd.stone,blockd.stone,,201626,1,1,,c1a661,,,,,1,,0,15,15,,1,,,1,,,,,,,1,,17,2,0,,50,,,
201627,云朵衣橱,201627,,,,,modbase,,,,,,,1,1,1,2,0,2,,,,,35,12,1,1,5,0,,201627,10000,0,0,201627,10000,,,,2,1,0,,1,,,,blockd.stone,blockd.stone,,201627,1,1,,c1a661,,,,,1,,0,15,15,,1,,,2,,,,,,,1,,17,2,0,,50,,,
201628,云朵小储物箱,201628,,,,,modbase,,,,,,,1,1,1,2,0,2,,,,1,25,10,1,2,20,0,,201628,10000,0,0,201628,10000,,,,2,1,0,,1,,,,blockd.stone,blockd.stone,,201628,1,1,,c1a661,,,,,1,,0,15,15,,1,,,2,,,,,,,1,,17,2,0,,50,,,
201629,云朵大储物箱,201629,,,,,modbase,,,,,,,1,1,1,2,0,2,,,,1,35,12,1,1,5,1,,201629,10000,0,0,201629,10000,,,,2,1,0,,1,,,,blockd.stone,blockd.stone,,201629,1,1,,c1a661,,,,,1,,0,15,15,,1,,,2,,,,,,,1,,17,2,0,,50,,,
201630,云朵圆桌,201630,,,,,modbase,,,,,,,1,1,1,2,0,2,,,,1,15,6,1,1,10,0,,201630,10000,0,0,201630,10000,,,,2,1,0,,1,,,,blocks.cloth,blockd.stone,,201630,1,1,,c1a661,,,,,1,,0,15,15,,1,,,1,,,,,,,1,,17,2,0,,50,,,
201631,云朵花盆,201631,,,,,modbase,,,,,,,1,1,1,2,0,0,,,,,0,0,1,0,,0,,201631,10000,0,0,201631,10000,,,,1,1,0,,1,,,,blocks.cloth,blockd.stone,,201631,0,1,,c1a661,,,,,1,,0,15,15,,1,,,1,,,,,,,0,,17,2,0,,50,,,
201632,云朵壁灯,201632,,,,,modbase,,,,,,,1,0,3,2,0,2,,,,,25,6,1,0,,0,,201632,10000,0,0,201632,10000,,,,2,1,0,,1,,,,blockd.stone,blockd.stone,,201632,1,1,,c1a661,,,,,1,,0,15,15,,1,,,1,,,,,,,1,,17,2,0,,50,,,
201633,云朵吊灯,201633,,,,,modbase,,,,,,,1,1,1,2,0,2,,,,,10,5,1,0,,0,,201633,10000,0,0,201633,10000,,,,2,1,0,,1,,,,blockd.stone,blockd.stone,,201633,1,1,,c1a661,,,,,1,,0,15,15,,1,,,1,,,,,,,1,,17,2,0,,50,,,
201634,云朵地毯,201634,,,,,modbase,,,,,,,1,0,1,2,3,2,,,,,0,0,1,5,30,0,,201634,10000,0,0,201634,10000,,,,2,1,0,,1,cloudcarpet,cloudcarpet,,blocks.cloth,blockd.cloth,blockd.cloth,201634,0,1,,c1a661,,,,,1,,0,15,15,,1,,,1,,,,,,,1,,17,2,0,,50,,,
201635,云朵立牌,201635,,,,,modbase,,,,,,,1,1,1,2,0,2,,,,,25,6,1,0,,0,,201635,10000,0,0,201635,10000,,,,2,1,0,,1,cloudmessageboard,cloudmessageboard,,blockd.stone,blockd.stone,,201635,1,1,,c1a661,,,,,1,,0,15,15,,1,,,1,2,,,,,,1,,17,2,0,,50,,,
201636,云朵场景摆件,201636,,,,,modbase,,,,,,,1,1,1,2,0,2,,,,,30,12,1,0,,0,,201636,10000,0,0,201636,10000,,,,2,1,0,,1,,,,blocks.cloth,blockd.cloth,,201636,1,1,,c1a661,,,,,1,,0,15,15,,1,,,2,,,,,,,1,,17,2,0,,50,,,
201637,云朵喷泉,201637,,,,,modbase,,,,,,,1,1,1,2,0,2,,,,,30,12,1,0,,0,,201637,10000,0,0,201637,10000,,,,2,1,0,,1,,,,blockd.stone,blockd.stone,,201637,1,1,,c1a661,,,,,1,,0,15,15,,1,,,2,,,,,,,1,,17,2,0,,50,,,
201639,奶牛凳子,201639,,,,,modbase,,,,,,,1,1,1,2,0,2,,,,,25,6,1,0,,0,,201639,10000,0,0,201639,10000,,,,2,1,0,,1,cowstool,cowstool,,blocks.wood,blockd.wood,,201639,1,1,,c1a661,,,,,1,,0,15,15,,1,,,1,,,,,,,1,,17,2,0,,10,,,
201640,狗狗茶几,201640,,,,,furniture,,,,,,,1,1,1,0,0,2,,,,1,15,6,1,1,10,0,,201640,10000,0,0,201640,10000,,,,2,1,0,,1,clawtable,clawtable,,blocks.wood,blockd.wood,blockd.wood,201640,1,1,,7b4b30c,,,,,1,,1,15,15,,1,,,1,,,,,,,1,,17,0,1,,10,,1,
201641,宠物坐垫,201641,,,,,modbase,,,,,,,1,1,1,2,0,2,,,,,25,6,1,0,,0,,201641,10000,0,0,201641,10000,,,,2,1,0,,1,petcushion,petcushion,,blocks.cloth,blockd.cloth,blockd.cloth,201641,1,1,,c1a661,,,,,1,,0,15,15,,1,,,1,,,,,,,1,,17,2,0,,10,,,
201642,宠物地垫,201642,,,,,modbase,,,,,,,1,0,1,2,3,2,,,,,0,0,1,5,30,0,,201642,10000,0,0,201642,10000,,,,1,1,0,,1,petmat,petmat,,blocks.cloth,blockd.cloth,blockd.cloth,201642,0,1,,FAFFF0,,,,,1,,0,15,15,,1,,,1,3,,,,,,1,,17,2,0,,10,,,
201643,储物格,201643,,,,,modbase,,,,,,,1,1,1,2,0,2,,,,1,25,10,1,2,20,0,,201643,10000,0,0,201643,10000,,,,2,1,0,,1,storagebox,storagebox,,blocks.wood,blockd.wood,,201643,1,1,,c1a661,,,,,1,,0,15,15,,1,,,2,,,,,,,1,,17,2,0,,10,,,
201644,置物格,201644,,,,,modbase,,,,,,,1,1,1,2,0,2,,,,1,25,10,1,2,20,0,,201644,10000,0,0,201644,10000,,,,2,1,0,,1,cubby,cubby,,blocks.wood,blockd.wood,,201644,1,1,,c1a661,,,,,1,,0,15,15,,1,,,2,,,,,,,1,,17,2,0,,10,,,
201645,熊猫壁灯,201645,,,,,modbase,,,,,,,1,0,3,2,0,2,,,,,25,6,1,0,,0,,201645,10000,0,0,201645,10000,,,,2,1,0,,1,pandalamp,pandalamp,,blocks.wood,blockd.wood,blockd.stone,201645,1,1,,7b4b42c,,,,,1,,0,15,15,,1,,,1,,,,,,,1,,17,2,0,,10,,,
201646,兔子灯,201646,,,,,modbase,,,,,,,1,1,1,2,0,2,,,,,10,5,1,0,,0,,201646,10000,0,0,201646,10000,,,,2,1,0,,1,rabbitlamp,rabbitlamp,,blocks.wood,blockd.wood,blockd.stone,201646,1,1,,7b4b42c,,,,,1,,0,15,15,,1,,,1,,,,,,,1,,17,2,0,,10,,,2
201647,猫猫顶灯,201647,,,,,modbase,,,,,,,1,1,1,2,0,2,,,,,10,5,1,0,,0,,201647,10000,0,0,201647,10000,,,,2,1,0,,1,catceilinglight,catceilinglight,,blocks.wood,blockd.wood,blockd.stone,201647,1,1,,7b4b42c,,,,,1,,0,15,15,,1,,,1,,,,,,,1,,17,2,0,,10,,,2
201648,泡泡吊灯,201648,,,,,modbase,,,,,,,1,0,3,2,0,2,,,,,25,6,1,0,,0,,201648,10000,0,0,201648,10000,,,,2,1,0,,1,catdomelight,catdomelight,,blocks.wood,blockd.wood,blockd.stone,201648,1,1,,7b4b42c,,,,,1,,0,15,15,,1,,,1,,,,,,,1,,17,2,0,,10,26,,2
201649,树枝灯,201649,,,,,modbase,,,,,,,1,1,1,2,0,2,,,,,15,3,1,0,,0,,201649,10000,0,0,201649,10000,,,,2,1,0,,1,branchlight,branchlight,,blocks.wood,blockd.wood,blockd.stone,201649,1,1,,7b4b42c,,,,,1,,0,15,15,,1,,,1,,,,,,,1,,17,2,0,,10,,,2
201650,平衡木,,,,,,furniture,,,,,,,1,1,1,2,0,2,,,,,25,6,1,0,,0,,201650,10000,0,0,201650,10000,,,,1,1,0,,1,balancebeam,balancebeam,,blocks.wood,blockd.wood,,201650,1,1,,c1a661,,,,,1,,0,15,15,,1,,,1,,,,,,,1,,17,2,0,,10,,1,
201651,木地板,,,,,,basic,,,,,,,1,1,1,0,0,2,,,,1,25,6,1,0,,0,,201651,10000,0,0,201651,10000,,,,2,15,0,,1,woodenfloor,,,blocks.wood,blockd.wood,,201651,1,1,,c1a661,,,,,1,,1,15,15,,6,,,1,,,,,,,0,,17,0,1,,10,,1,
201652,猫架基座平板,,,,,,furniture,,,,,,,1,1,1,0,0,2,,,,1,25,10,1,2,20,0,,201652,10000,0,0,201652,10000,,,,2,1,0,,1,cattreebaseplate,cattreebaseplate,,blocks.wood,blockd.wood,,201652,1,1,,c1a661,,,,,1,,1,15,15,,1,,,1,,,,,,,1,,17,0,1,,10,26,1,
201653,猫架半板带单柱,,,,,,furniture,,,,,,,1,1,1,0,0,2,,,,1,25,10,1,2,20,0,,201653,10000,0,0,201653,10000,,,,2,1,0,,1,cattreecolumn,cattreecolumn,,blocks.wood,blockd.wood,,201653,1,1,,c1a661,,,,,1,,1,15,15,,1,,,1,,,,,,,1,,17,0,1,,10,,1,
201654,猫架楼梯,,,,,,furniture,,,,,,,1,1,1,0,0,2,,,,1,25,10,1,2,20,0,,201654,10000,0,0,201654,10000,,,,2,1,0,,1,cattreestairs,cattreestairs,,blocks.wood,blockd.wood,,201654,1,1,,c1a661,,,,,1,,1,15,15,,1,,,1,,,,,,,1,,17,0,1,,10,26,1,
201655,猫架圆顶带单柱,,,,,,furniture,,,,,,,1,1,1,0,0,2,,,,1,25,6,1,2,30,0,,201655,10000,0,0,201655,10000,,,,2,1,0,,1,cattreeroundtop,cattreeroundtop,,blocks.wood,blockd.wood,,201655,1,1,,c1a661,,,,,1,,1,15,15,,1,,,1,,,,,,,1,,17,0,1,,10,,1,
201656,猫架方箱,,,,,,furniture,,,,,,,1,1,1,0,0,2,,,,1,25,10,1,2,20,0,,201656,10000,0,0,201656,10000,,,,2,1,0,,1,cattreebox,cattreebox,,blocks.wood,blockd.wood,,201656,1,1,,c1a661,,,,,1,,1,15,15,,1,,,1,,,,,,,1,,17,0,1,,10,,1,
201660,花小楼沙发,201660,,,,,shafa,,,,,,,1,1,1,0,0,2,,,,,25,12,1,1,10,1,,201660,10000,0,0,201660,10000,,,,2,1,0,,1,huaxiaolousofa,huaxiaolousofa,,blocks.wood,blockd.wood,,201660,1,1,,dfdbc2,,,,,1,,1,15,15,,1,,,1,3,,,,,,1,,17,0,1,,50,1,1,
201661,花小楼床,201661,,,,,modbase,,,,,,,1,1,1,2,0,2,,,,,40,15,1,1,5,1,,201661,10000,0,0,201661,10000,,,,2,1,0,,1,huaxiaoloubed,huaxiaoloubed,,blocks.wood,blockd.wood,,201661,2,1,,c1a661,,,,,1,,0,15,15,,1,,,1,,,,,,,1,,17,2,0,,50,1,,
201662,花小楼衣柜,201662,,,,,modbase,,,,,,,1,1,1,2,0,2,,,,,35,12,1,1,5,0,,201662,10000,0,0,201662,10000,,,,2,1,0,,1,,,,blocks.wood,blockd.wood,,201662,2,1,,c1a661,,,,,1,,0,15,15,,1,,,2,,,,,,,1,,17,2,0,,50,,,
201663,花小楼方桌,201663,,,,,modbase,,,,,,,1,1,1,2,0,2,,,,1,25,6,1,0,,0,,201663,10000,0,0,201663,10000,,,,2,1,0,,1,huaxiaoloutable,huaxiaoloutable,,blocks.wood,blockd.wood,,201663,1,1,,c1a661,,,,,1,,0,15,15,,1,,,1,,,,,,,0,,17,2,0,,50,,,
201664,花小楼暖炉,201664,,,,,modbase,,,,,,,1,1,1,2,0,2,,,,,50,18,1,0,,0,,201664,10000,0,0,201664,10000,,,,2,1,0,,1,huaxiaoloufireplace,huaxiaoloufireplace,,blocks.wood,blockd.wood,,201664,1,1,,84684c,,,,,1,,0,15,15,,1,,,10,3,,,,,,1,,17,2,0,,50,,,
201665,花小楼冰箱,201665,,,,,modbase,,,,,,,1,1,1,2,0,2,,,,,35,12,1,1,5,0,,201665,10000,0,0,201665,10000,,,,2,1,0,,1,,,,blocks.wood,blockd.wood,,201665,2,1,,c1a661,,,,,1,,0,15,15,,1,,,2,,,,,,,1,,17,2,0,,50,26,,
201666,花小楼方柜,201666,,,,,modbase,,,,,,,1,1,1,2,0,2,,,,,35,12,1,1,5,1,,201666,10000,0,0,201666,10000,,,,2,1,0,,1,,,,blocks.wood,blockd.wood,,201666,2,1,,c1a661,,,,,1,,0,15,15,,1,,,2,,,,,,,1,,17,2,0,,50,,,
201667,星谕梦榻,201667,starseerbed,starseerbed,,,modbase,,,,,,,1,1,1,2,0,2,,,,,40,15,1,1,5,1,,201667,10000,0,0,201667,10000,,,,2,1,0,,1,,,,blocks.wood,blockd.wood,,201667,2,1,,3B4866,,,,,1,,0,15,15,,1,,,1,,,,,,,1,,17,2,0,,50,,,
201668,星谕书柜,201668,arcanebookcase,arcanebookcase,,,modbase,,,,,,,1,1,1,2,0,2,,,,,35,12,1,1,5,1,,201668,10000,0,0,201668,10000,,,,2,1,0,,1,,,,blocks.wood,blockd.wood,,201668,2,1,,3B4866,,,,,1,,0,15,15,,1,,,2,,,,,,,1,,17,2,0,,50,,,
201669,星谕门扉,201669,starveildoor,starveildoor,,,modbase,,,,,,,1,1,1,2,0,2,,,,,30,12,1,1,20,1,,201669,10000,0,0,201669,10000,,,,2,1,0,,1,,,,blocks.wood,blockd.wood,,201669,1,1,,3B4866,,,,,1,,0,15,15,,1,,,2,,,,,,,1,,17,2,0,,50,,,
201670,星谕摇椅,201670,moonglowrocker,moonglowrocker,,,modbase,,,,,,,1,1,1,2,0,2,,,,,30,12,1,1,10,1,,201670,10000,0,0,201670,10000,,,,2,1,0,,1,,,,blocks.wood,blockd.wood,,201670,1,1,,3B4866,,,,,1,,0,15,15,,1,,,1,,,,,,,1,,17,2,0,,50,,,
201671,星谕方桌,201671,celestialtable,celestialtable,,,modbase,,,,,,,1,1,1,2,0,2,,,,1,25,6,1,0,,0,,201671,10000,0,0,201671,10000,,,,2,1,0,,1,,,,blocks.wood,blockd.wood,,201671,1,1,,3B4866,,,,,1,,0,15,15,,1,,,1,,,,,,,0,,17,2,0,,50,,,
201672,星谕衣橱,201672,radiantwardrobe,radiantwardrobe,,,modbase,,,,,,,1,1,1,2,0,2,,,,,35,12,1,1,5,0,,201672,10000,0,0,201672,10000,,,,2,1,0,,1,,,,blocks.wood,blockd.wood,,201672,2,1,,3B4866,,,,,1,,0,15,15,,1,,,2,,,,,,,1,,17,2,0,,50,,,
201673,星谕壁炉,201673,eternalhearth,eternalhearth,,,modbase,,,,,,,1,1,1,2,0,2,,,,,30,12,1,0,,0,,201673,10000,0,0,201673,10000,,,,2,1,0,,1,,,,blocks.wood,blockd.wood,,201673,2,1,,3B4866,,,,,1,,0,15,15,,1,,,2,,,,,,,1,,17,2,0,,50,,,
201674,星谕琉窗,201674,starlightwindow,starlightwindow,,,modbase,,,,,,,1,1,1,2,0,2,,,,,25,6,1,1,10,1,,201674,10000,0,0,201674,10000,,,,1,1,0,,1,,,,blocks.wood,blockd.wood,,201674,1,1,,3B4866,,,,,1,,0,15,15,,1,,,1,,,,,,,1,,17,2,0,,50,,,
201675,星谕织毯,201675,fateweaverug,fateweaverug,,,modbase,,,,,,,1,0,1,2,0,2,,,,,0,0,1,5,30,0,,201675,10000,0,0,201675,10000,,,,2,1,0,,1,,,,blocks.cloth,blockd.cloth,,201675,0,1,,3B4866,,,,,1,,0,15,15,,1,,,1,,,,,,,1,,17,2,0,,50,,,
201676,星谕晶灯,201676,starcrownlamp,starcrownlamp,,,modbase,,,,,,,1,1,1,2,0,2,,,,,10,5,1,0,,0,,201676,10000,0,0,201676,10000,,,,2,1,0,,1,,,,blocks.wood,blockd.wood,,201676,2,1,,3B4866,,,,,1,,0,15,15,,1,,,1,,,,,,,1,,17,2,0,,50,,,
201700,201700-201899为暑期其他方块预留,,,,,,,,,,,,,,,,,,,,,,,,,,,,,,,,,,,,,,,,,,,,,,,,,,,,,,,,,,,,,,,,,,,,,,,,,,,,,,,,,,,,
201701,蘑古石柱头,201701,,,,,modbase,1,4,4,,,,1,1,1,0,0,2,,,,,50,10,1,0,,0,,201701,10000,0,0,201701,10000,,,,2,1,0,,1,ColumnCapital,ColumnCapital,,blocks.stone,blockd.stone,blockd.stone,201701,2,1,,a6a899,,,,,,,1,15,15,,1,,,10,,,,,,,1,,17,2,0,,50,,,
201702,蘑古石柱身,201702,,,,,modbase,1,4,4,,,,1,1,1,0,0,2,,,,,50,10,1,0,,0,,201702,10000,0,0,201702,10000,,,,2,1,0,,1,ColumnShaft,ColumnShaft,,blocks.stone,blockd.stone,blockd.stone,201702,2,1,,a6a899,,,,,,,1,15,15,,1,,,10,,,,,,,1,,17,2,0,,50,,,
201703,蘑古石柱基座,201703,,,,,modbase,1,4,4,,,,1,1,1,0,0,2,,,,,50,10,1,0,,0,,201703,10000,0,0,201703,10000,,,,2,1,0,,1,ColumnBase,ColumnBase,,blocks.stone,blockd.stone,blockd.stone,201703,2,1,,a6a899,,,,,,,1,15,15,,1,,,10,,,,,,,1,,17,2,0,,50,,,
201704,蘑古玻璃斜板,201704,MoguGlassSlope,MoguGlassSlope,,,modbase,,,,,,,1,1,1,0,0,2,,,,1,25,1,1,0,,0,,,,,,,,,,,2,15,0,,1,woodenfloor,newslope,,blocks.stone,blockd.glass,blockd.stone,201704,0,1,,c1a661,,,,,,,6,15,15,,6,,,1,,,,,,,1,,17,0,1,commonglass_mix,0.5,,,
201705,暗影荧菇灯,,ShadowGlowMushroomLamp,ShadowGlowMushroomLamp,,,fluorescentlamp,,,,,,,1,0,1,1,0,0,,,,,3,3,1,0,,0,,201705,10000,0,0,201705,10000,,,,0,1,14,,1,mushroomlamp,mushroomlamp,,blocks.stone,blockd.stone,,201705,2,1,,a6a899,,,,,,,0,15,0,,1,,,1,3,,,,,,0,8faab5,17,1,0,,0.2,26,,
201706,菇伞块,,,,,,basic,2,4,4,,,,1,1,1,0,0,0,,,,1,35,4,1,0,,0,,201706,10000,0,0,201706,10000,,,,2,15,0,,1,mushroomcap,,,blocks.wood,blockd.wood,,201706,1,1,,f5cd96,,,,,,,1,15,15,,1,,,1,,,,,,,0,,255,0,1,,0.2,,1,
201707,菇伞染色块,,,,,,basic,,4,4,,,,1,1,1,0,0,0,,,,1,35,4,1,0,,0,,201707,10000,0,0,201707,10000,,,,2,15,0,,1,mushroomcap,,,blocks.wood,blockd.wood,,201707,1,1,,eae6e1,,,,,,201706,1,15,15,,1,,,1,,,,,,,0,,255,0,1,,0.2,,1,
201708,菇伞染色块,,,,,,basic,,4,4,,,,1,1,1,0,0,0,,,,1,35,6,1,0,,0,,201708,10000,0,0,201708,10000,,,,2,15,0,,1,mushroomcap,,,blocks.wood,blockd.wood,,201708,1,1,,e28252,,,,,,201706,1,15,15,,1,,,1,,,,,,,0,,255,0,1,,0.2,,1,
201709,菇伞染色块,,,,,,basic,,4,4,,,,1,1,1,0,0,0,,,,1,35,6,1,0,,0,,201709,10000,0,0,201709,10000,,,,2,15,0,,1,mushroomcap,,,blocks.wood,blockd.wood,,201709,1,1,,de6bf9,,,,,,201706,1,15,15,,1,,,1,,,,,,,0,,255,0,1,,0.2,,1,
201710,菇伞染色块,,,,,,basic,,4,4,,,,1,1,1,0,0,0,,,,1,35,6,1,0,,0,,201710,10000,0,0,201710,10000,,,,2,15,0,,1,mushroomcap,,,blocks.wood,blockd.wood,,201710,1,1,,5cb8ee,,,,,,201706,1,15,15,,1,,,1,,,,,,,0,,255,0,1,,0.2,,1,
201711,菇伞染色块,,,,,,basic,,4,4,,,,1,1,1,0,0,0,,,,1,35,6,1,0,,0,,201711,10000,0,0,201711,10000,,,,2,15,0,,1,mushroomcap,,,blocks.wood,blockd.wood,,201711,1,1,,e8db7d,,,,,,201706,1,15,15,,1,,,1,,,,,,,0,,255,0,1,,0.2,,1,
201712,菇伞染色块,,,,,,basic,,4,4,,,,1,1,1,0,0,0,,,,1,35,6,1,0,,0,,201712,10000,0,0,201712,10000,,,,2,15,0,,1,mushroomcap,,,blocks.wood,blockd.wood,,201712,1,1,,97cb4b,,,,,,201706,1,15,15,,1,,,1,,,,,,,0,,255,0,1,,0.2,,1,
201713,菇伞染色块,,,,,,basic,,4,4,,,,1,1,1,0,0,0,,,,1,35,6,1,0,,0,,201713,10000,0,0,201713,10000,,,,2,15,0,,1,mushroomcap,,,blocks.wood,blockd.wood,,201713,1,1,,ec7dba,,,,,,201706,1,15,15,,1,,,1,,,,,,,0,,255,0,1,,0.2,,1,
201714,菇伞染色块,,,,,,basic,,4,4,,,,1,1,1,0,0,0,,,,1,35,6,1,0,,0,,201714,10000,0,0,201714,10000,,,,2,15,0,,1,mushroomcap,,,blocks.wood,blockd.wood,,201714,1,1,,a19d99,,,,,,201706,1,15,15,,1,,,1,,,,,,,0,,255,0,1,,0.2,,1,
201715,菇伞染色块,,,,,,basic,,4,4,,,,1,1,1,0,0,0,,,,1,35,6,1,0,,0,,201715,10000,0,0,201715,10000,,,,2,15,0,,1,mushroomcap,,,blocks.wood,blockd.wood,,201715,1,1,,d2cdc7,,,,,,201706,1,15,15,,1,,,1,,,,,,,0,,255,0,1,,0.2,,1,
201716,菇伞染色块,,,,,,basic,,4,4,,,,1,1,1,0,0,0,,,,1,35,6,1,0,,0,,201716,10000,0,0,201716,10000,,,,2,15,0,,1,mushroomcap,,,blocks.wood,blockd.wood,,201716,1,1,,50d8d5,,,,,,201706,1,15,15,,1,,,1,,,,,,,0,,255,0,1,,0.2,,1,
201717,菇伞染色块,,,,,,basic,,4,4,,,,1,1,1,0,0,0,,,,1,35,6,1,0,,0,,201717,10000,0,0,201717,10000,,,,2,15,0,,1,mushroomcap,,,blocks.wood,blockd.wood,,201717,1,1,,8e32c3,,,,,,201706,1,15,15,,1,,,1,,,,,,,0,,255,0,1,,0.2,,1,
201718,菇伞染色块,,,,,,basic,,4,4,,,,1,1,1,0,0,0,,,,1,35,6,1,0,,0,,201718,10000,0,0,201718,10000,,,,2,15,0,,1,mushroomcap,,,blocks.wood,blockd.wood,,201718,1,1,,4e5ccd,,,,,,201706,1,15,15,,1,,,1,,,,,,,0,,255,0,1,,0.2,,1,
201719,菇伞染色块,,,,,,basic,,4,4,,,,1,1,1,0,0,0,,,,1,35,6,1,0,,0,,201719,10000,0,0,201719,10000,,,,2,15,0,,1,mushroomcap,,,blocks.wood,blockd.wood,,201719,1,1,,694a34,,,,,,201706,1,15,15,,1,,,1,,,,,,,0,,255,0,1,,0.2,,1,
201720,菇伞染色块,,,,,,basic,,4,4,,,,1,1,1,0,0,0,,,,1,35,6,1,0,,0,,201720,10000,0,0,201720,10000,,,,2,15,0,,1,mushroomcap,,,blocks.wood,blockd.wood,,201720,1,1,,50c472,,,,,,201706,1,15,15,,1,,,1,,,,,,,0,,255,0,1,,0.2,,1,
201721,菇伞染色块,,,,,,basic,,4,4,,,,1,1,1,0,0,0,,,,1,35,6,1,0,,0,,201721,10000,0,0,201721,10000,,,,2,15,0,,1,mushroomcap,,,blocks.wood,blockd.wood,,201721,1,1,,d23d41,,,,,,201706,1,15,15,,1,,,1,,,,,,,0,,255,0,1,,0.2,,1,
201722,菇伞染色块,,,,,,basic,,4,4,,,,1,1,1,0,0,0,,,,1,35,6,1,0,,0,,201722,10000,0,0,201722,10000,,,,2,15,0,,1,mushroomcap,,,blocks.wood,blockd.wood,,201722,1,1,,150e0a,,,,,,201706,1,15,15,,1,,,1,,,,,,,0,,255,0,1,,0.2,,1,
201723,菇伞染色块,,,,,,basic,,4,4,,,,1,1,1,0,0,0,,,,1,35,6,1,0,,0,,201723,10000,0,0,201723,10000,,,,2,15,0,,1,mushroomcap,,,blocks.wood,blockd.wood,,201723,1,1,,FF4002,,,,,,201706,1,15,15,,1,,,1,,,,,,,0,,255,0,1,,0.2,,1,
201724,菇伞染色块,,,,,,basic,,4,4,,,,1,1,1,0,0,0,,,,1,35,6,1,0,,0,,201724,10000,0,0,201724,10000,,,,2,15,0,,1,mushroomcap,,,blocks.wood,blockd.wood,,201724,1,1,,FFA102,,,,,,201706,1,15,15,,1,,,1,,,,,,,0,,255,0,1,,0.2,,1,
201725,菇伞染色块,,,,,,basic,,4,4,,,,1,1,1,0,0,0,,,,1,35,6,1,0,,0,,201725,10000,0,0,201725,10000,,,,2,15,0,,1,mushroomcap,,,blocks.wood,blockd.wood,,201725,1,1,,5223DB,,,,,,201706,1,15,15,,1,,,1,,,,,,,0,,255,0,1,,0.2,,1,
201726,菇伞染色块,,,,,,basic,,4,4,,,,1,1,1,0,0,0,,,,1,35,6,1,0,,0,,201726,10000,0,0,201726,10000,,,,2,15,0,,1,mushroomcap,,,blocks.wood,blockd.wood,,201726,1,1,,B2FF02,,,,,,201706,1,15,15,,1,,,1,,,,,,,0,,255,0,1,,0.2,,1,
201727,菇伞染色块,,,,,,basic,,4,4,,,,1,1,1,0,0,0,,,,1,35,6,1,0,,0,,201727,10000,0,0,201727,10000,,,,2,15,0,,1,mushroomcap,,,blocks.wood,blockd.wood,,201727,1,1,,FFF476,,,,,,201706,1,15,15,,1,,,1,,,,,,,0,,255,0,1,,0.2,,1,
201728,菇伞染色块,,,,,,basic,,4,4,,,,1,1,1,0,0,0,,,,1,35,6,1,0,,0,,201728,10000,0,0,201728,10000,,,,2,15,0,,1,mushroomcap,,,blocks.wood,blockd.wood,,201728,1,1,,FFBB85,,,,,,201706,1,15,15,,1,,,1,,,,,,,0,,255,0,1,,0.2,,1,
201729,菇伞染色块,,,,,,basic,,4,4,,,,1,1,1,0,0,0,,,,1,35,6,1,0,,0,,201729,10000,0,0,201729,10000,,,,2,15,0,,1,mushroomcap,,,blocks.wood,blockd.wood,,201729,1,1,,C685FA,,,,,,201706,1,15,15,,1,,,1,,,,,,,0,,255,0,1,,0.2,,1,
201730,菇伞染色块,,,,,,basic,,4,4,,,,1,1,1,0,0,0,,,,1,35,6,1,0,,0,,201730,10000,0,0,201730,10000,,,,2,15,0,,1,mushroomcap,,,blocks.wood,blockd.wood,,201730,1,1,,7B7101,,,,,,201706,1,15,15,,1,,,1,,,,,,,0,,255,0,1,,0.2,,1,
201731,菇伞染色块,,,,,,basic,,4,4,,,,1,1,1,0,0,0,,,,1,35,6,1,0,,0,,201731,10000,0,0,201731,10000,,,,2,15,0,,1,mushroomcap,,,blocks.wood,blockd.wood,,201731,1,1,,011D7B,,,,,,201706,1,15,15,,1,,,1,,,,,,,0,,255,0,1,,0.2,,1,
201732,菇伞染色块,,,,,,basic,,4,4,,,,1,1,1,0,0,0,,,,1,35,6,1,0,,0,,201732,10000,0,0,201732,10000,,,,2,15,0,,1,mushroomcap,,,blocks.wood,blockd.wood,,201732,1,1,,7B3701,,,,,,201706,1,15,15,,1,,,1,,,,,,,0,,255,0,1,,0.2,,1,
201733,菇伞染色块,,,,,,basic,,4,4,,,,1,1,1,0,0,0,,,,1,35,6,1,0,,0,,201733,10000,0,0,201733,10000,,,,2,15,0,,1,mushroomcap,,,blocks.wood,blockd.wood,,201733,1,1,,420176,,,,,,201706,1,15,15,,1,,,1,,,,,,,0,,255,0,1,,0.2,,1,
201734,菇伞染色块,,,,,,basic,,4,4,,,,1,1,1,0,0,0,,,,1,35,6,1,0,,0,,201734,10000,0,0,201734,10000,,,,2,15,0,,1,mushroomcap,,,blocks.wood,blockd.wood,,201734,1,1,,077B01,,,,,,201706,1,15,15,,1,,,1,,,,,,,0,,255,0,1,,0.2,,1,
201735,星辉窗帘,201735,starcurtain,starcurtain,,,modbase,,4,4,,,,1,0,1,1,3,2,,,,,0,0,1,1,20,1,,201735,10000,0,0,201735,10000,,,,0,1,0,,1,starlightcurtain,starlightcurtain,,blocks.wood,blockd.wood,,201735,,1,,c1a661,,,,,,,0,15,15,,1,,,1,,,,,,,1,,17,2,0,,0.5,1,,
201736,星辉门,201736,starlightdoor,starlightdoor,,,modbase,,4,4,,,,1,1,1,2,0,2,,,,,25,25,1,0,,0,,201736,10000,0,0,201736,10000,,,,2,1,0,,1,,,,blocks.wood,blockd.wood,,201736,1,1,,c1a661,,,,,,,0,15,15,,1,,,1,,,,,,,1,,17,2,0,,0.5,26,,
201737,星辉窗,201737,starlightwindow,starlightwindow,,,modbase,,4,4,,,,1,1,1,2,0,2,,,,,25,25,1,0,,0,,201737,10000,0,0,201737,10000,,,,2,1,0,,1,,,,blocks.wood,blockd.wood,,201737,1,1,,c1a661,,,,,,,0,15,15,,1,,,1,,,,,,,1,,17,2,0,,0.5,,,
201738,星辉圆桌,201738,starlightroundtable,starlightroundtable,,,modbase,,4,4,,,,1,1,1,2,0,2,,,,,15,15,1,1,10,0,,201738,10000,0,0,201738,10000,,,,2,1,0,,1,starlightroundtable,starlightroundtable,,blocks.wood,blockd.wood,,201738,1,1,,c1a661,,,,,,,0,15,15,,1,,,1,,,,,,,0,,17,2,0,,0.5,,,
201739,星辉椅,201739,starlightchair,starlightchair,,,modbase,,4,4,,,,1,1,1,2,0,2,,,,,25,25,1,0,,0,,201739,10000,0,0,201739,10000,,,,2,1,0,,1,starlightchair,starlightchair,,blocks.wood,blockd.wood,,201739,1,1,,c1a661,,,,,,,0,15,15,,1,,,1,,,,,,,1,,17,2,0,,0.5,26,,
201740,星辉衣柜,201740,starlightwardrobe,starlightwardrobe,,,modbase,,4,4,,,,1,1,1,2,0,2,,,,,25,25,1,0,,0,,201740,10000,0,0,201740,10000,,,,2,1,0,,1,,,,blocks.wood,blockd.wood,,201740,1,1,,c1a661,,,,,,,0,15,15,,1,,,1,,,,,,,1,,17,2,0,,0.5,26,,
201741,星辉储物箱,201741,starlightchest,starlightchest,,,modbase,,4,4,,,,1,1,1,0,0,2,,,,,25,25,1,2,20,0,,201741,10000,0,0,201741,10000,,,,2,1,0,,1,,,,blocks.wood,blockd.wood,,201741,1,1,,c1a661,,,,,,,0,15,15,,1,,,10,,,,,,,1,,17,2,0,,0.5,26,,
201742,星辉床,201742,starlightbed,starlightbed,,,modbase,,4,4,,,,1,1,1,0,0,2,,,,,25,25,1,0,,0,,201742,10000,0,0,201742,10000,,,,2,1,0,,1,starlightbed,starlightbed,,blocks.wood,blockd.wood,,201742,1,1,,c1a661,,,,,,,0,15,15,,1,,,1,3,,,,,,1,,17,2,0,,0.5,26,,
201743,星辉火盆灯,201743,starlightfirelamp,starlightfirelamp,,,modbase,,4,4,,,,1,1,3,1,0,2,,,,,25,25,1,0,,0,,201743,10000,0,0,201743,10000,,,,2,1,14,,1,starlightfirelamp,starlightfirelamp,,blocks.wood,blockd.wood,,201743,1,1,,c1a661,,,,,,,0,15,15,,1,,,1,,,,,,,0,ffdb5d,17,2,0,,0.5,2,,
201744,星辉书柜,201744,starlightbookshelf,starlightbookshelf,,,modbase,,4,4,,,,1,1,1,0,0,0,,,,,24,24,1,5,20,5,,201744,10000,0,0,201744,10000,,,,2,1,0,,1,starlightbookshelf,starlightbookshelf,,blocks.wood,blockd.wood,,201744,1,1,,894e1c,,,,,,,0,15,15,,1,,,1,3,,,,,,1,,17,2,0,,0.2,,,
201745,星辉地毯,,starlightcarpet,starlightcarpet,,,blanket,,4,4,,,,1,1,1,1,0,2,,,,,0,0,1,0,,0,,201745,10000,0,0,201745,10000,,,,2,1,0,,1,starlightcarpet,starlightcarpet,,blocks.cloth,blockd.cloth,blockd.cloth,201745,,1,,7b4b124c,,,,,,,0,15,15,,1,,,1,3,,,,,,0,,17,2,0,,0.5,,,
201747,蘑菇门,201747,mushroomdoor,mushroomdoor,,,modbase,,4,4,,,,1,1,1,2,0,2,,,,,25,10,1,0,,0,,201747,10000,0,0,201747,10000,,,,2,1,0,,1,,,,blocks.wood,blockd.wood,,201747,1,1,,a6a899,,,,,,,0,15,15,,1,,,1,,,,,,,1,,17,2,0,,0.5,26,,
201748,蘑菇窗,201748,mushroomwindow,mushroomwindow,,,modbase,,4,4,,,,1,1,1,2,0,2,,,,,25,10,1,0,,0,,201748,10000,0,0,201748,10000,,,,2,1,0,,1,,,,blocks.wood,blockd.wood,,201748,1,1,,a6a899,,,,,,,0,15,15,,1,,,1,,,,,,,1,,17,2,0,,0.5,,,
201749,蘑菇圆桌,201749,mushroomroundtable,mushroomroundtable,,,modbase,,4,4,,,,1,1,1,2,0,2,,,,,15,10,1,1,10,0,,201749,10000,0,0,201749,10000,,,,2,1,0,,1,mushroomroundtable,mushroomroundtable,,blocks.wood,blockd.wood,,201749,1,1,,a6a899,,,,,,,0,15,15,,1,,,1,,,,,,,0,,17,2,0,,0.5,,,
201750,蘑菇矮凳,201750,mushroomstool,mushroomstool,,,modbase,,4,4,,,,1,1,1,2,0,2,,,,,25,10,1,0,,0,,201750,10000,0,0,201750,10000,,,,2,1,0,,1,mushroomstool,mushroomstool,,blocks.wood,blockd.wood,,201750,1,1,,a6a899,,,,,,,0,15,15,,1,,,1,,,,,,,1,,17,2,0,,0.5,,,
201751,蘑菇箱,201751,mushroomchest,mushroomchest,,,modbase,,4,4,,,,1,1,1,0,0,2,,,,,25,10,1,2,20,0,,201751,10000,0,0,201751,10000,,,,2,1,0,,1,,,,blocks.wood,blockd.wood,,201751,1,1,,a6a899,,,,,,,0,15,15,,1,,,10,,,,,,,1,,17,2,0,,0.5,,,
201752,蘑菇灯,201752,mushroomwalllamp,mushroomwalllamp,,,modbase,,4,4,,,,1,0,3,1,0,2,,,,,25,10,1,0,,0,,201752,10000,0,0,201752,10000,,,,2,1,14,,1,mushroomwalllamp,mushroomwalllamp,,blocks.wood,blockd.wood,,201752,1,1,,a6a899,,,,,,,0,15,15,,1,,,1,,,,,,,1,cbc396,17,2,0,,0.5,,,
201753,蘑菇杂物柜,201753,mushroomcabinet,mushroomcabinet,,,modbase,,4,4,,,,1,1,1,2,0,2,,,,,25,10,1,0,,0,,201753,10000,0,0,201753,10000,,,,2,1,0,,1,mushroomcabinet,mushroomcabinet,,blocks.wood,blockd.wood,,201753,1,1,,a6a899,,,,,,,0,15,15,,1,,,1,,,,,,,1,,17,2,0,,0.5,26,,
201754,符文方块-赤红,201754,runecube_crimson,,,,modbase,,,,,,,1,1,1,0,0,2,,,,,100,10,1,0,,0,,201754,10000,0,0,201754,10000,,,,2,1,0,,1,runecube_crimson_notactivated,runecube,,blocks.stone,blockd.stone,,201754,2,1,,C0C0C0,,,,,,,0,15,15,,1,,,10,,,,,,,1,,17,2,0,,0.5,,,
201755,符文方块-湛蓝,201755,runecube_azure,,,,modbase,,,,,,,1,1,1,0,0,2,,,,,100,10,1,0,,0,,201755,10000,0,0,201755,10000,,,,2,1,0,,1,runecube_azure_notactivated,runecube,,blocks.stone,blockd.stone,,201755,2,1,,C0C0C0,,,,,,,0,15,15,,1,,,10,,,,,,,1,,17,2,0,,0.5,,,
201756,符文方块-碧绿,201756,runecube_emeraldgreen,,,,modbase,,,,,,,1,1,1,0,0,2,,,,,100,10,1,0,,0,,201756,10000,0,0,201756,10000,,,,2,1,0,,1,runecube_emeraldgreen_notactivated,runecube,,blocks.stone,blockd.stone,,201756,2,1,,C0C0C0,,,,,,,0,15,15,,1,,,10,,,,,,,1,,17,2,0,,0.5,,,
201757,符文方块-耀黄,201757,runecube_radiantyellow,,,,modbase,,,,,,,1,1,1,0,0,2,,,,,100,10,1,0,,0,,201757,10000,0,0,201757,10000,,,,2,1,0,,1,runecube_radiantyellow_notactivated,runecube,,blocks.stone,blockd.stone,,201757,2,1,,C0C0C0,,,,,,,0,15,15,,1,,,10,,,,,,,1,,17,2,0,,0.5,,,
201758,符文方块-幽紫,201758,runecube_purpleshadow,,,,modbase,,,,,,,1,1,1,0,0,2,,,,,100,10,1,0,,0,,201758,10000,0,0,201758,10000,,,,2,1,0,,1,runecube_purpleshadow_notactivated,runecube,,blocks.stone,blockd.stone,,201758,2,1,,C0C0C0,,,,,,,0,15,15,,1,,,10,,,,,,,1,,17,2,0,,0.5,,,
201759,符文方块-无,201759,runecube_none,,,,modbase,,,,,,,1,1,1,0,0,2,,,,,100,10,1,0,,0,,201759,10000,0,0,201759,10000,,,,2,1,0,,1,runecube_none_notactivated,runecube,,blocks.stone,blockd.stone,,201759,2,1,,C0C0C0,,,,,,,0,15,15,,1,,,10,,,,,,,1,,17,2,0,,0.5,,,
201760,蚀化召唤阵,201760,corrosion_ritual_circle,,,,modbase,,5,5,,,,1,0,1,2,0,2,,,,,3,200,1,0,,0,,,,,,,,,,,2,1,2,,1,corrosion_ritual_circle,corrosion_ritual_circle,,blocks.cloth,,,,,,,CA00FF,,,,,,,0,0,0,,1,,,1,3,,,,,,1,,17,2,0,,0.5,1,,
201761,星尘神像,201761,MeteorStatue,MeteorStatue,,,modbase,,5,5,,,,1,1,1,2,0,1,,,,,100,50,1,0,,0,,201762,10000,0,0,201762,10000,,,,1,1,6,,1,meteor_statue,meteor_statue,,blocks.stone,blockd.stone,blockd.stone,201761,2,5,,858487,,,,,1,,1,15,15,,1,,1,10,,,,,,,0,,17,2,0,,5,,,2
201762,破损的星尘神像,201762,MeteorStatueRuins,MeteorStatueRuins,,,modbase,,5,5,,,,1,1,1,2,0,1,,,,,100,20,1,0,,0,,201762,10000,0,0,201762,10000,,,,1,1,3,,1,meteor_statue_ruins,meteor_statue_ruins,,blocks.stone,blockd.stone,blockd.stone,201762,2,5,,84956c,,,,,,,1,15,15,,1,,1,10,,,,,,,0,,17,2,0,,5,,,
201763,流星块,201763,MeteorBlock,MeteorBlock,,,modbase,,4,4,,,,1,1,1,1,0,1,,,,,10,10,1,0,,0,,12020,10000,0,0,12020,10000,,,,1,1,8,,1,meteor_block,meteor_block,,blocks.stone,blockd.stone,,201763,2,5,,FF1493,,,,,,,1,15,15,,1,,0,10,,,,,,,0,,0,2,0,,10,,,
201764,蘑古玻璃竖薄板,201764,MoguGlassVaryverticalSlab,MoguGlassVaryverticalSlab,,,modbase,,,,,,,1,1,3,0,0,5,,,,,50,1,1,0,,0,,,,,,,,,,,2,15,0,,1,woodenfloor,newsverticalthinplate,,blocks.stone,blockd.glass,blockd.stone,201764,0,1,,84887e,,,,,,,2,15,15,,1,,,10,,,,,,,2,,255,0,1,,0.2,,,
201765,蘑古玻璃薄板,201765,MoguGlassSlab,MoguGlassSlab,,,modbase,,,,,,,1,1,3,0,0,2,,,,,100,1,1,0,,0,,,,,,,,,,,2,15,0,,1,woodenfloor,moguglassslab,,blocks.stone,blockd.glass,blockd.stone,201765,0,1,,87CEEB,,,,,,,2,15,15,,1,,,10,,,,,,,2,,128,0,1,,0.2,,,
201766,暗影铁栏门,,darkmetalfencegate,darkmetalfencegate,,,fencegate,,4,4,,,,1,1,1,0,0,2,,,,,25,25,1,0,,0,,201766,10000,0,0,201766,10000,,,,2,1,0,,1,darkmetalfencegate,darkmetalfencegate,,blocks.stone,blockd.stone,,201766,2,1,,4A4A4A,,,,,,,6,15,15,,1,,,1,,,,,,,1,,17,0,1,,0.5,26,,
201767,粉紫色发光菇块,,PinkPurpleGlowMushroomBlock,PinkPurpleGlowMushroomBlock,,,basic,,4,4,,,,1,1,1,0,0,0,,,,1,25,6,1,0,,0,,201767,10000,0,0,201767,10000,,,,2,1,14,,1,pinkpurpleglowmushroomblock,,,blocks.stone,blockd.stone,,201767,1,1,,d8a0f0,,,,,,,1,15,15,,6,,,1,,,,,,,0,,17,0,1,,10,,1,2
201768,淡黄色发光菇块,,LightYellowGlowMushroomBlock,LightYellowGlowMushroomBlock,,,basic,,4,4,,,,1,1,1,0,0,0,,,,1,25,6,1,0,,0,,201768,10000,0,0,201768,10000,,,,2,1,14,,1,lightyellowglowmushroomblock,,,blocks.stone,blockd.stone,,201768,1,1,,f0e090,,,,,,,1,15,15,,6,,,1,,,,,,,0,cbc396,17,0,1,,10,,1,2
201769,蘑菇落地灯,201769,mushroomfloorlamp,mushroomfloorlamp,,,modbase,,4,4,,,,1,1,1,2,0,2,,,,,15,3,1,0,,0,,201769,10000,0,0,201769,10000,,,,2,1,14,,1,mushroomfloorlamp,mushroomfloorlamp,,blocks.wood,blockd.wood,blockd.stone,201769,1,1,,a6a899,,,,,,,0,15,15,,1,,,1,,,,,,,1,cbc396,17,2,0,,10,,,2
201770,蘑菇小圆桌,201770,mushroomsmalltable,mushroomsmalltable,,,modbase,,4,4,,,,1,1,1,2,0,2,,,,1,25,6,1,0,,0,,201770,10000,0,0,201770,10000,,,,2,1,0,,1,mushroomsmalltable,mushroomsmalltable,,blocks.wood,blockd.wood,,201770,1,1,,c1a661,,,,,,,0,15,15,,1,,,1,,,,,,,0,,17,2,0,,0.5,,,
201771,星辉小榻,201771,starlightcrib,starlightcrib,,,modbase,,4,4,,,,1,1,1,0,0,2,,,,,25,25,1,0,,0,,201771,10000,0,0,201771,10000,,,,2,1,0,,1,starlightcrib,starlightcrib,,blocks.wood,blockd.wood,,201771,1,1,,c1a661,,,,,,,0,15,15,,1,,,1,,,,,,,1,,17,2,0,,0.5,,,
201900,201900-201999为暑期植物方块预留,,,,,,,,,,,,,,,,,,,,,,,,,,,,,,,,,,,,,,,,,,,,,,,,,,,,,,,,,,,,,,,,,,,,,,,,,,,,,,,,,,,,
201901,巨大荧菇柄,,GiantGlowMushroomstalks,GiantGlowMushroomstalks,,,log,,1,1,,,,1,1,1,0,0,0,,,,,10,2,1,5,10,10,,201901,10000,0,0,201901,10000,,,,2,1,6,,1,log_giantmushroom,,,blocks.wood,blockd.wood,,201901,1,1,,D8BFD8,,,,,,,1,15,15,,1,,,1,,,,,,,0,9caad9,255,0,1,,0.2,,,
201904,粉色巨大荧菇伞,,GiantGlowMushroomCapPink,GiantGlowMushroomCapPink,,,bigglowmushroom,,1,1,,,,1,1,1,0,0,0,,,,,10,4,1,5,20,10,,201904,10000,0,0,201904,10000,,,,2,1,6,,1,giantmushroompink,,,blockd.grass,blockd.grass,,201904,1,1,,DDA0DD,,,,,,,1,15,15,,1,,,1,,,,,,,0,a49988,255,0,1,,0.5,,,
201905,紫色巨大荧菇伞,,GiantGlowMushroomCapPurper,GiantGlowMushroomCapPurper,,,bigglowmushroom,,1,1,,,,1,1,1,0,0,0,,,,,10,4,1,5,20,10,,201905,10000,0,0,201905,10000,,,,2,1,6,,1,giantmushroompurple,,,blockd.grass,blockd.grass,,201905,1,1,,EE82EE,,,,,,,1,15,15,,1,,,1,,,,,,,0,7725d3,255,0,1,,0.5,,,
201906,蘑古碎石,,MoguClitter,MoguClitter,,,clitter,,3,3,,,,1,1,1,1,0,1,,,,,4,0,1,0,,0,,11627,15000,0,0,11627,15000,,,,2,1,0,,1,MushroomScatteredStone,MushroomScatteredStone,,blocks.stone,blockd.stone,blockd.stone,201906,0,1,,778899,,,,,,200232,0,15,15,,1,,,1,2,,,,,,0,,17,0,0,,0.5,,,
201907,蘑晶石矿,201907,MoguMine,MoguMine,,,clitter,,3,3,,,,1,1,1,0,0,1,,,,,25,25,1,0,,0,,201907,10000,0,0,201907,10000,,,,2,1,8,,1,MushroomStone,MushroomStone,,blocks.stone,blockd.stone,blockd.stone,201907,2,5,,9400D3,,,,,,,1,15,15,,1,,,10,,,,,,,0,,17,2,0,,10,,,
201908,大蘑晶石矿,201908,MoguBigMine,MoguBigMine,,,modbase,,3,3,,,,1,1,1,2,0,1,,,,,50,40,1,0,,0,,201907,10000,201907,10000,201907,15000,,,,2,1,11,,1,BigMushroomStone,BigMushroomStone,,blocks.stone,blockd.stone,blockd.stone,201908,2,5,,9400D3,,,,,,,1,15,15,,1,,,,,,,,,,0,,17,2,0,,50,,,
201909,荧菇丛,201909,LuminousMushrooms,LuminousMushrooms,,,modbase,,1,1,,,,1,1,1,2,0,1,,1,,,5,8,1,5,100,8,,200254,25000,0,0,200254,25000,,,,0,1,12,,1,luminous_mushroom_cluster,luminous_mushroom_cluster,,blocks.grass,blockd.grass,blockd.grass,201909,1,4,,1E90FF,,,,,,,1,15,15,,1,,,,4,,,,,,0,bdf5fb,17,2,0,,2,,,
201910,荧菇作物,201910,LuminousMushroomSeedlings,LuminousMushroomSeedlings,,,modbase,,,,,,,1,0,0,1,3,0,,1,,,0,0,1,15,100,10,,11703,10000,0,0,11703,10000,,,,0,1,0,,1,,,,blocks.grass,blockd.grass,,201910,0,1,,fcc6a5,,,,,1,,0,15,15,,1,,,,2,,,,,,0,,17,1,1,,0,,,
201911,星辉花作物,,StarlightFlowerSeedlings,StarlightFlowerSeedlings,,,flowergrow,,,,201912,,,1,0,0,1,3,0,,1,2|24|24,,0,0,1,15,100,10,,11707,10000,0,0,11707,10000,,,,0,1,0,,1,starlightflower,,,blocks.grass,blockd.grass,,201911,0,1,,fcc6a5,,,,,1,,0,15,15,,1,,,,2,,,,,,0,,17,1,1,,0,,,
201912,星辉花,,StarlightFlower,StarlightFlower,,,colorflower,,1,1,,,,1,0,0,1,3,0,,1,,,3,0,1,5,60,10,,201912,10000,0,0,201912,10000,,,,0,1,10,,1,starlightflower,,,blocks.grass,blockd.grass,,201912,0,1,,fcc6a5,,,,,,,0,15,15,,1,,,,2,,,,,,0,FFDD38,17,0,1,,0,,,
201913,星辉三叶草作物,201913,,,,,modbase,,,,,,,1,0,0,1,3,0,,1,,,0,0,1,15,100,10,,11708,10000,,,11708,10000,,,,0,1,0,,1,,,,blocks.grass,blockd.grass,,201913,0,1,,fcc6a5,,,,,1,,0,15,15,,1,,,,2,,,,,,0,,17,1,1,,0,1,,
201914,星辉三叶草,201914,StarlightClover,StarlightClover,,,colorherbs,,1,1,,,,1,0,0,1,3,0,1,1,,,3,0,1,5,60,10,,201914,10000,0,0,201914,10000,,,,0,1,0,,1,starlighttclover,starlighttclover,,blocks.grass,blockd.grass,,201914,0,1,,fcc6a5,,,,,,,0,15,15,,1,,,,2,,,,,,0,,17,0,1,,0,,,
201915,星辉四叶草,201915,StarlightFClover,StarlightFClover,,,colorherbs,,1,1,,,,1,0,0,1,3,0,,1,,,3,0,1,5,60,10,,201915,10000,0,0,201915,10000,,,,0,1,5,,1,starlightfclover,starlighttclover,,blocks.grass,blockd.grass,,201915,0,1,,fcc6a5,,,,,,,0,15,15,,1,,,,2,,,,,,0,e0f9fb,17,0,1,,0,,,
201916,星芒麦作物,201916,StarlightWheatSeedlings,StarlightWheatSeedlings,,,modbase,,,,,,,1,0,0,1,3,0,,1,,1,0,0,1,15,100,10,,11710,10000,,,11710,10000,,,,0,1,0,,1,,,,blocks.grass,blockd.grass,,201916,0,1,,fcc6a5,,,,,1,,0,15,15,,1,,,,2,,,,,,0,,17,1,1,,0,,,
201917,星芒麦(野外),,StarlightWheat,StarlightWheat,,,colorherbs,,,,,,,1,0,0,1,3,0,,1,,,3,0,1,5,60,10,,11718,10000,,,11718,10000,,,,0,1,0,,1,starlightwheatt,starlightwheatt,,blocks.grass,blockd.grass,,201917,0,1,,fcc6a5,,,,,1,,0,15,15,,1,,,,2,,,,,,0,,17,0,1,,0,,,
201919,晶髓花簇,201919,crystalmarrowflower,crystalmarrowflower,,,modbase,,1,1,,,,1,1,1,0,0,2,,1,,,3,0,1,5,60,10,,11717,10000,201907,4500,11717,10000,,,,0,1,0,,1,crystalmarrowflower,crystalmarrowflower,,,blockd.glass,blockd.stone,201919,0,1,,fcc6a5,,,,,1,,1,15,15,,1,,,,2,,,,,,0,,17,0,1,,0,,,
201920,蹦床菇,201920,trampoline_mushroom,trampoline_mushroom,,,modbase,,1,1,,,,1,0,0,1,3,0,,,,,1,1,1,10,100,10,,201920,10000,0,0,201920,10000,,,,0,1,0,,1,,,,,blockd.grass,,201920,0,1,,e8a060,0.1,,1,,,,0,15,15,,1,,,,1,,,,,,0,,17,1,1,,0.2,,,
201921,星露莓丛,201921,stardewberry,stardewberry,,,modbase,,1,1,,,,1,0,0,1,3,0,,1,,1,0,1,1,15,100,10,,201921,10000,0,0,201921,10000,,,,0,1,4,,1,,,,blocks.grass,blockd.grass,,201921,0,1,,c16e61,,,,,1,,0,15,15,,1,,,,2,,,,,,0,BAE7FD,17,1,1,,0,,,
201922,星水草,,starwaterweed,starwaterweed,,,waterweed,,1,1,,,,1,0,3,1,3,0,,,,,1,0,1,1,100,10,,201922,10000,0,0,201922,10000,,,,1,1,0,,1,starwaterweed,starwaterweed,,,blockd.grass,,201922,0,1,,2E8B57,0.25,,1,,,,0,15,15,,1,,,,2,,,,,,0,,17,1,1,,0.2,,,2
201923,星辉莲花,,StarLightLotus,StarLightLotus,,,inklotus,,1,1,,,,1,0,0,1,3,0,,,,,1,0,1,0,,10,,201923,10000,0,0,201923,10000,,,,1,1,0,,1,starlotus,starlotus,,blocks.grass,blockd.grass,,201923,0,1,,6a5acd,,,1,,,,0,15,15,,1,,,,,,,,,,0,,17,1,0,,0.5,,,
201924,星辉浮藻,,StarLightAlgae,StarLightAlgae,,,lilypad,,1,1,,,,1,1,0,1,3,0,,,,,1,1,1,0,,10,,201924,10000,0,0,201924,10000,,,,1,1,0,,1,staralgae,staralgae,,blocks.grass,blockd.grass,,201924,0,1,,87CEFA,,,1,,,,0,15,15,,1,,,,,,,,,,0,,17,1,0,,0.2,,,
201925,音乐菇,201925,music_mushroom,music_mushroom,,,modbase,,1,1,,,,1,0,0,1,0,0,,,,,1,1,1,10,100,10,,201925,10000,0,0,201925,10000,,,,0,1,0,,1,,,,,blockd.grass,,201925,0,1,,dda0dd,0.1,,1,,,,0,15,15,,1,,,,,,,,,,0,,17,1,1,,0.2,,,
201926,荧光藻,201926,GlowAlgae,GlowAlgae,,,waterlily,,1,1,,,,1,0,0,1,3,0,,,,,1,0,1,0,,10,,201926,10000,0,0,201926,10000,,,,0,1,0,,1,glowalgae,flower_floating,,blocks.grass,blockd.grass,,201926,0,1,,87CEFA,0.1,,1,,,,0,15,15,,1,,,,,,,,,,0,,17,1,0,,0.2,,,
201930,滑伞菇,201930,paraglidingmushroom,,,,modbase,,1,1,,,,1,0,0,1,0,0,,1,,,1,1,1,10,100,10,,12200,10000,0,0,12200,10000,,,,0,1,0,,1,,,,,blockd.grass,blockd.grass,201930,0,1,,dda0dd,,,1,,,,0,15,15,,1,,,,2,,,,,,0,,17,1,1,,0.2,,,
202001,蓝图-冰原箭塔1,,,,,,buildblueprint_wbp,,,,,,,1,1,1,2,0,2,,,,0,100,5,1,0,,0,,202001,10000,0,0,202001,10000,,,,2,1,0,,1,blueprint_construction,blueprint_construction,,blocks.stone,blockd.stone,blockd.stone,,1,1,,3c7cff,,,,,1,,1,15,15,,1,,,10,,,,,,,0,,17,2,0,,0,,,
202002,蓝图-冰原箭塔2,,,,,,buildblueprint_wbp,,,,,,,1,1,1,2,0,2,,,,0,100,5,1,0,,0,,202002,10000,0,0,202002,10000,,,,2,1,0,,1,blueprint_construction,blueprint_construction,,blocks.stone,blockd.stone,blockd.stone,,1,1,,3c7cff,,,,,1,,1,15,15,,1,,,10,,,,,,,0,,17,2,0,,0,,,
202003,蓝图-冰原伐木场,,,,,,buildblueprint_wbp,,,,,,,1,1,1,2,0,2,,,,0,100,5,1,0,,0,,202003,10000,0,0,202003,10000,,,,2,1,0,,1,blueprint_construction,blueprint_construction,,blocks.stone,blockd.stone,blockd.stone,,1,1,,3c7cff,,,,,1,,1,15,15,,1,,,10,,,,,,,0,,17,2,0,,0,,,
202004,蓝图-冰原小屋1,,,,,,buildblueprint_wbp,,,,,,,1,1,1,2,0,2,,,,0,100,5,1,0,,0,,202004,10000,0,0,202004,10000,,,,2,1,0,,1,blueprint_construction,blueprint_construction,,blocks.stone,blockd.stone,blockd.stone,,1,1,,3c7cff,,,,,1,,1,15,15,,1,,,10,,,,,,,0,,17,2,0,,0,,,
202005,蓝图-冰原小屋2,,,,,,buildblueprint_wbp,,,,,,,1,1,1,2,0,2,,,,0,100,5,1,0,,0,,202005,10000,0,0,202005,10000,,,,2,1,0,,1,blueprint_construction,blueprint_construction,,blocks.stone,blockd.stone,blockd.stone,,1,1,,3c7cff,,,,,1,,1,15,15,,1,,,10,,,,,,,0,,17,2,0,,0,,,
202006,蓝图-冰屋,,,,,,buildblueprint_wbp,,,,,,,1,1,1,2,0,2,,,,0,100,5,1,0,,0,,202006,10000,0,0,202006,10000,,,,2,1,0,,1,blueprint_construction,blueprint_construction,,blocks.stone,blockd.stone,blockd.stone,,1,1,,3c7cff,,,,,1,,1,15,15,,1,,,10,,,,,,,0,,17,2,0,,0,,,
202007,蓝图-珊瑚岛小屋,,,,,,buildblueprint_wbp,,,,,,,1,1,1,2,0,2,,,,0,100,5,1,0,,0,,202007,10000,0,0,202007,10000,,,,2,1,0,,1,blueprint_construction,blueprint_construction,,blocks.stone,blockd.stone,blockd.stone,,1,1,,3c7cff,,,,,1,,1,15,15,,1,,,10,,,,,,,0,,17,2,0,,0,,,
202008,蓝图-搁浅破船,,,,,,buildblueprint_wbp,,,,,,,1,1,1,2,0,2,,,,0,100,5,1,0,,0,,202008,10000,0,0,202008,10000,,,,2,1,0,,1,blueprint_construction,blueprint_construction,,blocks.stone,blockd.stone,blockd.stone,,1,1,,3c7cff,,,,,1,,1,15,15,,1,,,10,,,,,,,0,,17,2,0,,0,,,
202009,蓝图-搁浅破船商店,,,,,,buildblueprint_wbp,,,,,,,1,1,1,2,0,2,,,,0,100,5,1,0,,0,,202009,10000,0,0,202009,10000,,,,2,1,0,,1,blueprint_construction,blueprint_construction,,blocks.stone,blockd.stone,blockd.stone,,1,1,,3c7cff,,,,,1,,1,15,15,,1,,,10,,,,,,,0,,17,2,0,,0,,,
202010,蓝图-渔村小房子1,,,,,,buildblueprint_wbp,,,,,,,1,1,1,2,0,2,,,,0,100,5,1,0,,0,,202010,10000,0,0,202010,10000,,,,2,1,0,,1,blueprint_construction,blueprint_construction,,blocks.stone,blockd.stone,blockd.stone,,1,1,,3c7cff,,,,,1,,1,15,15,,1,,,10,,,,,,,0,,17,2,0,,0,,,
202011,蓝图-渔村小房子2,,,,,,buildblueprint_wbp,,,,,,,1,1,1,2,0,2,,,,0,100,5,1,0,,0,,202011,10000,0,0,202011,10000,,,,2,1,0,,1,blueprint_construction,blueprint_construction,,blocks.stone,blockd.stone,blockd.stone,,1,1,,3c7cff,,,,,1,,1,15,15,,1,,,10,,,,,,,0,,17,2,0,,0,,,
202012,蓝图-渔村小房子3,,,,,,buildblueprint_wbp,,,,,,,1,1,1,2,0,2,,,,0,100,5,1,0,,0,,202012,10000,0,0,202012,10000,,,,2,1,0,,1,blueprint_construction,blueprint_construction,,blocks.stone,blockd.stone,blockd.stone,,1,1,,3c7cff,,,,,1,,1,15,15,,1,,,10,,,,,,,0,,17,2,0,,0,,,
202013,蓝图-渔村小房子4,,,,,,buildblueprint_wbp,,,,,,,1,1,1,2,0,2,,,,0,100,5,1,0,,0,,202013,10000,0,0,202013,10000,,,,2,1,0,,1,blueprint_construction,blueprint_construction,,blocks.stone,blockd.stone,blockd.stone,,1,1,,3c7cff,,,,,1,,1,15,15,,1,,,10,,,,,,,0,,17,2,0,,0,,,
202014,蓝图-渔村小房子5,,,,,,buildblueprint_wbp,,,,,,,1,1,1,2,0,2,,,,0,100,5,1,0,,0,,202014,10000,0,0,202014,10000,,,,2,1,0,,1,blueprint_construction,blueprint_construction,,blocks.stone,blockd.stone,blockd.stone,,1,1,,3c7cff,,,,,1,,1,15,15,,1,,,10,,,,,,,0,,17,2,0,,0,,,
202015,蓝图-沙漠房子1,,,,,,buildblueprint_wbp,,,,,,,1,1,1,2,0,2,,,,0,100,5,1,0,,0,,202015,10000,0,0,202015,10000,,,,2,1,0,,1,blueprint_construction,blueprint_construction,,blocks.stone,blockd.stone,blockd.stone,,1,1,,3c7cff,,,,,1,,1,15,15,,1,,,10,,,,,,,0,,17,2,0,,0,,,
202016,蓝图-沙漠房子2,,,,,,buildblueprint_wbp,,,,,,,1,1,1,2,0,2,,,,0,100,5,1,0,,0,,202016,10000,0,0,202016,10000,,,,2,1,0,,1,blueprint_construction,blueprint_construction,,blocks.stone,blockd.stone,blockd.stone,,1,1,,3c7cff,,,,,1,,1,15,15,,1,,,10,,,,,,,0,,17,2,0,,0,,,
202017,蓝图-沙漠房子3,,,,,,buildblueprint_wbp,,,,,,,1,1,1,2,0,2,,,,0,100,5,1,0,,0,,202017,10000,0,0,202017,10000,,,,2,1,0,,1,blueprint_construction,blueprint_construction,,blocks.stone,blockd.stone,blockd.stone,,1,1,,3c7cff,,,,,1,,1,15,15,,1,,,10,,,,,,,0,,17,2,0,,0,,,
202018,蓝图-沙漠房子4,,,,,,buildblueprint_wbp,,,,,,,1,1,1,2,0,2,,,,0,100,5,1,0,,0,,202018,10000,0,0,202018,10000,,,,2,1,0,,1,blueprint_construction,blueprint_construction,,blocks.stone,blockd.stone,blockd.stone,,1,1,,3c7cff,,,,,1,,1,15,15,,1,,,10,,,,,,,0,,17,2,0,,0,,,
202019,蓝图-沙漠房子5,,,,,,buildblueprint_wbp,,,,,,,1,1,1,2,0,2,,,,0,100,5,1,0,,0,,202019,10000,0,0,202019,10000,,,,2,1,0,,1,blueprint_construction,blueprint_construction,,blocks.stone,blockd.stone,blockd.stone,,1,1,,3c7cff,,,,,1,,1,15,15,,1,,,10,,,,,,,0,,17,2,0,,0,,,
202020,蓝图-沙漠房子6,,,,,,buildblueprint_wbp,,,,,,,1,1,1,2,0,2,,,,0,100,5,1,0,,0,,202020,10000,0,0,202020,10000,,,,2,1,0,,1,blueprint_construction,blueprint_construction,,blocks.stone,blockd.stone,blockd.stone,,1,1,,3c7cff,,,,,1,,1,15,15,,1,,,10,,,,,,,0,,17,2,0,,0,,,
202021,蓝图-风车1,,,,,,buildblueprint_wbp,,,,,,,1,1,1,2,0,2,,,,0,100,5,1,0,,0,,202021,10000,0,0,202021,10000,,,,2,1,0,,1,blueprint_construction,blueprint_construction,,blocks.stone,blockd.stone,blockd.stone,,1,1,,3c7cff,,,,,1,,1,15,15,,1,,,10,,,,,,,0,,17,2,0,,0,,,
202022,蓝图-风车2,,,,,,buildblueprint_wbp,,,,,,,1,1,1,2,0,2,,,,0,100,5,1,0,,0,,202022,10000,0,0,202022,10000,,,,2,1,0,,1,blueprint_construction,blueprint_construction,,blocks.stone,blockd.stone,blockd.stone,,1,1,,3c7cff,,,,,1,,1,15,15,,1,,,10,,,,,,,0,,17,2,0,,0,,,
202023,蓝图-风车3,,,,,,buildblueprint_wbp,,,,,,,1,1,1,2,0,2,,,,0,100,5,1,0,,0,,202023,10000,0,0,202023,10000,,,,2,1,0,,1,blueprint_construction,blueprint_construction,,blocks.stone,blockd.stone,blockd.stone,,1,1,,3c7cff,,,,,1,,1,15,15,,1,,,10,,,,,,,0,,17,2,0,,0,,,
202024,蓝图-简易小屋,,,,,,buildblueprint_wbp,,,,,,,1,1,1,2,0,2,,,,0,100,5,1,0,,0,,202024,10000,0,0,202024,10000,,,,2,1,0,,1,blueprint_construction,blueprint_construction,,blocks.stone,blockd.stone,blockd.stone,,1,1,,3c7cff,,,,,1,,1,15,15,,1,,,10,,,,,,,0,,17,2,0,,0,,,
202025,蓝图-草原小屋1,,,,,,buildblueprint_wbp,,,,,,,1,1,1,2,0,2,,,,0,100,5,1,0,,0,,202025,10000,0,0,202025,10000,,,,2,1,0,,1,blueprint_construction,blueprint_construction,,blocks.stone,blockd.stone,blockd.stone,,1,1,,3c7cff,,,,,1,,1,15,15,,1,,,10,,,,,,,0,,17,2,0,,0,,,
202026,蓝图-草原小屋2,,,,,,buildblueprint_wbp,,,,,,,1,1,1,2,0,2,,,,0,100,5,1,0,,0,,202026,10000,0,0,202026,10000,,,,2,1,0,,1,blueprint_construction,blueprint_construction,,blocks.stone,blockd.stone,blockd.stone,,1,1,,3c7cff,,,,,1,,1,15,15,,1,,,10,,,,,,,0,,17,2,0,,0,,,
202027,蓝图-草原小屋3,,,,,,buildblueprint_wbp,,,,,,,1,1,1,2,0,2,,,,0,100,5,1,0,,0,,202027,10000,0,0,202027,10000,,,,2,1,0,,1,blueprint_construction,blueprint_construction,,blocks.stone,blockd.stone,blockd.stone,,1,1,,3c7cff,,,,,1,,1,15,15,,1,,,10,,,,,,,0,,17,2,0,,0,,,
202028,蓝图-温馨小屋1,,,,,,buildblueprint_wbp,,,,,,,1,1,1,2,0,2,,,,0,100,5,1,0,,0,,202028,10000,0,0,202028,10000,,,,2,1,0,,1,blueprint_construction,blueprint_construction,,blocks.stone,blockd.stone,blockd.stone,,1,1,,3c7cff,,,,,1,,1,15,15,,1,,,10,,,,,,,0,,17,2,0,,0,,,
202029,蓝图-温馨小屋2,,,,,,buildblueprint_wbp,,,,,,,1,1,1,2,0,2,,,,0,100,5,1,0,,0,,202029,10000,0,0,202029,10000,,,,2,1,0,,1,blueprint_construction,blueprint_construction,,blocks.stone,blockd.stone,blockd.stone,,1,1,,3c7cff,,,,,1,,1,15,15,,1,,,10,,,,,,,0,,17,2,0,,0,,,
202030,蓝图-温馨小屋3,,,,,,buildblueprint_wbp,,,,,,,1,1,1,2,0,2,,,,0,100,5,1,0,,0,,202030,10000,0,0,202030,10000,,,,2,1,0,,1,blueprint_construction,blueprint_construction,,blocks.stone,blockd.stone,blockd.stone,,1,1,,3c7cff,,,,,1,,1,15,15,,1,,,10,,,,,,,0,,17,2,0,,0,,,
202031,蓝图-畜棚,,,,,,buildblueprint_wbp,,,,,,,1,1,1,2,0,2,,,,0,100,5,1,0,,0,,202031,10000,0,0,202031,10000,,,,2,1,0,,1,blueprint_construction,blueprint_construction,,blocks.stone,blockd.stone,blockd.stone,,1,1,,3c7cff,,,,,1,,1,15,15,,1,,,10,,,,,,,0,,17,2,0,,0,,,
202032,蓝图-仓库,,,,,,buildblueprint_wbp,,,,,,,1,1,1,2,0,2,,,,0,100,5,1,0,,0,,202032,10000,0,0,202032,10000,,,,2,1,0,,1,blueprint_construction,blueprint_construction,,blocks.stone,blockd.stone,blockd.stone,,1,1,,3c7cff,,,,,1,,1,15,15,,1,,,10,,,,,,,0,,17,2,0,,0,,,
202033,蓝图-简易农牧场,,,,,,buildblueprint_wbp,,,,,,,1,1,1,2,0,2,,,,0,100,5,1,0,,0,,202033,10000,0,0,202033,10000,,,,2,1,0,,1,blueprint_construction,blueprint_construction,,blocks.stone,blockd.stone,blockd.stone,,1,1,,3c7cff,,,,,1,,1,15,15,,1,,,10,,,,,,,0,,17,2,0,,0,,,
202034,蓝图-中式小屋,,,,,,buildblueprint_wbp,,,,,,,1,1,1,2,0,2,,,,0,100,5,1,0,,0,,202034,10000,0,0,202034,10000,,,,2,1,0,,1,blueprint_construction,blueprint_construction,,blocks.stone,blockd.stone,blockd.stone,,1,1,,3c7cff,,,,,1,,1,15,15,,1,,,10,,,,,,,0,,17,2,0,,0,,,
202035,蓝图-带派小院,,,,,,buildblueprint_wbp,,,,,,,1,1,1,2,0,2,,,,0,100,5,1,0,,0,,202035,10000,0,0,202035,10000,,,,2,1,0,,1,blueprint_construction,blueprint_construction,,blocks.stone,blockd.stone,blockd.stone,,1,1,,3c7cff,,,,,1,,1,15,15,,1,,,10,,,,,,,0,,17,2,0,,0,,,
202036,蓝图-书中小屋,,,,,,buildblueprint_wbp,,,,,,,1,1,1,2,0,2,,,,0,100,5,1,0,,0,,202036,10000,0,0,202036,10000,,,,2,1,0,,1,blueprint_construction,blueprint_construction,,blocks.stone,blockd.stone,blockd.stone,,1,1,,3c7cff,,,,,1,,1,15,15,,1,,,10,,,,,,,0,,17,2,0,,0,,,
390000,课桌,,school_table,school_table,,,furniture,3,4,4,,,,1,1,1,0,0,2,,,,1,25,6,1,2,20,2,,390000,10000,0,0,390000,10000,,,,2,1,0,,1,school_table,school_table,,blocks.wood,blockd.wood,blockd.wood,390000,,1,,5bc1ee,,,,,4,,1,15,15,,,,,,3,,,,,,1,,17,0,1,,0.5,26,1,
390001,课椅,,school_chair,school_chair,,,chair,3,4,4,,,,1,1,1,0,0,2,,,,1,25,6,1,2,20,2,,390001,10000,0,0,390001,10000,,,,2,1,0,,1,school_chair,school_chair,,blocks.wood,blockd.wood,blockd.wood,390001,,1,,5bc2ee,,,,,4,,1,15,15,,,,,,3,,,,,,1,,17,0,0,,0.5,26,1,
390002,讲台,,school_desk,school_desk,,,furniture,3,5,4,,,,1,1,1,2,0,2,,,,1,24,10,1,1,20,1,,390002,10000,0,0,390002,10000,,,,2,1,0,,1,school_desk,school_desk,,blocks.wood,blockd.wood,blockd.wood,390002,,1,,5bc3ee,,,,,4,,1,15,15,,,,,,3,,,,,,1,,17,0,1,,0.5,26,1,
390003,教室门牌,,school_menpai,school_menpai,,,doorplate,3,4,4,,,,1,1,1,2,3,2,,,,1,10,2,1,0,,0,,390003,10000,0,0,390003,10000,,,,2,1,0,,1,school_menpai,school_menpai,,,blockd.wood,blockd.wood,390003,,1,,5bc4ee,,,,,4,,0,15,15,,,,,,3,,,,,,1,,17,2,0,,0.5,,,
390004,条形吊灯,,school_lights,school_lights,,,lamp,3,4,4,,,,1,1,1,0,0,2,,,,1,30,10,1,0,,0,,390004,10000,0,0,390004,10000,,,,1,1,15,,1,school_lights,school_lights,,blocks.stone,blockd.stone,blockd.stone,390004,,1,,5bc5ee,,,,,4,,0,15,15,,,,,,3,,,,,,1,ccccc7,17,0,1,,0.5,26,1,2
390005,时钟,,school_clock,school_clock,,,furniture,3,4,4,,,,1,1,1,0,0,2,,,,1,30,10,1,0,,0,,390005,10000,0,0,390005,10000,,,,1,1,0,,1,school_clock,school_clock,,blocks.stone,blockd.stone,blockd.stone,390005,,1,,5bc6ee,,,,,4,,0,15,15,,,,,,3,,,,,,1,,17,0,1,,0.5,26,1,
390006,运动场围栏,,Glasspane,Glasspane,,,schoolfence,3,4,4,,,,1,1,1,1,0,1,,,,1,30,10,1,0,,0,,390006,10000,0,0,390006,10000,,,,0,1,0,,1,school_fence,school_fence,,blocks.stone,blockd.glass,blockd.stone,390006,,1,,5bc7ee,,,,,4,,1,15,15,,,,,,,,,,,,2,,17,1,0,,1,,,
390007,教室门,,school_door,school_door,,,simpledoor,3,5,4,,,,1,1,1,1,3,2,,,,1,24,12,1,1,20,1,,390007,10000,0,0,390007,10000,,,,0,1,0,,2,school_door,school_door,,blocks.wood,blockd.wood,blockd.wood,390007,,1,,5bc8ee,,,,,4,,3,15,15,,,,1,,,,,,,,0,,17,1,0,,0.5,,,
390008,学校储物柜,,StorageBox,StorageBox,,,bigchest,1,5,4,,,,1,1,1,2,0,2,,,,1,24,10,1,1,20,1,,390008,10000,0,0,390008,10000,,,,2,1,0,,2,school_lockers,school_lockers,,blocks.wood,blockd.wood,blockd.wood,390008,,1,,5bc9ee,,,,,4,,3,15,15,,,,1,,,,,,,,0,,17,2,0,,0.5,26,1,
390009,画板,,school_easel,school_easel,,,furniture,3,4,4,,,,1,1,1,0,0,2,,,,1,30,10,1,0,,0,,390009,10000,0,0,390009,10000,,,,1,1,0,,1,school_easel,school_easel,,blocks.stone,blockd.stone,blockd.stone,390009,,1,,5bc10ee,,,,,4,,1,15,15,,,,,,3,,,,,,1,,17,0,1,,0.5,26,1,
390010,小花盆,,,,,,flowerpot,,,,,,,1,1,1,0,0,0,,,,1,0,0,1,0,,0,,,,,,,,,,,1,1,0,,1,flowerbeds,flowerbeds1,,blocks.stone,blockd.jar,blockd.stone,390010,,1,,5bc11ee,,,,,4,,1,15,15,,,,,,,,,,,,0,,17,0,1,,0.5,,,
390011,小花盆,,,,,,flowerpot,,,,,,,1,1,1,0,0,0,,,,1,0,0,1,0,,0,,,,,,,,,,,1,1,0,,1,flowerbeds,flowerbeds1,,blocks.stone,blockd.jar,blockd.stone,390011,,1,,5bc12ee,,,,,4,,1,15,15,,,,,,,,,,,,0,,17,0,1,,0.5,,,
390012,木框玻璃窗,,school_windows,school_windows,,,xparentwindows,3,4,4,,,,1,1,1,1,3,2,,,,,24,12,1,1,20,1,,390012,10000,0,0,390012,10000,,,,2,1,0,,1,school_windows,school_windows,,blocks.wood,blockd.wood,blockd.wood,390012,1,1,,5bc0ee,,,1,,4,,1,15,15,,,,,10,,,,,,,1,,17,1,0,,0.5,,,
390013,浅色几何瓷砖,,floor_white,floor_white,,,basic,1,4,4,,1,,1,1,1,0,0,0,,,,1,50,8,1,0,,0,,390013,10000,0,0,390013,10000,,,,1,1,0,,1,floor_white,,,blocks.wood,blockd.wood,blockd.wood,390013,,1,,d4f4f5,,,,,4,,1,15,15,,6,,,,,,,,,,0,,17,0,1,,0.5,,1,
390014,杏色宫廷瓷砖,,floor_yellow,floor_yellow,,,basic,1,4,4,,1,,1,1,1,0,0,0,,,,1,50,8,1,0,,0,,390014,10000,0,0,390014,10000,,,,1,1,0,,1,floor_yellow,,,blocks.wood,blockd.wood,blockd.wood,390014,,1,,d4f4f5,,,,,4,,1,15,15,,6,,,,,,,,,,0,,17,0,1,,0.5,,1,
390015,蓝色条纹瓷砖,,floor_blue1,floor_blue1,,,basic,1,4,4,,1,,1,1,1,0,0,0,,,,1,50,8,1,0,,0,,390015,10000,0,0,390015,10000,,,,1,1,0,,1,floor_blue1,,,blocks.wood,blockd.wood,blockd.wood,390015,,1,,d4f4f5,,,,,4,,1,15,15,,6,,,,,,,,,,0,,17,0,1,,0.5,,1,
390016,预留,,floor_blue2,floor_blue2,,,basic,,,,,1,,1,1,1,0,0,0,,,,1,50,8,1,0,,0,,390016,10000,0,0,390016,10000,,,,1,1,0,,1,floor_blue2,,,blocks.wood,blockd.wood,blockd.wood,390016,,1,,d4f4f5,,,,,4,,1,15,15,,6,,,,,,,,,,0,,17,0,1,,0,,1,
390017,纯白釉面瓷砖,,floor_milkwhite,floor_milkwhite,,,basic,1,4,4,,1,,1,1,1,0,0,0,,,,1,50,8,1,0,,0,,390017,10000,0,0,390017,10000,,,,1,1,0,,1,floor_milkwhite,,,blocks.wood,blockd.wood,blockd.wood,390017,,1,,d4f4f5,,,,,4,,1,15,15,,6,,,,,,,,,,0,,17,0,1,,0.5,,1,
390018,预留,,,,,,,,,,,,,,,,,,,,,,1,,,,,,,,,,,,,,,,,,,,,,,,,blocks.wood,blockd.wood,blockd.wood,390018,,1,,d4f4f5,,,,,4,,1,15,15,,,,,,,,,,,,0,,0,,0,,0,,,
390019,预留,,,,,,,,,,,,,,,,,,,,,,1,,,,,,,,,,,,,,,,,,,,,,,,,blocks.wood,blockd.wood,blockd.wood,390019,,1,,d4f4f5,,,,,4,,1,15,15,,,,,,,,,,,,0,,0,,0,,0,,,
390020,预留,,,,,,,,,,,,,,,,,,,,,,1,,,,,,,,,,,,,,,,,,,,,,,,,blocks.wood,blockd.wood,blockd.wood,390020,,1,,d4f4f5,,,,,4,,1,15,15,,,,,,,,,,,,0,,0,,0,,0,,,
390021,预留,,,,,,,,,,,,,,,,,,,,,,1,,,,,,,,,,,,,,,,,,,,,,,,,blocks.wood,blockd.wood,blockd.wood,390021,,1,,d4f4f5,,,,,4,,1,15,15,,,,,,,,,,,,0,,17,,0,,0,,,
390022,运动场围栏门,,WoodDoor,WoodDoor,,,centerdoor,3,5,4,,,,1,1,1,1,3,2,,,,1,24,12,1,1,20,1,,390022,10000,0,0,390022,10000,,,,0,1,0,,2,school_fence_door,school_fence_door,,blocks.wood,blockd.wood,blockd.wood,390022,,1,,5bc7ee,,,,,4,,3,15,15,,,,1,,,,,,,,0,,17,1,0,,0.5,,,
390023,[水墨]静态水,,,,,,stillfluidwater,,2,2,,,,0,2,0,1,2,0,1,,,,10,-1,1,0,,0,,0,0,0,0,0,0,,,,0,1,0,,1,water_still_hui,,,,,env.splash,0,0,,,0e7bc0,,,,,2,,0,8,15,,1,,,,,,,,,,0,,17,1,0,,0,,,
390024,[水墨]动态水,,,,,,flowfluidwater,,2,2,,,,0,2,0,1,2,0,1,,,,10,-1,1,0,,0,,0,0,0,0,0,0,,,,0,1,0,,1,water_flow_hui,,,,,env.splash,0,0,,,,,,,,2,,0,15,15,,1,,,,,,,,,,0,,17,1,0,,0,,,
390025,[水墨]荷花,,,,,,inklotus,1,1,1,,,,1,0,0,1,3,0,,,,,1,0.4,1,0,,10,,390025,10000,0,0,390025,10000,,,,1,1,0,,1,Lotus_hui,Lotus_hui,,blocks.grass,blockd.grass,,390025,,1,,ef84ef,,,,,,,0,15,15,,1,,,,,,,,,,0,,17,1,0,,0.5,,,
390026,[水墨]深色中式窗,,,,,,basic_model,3,4,4,,,,1,1,1,1,3,2,,,,,24,12,1,1,20,1,,390026,10000,0,0,390026,10000,,,,2,1,0,,1,ink_window1,ink_window1,,blocks.wood,blockd.wood,blockd.wood,390026,1,1,,5bc0ee,,,,,4,,3,15,15,,,,,10,,,,,,,1,,17,1,1,,0.5,,1,
390027,[水墨]深色中式门,,,,,,door,3,5,4,,,,1,1,1,1,3,2,,,,1,24,12,1,1,20,1,,390027,10000,0,0,390027,10000,,,,0,1,0,,2,door_redwood_lower_cn,,,blocks.wood,blockd.wood,blockd.wood,390027,,1,,5bc7ee,,,,,4,,3,15,15,,,,1,,,,,,,,0,,17,1,0,,0.5,,,
390028,[水墨]棋盘石桌,,,,,,furniture,1,4,4,,,,1,1,1,0,0,0,,,,1,50,8,1,0,,0,,390028,10000,0,0,390028,10000,,,,1,1,0,,1,ink_chesstable,ink_chesstable,,blocks.wood,blockd.wood,blockd.wood,390028,,1,,d4f4f5,,,,,4,,6,15,15,,6,,,,,,,,,,0,,17,0,1,,0.5,,1,
390029,[水墨]石凳,,,,,,chair,1,4,4,,,,1,1,1,0,0,0,,,,1,50,8,1,0,,0,,390029,10000,0,0,390029,10000,,,,1,1,0,,1,ink_stonebench,ink_stonebench,,blocks.wood,blockd.wood,blockd.wood,390029,,1,,d4f4f5,,,,,4,,6,15,15,,6,,,,,,,,,,0,,17,0,0,,0.5,,1,
390030,[水墨]景观石,,,,,,furniture,,,,,,,1,1,1,0,0,0,,,,1,50,8,1,0,,0,,390030,10000,0,0,390030,10000,,,,1,1,0,,1,,,,blocks.wood,blockd.wood,blockd.wood,390030,,1,,d4f4f5,,,,,4,,6,15,15,,6,,,,,,,,,,0,,17,0,1,,0.5,,1,
390031,[水墨]白石头围栏,,,,,,fence,3,4,4,,,,1,1,3,0,0,0,,,,,25,6,1,0,,0,,390031,10000,0,0,390031,10000,,,,0,1,0,,1,ink_stonerailing,ink_stonerailing,,blocks.wood,blockd.wood,,390031,1,1,,c1a661,,,,,,,6,15,15,,1,,,1,,,,,,,0,,17,0,1,,0.5,,,
390032,[水墨]屏风-黄花,,,,,,inkScreen,1,4,4,,,,1,1,1,0,0,0,,,,1,50,8,1,0,,0,,390032,10000,0,0,390032,10000,,,,1,1,0,,1,huanghua,ink_screen,,blocks.wood,blockd.wood,blockd.wood,390032,,1,,d4f4f5,,,,,4,,3,15,15,,6,,,,,,,,,,0,,17,0,0,,0.5,,,
390033,[水墨]屏风-黄叶,,,,,,inkScreen,1,4,4,,,,1,1,1,0,0,0,,,,1,50,8,1,0,,0,,390033,10000,0,0,390033,10000,,,,1,1,0,,1,huangye,ink_screen,,blocks.wood,blockd.wood,blockd.wood,390033,,1,,d4f4f5,,,,,4,,3,15,15,,6,,,,,,,,,,0,,17,0,0,,0.5,,,
390034,[水墨]屏风-梅花,,,,,,inkScreen,1,4,4,,,,1,1,1,0,0,0,,,,1,50,8,1,0,,0,,390034,10000,0,0,390034,10000,,,,1,1,0,,1,qingmei,ink_screen,,blocks.wood,blockd.wood,blockd.wood,390034,,1,,d4f4f5,,,,,4,,3,15,15,,6,,,,,,,,,,0,,17,0,0,,0.5,,,
390035,[水墨]屏风-竹,,,,,,inkScreen,1,4,4,,,,1,1,1,0,0,0,,,,1,50,8,1,0,,0,,390035,10000,0,0,390035,10000,,,,1,1,0,,1,zhuzi_shuimo,ink_screen,,blocks.wood,blockd.wood,blockd.wood,390035,,1,,d4f4f5,,,,,4,,3,15,15,,6,,,,,,,,,,0,,17,0,0,,0.5,,,
390036,[水墨]中式床,,,china_bed,,,doublebed,1,4,4,,,,1,1,1,1,0,2,,,,,30,20,1,2,20,2,,390036,10000,0,0,390036,10000,,,,2,1,0,,1,ink_chinabed,ink_chinabed,,blocks.wood,blockd.wood,blockd.wood,390036,1,1,,7b4b26c,,,,,4,,1,15,15,,1,,1,10,,,,,,,0,,17,1,0,,0.5,,1,
390037,[水墨]中式沙发,,,china_sofa,,,simplesofa,1,4,4,,,,1,1,1,1,0,2,,,,,30,10,1,2,20,2,,390037,10000,0,0,390037,10000,,,,2,1,0,,1,ink_chinasofa,ink_chinasofa,,blocks.wood,blockd.wood,blockd.wood,390037,1,1,,7b4b27c,,,,,4,,1,15,15,,1,,,1,,,,,,,0,,17,1,0,,0.5,,1,
390038,[水墨]中式书桌,,,china_desk,,,simpledesk,1,4,4,,,,1,1,1,1,0,2,,,,,25,6,1,2,20,2,,390038,10000,0,0,390038,10000,,,,2,1,0,,1,ink_chinadesk,ink_chinadesk,,blocks.wood,blockd.wood,blockd.wood,390038,1,1,,7b4b28c,,,,,4,,1,15,15,,1,,,1,,,,,,,0,,17,1,0,,0.5,,1,
390039,[水墨]中式餐桌,,,china_table,,,simpletable,1,4,4,,,,1,1,1,1,0,2,,,,,25,6,1,2,20,2,,390039,10000,0,0,390039,10000,,,,2,1,0,,1,ink_diningtable,ink_diningtable,,blocks.wood,blockd.wood,blockd.wood,390039,1,1,,7b4b29c,,,,,4,,1,15,15,,1,,,1,,,,,,,0,,17,1,0,,0.5,,,
390040,[水墨]中式茶几,,,china_tea_table,,,furniture,1,4,4,,,,1,1,1,1,0,2,,,,,25,6,1,2,20,2,,390040,10000,0,0,390040,10000,,,,2,1,0,,1,ink_teatable,ink_teatable,,blocks.wood,blockd.wood,blockd.wood,390040,1,1,,7b4b30c,,,,,,,1,15,15,,1,,,1,,,,,,,1,,17,1,1,,0.5,,1,
390041,[水墨]中式洗手台,,,china_wash_table,,,furniture,1,4,4,,,,1,1,1,1,0,2,,,,,40,20,1,0,,0,,390041,10000,0,0,390041,10000,,,,2,1,0,,1,ink_washtable,ink_washtable,,blocks.stone,blockd.stone,blockd.stone,390041,2,1,,7b4b31c,,,,,4,,1,15,15,,1,,,10,,,,,,,1,,17,1,1,,0.5,,1,
390042,[水墨]中式椅子,,,china_chair,,,chair,1,4,4,,,,1,1,1,1,0,2,,,,,25,6,1,2,20,2,,390042,10000,0,0,390042,10000,,,,2,1,0,,1,ink_chinachair,ink_chinachair,,blocks.wood,blockd.wood,blockd.wood,390042,1,1,,7b4b32c,,,,,4,,1,15,15,,1,,,1,,,,,,,1,,17,1,0,,0.5,,1,
390043,[水墨]中式马桶,,,china_toilet,,,chair,1,4,4,,,,1,1,1,1,0,2,,,,,40,20,1,0,,0,,390043,10000,0,0,390043,10000,,,,2,1,0,,1,ink_chinatoilet,ink_chinatoilet,,blocks.stone,blockd.stone,blockd.stone,390043,2,1,,7b4b33c,,,,,4,,1,15,15,,1,,,10,,,,,,,1,,17,1,0,,0.5,,1,
390044,[水墨]中式浴缸,,,china_bathtub,,,simplebathtub,1,4,4,,,,1,1,1,1,0,2,,,,,50,35,1,0,,0,,390044,10000,0,0,390044,10000,,,,2,1,0,,1,ink_chinabathtub,ink_chinabathtub,,blocks.stone,blockd.stone,blockd.stone,390044,2,1,,7b4b34c,,,,,4,,1,15,15,,1,,,10,,,,,,,0,,17,1,0,,0.5,,1,
390045,[水墨]中式衣柜,,,china_closet,,,simplecloset,1,4,4,,,,1,1,1,1,0,2,,,,,50,20,1,2,20,2,,390045,10000,0,0,390045,10000,,,,2,1,0,,3,ink_chinacloset,ink_chinacloset,,blocks.wood,blockd.wood,blockd.wood,390045,1,1,,7b4b35c,,,,,4,,1,15,15,,1,,1,10,,,,,,,0,,17,1,0,,0.5,,1,
390046,[水墨]中式橱柜,,,china_cabinet,,,cupboard,1,4,4,,,,1,1,1,1,0,2,,,,,25,6,1,2,20,2,,390046,10000,0,0,390046,10000,,,,2,1,0,,1,ink_chinacabinet,ink_chinacabinet,,blocks.wood,blockd.wood,blockd.wood,390046,1,1,,7b4b36c,,,,,4,,1,15,15,,1,,,1,,,,,,,1,,17,1,0,,0.5,,,
390047,[水墨]中式半格橱柜,,,china_half_cabinet,,,halfcabinet,1,4,4,,,,1,1,1,1,0,2,,,,,25,6,1,2,20,2,,390047,10000,0,0,390047,10000,,,,2,1,0,,1,ink_chinahalfcabinet,ink_chinahalfcabinet,,blocks.wood,blockd.wood,blockd.wood,390047,1,1,,7b4b37c,,,,,4,,1,15,15,,1,,,1,,,,,,,1,,17,1,0,,0.5,,,
390048,[水墨]中式组合柜,,,china_group_cabinet,,,chest,1,4,4,,,,1,1,1,1,0,2,,,,,25,6,1,2,20,2,,390048,10000,0,0,390048,10000,,,,2,1,0,,1,ink_chinagroupcabinet,ink_chinagroupcabinet,,blocks.wood,blockd.wood,blockd.wood,390048,1,1,,7b4b38c,,,,,4,,2,15,15,,1,,,1,,,,,,,1,,17,1,1,,0.5,,1,
390049,[水墨]中式立体灯,,,china_erect_light,,,lamp,1,4,4,,,,1,1,1,1,0,2,,,,,25,10,1,0,,0,,390049,10000,0,0,390049,10000,,,,1,1,12,,1,ink_chinaerectlight,ink_chinaerectlight,,blocks.stone,blockd.stone,blockd.stone,390049,1,1,,7b4b40c,,,,,,,1,15,0,,1,,,1,,,,,,,1,dfc568,17,1,1,,0.5,,1,2
390050,[水墨]中式吊灯,,,china_ceiling_light,,,lamp,1,4,4,,,,1,1,1,1,0,2,,,,,25,10,1,0,,0,,390050,10000,0,0,390050,10000,,,,1,1,12,,1,ink_chinaceilinglight,ink_chinaceilinglight,,blocks.stone,blockd.stone,blockd.stone,390050,1,1,,7b4b41c,,,,,,,1,15,0,,1,,,1,,,,,,,1,dfc568,17,1,1,,0.5,,1,2
390051,[水墨]中式壁灯,,,china_wall_light,,,lamp,1,4,4,,,,1,1,1,1,0,2,,,,,25,10,1,0,,0,,390051,10000,0,0,390051,10000,,,,1,1,12,,1,ink_chinawalllight,ink_chinawalllight,,blocks.stone,blockd.stone,blockd.stone,390051,1,1,,7b4b42c,,,,,4,,1,15,0,,1,,,1,,,,,,,1,dfc568,17,1,1,,0.5,,1,2
390052,[水墨]中式门,,,china_door,,,simpledoor,1,4,4,,,,1,1,1,1,0,2,,,,,24,12,1,1,20,1,,390052,10000,0,0,390052,10000,,,,2,1,0,,2,ink_chinadoor2,ink_chinadoor2,,blocks.wood,blockd.wood,blockd.wood,390052,1,1,,7b4b43c,,,,,4,,3,15,15,,1,,1,10,,,,,,,0,,17,1,0,,0.5,,,
390053,[水墨]中式窗,,,china_window,,,screen,1,4,4,,,,1,1,1,1,0,2,,,,,24,12,1,1,20,1,,390053,10000,0,0,390053,10000,,,,2,1,0,,2,ink_chinawindow2,ink_chinawindow2,,blocks.wood,blockd.wood,blockd.wood,390053,1,1,,7b4b44c,,,,,4,,3,15,15,,1,,1,10,,,,,,,0,,17,1,1,,0.5,,,
390054,[水墨]中式围栏,,,,,,fence,1,4,4,,,,1,1,1,0,0,2,,,,,25,6,1,0,,0,,390054,10000,0,0,390054,10000,,,,2,1,0,,1,ink_chinarail,ink_chinarail,,blocks.wood,blockd.wood,blockd.wood,390054,1,1,,7b4b49c,,,,,4,,6,15,15,,1,,,1,,,,,,,2,,17,1,1,,0.5,,,
390055,[水墨]廊窗,,,,,,basic_model,1,4,4,,,,1,1,1,1,3,2,,,,,24,12,1,1,20,1,,390055,10000,0,0,390055,10000,,,,2,1,0,,1,ink_corridorwindow,ink_corridorwindow,,blocks.wood,blockd.wood,blockd.wood,390055,1,1,,5bc0ee,,,,,4,,1,15,15,,,,,10,,,,,,,1,,17,1,1,,0.5,,1,
390056,[水墨]挂落边靠,,,,,,basic_model,1,4,4,,,,1,1,1,1,3,2,,,,,24,12,1,1,20,1,,390056,10000,0,0,390056,10000,,,,2,1,0,,1,ink_Pattern,ink_Pattern1,,blocks.wood,blockd.wood,blockd.wood,390056,1,1,,5bc0ee,,,,,4,,1,15,15,,,,,10,,,,,,,1,,17,1,1,,0.5,,1,
390057,[水墨]挂落,,,,,,basic_model,1,4,4,,,,1,1,1,1,3,2,,,,,24,12,1,1,20,1,,390057,10000,0,0,390057,10000,,,,2,1,0,,1,ink_Pattern,ink_Pattern2,,blocks.wood,blockd.wood,blockd.wood,390057,1,1,,5bc0ee,,,,,4,,1,15,15,,,,,10,,,,,,,1,,17,1,1,,0.5,,1,
390058,[水墨]盆栽,,,,,,basic_model,1,4,4,,,,1,1,1,1,3,2,,,,,24,12,1,1,20,1,,390058,10000,0,0,390058,10000,,,,2,1,0,,1,ink_vase,ink_vase,,blocks.wood,blockd.wood,blockd.wood,390058,1,1,,5bc0ee,,,,,4,,1,15,15,,,,,10,,,,,,,1,,17,1,1,,0.5,,1,
390059,[水墨]中式楼梯,,,,,,basic_model,1,4,4,,,,1,1,1,1,3,2,,,,,24,12,1,1,20,1,,390059,10000,0,0,390059,10000,,,,2,1,0,,1,ink_chinastairs,ink_chinastairs,,blocks.wood,blockd.wood,blockd.wood,390059,1,1,,5bc0ee,,,,,4,,2,15,15,,,,,10,,,,,,,1,,17,1,1,,0.5,,1,
390060,[水墨]景观石一,,,,,,basic_model,,,,,,,1,1,1,1,3,2,,,,,24,12,1,1,20,1,,390060,10000,0,0,390060,10000,,,,2,1,0,,1,ink_stone1,ink_stone1,,blocks.wood,blockd.wood,blockd.wood,390060,1,1,,5bc0ee,,,,,4,,6,15,15,,,,,10,,,,,,,1,,17,1,1,,0.5,,1,
390061,[水墨]景观石二,,,,,,basic_model,,,,,,,1,1,1,1,3,2,,,,,24,12,1,1,20,1,,390061,10000,0,0,390061,10000,,,,2,1,0,,1,ink_stone2,ink_stone2,,blocks.wood,blockd.wood,blockd.wood,390061,1,1,,5bc0ee,,,,,4,,6,15,15,,,,,10,,,,,,,1,,17,1,1,,0.5,,1,
390062,[水墨]景观石三,,,,,,basic_model,,,,,,,1,1,1,1,3,2,,,,,24,12,1,1,20,1,,390062,10000,0,0,390062,10000,,,,2,1,0,,1,ink_stone3,ink_stone3,,blocks.wood,blockd.wood,blockd.wood,390062,1,1,,5bc0ee,,,,,4,,6,15,15,,,,,10,,,,,,,1,,17,1,1,,0.5,,1,
390063,[水墨]景观石四,,,,,,basic_model,,,,,,,1,1,1,1,3,2,,,,,24,12,1,1,20,1,,390063,10000,0,0,390063,10000,,,,2,1,0,,1,ink_stone4,ink_stone4,,blocks.wood,blockd.wood,blockd.wood,390063,1,1,,5bc0ee,,,,,4,,6,15,15,,,,,10,,,,,,,1,,17,1,1,,0.5,,1,
390064,[水墨]景观石五,,,,,,basic_model,,,,,,,1,1,1,1,3,2,,,,,24,12,1,1,20,1,,390064,10000,0,0,390064,10000,,,,2,1,0,,1,ink_stone5,ink_stone5,,blocks.wood,blockd.wood,blockd.wood,390064,1,1,,5bc0ee,,,,,4,,6,15,15,,,,,10,,,,,,,1,,17,1,1,,0.5,,1,
390065,[水墨]石狮子,,,,,,basic_model,,,,,,,1,1,1,1,3,2,,,,,24,12,1,1,20,1,,390065,10000,0,0,390065,10000,,,,2,1,0,,1,ink_vase,ink_vase,,blocks.wood,blockd.wood,blockd.wood,390065,1,1,,5bc0ee,,,,,4,,6,15,15,,,,,10,,,,,,,1,,17,1,1,,0.5,,1,
390066,[水墨]抱鼓石,,,,,,basic_model,1,4,4,,,,1,1,1,1,3,2,,,,,24,12,1,1,20,1,,390066,10000,0,0,390066,10000,,,,2,1,0,,1,ink_drumstone,ink_drumstone,,blocks.wood,blockd.wood,blockd.wood,390066,1,1,,5bc0ee,,,,,4,,1,15,15,,,,,10,,,,,,,1,,17,1,1,,0.5,,1,
390067,[水墨]松树,,,,,,basic_model_alpha,,,,,,,1,0,0,1,3,0,,,,,2,0,1,10,100,1,,390067,10000,0,0,390067,10000,,,,0,1,0,,1,songshu,songshu,,,blockd.grass,,390067,0,1,,ed003d,,,,,,,1,15,15,,1,,,,,,,,,,0,,17,1,0,,0.5,,,
390068,[水墨]桃树,,,,,,basic_model_alpha,,,,,,,1,1,1,1,3,2,,,,,24,12,1,1,20,1,,390068,10000,0,0,390068,10000,,,,2,1,0,,1,taoshu,taoshu,,blocks.wood,blockd.wood,blockd.wood,390068,1,1,,5bc0ee,,,,,4,,1,15,15,,,,,10,,,,,,,0,,17,1,0,,0.5,,,
390069,[水墨]竹子,,,,,,basic_model_alpha,,,,,,,1,1,1,1,3,2,,,,,24,12,1,1,20,1,,390069,10000,0,0,390069,10000,,,,2,1,0,,1,zhuzi,zhuzi,,blocks.wood,blockd.wood,blockd.wood,390069,1,1,,5bc0ee,,,,,4,,1,15,15,,,,,10,,,,,,,0,,17,1,0,,0.5,,,
390070,[水墨]柱台,,,,,,basic_model,1,4,4,,,,1,1,1,1,3,2,,,,,24,12,1,1,20,1,,390070,10000,0,0,390070,10000,,,,2,1,0,,1,ink_Plinths,ink_Plinths,,blocks.wood,blockd.wood,blockd.wood,390070,1,1,,5bc0ee,,,,,4,,1,15,15,,,,,10,,,,,,,1,,17,1,1,,0.5,,1,
390071,[水墨]枫树,,,,,,basic_model_alpha,,,,,,,1,1,1,1,3,2,,,,,24,12,1,1,20,1,,390071,10000,0,0,390071,10000,,,,2,1,0,,1,fengshu,fengshu,,blocks.wood,blockd.wood,blockd.wood,390071,1,1,,5bc0ee,,,,,4,,1,15,15,,,,,10,,,,,,,0,,17,1,0,,0.5,,,
390072,[水墨]鸱吻,,,,,,basic_model,1,4,4,,,,1,1,1,1,3,2,,,,,24,12,1,1,20,1,,390072,10000,0,0,390072,10000,,,,2,1,0,,1,ink_owlkiss,ink_owlkiss,,blocks.wood,blockd.wood,blockd.wood,390072,1,1,,5bc0ee,,,,,4,,1,15,15,,,,,10,,,,,,,1,,17,1,1,,0.5,,1,
390073,[水墨]兰草,,,,,,basic_model_alpha,1,4,4,,,,1,1,1,1,3,2,,,,,24,12,1,1,20,1,,390073,10000,0,0,390073,10000,,,,2,1,0,,1,lan,lan,,blocks.wood,blockd.wood,blockd.wood,390073,1,1,,5bc0ee,,,,,4,,0,15,15,,,,,10,,,,,,,0,,17,1,0,,0.5,,,
390074,[水墨]石灯,,,,,,basic_model,1,4,4,,,,1,1,1,1,3,2,,,,,24,12,1,1,20,1,,390074,10000,0,0,390074,10000,,,,2,1,8,,1,ink_stonelamp,ink_stonelamp,,blocks.wood,blockd.wood,blockd.wood,390074,1,1,,5bc0ee,,,,,4,,1,15,15,,,,,10,,,,,,,1,dadabe,17,1,1,,0.5,,1,
390075,[水墨]石灯二,,,,,,basic_model,1,4,4,,,,1,1,1,1,3,2,,,,,24,12,1,1,20,1,,390075,10000,0,0,390075,10000,,,,2,1,8,,1,ink_stonelamp2,ink_stonelamp2,,blocks.wood,blockd.wood,blockd.wood,390075,1,1,,5bc0ee,,,,,4,,6,15,15,,,,,10,,,,,,,1,dadabe,17,1,1,,0.5,,1,
390076,[水墨]地毯,,,,,,blanket,2,4,4,,1,,1,1,1,0,0,0,,,,,5,1,1,8,60,0,,390076,10000,0,0,390076,10000,,,,1,1,0,,1,ink_blanket,ink_blanket,,blocks.cloth,blockd.cloth,blockd.cloth,390076,0,1,,FAFFF0,,,,,,,0,15,15,,1,,,,,,,,,,0,,17,0,0,,0.5,,,
390077,[水墨]窗帘,,,,,,curtain,2,4,4,,,,1,0,1,1,3,0,,,,,0,0,1,1,20,1,,390077,10000,0,0,390077,10000,,,,0,1,0,,1,ink_curtain,ink_curtain,,blocks.cloth,blockd.cloth,blockd.cloth,390077,1,1,,8a9fa4,,,,,4,,0,15,15,,1,,,1,,,,,,,0,,17,1,0,,0.5,,,
390078,[水墨]牌匾,,,,,,bigplaque,3,4,4,,,,1,1,1,2,3,2,,,,1,10,5,1,0,,0,,390078,10000,0,0,390078,10000,,,,2,1,0,,1,ink_plaque,ink_plaque,,,blockd.wood,blockd.wood,390078,,1,,5bc4ee,,,,,4,,0,15,15,,,,,,,,,,,,0,,17,2,0,,0.5,,,
390079,[水墨]挂画,,,,,,simplepicture,1,4,4,,,,1,0,1,1,3,2,,,,,24,12,1,1,20,1,,390079,10000,0,0,390079,10000,,,,2,1,0,,1,ink_picture,ink_picture,,blocks.wood,blockd.wood,blockd.wood,390079,1,1,,5bc0ee,,,,,4,,0,15,15,,,,,10,,,,,,,0,,17,1,0,,0.5,,,
390080,[水墨]四层中式门,,,,,,highdoor,,,,,,,,1,1,1,0,2,,,,,24,12,1,1,20,1,,390080,10000,0,0,390080,10000,,,,2,1,0,,4,ceshi_door,ceshi_door,,blocks.wood,blockd.wood,blockd.wood,390080,1,1,,7b4b43c,,,,,4,,3,15,15,,1,,1,10,,,,,,,0,,17,1,0,,0.5,,,
390081,[水墨]鼓,,,,,,basic_model,1,4,4,,,,1,1,1,1,3,2,,,,,24,12,1,1,20,1,,390081,10000,0,0,390081,10000,,,,2,1,0,,1,ink_drum,ink_drum,,blocks.wood,blockd.wood,blockd.wood,390081,1,1,,5bc0ee,,,,,4,,1,15,15,,,,,10,,,,,,,1,,17,1,1,,0.5,,1,
390082,[水墨]古筝,,,,,,basic_model,1,4,4,,,,1,1,1,1,3,2,,,,,24,12,1,1,20,1,,390082,10000,0,0,390082,10000,,,,2,1,0,,1,ink_zither,ink_zither,,blocks.wood,blockd.wood,blockd.wood,390082,1,1,,5bc0ee,,,,,4,,1,15,15,,,,,10,,,,,,,1,,17,1,1,,0.5,,1,
390083,[水墨]书柜,,,,,,bookcase,3,4,4,,,,1,1,1,0,0,0,,,,,24,10,1,5,20,5,,390083,10000,0,0,390083,10000,,,,1,1,0,,1,ink_bookcase,ink_bookcase,,blocks.wood,blockd.wood,,390083,1,1,,894e1c,,,,,4,,0,15,15,,1,,,1,,,,,,,0,,17,0,0,,0.5,,,
390084,[水墨]装画卷的缸,,,,,,basic_model,1,4,4,,,,1,1,1,1,3,2,,,,,24,12,1,1,20,1,,390084,10000,0,0,390084,10000,,,,2,1,0,,1,ink_jarforpicture,ink_jarforpicture,,blocks.wood,blockd.wood,blockd.wood,390084,1,1,,5bc0ee,,,,,4,,6,15,15,,,,,10,,,,,,,1,,17,1,1,,0.5,,1,
390085,[水墨]高脚架二,,,,,,basic_model,1,4,4,,,,1,1,1,1,3,2,,,,,24,12,1,1,20,1,,390085,10000,0,0,390085,10000,,,,2,1,0,,1,ink_tripod,ink_tripod,,blocks.wood,blockd.wood,blockd.wood,390085,1,1,,5bc0ee,,,,,4,,6,15,15,,,,,10,,,,,,,1,,17,1,1,,0.5,,1,
390086,[水墨]书椅,,,,,,chair,1,4,4,,,,1,1,1,1,3,2,,,,,24,12,1,1,20,1,,390086,10000,0,0,390086,10000,,,,2,1,0,,1,ink_bookchair,ink_bookchair,,blocks.wood,blockd.wood,blockd.wood,390086,1,1,,5bc0ee,,,,,4,,6,15,15,,,,,10,,,,,,,1,,17,1,1,,0.5,,1,
390087,[水墨]笔架,,,,,,basic_model,1,4,4,,,,1,1,1,1,3,2,,,,,24,12,1,1,20,1,,390087,10000,0,0,390087,10000,,,,2,1,0,,1,ink_brushholder,ink_brushholder,,blocks.wood,blockd.wood,blockd.wood,390087,1,1,,5bc0ee,,,,,4,,6,15,15,,,,,10,,,,,,,1,,17,1,1,,0.5,,1,
390089,[水墨]芦苇,,,,,,tall_grass,1,1,1,,,,1,0,0,1,3,0,1,,,,1,0,1,15,100,15,,390089,10000,0,0,390089,10000,,,,2,1,0,,2,ink_luwei,ink_luwei,,,blockd.grass,,390089,3,1,,418129,0.1,,,,2,,0,15,15,,1,,,,,,,,,,0,,17,1,0,,0.5,,,
390090,[水墨]油纸伞,,,,,,umbrella,3,4,,,,,1,1,1,0,0,1,,,,,8,1,1,0,,0,,390090,10000,0,,390090,10000,,,,1,1,0,,1,ink_stone1,ink_stone1,,blocks.stone,blockd.glass,blockd.stone,390090,0,1,,52ffff,,,,,16,,0,15,0,,1,,,,,,,,,,0,,17,0,0,,0.5,,,
390091,[水墨]荷花,,,,,,inklotus,1,1,1,,,,1,0,0,1,3,0,,,,,1,0.4,1,0,,10,,390091,10000,0,0,390091,10000,,,,1,1,0,,1,Lotus_hui_1,Lotus_hui_1,,blocks.grass,blockd.grass,,390091,,1,,ef84ef,,,,,,,0,15,15,,1,,,,,,,,,,0,,17,1,0,,0.5,,,
390092,[水墨]青花瓷茶壶,,,,,,basic_model,1,4,4,,,,1,1,1,1,3,2,,,,,24,12,1,1,20,1,,390092,10000,0,0,390092,10000,,,,2,1,0,,1,ink_blueandwhiteporcelain_teapot,ink_blueandwhiteporcelain_teapot,,blocks.wood,blockd.wood,blockd.wood,390092,1,1,,5bc0ee,,,,,4,,6,15,15,,,,,10,,,,,,,1,,17,1,1,,0.5,,1,
390093,[水墨]青花瓷茶杯,,,,,,basic_model,1,4,4,,,,1,1,1,1,3,2,,,,,24,12,1,1,20,1,,390093,10000,0,0,390093,10000,,,,2,1,0,,1,ink_blueandwhiteporcelain_teacup,ink_blueandwhiteporcelain_teacup,,blocks.wood,blockd.wood,blockd.wood,390093,1,1,,5bc0ee,,,,,4,,6,15,15,,,,,10,,,,,,,1,,17,1,1,,0.5,,1,
390094,[水墨]青花瓷盘子（横）,,,,,,basic_model,1,4,4,,,,1,1,1,1,3,2,,,,,24,12,1,1,20,1,,390094,10000,0,0,390094,10000,,,,2,1,0,,1,ink_blueandwhiteporcelain_plate2,ink_blueandwhiteporcelain_plate2,,blocks.wood,blockd.wood,blockd.wood,390094,1,1,,5bc0ee,,,,,4,,6,15,15,,,,,10,,,,,,,1,,17,1,1,,0.5,,1,
390095,[水墨]青花瓷盘子（竖）,,,,,,basic_model,1,4,4,,,,1,1,1,1,3,2,,,,,24,12,1,1,20,1,,390095,10000,0,0,390095,10000,,,,2,1,0,,1,ink_blueandwhiteporcelain_plate1,ink_blueandwhiteporcelain_plate1,,blocks.wood,blockd.wood,blockd.wood,390095,1,1,,5bc0ee,,,,,4,,6,15,15,,,,,10,,,,,,,1,,17,1,1,,0.5,,1,
390096,[水墨]青花瓷碗,,,,,,basic_model,1,4,4,,,,1,1,1,1,3,2,,,,,24,12,1,1,20,1,,390096,10000,0,0,390096,10000,,,,2,1,0,,1,ink_blueandwhiteporcelain_bowl,ink_blueandwhiteporcelain_bowl,,blocks.wood,blockd.wood,blockd.wood,390096,1,1,,5bc0ee,,,,,4,,6,15,15,,,,,10,,,,,,,1,,17,1,1,,0.5,,1,
390097,[水墨]小型青花瓷瓶,,,,,,basic_model,1,4,4,,,,1,1,1,1,3,2,,,,,24,12,1,1,20,1,,390097,10000,0,0,390097,10000,,,,2,1,0,,1,ink_blueandwhiteporcelain_bottle1,ink_blueandwhiteporcelain_bottle1,,blocks.wood,blockd.wood,blockd.wood,390097,1,1,,5bc0ee,,,,,4,,6,15,15,,,,,10,,,,,,,1,,17,1,1,,0.5,,1,
390098,[水墨]中小型青花瓷瓶,,,,,,basic_model,1,4,4,,,,1,1,1,1,3,2,,,,,24,12,1,1,20,1,,390098,10000,0,0,390098,10000,,,,2,1,0,,1,ink_blueandwhiteporcelain_bottle2,ink_blueandwhiteporcelain_bottle2,,blocks.wood,blockd.wood,blockd.wood,390098,1,1,,5bc0ee,,,,,4,,6,15,15,,,,,10,,,,,,,1,,17,1,1,,0.5,,1,
390099,[水墨]中型青花瓷瓶,,,,,,basic_model,1,4,4,,,,1,1,1,1,3,2,,,,,24,12,1,1,20,1,,390099,10000,0,0,390099,10000,,,,2,1,0,,1,ink_blueandwhiteporcelain_bottle3,ink_blueandwhiteporcelain_bottle3,,blocks.wood,blockd.wood,blockd.wood,390099,1,1,,5bc0ee,,,,,4,,6,15,15,,,,,10,,,,,,,1,,17,1,1,,0.5,,1,
390100,[水墨]中大型青花瓷瓶,,,,,,basic_model,1,4,4,,,,1,1,1,1,3,2,,,,,24,12,1,1,20,1,,390100,10000,0,0,390100,10000,,,,2,1,0,,1,ink_blueandwhiteporcelain_bottle4,ink_blueandwhiteporcelain_bottle4,,blocks.wood,blockd.wood,blockd.wood,390100,1,1,,5bc0ee,,,,,4,,6,15,15,,,,,10,,,,,,,1,,17,1,1,,0.5,,1,
390101,[水墨]大型青花瓷瓶,,,,,,basic_model,1,4,4,,,,1,1,1,1,3,2,,,,,24,12,1,1,20,1,,390101,10000,0,0,390101,10000,,,,2,1,0,,1,ink_blueandwhiteporcelain_bottle5,ink_blueandwhiteporcelain_bottle5,,blocks.wood,blockd.wood,blockd.wood,390101,1,1,,5bc0ee,,,,,4,,6,15,15,,,,,10,,,,,,,1,,17,1,1,,0.5,,1,
390102,[水墨]大型青花瓷缸,,,,,,basic_model,1,4,4,,,,1,1,1,1,3,2,,,,,24,12,1,1,20,1,,390102,10000,0,0,390102,10000,,,,2,1,0,,1,ink_blueandwhiteporcelain_crock,ink_blueandwhiteporcelain_crock,,blocks.wood,blockd.wood,blockd.wood,390102,1,1,,5bc0ee,,,,,4,,6,15,15,,,,,10,,,,,,,1,,17,1,1,,0.5,,1,
390103,[水墨]大型储物箱（横）,,StorageBox,StorageBox,,,bigchest,,5,,,,,1,1,1,2,0,2,,,,,24,10,1,1,20,1,,390103,10000,0,0,390103,10000,,,,2,,0,,1,ink_chest,ink_bigchest2,,blocks.wood,blockd.wood,,390103,1,1,,ad4136,,,,,4,,1,15,15,,1,,1,1,,,,,,,0,,0,2,0,,0.5,,1,
390104,[水墨]灯笼,,SpringFestivalLanterns,SpringFestivalLanterns,,,lamp,3,4,,,,,1,1,1,0,0,0,,,,,3,3,1,0,,0,,390104,10000,0,0,390104,10000,,,,3,1,8,,1,ink_lamp,ink_lamp,,blocks.wood,blockd.wood,,390104,1,1,,ea151c,,,,,,,0,15,0,,1,,,1,,,,,,,0,938706,17,0,1,,0.5,,,2
390105,[水墨]大型储物箱（竖）,,StorageBox,StorageBox,,,bigchest,,5,,,,,1,1,1,2,0,2,,,,,24,10,1,1,20,1,,390105,10000,0,0,390105,10000,,,,2,,0,,2,ink_chest,ink_bigchest1,,blocks.wood,blockd.wood,,390105,1,1,,ad4136,,,,,4,,1,15,15,,1,,1,1,,,,,,,0,,0,2,0,,0.5,,1,
390106,[水墨]纸窗,,,,,,basic_model,3,4,4,,,,1,1,1,1,3,2,,,,,24,12,1,1,20,1,,390106,10000,0,0,390106,10000,,,,2,1,0,,1,ink_paperwindow,ink_paperwindow,,blocks.wood,blockd.wood,blockd.wood,390106,1,1,,5bc0ee,,,,,4,,3,15,15,,,,,10,,,,,,,1,,17,1,1,,0.5,,1,
390107,[水墨]竹帘,,,,,,curtain,2,4,4,,,,1,0,1,1,3,0,,,,,0,0,1,1,20,1,,390107,10000,0,0,390107,10000,,,,0,1,0,,1,ink_bamboocurtain,ink_bamboocurtain,,blocks.cloth,blockd.cloth,blockd.cloth,390107,1,1,,8a9fa4,,,,,4,,0,15,15,,1,,,1,,,,,,,0,,17,1,0,,0.5,,,
390108,[水墨]纸门,,,,,,simpledoor,3,4,4,,,,1,1,1,1,0,2,,,,,24,12,1,1,20,1,,390108,10000,0,0,390108,10000,,,,2,1,0,,2,ink_paperdoor,ink_paperdoor,,blocks.wood,blockd.wood,blockd.wood,390108,1,1,,7b4b43c,,,,,4,,3,15,15,,1,,1,10,,,,,,,0,,17,1,0,,0.5,,,
390109,细水管,,smallwaterpipe,ThinVoidFruitTreeBranches,,,branch,,,,,,,1,1,1,0,0,0,,,,,35,0.4,1,15,60,15,,390109,7500,0,0,390109,7500,,,,2,1,0,,1,waterpipe,branchthin,,blocks.wood,blockd.wood,,390109,1,1,,0b0b64,,,,,4,,1,15,15,,1,,,1,,,,,,,0,,17,0,1,,0.5,,,
390110,粗水管,,bigwaterpipe,ThickPoplarTreeBranch,,,branch,,,,,,,1,1,1,0,0,0,,,,,35,0.4,1,15,60,15,,390110,10000,0,0,390110,10000,,,,2,1,0,,1,bigwaterpipe,branchthick,,blocks.wood,blockd.wood,,390110,1,1,,614b2c,,,,,4,,1,15,15,,1,,,1,,,,,,,0,,17,0,1,,0.5,,,
390111,路障雪糕筒,,,,,,basic_model,,,,,,,1,1,1,0,0,0,,,,1,35,9,1,1,20,1,,390111,10000,0,0,390111,10000,,,,2,1,0,,1,Roadblock,Roadblock,,blocks.wood,blockd.wood,,390111,1,1,,865d39,,,,,4,,1,15,15,,1,,,1,,,,,,,1,,17,0,1,,0.5,,1,
390112,铁梯子,,,RopeLadder,,,ladder,,,,,,,1,0,1,0,3,1,,,,,5,3,1,2,20,1,,390112,10000,0,0,390112,10000,,,,0,1,0,,1,candyzombie_ladder,candyzombie_ladder,,blocks.ladder,blocks.ladder,,390112,1,1,,e09f50,,,,,4,,0,15,15,,1,,,1,,,,,,,1,,17,0,1,,1,,,
390113,修补铁板,,,Bookcase,,,bookcase,,,,,,,1,1,1,0,0,0,,,,,24,10,1,5,20,5,,390113,10000,0,0,390113,10000,,,,1,1,0,,1,candyzombie_sheetiron,candyzombie_sheetiron,,blocks.wood,blockd.wood,,390113,1,1,,894e1c,,,,,4,,0,15,15,,1,,,1,,,,,,,0,,17,0,1,,0.5,1,,
390114,垃圾桶,,,Bookcase,,,bookcase,,,,,,,1,1,1,0,0,0,,,,,24,10,1,5,20,5,,390114,10000,0,0,390114,10000,,,,1,1,0,,1,candyzombie_dustbin,candyzombie_dustbin,,blocks.wood,blockd.wood,,390114,1,1,,894e1c,,,,,4,,0,15,15,,1,,,1,,,,,,,0,,17,0,1,,0.5,,,
390115,保护环境奖杯,,,Bookcase,,,basic_model,,,,,,,1,1,1,0,0,0,,,,,24,10,1,5,20,5,,390115,10000,0,0,390115,10000,,,,1,1,0,,1,modelcup,modelcup,,blocks.wood,blockd.wood,,390115,1,1,,894e1c,,,,,4,,0,15,15,,1,,,1,,,,,,,1,,17,0,1,,0.5,,1,
390116,秘渊块,,MysteryAbyssBlock,MysteryAbyssBlock,,,basic,1,4,,,,,1,1,1,0,0,0,,,,1,25,-1,1,,,,,,,,,,,,,,2,15,0,,1,mysteryAbyssBlock,,,blocks.stone,blockd.stone,,390116,2,1,,2B0063,,,,,,,1,15,15,,1,,,1,,,,,,,0,,255,0,1,,0.2,,,
390117,学院宝箱（真）,390117,AcademyChestTrue,AcademyChestTrue,,,modbase,,,,,,,1,1,1,2,0,0,,,,,50,15,1,0,,0,,390117,10000,0,0,390117,10000,,,,2,1,0,,1,,,,blocks.wood,blockd.wood,,390117,2,3,,2B0063,,,,,1,,1,15,15,,1,,,1,,,,,,,0,,17,0,1,,0.5,26,,
390118,学院宝箱（怪物）,390118,AcademyChestMonster,AcademyChestMonster,,,modbase,,,,,,,1,1,1,2,0,0,,,,,50,-1,1,0,,0,,,,,,,,,,,2,1,0,,1,,,,blocks.wood,blockd.wood,,390118,2,3,,2B0063,,,,,1,,1,15,15,,1,,,1,,,,,,,0,,17,0,1,,0.5,26,,
390119,学院宝箱（传送）,390119,AcademyChestTeleport,AcademyChestTeleport,,,modbase,,,,,,,1,1,1,2,0,0,,,,,50,-1,1,0,,0,,,,,,,,,,,2,1,0,,1,,,,blocks.wood,blockd.wood,,390119,2,3,,2B0063,,,,,1,,1,15,15,,1,,,1,,,,,,,0,,17,0,1,,0.5,26,,
390120,学院宝箱（诅咒）,390120,AcademyChestCurse,AcademyChestCurse,,,modbase,,,,,,,1,1,1,2,0,0,,,,,50,-1,1,0,,0,,,,,,,,,,,2,1,0,,1,,,,blocks.wood,blockd.wood,,390120,2,3,,2B0063,,,,,1,,1,15,15,,1,,,1,,,,,,,0,,17,0,1,,0.5,26,,
390121,废墟宝箱,390121,RuinsChest,RuinsChest,,,modbase,,,,,,,1,1,1,2,0,0,,,,,50,15,1,0,,0,,390121,10000,0,0,390121,10000,,,,2,1,0,,1,,,,blocks.wood,blockd.wood,,390121,2,3,,5C4A3A,,,,,,,1,15,15,,1,,,1,,,,,,,0,,17,0,1,,0.5,26,,
390122,废虚宝箱,390122,RuinsChest,RuinsChest2,,,modbase,,,,,,,1,1,1,2,0,0,,,,,50,15,1,0,,0,,390122,10000,0,0,390122,10000,,,,2,1,0,,1,,,,blocks.wood,blockd.wood,,390122,2,3,,5C4A3A,,,,,,,1,15,15,,1,,,1,,,,,,,0,,17,0,1,,0.5,26,,
