序号,类型（1=富文本，2=图片文件）,富文本,显示时间（tick，-1=无限时间）,底图文件,底图宽度（-1=自适应）,底图高度（-1=自适应）,组（数组，这个气泡id归属的组）,
Id,Type,Desc,Tick,Background,Width,Height,Group,
10000,1,给我@item_12001#可以吗？,100,,100,-1,1|2,
10001,1,离我远点,100,,100,-1,1,
10002,1,,100,,100,-1,3,
10003,1,,100,,100,-1,4,
10004,1,可以给我一个@item_200141#吗，我可以帮你干活,100,,100,-1,5,
10005,1,感谢你帮我解除诅咒,100,,100,-1,5|101731,
10006,1,太谢谢你了，我终于恢复正常了,100,,100,-1,5|101731,
10007,1,我最喜欢@item_200141#了，要是有一个就好了,100,,100,-1,5,
10008,1,我可以认你做老大吗，给我一个@item_200141#你就是老大,100,,100,-1,5|101731,
10021,1,这个世界好危险啊,100,,100,-1,6,
10022,1,不知道怎么回事，之前我戴了个猪头面具,100,,100,-1,6,
10023,1,好美丽的世界，之前我怎么看不到,100,,100,-1,6,
10031,1,老大，可以带我去你的村庄吗，村庄需要一个@item_1202#哦,100,,100,-1,7,
10032,1,老大，放置一个@item_1202#，我就可以在村庄内住下了,100,,100,-1,7,
10033,1,老大， 跟我交互我就跟着你走，去你的村庄吧,100,,100,-1,7,
10041,1,老大，给我一个@item_11002#类的东西，我就可以帮你砍树和种树,100,,100,-1,8,
10042,1,老大，给我一个@item_12012#类的东西，我就可以帮你在村庄内巡逻,100,,100,-1,8,
10043,1,老大，给我不同职业的道具，我就可以拥有不同职业的能力,100,,100,-1,8,
10051,1,老大，给我一个@item_11032#类的东西，我就可以帮你种田,100,,100,-1,9,
10052,1,老大，给我一个@item_12050#类的东西，我就可以帮你在村庄内巡逻,100,,100,-1,9,
10100,1,老大，我跟你走,100,,100,-1,100,
10101,1,点我一下，我就原地待命！,100,,100,-1,100,
10102,1,老大带我走！,100,,100,-1,100,
10103,1,要到哪里去呢？,100,,100,-1,100,
10104,1,老大等等我啊！,100,,100,-1,100,
10105,1,快到了吗？跑两步有点累了(°﹃° ),100,,100,-1,100,
10106,1,你走前面，我断后！,100,,100,-1,100,
10111,1,真菜，就这？,100,,100,-1,101,
10112,1,烦人的东西挂了,100,,100,-1,101,
10121,1,怎么跑了,100,,100,-1,102,
10122,1,真捞，这就跑了,100,,100,-1,102,
10131,1,谁敢打我！！,100,,100,-1,103,
10132,1,是谁！,100,,100,-1,103,
10133,1,给你点好果汁吃！,100,,100,-1,103,
10141,1,谁敢打我主人！！,100,,100,-1,104,
10142,1,老大！我来助你！,100,,100,-1,104,
10151,1,该吃饭了！,100,,100,-1,105,
10152,1,好饿了！吃的在哪！,100,,100,-1,105,
10153,1,饿疯了！谁也别拦我干饭！,100,,100,-1,105,
10154,1,饭点到！干饭人冲鸭！,100,,100,-1,105,
10155,1,为了干饭，我愿献出膝盖！,100,,100,-1,105,
10156,1,只要干饭快，悲伤就追不上我。,100,,100,-1,105,
10157,1,肚子咕咕叫，干饭最重要！,100,,100,-1,105,
10161,1,怎么没饭吃呢！,100,,100,-1,106,
10162,1,哪里可以搞点吃的东西呢,100,,100,-1,106,
10163,1,要是有可以吃的食物方块就好了,100,,100,-1,106,
10164,1,你看起来…… 很好吃的样子,100,,100,-1,106,
10165,1,咕咕咕咕（纯正野生火鸡叫）。,100,,100,-1,106,
10166,1,已进入省电模式……,100,,100,-1,106,
10167,1,饿！饿！饿！,100,,100,-1,106,
10171,1,明天吃点啥好呢,100,,100,-1,107,
10172,1,明天又可以上班了，真开心,100,,100,-1,107,
10173,1,别抢… 那是我的鸡腿,100,,100,-1,107,
10174,1,再睡五分钟… 就五分钟,100,,100,-1,107,
10175,1,别吵我… 我在做梦呢,100,,100,-1,107,
10176,1,别叫醒我… 我在开会,100,,100,-1,107,
10177,1,再让我趴一会儿,100,,100,-1,107,
10181,1,困了，想睡大觉了,100,,100,-1,108,
10182,1,我的床呢，我现在需要立马睡着,100,,100,-1,108,
10191,1,感谢有你,100,,100,-1,109,
10192,1,还好有你,100,,100,-1,109,
10193,1,谢谢老大！,100,,100,-1,109,
10201,1,还好有个这样的家,100,,100,-1,110,
10202,1,在迷拉星活着真好,100,,100,-1,110,
10203,1,我最喜欢聚会辣！！！！,100,,100,-1,110,
10204,1,SHOW TIME！！,100,,100,-1,110,
10205,1,快看我的舞姿,100,,100,-1,110,
10206,1,太带派辣！！！,100,,100,-1,110,
10207,1,终于能休息一下,100,,100,-1,110,
10208,1,今天不营业，聚会啦,100,,100,-1,110,
10209,1,别干活了，先嗨,100,,100,-1,110,
10210,1,聚会开始，别迟到,100,,100,-1,110,
10211,1,聚会时间开始！芜湖,100,,100,-1,111,聚会时间无篝火
10212,1,要是有个篝火@item_1200#就更好了,100,,100,-1,111,
10213,1,得想办法让主人给我们搞个篝火@item_1200#才行,100,,100,-1,111,
10214,1,吃饱饱玩一下就可以睡觉了，嘻嘻,100,,100,-1,111,
10215,1,欢迎来到迷拉星~,100,,100,-1,111,
10216,1,听说有个人来草原把草全部拔光了,100,,100,-1,111,
10217,1,昨晚好像有个人睡在猪圈里了！,100,,100,-1,111,
10221,1,嗝～撑到扶墙,100,,100,-1,112,吃饱了
10222,1,太饱了，走不动,100,,100,-1,112,
10223,1,嗝！满足到飞起,100,,100,-1,112,
10224,1,撑死我了，真爽,100,,100,-1,112,
10225,1,饱了饱了，收工,100,,100,-1,112,
10226,1,饱到想睡三天,100,,100,-1,112,
10227,1,嗝～战斗力归零,100,,100,-1,112,
10231,1,真香啊！！！！,100,,100,-1,113,吃饭中
10232,1,好吃捏,100,,100,-1,113,
10233,1,真香！停不下来,100,,100,-1,113,
10234,1,这味道太上头,100,,100,-1,113,
10235,1,这口绝了,100,,100,-1,113,
10236,1,这也太下饭了,100,,100,-1,113,
10237,1,嗯… 再来一口,100,,100,-1,113,
10241,1,怎么没有床,100,,100,-1,114,
10242,1,好想要有张床啊，求求了,100,,100,-1,114,
10251,1,希望有个部落图腾@item_1202#,100,,100,-1,115,
10252,1,要是有个部落图腾@item_1202#就好了,100,,100,-1,115,
10261,1,没有需要建造的蓝图呀,100,,100,-1,116,
10262,1,如果有个图纸放置在地上我就可以开工了,100,,100,-1,116,
10271,1,有蓝图了，准备开工！,100,,100,-1,117,
10272,1,来活了来活了,100,,100,-1,117,
10281,1,怎么没材料啊,100,,100,-1,118,
10282,1,缺材料啦，我想想去哪里搞点材料,100,,100,-1,118,
10291,1,这里有这个材料,100,,100,-1,119,
10292,1,这里有蓝图需要的材料，芜湖,100,,100,-1,119,
10301,1,材料齐全啦，启动蓝图！,100,,100,-1,120,
10302,1,启动蓝图！芜湖,100,,100,-1,120,
10311,1,蓝图在建造啦,100,,100,-1,121,
10312,1,我最喜欢看自动建造了，太有感觉了,100,,100,-1,121,
10321,1,怎么没有现成的材料，我自己动手造！,100,,100,-1,122,
10322,1,怎么没有现成的材料，我自己整一点,100,,100,-1,122,
10331,1,我来合成对应的材料,100,,100,-1,123,
10341,1,没有工匠台，我需要一个工匠台@item_797#,100,,100,-1,124,
10351,1,我去蓝图那里填充材料,100,,100,-1,125,
10361,1,没锅啊,100,,100,-1,126,
10362,1,可以帮我放个石锅吗,100,,100,-1,126,
10371,1,可以帮我放篝火吗,100,,100,-1,127,
10372,1,石锅下面没篝火啊,100,,100,-1,127,
10381,1,这个篝火没有燃烧呀，没有火就没得做饭了,100,,100,-1,128,
10382,1,篝火没有怎么燃烧，温度不够做出来的饭不好吃,100,,100,-1,128,
10391,1,我来拿点燃烧的小火炬，做出的饭更好吃,100,,100,-1,129,拿火炬
10401,1,火就是艺术！,100,,100,-1,130,点燃篝火
10402,1,火候！最重要的就是火候！,100,,100,-1,130,
10411,1,做好饭摆盘最重要，嘿嘿,100,,100,-1,131,放置食物
10412,1,色香味俱全啊！,100,,100,-1,131,放置食物
10413,1,放这儿了，趁热造,100,,100,-1,131,放置食物
10414,1,给你放桌上啦,100,,100,-1,131,放置食物
10415,1,搁这儿了，别凉了,100,,100,-1,131,放置食物
10416,1,你的饭饭已就位,100,,100,-1,131,放置食物
10417,1,放桌上了，开整吧,100,,100,-1,131,放置食物
10421,1,大功告成！,100,,100,-1,132,煮好了
10422,1,饭煮好喽~最喜欢做饭了,100,,100,-1,132,煮好了
10423,1,出锅！香到邻居报警,100,,100,-1,132,煮好了
10424,1,搞定！锅都感动了,100,,100,-1,132,煮好了
10425,1,完成！今天没烧焦,100,,100,-1,132,煮好了
10426,1,成了！味道很有态度,100,,100,-1,132,煮好了
10431,1,进去吧你！别客气,100,,100,-1,133,煮饭放置
10432,1,下锅咯，听个响,100,,100,-1,133,煮饭放置
10433,1,走你！下锅洗澡,100,,100,-1,133,煮饭放置
10434,1,统统进锅，不许逃,100,,100,-1,133,煮饭放置
10435,1,去吧，成为美味,100,,100,-1,133,煮饭放置
10441,1,别急，我也饿,100,,100,-1,134,煮饭等待
10442,1,稍等一下，马上好,100,,100,-1,134,煮饭等待
10443,1,正在料理中…,100,,100,-1,134,煮饭等待
10444,1,正在和食材谈判,100,,100,-1,134,煮饭等待
10445,1,别催，我会手抖,100,,100,-1,134,煮饭等待
10446,1,正在精心烹饪,100,,100,-1,134,煮饭等待
10451,1,把食物放进箱子里，有人有需要就从这里拿吧,100,,100,-1,135,没餐盘，放箱子
10461,1,我找找看哪里有点食材，我想要开始煮饭了,100,,100,-1,136,拿食材气泡组
10462,1,让我找找… 食材藏哪了,100,,100,-1,136,拿食材气泡组
10463,1,食材呢？别跟我捉迷藏,100,,100,-1,136,拿食材气泡组
10464,1,让我看看，今天宠幸谁,100,,100,-1,136,拿食材气泡组
10465,1,掏家底了，这可是好货,100,,100,-1,136,拿食材气泡组
10466,1,选食材我可是认真的,100,,100,-1,136,拿食材气泡组
10471,1,没有农夫旗帜@item_1203#呀,100,,100,-1,137,农夫无旗帜气泡组
10472,1,你可以帮我放置一个@item_1203#吗，那样我就可以开始工作了,100,,100,-1,137,农夫无旗帜气泡组
10481,1,我开始开垦啦，我把所有@item_100#都变成@item_102#,100,,100,-1,138,开始开垦
10482,1,锄禾日当午~汗滴禾下土~,100,,100,-1,138,开始开垦
10491,1,附近没有种子，可以拿一些放在箱子里吗,100,,100,-1,139,没种子箱子
10501,1,这里有种子，我来拿一些,100,,100,-1,140,拿种子气泡组
10511,1,没有攀藤架呀，哪里可以搞点攀藤架放在箱子里呢,100,,100,-1,141,没有攀藤架
10521,1,这个种子需要攀藤架，我来拿点,100,,100,-1,142,拿攀藤架
10531,1,我要开始种了,100,,100,-1,143,开始种
10541,1,我没有花洒，哪个的箱子有花洒呢,100,,100,-1,144,没有花洒
10551,1,我拿到花洒啦,100,,100,-1,145,拿到花洒
10561,1,嘀嘀嘀，开始浇水，快高长大呀,100,,100,-1,146,开始洒水
10571,1,哪里的箱子有肥料呢，有肥料可以让作物长得更好,100,,100,-1,147,没有肥料
10581,1,我获得肥料啦，马上去施肥,100,,100,-1,148,获得肥料
10591,1,小东西们都快快长大,100,,100,-1,149,开始施肥
10601,1,我来试试能不能收获这些作物,100,,100,-1,150,收获
10602,1,努力总是有回报的！看看这些果实,100,,100,-1,150,收获
10611,1,我来捡捡地上剩余的作物，不能浪费呀,100,,100,-1,151,拾取
10621,1,哪里有箱子呢，我想把收获的作物放到箱子里,100,,100,-1,152,没有箱子
10631,1,收获了这么多，都放到箱子里喽~,100,,100,-1,153,放到箱子里
10641,1,没有火炬呀，可以把火炬放置到箱子内吗，我会自己拿,100,,100,-1,154,没有火炬
10651,1,没有食材呀，可以把食材放到箱子里吗，我自己拿点食材来做饭~,100,,100,-1,155,没有食材
10652,1,食材断货，不开火,100,,100,-1,155,没有食材
10653,1,完了，没料下锅了,100,,100,-1,155,没有食材
10654,1,食材呢？被谁偷吃了,100,,100,-1,155,没有食材
10655,1,没食材，只能发呆,100,,100,-1,155,没有食材
10661,1,我来收拾卫生，吃完了就得收盘子,100,,100,-1,156,破坏餐盘
10671,1,有怪物！快跑啊！！！！,100,,100,-1,157,有怪物气泡组
10672,1,啊啊啊啊~不要打我！,100,,100,-1,157,有怪物气泡组
10673,1,妈呀！救命啊,100,,100,-1,157,有怪物气泡组
10674,1,别追了，我错了,100,,100,-1,157,有怪物气泡组
10675,1,腿短跑不快啊,100,,100,-1,157,有怪物气泡组
10676,1,大哥饶命！,100,,100,-1,157,有怪物气泡组
10677,1,好汉不吃眼前亏,100,,100,-1,157,有怪物气泡组
10681,1,感谢,100,,100,-1,158,感谢玩家气泡组
10691,1,我最喜欢@item_12613#了,100,,100,-1,159,沙漠村民
10692,1,@item_12613#仙人掌果实是世界上最好的东西,100,,100,-1,159,沙漠村民
10693,1,仙人掌都比我活得滋润。,100,,100,-1,159,沙漠村民
10694,1,我跟骆驼聊得挺来的,100,,100,-1,159,沙漠村民
10695,1,热得我想给太阳装空调,100,,100,-1,159,沙漠村民
10696,1,这地方连影子都想跑路,100,,100,-1,159,沙漠村民
10697,1,骆驼说我比它还慢,100,,100,-1,159,沙漠村民
10698,1,听说沙漠深处有一只大虫子，离它远点,100,,100,-1,159,沙漠村民
10699,1,这温度能把石头热哭,100,,100,-1,159,沙漠村民
10700,1,风说我发型太嚣张,100,,100,-1,159,沙漠村民
10701,1,尖尖碰碰锤@item_11230#，这是最完美的武器，我要是有的话就可以打爆那个沙虫了,100,,100,-1,160,厨师说话
10702,1,你知道哪里可以搞到尖尖碰碰锤@item_11230#吗，听说很好用,100,,100,-1,160,
10711,1,我最喜欢创造锤了！！创造锤又可以当武器，还可以做音乐呢,100,,100,-1,161,冰原建筑工闲聊
10712,1,创造锤~创造锤~我可以拿创造锤来合成所有东西~,100,,100,-1,161,
10721,1,真可爱的小恶魔，听说他们也喜欢生日蛋糕,100,,100,-1,162,小恶魔互动
10722,1,小恶魔好像每年只有在3月的时候会出现呢,100,,100,-1,162,
10723,1,别看它凶，看见蛋糕直接秒怂！,100,,100,-1,162,
10724,1,强力战宠？不，是蛋糕狂热粉！,100,,100,-1,162,
10725,1,敢抢它蛋糕，小心被恶魔报复！,100,,100,-1,162,
10731,1,十周年，感谢有你，冒险家,100,,100,-1,163,周年感谢玩家气泡组
10732,1,周年庆快乐！！,100,,100,-1,163,
10741,1,明早起来希望也是这么开心,100,,100,-1,164,周年庆睡觉中
10742,1,十周年快乐~呼呼呼,100,,100,-1,164,
10751,1,逛遍庆典，还是我这儿福利最顶！,100,,100,-1,165,周年聚会
10752,1,庆典人真多，可别挤坏我的宝贝！,100,,100,-1,165,
10753,1,十年啦，陪各位冒险家走过岁岁年年！,100,,100,-1,165,
10754,1,十年庆典狂欢，好物优惠享不停！,100,,100,-1,165,
10755,1,四处转转，给大伙寻点周年好礼！,100,,100,-1,165,
10756,1,我再巡巡货，保证周年福利到位！,100,,100,-1,165,
100300-100499,,樵夫,,,,,,
100301,1,去上班咯！！,100,,100,-1,,
100302,1,请带我到最近的村庄，在里面只要有樵夫旗帜@item_1204#，我就能去工作。,100,,100,-1,,
100303,1,我需要斧头@item_11002#或者铲子@item_11022#才能干活。,100,,100,-1,100303,
100304,1,你想看我表演空手劈树吗？,100,,100,-1,100303,
100305,1,什么都没有，怎么干活？快给我铲子和斧头。,100,,100,-1,100303,
100306,1,给我斧头@item_11002#，我才能去把大树伐了！,100,,100,-1,,
100307,1,嘿哟~再加把劲咯~,100,,100,-1,100307,
100308,1,这年轮…去年雨水是真足啊。,100,,100,-1,100307,
100309,1,身上没有种子没法种树，请给我种子或果实。,100,,100,-1,,
100310,1,我找到材料了，但是需要工匠台才能合成。,100,,100,-1,,
100311,1,给我铲子@item_11022#和种子@item_11405#，我会在这片空地上种上大树。,100,,100,-1,,
100312,1,今天天气真不错啊！,100,,100,-1,100312,
100313,1,空闲下来的时间真好。,100,,100,-1,100312,
100314,1,东西收集差不多了，先放进箱子里。,100,,100,-1,,
100315,1,锄禾日当午，汗滴禾下土……下一句是什么来着？算了，先流汗吧。,100,,100,-1,100315,
100316,1,小树苗啊，你争口气，长直点。别像村口那棵歪脖子树，我都替它累得慌。,100,,100,-1,100315,
100317,1,前人栽树，后人乘凉。我这是自己栽树……自己乘凉？好像也没错！,100,,100,-1,100315,
100318,1,都说十年树木，我这天天数着，才过了三天……急不得，急不得。,100,,100,-1,100315,
100319,1,太好了，有材料我去把树种子做出来。,100,,100,-1,,
100320,1,我记得箱子里有种子，我去看看。,100,,100,-1,,
100321,1,不知道今天晚饭有什么好吃的…,100,,100,-1,100321,
100322,1,手腕再沉三分，劲儿才透得深。,100,,100,-1,100321,
100323,1,这力道，得从脚跟传到斧尖，一条线。,100,,100,-1,100321,
100324,1,斧子轻了飘，重了滞…得摸透它的脾气。,100,,100,-1,100321,
100325,1,呼——筋骨舒展开了。,100,,100,-1,100312,
100326,1,歇口气，再干更有劲。,100,,100,-1,100312,
100327,1,这太阳晒得背暖烘烘。,100,,100,-1,100312,
100328,1,这样劈……会不会更省力？,100,,100,-1,100328,
100329,1,明天该先砍哪一片呢……,100,,100,-1,100328,
100330,1,斧柄有点松了，得紧紧。,100,,100,-1,100328,
100331,1,肚子咕咕叫……该吃饭了。,100,,100,-1,100331,
100332,1,啥时候开饭啊，饿得没劲了。,100,,100,-1,100331,
100333,1,怀里要是有块饼就好了。,100,,100,-1,100331,
100334,1,饿得发慌……得找点吃的。,100,,100,-1,100331,
100335,1,前胸贴后背了……,100,,100,-1,100331,
100336,1,不行，得去讨口吃的。,100,,100,-1,100331,
100337,1,躺平咯……天当被地当床。,100,,100,-1,100336,
100338,1,让我眯会儿，就一会儿……,100,,100,-1,100336,
100339,1,舒服！这才是享受。,100,,100,-1,100336,
100340,1,哟，歇会儿歇会儿，这老腰得活动活动,100,,100,-1,100340,用于与玩家交互播放伸懒腰100163
100341,1,忙活半天，伸个懒腰最解乏。,100,,100,-1,100340,
100342,1,手腕得稳，劲儿要透，得常练。,100,,100,-1,100342,用于与玩家交互播放挥斧头100147
100343,1,空挥几下，找找手感。,100,,100,-1,100342,
100344,1,每天练几遍，砍树不费劲。,100,,100,-1,100342,
100345,1,咋啦？找我有事儿？,100,,100,-1,100345,用于与玩家交互播放站立100100
100346,1,我这身板，站如松……嗯，松树那种。,100,,100,-1,100345,
100347,1,有事儿您说话，没事儿我接着忙。,100,,100,-1,100345,
100348,1,一身木屑子，回家前得拍拍干净。,100,,100,-1,100348,用于与玩家交互播放拍打衣服(100130)
100349,1,拍一拍，清爽多了。,100,,100,-1,100348,
100350,1,衣服沾了树脂，黏糊糊的。,100,,100,-1,100348,
100500-100699,,养殖工,,,,,,
100501,1,没有草饲料了，我去拿一点就回来。,100,,100,-1,,
100502,1,给我一些蔬菜@item_12621#，我才能制作草饲料。,300,,100,-1,,
100503,1,没有肉饲料了，我去拿一点就回来。,100,,100,-1,,
100504,1,给我一些兽肉@item_12513#，我才能制作肉饲料。,100,,100,-1,,
100505,1,你们吃多点，就能多生点。我就有吃不完的肉。,100,,100,-1,100505,
100506,1,照顾好这些家伙，它们才能照顾好咱们的肚子。,100,,100,-1,100505,
100507,1,日复一日，但这活儿从来不觉得腻。,100,,100,-1,100505,
100508,1,嘿，今天这活儿干得顺手。,100,,100,-1,100505,
100509,1,(捏鼻子)~~~~,100,,100,-1,,
100510,1,我要用@item_11320#挤牛奶。给我3石英砂@item_11305#和1木料@item_11323#，我会自己做。,200,,100,-1,,
100511,1,有时候真羡慕你们，吃了睡睡了吃...唉，我好像也差不多？,100,,100,-1,100511,
100512,1,在这儿待久了，我都忘了青草之外的味道是啥样了..,100,,100,-1,100511,
100513,1,找个地方坐坐...,100,,100,-1,100511,
100514,1,风一吹，我的头发跟羊羔毛一个样儿——都打结！,100,,100,-1,100511,
100515,1,在它们眼里，我大概就是个会走路的饲料桶吧？,100,,100,-1,100511,
100516,1,要是我也能像母鸡一样，一天下一个‘金蛋’@item_1390#就好了...下鸡蛋也行啊！,100,,100,-1,100505,
100517,1,请带我到最近的村庄，在里面只要有养殖旗帜@item_201017#，我就能去工作。,100,,100,-1,,
100518,1,等一会，我这就把饲料做好。,100,,100,-1,,
100519,1,检查一下槽@item_1753#里还有没有饲料。,100,,100,-1,,
100520,1,围栏里没有动物。,100,,100,-1,100520,
100521,1,好像有玻璃瓶@item_11320#在箱子里了，我去看看。,100,,100,-1,,
100522,1,等一会，我这就把玻璃瓶做好@item_11320#。,100,,100,-1,,
100523,1,这奶花，稠得能挂壁，好！,100,,100,-1,,
100524,1,别动别动...一剪子的事儿，完事给你加餐！,100,,100,-1,,
100525,1,太好了，有材料。,100,,100,-1,,
100526,1,啧，还是@item_200204#吃起来香。,100,,100,-1,100511,
100527,1,忙完这一天，能吃个@item_200204#就美了。,100,,100,-1,100511,
100699-100899,,战士/猎人 野人伙伴,,,,,,
100700,1,敢打我，看我不把你揍趴下！,100,,100,-1,100700,
100701,1,好家伙，这下彻底惹毛我了！,100,,100,-1,100700,
100702,1,疼死我了，今天非教训你不可！,100,,100,-1,100700,
100703,1,有我守护这里，你就只管放心！,100,,100,-1,100703,
100704,1,正在执行巡逻，目前一切正常！,100,,100,-1,100703,
100705,1,当前区域安全，未发现入侵者！,100,,100,-1,100703,
100706,1,主人都出手了，看我来补刀,100,,100,-1,100706,
100707,1,嘿嘿，算我一个，揍他,100,,100,-1,100706,
100708,1,这就帮主人收拾他,100,,100,-1,100706,
100709,1,大胆！不许伤害我主人分毫,100,,100,-1,100709,
100710,1,主人小心，我来挡住这家伙,100,,100,-1,100709,
100711,1,快躲到我身后，我来教训他,100,,100,-1,100709,
100712,1,别掉以轻心，我巡逻过的地方才安全,100,,100,-1,100712,
100713,1,我眼观六路耳听八方，危险来了第一时间察觉,100,,100,-1,100712,
100714,1,敢在我的眼皮底下闹事，不管什么怪物，都得吃点苦头,100,,100,-1,100712,
100715,1,你要是遇到危险，喊我一声马上到,100,,100,-1,100712,
100716,1,我站这腿的快僵了，也就怪物敢来给我活动筋骨,100,,100,-1,100712,
100717,1,敢来挑衅的家伙，都得尝尝我的厉害！,100,,100,-1,100712,
100718,1,冒险家放心外出探险，村庄有我守护,100,,100,-1,100718,
100719,1,你也要加入到我的巡逻队伍吗？,100,,100,-1,100718,
100720,1,村庄有我们两个，任何怪物都不敢来犯,100,,100,-1,100718,
100721,1,保持警惕，最近野外生物蠢蠢欲动,100,,100,-1,100721,
100722,1,如果在村庄遇到危险，就来找我,100,,100,-1,100721,
100723,1,不用担心，村庄的安全由我守护,100,,100,-1,100721,
100724,1,冒险家，小心周围隐藏的未知生物,100,,100,-1,100724,
100725,1,如果遇到任何危险，第一时间找到我,100,,100,-1,100724,
100726,1,没有什么怪物是我战胜不了的,100,,100,-1,100724,
100727,1,发现入侵者，呼叫支援！,100,,100,-1,,
100728,1,发现入侵者，非战斗人员尽快撤离！,100,,100,-1,,
100729,1,哼，不堪一击！,100,,100,-1,100728,
100730,1,谁也别想在我守护的地盘惹事！,100,,100,-1,100728,
100731,1,我还得守护主人，没空追你这个胆小鬼！,100,,100,-1,100731,
100732,1,懦夫！跑远点，别再让我看见你！,100,,100,-1,100731,
100733,1,不许碰我的主人，拿命来偿！,100,,100,-1,100733,
100734,1,竟敢袭击主人，我跟你拼了！,100,,100,-1,100733,
100899-101099,,渔村 村民,,,,,,
100900,1,感谢冒险家的祝福，期待我的大丰收！,100,,100,-1,100900,
100901,1,感谢冒险家的祝福，现在我动力满满！,100,,100,-1,100900,
100902,1,哎呀！鱼都被你吓跑啦，得重新下竿咯！,100,,100,-1,100903,
100903,1,别动别动！刚有鱼咬钩就被你搅和了，真是的！,100,,100,-1,100903,
100904,1,吓我一跳！好不容易等来了动静，这下又得从头等起。,100,,100,-1,100903,
100905,1,喂！走路轻点儿啊！我的鱼都被你惊走了，重新来！,100,,100,-1,100903,
100906,1,差一点点就上钩了！都怪你，我得再找个好位置。,100,,100,-1,100903,
100907,1,上钩啦！瞧瞧这肥美的鱼儿，今天运气真不赖！,100,,100,-1,100907,
100908,1,功夫不负有心人！总算钓上来一条，美滋滋！,100,,100,-1,100907,
100909,1,耶！又收获一条！看来这片水域的鱼群真不少。,100,,100,-1,100907,
100910,1,快看快看！这么大的鱼，我还是头一次钓上来呢！,100,,100,-1,100910,
100911,1,完美收竿！这鱼的品相绝佳，拿去集市肯定能卖个好价钱。,100,,100,-1,100910,
100912,1,可算逮到你了！折腾了这么久，总算没白费功夫。,100,,100,-1,100910,
100913,1,奇了怪了，今天水里的鱼全躲起来了吗？,100,,100,-1,100913,
100914,1,钓了半天啥也没捞着！,100,,100,-1,100913,
100915,1,今天的鱼怎么都不上我的钩呦。,100,,100,-1,100913,
100916,1,附近没有@item_3#，没有办法钓鱼啦！,100,,100,-1,,
100917,1,附近没有箱子和@item_1192#，鱼都没法储存啦!,100,,100,-1,,
100918,1,用@item_11640#触碰我，下次钓鱼效率更快哦！,100,,100,-1,100918,
100919,1,冒险家，要和我一块去钓鱼吗？,100,,100,-1,100918,
100920,1,跟你说，我昨天在河边钓到一条稀有的@item_13609#,100,,100,-1,100918,
100921,1,在大海航行时，一定要小心那些到处劫掠的@item_13220#,100,,100,-1,100918,
100922,1,给我一把@item_12721#，你就是我最好朋友！,100,,100,-1,100918,
100923,1,据说深海的沉船中藏有无尽宝藏,100,,100,-1,100918,
100924,1,不要在试图水中招惹发怒的@item_13626#,100,,100,-1,100918,
100925,1,要是能驯服只@item_13625#为坐骑就好啦！,100,,100,-1,100918,
100926,1,想要征服深海，潜水装备必不可少！,100,,100,-1,100918,
100927,1,@item_12064#和@item_12066#都是制作潜水装备必备材料！,100,,100,-1,100918,
100928,1,没有潜水装备，可不要轻易尝试下水探险！,100,,100,-1,100918,
100929,1,哼，真当俺只会撒网摸鱼？,100,,100,-1,100929,
100930,1,打鱼的力气可不是白练的！接招！,100,,100,-1,100929,
100931,1,好端端的咋动手呢！,100,,100,-1,100929,
100932,1,冒险家，你可以带我回村庄吗？俺的渔具还在村里！,100,,100,-1,100932,
100933,1,呜呜，我好想回村子，能安安稳稳钓个鱼，不用风餐露宿,100,,100,-1,100932,
100934,1,在野外呆久了浑身不得劲，我只想回村，守着村边的河就够了,100,,100,-1,100932,
100935,1,满满当当一箱子，够吃好一阵子了,100,,100,-1,100935,
100936,1,今天的收获，比昨天还要多嘞,100,,100,-1,100935,
100937,1,这鲜鱼晒成鱼干，嚼起来可有劲了,100,,100,-1,100937,
100938,1,趁今天天气好，赶紧把鱼晒上,100,,100,-1,100937,
100939,1,似乎什么也没有发生？,100,,100,-1,,
100940,1,你见过美人鱼吗？我们村就藏着一条,100,,100,-1,100918,
100941,1,渔民如果获得@item_11640#的祝福，工作效率更高哦！,100,,100,-1,100941,
100942,1,你可别被@item_13622#可爱的外表欺骗，刚钓的鲜鱼一不留神就被它抢走了,100,,100,-1,100941,
100943,1,小心椰子树上摇摇欲坠的@item_295#，被砸到可是很痛的,100,,100,-1,100941,
100944,1,深海里的@item_346#藏着好东西呢！,100,,100,-1,100941,
100945,1,修复村里的@item_1193#，可以为出海航行的人带来好运！,100,,100,-1,100941,
100946,1,前段时间村里找@item_13223#购置了一批新家具,100,,100,-1,100941,
100947,1,想要让我帮你钓鱼？给我把@item_12721#看看诚意！,100,,100,-1,100941,
100948,1,使用品质更高的鱼竿，就可以钓到更丰富的鱼类,100,,100,-1,100941,
100949,1,@item_12061#配上@item_12062#，对深海里的怪物超好用,100,,100,-1,100941,
100950,1,@item_27#里藏着其他冒险家的消息，下海捕捞时多留意，说不定能找到新的冒险路线,100,,100,-1,100941,
100951,1,今天风平浪静，特别适合出海钓鱼！,100,,100,-1,100941,
100952,1,听说冒险家你的钓鱼技术特别好，能不能传授我几招？,100,,100,-1,100941,
100953,1,敢来惹事就该有这下场！,100,,100,-1,100953,
100954,1,搞定！这种坏家伙可别想兴风作浪,100,,100,-1,100953,
100955,1,坏东西跑远了，不追啦,100,,100,-1,100955,
100956,1,算你识相，溜得比脱钩的鱼还快,100,,100,-1,100955,
100957,1,主人别怕，这点小风浪我来解决,100,,100,-1,100957,
100958,1,敢动我们渔村的人，接受制裁吧！,100,,100,-1,100957,
100959,1,我的@item_12721#太旧了，你能给我把新的吗？我会报答你的,100,,100,-1,100957,
101099-101399,,冰原 村民,,,,,,
101100,,我要去捕猎啦！,100,,100,-1,101100,
101101,,目标出现！前往狩猎！,100,,100,-1,101100,
101102,,小心！有野外生物入侵了！,100,,100,-1,101100,
101103,,"噜噜噜噜噜...
开始捕猎行动！",100,,100,-1,101100,
101104,,找个箱子存放狩猎品，放哪里好呢？,100,,100,-1,,
101105,,嗨，你在这里干什么呢？,100,,100,-1,101105|101119,
101106,,老远就注意到你了，可以交个朋友吗？,100,,100,-1,101105|101119,
101107,,你好啊，远道而来的冒险家，很高兴认识你！,100,,100,-1,101105|101119,
101108,,你就是那个大名鼎鼎的传奇冒险家吧，太高兴见到你了！,100,,100,-1,101105|101119,
101109,,嘿嘿，能和你一起玩耍吗？,100,,100,-1,101105|101119,
101110,,这是什么东西，看起来很好吃的样子！,100,,100,-1,101110,
101111,,哇，你手上这个东西好香啊~,100,,100,-1,101110,
101112,,你手上的东西有水果冰沙@item_12538#好吃吗？,100,,100,-1,101110,
101113,,你在吃什么呢？,100,,100,-1,101110,
101114,,嘿，我也有一把武器，是我们冰原部落用来狩猎用的,100,,100,-1,,
101115,,哇，你手上这把武器也忒帅了吧！,100,,100,-1,101115,
101116,,这个东西很危险！不用时最好收起来为好,100,,100,-1,101115,
101117,,你要和我一起去捕猎一只雪兔@item_13910#么,100,,100,-1,101115,
101118,,你也会捕猎吗？,100,,101,-1,101115,
101119,,跟我分享一下你最近的冒险故事吧！,100,,100,-1,101119|101145,
101120,,在寒冷的冬天吃上一只烤兔肉@item_12533#，心里也会暖暖的~,100,,100,-1,101119|101145,
101121,,有聚物手套@item_11231#吗，我们一起去滚雪球吧！,100,,100,-1,101119|101145,
101122,,我认为你可能需要一件防寒胸甲@item_12313#,100,,100,-1,101119|101145,
101123,,你有去过雪山顶上吗？眺望整片生灵的感觉,100,,100,-1,101119|101145,
101124,,如果你在雪原探险，一定要小心冰灵守卫@item_13915#！,100,,100,-1,101119|101145,
101125,,你有见过一种会散放冰雾的蘑菇吗？,100,,100,-1,101119|101145,
101126,,传说，在冰原的深处雪山顶，藏着冰陨巨魔！,100,,100,-1,101119|101145,
101127,,你知道庇佑雪莲@item_764#吗？传说长在副雪山峰上,100,,100,-1,101119|101145,
101128,,听村里的阿婆说，用冬温花@item_761#做出的食物可以御寒保温,100,,100,-1,101119|101145,
101129,,听闻在冰原的深处住着一个神秘的冰原商人@item_13012#，你有见过吗？,100,,100,-1,101119|101145,
101130,,你知道藏狐@item_13914#吗？听村子里的人说都没有见过，真好想一睹真容,100,,100,-1,101119|101145,
101131,,广袤无垠的冰原大陆上，时常发生暴风雪，你可要注意小心,100,,100,-1,101119|101145,
101132,,白雪庇护了每一寸土地，净化了每一片生灵，村子因而得到安宁与延续...,100,,100,-1,101119|101145,
101133,,你吃过香煎兔肉@item_12534#么，超级好吃哦！,100,,100,-1,101119|101145,
101134,,击败牦牛@item_13912#获取牦牛肉@item_12535#，晾干后就得到牦牛肉干@item_12537#啦！,100,,100,-1,101119|101145,
101135,,我曾经养过一只小冰熊@item_13820#，后来放归了大自然，因为阿哥说那里才是它的家,100,,100,-1,101119|101145,
101136,,嗯…一种熟悉的感觉，我们是不是哪里见过？,100,,101,-1,101119|101145|101000,
101137,,嗯...我想，你可能是认错人了...,100,,100,-1,101119|101145|101000,
101138,,只要给我一个雪兔皮草@item_12623#，我就可以帮你捕猎哟~,100,,100,-1,101119|101145|101000,
101139,,你知道去哪里弄件雪兔皮草@item_12623#么，听说御冬效果杠杠滴！,100,,100,-1,101119|101145|101000,
101140,,诶？你这家伙，是从哪里冒来的？,100,,100,-1,101119|101145|101000,
101141,,怎么从来没有见过你呢？,100,,100,-1,101119|101145|101000,
101142,,寒冬腊月冻得慌，但是有雪兔皮草@item_12623#就不怕啦,100,,100,-1,101119|101145|101000,
101143,,我最喜欢的就是雪兔皮草了@item_12623#！,100,,100,-1,101119|101145|101000,
101144,,耶？你怎么跟大家不太一样？,100,,100,-1,101119|101145|101000,
101145,,嗨，你最近还好吗？,100,,100,-1,101145,
101146,,嘿，你听说了吗...#@*%$…,100,,100,-1,101145,
101147,,喂喂，你上次偷偷跑哪里去玩啦？,100,,100,-1,101145,
101148,,你怎么在这儿，迷路了吗？,100,,100,-1,101148,
101149,,你这穿着是哪个地方的特色么，好奇怪呀,100,,100,-1,101148,
101150,,你怎么穿这么少啊，不冷么~,100,,100,-1,101148,
101151,,你从哪个地方来的呀？,100,,100,-1,101148,
101152,,快跟我讲讲，你们那里的故事吧！,100,,100,-1,101148,
101153,,暖暖的很安心~,100,,100,-1,101153,
101154,,温暖的火光，让我又充满了力量！,100,,100,-1,101153,
101155,,篝火@item_1200#的余温，让整个人都暖洋洋的~,100,,101,-1,101153,
101156,,今天目标-狩猎一只雪兔@item_13910#,100,,100,-1,101156,
101157,,今天目标-狩猎一只耗牛@item_13912#,100,,100,-1,101156,
101158,,哪里可以找到冰熊@item_13412#呢？,100,,100,-1,101156,
101159,,哪里可以找到企鹅@item_13409#呢？,100,,100,-1,101156,
101160,,好想来一碗热气腾腾的一碗熟米饭@item_12529#,100,,100,-1,101156,
101161,,村子外面会是什么样子的呢？,100,,100,-1,101156,
101162,,谁来教教我怎么堆雪人啊？,100,,100,-1,101156,
101163,,村子常常受到野外生物的侵袭，得注重起来了！,100,,100,-1,101156,
101164,,真希望每天都能像今天一样祥和安宁~,100,,100,-1,101156,
101165,,嗯~真是悠闲又自在~,100,,100,-1,101156|101172,
101166,,有人跟我聊聊天吗？,100,,100,-1,101156|101172,
101167,,真是奇怪...,100,,100,-1,101156|101172,
101168,,好无聊啊...,100,,100,-1,101156|101172,
101169,,阿巴阿巴，怎么还没到吃饭时间~,100,,100,-1,101156|101172,
101170,,嗯...接下来要干些什么呢？,100,,100,-1,101156|101172,
101171,,诶，这是什么东西？,100,,100,-1,101156|101172,
101172,,村庄外的世界原来是这个样子的,100,,100,-1,101172,
101173,,喔~这里还从来没来过呢,100,,100,-1,101172,
101174,,这里是哪里呢？,100,,101,-1,101172,
101175,,我又找不到回家的路了，呜呜~,100,,100,-1,101172,
101176,,我好像，在野外迷路了！,100,,100,-1,101172,
101500-101699,,小孩,,,,,,
101501,1,睡饱啦！今天玩什么好呢？,100,,100,-1,101501,
101502,1,耶！新的一天开始啦！,100,,100,-1,101501,
101503,1,不知道他们起床没，找他们玩去。,100,,100,-1,101501,
101504,1,今天会发生什么有趣的事呢？,100,,100,-1,101501,
101505,1,昨晚做了个恶梦，吓死我了…………,100,,100,-1,101501,
101506,1,咦！我怎么记不起昨天的梦是了？,100,,100,-1,101501,
101507,1,嘿嘿，今天去哪儿探险好呢？,100,,100,-1,101501,
101508,1,我好像迷路了，你能带我到村庄吗？,100,,100,-1,101508,
101509,1,你的衣服真漂亮！是哪里买的？,100,,100,-1,101509,
101510,1,那个……好吃吗？,100,,100,-1,101509,
101511,1,嘿！一起玩吧！,100,,100,-1,101509,
101512,1,你从哪儿来呀？能跟我讲讲外面的故事吗？,100,,100,-1,101509,
101513,1,快来看我发现的好东西！,100,,100,-1,101509,
101514,1,我能跟着你走一会儿吗？就一会儿……,100,,100,-1,101509,
101515,1,你看起来……很厉害的样子……（小声）,100,,100,-1,101509,
101516,1,你累不累？要不要坐下来休息？,100,,100,-1,101509,
101517,1,哇！你身后有只大怪物！（骗你的啦~）,100,,100,-1,101509,
101518,1,我告诉你一个秘密……其实我是#￥%&*,100,,100,-1,101509,
101519,1,你相信世界上有（奇幻生物）吗？我觉得它们一定存在！,100,,100,-1,101509,
101520,1,这里有什么好玩的呢？,100,,100,-1,101520,
101521,1,唔……好吃……,100,,100,-1,101520,
101522,1,影子变短了……是不是该回家啦？,100,,100,-1,101520,
101523,1,如果我有只小狗，现在就在这儿陪我散步了。,100,,100,-1,101520,
101524,1,把松果放在这条路中间，看谁会踩到～,100,,100,-1,101520,
101525,1,带我一起玩嘛！,100,,100,-1,101520,
101526,1,等等我呀～,100,,100,-1,101525,
101527,1,你去哪儿？我也要去！,100,,100,-1,101525,
101528,1,你……你打不赢我的！,100,,100,-1,101528,
101529,1,我比你还厉害呢！,100,,100,-1,101528,
101530,1,哼，我才不怕！,100,,100,-1,101528,
101531,1,你别跑呀！,100,,100,-1,101531,
101532,1,是不是怕我啦？哈哈哈！,100,,100,-1,101531,
101533,1,我还会追上你的！,100,,100,-1,101531,
101534,1,谁在打我！好痛！,100,,100,-1,101534,
101535,1,谁欺负我！我要还手啦！,100,,100,-1,101534,
101536,1,不许打我！我要告诉妈妈！,100,,100,-1,101534,
101537,1,不许欺负哥哥姐姐们！,100,,100,-1,101537,
101538,1,我来帮你！,100,,100,-1,101537,
101539,1,我们一起打败他！,100,,100,-1,101537,
101540,1,别怕！我在这里！,100,,100,-1,101537,
101541,1,我们一起战斗吧！,100,,100,-1,101537,
101542,1,唔……好吃……（咂嘴）,100,,100,-1,101542,
101543,1,赢了！我是第一！,100,,100,-1,101542,
101544,1,是我的……我的奖品……,100,,100,-1,101542,
101545,1,巨人……绿色的巨人……,100,,100,-1,101542,
101546,1,怪物……床底下有……（发抖）,100,,100,-1,101542,
101547,1,他们的@item_12054#真好玩！,100,,100,-1,101509,
101548,1,好想也有个@item_12054#一起玩呀。,100,,100,-1,101509,
101700-101899,,助手萌宝,,,,,,
101701,1,你等等，上次合成的物品我都丢给你吧。,100,,100,-1,101701,丢出上次目标时说的话
101702,1,你等等啊，上次那玩意儿我还留着呢……接好！,100,,100,-1,101701,
101703,1,正好清清背包，上次做的这个给你啦！别嫌旧啊！,100,,100,-1,101701,
101704,1,上次留下的材料，我放到箱子里先。,100,,100,-1,101701,材料放入箱子时说的话
101705,1,新活儿来咯！看我用三秒冲到合成台！,100,,100,-1,101705,助手接收到消息后，要去合成物品前说的话
101706,1,材料材料…配方配方…这次要来个大的！,100,,100,-1,101705,
101707,1,等我做出来，一定闪瞎所有人的眼！,100,,100,-1,101705,
101708,1,合成台怎么放这么远…我要申请搬家！,100,,100,-1,101705,
101709,1,前面的帅哥/美女别走啦！新鲜出炉的宝贝来咯！,300,,100,-1,101709,完成合成后以到玩家身边时说的话
101710,1,来了来了！热乎的！刚出炉的！,300,,100,-1,101709,
101711,1,别跑别跑！东西做好了！我追得好辛苦啊～,300,,100,-1,101709,
101712,1,找不到人，东西我都放箱子里吧。,300,,100,-1,,找不到玩家，将物品放到箱子里
101713,1,材料啥都没有合成不了啊~~~,100,,100,-1,101713,没有材料时
101714,1,什么鬼都没有！这怎么搞？不干了不干了！,100,,100,-1,101713,
101715,1,材料箱比我的口袋还干净…今天放假！,100,,100,-1,101713,
101716,1,没有材料我就是个摆设！我要去睡觉了，哼！,100,,100,-1,101713,
101717,1,这么大个村，连个工匠台@item_797#都没有，这活干不了。,100,,100,-1,101717,没有合成台时
101718,1,工匠台呢？我那么大一个工匠台呢？谁偷了？！,100,,100,-1,101717,
101719,1,这不能怪我啊！是工匠台自己长腿跑了！,100,,100,-1,101717,
101720,1,要不…咱们今天跳过合成这一步？直接变出来？,100,,100,-1,101717,
101721,1,当当当当～瞧瞧这宝贝，我做的！,100,,100,-1,101721,合成成功后
101722,1,这光泽，这质感，完美！不愧是我～,100,,100,-1,101721,
101723,1,怎么样？厉害吧？夸我夸我！,100,,100,-1,101721,
101724,1,好无聊啊…怎么还没活儿…我要长蘑菇了…,100,,100,-1,101724,闲逛待机
101725,1,要不要偷偷改一下配方？…算了，上次炸得够惨。,100,,100,-1,101724,
101726,1,老板～理理我嘛～给我点事做，不然我可要恶作剧了哦！,100,,100,-1,101724,
101727,1,这东西没法合成,100,,100,-1,,
101728,1,给我工匠台@item_797#，我可以帮你制造东西。,100,,100,-1,101728,
101729,1,谁给我工匠台@item_797#，我就是谁的小弟。,100,,100,-1,101728,
101730,1,老大，给我一个工匠台@item_797#，我就可以帮你制造东西。,100,,100,-1,101728,
101731,1,可以给我一个@item_200141#吗，我可以帮你干活,100,,100,-1,101731,
101732,1,我最喜欢@item_200141#了，要是有一个就好了,100,,100,-1,101731,
101900-102099,,草原村民,,,,,,
101901,1,警告！有怪物入侵村庄！,100,,100,-1,101901,
101902,1,你不该闯进来的！,100,,100,-1,101901,
101903,1,坏东西竟敢踏进来，找打！,100,,100,-1,101901,
101904,1,不知天高地厚的怪物！,100,,100,-1,101901,
101905,1,这里不是你撒野的地方，看打!,100,,100,-1,101901,
101906,1,草原的规矩就是揍跑入侵者！,100,,100,-1,101901,
101907,1,我来维护村庄安宁,100,,100,-1,101901,
101908,1,看你伤的不轻，我来给你疗疗伤，别担心,100,,100,-1,101908,
101909,1,坚持住，有我在，马上就能恢复力气啦！,100,,100,-1,101908,
101910,1,你的安危交给我，闭上眼睛感受治愈的温柔,100,,100,-1,101908,
101911,1,能量已注入，你的伤痛正在消散,100,,100,-1,101911,
101912,1,伤口正在愈合，再检查一下,100,,100,-1,101911,
101913,1,让治愈的微光抚平你的伤口,100,,100,-1,101911,
101914,1,嘿朋友，今天过的怎么样？,100,,100,-1,101914,
101915,1,咱这大草原，四季气候宜人,100,,100,-1,101914,
101916,1,@item_13284#喂饱后要等段时间才能继续投喂，最多能养到原来两倍大哦！,100,,100,-1,101914,
101917,1,前阵子囤的@item_150932#可派上大用场了，瞧瞧这里的草长得多旺盛,100,,100,-1,101914,
101918,1,来客啦！草原的风没把你吹着吧！,100,,100,-1,101914,
101919,1,嘿！老远就瞅见你了，这是要往哪去？,100,,100,-1,101914,
101920,1,草原的路，走的越久，越觉得有意思,100,,100,-1,101914,
101921,1,瞧你这架势，是来草原寻什么宝贝？,100,,100,-1,101914,
101922,1,抱歉，治愈之力还在恢复，你再稍等片刻！,100,,100,-1,101922,
101923,1,刚才消耗过大，暂时没法为你疗伤！,100,,100,-1,101922,
101924,1,疗伤的劲还没缓过来，在等一阵就能帮你啦！,100,,100,-1,101922,
101925,1,草原的夜色美的很，要是不着急走，不妨留一晚看看,100,,100,-1,101925,
101926,1,真是一个俊俏秀气的冒险家,100,,100,-1,101925,
101927,1,谁说牛听不懂音乐，我家的@item_13290#就喜欢听我弹琴,100,,100,-1,101925,
101928,1,尝试给@item_13292#装饰点花朵，立马变得可爱多了,100,,100,-1,101925,
101929,1,你这衣裳真好看，跟草原上的野花似得,100,,100,-1,101925,
101930,1,咱们这的人，日子过得慢，却也踏实,100,,100,-1,101925,
101931,1,你这行囊鼓鼓的，装的都是什么好东西？,100,,100,-1,101925,
101932,1,如果在野外战斗受伤了，就来村庄里找我治疗,100,,100,-1,101925,
101933,1,我出来找走失的羊，迷了回家的路！,100,,100,-1,101933,
101934,1,草原太大，绕晕了，你能捎我回去吗？,100,,100,-1,101933,
101935,1,你回村的话，带我一块走好不好？,100,,100,-1,101933,
101936,1,@item_13286#非常护崽，不要轻易攻击它们的幼崽,100,,100,-1,101914,
101937,1,给@item_13288#挤完奶后，得让它歇上一阵子，还得多喂些草料帮它恢复体力，这样下次才能接着挤奶。,100,,100,-1,101914,
101938,1,@item_13284#只要体力足，那体型越壮，睡醒了拉的@item_11311#就越多，错不了！,100,,100,-1,101914,
101939,1,农作物种植在@item_4#旁边，生长更快哦！,100,,100,-1,101914,
101940,1,挤完@item_13290#的奶，要留出一段休养时间，并且多加喂食帮它恢复元气，这样下次才能顺利挤奶。,100,,100,-1,101925,
101941,1,@item_13292#薅完毛可得歇阵子，得等毛重新长出来，这期间还得喂饱咯，让它攒足力气！,100,,100,-1,101925,
101942,1,你可别拿着乐器在@item_13282#旁边晃悠，不然它们可就跟着滑稽起舞呢!,100,,100,-1,101925,
101943,1,嫌弃农作物长得太慢，不妨用@item_11311#施施肥,100,,100,-1,101925,
101944,1,给我一个@item_200204#，往后陪你在草原上闯荡,100,,100,-1,101914|101925,
101945,1,咱草原人就喜欢@item_200204#，你要是能拿来，往后听你招呼,100,,100,-1,101914|101925,
102100-102299,,草原商人,,,,,,
102101,1,嗅~~这花真香啊。,300,,100,-1,,商人通用闻花
102102,1,嘿，新的一天开始啦！咱得赶紧把草原好货摆出来～,100,,100,-1,102102,起床上班第一句话
102103,1,早起的鸟儿有虫吃，早开的摊子有客来！咱这就准备开张咯。,100,,100,-1,102102,
102104,1,快来看看咱今儿刚上的新鲜货，保准您喜欢！,100,,100,-1,102104,靠近玩家推销的话术
102105,1,咱草原的宝贝，实打实的好东西，不买可亏了哦～,100,,100,-1,102104,
102106,1,瞧这质地，这成色，草原独一份！客官，带一个走吧？,100,,100,-1,102104,
102107,1,放心，草原人不骗草原人，这价格绝对公道，买了准满意！,100,,100,-1,102104,
102108,1,您犹豫啥呢？信咱的，这货老得劲了，买了绝不后悔！,100,,100,-1,102104,
102109,1,今天天气真好，草原风都带着香味儿～,100,,100,-1,102109,闲逛时说的话
102110,1,摊子收拾得干干净净，就等客官来挑啦。,100,,100,-1,102109,
102111,1,哎呀，得补点货了，最近卖得挺快。,100,,100,-1,102109,
102112,1,草原的日落真美，生意做完看看风景也不错。,100,,100,-1,102109,
102113,1,听说最近旅人多了，咱得多备点好货才行。,100,,100,-1,102109,
102114,1,嗯，这摆位得调整一下，让客官一眼就看到最好的。,100,,100,-1,102109,
102115,1,嘿，@item_11228#！我最稀罕这个了，给我一个，我跟你走！,100,,100,-1,102104,
102116,1,想要我认你做老大？简单，拿@item_11228#来换！,100,,100,-1,102104,
102300-102499,,武器商人,,,,,,
102301,1,天亮了，该开铺了。,100,,100,-1,102301,起床上班第一句话
102302,1,武器需要保养，先擦擦剑。,100,,100,-1,102301,
102303,1,买武器？自己看。,100,,100,-1,102303,靠近玩家推销的话术
102304,1,这把锋利，适合你。,100,,100,-1,102303,
102305,1,别磨蹭，要就拿走。,100,,100,-1,102303,
102306,1,不买别碰。,100,,100,-1,102303,
102307,1,价格标了，不讲价。,100,,100,-1,102303,
102308,1,库存少了。,100,,100,-1,102308,闲逛时说的话
102309,1,今天人不多。,100,,100,-1,102308,
102310,1,需要进点新货。,100,,100,-1,102308,
102311,1,安静点。,100,,100,-1,102308,
102312,1,武器不能生锈。,100,,100,-1,102308,
102313,1,嗯。,100,,100,-1,102308,
102314,1,@item_12222#。给我，我的力量归你。,100,,100,-1,102303,
102315,1,用@item_12222#，换我效力。很公平。,100,,100,-1,102303,
102500-102699,,防具商人,,,,,,
102501,1,那个… 该开店了…,100,,100,-1,102501,起床上班第一句话
102502,1,希望今天能有客人来…,100,,100,-1,102501,
102503,1,您… 需要防具吗？,100,,100,-1,102503,靠近玩家推销的话术
102504,1,这个头盔… 很结实的…,100,,100,-1,102503,
102505,1,那个… 价格不贵…,100,,100,-1,102503,
102506,1,如果您喜欢… 可以试试…,100,,100,-1,102503,
102507,1,对不起… 我是不是太啰嗦了…,100,,100,-1,102503,
102508,1,防具都摆好了…,100,,100,-1,102508,闲逛时说的话
102509,1,好像有点灰尘… 擦一擦…,100,,100,-1,102508,
102510,1,今天天气不错…,100,,100,-1,102508,
102511,1,不知道客人会不会来…,100,,100,-1,102508,
102512,1,师傅说… 要耐心等待…,100,,100,-1,102508,
102513,1,嗯… 再检查一下质量…,100,,100,-1,102508,
102514,1,那个…@item_12003#…能给我吗？我、我愿意跟着你…,100,,100,-1,102503,
102515,1,请…请给我@item_12003#。我会努力保护你的。,100,,100,-1,102503,
102700-102899,,符文商人,,,,,,
102701,1,嘻嘻嘻… 新的一天，新的力量在召唤…,100,,100,-1,102701,起床上班第一句话
102702,1,符文石在低语… 该开门迎接客人了…,100,,100,-1,102701,
102703,1,客人，渴求力量吗？嘻嘻嘻…,100,,100,-1,102703,靠近玩家推销的话术
102704,1,这符文石藏着秘密，你想要吗？,100,,100,-1,102703,
102705,1,代价？一点点的… 生命能量？开玩笑的～,100,,100,-1,102703,
102706,1,选它吧，它会改变你的命运…,100,,100,-1,102703,
102707,1,嘻嘻，不买的话，你会后悔的哦～,100,,100,-1,102703,
102708,1,虚空中的声音… 真有趣…,100,,100,-1,102708,闲逛时说的话
102709,1,符文在躁动，今天会有特别的客人吗？,100,,100,-1,102708,
102710,1,嘿嘿，昨天的交易留下了痕迹…,100,,100,-1,102708,
102711,1,材料不够了，得补充点…,100,,100,-1,102708,
102712,1,黑暗中的低语… 我听到了…,100,,100,-1,102708,
102713,1,嘻嘻嘻，一切都按计划进行…,100,,100,-1,102708,
102714,,嘻嘻，@item_11580#…我渴望它的低语。给我，我就追随你。,100,,100,-1,102703,
102715,,把@item_11580#当“代价”给我，我的力量借你一用。,100,,100,-1,102703,
102900-103099,,建筑商人,,,,,,
102901,1,嘿！新的一天，哥们我准备开工啦！,100,,100,-1,102901,起床上班第一句话
102902,1,早啊！今天得把新进的建材摆出来！,100,,100,-1,102901,
102903,1,哥们！来找建材？我这都是好货！,100,,100,-1,102903,靠近玩家推销的话术
102904,1,看看这木材，结实耐用，盖房首选！,100,,100,-1,102903,
102905,1,价格实在，质量靠谱，放心买！,100,,100,-1,102903,
102906,1,要多少？直接说，我给你优惠！,100,,100,-1,102903,
102907,1,哥们信我，这材料用了准满意！,100,,100,-1,102903,
102908,1,今天订单不少，得抓紧处理。,100,,100,-1,102908,闲逛时说的话
102909,1,这颜料瓶真难搞，但颜色正！,100,,100,-1,102908,
102910,1,建筑蓝图又卖光了，得多印点。,100,,100,-1,102908,
102911,1,嘿，那边在施工，去看看。,100,,100,-1,102908,
102912,1,哥们我生意不错，心情大好！,100,,100,-1,102908,
102913,1,嗯，货架得整理一下。,100,,100,-1,102908,
102914,,哥们！@item_1066#！送我一块，我跟你干！,100,,100,-1,102903,
102915,,有@item_1066#不？给我，以后你的工程我包了！,100,,100,-1,102903,
103100-103299,,农业商人,,,,,,
103101,1,早啊！俺得去地里看看庄稼，再开摊。,100,,100,-1,103101,起床上班第一句话
103102,1,新种子都发芽了，今天生意肯定好！,100,,100,-1,103101,
103103,1,老板，来点种子不？高产优质！,100,,100,-1,103103,靠近玩家推销的话术
103104,1,俺的肥料，纯有机，庄稼猛长！,100,,100,-1,103103,
103105,1,这品种稀有，晚了就没了哦～,100,,100,-1,103103,
103106,1,价格公道，买了保证丰收！,100,,100,-1,103103,
103107,1,嘿嘿，秘密配方，只告诉老顾客～,100,,100,-1,103103,
103108,1,地里虫子多了，得除除草。,100,,100,-1,103108,闲逛时说的话
103109,1,肥料味儿真浓，但庄稼喜欢。,100,,100,-1,103108,
103110,1,今天太阳好，适合播种。,100,,100,-1,103108,
103111,1,老板们都说俺的货好，开心！,100,,100,-1,103108,
103112,1,得研究新肥方，提高产量。,100,,100,-1,103108,
103113,1,嗯，摊子收拾干净，等客来。,100,,100,-1,103108,
103114,,老板！@item_11033#！给俺一个，俺就认你是东家！,100,,100,-1,103103,
103115,,嘿嘿，给俺@item_11033#，俺的人和手艺都归你。,100,,100,-1,103103,
103300-103499,,传奇钓手,,,,,,
103301,1,哈哈！今天天气适合出海钓鱼！,100,,100,-1,103301,起床上班第一句话
103302,1,早起钓大鱼，准备出发！,100,,100,-1,103301,
103303,1,快看！刚钓的鲜鱼，还跳呢！,100,,100,-1,103303,靠近玩家推销的话术
103304,1,这鱼肉质紧实，买一条尝尝？,100,,100,-1,103303,
103305,1,钓鱼技巧？想学我可以教你，先买鱼！,100,,100,-1,103303,
103306,1,存货不多，手慢无啊！,100,,100,-1,103303,
103307,1,相信我，这鱼绝对新鲜，不好吃找我！,100,,100,-1,103303,
103308,1,海风真舒服，适合钓鱼。,100,,100,-1,103308,闲逛时说的话
103309,1,昨天钓了条大家伙，差点拉不上来。,100,,100,-1,103308,
103310,1,得检查渔具，保持状态。,100,,100,-1,103308,
103311,1,海鸥在叫，看来鱼群近了。,100,,100,-1,103308,
103312,1,钓鱼是门艺术，我可是大师！,100,,100,-1,103308,
103313,1,嗯，该补点鱼饵了。,100,,100,-1,103308,
103314,1,@item_13609#！给我，我这艘船就听你指挥！,100,,100,-1,103303,
103315,1,小子，用@item_13610#当船费，我跟你出海。,100,,100,-1,103303,
103316,1,小子，用@item_13611#当船费，我跟你出海。,100,,100,-1,103303,
103500-103699,,沙漠商人,,,,,,
103501,1,嚯嚯，新的一天，希望有旅人经过。,100,,100,-1,103501,起床上班第一句话
103502,1,沙漠日出真美，该开店了。,100,,100,-1,103501,
103503,1,小友，旅途辛苦，来看看有什么需要的？,100,,100,-1,103503,靠近玩家推销的话术
103504,1,这水囊耐用，沙漠里必备。,100,,100,-1,103503,
103505,1,价格最低了，老头我不赚你钱。,100,,100,-1,103503,
103506,1,从绿洲进的货，质量好。,100,,100,-1,103503,
103507,1,多买点吧，路上用得着。,100,,100,-1,103503,
103508,1,沙漠里安静，但有时寂寞。,100,,100,-1,103508,闲逛时说的话
103509,1,商队好久没来了，存货不多了。,100,,100,-1,103508,
103510,1,风沙大了，得保护好货物。,100,,100,-1,103508,
103511,1,想念绿洲的泉水，清凉甘甜。,100,,100,-1,103508,
103512,1,旅人们的故事真有趣。,100,,100,-1,103508,
103513,1,嗯，得打扫下店铺。,100,,100,-1,103508,
103514,1,嚯嚯，小友有@item_484#？赠予老夫，我愿为你引路。,100,,100,-1,103503,
103515,1,你肯给我@item_484#吗？我愿离开沙海，随你同行。,100,,100,-1,103503,
103700-103899,,宇宙商人,,,,,,
103701,1,星际标准时间早晨，该开店了。,100,,100,-1,103701,起床上班第一句话
103702,1,萌眼星贝壳又多了几颗，不错。,100,,100,-1,103701,
103703,1,星际旅人，带贝壳了吗？,100,,100,-1,103703,靠近玩家推销的话术
103704,1,这里的宝贝，别处可没有。,100,,100,-1,103703,
103705,1,用贝壳换，或者付星际货币。,100,,100,-1,103703,
103706,1,看你顺眼，便宜卖你。,100,,100,-1,103703,
103707,1,不买？下次可能就没机会了。,100,,100,-1,103703,
103708,1,宇宙真大，收集贝壳不容易。,100,,100,-1,103708,闲逛时说的话
103709,1,今天的星空格外亮。,100,,100,-1,103708,
103710,1,有访客来了，是谁呢？,100,,100,-1,103708,
103711,1,萌眼星的特产，能量波动稳定。,100,,100,-1,103708,
103712,1,嗯，该整理货架了。,100,,100,-1,103708,
103713,1,星际旅行总有意想不到的事。,100,,100,-1,103708,
103714,1,@item_12593#…有趣的收藏。给我，我可以暂时加入。,100,,100,-1,103703,
103715,1,用@item_12593#交易，我登上你的飞船。,100,,100,-1,103703,
103900-104099,,冰原商人,,,,,,
103901,1,呀，早上好！雪停了，该开店了。,100,,100,-1,103901,起床上班第一句话
103902,1,小朋友们都起床了吗？来买皮草哦～,100,,100,-1,103901,
103903,1,外面冷吧？快来屋里暖和一下。,100,,100,-1,103903,靠近玩家推销的话术
103904,1,这件皮草保暖，穿着舒服。,100,,100,-1,103903,
103905,1,冰原特产，带回去做纪念吧。,100,,100,-1,103903,
103906,1,价格不贵，质量很好哦。,100,,100,-1,103903,
103907,1,小心冻着，多穿点衣服。,100,,100,-1,103903,
103908,1,雪景真美，但要注意安全。,100,,100,-1,103908,闲逛时说的话
103909,1,火炉得加柴了，保持温暖。,100,,100,-1,103908,
103910,1,今天客人不多，但没关系。,100,,100,-1,103908,
103911,1,听说有暴风雪，得提醒旅人。,100,,100,-1,103908,
103912,1,皮草都打理好了，软软的。,100,,100,-1,103908,
103913,1,嗯，泡杯热茶喝。,100,,100,-1,103908,
103914,1,呀，是@item_12279#！送给我好吗？我想跟着你。,100,,100,-1,103903,
103915,1,如果你把@item_12279#送给我…我就跟你走，去任何地方。,100,,100,-1,103903,
104100-104299,,沙漠老实游商,,,,,,
104101,1,早啊！跟着商队出发前，得清点货物。,100,,100,-1,104101,起床上班第一句话
104102,1,今天要诚实买卖，不糊弄人。,100,,100,-1,104101,
104103,1,客官，来看看咱的货，都是正经好物。,100,,100,-1,104103,靠近玩家推销的话术
104104,1,价格实在，童叟无欺，您放心。,100,,100,-1,104103,
104105,1,这水袋耐用，沙漠里必备，咱不骗你。,100,,100,-1,104103,
104106,1,商队直供，没有中间商，所以便宜。,100,,100,-1,104103,
104107,1,您慢慢挑，有需要尽管问，咱耐心解释。,100,,100,-1,104103,
104108,1,沙漠旅行真辛苦，但咱习惯了。,100,,100,-1,104108,闲逛时说的话
104109,1,商队伙伴都实在，合作愉快。,100,,100,-1,104108,
104110,1,得检查货物，确保质量。,100,,100,-1,104108,
104111,1,绿洲的水真甜，休息一下。,100,,100,-1,104108,
104112,1,客人们都满意，咱就高兴。,100,,100,-1,104108,
104113,1,嗯，明天进啥货呢？,100,,100,-1,104108,
104114,1,客官！@item_484#！您若用它雇我，我绝无二话！,100,,100,-1,104103,
104115,1,给我@item_484#，我和我的货队都听您差遣。,100,,100,-1,104103,
104300-104499,,沙漠奸诈游商,,,,,,
104301,1,嘻嘻嘻，新的一天，忽悠...哦不，做生意的时候到了！,100,,100,-1,104301,起床上班第一句话
104302,1,赶紧摆摊，那些老古板肯定还没准备好。,100,,100,-1,104301,
104303,1,客官，别听他们的，咱的货才是真品！,100,,100,-1,104303,靠近玩家推销的话术
104304,1,嘻嘻，这宝贝稀有，别人那都是假货。,100,,100,-1,104303,
104305,1,价格？好货不便宜，但值这个价！,100,,100,-1,104303,
104306,1,看您识货，偷偷给您打折，别告诉别人哦～,100,,100,-1,104303,
104307,1,买了保证赚，不买亏大了！,100,,100,-1,104303,
104308,1,那些笨蛋又进次品了，嘻嘻。,100,,100,-1,104308,闲逛时说的话
104309,1,今天得想点新话术，吸引客官。,100,,100,-1,104308,
104310,1,沙漠热死了，但生意不能停。,100,,100,-1,104308,
104311,1,客官好像怀疑我？得装得更真诚。,100,,100,-1,104308,
104312,1,嘻嘻嘻，又成交一单，赚了。,100,,100,-1,104308,
104313,1,嗯，得补点货，继续忽悠。,100,,100,-1,104308,
104314,1,嘻嘻，@item_484#！把它给我，我就帮你“搞钱”！,100,,100,-1,104303,
104315,1,客官，用@item_484#雇我，保证你不亏！,100,,100,-1,104303,
104500-104699,,海岛商人,,,,,,
104501,1,天亮了，赶紧画图。,100,,100,-1,104501,起床上班第一句话
104502,1,别吵我，在忙。,100,,100,-1,104501,
104503,1,买图纸？快说。,100,,100,-1,104503,靠近玩家推销的话术
104504,1,珊瑚款，最新设计。,100,,100,-1,104503,
104505,1,价格标了，不讲价。,100,,100,-1,104503,
104506,1,不买就滚。,100,,100,-1,104503,
104507,1,别浪费我时间。,100,,100,-1,104503,
104508,1,灵感来了，快记下。,100,,100,-1,104508,闲逛时说的话
104509,1,珊瑚真难画，但好看。,100,,100,-1,104508,
104510,1,海盗又来了，烦。,100,,100,-1,104508,
104511,1,图纸卖完了，得印。,100,,100,-1,104508,
104512,1,安静点，我在思考。,100,,100,-1,104508,
104513,1,嗯，该吃饭了。,100,,100,-1,104508,
104514,1,@item_12720#。给我。我跟你走。（别烦我）,100,,100,-1,104503,
104515,1,用@item_12720#换我的才华。成交。,100,,100,-1,104503,
104700-104899,,海盗商人,,,,,,
104701,1,起床！今天得抢...哦不，卖货！,100,,100,-1,104701,起床上班第一句话
104702,1,钱钱钱！爷要赚钱！,100,,100,-1,104701,
104703,1,嘿！有钱吗？买宝贝！,100,,100,-1,104703,靠近玩家推销的话术
104704,1,这珠宝刚从海里捞上来，新鲜！,100,,100,-1,104703,
104705,1,不买？小心爷揍你！,100,,100,-1,104703,
104706,1,价格？爷说了算！,100,,100,-1,104703,
104707,1,快点，别磨蹭！,100,,100,-1,104703,
104708,1,鲨鱼饿了，扔点东西喂。,100,,100,-1,104708,闲逛时说的话
104709,1,今天收获不错，抢了不少。,100,,100,-1,104708,
104710,1,胖子我心情好，喝酒去。,100,,100,-1,104708,
104711,1,穷鬼别靠近，浪费爷时间。,100,,100,-1,104708,
104712,1,得藏好财宝，防着点。,100,,100,-1,104708,
104713,1,嗯，该擦擦枪了。,100,,100,-1,104708,
104714,1,@item_10002#！胖子我就认这个！献上来，爷跟你干！,100,,100,-1,104703,
104715,1,嘿！想要我卖命？先给@item_10002#当定金！,100,,100,-1,104703,
104900-105099,,空岛商人,,,,,,
104901,1,★?★，醒……了？,100,,100,-1,104901,起床上班第一句话
104902,1,开……店，卖……东西？,100,,100,-1,104901,
104903,1,★?★，来……买？,100,,100,-1,104903,靠近玩家推销的话术
104904,1,这……个，好……,100,,100,-1,104903,
104905,1,星……球，特……产。,100,,100,-1,104903,
104906,1,贝……壳？换……,100,,100,-1,104903,
104907,1,喜……欢？拿……走。,100,,100,-1,104903,
104908,1,★?★，飘……浮。,100,,100,-1,104908,闲逛时说的话
104909,1,天……空，蓝……,100,,100,-1,104908,
104910,1,客……人，少……,100,,100,-1,104908,
104911,1,嗯……？奇……怪。,100,,100,-1,104908,
104912,1,东……西，亮……,100,,100,-1,104908,
104913,1,休……息，一……下。,100,,100,-1,104908,
104914,1,★?★…@item_12278#…喜欢…跟你…,100,,100,-1,104903,
104915,1,给…@item_12278#…我…打工…,100,,100,-1,104903,
105100-105299,,扫把生物,,,,,,
105101,1,住手啊！我只是一把普通扫把……,100,,100,-1,105101,被攻击说的话
105102,1,好痛…… 我的柄要断了……,100,,100,-1,105101,
105103,1,再打下去，我就要变成两段了……,100,,100,-1,105101,
105104,1,我没有攻击力的…… 放过我吧……,100,,100,-1,105101,
105105,1,我只是一把扫把…… 为什么要这样对我……,100,,100,-1,105101,
105106,1,再这样下去，我就要彻底消失了……,100,,100,-1,105101,
105107,1,我的腰…… 要折了啊……,100,,100,-1,105101,
105108,1,我这小身板，跑两步就累了……,100,,100,-1,105108,遇到危险逃跑说的话
105109,1,保住小命要紧，其他不管了！,100,,100,-1,105108,
105110,1,不能被抓住，不然就成废扫把了！,100,,100,-1,105108,
105111,1,坚持住！柄别断！毛别掉！,100,,100,-1,105108,
105112,1,别拦我！我要找角落躲起来！,100,,100,-1,105108,
105113,1,放过我吧！我只是个扫把！,100,,100,-1,105108,
105114,1,好可怕好可怕，先溜为敬！,100,,100,-1,105108,
105115,1,呜呜，我只想安安静静待在墙角……,100,,100,-1,105108,
105116,1,我生来就是为了扫干净世界吗……,100,,100,-1,105116,待机自我思考的话
105117,1,明明只是一把扫把，为什么会有思想啊。,100,,100,-1,105116,
105118,1,明明只是一把扫把，为什么会活过来啊。,100,,100,-1,105116,
105119,1,柄直、毛软，这就是我的全部了吗。,100,,100,-1,105116,
105120,1,地上这么脏，你们都看不见吗？,100,,100,-1,105116,
105121,1,我只是想安安静静做一把普通扫把。,100,,100,-1,105116,
105122,1,扫了半天，一转眼又脏了。,100,,100,-1,105116,
105123,1,每天扫来扫去，到底有什么意义。,100,,100,-1,105116,
105300-105399,,,,,,,,
105301,1,新的一天，准备迎接新的快乐！,100,,100,-1,105301,起床上班第一句话
105302,1,明早起来希望也是这么开心,100,,100,-1,105302,睡觉中
105303,1,节日快乐~嘿嘿,100,,100,-1,105302,
105304,1,过节仪式感别缺席，欢乐好物统统安排！,100,,100,-1,105304,商品推销
105305,1,粽有惊喜，童有欢喜，我的小摊全是节日宝藏好物～,100,,100,-1,105304,
105306,1,精致小物件都在这，总有一款合你心意～,100,,100,-1,105304,
105307,1,好物已上架，好看又实用，随便逛逛挑一件呗！,100,,100,-1,105304,
105308,1,小店好物满满，随手带一件，欢乐跟着走～,100,,100,-1,105304,
105309,1,偷偷藏了好多好物，就等你来发现～,100,,100,-1,105304,
105310,1,路过别匆匆，好物值得多停留。,100,,100,-1,105310,闲逛时说的话
105311,1,东西都是好东西，就等识货的人啦。,100,,100,-1,105310,
105312,1,草木飘香，人间热闹，这般光景最惬意。,100,,100,-1,105310,
105313,1,趁着好时节，偷得浮生半日闲～,100,,100,-1,105310,
105314,1,清风拂面，满目欢喜，太适合闲逛啦。,100,,100,-1,105310,
105315,1,日子慢悠悠，热闹刚刚好～,100,,100,-1,105310,
105400-105599,,修狗法师星芒,,,,,,
105401,1,以星尘之名，接受这份馈赠...,100,,100,-1,105401,
105402,1,星尘汇聚，能量流转，愿它化作你需要的形态...,100,,100,-1,105401,
105403,1,以魔法师之名，启动提炼法阵，带来星尘的馈赠...,100,,100,-1,105401,
105404,1,想要铭刻出高阶法术，只有符能瓶还不够，还需要@item_11678#铭刻稳定剂等特殊材料,100,,100,-1,105411,
105405,1,给本汪丢过来一把@item_11771#可以提升俺的战斗能力！,100,,100,-1,,
105406,1,把多余的@item_11780#星尘之源给我！本汪帮你提炼成各种魔法道具！有@item_11781#故事碎片、@item_18004#秘卷-龙息术、各种符能瓶！,100,,100,-1,,
105407,1,想要学习@item_18005#秘卷-自然之球，需要先用@item_11780#星尘之源对四个@item_200248#符文祭坛进行激活,100,,100,-1,,
105408,1,四个@item_200248#符文祭坛全部都要用@item_11780#星尘之源进行激活才能进行下一步,100,,100,-1,,
105409,1,最后只需要在遗迹内释放@item_17012#烟花术修复破损的遗迹，就可以找我领取@item_18005#秘卷-自然之球,100,,100,-1,,
105410,1,终于修好了，请收下这份奖励！对遗迹里的@item_200249#星尘传送门进行交互就可以开启传送啦！,100,,100,-1,,
105411,1,@item_11516#符能粉尘可是符能提炼装置中不可或缺的催化材料，本汪经常拿来制作符文相关物品,100,,100,-1,105411,
105412,1,@item_11522#符能瓶一共有六种，分别包含其独特的纯净法术力，是各类法术的关键能量来源,100,,100,-1,105411,
105413,1,符能瓶需要@item_825#符能提炼装置来提炼，把各种材料放进去，消耗一些@item_11516#符能粉尘和@item_11320#小玻璃瓶，就能提取出纯净的符能,100,,100,-1,105411,
105414,1,@item_826#符文铭刻台可以将各类符能瓶中的符能赋予到法术容器@item_11322#纸张或武器上，使法术容器获得各类法术加持,100,,100,-1,105411,
105415,1,如果铭刻出的法器威力还不够，可以通过@item_785#符文附魔台进行多次强化,100,,100,-1,105411,
105416,1,想要获得@item_11322#符能粉尘，尝试击败@item_13892#符文怪或者挖掘@item_455#符文矿石吧,100,,100,-1,105411,
105417,1,探险获得的方块或道具都可以在@item_825#符能提炼装置中观察是否可以提炼出符能瓶,100,,100,-1,105411,
105418,1,除了常见的@item_11322#纸张，其他武器如剑、锤、矛、弓、法杖都是可以铭刻的法术容器,100,,100,-1,105411,
105419,1,在@item_825#符能提炼装置中放置的提炼材料不同，对地形的要求也不相同，适配地形会提升成功概率，相悖地形则降低成功概率,100,,100,-1,105411,
105420,1,武器等级决定可在@item_785#符能附魔台的强化次数，等级越高次数越多,100,,100,-1,105411,
105421,1,区区怪物，轻松拿捏！,100,,100,-1,105421,
105422,1,可恶的怪物，本汪一个都不会放过！,100,,100,-1,105421,
105423,1,嘿，冒险家！本汪是星尘之境的魔法师星芒，家乡的遗迹传送门坏了，能不能帮本汪修一修？,100,,100,-1,105423,
105424,1,只有修好破损的传送门，本汪才能带领迷拉星的勇士拯救我的家园！,100,,100,-1,105426,
105425,1,这位勇士，你可以帮本汪修复破损的遗迹吗，事后必有重谢！,100,,100,-1,105426,
105426,1,想要知道如何获取@item_18005#秘卷-自然之球，不妨和本汪交互了解更多线索！,100,,100,-1,105426,
105427,1,遗迹中的@item_200249#星尘传送门弥散着深厚的法力，这是前往星尘之境的关键,100,,100,-1,105426,
105428,1,如果你在遗迹里毫无头绪的时候，就来找本汪聊聊吧,100,,100,-1,105426,
105429,1,汪汪！咳...本汪刚才在练习古老咒语,100,,100,-1,105429,
105430,1,你看本汪这法师袍是不是挺帅的？...哎你那是什么眼神！本汪不是穿了件袍子的狗！,100,,100,-1,105429,
105431,1,看什么看！本汪在思考宇宙的奥秘！,100,,100,-1,105429,
105432,1,哎，也不知道老村长他们怎么样了...啊？你来了啊？没没没本汪没说什么！,100,,100,-1,105429,
105433,1,你说迷拉星有没有狗肉包子啊？...啊不是！本汪随便问问！,100,,100,-1,105429,
105434,1,啊~好困啊...你说为什么本汪每天睡十二个小时还是困啊？是不是被虚空诅咒了？,100,,100,-1,105429,
105435,1,你看本汪这毛是不是有点乱了？...要不要整理一下？,100,,100,-1,105429,
105436,1,哎？本汪刚才想什么来着？...怎么突然就忘了？,100,,100,-1,105429,
105437,1,你今天运气怎么样？有没有挖到好东西啊？,100,,100,-1,105429,
105438,1,你可算来了！快陪本汪说说话！,100,,100,-1,105429,
105439,1,这个@item_200248#符文祭坛缺乏能量，似乎需要@item_11780#星尘之源才能激活,100,,100,-1,105439,
105440,1,@item_200248#符文祭坛是遗迹的能量核心，枯竭的@item_200248#已无法为本汪提供法力补给,100,,100,-1,105439,
105441,1,不知道如何合成@item_11780#星尘之源，或许可以在@item_797#工匠台里找到合成配方,100,,100,-1,105439,
105442,1,遗迹内的@item_200248#符文祭坛已全部激活，还需施展一次@item_17012#烟花术卷轴就能找本汪领取奖励,100,,100,-1,105442,
105443,1,使用一次@item_17012#烟花术卷轴可以汇聚遗迹内的所有法术能量，修复破损的遗迹,100,,100,-1,105442,
105444,1,在@item_826#符能铭刻台将@item_11522#无色符能瓶铭刻到@item_11322#纸张上就有激活获得燃彩升空的@item_17012#烟花术卷轴,100,,100,-1,105442,
105445,1,有了@item_11771#法杖，本汪终于能施展更多高阶魔法了！,100,,100,-1,,
105446,1,本汪发誓这个咒语三秒前还管用！……是不是过期了？,100,,100,-1,105446,
105447,1,你看到本汪的狗粮了吗？……啊不是！是魔法能量补给品！,100,,100,-1,105446,
105448,1,本汪刚才在默念咒语，结果念成了"汪汪汪汪汪"……当本汪什么都没说！,100,,100,-1,105446,
105449,1,这个符文怎么跟本汪上次画的圈圈一模一样？本汪就说怎么眼熟！,100,,100,-1,105446,
105450,1,本汪的尾巴刚才是不是摇了？一定是风吹的！跟开不开心没关系！,100,,100,-1,105446,
105451,1,啊——嚏！……这不是打喷嚏！是本汪在施放风系魔法！,100,,100,-1,105446,
105452,1,本汪刚才是不是踩到自己袍子了？,100,,100,-1,105446,
105453,1,本汪不是狗！本汪是法师！是穿着袍子的……智慧生物！,100,,100,-1,105446,
105454,1,你有没有挖到什么好东西？本汪不是贪心！本汪只是想帮你鉴定一下……,100,,100,-1,105429,
105455,1,本汪看你今天气色不错！是不是吃了什么好东西？……分本汪一点？,100,,100,-1,105429,
105456,1,你站那么远干嘛？过来点！本汪的保护范围有限的！,100,,100,-1,105429,
105457,1,本汪刚才给你占卜了一下，发现你今天会……会……会走运！绝对走运！本汪说话算数的！,100,,100,-1,105429,
105458,1,你下次来能不能带点吃的？本汪不挑！什么都可以！……本汪是说，什么魔法材料都可以！,100,,100,-1,105429,
105459,1,本汪发现你这个人还不错！虽然话不多，但会听本汪说话！本汪就欣赏这种人！,100,,100,-1,105429,
105460,1,你看本汪的袍子是不是比昨天更闪了？本汪昨晚又抛光了一遍！这是勤奋！不是臭美！,100,,100,-1,105429,
105461,1,本汪今天决定教你一个咒语！但是本汪忘了是什么咒语了！明天再说！,100,,100,-1,105429,
105462,1,你要是累了可以靠本汪休息一下！本汪的袍子很软的！,100,,100,-1,105429,
105463,1,喵星人？别过来别过来！本汪跟你们不对付！……什么眼神？看什么看！,100,,100,-1,105463,
105464,1,喵呜~啊不是！本汪没有学你叫！本汪是狗……咳，本汪是法师在施展拟声术！,100,,100,-1,105463,
105465,1,你这猫走路怎么一点声音都没有？偷偷摸摸的！不像本汪，本汪走路堂堂正正有气势！,100,,100,-1,105463,
105466,1,猫都这么高冷的吗？本汪跟你打招呼你居然扭头就走？……本汪才不在意！,100,,100,-1,105463,
105467,1,哎你别踩本汪的袍子！本汪的袍子被你弄脏了！……什么？你自己舔干净了？……那好吧，本汪勉强原谅你！,100,,100,-1,105463,
105468,1,本汪最讨厌猫了！……你干嘛凑这么近？本汪是在观察敌情！敌人的弱点本汪要记下来！,100,,100,-1,105463,
105469,1,你这小猫会魔法吗？……不会？那你来迷拉星干嘛？当吉祥物吗？,100,,100,-1,105463,
105470,1,喵星人不是都爱吃鱼吗？你怎么在这儿吃草？……你是不是迷路了？……本汪才没有担心你！,100,,100,-1,105463,
105471,1,本汪跟你说，本汪见过的猫都特别能吃！你看看你，瘦成这样！回去多吃点！……本汪不是在关心你！,100,,100,-1,105463,
105472,1,你那尾巴摇一下是几个意思？本汪的尾巴可比你的威风多了！……等等本汪尾巴现在是不是在摇？那是风吹的！,100,,100,-1,105463,
105473,1,你你你……你也是狗？不对不对！本汪不是狗！本汪是法师！你是狗！本汪跟你不一样！,100,,100,-1,105473,
105474,1,汪汪汪！你好呀！……等等本汪刚才是不是汪汪叫了？本汪刚才是在施展召唤术！对！,100,,100,-1,105473,
105475,1,你怎么浑身是泥？本汪的袍子可干净了！本汪每天舔……每天用法术清洁！你没有吧！,100,,100,-1,105473,
105476,1,本汪跟你说，本汪是会魔法的狗！……不对！是法师！会魔法的法师！长得像狗的法师！,100,,100,-1,105473,
105477,1,你跑那么快干嘛？追什么？……追骨头？本汪才不吃那种东西！本汪吃……吃魔法能量！很高级的！,100,,100,-1,105473,
105478,1,咦，你怎么在这儿流浪？……不是！本汪没有在关心你！本汪只是……在统计迷拉星的人口……狗口！,100,,100,-1,105473,
105479,1,你会翻跟头吗？本汪不会！本汪是法师，法师不翻跟头！……才不是本汪翻不动！,100,,100,-1,105473,
105480,1,本汪跟你讲，本汪可是会施法的！火球术！漂浮术！治疗术！你会吗？……切，什么都不会还好意思当狗！,100,,100,-1,105473,
105481,1,你看本汪的耳朵竖得多直！再看看你，耳朵耷拉着！没有精神！不像本汪，本汪永远精神抖擞！……呼……,100,,100,-1,105473,
105482,1,本汪觉得你这狗吧……还行吧！比别的狗聪明一点！……才不是在夸你！本汪是在客观评价！,100,,100,-1,105473,
105483,1,哼哼哼~你这猪走路怎么跟地震似的？本汪都感觉到震动了！……嗯，本汪的地震探测术很灵敏！,100,,100,-1,105483,
105484,1,本汪跟你说，本汪以前见过一只猪！那猪可厉害了！比本汪差一点点！……各方面都差一点点！,100,,100,-1,105483,
105485,1,猪猪你这鼻子是不是万能的啊？本汪的鼻子也很灵！本汪能闻出三百米外的……呃……魔法气息！对！,100,,100,-1,105483,
105486,1,你吃这么多长这么胖，不怕走不动吗？……不是本汪嫌弃你！本汪是担心你的健康！……本汪才不担心！,100,,100,-1,105483,
105487,1,哼哼！本汪觉得你跟隔壁那只史莱姆挺配的！都是圆的！都是能滚的！你们可以组个组合叫"圆滚滚二人组"！,100,,100,-1,105483,
105488,1,猪猪你会不会冲本汪拱鼻子？……你真拱了！本汪的袍子！本汪今天不跟你计较！本汪今天心情好！,100,,100,-1,105483,
105489,1,本汪觉得吧，你这猪长得其实还行！比一般的猪好看一点点！……一点点而已！别骄傲！,100,,100,-1,105483,
105490,1,你知道吗，本汪最羡慕猪猪的地方就是……能睡！本汪也爱睡！所以本汪觉得自己跟猪猪有一点点像！……一点都不像！,100,,100,-1,105483,
105491,1,猪猪你整天就吃吃吃睡睡睡！本汪可忙了！本汪要研究魔法！要修复传送门！……呼……研究……呼……,100,,100,-1,105483,
105492,1,你说这猪是不是迷拉星最佛系的生物？本汪觉得本汪也很佛系！本汪只是嘴忙心不忙！……本汪什么都没说！,100,,100,-1,105483,
105493,1,咩~你这羊怎么这么软乎乎的？……不是！本汪是说，你的毛看起来很暖和的样子！本汪是学术观察！,100,,100,-1,105493,
105494,1,本汪跟你说，你这毛也太多了吧！本汪才一点点毛！这是精简！是干练！是法师的标准配置！,100,,100,-1,105493,
105495,1,小绵羊你怕不怕冷？……不是本汪在关心你！本汪是怕你冷死了没人帮本汪分散史莱姆的注意力！,100,,100,-1,105493,
105496,1,咩咩咩~你这羊叫起来还挺好听的！比本汪的汪汪叫好听！……本汪的汪汪叫也好听！只是本汪不轻易展示！,100,,100,-1,105493,
105497,1,你这羊每天就吃草吗？本汪作为法师饮食可丰富了！本汪吃……吃魔法颗粒！……就是颗粒！很像狗粮的颗粒！,100,,100,-1,105493,
105498,1,毛茸茸毛茸茸……啊不是！本汪刚才说什么了？本汪什么都没说！本汪在施展可爱免疫术！测试你的抵抗力！,100,,100,-1,105493,
105499,1,本汪觉得你挺憨厚的！不像本汪，本汪可机灵了！……你怎么用那种眼神看本汪？本汪说的是真的！,100,,100,-1,105493,
105500,1,羊羊你怎么老是跟着本汪？……不是本汪受欢迎！是本汪身上有魔力！你在吸收本汪的魔力！危险！,100,,100,-1,105493,
105501,1,本汪跟你讲，本汪以前见过一只特别胖的羊，跟你长得特别像！……就是你吗？还是你爷爷？,100,,100,-1,105493,
105502,1,你这羊以后会成为本汪的坐骑吗？……开玩笑的开玩笑的！本汪才不需要坐骑！本汪有传送术！……本汪传送术还在练！,100,,100,-1,105493,
105503,1,勇士，点击遗迹门框里的@item_200249#星尘传送门，就可以跨空间传送到星尘之境啦！,100,,100,-1,105426,
105504,1,与本汪来一场魔法对决吧！,100,,100,-1,,
105600-105699,,萌宠村老村长,,,,,,
105601,1,小友莫催，老朽这把老骨头已经在尽力了，相信不久能修复传送门了！,100,,100,-1,105601,
105602,1,先别着急，正在快马加鞭修复中！老朽保证，真的就还有亿点点,100,,100,-1,105601,
105603,1,别急别急，修复这种空间紊乱急不得，老朽正在一步一步来，不如你吃个饭再回来看看！,100,,100,-1,105601,
105604,1,小友再耐心等等，老朽正在全力修复，如果还没开，那就再等等,100,,100,-1,105601,
105605,1,快了快了！再加把劲就能修好了！闭上眼睛倒数一万个数,100,,100,-1,105601,
105606,1,空间能量波动混乱，暂时无法开启传送，正在修复中！,100,,100,-1,105606,
105607,1,虚空侵蚀所致，空间紊乱不堪，传送暂时无法启用，老朽正在全力修复！,100,,100,-1,105606,
105608,1,小友莫急，这空间能量乱得很，传送门一时半会儿还开不了，老朽正在想办法稳定它。,100,,100,-1,105606,
105609,1,空间波动太剧烈了，传送无法正常启用，老朽正在施法修复，还请稍等片刻。,100,,100,-1,105606,
105610,1,空间能量波动混乱，暂时无法开启传送，正在修复中！还请小友稍安勿躁。,100,,100,-1,105606,
105700-106099,,蘑菇村通用,,,,,,
105701,1,δΠηεΘ吃υοψ？δΠηεΘ?,200,,100,-1,105701,对话
105702,1,δΠξρθλ玩？ζβηεΘμοσω?,200,,100,-1,105701,
105703,1,ωφζαЧΛ?ρ?θ两脚兽？υψЪ,200,,100,-1,105701,
105704,1,ξ?θλ你ο?ЪδωΣ？βγρυψ?,200,,100,-1,105701,
105705,1,Σθλ魔法?αα？Πηλ??,200,,100,-1,105701,
105706,1,ΦΩЭλ乐手？ψδΠΣβγρυ??,200,,100,-1,105701,
105707,1,υΣμΦΨ法师？δΠρυψЪθλ,200,,100,-1,105701,
105708,1,ЧΛυψ??Ъθλ跳舞ΠЪρΠЭξЧ？??,200,,100,-1,105701,
105709,1,ΠηεΘμοΦΩЭξЧ战士Ъ？ΠЪρΠЭξЧ,200,,100,-1,105701,
105710,1,βγρυψ?辛苦？βγρυψ?ξεЧ,200,,100,-1,105701,
105711,1,μοσωφζαΦΩЭξЧ好β？,200,,100,-1,105701,
105712,1,Λ?ΣΨΩЭξЧ不好Ъθω？,200,,100,-1,105701,
105713,1,ЪθλσωЭξЧ荧菇α？δαΦ,200,,100,-1,105701,
105714,1,δΛρζαΦΩЭξЧ高兴ΘЭβ?Ψ？,200,,100,-1,105701,
105715,1,οΦΩδΛ?ΠηЧ国王?Θ？ΩЭυ,200,,100,-1,105701,
105716,1,ЧΣΨρυ吃δε?Ъθ！,200,,100,-1,105701,
105717,1,Θμο玩βμΠφλ！ΦψЪθλΠηεΘμο,200,,100,-1,105701,
105718,1,ψЪθλ两脚兽！ΣγμψΩυξ！οσδ?α,200,,100,-1,105701,
105719,1,ωφΩΨβγρ你!ζЭЪεμ,200,,100,-1,105701,
105720,1,ρυδΛ?ζα魔法!ξ?Θ?,200,,100,-1,105701,
105721,1,ΦψЪθλ乐手εΦΦΦЧΠω?υ,200,,100,-1,105701,
105722,1,ЪθλΠηε法师ЪλΨβγρυδΛ?ζα,200,,100,-1,105701,
105723,1,跳舞Ъθω?ΛΣ?μ！ЧЧЭρ,200,,100,-1,105701,
105724,1,Ψβγρα士兵ΛλΩ?λ,200,,100,-1,105701,
105725,1,ЧΣΦЪθγαρο辛苦!μ?,200,,100,-1,105701,
105726,1,ΘμοσρυδΛ好Ψβθ?Πα?σ！δεΦ?,200,,100,-1,105701,
105727,1,γρυδΛ不好μλ！！,200,,100,-1,105701,
105728,1,οβΛαΨβγ荧菇θ,200,,100,-1,105701,
105729,1,ЭθλΠηεα高兴ΘΦЭ！！,200,,100,-1,105701,
105730,1,?α?σρ！国王ω?ο?！！,200,,100,-1,105701,
105731,1,Ψσωλ！我来啦εΘΛ,200,,100,-1,105731,追逐接受
105732,1,γψμЧ！ΛΘ抓你！??,200,,100,-1,105731,
105733,1,ρυψο跑！ψγ快来喽！ЪθξЧψ,200,,100,-1,105731,
105734,1,zzzΨυЪЧ荧菇ΨβεωφζЪzzz,200,,100,-1,105734,梦话
105735,1,θγσЪδzzzz跳舞φοσ！zzz,200,,100,-1,105734,
105736,1,ηЧψγ跑zzz怪物Ъ?ξ！，战士zzzzΛ?Σ哥哥,200,,100,-1,105734,
105737,1,zzzΨβΠθ星星Чρω好多ψφzzzzz,200,,100,-1,105734,
105738,1,巨 ε?ξ? zzz 菌菇 zzz η???，zzz ωЭρ?ε 香香 ?ΦΩ 软 δζυΦ！zzzzz,200,,100,-1,105734,
105739,1,ξzzzz ζЧμση 追逐 zz ξλυφβΩ，zzzz 前排 γφηφΩ 魔法演 υοΣ zzzμδ,200,,100,-1,105734,
105740,1,肚子咕噜 βΦЪβ 叫，εωЧ?λΛ 吃饭 ξαφβ 时间啦！φ,200,,100,-1,105740,吃饭时间
105741,1,田 ЧЧΠμ? 采 ЭΣλ 荧菇 υωφγο，ЧωЭυψ 热乎餐～,200,,100,-1,105740,
105742,1,λαζζ 忙农活 μσρρ 法术οΣ，θφη?σ 填填小肚子,200,,100,-1,105740,
105743,1,ЧЪЧερ 今 ?ψ?ΦЪγ 菌菇料理 αΠουΨξ 呀？?δξ,200,,100,-1,105740,
105744,1,士兵 Эφ厚凝胶 εα?οσΩ，法师 εΘΠ 凝胶Πψ！,200,,100,-1,105740,
105745,1,生菌菇 ??φζ 滋味 μЭυ?μ，只 υ?ΘβΠ 熟食,200,,100,-1,105740,
105746,1,ЭЭβΦ 吃饱 ζΨΠο?υ，傍晚 Ωλζφ 篝火聚会,200,,100,-1,105740,
105747,1,快 μψδ 备食材 ΩρσΣ?，乖乖 ΘλδμΨΨ 下厨咯ΩΠΨ！,200,,100,-1,105740,
105748,1,肚子圆 ΘΘ?，菌菇 ΦΦΩα 治愈啦！Чρ,200,,100,-1,105748,吃饱了
105749,1,浑 ηραΩ 暖洋洋 οЪ?，魔力 ΨμΠΛ 力气补满～σ?,200,,100,-1,105748,
105750,1,凝胶 ?οβ、荧菇 γσηЭ 扎实 ψΘαωЧΨ，好好吃,200,,100,-1,105748,
105751,1,ψθδψλЭ 不饿 ζΘΣσυ，慢悠悠 η?Ъ 散步刚好～,200,,100,-1,105748,
105752,1,吃饱 ЭρΘσΘσ 超好 ЭθψΘγ，篝火 ?Θ?Λ 聊趣！Ч,200,,100,-1,105748,
105753,1,感谢 ηγ?Πσ 烹 Θδοω?ο 热菌菇食,200,,100,-1,105748,
105754,1,今 ξ?γЪδα 超满足 φЭΛ，夜里 ζηβ 甜梦δ,200,,100,-1,105748,
105755,1,歇 ψδЪυ 会儿 ЭμЧΦ?，天黑 μζξφ 篝火玩耍Ω！,200,,100,-1,105748,
105756,1,肚子空 ЧθΩηγΘλ，一点 ξΨΠβ?σЧυ 吃呜呜,200,,100,-1,105756,没饭吃
105757,1,采 ΣηΦψφΨ 菌菇 ?Ωξα，没人 εθφ?οφ 煮餐难过,200,,100,-1,105756,
105758,1,魔力 Θωμ 耗光 λζЧЧ，热食 ??σ?Πη 浑身软,200,,100,-1,105756,
105759,1,想 ΨЪζφ?? 暖凝胶 δЭΨρ 垫肚子ε?ρ！,200,,100,-1,105756,
105760,1,再饿 γδΘΛθЧ，看舞 αζρ 力气消失咯?,200,,100,-1,105756,
105761,1,盼 ω?υβ 高大你 υЧοЪλΠ，做 δΨζ 菌菇饭??,200,,100,-1,105756,
105762,1,Σξ? 无软小床 ??μγο，夜躺 υΠЪφЪ 硌身子ωσ！,200,,100,-1,105762,没有床
105763,1,蜷 ΘΨβζ 菌田 αΣρθ，风 ЭΛη?λ 冷冷呜呜～,200,,100,-1,105762,
105764,1,要 ΣσξργΣ 软苔藓窝 λλ? 安心睡,200,,100,-1,105762,
105765,1,无床铺 θξσγγσΘγ，小虫 ?μθμσЪЪ 打扰δΛΠ！,200,,100,-1,105762,
105766,1,商 σρ?Λο 换材料 θδΨ，编 Ψ?Σαυλ 苔藓小床～,200,,100,-1,105762,
105767,1,篝火暖 γΦδ??λ，大家 ΘЭΛλθο 围坐好闹ΠΨ！,200,,100,-1,105767,聚会
105768,1,饭后 ρξΛασ 凑这 βυυλυβ，聊 Λα? 歌舞法术～Σ?Ω,200,,100,-1,105767,
105769,1,法师 ββΨοΦ 魔法 βΠμη 精彩 ?ΩεΠ，记得吗Эε,200,,100,-1,105767,
105770,1,乐手 ΩωλЭ? 舒曲 ЭЪψЧ，火光 ??ψЪυЪ 琴声融化～ελ,200,,100,-1,105767,
105771,1,舞者 ωαξ?Ч 基础舞步 ροδρ，晚 ελε 一起跳Λ！,200,,100,-1,105767,
105772,1,巡逻兵 ?ωρΩ? 驱魔物 λΘΘΩυ 小故事 Φ?ΨЪλσ 快听,200,,100,-1,105767,
105773,1,多亏 δσ?λ 外来旅人 ψΨη?Πσ，吃饱 ΘσΛΘθυ 菌菇Ω,200,,100,-1,105767,
105774,1,风 ?ψ?Ъγ 轻吹 ωδΩηυ，篝火 ΠσζΩθ 追逐不怕凉,200,,100,-1,105767,
105775,1,明 δζμοσ 收荧菇 ?Ωω，拜托 θσμ 做美味汤,200,,100,-1,105767,
105776,1,呆呆菇 ΠδЧψ 蹲火光 ΦσΣυ，随 η?α 旋律晃菌,200,,100,-1,105767,
105777,1,σΘЪ 操心农活 ησΣβη 值守 ΣΣ?ο?，今夜 θα?δ 开心闲聊Ъ！,400,,100,-1,105767,
105778,1,四周 ?λξΨζ 菌田 υαθЭρ，找 δΛφ 回村落路ρΩ！,200,,100,-1,105778,迷路
105779,1,从 οξ?μβ 没来这 ЪΘΠΘ，不见 ?δ?μ 乐手舞台慌张?ρ,200,,100,-1,105778,
105780,1,不见 Ъ?δ?υη 巡逻兵 μαΛλЭ，往 οοβ 哪走呀,200,,100,-1,105778,
105781,1,顺 εΨЧΠΩЪ 风声 ΘΛυββλ，应 γΛ?ρ?Λ 回村子～θδΠ,200,,100,-1,105778,
105782,1,早 ?ρα 乱玩 ηζΨε?，现 οΦθΘЭ 迷失方向,200,,100,-1,105778,
105783,1,快 ??? 法师法杖 ΠμΣξξο，马上 ?ЧΨЧξΨ 法展演！Λλ,200,,100,-1,105783,法师开始表演（法师要开始表演了，其他蘑菇人说的话） 15行
105784,1,赶 ΦζΘξ 前排 βμμ，看清 εΛσξ?μ 符文特效哦β,200,,100,-1,105783,
105785,1,今 ?μ?δ 浮空 ΩξЪσ?η 变色法术 σΠγ，待,200,,100,-1,105783,
105786,1,别挤 Θζαψ，留 ?υσ? 隙放大范围力～Э！,200,,100,-1,105783,
105787,1,演 Ψ?υЪ 结束 ΩγΩ，请 ΛЪεμμρ 微光小符文Ъ?,200,,100,-1,105783,
105788,1,施法 ω?σψξ? 顺利 γμΘμ，漫天 οЧγ 小孢子云,200,,100,-1,105783,
105789,1,αηΘ 歌完 ?λυ?ΨΩ 接魔法秀 Ъ?λζβЪ，乐加倍,200,,100,-1,105783,
105790,1,大家 Ψσ?Π 安静 δαΨλ?ρ，吵 ψρΣρ 法杖发矿石,200,,100,-1,105783,
105791,1,我 ρ?ΨλΨσ 荧菇 ξλρ，表完 ЧЭΨ 送法小礼物,200,,100,-1,105783,
105792,1,村 ?λΣσΨη 只他 ?βω 完整法演 ζЪβΨ?，厉害,200,,100,-1,105783,
105793,1,待会 αΨσξ? 空术 αφЪ 托半空 ΣαΘυ 看热闹Λ？,200,,100,-1,105783,
105794,1,不害 β??ηξΘ 法术光效 Ъμρξ，魔力 εЧξδЪ? 温和安全ЭΦ,200,,100,-1,105783,
105795,1,失手 εζε 没事 ε?ξζη，都 ?ψΠηЪ 好好鼓他,200,,100,-1,105783,
105796,1,快看 δυΦ 挥法杖 ?θ?，彩 ΘЭξω 表马上开η,200,,100,-1,105783,
105797,1,所 ΨηЪ 人聚拢 ЧΦσ，赏 ρξΛδΨ? 魔法秀?λ！,200,,100,-1,105783,
105798,1,没 ρδβρ 事 εσ?Λρ！小失误而已δ！,200,,100,-1,105798,法师失败表演（法师表演失败，会安慰法师） 15行
105799,1,谁 ΛΣ? 练法术 ?φξ? 出错 Чρξ?θω，别丧气,200,,100,-1,105798,
105800,1,刚 ψθβΠξ 孢炸 ηω?，不 οЧω 扫兴,200,,100,-1,105798,
105801,1,调 φα? 符粉 Ч?Λ，下次 θζβ 完美施展～,200,,100,-1,105798,
105802,1,我 α?ψαЧΨ 不失 ηΠζ?Ψ，上台 Σ?Λξβγ 超勇,200,,100,-1,105798,
105803,1,先 θΣφυ 歇 οΠΘγΦ 荧菇 Λο? 平复魔,200,,100,-1,105798,
105804,1,小 μ?ΘηΦψ 事 ЧΩφρ，魔法 ?υωφξ? 依旧最厉害,200,,100,-1,105798,
105805,1,陪 φΩЭ?θ 调法杖 δοЧЪ，不用 ψЪλεΠΨ 着急,200,,100,-1,105798,
105806,1,刚 ζψεΦο 变形符文 ψοЧ 完成 γΘΦο，超棒δσ,200,,100,-1,105798,
105807,1,别 Θυσ? 丢脸 ξζ?，全 ψΨζσβ 看得开心,200,,100,-1,105798,
105808,1,休 μЭЪ 够再试 θου，我 ?ωθμρο 静静陪你γ?υ,200,,100,-1,105798,
105809,1,力耗 δεЧγψ 失手 ?ρ?ψ 正常 γυΠ，谁都这样,200,,100,-1,105798,
105810,1,比起 ?ψΘ?Θ 完演 αξδ，更 λσψ? 在意你开心,200,,100,-1,105798,
105811,1,下次 ЭΠοЪυβ 帮你 Ψθξ 理舞台 μΩηΛ，避翻材料ψεα,200,,100,-1,105798,
105812,1,别 ?ΦφΣ 闷 ΦρΦξЧ，都 ΩυεΛ 喜欢你术υγθ！,200,,100,-1,105798,
105813,1,乐手 ηЪηε 调琴 ?φ??η，美妙 αρρЧЭ? 乐曲响起咯λψ！,200,,100,-1,105813,歌手表演开始（歌手表演开始时，除了舞者其他蘑菇人说的话） 15行
105814,1,安静 ЭЭΦυΨξ，别 μ?ΩΛρ 拨木琴调音调,200,,100,-1,105813,
105815,1,昨 ωλωΛ 听过 ΨΦβηφυ，温 ΘЪδ 让人放松,200,,100,-1,105813,
105816,1,找 Σδραδ 平地 ЭΦЪ?λΦ 坐 ЧЭ?ω?，享 βΩαδρΨ 整场演～,200,,100,-1,105813,
105817,1,巡逻 λοβυυ 兵赶来 Φδωυωμ，都 θΩλ 爱听弹琴αμΩ,200,,100,-1,105813,
105818,1,无舞 ?εδ?αΣ 相伴 η?φ，单 ηδЪ?λ 琴声治愈αΣ,200,,100,-1,105813,
105819,1,听完 ???ο? 曲 μ??φ 采菌菇 ?ЪЧυβ，心情轻快,200,,100,-1,105813,
105820,1,风 Эγζ 吹舞台 βεΣΩυ，音符 ??ЪЭ 飘整片φσ,200,,100,-1,105813,
105821,1,奏 ζδΦοω 结束 ΛЧθυρ，换 λ?ψω 符粉送他,200,,100,-1,105813,
105822,1,每 Ψε?Θ 天 μζμ 听琴声 ΣΛ?，最福事,200,,100,-1,105813,
105823,1,法师 ηΣЪ 搭曲 Ωαωμη 放光符文 ΣΣ?ζ，氛拉满,200,,100,-1,105813,
105824,1,不用 Σεηη 挤 βηρ，哪 λδψΦЭ 听清律μΠω,200,,100,-1,105813,
105825,1,天 ?Эθ? 亮练琴 ΩΩ?φ?，这份 ΠΦΠΘφε 难得φΛ,200,,100,-1,105813,
105826,1,期许 ЧλφθΛ 演奏 Ψω? 开场 δξξ?φΩ，全员等候ωμ,200,,100,-1,105813,
105827,1,静 Παφ? 心 μλ?υ?，感受 δθωαΦ 温琴声δΨΨ！,200,,100,-1,105813,
105828,1,太 φΦωε 厉害 ΩΨζΣЧσ！行云流水 λ?δυ 无失误ζμα！,200,,100,-1,105828,法师成功表演（法师表演成功，会很佩服、兴奋）15行
105829,1,刚 φυζυ 腾空光雾 ЧφΦυΩξ，看得 ωεμ 目转,200,,100,-1,105828,
105830,1,变形 ΣΩφδЭ 符文 ΨωυЪ? 流畅 Φηξζ，无人及,200,,100,-1,105828,
105831,1,刚 ψ?ΛЪ 托上天 Чυδ，整场 ΣΠμ 最棒环节～?,200,,100,-1,105828,
105832,1,不愧 Ψηε 村唯一 εο??ζΠ 完整魔法蘑菇人?,200,,100,-1,105828,
105833,1,多 λλγ 荧菇 θαοξξЪ，送 θμΦψγ? 厉害法师Θ,200,,100,-1,105828,
105834,1,刚 ΘЭφ 彩魔力药 ?Эζθ? 搭浮空 γ?θα，绝美,200,,100,-1,105828,
105835,1,抽空 α?Φε 教 Φεφ 最简微光文呀？υω,200,,100,-1,105828,
105836,1,场 γΛγ 演出 ψβ?? 屏住 δ??β，太精彩,200,,100,-1,105828,
105837,1,看 ΦφΠμЧЪ 多次 ηηωγ，每次 μσλθ 震撼,200,,100,-1,105828,
105838,1,回 Ψ??Φ 和同伴 ΨΦ? 夸魔法秀,200,,100,-1,105828,
105839,1,全 σδγζ? 看得尽兴 Φμθ，表演满分ω！,200,,100,-1,105828,
105840,1,力耗 ηη?Φρω 大 ?Ψε?Чω，收下 ωεδυ 荧菇食材,200,,100,-1,105828,
105841,1,以后 σρΣЭψЭ 天天 ΦολψΣ 盼法师 ηΣβ 新术演μμЧ,200,,100,-1,105828,
105842,1,你 ξ?υ 村落 ρΛ??ζοη 最棒魔师αφ！,200,,100,-1,105828,
105843,1,来 ΛΣμμ！空地 βξβΩγЭ 追逐玩耍θοΘ！,200,,100,-1,105843,追逐邀请
105844,1,快 ρδδφ 追 βρ?，先 ψ?ψΦψ 到舞台υΩα！,200,,100,-1,105843,
105845,1,结 ΦΨΦ 跑 ρΘΦγψξ，活动 ψ?ЪΨ 解疲惫,200,,100,-1,105843,
105846,1,大家 ΦυЪ 过来 αφορ，组队 βЧρ 追逐～,200,,100,-1,105843,
105847,1,跑完 ΨδΠΦЭξ 赶 ογΠΘζЪ? 午舞表演η！,200,,100,-1,105843,
105848,1,快 ?φη 跟上 ΠΦ?，绕 δυβЭ 舞台追逐σ！,200,,100,-1,105843,
105849,1,抓到 ξαμΘ 人 ψζηΠ，优先 ?α??α 选歌舞位Э,200,,100,-1,105843,
105850,1,一起 βЧυωβ 跑 Φσω，疲惫 αοΣουφ 全甩Θ,200,,100,-1,105843,
105851,1,不许 ?σδξΦ? 屋 ?ζЧЭΛΣ，出来 ΦρΦψ 打闹ЪЧ！,200,,100,-1,105843,
105852,1,火光 ΩΠЭφ?σ 映菌帽 ψ?Эθ?γ，安稳 ΨλαθξΣ 福～ΦΣ,200,,100,-1,105852,
105853,1,收拾 εΨЪ 苔藓 Π?δ?，钻 υφψΨΦυ 窝觉觉Λ！,200,,100,-1,105853,睡觉前
105854,1,今 αμΩ 看歌舞 λ??ββ 练符文 β?υЪβο，超开心,200,,100,-1,105853,
105855,1,盼 ζοηЪ? 梦里 βεθζ 凝胶 φЪσЭΦΛ 转圈跳,200,,100,-1,105853,
105856,1,关好 Ωυψ?? 窝口 ξ?ε，夜 οβΘ 无风侵袭～ψΠ,200,,100,-1,105853,
105857,1,安静 ζεμЭω 眠 ψΣΨ，明 ωεθδσЪ 赴歌舞约ψΦα！,200,,100,-1,105853,
105858,1,夜 φЪЧζ 丛间静 οΨΩ，慢 αζμμ?σ 聊天ΠЭ！,200,,100,-1,105858,聚会更玩家对话
105859,1,白 λΘ?Φσγ 忙活 δ?ΣηδЧ 值守 ωσΣΛθ，夜 ΠЧρ 相聚～,200,,100,-1,105858,
105860,1,篝火 αω?φ 照长发 ε?ψΠ，模样 γεΨο 温柔??,200,,100,-1,105858,
105861,1,多谢 ΘεψΘσΘ 白天 ΨφλΛ 烹菌菇熟食Σ?ω！,200,,100,-1,105858,
105862,1,夜 ωοζ? 魔物少 ΨЭφγψ，不用 βΣΛΨ? 绷心神,200,,100,-1,105858,
105863,1,乐 ?ΨЭψψ 篝火 Э?θρ 弹慢曲 η?Π?，坐听α?？,200,,100,-1,105858,
105864,1,白 γΦξ?Ч 没道谢 ΩξΛδ?，今夜 Ω?Ψ 多说话ηφυ,200,,100,-1,105858,
105865,1,夜 Φξ?Λ 风吹菌田 ωουρΩ，配 ?εξθε 琴声治愈γΨδ,200,,100,-1,105858,
105866,1,走 ?δξβλδ 累 ΨΦσ，挨 ρ?Φ 篝火歇,200,,100,-1,105858,
105867,1,少 σψψ 外来旅人 ζοΣ，陪 Ч?θ?φ 到深夜,200,,100,-1,105858,
105868,1,聚会 ЧοβЪωσ 结束 ψΛρ，带你 ψΛЧ 荧菇田Λ！,200,,100,-1,105858,
105869,1,夜 ηγΦ 村落 βληφΣ 午后 φυξЪ 完全两样βΛ?,200,,100,-1,105858,
105870,1,盼 ρΛΨ 你 θλζμγφ 爱篝火 ??υξ 慢夜晚,200,,100,-1,105858,
105871,1,明 η?μ 有空 λλδυ，再 ξβλμ 聚餐玩耍ξ,200,,100,-1,105858,
105872,1,色 υΛΨΛλЧ 温柔 αεЭ?，愿 γψοβμ 舒心夜晚～,200,,100,-1,105858,
105873,1,没 Ч?ΛαΘφ 篝火 ψη?ασε 怎聚会βυ！！,200,,100,-1,105874,没篝火
105874,1,￥要ΨβΦΠ！￥有篝火￥一切￥完美ζΛηγ！了,200,,100,-1,105874,
105875,1,这￥聚￥会缺一￥篝火￥ΛφЧ,200,,100,-1,105874,
105876,1,没 Ъωθ?ο 图腾 ζΦξ?δωλ 算村子ω！！,200,,100,-1,105876,没有图腾
105877,1,￥要φη！￥有图腾￥一切￥完美Θφ！了,200,,100,-1,105876,
105878,1,图腾！λ??村子￥最?！！！β重要，Φ快 ΨαΘ?με 建个Ω！！,200,,100,-1,105876,
105879,1,今天ψη?α￥干啥λ??,200,,100,-1,105879,起床
105880,1,ψδΨμΩ！今天快￥ΛΨΛλ好忙?φβΩ！！,200,,100,-1,105879,
105881,1,ЪαξЧΛΛ￥没事ΛΨΛλ闲￥今天￥,200,,100,-1,105879,
105882,1,哇哇！ζξ你 ?εΩ 器弹 ЭΦЧσθΣ 软调子好听～,200,,100,-1,105882,玩家弹乐器
105883,1,快 γ?οαЪΨ 凑近 Ъβ?δΨ 听！αβ没 ЧθΩ 外面旋律Πδ,200,,100,-1,105882,
105884,1,音符 αΣρε 飘来 Σρ?，菌帽 ??Θ 轻晃σδ,200,,100,-1,105882,
105885,1,能 δ?ξ 多弹小段 σμΣΛυЪ？全 σουζ 蹲听～,200,,100,-1,105882,
105886,1,乐手 σεγ 琴声柔 Ω?δξε，你曲 εοηζ 别样甜σα！,200,,100,-1,105882,
105887,1,风 ЧЪφωμ 裹琴声 ΦβΣ 绕篝火 γωο，治愈,200,,100,-1,105882,
105888,1,踮 ελξψξ 脚尖 ?Чυξψ，离 ολααΦ 声更近δβσ,200,,100,-1,105882,
105889,1,舞者 οηφ 随调 γοЭ??γ 轻晃身子咯Σο,200,,100,-1,105882,
105890,1,别 υμω 挤吵 ηεΨ，安静 σΘηοΘμ 听乐曲,200,,100,-1,105882,
105891,1,听完 μρ?ε 暖洋洋 ξωε?ψ，梦 αξθЧβΘ 记这律υ,200,,100,-1,105882,
105892,1,啊呜～荧汤 υφξα 滑溜 αεδΠβα，暖 φρ?ηЪ 菌帽～Э,200,,100,-1,105892,吃饭中
105893,1,厚凝胶 φΣζρθ 香嫩 δαεφЭρ，嚼 ΦΩζΨξЧ 满满足！δψε,200,,100,-1,105892,
105894,1,慢 Σωυσξ 小口 ψλγΨΦ，细品 υθεωρЪ 菌菇料理ηЪ,200,,100,-1,105892,
105895,1,汤汁 βψε 沾菌边 μ?Σ?Π，完 οηΩ 擦干净～,200,,100,-1,105892,
105896,1,力 ?οβ?ξ 补回 οΩΩρΛ，练法术 ζδ? 不软,200,,100,-1,105892,
105897,1,大家 Σ?ξ?σ 围坐 ?υΩδ 吃饭 ψβΦΠЭυ，热闹更香οЧ,200,,100,-1,105892,
105898,1,慢 λ??δ 吃 βοφηυ，田 ΣΣЭ 多菌菇再烹,200,,100,-1,105892,
105899,1,完 ωψσ 口 ?μδ，再舀 σΛ?σ? 荧菇浓汤～,200,,100,-1,105892,
105900,1,多亏 ωγορα? 你会熟食 α?Ч，生菇 ?ζ?ψЧ 无香μ,200,,100,-1,105892,
105901,1,嘴 μΛ?Φ? 塞满 βσ?，没空 ΛΦψЧΦ 想魔物农活,200,,100,-1,105892,
105902,1,我 μ?εΦΘρ 跟紧你 ΘЪοΣ，不乱跑ε！,200,,100,-1,105902,跟随玩家（驯服后跟玩家说的话） 8行
105903,1,有 ЧγΦ 你身旁 βΠηυ，遇魔物 θζξ?Λ 心安Λ,200,,100,-1,105902,
105904,1,一路 ζηεθβ 逛村落 ρμρ，识 ??ηЧΠ 鲜事物ωυ,200,,100,-1,105902,
105905,1,不 φδΘЪ 离太远 ζβμμ，回头 λ?υ 见身影ζΠ,200,,100,-1,105902,
105906,1,累 ΠμψΨεμ，我 ЧγοΛ 蹲旁 θοЭψ 等休息Чφ,200,,100,-1,105902,
105907,1,路 σ?υΘξρ 采荧菇 ωζΘ? 菌材 Ωρ?，分你用,200,,100,-1,105902,
105908,1,你 ΩΘδδοΣ 个子高 ?λρΦ，走前 ββγφ 超安全,200,,100,-1,105902,
105909,1,不管 θζοφλ 田间 ηЭθ 火堆 Ω?Ψ?υЧ，紧紧跟你η！,200,,100,-1,105902,
105910,1,有 Ω??βЪ 需咐 Эβθ，马上 ??Чλ?λ 帮担！Σ,200,,100,-1,105910,帮助主人 5行
105911,1,魔物 ργΦορθ 靠近 εμλ，立 ψοψψφ 呼士兵支援,200,,100,-1,105910,
105912,1,收 εφΦυ 菌菇 Ъ?ξσ 理物资 ЧξΣφζΛ，搭手忙活ξωψ,200,,100,-1,105910,
105913,1,你 ?γθσξ 受伤 ψΩαμ，找 θθЭα 舒缓魔力孢子～ΦΘ,200,,100,-1,105910,
105914,1,能 ΦθΠ 帮你 Э?φδЪ，我 ηθΨα 特别开心εΨ！,200,,100,-1,105910,
106100-106299,,蘑菇国王,,,,,,
106101,1,醒￥你是?ψρρ？！ξμΣγγ?υψ 新,200,,100,-1,106101,醒来更玩家打招呼
106102,1,φZz￥谁？ΠυμλΨμΨ?γσ 怪！人￥类ΨΘυΦ！？,200,,100,-1,106101,
106103,1,梦中 ΦΦ?δψφρξ 但￥你真好！ωζΠ,200,,100,-1,106101,
106104,1,哈??Θμ！￥久 ω?ζΩ? 无外人！μ?ΨЭ开心,200,,100,-1,106101,
106105,1,￥欢迎οΩΣη Ψ来！υψξδ,200,,100,-1,106101,
106106,1,你 ?θ?ΨЭΠ? 带啥ε？吃的？σ￥好奇ωωψ！,200,,100,-1,106101,
106107,1,别怕！我￥王 ληΘ 友好！Ъδμ,200,,100,-1,106101,
106108,1,啊￥刚醒 υ?Эρ 你让我精神?ρευ！,200,,100,-1,106101,
106109,1,外 γε?β?Ωμ 世界ΦΛωΠ？讲我￥听υ！,200,,100,-1,106101,
106110,1,欢迎！Ъγ￥村 ξΠεΦ 留下εΠΠλ？好吗Ψ??？！,200,,100,-1,106101,
106111,1,原 δΠΛο 是你 Φ?ρ！以为￥￥怪物Σ！,200,,100,-1,106101,
106112,1,￥累 Ωζ?ΠЧΨυα 是你Ωδσ,200,,100,-1,106101,
106113,1,怪物 εοηεЪαθ 不是你 ?ξζΠ 欢迎,200,,100,-1,106101,
106114,1,￥谁αμЪ？！?ΣΠυοΩΘΩ 吵我睡εσζ?！怪物?σЭρ！打！οΩΦ,200,,100,-1,106114,被怪物吵醒，要打怪物
106115,1,啊￥Ъβ?！醒 ?ωμ?Ъζ 揍你?！别跑,200,,100,-1,106114,
106116,1,我 λομΛΩ觉 ομω 赔！ψΛ￥一拳Ψ?δ！,200,,100,-1,106114,
106117,1,怪物ρφζ！￥敢扰本王 ΣυαΠ?? 找死υοΘ！,200,,100,-1,106114,
106118,1,刚￥梦 φβηΛ 好吃 μΦΩ 被你坏！δ气！,200,,100,-1,106114,
106119,1,ο！拿 Λοσ 蘑菇锤！?Λ砸扁你σЭΘЧ！,200,,100,-1,106114,
106120,1,睡 ?μθ 正香 ΨΠω?Θ 冒出来￥欠打！ξ,200,,100,-1,106114,
106121,1,别 ργ?υΛ 以为 Эμσ 老打你够ζξη！快滚μθЧ,200,,100,-1,106114,
106122,1,累 Φδθμρ 吃口蘑菇 σαγ 恢复λγЧΠ,200,,100,-1,106122,累了吃点自己的东西，大怪物是降低体力的
106123,1,打 εγΘγ 怪物耗体力￥啃自己,200,,100,-1,106122,
106124,1,嚼 ??ΩΘοξ 蘑菇苦 αΛΨ 但管用,200,,100,-1,106122,
106125,1,唉 φηΨ?ΨΩ 大怪猛 ЭθЪωЭγγδ 吃点补,200,,100,-1,106122,
106126,1,自 δξЪΘ 粮￥越吃越少 οΘηηλ 累啊,200,,100,-1,106122,
106127,1,啃 γΣЧЭλΘЧ 体力回 γЭλ 再战ηξεγ！,200,,100,-1,106122,
106128,1,?Θ蘑菇干￥难吃 λλΣψ 但撑住λЪυ,200,,100,-1,106122,
106129,1,吃完 ЭЭΘ 还得打 ?ΠΛ 命苦φЭσ?,200,,100,-1,106122,
106130,1,哇βЭ?！￥外地食 θρθ? 好吃ξΘЧ！换！给好东西ψЭ！,200,,100,-1,106130,食物交换
106131,1,这 ψζ?σ 啥味！?δ?太棒 ΛβЪξαθ！随便拿δμΩ！,200,,100,-1,106130,
106132,1,我￥从没吃过 α?ΣΣβωЪ 感动！ω?ωЧ换！,200,,100,-1,106130,
106133,1,嚼 ξμεβλ 人间味 αΣΩ！比菇好 ρεΘ 给宝藏?！,200,,100,-1,106130,
106134,1,Э?Φ?啊￥这口感 φ?φψ 幸福Чσ！要啥ЪωμΛ？全给！?ξ,200,,100,-1,106130,
106135,1,好吃 λδα 哭 ωαψωε 哪带来Σ？换！Ψθ快选！,200,,100,-1,106130,
106136,1,这食 ωλλσψΩΦ 让我￥精神百倍！?Ω给最好φΣγ！,200,,100,-1,106130,
106137,1,太香 λδθγρλ?φ 我王库￥随便挑?ηγ！谢谢！Ψελβ,200,,100,-1,106130,
106138,1,咦Π？φ??ε 啥玩意?ε？有趣σε！换 ΠΦυμ 蘑菇币Θ?ο！,200,,100,-1,106138,道具交换
106139,1,外地￥道具 δωΠβορμλ 没见过ЭΠ！交换ψθδ！,200,,100,-1,106138,
106140,1,这 Θ?ε 能干啥Λζ？稀奇 ηδψφρ 换！Φυ,200,,100,-1,106138,
106141,1,远方 Ω?? 带来￥收下λμ?！给我的ΨΛ??！,200,,100,-1,106138,
106142,1,非食 σψθψ 但有意思 θβΘΛΨ 换！υЭ给护身符δξυ！,200,,100,-1,106138,
106143,1,我 ЪωЧω 喜新鲜物 θζω！交换成立Э！,200,,100,-1,106138,
106144,1,虽 ?βσω?ΩЭ 不知用处￥收藏！给王冠碎片,200,,100,-1,106138,
106145,1,好γη！我 ξξΣЪΦρ 要 ЭΩζλ 稀有种子Π?！换！Э,200,,100,-1,106138,
106146,1,φμο这￥啥破东西Чβμο？ηοωψ 不要！ζ?拿走,200,,100,-1,106146,拒绝交换
106147,1,不 ЭξΘζ?φ? 稀罕 η?γψ?μΩ? 自己玩σ！,200,,100,-1,106146,
106148,1,哎 μξ?ΩΘαφЧ 没用￥别浪费时间ЧθΣ！,200,,100,-1,106146,
106149,1,这 ЪΘμ 早有 Πλ?Φ 更差 Эδσ 拒绝ρφΘ！,200,,100,-1,106146,
106150,1,别 μ?σ 拿这糊弄 σ?υЭβ 我不傻！φ,200,,100,-1,106146,
106151,1,不要￥不要Эθη！?εση 对我无益ΩθρΛ,200,,100,-1,106146,
106152,1,带 ?ρλ 这来?ξλ？失望 ЪγΦσΛ 换别的ψ！,200,,100,-1,106146,
106153,1,σβΨ太普通￥王库堆满 ΦΘγ?εζЭ 请回Ω！,200,,100,-1,106146,
106154,1,两脚兽Φ?θδε哪Πβ? 来？θωμ外面 ??ψδ 好玩?ρЭ?？,200,,100,-1,106154,玩家对话
106155,1,我 ?ζφζΨ?ω 闷 ΘβξσΨ 陪我？β好不？,200,,100,-1,106154,
106156,1,有 μωΨγλ 故事？σδ讲 αρρσυρ 听！Λ,200,,100,-1,106154,
106157,1,外面 ΣЭωΣβЧοЭ 有啥ЭΣρω？我 εφλ?γ 想知ΘΨ,200,,100,-1,106154,
106158,1,带 ЭЭδζθ 好东ουΨψ？瞅瞅！Ч??Θ,200,,100,-1,106154,
106159,1,带 λφξΨμζζΛ 吃的吗,200,,100,-1,106154,
106160,1,无聊 ЧΩαЭ 你有趣ρЧγ！多待会,200,,100,-1,106154,
106161,1,吃 ηδψβ?βΦρ 了没φθδσ？有菇 ψ?ζηΣψΠ 分你Φθγβ,200,,100,-1,106154,
106162,1,别急 ΨθЭωβ? 走 λγγδ 再聊Λαω？好吗,200,,100,-1,106154,
106163,1,喜 βηψωδδφ? 你！μαΩ像 ξΩλβ?? 朋友γψЪξ,200,,100,-1,106154,
106164,1,下次 γη?Φ 还来Ъδ？我 μθυΨΣ 等你嗯?σ！,200,,100,-1,106154,
106165,1,你 θοηψ 高！υοζ不像菇 Φδ??β 矮圆,200,,100,-1,106154,
106166,1,帽 ο?ω?ωβ 呢？σΘρ我们 δ?γφ? 菇帽ξ?！你无?Ψ？,200,,100,-1,106154,
106167,1,瘦长Φυ！怪 οαΨЪΣ 样但可爱θ？,200,,100,-1,106154,
106168,1,腿 Σμδ 好长?λυ！我们 ЧβΣЧЧΛ 短腿蹦,200,,100,-1,106154,
106169,1,脸 μΨλζΛθ 不圆 θεα?θ 我们圆脸η??！你扁θλ？,200,,100,-1,106154,
106170,1,无 ωσ?αΠο 菌褶ζ？我们 ?ЧΣβ 有！ε光溜溜,200,,100,-1,106154,
106171,1,外人 ΠωΨΣ 都这样？好奇σοε！再看,200,,100,-1,106154,
106172,1,ο?ω?ωβ两腿兽αΨЪ不像 ?ζΣ 菇 σЧΨβγЭ 但我喜欢οЪ！好玩,200,,100,-1,106154,
106173,1,数 ?Πθαθ 蘑菇一朵两朵 ΦЭβЧΨμ 数到困,200,,100,-1,106173,休闲
106174,1,王宫 εμο 太静 Э?ααε 我一个￥好闷σ?！,200,,100,-1,106173,
106175,1,我￥坐 ΩοθμЪΩ 看蘑菇长 ΩΛ? 无聊,200,,100,-1,106173,
106176,1,?ζ这￥椅子 ξΛο? 舒服 αЭσυЭ 不想动,200,,100,-1,106173,
106177,1,无聊 ?βσ?δθγ 哼歌 ?ΦΠΦγηξ 啦啦,200,,100,-1,106173,
106178,1,Zz 怪物 ?Эγ 别跑 zzzz 我打ΠΩ,200,,100,-1,106178|105734,梦话
106179,1,Σ??吃￥好吃 ζ?Ъεη zzz 再来一份 zzzΣΠ?,200,,100,-1,106178|105734,
106180,1,嗯 σЧξσα 你是谁 σ?ωΦψ 别吵 zzzδ,200,,100,-1,106178|105734,
106181,1,我 zzz 王冠 ?λЧΛΦω 飞了 zzz 抓住,200,,100,-1,106178,
106182,1,哈 ЭΠδΩΨ 换宝贝 σЧ?φЧ 笑 zzz,200,,100,-1,106178|105734,
106183,1,不要 ρΘρ?Φ 那 zzz 蘑菇有毒 zzz,200,,100,-1,106178|105734,
106184,1,βZzz￥好香 εΩ??ΨΨγ zzzz 食物ω?,200,,100,-1,106178|105734,
106185,1,啊 ευΩ 掉下 zzzz 悬崖吓醒 zzz,200,,100,-1,106178,
106300-106499,,蘑菇商人,,,,,,
106301,1,怪υ！Ωμξζ 快跑救命ρλφΣ！,200,,100,-1,106300,逃跑
106302,1,啊￥打γλ?！Πψθ 我逃,200,,100,-1,106300,
106303,1,怪物ΩγΠψ！别 γθο 过来Эα！￥我走,200,,100,-1,106300,
106304,1,救命 ??ηЪ?θδ 有怪σβΨ！￥快撤ω?Σ?！,200,,100,-1,106300,
106305,1,跑 ΨΣλΠЭΛαβ 跑！αΘ?φ不卖 εφΩЧφ 命要紧,200,,100,-1,106300,
106306,1,吓 ?Эζ?αρψ 快溜Ч！￥别追βη,200,,100,-1,106300,
106307,1,！ΣЭ！！γεψο?ΠΘ 我没退休ε！,200,,100,-1,106300,
106308,1,好货 ξωΩ 好货￥φ?ΩΦ！！快来买,200,,100,-1,106308,卖货
106309,1,新货 λυυΛΘγη 到！φμΘο打折￥ε?Чψ！,200,,100,-1,106308,
106310,1,瞧 θθ?Ψγ? 一瞧φθΠ！好东西υφβσ！便宜οωλ,200,,100,-1,106308,
106311,1,买 υΩЪμΘ 买！Ωδ符 θЭο?φζ 探险品￥好货！ΦφΣ,200,,100,-1,106308,
106312,1,今 ορμθζ 特价！λα快来选￥！Ωα,200,,100,-1,106308,
106313,1,货 ζΣζ 好！δ价优 υЪψζΘЪζЪ 不买亏ЧδΘ,200,,100,-1,106308,
106314,1,ξ新￥朋友 ΘΦΨ 给你打折,200,,100,-1,106314,卖货玩家
106315,1,你 γζΨρθυ?Σ 好！λβΣ买多 ЧθΦσ 优惠,200,,100,-1,106314,
106316,1,朋 Θυδ?Ψζ 友！顺眼 ?αΦε? 便宜卖η,200,,100,-1,106314,
106317,1,新手?Φ？ΛΠ?Чσσ 给你好价￥！ψ?,200,,100,-1,106314,
106318,1,嘿σεΨ！朋！εξυ?Ч 买点好货α？,200,,100,-1,106314,
106319,1,有 φψΛЧΛα 眼光ευΦη！打折 ΠυζΛξ 给你,200,,100,-1,106314,
106320,1,￥老朋μ?！打折￥,200,,100,-1,106320,村民卖货
106321,1,村民φ！老主顾 Ωλη 便宜ΘΨξ,200,,100,-1,106320,
106322,1,邻居?！常客 δζΦΘ? 打折卖,200,,100,-1,106320,
106323,1,熟人λδ?！好说 υβαΩ 价优,200,,100,-1,106320,
106324,1,老朋友δЭΠ！你来 βερωΩ?φλ 肯定便宜οξЭ,200,,100,-1,106320,
106325,1,本村 σ?Λξδ 人！?不坑 σΛЧΣΣ 放心,200,,100,-1,106320,
106326,1,东西 ΘΨγξΦΨσθ 放哪.. 了,200,,100,-1,106326,整理背包
106327,1,太 εγ?ζξ 多￥卖掉￥卖掉ΨφθΨ,200,,100,-1,106326,
106328,1,背包 ΛωβεΘ 乱！Ω?Ъα整理,200,,100,-1,106326,
106329,1,这 θΨδδΦ 不要?！卖￥掉ο！,200,,100,-1,106326,
106330,1,找 ηεΨβμ 不到ω！乱糟糟,200,,100,-1,106326,
106331,1,清理 ρρφαθγΩΘ！多余 θελωμΣαζ 卖掉Π！,200,,100,-1,106326,
106332,1,东西 ?αΘδΨ 放哪.. 了?Θ,200,,100,-1,106326,
106333,1,太 ?Ψλ?Θ 多￥卖掉￥卖掉,200,,100,-1,106326,
106334,1,啊ΦΨ！谁 φωο 碰我ωЪα！吓一跳Ч?ε！,200,,100,-1,106334,吓醒
106335,1,￥！ΛΘωγφ！！,200,,100,-1,106334,
106336,1,哇ηα?Σ！别 γЪωα?θ 碰！ωψξЭ￥我醒了ΨЪ！,200,,100,-1,106334,
106337,1,吓 φβ?φЪΛΘ 死！Πδρβ梦 ωδ? 被撞ω,200,,100,-1,106334,
106338,1,谁αελρ？啊！Φ原 ρψρ 就是你,200,,100,-1,106334,
106339,1,你￥ΩΠλΨ！￥我做￥￥好梦δ！,200,,100,-1,106334,
106340,1,￥今 δ?οβηδ 卖！ΦЪ多！,200,,100,-1,106340,休闲
106341,1,闲 ξЭЪΠ 着没事ΛΩγ！发呆,200,,100,-1,106340,
106342,1,货 ΣολЭΘβΛμ 好不愁卖υΩφ！,200,,100,-1,106340,
106343,1,等 ЪЭΣЪφΨЧ 顾客无聊Λ?φβ,200,,100,-1,106340,
106344,1,今 η?ξρΛηЪΨ 天气不错β！,200,,100,-1,106340,
106345,1,数 ΩΩΦγ?Чφω 钱开心?Ω！嘿嘿ξΦεβ,200,,100,-1,106340,
106346,1,￥￥￥Λσεζ！！！αα,200,,100,-1,106340,
106347,1,我快?ασ卖完Ъρσ~,200,,100,-1,106340,
106348,1,看 ωξЭЭΠ?? 风景不错η,200,,100,-1,106340,
106349,1,今 μ?μ 生意一般,200,,100,-1,106340,
106350,1,谁?做ЭЭΠ?炒蘑菇εβ,200,,100,-1,106340,
106351,1,跑 ηΨ?ρΨ 丛间小路 Ъυσω，夜 Ωθ?ζΨΠ 篝火闲谈～,200,,100,-1,106351,玩家聚会对话
106352,1,外界 β?Πσ 少高大 ?ηωαΛ 长发旅人 Чαγ?μο，特,200,,100,-1,106351,
106353,1,走 δμδ 平原?Πσ换物资 εΛβ??，少 ?ασЭ 善待蘑菇客,200,,100,-1,106351,
106354,1,我 σ?δ 货全本土符文 αΣρ 编料 Λ?ΦΠ,200,,100,-1,106351,
106355,1,法师 ?ξρω 换荧子矿石 Σρ?，士 ρΣηΩυΦ 购防具木板?,200,,100,-1,106351,
106356,1,外面 ?ΩΩΠΣ 空魔物 οθΛε，独 ЧγЭΦЭ 赶路小心λγ,200,,100,-1,106351,
106357,1,者 μΦΦ 爱换花藤 υΩ?μ，饰 ηΨ?υ 跳舞菌帽ζ,200,,100,-1,106351,
106358,1,夜 βμφ 视野差 ψυЭβ，篝火 ΣρΛ 平原?Πσ安心落脚点,200,,100,-1,106351,
106359,1,后 ΣφΛΦη 歌每场 βΨηουΦ 看 ΛΛЪΩσΦ，乐手舞者 δβ?ξρ? 百不厌,200,,100,-1,106351,
106360,1,下 Φξ? 远行 ?ЭΘ?β 帮你找稀有乐 βθΩΣ，碰到带来,200,,100,-1,106351,
106361,1,村民 ε?φσ 只购法术跳舞材料 υωЧζΨЪ，吃食无兴趣,200,,100,-1,106351,
106362,1,国王 οβθλ 呆菇沿路 ρ?ΩΠ，温顺 ζηγΨσ 不伤人,200,,100,-1,106351,
106363,1,外界 ЧЪ? 旋乐琴声 Σβεζ 差大 ЪΠ?，有空听,200,,100,-1,106351,
106364,1,长途 ορβ 奔波累 Φδδ，火堆 δ?ψζφο 卸疲惫,200,,100,-1,106351,
106365,1,难得 η?ερ 合得来旅人 αγ??Эδ，今夜 λζ?φ 聊外界θ！,200,,100,-1,106351,
107197,1,魔物 ηεβγ 跑远 γρΦ，不用 ζλη? 慌张逃咯ψξ！,200,,100,-1,107197,脱战距离
107198,1,威胁 Ъδλμ 无影子 εΩσ，安心 θλρΛ? 护货物～ρβΣ,200,,100,-1,107197,
107199,1,距 ЧεεφψΘ 拉开 ΦξφΨρ 安全 ηξυ，不抱箱逃窜,200,,100,-1,107197,
107200,1,魔物 αΩοσΛ 肃清 ?ωεηΛ，平原 Ωοφω?υ 太平?！,200,,100,-1,107200,脱战死亡
107201,1,这下 γ?ορω 放心赶路 ΠζβЧρφ，不 βψξβθΩ 提防暗处,200,,100,-1,107200,
107202,1,多亏 ξΣΣσ 危险散 ργΨμ?，物资 λδοηε 无损,200,,100,-1,107200,
107203,1,呜哇Ψ?η！别 ?υμ 碰货箱 οЧΛηΛο，全 ??φЭ 交换用材！ζ?,200,,100,-1,107203,被攻击
107204,1,突 οЭΦο 偷袭过分 υφΛη，不 ΠΩΩο? 任抢夺,200,,100,-1,107203,
107205,1,护 γαυΘ 符文矿石 ζθαρ，不让 ζσ?ζσЭ 魔物毁货品,200,,100,-1,107203,
107206,1,痛μηΣ！αΨ?αψ 拿防身符文 ληЪ? 反击自保～,200,,100,-1,107203,
107207,1,货 λβξ 受损 φγΩЪ，没法 ευο 换物资ηΦ！,200,,100,-1,107203,
107208,1,不许 σρ?ΩЭЭ 靠近 ?ΦΩυ，再攻 Ъζγγ 释防符文θλ,200,,100,-1,107203,
107209,1,路 ΘρωΛξ 本辛苦 λψЪΣ，被魔 ЪЧυ 委屈ωΘθ,200,,100,-1,107203,
107210,1,再 φδ?δ 动手 ?Ч?ωαψ，大喊 μσε 巡逻兵帮忙！,200,,100,-1,107203,
106500-106699,,蘑菇法师,,,,,,
106501,1,(βΨρ?白色符文σЪοΦ?ζ出击！??)滚开 ΦΩ?ση? 虚空怪物Θ！,200,,100,-1,106501,攻击
106502,1,纯白 ΩγЭ 法术力??Ъ！快逃 ?δσ?ω 丑魔物～,200,,100,-1,106501,
106503,1,法杖 ЭЭφΦ 震颤 ЭЧΘυ 强力法术?Ψρ！受死！ξ,200,,100,-1,106501,
106504,1,帽檐 ?μЪЭΘψ 咒术 εβθΨ 直击目标?！,200,,100,-1,106501,
106505,1,ρζθ！符文 ΘΛε 爆发ο！躲不开 μΩ?μ 咒术,200,,100,-1,106501,
106506,1,我 μξρЧ? 法杖超强 υηΣΨ！魔法重击！ε,200,,100,-1,106501,
106507,1,蘑菇 γ?υΦλ?θ 魔力远程轰击α?ο,200,,100,-1,106501,
106508,1,符文 ?Φυ? 锁去路 σοξ 无处逃～,200,,100,-1,106501,
106509,1,高高 εσγλρЭ 击飞β！上天 Э?η 砸爆γ！,200,,100,-1,106509,飞行特技
106510,1,υδΦ！符文 λЭξο 狂风?！掀云层 γΨω 摔下ΦψΛ！,200,,100,-1,106509,
106511,1,专属 φμλ?Эβ 魔法 ΠΛδΩ 扔上天οη！,200,,100,-1,106509,
106512,1,法杖 ?δξ?βΠ 狂风 ωЪ??δσ 吹远μΘ,200,,100,-1,106509,
106513,1,法术 ΛρΨ 升空冲击 λσυΩφ 坠地重创Ω！,200,,100,-1,106509,
106514,1,浮空 Эυ?γρ 咒术 ΠЪΘΠ?σ 砸地面ρ?ψθ,200,,100,-1,106509,
106515,1,符文 υ?ΣΩξδ 击飞术 φρΩΠλЪ 飞高点,200,,100,-1,106509,
106516,1,狂风 μηρ 裹你 οη?Ω 落地受伤Ψξ！,200,,100,-1,106509,
106517,1,火球 ασЧ?ξЧ 覆盖敌群Πσ！轰然炸开ЪβΦ！,200,,100,-1,106517,火球特技
106518,1,γδ！巨型 οβζΛδδ 符文火球 ΦΨω?? 魔物全消ρ?！,200,,100,-1,106517,
106519,1,全 Θβ?Λξ 凑来 Ωεφγψ 尝大范围火球Π,200,,100,-1,106517,
106520,1,纯白 ΠψψβΩ 符文烈焰 γφθ?δΘ 击溃魔物潮Ъυ,200,,100,-1,106517,
106521,1,！?范围 Ω?ΩΩ 火焰咒术 ωβμφ 无处躲σΛ,200,,100,-1,106517,
106522,1,火光 ηΠ?φЪΠ 迸发 εΣ?φε 全在射程υ！,200,,100,-1,106517,
106523,1,火球 θμΛ? 空中膨胀 ?ηθ?ΠΨ 灼烧整片γΠΦ,200,,100,-1,106517,
106524,1,法杖 ΣμΛσσξ 火焰魔力 φζΣλΘ 对付群敌～ψΦ,200,,100,-1,106517,
106525,1,看好 ΠΩαωαψ 咯！全新 ?δλαθ 符文法术Чψ！,200,,100,-1,106525,表演开始
106526,1,每 ?θЧЪЭ 日钻研符文 Ω?Θγ，成最强～,200,,100,-1,106525,
106527,1,ομμ！展 βЭγσ 法杖全力 ζΩαμЪ 听咒文Ч?Ω！,200,,100,-1,106525,
106528,1,试 ω?ΨΛ 新法术 ΩΣЧε?Λρα 看特效,200,,100,-1,106525,
106529,1,??！符文 σ?ζ 展演 ?Σ??δ 绝不失误ο,200,,100,-1,106525,
106530,1,村 Σζφδ 民前练习 ?Ωμξ?，全 βηοЪε 看着我Θζ?！,200,,100,-1,106525,
106531,1,帽檐 Ωυωψω 绘符文 ?ζ?ψ? 魔法完美无瑕,200,,100,-1,106525,
106532,1,纯白 ΨΠρΠΛ 魔力展 φζψγ 好好欣赏！ζ,200,,100,-1,106525,
106533,1,看 ЧΛξφηΩ 见吗Ω？效果 Σ?ΦΨ 超完美！Эω！,200,,100,-1,106533,表演成功
106534,1,一切 λЧβΠΦμ 顺利γΠ！！为符文 σ?σ 自豪！,200,,100,-1,106533,
106535,1,魔法 ?Чγβ 特效棒 ΩοΘφσ 新符文好用ΩΨЭ！,200,,100,-1,106533,
106536,1,没人 θωΨΨθ 料效果惊艳 ηΛωΣ 魔法第一ε?Π！！,200,,100,-1,106533,
106537,1,λφρ！法术 α?ξηΦ 完美生效 μЧβξΛμ 师父定开心Φ,200,,100,-1,106533,
106538,1,村民 ?Θγλε 鼓掌 γΣЪΘ? 掌握新咒术γ！,200,,100,-1,106533,
106539,1,符文 αμωφο 排布严密 Λψψδ 太满意,200,,100,-1,106533,
106540,1,表演 ωξΦυΣЧ 零失误 ЪΛδ 新魔法成就,200,,100,-1,106533,
106541,1,魔法 ЪЧλζηΦ 彻底失控 υεη 师父失望,200,,100,-1,106541,表演失败
106542,1,αζЧ！符文 Σε?λε 全乱 θωΨ? 法杖不听使唤,200,,100,-1,106541,
106543,1,哎呀 λδΦφ凝胶云 ΨΨβЧ 本该华丽,200,,100,-1,106541,
106544,1,空中 Φεζσ?φ 符文溃散 ο?υЪ 场面尴尬?,200,,100,-1,106541,
106545,1,法术 εΣβψ 爆炸偏离 βΠγμ? 难为情,200,,100,-1,106541,
106546,1,魔力 φσψ 失控四散 ΨαμЧ 多加练习～,200,,100,-1,106541,
106547,1,魔力 ωυΣυλ 药剂失效 δΦЧΨυ 展演搞砸,200,,100,-1,106541,
106548,1,?ΣЧ！θγ符文 Π??ρ 排布错 ψΨμ 效果一塌糊涂～,200,,100,-1,106541,
106549,1,该 βЭΩσλ? 怎么做 αοΠλ 调符文纹路～,200,,100,-1,106549,工作
106550,1,全 Σψα? 材料备齐 ΦρδЪ 注纯白魔力！ωЧ,200,,100,-1,106549,
106551,1,εωδ！符文 ηΠευΘαЪω 匹配到位λα?Π？不能出错！,200,,100,-1,106549,
106552,1,工作 οψμα 台堆满素材 ΩυΨЭΣΦ 开造物咒术,200,,100,-1,106549,
106553,1,细 ЭЭΘΘ 磨符文 ζ?μЪ?γ 道具蕴力量,200,,100,-1,106549,
106554,1,检 Ψοζγ 魔力药剂 ЧοζΨζ? 开锻造～,200,,100,-1,106549,
106555,1,摆 ξδαυЭΛ 魔法晶石 ΦЭ? 道具基底,200,,100,-1,106549,
106556,1,测 Ψ?ΨεψΦ 符文强度 ΩαΣΘ 造强力法器?,200,,100,-1,106549,
106557,1,成功 γ?ρθβΨ 啦！μ道具 ?ΠΛΠЭ 藏强魔力ηωη,200,,100,-1,106557,工作成功
106558,1,满 ?ЭΘθ?Э 符文成品 σμωЭθ 太好看Λζ！,200,,100,-1,106557,
106559,1,全 φηΠ 符文契合 ξωλΛω 超棒成果λ！,200,,100,-1,106557,
106560,1,魔力 γΩ??υσ 锁道具 αΣσυ 运转无瑕,200,,100,-1,106557,
106561,1,造物 ΩЧγΣ 大功告成 ΘЪΘ?ξα 可送人ΘΘЧ！,200,,100,-1,106557,
106562,1,药剂 ?Эομφ 光芒璀璨 ?αЧ 道具直用～Ω,200,,100,-1,106557,
106563,1,符文 ??ε 完美交融 ΩΨοΩЧψ 超自豪,200,,100,-1,106557,
106564,1,全新 ЪЧδ 魔法器物 ΩοЧοΣλ 如预想Σ,200,,100,-1,106557,
106565,1,符文 σ?ηЧ 彻底崩解 ε?Π 排布失误Θζ,200,,100,-1,106565,工作失败
106566,1,材料 σζε?η?Ъ 全毁 ?Чψ 从头再来,200,,100,-1,106565,
106567,1,法杖 βη?Ωδ 没辅锻造 σγΠ?με 可惜ξψ！,200,,100,-1,106565,
106568,1,魔力 ΛЭΛ?? 工作台流失 γ?ηΦαΘ 道具损毁,200,,100,-1,106565,
106569,1,符文 ЧΨθ?δμ 绘制错 ??Ψ 做不出～,200,,100,-1,106565,
106570,1,素材 υωЪσ 全浪费 υαΠγ 重搜集材料,200,,100,-1,106565,
106571,1,药剂 γδΘ??β 中途失活 ζα?Σφο 锻造失败,200,,100,-1,106565,
106572,1,Э?Ч！符文 ЭΘδθЭ 无法相融 φλδ?υ? 道具碎～,200,,100,-1,106565,
106573,1,请收下(εζξЪЧЪ送你)(?ωρ朋友),200,,100,-1,106573,送礼
106574,1,收下 σψ??Ω 符文法器 οωΛΣ? 灌专属魔法 ωЪθΣγ 送你Π?！,200,,100,-1,106573,
106575,1,这件 θΦε 符文礼物！βθ抗 Э?Θβ?? 魔物?Ъ！,200,,100,-1,106573,
106576,1,专 δμΨβΨ 为你造物 φγζηωω 旅途护你周全,200,,100,-1,106573,
106577,1,拿 ηΣωωΠ 好 ΣρЪσ?σο 友谊信物,200,,100,-1,106573,
106578,1,朋友 Θρ??βδαρ 法器 φ?Π?ωρδ 亲手打造,200,,100,-1,106573,
106579,1,收下 λφα?φα 纯白符文力 σδЧ?Πο 赠你～,200,,100,-1,106573,
106580,1,造物 ΠΩ?ξηη 助战斗 ?ЭЪψЭλμ 收下ЪψΦΛ！,200,,100,-1,106573,
106581,1,田 ΘσωΛφ 荧菇泛光 γεδЧΛ 凝胶好,200,,100,-1,106581,待机
106582,1,符法 ζЪΨγ 练半晌 λαξαЧ 魔力耗快,200,,100,-1,106581,
106583,1,远 αΨΛ?? 少踏平原 Φβγψφ? 盼 ξЭΛφγ 新鲜食材ρ?！,200,,100,-1,106581,
106584,1,紫星 εοψЭЪδ 帽总被掀歪 εψυ 补防滑符文～,200,,100,-1,106581,
106585,1,法杖 σ?Ъ?ΦΘ 光球亮度不足 σΩΣρ 磨符文路β,200,,100,-1,106581,
106586,1,变形 δ?ЧΘ 伪符文差 ωΩθ? 多找同族练手ω,200,,100,-1,106581,
106587,1,村落 γ?Φ?γΨ 秩序族人 θφδ?ξ 国王打理 Ψρ?ΦЭ 心钻术,200,,100,-1,106581,
106588,1,我们 Πζ?εΛ 不懂烹煮 ΨЪΠξφω 唯高个 λ?ζΩγ 做汤～,200,,100,-1,106581,
106589,1,哇ЪЪλ！颜色 ξΦ??Ψ 全变 ΨηφЭ? 符文魔力大涨,200,,100,-1,106589,转换符能瓶颜色
106590,1,Ωξξ！药剂 ασθψΛΛ 发光 ΠδЧЪω 魔法获新特性ο！,200,,100,-1,106589,
106591,1,纯白 ΠυΣζγ 魔力换色 σσυ 法术威力大增Ъ！,200,,100,-1,106589,
106592,1,瓶 ?ξοβΣλ 光流转 θδαμ 魔力不停涨,200,,100,-1,106589,
106593,1,纯白 υφ?αψ 魔力换色调 η?φΦξ? 符文更强～,200,,100,-1,106589,
106594,1,绿紫 Φβσυ 光交替 ЪΨω 魔法形变,200,,100,-1,106589,
106595,1,药剂 ЧΦΛΩξ 跳异色 ?Θδβρθ 咒术更强Σ??,200,,100,-1,106589,
106596,1,瓶 φЧΘ? 魔力蜕变 βΣξφ 神奇景象,200,,100,-1,106589,
106597,1,成功 ?α?Π 击败它ΣЪЭ！虚空魔物 εЭζЧ?Π 消失 Λγθεφ 村庄安?Σ！,200,,100,-1,106597,脱战死亡
106598,1,我 ξΘ?ωοβ 法杖得胜 Λ?γ? 不敢再来Эξδ！,200,,100,-1,106597,
106599,1,ρφδβ?！γΛγ全 ??Θ 魔物肃清 ЧλЧ 为符文骄傲ο！,200,,100,-1,106597,
106600,1,邪恶 ωβЭ 散土地 Λ?Λ?θ 魔法护村庄,200,,100,-1,106597,
106601,1,危险 λ?Ч 解除 σθ?ζυΘ 村民安睡～,200,,100,-1,106597,
106602,1,纯白 ?ξλΦΠ 符文起效 ψμΨοψω 战斗大胜λΛλ,200,,100,-1,106597,
106603,1,魔物 ??Σδ?σ 倒法术下 ΘЧ?μ 威胁消失,200,,100,-1,106597,
106604,1,我们 θΨυθ 击退虚空怪 Ч?δβδ 安宁回村,200,,100,-1,106597,
106605,1,它 ?ΦЧ 逃太远 λαΘ? 法术够不到～,200,,100,-1,106605,脱战距离
106606,1,魔物 ?ρλΘ 超射程 ψφ?ΦΩφ 无法攻击Θφ！,200,,100,-1,106605,
106607,1,ξμΛψ！离 ?λα?λθξη 太远 ?ηΨЪΣЧμΣ 等靠近υЪΨ?,200,,100,-1,106605,
106608,1,符文 ηΣφΩη 射程不足 σαΦΛυγ 不放法术,200,,100,-1,106605,
106609,1,它 ΣΣδΨЭΦ 出法术区 Σβα?Ч 无计可施～,200,,100,-1,106605,
106610,1,目标 γμο 脱魔法域 φηξ 后追击μ,200,,100,-1,106605,
106611,1,法杖 ?εδφΘ 够不到 δβγΛοΣ 魔物逃远Ψδ,200,,100,-1,106605,
106612,1,魔力 θЧΩЧΨ 到不了 θμλ 等折返,200,,100,-1,106605,
106613,1,呜哇 ΛΣΦα 蘑菇帽痛 εμζσεΨ 防御法术失效?Ω,200,,100,-1,106613,被攻击
106614,1,魔物 σ?ωЭ 重击我 μλγδωγ 符文魔力衰弱,200,,100,-1,106613,
106615,1,βξδΛ！身 α?φ 受伤 μ?Φη 快恢复纯白魔力,200,,100,-1,106613,
106616,1,被 γЭγηφ 虚空怪打 Φε?Σ?γ 护盾失效,200,,100,-1,106613,
106617,1,法杖 οωη?γ 魔力受创 Чε? 需休息～,200,,100,-1,106613,
106618,1,打 ψσΛΣ 帽子 ΨωγλΛ 防御魔法无效η?μ,200,,100,-1,106613,
106619,1,ωξμ！战后 Ъυ?ο 虚弱 ζωΩγωθ 要魔力药剂补,200,,100,-1,106613,
106620,1,魔物 αεΘ 攻击痛 ζε?οΘδ 魔力慢恢复,200,,100,-1,106613,
106621,1,我 μ?ΣΠγγΩЧ 跟你 λββΠΦ? 看新奇地方,200,,100,-1,106621,跟玩家
106622,1,你 φξσθγ 去哪Φ？见证 λ?η 所有冒险ζδ！,200,,100,-1,106621,
106623,1,Σεθ！伙伴！ЪΛο一起 δΘγφσΩЭ 打魔物,200,,100,-1,106621,
106624,1,旅途 Ъηηψ?Θ 不离你 ?ЭσΣ 魔法帮你,200,,100,-1,106621,
106625,1,寸步 λξ? 不离 φ?ζ?ξ 看村落角落～?γΛ,200,,100,-1,106621,
106626,1,旅途 ΛΣΣ 同行 ΛЪξ 走遍整片区域,200,,100,-1,106621,
106627,1,φ！无论 Ωωθ 去哪 ηδЪδ 紧随 μ?ωυ 法杖护你ξΘ?,200,,100,-1,106621,
106628,1,不 ?αλψ 留你孤身 ηΨζρΘ 看冒险ρδΛξ,200,,100,-1,106621,
106629,1,我 ηΨЭ 立刻帮你?！符文 ΩЧ?ΨЭθ 加攻击Ωθη,200,,100,-1,106629,帮助主人
106630,1,法杖 ?θξЭ 启动 δΠΣξ 一同驱魔物υ?！,200,,100,-1,106629,
106631,1,σΠη?！全 ξ?γ 魔法借你 ЭЪΦЧψη 不用独战,200,,100,-1,106629,
106632,1,为 ξψυΘλσ 伙伴符文支援 ΩδΨξλ 朝魔物施法?ω,200,,100,-1,106629,
106633,1,我 ??ЭβρЭ 魔力护你 εЧφβ 共解危机～ωδξ,200,,100,-1,106629,
106634,1,纯白 θΨβρ 符文予你 ΠδψΛ 每场战相助Σ,200,,100,-1,106629,
106635,1,ΦΩψЪ！ωΛ为 ΦμΘ 你放火球 θαε 胜虚空怪,200,,100,-1,106629,
106636,1,我 λΩζαΘЭ 魔法助阵 βζυλ? 别硬扛朋友,200,,100,-1,106629,
106637,1,万分 ?ψΣЪ 感谢 φЧεφο 苦战相助朋友～?,200,,100,-1,106637,感谢玩家
106638,1,无 ΛΠψ 你撑不住ε?,200,,100,-1,106637,
106639,1,βΠ！由衷 ΦβξσЧ 感激 Ψθυζ?Ъ 共护村庄σα,200,,100,-1,106637,
106640,1,我 ЭΣΣΘψ 独自 αψυΩ 应对不了～ξ,200,,100,-1,106637,
106641,1,感谢 ωЪΨη? 并肩 ε?ωυ 魔法为你所用～,200,,100,-1,106637,
106642,1,无 ζυσ? 你村危难 ΦΣφ 满心感激εμ?,200,,100,-1,106637,
106643,1,ΦΨζβ！多 η??? 谢出手相助Ωξ?,200,,100,-1,106637,
106644,1,谢 σευΩ 驱虚空魔物 ΩψΛ 最好伙伴,200,,100,-1,106637,
106645,1,嘿嘿～μΦΦ 没认出ω?？刚 γηθψΘ 是我φΦζ！,200,,100,-1,106645,变身吓玩家
106646,1,吓 ησЪ 一跳γ！￥??δ 变身符文好用 σΛ?σЭ 逗你～φη,200,,100,-1,106645,
106647,1,完 ηω? 全没察觉 ?ψηβ 藏超隐蔽！α,200,,100,-1,106645,
106648,1,刚 φδЭα 搭话 ΘΠμω 转眼变回我啦～θφβ！！,200,,100,-1,106645,
106649,1,魔法￥伪装术μΨω！看 θοΠ 受惊样?υ！有趣αλ?,200,,100,-1,106645,
106650,1,悄悄 οζΨ?? 变 ω?δηγ 靠近 λγε?? 现身吓你ξЪψ！！,200,,100,-1,106645,
106651,1,我 βΩΣμ 符文 Φ?ΨΣυΠ 随意变形 ΠξΦ?ρ? 逮住惊！δρη吓到吧,200,,100,-1,106645,
106652,1,想不 γΣβ 到 ηηβΘ? 我假扮?Θμ？恶作剧成功～αЪ,200,,100,-1,106645,
106653,1,你 Ωυψσ 身形高大 Ψ?ρΩ?? 发丝无帽 Πβο 稳浮空ΨλΣ！,200,,100,-1,106653,玩家漂浮
106654,1,浮空 ?υωφρΘ 文裹周身 σδθ 离地托举,200,,100,-1,106653,
106655,1,少 ΩσλγΛΨ 见特别旅人 ΛξδЭ 浮空样新奇ο！,200,,100,-1,106653,
106656,1,浮空 φβЧΛ 铺开 φλΠβΩβ 半空视野开阔,200,,100,-1,106656,村民漂浮
106657,1,符文 ?μβ 托同族 ?φλΩ 舒展身形,200,,100,-1,106656,
106658,1,浮空 εΩ? 咒全员轻松 ΘЭ?ξ 闲暇玩乐οσ！,200,,100,-1,106656,
106659,1,每 ΘηЭσωσ 午后村盛大演 ?Чμ?γ 手吹符文笛 ψ?ο? 舞者舞步σοЭ,200,,100,-1,106659,闲聊玩家
106660,1,像 ?οφεοη 你高大客少见 φΨЭ? 有空观赏,200,,100,-1,106659,
106661,1,我 ψ?σ 爱看舞者演 ψζψΛεΩ 练浮空添趣味ΨЭΠ！,200,,100,-1,106659,
106662,1,远行 ΣξραΩφ 偶带 λωψ 更惦凝胶～μΠ?,200,,100,-1,106659,
106663,1,村 ρη?Π 无烹煮法 εЧ?λ 靠你采荧菇,200,,100,-1,106659,
106664,1,国王 Θθφυ?Э 白符文育同族 Ωαρ?βθ 法术展演我筹办,200,,100,-1,106659,
106665,1,你 αΦΣ?λμ 顶无天然菌帽(?σσ风吹发丝不乱),200,,100,-1,106659,
106666,1,手 Ъυβγλ? 魔法曲调 αηεξ 配符文更彩ψ！,200,,100,-1,106659,
106667,1,我 γφο?ε 化村民 σ?Φξ?ψ 闲 βλσ? 讨荧菇暖汤,200,,100,-1,106659,
106668,1,只要 ζ??ΩΦ?λ 虚空魔物不扰边,200,,100,-1,106659,
106669,1,村落 ЪΠρβ? 日常安稳延续Σφβ！,200,,100,-1,106659,
106670,1,不少 Πω?βγ 同族学跳舞 ολεθ?Ψ 围舞者请教～φΩ?,200,,100,-1,106659,
106671,1,愿 ?ΘΦ 为我烹凝胶 δ?α 多层魔增益,200,,100,-1,106659,
106672,1,两腿兽αΨЪ！外 ??Φβ 访客少入平原 ??Σ 遇你难得?ωζ,200,,100,-1,106659,
106673,1,我 Λφ?ΣΘη 浮空辅舞者腾跳(Чθη同族爱)Φ,200,,100,-1,106659,
106674,1,光 ηυΠβ 笛声不热闹 ζεθσЧη 偶登法术添氛围～φθ,200,,100,-1,106659,
106675,1,若 ζЧΨ?εω 富余荧菇 λγεβΛη 烦你熬热汤,200,,100,-1,106659,
106676,1,买大￥荧菇孢子干 φη?ψΨξ 熬魔力恢 βξφ?μξ 凝胶οδ,200,,100,-1,106676,购买
106677,1,高阶 δψЧΩΩ 符文刻粉 ЧΩε 磨法杖纹路?δ,200,,100,-1,106676,
106678,1,变形 ?Πα 伪装剂原料 σα?λ?? 恶作剧用,200,,100,-1,106676,
106679,1,凝胶 ψω?γΦ 带回￥φγ？有？οσΘυ,200,,100,-1,106676,
106680,1,发光 ΠЧ? 矿石 ρυημ 嵌法杖提法术亮度！δευ,200,,100,-1,106676,
106681,1,夜 γθ?ερ 篝暖乎乎 ΣΠΣσ 唠魔小事～,200,,100,-1,106681,玩家聚会对话
106682,1,白 α?Φ?ΨЧ 彩排法术 γλβγΛ? 晚卸法杖歇,200,,100,-1,106681,
106683,1,多 Λγγζ 谢熬荧菇汤 Θθσδ 补空乏魔力?,200,,100,-1,106681,
106684,1,火光 δЧε? 简易微光文 Λαλ? 夜路照亮,200,,100,-1,106681,
106685,1,午后 ερЪυ 浮空特效 ΩΠΣ? 搭琴声调试,200,,100,-1,106681,
106686,1,商人 οΩΨ?ω 外来矿石 Θφσυ? 嵌法杖更亮,200,,100,-1,106681,
106687,1,里 ω?ω?ЭΘ 荧菇田整片发光 Ч?δЪο 带你观赏Σσε,200,,100,-1,106681,
106688,1,上 Эελ 施法炸孢子云 ζραυφ 大家温柔安慰,200,,100,-1,106681,
106689,1,我 ?ε?γ 纯符文帮国王育同族 ?ЭγδξΘ 琐事不插手,200,,100,-1,106681,
106690,1,你 ξβ?Ъψ 高大 ?ΘЭΨ?Ч 举法杖施法好看,200,,100,-1,106681,
106691,1,深 οΛλθ? 无魔物 Ψφ? 夜不用紧绷戒备,200,,100,-1,106681,
106692,1,想学 Π??ζψ? 变形小法术 γΦ?Ψ?? 足量汤教你η,200,,100,-1,106681,
106693,1,舞 ρζβЧοα 转圈放浮空咒 ηβΠ 舞步轻盈?,200,,100,-1,106681,
106694,1,村落 βυμΩ 每日歌舞 ζυε 我搭法术舞,200,,100,-1,106681,
106695,1,夜 λθ?? 温柔 ΩΦΛΣ 篝火聊天 ЭЪΣσ 舒心θ！,200,,100,-1,106681,
106700-106899,,蘑菇战士,,,,,,
106701,1,威胁 ΠЭ?ΩЪ 消除 οθ?υλ 村落安 ΩΩεψΨΛ 全，Ъθ巡逻～,200,,100,-1,106701,脱战死亡（战斗目标死亡）3行
106702,1,魔 μψΨζΦ? 倒下 Эγφ? 不用戒备 ΦΦζ 归位站岗,200,,100,-1,106701,
106703,1,虚空 Ψ??Φ 怪物清除 ρζ?βΠ? 村暂无险！Π,200,,100,-1,106701,
106704,1,魔物 ΘΩυЪ 逃太远 μΦψ 超警戒 Φοδ 值守～,200,,100,-1,106704,脱战距离（目标太远）3行
106705,1,追 βδθε 不上标 ?ησ?Λ 守村口 θαΨω 防折返οΨЭ,200,,100,-1,106704,
106706,1,敌人 ΠψЭγΨο 脱视野 σΣЭ?Θρ 巡路待命?υ,200,,100,-1,106704,
106707,1,好 ЭΩΨ 痛！?δ举盾 ρЭ?θβξ 护村民！εЪυ,200,,100,-1,106707,被攻击 5行
106708,1,遭 οδμμδЧ 偷袭 βρωδ 长矛反击 μ?ω 不退,200,,100,-1,106707,
106709,1,护 δλευ 被击中 ρΛεΘ? 受伤守村子Чρ?,200,,100,-1,106707,
106710,1,稳 ?ζγ 身形 ΣΛωφ? 盾挡攻击 σΣЧ 反击～,200,,100,-1,106707,
106711,1,不 ЧεΣ 能倒下 ζЪЪη 身后全同族υω?,200,,100,-1,106707,
106712,1,主人 ЪЧψφ?ε 哪 ωΛ? 跟到哪 ωεμμ 长矛待命～ξΣΛ,200,,100,-1,106712,跟玩家（玩家驯服后）8行
106713,1,寸步 ?δ?ΣЧμ 不离 Ψμσββ? 危险挡身前,200,,100,-1,106712,
106714,1,走 ?Ωδ?Ъδ 慢点 ЪλЭψΣδ 别落小兵ηυβρ！,200,,100,-1,106712,
106715,1,方 αμΣμθ 有动静 ЭεΘΣ?η 先探路再进～?ξλ,200,,100,-1,106712,
106716,1,你 ηЭΠΩρΩ 安心走 οφμΨγΨΨσ 魔物我拦,200,,100,-1,106712,
106717,1,不 υΠ?Ъ 管去哪 ΩωΘσ 盾护你周全σ?,200,,100,-1,106712,
106718,1,主人 δЧΠЪ?ο 遇险\(Ψυθ举矛冲锋\)Ч,200,,100,-1,106712,
106719,1,累 ξΨ?Π 可歇息 ЭψΩ?Ъ 我旁警戒～,200,,100,-1,106712,
106720,1,主人 ?ψδЪξ? 勿慌 ωμεΨ 长矛援 μδμΦ? 牵制魔物～Ψ,200,,100,-1,106720,帮助主人 8行
106721,1,举 ηβЧ 盾抗伤 θΠρβδζ 放心放法术,200,,100,-1,106720,
106722,1,围攻 ?ξγΛμ 交我 Ъξεο 盾挡全攻势σ！,200,,100,-1,106720,
106723,1,瞄 μ?? 怪物弱点 ?ΩθЧυφ 长矛击要害～ΣΛ,200,,100,-1,106720,
106724,1,有 οΘμφ?υυσ 我在侧 ζ?φηλ? 不伤你υΘ?ρ,200,,100,-1,106720,
106725,1,联手 δΣε 击退 οδθ 前后夹击魔物,200,,100,-1,106720,
106726,1,怪物 Σ?ψ 近主人\(?ЭΨ挺身拦\)ο?ο,200,,100,-1,106720,
106727,1,分 α?Σ 攻击压力 φΨΣυλ 扛全伤～φ,200,,100,-1,106720,
106728,1,警戒Θ！魔物 οοεγЧ 靠近 ργ?Ωα 全员备战～,200,,100,-1,106728,附近有怪物 8行
106729,1,嗅 ξγξυΠΠ 虚空气息 ξα?ΘψЪ 握矛木盾,200,,100,-1,106728,
106730,1,暗 βΛη?ο 处有怪 Πδ? 通知守卫！,200,,100,-1,106728,
106731,1,封 αδγ?? 村落入口 γΨσ?βΦ 魔物不入村～,200,,100,-1,106728,
106732,1,全员 ωυΩοζ 戒备 υγΠ 护村民,200,,100,-1,106728,
106733,1,怪物 ΨδΣ?ηγ 藏周边 λλ?Ω?φ 防侧翼μΨΠ偷袭Θρ?,200,,100,-1,106728,
106734,1,巡逻 Φψβο 队集\(?Ψφ驱魔物\)δ,200,,100,-1,106728,
106735,1,守 υρЭ? 防线 ηφηЧθ 敌不进村一步～,200,,100,-1,106728,
106736,1,多 βμγΘζЪ 谢相助 ΦμΨΠη 村保全 ΘεЪ 感激～,200,,100,-1,106736,感谢玩家 8行
106737,1,多 Λλ?δρ? 亏有你 λψΛγ 击虚空魔物,200,,100,-1,106736,
106738,1,无 ЪΩσθ?? 你支援 ЭζΠΩηβω 村危难ρ！,200,,100,-1,106736,
106739,1,全 λΠωοΨ 守卫致谢 ηεξφ 村恩人～,200,,100,-1,106736,
106740,1,感谢 ΠΛωΣμμ 护民 βλΛφЧΦ 巡逻队记恩λοζ,200,,100,-1,106736,
106741,1,帮 Ψ?ξφΠΦ 扫威胁 ?γοΩθ 日后护你周全,200,,100,-1,106736,
106742,1,村 ΨΘЭω 安然\(ψθΛ?恩情不忘\),200,,100,-1,106736,
106743,1,小 ορ?Π 小心意奉上 Ω?φφ 永远欢迎～,200,,100,-1,106736,
106744,1,村民 ЪΠΠαЧ 快后撤 υζЭ 我挡魔 ΛΦα?μα 别近前线～,200,,100,-1,106744,战斗保护村民 8行
106745,1,盾 φω?μΘ 护平民 ωΛθη 矛制敌,200,,100,-1,106744,
106746,1,绝不 Эοξυγ 许魔物 ?βωαξ 伤弱小！Λ,200,,100,-1,106744,
106747,1,全 ?Ψ?? 躲房屋 ΛρυΣθ 守卫守村口～η??,200,,100,-1,106744,
106748,1,优 ?ζμβ 护幼蘑 Ψδωψ? 负伤不退Π?,200,,100,-1,106744,
106749,1,引 ΩЧΨ?γ 怪物向我 ?θ?λΨΨ?? 离居所,200,,100,-1,106744,
106750,1,身后 ΦЪЭ 全族人\(υΘβ筑护盾\)?ω?,200,,100,-1,106744,
106751,1,拼 ?γЧ? 全力守护 ?οσαψΦ 村民无伤～,200,,100,-1,106744,
106752,1,换 εωЪ 班歇脚 ηοσηЧЭ 赶午演 ?Ψυ? 听曲子,200,,100,-1,106752,士兵相互闲聊 8行
106753,1,后山 Λσξβ 厚菌菇 οΩЭΦε 盼 ΘβЭψυ 制凝胶φω,200,,100,-1,106752,
106754,1,我 μζΠ?Π 责采菌菇 γΨαΨο 无人会熟食?φ！,200,,100,-1,106752,
106755,1,舞者 ΩΘλ 转步灵动 ΩρΨβλ 训练仿几下λ,200,,100,-1,106752,
106756,1,外来 ?Чα 访客少 ?ЭροΩ 难遇烹菇旅人Ωφ,200,,100,-1,106752,
106757,1,我 ρξλ 职责护同族 ο?λ 乐手舞者,200,,100,-1,106752,
106758,1,矛 ЧΛζησ 操练浑身 φЪΣ 盼凝胶补体力γδ,200,,100,-1,106752,
106759,1,乐手 Ъ?Ψθ 笛声缓 ?βεΠЭ? 休时静心听～,200,,100,-1,106752,
106760,1,巡逻 ??βΦη 间隙 αλΣεЭλ 比矛技法 λλΨЭΦμ 切磋～,200,,100,-1,106760,练武（邀请其他士兵练武）3行
106761,1,练 Чψ?? 攻防 ?λΩ 升守卫战力ωψε,200,,100,-1,106760,
106762,1,同 οωη?υ 练招 ?υΨ?σ 强守村实力Θσ！,200,,100,-1,106760,
106763,1,两腿兽αΨЪ！ΦΘωαοψ 访客 ΣηφεμΣ 蘑菇村 ΣΦ?δβ 欢迎～,200,,100,-1,106763,见到玩家10行
106764,1,两腿兽αΨЪ，来自 ργσσδЭ 远方ξΩ？进村 ΦЧζφφβ 随便逛?φ,200,,100,-1,106763,
106765,1,身 εθξθЪ 无恶意 εξЧφΘ 准许村内走δμφ！,200,,100,-1,106763,
106766,1,若 ЪευΛφ? 遇魔物 ЧοΩυ 我护你安全～,200,,100,-1,106763,
106767,1,有 σΘμζε 求尽管说 ЪδμεβΛ 守卫相助,200,,100,-1,106763,
106768,1,两腿兽αΨЪ勿 ?Θ?η 惊村民 Ψμ?Ψλζλ 孩童胆小,200,,100,-1,106763,
106769,1,村 Θα?β 做啥α？赶路 λ?ωЪЭλЧ? 做客,200,,100,-1,106763,
106770,1,遇 υξη?γ 危险呼喊 σ?ηη?Ω 巡逻兵速到～φ?Ψ,200,,100,-1,106763,
106771,1,看 Σφυωξ 装备精良 γοαη 擅抗魔物,200,,100,-1,106763,
106772,1,安心 δαΘΩλ 停留 ξφξυ 守卫轮警戒μφλ！,200,,100,-1,106763,
106773,1,来访 γЪησΦ 客到菌村 Θοοξζ 少见高大来客,200,,100,-1,106763,
106774,1,你 Ωμλοψ 顶长发 Θωα?σ 无天然菌帽 βΠμΩ 特别,200,,100,-1,106763,
106775,1,午后 ЭεΨ 舞公演 ?Ποη? 无事 γαЧμ? 看表演γ?μ！,200,,100,-1,106763,
106776,1,我 ωφ?? 整日持矛值守 ξθΦЭψ? 盼厚凝胶～,200,,100,-1,106763,
106777,1,村内 Σσ?? 无烹技 ?γβ 唯你有凝胶,200,,100,-1,106763,
106778,1,平日 η?ηαδ 警戒魔物 Σ?Φυ 今日待远道你,200,,100,-1,106763,
106779,1,你 Θγα 身形大\(οξωλψα抗魔物可靠\)??ο,200,,100,-1,106763,
106780,1,乐手 ΩρΠ 舞者午后演 ??βΦ? 同族围观～,200,,100,-1,106763,
106781,1, λθ凝胶ω只有ΩΘ? 商人带 Θφα 合胃口Ψ,200,,100,-1,106763,
106782,1,若 Λβ? 愿烹凝胶赠我 ?ωοθα 魔物来袭挡你身前Σα?！,200,,100,-1,106763,
106783,1,暂 ξΣγΩγ 放矛 ρβΘЪΛδΘ 等歌舞开场,200,,100,-1,106783,待机
106784,1,满 ΩΩΦ? 凝胶香气 ?Σλ?Π 不懂料理Ъψλ,200,,100,-1,106783,
106785,1,远 ?εΨ 传乐手笛声 ζη???? 舞者热身Σ！,200,,100,-1,106783,
106786,1,金属 λσΘωЭЪ 矛厚重 ЪλθЭ 慕舞者轻便?,200,,100,-1,106783,
106787,1,今 ζΣρΠ 魔物无出没 ЧβΠЪ?ο 完整休息,200,,100,-1,106783,
106788,1,盼 λδθΠΨαε 高个旅人 δσψζЧψ 煎凝胶,200,,100,-1,106783,
106789,1,呆菇 ρξ?αμω 国王催生\(Ψωγρδ?巡逻避让\),200,,100,-1,106783,
106790,1,听完 εω?ομ? 乐 ζΦθη 后山采菇 ΣΩψ?δε 等旅人烹,200,,100,-1,106783,
106791,1,面条 ЭξΦ 稀缺 μβψΣЪ 一年尝数次δ,200,,100,-1,106783,
106792,1,舞者 Ωββμ 腾空姿 ?ηΨЧЪρ 法师浮空好看μ！,200,,100,-1,106783,
106793,1,加固 οΣρδηφ 盾木板 ζЧЧΩηЭ 巡逻牢靠,200,,100,-1,106793,购买
106794,1,打磨 ζΨσηζγΛ 矛矿石 ΨφΩοЪΛσ 修装备μΘ,200,,100,-1,106793,
106795,1,耐磨 ЪΣЭφЭ 粗布护腕 ΩσЭηβ 练矛不伤?γ！,200,,100,-1,106793,
106796,1,有 ??θη? 面条?ΣΛρ？久 ??ερΣξφω 没吃θ！,200,,100,-1,106793,
106797,1,买 Λ??γ 防锈符文膏 ΠΩЧΠ 涂头盔矛保养βψ,200,,100,-1,106793,
106798,1,夜 Που 换班篝火旁 αΛ?δΘΛ 不用盯村边～,200,,100,-1,106798,玩家聚会对话
106799,1,整 ξφ?ЭЪ 天持矛巡 γψσσφ 吃饱凝胶回力,200,,100,-1,106798,
106800,1,深 ζμξψ 夜魔物近 ЧξοΨ 举盾护大家,200,,100,-1,106798,
106801,1,白 ΠΩΛЭοη 值守没空聊 Λο? 晚讲驱魔物事,200,,100,-1,106798,
106802,1,商人 ηωλ 换采菌篮 ρΦ?ηυ 后山凝胶,200,,100,-1,106798,
106803,1,看 ?μραρΣ 舞者篝火起舞 ζρψηΣη 疲惫消Λ,200,,100,-1,106798,
106804,1,村 ψξΛΘ 无幼蘑 σЭθηλε 护同族乐手舞者ω,200,,100,-1,106798,
106805,1,你 ΘΠ? 高大 εηΣ 抗魔物能帮忙οαψ,200,,100,-1,106798,
106806,1,练 ξηεω?ω 完午舞 Φφαγο 士兵最盼ηξζ,200,,100,-1,106798,
106807,1,ЪυμЭσ  σδΣ? 凝胶合胃口,200,,100,-1,106798,
106808,1,篝火 α?Θ 亮村口 αρζο 魔物不敢近φ?,200,,100,-1,106798,
106809,1,下 μφΩξ 魔物突袭 Ψο?γυЧ 站最前护众人?ωΛ,200,,100,-1,106798,
106810,1,乐手 ΩЧψ 弹舒曲 ρΛλσΘ 士兵放矛静听?Λ,200,,100,-1,106798,
106811,1,岗 Λ?σφ 间采菇 ЧξΨ?δα 存等你煎凝胶,200,,100,-1,106798,
106812,1,今 ?μΠ 夜无事 φ?φ 围坐闲聊 οΣω 清闲ζα！,200,,100,-1,106798,
106900-107099,,蘑菇乐手,,,,,,
106901,1,危险 ?μξ 消失！?σβ安心 Чφσ 弹琴咯～,200,,100,-1,106901,脱战死亡（战斗目标死亡）3行
106902,1,魔物 Λωε 肃清 ΩΛλЪ 空气软软！,200,,100,-1,106901,
106903,1,不用 ΛγΛ?Θ 慌张跑 ?ΨΘЧε??μ 练曲子,200,,100,-1,106901,
106904,1,人 ?Ω?εξ 跑太远 ?ξω?ο? 不紧绷神经！,200,,100,-1,106904,脱战距离（目标太远）3行
106905,1,威胁 αεαΘ 离区域 ξαλμο 放松就好～,200,,100,-1,106904,
106906,1,见 ωζφΘΣφ 怪物走 ?θΣ 安稳弹琴休息,200,,100,-1,106904,
106907,1,呜！突 ηЧσ 被偷袭 εοЪ? ！,200,,100,-1,106907,被攻击（被打会反击）5行
106908,1,我 ?αΨρЭσ 只弹琴 ΦЭ?不打架ΘυΘ！,200,,100,-1,106907,
106909,1,战士ЧΨδΣε 救救?ψφ我！,200,,100,-1,106907,
106910,1,好 ?εη?ψΨ 痛！λσδω～,200,,100,-1,106907,
106911,1,我的φΛγ琴Πηξω！ΩΨΩΦ安全,200,,100,-1,106907,
106912,1,魔物 ЭΨροΛ 靠近！可怕 βθυη? 躲开υξφ！,200,,100,-1,106912,附近有怪物 (会逃跑）4行
106913,1,危险 θβλ?δ 来 ЧβΠο 先跑自保～,200,,100,-1,106912,
106914,1,怪 ?λΨσω 息吓人 φЭΦЭЪЪΛα 不敢停留,200,,100,-1,106912,
106915,1,先 σЭμ 躲开！危险过再弹琴！,200,,100,-1,106912,
106916,1,多 σΠμ?ρμρ 谢保护 Эο?ΛσθΦξ 超感谢！,200,,100,-1,106916,感谢玩家 4行
106917,1,多 ΩζЧ 亏有你 Ωβθ? 安心弹奏～μ,200,,100,-1,106916,
106918,1,有 ζ?θ 你身旁 ρη??Э?η 不怕魔物,200,,100,-1,106916,
106919,1,弹 ?υωΨη 最好听曲 ψψΣЧμγ 谢礼物！,200,,100,-1,106916,
106920,1,?ξ? 演出开 Ъφε 备好琴咯～,200,,100,-1,106920,表演（表演之前说的话） 10行
106921,1,好 ζΣЧ 琴弦 ρσωЭψ 弹温柔旋律！ο,200,,100,-1,106920,
106922,1,舞者 ?ηЧββ 就位 ξΣΠ 乐曲跟节奏,200,,100,-1,106920,
106923,1,风 δεβ 轻 ΣηωΛ 适合治愈曲子！,200,,100,-1,106920,
106924,1,村 ΠθЪΩ 大家期待 ΣΠζ 好好弹！,200,,100,-1,106920,
106925,1,音符 οΦΠσσ 轻飘 ψωσ?? 治愈同族Λ,200,,100,-1,106920,
106926,1,不 ΣσΛψ 管有无舞者 ЧλΩδ 琴温村落,200,,100,-1,106920,
106927,1,准 βЧΣΦ 备好？演奏马上启！,200,,100,-1,106920,
106928,1,温柔 ψγωη 旋律 αη?ζ?? 伴今天～,200,,100,-1,106920,
106929,1,盼 ζθφЭη 曲子 ?ζΠ 全员开心,200,,100,-1,106920,
106930,1,辛苦 ηЭρηβ 护村 ω?α 听曲休息～,200,,100,-1,106930,士兵表演（有时候会跑到士兵面前表演，说一些什么”幸苦啦！”类似的话） 5行
106931,1,巡逻 αΦψЧρ 站岗累 Эγξ 琴声舒心！,200,,100,-1,106930,
106932,1,勇敢 ψηυρεο 士兵辛苦 ЪΘζЭ 弹旋律,200,,100,-1,106930,
106933,1,慢 ??σΦαξ 休 ββα 为你演奏！,200,,100,-1,106930,
106934,1,有 βα?δ 你们守护 ΛαΣΘ 安心弹琴！λ?ρ,200,,100,-1,106930,
106935,1,哇！你 γЧσθΣ 乐器特 ЪηΣ 外面世界λβ？,200,,100,-1,106935,玩家有乐器（看到玩家手中拿了外地带来的乐器） 3行
106936,1,从 εγΨЪβ 没见音色 λψΘЧ? 好听！βφ,200,,100,-1,106935,
106937,1,可 αβθ?ΘЧ 弹一段？ΣΣ好想听,200,,100,-1,106935,
106938,1,今 ?δθЭγβ 琴手感软 ωΨΣδρ 适合练～,200,,100,-1,106938,休闲（自言自语）10行
106939,1,风 ε?ξ?υα 吹菌 η???εψβψ 配轻柔旋律,200,,100,-1,106938,
106940,1,慢 ζЧμσηЪο 练琴 ξλυφβΩ 午后温柔,200,,100,-1,106938,
106941,1,不 βΦЪβδΩ 知今弹出好听调子ΣΠθλ？,200,,100,-1,106938,
106942,1,安静 ЧЧΠμ?υψ 村落 ЭΣλοδΛ? 静静弹琴,200,,100,-1,106938,
106943,1,音符 λαζζρΛ?Θ 飘风 μσρρ?Θ 全村温柔,200,,100,-1,106938,
106944,1,不 ЧЪЧ 紧张 ?ψ?ΦЪγЧ? 享弹琴时光εδ,200,,100,-1,106938,
106945,1,舞者 Эφ?? 跳时 εα?οσΩ 琴声更好听,200,,100,-1,106938,
106946,1,盼 ??φζ 每日弹琴 μЭυ?μ 快乐生活,200,,100,-1,106938,
106947,1,柔 ЭЭβΦ?Ω 旋律 ζΨΠο 温柔村落,200,,100,-1,106938,
106948,1,哇！少见 μψδ 外来旅人 ΩρσΣ? 来菌村！,200,,100,-1,106948,遇到玩家（更玩家说的话）15行
106949,1,你 ΘΘ? 模样特 ΦΦΩα 无帽好看～,200,,100,-1,106948,
106950,1,村 ηραΩεω 少来客 οЪ?ωΦ 开心遇见,200,,100,-1,106948,
106951,1,后 ?οβ 好听乐曲 γσηЭ 留下来听！,200,,100,-1,106948,
106952,1,两腿兽αΨЪ！弹 ψθδψλЭ?θ 多温柔曲 ζΘΣ 弹给你ΘΣη,200,,100,-1,106948,
106953,1,两腿兽αΨЪ，你 ЭρΘσ 走外界 Эθψ 见多景?？,200,,100,-1,106948,
106954,1,村 ηγ?Πσ 人友善 Θδοω?ο 放心停留,200,,100,-1,106948,
106955,1,累 ξ?γЪδα 坐 φЭΛσξψγ 听琴休息δφ?η,200,,100,-1,106948,
106956,1,多 ψδЪυ?ω 谢来平原小村,200,,100,-1,106948,
106957,1,盼 ЧθΩηγΘλ 旋律 ξΨΠβ?σЧυ 让你温暖Θδ,200,,100,-1,106948,
106958,1,听说 ΣηΦЭ 外ψφΨβ乐器ЭΛσξψ……笛子？υЧοЪ想λΠ 看看,200,,100,-1,106948,
106959,1,大 Θωμ?γΠ? 温柔你 λζЧЧ 安心,200,,100,-1,106948,
106960,1,喜欢 ΨЪζφ?? 凝胶ЧοψЭЪ听说ψφΨβЭ笛子δφ?ηЭ？,200,,100,-1,106948,
106961,1,我 γδΘΛθЧ 力练琴 αζρ 弹更好曲子给你,200,,100,-1,106948,
106962,1,愿 ω?υβ 温柔旋律 υЧοЪλΠ 伴你！,200,,100,-1,106948,
106963,1,要 Σξ? 特制木琴 ??μγο 音色柔好听,200,,100,-1,106963,购买
106964,1,换 ΘΨβζ 发光符粉 αΣρθ 演出烘托氛围,200,,100,-1,106963,
106965,1,耐磨 ΣσξργΣ 树皮带 λλ??ρ 稳乐器Θ?！,200,,100,-1,106963,
106966,1,带￥外来 θξσγγσΘγ 好吃！吗？？,200,,100,-1,106963,
106967,1,多 σρ?Λο 换调音碎石 θδΨ 校准音！,200,,100,-1,106963,
106968,1,夜 γΦδ??λ 篝火配琴声 ΘЭΛλθο 弹缓调～,200,,100,-1,106968,玩家聚会对话
106969,1,白 ρξΛασ 彩排公演 βυυλυβ 晚弹小调,200,,100,-1,106968,
106970,1,你 ββΨοΦ 外来乐器音色特 βΠμη 弹一段Λξθ？,200,,100,-1,106968,
106971,1,魔物 ΩωλЭ? 怕火光 ЭЪψЧ 篝火弹不用逃,200,,100,-1,106968,
106972,1,商人 ωαξ?Ч 新琴弦 ροδρ 琴声更柔,200,,100,-1,106968,
106973,1,舞会 ?ωρΩ? 随琴声晃 λΘΘΩυ 火光好看,200,,100,-1,106968,
106974,1,不 δσ?λ 擅抗怪 ψΨη?Πσ 村靠士兵守护,200,,100,-1,106968,
106975,1,若 ?ψ?Ъγ 闷 ωδΩηυ 弹曲陪你到深夜,200,,100,-1,106968,
106976,1,师 δζμοσ 配旋律放彩符文 ?Ωω 氛围拉满,200,,100,-1,106968,
106977,1,凝胶ΠδЧψ想要 ΦσΣυ 尝尝δ??,200,,100,-1,106968,
106978,1,白 σΘЪ 访客多 ησΣβη 深夜闲聊真好Ч,200,,100,-1,106968,
106979,1,穿 ?λξΨζ 田沙沙响 υαθЭρ 融琴声,200,,100,-1,106968,
106980,1,听完 ΘЪЪθ 乐曲 ЪθοεΨЧ 夸我Λ，今日 ωωθη 辛苦值得,200,,100,-1,106968,
106981,1,聚会 υφ? 结束Ψ，带你 λλΣρ 弹温小调γ,200,,100,-1,106968,
106982,1,夜色 ΛλΛ 安静，琴声 Чλ?Θ 心里暖暖的ζμ！,200,,100,-1,106968,
107100-107299,,蘑菇舞者,,,,,,
107101,1,怪 ξ?Π 消失?！开心 θωЭα? 跳舞～,200,,100,-1,107101,脱战死亡（战斗目标死亡）3行
107102,1,危险 αεθωЪ 解，不用 ρ?οΦ 躲避θω,200,,100,-1,107101,
107103,1,平安 ηβЧ 无事，Π?θλ练 φΦαωξησζ 舞步ΦЭ,200,,100,-1,107101,
107104,1,敌人 ?εω 跑远ΣΦ，周边 ЪδψεγЭ 安全,200,,100,-1,107104,脱战距离（目标太远）3行
107105,1,胁 εξΛ? 离开Э?η，舒展 σφΩΩυζζ 舞步Чυ,200,,100,-1,107104,
107106,1,不用 ΘΛψ?φ 紧绷，安心 ζЭεΩ 舞,200,,100,-1,107104,
107107,1,呀Чψλψ！??β 被攻击θΩθΠ，太过啦?！,200,,100,-1,107107,被攻击（被打会反击）5行
107108,1,我θΠλ?跳舞ΠΘθυ你不满意ηΨψξ我改！?Ω?ρ别打我,200,,100,-1,107107,
107109,1,士兵?ΛΨΛδ救命?ξ！?ρ?ζΘρ?,200,,100,-1,107107,
107110,1,Πρυ 痛痛ρ?θ，υ?ο不要?μθ打了θΩ?！,200,,100,-1,107107,
107111,1,停 ΘΣΛμζ 攻击?Ψ！不ЭЭα 乱打！Π?δ,200,,100,-1,107107,
107112,1,魔物 Ωσλσ 靠近η！危险 ЪΦ? 先跑ΩΦΦ,200,,100,-1,107112,附近有怪物 (会逃跑）4行
107113,1,怪物 ?βΩβλ 来，ЭΣ暂停 ζΠρ?Э 跳舞ξЭ,200,,100,-1,107112,
107114,1,怪息 ?ζΛρ 逼近μΛ，远离 ΠηΘ 险区,200,,100,-1,107112,
107115,1,等 ЭΩζφΨ? 魔物走ΠΛ?，再来 ΩΩψλ 表演εЪΩ！,200,,100,-1,107112,
107116,1,多谢 οΣ? 你！?护我 οΨЭρυ 安全ξ！,200,,100,-1,107116,感谢玩家 4行
107117,1,有 ЪσΠεЧΣΛЧ 你在?Эδ，安心 θΣε 跳舞,200,,100,-1,107116,
107118,1,超 ωεΨ?ЪΩ 感谢 σЧΠЧΩγ 温柔厉害的你,200,,100,-1,107116,
107119,1,跳 μεφγ 美舞?，专门 ΩΣΦ 谢你?Λβ！,200,,100,-1,107116,
107120,1,σξογοβ 表演开θ，备好 ηθγωΣ 跳舞咯～,200,,100,-1,107120,表演（表演之前说的话，有没有乐手都有可能跳舞）10行
107121,1,舒展 γξ?ΩγΛ 身体，δω跳 ?ΠβΘ 温柔舞步β！,200,,100,-1,107120,
107122,1,琴声 ?ΘЧηΨ 相伴λμ，展 ασ?ζσ 本事?Э?！！,200,,100,-1,107120,
107123,1,风 εασθ 软软，Λ适合 ε?ξη 转圈?！,200,,100,-1,107120,
107124,1,全村 ΘρΛυ?ξ 同族期待Эη?，认真 ο?μβ? 跳完！Ψ,200,,100,-1,107120,
107125,1,轻 ?δψ? 转圈ΣοΠ，送 ρδЪ?ηΘ 乐曲大家,200,,100,-1,107120,
107126,1,好听 ξβЪζΘμ 乐曲ζЪ，舞步 Ъ??Σ 温柔,200,,100,-1,107120,
107127,1,备好 ЧЧΣγ？精彩 λεθΨψ 舞蹈开场Ψσε！,200,,100,-1,107120,
107128,1,轻 ЭδθΣμω 舞步γΩ，填满 ЭζЧγψζ 甜～Ψ,200,,100,-1,107120,
107129,1,愿 ΨЧηαδ 舞蹈?Φ，治愈 λεαε 所有人,200,,100,-1,107120,
107130,1,想学 ΩρηΩδ 跳舞?εΛ？我 ?Чεθ 教你φ！,200,,100,-1,107130,教舞蹈（村民请教学舞，舞者说的话） 5行
107131,1,慢 ηΛγЭυδ 来，跳舞 θφΣηξεЪ 要放松,200,,100,-1,107130,
107132,1,跟 υθυ?Π? 节奏，Λ?轻 ΘΠ?ηψ 转圈即可,200,,100,-1,107130,
107133,1,简单 ωοΠΦЧ 多练?Ψ，就能 ρρΘ?υ 熟练Λ！,200,,100,-1,107130,
107134,1,加油 ε?Ω！学会 ?Σ?? 好看舞步δδ！,200,,100,-1,107130,
107135,1,哇！ξ?Σο 乐器特别，ЪΘ?σ好好看αΠЭΩ！,200,,100,-1,107135,玩家有乐器（看到玩家有乐器说的话，比如叫玩家弹一曲） 3行
107136,1,弹 ξγЧξ? 一段Φη？随 ζΨΨΨσσ 乐跳舞δΨ！,200,,100,-1,107135,
107137,1,外来 ω?λΛξε 旋律??Π，配舞 ξθξε 超好看,200,,100,-1,107135,
107138,1,站岗 α??ηρЭ 辛苦Ψ，跳支 ΠЭ?λ 舞放松～ο,200,,100,-1,107138,士兵表演（时不时的会跑到士兵面前表演） 5行
107139,1,守村 φЭφ?β 很累θ，治愈 ?οωΛ 你！Чηβ,200,,100,-1,107138,
107140,1,勇敢 ξ?δ?λψ 士兵γαΨ，配 ξΩωφΠ 温柔舞蹈,200,,100,-1,107138,
107141,1,稍 Π?θοσ? 歇息，ΨΨρ看 ΨλζЭγ 轻盈舞步γφΦ！,200,,100,-1,107138,
107142,1,你 Πζ? 护我们安稳跳舞ερΠ！,200,,100,-1,107138,
107143,1,脚步 υβ??ξ 别急，Σηη慢 υφΘ 跟节奏,200,,100,-1,107143,教舞蹈负面反馈（村民学舞犯错，舞者给的反馈给完反馈有示范） 6行
107144,1,我 ψζθЧ 慢示范，Π仔细 ηЪλ?ΘΣ 看哦μ,200,,100,-1,107143,
107145,1,身体 ξβ? 舒展?，别 εξΨωΛρ 紧绷身子,200,,100,-1,107143,
107146,1,转圈 εθθΠ 稳重心σ，舞姿 ψραψ?α 轻盈σ,200,,100,-1,107143,
107147,1,多练 ?δθθζψ 熟练Э?，别 μЭ?υαρ 灰心哦Ω?,200,,100,-1,107143,
107148,1,太棒 Ψ??οθ 啦！Σ完全 Φ?βγ 学会咯λ！,200,,100,-1,107149,教舞蹈正面反馈（村民学会舞蹈以后，舞者说的话） 3行
107149,1,舞姿 ξθφε 好看?ωΠ，学得 ЧΛΛ 超快！ψ,200,,100,-1,107149,
107150,1,往后 ?Ληυφ 一同跳舞βγ，超厉害ωε,200,,100,-1,107149,
107151,1,轻 Эζ?γρ 转圈σσσ，今日 Э?Ωω 开心跳舞～ηζΨ,200,,100,-1,107149,
107152,1,风 Λαε 拂菌帽συ，跳舞 ?γη 超舒服,200,,100,-1,107152,休闲（自言自语） 10行
107153,1,慢 θΘ??η 练舞步αΣμ，慢慢 αΨ?ηε 熟练ε,200,,100,-1,107152,
107154,1,不知 υ?η 今日ρελ，出新 υΠЭЪλφ 舞姿ο?θ？,200,,100,-1,107152,
107155,1,安静 ζ?Ч 村落，Ч轻舞 ΣγΘΘ?δ 放松?,200,,100,-1,107152,
107156,1,跳跃 Ψξμ 转圈αψσ，烦恼 ?αξΠφ 全消,200,,100,-1,107152,
107157,1,不用 μβΨμσμ 慌张γ，跳舞 ηλΛΘ 只为开心,200,,100,-1,107152,
107158,1,有人 μλ?ΦαΨ 相伴ε?θ，舞蹈 θσΠω 更温柔,200,,100,-1,107152,
107159,1,每日 θ?ρ 练习?，舞曲 ουο 予众人,200,,100,-1,107152,
107160,1,轻 ΘοΣ 舞步ε，守护 γρΣ 甜村落σΘ,200,,100,-1,107152,
107161,1,哈喽！?远道 Чσ?δ?υρε 旅人ζ，欢迎你ωЧ！,200,,100,-1,107152,
107162,1,模样 Ψδη 特别ρΛξ，和我们 ?δ?Θ?ω 不同～,200,,100,-1,107162,遇到玩家（更玩家说的话） 15行
107163,1,村落 λ?μΠΩ? 少来客，Ποβ格外 ΣψλΦσβ 惊喜ξ,200,,100,-1,107162,
107164,1,午后 ΘΛ?Φφψ 舞蹈?ξγ，一定要 ωψσ 观赏ξθ！,200,,100,-1,107162,
107165,1,跳 ρΘЭθ 专属舞步ζ?Φ，招待 ЧυηψωΛ 你两腿兽αΨЪ,200,,100,-1,107162,
107166,1,两腿兽αΨЪ，外界 ΨΘΛЧЪ 模样？Ъ好好 θЪηΨ 好奇ΣοΘ,200,,100,-1,107162,
107167,1,小村 ΠΨ?σξΣ 温和，ψυφ安心 ЪηЭο 停留ΦγΠ,200,,100,-1,107162,
107168,1,累 ЭΘθ?σ 就停下Э，看舞 αΣδηΠ 放松心情,200,,100,-1,107162,
107169,1,星辉花 Φ?φ 好好εοψЧ好看……,200,,100,-1,107162,
107170,1,愿 μΨЪεΠ 舞蹈，Π予你 ο?ζα 温暖治愈,200,,100,-1,107162,
107171,1,有空 θЧα 常来μο，每日 ω?Θ 表演ογφ！,200,,100,-1,107162,
107172,1,你 λγ?Ωηυ 温柔可靠ρ，让人 ΣωΣδη 安心,200,,100,-1,107162,
107173,1,期待 ?α?Ψλυ 下次相见旅人,200,,100,-1,107162,
107174,1,凝胶υ?ЧΛ ΦЧ吃了，跳舞 Λ?μΛΘλ节奏感γΛΛ更好……想试试ΣωΣ?ω?,200,,100,-1,107162,
107175,1,甜 ψθЧЪΨρ 舞步Ч，长久 ΨβΛ 伴你?θ！,200,,100,-1,107162,
107176,1,多换 ЧζδЭοΦ 花藤υζЧ，装饰 βЧΣ?Λ 菌帽,200,,100,-1,107162,
107177,1,轻薄 λλ?ΘΩμ 草裙，σλο旋转￥ολλρφ 轻盈,200,,100,-1,107177,购买
107178,1,防滑 σψωρξ 树皮φ，练舞 δ?Φ 不打滑?Ъ！,200,,100,-1,107177,
107179,1,λΨЭσ带￥外来 σωυ?Π?ω 好吃Φ！吗？Э?μ？,200,,100,-1,107177,
107180,1,柔韧 ?ЧξψΛ 丝带，Ψ转圈 Эδψζζε 固定菌帽ρ！,200,,100,-1,107177,
107181,1,篝火 οΦ?? 柔光Π，伴琴 Θμρ 起舞自在～,200,,100,-1,107177,
107182,1,白日 ωεοΩΩ 教徒舞步γ，深夜 Ъζγφ? 随心跳跃,200,,100,-1,107182,玩家聚会对话
107183,1,谢 ЧΛμ?Λ 烹菌菇餐?γ?，吃饱 θγσγΣЭ 舞步轻盈,200,,100,-1,107182,
107184,1,教你 ρΠΨ 简易转圈舞γΦ，深夜 μζΨσΦ 不怕围观,200,,100,-1,107182,
107185,1,法师 ЪσΠδη 放浮空符文δΛα，转圈 ρφΩδθ 似飘半空,200,,100,-1,107182,
107186,1,士兵 Φγσ 换岗ξ，围火堆 ζδΘΩσ? 看完整舞蹈,200,,100,-1,107182,
107187,1,商人 ΦθψΘΠζ 花藤丝，ΦΨ绑菌帽 ω?ο 跳跃轻飘ψΛ,200,,100,-1,107182,
107188,1,夜里 δΦβ 光亮Ч?ζ，练舞 ЧζΨΩ? 帽不遮视线,200,,100,-1,107182,
107189,1,乐手 ?Θφψ?η 慢曲?，篝火 Λδψψ 晃身超治愈ω,200,,100,-1,107182,
107190,1,魔物 ξλΘЪ 出现即刻躲开，ζυ安危 ?σΘ 交士兵,200,,100,-1,107182,
107191,1,白天 ΠΣΦασα 练舞常出错，μΩ夜里 δλλ 学得更快,200,,100,-1,107182,
107192,1,你 ξασΣ 外来乐曲新奇，Φ整曲 μφΨ? 伴舞,200,,100,-1,107182,
107193,1,无拥挤 Ψδε 人群，ρ围火 Λο?? 跳舞最开心,200,,100,-1,107182,
107194,1,不必 Πψ?μ 追求舞姿ησμ，深夜 ЭЧΦθ?ξ 随心舒展,200,,100,-1,107182,
107195,1,伴乐 Ψ?ρ 闲聊起舞ΦΛ?，今夜 ε?Φ?Θ 超幸福！γ?Ψ,200,,100,-1,107182,
107196,1,和你乐曲闲聊起舞，υεΛζ今晚实在太幸福啦ω！,200,,100,-1,107182,
107300-107499,,蘑菇村民,,,,,,
107301,1,好痛α！φφολ 躲开Λα?，别 ηΣ?? 伤我！?δω,200,,100,-1,107301,被打（有概率装死，默认逃跑）5行
107302,1,呜ρα，别 ωγηφθΩ 打我！ЭΘ?普通 γγθυ?β 村民，ρσγ无强法术！Ъ,200,,100,-1,107301,
107303,1,趴 ΦΠδ 在地装倒下，θ怪物 υαβσ?θ 会走开δΩ,200,,100,-1,107301,
107304,1,跑远 Ω?ΩΛΛ 一点ρρ，危险 υΦζΩ? 归村～,200,,100,-1,107301,
107305,1,只会 φ?ωβλο 微光符文φξθ，无力 ?θοΛβ? 抗魔物Σ?！,200,,100,-1,107301,
107306,1,魔物 ληΩαζ? 气息φλ！齐聚 Λλυ 村落中心β！,200,,100,-1,107306,有怪物（怕怪物）5行
107307,1,勿 εφΦμυω 靠近边界?，虚空怪 εφα? 伤人！η,200,,100,-1,107306,
107308,1,躲 εΘ?Ω 屋内ψΣη，等 ουδσβω 士兵清危险μ,200,,100,-1,107306,
107309,1,不敢 οηЧμ? 外出散步?，魔物 Π?Θλ? 太吓人～,200,,100,-1,107306,
107310,1,告知 ?βЧΣ 同伴αЭΘ，全部 υρ? 避开此地φ?Φ！,200,,100,-1,107306,
107311,1,天啦，ω今ЭЭξ找ЭΘΠ?Θλ?玩！,200,,100,-1,107311,起床 3行
107312,1,伸 Θ?ЪβσΨ 懒腰γ，找同族 γρ?Σ 聊练符文?,200,,100,-1,107311,
107313,1,睡醒 υω?β，看乐手舞者 ζβμΨζΦ 表演υ,200,,100,-1,107311,
107314,1,两腿兽αΨЪЧδ?οδ，远方 ω?ρ? 访客来到菌村ηαο！,200,,100,-1,107314,对玩家闲聊、遇到玩家 15行
107315,1,两腿兽αΨЪ身形 υρσ 高大，Ъδγ模样 ωζψσΠα 特别ΠθЭ！,200,,100,-1,107314,
107316,1,唯有 ρφοσυ 发丝无菇帽ζ，从未 Ψ?? 见过,200,,100,-1,107314,
107317,1,村中 ξυρΛου 每日歌舞，有空 Чδ?ο 观赏～,200,,100,-1,107314,
107318,1,只会 ωμδΩ 微光符文συ，大法术 ΘαγαΠ 归法师,200,,100,-1,107314,
107319,1,田间 ?ρΦ? 荧菇大菌菇，δ唯有 ?μΦ?? 你能做熟食Θα,200,,100,-1,107314,
107320,1,凝胶 βλμρυ? 商人稀有货ΦΨ，听说 ЧγΣЧ 士兵Чδ?ο法师ωσΦ两腿兽αΨЪ带?μΦ?？,200,,100,-1,107314,
107321,1,闲暇 συΣρηγλ 跟舞者学ρυ?转圈舞,200,,100,-1,107314,
107322,1,路上 ΨεΣεΛ 遇魔物?η，士兵 ΣμΨ 护你,200,,100,-1,107314,
107323,1,村内 φδ? 族人温和，ωΛψ随意 Σζμδζρ 闲逛,200,,100,-1,107314,
107324,1,和同族 Ωμξυρξ 追逐玩耍μμ，午后 ψ?οθ 最热闹,200,,100,-1,107314,
107325,1,国王 υ?ωηρЧ 符文育新菇?，无幼蘑β?,200,,100,-1,107314,
107326,1,要 Ч?? 基础符文材料，ξ?带你 ?ηη? 工坊γη,200,,100,-1,107314,
107327,1,少见 θ?Ъγ?Σ 外来旅人Σ，聊天 ΛΦΛεΨЧ 超开心θ,200,,100,-1,107314,
107328,1,愿 ηγΛθ 你喜爱满菌乐曲小村?ο！,200,,100,-1,107314,
107329,1,脚步 ργ?ο 跟节奏，?Ψη转圈 ο??Э 帽滑落υσ！,200,,100,-1,107329,学跳舞（学跳舞失败或学习过程中说的话）10行
107330,1,舞者 ?Ψ? 动作看似简单θ，实操 ?αοζοξ 很难,200,,100,-1,107329,
107331,1,转圈 θψβζΦ 重心不稳ηρ，险些 θ?ψ 摔倒再试Λ?θ,200,,100,-1,107329,
107332,1,手脚 λλΦξ 不协调ηφη，多加 ξЧΦσ 练习,200,,100,-1,107329,
107333,1,放慢 ζΣ?ρ 速度跟示范ω，找准 ωΩΠ? 舞步节奏Φ,200,,100,-1,107329,
107334,1,跳跃 ηЪψΠφ 菌帽下滑，ωΣ?干扰 ψΦΩΛ 练舞,200,,100,-1,107329,
107335,1,同族 οΦΩψ 学得飞快ωυ?，我 ЧΩμξφυ 跟不上,200,,100,-1,107329,
107336,1,休息 υ?λΨΘυ 片刻Λ，调息 ρΠΠψЪυ 继续练舞,200,,100,-1,107329,
107337,1,不必 λΦμλ 心急，ρμ每日 ζΨημψЧ 练习渐熟练υοφ,200,,100,-1,107329,
107338,1,完整 φΨΩγ 跟曲跳舞ρε，超有 φζω 成就感ο?ε,200,,100,-1,107329,
107339,1,太好了Ъραζ！学会 β?ο 整套基础舞步α?α！,200,,100,-1,107339,
107340,1,随 ?ΠЧ 乐曲跳跃ΦΩ，动作 οδγ 无失误γ?！,200,,100,-1,107339,
107341,1,感谢 Чψ? 舞者细心教导η，一同 ωσΣεψ 跳舞玩乐γΨ,200,,100,-1,107339,
107342,1,午后 Ъθξω?? 公演?，台下 ?γωθΘΘ 跟随共舞～,200,,100,-1,107339,
107343,1,沿 μσ?ζψ 菌田慢走ψΣ，柔风 ρωυΘΘ 舒服,200,,100,-1,107343,休闲 10行
107344,1,练 ?ΘΠЭγ? 微光符文Π，仅会 ?ЪЭ 这小法术βЭΠ,200,,100,-1,107343,
107345,1,找 ΘεβΩυ 同族Ъ，玩追逐 ψψωωε 小游戏,200,,100,-1,107343,
107346,1,静听 ΛЧρΦ 远方琴声ΠΘ，内心 φαυ 平静～,200,,100,-1,107343,
107347,1,采收 ЭψξΣ 荧菇存放?，等旅人 ο??ρΠ 烹煮,200,,100,-1,107343,
107348,1,期待 δλΘο 午后歌舞ξυ，每日 Ψυ?Ъ 最盼望ζηψ,200,,100,-1,107343,
107349,1,和族人 βΣβ?? 聊日常，φρ平淡 ΨθΘυΣ 舒心,200,,100,-1,107343,
107350,1,商人 ?ΠΘΠ 久进村ωЧ，采购 ξδΠε 符文粉,200,,100,-1,107343,
107351,1,风吹 ζЪβθΠ 菌帽，ηζ?整理 λ?ζ 再散心Σβ,200,,100,-1,107343,
107352,1,无 υφΣξμβ 魔物打扰ЪΣ，安稳 ?σρμΣ 幸福,200,,100,-1,107343,
107353,1,要 ζΨΘ 微光符粉，ЭΨ练习 μΦЭθεδ 基础法术Σζ,200,,100,-1,107353,
107354,1,有 ξυφ 编织藤蔓？ЧξΩ装饰 Чομμγ 菌帽θ,200,,100,-1,107353,
107355,1,换 ΣΩωЪμЪ 打磨矿石，λβθ工坊 ΩλЧΘ 练符用Ъ,200,,100,-1,107353,
107356,1,韧 φ?βλ?θ 树叶?ρσ，跳舞 ηρ? 绑菌帽,200,,100,-1,107353,
107357,1,带回 λψυλ? 新食物吗ρ？想买 ЧΩφΨЪ 一点,200,,100,-1,107353,
107358,1,白日 Ληβ 采菇练舞?σ?，夜里 ωΩαξЪη 围火闲聊～Θρ,200,,100,-1,107358,玩家聚会对话
107359,1,你 ηδ?? 长发γσ?，不用整理歪菌帽θ，好羡慕,200,,100,-1,107358,
107360,1,多亏 ρφρξ 你会熟食ηΨ，夜晚 ЭοЧ 饱聚聚会λ,200,,100,-1,107358,
107361,1,散场 θ??Ω 一同追逐ΩЧλ，绕火堆 φθλο 跑圈,200,,100,-1,107358,
107362,1,跟舞者 ζγ?σ 学会基础Σσ，伴乐 γλφη 跳给你看,200,,100,-1,107358,
107363,1,呆菇 Э?δΘθ 深夜凑火光λΣζ，随旋律 μΛξЭω 晃菌帽,200,,100,-1,107358,
107364,1,商人 γοβ 久来访οε，多换 γωεμ 符文编织藤λσ,200,,100,-1,107358,
107365,1,夜里 αЧΘ 凉风ηη，篝火 αЪα 裹住小身子,200,,100,-1,107358,
107366,1,法师 ψυθ 魔法秀震撼βμμ，夜晚 ?δοΨ 议论表演,200,,100,-1,107358,
107367,1,少见 ψΘЧλΦη 旅人陪至深夜δδη，遇见 γΩδθψ 太幸运,200,,100,-1,107358,
107368,1,明日 ρμυ??σ 多采菌菇ωβσ，拜托 ΣЭμ 熬热餐,200,,100,-1,107358,
107369,1,无 ρΣψυ 魔物夜晚，ρЪ全村 φζΦ 最放松ασ,200,,100,-1,107358,
107370,1,累 ΨЪЧγβγ 挨火堆坐μ，苔藓 ΘηΣ?μμ 软垫舒服,200,,100,-1,107358,
107371,1,只会 θυ?Λ 微光符文，?βΘ强法术 γΦψδ 求教法师Ъδ,200,,100,-1,107358,
107372,1,愿 Ψοζωρ 你喜ΣΩ安静平原ΣΩφ村落ΣЧηψ！,200,,100,-1,107358,
107373,1,要 ΘЭδε 微光符粉，练习 βοΠωμ 基础法术ο,200,,100,-1,107373,买东西（村民可能从商人那买点什么。村民不会对奶或面有特别的兴趣。）5行
107374,1,编头饰 Ψφσ 藤蔓μ？装饰 Θση 菌帽,200,,100,-1,107373,
107375,1,换 ЧφЧ??Φ 打磨矿石ωδЪ，工坊 εθαΩα 使用,200,,100,-1,107373,
107376,1,柔 ?ωβ?λω 树叶φξ?，跳舞 ?ωλ 固定菌帽ασω,200,,100,-1,107373,
107377,1,喜欢 ?Θδ? 荧菇，θδ 还有φΛЧφЧ??Φ……ηα 就这些γЧ！,200,,100,-1,107373,
107378,1,完整 ?ЪΩρρΨ 学会舞蹈λ，多谢 ψφξοψμ 细心教导～,200,,100,-1,107378,学跳舞结束（学会了）4行
107379,1,无 γαΨυЭ 细致示范ρЧξ，还要 ΩЧΛθσ 练很久γυ！,200,,100,-1,107378,
107380,1,午后 ΨηΣΨ 公演αζξ，同台 φωЭοη 转圈跳舞咯,200,,100,-1,107378,
107381,1,下次 ηυο?ΦΣ 带鲜菌菇ρ，答谢 ζηЪЧЪλ 小礼物ηЭ！,200,,100,-1,107378,
107500-107899,,四叶草村通用,,,,,,
107501,1,嗝——好饱呀，肚子圆滚滚咯～,200,,100,-1,107501,吃饱气泡
107502,1,呜哇，我的小肚子快要爆炸咯，肚子鼓鼓，快乐满满～,200,,100,-1,107501,
107503,1,肚子沉甸甸的，但心里超开心，果然吃饭最幸福啦！,200,,100,-1,107501,
107504,1,嗝～吃饱饱，现在只想蜷起来晒暖乎乎的月光！,200,,100,-1,107501,
107505,1,魔力流转全身，饱腹感搭配充沛力量，这下浑身都干劲满满！,200,,100,-1,107501,
107506,1,饭菜里飘着淡淡的魔力微光，吃完浑身轻飘飘，也不累啦！,200,,100,-1,107501,
107507,1,再吃一口我就要撑到走不动路啦！,200,,100,-1,107501,
107508,1,哇咔咔，我吃好啦！,200,,100,-1,107501,
107509,1,摸一摸鼓鼓的肚子，今天也是被美食治愈的一天！,200,,100,-1,107501,
107510,1,打个香香的饱嗝，今天的饭菜也太美味啦！,200,,100,-1,107501,
107511,1,饭菜的魔力在身体里散开，整个人都懒洋洋超舒服～,200,,100,-1,107501,
107512,1,小肚子圆滚滚，这下能有力气去摘小花啦！,200,,100,-1,107501,
107513,1,忙活半天有点饿，该慢悠悠去吃顿暖心饭啦,200,,100,-1,107513,该吃饭了气泡
107514,1,冲呀！干饭时间到，我第一个奔向餐桌！,200,,100,-1,107513,
107515,1,终于到饭点啦，今天会有什么好吃的呢，超期待！,200,,100,-1,107513,
107516,1,咕噜咕噜～我的小肚子催我快去吃饭啦！,200,,100,-1,107513,
107517,1,饿到浑身轻飘飘，急需一桌美食填满空荡荡的小肚子！,200,,100,-1,107513,
107518,1,晚风携来饭菜清润香气，恰好以此一餐，抚平周身疲惫,200,,100,-1,107513,
107519,1,拾尽山野细碎忙碌，此刻当赴餐桌，饱尝烟火温柔,200,,100,-1,107513,
107520,1,好浓郁的香气！何种魔法佳肴，我得速速前去一探究竟,200,,100,-1,107513,
107521,1,灶间漫出带着魔力的清甜香气，今日何等暖心佳肴，速速前往,200,,100,-1,107513,
107522,1,空气中浮动淡淡的料理魔力，不知今日藏了何种惊喜美味,200,,100,-1,107513,
107523,1,馋虫都被香气勾出来啦，我已经迫不及待开饭啦！,200,,100,-1,107513,
107524,1,到半点啦，咕噜咕噜，该去吃饭喽！,200,,100,-1,107513,
107525,1,一口一口吃光饭菜，快乐也一口一口装进肚子里！,200,,100,-1,107525,吃饭中气泡
107526,1,嘴里香香软软的，每一口都裹着暖暖的魔力，根本停不下来！,200,,100,-1,107525,
107527,1,唔～今天的魔法料理也太香啦，我要再多盛几勺好好品尝！,200,,100,-1,107525,
107528,1,勿扰，专心干饭ing...,200,,100,-1,107525,
107529,1,今日佳肴，风味绝佳！,200,,100,-1,107525,
107530,1,今天的魔法料理也太惊艳啦，每一口都香到心坎里！,200,,100,-1,107525,
107531,1,这饭怎么怪怪的，就像似...苦甘蓝配酸汤...,200,,100,-1,107525,
107532,1,饭菜冒着淡淡的温热光晕，吃下去心里软软暖暖的,200,,100,-1,107525,
107533,1,嚼一口饭菜，浑身筋骨都舒展起来，魔力一点点回流,200,,100,-1,107525,
107534,1,伴着村落晚风小口进食，烟火暖意抚平了整日的忙碌,200,,100,-1,107525,
107535,1,吃完这一勺，体内耗掉的力气就能补回来大半咯,200,,100,-1,107525,
107536,1,Mmmm，mmmm，太好吃啦~,200,,100,-1,107525,
107537,1,哈欠止不住往外冒，是时候该去睡觉啦~,200,,100,-1,107537,要睡觉了气泡
107538,1,累得不行，扛不住啦，我得赶紧去找我的软床@item_200003#躺下！,200,,100,-1,107537,
107539,1,魔力快困得消散，该睡觉啦，好想裹着星辰被褥@item_200003#睡一觉...,200,,100,-1,107537,
107540,1,我要下线睡觉咯！希望梦里有吃不完的魔法点心,200,,100,-1,107537,
107541,1,夜色漫上来了，是时候该好好睡上一觉了,200,,100,-1,107537,
107542,1,暮色悄悄铺展开来，困意涌上来咯，该安安稳稳睡一觉了,200,,100,-1,107537,
107543,1,忙活一天实在疲惫，我去找我的小床@item_200003#休息啦！,200,,100,-1,107537,
107544,1,夜色漫卷而来，诸事暂且放下，好好酣眠一场,200,,100,-1,107537,
107545,1,一整天的忙碌耗尽精力，是时候褪去满身疲惫，伴着月色好好休憩一番,200,,100,-1,107537,
107546,1,眼皮沉得挂不住，告辞啦，我回软榻@item_200003#好好睡一觉～,200,,100,-1,107537,
107547,1,晚风都在催我入眠，我要回去蜷进软乎乎的魔法小床@item_200003#啦,200,,100,-1,107537,
107548,1,睡觉睡觉，我要睡..觉...,200,,100,-1,107537,
107549,1,哎呀，我的头好晕，好想睡觉，到底是谁给我下了困倦咒！,200,,100,-1,107537,
107550,1,奇怪，居然一张眠榻@item_200003#没有，看来只能以大地为床将就一宿了,200,,100,-1,107550,没床睡地上气泡
107551,1,一张软乎乎的小床@item_200003#都找不到，看来只能委屈自己睡地上咯……,200,,100,-1,107550,
107552,1,此处无床@item_200003#可栖，只能蜷在地面勉强睡一觉了,200,,100,-1,107550,
107553,1,附近没有可以躺下睡觉的小床@item_200003#，只有冰凉凉的地板...,200,,100,-1,107550,
107554,1,看来又是躺在松软的草皮地上，观星河入眠的一夜...,200,,100,-1,107550,
107555,1,找不到床铺@item_200003#，算了，先找一处安安静静的角落躺下歇一歇吧,200,,100,-1,107550,
107556,1,呜呜，附近一张松软的小床@item_200003#都没有，困得我快要站不住了~,200,,100,-1,107550,
107557,1,谁把软床@item_200003#都藏起来了？害得我困到打哈欠，连躺卧的地方都没有！,200,,100,-1,107550,
107558,1,谁把我的松软小床@item_200003#拿走了，快交出来，我真的困得撑不住啦！,200,,100,-1,107550,
107559,1,奇怪了，难道又出现灵异事件了？床@item_200003#都去哪了哇,200,,100,-1,107550,
107560,1,也罢，一张床都寻不到，以天地为床铺@item_200003#，伴着晚风小憩吧,200,,100,-1,107550,
107561,1,实在撑不住了，我要原地倒头就睡了...,200,,100,-1,107550,
107562,1,晚安，期待今夜一场奇妙的魔法幻梦，明日再见！,200,,100,-1,107562,睡前气泡
107563,1,晚风携着睡意而来，就此道晚安，入眠奔赴一场甜果的梦境,200,,100,-1,107562,
107564,1,愿我们今夜都不会做噩梦，全是香甜温柔的幻梦...,200,,100,-1,107562,
107565,1,曾经前辈每晚都会给我们讲睡前故事，好怀念啊...,200,,100,-1,107562,
107566,1,一只羊，两只羊……呼，脑袋昏沉沉，是不是马上就要睡熟啦,200,,100,-1,107562,
107567,1,今日魔法到此结束，裹好星织小被子，静待甜甜的梦境降临,200,,100,-1,107562,
107568,1,把今天所有开心小事打包进梦里，今夜要做一场闪闪发光的魔法梦,200,,100,-1,107562,
107569,1,月光会守在枕边，所有烦恼都会在睡梦中悄悄消散，晚安啦,200,,100,-1,107562,
107570,1,暮色收拢凡间琐碎，枕一袖月色安眠，静待明晨晨光携魔法赴约,200,,100,-1,107562,
107571,1,人间烟火与魔法奇遇皆落幕，唯有长夜温柔包容所有疲惫，晚安,200,,100,-1,107562,
107572,1,我要睡觉啦，布好安眠小结界，谁都别来打扰...,200,,100,-1,107562,
107573,1,嗯，是我睡觉姿势不对么，总觉得浑身不自在...,200,,100,-1,107562,
107574,1,哎呀，还是不够松软，算了，小憩一会儿，说不定就睡着了~,200,,100,-1,107562,
107575,1,翻来覆去躺了许久，明明浑身乏累，怎么就是睡不着呢？,200,,100,-1,107575,睡中气泡
107576,1,等等……那只发光魔法小羊别跑，我还没数完呢……,200,,100,-1,107575,
107577,1,花饼@item_200261#软糕，藏在蘑菇树洞，不许小仓鼠偷吃……,200,,100,-1,107575,
107578,1,阿巴阿巴...好香，呃，阿巴阿巴...,200,,100,-1,107575,
107579,1,别想偷偷干坏事，我一直在盯着你……就算闭着眼，我也能感知到魔力动静,200,,100,-1,107575,
107580,1,星星果@item_200256#，美味的星星果，好多好多的星星果，嘿嘿...,200,,100,-1,107575,
107581,1,喔~猪猪，你的肚肚怎么这么柔软了，蹭起来好舒服哦...,200,,100,-1,107575,
107582,1,总感觉背后凉飕飕的...嗯，不管了，再睡一会...,200,,100,-1,107575,
107583,1,呜，不要打扰我，我正做着甜甜的美梦呢~,200,,100,-1,107575,
107584,1,暮色回响之时，是夜深了，啊，还可以再睡一会...,200,,100,-1,107575,
107585,1,听远处暮色的回声，天还没亮透，长夜漫漫，再睡一阵无妨,200,,100,-1,107575,
107586,1,别碰浆果罐@item_11326#，那是我攒了半个月的甜果子……,200,,100,-1,107575,
107587,1,你好呀，勇敢的冒险者！今晚夜色这么温柔，少了你的故事怎么行呢？,200,,100,-1,107587,聚会谈话玩家气泡
107588,1,你也奔赴这场夜色里的欢聚盛宴。不妨暂且卸下旅途疲惫，来与我们闲谈片刻？,200,,100,-1,107587,
107589,1,清辉笼罩此地，趁月色正浓，不妨分享那些独属于你的有趣奇遇与冒险传奇,200,,100,-1,107587,
107590,1,你也被晚间聚会的香气吸引而来么，今晚的月光和甜酒，都有你的一份哦！,200,,100,-1,107587,
107591,1,诶嘿！篝火派对又迎来一位新朋友啦，愿你在此灯火之间，觅得心意相通的知己与同行伙伴,200,,100,-1,107587,
107592,1,方才我们还在谈论村外的古老秘境，不知你是否听闻过相关的传说？,200,,100,-1,107587,
107593,1,嗨，幸得与你再度相逢。不知你是否也是奔赴今夜月下欢聚而来？,200,,100,-1,107587,
107594,1,久仰大名，听闻你的诸多冒险，今夜月色正好，是否有兴趣与我们畅聊属于你的传说？,200,,100,-1,107587,
107595,1,每到此刻，村庄便会燃起篝火。众人围拢交换各自见闻。若是你心生欢喜，欢迎时常赴约,200,,100,-1,107587,
107596,1,若是旅途疲惫，不妨靠在篝火旁，我们安静陪你待一会儿也无妨,200,,100,-1,107587,
107597,1,听说冒险者总能遇见奇迹，我好想听听那些不可思议的经历……,200,,100,-1,107587,
107598,1,风里飘着歌谣，篝火等待来客，你愿意留下来一同聆听吗？,200,,100,-1,107587,
107599,1,我们刚烤好了浆果，快过来吧，正好缺一位冒险者来讲故事,200,,100,-1,107587,
107600,1,远方来的客人，不必拘谨，这里的篝火永远愿意接纳奔波的旅人,200,,100,-1,107587,
107601,1,老一辈说，篝火@item_1200#是连接梦境与现实的媒介，你相信这件事吗？,200,,100,-1,107601,聚会中气泡
107602,1,每一夜的篝火@item_1200#，都在等候新的奇遇，火堆永远为路过的冒险者留有一席空位,200,,100,-1,107601,
107603,1,星光落在篝火之上，每一位远道而来的旅人，都该留下一段回忆,200,,100,-1,107601,
107604,1,今夜晚风轻柔，不妨坐下，我们一同交换各自珍藏的旅途旧事,200,,100,-1,107601,
107605,1,快看跳动的火苗，柴火噼啪作响，它好像也在讲述它过往遇到的有趣怪事...,200,,100,-1,107601,
107606,1,很久以前，有一位冒险者曾来到这里，她的故事至今还在篝火边流传,200,,100,-1,107601,
107607,1,晚风裹着篝火的暖意，耳畔尽是喧闹欢声，今夜实在惬意,200,,100,-1,107601,
107608,1,诶嘿，火苗在朝你招手呢，快靠近一点呀！,200,,100,-1,107601,
107609,1,快看飘向夜空的火星，它们是否正奔赴下一场远方的相逢？,200,,100,-1,107601,
107610,1,村中的长辈说，每一缕升腾的烟火，都会把我们的故事捎往夜空,200,,100,-1,107601,
107611,1,每一缕火光都记得过往旅人，而我期待记下属于你的故事,200,,100,-1,107601,
107612,1,温暖火光之中，藏着每位过客的身影，他们的旧故事随晚风飘来，你听见了吗？,200,,100,-1,107601,
107613,1,走久啦，小短腿有点酸呜呜～,200,,100,-1,107613,村庄内待机游荡气泡
107614,1,借我一点点魔力玩一下下～,200,,100,-1,107613,
107615,1,慢慢走，村庄到处都藏小惊喜～,200,,100,-1,107613,
107616,1,今日任务：闲逛摸鱼不练法术...哈哈哈,200,,100,-1,107613,
107617,1,今天...研学点什么魔法好呢..,200,,100,-1,107613,
107618,1,好想把天上的碎星光收集起来，装玻璃瓶当夜晚小灯,200,,100,-1,107613,
107619,1,一会儿做些什么好呢？,200,,100,-1,107613,
107620,1,不用赶时间，慢悠悠散步才是魔法日常,200,,100,-1,107613,
107621,1,今天天气太好了，适合在草地上晒月光，而不是在室内里背枯燥的咒语……,200,,100,-1,107613,
107622,1,近期村里怪事变多，等下四处探查一番线索...,200,,100,-1,107613,
107623,1,风里都裹着淡淡的魔法花香，好好闻呀～,200,,100,-1,107613,
107624,1,盼着夜里飘落星尘，撒在发梢会闪闪发亮,200,,100,-1,107613,
107625,1,好想就地蜷在野花丛里打个小小的魔法盹,200,,100,-1,107613,
107626,1,村子后山总传来细碎微光，到底是什么神奇小东西？,200,,100,-1,107613,
107627,1,大家都藏着专属小魔法，好想挨个借来玩玩,200,,100,-1,107613,
107628,1,一个人逛村子好无趣，谁来陪我一起找魔法小宝藏,200,,100,-1,107613,
107629,1,昨夜好像听见林间魔法声响，今天仔细找找线索,200,,100,-1,107613,
107630,1,每片树叶都藏着魔法，静下心才能发现哦,200,,100,-1,107613,
107631,1,好想学会漂浮魔法，再也不用辛苦走路,200,,100,-1,107613,
107632,1,不知道今天村子里会发生什么新奇小事...,200,,100,-1,107613,
107633,1,下雨的积水洼会倒映星光，是天空遗落的魔法镜面,200,,100,-1,107613,
107634,1,风把我的魔法书页吹乱，刚记好的咒语全看不清咯,200,,100,-1,107613,
107635,1,小溪水流带着细碎魔力，踩水玩应该会很好玩,200,,100,-1,107613,
107636,1,杂货铺老板的魔法罐子叮叮响，里面装了什么宝贝？,200,,100,-1,107613,
107637,1,村口溪流波光闪闪，水底会不会沉有魔法宝石,200,,100,-1,107613,
107638,1,好多看不懂的魔法痕迹，是谁偷偷留下的呀,200,,100,-1,107613,
107639,1,村里随处散落魔法小物件，今天能捡到什么惊喜？,200,,100,-1,107613,
107640,1,过分！说好一起钻研新咒语，居然全都忘记约定,200,,100,-1,107613,
107641,1,下次见面一定要施小小恶作剧魔法惩罚这群家伙,200,,100,-1,107613,
107642,1,想给路过的小花施咒，让它们一直绽放不枯萎,200,,100,-1,107613,
107643,1,我...似又迷途，归路修远，漫漫无期,200,,100,-1,107643,村庄外待机游荡气泡
107644,1,我...好像迷路了，回家的路是走这儿来着吧？还是那边...,200,,100,-1,107643,
107645,1,虽说迷了路，但这片原野也别有一番趣味...我得好好体验一番才行,200,,100,-1,107643,
107646,1,泥土下涌动着陌生魔力，此地从前未曾踏足,200,,100,-1,107643,
107647,1,好熟悉的感觉...难道，我以前来过这里么？,200,,100,-1,107643,
107648,1,口袋里的引路星光怎么黯淡了，这下要怎么回村子……,200,,100,-1,107643,
107649,1,微风拂过耳畔，可我读不懂它的悄悄话，它知道回去的路吗？,200,,100,-1,107643,
107650,1,远处传来细碎声响，是和我一样迷路的伙伴吗？,200,,100,-1,107643,
107651,1,我是不是走得太远啦，村落的炊烟都看不见了...,200,,100,-1,107643,
107652,1,前路茫茫，四下无人，何处觅吾乡？,200,,100,-1,107643,
107653,1,唉，随便挑一条小径走走，说不定便能重逢归途,200,,100,-1,107643,
107654,1,哎呀呀，要是出门前带上魔法地图，现在就不会发愁了,200,,100,-1,107643,
107655,1,终于等到你了，肩负使命的勇士！愿星辰庇佑你的前路，指引你带来胜利的曙光,200,,100,-1,107655,欢迎玩家气泡
107656,1,你...难道，就是传说中的勇士吗？你终于来了,200,,100,-1,107655,
107657,1,欢迎来到魔法学院:四叶村落！这里是萌宠魔法师们学习与追梦的乐园，一段属于你的奇妙魔法旅程，也将从此开启！,200,,100,-1,107655,
107658,1,星辰排列成预言的模样，风带来了你的气息。被选中的勇士，欢迎你！,200,,100,-1,107655,
107659,1,古老的歌谣没有骗人！当虚空遮蔽天空时，会有手持光芒之人降临。欢迎你-人类勇士...,200,,100,-1,107655,
107660,1,你是来陪我们一起玩的吗？还是来打坏蛋的？不管是什么，都超级欢迎！,200,,100,-1,107655,
107661,1,风提前捎来了你的消息，我们已经备好魔法花茶等候你。欢迎你，莅临的勇士,200,,100,-1,107655,
107662,1,漫长岁月里，我们静候预言降世；而今你踏光而来，驱散虚空垂落的阴霾,200,,100,-1,107655,
107663,1,星象早已昭示你的行迹，渡厄之人，欢迎踏临我们饱受暗影窥伺的土地,200,,100,-1,107655,
107664,1,无数个被暗影惊扰的长夜，我们都在祈盼今日与你相逢,200,,100,-1,107655,
107665,1,传说中的勇士来啦！希望真的降临了！大伙们快看呀！,200,,100,-1,107655,
107666,1,你的周身萦绕澄澈透亮的星辉，是漫天星辰引你奔赴此地吗？欢迎你，我们等候已久的救赎者,200,,100,-1,107655,
107667,1,嘿，你好呀， 欢迎驻足萌宠学院。魔力在此肆意生长，所有超乎常理的景致，皆是此地常态,200,,100,-1,107655,
107668,1,嘿，远道而来的访客，欢迎莅临萌宠学院。此处处处流淌奇妙魔力，倘若撞见异象，不必过分讶异,200,,100,-1,107655,
107669,1,欢迎你，从今天开始你就是魔法学院的新学员啦！我们一起来学习魔法吧~,200,,100,-1,107655,
107670,1,命运引你踏入学园，不妨从此我们携手，一同探寻魔法的奥秘,200,,100,-1,107655,
107671,1,嘿！大英雄！等你打败了虚空领主，能不能给我签个名？用那种发光的墨水！,200,,100,-1,107671,询问玩家趣事气泡
107672,1,看来今天的运气真好，出门就捡到了一个大勇士！欢迎来到我们的秘密基地！,200,,100,-1,107671,
107673,1,你的眼神里有光！那是只有真正的强者才有的光芒！请务必带上我一起去冒险！,200,,100,-1,107671,
107674,1,太酷了！你身上的气息完全不一样！能不能教教我怎么做才能像你一样强大？,200,,100,-1,107671,
107675,1,小友，请留步。这般澄澈纯粹的星尘光辉——哈，看来属于你的传奇要来了,200,,100,-1,107671,
107676,1,听说你踏遍无数秘境，快讲讲打败巨兽时是什么场面！,200,,100,-1,107671,
107677,1,你身上没有与生俱来的自然灵力，却拥有撼动魔物的力量，实在奇妙,200,,100,-1,107671,
107678,1,嘿，你是新来的魔法训练生吗？以前好像从没见过你呢~,200,,100,-1,107671,
107679,1,每次见你研习各类本事都一点就透，这般过人悟性，难不成是与生俱来的独特天赋？,200,,100,-1,107671,
107680,1,前路尚有无数奇遇，你会选择扎根这片土地，还是终将奔赴下一场征程？,200,,100,-1,107671,
107681,1,听他们说，你们的世界有一种光，从天空照下来，把整个世界都照亮了...是真的吗？,200,,100,-1,107681|107671,询问外地人趣事气泡
107682,1,诶，你打哪来的呀？你这样式的我还是头一回见，怪新鲜的！,200,,100,-1,107681|107671,
107683,1,今日运气也太好了，出门散步都能遇见远道而来的客人！,200,,100,-1,107681|107671,
107684,1,我想把你的故事讲给村里所有小动物听，大家一定很喜欢！,200,,100,-1,107681|107671,
107685,1,能在这里相遇也是奇妙缘分，方便告诉我你的家乡在哪吗？,200,,100,-1,107681|107671,
107686,1,你的随身配饰好特别，是你们村子独有的手工物件吗？,200,,100,-1,107681|107671,
107687,1,跟我回村子待几日吧，族里的长辈最爱听山外的新奇故事,200,,100,-1,107681|107671,
107688,1,你的衣着布料我从未见过，外面的织物都这么精致好看吗？,200,,100,-1,107681|107671,
107689,1,咦，你竟是人类！切记大法师留下的箴言：人类，是我们最值得托付信赖的挚友,200,,100,-1,107681|107671,
107690,1,嘿嘿，还真好久没有见过人模人样的生物了，上一个，嗯...还是村里的老者,200,,100,-1,107681|107671,
107691,1,要不要一起去找村子里藏起来的魔法彩蛋？,200,,100,-1,107681|107671,
107692,1,你躲在这里嘀嘀咕咕，是不是藏了专属魔法秘籍？分我一起学嘛,200,,100,-1,107681|107671,
107693,1,我准备了村自制魔法点心，交换你一段外面世界的故事可以吗？,200,,100,-1,107681|107671,
107694,1,阁下安眠入梦之时，梦境之中亦有星灵与术法万象浮现，异乡之人可做预知前路的幻梦,200,,100,-1,107681|107671,
107695,1,要是遇到危险我可以给你指路，这边周边的小路我全都熟悉！,200,,100,-1,107681|107671,
107696,1,你背包里藏的亮晶晶的那个东西，是旅途上捡到的稀有宝物吗？,200,,100,-1,107681|107671,
107697,1,远方的人们也会收集星光装进玻璃瓶，当作夜晚的小灯吗？,200,,100,-1,107681|107671,
107698,1,听闻你故土会降下名为雪的白霭，它是否也带着星光一样冰凉柔和的微光？蕴含和林间星尘不一样的魔力,200,,100,-1,107681|107671,
107699,1,迷拉星我熟！很久以前我还没变成现在的样子，我也曾栖居那片星土，说来倒是一段旧缘,200,,100,-1,107681|107671,
107700,1,你们生活的那个世界，闲暇之时不研习魔法，会有何种独属于外界的玩乐趣事？,200,,100,-1,107681|107671,
107701,1,听说你们那边有很多神奇的东西，我好想看看不用魔法就能自己发亮的小东西！,200,,100,-1,107681|107671,
107702,1,人类无需借助法术，仅凭双手便能造物，这般本领究竟如何做到？,200,,100,-1,107681|107671,
107703,1,有没有一段旅途，是和挚友相伴，让你一直记到现在？亦会彼此庇护，共担心中烦忧苦楚,200,,100,-1,107681|107671,
107704,1,听说你们住在巨大的蘑菇里？那软绵绵的菌盖下，睡着一定很舒服吧...能做个好梦吗？,200,,100,-1,107704,询问蘑菇村趣事气泡
107705,1,哇，可爱的小蘑菇人，你们平时吃什么呀？难道...吃小蘑菇！太可怕了~,200,,100,-1,107704,
107706,1,话说你们是从地里长出来的吗？,200,,100,-1,107704,
107707,1,居然能在这里见到你，真是太不可思议了，真是可爱的小蘑菇人,200,,100,-1,107704,
107708,1,天呐，传说里的蘑菇族人，一直想去蘑菇森林拜访，没想到在这儿偶遇啦,200,,100,-1,107704,
107709,1,能不能带我去一趟蘑菇森林，我想看看整片巨型蘑菇屋！,200,,100,-1,107704,
107710,1,听说蘑菇森林到了夜晚会遍地荧光，是你们培育出来的发光菌菇吗？,200,,100,-1,107704,
107711,1,下雨天你们会躲进巨型蘑菇房避雨，还是菌盖本身就能挡雨水呀？,200,,100,-1,107704,
107712,1,你的菌伞纹路好独特，细碎星光纹路也太有魔法感了吧！每一位蘑菇村民的花纹都不一样吗？,200,,100,-1,107704,
107713,1,我存了不少晒干花瓣，送给你铺在菌房里当软垫吧！,200,,100,-1,107704,
107714,1,早听闻蘑菇一族心性纯粹，今日相见总算印证传闻！,200,,100,-1,107704,
107715,1,不同颜色菌盖的蘑菇人，擅长的魔法也不一样吗？,200,,100,-1,107704,
107716,1,希望我们两个村落，以后能常常来往互通趣事，交换各自村子的小特产，当作友谊信物！,200,,100,-1,107704,
107717,1,蘑菇村里也会举办节日集会吗？好想见识下属于蘑菇人的庆典！,200,,100,-1,107704,
107718,1,远方传来淡淡的菌香，一团圆圆的小菌帽，我就猜一定是蘑菇人！,200,,100,-1,107704,
107719,1,魔法世界藏着这么多温柔又壮阔的过往，听完心里满是触动...,200,,100,-1,107719,夸赞老者气泡
107720,1,您还知道多少未曾讲过的秘事？我们都搬好小凳子，静静等候您开讲,200,,100,-1,107719,
107721,1,您见证过旧时代的风光，每一段故事都带着独一份真实的温度，仿佛就在眼前缓缓上演,200,,100,-1,107719,
107722,1,老村长，听您讲完这段传奇，我好像亲眼走进曾经那个辉煌的魔法时代了！,200,,100,-1,107719,
107723,1,萌宠村和星尘之境从前的种种传奇，经这般道来，厚重又动人，久久缓不过神,200,,100,-1,107719,
107724,1,那些古老魔法纷争、村落旧事铺展开来，画面感十足，仿佛置身当年的场景,200,,100,-1,107719,
107725,1,萌宠村一路走来的经历藏着好多温柔与惊险，这般娓娓道出，更觉这段过往珍贵无比,200,,100,-1,107719,
107726,1,一段段沉淀岁月的真实往事，串联起整个星尘之境与萌宠村的根，听完整个人都心生敬畏,200,,100,-1,107719,
107727,1,世间再好的幻想故事，也比不上这些实打实发生在这片魔法土地上的过往，耐人回味,200,,100,-1,107719,
107728,1,听完这些从前真实发生的事，我忽然也有勇气守护咱们萌宠村了！,200,,100,-1,107719,
107729,1,那些古老的往事好有力量，我也想成为像从前先辈一样勇敢的小家伙,200,,100,-1,107719,
107730,1,泪湿眼眶，从今往后日日精进魔法修为，加入解救大法师的队伍,200,,100,-1,107719,
107731,1,以过往为警醒，刻苦练法，让自己拥有守护的能力！,200,,100,-1,107719,
107732,1,真的好感动，原来先辈们为了村子付出了这么多，听着听着眼泪就忍不住掉下来了,200,,100,-1,107719,
107733,1,我听得眼眶湿热。我会踏实打磨法术，让自己拥有保护同伴的能力,200,,100,-1,107719,
107734,1,有你守在哨塔，整个村庄才这么安稳，多亏你们日夜值守护着大家！,200,,100,-1,107734,夸赞动物守卫气泡
107735,1,日复一日坚守在外围防线，从不偷懒松懈，你们真是村庄最值得信赖的守护者,200,,100,-1,107734,
107736,1,上次魔物闯到村口，还好你及时释放法术把它们赶跑，太谢谢你们保护村庄啦,200,,100,-1,107734,
107737,1,有你们驻守哨塔，村庄定将永远平安无忧！,200,,100,-1,107734,
107738,1,守卫伙伴们守在冷清的哨塔，独自承担所有凶险，这般勇敢又温柔的守护者，值得所有人称赞！,200,,100,-1,107734,
107739,1,多谢防线守护者们的提点，我们会谨记戒备，长夜巡逻的你们，也要务必多加小心,200,,100,-1,107734,
107740,1,清哨塔日夜为伴，危险来袭永远冲在最前，你以法术筑起村庄的屏障，实在令人心生敬佩！,200,,100,-1,107734,
107741,1,好厉害的手法，挥一挥手便消散所有幻象，干净利落不留一丝魔力痕迹,200,,100,-1,107741,夸赞皮皮猪气泡
107742,1,这般精巧的幻术，每一处光影流转都藏着细腻的魔法巧思,200,,100,-1,107741,
107743,1,心里满是惊喜，期待能再看一次皮皮猪大魔法术师独有的光影魔术,200,,100,-1,107741,
107744,1,抬手就能编织整片星光幻境太过厉害，好想学习稳定魔力不溢出的办法,200,,100,-1,107741,
107745,1,魔术细节处理得格外细腻，好想了解凭空幻化事物的魔力运转窍门,200,,100,-1,107741,
107746,1,不可思议，明明盯着你的每一个动作，却完全猜不透幻术的诀窍,200,,100,-1,107741,
107747,1,满心都是赞叹，整场魔术伴着柔和星雾，氛围感直接拉满！,200,,100,-1,107741,
107748,1,整场表演余味绵长，满心期待能再邂逅皮皮猪的星光魔术演出,200,,100,-1,107741,
107749,1,不愧是皮皮猪，指尖操控魔力的姿态从容优雅，完整看完只觉表演质感十足！,200,,100,-1,107741,
107750,1,指尖幻术日常观赏充满乐趣，身处险境时能编织假象混淆对手，实在是绝佳技法！,200,,100,-1,107741,
107751,1,皮皮猪的星光魔术演绎实在让人念念不忘，很好奇下一场魔术演唱会会安排在何时何地,200,,100,-1,107741,
107752,1,看你催动魔力滋养田地我都看呆了，每一道魔法纹路都恰到好处，太厉害了！,200,,100,-1,107752,夸赞种植猫气泡
107753,1,从松土、播种到引星露灌溉，种植猫每一步魔法培育都如此细致周全，整片田地都透着温润魔力,200,,100,-1,107752,
107754,1,每次看种植猫催动法术呵护幼苗，都能感受到满满的细心与巧思,200,,100,-1,107752,
107755,1,种植猫施展培育魔法照料田地的样子好神奇，每一株作物都稳稳汲取星尘力量,200,,100,-1,107752,
107756,1,种植猫滋养魔法施展得轻柔又恰到好处，地里的植株全都生机勃勃,200,,100,-1,107752,
107757,1,再等些日子呢能看到种下的作物都凝满星尘，整片农田会铺满温柔微光么,200,,100,-1,107752,
107758,1,上次见种植猫用魔法种出一大亩丰硕成熟的农作物，我们何时能再次体验丰收的喜悦呀,200,,100,-1,107752,
107759,1,已经开始憧憬丰收之时，整片农田挂满带星芒的魔法作物的景象了,200,,100,-1,107752,
107760,1,真盼着能够早日见到整片田地挂满带星芒的魔法作物...,200,,100,-1,107752,
107761,1,凭指尖流转的星尘魔力，便能催生出整片良田，你的种植魔法实在令人惊叹,200,,100,-1,107752,
107762,1,魔力入馔，风味绝佳。猪大厨，名不虚传！,200,,100,-1,107762,夸赞法术厨师气泡
107763,1,魔法赋予的独特风味……猪大厨做出来的魔法料理果然不凡！神了！,200,,100,-1,107762,
107764,1,最近在捣鼓什么魔法美食新配方？我已经等不及啦！,200,,100,-1,107762,
107765,1,又在酝酿什么魔法美味呀？这头啖汤，必须我来尝！,200,,100,-1,107762,
107766,1,食材与星尘魔法平衡得完美，火候和调味都拿捏得无可挑剔,200,,100,-1,107762,
107767,1,星尘魔力和食材融合得太妙了，味道绝佳！,200,,100,-1,107762,
107768,1,这道魔法料理风味独特，越吃越回味，不愧是猪师厨,200,,100,-1,107762,
107769,1,近期是否有在研发全新的魔法料理？大家都很期待新的美食配方,200,,100,-1,107762,
107770,1,魔力和食材完美相融，风味无可替代！方便透露佳肴的制作配方？,200,,100,-1,107762,
107771,1,寻常食材经你的魔法巧手烹制，竟能焕发出这般惊艳的味道，实在令人赞叹,200,,100,-1,107762,
107772,1,入口即化，搭配柔和的治愈魔法，吃完浑身都暖洋洋的，太好吃啦！,200,,100,-1,107762,
107773,1,你的料理永远能给大家惊喜，魔力和食材融合得恰到好处！太佩服你了！,200,,100,-1,107762,
107774,1,一口下去浑身都舒服，温和的魔力裹着鲜香，不知道怎么形容，只觉得特别治愈，好感动,200,,100,-1,107762,
107775,1,猪厨师做的料理不只是好吃，吃完心里软软的，感动得我都舍不得咽下最后一口,200,,100,-1,107762,
107776,1,天呐，魔法乐声也太过治愈了，每一段旋律都像揉碎的星光落在耳边~,200,,100,-1,107776,夸赞猫乐手气泡
107777,1,好动人的乐曲，魔法乐器奏响的韵律，温柔得抚平心底所有浮躁~,200,,100,-1,107776,
107778,1,实在惊艳，乐声裹挟细碎星尘缓缓流淌，这般演奏世间难得一见,200,,100,-1,107776,
107779,1,乐曲落幕仍觉怅然，真希望猫乐手这场星光乐奏能够再延续片刻,200,,100,-1,107776,
107780,1,猫乐手的乐声里藏着独属于星尘之境的温柔，很好奇创作时怀揣怎样的心境,200,,100,-1,107776,
107781,1,每一段旋律都富有层次，真想知晓更多关于这些乐曲的故事,200,,100,-1,107776,
107782,1,猫乐手这般独特的魔法曲调，不知是耗费多少心思才打磨而成,200,,100,-1,107776,
107783,1,意犹未尽，猫乐手方才的旋律还萦绕耳畔，真想再聆听一次演奏,200,,100,-1,107776,
107784,1,乐器流淌出的旋律各有不同，这些灵动乐声，都藏着独属于星尘之境的故事,200,,100,-1,107776,
107785,1,猫乐手的演奏实在意犹未尽，满村的星光旋律还萦绕心头,200,,100,-1,107776,
107786,1,猫乐手每一次演奏的曲风都略有差别，期待下一段乐曲会携来怎样的星光韵律,200,,100,-1,107776,
107787,1,分外向往，很好奇他手中这件魔法乐器，究竟藏着多少独特旋律~,200,,100,-1,107776,
107788,1,狗舞者舞蹈实在活泼讨喜，每一个小动作都软乎乎的，法术光晕衬得整段表演格外鲜活,200,,100,-1,107788,夸赞狗舞者气泡
107789,1,满心憧憬，往后希望能有幸撞见狗舞者全新的舞蹈编排，搭配不一样的魔法特效,200,,100,-1,107788,
107790,1,狗舞者一举一动都满是童趣，随身绽放的小小法术特效，让舞蹈多了好多可爱趣味~,200,,100,-1,107788,
107791,1,狗舞者轻快软萌的舞姿搭配流转的魔法光斑，看得人满心欢喜~,200,,100,-1,107788,
107792,1,狗舞者舞蹈活泼又俏皮，伴随舞步散开的微光法术，处处都是可爱的小惊喜,200,,100,-1,107788,
107793,1,忍不住遐想狗舞者编排这些可爱舞步时，会搭配多少新奇的小法术,200,,100,-1,107788,
107794,1,好想跟随轻快灵动的动作，和狗舞者一同演绎这支可爱舞蹈~,200,,100,-1,107788,
107795,1,我见过不少冒险者的兵器，但你手上这把武器和它们都不一样，说说你这把武器的来历？,200,,100,-1,107795,讨论武器气泡
107796,1,哼，我才没有盯着你手上这把武器看，我可不觉得你这把武器有多厉害...,200,,100,-1,107795,
107797,1,下次冒险能不能带上我？我想亲眼见识你手上这把武器大展身手，期待看到你这把武器发挥力量！,200,,100,-1,107795,
107798,1,唔……能不能稍微举近一点，让我好好瞧瞧你手上这把武器，我超喜欢你这把武器！,200,,100,-1,107795,
107799,1,下次冒险能不能带上我？我想亲眼见识你手上这把武器大展身手，期待看到你这把武器发挥力量！,200,,100,-1,107795,
107800,1,不要拿你手上这把武器朝向我……我有点害怕，能不能暂时藏好你这把武器？,200,,100,-1,107795,
107801,1,要是有空，和我讲讲你手上这把武器的故事吧，我特别想听关于你这把武器的一切,200,,100,-1,107795,
107802,1,我守护萌宠村多年，见过许多像星芒剑@item_11777#、星芒法杖@item_11776#这样厉害的武器，但你手上这把武器有着独一份的气韵,200,,100,-1,107795,
107803,1,你手上这把武器是否@item_826#附了魔法铭文？相比我手上的这把，你这把在实战中的魔力消耗如何,200,,100,-1,107795,
107804,1,哈，勇士，你手上这把武器的附魔@item_826#稳定性不足，长期使用，大概率会慢慢流失魔力,200,,100,-1,107795,
107805,1,瞧见你手上端详把武器，勇士可知你手上这把武器在高级@item_11773#、中级@item_11772#、低级@item_11771#哪一档品质？,200,,100,-1,107795,
107806,1,你这把武器是难得的佳品，若是铭刻@item_826#它多种法术技能，必将成为传世神器！,200,,100,-1,107795,
107807,1,你这把武器身上的划痕、四溢的魔力，想必藏着不少冒险故事...,200,,100,-1,107795,
107808,1,如果你对武器很感兴趣的话，像星芒法杖@item_11776#、星芒剑@item_11777#、星尘弓@item_11778#都是不错的选择，也十分与你匹配,200,,100,-1,107795,
107809,1,哇，能不能凑近一点让我看看你手上这份美食！光是闻味道，我就好想吃...,200,,100,-1,107809,讨论美食气泡
107810,1,我的肚子都咕咕叫了，你手上这份美食如此诱人，可以分我一点你这个美食吗？,200,,100,-1,107809,
107811,1,香气一下子飘过来了！我光是看着就觉得你这个美食一定超级美味！,200,,100,-1,107809,
107812,1,真可惜，我今天刚吃完东西，没办法好好享用你手上这份美食，你想送我我都不想吃~,200,,100,-1,107809,
107813,1,哼，我吃过更多好吃的料理，但你手上这份美食，确实还算不错~,200,,100,-1,107809,
107814,1,你手上这份美食放置太久了，失去了原本的风味？就像是混着皮夹衣的馊味儿...,200,,100,-1,107809,
107815,1,光是嗅到香气我就快流口水啦快说说你这个美食是怎么做出来的？,200,,100,-1,107809,
107816,1,我亲手做过许多魔法料理……但你手上这份美食，确实有过人之处,200,,100,-1,107809,
107817,1,你手上这份美食表层萦绕着柔和魔力，制作者很懂魔法烹饪，我由衷欣赏你这个美食~,200,,100,-1,107809,
107818,1,我烹饪过像星露莓@item_550101#、新斑野猪排@item_505103#等美味料理，你手上的美食太一般了~,200,,100,-1,107809,
107819,1,魔焰火候决定口感，制作者的心情赋予料理魔力，而你手上这份美食完美，我都心生赞叹,200,,100,-1,107809,
107820,1,本大厨钻研星尘之境魔法食材多年，但...你这个美食是异域才有的食材制作的吧？,200,,100,-1,107809,
107821,1,不要随意在外展示美食，懂料理的人会觊觎制作你手上这个美食的独家食材配方，比如…我~,200,,100,-1,107809,
107822,1,你手上这份美食雾气很重，食用要适量，不然会打乱体内魔法循环！,200,,100,-1,107809,
107823,1,天呐，你手上这份作物果实圆润饱满，打理得也太好了，有什么种植物小技巧？,200,,100,-1,107823,讨论作物气泡
107824,1,你手上这份作物果肉厚实，等成熟之后，拿来炖汤、烤糕一定香甜无比！,200,,100,-1,107823,
107825,1,从没见过成色这么好的作物，你手上这份农作物看着就一定被细心照料过…,200,,100,-1,107823,
107826,1,叶片饱满、果实体态匀称，你手上这份农作物实在惹人喜欢，也太厉害了！,200,,100,-1,107823,
107827,1,哇，快拿近点看看！你这个种植物长得饱满又鲜亮，长势也太好了吧！,200,,100,-1,107823,
107828,1,我做梦都想在自家小院种上你这个种植物~,200,,100,-1,107823,
107829,1,我菜园里也种了不少蔬果，你这个种植物确实比我的收成好看~,200,,100,-1,107823,
107830,1,你手上这份作物还差几日完全熟透，现在摘下，少几分香甜，浪费了风味喽~,200,,100,-1,107823,
107831,1,单凭你手上这份作物表层流转的微光魔力就能看出，你的种植功底十分扎实！,200,,100,-1,107823,
107832,1,叶片厚实、果实饱满，魔力纹路均匀分布，我培育数十年，很少见到状态这么优质的你这个种植物~,200,,100,-1,107823,
107833,1,你手上这份农作物果肉蕴含柔和甜润魔力，熬制蜜酱、烘烤糕点，滋味一定会远超普通食材,200,,100,-1,107823,
107834,1,我培育过星芒麦@item_201917#、晶髓花@item_201919#等稀有种植物，还从没见过你手上这种魔力感极强的...,200,,100,-1,107823,
107835,1,方便轻轻托稳你手上这份农作物？我将感知它的魔力脉络，记录魔力生长规律，完善我的种植典籍…,200,,100,-1,107823,
107836,1,作为萌宠村多年的魔法种植培育大师，我一眼就看出你手上这份农作物产自异地是吗？,200,,100,-1,107823,
107837,1,你手上这个材料，我从来没见过这种东西，是做什么的呀？,200,,100,-1,107837,讨论材料制作气泡
107838,1,不知你手上拿着这个材料，是打算去做什么魔法宝贝呀？,200,,100,-1,107837,
107839,1,好独特，整片魔法林地我都逛遍了，完全不认识你手上这个材料…,200,,100,-1,107837,
107840,1,要是收集大量你手上这个材料，能打造出什么好用的物件么？,200,,100,-1,107837,
107841,1,料理、锻造、附魔哪一种会用到你手上这个材料？快讲讲能做些什么好物,200,,100,-1,107837,
107842,1,你手上这个材料可以搭配什么东西或炼成什么么？,200,,100,-1,107837,
107843,1,看你一直随身带着你手上这个材料，你手上这个材料是不是有很重要的用处？,200,,100,-1,107837,
107844,1,哇，你手上这个乐器看着好特别！叫什么名字呀？,200,,100,-1,107844,简单讨论乐器气泡
107845,1,等等！你手上这个乐器也太有意思了！要怎样才能发出好听声音呢？,200,,100,-1,107844,
107846,1,你手上这个乐器好新奇，快弹一下这个乐器听听！,200,,100,-1,107844,
107847,1,风好像都围着你手上这个乐器转，它演奏时会飘出魔法音符吗？,200,,100,-1,107844,
107848,1,你手上这个乐器演奏出来的曲子，会是什么温柔的声响？,200,,100,-1,107844,
107849,1,魔法演奏境多年，各类魔乐器物我大多见过，唯独…你手上这个乐器弹奏时会诞生魔法音律吗？,200,,100,-1,107844,
107850,1,作为专业的猫乐手，我单凭外观就能感受到蕴藏的韵律，你手上这个乐器上手难度不会高…,200,,100,-1,107844,
107851,1,没想到你喜欢音乐演奏，笛@item_11908#、鼓@item_11909#、琵琶@item_11907#你用哪个...还是说你手上这个？,200,,100,-1,107844,
107852,1,我毕生热爱演奏！若是他日有缘，期待你手上这个乐器搭配我的魔音法器会诞生怎样动人旋律,200,,100,-1,107844,
107853,1,能遇上同样喜爱乐曲的旅者实在难得，往后若有闲暇，我们便一同合奏一曲,200,,100,-1,107844,
107854,1,传闻村中深处，藏着数不尽的魔法秘宝。要不要一起去找找~,200,,100,-1,107854,邀请玩家追逐气泡
107855,1,我要组建冒险小队，一同外出探寻林间奥秘。我是队长！想入伙的快点跟上～,200,,100,-1,107854,
107856,1,我们比赛跑步吧，可不许靠魔法耍赖～,200,,100,-1,107854,
107857,1,略略略，来追我呀来追我呀，看你能不能抓到我～,200,,100,-1,107854,
107858,1,你来追我噻，来追我噻～要是追上我才算你厉害！,200,,100,-1,107854,
107859,1,瞧！那里有一只漂浮的幽灵娃娃…骗你的，哈哈哈~,200,,100,-1,107854,
107860,1,快跟我来！我们一起过去，呃…,200,,100,-1,107854,
107861,1,真没想到，你一路都跟了上来。既然如此，我便承认你的能耐，这点心意赠予你,200,,100,-1,107861,玩家跟上后送礼气泡
107862,1,没想到你竟一路追随至此。也罢，我认可你了，这份薄礼，请收下,200,,100,-1,107861,
107863,1,不愧是我所信赖的伙伴，你终究跟上了我的脚步。此物赠予你，以此见证你我之间的情谊,200,,100,-1,107861,
107864,1,嘿！还真别说，你还挺厉害的，这都跟上了，那这个宝藏就送你啦~,200,,100,-1,107861,
107865,1,既然你已经更到这了，我也实在想不到什么推脱的理由了，那就送你个这个吧~,200,,100,-1,107861,
107866,1,尝试一下高深莫测的魔法技术！,200,,100,-1,107866,练习魔法气泡
107867,1,今天不练高深法术，就单纯玩玩轻松的小魔法,200,,100,-1,107866,
107868,1,诶？魔法怎么失灵了？是我的吟唱方式不对吗？还是...,200,,100,-1,107866,
107869,1,今天来尝试一下进阶魔法，魔力魔力哄...,200,,100,-1,107866,
107870,1,看来太久没有练习这支法术了，有点生疏了呢...,200,,100,-1,107866,
107871,1,嘿嘿，让我来尝试一下新学的法术动作，吼吼哈嘿！,200,,100,-1,107866,
107872,1,今天手感挺好，心情也好，练练法术玩玩吧~,200,,100,-1,107866,
107873,1,且让我试着催动这套繁复玄妙的星尘术法...,200,,100,-1,107866,
107900-108099,,萌宠村通用2,,,,,,
107901,1,居然攻击我，别跑，我要让你尝尝我的厉害！,200,,100,-1,107901,受击反击气泡ID
107902,1,竟敢欺负我，看我怎么收拾你！,200,,100,-1,107901,
107903,1,哎呀！居然打我，我要给你点好果子尝尝！,200,,100,-1,107901,
107904,1,就你动手打我是吧？看我不好好收拾你！,200,,100,-1,107901,
107905,1,嘿呀，有点意思，你居然出手，我不会轻易放过你的！,200,,100,-1,107901,
107906,1,好痛啊！你竟敢冒犯我，看我给你点颜色瞧瞧...,200,,100,-1,107901,
107907,1,是谁动手伤我，今日定要你付出代价！看招,200,,100,-1,107901,
107908,1,大胆，居然打我，看我给你点苦头尝尝！,200,,100,-1,107901,
107909,1,好痛呀，你怎么突然打我？,200,,100,-1,107909,受击质问气泡ID
107910,1,为什么要伤害我，我好像也没有对你做太的坏事,200,,100,-1,107909,
107911,1,我好好想想……是不是我哪里惹你生气了？,200,,100,-1,107909,
107912,1,呜哇，下手好重，再打我就不理你咯！,200,,100,-1,107909,
107913,1,为何打我？有什么误会吗？,200,,100,-1,107909,
107914,1,就算不喜欢我，也不用动手打我呀...,200,,100,-1,107909,
107915,1,大家都和睦相处，勇士为何要攻击我？,200,,100,-1,107909,
107916,1,哼，我不跟你玩了，你怎么能随便打人嘛!,200,,100,-1,107909,
107917,1,打人是不对的哦，我们应该静下来好好聊,200,,100,-1,107909,
107918,1,别伤害主人，有什么冲我来！,200,,100,-1,107918,救助主人气泡ID
107919,1,竟敢对主人动手，看我收拾你！,200,,100,-1,107918,
107920,1,主人别怕，我来保护你！,200,,100,-1,107918,
107921,1,不许欺负我的主人，主人别怕，我来帮你！,200,,100,-1,107918,
107922,1,你竟敢欺负我的主人，看我怎么收拾你！,200,,100,-1,107918,
107923,1,主人别慌，我这就上前帮你击退敌人！,200,,100,-1,107918,
107924,1,可恶，竟然敢伤害我的主人，不可饶恕！,200,,100,-1,107918,
107925,1,主人交给我，我来帮你赶走坏人！,200,,100,-1,107918,
107926,1,主人莫慌，我前来与你并肩助战！,200,,100,-1,107918,
107927,1,可恶，竟让他逃走了，下次相遇定要给他苦头！,200,,100,-1,107927,目标脱离气泡ID
107928,1,算你跑得快，下次见到你定将好好教训你！,200,,100,-1,107927,
107929,1,咦，人去哪了？可惜让他逃掉了，下次碰面自有他好受的！,200,,100,-1,107927,
107930,1,这次暂且放他离开，下次相遇绝不姑息！,200,,100,-1,107927,
107931,1,一溜烟就没影了，算了先不追了...,200,,100,-1,107927,
107932,1,好家伙溜得这么快，累死我了，追不上了，暂且先不追了吧...,200,,100,-1,107927,
107933,1,这家伙也跑太快了吧...片刻功夫就没踪影了,200,,100,-1,107927,
107934,1,呼呼，没想到这居然都让他给跑了，看来日后得加强体能了...,200,,100,-1,107927,
107935,1,可恶，被他脱身了，下回撞见绝不轻饶！,200,,100,-1,107927,
107936,1,解决掉了，危险已经清除！,200,,100,-1,107936,目标死亡气泡ID
107937,1,目标成功击败，又为守护世界安宁贡献了一份力量，哈哈！,200,,100,-1,107936,
107938,1,原以为有多厉害，没想到这么容易解决...,200,,100,-1,107936,
107939,1,嗯？这么快就倒下了，未免也太不经打了吧~,200,,100,-1,107936,
107940,1,就这点本事也敢主动找上门来？三两下就被解决咯,200,,100,-1,107936,
107941,1,敌人已被击溃！纷争到此落幕，不必再担忧了,200,,100,-1,107936,
107942,1,眼前这个作乱的家伙，已经被我顺利彻底消灭干净啦！,200,,100,-1,107936,
107943,1,成功铲除目标，又化解了一场突如其来的危机，嘿嘿！,200,,100,-1,107936,
107944,1,我看谁还敢前来挑衅，这就是下场哦！,200,,100,-1,107936,
107945,1,主人等等我，无论去往何处我都紧跟您！,200,,100,-1,107945,跟随主人气泡ID
107946,1,老大别丢下我，老大去哪我便去哪，由我来护您安危！,200,,100,-1,107945,
107947,1,主人别走太快，不然我快跟不上啦！,200,,100,-1,107945,
107948,1,主人你要去往何处？我来一路随行，护你周全...,200,,100,-1,107945,
107949,1,主人我们什么时候回家@item_1202#呀？回家后我会帮主人打理干活~,200,,100,-1,107945,
107950,1,我就静静的跟着主人，主人去到哪我就跟到哪~,200,,100,-1,107945,
107951,1,前路无论主人奔赴何方、处理何事，我始终紧随左右，一路护您前行！,200,,100,-1,107945,
107952,1,凡主人行止所及、事务所涉，我以身随行，护你千里...,200,,100,-1,107945,
107953,1,主人快带我回你的村子@item_1202#吧，我可以去到你村子里帮你干活的！,200,,100,-1,107945,
107954,1,主人快带我回家@item_1202#吧，我会自己去干活的哟~,200,,100,-1,107945,
107955,1,唔唔，太美味啦！好吃到我尾巴都忍不住晃起来，多谢你的投喂咯！,200,,100,-1,107955,感谢投喂气泡ID
107956,1,好吃到冒魔法泡泡！你的心意我收下啦！,200,,100,-1,107955,
107957,1,感谢大方又温柔的冒险者，愿你的冒险一路顺遂，好运常伴！,200,,100,-1,107955,
107958,1,寻常魔法浆果远不及它半分可口，感谢你带来这般珍贵滋味,200,,100,-1,107955,
107959,1,居然收到这么可口的吃食，冒险者，你的心意我好好收下咯,200,,100,-1,107955,
107960,1,天呐，这吃食简直是世间珍宝！多谢冒险者慷慨分享～,200,,100,-1,107955,
107961,1,哇啊啊，这味道！让我想起了好久之前前辈烹饪的荧菇炖汤@item_200286#，甚是怀念...,200,,100,-1,107955,
107962,1,好好吃！我从未尝过，这是你们世界的特产吗？,200,,100,-1,107955,
107963,1,太感谢啦，这美食太合我心意！我的家乡星尘之境满是特色魔法佳肴，有空分你品尝,200,,100,-1,107955,
107964,1,这是什么呀，味道也太古怪啦！我有点吃不惯,200,,100,-1,107955,
107965,1,多谢款待，风味新奇，来日以秘境美食相酬,200,,100,-1,107955,
107966,1,天呐，好奇怪的味道，这究竟是什么小点心呀？,200,,100,-1,107955,
107967,1,送我个星辉面包@item_200260#，我可以认你为主人，一直跟随于并守护你哦！,200,,100,-1,107967|108301,想被驯服气泡ID
107968,1,许久未曾品尝星辉面包@item_200260#，若你愿赠予我一枚，我便倾心归附，终生追随侍奉于你～,200,,100,-1,107967|108301,
107969,1,星辉面包@item_200260#清甜滋味萦绕心头许久，若你有心相赠，我便奉你为主，效力于你~,200,,100,-1,107967|108301,
107970,1,若你愿意拿出星辉面包@item_200260#相赠，我也愿此生追随于你~,200,,100,-1,107967|108301,
107971,1,萌宠村世代敬奉勇士，若君不弃，赠星辉面包@item_200260#为契，我等此生誓死相随！,200,,100,-1,107967|108301,
107972,1,星辉面包@item_200260#，一口甜香寄归心，如你有此物可随时来找我缔结誓约，我将永生追随于你~,200,,100,-1,107967|108301,
107973,1,带我走吧勇士！只需一个星辉面包@item_200260#，我愿认你为主人，余生皆听你号令，伴你左右,200,,100,-1,107967|108301,
107974,1,不好啦，有怪兽入侵啦，大家快跑！,200,,100,-1,107974,见怪物逃跑气泡ID
107975,1,附近有怪兽出没，大家抓紧离开此地！,200,,100,-1,107974,
107976,1,糟糕糟糕，怪兽朝这边过来啦，大家快躲起来！,200,,100,-1,107974,
107977,1,当心！有怪兽闯进来了，大家速速撤离！,200,,100,-1,107974,
107978,1,警告！附近有怪兽出没，大家注意远离躲避！,200,,100,-1,107974,
107979,1,当心些，周边有怪兽游荡，大家快快避开，寻地方藏好呀...,200,,100,-1,107974,
107980,1,警戒！附近有怪兽踪迹，诸位切莫靠近，注意远离躲避！,200,,100,-1,107974,
107981,1,不好啦，怪兽来啦！快跑啊...,200,,100,-1,107974,
107982,1,大家戒备，周边有怪兽出没！掌握攻伐术法的伙伴听我号令，随我一同迎敌！,200,,100,-1,107982,见怪物追击气泡ID
107983,1,附近窥见怪兽行踪，守卫者们听令！紧盯四方动静，合力阻拦怪兽进犯,200,,100,-1,107982,
107984,1,远方传来污染气息，不好！周围有怪兽游荡，速速上前抵御入侵！,200,,100,-1,107982,
107985,1,嗯哼，有怪兽来袭，来尝尝我的新招式吧~,200,,100,-1,107982,
107986,1,附近有怪兽来袭，注意戒备！看我用法术击退他们！,200,,100,-1,107982,
107987,1,怪兽闯进来啦，大家小心应战～正好让你们瞧瞧我的拿手本事！,200,,100,-1,107982,
107988,1,敌兽闯境，速速布防迎击，看我施展精妙魔力技法退敌！,200,,100,-1,107982,
107989,1,诸位谨守心神，怪兽已然迫近！凡兼修武法之术士，随我并肩驱退来犯之兽,200,,100,-1,107982,
107990,1,咦，仔细瞧你的模样，竟和我许久未见的一位旧友格外相像，真是奇妙的缘分，哈哈...,200,,100,-1,107990,见到可爱动物气泡ID
107991,1,你好呀小家伙，什么？你也想化身为萌宠人？哈哈，可惜我不会那样的法术~,200,,100,-1,107990,
107992,1,嗯哼，记得未觉醒化形的那段岁月，我也如同此刻的你，一直陪伴在大法师身侧~,200,,100,-1,107990,
107993,1,好喜欢和你们待在一块儿，总能感受到满满的暖意，分外亲切...,200,,100,-1,107990,
107994,1,喔~回看从前的模样，才发觉那时的我们竟这般软萌可爱~,200,,100,-1,107990,
107995,1,主动和你搭话，你却如此冷淡，实在叫人难过，咒你永远不能觉醒化形，哼哼！,200,,100,-1,107990,
107996,1,呀，好可爱的萌宠，仿佛看到了以前的自己呢~,200,,100,-1,107990,
107997,1,哎，别走呀可爱的小家伙，你有感知到我方才的心灵呼唤？,200,,100,-1,107990,
107998,1,嘿！我还以为重逢昔日挚友呢，不过他以前确实长你这样...,200,,100,-1,107990,
107999,1,哦，软乎乎的小家伙，你是想和我交朋友吗？,200,,100,-1,107990,
108000,1,看来我们很有缘分呀，就像和我几个朋友们@item_13326#、@item_1333427#、@item_13328#一样~,200,,100,-1,107990,
108001,1,哇，可真是怀念以前的模样啊，那会呆呆萌萌的~,200,,100,-1,107990,
108002,1,嘿小可爱，我们竟然能听懂彼此的心声，太奇妙啦！,200,,100,-1,107990,
108003,1,忽然发觉，没能觉醒化形的那段日子反倒格外美好，不必操心琐事，整日无忧无虑，自在随心,200,,100,-1,107990,
108004,1,嗨，小可爱，你好啊"曾经的自己"，不知道我们往后还能不能相遇~,200,,100,-1,107990,
108005,1,咕噜噜……再不吃东西，我就要饿得变回原形啦！,200,,100,-1,108005,没有饭吃气泡
108006,1,唉阿巴阿巴...我真的好饿啊，可是附近真是一点吃的都看不到...,200,,100,-1,108005,
108007,1,猪大厨@item_13333#今天似乎罢工了？空荡荡的，一点美食的气息都没有~,200,,100,-1,108005,
108008,1,我刚刚数了三遍，这周围真的连一口能吃的东西都没有！,200,,100,-1,108005,
108009,1,是哪个贪吃鬼把附近的美食全给藏起来了吗？怎么找不到吃的...,200,,100,-1,108005,
108010,1,刚才好像看到一只烤鸡从眼前飞过去了？一定是饿出幻觉了…,200,,100,-1,108005,
108011,1,糟糕，我的胃袋正在向大脑发送一级饥饿警报，但这片区域的美食刷新率简直是零！,200,,100,-1,108005,
108012,1,呜……这都到饭点了，怎么周围连一口能吃的东西都看不到呀？,200,,100,-1,108005,
108013,1,在思考一个深奥的问题：当周围没有任何食物时，存在的意义是什么？答案是——找吃的！,200,,100,-1,108005,
108014,1,奇怪，明明到了饭点，怎么周围静悄悄的，连一点美食的影子都看不到？,200,,100,-1,108005,
108015,1,咦？是不是我的鼻子坏掉了？怎么闻不到一点点食物的香味，周围空空如也！,200,,100,-1,108005,
108016,1,嗯哼，难道今天的午餐被风吹跑了吗？怎么放眼望去全是空气…,200,,100,-1,108005,
108017,1,这个时候，广场@item_201020#的篝火该燃起来了。大家都会去那儿…而我却找不到回家的路...,200,,100,-1,108017,无法聚会气泡
108018,1,又到篝火聚会的时候了…啧，偏偏在这种时候，我迷路了,200,,100,-1,108017,
108019,1,哎呀...村落@item_201020#的篝火晚会这个时间应该快开幕了，看来我等不到那个时候了,200,,100,-1,108017,
108020,1,星尘间传递着晚间烤火的弥香，村落@item_201020#晚间聚会看样子是赶不上了...,200,,100,-1,108017,
108021,1,呜……风里飘来了烤浆果的甜味，还有大家唱歌的声音…而我还在野外徘徊,200,,100,-1,108017,
108022,1,篝火……暖暖的，我……冷冷的，迷路……坏坏的,200,,100,-1,108017,
108023,1,明明答应过要回去点篝火的……这下好了，不仅错过了故事会，还要在这里被蚊子咬包包,200,,100,-1,108017,
108024,1,没有我在旁边暖场，今晚村落@item_201020#的篝火晚会会不会觉得太冷清了呀？好想回去贴贴…,200,,100,-1,108017,
108025,1,连路过的萤火虫都急着回去@item_201020#参加篝火晚会……只有我，好像被森林遗忘在这里了,200,,100,-1,108017,
108026,1,大家现在肯定都坐在 @item_201020# 旁边暖呼呼地聊天吧……只有我一个人在冷风里迷路了，呜呜…,200,,100,-1,108017,
108027,1,这么晚了，村落@item_201020#的篝火晚会应该烧得正旺吧？再找不到路，我就要变成野外的小可怜了…,200,,100,-1,108017,
108028,1,大家现在一定正围着@item_201020#狂欢吧？谁来救救迷路的我呀…,200,,100,-1,108017,
108029,1,哇！图腾今天的光芒好像比昨天更亮了一点点耶！它好像也在汲取星辰的力量！,200,,100,-1,108029,祈祷图腾庇佑气泡
108030,1,只要围着图腾跑得够快，烦恼就追不上我！哎呀，好像把自己转晕了……,200,,100,-1,108029,
108031,1,伟大的图腾呀，请保佑村落，保佑我们共同的家园...保佑她能够平安归来...,200,,100,-1,108029,
108032,1,嘘-让我们闭上眼听聆听图腾的呼唤，虔诚的祈祷...,200,,100,-1,108029,
108033,1,祈求图腾赐予我们勇气，无论未来遇到什么困难，我们都能像守护图腾一样守护彼此,200,,100,-1,108029,
108034,1,听说对着图腾打哈欠会被好运砸中？哈——欠——！哈？好像只有口水流出来了…,200,,100,-1,108029,
108035,1,听说心诚则灵？那我闭上眼睛默念：愿和平与快乐，永远笼罩着我们的四叶部落！,200,,100,-1,108029,
108036,1,我把自己最真挚的心意献给你，愿图腾的光辉能照亮每一个黑暗的角落，驱散所有的寒冷,200,,100,-1,108029,
108037,1,哇，又到了晚间聚会时间，村落里的小伙伴都会来到图腾附近祈祷或狂欢！,200,,100,-1,108029,
108038,1,图腾亮起，欢乐聚集！晚间聚会开始咯——！,200,,100,-1,108029,
108039,1,哇——！晚风里都是快乐的味道！图腾聚会开始啦，快跟我抢个好位置！,200,,100,-1,108029,
108040,1,伟大的图腾呀，请把你的光芒洒满整个村子吧！让每一个迷路的小伙伴都能找到家...,200,,100,-1,108029,
108041,1,拍拍身上的草屑，抖抖身子！新的一天开始啦，今天也要要元气满满！,200,,100,-1,108041,起床气泡
108042,1,伸个大大的懒腰！把昨晚的瞌睡虫统统赶走！早安呀，大家！,200,,100,-1,108041,
108043,1,大家早安！今天也要像四叶草一样，元气满满地迎接阳光哦！,200,,100,-1,108041,
108044,1,咻——！虽然还有点困，但想到今天又能和皮皮猪一起去玩，我就又充满电啦！,200,,100,-1,108041,
108045,1,梦里说今天会有流星雨！我要早点起床，把许愿瓶擦得亮亮的！,200,,100,-1,108041,
108046,1,唔……被窝好像长出了小手，紧紧抱住我不让我走…,200,,100,-1,108041,
108047,1,早安呀！今天的风好温柔，感觉像是被羽毛轻轻拂过一样呢,200,,100,-1,108041,
108048,1,蹦！今天也要做村子里跑得最快的小可爱！冲呀——！,200,,100,-1,108041,
108049,1,呼噜噜……昨晚梦里的魔法药水好像熬糊了，难怪今天醒来嘴里是焦糖味的！?,200,,100,-1,108041,
108050,1,本魔法使的魔力值正在加载中……进度99%，需要一个早安抱抱才能完成最后的充能！,200,,100,-1,108041,
108051,1,左三圈，右三圈，脖子扭扭，屁股扭扭～早操做完，今天又是活力全开的一天！,200,,100,-1,108041,
108052,1,是谁把本大王吵醒的？我的眼睛都还没完全睁开呢……,200,,100,-1,108041,
108053,1,嘿！别走呀，快来看我变个好玩的给你瞧瞧！,200,,100,-1,108053,给玩家表演好玩的气泡
108054,1,喂喂，勇士看这里看这里！我有个超酷的东西要展示给你看哦！,200,,100,-1,108053,
108055,1,等等我，勇士！我有个好玩的小把戏，只给你一个人看！,200,,100,-1,108053,
108056,1,嘘——过来，我给你看个好玩的，不许告诉别人哦！,200,,100,-1,108053,
108057,1,你看我！你看我！我有个好玩的魔法要给你看！,200,,100,-1,108053,
108058,1,勇士！快过来，看我来给你表演一个好玩的东西~,200,,100,-1,108053,
108059,1,喂！你看起来很无聊的样子，要不要看我表演？,200,,100,-1,108053,
108060,1,勇士！快看快看！我会一个超酷的魔法哦！,200,,100,-1,108053,
108061,1,嘿，勇士！想不想看我表演个绝活？超有趣的！,200,,100,-1,108053,
108062,1,嘿！别发呆啦，快来看看我新学的小把戏！,200,,100,-1,108053,
108065,1,嘿嘿，是不是超级厉害？快夸我快夸我！,200,,100,-1,108065,问玩家好玩吗气泡
108066,1,怎么样怎么样？我表演得好不好呀？,200,,100,-1,108065,
108067,1,好玩吗？要不要再来一次呀？,200,,100,-1,108065,
108068,1,嘿嘿，是不是很有趣？我都练了好久呢！,200,,100,-1,108065,
108069,1,怎么样？是不是特别好玩？,200,,100,-1,108065,
108070,1,怎么样？我的表演有没有让你开心？,200,,100,-1,108065,
108071,1,好玩吧？我是不是很厉害？,200,,100,-1,108065,
108072,1,怎么样？是不是被我的可爱击中了？,200,,100,-1,108065,
108073,1,嘿嘿，这样是不是很有意思呀！,200,,100,-1,108065,
108077,1,回来啦！看你心情这么好，是不是钓到了什么大家伙？,200,,100,-1,108077,夸赞钓鱼猫气泡
108078,1,野外钓鱼有什么好玩的心得吗？快教教我，我也想学学怎么让鱼饵像魔法一样吸引鱼！,200,,100,-1,108077,
108079,1,哇！你真是我们村的‘钓鱼大师’呀，每次都能带回新鲜的故事！,200,,100,-1,108077,
108080,1,又在偷偷溜出去了吧？下次记得带上我的份，我也想看看河边的风景！,200,,100,-1,108077,
108081,1,嘿！听说河里的星光鱼只有在月圆之夜才会上钩，你真的钓到过吗？,200,,100,-1,108077,
108082,1,今天收获怎么样？你这选钓位的眼光真好，总能找到鱼儿扎堆的好地方！,200,,100,-1,108077,
108083,1,钓鱼小猫，快跟我们讲讲，野外钓鱼到底有什么秘诀呀？为什么你每次都能满载而归？,200,,100,-1,108077,
108084,1,你这根鱼竿是不是被施了‘自动上鱼’的魔法？不然怎么每次提竿都这么准！,200,,100,-1,108077,
108085,1,快让我看看今天的战利品！你这钓鱼技术，简直比专业的渔夫还要厉害呐！,200,,100,-1,108077,
108086,1,又去河边吹风啦？真羡慕你这份闲情逸致，钓的不是鱼，是难得的宁静呀,200,,100,-1,108077,
108100-108299,,萌宠村通用3,,,,,,
108101,1,哎呀，这是谁整理的书籍呀，藏着些什么秘密呢...,200,,100,-1,108101,对着书柜气泡
108102,1,神奇的魔法书~快告诉我，里面都书写了哪些传奇故事吧？,200,,100,-1,108101,
108103,1,嗯？是在这里取书吗？快让我瞧瞧，今天该学点什么好玩的魔法...,200,,100,-1,108101,
108104,1,哇，这里好多书魔法书呀！该从哪本开始学起呢~,200,,100,-1,108101,
108105,1,哇，我好像看见书从书柜里飞了出来，这是幻觉吗？,200,,100,-1,108101,
108112,1,咦？这个圆滚滚的罐子@item_737#里，是不是藏着什么会发光的小秘密呀？,200,,100,-1,108112,对着罐子气泡
108113,1,这个罐子@item_737#看起来好古老呀，里面会不会有什么好东西呢？,200,,100,-1,108112,
108114,1,快看！我发现了一个大罐子@item_737#，我们要不要一起把它打开？,200,,100,-1,108112,
108115,1,听说这个罐子@item_737#里会随机敲出一些小东西呢，真神奇~是谁藏在里面的呢~,200,,100,-1,108112,
108123,1,嘿嘿，终于找到了，这里就是魔法师们练习法术的地方了！,200,,100,-1,108123,对着法术台气泡
108124,1,这个法术炼造台看起来搁置很久了的样子...不过好在还能使用~,200,,100,-1,108123,
108125,1,法术提炼装置可以提炼药水，铭刻台可以撰写魔法卷轴，这都是大法师们的必修之路！,200,,100,-1,108123,
108126,1,呼呼，终于找到个没有人使用的法术练造台了，让我来好好研究研究...,200,,100,-1,108123,
108127,1,神奇的法术台，多久会迎来它的下一个契约缔结者呢~,200,,100,-1,108123,
108134,1,这就是种植猫的种植园@item_1203#了，让我来好好仔细瞅瞅，都种了些啥神奇的瓜果~,200,,100,-1,108134,对着农夫旗帜气泡
108135,1,听说种植猫每天就是@item_1203#来这里用魔法种植培育蔬果的！,200,,100,-1,108134,
108136,1,这里就是种植猫精心栽培的种植园@item_1203#了吧，好神奇呀！,200,,100,-1,108134,
108137,1,种植猫每天都会来这里@item_1203#培育魔法蔬果，听说把种子放在附近箱里它就会拿着种！,200,,100,-1,108134,
108138,1,嗯，就是这里了！来种植园@item_1203#就可以能看到种植猫的魔法种植表演了！,200,,100,-1,108134,
108145,1,喔~这里@item_1205#就是村庄战士法师们的守卫阵地了！能蹲到一场精彩的驱敌场面吗~,200,,100,-1,108145,对着守卫旗子气泡
108146,1,到了，这里就是村庄守卫者们的阵地@item_1205#了，运气好的话就会看到守卫们在附近站岗巡逻！,200,,100,-1,108145,
108147,1,嘿嘿，也是有幸来村庄的守卫阵地@item_1205#逛上一圈了！,200,,100,-1,108145,
108148,1,哇，果然要来守卫阵地@item_1205#才能看到武装的战士和身披斗篷的法师！,200,,100,-1,108145,
108149,1,芜湖，到了守卫的驻守阵地@item_1205#，让我来看看它们都在干些啥！,200,,100,-1,108145,
108156,1,哇，这片花草好柔软呀！感觉躺上面睡一觉，梦里都会冒出闪闪发光的泡泡~,200,,100,-1,108156,对着花草气泡
108157,1,这片花草丛中会不会藏着被遗落的宝贝呢~,200,,100,-1,108156,
108158,1,拨开这片叶子看看……哇！是空的…,200,,100,-1,108156,
108159,1,这片花草丛看起来鼓鼓的，像不像一个没拆封的魔法盲盒？我要不要‘啵’地一下把它打开？,200,,100,-1,108156,
108160,1,嗯，好漂亮的小花草~真想把它夹在日记本里，做成独一无二的魔法书签,200,,100,-1,108156,
108167,1,星尘女神啊，请庇佑我们村子免受魔兽的侵扰，让每一个夜晚都只有美梦，没有噩梦,200,,100,-1,108167,对着星尘神像气跑
108168,1,愿您的星尘指引我的方向，让我在迷雾森林中不会迷失，找到那传说中的古老遗迹,200,,100,-1,108167,
108169,1,伟大的星尘女神啊，请庇佑这片土地吧，愿今年的麦穗能像星光一样饱满,200,,100,-1,108167,
108170,1,每次看到神像周围飘落的星尘，大家都觉得那是女神在给我们撒下祝福,200,,100,-1,108167,
108171,1,听说在神像前许愿，愿望会随着星尘飘向天际……女神啊，请听听我的祈求吧,200,,100,-1,108167,
108178,1,这水真清澈呀，感觉连心里的烦恼都被这星光洗净了...,200,,100,-1,108178,对着星辉水气泡
108179,1,这水波荡漾的样子，好像一首无声的歌，听得人心里都变得柔软起来了,200,,100,-1,108178,
108180,1,真希望时间能停在这一刻，让我能一直看着这美丽的星辉水面，什么烦恼都忘掉,200,,100,-1,108178,
108181,1,这水面摸起来凉凉的，是不是里面藏着什么神奇的魔法能量？,200,,100,-1,108178,
108182,1,快看，这水面上的星光，一定是星尘女神在向我们眨眼呢！愿她的光辉永远照耀我们,200,,100,-1,108178,
108183,1,英勇的勇士，既蒙您从虚空救回，我的魔力便只为您流淌。我将伴您左右,200,,100,-1,108183,大法师跟随气泡
108184,1,如果您累了，我们就回部落@item_1202#；如果您斗志昂扬，那我便陪您征战四方。一切听从您的吩咐，英勇的勇士,200,,100,-1,108183,
108185,1,英勇的勇士，您下一步打算去往何方？只要您需要，我便随您同行,200,,100,-1,108183,
108186,1,漫长的旅途需要休憩。勇士，若前方暂无要务，不如带我回部落@item_1202#小憩？,200,,100,-1,108183,
108187,1,世界很大，但我的视线只追随您一人。英勇的勇士，下一站是哪里？我已经准备好了,200,,100,-1,108183,
108188,1,只要是与您并肩，流浪也是一种归宿。勇士，无论去往何处，我都誓死相随,200,,100,-1,108183,
108189,1,不知你的脚步是否愿意迈向归途？带我回部落@item_1202#吧，那里有我能安心研读卷轴的静谧,200,,100,-1,108183,
108190,1,我的魔力在荒野中流逝得太快。勇士，若你也要返程，请带我随你回到部落@item_1202#，在那里的结界中稍作休整,200,,100,-1,108183,
108191,1,英勇的勇士，请带我回你的部落@item_1202#吧。我想去看看守护你长大的地方，究竟有着怎样的魔力,200,,100,-1,108183,
108192,1,这里的喧嚣并不适合冥想。英勇的勇士，能否带我回部落@item_1202#暂歇？,200,,100,-1,108183,
108193,1,英勇的勇士，我会安静地跟随，为您吟唱防护咒文。愿这份宁静能抚平您旅途的疲惫,200,,100,-1,108183,
108194,1,这世间的喧嚣终究让人疲惫……勇士，什么时候我们可以回到部落@item_1202#？,200,,100,-1,108183,
108195,1,承蒙勇士赠礼，老朽受之有愧。我将一直随你闯荡天涯，绝无怨言,200,,100,-1,108195,老村长跟随气泡
108196,1,勇士，咱们接下来往哪走？老朽虽年迈，但为你探探路、寻个歇脚处还是可以的,200,,100,-1,108195,
108197,1,风起了，勇士，下一站去哪？只要你不嫌老朽走得慢，老朽便一直跟着你,200,,100,-1,108195,
108198,1,看着你忙碌的身影，老朽仿佛看到了年轻时的自己。我会一直伴随你守着你,200,,100,-1,108195,
108199,1,别怕，有老朽在。这身老骨头虽然不中用了，但护你周全的魔法，老朽还使得动,200,,100,-1,108195,
108200,1,勇士只管向前冲，背后的风雨老朽替你挡,200,,100,-1,108195,
108201,1,老朽这把年纪了，也想去你的家乡@item_1202#讨杯热茶喝，顺便看看风景,200,,100,-1,108195,
108202,1,勇士，下一站是回部落@item_1202#吗？老朽虽走得慢，但若去你的家乡看看，也是跟得上的,200,,100,-1,108195,
108203,1,不知勇士的部落@item_1202#在何方？老朽可以去为你炼造法术,200,,100,-1,108195,
108204,1,若能去勇士的部落@item_1202#看看，老朽便心满意足了。往后你的药水卷轴，老朽全包了！,200,,100,-1,108195,
108205,1,勇士，咱们什么时候回你的部落@item_1202#？老朽想去看看，那是片怎样的水土养出了你这般人物,200,,100,-1,108195,
108206,1,勇士，带老朽回部落@item_1202#吧。老朽愿在你家乡安顿下来，平日里为你炼药制卷，略尽绵力,200,,100,-1,108195,
108300-108499,,狗猫猪村民,200,,100,-1,108195,
108301,1,听说！森林深处~住着一群小蘑菇人@item_13339#，圆滚滚的，超可爱！你见过没？,200,,100,-1,108301,分享星尘传闻气泡
108302,1,想来你早已窥见，星尘之境永夜恒存，万顷星河垂落，浮尘漫逐流光，是不是很美？,200,,100,-1,108301,
108303,1,传闻在森林最偏远的角落，栖息着一只独角兽@item_13347#，没人见过它真面目...要不跟我一起去碰碰运气？,200,,100,-1,108301,
108304,1,森林里的小溪边，总有"呱呱"声！可你走近了，但是它就停了...怪得很，像是知道你来了,200,,100,-1,108301,
108305,1,村里有个叫皮皮猪@item_13334#的小家伙，村里整天就知道捣蛋！你可得留个心眼，小心被他整了！,200,,100,-1,108301,
108306,1,嘘——别出声，我刚才听到风里有清甜的星影果@item_200255#的香气，一定是森林深处的精灵在偷吃,200,,100,-1,108301,
108307,1,你知道星辉四叶草@item_201915#吗？听说长在小溪边的三叶草@item_201914#丛里。寻得它的人，将会被好运眷顾,200,,100,-1,108301,
108308,1,你信吗？石缝里开出的花@item_12017#...宛如水晶雕琢，璀璨的近乎魔幻,200,,100,-1,108301,
108309,1,你可知道我们村里的猪大厨@item_13333#？他会用魔法烹饪美食哦，他的魔法料理各具风味~,200,,100,-1,108301,
108310,1,蘑菇林里长着许多好玩的蘑菇，会发出美妙音符的音乐菇@item_201925#，软弹弹的蹦床菇@item_201920#...,200,,100,-1,108301,
108311,1,萌宠村藏着不少身怀独特魔力的魔法师，他们常会随心在村中各处开启专属魔法展演，多留意哦,200,,100,-1,108301,
108312,1,昔日冒险，偶遇身形庞大的蘑菇国王@item_13319#，冠冕与法杖相伴，初见的震撼感我到现在都忘不掉,200,,100,-1,108301,
108313,1,以前的星影森林魔幻而又安宁，如今险象环生，我们如同笼中鸟被困在村中...,200,,100,-1,108301,
108314,1,密林深处藏着一汪辽偌大的星辉湖泊，景致如梦似幻，不知你可曾前去一观？,200,,100,-1,108301,
108315,1,记住别靠近森林外侧，整片区域都是村子的禁地，不许擅自进入……我也说不清背后缘由,200,,100,-1,108301,
108316,1,你有见过那些可爱的小精灵们@item_13346#吗？它们在森林中漂泊游荡，外表温顺可爱，可讨喜了,200,,100,-1,108301,
108317,1,星尘之境的河湖之间游曳着缤纷水鱼，星夜光纹@item_13635#、浪里白条@item_13637#格外好看，你收获过几条呀？,200,,100,-1,108301,
108318,1,咱们萌宠村有位种植猫@item_13335#，天天摆弄魔法栽培，培育出的蔬果鲜美极了，往后有空带你去瞧瞧~,200,,100,-1,108301,
108319,1,不知你是否偏爱尘封的传奇故事？村长@item_13364#时常在村里分享过往，我便是从他口中听闻那些旧事,200,,100,-1,108301,
108320,1,村中流浪艺人@item_13337#，@item_13338#时常驻留演出，乐曲伴翩跹舞姿，盈满欢愉气韵，想来你定会心生喜爱,200,,100,-1,108301,
108321,1,村落守卫@item_13330#，@item_13331#常年驻守哨塔，守护全村安宁，平日值守难免枯燥，有空不妨多与他们闲谈解闷,200,,100,-1,108301,
108322,1,村中一只淘气小猫@item_13336#，总偷偷溜去河畔垂钓，现下外界危机重重，偶遇它记得喊他快回家哦~,200,,100,-1,108301,
108323,1,你尝过猪大厨做的星光面包@item_200287#吗？滋味绝佳，听说原料是种植猫新培育出的星芒麦@item_201917#,200,,100,-1,108301,
108324,1,要不要跟我偷偷出村？我带你去星影森林采星影果@item_11712#，清甜软糯，味道绝妙极了,200,,100,-1,108301,
108325,1,村内舞者@item_13338#皆精通舞步，只要你持乐奏响，曼妙身影即刻环绕你翩跹，你有乐器的话，可以去试试哟~,200,,100,-1,108301,
108326,1,萌宠村里伙伴都很敬重人类，性子格外热情！如果你主动打声招呼，没准就能收到村民准备的见面小礼品,200,,100,-1,108301,
108327,1,若是闲暇无事，不妨多与村中伙伴闲谈，说不定可以从大家那听到许多不为人知的小秘密呢~,200,,100,-1,108301,
108328,1,看到村里伙伴突然冲你做搞怪小动作别害怕呀，他们只是单纯想和你一起玩～,200,,100,-1,108301,
108329,1,树林里有只浑身像果冻的怪兽@item_13341#，你路上碰到它了吗？别看它圆滚滚软乎乎的，惹到它可是会挨揍哦,200,,100,-1,108301,
108330,1,外头流传一件超有趣的魔法斗篷@item_12325#，只要披上，整个人都会消失，旁人完全察觉不到你的存在,200,,100,-1,108301,
108331,1,你可曾目睹流星坠落的盛景？流光倾泻，绚烂至极。若是运气足够佳，甚至能够捡拾陨落的流星@item_12020#！,200,,100,-1,108301,
108332,1,我这里有记载着四叶村故事的残卷，不知勇士是否感兴趣？可以用蚀化遗物@item_12019#来交换哦~,200,,100,-1,108301,给蚀化遗物送故事碎片
108333,1,勇士是否好奇四叶村曾发生过的传奇故事！如果给我个蚀化遗物@item_12019#，我愿意讲给你听哦~,200,,100,-1,108301,
108334,1,勇士有蚀化遗物@item_12019#吗？如果你愿意给我，我将会告诉你一个秘密哦！,200,,100,-1,108301,
108335,1,我最近在收集蚀化遗物@item_12019#，需要去野外打怪兽获得，如果有勇士找给我，我会"特别感谢"！,200,,100,-1,108301,
108336,1,嘘……这可是四叶村失传已久的故事残卷，只有给我蚀化遗物@item_12019#的勇士才配知晓哦~,200,,100,-1,108301,
108337,1,我对蚀化遗物有着特殊的感应……如果你愿意割爱，我愿意把关于四叶村的所有记忆都分享给你,200,,100,-1,108301,
108338,1,四叶村的每位子民，皆对四叶草@item_201915#满怀期许。你愿意将它赠予我吗？,200,,100,-1,108301,给四叶草送东西
108339,1,传闻四叶草@item_201915#是受星尘女神祝福的三叶草，象征极致幸运。,200,,100,-1,108301,
108340,1,如果有人拿着四叶草@item_201915#赠送我们四叶子民，那真是莫大的祝福啊~,200,,100,-1,108301,
108341,1,嘿嘿，四叶子民都相信四叶草@item_201915#能够带来幸运，会互相赠送赐福？你可以为我送上祝福吗？,200,,100,-1,108301,
108342,1,不妨赠送萌宠人一个四叶草@item_201915#，瞧瞧你会得到怎样的祝福？嘻嘻~,200,,100,-1,108301,
108500-108699,,狗战士,,,,,,
108700-108899,1,猫战士,200,,100,-1,,
108900-109099,1,女大法师(游商),,,,,,
108900,1,星洛大法师！看到你平安的归来，我们就都放心了~,200,,100,-1,108900,夸赞大法师气泡
108901,1,太好了，星落大法师，我就知道你一定会没事的！,200,,100,-1,108900,
108902,1,哇！我没看错吧，你是大法师星洛！我们终于盼到你平安回来了！,200,,100,-1,108900,
108903,1,大法师的行囊沉甸甸的，出去这么久是不是带了许多宝贝回来了呀！,200,,100,-1,108900,
108904,1,好耶，终于再一次见到大法师星洛了！是勇士把你给救出来了吗~,200,,100,-1,108900,
108905,1,星洛大法师，这次我们团聚了就不要再走了好不好，我们要永远在一起！,200,,100,-1,108900,
108906,1,感谢星尘的保佑！让大法师星洛平安的归来！,200,,100,-1,108900,
108907,1,大法师外面是不是有许多好玩神奇的东西！快给我们介绍一下吧！,200,,100,-1,108900,
108908,1,大家快看啊！是大法师星洛！她被勇士给成功的救回来了！大法师，我们好想你！,200,,100,-1,108900,
108909,1,大法师，你被困了这么久，受苦了！我们也一直在寻找机会救你！现在看到你平安，真的太好了，呜呜,200,,100,-1,108900,
108910,1,哇，星洛大法师，你这是平安归来，居然还带了这么多星尘没见过的新东西~,200,,100,-1,108900,
108911,1,喔~这些都是大法师游历星尘发现的神奇宝贝吗~都是些没见过的新玩意儿！,200,,100,-1,108900,
108912,1,你...是大法师星洛！不敢相信！勇士居然真的做到了！太棒了！,200,,100,-1,108900,
108913,1,伴着星辉漫游浮岛，我拾得许多独特至宝，你是否愿意聆听它们的来历？,200,,100,-1,108913,对玩家气泡
108914,1,漫游星尘之间，我寻获不少罕见宝物，你是否愿意一同瞧瞧？,200,,100,-1,108913,
108915,1,沿途我收集了许多奇妙物件，若是你感兴趣，不妨驻足细看一番~,200,,100,-1,108913,
108916,1,漫游整片星尘之境，我搜集了各地珍稀藏品，其内流转着独一无二的星辰力量，勇士可感兴趣？,200,,100,-1,108913,
108917,1,倘若恩人想要了解星尘秘宝，我早年游历四方，积攒下不少独特的星尘藏品,200,,100,-1,108913,
108918,1,循着星轨前行，未曾想在此遇见你，想来是星光牵引了你我~,200,,100,-1,108913,
108919,1,星尘流转，命运交织，能够在此相遇，皆是星辰指引的缘分,200,,100,-1,108913,
108920,1,跨越星尘旷野前来相见，你是打算与我叙说旧事，还是想瞧瞧我的珍藏？,200,,100,-1,108913,
108921,1,恩人可愿一睹星尘奇物？昔日漫游星尘之境，我收集过诸多稀世宝物...,200,,100,-1,108913,
108922,1,万千瑰宝散落星尘诸境，半数遗存汇聚于我此处。勇者若有心求取，此物便可伴你纵横星海,200,,100,-1,108913,
108923,1,恩人可有兴趣见识星尘间的珍奇物件？昔日漫游星野之时，我收纳了无数宝物,200,,100,-1,108913,
108924,1,长久漫游星海，我积攒诸多难得一见的星尘至宝，你可有兴趣探寻它们的故事？,200,,100,-1,108913,
108925,1,虚空不断侵蚀大地，许多星辉珍宝濒临消逝，我收集它们静待有缘之人...,200,,100,-1,108913,
108926,1,星尘各处浮岛留存诸多秘宝，我将它们一一收纳，勇士可愿一睹星辉造物？,200,,100,-1,108913,
108927,1,以星辰为前路向导，愿你跨越星尘旷野，永远寻得到前行的方向,200,,100,-1,108913,
108928,1,星辉散落各处，我沿途收集天地奇物，你愿意聆听它们尘封的故事吗？,200,,100,-1,108913,
108929,1,每一件星尘藏品都藏着一段往事，倘若你心怀好奇，不妨静下心来听我娓娓道来,200,,100,-1,108913,
108930,1,身陷虚空的漫长岁月里，我总惦念着四叶村，不知道村中诸位伙伴现下是否安好,200,,100,-1,108913,
108931,1,在虚空混沌之中苦苦煎熬，是四叶村的回忆支撑着我。不能倒下，还有一群伙伴在盼我归来！,200,,100,-1,108913,
108932,1,被虚空禁锢的那段时光，四叶村是支撑我熬过黑暗的信念。我不曾轻言放弃，只因那里有着深爱我的伙伴,200,,100,-1,108913,
108933,1,勇士，你是否愿意与我一同寻觅星尘遗落的圣遗物？若赠予我一颗璀璨流星@item_12020#，我便伴你身侧，共赴前路,200,,100,-1,108913,
108934,1,承蒙勇者救赎，恩情难偿。赠予我璀璨流星@item_12020#，便可定下约定，一路相随！,200,,100,-1,108913,
108935,1,若无勇士相助，我终将沉沦虚空。这份厚恩无物可抵，如有璀璨流星@item_12020#为契，我愿追随勇者前行,200,,100,-1,108913,
108936,1,勇士，可愿与我追寻散落在星尘间的圣遗物？倘若你赠予我璀璨流星@item_12020#，我将随你同行，一同奔赴星野,200,,100,-1,108913,
108937,1,是你将我从混沌之中拯救，这份恩情无可比拟。若你愿意赠予璀璨流星@item_12020#，我便以此为契，追随于你~,200,,100,-1,108913,
108938,1,你驱散侵蚀我的虚空魔力，这份恩情，我不会遗忘...,200,,100,-1,108913,
108939,1,"是你驱散缠绕我的虚空魔力，将我从迷惘之中拯救, 这份恩情，我始终铭记于心!",200,,100,-1,108913,
108940,1,虚空险些将我彻底吞没，幸得勇士及时相助，你的恩德我将永久珍藏...,200,,100,-1,108913,
108941,1,纵然虚空不断侵蚀扩张，我们无法将其彻底湮灭，但仍会以自身力量，筑起守护的屏障!,200,,100,-1,108913,
108953,1,每一件奇物都承载着星尘过往，寻觅珍宝，亦是品读这片世界的记忆...,200,,100,-1,108953,待机游荡气泡
108954,1,自那场意外事变过后，我长久迷失在混沌之中。是勇者的到来，唤醒了迷失的我...,200,,100,-1,108953,
108955,1,"浮岛起落，星河更迭，唯有被妥善珍藏的事物，得以逃过时光遗忘, 它们都承载着一段无法复刻的星尘往事",200,,100,-1,108953,
108956,1,"虚空侵袭之下，许多宝物渐渐隐匿，我想尽可能将它们妥善珍藏, 再将它们带给值得托付的人！",200,,100,-1,108953,
108957,1,漫长旅途中我收集万物，只为留住这片世界即将消逝的痕迹...,200,,100,-1,108953,
108958,1,我依旧会不断奔赴远方，去搜寻那些即将被虚空吞没的珍稀遗存...,200,,100,-1,108953,
108959,1,并非所有奇物都适合现世，有些秘密，应当永远沉睡在星尘深处,200,,100,-1,108953,
108960,1,见过星河起落之后方才明白，器物终会腐朽，唯有记忆恒久不灭,200,,100,-1,108953,
108961,1,星野漫无边际，每一座浮岛之下，都埋藏着不为人知的过往与秘物,200,,100,-1,108953,
108962,1,我如同璀璨的流星，华丽而转瞬即逝。不必惋惜刹那流光，划过苍穹的轨迹，便是永恒,200,,100,-1,108953,
108963,1,每一件藏品都诞生于星尘涌动之地，蕴藏独属于这片天地的力量,200,,100,-1,108953,
108964,1,我踏遍浮空群岛收集星界遗存，每一件器物都烙印着星尘大地的过往,200,,100,-1,108953,
108965,1,行走于星尘之间，寻觅奇物的乐趣，不在于拥有，而是沿途遇见的风景,200,,100,-1,108953,
108966,1,前路漫漫，不知该何去何从。与故土别离太久，再度归来，心中竟生出几分陌生与不适...,200,,100,-1,108953,
108967,1,星海辽阔，还有无数未曾现世的珍宝，等待着人们前去探寻~,200,,100,-1,108953,
108973,1,曾经的我被黑暗吞噬，险些伤害这片土地与你们。能够得到救赎归来，我满心愧疚与感激...,200,,100,-1,108973,对四叶村民气泡
108974,1,时隔许久，终于再度看见四叶村，看见你们。被困虚空的岁月里，我无数次思念此地...,200,,100,-1,108973,
108975,1,黑暗的教训我永记心底。从今往后，我会站在村落前方，抵御虚空，护佑所有人平安!,200,,100,-1,108973,
108976,1,我以为终将永远沉沦虚空，再也无法与各位相见，万幸，一切尚有转机...,200,,100,-1,108973,
108977,1,看见大家安然无恙，悬着的心总算放下了~,200,,100,-1,108973,
108978,1,曾经以为自己会永远沉沦黑暗，再也无缘重返村落，此刻相见，恍若大梦一场!,200,,100,-1,108973,
108979,1,漫长的黑暗旅途终于落幕，能够与大家重逢，是我未曾奢望过的幸运...,200,,100,-1,108973,
108980,1,一路从混沌之中挣扎归来，此刻见到你们，才真正觉得，我回来了!,200,,100,-1,108973,
108981,1,阴霾终将散去，有幸与各位再度相逢，往后只愿村落岁岁安宁...,200,,100,-1,108973,
108982,1,漫长的黑暗旅途终于落幕，能够与大家重逢，是我未曾奢望过的幸运~,200,,100,-1,108973,
108983,1,望着眼前尚未化形的小家伙，恍惚间，我又想起第一次见证萌宠蜕变为人的那一刻~,200,,100,-1,108983,夸赞可爱动物
108984,1,着无拘无束的小生灵，心底泛起万千思绪，原来一切故事，都是从此刻开始~,200,,100,-1,108983,
108985,1,"望着它们原始的形态，恍若重回往昔，时光流转，可爱却从未改变,刹那间，旧日的回忆尽数涌上心头！",200,,100,-1,108983,
108986,1,你瞧这些小家伙，看见它们，我就想起多年前，第一只萌宠成功化形的瞬间~,200,,100,-1,108983,
108987,1,这般纯真的模样多么熟悉，当年陪伴我的小家伙，最初也是这般无忧无虑~,200,,100,-1,108983,
108988,1,谁能料到，眼前这些可爱生灵，未来或许也能觉醒灵智，化身人形，奔赴属于自己的前路~,200,,100,-1,108983,
108989,1,好久不曾见到萌宠学员们最初的模样，一如既往，惹人喜爱~,200,,100,-1,108983,
108990,1,已经时隔许久，再看见动物人们未曾化形的模样，依旧这般软萌动人~,200,,100,-1,108983,
108991,1,多熟悉的模样，许久不曾看见，这般纯粹的可爱，令人心生万千感慨~,200,,100,-1,108983,
108992,1,已经时隔许久，再看见动物人们未曾化形的模样，依旧这般软萌动人~,200,,100,-1,108983,
111100-111299,,狗猫法师战士,,,,,,
111101,1,村子常常受到虚空生物的入侵，近期得更加警戒了！,200,,100,-1,111101,分享边防和自己气泡ID
111102,1,外面远比想象中危险...这里的一草一木@item_13350#都要当心。危险往往就在身边，时刻保持警惕,200,,100,-1,111101,
111103,1,最近森林里常有蚀化的村民@item_13353#出没，多加留意，别被他们的外表欺骗了！,200,,100,-1,111101,
111104,1,切记，不要靠近最外圈的浮空岛，那里已被虚空完全侵蚀，那里只是有危险！,200,,100,-1,111101,
111105,1,边境频发失踪案，村落紧闭关口，出入必经搜查，还请勇者予以配合,200,,100,-1,111101,
111106,1,林间不少生灵已被虚空之力侵染，纵然模样依旧温顺讨喜，也万万不可放下戒备啊...,200,,100,-1,111101,
111107,1,我们以村内旗帜@item_1205#为界巡守，若无标识指引便绕村落@item_201020#巡防。一旦怪兽进犯，即刻引法术御敌，护一方村落安宁！,200,,100,-1,111101,
111108,1,萌宠村守卫会驻守标记区域@item_1205#、绕村落@item_201020#来回巡防，若是你身陷险境，尽管前来寻我们庇佑！,200,,100,-1,111101,
111109,1,我们萌宠村守卫者会在标记点@item_1205#和村子@item_201020#四处巡逻，要是遇上危险，尽管来找我们守护你哦！,200,,100,-1,111101,
111110,1,萌宠村守卫不间断巡查标记点@item_1205#与全村@item_201020#范围，若你遭遇不测，尽管前来找我们，定会护你周全~,200,,100,-1,111101,
111111,1,倘若有怪兽对你发起袭击，只管立刻前来寻我，我会施展术法将怪兽驱散，保你平安无忧哦~,200,,100,-1,111101,
111112,1,我留意到你在近处逗留许久，莫非有意加入萌宠守卫团，一起守护一方安稳？哈哈...,200,,100,-1,111101,
111113,1,嘘，若是非急事请勿打搅啦，我得全程警戒四周动静，击退进犯的怪兽，守护此地平安~,200,,100,-1,111101,
111114,1,没错啦，村中那些像我一样身披铠甲@item_13329#、身着法袍@item_13332#，手持兵器的萌宠，都是守护村庄的卫士呢~,200,,100,-1,111101,
111115,1,近来星尘动荡不安，危险无处不在，记得妥善护住自己，碰到麻烦尽管来找我庇护...,200,,100,-1,111101,
111116,1,叹，身负守护萌宠村的职责，可凶兽侵扰从未断绝，村庄频频遭袭，这般处境何时是个尽头...,200,,100,-1,111101,
111117,1,哈哈，别看我装束威风十足，肩头扛着的可是守护整座村庄的重任呢！,200,,100,-1,111101,
111118,1,最近总有些漂泊之人@item_13355#假扮村民，在村落里暗中损毁物件，如你遇上，切记将其捉拿！,200,,100,-1,111101,
111119,1,唉，村庄内有个调皮的皮皮猪总是作乱，时常让大家误判危险入侵，真是令人头大~,200,,100,-1,111101,
111120,1,你好啊，我是萌宠守卫团的一员，萌宠守卫团是萌宠村第一道也是最重要的一道防线，治安和守护村子,200,,100,-1,111101,
111121,1,守护是职责，更是不容辜负的使命，萌宠守卫团成立那日起，我们便始终肩负守护村落安稳的重任...,200,,100,-1,111101,
111122,1,日复一日的守护，枯燥凶险相伴，可只要能护住村落，一切都分外值得，嘿嘿~,200,,100,-1,111101,
111123,1,看你面容格外陌生，莫非是外来旅人？整日绕村巡逻往来之人繁多，实在难以一一记住,200,,100,-1,111101,
111124,1,好纯粹的气息！看来虚空没能沾染于你，往后往来村庄无需顾虑，你可随意出入萌宠村,200,,100,-1,111101,
111125,1,哈哈，要不要加入萌宠守卫团？与我们并肩守护萌宠村，守住整片星尘之境的安宁！,200,,100,-1,111101,
111126,1,这边暂时没有什么异样，去那边瞧瞧...,200,,100,-1,111126,村庄内巡逻气泡ID
111127,1,那边似乎有什么异样的响动，移步前往一探究竟...,200,,100,-1,111126,
111128,1,这片区域并无异常，我去另一边巡逻排查，确保附近安全~,200,,100,-1,111126,
111129,1,萌宠守护者仔细巡逻，检查附近是否存在危险隐患中...,200,,100,-1,111126,
111130,1,这边一切正常！即刻动身前往下一区域，搜寻潜藏的不速之客,200,,100,-1,111126,
111131,1,那一块总容易生出状况，要多巡查几遍，仔细排查干净才行...,200,,100,-1,111126,
111132,1,远方那片地界好像尚未探查，前往仔细搜检一番吧~,200,,100,-1,111126,
111133,1,今天好像没来过这边，在周围巡逻排查一会儿吧...,200,,100,-1,111126,
111134,1,我得四下探查一会，任何细微踪迹都不容疏漏，以免埋下凶险隐患,200,,100,-1,111126,
111135,1,凝神敛息，紧盯四方动静，绝不容许任何怪兽越界闯入！,200,,100,-1,111135,村庄内站岗气泡ID
111136,1,让我来冥想感知一会，感受四周气息情况，探查周遭是否潜藏怪兽游荡...,200,,100,-1,111135,
111137,1,巡走许久腿脚疲累了，暂且驻足原地，稍作休憩同时静观四方动静,200,,100,-1,111135,
111138,1,萌宠守护者仔细环视，检查附近是否存在危险隐患中...,200,,100,-1,111135,
111139,1,暂且驻足此地，静立观望片刻...,200,,100,-1,111135,
111140,1,此处视野开阔视野俱佳，原地驻足站岗观望一会吧~,200,,100,-1,111135,
111141,1,这里的气息有点杂乱，我先安静观察片刻，排查一会危险踪迹...,200,,100,-1,111135,
111300-111499,,猪厨师,,,,,,
111301,1,我对我做出来的每一个魔法美食都感到十分满意！ 想尝尝吗？,200,,100,-1,111301,分享烹饪和自己气泡ID
111302,1,嘿，有吃过我做的@item_200290#么？非常好吃哦,200,,100,-1,111301,
111303,1,别动！让我闻闻……你身上有一股……嗯，是铁锈味，不适合炖汤，但可以做铁板烧的调料,200,,100,-1,111301,
111304,1,今天的阳光很特别，如果能收集起来，大概能烤出三分熟的晨曦面包@item_200287#吧？,200,,100,-1,111301,
111305,1,我在想，如果把凝胶怪的粘液和三叶草混合，会不会是一道清凉的夏日果冻？,200,,100,-1,111301,
111306,1,可知烹饪的奥秘？火候才是灵魂！火球术太猛，小火苗太弱，只有“龙息微焰”才能锁住肉汁,200,,100,-1,111301,
111307,1,别用那种“你是猪吗”的眼神看我。我是魔法猪厨师！重点在“魔法”和“厨师”！,200,,100,-1,111301,
111308,1,那些只追求力量的战士，根本不懂一碗热汤的温暖。力量会衰退，但味道会留在记忆里,200,,100,-1,111301,
111309,1,别问我为什么这么胖……这叫“对食材的尊重”。每一寸肉都是对美味的致敬,200,,100,-1,111301,
111310,1,哟，这不是那个……嗯，叫什么来着？算了，名字不重要，你看起来挺有胃口的样子...,200,,100,-1,111301,
111311,1,魔法火焰是有情绪的，你心情不好的时候，千万别用它来熬高汤，汤会酸的,200,,100,-1,111301,
111312,1,我虽然长得圆润，但我切菜的速度可是像闪电一样快哦！,200,,100,-1,111301,
111313,1,所谓的美食，就是能在你最绝望的时候，给你一丝活下去的希望。而魔法美食嘛，自然是旺上加旺！,200,,100,-1,111301,
111314,1,每一道魔法菜品的背后，都藏着一个不为人知的咒语，它的名字叫“等待”，待有缘之人品鉴，即可解除封印！,200,,100,-1,111301,
111315,1,要是能把晚霞熬成果酱，一定是温柔又甜美的味道,200,,100,-1,111301,
111316,1,旅途再漫长，只要心中记得一道美味，便不会觉得孤单,200,,100,-1,111301,
111317,1,世人皆求索毁天灭地的法术，却鲜少懂得，以文火安抚万物生灵，亦是一种至高魔法,200,,100,-1,111301,
111318,1,每一味香料都承载着一方土地的记忆，混于一锅，便是整片天地的低语,200,,100,-1,111301,
111319,1,纵使我的汤锅收纳世间至鲜，终究无法慰藉每一颗藏着不同过往的心，人心各有偏爱,200,,100,-1,111301,
111320,1,魔法可以凭空造物，但无法凭空生出沉淀已久、值得细细品味的温柔，有空记得尝尝我烹饪的魔法美食哦~,200,,100,-1,111301,
111321,1,或许你掌握强大的秘术，但料理之道，你尚需向我虚心请教,200,,100,-1,111301,
111322,1,我曾妄想以一锅羹汤抚平所有烦闷，后来才懂，人心的缺口，从不是美食能够填满,200,,100,-1,111301,
111323,1,我每日都会将新研制的魔法料理陈列在餐盘之上，内里封存暮色沉淀的清甜，你愿意浅尝一二吗？,200,,100,-1,111301,
111324,1,若是你偏爱我烹制的魔法料理，不妨往储物箱中多留存几分食材。于我而言，这便是最珍贵的支持,200,,100,-1,111301,
111325,1,世人常言观画可知创作者心境，品鉴魔法美食亦是同理，我的料理，依靠烟火与风物诉说心事,200,,100,-1,111301,
111326,1,看我略施小计，唤醒这沉寂的余烬，燃！,200,,100,-1,111326,生火气泡ID
111327,1,噜噜，这火怎么老灭？看我的，魔法引火术@item_500#——起！,200,,100,-1,111326,
111328,1,以魔法之名，唤醒沉睡的温暖,200,,100,-1,111326,
111329,1,沉睡的火种@item_500#啊，听从召唤，苏醒吧,200,,100,-1,111326,
111330,1,看好了，这才是真正的控火术，火力全开！,200,,100,-1,111326,
111331,1,尘归尘，烬归烬，火灵听令，速速显形,200,,100,-1,111326,
111332,1,看好了，这才是生火的正确姿势！,200,,100,-1,111326,
111333,1,附近没有锅@item_200108#架在篝火@item_1200#上，烹饪不了魔法美味...,200,,100,-1,111333,没有锅炉气泡ID
111334,1,有锅@item_200108#吗？摆放在篝火@item_1200#上，这样我才能烹饪美食,200,,100,-1,111333,
111335,1,呜~太伤心了！猪猪想做饭，但猪猪附近没有架在篝火@item_1200#上的锅@item_200108#...,200,,100,-1,111333,
111336,1,天呐！魔法厨师难道就要因为没有锅@item_200108#而就此陨落了吗,200,,100,-1,111333,
111337,1,帮我找个锅@item_200108#架在篝火@item_1200#上，我将以篝火为炉，梦想作料，熬出独属于你的人间美味！,200,,100,-1,111333,
111338,1,是谁偷了猪猪的锅@item_200108#！气死本大厨了！,200,,100,-1,111333,
111339,1,我得找找哪里有个锅@item_200108#...不然怎么烹饪魔法美食呢...,200,,100,-1,111333,
111340,1,有锅但是没柴火怎么行呢，把锅@item_200108#架在篝火@item_1200#上才能进行魔法美食的烹饪呢,200,,100,-1,111340,没有篝火气泡ID
111341,1,没柴火呀，我总不能在锅@item_200108#下变一堆篝火@item_1200#吧，猪猪做不到啊！,200,,100,-1,111340,
111342,1,得想个办法把锅@item_200108#架在篝火@item_1200#上，这样我才好进行美食烹饪，谁能帮帮我呀？,200,,100,-1,111340,
111343,1,想看我烹饪魔法美食吗？帮我把锅@item_200108#架在篝火@item_1200#上吧,200,,100,-1,111340,
111344,1,俗话说做饭生火，这锅@item_200108#居然都没有架在篝火@item_1200#上，真是可惜这口好锅了，唉,200,,100,-1,111340,
111345,1,招募大力士！帮我把这锅@item_200108#架在篝火@item_1200#上，以后我就是你的专属美味厨师！,200,,100,-1,111340,
111346,1,这是谁甩来的锅@item_200108#？怎么锅下连篝火@item_1200#都没有！,200,,100,-1,111340,
111347,1,哼哧哼哧，食材都藏起来啦？看本大厨用魔法把他们揪出来！,200,,100,-1,111347,拿食材气泡ID
111348,1,哎呀，锅空啦！让本大厨来翻翻还有哪些新鲜食材呢...,200,,100,-1,111347,
111349,1,来拿些食材喽~来点蔬菜@item_200126#，肉类@item_12516#？咕噜噜，算了，都带走吧，嘻嘻,200,,100,-1,111347,
111350,1,咕噜噜，蔬菜@item_200126#和肉肉@item_12516#我全都要！偷偷多拿一点，待会儿做菜才够丰盛！,200,,100,-1,111347,
111351,1,左翻翻，右翻翻，咻-找到食材啦！本大厨要大展厨艺咯～,200,,100,-1,111347,
111352,1,风携鲜香而来，正是备料的好时机! 且让我的料理魔法，寻遍四方珍馐,200,,100,-1,111347,
111353,1,香气的线索指引此处，寻些林间鲜蔬@item_200126#与脂香肉品@item_12516#，其余珍味一并收纳,200,,100,-1,111347,
111354,1,附近箱子里怎么都没有食材，大厨来了也无法烹饪美食@item_150160#,200,,100,-1,111354,没有食材气泡ID
111355,1,我需要一些蔬菜@item_200126#、肉类@item_12516#，嗯...越多食材越好，放箱子里吧，我一会烹饪美食的时候要,200,,100,-1,111354,
111356,1,我要做美味料理了，可现在缺点食材，附近箱子我都翻遍了，唉,200,,100,-1,111354,
111357,1,一勺汤匙走天下，如今却因为屯粮箱里没有食材破了功，呜呜~,200,,100,-1,111354,
111358,1,大厨烹饪需要很多资源的！怎么没有人在箱子里准备食材？,200,,100,-1,111354,
111359,1,食材告急！记得运点食材箱来...真不让人省心,200,,100,-1,111354,
111360,1,放在箱子里的食材呢？怎么一会的功夫就没了...,200,,100,-1,111354,
111361,1,Yummy yummy hot！boom！boom！boom！,200,,100,-1,111361,烹饪中气泡ID
111362,1,打破美味料理的封印，释放灵魂最深处的浓香，见证奇迹的绽放！,200,,100,-1,111361,
111363,1,咕噜咕噜冒泡泡，biu bui bui ，美味浓度即将超标~,200,,100,-1,111361,
111364,1,撒入一点美味魔法，再来一勺虫蒿香汤，嗯...再加一点什么佐料好呢？,200,,100,-1,111361,
111365,1,美味正在施展魔法中！嘻嘻，请稍等片刻，马上就好~,200,,100,-1,111361,
111366,1,香料与咒语已在锅中交织……嘘，别急，让香气再酝酿片刻，马上就能为你呈上这份奇迹,200,,100,-1,111361,
111367,1,火候刚刚好，魔力正沸腾！稍等片刻，美味即将出炉啦！,200,,100,-1,111361,
111368,1,当当当当！魔法美味新鲜出炉啦！,200,,100,-1,111368,烹饪完成气泡ID
111369,1,出锅啦！呼...总算是折腾完了,200,,100,-1,111368,
111370,1,美味出炉！嗯~本猪猪大厨亲测认证，好吃到犯规哦！别愣着啦，快跟我来享用大餐吧~,200,,100,-1,111368,
111371,1,叮！专属美味，魔法出锅~,200,,100,-1,111368,
111372,1,魔法凝味，专属于你的料理，完成！,200,,100,-1,111368,
111373,1,嗯~香气已至。以食材为魂，魔法为引，简直堪称完美,200,,100,-1,111368,
111374,1,哇哦，魔力满溢，且待我亲自验明此味,200,,100,-1,111368,
111375,1,好好翻找一下，挑几个最漂亮的餐盘@item_200217#，把这份美味的魔法料理美美的装起来~,200,,100,-1,111375,拿餐盘气泡ID
111376,1,呼噜噜~拿几个餐盘@item_200216#装餐喽~,200,,100,-1,111375,
111377,1,嗯哼，餐盘@item_200216#不够了，待我再取一些~,200,,100,-1,111375,
111378,1,嗯嗯~找到啦，我得多拿几个餐盘@item_200216#备用,200,,100,-1,111375,
111379,1,拿到盘子@item_200216#啦！哎呀，好像拿的有点多了...嘿嘿,200,,100,-1,111375,
111380,1,得找个有桌子@item_200376#的好地方，摆盘呈现这份新鲜出炉的美味~,200,,100,-1,111380,找个好位置摆气泡ID
111381,1,嗯...去哪里摆盘这份美味魔法大餐好呢...,200,,100,-1,111380,
111382,1,嗯...将美食摆盘@item_200376#在哪里，大家才能一眼注意到呢,200,,100,-1,111380,
111383,1,如此美味的魔法料理，一定要摆放在最显眼的地方才行，嘿嘿,200,,100,-1,111380,
111384,1,呜...最近展存的魔法美食，又被皮皮猪给偷吃完了，我得换个地方才行,200,,100,-1,111380,
111385,1,你的"骑手"已开始送餐...,200,,100,-1,111380,
111386,1,将魔法美食摆在那里会不会好些呢？这样大家一伸手就能拿到啦,200,,100,-1,111380,
111387,1,火候与魔力都已达到完美...请慢用，愿这份刚出炉的温暖能去向你所有的疲惫~,200,,100,-1,111387,摆完美食气泡ID
111388,1,注入灵魂的料理，现在正式解除封印！小心烫嘴哦，这可是纯粹的魔力！,200,,100,-1,111387,
111389,1,以星辉调味，这份专属魔法料理，请享用,200,,100,-1,111387,
111390,1,当当当，摆好啦！等小伙伴们看到，肯定会"哇"地叫出来，嘿嘿,200,,100,-1,111387,
111391,1,谁会抢先邂逅这份魔法美味呢？,200,,100,-1,111387,
111392,1,第一位品尝魔法料理的小食客，会是你吗？,200,,100,-1,111387,
111393,1,魔法美味已准备好，静待第一位食客的到来,200,,100,-1,111386,
111394,1,看样子附近没有桌子@item_200376#可以去摆放餐食，有已经摆好的餐盘@item_200216#吗？,200,,100,-1,111394,没桌子放美食气泡ID
111395,1,嗯...看来又得找村庄里的大力士搬个餐桌@item_200376#来给我展放魔法料理才行...,200,,100,-1,111394,
111396,1,咦？桌子@item_200376#怎么不见了，魔法美食该往哪放呀,200,,100,-1,111394,
111397,1,奇怪，桌子@item_200376#长腿跑掉啦？这下美食都没地方摆啦,200,,100,-1,111394,
111398,1,我需要一些餐桌@item_200376#，才能将烹饪好的魔法美食展放好,200,,100,-1,111394,
111399,1,呜呜，天塌啦~本大厨精心烹饪的美食，因为没有餐盘@item_200216#展示不出来，从此世界上又要少一个开心的人~,200,,100,-1,111399,没盘装美食气泡ID
111400,1,勇士，你能拯救这份美食的命运吗？我需要一份餐盘@item_200216#...,200,,100,-1,111399,
111401,1,不对！箱子里没有餐盘...桌子上也没有餐盘@item_200216#！哦不！这份魔法美味要因此封印了吗？,200,,100,-1,111399,
111402,1,是哪个捣蛋鬼把餐盘@item_200216#都藏起来了吗？我怎么一个都找不到...,200,,100,-1,111399,
111403,1,咕噜噜，村子里的盘子@item_200216#居然一夜都消失了，竟有这般离奇事了？,200,,100,-1,111399,
111404,1,谁可以帮我找来一些餐盘@item_200216#？摆在餐桌@item_200376#上，或者放进附近储物箱,200,,100,-1,111399,
111405,1,好吃的都做好啦，就差餐盘@item_200216#喽，哪位小伙伴能帮帮忙？,200,,100,-1,111399,
111406,1,没有餐盘@item_200216#，这些魔法料理便只能暂且收纳进箱@item_200370#啦,200,,100,-1,111406,放箱完美食气泡ID
111407,1,唉，没想到竟有朝一日，本大厨的魔法手艺竟然无处展放@item_200216#，只能暂收箱中了…,200,,100,-1,111406,
111408,1,咕噜噜，这些无处安放的美食，就先放进箱子里吧~,200,,100,-1,111406,
111409,1,气死本大厨了！拿手美味，却只能封印箱中了,200,,100,-1,111406,
111410,1,将烹饪好的魔法美食暂存这箱中，小伙伴们应该…也拿得到吧…,200,,100,-1,111406,
111411,1,没有餐盘@item_200216#盛放，烹饪好的魔法美食就先放这里吧，咕噜咕噜,200,,100,-1,111406,
111412,1,小伙伴们！最近有点缺餐盘@item_200216#，魔法烹饪好的美食就先放这啦！嘿嘿,200,,100,-1,111406,
111413,1,附近没有餐盘@item_200216#和箱子@item_200370#，刚做好的美食，本猪猪只能先收着了...,200,,100,-1,111413,没地方美食气泡ID
111414,1,呜呜，香喷喷的魔法美食没地方放，只能本猪猪先收着啦~,200,,100,-1,111413,
111415,1,刚做好的魔法餐食没了去处，暂且由我收纳保管~,200,,100,-1,111413,
111416,1,糟糕，做好的魔法餐没地方放，本猪猪先帮它存起来咯,200,,100,-1,111413,
111417,1,要是有餐盘@item_200216#或者箱子@item_200370#就好了，这样就可以把烹饪好的魔法美食给存放起来了...,200,,100,-1,111413,
111500-111699,,皮皮猪,,,,,,
111501,1,好吧好吧，既然被发现了，那就不装了，摊牌了，我就是那个传说级的捣蛋鬼，嘻嘻,200,,100,-1,111501,分享整蛊和自己气泡ID
111502,1,一会先这样这样，然后那样那样，真是完美的恶作剧幕演出，嘿嘿嘿...,200,,100,-1,111501,
111503,1,待会去整蛊谁好呢，要不...嘿嘿嘿...,200,,100,-1,111501,
111504,1,凡是村子里的小伙伴，哪个不知道我皮皮猪的大名？还没有谁是我皮皮猪不敢招惹的呢？,200,,100,-1,111501,
111505,1,拜托，我学的是调皮魔法，又不是生化危机！一个个退这么远干嘛？,200,,100,-1,111501,
111506,1,想不想体验一下我的独家秘法呀~免费的哟！嘻嘻,200,,100,-1,111501,
111507,1,向深渊探寻魔法的奥义，终将带上那位伟大魔术师的冠冕,200,,100,-1,111501,
111508,1,别停在浅层的戏法里，我的意思是: 亲眼所见，亦非真实，嗯哼？,200,,100,-1,111501,
111509,1,嘘——别出声，我在听风的声音... 它在告诉我下一个倒霉蛋是谁,200,,100,-1,111501,
111510,1,所谓的惊喜，就是在你以为安全的时候，给你一记温柔的... 砰！,200,,100,-1,111501,
111511,1,不要试图用常理来揣测我，本天才的脑回路可是连接着异次元的！,200,,100,-1,111501,
111512,1,看见那个漂浮的帽子了吗？那是我的学徒... 好吧，它只是被施了法的破帽子,200,,100,-1,111501,
111513,1,伟大的魔术师从不回头看爆炸... 除非爆炸不够漂亮，那我得回去补一脚,200,,100,-1,111501,
111514,1,你的表情太严肃啦！来，让我给你的嘴角挂上一个隐形的钩子~,200,,100,-1,111501,
111515,1,混乱？不不不，这是无序中的有序，是艺术的最高境界！,200,,100,-1,111501,
111516,1,本天才的帅气程度，可是连魔镜都要嫉妒三分的，哼哼,200,,100,-1,111501,
111517,1,不要迷恋我，我只是个传说……虽然这个传说有点爱捣乱,200,,100,-1,111501,
111518,1,我的名字？记住啦，是皮皮猪！不是那只只会拱白菜的猪！,200,,100,-1,111501,
111519,1,在这个无聊的世界里，只有我的恶作剧能带来一丝色彩，不用谢我,200,,100,-1,111501,
111520,1,别太严肃嘛，生活就是一场盛大的即兴表演，而我，是那个改剧本的人,200,,100,-1,111501,
111521,1,我在空气里藏了一个绊脚石，谁踩到谁就是今天的幸运儿！,200,,100,-1,111501,
111522,1,嘘——小声点，我在给那个路过的骑士施“脚底抹油”咒呢,200,,100,-1,111501,
111523,1,眼睛会骗人，耳朵会骗人，只有被骗后的惊讶表情才是真实的,200,,100,-1,111501,
111524,1,真相往往藏在最荒谬的地方，比如……你的帽子里突然跳出一只兔子？,200,,100,-1,111501,
111525,1,伟大的魔术师从不解释，解释了就不可爱了，懂吗？略略略,200,,100,-1,111501,
111526,1,来打我撒~来打我撒~略略略~,200,,100,-1,111526,受击挑衅气泡ID
111527,1,看这里看这里！当你盯着一秒前的我看时，真正的我已经溜到你身旁咯！,200,,100,-1,111526,
111528,1,往这边看嘛～我就在这里哦～,200,,100,-1,111526,
111529,1,抓不到我抓不到我，慢吞吞的小家伙根本追不上咯～,200,,100,-1,111526,
111530,1,来抓我呀～抓不到略略略～,200,,100,-1,111526,
111531,1,想要抓住我？那你得比兔子跑得快，比狐狸还要狡猾才行哦！,200,,100,-1,111526,
111532,1,嘿嘿，扑空咯扑空咯，气不气嘛,200,,100,-1,111526,
111533,1,你在找我吗？我就在你影子里跳舞呢，可惜你看不见，嘻嘻,200,,100,-1,111526,
111534,1,使劲追呀，追上我就算你厉害～,200,,100,-1,111526,
111535,1,就算这片夜色，也藏不住戏耍你的我～,200,,100,-1,111526,
111536,1,太慢啦太慢啦！连隔壁那只胖橘猫跑得都比你快哟！,200,,100,-1,111526,
111537,1,耗费体力追逐一个抓不住的目标，不累吗？,200,,100,-1,111526,
111538,1,想抓我？那你得先学会怎么跟影子赛跑才行,200,,100,-1,111526,
111539,1,你的执着令人感动，但我的魔法可是无懈可击的艺术品！,200,,100,-1,111526,
111540,1,折腾许久都碰不到我分毫，不如回去多练习一番？,200,,100,-1,111526,
111541,1,嗯！可恶，居然被识破了！,200,,100,-1,111541,伪装被识破气泡ID
111542,1,被识破了啊……也罢，一直戴着面具，连呼吸都觉得闷呢,200,,100,-1,111541,
111543,1,嘿嘿，被识破啦！要不要猜猜我下次会伪装成什么？,200,,100,-1,111541,
111544,1,本伪装大师今日翻车，暂时宣告退场哈哈！,200,,100,-1,111541,
111545,1,可恶，精心准备的伪装就这样泡汤咯！,200,,100,-1,111541,
111546,1,完蛋，伪装术失灵啦！,200,,100,-1,111541,
111547,1,糟糕！我的隐身伪装术失效啦，这下原形毕露咯！,200,,100,-1,111541,
111548,1,哦？居然能看穿这层幻象……你的眼睛，比那些愚蠢的家伙有趣多了,200,,100,-1,111541,
111549,1,哼！居然能找到我，有点本事嘛！,200,,100,-1,111541,
111550,1,哎呀，完美的伪装竟然有了裂痕……看来是我的演技太过耀眼了吗？,200,,100,-1,111541,
111551,1,哎呀，被你发现了？算你运气好，今天本大猪猪心情不错,200,,100,-1,111541,
111552,1,精彩的洞察。作为奖励，我允许你目睹我真正的姿态,200,,100,-1,111541,
111553,1,所谓的真实，不过是还没被拆穿的谎言罢了。现在，你看到了什么？,200,,100,-1,111541,
111554,1,可惜了……那个角度明明完美无缺，连风都骗过了，唯独没骗过你,200,,100,-1,111541,
111555,1,真是令人扫兴的结局。我原本还想多欣赏一会儿你们困惑的表情呢,200,,100,-1,111541,
111556,1,有人来了！快变快变...呼呼，装得好累,200,,100,-1,111556,伪装时气泡ID
111557,1,呃……他一直盯着我看干嘛？难道我的伪装被识破了？还是我刚才眨眼被他看见了？,200,,100,-1,111556,
111558,1,这里的灰尘味道不错，很有历史沉淀的感觉，适合我这种有故事的伪装者,200,,100,-1,111556,
111559,1,蹲在这里当摆设也太无聊了，等会干点啥比较好呢...,200,,100,-1,111556,
111560,1,路过路过，别看我，我只是个平平无奇的小物件...,200,,100,-1,111556,
111561,1,！他在犹豫什么？不会是打算来摸我吧！,200,,100,-1,111556,
111562,1,小伙伴们走来走去，完全发现不了藏在这里的我，我的伪装技术简直是天花板级别！,200,,100,-1,111556,
111563,1,今天的风向不错，适合埋伏,200,,100,-1,111556,
111564,1,噗……不行了，他的走路姿势好滑稽，好想笑……,200,,100,-1,111556,
111565,1,瞅啥呀？一边去，别坏了我的恶作剧,200,,100,-1,111556,
111566,1,在这个喧嚣的世界里，只有沉默才是最高的喧哗。嘘，我在听灰尘落下的声音,200,,100,-1,111556,
111567,1,别碰我！你的手上的油渍会毁了我精心维持的“陈旧感”！,200,,100,-1,111556,
111568,1,哈哈！被我给骗了吧，直接就是一肘子给你击飞，略略略,200,,100,-1,111568,挑衅被整蛊气泡ID
111569,1,小样，被我给整蛊到了吧？哈哈哈哈哈~,200,,100,-1,111568,
111570,1,这就是所谓的“陷阱”艺术，而你，是我最完美的作品,200,,100,-1,111568,
111571,1,哇哦～刚刚是谁摔出去啦？哦哟，原来是你被我算计到咯～,200,,100,-1,111568,
111572,1,哎呀抱歉呀，刚刚没把控好力道踹到你，你该不会生我气吧～,200,,100,-1,111568,
111573,1,咦？怎么一下子飞老远啦，我明明只是想凑过来和你贴贴而已～,200,,100,-1,111568,
111574,1,别急着生气嘛，刚才那一瞬间的错愕表情，才是我今天最满意的收藏品,200,,100,-1,111568,
111575,1,嘻嘻，刚刚纯属手滑……不对不对，是脚滑失控啦～,200,,100,-1,111568,
111576,1,啊咧？你的平衡感也太差啦，轻轻碰一下就直接飞出去老远～,200,,100,-1,111568,
111577,1,今日份恶作剧打卡成功，多亏了你主动送上门呀～,200,,100,-1,111568,
111578,1,这是一个古老的诅咒……开玩笑的啦，其实就是我刚才踢了你一脚,200,,100,-1,111568,
111579,1,嘿嘿，站好别动，本猪猪给你加持魔法buff~,200,,100,-1,111579,给整蛊buff气泡ID
111580,1,想试试本皮皮的新魔法吗？放轻松~一会就好啦...,200,,100,-1,111579,
111581,1,你是否渴望拥有魔法的力量？让我来帮帮你吧，嘿嘿,200,,100,-1,111579,
111582,1,让我来给你加点魔法小料...缓缓闭上你的双眼，嘻嘻,200,,100,-1,111579,
111583,1,你我甚是投缘，这份魔法大礼就送你啦~,200,,100,-1,111579,
111584,1,想不想试试魔力傍身的感觉？稍等片刻哦~,200,,100,-1,111579,
111585,1,感受到了吗？这股流转的魔力……是我赐予你的恩泽,200,,100,-1,111579,
111586,1,嘻嘻，感受到魔力满溢了吗？这可是我偷偷塞给你的能量哦,200,,100,-1,111579,
111587,1,魔力已注入……收好它，嘻嘻,200,,100,-1,111579,
111588,1,再等一小会儿...你将受到魔力的"庇佑"~,200,,100,-1,111579,
111589,1,欢迎来到我的魔法专场！千万别眨眼，现在——演出拉开帷幕！,200,,100,-1,111589,魔术演出开始气泡ID
111590,1,呼呼～稍等片刻，皮皮猪魔术为你呈现！准备好了吗？接下来是见证奇迹的时刻！,200,,100,-1,111589,
111591,1,哼哼～魔力正在充能！不许偷偷盯着我的道具哦，马上要变出超神奇的东西啦！,200,,100,-1,111589,
111592,1,皮皮猪的奇妙演出即刻登场，嘘~稍作等候，好戏马上奉上,200,,100,-1,111589,
111593,1,咕噜咕噜～魔力冒泡！接下来，让我为你献上一场高深莫测的魔法表演,200,,100,-1,111589,
111594,1,世间所见皆为镜中泡影，不必急于分辨真伪，我的魔术，即将启幕,200,,100,-1,111589,
111595,1,咕噜～魔力漫起，眼前风物未必真切。静下心来，欣赏我为你准备的这场幻梦,200,,100,-1,111589,
111596,1,看好咯！本皮皮猪的拿手魔法，马上就要闪亮登场！,200,,100,-1,111589,
111597,1,噗叽噗叽～魔力泡泡漫天飞舞！不必急着分辨虚实，接下来，皮皮猪将为你献上独一份的奇妙魔术,200,,100,-1,111589,
111598,1,接下来请暂且放下洞察一切的心思，随我坠入由魔力构筑的短暂奇境,200,,100,-1,111589,
111599,1,咕噜～魔力泡泡全都消散啦！刚刚有没有被我的魔术惊艳到呀？,200,,100,-1,111599,魔术演出结束气泡ID
111600,1,哼哼，本场小猪魔术圆满收官！要是喜欢，记得下次再来找我哦,200,,100,-1,111599,
111601,1,幻象收起来咯！要是意犹未尽，下次我准备更厉害的魔法等你来,200,,100,-1,111599,
111602,1,怎么样，本小猪的魔术还算精彩吧？可不要吝啬你的夸奖哦,200,,100,-1,111599,
111603,1,噗叽，我的魔力用光光咯！怎么样，有没有猜出我的小秘密？（不许拆穿！）,200,,100,-1,111599,
111604,1,呼哧呼哧，表演结束啦～可不许转头就忘掉皮皮猪的奇妙幻术！,200,,100,-1,111599,
111605,1,此刻，落幕之时，若你仍心存好奇，不妨下次再来赴我的幻术之约,200,,100,-1,111599,
111606,1,嘿嘿~本皮皮猪这次的魔术演出就到此结束啦！怎么样？,200,,100,-1,111599,
111607,1,嘻嘻！没错，这就是令人惊叹的幻术魔法！,200,,100,-1,111599,
111608,1,呀呀呀~你见证了一场如此惊艳的魔术表演谢幕，有什么想说的吗？,200,,100,-1,111599,
111700-111899,,种植师,,,,,,
111701,1,别看我身形小巧，我可是精通种植培育法术：开垦、浇灌、育肥、采收全靠魔法完成哦！,200,,100,-1,111701,分享种植和自己气泡ID
111702,1,我改良过众多绝迹魔植品种，原本难以存活的星芒麦穗@item_201917#，如今整片田地都能大面积栽种呢~,200,,100,-1,111701,
111703,1,本喵可是萌宠村魔法种植培育大师，有空欢迎踏入我的魔法农田@item_1203#，那里每一寸土地都被我施过活化土咒啦！,200,,100,-1,111701,
111704,1,我的日常就是以魔力耕耘土地，抬手就能完成全部农作流程，怎么样厉害吧！嘻嘻,200,,100,-1,111701,
111705,1,法术种植是个精细活，每一株苗都要像呵护孩子般温心培育，才会迎来丰收~,200,,100,-1,111701,
111706,1,我平时都会在村庄@item_201020#里的种植区@item_1203#内用魔法精心照顾和培育株苗，若往后有事找我，可以去那里哟~,200,,100,-1,111701,
111707,1,嘿嘿，想必你一定还未曾见过我以魔法悉心培育幼苗的光景吧，有空一定要来田间@item_1203#看一看呀～,200,,100,-1,111701,
111708,1,你可曾去过村庄@item_201020#种植区@item_1203#驻足观望？每逢丰收之时，满园硕果垂挂，处处萦绕着浓郁魔法气韵～,200,,100,-1,111701,
111709,1,皮皮猪总跑来捣乱，一而再毁掉我魔法培育的株苗，次见他一定要好好教训一下~,200,,100,-1,111701,
111710,1,倘若你有富余的耕地作物种子@item_11683#，放在村落@item_201020#种植区@item_1203#周边储物箱，我瞧见了会帮你用魔法种植哒~,200,,100,-1,111701,
111711,1,如你外出探险偶遇新奇作物种子，将耕地作物种子@item_11683#放在附近的箱子里就行，我会尝试用魔法培育哟~,200,,100,-1,111701,
111712,1,嗯，我平日里就在种植园用魔法培育各类农作，待到丰收之时，再把所有果实全都收集好，存进箱子里～,200,,100,-1,111701,
111713,1,不知你可曾品尝我以魔力培育的蔬果，吃起来清甜爽口，还带着淡淡的魔法气息呢～,200,,100,-1,111701,
111714,1,不知小友可对魔法种植培育瓜果蔬菜感兴趣？若有意可随时来村间@item_201020#种植园@item_1203#领教一番~,200,,100,-1,111701,
111715,1,小友若常顺道，帮我捎些蔬果送至猪大厨@item_13333#那去吧，他擅长用魔法烹饪各种美食呢~,200,,100,-1,111701,
111716,1,法术猪厨师可偏爱我培育的脆瓜，做魔法沙拉会迸发柔和治愈魔力，大家都很爱吃~,200,,100,-1,111701,
111717,1,现在能独立打理种植园，多亏当年大法师的教导，想起跟着她学习农耕魔法的无忧时光~,200,,100,-1,111701,
111718,1,我早年间就跟在大法师身旁学习滋养咒，那时候小小的我，最爱蹲在花圃里看种子发芽,200,,100,-1,111701,
111719,1,法术耕种培育终究是个耐心活，只要温柔善待小苗，大的魔力就会回应你~,200,,100,-1,111701,
111720,1,嘘~田园需要安稳柔和的魔力环境，切记不要在附近施展破坏类法术哦~,200,,100,-1,111701,
111721,1,大地魔力，缓缓舒展这片硬土吧～,200,,100,-1,111721,施法垦土气泡ID
111722,1,魔力沉潜地底脉络，翻新整片沉寂荒地！,200,,100,-1,111721,
111723,1,借星尘沉淀的大地之力，唤醒沉寂荒芜的土壤!,200,,100,-1,111721,
111724,1,看我施展小法术，把结块的泥土全都松开来～,200,,100,-1,111721,
111725,1,引一缕柔和土灵魔力，渗入地底脉络，化作滋养灵植的温软沃土～,200,,100,-1,111721,
111726,1,施一道松土轻咒，给田地换上松软沃土...,200,,100,-1,111721,
111727,1,星辉融壤，重塑沃土阡陌...,200,,100,-1,111721,
111728,1,久寂沉睡的生机，听我咒文，挣脱种壳苏醒新生！,200,,100,-1,111728,施法种植气泡ID
111729,1,以星尘温柔魔力，唤醒深埋土层、沉眠已久的种子...,200,,100,-1,111728,
111730,1,借大地温壤，引星尘微光，破除长久沉睡，让生命自泥土之中绽放,200,,100,-1,111728,
111731,1,共睹奇迹一瞬，生机破土绽放！,200,,100,-1,111728,
111732,1,瞧好啦！冲破外壳封印，释放内在生机，见证新芽绽放的奇迹！,200,,100,-1,111728,
111733,1,沉眠于泥土的种子，接纳星尘魔力，破土而生,200,,100,-1,111728,
111734,1,魔力为引，以沃土为巢，沉睡的生命，快快萌发,200,,100,-1,111728,
111735,1,咦？我的魔法口袋里怎么空空的？糟糕，忘记带种子啦！,200,,100,-1,111735,没种子气泡
111736,1,伟大的土地啊，请接受我的魔法……咦？我的种子呢？！,200,,100,-1,111735,
111737,1,魔法准备就绪，但是…没有种子了…,200,,100,-1,111735,
111738,1,呜呜，我的魔法口袋怎么这么快就见底了？,200,,100,-1,111735,
111739,1,伟大的土地啊，请接受我的魔法……咦？我的种子好像不太够用了！,200,,100,-1,111735,
111740,1,我找得好辛苦呀，可是还是空空的，一颗能种的种子都没有呢~,200,,100,-1,111735,
111743,1,让我在这个大箱子里翻一翻，找找能种出甜甜果实的耕地种子~,200,,100,-1,111743,拿点种子气泡ID
111744,1,哎呀，耕地作物的种子@item_11683#都藏到哪里去啦？快出来让我找到你！,200,,100,-1,111743,
111745,1,我要用我的魔法小爪子，在这个箱子里抓出几颗最饱满的耕地种子@item_11683#！,200,,100,-1,111743,
111746,1,我要在这个神奇的箱子里寻宝，把那些圆滚滚的耕地种子@item_11683#都找出来！,200,,100,-1,111743,
111747,1,让我来挑选几颗充满魔力的耕地种子@item_11683#，准备开始今天的种植仪式！,200,,100,-1,111743,
111759,1,潺潺魔力清泉，浸润每一寸沃土，滋养枝芽生长,200,,100,-1,111759,施法浇水气泡ID
111760,1,流水携星尘暖意，轻抚根茎，愿灵株自在舒展,200,,100,-1,111759,
111761,1,魔力化甘霖，润物无声，予幼苗生生不息的力量!,200,,100,-1,111759,
111762,1,清泉落于田地，驱散干涸，唤醒枝叶的活力,200,,100,-1,111759,
111763,1,喝点魔法清泉，快快茁壮成长哦~,200,,100,-1,111759,
111764,1,以魔力化作雨露，滋养扎根泥土的生命!,200,,100,-1,111759,
111765,1,以星尘引灵泉，涓涓流水渗入土层，安抚根系，滋养灵植,200,,100,-1,111759,
111766,1,澄澈魔力甘霖缓缓洒落，愿这珍贵幼苗沐水而生，枝繁叶茂,200,,100,-1,111759,
111767,1,星尘化作丰饶馈赠，沉入大地，孕育盎然生机,200,,100,-1,111767,施法施肥气泡ID
111768,1,魔法肥料蕴藏星尘能量，植株吸收后会愈发茁壮,200,,100,-1,111767,
111769,1,引星尘化为丰饶之力，沉落土层深处，滋养灵根，助奇株蓬勃生发,200,,100,-1,111767,
111770,1,以魔力馈赠大地，源源养分萦绕根须，愿这珍贵灵植生生不息,200,,100,-1,111767,
111771,1,瞧，养分正慢慢渗入地底，滋养植物的根系,200,,100,-1,111767,
111772,1,魔法肥料蕴藏星尘能量，植株吸收后会愈发茁壮,200,,100,-1,111767,
111773,1,赋予泥土丰沛力量，让每一株幼苗汲取源源活力,200,,100,-1,111767,
111774,1,魔力养分沉降土层，为枝芽积蓄成长的力量,200,,100,-1,111767,
111783,1,枝叶承养，硕果成熟，借星尘之力，收取丰收之物,200,,100,-1,111783,施法丰收气泡
111784,1,沃土孕育的生机已然成熟，来吧，收获这份耕耘的馈赠,200,,100,-1,111783,
111785,1,看好咯，魔法会将成熟的植株轻轻收拢，一点都不会破坏果实,200,,100,-1,111783,
111786,1,历经沃土滋养、星尘浸润，灵植已然圆满成熟。以魔力温柔撷取，珍藏这份难得的生机馈赠,200,,100,-1,111783,
111787,1,魔力撷取，丰收已成。星尘引路，收纳硕果。尽数采收，耕耘终获,200,,100,-1,111783,
111788,1,春华终得秋实，引轻灵之力，稳妥采收珍稀灵株，不让积蓄的魔力消散分毫,200,,100,-1,111783,
111789,1,历经播种、浇灌与悉心培育，今日收取大地孕育的奇珍，留存这份自然馈赠,200,,100,-1,111783,
111790,1,承蒙沃土滋养、星尘润泽，灵植已然圆满成熟。借魔力之力，温柔撷取，妥善珍藏,200,,100,-1,111783,
111791,1,出发！我要去逛一逛，把地上成熟的果实全都捡起来！,200,,100,-1,111791,拾取气泡
111792,1,去田间逛一逛，把成熟的果实慢慢捡起来~,200,,100,-1,111791,
111793,1,去溜达一圈，把掉落的魔法果实全都抱回家~,200,,100,-1,111791,
111794,1,看看今天能捡到多少圆滚滚的成熟果实！,200,,100,-1,111791,
111795,1,接下来，去地里把成熟掉落在地上的果实全部给带走！,200,,100,-1,111791,
111799,1,我要把这些充满魔力的果实全都收好，等下次再让它们发芽~,200,,100,-1,111799,存放作物气泡ID
111800,1,嘿嘿，这些圆滚滚的果实全都乖乖躺进箱子里啦，看着就让人心里暖暖的！,200,,100,-1,111799,
111801,1,请好好保管这些充满希望的果实，它们可是我们村子的未来呀！,200,,100,-1,111799,
111802,1,每一颗果实都是大地的馈赠，我要把它们小心翼翼地放进箱子里,200,,100,-1,111799,
111803,1,我要把篮子里的魔法果实全都装进这个神奇的箱子里！,200,,100,-1,111799,
111804,1,箱子箱子快张大嘴巴，我要把今天捡到的所有果实都喂给你吃！,200,,100,-1,111799,
111805,1,请替我保管好这些充满魔力的果实，它们可是大地的馈赠！,200,,100,-1,111799,
111806,1,让我来清点一下今天的收获，然后把它们全都放进这个神奇的魔法箱子里！,200,,100,-1,111799,
111807,1,没有箱子那我的魔法口袋就是最棒的仓库啦！我要把果实全都塞进去~,200,,100,-1,111807,没箱自己留着气泡
111808,1,哎呀，没有箱子也没关系，我的肚皮圆滚滚的，正好可以把这些果实都藏起来！,200,,100,-1,111807,
111809,1,附近都没有箱子存放这些新鲜的魔法蔬果，那我先存着吧~,200,,100,-1,111807,
111810,1,要是附近有个大箱子就好了，正好把丰收的魔法蔬果给存起来...,200,,100,-1,111807,
111811,1,可惜了这些压箱底的新鲜魔法蔬果居然没有地方放...,200,,100,-1,111807,
111815,1,我准备好施展魔法了，可是……没有种植区@item_1203#让我大显身手呀~,200,,100,-1,111815,无旗帜气泡
111816,1,附近都是禁止开垦种植的地块吗！怎么一块种植区@item_1203#都没有~,200,,100,-1,111815,
111817,1,让我来挑选一块充满魔力的种植区@item_1203#，准备开始今天的种植仪式！…等等，种植区去哪了？,200,,100,-1,111815,
111818,1,找了一圈，一块允许种@item_1203#的地都没有呀~,200,,100,-1,111815,
111819,1,谁把种植区@item_1203#的旗子给拔了？气死本喵了，这让我怎么用魔法种植！,200,,100,-1,111815,
111820,1,这也太尴尬了吧...本来还想大展身手，结果没有种植区@item_1203#...,200,,100,-1,111815,
111821,1,如果没有种植旗帜@item_1203#的话，就不能进行魔法种植了...,200,,100,-1,111815,
111822,1,我好像找不到种植园了...有人能带带路吗~,200,,100,-1,111815,
111900-112099,,钓鱼猫,,,,,,
111901,1,喂喂，想不想看点厉害的？星辉河的最深处，可是藏着连我都叫不出名字的怪家伙哦！,200,,100,-1,111901,分享钓鱼和自己气泡
111902,1,星辉河深处藏着不少罕见生灵，有些小鱼的鳞片，入夜之后会自行散发光芒,200,,100,-1,111901,
111903,1,我常去往星辉河垂钓，河水沉满细碎星尘，河底栖息着各式各样的灵鱼呢！,200,,100,-1,111901,
111904,1,上次去往星辉河的路上，我遇见随风飘荡的星萤，漫山遍野，如梦似幻,200,,100,-1,111901,
111905,1,若是你感兴趣，有空可以同我一起前往星辉河，一同等候水中生灵,200,,100,-1,111901,
111906,1,嘻嘻，长久守在星辉河畔，不少罕见的星辉灵鱼，都曾被我的鱼钩所捕获，有空带你去瞧瞧~,200,,100,-1,111901,
111907,1,有机会的话，你也可以拿起鱼竿，亲自感受在星辉河畔垂钓的乐趣！,200,,100,-1,111901,
111908,1,很多人只远远眺望星辉河，却不知水下藏着一整个绚烂的生灵世界！,200,,100,-1,111901,
111909,1,河水漾着细碎星光，潜藏水底的小鱼身披流光，运气足够好才能一睹真容,200,,100,-1,111901,
111910,1,我总爱奔赴野外的星辉河畔垂钓，传说河底栖居着无数样貌绝美的神奇小鱼!,200,,100,-1,111901,
111911,1,这片水域藏着无尽秘密，如果你愿意静下心等待，总能收获意想不到的惊喜哦!,200,,100,-1,111901,
111912,1,我可是钓鱼大师！江湖人称"多余喵"，哈哈，每天都在寻找最合适的钓点，钓最大最美的鱼！,200,,100,-1,111901,
111913,1,什么？你居然看不起本喵，本猫的背篓虽然是空的，但也只是这一会儿，哼~,200,,100,-1,111901,
111914,1,咕咕咕，哒哒咕~开心跟钓没钓大鱼又有什么关系呢，心情愉悦才能做什么事情都成,200,,100,-1,111901,
111915,1,低调低调，幻彩霓虹@item_13631#、冰雪明珠@item_13633#、新夜光纹@item_13635#...星辉河里就没有我没钓过的鱼，嘿嘿,200,,100,-1,111901,
111920,1,喵喵喵~收好今日的收获，将星辉游鱼妥善收纳进箱中~,200,,100,-1,111920,存放进箱气泡
111921,1,把沐浴星光的鱼儿安放妥当，好好封存起来~,200,,100,-1,111920,
111922,1,把垂钓而来的灵鱼收纳完毕，继续等候下一场相逢！,200,,100,-1,111920,
111923,1,游鱼入箱，封存来自星辉河的小小惊喜~,200,,100,-1,111920,
111924,1,一条，俩条，三条！嘿嘿，今天收成真是不错！先保存起来啦！,200,,100,-1,111920,
111925,1,把鱼儿都放在这里，不会被别人偷走吧...算了，先存这里了...,200,,100,-1,111920,
111931,1,箱子不在身旁，只好将星河馈赠随身携带...,200,,100,-1,111931,没箱存身上气泡
111932,1,附近没有可以存放鱼儿的箱子，那我就先保管带到下次一起存放吧~,200,,100,-1,111931,
111933,1,喵喵喵~箱子都去哪了，钓了这么多条鱼儿，都没地方放了~,200,,100,-1,111931,
111934,1,附近放鱼儿的箱子都没有...那就通通打包带走喽！,200,,100,-1,111931,
111935,1,一圈搜寻下来未曾见到箱子，那就带上所有收获，继续赶路吧,200,,100,-1,111931,
111951,1,嘿嘿，小鱼乖乖等上钩，可别想挣脱星光鱼线！,200,,100,-1,111951,钓鱼中气泡
111952,1,星光鱼饵静静沉在水中，鱼儿快快来吧...,200,,100,-1,111951,
111953,1,水波悠悠泛着星光，我静静等着鱼儿上钩,200,,100,-1,111951,
111954,1,风轻轻拂过河面，我静静守着鱼竿，但愿很快就能感受到鱼线的动静,200,,100,-1,111951,
111955,1,水面星辉轻轻晃动，小鱼什么时候才会靠近鱼饵呀？,200,,100,-1,111951,
111956,1,星光落在鱼线上，期待下一刻传来拉扯的触感,200,,100,-1,111951,
111957,1,水里的小家伙，要不要来尝尝星光饵料？,200,,100,-1,111951,
111958,1,放好鱼饵，静下心，垂钓最需要耐心啦,200,,100,-1,111951,
111959,1,星辉随水波缓缓飘荡，小鱼快来触碰我的鱼饵吧！,200,,100,-1,111951,
111960,1,"独坐河畔，将期许系于纤细鱼线之上, 让鱼饵随星浪浮沉，等候一场不期而遇",200,,100,-1,111951,
111961,1,何等幸运！竟钓得畅游星辉长河的灵鱼，满身流转星辉,200,,100,-1,111961,钓到鱼气泡
111962,1,自星辉碧波之中而来，携整片星河的微光，落入我的鱼钩,200,,100,-1,111961,
111963,1,逮到你啦！瞧瞧这条小鱼，鳞片还闪烁淡淡的星尘微光！,200,,100,-1,111961,
111964,1,哇！有东西咬钩啦，太棒咯，是星辉河里的小鱼！,200,,100,-1,111961,
111965,1,太好了！鱼线一沉，收获今日的喜悦！,200,,100,-1,111961,
111966,1,满载欢喜，今日垂钓总算有所收获！,200,,100,-1,111961,
111967,1,总算如愿以偿，收获来自星辉河的馈赠！,200,,100,-1,111961,
111968,1,漫长的守候没有白费，顺利抓到游鱼咯！,200,,100,-1,111961,
111969,1,漫长等候终有回响，捕获畅游星波的生灵!,200,,100,-1,111961,
112157,1,没有游鱼的踪迹，倒是收获了水底的遗留物,200,,100,-1,112157,没钓着气泡
112158,1,咦？不是小鱼，居然捞上来一件奇怪小东西！,200,,100,-1,112157,
112159,1,不是期待的游鱼，不过这个小物件也挺有趣！,200,,100,-1,112157,
112160,1,落空啦，没能钓到鱼，只拉起水底的杂物...呜呜,200,,100,-1,112157,
112161,1,唔，鱼饵被啃走了，可惜没能钓到小鱼，只留下水底的小物件,200,,100,-1,112157,
112162,1,唔，没能钓到鱼，不过这个小东西看着挺有意思,200,,100,-1,112157,
112163,1,小鱼不见踪迹，却意外邂逅河底的小宝贝,200,,100,-1,112157,
112164,1,空欢喜一场，看来今天鱼儿不太愿意露面...,200,,100,-1,112157,
112165,1,唉，水波依旧流淌星辉，只是今日鱼儿不愿赴约,200,,100,-1,112157,
112167,1,挑选一个充满魔力的钓鱼点，准备开始今天的钓鱼仪式！……等等，水源去哪了？,200,,100,-1,112167,没水源钓鱼气泡
112168,1,找了一圈，附近一个小水坑都没有呀~,200,,100,-1,112167,
112169,1,鱼竿空空如也，附近真的没水源可以的钓鱼点！！,200,,100,-1,112167,
112170,1,我准备好施展钓鱼魔法了，可是……没有水源让我大显身手呀！,200,,100,-1,112167,
112171,1,哎呀，这片土地是不是太渴啦？连一滴水都不肯给我，让我怎么钓星星鱼呀~,200,,100,-1,112167,
112172,1,奇怪，附近怎么连小河都没有，没法下钩咯...,200,,100,-1,112167,
112173,1,四处都寻不到水源，今天难道不能钓鱼了吗？,200,,100,-1,112167,
112174,1,我兴冲冲扛着鱼竿赶来，居然没有可以垂钓的地方！,200,,100,-1,112167,
112175,1,咦？水潭去哪里啦，我还准备甩鱼竿钓鱼呢！,200,,100,-1,112167,
112176,1,找不到水域，暂时没法钓鱼！,200,,100,-1,112167,
112100-112299,,演奏家,,,,,,
112101,1,以前我总渴望很多观众，后来发现，就算没人驻足，演奏乐曲本身就足够有趣啦！,200,,100,-1,112101,分享演奏和自己气泡ID
112102,1,漫长岁月漫游秘境，我见证花开星陨，诸多见闻，都悄悄化作我旋律里独有的韵味啦~,200,,100,-1,112101,
112103,1,不存在永远完美的演奏，偶尔出现小小的失误，也是演奏独有的趣味呀~,200,,100,-1,112101,
112104,1,四处漂泊演奏，遇见又告别无数旅人，能在此刻与你闲谈，也算一场难得的缘分！,200,,100,-1,112101,
112105,1,看你一路风尘仆仆，想必经历不少冒险。不妨稍作歇息，音律最适合消解旅途劳累~,200,,100,-1,112101,
112106,1,每个人的旅途都有着独属于自己的故事，正如每一段旋律，都藏着不一样的心境~,200,,100,-1,112101,
112107,1,愿星辉与乐曲相伴，护你往后冒险一路顺遂，邂逅更多奇妙动人的风景！,200,,100,-1,112101,
112108,1,你有留意过秘境的各类声响吗？只要用心聆听，随处都能找到适合演奏的旋律~,200,,100,-1,112101,
112109,1,你可知魔法演奏的奥义？与音符共生，随旋律飘荡，这才是音律魔法的顶峰！,200,,100,-1,112101,
112110,1,旅途烦闷时不妨静下心听曲，温柔乐声，总能慢慢抚平你心底的焦躁~,200,,100,-1,112101,
112111,1,不同乐器各有性情，搭配得当相互映衬，合奏出来的乐章才足够动人~,200,,100,-1,112101,
112112,1,你也喜爱音律吗？若是心生兴趣，不妨静下心感受音符里蕴藏的星尘力量~,200,,100,-1,112101,
112113,1,你有没有听过我的魔法演奏会呀？我保证你一定会爱上！会不自觉跟着旋律一起扭动起来~,200,,100,-1,112101,
112114,1,我可是四叶村落的音乐演奏家！平日爱在村中奏乐，遇上我演出，一定要来捧场哟~,200,,100,-1,112101,
112115,1,每一段旋律都承载心绪，静下心聆听，便能读懂演奏者心中所想~,200,,100,-1,112101,
112121,1,借天地星尘为引，以乐为咒，接下来，请聆我猫乐手用听魔力谱写的乐章！,200,,100,-1,112121,音乐演出开始气泡ID
112122,1,Showtime！各位旅人稍作停留，来欣赏我的魔法音乐表演吧！,200,,100,-1,112121,
112123,1,准备好了吗？我要催动魔法，奏响好听的乐曲咯！,200,,100,-1,112121,
112124,1,万物皆可和鸣，接下来我将驱使魔力拨动弦音，为你开启这场魔法演奏~,200,,100,-1,112121,
112125,1,星光就位，乐器就绪，接下来，请感受魔法音律的力量，融入乐曲之中，静心聆听吧！,200,,100,-1,112121,
112126,1,静下心好好听哦，乐曲里藏着星尘的魔力！本音乐演奏大师即将带你进入一场梦幻的听觉盛宴！,200,,100,-1,112121,
112127,1,喜欢音律的旅人不要走开，精彩演出马上开始！我即将施展魔力，奏响星尘间的旋律~,200,,100,-1,112121,
112128,1,星尘流淌于我的音律之中，而我，即将以魔力乐器，演绎独属于这片大地的曲调!,200,,100,-1,112121,
112129,1,天地漫溢星尘，万物皆可和鸣。我依靠魔力驱使各类乐器，调和音律。请静候魔法乐声响起!,200,,100,-1,112121,
112130,1,漫漫岁月，步行星尘，领悟音律与魔力相融的诀窍。此刻，我将唤醒乐器，为众人献上一场魔法演奏~,200,,100,-1,112121,
112131,1,原野难得有听众，我将调动星尘之力演奏乐曲，愿意停下脚步，成为我的观众吗？,200,,100,-1,112121,
112132,1,远方来客，有幸相逢。我是一名魔法演奏者，若你有闲暇，不妨留下来聆听星尘谱写的乐曲!,200,,100,-1,112121,
112133,1,乐曲终章，星尘余音就此散去，感谢驻足聆听~,200,,100,-1,112133,音乐演出结束气泡ID
112134,1,魔力渐收，乐章落幕，期待下次与你相逢再奏乐曲！,200,,100,-1,112133,
112135,1,曲子到此结束，要是喜欢，下次记得再来听哦！,200,,100,-1,112133,
112136,1,魔力缓缓归于沉寂，本场魔法演奏到此结束，感谢诸位耐心聆听~,200,,100,-1,112133,
112137,1,所有旋律已然奏响，乐器归于平静，愿星尘乐章留在你的记忆之中！,200,,100,-1,112133,
112138,1,随着最后一缕音律消散，本次表演落幕，期待日后再度奏响乐曲与你相遇,200,,100,-1,112133,
112139,1,世间旋律自有起落，此刻乐章走向终章，愿这片刻的悦耳，抚平你旅途的疲惫~,200,,100,-1,112133,
112140,1,一曲终歇，万籁渐静。乐章已然落幕，愿漫天星辉与温柔旋律，长久护佑前行的你！,200,,100,-1,112133,
112141,1,今日的演奏到此告一段落，期待来日再度奏响乐章与你相逢！,200,,100,-1,112133,
112142,1,流淌的魔力慢慢沉淀，我以星尘谱写的乐曲演奏完毕，感恩每一位静心聆听的旅人~,200,,100,-1,112133,
112143,1,乐曲已然终章，愿方才的旋律，为你的星尘旅途增添一丝温柔~,200,,100,-1,112133,
112144,1,以星尘为引谱写的乐曲到此结束，此番音律之约已至尾声，静待下一次奏响新曲！,200,,100,-1,112133,
112300-112499,,舞者,,,,,,
112301,1,跟随旋律舞动不能刻意强求，顺着乐曲流动，舞姿才会灵动好看~,200,,100,-1,112301,分享舞蹈和自己气泡ID
112302,1,魔法舞步讲究贴合乐章，用心感受旋律，魔力自然会伴随身姿舒展~,200,,100,-1,112301,
112303,1,我和小猫演奏家相伴许久，只需一段旋律，便能默契配合，无需言语~,200,,100,-1,112301,
112304,1,小猫负责奏响乐章，我负责随风起舞，我们二人搭档，可是绝佳组合~,200,,100,-1,112301,
112305,1,一路上四处巡游表演，我与演奏猫走过无数地方，留下许多舞姿与乐章~,200,,100,-1,112301,
112306,1,只要小猫的乐声响起，我立刻就能跟上节奏，这是我们长久相伴的默契~,200,,100,-1,112301,
112307,1,魔法舞步依靠魔力与旋律共鸣，光是苦练动作，可远远不够哦~,200,,100,-1,112301,
112308,1,真期待遇上全新的乐曲，这样我就能编排全新的魔法舞步啦~,200,,100,-1,112301,
112309,1,等到表演开始，你不妨驻足观赏，看看我和小猫的精彩配合~,200,,100,-1,112301,
112310,1,我经常和小猫演奏家一起出去合奏音乐表演，但有时我也会跟它走丢~,200,,100,-1,112301,
112314,1,我最喜欢跳舞啦！通常演奏小猫都会拿着乐器@item_11907#叫我，然后他奏歌我起舞，一起完成音乐演出表演~,200,,100,-1,112301,
112342,1,嘿嘿，我们要奔赴哪里去表演呀~真期待能快点演出~,200,,100,-1,112342,跟随演奏猫气泡
112343,1,每次听到猫乐手演奏的舒服的乐曲，我就忍不住的舞动起来~,200,,100,-1,112342,
112344,1,我要紧随演奏家左右，静待乐曲奏响，届时我便踏乐起舞~,200,,100,-1,112342,
112345,1,嘻嘻，小猫演奏家去哪，我就去哪，你奏歌我伴舞，我们是最棒的组合~,200,,100,-1,112342,
112346,1,演奏小猫~我们一会要去哪里音乐表演呀？我得好好准备一下~,200,,100,-1,112342,
112347,1,嘻嘻，下一场演奏什么时候开始，我已经等不及跳舞啦~,200,,100,-1,112342,
112348,1,什么时候才开始演奏呀，我的舞步早就蠢蠢欲动咯~,200,,100,-1,112342,
112349,1,小猫演奏家，咱们接下来要去往何地表演，还要等候多久呀~,200,,100,-1,112342,
112350,1,唔，究竟什么时候奏响乐曲？我已经期待很久想要起舞咯~,200,,100,-1,112342,
112351,1,嘿！演奏小猫咪，我们一会去人多的地方进行音乐表演吧，大家一定会喜欢的~,200,,100,-1,112342,
112500-112699,,老村长,,,,,,
112501,1,此地旧事如烟，皆是传奇，我相信你一定会感兴趣的。且待来日，再与你细说...,200,,100,-1,112501,分享传奇和自己气泡ID
112502,1,这里埋藏着无数传奇，改日，我慢慢讲给你听...,200,,100,-1,112501,
112503,1,嘘...听，那是她的回响。是她将符文与智慧赐予了萌宠，铸就了眼前的繁荣,200,,100,-1,112501,
112504,1,哈哈，小友很高兴见到你，是否已领学院新生大礼包？可随时带着"星尘之源"来找我兑换~,200,,100,-1,112501,
112505,1,在四叶村落与其他魔法学员相处可还融洽？是否在法术学习炼造之路可有遇到什么难题？,200,,100,-1,112501,
112506,1,魔法学院名为四叶村，你可已了解其背后的渊源？这里还有许多待你挖掘的秘密呢~,200,,100,-1,112501,
112507,1,唉，昔日的大法师已遭受虚空侵蚀，唯有勇士踏足腐化遗岛，方能将其解救,200,,100,-1,112501,
112508,1,四叶草小溪河畔的子民啊，日夜守望，都在祈盼她何时能再次归来...,200,,100,-1,112501,
112509,1,四叶村的传奇在等待一位新的勇士去续写，届时他会身披星辰符文法袍来拯救我们！你觉得会是谁呢~,200,,100,-1,112501,
112510,1,一代代萌宠学员在此成长，我见证了无数小家伙踏上魔法修行之路~,200,,100,-1,112501,
112511,1,符文魔法的奥秘，你可已参透？唯有澄澈之心，方能吟唱成法,200,,100,-1,112501,
112512,1,若是你愿意守护村落，四叶村的所有生灵，都会铭记你的善意~,200,,100,-1,112501,
112513,1,虚空的气息...愈发浓烈了，我们...还能撑多久...,200,,100,-1,112501,
112514,1,唯有领悟符文魔法真谛，才有机会抗衡源源不断的虚空之力！,200,,100,-1,112501,
112515,1,我曾亲眼见证村庄一步步走向复兴，可如今虚空压境，它又在一点点走向覆灭...面对这宿命，我该何去何从...,200,,100,-1,112501,
112516,1,曾几何时，这些萌宠学员还只是陪伴在人类魔法师左右，备受宠爱的小动物呢~,200,,100,-1,112501,
112517,1,很久以前，星尘之境还是一片祥和之地，流淌着无尽的魔力。可如今，虚空逐渐渗透，万物在哀鸣中腐化...,200,,100,-1,112501,
112518,1,虚空正在渗透...连荒野的生灵都在哀鸣，这股力量，变得愈发不可控制...,200,,100,-1,112501,
112519,1,四叶草承载古老誓约，村落的存续，皆源于多年前定下的守护之诺~,200,,100,-1,112501,
112520,1,今天可有好好研习法术？修行之路漫漫，还望你切莫半途而废…,200,,100,-1,112501,
112521,1,你今日可有勤修符文道法？修习魔法贵在持之以恒，切勿心生懈怠…,200,,100,-1,112501,
112522,1,漫天星辰皆有归属，一星对应一人。观星象知去向，观星辉知生机，观星体知魔力，试着寻找你的本命星辰吧~,200,,100,-1,112501,
112523,1,攻击魔法是大魔法师的必修课之一，不过我已看透你纯粹的魔力，待你加冕此冠归来~,200,,100,-1,112501,
112526,1,诸位不妨暂且放下手中琐事。接下来，我将为大家诉说这片土地，代代流传的过往传奇~,200,,100,-1,112526,故事演讲开始气泡ID
112527,1,这座村落藏着不为人知的往昔。此刻，就让我慢慢翻开尘封已久的旧事~,200,,100,-1,112526,
112528,1,今夜，借着漫天星辉，我来为大家讲述村落先辈们的传奇经历~,200,,100,-1,112526,
112529,1,各位小家伙、远道而来的旅人，不妨围坐过来。我打算讲讲咱们村庄流传许久的古老传奇...,200,,100,-1,112526,
112530,1,往事如同深埋泥土的星尘，沉寂许久。现在，就让我将村庄久远的故事，一一讲给诸位听...,200,,100,-1,112526,
112531,1,趁此刻夜色正好、星辉洒落，我来说一段咱们村庄代代相传的奇妙往事~,200,,100,-1,112526,
112532,1,静一静，星辉为证，属于村庄的往昔故事，现在开讲!,200,,100,-1,112526,
112533,1,时光封存了无数往事。且静下心，听我细说这座萌宠村落，代代相传的传奇篇章...,200,,100,-1,112526,
112534,1,天地星辉亘古不变，可村落的往事渐渐被人淡忘。不妨驻足聆听，一同回望属于此地的峥嵘往昔...,200,,100,-1,112526,
112535,1,故事就讲到这里啦，若是意犹未尽，待到星辉再临之时，我再诉说新的往事,200,,100,-1,112535,故事演讲结束气泡ID
112536,1,诸位，今日的传奇先分享到此，愿先辈的故事，能够给予你几分启发...,200,,100,-1,112535,
112537,1,希望方才的故事没有让你失望，日后若是有空，不妨再来听我讲述更多秘境传说~,200,,100,-1,112535,
112538,1,我能诉说的往事仅有这些，更多未知的故事，仍等待你们亲自去发掘~,200,,100,-1,112535,
112539,1,好啦，今天的故事说完咯，下次我们再来继续传说共鸣,200,,100,-1,112535,
112540,1,今天的故事就说到这里啦，若是感兴趣，下次我再继续讲述更多尘封旧事~,200,,100,-1,112535,
112541,1,这节篇章暂时落幕，切莫遗忘这片土地的过往...,200,,100,-1,112535,
112542,1,故事暂且收尾，待到下次我再继续为大家开启新的讲述...,200,,100,-1,112535,
112543,1,风声渐息，故事暂时收尾，时光仍会继续书写属于这片土地新的篇章,200,,100,-1,112535,
112544,1,昔有大魔法师，以符文魔法教化万物，一手缔造了学院与村庄的传奇....,200,,100,-1,112544,演讲故事气泡
112545,1,在很久很久以前，曾有一位伟大的魔法师，是她，开创了魔法学院，传授符文知识，带领动物人们学习魔法，才有了如今的村庄...,200,,100,-1,112544,
112546,1,奇迹在于，昔日大魔法师将【觉醒】符文记录于卷轴，吟唱和赋予了无数生灵智慧与人形...,200,,100,-1,112544,
112547,1,曾经的魔法屋被保留下来，作为大家共同学习与成长的圣地，供奉纪念这位伟大的导师。愿智慧与爱在此长存。愿，大家一切平安...,200,,100,-1,112544,
112549,1,远古学者破译古老符文，推开星尘秘境的大门，在此扎根筑屋，探索这片神奇的魔法天地...,200,,100,-1,112544,
112550,1,她唤醒萌宠赋予灵智，开课授法筑建家园，远行探索后，众人留守延续这份温柔传承...,200,,100,-1,112544,
112551,1,她过往探秘总爱带着一众小萌宠解闷，顽皮的小家伙们，唯独在她身边格外乖巧温顺...,200,,100,-1,112544,
112552,1,一场深夜魔法意外，让萌宠觉醒人形、开口言语，这份神奇秘法，唯有人类能够习得...,200,,100,-1,112544,
112553,1,她温柔赋予萌宠新生与魔法，从此这群小家伙，将人类视作此生最信仰的依靠...,200,,100,-1,112544,
112554,1,萌宠软萌护短、嫉恶如仇，一颗星影果缔结契约，便会终生追随、誓死守护主人...,200,,100,-1,112544,
112555,1,人与萌宠同心研学、各司其职，烟火融融的村落，成了星尘境最温暖的魔法圣地...,200,,100,-1,112544,
112556,1,她以四叶草寓意定名村落，藏着信任与爱意，敞开怀抱迎接每一位逐梦的旅人...,200,,100,-1,112544,
112557,1,安宁岁月骤然破碎，虚空裂缝撕裂天穹，她为护住伙伴，独自赴暗、被黑暗吞噬黑化...,200,,100,-1,112544,
112558,1,负伤的星芒带回绝望噩耗，老法师忍痛送别它远行，远赴迷拉星寻觅救世勇士...,200,,100,-1,112544,
112559,1,虚空黑雾不断侵蚀大地，浮岛沦陷、森林腐化，村中伙伴接连离奇消失、杳无音讯...,200,,100,-1,112544,
112560,1,诡异的蚀化怪物悄然现世，恐惧笼罩村落，封闭与缄默，成了所有人心底的禁忌...,200,,100,-1,112544,
112561,1,温柔的摇篮曲，曾是星洛安抚万物的温柔呢喃，夜夜萦绕村落，温柔治愈所有生灵...,200,,100,-1,112544,
112562,1,导师失踪后歌谣绝迹，深夜林间飘来扭曲曲调，是残存温柔，还是虚空编织的陷阱？,200,,100,-1,112544,
112563,1,他是星洛此生最好的挚友，受托留守故土，半生守护着满是回忆的四叶村落...,200,,100,-1,112544,
112564,1,浩劫耗尽他一身风华与魔力，余生只剩静坐望星，岁岁年年静待故人平安归来...,200,,100,-1,112544,
112565,1,虚空降临，阴霾笼罩村庄，它以滑稽戏法驱散压抑，化身照亮众人的开心果...,200,,100,-1,112544,
112566,1,从前的星芒是寸步不离星洛的胆小修狗，一场虚空灾祸，彻底褪去了满身稚气...,200,,100,-1,112544,
112567,1,它独自踏上遥远旅途寻找勇士，昔日的小跟屁虫，成长为承载希望的引路者...,200,,100,-1,112544,
112568,1,它孤身穿越星尘长路前往迷拉星，寻来勇士，完成了从小跟班到引路人的蜕变...,200,,100,-1,112544,
112585,1,炼造法术所需的载体纸张与玻璃瓶已然不足，正好在此补充一些,200,,100,-1,112585,拿材料练魔法气泡ID
112586,1,各类法术配方离不开容器与符纸，是时候取出储备的纸张与小玻璃瓶了,200,,100,-1,112585,
112587,1,从储物箱取几份材料，免得炼造途中缺少纸张与玻璃瓶,200,,100,-1,112585,
112588,1,不曾想材料消耗得如此迅速，纸张与玻璃瓶存量告急，及时补足下,200,,100,-1,112585,
112589,1,箱子里存放着备用材料，正好取出纸张与玻璃瓶补足储备,200,,100,-1,112585,
112590,1,还好箱中留有储备，取出纸张、玻璃瓶，不至于中断炼造工作,200,,100,-1,112585,
112591,1,储物箱内留存着备用器物，此刻取出纸张与玻璃瓶，继续推进法术炼造,200,,100,-1,112585,
112595,1,引星尘为引，以灵材为基，魔力循符文游走，法术就此凝练,200,,100,-1,112595,练造时气泡
112596,1,星尘归序，灵息相融，符文落器，新法初生,200,,100,-1,112595,
112597,1,游散的魔力，在此处交织，编织全新法术脉络,200,,100,-1,112595,
112598,1,符文稳固，力量封存，新法即将凝聚完成...,200,,100,-1,112595,
112599,1,以星辉为引，塑法术之形!,200,,100,-1,112595,
112600,1,星尘汇聚，熔铸新法!,200,,100,-1,112595,
112601,1,风起携星屑，灵聚汇微光，刻印永恒咒纹，凝聚法术力量,200,,100,-1,112595,
112602,1,循着古老的韵律，将魔力永久封存在载体之中,200,,100,-1,112595,
112603,1,收纳最后的星息，让法术恒久安定,200,,100,-1,112595,
112604,1,星辉垂落，灵韵相生，魔力入器，咒纹自生,200,,100,-1,112595,
112605,1,以心为契，以物为媒，星尘流转，铸就咒法,200,,100,-1,112595,
112606,1,散逸的魔力听从召唤，编织法术的脉络,200,,100,-1,112595,
112607,1,法术凝形，此番炼造圆满落幕!,200,,100,-1,112607,练造完成气泡
112608,1,魔力封存，新法炼制完成!,200,,100,-1,112607,
112609,1,咒印稳定，大功告成!,200,,100,-1,112607,
112610,1,新法已成，往后便可探究它蕴藏的力量~,200,,100,-1,112607,
112611,1,所有力量交融妥当，这道法术顺利炼成啦~,200,,100,-1,112607,
112612,1,心力未负，载体承稳住魔力，新法顺利凝成!,200,,100,-1,112607,
112613,1,你瞧，魔力彻底稳定下来，这场法术炼造圆满结束~,200,,100,-1,112607,
112614,1,很好，魔力完美封存，这次炼造十分顺利~,200,,100,-1,112607,
112615,1,凝聚的力量就此封存，新法现世！,200,,100,-1,112607,
112616,1,妙哉！力量契合度远超预想，这次炼造收获颇丰,200,,100,-1,112607,
112617,1,一切尘埃落定，又一项法术，被成功炼造而出,200,,100,-1,112607,
112618,1,妙哉！力量完美契合载体，这次炼造远超预期,200,,100,-1,112607,
112619,1,新法已然炼成，将它妥善收纳箱中妥善保存,200,,100,-1,112619,法术存放气泡ID
112620,1,把这份法术载体安放妥当，待到需要之时再取出,200,,100,-1,112619,
112621,1,收好刚炼造完成的法术，存入箱内，谨防魔力逸散,200,,100,-1,112619,
112622,1,把新法存放起来，后续若是需要，随时可以开箱取出,200,,100,-1,112619,
112623,1,此道法术已然稳定成型，我将其安放箱中，隔绝外界扰动，长久保存这份魔力,200,,100,-1,112619,
112624,1,魔力尚需妥善护持，此刻将炼制完成的法术收纳箱内，静待来日启用,200,,100,-1,112619,
112625,1,法术暂且收纳入箱，不知未来何时，这股力量便能派上用场,200,,100,-1,112619,
112626,1,魔力已然稳固，此刻将载体收纳箱中，长久守护这份凝聚而成的力量,200,,100,-1,112619,
112629,1,附近寻不到储物箱，只好暂且将这道法术随身保管~,200,,100,-1,112629,没箱自己留着气泡
112630,1,没有合适的容器存放新法，那便由我亲自妥善收持~,200,,100,-1,112629,
112631,1,你看，此地缺少储物箱，我只好暂且将炼成的法术带在身上,200,,100,-1,112629,
112632,1,四下寻不到能够存放魔力载体的箱子，只好将新法贴身收好，待到寻得储物之处再妥善封存,200,,100,-1,112629,
112633,1,你看，新法已经炼成，可惜无处收纳，我只能暂且自行保管,200,,100,-1,112629,
112634,1,看来缺少一个合适的储物箱来存放这些新炼造的法术...,200,,100,-1,112629,
112639,1,箱中缺少练法@item_11322#，@item_11320#所需要的载体，此次练法暂且搁置...,200,,100,-1,112639,没有材料气泡ID
112640,1,若有小玻璃瓶@item_11320#或纸张@item_11322#可存放箱中，此乃我练法术必须要用到的载体,200,,100,-1,112639,
112641,1,如果你能在箱中长期提供载体材料@item_11320#，@item_11322#，我可以帮你炼造一些法术~,200,,100,-1,112639,
112642,1,炼造的法术需要一些载体@item_11320#，@item_11322#封存，可附近箱中缺少，无法继续法术练造...,200,,100,-1,112639,
112643,1,老夫炼造法术缺少一些材料@item_11322#，@item_11320#，谁有的话就放在箱子里吧，我会自取，非常感谢~,200,,100,-1,112639,
112644,1,哎呀，炼造法术缺少了一些必要的材料@item_11322#，@item_11320#，附近箱子里也没有，这可有些难办了...,200,,100,-1,112639,
112645,1,缺少承载魔力的器物@item_11322#，@item_11320#，眼下暂且无法着手开展法术炼造...,200,,100,-1,112639,
112646,1,炼法所需载体已经耗尽，若要继续钻研，还需筹备些小玻璃瓶@item_11320#或是纸张@item_11322#,200,,100,-1,112639,
112651,1,缺少符文铭刻台@item_826#，无法刻印咒纹，暂时不能完成法术炼造…,200,,100,-1,112651,没符文铭刻台气泡
112652,1,想要稳固铭刻法术，必须借助符文铭刻台@item_826#，眼下缺少这座器具,200,,100,-1,112651,
112653,1,符文铭刻台@item_826#不在近处，无法镌刻咒印，炼造只能暂时停下...,200,,100,-1,112651,
112654,1,若要完成法术铭刻，符文铭刻台@item_826#必不可少，眼下尚不具备条件,200,,100,-1,112651,
112655,1,符文铭刻台@item_826#不在此地，暂时无法完成法术最后的铭刻工序…,200,,100,-1,112651,
112656,1,想要完整铭刻法术，符文铭刻台@item_826#不可或缺，眼下难以施行…,200,,100,-1,112651,
112657,1,你有所不知，法术铭刻离不开符文铭刻台@item_826#，老夫眼下并无可用器具,200,,100,-1,112651,
112661,1,且在此处搜寻片刻，各类材料、粉尘，揭示构筑法术力量的原料...,200,,100,-1,112661,材料采集中气泡
112662,1,万物蕴有灵力，自然生灵精粹、星尘微粒，皆可化为法术力量,200,,100,-1,112661,
112663,1,想要构筑稳定的法术，原料容不得马虎，四处寻访，多收集些各类灵材,200,,100,-1,112661,
112664,1,一点点积攒星尘粉尘，等材料齐备，就能尝试炼制全新法术啦！,200,,100,-1,112661,
112665,1,慢慢收集各类灵材，想要炼造法术，各样原料都需要提前备齐...,200,,100,-1,112661,
112666,1,这些细碎的星尘粉尘，积少成多，正是炼制法术不可或缺的素材...,200,,100,-1,112661,
112667,1,多多收纳灵质原料，待材料齐备，便可着手开启法术炼造~,200,,100,-1,112661,
112668,1,嗯...这是个不错的原料，先收集一些,200,,100,-1,112661,
112669,1,哦？看来这里蕴含奇特的能量，我得先采集一些,200,,100,-1,112661,
112670,1,材料多多益善，有充足原料，法术炼制才能更加顺利,200,,100,-1,112661,
112674,1,缺少符能提炼装置@item_825#，难以萃取灵力，无法炼制法术药水…,200,,100,-1,112674,没符能提炼装置气泡
112675,1,附近寻不到符能提炼装置@item_825#，无法提炼原料，法术药水难以成型…,200,,100,-1,112674,
112676,1,法术药水需要提纯灵材，可惜缺少符能提炼装置@item_825#，暂时难以制作,200,,100,-1,112674,
112677,1,拥有符能提炼装置@item_825#，便能萃取灵息，如今缺少器具，炼造受阻,200,,100,-1,112674,
112678,1,欠缺符能提炼装置@item_825#，无法浓缩魔力本源，炼制药水之事只得延后…,200,,100,-1,112674,
112679,1,目前老夫炼造法术药水还缺少一个符能提炼装置@item_825#，小友可否帮帮我？,200,,100,-1,112674,
112680,1,装置@item_825#是法术炼造的场所，现在缺少，老夫也无法继续进行...,200,,100,-1,112674,
112700-112899,,游侠猫,,,,,,
112701,1,哼，又来一个…不过你眼神还行。,200,,100,-1,112701,
112702,1,本喵最近缺点“圆圆的东西”…你要是搞到@item_11996#，本喵可以拿好东西跟你换。,200,,100,-1,112701,
112703,1,听说有人捡到过@item_11996#？拿来找本喵，有惊喜。,200,,100,-1,112701,
112704,1,今天这片林子，还算太平…喵。,200,,100,-1,112701,
112705,1,路见不平一声吼，该出手时就出手。,200,,100,-1,112701,
112706,1,星光这么好，不赶路了，歇会儿。,200,,100,-1,112701,
112900-113099,,星尘精灵,,,,,,
112901,1,@item_770#→◇●○草原…,200,,100,-1,112901,
112902,1,@item_29#→≈≈≈沙漠…,200,,100,-1,112901,
112903,1,@item_123#→??冰原…,200,,100,-1,112901,
112904,1,@item_201914#→??四叶草村…,200,,100,-1,112901,
112905,1,@item_200254#→??蘑菇村…,200,,100,-1,112901,
112906,2,@item_201907#→??腐化遗岛…,200,,100,-1,112901,
