状态ID,名字,等级,作用时间(秒),"调用Update周期(秒), 0表示不调用","脚本名字:开始Script_Start,结束Script_End,Tick:Script_Tick",作为插件编辑效果[0代表不开放，1150=有害，1151=有益，1152=中立 ],触发器开放[0代表不开放，1=有害效果，2=有益效果，3=中立效果 ],效果库ID1,默认值1（时间需要除以10）,效果库ID2,默认值2,效果库ID3,默认值3,效果库ID4,默认值4,效果库ID5,默认值5,效果库ID6,默认值6,效果库ID7,默认值7,效果库ID8,默认值8,效果库ID9,默认值9,效果库ID10,默认值10,睡觉获取权重,睡觉获取权重生态加成,图标(填图标库ID),特效(填特效库ID),音效(填音效库ID),持续模式（0=无限时间 大于0=有限时间）,优先级（1=覆盖 2=并存）,死亡不清除（1=清除 2=不清除）,主动攻击清除效果（1=清除 2=不清除）,受到伤害清除效果（1=清除 2=不清除）,冷却时间（获取后这段时间内无法再次获得同一个buff，填秒数）（未开发）,冷却说明（描述冷却原因，填stringid）（未开发）,插件编辑模板(不填=不是模板 1=作为模板),属性类型1（废弃）,属性值1（废弃）,属性类型2（废弃）,属性值2（废弃）,属性类型3（废弃）,属性值3（废弃）,属性类型4（废弃）,属性值4（废弃）,属性类型5（废弃）,属性值5（废弃）,描述,图标名字,类型(0有益，1不利，2特殊),状态类型(0-无，1-火，2-变身，3-毒素，4-流血，5-冰，6-冻结),状态类型名称（填stringid）,特效名称,音效类型（0单次1循环）,音效名称,身体模型,中BUFF变第三人称,禁止做一切事,图标缺失,部件放大(将来除以1000等于部件),在buff栏隐藏,备注,标签,预制资源名
ID,Name,Level,EffectTime,UpdatePeriod,ScriptName,AtkEffectTypeSID,TriggerType,EffectBankID1,Default1,EffectBankID2,Default2,EffectBankID3,Default3,EffectBankID4,Default4,EffectBankID5,Default5,EffectBankID6,Default6,EffectBankID7,Default7,EffectBankID8,Default8,EffectBankID9,Default9,EffectBankID10,Default10,SleepWeight,SleepWeightByBiome,IconID,ParticlesID,SoundID,Continuous,Priority,DeathClearance,Attack,Bruise,ColdTime,ColdDetail,IsTemplate,AttrType1,AttrValue1,AttrType2,AttrValue2,AttrType3,AttrValue3,AttrType4,AttrValue4,AttrType5,AttrValue5,Desc,IconName,Type,Nature,NatureName,EffectName,SoundType,SoundName,BodyModel,NeedSwitchTPS,DisableAction,,PartScale,Hide,,Tag,PrefabName
1001,示例移动速度,1,3,0,,,,1001,100101|20,,,,,,,,,,,,,,,,,,,,,1067,1238,10094,3,1,1,2,2,,,,MOVE_SPEED,0.2,,,,,,,,,,move_speed_add,0,,,BUFF_SPEED_1,0,buff.buff_speed_1,,0,,,,,,,
1002,示例移动速度,2,3,0,,,,1001,100101|50,,,,,,,,,,,,,,,,,,,,,1067,1238,10094,3,1,1,2,2,,,,MOVE_SPEED,0.5,,,,,,,,,,move_speed_add,0,,,BUFF_SPEED_1,0,buff.buff_speed_1,,0,,,,,,,
1003,示例移动速度,3,10,0,,,,1001,100101|200,,,,,,,,,,,,,,,,,,,,,1067,1238,10094,10,1,1,2,2,,,,MOVE_SPEED,2,,,,,,,,,,move_speed_add,0,,,BUFF_SPEED_1,0,buff.buff_speed_1,,0,,,,,,,
2001,示例挖掘速度,1,3,0,,,,1001,20,,,,,,,,,,,,,,,,,,,,,1052,1238,10094,3,1,1,2,2,,,,DIG_SPEED,0.2,,,,,,,,,,dig_speed_add,0,,,BUFF_SPEED_1,0,buff.buff_speed_1,,0,,,,,,,
3001,缓慢生命恢复1级,1,45,4,AddHPBuff,1151,2,1007,40|5,,,,,,,,,,,,,,,,,,,,,1001,1234,10087,45,1,1,2,2,,,1,SCRIPT_VAR,5,,,,,,,,,每4秒恢复5点生命值。,addhpbuff_add,0,,,BUFF_HP_1,0,buff.buff_hp_1,,0,,,,,,,
3002,缓慢生命恢复2级,2,45,2,AddHPBuff,1151,2,1007,20|5,,,,,,,,,,,,,,,,,,,,,1001,1234,10087,45,1,1,2,2,,,1,SCRIPT_VAR,5,,,,,,,,,每2秒恢复5点生命值。,addhpbuff_add,0,,,BUFF_HP_1,0,buff.buff_hp_1,,0,,,,,,,
3003,缓慢生命恢复3级,3,45,1,AddHPBuff,1151,2,1007,10|5,,,,,,,,,,,,,,,,,,,,,1001,1234,10087,45,1,1,2,2,,,1,SCRIPT_VAR,5,,,,,,,,,每1秒恢复5点生命值。,addhpbuff_add,0,,,BUFF_HP_1,0,buff.buff_hp_1,,0,,,,,,,
4001,疾跑1级,1,180,,,1151,2,1001,100101|25,,,,,,,,,,,,,,,,,,,,,1067,1238,10094,180,1,1,2,2,,,1,MOVE_SPEED,0.25,,,,,,,,,基础速度提高25%。,move_speed_add,0,,,BUFF_SPEED_1,0,buff.buff_speed_1,,0,,,,,,,
4002,疾跑2级,2,180,,,1151,2,1001,100101|50,,,,,,,,,,,,,,,,,,,,,1067,1238,10094,180,1,1,2,2,,,1,MOVE_SPEED,0.5,,,,,,,,,基础速度提高50%。,move_speed_add,0,,,BUFF_SPEED_1,0,buff.buff_speed_1,,0,,,,,,,
4003,疾跑3级,3,180,,,1151,2,1001,100101|75,,,,,,,,,,,,,,,,,,,,,1067,1238,10094,180,1,1,2,2,,,1,MOVE_SPEED,0.75,,,,,,,,,基础速度提高75%。,move_speed_add,0,,,BUFF_SPEED_1,0,buff.buff_speed_1,,0,,,,,,,
4004,疾跑4级,4,600,,,1151,2,1001,100101|75,,,,,,,,,,,,,,,,,,,,,1067,1238,10094,600,1,1,2,2,,,1,MOVE_SPEED,0.75,,,,,,,,,基础速度提高75%。,move_speed_add,0,,,BUFF_SPEED_1,0,buff.buff_speed_1,,0,,,,,,,
5001,速泳1级,1,60,,,,,1001,100103|25,,,,,,,,,,,,,,,,,,,,,1074,1238,10094,60,1,1,2,2,,,,SWIM_SPEED,0.25,,,,,,,,,游泳速度提高25%。,swim_speed_add,0,,,BUFF_SPEED_1,0,buff.buff_speed_1,,0,,,,,,,
5002,速泳2级,2,60,,,,,1001,100103|50,,,,,,,,,,,,,,,,,,,,,1074,1238,10094,60,1,1,2,2,,,,SWIM_SPEED,0.5,,,,,,,,,游泳速度提高50%。,swim_speed_add,0,,,BUFF_SPEED_1,0,buff.buff_speed_1,,0,,,,,,,
5003,速泳3级,3,60,,,,,1001,100103|75,,,,,,,,,,,,,,,,,,,,,1074,1238,10094,60,1,1,2,2,,,,SWIM_SPEED,0.75,,,,,,,,,游泳速度提高75%。,swim_speed_add,0,,,BUFF_SPEED_1,0,buff.buff_speed_1,,0,,,,,,,
6001,跳高高1级,1,60,,,1151,2,1004,4,,,,,,,,,,,,,,,,,,,,,1067,1417,10094,60,1,1,2,2,,,1,JUMP_SPEED,0.4,,,,,,,,,跳跃高度提高,move_speed_add,0,,,jump_speed_add,0,buff.buff_speed_1,,0,,1,,,,,
6002,跳高高2级,2,60,,,1151,2,1004,10,,,,,,,,,,,,,,,,,,,,,1067,1417,10094,60,1,1,2,2,,,1,JUMP_SPEED,1,,,,,,,,,跳跃高度提高,move_speed_add,0,,,jump_speed_add,0,buff.buff_speed_1,,0,,1,,,,,
6003,跳高高3级,3,60,,,1151,2,1004,17,,,,,,,,,,,,,,,,,,,,,1067,1417,10094,60,1,1,2,2,,,1,JUMP_SPEED,1.7,,,,,,,,,跳跃高度提高，小心摔断腿！,move_speed_add,0,,,jump_speed_add,0,buff.buff_speed_1,,0,,1,,,,,
6004,跳高高4级,4,10,,,,,1004,24,,,,,,,,,,,,,,,,,,,,,1067,1417,10094,10,1,1,2,2,,,,,,,,,,,,,,跳跃高度提高，小心摔断腿！,move_speed_add,0,,,jump_speed_add,0,buff.buff_speed_1,,0,,1,,,,,
6005,强化跑酷,1,600,,,1151,2,1001,100101|90,1004,25,,,,,,,,,,,,,,,,,,,1067,1784,10094,600,1,1,2,2,,,1,MOVE_SPEED,0.75,,,,,,,,,基础速度提高90%，跳跃提升25。,move_speed_add,0,,,BUFF_SPEED_1,0,buff.buff_speed_1,,0,,,,,,,
6006,跳高高6级,6,300,,,,,1004,20,,,,,,,,,,,,,,,,,,,,,1067,1417,10094,300,1,1,2,2,,,,,,,,,,,,,,跳跃高度提高，小心摔断腿！,move_speed_add,0,,,jump_speed_add,0,buff.buff_speed_1,,0,,1,,,,,
7001,疯狂挖掘1级,1,45,,,,,1002,25,,,,,,,,,,,,,,,,,,,,,1052,1238,10094,45,1,1,2,2,,,,DIG_SPEED,0.25,,,,,,,,,挖掘速度提高25%。,dig_speed_add,0,,,BUFF_SPEED_1,0,buff.buff_speed_1,,0,,,,,,,
7002,疯狂挖掘2级,2,180,,,,,1002,50,,,,,,,,,,,,,,,,,,,,,1052,1238,10094,180,1,1,2,2,,,,DIG_SPEED,0.5,,,,,,,,,挖掘速度提高50%。,dig_speed_add,0,,,BUFF_SPEED_1,0,buff.buff_speed_1,,0,,,,,,,
7003,疯狂挖掘3级,3,180,,,,,1002,75,,,,,,,,,,,,,,,,,,,,,1052,1238,10094,180,1,1,2,2,,,,DIG_SPEED,0.75,,,,,,,,,挖掘速度提高75%。,dig_speed_add,0,,,BUFF_SPEED_1,0,buff.buff_speed_1,,0,,,,,,,
8001,迟缓1级,1,5,,,1150,1,1001,100101|-25,,,,,,,,,,,,,,,,,,,,,1068,1238,10094,5,1,1,2,2,,,1,MOVE_SPEED,-0.25,,,,,,,,,基础速度降低25%。,move_speed_reduce,1,,,BUFF_SPEED_1,0,buff.buff_speed_1,,0,,,,,,,
8002,迟缓2级,2,5,,,1150,1,1001,100101|-50,,,,,,,,,,,,,,,,,,,,,1068,1238,10094,5,1,1,2,2,,,1,MOVE_SPEED,-0.5,,,,,,,,,基础速度降低50%。,move_speed_reduce,1,,,BUFF_SPEED_1,0,buff.buff_speed_1,,0,,,,,,,
8003,迟缓3级,3,5,,,1150,1,1001,100101|-75,,,,,,,,,,,,,,,,,,,,,1068,1238,10094,5,1,1,2,2,,,1,MOVE_SPEED,-0.75,,,,,,,,,基础速度降低75%。,move_speed_reduce,1,,,BUFF_SPEED_1,0,buff.buff_speed_1,,0,,,,,,,
9001,挖掘疲劳1级,1,60,,,,,1002,-25,,,,,,,,,,,,,,,,,,,,,1053,1225,10078,60,1,1,2,2,,,,DIG_SPEED,-0.25,,,,,,,,,挖掘速度降低25%。,dig_speed_reduce,1,,,BUFF_ATTACK_2,0,buff.buff_attack_1,,0,,,,,,,
9002,挖掘疲劳2级,2,60,,,,,1002,-50,,,,,,,,,,,,,,,,,,,,,1053,1225,10078,60,1,1,2,2,,,,DIG_SPEED,-0.5,,,,,,,,,挖掘速度降低50%。,dig_speed_reduce,1,,,BUFF_ATTACK_2,0,buff.buff_attack_1,,0,,,,,,,
9003,挖掘疲劳3级,3,60,,,,,1002,-75,,,,,,,,,,,,,,,,,,,,,1053,1225,10078,60,1,1,2,2,,,,DIG_SPEED,-0.75,,,,,,,,,挖掘速度降低75%。,dig_speed_reduce,1,,,BUFF_ATTACK_2,0,buff.buff_attack_1,,0,,,,,,,
10001,吸收伤害1级,1,60,,,,,1022,,,,,,,,,,,,,,,,,,,,,,1036,1228,10082,60,1,1,2,2,,,,DAMAGE_ABSORB,2,,,,,,,,,给予2点吸收伤害生命。,damaged_all_add,0,,,BUFF_DAMAGE_ABSORB,0,buff.buff_damage_absorb,,0,,,,,,,
10002,吸收伤害2级,2,60,,,,,1022,,,,,,,,,,,,,,,,,,,,,,1036,1228,10082,60,1,1,2,2,,,,DAMAGE_ABSORB,4,,,,,,,,,给予4点吸收伤害生命。,damaged_all_add,0,,,BUFF_DAMAGE_ABSORB,0,buff.buff_damage_absorb,,0,,,,,,,
10003,吸收伤害3级,3,60,,,,,1022,,,,,,,,,,,,,,,,,,,,,,1036,1228,10082,60,1,1,2,2,,,,DAMAGE_ABSORB,6,,,,,,,,,给予6点吸收伤害生命。,damaged_all_add,0,,,BUFF_DAMAGE_ABSORB,0,buff.buff_damage_absorb,,0,,,,,,,
11001,暴击1级,1,60,,,,,1003,,,,,,,,,,,,,,,,,,,,,,1016,1224,10078,60,1,1,2,2,,,,CRITICAL_HIT,0.25,,,,,,,,,暴击伤害提高25%。,attack_punch_add,0,,,BUFF_ATTACK_1,0,buff.buff_attack_1,,0,,1,,,,,
11002,暴击2级,2,60,,,,,1003,,,,,,,,,,,,,,,,,,,,,,1016,1224,10078,60,1,1,2,2,,,,CRITICAL_HIT,0.5,,,,,,,,,暴击伤害提高50%。,attack_punch_add,0,,,BUFF_ATTACK_1,0,buff.buff_attack_1,,0,,1,,,,,
11003,暴击3级,3,60,,,,,1003,,,,,,,,,,,,,,,,,,,,,,1016,1224,10078,60,1,1,2,2,,,,CRITICAL_HIT,0.75,,,,,,,,,暴击伤害提高75%。,attack_punch_add,0,,,BUFF_ATTACK_1,0,buff.buff_attack_1,,0,,1,,,,,
12001,强力击退1级,1,60,,,1151,2,1013,2,,,,,,,,,,,,,,,,,,,,,1058,1224,10078,60,1,1,2,2,,,1,KNOCK,2,,,,,,,,,击退距离增加2米。,knock,0,,,BUFF_ATTACK_1,0,buff.buff_attack_1,,0,,,,,,,
12002,强力击退2级,2,60,,,1151,2,1013,4,,,,,,,,,,,,,,,,,,,,,1058,1224,10078,60,1,1,2,2,,,1,KNOCK,4,,,,,,,,,击退距离增加4米。,knock,0,,,BUFF_ATTACK_1,0,buff.buff_attack_1,,0,,,,,,,
12003,强力击退3级,3,60,,,1151,2,1013,6,,,,,,,,,,,,,,,,,,,,,1058,1224,10078,60,1,1,2,2,,,1,KNOCK,6,,,,,,,,,击退距离增加6米。,knock,0,,,BUFF_ATTACK_1,0,buff.buff_attack_1,,0,,,,,,,
13001,击退抵抗1级,1,60,,,1151,2,1014,1,,,,,,,,,,,,,,,,,,,,,1059,1229,10081,60,1,1,2,2,,,1,KNOCK_RESIST,1,,,,,,,,,降低被击退距离1米。,knock_resist,0,,,BUFF_DAMAGED_1,0,buff.buff_damaged_1,,0,,,,,,,
13002,击退抵抗2级,2,60,,,1151,2,1014,2,,,,,,,,,,,,,,,,,,,,,1059,1229,10081,60,1,1,2,2,,,1,KNOCK_RESIST,2,,,,,,,,,降低被击退距离2米。,knock_resist,0,,,BUFF_DAMAGED_1,0,buff.buff_damaged_1,,0,,,,,,,
13003,击退抵抗3级,3,60,,,1151,2,1014,3,,,,,,,,,,,,,,,,,,,,,1059,1229,10081,60,1,1,2,2,,,1,KNOCK_RESIST,3,,,,,,,,,降低被击退距离3米。,knock_resist,0,,,BUFF_DAMAGED_1,0,buff.buff_damaged_1,,0,,,,,,,
14001,挖掘幸运1级,1,60,,,,,1012,,,,,,,,,,,,,,,,,,,,,,1060,1235,10087,60,1,1,2,2,,,,LUCK_DIG,0.01,,,,,,,,,获得特殊掉落几率提高1%。,luck_dig,0,,,BUFF_LUCK_1,0,buff.buff_hp_1,,0,,,,,暂时不用,,
14002,挖掘幸运2级,2,60,,,,,1012,,,,,,,,,,,,,,,,,,,,,,1060,1235,10087,60,1,1,2,2,,,,LUCK_DIG,0.02,,,,,,,,,获得特殊掉落几率提高2%。,luck_dig,0,,,BUFF_LUCK_1,0,buff.buff_hp_1,,0,,,,,暂时不用,,
14003,挖掘幸运3级,3,60,,,,,1012,,,,,,,,,,,,,,,,,,,,,,1060,1235,10087,60,1,1,2,2,,,,LUCK_DIG,0.03,,,,,,,,,获得特殊掉落几率提高3%。,luck_dig,0,,,BUFF_LUCK_1,0,buff.buff_hp_1,,0,,,,,暂时不用,,
15001,狩猎幸运1级,1,60,,,,,1012,,,,,,,,,,,,,,,,,,,,,,1061,1235,10087,60,1,1,2,2,,,,LUCK_KILLMOB,0.01,,,,,,,,,获得特殊掉落几率提高1%。,luck_killmob,0,,,BUFF_LUCK_1,0,buff.buff_hp_1,,0,,,,,暂时不用,,
15002,狩猎幸运2级,2,60,,,,,1012,,,,,,,,,,,,,,,,,,,,,,1061,1235,10087,60,1,1,2,2,,,,LUCK_KILLMOB,0.02,,,,,,,,,获得特殊掉落几率提高2%。,luck_killmob,0,,,BUFF_LUCK_1,0,buff.buff_hp_1,,0,,,,,暂时不用,,
15003,狩猎幸运3级,3,60,,,,,1012,,,,,,,,,,,,,,,,,,,,,,1061,1235,10087,60,1,1,2,2,,,,LUCK_KILLMOB,0.03,,,,,,,,,获得特殊掉落几率提高3%。,luck_killmob,0,,,BUFF_LUCK_1,0,buff.buff_hp_1,,0,,,,,暂时不用,,
16001,夜视1级,1,60,,,1151,2,1009,20,,,,,,,,,,,,,,,,,,,,,1077,,10081,60,1,1,2,2,,,1,VIEW_BRIGHT,0.2,,,,,,,,,视野亮度提高20。,view_bright,0,,,,0,buff.buff_damaged_1,,0,,,,,,,
16002,夜视2级,2,60,,,1151,2,1009,40,,,,,,,,,,,,,,,,,,,,,1077,,10081,60,1,1,2,2,,,1,VIEW_BRIGHT,0.4,,,,,,,,,视野亮度提高40。,view_bright,0,,,,0,buff.buff_damaged_1,,0,,,,,,,
16003,夜视3级,3,60,,,1151,2,1009,50,,,,,,,,,,,,,,,,,,,,,1077,,10081,60,1,1,2,2,,,1,VIEW_BRIGHT,0.6,,,,,,,,,视野亮度提高50。,view_bright,0,,,,0,buff.buff_damaged_1,,0,,,,,,,
16004,夜视4级,4,600,,,1151,2,1009,60,,,,,,,,,,,,,,,,,,,,,1077,,10081,600,1,1,2,2,,,1,VIEW_BRIGHT,0.6,,,,,,,,,视野亮度提高60。,view_bright,0,,,,0,buff.buff_damaged_1,,0,,,,,,,
16005,夜视5级,5,60,,,1151,2,1009,50,,,,,,,,,,,,,,,,,,,,,1077,,10081,0,1,1,2,2,,,1,VIEW_BRIGHT,0.6,,,,,,,,,视野亮度提高50。,view_bright,0,,,,0,buff.buff_damaged_1,,0,,,,,,,
17001,强力攻击1级,1,180,,,1151,2,1003,100301|25,,,,,,,,,,,,,,,,,,,,,1016,1224,10078,180,1,1,2,2,,,1,ATTACK_PUNCH,0.25,,,,,,,,,近战伤害提高25%。,attack_punch_add,0,,,BUFF_ATTACK_1,0,buff.buff_attack_1,,0,,,,,,,
17002,强力攻击2级,2,180,,,1151,2,1003,100301|50,,,,,,,,,,,,,,,,,,,,,1016,1224,10078,180,1,1,2,2,,,1,ATTACK_PUNCH,0.5,,,,,,,,,近战伤害提高50%。,attack_punch_add,0,,,BUFF_ATTACK_1,0,buff.buff_attack_1,,0,,,,,,,
17003,强力攻击3级,3,180,,,1151,2,1003,100301|75,,,,,,,,,,,,,,,,,,,,,1016,1224,10078,180,1,1,2,2,,,1,ATTACK_PUNCH,0.75,,,,,,,,,近战伤害提高75%。,attack_punch_add,0,,,BUFF_ATTACK_1,0,buff.buff_attack_1,,0,,,,,,,
18001,强力射击1级,1,180,,,1151,2,1003,100302|25,,,,,,,,,,,,,,,,,,,,,1018,1224,10078,180,1,1,2,2,,,1,ATTACK_RANGE,0.25,,,,,,,,,远程伤害提高25%。,attack_range_add,0,,,BUFF_ATTACK_1,0,buff.buff_attack_1,,0,,,,,,,
18002,强力射击2级,2,180,,,1151,2,1003,100302|50,,,,,,,,,,,,,,,,,,,,,1018,1224,10078,180,1,1,2,2,,,1,ATTACK_RANGE,0.5,,,,,,,,,远程伤害提高50%。,attack_range_add,0,,,BUFF_ATTACK_1,0,buff.buff_attack_1,,0,,,,,,,
18003,强力射击3级,3,180,,,1151,2,1003,100302|75,,,,,,,,,,,,,,,,,,,,,1018,1224,10078,180,1,1,2,2,,,1,ATTACK_RANGE,0.75,,,,,,,,,远程伤害提高75%。,attack_range_add,0,,,BUFF_ATTACK_1,0,buff.buff_attack_1,,0,,,,,,,
19001,强力爆炸1级,1,180,,,1151,2,1003,100303|25,,,,,,,,,,,,,,,,,,,,,1008,1224,10078,180,1,1,2,2,,,1,ATTACK_EXPLODE,0.25,,,,,,,,,爆炸伤害提高25%。,attack_explode_add,0,,,BUFF_ATTACK_1,0,buff.buff_attack_1,,0,,,,,,,
19002,强力爆炸2级,2,180,,,1151,2,1003,100303|50,,,,,,,,,,,,,,,,,,,,,1008,1224,10078,180,1,1,2,2,,,1,ATTACK_EXPLODE,0.5,,,,,,,,,爆炸伤害提高50%。,attack_explode_add,0,,,BUFF_ATTACK_1,0,buff.buff_attack_1,,0,,,,,,,
19003,强力爆炸3级,3,180,,,1151,2,1003,100303|75,,,,,,,,,,,,,,,,,,,,,1008,1224,10078,180,1,1,2,2,,,1,ATTACK_EXPLODE,0.75,,,,,,,,,爆炸伤害提高75%。,attack_explode_add,0,,,BUFF_ATTACK_1,0,buff.buff_attack_1,,0,,,,,,,
20001,火焰攻击1级,1,60,,,,,1003,100304|100,,,,,,,,,,,,,,,,,,,,,1010,1224,10078,60,1,1,2,2,,,,ATTACK_FIRE,1,,,,,,,,,火焰伤害提高100%。,attack_fire_add,0,,,BUFF_ATTACK_1,0,buff.buff_attack_1,,0,,,,,,,
21001,毒素攻击1级,1,60,,,,,1003,100305|100,,,,,,,,,,,,,,,,,,,,,1014,1224,10078,60,1,1,2,2,,,,ATTACK_POISON,1,,,,,,,,,毒素伤害提高100%。,attack_poison_add,0,,,BUFF_ATTACK_1,0,buff.buff_attack_1,,0,,,,,,,
22001,混乱攻击1级,1,60,,,,,1003,100306|100,,,,,,,,,,,,,,,,,,,,,1022,1224,10078,60,1,1,2,2,,,,ATTACK_WITHER,1,,,,,,,,,混乱伤害提高100%。,attack_wither_add,0,,,BUFF_ATTACK_1,0,buff.buff_attack_1,,0,,,,,,,
23001,精英猎手1级,1,180,,,1151,2,1003,100307|25,,,,,,,,,,,,,,,,,,,,,1020,1224,10078,180,1,1,2,2,,,1,ATTACK_UNDEAD,0.25,,,,,,,,,对精英伤害提高25%。,attack_undead_add,0,,,BUFF_ATTACK_1,0,buff.buff_attack_1,,0,,,,,对动物也有加成,,
23002,精英猎手2级,2,180,,,1151,2,1003,100307|50,,,,,,,,,,,,,,,,,,,,,1020,1224,10078,180,1,1,2,2,,,1,ATTACK_UNDEAD,0.5,,,,,,,,,对精英伤害提高50%。,attack_undead_add,0,,,BUFF_ATTACK_1,0,buff.buff_attack_1,,0,,,,,对动物也有加成,,
23003,精英猎手3级,3,180,,,1151,2,1003,100307|75,,,,,,,,,,,,,,,,,,,,,1020,1224,10078,180,1,1,2,2,,,1,ATTACK_UNDEAD,0.75,,,,,,,,,对精英伤害提高75%。,attack_undead_add,0,,,BUFF_ATTACK_1,0,buff.buff_attack_1,,0,,,,,对动物也有加成,,
24001,野兽猎手1级,1,180,,,,,1003,100308|25,,,,,,,,,,,,,,,,,,,,,1006,1224,10078,180,1,1,2,2,,,,ATTACK_ANIMAL,0.25,,,,,,,,,对野兽伤害提高25%。,attack_animal_add,0,,,BUFF_ATTACK_1,0,buff.buff_attack_1,,0,,,,,对动物无效,,
24002,野兽猎手2级,2,180,,,,,1003,100308|50,,,,,,,,,,,,,,,,,,,,,1006,1224,10078,180,1,1,2,2,,,,ATTACK_ANIMAL,0.5,,,,,,,,,对野兽伤害提高50%。,attack_animal_add,0,,,BUFF_ATTACK_1,0,buff.buff_attack_1,,0,,,,,对动物无效,,
24003,野兽猎手3级,3,180,,,,,1003,100308|75,,,,,,,,,,,,,,,,,,,,,1006,1224,10078,180,1,1,2,2,,,,ATTACK_ANIMAL,0.75,,,,,,,,,对野兽伤害提高75%。,attack_animal_add,0,,,BUFF_ATTACK_1,0,buff.buff_attack_1,,0,,,,,对动物无效,,
25001,人类猎手1级,1,180,,,1151,2,1003,100309|25,,,,,,,,,,,,,,,,,,,,,1012,1224,10078,180,1,1,2,2,,,1,ATTACK_PLAYER,0.25,,,,,,,,,对人类伤害提高25%。,attack_player_add,0,,,BUFF_ATTACK_1,0,buff.buff_attack_1,,0,,,,,,,
25002,人类猎手2级,2,180,,,1151,2,1003,100309|50,,,,,,,,,,,,,,,,,,,,,1012,1224,10078,180,1,1,2,2,,,1,ATTACK_PLAYER,0.5,,,,,,,,,对人类伤害提高50%。,attack_player_add,0,,,BUFF_ATTACK_1,0,buff.buff_attack_1,,0,,,,,,,
25003,人类猎手3级,3,180,,,1151,2,1003,100309|75,,,,,,,,,,,,,,,,,,,,,1012,1224,10078,180,1,1,2,2,,,1,ATTACK_PLAYER,0.75,,,,,,,,,对人类伤害提高75%。,attack_player_add,0,,,BUFF_ATTACK_1,0,buff.buff_attack_1,,0,,,,,,,
26001,近战防御1级,1,180,,,1151,2,1010,100401|-25,,,,,,,,,,,,,,,,,,,,,1046,1229,10081,180,1,1,2,2,,,1,DAMAGED_PUNCH,-0.25,,,,,,,,,降低25%受到的近战伤害。,damaged_punch_add,0,,,BUFF_DAMAGED_1,0,buff.buff_damaged_1,,0,,,,,,,
26002,近战防御2级,2,180,,,1151,2,1010,100401|-50,,,,,,,,,,,,,,,,,,,,,1046,1229,10081,180,1,1,2,2,,,1,DAMAGED_PUNCH,-0.5,,,,,,,,,降低50%受到的近战伤害。,damaged_punch_add,0,,,BUFF_DAMAGED_1,0,buff.buff_damaged_1,,0,,,,,,,
26003,近战防御3级,3,180,,,1151,2,1010,100401|-75,,,,,,,,,,,,,,,,,,,,,1046,1229,10081,180,1,1,2,2,,,1,DAMAGED_PUNCH,-0.75,,,,,,,,,降低75%受到的近战伤害。,damaged_punch_add,0,,,BUFF_DAMAGED_1,0,buff.buff_damaged_1,,0,,,,,,,
27001,远程防御1级,1,180,,,1151,2,1010,100402|-25,,,,,,,,,,,,,,,,,,,,,1048,1229,10081,180,1,1,2,2,,,1,DAMAGED_RANGE,-0.25,,,,,,,,,降低25%受到的远程伤害。,damaged_range_add,0,,,BUFF_DAMAGED_1,0,buff.buff_damaged_1,,0,,,,,,,
27002,远程防御2级,2,180,,,1151,2,1010,100402|-50,,,,,,,,,,,,,,,,,,,,,1048,1229,10081,180,1,1,2,2,,,1,DAMAGED_RANGE,-0.5,,,,,,,,,降低50%受到的远程伤害。,damaged_range_add,0,,,BUFF_DAMAGED_1,0,buff.buff_damaged_1,,0,,,,,,,
27003,远程防御3级,3,180,,,1151,2,1010,100402|-75,,,,,,,,,,,,,,,,,,,,,1048,1229,10081,180,1,1,2,2,,,1,DAMAGED_RANGE,-0.75,,,,,,,,,降低75%受到的远程伤害。,damaged_range_add,0,,,BUFF_DAMAGED_1,0,buff.buff_damaged_1,,0,,,,,,,
28001,爆炸防御1级,1,180,,,1151,2,1010,100403|-25,,,,,,,,,,,,,,,,,,,,,1038,1229,10081,180,1,1,2,2,,,1,DAMAGED_EXPLODE,-0.25,,,,,,,,,降低25%受到的爆炸伤害。,damaged_explode_add,0,,,BUFF_DAMAGED_1,0,buff.buff_damaged_1,,0,,,,,,,
28002,爆炸防御2级,2,180,,,1151,2,1010,100403|-50,,,,,,,,,,,,,,,,,,,,,1038,1229,10081,180,1,1,2,2,,,1,DAMAGED_EXPLODE,-0.5,,,,,,,,,降低50%受到的爆炸伤害。,damaged_explode_add,0,,,BUFF_DAMAGED_1,0,buff.buff_damaged_1,,0,,,,,,,
28003,爆炸防御3级,3,180,,,1151,2,1010,100403|-75,,,,,,,,,,,,,,,,,,,,,1038,1229,10081,180,1,1,2,2,,,1,DAMAGED_EXPLODE,-0.75,,,,,,,,,降低75%受到的爆炸伤害。,damaged_explode_add,0,,,BUFF_DAMAGED_1,0,buff.buff_damaged_1,,0,,,,,,,
29001,燃烧抗性1级,1,180,,,1151,2,1010,100404|-25,,,,,,,,,,,,,,,,,,,,,1042,1229,10081,180,1,1,2,2,,,1,DAMAGED_FIRE,-0.25,,,,,,,,,降低25%受到的火焰伤害。,damaged_fire_add,0,,,BUFF_DAMAGED_1,0,buff.buff_damaged_1,,0,,,,,,,
29002,燃烧抗性2级,2,180,,,1151,2,1010,100404|-50,,,,,,,,,,,,,,,,,,,,,1042,1229,10081,180,1,1,2,2,,,1,DAMAGED_FIRE,-0.5,,,,,,,,,降低50%受到的火焰伤害。,damaged_fire_add,0,,,BUFF_DAMAGED_1,0,buff.buff_damaged_1,,0,,,,,,,
29003,燃烧抗性3级,3,180,,,1151,2,1010,100404|-75,,,,,,,,,,,,,,,,,,,,,1042,1229,10081,180,1,1,2,2,,,1,DAMAGED_FIRE,-0.75,,,,,,,,,降低75%受到的火焰伤害。,damaged_fire_add,0,,,BUFF_DAMAGED_1,0,buff.buff_damaged_1,,0,,,,,,,
30001,毒素抗性1级,1,180,,,,,1010,100405|-25,,,,,,,,,,,,,,,,,,,,,1044,1229,10081,180,1,1,2,2,,,,DAMAGED_POISON,-0.25,,,,,,,,,降低25%受到的毒素伤害。,damaged_poison_add,0,,,BUFF_DAMAGED_1,0,buff.buff_damaged_1,,0,,,,,,,
30002,毒素抗性2级,2,180,,,,,1010,100405|-50,,,,,,,,,,,,,,,,,,,,,1044,1229,10081,180,1,1,2,2,,,,DAMAGED_POISON,-0.5,,,,,,,,,降低50%受到的毒素伤害。,damaged_poison_add,0,,,BUFF_DAMAGED_1,0,buff.buff_damaged_1,,0,,,,,,,
30003,毒素抗性3级,3,180,,,,,1010,100405|-75,,,,,,,,,,,,,,,,,,,,,1044,1229,10081,180,1,1,2,2,,,,DAMAGED_POISON,-0.75,,,,,,,,,降低75%受到的毒素伤害。,damaged_poison_add,0,,,BUFF_DAMAGED_1,0,buff.buff_damaged_1,,0,,,,,,,
31001,混乱抗性1级,1,180,,,,,1010,100406|-25,,,,,,,,,,,,,,,,,,,,,1035,1229,10081,180,1,1,2,2,,,,DAMAGED_WITHER,-0.25,,,,,,,,,降低25%受到的混乱伤害。,damagebuff_wither,0,,,BUFF_DAMAGED_1,0,buff.buff_damaged_1,,0,,,,,,,
31002,混乱抗性2级,2,180,,,,,1010,100406|-50,,,,,,,,,,,,,,,,,,,,,1035,1229,10081,180,1,1,2,2,,,,DAMAGED_WITHER,-0.5,,,,,,,,,降低50%受到的混乱伤害。,damagebuff_wither,0,,,BUFF_DAMAGED_1,0,buff.buff_damaged_1,,0,,,,,,,
31003,混乱抗性3级,3,180,,,,,1010,100406|-75,,,,,,,,,,,,,,,,,,,,,1035,1229,10081,180,1,1,2,2,,,,DAMAGED_WITHER,-0.75,,,,,,,,,降低75%受到的混乱伤害。,damagebuff_wither,0,,,BUFF_DAMAGED_1,0,buff.buff_damaged_1,,0,,,,,,,
32001,摔落抗性1级,1,180,,,,,1010,100411|-25,,,,,,,,,,,,,,,,,,,,,1048,1229,10081,180,1,1,2,2,,,,DAMAGED_FALLING,-0.25,,,,,,,,,降低25%受到的摔落伤害。,damaged_range_add,0,,,BUFF_DAMAGED_1,0,buff.buff_damaged_1,,0,,1,,,,,
32002,摔落抗性2级,2,180,,,,,1010,100411|-50,,,,,,,,,,,,,,,,,,,,,1048,1229,10081,180,1,1,2,2,,,,DAMAGED_FALLING,-0.5,,,,,,,,,降低50%受到的摔落伤害。,damaged_range_add,0,,,BUFF_DAMAGED_1,0,buff.buff_damaged_1,,0,,1,,,,,
32003,摔落抗性3级,3,180,,,,,1010,100411|-75,,,,,,,,,,,,,,,,,,,,,1048,1229,10081,180,1,1,2,2,,,,DAMAGED_FALLING,-0.75,,,,,,,,,降低75%受到的摔落伤害。,damaged_range_add,0,,,BUFF_DAMAGED_1,0,buff.buff_damaged_1,,0,,1,,,,,
32004,摔落抗性4级,3,180,,,,,1010,100411|-100,,,,,,,,,,,,,,,,,,,,,1048,1229,10081,180,1,1,2,2,,,,DAMAGED_FALLING,-0.75,,,,,,,,,降低100%受到的摔落伤害。,damaged_range_add,0,,,BUFF_DAMAGED_1,0,buff.buff_damaged_1,,0,,1,,,,,
33000,着火0级,0,2,1,DamageBuff,1150,1,1008,10|3|101007,,,,,,,,,,,,,,,,,,,,,1032,1232,10668,4,1,1,2,2,,,1,SCRIPT_VAR,3,SCRIPT_VAR,5,,,,,,,每1秒造成3点伤害。,damagebuff_fire,1,1,25469,BUFF_FIRE_1,1,fire.fire,,0,,,,,属性值1是伤害类型，属性值2是伤害点数,,
33001,着火1级,1,4,1,DamageBuff,1150,1,1008,10|5|101007,,,,,,,,,,,,,,,,,,,,,1032,1232,10668,4,1,1,2,2,,,1,SCRIPT_VAR,3,SCRIPT_VAR,5,,,,,,,每1秒造成5点伤害。,damagebuff_fire,1,1,25469,BUFF_FIRE_1,1,fire.fire,,0,,,,,属性值1是伤害类型，属性值2是伤害点数,,
33002,着火2级,2,4,1,DamageBuff,1150,1,1008,10|10|101007,,,,,,,,,,,,,,,,,,,,,1032,1232,10668,4,1,1,2,2,,,1,SCRIPT_VAR,3,SCRIPT_VAR,10,,,,,,,每1秒造成10点伤害。,damagebuff_fire,1,1,25469,BUFF_FIRE_1,1,fire.fire,,0,,,,,,,
33003,着火3级,3,4,1,DamageBuff,1150,1,1008,10|15|101007,,,,,,,,,,,,,,,,,,,,,1032,1232,10668,4,1,1,2,2,,,1,SCRIPT_VAR,3,SCRIPT_VAR,15,,,,,,,每1秒造成15点伤害。,damagebuff_fire,1,1,25469,BUFF_FIRE_1,1,fire.fire,,0,,,,,,,
33004,着火4级,4,4,1,DamageBuff,1150,1,1008,10|20|101007,,,,,,,,,,,,,,,,,,,,,1032,1232,10668,4,1,1,2,2,,,1,SCRIPT_VAR,3,SCRIPT_VAR,20,,,,,,,每1秒造成20点伤害。,damagebuff_fire,1,1,25469,BUFF_FIRE_1,1,fire.fire,,0,,,,,,,
33005,着火5级,5,4,1,DamageBuff,1150,1,1008,10|25|101007,,,,,,,,,,,,,,,,,,,,,1032,1232,10668,4,1,1,2,2,,,1,SCRIPT_VAR,3,SCRIPT_VAR,25,,,,,,,每1秒造成25点伤害。,damagebuff_fire,1,1,25469,BUFF_FIRE_1,1,fire.fire,,0,,,,,,,
34001,中毒1级,1,11,1,DamageBuff,1150,1,1008,10|5|101007,,,,,,,,,,,,,,,,,,,,,1034,1236,10095,11,1,1,2,2,,,1,SCRIPT_VAR,4,SCRIPT_VAR,5,,,,,,,每1秒造成5点伤害。,damagebuff_poison,1,3,25467,BUFF_POISON_1,0,buff.buff_wither_1,,0,,,,,,,
34002,中毒2级,2,11,1,DamageBuff,1150,1,1008,10|10|101007,,,,,,,,,,,,,,,,,,,,,1034,1236,10095,11,1,1,2,2,,,1,SCRIPT_VAR,4,SCRIPT_VAR,10,,,,,,,每1秒造成10点伤害。,damagebuff_poison,1,3,25467,BUFF_POISON_1,0,buff.buff_wither_1,,0,,,,,,,
34003,中毒3级,3,11,1,DamageBuff,1150,1,1008,10|15|101007,,,,,,,,,,,,,,,,,,,,,1034,1236,10095,11,1,1,2,2,,,1,SCRIPT_VAR,4,SCRIPT_VAR,15,,,,,,,每1秒造成15点伤害。,damagebuff_poison,1,3,25467,BUFF_POISON_1,0,buff.buff_wither_1,,0,,,,,,,
35001,暗1级,1,11,2,DamageBuff,,,1008,20|10|101007,,,,,,,,,,,,,,,,,,,,,1035,1239,10095,11,1,1,2,2,,,,SCRIPT_VAR,5,SCRIPT_VAR,10,,,,,,,每2秒造成10点伤害。,damagebuff_wither,1,,,BUFF_WITHER_1,0,buff.buff_wither_1,,0,,,,,,,
35002,暗2级,2,11,2,DamageBuff,,,1008,20|10|101007,,,,,,,,,,,,,,,,,,,,,1035,1239,10095,11,1,1,2,2,,,,SCRIPT_VAR,5,SCRIPT_VAR,10,,,,,,,每2秒造成10点伤害。,damagebuff_wither,1,,,BUFF_WITHER_1,0,buff.buff_wither_1,,0,,,,,,,
35003,暗3级,3,11,2,DamageBuff,,,1008,20|10|101007,,,,,,,,,,,,,,,,,,,,,1035,1239,10095,11,1,1,2,2,,,,SCRIPT_VAR,5,SCRIPT_VAR,10,,,,,,,每2秒造成10点伤害。,damagebuff_wither,1,,,BUFF_WITHER_1,0,buff.buff_wither_1,,0,,,,,,,
36001,食物中毒1级,1,30,1,StarveBuff,1150,1,1011,25,,,,,,,,,,,,,,,,,,,,,1033,1236,10095,30,1,1,2,2,,,1,SCRIPT_VAR,500,,,,,,,,,你感觉更加饥饿了，饥饿速度加快25%。,damagebuff_hunger,1,,,BUFF_POISON_1,0,buff.buff_wither_1,,0,,,,,,,
36002,食物中毒2级,2,30,1,StarveBuff,1150,1,1011,50,,,,,,,,,,,,,,,,,,,,,1033,1236,10095,30,1,1,2,2,,,1,SCRIPT_VAR,1000,,,,,,,,,你感觉更加饥饿了，饥饿速度加快50%。,damagebuff_hunger,1,,,BUFF_POISON_1,0,buff.buff_wither_1,,0,,,,,,,
36003,食物中毒3级,3,30,1,StarveBuff,1150,1,1011,75,,,,,,,,,,,,,,,,,,,,,1033,1236,10095,30,1,1,2,2,,,1,SCRIPT_VAR,2000,,,,,,,,,你感觉更加饥饿了，饥饿速度加快75%。,damagebuff_hunger,1,,,BUFF_POISON_1,0,buff.buff_wither_1,,0,,,,,,,
37001,初级水下呼吸,1,30,,,1151,2,1021,100801|10|6,,,,,,,,,,,,,,,,,,,,,1074,1229,10081,15,1,1,2,2,,,1,OXYGEN_SUPPLY,1,,,,,,,,,拥有水下呼吸能力！,swim_speed_add,0,,,BUFF_DAMAGED_1,0,buff.buff_damaged_1,,0,,,,,,,
37002,中级水下呼吸,2,60,,,1151,2,1021,100801|10|8,,,,,,,,,,,,,,,,,,,,,1074,1229,10081,30,1,1,2,2,,,1,OXYGEN_SUPPLY,1,,,,,,,,,拥有水下呼吸能力！,swim_speed_add,0,,,BUFF_DAMAGED_1,0,buff.buff_damaged_1,,0,,,,,,,
37003,高级水下呼吸,3,180,,,1151,2,1021,100801|10|10,,,,,,,,,,,,,,,,,,,,,1074,1229,10081,180,1,1,2,2,,,1,OXYGEN_SUPPLY,1,,,,,,,,,拥有水下呼吸能力！,swim_speed_add,0,,,BUFF_DAMAGED_1,0,buff.buff_damaged_1,,0,,,,,,,
38001,晕头转向1级,1,60,,,1152,3,1017,,,,,,,,,,,,,,,,,,,,,,1035,1238,10092,60,1,1,2,2,,,1,,,,,,,,,,,哦，我感觉飘飘欲仙了~,damagebuff_wither,1,,,BUFF_SPEED_1,0,buff.buff_sick_1,,0,,,,,,,
38002,晕头转向2级,2,15,,,1152,3,1017,,,,,,,,,,,,,,,,,,,,,,1035,1238,10092,15,1,1,2,2,,,1,,,,,,,,,,,哦，我好像飘飘欲仙了~,damagebuff_wither,1,,,BUFF_SPEED_1,0,buff.buff_sick_1,,0,,,,,,,
38003,晕头转向3级,3,5,,,1152,3,1017,,,,,,,,,,,,,,,,,,,,,,1035,1238,10092,5,1,1,2,2,,,1,,,,,,,,,,,哦，我已经飘飘欲仙了~,damagebuff_wither,1,,,BUFF_SPEED_1,0,buff.buff_sick_1,,0,,,,,,,
39001,翻江倒海！1级,1,60,,,,,1001,100101|-60,,,,,,,,,,,,,,,,,,,,,1033,1238,10092,60,1,1,2,2,,,,MOVE_SPEED,-0.6,,,,,,,,,来自元旦老人胖次口袋里的礼物！,damagebuff_hunger,1,,,BUFF_SPEED_1,0,buff.buff_sick_1,,0,,,,,,,
39002,游戏版本过低,2,180,,,,,,,,,,,,,,,,,,,,,,,,,,,1076,,,180,1,1,2,2,,,,,,,,,,,,,,当你看到这个的时候，证明你的游戏版本过低了！,unknown,0,,,,,,,0,,,,,,,
39003,游戏版本过低,3,180,,,,,,,,,,,,,,,,,,,,,,,,,,,1076,,,180,1,1,2,2,,,,,,,,,,,,,,当你看到这个的时候，证明你的游戏版本过低了！,unknown,0,,,,,,,0,,,,,,,
40001,我被放大了！1级,1,180,,,1152,3,1015,100701|75,,,,,,,,,,,,,,,,,,,,,1063,1238,10094,180,1,1,2,2,,,1,ACTOR_SCALE,0.75,,,,,,,,,世界似乎在缩小！,MODEL_ADD,0,,,BUFF_SPEED_1,0,buff.buff_speed_1,,0,,,,,,,
40002,游戏版本过低,2,180,,,,,,,,,,,,,,,,,,,,,,,,,,,1076,,,180,1,1,2,2,,,,,,,,,,,,,,当你看到这个的时候，证明你的游戏版本过低了！,unknown,0,,,,,,,0,,,,,,,
40003,游戏版本过低,3,180,,,,,,,,,,,,,,,,,,,,,,,,,,,1076,,,180,1,1,2,2,,,,,,,,,,,,,,当你看到这个的时候，证明你的游戏版本过低了！,unknown,0,,,,,,,0,,,,,,,
41001,我被缩小了！1级,1,180,,,1152,3,1015,100701|-50,,,,,,,,,,,,,,,,,,,,,1065,1238,10094,180,1,1,2,2,,,1,ACTOR_SCALE,-0.5,,,,,,,,,世界似乎在放大！,MODEL_REDUCE,0,,,BUFF_SPEED_1,0,buff.buff_speed_1,,0,,,,,,,
41002,游戏版本过低,2,180,,,,,,,,,,,,,,,,,,,,,,,,,,,1076,,,180,1,1,2,2,,,,,,,,,,,,,,当你看到这个的时候，证明你的游戏版本过低了！,unknown,0,,,,,,,0,,,,,,,
41003,游戏版本过低,3,180,,,,,,,,,,,,,,,,,,,,,,,,,,,1076,,,180,1,1,2,2,,,,,,,,,,,,,,当你看到这个的时候，证明你的游戏版本过低了！,unknown,0,,,,,,,0,,,,,,,
42001,泡泡1级,1,5,,,1152,3,1019,,,,,,,,,,,,,,,,,,,,,,1035,1237,10090,5,1,1,2,2,,,1,,,,,,,,,,,被泡泡包裹，我感觉轻飘飘的,damagebuff_wither,1,,,BUFF_POP,0,buff.buff_pop,,0,,,,,,,
42002,泡泡2级,2,15,,,1152,3,1019,,,,,,,,,,,,,,,,,,,,,,1035,1237,10090,15,1,1,2,2,,,1,,,,,,,,,,,被泡泡包裹，我感觉轻飘飘的,damagebuff_wither,1,,,BUFF_POP,0,buff.buff_pop,,0,,,,,,,
42003,泡泡3级,3,2,,,,,1019,,,,,,,,,,,,,,,,,,,,,,1035,1237,10090,2,1,1,2,2,,,,,,,,,,,,,,被泡泡包裹，我感觉轻飘飘的,damagebuff_wither,1,,,BUFF_POP,0,buff.buff_pop,,0,,,,,,,
43001,弹起1级,1,1,,,,,,,,,,,,,,,,,,,,,,,,,,,1067,,,1,1,1,2,2,,,,,,,,,,,,,,弹起！,,0,,,,,,,0,,,,,,,
43002,游戏版本过低,2,180,,,,,,,,,,,,,,,,,,,,,,,,,,,1076,,,180,1,1,2,2,,,,,,,,,,,,,,当你看到这个的时候，证明你的游戏版本过低了！,unknown,0,,,,,,,0,,,,,,,
43003,游戏版本过低,3,180,,,,,,,,,,,,,,,,,,,,,,,,,,,1076,,,180,1,1,2,2,,,,,,,,,,,,,,当你看到这个的时候，证明你的游戏版本过低了！,unknown,0,,,,,,,0,,,,,,,
44001,蜂毒1级,1,10,1,DamageBuff,1150,1,1015,100702|40,1008,10|5|101005,,,,,,,,,,,,,,,,,,,1035,1236,10095,10,1,1,2,2,,,1,SCRIPT_VAR,4,SCRIPT_VAR,5,,,,,,,持续中毒，头也肿大了,damagebuff_wither,1,3,25467,BUFF_POISON_1,0,buff.buff_wither_1,,0,,,160,,,,
44002,游戏版本过低,2,180,,,,,,,,,,,,,,,,,,,,,,,,,,,1076,,,180,1,1,2,2,,,,,,,,,,,,,,当你看到这个的时候，证明你的游戏版本过低了！,unknown,0,,,,,,,0,,,,,,,
44003,游戏版本过低,3,180,,,,,,,,,,,,,,,,,,,,,,,,,,,1076,,,180,1,1,2,2,,,,,,,,,,,,,,当你看到这个的时候，证明你的游戏版本过低了！,unknown,0,,,,,,,0,,,,,,,
45001,冰冻1级,1,1.5,,,1150,1,1001,100101|-70,,,,,,,,,,,,,,,,,,,,,1055,1233,10086,1.5,1,1,2,2,,,1,MOVE_SPEED,-0.7,,,,,,,,,寒冷会使你移动缓慢。,freeze,1,,,BUFF_FREEZE,,buff.buff_freeze,,0,,,,,,,
45002,冰冻2级,1,3,,,1150,1,1001,100101|-70,,,,,,,,,,,,,,,,,,,,,1055,1233,10086,3,1,1,2,2,,,1,MOVE_SPEED,-0.7,,,,,,,,,寒冷会使你移动缓慢。,freeze,1,,,BUFF_FREEZE,,buff.buff_freeze,,0,,,,,,,
45003,冰冻3级,1,3,,,,,1001,100101|-33,,,,,,,,,,,,,,,,,,,,,1055,1233,10086,3,1,1,2,2,,,,MOVE_SPEED,-0.33,,,,,,,,,寒冷会使你移动缓慢。,freeze,1,,,BUFF_FREEZE,,buff.buff_freeze,,0,,,,,,,
46001,禁锢1级,1,199980,1,DamageBuff,1150,1,1020,,1008,1|15|101006,,,,,,,,,,,,,,,,,,,1028,1227,10086,0,1,1,2,2,,,1,SCRIPT_VAR,5,SCRIPT_VAR,15,,,,,,,被控制住了，持续受到伤害。,clasp,1,,,BUFF_CLASP,,buff.buff_freeze,,0,,,,,,,
46002,游戏版本过低,2,180,,,,,,,,,,,,,,,,,,,,,,,,,,,1076,,,180,1,1,2,2,,,,,,,,,,,,,,当你看到这个的时候，证明你的游戏版本过低了！,unknown,0,,,,,,,0,,,,,,,
46003,游戏版本过低,3,180,,,,,,,,,,,,,,,,,,,,,,,,,,,1076,,,180,1,1,2,2,,,,,,,,,,,,,,当你看到这个的时候，证明你的游戏版本过低了！,unknown,0,,,,,,,0,,,,,,,
47001,点燃,1,6,1,DamageBuff,,,1008,10|20|101004,,,,,,,,,,,,,,,,,,,,,1032,1232,10668,6,1,1,2,2,,,,SCRIPT_VAR,3,SCRIPT_VAR,20,,,,,,,被点燃了，持续受到伤害。,damagebuff_fire,1,1,25469,BUFF_FIRE_1,1,fire.fire,,0,,,,,,,
47002,点燃,1,6,1,DamageBuff,,,1008,10|5|101004,,,,,,,,,,,,,,,,,,,,,1032,1232,10668,6,1,1,2,2,,,,SCRIPT_VAR,3,SCRIPT_VAR,5,,,,,,,被点燃了，持续受到伤害。,damagebuff_fire,1,1,25469,BUFF_FIRE_1,1,fire.fire,,0,,,,,,,
47003,游戏版本过低,3,180,,,,,,,,,,,,,,,,,,,,,,,,,,,1076,,,180,1,1,2,2,,,,,,,,,,,,,,当你看到这个的时候，证明你的游戏版本过低了！,unknown,0,,,,,,,0,,,,,,,
48001,游戏版本过低,1,180,,,,,,,,,,,,,,,,,,,,,,,,,,,1076,,,180,1,1,2,2,,,,,,,,,,,,,,当你看到这个的时候，证明你的游戏版本过低了！,unknown,0,,,,,,,0,,,,,,,
48002,游戏版本过低,2,180,,,,,,,,,,,,,,,,,,,,,,,,,,,1076,,,180,1,1,2,2,,,,,,,,,,,,,,当你看到这个的时候，证明你的游戏版本过低了！,unknown,0,,,,,,,0,,,,,,,
48003,游戏版本过低,3,180,,,,,,,,,,,,,,,,,,,,,,,,,,,1076,,,180,1,1,2,2,,,,,,,,,,,,,,当你看到这个的时候，证明你的游戏版本过低了！,unknown,0,,,,,,,0,,,,,,,
49001,游戏版本过低,1,180,,,,,,,,,,,,,,,,,,,,,,,,,,,1076,,,180,1,1,2,2,,,,,,,,,,,,,,当你看到这个的时候，证明你的游戏版本过低了！,unknown,0,,,,,,,0,,,,,,,
49002,游戏版本过低,2,180,,,,,,,,,,,,,,,,,,,,,,,,,,,1076,,,180,1,1,2,2,,,,,,,,,,,,,,当你看到这个的时候，证明你的游戏版本过低了！,unknown,0,,,,,,,0,,,,,,,
49003,游戏版本过低,3,180,,,,,,,,,,,,,,,,,,,,,,,,,,,1076,,,180,1,1,2,2,,,,,,,,,,,,,,当你看到这个的时候，证明你的游戏版本过低了！,unknown,0,,,,,,,0,,,,,,,
50001,快速生命恢复1级,1,5,1,AddHPBuff,1151,2,1007,10|3,,,,,,,,,,,,,,,,,,,,,1001,1234,10087,5,1,1,2,2,,,1,SCRIPT_VAR,3,,,,,,,,,5秒内恢复15点生命值。,addhpbuff_add,0,,,BUFF_HP_1,0,buff.buff_hp_1,,0,,,,,,,
50002,快速生命恢复2级,2,5,1,AddHPBuff,1151,2,1007,10|6,,,,,,,,,,,,,,,,,,,,,1001,1234,10087,5,1,1,2,2,,,1,SCRIPT_VAR,6,,,,,,,,,5秒内恢复30点生命值。,addhpbuff_add,0,,,BUFF_HP_1,0,buff.buff_hp_1,,0,,,,,,,
50003,快速生命恢复3级,3,5,1,AddHPBuff,1151,2,1007,10|12,,,,,,,,,,,,,,,,,,,,,1001,1234,10087,5,1,1,2,2,,,1,SCRIPT_VAR,8,,,,,,,,,5秒内恢复40点生命值。,addhpbuff_add,0,,,BUFF_HP_1,0,buff.buff_hp_1,,0,,,,,,,
50004,快速生命恢复4级,4,5,1,AddHPBuff,1151,2,1007,10|10,,,,,,,,,,,,,,,,,,,,,1001,1234,10087,5,1,1,2,2,,,1,SCRIPT_VAR,10,,,,,,,,,5秒内恢复50点生命值。,addhpbuff_add,0,,,BUFF_HP_1,0,buff.buff_hp_1,,0,,,,,,,
51001,快速生命恢复5级,1,30,2,AddHPBuff,,,1007,10|5,,,,,,,,,,,,,,,,,,,,,1001,1234,10087,30,1,1,2,2,,,,SCRIPT_VAR,5,,,,,,,,,30秒内恢复75点生命值。,addhpbuff_add,0,,,BUFF_HP_1,0,buff.buff_hp_1,,0,,,,,,,
51002,快速生命恢复2级,2,12,1,AddHPBuff,,,1007,10|5,,,,,,,,,,,,,,,,,,,,,1001,1234,10087,12,1,1,2,2,,,,SCRIPT_VAR,5,,,,,,,,,12秒内恢复60点生命值。,addhpbuff_add,0,,,BUFF_HP_1,0,buff.buff_hp_1,,0,,,,,,,
52001,变异红菇的奇妙力量1级,1,11,1,AddHPBuff,,,1007,10|5,,,,,,,,,,,,,,,,,,,,,1001,1234,10087,11,1,1,2,2,,,,SCRIPT_VAR,5,,,,,,,,,每秒恢复5点生命值,addhpbuff_add,0,,,BUFF_HP_1,0,buff.buff_hp_1,,0,,,,,,,
52002,变异红菇的奇妙力量2级,2,11,1,DamageBuff,,,1008,10|5|101005,,,,,,,,,,,,,,,,,,,,,1035,1236,10095,11,1,1,2,2,,,,SCRIPT_VAR,4,SCRIPT_VAR,5,,,,,,,每秒损失5点生命值,damagebuff_wither,0,,,BUFF_POISON_1,0,buff.buff_wither_1,,0,,,,,,,
52003,游戏版本过低,3,180,,,,,,,,,,,,,,,,,,,,,,,,,,,1076,,,180,1,1,2,2,,,,,,,,,,,,,,,unknown,0,,,,,,,0,,,,,,,
53001,变异蘑菇的奇妙力量1级,1,60,,,,,1002,25,,,,,,,,,,,,,,,,,,,,,1052,1238,10094,60,1,1,2,2,,,,DIG_SPEED,0.25,,,,,,,,,挖掘能力提升25%,dig_speed_add,0,,,BUFF_SPEED_1,0,buff.buff_speed_1,,0,,,,,,,
53002,变异蘑菇的奇妙力量2级,2,60,,,,,1002,-25,,,,,,,,,,,,,,,,,,,,,1053,1225,10078,60,1,1,2,2,,,,DIG_SPEED,-0.25,,,,,,,,,挖掘能力降低了25%,dig_speed_reduce,1,,,BUFF_ATTACK_2,0,buff.buff_attack_1,,0,,,,,,,
53003,游戏版本过低,3,180,,,,,,,,,,,,,,,,,,,,,,,,,,,1076,,,180,1,1,2,2,,,,,,,,,,,,,,当你看到这个的时候，证明你的游戏版本过低了！,unknown,0,,,,,,,0,,,,,,,
54001,毒素免疫,1,180,,,,,1050,3,,,,,,,,,,,,,,,,,,,,,1104,,,180,1,1,2,2,,,,,,,,,,,,,,百毒不侵！,unknown,0,,,,,,,0,,,,,,,
54002,游戏版本过低,2,180,,,,,,,,,,,,,,,,,,,,,,,,,,,1076,,,180,1,1,2,2,,,,,,,,,,,,,,当你看到这个的时候，证明你的游戏版本过低了！,unknown,0,,,,,,,0,,,,,,,
54003,游戏版本过低,3,180,,,,,,,,,,,,,,,,,,,,,,,,,,,1076,,,180,1,1,2,2,,,,,,,,,,,,,,当你看到这个的时候，证明你的游戏版本过低了！,unknown,0,,,,,,,0,,,,,,,
55001,解毒包！,1,3,,,,,1008,10|5|101007 ,,,,,,,,,,,,,,,,,,,,,1076,1236,,10,1,1,2,2,,,,,,,,,,,,,,这难道是……杀虫剂！,unknown,1,,,,,,,0,,,,,,,
55002,游戏版本过低,2,180,,,,,,,,,,,,,,,,,,,,,,,,,,,1076,,,180,1,1,2,2,,,,,,,,,,,,,,当你看到这个的时候，证明你的游戏版本过低了！,unknown,0,,,,,,,0,,,,,,,
55003,游戏版本过低,3,180,,,,,,,,,,,,,,,,,,,,,,,,,,,1076,,,180,1,1,2,2,,,,,,,,,,,,,,当你看到这个的时候，证明你的游戏版本过低了！,unknown,0,,,,,,,0,,,,,,,
56001,游戏版本过低,1,180,,,,,,,,,,,,,,,,,,,,,,,,,,,1076,,,180,1,1,2,2,,,,,,,,,,,,,,当你看到这个的时候，证明你的游戏版本过低了！,unknown,0,,,,,,,0,,,,,,,
56002,游戏版本过低,2,180,,,,,,,,,,,,,,,,,,,,,,,,,,,1076,,,180,1,1,2,2,,,,,,,,,,,,,,当你看到这个的时候，证明你的游戏版本过低了！,unknown,0,,,,,,,0,,,,,,,
56003,游戏版本过低,3,180,,,,,,,,,,,,,,,,,,,,,,,,,,,1076,,,180,1,1,2,2,,,,,,,,,,,,,,当你看到这个的时候，证明你的游戏版本过低了！,unknown,0,,,,,,,0,,,,,,,
57001,游戏版本过低,1,180,,,,,,,,,,,,,,,,,,,,,,,,,,,1076,,,180,1,1,2,2,,,,,,,,,,,,,,当你看到这个的时候，证明你的游戏版本过低了！,unknown,0,,,,,,,0,,,,,,,
57002,游戏版本过低,2,180,,,,,,,,,,,,,,,,,,,,,,,,,,,1076,,,180,1,1,2,2,,,,,,,,,,,,,,当你看到这个的时候，证明你的游戏版本过低了！,unknown,0,,,,,,,0,,,,,,,
57003,游戏版本过低,3,180,,,,,,,,,,,,,,,,,,,,,,,,,,,1076,,,180,1,1,2,2,,,,,,,,,,,,,,当你看到这个的时候，证明你的游戏版本过低了！,unknown,0,,,,,,,0,,,,,,,
58001,游戏版本过低,1,180,,,,,,,,,,,,,,,,,,,,,,,,,,,1076,,,180,1,1,2,2,,,,,,,,,,,,,,当你看到这个的时候，证明你的游戏版本过低了！,unknown,0,,,,,,,0,,,,,,,
58002,游戏版本过低,2,180,,,,,,,,,,,,,,,,,,,,,,,,,,,1076,,,180,1,1,2,2,,,,,,,,,,,,,,当你看到这个的时候，证明你的游戏版本过低了！,unknown,0,,,,,,,0,,,,,,,
58003,游戏版本过低,3,180,,,,,,,,,,,,,,,,,,,,,,,,,,,1076,,,180,1,1,2,2,,,,,,,,,,,,,,当你看到这个的时候，证明你的游戏版本过低了！,unknown,0,,,,,,,0,,,,,,,
59001,游戏版本过低,1,180,,,,,,,,,,,,,,,,,,,,,,,,,,,1076,,,180,1,1,2,2,,,,,,,,,,,,,,当你看到这个的时候，证明你的游戏版本过低了！,unknown,0,,,,,,,0,,,,,,,
59002,游戏版本过低,2,180,,,,,,,,,,,,,,,,,,,,,,,,,,,1076,,,180,1,1,2,2,,,,,,,,,,,,,,当你看到这个的时候，证明你的游戏版本过低了！,unknown,0,,,,,,,0,,,,,,,
59003,游戏版本过低,3,180,,,,,,,,,,,,,,,,,,,,,,,,,,,1076,,,180,1,1,2,2,,,,,,,,,,,,,,当你看到这个的时候，证明你的游戏版本过低了！,unknown,0,,,,,,,0,,,,,,,
60001,中毒1级,1,5,1.25,DamageBuff,,,1008,12|5|101005,,,,,,,,,,,,,,,,,,,,,1034,1236,10095,5,1,1,2,2,,,,SCRIPT_VAR,4,SCRIPT_VAR,5,,,,,,,每1.2秒造成5点伤害。,damagebuff_poison,1,3,25467,BUFF_POISON_1,0,buff.buff_wither_1,,0,,,,,食物中毒,,
60002,中毒2级,2,5,1,DamageBuff,,,1008,10|5|101005,,,,,,,,,,,,,,,,,,,,,1034,1236,10095,5,1,1,2,2,,,,SCRIPT_VAR,4,SCRIPT_VAR,5,,,,,,,每1秒造成5点伤害。,damagebuff_poison,1,3,25467,BUFF_POISON_1,0,buff.buff_wither_1,,0,,,,,,,
61001,新手攻击,1,1800,,,,,1003,100301|1000,,,,,,,,,,,,,,,,,,,,,1016,1224,10078,1800,1,1,2,2,,,,ATTACK_PUNCH,10,,,,,,,,,极大提高近战攻击伤害。,attack_punch_add,0,,,BUFF_ATTACK_1,0,buff.buff_attack_1,,0,,,,,,,
62001,近战防御,1,1800,,,,,1010,100401|-100,,,,,,,,,,,,,,,,,,,,,1046,1229,10081,1800,1,1,2,2,,,,DAMAGED_PUNCH,-1,,,,,,,,,降低100%受到的近战伤害。,damaged_punch_add,0,,,BUFF_DAMAGED_1,0,buff.buff_damaged_1,,0,,,,,,,
63001,外星空气,1,199980,,,,,,,,,,,,,,,,,,,,,,,,,,,1069,,,0,1,1,2,2,,,,,,,,,,,,,,让人难受的有毒气体,NO-OXY,0,,,,,,,0,,,,,,,
63002,游戏版本过低,2,180,,,,,,,,,,,,,,,,,,,,,,,,,,,1076,,,180,1,1,2,2,,,,,,,,,,,,,,当你看到这个的时候，证明你的游戏版本过低了！,unknown,0,,,,,,,0,,,,,,,
63003,游戏版本过低,3,180,,,,,,,,,,,,,,,,,,,,,,,,,,,1076,,,180,1,1,2,2,,,,,,,,,,,,,,当你看到这个的时候，证明你的游戏版本过低了！,unknown,0,,,,,,,0,,,,,,,
64001,外星剧毒,1,199980,,,,,,,,,,,,,,,,,,,,,,,,,,,1070,,,0,1,1,2,2,,,,,,,,,,,,,,肺部被毒气填满了，持续受伤！,NO-OXY-Dying,0,,,,,,,0,,,,,,,
64002,游戏版本过低,2,180,,,,,,,,,,,,,,,,,,,,,,,,,,,1076,,,180,1,1,2,2,,,,,,,,,,,,,,当你看到这个的时候，证明你的游戏版本过低了！,unknown,0,,,,,,,0,,,,,,,
64003,游戏版本过低,3,180,,,,,,,,,,,,,,,,,,,,,,,,,,,1076,,,180,1,1,2,2,,,,,,,,,,,,,,,unknown,0,,,,,,,0,,,,,,,
65001,不稳定氧气供给,1,60,,,,,1021,100802|10|5,,,,,,,,,,,,,,,,,,,,,1072,,,60,1,1,2,2,,,,OXYGEN_SUPPLY,10000,,,,,,,,,有氧（暂时）,OXY-unsatable,0,,,,,,,0,,,,,,,
65002,设备氧气供给,2,199980,,,,,,,,,,,,,,,,,,,,,,,,,,,1071,,,0,1,1,2,2,,,,OXYGEN_SUPPLY,10000,,,,,,,,,让人舒适的氧气环境。,OXY-satable,0,,,,,,,0,,,,,,,
65003,永久氧气供给,2,180,,,,,,,,,,,,,,,,,,,,,,,,,,,1076,,,180,1,1,2,2,,,,,,,,,,,,,,让人舒适的氧气环境。,unknown,0,,,,,,,0,,,,,,,
66001,不稳定氧气供给,1,60,,,,,,,,,,,,,,,,,,,,,,,,,,,1072,,,60,1,1,2,2,,,,OXYGEN_SUPPLY,10000,,,,,,,,,含有让人不舒服的气息。,OXY-unsatable,0,,,,,,,0,,,,,,,
66002,游戏版本过低,2,180,,,,,,,,,,,,,,,,,,,,,,,,,,,1076,,,180,1,1,2,2,,,,,,,,,,,,,,当你看到这个的时候，证明你的游戏版本过低了！,unknown,0,,,,,,,0,,,,,,,
66003,游戏版本过低,3,180,,,,,,,,,,,,,,,,,,,,,,,,,,,1076,,,180,1,1,2,2,,,,,,,,,,,,,,当你看到这个的时候，证明你的游戏版本过低了！,unknown,0,,,,,,,0,,,,,,,
67001,星启石氧气区,1,300,,,,,1021,100802|10|5,,,,,,,,,,,,,,,,,,,,,1071,,,300,1,1,2,2,,,,OXYGEN_SUPPLY,10000,,,,,,,,,每次激活都将提供限时氧气区,OXY-satable,0,,,,,,,0,,,,,,,
67002,永久氧气供给,2,199980,,,,,1021,100802|10|5,,,,,,,,,,,,,,,,,,,,,1071,,,0,1,1,2,2,,,,OXYGEN_SUPPLY,10000,,,,,,,,,让人舒适的氧气环境。,OXY-satable,0,,,,,,,0,,,,,,,
67003,游戏版本过低,3,180,,,,,,,,,,,,,,,,,,,,,,,,,,,1076,,,180,1,1,2,2,,,,,,,,,,,,,,当你看到这个的时候，证明你的游戏版本过低了！,unknown,0,,,,,,,0,,,,,,,
68001,食物中毒1级,1,15,1,StarveBuff,,,1011,1000,,,,,,,,,,,,,,,,,,,,,1033,1236,10095,15,1,1,2,2,,,,SCRIPT_VAR,1000,,,,,,,,,你感觉更加饥饿了。,damagebuff_hunger,1,,,BUFF_POISON_1,0,buff.buff_wither_1,,0,,,,,,,
68002,游戏版本过低,2,180,,,,,,,,,,,,,,,,,,,,,,,,,,,1076,,,180,1,1,2,2,,,,,,,,,,,,,,当你看到这个的时候，证明你的游戏版本过低了！,unknown,0,,,,,,,0,,,,,,,
68003,游戏版本过低,3,180,,,,,,,,,,,,,,,,,,,,,,,,,,,1076,,,180,1,1,2,2,,,,,,,,,,,,,,当你看到这个的时候，证明你的游戏版本过低了！,unknown,0,,,,,,,0,,,,,,,
69001,游戏版本过低,1,180,,,,,,,,,,,,,,,,,,,,,,,,,,,1076,,,180,1,1,2,2,,,,,,,,,,,,,,当你看到这个的时候，证明你的游戏版本过低了！,unknown,0,,,,0,,,0,,,,,,,
69002,游戏版本过低,2,180,,,,,,,,,,,,,,,,,,,,,,,,,,,1076,,,180,1,1,2,2,,,,,,,,,,,,,,当你看到这个的时候，证明你的游戏版本过低了！,unknown,0,,,,,,,0,,,,,,,
69003,游戏版本过低,3,180,,,,,,,,,,,,,,,,,,,,,,,,,,,1076,,,180,1,1,2,2,,,,,,,,,,,,,,当你看到这个的时候，证明你的游戏版本过低了！,unknown,0,,,,,,,0,,,,,,,
70001,足球-无球,1,199980,,,,,,,,,,,,,,,,,,,,,,,,,,,1024,,,0,1,1,2,2,,,,,,,,,,,,,,具有铲球、断球操作,ball_soccer_1,0,,,,,,,0,,,,,,,
70002,足球-带球,2,199980,,,,,,,,,,,,,,,,,,,,,,,,,,,1025,,10093,0,1,1,2,2,,,,,,,,,,,,,,具有吊球、射门操作,ball_soccer_2,0,,,,0,buff.buff_soccer,,0,,,,,,,
70003,游戏版本过低,3,300,,,,,,,,,,,,,,,,,,,,,,,,,,,1076,,,300,1,1,2,2,,,,,,,,,,,,,,当你看到这个的时候，证明你的游戏版本过低了！,unknown,0,,,,,,,0,,,,,,,
71001,变异鸡中毒,3,10,1,DamageBuff,,,1008,10|1|101004,,,,,,,,,,,,,,,,,,,,,1032,1236,10668,10,1,1,2,2,,,,SCRIPT_VAR,3,SCRIPT_VAR,1,,,,,,,鸡吃了变异食物后中毒,damagebuff_fire,1,,,BUFF_POISON_1,,,,0,,,,,,,
72001,篮球-无球,1,199980,,,,,,,,,,,,,,,,,,,,,,,,,,,1027,,,0,1,1,2,2,,,,,,,,,,,,,,"无球状态：不持球时可以进行抢断、阻挡、盖帽操作
抢断（鼠标左键）：将目标手中的篮球抢过来
阻挡（鼠标右键）：挡住对手的前进路线
盖帽（空格键）：跳起并拍开空中的篮球",basketball_nonedribble,0,,,,,,,0,,,,,,,
72002,篮球-运球,2,199980,,,,,,,,,,,,,,,,,,,,,,,,,,,1026,,10093,0,1,1,2,2,,,,,,,,,,,,,,"运球状态：持球时可进行传球、投篮、冲刺操作
传球（鼠标左键）：向被标识为目标的队友传球
投篮（鼠标右键）：蓄力并朝准心方向投篮。对准篮框时，让蓄力条停留在黄颜色的#cfa7a0f命中区域#n内，会有更大的命中几率
冲刺（空格键）：朝身体面向方向快速冲刺一段距离",basketball_dribble,0,,,,0,buff.buff_soccer,,0,,,,,,,
72003,动作,1,180,1,,,,,,,,,,,,,,,,,,,,,,,,,,,,,,,,,,,,,,,,,,,,,,,改变玩家的@1动作,,0,,,,,,,1,,,,,,,
73001,炎热,1,199980,,,,,1034,101201|+20,,,,,,,,,,,,,,,,,,,,,1081,,,0,1,1,2,2,,,,,,,,,,,,,,在炎热环境下，非常不适应,,,,,,,,,,,,,,,,
73002,适应炎热,2,199980,,,,,,,,,,,,,,,,,,,,,,,,,,,1080,,,0,1,1,2,2,,,,,,,,,,,,,,因为穿着了抵抗炎热的装备，可以在炎热环境下不受影响,,,,,,,,,,,,,,,,
74001,氧气稀少,1,199980,,,,,1031,101101|-50,1001,100101|-10,1040,,,,,,,,,,,,,,,,,,1069,,,0,1,1,2,2,,,,,,,,,,,,,,,,,,,,,,,,,,,,,,
75001,寒冷,1,5,,,,,1034,101201|20,,,,,,,,,,,,,,,,,,,,,1095,1586,10982,5,1,1,2,2,,,,,,,,,,,,,,在雪地环境下，非常不适应,,,,,,0,buff_cold,,,,,,,,,
76001,拉肚子,1,10,,,,,1037,,1041,76001|11311|10667,1001,100101|-25,,,,,,,,,,,,,,,,,1091,1585,10983,10,1,1,2,2,,,,,,,,,,,,,,,,,,,,0,buff_diarrhea,,0,,,,,,,
77001,流血,1,3,,,,,1008,10|3|101007,1001,100101|-30,,,,,,,,,,,,,,,,,,,1079,1584,10086,3,1,1,2,2,,,,,,,,,,,,,,啊，止不住了！医生在哪里？！,damagebuff_bleed,1,4,25468,BUFF_POISON_1,,buff.buff_wither_1,,,,,,,,,
77002,流血诅咒,2,199980,,,,,1008,10|3|101007,1001,100101|-30,,,,,,,,,,,,,,,,,,,1079,1584,10086,199980,1,1,2,2,,,,,,,,,,,,,,快停下！这块石头，不太妙啊。,damagebuff_bleed,1,4,25468,BUFF_POISON_1,,buff.buff_wither_1,,,,,,,,,
78001,备用,1,60,,,,,1029,20,,,,,,,,,,,,,,,,,,,,,1087,,,60,1,1,2,2,,,,,,,,,,,,,,,,,,,,,,,,,,,,,,
79001,经验倍率,1,180,,,,,1030,20,,,,,,,,,,,,,,,,,,,,,1088,,,180,1,1,2,2,,,,,,,,,,,,,,,,,,,,,,,,,,,,,,
80001,小憩一会,1,199980,,,,,1029,0,,,,,,,,,,,,,,,,,,,,,1097,,,199980,1,1,2,2,,,,,,,,,,,,,,,,,,,,,,,,,,,,,,
81001,腿脚利索 ,1,180,,,,,1001,100101|50,1004,10,,,,,,,,,,,,,,,,,1200,ICE_MOUNTAINS|-500,1113,,,180,1,1,2,2,,,,,,,,,,,,,,一觉醒来发现腿部充满了力量。,,,,,,,,,,,,,,,,
82001,体力恢复,1,180,,,,,1035,101301|25,,,,,,,,,,,,,,,,,,,,,1085,,,180,1,1,2,2,,,,,,,,,,,,,,,,,,,,,,,,,,,,,,
82002,体力恢复,2,180,,,,,1035,101301|50,,,,,,,,,,,,,,,,,,,,,1085,,,180,1,1,2,2,,,,,,,,,,,,,,,,,,,,,,,,,,,,,,
82003,体力恢复,3,180,,,,,1035,101301|75,,,,,,,,,,,,,,,,,,,,,1085,,,180,1,1,2,2,,,,,,,,,,,,,,,,,,,,,,,,,,,,,,
83001,体力恢复-潜行,1,180,,,,,1035,101304|40,,,,,,,,,,,,,,,,,,,,,1085,,,180,1,1,2,2,,,,,,,,,,,,,,,,,,,,,,,,,,,,,,
83002,体力恢复-潜行,2,180,,,,,1035,101304|80,,,,,,,,,,,,,,,,,,,,,1085,,,180,1,1,2,2,,,,,,,,,,,,,,,,,,,,,,,,,,,,,,
83003,体力恢复-潜行,3,180,,,,,1035,101304|120,,,,,,,,,,,,,,,,,,,,,1085,,,180,1,1,2,2,,,,,,,,,,,,,,,,,,,,,,,,,,,,,,
84001,拓展体力,1,180,,,,,1032,101102|50,,,,,,,,,,,,,,,,,,,,,1085,,,180,1,1,2,2,,,,,,,,,,,,,,,,,,,,,,,,,,,,,,
84002,拓展体力,2,180,,,,,1032,101102|100,,,,,,,,,,,,,,,,,,,,,1085,,,180,1,1,2,2,,,,,,,,,,,,,,,,,,,,,,,,,,,,,,
84003,拓展体力,3,180,,,,,1032,101102|150,,,,,,,,,,,,,,,,,,,,,1085,,,180,1,1,2,2,,,,,,,,,,,,,,,,,,,,,,,,,,,,,,
85001,生命上限,1,180,,,,,1005,100201|25,,,,,,,,,,,,,,,,,,,,,1085,,,0,1,1,2,2,,,,,,,,,,,,,,,,,,,,,,,,,,,,,,
85002,生命上限,2,180,,,,,1005,100201|50,,,,,,,,,,,,,,,,,,,,,1085,,,180,1,1,2,2,,,,,,,,,,,,,,,,,,,,,,,,,,,,,,
85003,生命上限,3,180,,,,,1005,100201|75,,,,,,,,,,,,,,,,,,,,,1085,,,180,1,1,2,2,,,,,,,,,,,,,,,,,,,,,,,,,,,,,,
86001,移动速度-爆发,1,30,,,,,1001,100101|50,,,,,,,,,,,,,,,,,,,,,1085,,,180,1,1,2,2,,,,,,,,,,,,,,,,,,,,,,,,,,,,,,
86002,移动速度-爆发,2,30,,,,,1001,100101|100,,,,,,,,,,,,,,,,,,,,,1085,,,180,1,1,2,2,,,,,,,,,,,,,,,,,,,,,,,,,,,,,,
86003,移动速度-爆发,3,30,,,,,1001,100101|150,,,,,,,,,,,,,,,,,,,,,1085,,,180,1,1,2,2,,,,,,,,,,,,,,,,,,,,,,,,,,,,,,
87001,降低体力消耗-挖方块,1,180,,,,,1034,101205|-30,,,,,,,,,,,,,,,,,,,,,1085,,,180,1,1,2,2,,,,,,,,,,,,,,,,,,,,,,,,,,,,,,
87002,降低体力消耗-挖方块,2,180,,,,,1034,101205|-45,,,,,,,,,,,,,,,,,,,,,1085,,,180,1,1,2,2,,,,,,,,,,,,,,,,,,,,,,,,,,,,,,
87003,降低体力消耗-挖方块,3,180,,,,,1034,101205|-55,,,,,,,,,,,,,,,,,,,,,1085,,,180,1,1,2,2,,,,,,,,,,,,,,,,,,,,,,,,,,,,,,
88001,降低体力消耗-奔跑（跳跃）,1,180,,,,,1034,101204|-40,,,,,,,,,,,,,,,,,,,,,1085,,,180,1,1,2,2,,,,,,,,,,,,,,,,,,,,,,,,,,,,,,
88002,降低体力消耗-奔跑（跳跃）,2,180,,,,,1034,101204|-45,,,,,,,,,,,,,,,,,,,,,1085,,,180,1,1,2,2,,,,,,,,,,,,,,,,,,,,,,,,,,,,,,
88003,降低体力消耗-奔跑（跳跃）,3,180,,,,,1034,101204|-55,,,,,,,,,,,,,,,,,,,,,1085,,,180,1,1,2,2,,,,,,,,,,,,,,,,,,,,,,,,,,,,,,
89001,降低体力消耗-使用工具蓄力,1,180,,,,,1034,101206|-20,,,,,,,,,,,,,,,,,,,,,1085,,,180,1,1,2,2,,,,,,,,,,,,,,,,,,,,,,,,,,,,,,
89002,降低体力消耗-使用工具蓄力,2,180,,,,,1034,101206|-35,,,,,,,,,,,,,,,,,,,,,1085,,,180,1,1,2,2,,,,,,,,,,,,,,,,,,,,,,,,,,,,,,
89003,降低体力消耗-使用工具蓄力,3,180,,,,,1034,101206|-45,,,,,,,,,,,,,,,,,,,,,1085,,,180,1,1,2,2,,,,,,,,,,,,,,,,,,,,,,,,,,,,,,
90001,提高生命恢复,1,180,,,,,1029,25,,,,,,,,,,,,,,,,,,,,,1001,,,180,1,1,2,2,,,,,,,,,,,,,,,,,,,,,,,,,,,,,,
90002,提高生命恢复,2,180,,,,,1029,50,,,,,,,,,,,,,,,,,,,,,1001,,,180,1,1,2,2,,,,,,,,,,,,,,,,,,,,,,,,,,,,,,
90003,提高生命恢复,3,180,,,,,1029,75,,,,,,,,,,,,,,,,,,,,,1001,,,180,1,1,2,2,,,,,,,,,,,,,,,,,,,,,,,,,,,,,,
91001,神圣树的庇佑,1,3600,,,,,1032,101102|30,1033,10|10,1029,10,,,,,,,,,,,,,,,,,1063,,,3600,1,1,2,2,,,,,,,,,,,,,,吃下神圣树的果实，你感到身体里涌动着无穷的力量,,,,,,,,,,,,,,,,
92001,彩云的馈赠,1,30,,,,,1004,17,1010,100411|-75,,,,,,,,,,,,,,,,,,,1067,,10094,30,1,1,2,2,,,,,,,,,,,,,,收到彩云的馈赠，跳跃高度增加，跌落伤害减少,move_speed_add,0,,,,,,,,,,,,,,
93001,疲倦,1,199980,,,,,1010,100412|50,1040,,,,,,,,,,,,,,,,,,,,1092,,,0,1,1,2,2,,,,,,,,,,,,,,体力值太低啦，小心别透支了。吃点恢复体力值的食物吧。,,,,,,,,,,,,,,,,
93002,体力透支,2,199980,,,,,1045,101007,1040,,,,,,,,,,,,,,,,,,,,1111,,,0,1,1,2,2,,,,,,,,,,,,,,身体正在崩溃边缘。快吃点恢复体力的食物抢救一下！,,,,,,,,,,,,,,,,
94001,初始的馈赠,1,1200,,,,,1026,100507|20,,,,,,,,,,,,,,,,,,,,,1099,,,1200,1,2,2,2,,,,,,,,,,,,,,,,,,,,,,,,,,,,,,
95001,虚无,1,3,,,,,,,,,,,,,,,,,,,,,,,,,,,1092,,,3,1,1,2,2,,,,,,,,,,,,,,你的体力正在被虚空使徒偷走，当心！,,,,,,,,,,,,,,地心人吸体力提示buff,,
96001,星能之力,1,180,,,,,1003,100311|30,1015,100701|50,1001,100101|30,1002,50|200012,1034,101201|20,,,,,,,,,,,,,1100,1589,,180,1,1,2,2,1800,86006,,,,,,,,,,,,,,,,,,,,,,,,,,,,
97001,星能之力冷却中,1,1800,,,,,,,,,,,,,,,,,,,,,,,,,,,1098,,,1800,1,2,2,2,,,,,,,,,,,,,,星能的力量过于强大，人类的肉体短时间内无法承受过多的星能之力。,,1,,,,,,,,,,,,,,
98001,巴啦啦变身魔法,1,60,,,,,1005,100201|100,1035,101301|100,,,,,,,,,,,,,,,,,,,1101,,,60,1,1,2,2,,,,,,,,,,,,,,巴啦啦能量——变身魔法,,,,,,,,,,,,,,,,
98002,巴啦啦变身魔法,2,60,,,,,1042,141,1005,100201|100,1035,101301|100,,,,,,,,,,,,,,,,,1101,,10985,60,1,1,2,2,,,,,,,,,,,,,,巴啦啦能量——变身魔法,,,,,,,,,,,,,,,,
98003,巴啦啦变身魔法,3,60,,,,,1042,143,1005,100201|100,1035,101301|100,,,,,,,,,,,,,,,,,1101,,10986,60,1,1,2,2,,,,,,,,,,,,,,巴啦啦能量——变身魔法,,,,,,,,,,,,,,,,
98004,巴啦啦变身魔法,4,60,,,,,1042,144,1005,100201|100,1035,101301|100,,,,,,,,,,,,,,,,,1101,,10987,60,1,1,2,2,,,,,,,,,,,,,,巴啦啦能量——变身魔法,,,,,,,,,,,,,,,,
98005,巴啦啦变身魔法,5,60,,,,,1042,145,1005,100201|100,1035,101301|100,,,,,,,,,,,,,,,,,1101,,10988,60,1,1,2,2,,,,,,,,,,,,,,巴啦啦能量——变身魔法,,,,,,,,,,,,,,,,
98006,巴啦啦变身魔法,6,60,,,,,1042,156,1004,50,1010,100411|-75,,,,,,,,,,,,,,,,,1101,,10989,60,1,1,2,2,,,,,,,,,,,,,,巴啦啦能量——变身魔法,,,,,,,,,,,,,,,,
98007,巴啦啦变身魔法,7,60,,,,,1042,155,1003,100311|50,1032,100201|100,,,,,,,,,,,,,,,,,1101,,10990,60,1,1,2,2,,,,,,,,,,,,,,巴啦啦能量——变身魔法,,,,,,,,,,,,,,,,
98008,巴啦啦变身魔法,8,60,,,,,1042,154,1010,100412|-40,1007,50|5,,,,,,,,,,,,,,,,,1101,,10991,60,1,1,2,2,,,,,,,,,,,,,,巴啦啦能量——变身魔法,,,,,,,,,,,,,,,,
99001,天狗食月,1,199980,,,,,1005,100201|75,1023,100907|10,,,,,,,,,,,,,,,,,,,1078,1236,,199980,1,1,2,2,,,,,,,,,,,,,,,,,,,,,,,,,,,,,,
100001,着火,1,8,1,DamageBuff,,,1008,10|2|101004,,,,,,,,,,,,,,,,,,,,,1032,1232,10668,8,1,1,2,2,,,1,SCRIPT_VAR,3,SCRIPT_VAR,5,,,,,,,每秒损失3点生命值,damagebuff_fire,1,1,25469,BUFF_FIRE_1,1,fire.fire,,0,,,,,环境伤害,,
101001,污染1级,1,2,1,DamageBuff,,,1008,10|2|101007,,,,,,,,,,,,,,,,,,,,,1034,1236,10095,2,1,1,2,2,,,,SCRIPT_VAR,4,SCRIPT_VAR,2,,,,,,,每秒损失2点生命值。,damagebuff_poison,1,,,BUFF_POISON_1,0,buff.buff_wither_1,,0,,,,,吃鸡中毒BUFF,,
101002,污染2级,2,2,1,DamageBuff,,,1008,10|5|101007,,,,,,,,,,,,,,,,,,,,,1034,1236,10095,2,1,1,2,2,,,,SCRIPT_VAR,4,SCRIPT_VAR,5,,,,,,,每秒损失5点生命值。,damagebuff_poison,1,,,BUFF_POISON_1,0,buff.buff_wither_1,,0,,,,,吃鸡中毒BUFF,,
101003,污染3级,3,2,1,DamageBuff,,,1008,10|10|101007,,,,,,,,,,,,,,,,,,,,,1034,1236,10095,2,1,1,2,2,,,,SCRIPT_VAR,4,SCRIPT_VAR,10,,,,,,,每秒损失10点生命值。,damagebuff_poison,1,,,BUFF_POISON_1,0,buff.buff_wither_1,,0,,,,,吃鸡中毒BUFF,,
101004,污染4级,4,2,1,DamageBuff,,,1008,10|15|101007,,,,,,,,,,,,,,,,,,,,,1034,1236,10095,2,1,1,2,2,,,,SCRIPT_VAR,4,SCRIPT_VAR,15,,,,,,,每秒损失15点生命值。,damagebuff_poison,1,,,BUFF_POISON_1,0,buff.buff_wither_1,,0,,,,,吃鸡中毒BUFF,,
101005,污染5级,5,2,1,DamageBuff,,,1008,10|20|101007,,,,,,,,,,,,,,,,,,,,,1034,1236,10095,2,1,1,2,2,,,,SCRIPT_VAR,4,SCRIPT_VAR,20,,,,,,,每秒损失20点生命值。,damagebuff_poison,1,,,BUFF_POISON_1,0,buff.buff_wither_1,,0,,,,,吃鸡中毒BUFF,,
102001,荧光,1,10,,,,,,,,,,,,,,,,,,,,,,,,,,,1054,1240,10085,10,1,1,2,2,,,,,,,,,,,,,,身上泛起荧光，会吸引某些动物攻击。,fluorescence,1,,,buff69001,,,,0,,,,,荧光buff,,
103001,注意集中,1,150,,,,,1002,60,1012,100601|5|3,,,,,,,,,,,,,,,,,800,"PLAINS|500,FOREST|-300,BIOME_AIR_PLAINS|500,BIOME_AIR_PLAINS_H|500",1114,,,150,1,1,2,2,,,,,,,,,,,,,,昨晚睡得挺好，起床发现挖矿注意力非常集中。,,0,,,,,,,0,,,,,,,
104001,眼神锐利,1,150,,,,,1003,100302|25,1012,100602|10|2,,,,,,,,,,,,,,,,,800,"PLAINS|500,FOREST|-300,RAINFOREST|500",1115,,,150,1,1,2,2,,,,,,,,,,,,,,睡觉睡得饱，视力好不少。,,0,,,,,,,0,,,,,,,
105001,复活技能冷却,1,300,,,,,,,,,,,,,,,,,,,,,,,,,,,1098,,,300,1,2,2,2,,,,,,,,,,,,,,不屈技能进入冷却时间，5min内不会继续触发,,1,,,,,,,,,,,,,,
105002,复活技能冷却2,2,180,,,,,,,,,,,,,,,,,,,,,,,,,,,1098,,,180,1,2,2,2,,,,,,,,,,,,,,不屈技能进入冷却时间，3min内不会继续触发,,1,,,,,,,,,,,,,,
106001,起床气,1,120,,,,,1003,100301|30,1024,1,,,,,,,,,,,,,,,,,500,"PLAINS|-100,RAINFOREST|300,VOLCANO_PLAIN|500,VOLCANO_MOUNTAIN|300,FOREST|-100",1112,,,120,1,1,2,2,,,,,,,,,,,,,,千万不要惹一个有起床气的人。,,0,,,,,,,,,,,,,,
107001,头晕目眩,1,15,,,,,1017,,,,,,,,,,,,,,,,,,,,100,"REDSOIL|250,REDSOIL_SHORE|200",1035,,,15,1,1,2,2,,,,,,,,,,,,,,睡迷糊了，得缓一缓。,,1,,,,,,,,,,,,,,
108001,落枕,1,30,,,,,1046,101401|1|101007,,,,,,,,,,,,,,,,,,,150,"PLAINS|-50,FOREST|-50,ICE_MOUNTAINS|150",1116,,,30,1,1,2,2,,,,,,,,,,,,,,昨晚睡姿不太好，落枕了，得避免剧烈运动。,,1,,,,,,,,,,,,,,
110001,被夹住啦,1,199980,1,DamageBuff,1150,1,1052,,,,,,,,,,,,,,,,,,,,,,1028,,,0,1,1,2,2,,,1,SCRIPT_VAR,5,SCRIPT_VAR,15,,,,,,,被控制住了，持续受到伤害。,clasp,1,,,BUFF_CLASP,,buff.buff_freeze,,0,,,,,,,
111001,炽烈法球,1,6,1,DamageBuff,,,1008,10|12|101004,,,,,,,,,,,,,,,,,,,,,1032,1232,10668,6,1,1,2,2,,,,SCRIPT_VAR,3,SCRIPT_VAR,15,,,,,,,每秒受到12点燃烧伤害。,damagebuff_fire,1,1,25469,BUFF_FIRE_1,1,fire.fire,,0,,,,,炽烈法球攻击附带,,
112001,淬毒法球,1,9,1,DamageBuff,,,1008,10|10|101005,,,,,,,,,,,,,,,,,,,,,1034,1236,10095,9,1,1,2,2,,,,SCRIPT_VAR,4,SCRIPT_VAR,10,,,,,,,每秒受到10点毒素伤害。,damagebuff_poison,1,3,25467,BUFF_POISON_1,0,buff.buff_wither_1,,0,,,,,淬毒法球攻击附带,,
113002,霸天技能冷却中,1,10,,,,,1079,,,,,,,,,,,,,,,,,,,,,,1098,,,10,1,2,2,2,,,,,,,,,,,,,,铁穹霸天战甲的技能在冷却中,,1,,,,,,,,,,,,,,
114001,牛粪好运,1,30,,,,,1004,17,1010,100411|-75,,,,,,,,,,,,,,,,,,,1067,,10094,30,1,1,2,2,,,,,,,,,,,,,,收到彩云的馈赠，跳跃高度增加，跌落伤害减少,move_speed_add,0,,,,,,,,,,,,,,
115001,攻防一体,1,600,,,,,1026,100501|5,1023,100901|10,,,,,,,,,,,,,,,,,,,1099,,,600,1,1,2,2,,,,,,,,,,,,,,,,,,,,,,,,,,,,,,
115002,攻防一体,2,900,,,,,1026,100501|15,1023,100901|15,,,,,,,,,,,,,,,,,,,1099,,,900,1,1,2,2,,,,,,,,,,,,,,,,,,,,,,,,,,,,,,
116001,体力消耗降低1,1,300,,,,,1034,101201|-20,,,,,,,,,,,,,,,,,,,,,1085,,,300,,,,,,,,,,,,,,,,,,,,,,,,,,,,,,,,,,
117001,缓慢生命恢复1,1,5,,,,,1007,10|10,,,,,,,,,,,,,,,,,,,,,1001,1234,10087,5,1,1,2,2,,,,,,,,,,,,,,,,,,,,,,,,,,,,,,
200001,燃烧1级,1,6,1,DamageBuff,1150,1,1008,10|15|101004,,,,,,,,,,,,,,,,,,,,,1032,1232,10668,6,1,1,2,2,,,,SCRIPT_VAR,3,SCRIPT_VAR,15,,,,,,,每秒受到15点燃烧伤害。,damagebuff_fire,1,1,25469,BUFF_FIRE_1,1,fire.fire,,0,,,,,火焰骷髅攻击附带,,
200002,燃烧2级,2,6,1,DamageBuff,1150,1,1008,10|30|101004,,,,,,,,,,,,,,,,,,,,,1032,1232,10668,6,1,1,2,2,,,,SCRIPT_VAR,3,SCRIPT_VAR,30,,,,,,,每秒受到30点燃烧伤害。,damagebuff_fire,1,1,25469,BUFF_FIRE_1,1,fire.fire,,0,,,,,黑龙火球攻击附带,,
200003,燃烧3级,3,6,1,DamageBuff,1150,1,1008,10|40|101004,,,,,,,,,,,,,,,,,,,,,1032,1232,10668,6,1,1,2,2,,,,SCRIPT_VAR,3,SCRIPT_VAR,40,,,,,,,每秒受到40点燃烧伤害。,damagebuff_fire,1,1,25469,BUFF_FIRE_1,1,fire.fire,,0,,,,,熔岩火球攻击附带,,
200004,燃烧4级,4,6,1,DamageBuff,1150,1,1008,10|60|101004,,,,,,,,,,,,,,,,,,,,,1032,1232,10668,6,1,1,2,2,,,,SCRIPT_VAR,3,SCRIPT_VAR,60,,,,,,,每秒受到60点燃烧伤害。,damagebuff_fire,1,1,25469,BUFF_FIRE_1,1,fire.fire,,0,,,,,混乱黑龙火球攻击附带,,
201001,混乱1级,1,6,1,DamageBuff,1150,1,1008,10|30|101006,,,,,,,,,,,,,,,,,,,,,1035,1239,10095,6,1,1,2,2,,,,SCRIPT_VAR,5,SCRIPT_VAR,30,,,,,,,每秒受到30点混乱伤害。,damagebuff_wither,1,,,BUFF_WITHER_1,1,buff.buff_wither_1,,0,,,,,混乱黑龙攻击附带,,
201002,混乱2级,2,4,1,DamageBuff,1150,1,1008,10|5|101006,,,,,,,,,,,,,,,,,,,,,1035,1239,10095,4,1,1,2,2,,,,SCRIPT_VAR,5,SCRIPT_VAR,5,,,,,,,每秒受到5点混乱伤害。,damagebuff_wither,1,,,BUFF_WITHER_1,1,buff.buff_wither_1,,0,,,,,,,
202001,年兽惊吓,1,10,,,,,,,,,,,,,,,,,,,,,,,,,,,1035,1477,,10,1,1,2,2,,,,,,,,,,,,,,新年烟花吓跑年兽！,damagebuff_wither,1,,,mob_3505_1,1,,,0,,,,,新年烟花砸中年兽后惊吓,,
202002,游戏版本过低,2,180,,,,,,,,,,,,,,,,,,,,,,,,,,,1076,,,180,1,1,2,2,,,,,,,,,,,,,,当你看到这个的时候，证明你的游戏版本过低了！,unknown,0,,,,,,,0,,,,,,,
202003,游戏版本过低,3,180,,,,,,,,,,,,,,,,,,,,,,,,,,,1076,,,180,1,1,2,2,,,,,,,,,,,,,,当你看到这个的时候，证明你的游戏版本过低了！,unknown,0,,,,,,,0,,,,,,,
203001,虚空控制,1,199980,,,,,1001,100101|-95,,,,,,,,,,,,,,,,,,,,,1068,1238,10094,0,1,1,2,2,,,,,,,,,,,,,,收到虚空幻影的控制，难以脱身；赶快加速逃跑！,unknown,0,,,,,,,0,,,,,,,
203002,游戏版本过低,2,180,,,,,,,,,,,,,,,,,,,,,,,,,,,1076,,,180,1,1,2,2,,,,,,,,,,,,,,当你看到这个的时候，证明你的游戏版本过低了！,unknown,0,,,,,,,0,,,,,,,
203003,游戏版本过低,3,180,,,,,,,,,,,,,,,,,,,,,,,,,,,1076,,,180,1,1,2,2,,,,,,,,,,,,,,当你看到这个的时候，证明你的游戏版本过低了！,unknown,0,,,,,,,0,,,,,,,
204001,虚空防护,1,199980,,,,,,,,,,,,,,,,,,,,,,,,,,,1048,1588,,199980,1,1,2,2,,,,DAMAGED_RANGE,-0.75,,,,,,,,,降低75%受到的远程伤害。,damaged_range_add,0,,,,,,,0,,,,,虚空boss的buff,,
204002,游戏版本过低,2,180,,,,,,,,,,,,,,,,,,,,,,,,,,,1076,,,180,1,1,2,2,,,,,,,,,,,,,,当你看到这个的时候，证明你的游戏版本过低了！,unknown,0,,,,,,,0,,,,,,,
204003,游戏版本过低,3,180,,,,,,,,,,,,,,,,,,,,,,,,,,,1076,,,180,1,1,2,2,,,,,,,,,,,,,,当你看到这个的时候，证明你的游戏版本过低了！,unknown,0,,,,,,,0,,,,,,,
205001,幻影无敌,1,199980,,,,,1018,,,,,,,,,,,,,,,,,,,,,,1048,1587,,199980,1,1,2,2,,,,,,,,,,,,,,虚空幻影张开无敌的防护盾，免疫所有伤害,damaged_range_add,0,,,,,,,0,,,,,,,
205002,游戏版本过低,2,180,,,,,,,,,,,,,,,,,,,,,,,,,,,1076,,,180,1,1,2,2,,,,,,,,,,,,,,当你看到这个的时候，证明你的游戏版本过低了！,unknown,0,,,,,,,0,,,,,虚空boss的buff,,
205003,游戏版本过低,3,180,,,,,,,,,,,,,,,,,,,,,,,,,,,1076,,,180,1,1,2,2,,,,,,,,,,,,,,当你看到这个的时候，证明你的游戏版本过低了！,unknown,0,,,,,,,0,,,,,,,
206001,近战无敌,1,199980,,,1151,2,1010,100401|-90,,,,,,,,,,,,,,,,,,,,,1046,,10081,0,1,1,2,2,,,,DAMAGED_PUNCH,-1.4,,,,,,,,,降低90%受到的近战伤害。,damaged_punch_add,0,,,,0,buff.buff_damaged_1,,0,,,,,远古巨像护罩buff,,
206002,近战无敌,2,199980,,,,,1010,100401|-90,,,,,,,,,,,,,,,,,,,,,1046,,10081,0,1,1,2,2,,,,DAMAGED_PUNCH,-1.4,,,,,,,,,降低90%受到的近战伤害。,damaged_punch_add,0,,,,0,buff.buff_damaged_1,,0,,,,,,,
206003,近战无敌,3,199980,,,,,1010,100401|-90,,,,,,,,,,,,,,,,,,,,,1046,,10081,0,1,1,2,2,,,,DAMAGED_PUNCH,-1.4,,,,,,,,,降低90%受到的近战伤害。,damaged_punch_add,0,,,,0,buff.buff_damaged_1,,0,,,,,,,
207001,远程无敌,1,199980,,,1151,2,1010,100402|-90,,,,,,,,,,,,,,,,,,,,,1048,,10081,0,1,1,2,2,,,,DAMAGED_RANGE,-1.4,,,,,,,,,降低90%受到的远程伤害。,damaged_range_add,0,,,,0,buff.buff_damaged_1,,0,,,,,远古巨像护罩buff,,
207002,远程无敌,2,199980,,,,,1010,100402|-90,,,,,,,,,,,,,,,,,,,,,1048,,10081,0,1,1,2,2,,,,DAMAGED_RANGE,-1.4,,,,,,,,,降低90%受到的远程伤害。,damaged_range_add,0,,,,0,buff.buff_damaged_1,,0,,,,,,,
207003,远程无敌,3,199980,,,,,1010,100402|-90,,,,,,,,,,,,,,,,,,,,,1048,,10081,0,1,1,2,2,,,,DAMAGED_RANGE,-1.4,,,,,,,,,降低90%受到的远程伤害。,damaged_range_add,0,,,,0,buff.buff_damaged_1,,0,,,,,,,
208001,爆炸防御无敌,1,199980,,,1151,2,1010,100403|-90,,,,,,,,,,,,,,,,,,,,,1038,,10081,0,1,1,2,2,,,,DAMAGED_EXPLODE,-1.4,,,,,,,,,降低90%受到的爆炸伤害。,damaged_explode_add,0,,,,0,buff.buff_damaged_1,,0,,,,,远古巨像护罩buff,,
208002,爆炸防御无敌,2,199980,,,1151,2,1010,100403|-90,,,,,,,,,,,,,,,,,,,,,1038,,10081,0,1,1,2,2,,,,DAMAGED_EXPLODE,-1.4,,,,,,,,,降低90%受到的爆炸伤害。,damaged_explode_add,0,,,,0,buff.buff_damaged_1,,0,,,,,,,
208003,爆炸防御无敌,3,199980,,,1151,2,1010,100403|-90,,,,,,,,,,,,,,,,,,,,,1038,,10081,0,1,1,2,2,,,,DAMAGED_EXPLODE,-1.4,,,,,,,,,降低90%受到的爆炸伤害。,damaged_explode_add,0,,,,0,buff.buff_damaged_1,,0,,,,,,,
209001,BOSS附身,,,,,,,,,,,,,,,,,,,,,,,,,,,,,,1558,,,1,1,2,2,,,,,,,,,,,,,,,,,,,skill_frenzy,,,,,,,,,,,
210001,虚空汲取,1,199980,,,,,1010,100311|-50,,,,,,,,,,,,,,,,,,,,,1046,,,0,1,1,2,2,,,,,,,,,,,,,,虚空幻影汲取目标能量时，受到的伤害减少50%,,0,,,,,,,,,,,,,,
220001,坐骑移动速度-爆发,1,10,,,,,1001,100101|40,,,,,,,,,,,,,,,,,,,,,1085,,10094,10,1,1,2,2,,,,,,,,,,,,,,坐骑基础速度提升40%。,,,,,,,,,,,,,,,,
220002,坐骑移动速度-持续爆发,1,199980,,,,,1001,100101|20,,,,,,,,,,,,,,,,,,,,,1085,,10094,0,1,1,2,2,,,,,,,,,,,,,,坐骑基础速度提升20%。,,,,,,,,,,,,,,,,
230001,眩晕1级,1,5,,DamageBuff,1150,1,1020,,1008,,,,,,,,,,,,,,,,,,,,1028,1590,10086,5,1,1,2,2,,,1,SCRIPT_VAR,5,SCRIPT_VAR,15,,,,,,,被控制住了，持续受到伤害。,clasp,1,,,BUFF_DIZZY,,,,0,,,,,,,
230002,幻境1级,2,5,,DamageBuff,1150,1,1020,,1008,,,,,,,,,,,,,,,,,,,,1028,1227,,8,1,1,2,2,,,1,SCRIPT_VAR,5,SCRIPT_VAR,15,,,,,,,陷入幻境。,clasp,1,,,BUFF_DIZZY,,,,0,,,,,,,
240001,音乐力量-振奋,1,5,,AddHPBuff,,,1043,10|2,,,,,,,,,,,,,,,,,,,,,1001,1234,,5,1,1,2,2,,,,SCRIPT_VAR,5,,,,,,,,,每秒恢复2点生命值。,addhpbuff_add,0,,,BUFF_HP_1,,,,0,,,,,,,
250001,音乐力量-削弱,1,10,,DamageBuff,,,1044,10|2|101005,,,,,,,,,,,,,,,,,,,,,1035,1236,,10,1,1,2,2,,,,SCRIPT_VAR,4,SCRIPT_VAR,5,,,,,,,每秒损失2点生命值。,damagebuff_wither,0,,,BUFF_POISON_1,,,,0,,,,,,,
260001,幻境1级,1,8,,DamageBuff,1150,1,1020,,1008,,,,,,,,,,,,,,,,,,,,1028,1590,10086,5,1,1,2,2,,,1,SCRIPT_VAR,5,SCRIPT_VAR,15,,,,,,,陷入幻境。,clasp,1,,,BUFF_DIZZY,,,,0,,,,,,,
270001,震慑1级,1,3,,DamageBuff,,,1044,10|5|101005,,,,,,,,,,,,,,,,,,,,,1035,1236,,3,1,1,2,2,,,,SCRIPT_VAR,4,SCRIPT_VAR,5,,,,,,,每秒损失5点生命值。,damagebuff_wither,0,,,BUFF_POISON_1,,,,0,,,,,,,
280001,沙尘暴！,1,199980,,,,,1008,50|5|101007,,,,,,,,,,,,,,,,,,,,,1102,,,199980,1,1,2,2,,,,,,,,,,,,,,快隐蔽！沙尘暴来了！,,1,,,,,,,,,,,,,,
280002,抵御沙尘暴,2,199980,,,,,1047,280001,,,,,,,,,,,,,,,,,,,,,1103,,,199980,1,1,2,2,,,,,,,,,,,,,,在沙尘暴中畅通无阻。,,0,,,,,,,,,,,,,,
290001,举盾防御,1,199980,,,,,1010,100401|-70,1010,100402|-70,1014,999999,1001,100101|-50,,,,,,,,,,,,,,,1110,,,199980,1,1,2,2,,,,,,,,,,,,,,坚如磐石，已经没什么好怕的了。,,0,,,,,,,,,,,,,,
998001,跑快快,1,60,,,1152,3,1001,100101|50,1034,101202|-50,,,,,,,,,,,,,,,,,,,1067,1238,10094,60,1,1,2,2,,,,,,,,,,,,,,,,,,,,,,,,,,,,,,
999001,继续探险！,1,20,,,1151,2,1018,,,,,,,,,,,,,,,,,,,,,,1058,1231,10081,20,1,1,1,2,,,,,,,,,,,,,,处于保护状态，不受任何伤害，但如果做出攻击或使用物品，此状态就会消失。,knock,0,,,BUFF_DAMAGED_3,,buff.buff_damaged_1,,0,,,,,,,
999002,复活保护,2,5,,,1151,2,1018,,,,,,,,,,,,,,,,,,,,,,1058,1231,10081,5,1,1,1,2,,,,,,,,,,,,,,处于保护时间内，不受任何伤害，主动攻击后取消。,knock,0,,,BUFF_DAMAGED_3,,buff.buff_damaged_1,,0,,,,,,,
999003,无敌,3,199980,,,1151,2,1018,,,,,,,,,,,,,,,,,,,,,,1058,,,0,1,1,2,2,,,,,,,,,,,,,,处于保护时间内，不受任何伤害，主动攻击后取消。,knock,0,,,BUFF_DAMAGED_3,,buff.buff_damaged_1,,0,,,,,,,
1000001,加速100%,1,180,,,,,1001,100101|100,,,,,,,,,,,,,,,,,,,,,1067,1238,10094,180,1,1,2,2,,,,MOVE_SPEED,1,,,,,,,,,加速100%,move_speed_add,0,,,BUFF_SPEED_1,0,buff.buff_speed_1,,0,,,,,,,
1000002,加速1000%,1,600,,,,,1001,100101|1000,,,,,,,,,,,,,,,,,,,,,1067,1238,10094,600,1,1,2,2,,,,MOVE_SPEED,10,,,,,,,,,当你看到这个的时候，证明你的游戏版本过低了！,move_speed_add,0,,,BUFF_SPEED_1,0,buff.buff_speed_1,,0,,,,,,,
1000003,减速,3,600,,,1150,1,1001,100101|-75,,,,,,,,,,,,,,,,,,,,,1068,1238,10094,600,1,1,2,2,,,,MOVE_SPEED,-0.75,,,,,,,,,移动速度降低75%。,move_speed_reduce,1,,,BUFF_SPEED_1,0,buff.buff_speed_1,,0,,,,,,,
1001001,观察者,1,180,,,,,,,,,,,,,,,,,,,,,,,,,,,1078,1239,10095,180,1,1,2,2,,,,,,,,,,,,,,当你看到这个的时候，证明你的游戏版本过低了！,view_dim,1,,,BUFF_WITHER_1,0,buff.buff_wither_1,,0,,,,,,,
1001002,游戏版本过低,2,180,,,,,,,,,,,,,,,,,,,,,,,,,,,1076,,,180,1,1,2,2,,,,,,,,,,,,,,当你看到这个的时候，证明你的游戏版本过低了！,unknown,0,,,,,,,0,,,,,,,
1001003,游戏版本过低,3,180,,,,,,,,,,,,,,,,,,,,,,,,,,,1076,,,180,1,1,2,2,,,,,,,,,,,,,,当你看到这个的时候，证明你的游戏版本过低了！,unknown,0,,,,,,,0,,,,,,,
1002001,病毒感染,1,300,,,1152,3,1016,3101|0|0,1001,100101|50,,,,,,,,,,,,,,,,,,,1035,,,0,2,1,2,2,,,,MOVE_SPEED,0.5,ATTACK_PUNCH,5,DAMAGED_PUNCH,-0.8,DAMAGED_RANGE,-0.8,DIG_SPEED,1,病毒正在不断地侵蚀你的身体！,damagebuff_wither,1,2,25472,,,,3101,0,,,,,,,
1002002,病毒强化,2,300,,,1152,3,1010,100412|-80,1002,100,1003,100311|500,,,,,,,,,,,,,,,,,1035,,,0,2,1,2,2,,,,MOVE_SPEED,0.5,ATTACK_PUNCH,5,DAMAGED_PUNCH,-0.8,DAMAGED_RANGE,-0.8,DIG_SPEED,1,被病毒感染，获得强大的力量。,damagebuff_wither,1,2,25472,,,,,0,,,,,,,
1002003,游戏版本过低,3,180,,,,,,,,,,,,,,,,,,,,,,,,,,,1076,,,180,1,1,2,2,,,,,,,,,,,,,,当你看到这个的时候，证明你的游戏版本过低了！,unknown,0,,,,,,,0,,,,,,,
1003001,变鸡1级,1,5,,,1152,3,1016,3400|1|1,,,,,,,,,,,,,,,,,,,,,1035,,10079,5,1,1,2,2,,,,,,,,,,,,,,喔…喔喔喔…（我变成鸡了？）,damagebuff_wither,1,2,25472,,0,buff.buff_chicken,3400,1,1,,,,,,
1003002,变鸡2级,2,30,,,1152,3,1016,3400|1|1,,,,,,,,,,,,,,,,,,,,,1035,,10079,30,1,1,2,2,,,,,,,,,,,,,,喔…喔喔喔…（我变成鸡了？）,damagebuff_wither,1,2,25472,,0,buff.buff_chicken,3400,1,1,,,,,,
1003003,游戏版本过低,3,180,,,,,,,,,,,,,,,,,,,,,,,,,,,1076,,,180,1,1,2,2,,,,,,,,,,,,,,当你看到这个的时候，证明你的游戏版本过低了！,unknown,0,,,,,,,0,,,,,,,
1004001,变牛1级,1,5,,,1152,3,1016,3401|1|1,,,,,,,,,,,,,,,,,,,,,1035,,10080,5,1,1,2,2,,,,,,,,,,,,,,哞…哞哞哞…（我变成牛了？）,damagebuff_wither,1,2,25472,,0,buff.buff_cow,3401,1,1,,,,,,
1004002,变牛2级,2,30,,,1152,3,1016,3401|1|1,,,,,,,,,,,,,,,,,,,,,1035,,10080,30,1,1,2,2,,,,,,,,,,,,,,哞…哞哞哞…（我变成牛了？）,damagebuff_wither,1,2,25472,,0,buff.buff_cow,3401,1,1,,,,,,
1004003,游戏版本过低,3,180,,,,,,,,,,,,,,,,,,,,,,,,,,,1076,,,180,1,1,2,2,,,,,,,,,,,,,,当你看到这个的时候，证明你的游戏版本过低了！,unknown,0,,,,,,,0,,,,,,,
1005001,变羊1级,1,5,,,1152,3,1016,3403|1|1,,,,,,,,,,,,,,,,,,,,,1035,,10091,5,1,1,2,2,,,,,,,,,,,,,,咩…咩咩咩…（我变成羊了？）,damagebuff_wither,1,2,25472,,0,buff.buff_sheep,3403,1,1,,,,,,
1005002,变羊2级,2,30,,,1152,3,1016,3403|1|1,,,,,,,,,,,,,,,,,,,,,1035,,10091,30,1,1,2,2,,,,,,,,,,,,,,咩…咩咩咩…（我变成羊了？）,damagebuff_wither,1,2,25472,,0,buff.buff_sheep,3403,1,1,,,,,,
1005003,游戏版本过低,3,180,,,,,,,,,,,,,,,,,,,,,,,,,,,1076,,,180,1,1,2,2,,,,,,,,,,,,,,当你看到这个的时候，证明你的游戏版本过低了！,unknown,0,,,,,,,0,,,,,,,
1006001,变恶魔1级,1,5,,,1152,3,1016,3508|1|0,1054,3508|10|5,1055,3508|10,1080,5,,,,,,,,,,,,,,,1035,,10084,5,1,1,2,2,,,,,,,,,,,,,,迷你周年庆恶作剧（我变成恶魔了？）,damagebuff_wither,1,2,25472,,0,buff.buff_evil,3509,1,1,,,,,,
1006002,变恶魔2级,2,30,,,1152,3,1016,3508|1|0,1054,3508|10|5,1055,3508|10,1080,5,,,,,,,,,,,,,,,1035,,10084,30,1,1,2,2,,,,,,,,,,,,,,迷你周年庆恶作剧（我变成恶魔了？）,damagebuff_wither,1,2,25472,,0,buff.buff_evil,3509,1,1,,,,,,
1006003,游戏版本过低,3,180,,,,,,,,,,,,,,,,,,,,,,,,,,,1076,,,180,1,1,2,2,,,,,,,,,,,,,,当你看到这个的时候，证明你的游戏版本过低了！,unknown,0,,,,,,,0,,,,,,,
1007001,变墩墩1级,1,5,,,1152,3,1016,3402|1|1,,,,,,,,,,,,,,,,,,,,,1035,,10089,5,1,1,2,2,,,,,,,,,,,,,,哼…哼哼哼…（我变成墩墩了？）,damagebuff_wither,1,2,25472,,0,buff.buff_dundun,3402,1,1,,,,,,
1007002,变墩墩2级,2,30,,,1152,3,1016,3402|1|1,,,,,,,,,,,,,,,,,,,,,1035,,10089,30,1,1,2,2,,,,,,,,,,,,,,哼…哼哼哼…（我变成墩墩了？）,damagebuff_wither,1,2,25472,,0,buff.buff_dundun,3402,1,1,,,,,,
1007003,游戏版本过低,3,180,,,,,,,,,,,,,,,,,,,,,,,,,,,1076,,,180,1,1,2,2,,,,,,,,,,,,,,当你看到这个的时候，证明你的游戏版本过低了！,unknown,0,,,,,,,0,,,,,,,
1008001,变团子1级,1,5,,,1152,3,1016,3415|1|1,,,,,,,,,,,,,,,,,,,,,1035,,10083,5,1,1,2,2,,,,,,,,,,,,,,啵…啵啵啵…（我变成团子了？）,damagebuff_wither,1,2,25472,,0,buff.buff_dumpling,3415,1,1,,,,,,
1008002,变团子2级,2,30,,,1152,3,1016,3415|1|1,,,,,,,,,,,,,,,,,,,,,1035,,10083,30,1,1,2,2,,,,,,,,,,,,,,啵…啵啵啵…（我变成团子了？）,damagebuff_wither,1,2,25472,,0,buff.buff_dumpling,3415,1,1,,,,,,
1008003,游戏版本过低,3,180,,,,,,,,,,,,,,,,,,,,,,,,,,,1076,,,180,1,1,2,2,,,,,,,,,,,,,,当你看到这个的时候，证明你的游戏版本过低了！,unknown,0,,,,,,,0,,,,,,,
1009001,能量盾,1,10,,,,,1022,50,,,,,,,,,,,,,,,,,,,,,1056,1580,10090,10,1,1,2,2,,,,DAMAGE_ABSORB,50,,,,,,,,,一个生命值为50点的能量盾,"
Hamster_Ball",0,,,BUFF_HAMSTER_1,0,buff.buff_pop,,0,,,,,,,
1009002,游戏版本过低,2,30,,,,,,,,,,,,,,,,,,,,,,,,,,,1076,,,30,1,1,2,2,,,,,,,,,,,,,,当你看到这个的时候，证明你的游戏版本过低了！,unknown,0,,,,,,,0,,,,,,,
1009003,游戏版本过低,3,180,,,,,,,,,,,,,,,,,,,,,,,,,,,1076,,,180,1,1,2,2,,,,,,,,,,,,,,当你看到这个的时候，证明你的游戏版本过低了！,unknown,0,,,,,,,0,,,,,,,
1009004,炎狱火,1,3,,,,,1008,10|1|101004,,,,,,,,,,,,,,,,,,,,,1032,1232,10668,4,1,1,2,2,,,,,,,,,,,,,,每1秒造成1点伤害。,damagebuff_fire,1,1,25469,BUFF_FIRE_1,1,fire.fire,,0,,,,,属性值1是伤害类型，属性值2是伤害点数,,
1009005,幽冥火,2,3,,,,,1008,10|2|101004,,,,,,,,,,,,,,,,,,,,,1032,1232,10668,4,1,1,2,2,,,,,,,,,,,,,,每1秒造成2点伤害。,damagebuff_fire,1,1,25469,BUFF_FIRE_1,1,fire.fire,,0,,,,,,,
1009006,减速,1,3,,,,,1001,100101|-25,,,,,,,,,,,,,,,,,,,,,1068,1238,10094,4,1,1,2,2,,,1,MOVE_SPEED,-0.25,,,,,,,,,移动速度被降低，持续3秒。,move_speed_reduce,1,,,BUFF_SPEED_1,0,buff.buff_speed_1,,0,,,,,,,
1009007,会员采集加速,1,10,,,,,1002,10,,,,,,,,,,,,,,,,,,,,,1052,1238,10094,0,1,2,2,2,,,,DIG_SPEED,0.1,,,,,,,,,采集速度提高10%。,dig_speed_add,0,,,BUFF_SPEED_1,0,buff.buff_speed_1,,0,,,,,,,
1010001,病毒强化,2,300,,,,,1010,100412|-80,1002,50,1003,100311|500,,,,,,,,,,,,,,,,,1035,,,0,2,1,2,2,,,,MOVE_SPEED,0.5,ATTACK_PUNCH,5,DAMAGED_PUNCH,-0.8,DAMAGED_RANGE,-0.8,DIG_SPEED,1,被病毒感染，获得强大的力量。,damagebuff_wither,1,2,25472,,,,,0,,,,,,,
1011001,近战伤害提升,1,25,,,,,1003,100301|5,,,,,,,,,,,,,,,,,,,,,1016,1582,10980,25,1,1,2,2,,,1,ATTACK_PUNCH,0.05,,,,,,,,,近战伤害提高5%。,attack_punch_add,0,,,BUFF_Demage_puch,0,ent.4503.attack1,,0,,,,,,,
1012001,远程伤害提升,1,25,,,,,1003,100302|5,,,,,,,,,,,,,,,,,,,,,1018,1583,10980,25,1,1,2,2,,,1,ATTACK_RANGE,0.05,,,,,,,,,远程伤害提高5%。,attack_range_add,0,,,BUFF_Demage_range,0,ent.4503.attack1,,0,,,,,,,
1013001,日轮,1,10,,,,,1022,20,,,,,,,,,,,,,,,,,,,,,1056,1581,10981,25,1,1,2,2,,,,DAMAGE_ABSORB,20,,,,,,,,,一个生命值为20点的护盾,"
Hamster_Ball",0,,,BUFF_Strong,0,ent.4502.attack1,,0,,,,,,,
1014001,流血免疫,1,180,,,,,1050,4,,,,,,,,,,,,,,,,,,,,,1105,1580,10090,180,1,1,2,2,,,,,,,,,,,,,,血小板突然变得非常给力！,bleeding_defence,0,,,BUFF_HAMSTER_1,,buff.buff_pop,,,,,,,,,
1015001,警觉,1,5,,,,,1009,10,,,,,,,,,,,,,,,,,,,,,1106,,10081,5,1,1,2,2,,,,,,,,,,,,,,在沙漠里露天睡觉总感觉有什么东西在盯着我，还是搭个帐篷比较好。,watchfulness,0,,,,,,,,,,,,,,
1016001,剧毒,1,5,,,,,1008,10|3|101005,1048,40|1017001,,,,,,,,,,,,,,,,,,,1107,1613,10095,5,1,1,2,2,,,,,,,,,,,,,,会使生物不断失去生命，并在一定时间造成神经麻痹，十分危险。,highly_venom,1,3,25467,,,,,,,,,,,,
1017001,神经麻痹1级,1,1,,,,,1049,,,,,,,,,,,,,,,,,,,,,,1108,1612,,1,1,1,2,2,,,,,,,,,,,,,,麻了，动弹不得……,,1,,,,,,,,,,,,,,
1017002,神经麻痹2级,1,1,,,,,1049,,,,,,,,,,,,,,,,,,,,,,1108,1612,,2,1,1,2,2,,,,,,,,,,,,,,麻了，动弹不得……,,1,,,,,,,,,,,,,,
1017003,雷霆麻痹,1,4,,,,,1049,,1051,,,,,,,,,,,,,,,,,,,,1108,1612,,1,1,1,2,2,,,,,,,,,,,,,,麻了，动弹不得……,,1,,,,,,,,,,,,,,
1018001,蝎毒1级,1,5,,,,,1008,30|1|101005,,,,,,,,,,,,,,,,,,,,,1107,1613,10095,6,1,1,2,2,,,,,,,,,,,,,,蝎子的毒素会越叠越猛，要小心！,damagebuff_poison,1,3,25467,BUFF_POISON_1,0,buff.buff_wither_1,,0,,,,,,,
1018002,蝎毒2级,2,5,,,,,1008,20|1|101005,,,,,,,,,,,,,,,,,,,,,1107,1613,10095,6,1,1,2,2,,,,,,,,,,,,,,蝎子的毒素会越叠越猛，要小心！,damagebuff_poison,1,3,25467,BUFF_POISON_1,0,buff.buff_wither_1,,0,,,,,,,
1018003,蝎毒3级,3,5,,,,,1008,10|1|101005,,,,,,,,,,,,,,,,,,,,,1107,1613,10095,6,1,1,2,2,,,,,,,,,,,,,,蝎子的毒素会越叠越猛，要小心！,damagebuff_poison,1,3,25467,BUFF_POISON_1,0,buff.buff_wither_1,,0,,,,,,,
1018004,蝎毒4级,4,5,,,,,1008,10|2|101005,,,,,,,,,,,,,,,,,,,,,1107,1613,10095,6,1,1,2,2,,,,,,,,,,,,,,蝎子的毒素会越叠越猛，要小心！,damagebuff_poison,1,3,25467,BUFF_POISON_1,0,buff.buff_wither_1,,0,,,,,,,
1018005,蝎毒5级,5,5,,,,,1008,10|3|101005,1048,40|1017001,,,,,,,,,,,,,,,,,,,1107,1613,10095,6,1,1,2,2,,,,,,,,,,,,,,蝎子的毒素会越叠越猛，要小心！,damagebuff_poison,1,3,25467,BUFF_POISON_1,0,buff.buff_wither_1,,0,,,,,,,
1019001,意识丧失,1,3,,,,,1051,,1049,,,,,,,,,,,,,,,,,,,,1109,1436,10086,3,1,1,2,2,,,,,,,,,,,,,,意识逐渐远离……,,1,,,,,,,,,,,,,,
1019002,意识丧失2级,2,5,,,,,1051,,1049,,,,,,,,,,,,,,,,,,,,1109,1436,10086,5,1,1,2,2,,,,,,,,,,,,,,,,,,,,,,,,,,,,,,
1019003,意识丧失3级,2,0.1,,,,,1051,,1049,,,,,,,,,,,,,,,,,,,,1109,1436,10086,5,1,1,2,2,,,,,,,,,,,,,,,,,,,,,,,,,,,,,,
1020001,流血1级,1,4,,,1150,1,1008,10|3|101007,1001,100101|-25,,,,,,,,,,,,,,,,,,,1079,1584,10086,3,1,1,2,2,,,,,,,,,,,,,,啊，止不住了！医生在哪里？！,damagebuff_bleed,1,4,25468,BUFF_POISON_1,,buff.buff_wither_1,,,,,,,,,
1020002,流血2级,2,5,,,1150,1,1008,10|3|101007,1001,100101|-25,,,,,,,,,,,,,,,,,,,1079,1584,10086,3,1,1,2,2,,,,,,,,,,,,,,啊，止不住了！医生在哪里？！,damagebuff_bleed,1,4,25468,BUFF_POISON_1,,buff.buff_wither_1,,,,,,,,,
1020003,流血3级,3,4,,,1150,1,1008,10|4|101007,1001,100101|-25,,,,,,,,,,,,,,,,,,,1079,1584,10086,3,1,1,2,2,,,,,,,,,,,,,,啊，止不住了！医生在哪里？！,damagebuff_bleed,1,4,25468,BUFF_POISON_1,,buff.buff_wither_1,,,,,,,,,
1020004,流血4级,4,5,,,1150,1,1008,10|4|101007,1001,100101|-25,,,,,,,,,,,,,,,,,,,1079,1584,10086,3,1,1,2,2,,,,,,,,,,,,,,啊，止不住了！医生在哪里？！,damagebuff_bleed,1,4,25468,BUFF_POISON_1,,buff.buff_wither_1,,,,,,,,,
1020005,流血5级,5,5,,,1150,1,1008,10|5|101007,1001,100101|-25,,,,,,,,,,,,,,,,,,,1079,1584,10086,3,1,1,2,2,,,,,,,,,,,,,,啊，止不住了！医生在哪里？！,damagebuff_bleed,1,4,25468,BUFF_POISON_1,,buff.buff_wither_1,,,,,,,,,
1021001,突发恶疾,1,5,,,,,1053,,,,,,,,,,,,,,,,,,,,,,1119,1631,,3,1,1,2,1,,,,,,,,,,,,,,突然感觉身体不对劲，无法控制身体…,,1,0,,,,,,,,,,,,,
1022001,荧光棒藻鱼无敌,1,20,,,,,1018,,,,,,,,,,,,,,,,,,,,,,,,,0,1,1,1,2,,,,,,,,,,,,,,处于保护状态，不受任何伤害。,,0,,,,,,,,,,,,,,
1023001,被缠住了……,1,1,,,,,1001,100103|-45,1034,101203|+200,,,,,,,,,,,,,,,,,,,1117,,,1,1,1,2,2,,,,,,,,,,,,,,不能在水草里停留太久，这草全绑在身上了……,,1,0,,,,,,,,,,,,,
1024001,钓鱼,1,999,,,,,,,,,,,,,,,,,,,,,,,,,,,1118,,,0,2,1,2,2,,,,,,,,,,,,,,PC端-按住鼠标右键蓄力抛竿，单击右键提竿；移动端-按住钓鱼键蓄力抛竿，单击钓鱼键提竿；,,0,0,,,,,,,,,,,,,
1025001,海灵守卫全身变！,1,5,,,1151,2,1016,3224|1|0,1054,3224|10|5,1055,3224|10,,,,,,,,,,,,,,,,,1120,1630,10992,60,1,1,2,2,,,,,,,,,,,,,,巴啦啦~海灵守卫，变！,damagebuff_wither,0,2,25472,,0,buff.buff_chicken,3400,1,1,,,,,,
1026001,热泉烫伤,1,1,,,,,1008,10|10|101004,,,,,,,,,,,,,,,,,,,,,1032,,,1,1,1,2,2,,,,,,,,,,,,,,热泉水也太烫了！！,,1,0,25469,,,,,,,,,,,,
1027001,海马坐骑,1,999,,,1152,3,,3415|1|1,,,,,,,,,,,,,,,,,,,,,1122,,10083,0,2,1,2,2,,,,,,,,,,,,,,骑上我的大海马畅游海底~,damagebuff_wither,0,0,,,0,buff.buff_dumpling,,1,1,,,,,,
1028001,海神庇护,1,120,,,1151,3,,,,,,,,,,,,,,,,,,,,,,,1121,,10083,120,2,1,2,2,,,,,,,,,,,,,,受到海神的庇护，降低钓鱼时被海鸥捣乱的概率，降低鲨鱼出现的概率,damagebuff_wither,0,0,25472,,0,buff.buff_dumpling,3415,1,1,,,,,,
1029001,极热,1,,,,1152,3,1034,101201|20,1003,100311|50,1002,50,,,,,,,,,,,,,,,,,4031,,,0,1,1,2,2,,,,,,,,,,,,,,在极热环境下热血沸腾，体力值消耗增加，力量大幅提升,,2,0,,,,,,,,,,,冰原,,
1030001,炎热,1,,,,1152,3,1034,101201|10,1003,100311|25,1002,25,,,,,,,,,,,,,,,,,4030,,,0,1,1,2,2,,,,,,,,,,,,,,在炎热环境下热血沸腾，体力值消耗增加，力量提升,,2,0,,,,,,,,,,,冰原,,
1031001,寒冷,1,,,,1152,3,1034,101201|10,1010,100412|-25,,,,,,,,,,,,,,,,,,,4026,,,0,1,1,2,2,,,,,,,,,,,,,,在寒冷环境下坚如磐石，体力值消耗增加，伤害减免,,2,0,,,,,,,,,,,冰原,,
1032001,极寒,1,,,,1152,3,1034,101201|20,1056,24002|1,1010,100412|-50,,,,,,,,,,,,,,,,,4027,,,0,1,1,2,2,,,,,,,,,,,,,,在极寒环境下坚如磐石，体力值消耗增加，伤害大幅减免,,2,0,,,,,,,,,,,冰原,,
1033001,冻结,1,,,,1150,1,1056,24003|0,1057,,1058,0|0|0,1060,-3,1061,3033|11085,1062,101501|300|250|5|0,1063,100412|80,1049,,1008,10|5|101008,,,,,4029,3032,11084,10,1,1,2,2,,,,,,,,,,,,,,被冻住不能行动，受到一定伤害后解除,,1,6,25473,,,,,1,1,,,,冰原,,
1034001,深度冻结,1,,,,1150,3,1056,24003|0,1057,,1059,3035|12|1,1060,-3,1061,3033|11085,1062,101501|0|0|0|1000,1049,,1018,,,,,,,,4017,3032,11084,0,1,1,2,2,,,,,,,,,,,,,,被冻住不能行动，但是也不会受到伤害，受热后会融化,,1,6,25473,,,,,1,1,,,,冰原,,
1035001,持续改变温度（测试）,1,3,,,,,1064,1|-15|1,,,,,,,,,,,,,,,,,,,,,4016,,,3,1,1,2,2,,,,,,,,,,,,,,,,1,0,,,,,,,,,,,冰原,,
1036001,环境温度改变（测试）,1,3,,,,,1065,100|0,,,,,,,,,,,,,,,,,,,,,1095,,,3,1,1,2,2,,,,,,,,,,,,,,,,0,0,,,,,,,,,,,冰原,,
1037001,冻结2,1,2,,,1150,1,1056,24003|0,1057,,1058,0|0|0,1060,-6,1061,3033|10982,1063,100412|40,1049,,1062,101501|300|150|5|0,,,,,,,4029,,,2,1,1,2,2,,,,,,,,,,,,,,被冻住不能行动，受到一定伤害后解除,freeze,1,6,25473,,,,,,,,,,,,
1037002,冻结3,2,3,,,1150,1,1056,24003|0,1057,,1058,0|0|0,1060,-6,1061,3033|10982,1063,100412|40,1049,,1062,101501|300|100|5|0,,,,,,,4029,,,3,1,1,2,2,,,,,,,,,,,,,,被冻住不能行动，受到一定伤害后解除,freeze,1,6,25473,,,,,,,,,,,,
1038001,冰缓1,1,3,,,1150,1,1064,1|-10|1,1001,100101|-33,,,,,,,,,,,,,,,,,,,4022,1233,,3,1,1,2,2,,,,,,,,,,,,,,寒冷会使你移动缓慢。,IceSlow,1,5,25470,ice_bingwushouji_jineng,,,,,,,,,,,
1038002,冰缓2,2,5,,,1150,1,1064,1|-15|1,1001,100101|-66,,,,,,,,,,,,,,,,,,,4022,1233,,5,1,1,2,2,,,,,,,,,,,,,,寒冷会使你移动缓慢。,IceSlow,1,5,25470,ice_bingwushouji_jineng,,,,,,,,,,,
1038003,冰缓3,3,3,,,1150,1,1064,1|-40|1,1001,100101|-88,,,,,,,,,,,,,,,,,,,4022,1233,,3,1,1,2,2,,,,,,,,,,,,,,寒冷会使你移动缓慢。,IceSlow,1,5,25470,ice_bingwushouji_jineng,,,,,,,,,,,
1039001,抗寒,1,,,,1151,2,1065,30|0,,,,,,,,,,,,,,,,,,,,,4028,1229,10081,180,1,1,2,2,,,,,,,,,,,,,,提升对寒冷的抵抗,damaged_punch_add,0,0,,BUFF_DAMAGED_1,0,buff.buff_damaged_1,,,,,,,冰原,,
1040001,抗热,1,,,,1151,2,1065,-30|0,,,,,,,,,,,,,,,,,,,,,4032,1229,10081,180,1,1,2,2,,,,,,,,,,,,,,提升对炎热的抵抗,damaged_punch_add,0,0,,BUFF_DAMAGED_1,0,buff.buff_damaged_1,,,,,,,冰原,,
1041001,御寒,1,180,,,,,1064,1|1|0,,,,,,,,,,,,,,,,,,,,,4032,,,3,1,1,2,2,,,,,,,,,,,,,,,,0,0,,,,,,,,,,,,,
1042001,耐热,1,180,,,,,1064,1|-100|0,,,,,,,,,,,,,,,,,,,,,4028,,,,,,,,,,,,,,,,,,,,,,,,,,,,,,,,,,,,,
1043001,增加冰伤害（测试）,1,30,,,,,1003,100313|100,,,,,,,,,,,,,,,,,,,,,1055,,,30,1,1,2,2,,,,,,,,,,,,,,增加冰伤害（测试）,,,,,,,,,,,,,,,,
1044001,持续受到冰冻伤害（测试）,1,30,,,,,1008,1|10|101008,,,,,,,,,,,,,,,,,,,,,1055,,,30,1,1,2,2,,,,,,,,,,,,,,持续受到冰冻伤害（测试）,,,,,,,,,,,,,,,,
1045001,增加受到的冰冻伤害（测试）,1,30,,,,,1010,100413|100,,,,,,,,,,,,,,,,,,,,,1055,,,30,1,1,2,2,,,,,,,,,,,,,,增加受到的冰冻伤害（测试）,,,,,,,,,,,,,,,,
1046001,增加冰攻击（测试）,1,30,,,,,1023,100908|10,,,,,,,,,,,,,,,,,,,,,1055,,,30,1,1,2,2,,,,,,,,,,,,,,增加冰攻击（测试）,,,,,,,,,,,,,,,,
1047001,增加冰防御（测试）,1,30,,,,,1026,100508|10,,,,,,,,,,,,,,,,,,,,,1055,,,30,1,1,2,2,,,,,,,,,,,,,,增加冰防御（测试）,,,,,,,,,,,,,,,,
1048001,执行动作时受到冰伤害（测试）,1,30,,,,,1046,101401|10|101008,,,,,,,,,,,,,,,,,,,,,1055,,,30,1,1,2,2,,,,,,,,,,,,,,执行动作时受到冰伤害（测试）,,,,,,,,,,,,,,,,
1049001,陨魔之力,,,,,,,,,,,,,,,,,,,,,,,,,,,,,,,,,,,,,,,,,,,,,,,,,,,,,,,,,,,,,,,,,,
1050001,冰伤1,1,3,,,1150,1,1064,1|-5|1,1001,100101|-25,1008,30|10|101008,,,,,,,,,,,,,,,,,4022,1233,,3,1,1,2,2,,,,,,,,,,,,,,受到了冰属性的攻击，你感到寒冷，移动缓慢,IceSlow,1,5,25470,ice_bingwushouji_jineng,,,,,,,,,,,
1050002,冰伤2,2,3,,,1150,1,1064,1|-5|1,1001,100101|-25,1008,30|15|101008,,,,,,,,,,,,,,,,,4022,1233,,3,1,1,2,2,,,,,,,,,,,,,,受到了冰属性的攻击，你感到寒冷，移动缓慢,IceSlow,1,5,25470,ice_bingwushouji_jineng,,,,,,,,,,,
1050003,冰伤3,3,3,,,1150,1,1064,1|-10|1,1001,100101|-35,1008,30|15|101008,,,,,,,,,,,,,,,,,4022,1233,,3,1,1,2,2,,,,,,,,,,,,,,受到了冰属性的攻击，你感到寒冷，移动缓慢,IceSlow,1,5,25470,ice_bingwushouji_jineng,,,,,,,,,,,
1050004,冰伤4,4,3,,,1150,1,1064,1|-10|1,1001,100101|-35,1008,30|20|101008,,,,,,,,,,,,,,,,,4022,1233,,3,1,1,2,2,,,,,,,,,,,,,,受到了冰属性的攻击，你感到寒冷，移动缓慢,IceSlow,1,5,25470,ice_bingwushouji_jineng,,,,,,,,,,,
1050005,冰伤5,5,3,,,1150,1,1064,1|-15|1,1062,101501|300|80|5|0,1056,24003|0,1057,,1058,0|0|0,1060,-6,1061,3033|10982,1063,100412|150,1049,,1008,30|15|101008,,,4022,1233,,3,1,1,2,2,,,,,,,,,,,,,,受到了冰属性的攻击，你感到寒冷，冻上了！,freeze,1,5,25470,ice_bingwushouji_jineng,,,,,,,,,,,
1051001,自燃,1,,,,1150,1,1008,10|10|101004,1056,24006|0,1060,3,,,,,,,,,,,,,,,,,1032,1232,10668,5,1,1,2,2,,,,,,,,,,,,,,烧起来了，持续受到伤害,,1,1,25469,BUFF_FIRE_1,1,fire.fire,,,,,,,冰原,,
1052001,易伤,1,5,,,,,1010,100401|25,,,,,,,,,,,,,,,,,,,,,,,,,,,,,,,,,,,,,,,,,,,,,,,,,,,,,,,,,,
1053001,法力恢复,1,30,,,1151,2,1086,20|5,,,,,,,,,,,,,,,,,,,,,1001,1234,10087,30,1,1,2,2,,,,,,,,,,,,,,每2秒恢复5点法力值,,0,,,,,,,0,,,,,,,
1054001,法力涌动,1,60,,,1151,2,1087,10|5,,,,,,,,,,,,,,,,,,,,,1001,1238,10094,60,1,1,2,2,,,,,,,,,,,,,,法力值上限提高20%,,0,,,,,,,0,,,,,,,
1055001,法力充盈,1,45,,,1151,2,1088,102501|50,,,,,,,,,,,,,,,,,,,,,1001,1417,10094,45,1,1,2,2,,,,,,,,,,,,,,法力值恢复速度提高50%,,0,,,,,,,0,,,,,,,
1056001,增大法力上限,1,30,,,1151,2,1089,102301|100,,,,,,,,,,,,,,,,,,,,,1001,1234,10087,30,1,1,2,2,,,,,,,,,,,,,,每3秒恢复15%法力值,,0,,,,,,,0,,,,,,,
1057001,降低重力,1,10,,,,,,,,,,,,,,,,,,,,,,,,,,,1058,,,10,1,1,2,2,,,,,,,,,,,,,,,,降低重力,knock,0,,,,,,,,0,,,,1057001
1058001,草精灵倒计时,1,10,,,,,,,,,,,,,,,,,,,,,,,,,,,,,,10,1,1,2,2,,,,,,,,,,,,,,,,草精灵倒计时,,0,,,,,,,,,,,,1058001
1059001,混乱侵蚀,1,3,,,1150,1,1008,10|3|101006,,,,,,,,,,,,,,,,,,,,,1126,3072,20319,3,1,1,2,2,,,,,,,,,,,,,,受到混乱能量的侵蚀，每秒损失3点生命值。,damagebuff_wither,1,0,,,,,,,,,,0,,,
1060001,雪球-无球,1,199980,,,,,,,,,,,,,,,,,,,,,,,,,,,4033,,,0,1,1,2,2,,,,,,,,,,,,,,具有团球操作,,0,,,,,,,,,,,,,,
1060002,雪球-有球,2,199980,,,,,,,,,,,,,,,,,,,,,,,,,,,4034,,,0,1,1,2,2,,,,,,,,,,,,,,具有堆叠、蓄力、脱离操作,,0,,,,,,,,,,,,,,
1061001,免疫控制,1,,,,,,1050,6,1050,2,1047,2253001,,,,,,,,,,,,,,,,,,,,0,1,1,2,2,,,,,,,,,,,,,,免疫冰冻控制效果,,2,0,,,,,,,,,,,冰原,,
1062001,虚空之夜,1,199980,,,1152,3,1005,100201|20,1001,100101|10,,,,,,,,,,,,,,,,,,,1126,3072,,0,1,1,2,2,,,,,,,,,,,,,,被虚空感染了！,,2,0,,,,,,,,,,,,,
1069001,韧性破除（怪物）,1,199980,,,,,1010,100412|20,1049,,,,,,,,,,,,,,,,,,,,1123,1436,10086,3,1,1,2,2,,,,,,,,,,,,,,韧性被破除了，暂时失去行动能力,,2,,,,,,,,,,,,,,
1070001,韧性破除,1,199980,,,,,1010,100412|20,1049,,,,,,,,,,,,,,,,,,,,1123,,,2,1,1,2,2,,,,,,,,,,,,,,韧性被破除了，暂时失去行动能力,,2,,,,,,,,,,,,,,
1071001,防守反击（毒）,1,199980,,,1151,2,1069,1|90|1073001,,,,,,,,,,,,,,,,,,,,,1124,,,0,1,1,2,2,,,,,,,,,,,,,,能使攻击者陷入中毒状态,,0,,,,,,,,,,,,,,
1072001,胃口大开,1,300,,,,,1070,101701|101801|30,,,,,,,,,,,,,,,,,,,700,,1125,,,300,1,1,2,2,,,,,,,,,,,,,,昨晚睡得香，今早胃口棒！,,0,,,,,,,,,,,,,,
1073001,防反蝎毒1级,1,5,,,1150,1,1008,10|1|101005,,,,,,,,,,,,,,,,,,,,,1107,1613,10095,5,1,1,2,2,,,,,,,,,,,,,,蝎子的毒素会越叠越猛，要小心！,damagebuff_poison,1,3,25467,BUFF_POISON_1,0,buff.buff_wither_1,,0,,,,,,,
1073002,防反蝎毒2级,2,5,,,1150,1,1008,10|2|101005,,,,,,,,,,,,,,,,,,,,,1107,1613,10095,5,1,1,2,2,,,,,,,,,,,,,,蝎子的毒素会越叠越猛，要小心！,damagebuff_poison,1,3,25467,BUFF_POISON_1,0,buff.buff_wither_1,,0,,,,,,,
1073003,防反蝎毒3级,3,5,,,1150,1,1008,10|3|101005,,,,,,,,,,,,,,,,,,,,,1107,1613,10095,5,1,1,2,2,,,,,,,,,,,,,,蝎子的毒素会越叠越猛，要小心！,damagebuff_poison,1,3,25467,BUFF_POISON_1,0,buff.buff_wither_1,,0,,,,,,,
1073004,防反蝎毒4级,4,5,,,1150,1,1008,10|4|101005,,,,,,,,,,,,,,,,,,,,,1107,1613,10095,5,1,1,2,2,,,,,,,,,,,,,,蝎子的毒素会越叠越猛，要小心！,damagebuff_poison,1,3,25467,BUFF_POISON_1,0,buff.buff_wither_1,,0,,,,,,,
1073005,防反蝎毒5级,5,5,,,1150,1,1008,10|5|101005,1048,30|1017001,,,,,,,,,,,,,,,,,,,1107,1613,10095,5,1,1,2,2,,,,,,,,,,,,,,蝎子的毒素会越叠越猛，要小心！,damagebuff_poison,1,3,25467,BUFF_POISON_1,0,buff.buff_wither_1,,0,,,,,,,
1074001,点燃1级,1,4,1,DamageBuff,1150,1,1008,10|3|101007,,,,,,,,,,,,,,,,,,,,,1032,1232,10668,4,1,1,2,2,,,1,SCRIPT_VAR,3,SCRIPT_VAR,5,,,,,,,每1秒造成3点伤害。,damagebuff_fire,1,1,25469,BUFF_FIRE_1,1,fire.fire,,0,,,,,属性值1是伤害类型，属性值2是伤害点数,,
1074002,点燃2级,2,5,1,DamageBuff,1150,1,1008,10|4|101007,,,,,,,,,,,,,,,,,,,,,1032,1232,10668,4,1,1,2,2,,,1,SCRIPT_VAR,3,SCRIPT_VAR,5,,,,,,,每1秒造成5点伤害。,damagebuff_fire,1,1,25469,BUFF_FIRE_1,1,fire.fire,,0,,,,,属性值1是伤害类型，属性值2是伤害点数,,
1074003,点燃3级,3,5,1,DamageBuff,1150,1,1008,10|5|101007,,,,,,,,,,,,,,,,,,,,,1032,1232,10668,4,1,1,2,2,,,1,SCRIPT_VAR,3,SCRIPT_VAR,10,,,,,,,每1秒造成10点伤害。,damagebuff_fire,1,1,25469,BUFF_FIRE_1,1,fire.fire,,0,,,,,,,
1075001,免疫变身,1,,,,,,1050,2,,,,,,,,,,,,,,,,,,,,,,,,0,1,1,2,2,,,,,,,,,,,,,,免疫冰冻控制效果,,2,0,,,,,,,,,,,boss免疫变身,,
1076001,着火,1,3,1,DamageBuff,1150,1,1008,10|8|101004,,,,,,,,,,,,,,,,,,,,,1032,1232,10668,3,1,1,2,2,,,1,SCRIPT_VAR,3,SCRIPT_VAR,5,,,,,,,每1秒造成5点伤害。,damagebuff_fire,1,1,25469,BUFF_FIRE_1,1,fire.fire,,0,,,,,属性值1是伤害类型，属性值2是伤害点数,,
1077001,彩虹之力,1,60,,,1151,,1001,100101|100,,,,,,,,,,,,,,,,,,,,,1067,3204,10094,60,1,1,2,2,,,1,MOVE_SPEED,1,,,,,,,,,受到彩虹之力的祝福，移动速度提升100%。,move_speed_add,0,,,Milk_rainbow,0,buff.buff_speed_1,,0,,,,,,,
1078001,免疫混乱侵蚀,1,199980,,,,,1047,1059001,,,,,,,,,,,,,,,,,,,,,,,,0,1,1,2,2,,,,,,,,,,,,,,免疫混乱侵蚀效果,,2,0,,,,,,,,,,,,,
1081001,枪械攻击提升（长时间）,1,199980,,,,,1073,102101|15,,,,,,,,,,,,,,,,,,,,,1083,,,0,,,,,,,,,,,,,,,,,,枪械伤害提升,sta_growthrate,0,0,,,,,,,,,,,,,
1081002,枪械攻击提升（长时间）,2,199980,,,,,1073,102101|25,,,,,,,,,,,,,,,,,,,,,1083,,,0,,,,,,,,,,,,,,,,,,,sta_growthrate,,,,,,,,,,,,,,,
1081003,枪械攻击提升（长时间）,3,199980,,,,,1073,102101|35,,,,,,,,,,,,,,,,,,,,,1083,,,0,,,,,,,,,,,,,,,,,,,sta_growthrate,,,,,,,,,,,,,,,
1081004,枪械攻击提升（长时间）,4,199980,,,,,1073,102101|50,,,,,,,,,,,,,,,,,,,,,1083,,,0,,,,,,,,,,,,,,,,,,,sta_growthrate,,,,,,,,,,,,,,,
1082001,后坐力降低（长时间）,1,199980,,,,,1073,102104|-5,,,,,,,,,,,,,,,,,,,,,1083,,,0,,,,,,,,,,,,,,,,,,,sta_growthrate,,,,,,,,,,,,,,,
1082002,后坐力降低（长时间）,2,199980,,,,,1073,102104|-10,,,,,,,,,,,,,,,,,,,,,1083,,,0,,,,,,,,,,,,,,,,,,,sta_growthrate,,,,,,,,,,,,,,,
1082003,后坐力降低（长时间）,3,199980,,,,,1073,102104|-15,,,,,,,,,,,,,,,,,,,,,1083,,,0,,,,,,,,,,,,,,,,,,,sta_growthrate,,,,,,,,,,,,,,,
1082004,后坐力降低（长时间）,4,199980,,,,,1073,102104|-20,,,,,,,,,,,,,,,,,,,,,1083,,,0,,,,,,,,,,,,,,,,,,,sta_growthrate,,,,,,,,,,,,,,,
1083001,换弹速度提升（长时间）,1,199980,,,,,1073,102103|5,,,,,,,,,,,,,,,,,,,,,1083,,,0,,,,,,,,,,,,,,,,,,,sta_growthrate,,,,,,,,,,,,,,,
1083002,换弹速度提升（长时间）,2,199980,,,,,1073,102103|10,,,,,,,,,,,,,,,,,,,,,1083,,,0,,,,,,,,,,,,,,,,,,,sta_growthrate,,,,,,,,,,,,,,,
1083003,换弹速度提升（长时间）,3,199980,,,,,1073,102103|15,,,,,,,,,,,,,,,,,,,,,1083,,,0,,,,,,,,,,,,,,,,,,,sta_growthrate,,,,,,,,,,,,,,,
1083004,换弹速度提升（长时间）,4,199980,,,,,1073,102103|20,,,,,,,,,,,,,,,,,,,,,1083,,,0,,,,,,,,,,,,,,,,,,,sta_growthrate,,,,,,,,,,,,,,,
1088001,射速提升（短时间）,1,3,,,,,1073,102114|1,,,,,,,,,,,,,,,,,,,,,1083,,,3,,,,,,,,,,,,,,,,,,,sta_growthrate,,,,,,,,,,,,,,,
1088002,射速提升（短时间）,2,3,,,,,1073,102114|2,,,,,,,,,,,,,,,,,,,,,1083,,,3,,,,,,,,,,,,,,,,,,,sta_growthrate,,,,,,,,,,,,,,,
1088003,射速提升（短时间）,3,3,,,,,1073,102114|3,,,,,,,,,,,,,,,,,,,,,1083,,,3,,,,,,,,,,,,,,,,,,,sta_growthrate,,,,,,,,,,,,,,,
1088004,射速提升（短时间）,4,3,,,,,1073,102114|4,,,,,,,,,,,,,,,,,,,,,1083,,,3,,,,,,,,,,,,,,,,,,,sta_growthrate,,,,,,,,,,,,,,,
1088005,射速提升（短时间）,5,3,,,,,1073,102114|5,,,,,,,,,,,,,,,,,,,,,1083,,,3,,,,,,,,,,,,,,,,,,,sta_growthrate,,,,,,,,,,,,,,,
1088006,射速提升（短时间）,6,3,,,,,1073,102114|6,,,,,,,,,,,,,,,,,,,,,1083,,,3,,,,,,,,,,,,,,,,,,,sta_growthrate,,,,,,,,,,,,,,,
1089001,恢复血量（瞬间）,1,1,,,,,1043,10|15,,,,,,,,,,,,,,,,,,,,,1083,,,1,,,,,,,,,,,,,,,,,,,sta_growthrate,,,,,,,,,,,,,,,
1089002,恢复血量（瞬间）,2,1,,,,,1043,10|20,,,,,,,,,,,,,,,,,,,,,1083,,,1,,,,,,,,,,,,,,,,,,,sta_growthrate,,,,,,,,,,,,,,,
1089003,恢复血量（瞬间）,3,1,,,,,1043,10|30,,,,,,,,,,,,,,,,,,,,,1083,,,1,,,,,,,,,,,,,,,,,,,sta_growthrate,,,,,,,,,,,,,,,
1089004,恢复血量（瞬间）,4,1,,,,,1043,10|50,,,,,,,,,,,,,,,,,,,,,1083,,,1,,,,,,,,,,,,,,,,,,,sta_growthrate,,,,,,,,,,,,,,,
1089005,恢复血量（瞬间）,5,1,,,,,1043,10|100,,,,,,,,,,,,,,,,,,,,,1083,,,1,,,,,,,,,,,,,,,,,,,sta_growthrate,,,,,,,,,,,,,,,
1089006,恢复血量（瞬间）,6,1,,,,,1043,10|150,,,,,,,,,,,,,,,,,,,,,1083,,,1,,,,,,,,,,,,,,,,,,,sta_growthrate,,,,,,,,,,,,,,,
1089007,恢复血量（瞬间）,7,1,,,,,1043,10|200,,,,,,,,,,,,,,,,,,,,,1083,,,1,,,,,,,,,,,,,,,,,,,sta_growthrate,,,,,,,,,,,,,,,
1089008,恢复血量（瞬间）,8,1,,,,,1043,10|10,,,,,,,,,,,,,,,,,,,,,1083,,,1,,,,,,,,,,,,,,,,,,,sta_growthrate,,,,,,,,,,,,,,,
1089009,恢复血量（瞬间）,9,1,,,,,1043,10|15,,,,,,,,,,,,,,,,,,,,,1083,,,1,,,,,,,,,,,,,,,,,,,sta_growthrate,,,,,,,,,,,,,,,
1089010,恢复血量（瞬间）,10,1,,,,,1043,10|20,,,,,,,,,,,,,,,,,,,,,1083,,,1,,,,,,,,,,,,,,,,,,,sta_growthrate,,,,,,,,,,,,,,,
1089011,恢复血量（瞬间）,11,1,,,,,1043,10|30,,,,,,,,,,,,,,,,,,,,,1083,,,1,,,,,,,,,,,,,,,,,,,sta_growthrate,,,,,,,,,,,,,,,
1090001,爆头倍率增加（短时间）,1,3,,,,,1073,102112|5,,,,,,,,,,,,,,,,,,,,,1083,,,3,,,,,,,,,,,,,,,,,,,sta_growthrate,,,,,,,,,,,,,,,
1090002,爆头倍率增加（短时间）,2,3,,,,,1073,102112|10,,,,,,,,,,,,,,,,,,,,,1083,,,3,,,,,,,,,,,,,,,,,,,sta_growthrate,,,,,,,,,,,,,,,
1090003,爆头倍率增加（短时间）,3,3,,,,,1073,102112|15,,,,,,,,,,,,,,,,,,,,,1083,,,3,,,,,,,,,,,,,,,,,,,sta_growthrate,,,,,,,,,,,,,,,
1090004,爆头倍率增加（短时间）,4,3,,,,,1073,102112|20,,,,,,,,,,,,,,,,,,,,,1083,,,3,,,,,,,,,,,,,,,,,,,sta_growthrate,,,,,,,,,,,,,,,
1091001,移动速度增加（短时间）,1,3,,,,,1001,100101|5,,,,,,,,,,,,,,,,,,,,,1083,,,3,,,,,,,,,,,,,,,,,,,sta_growthrate,,,,,,,,,,,,,,,
1091002,移动速度增加（短时间）,2,3,,,,,1001,100101|8,,,,,,,,,,,,,,,,,,,,,1083,,,3,,,,,,,,,,,,,,,,,,,sta_growthrate,,,,,,,,,,,,,,,
1091003,移动速度增加（短时间）,3,3,,,,,1001,100101|12,,,,,,,,,,,,,,,,,,,,,1083,,,3,,,,,,,,,,,,,,,,,,,sta_growthrate,,,,,,,,,,,,,,,
1091004,移动速度增加（短时间）,4,3,,,,,1001,100101|15,,,,,,,,,,,,,,,,,,,,,1083,,,3,,,,,,,,,,,,,,,,,,,sta_growthrate,,,,,,,,,,,,,,,
1092001,double！,1,199980,,,,,1072,102004|1,1072,102003|1,1073,102101|-35,,,,,,,,,,,,,,,,,1083,,,0,1,2,2,2,,,,,,,,,,,,,,,,,,,,,,,,,,,1,,,
1093001,射速提升（长时间）,1,199980,,,,,1073,102114|2,,,,,,,,,,,,,,,,,,,,,1083,,,5,1,2,2,2,,,,,,,,,,,,,,,sta_growthrate,,,,,,,,,,,,1,,,
1093002,射速提升（长时间）,2,199980,,,,,1073,102114|4,,,,,,,,,,,,,,,,,,,,,1083,,,5,1,2,2,2,,,,,,,,,,,,,,,sta_growthrate,,,,,,,,,,,,1,,,
1093003,射速提升（长时间）,3,199980,,,,,1073,102114|6,,,,,,,,,,,,,,,,,,,,,1083,,,5,1,2,2,2,,,,,,,,,,,,,,,sta_growthrate,,,,,,,,,,,,1,,,
1093004,射速提升（长时间）,4,199980,,,,,1073,102114|8,,,,,,,,,,,,,,,,,,,,,1083,,,5,1,2,2,2,,,,,,,,,,,,,,,sta_growthrate,,,,,,,,,,,,1,,,
1093005,射速提升（长时间）,5,199980,,,,,1073,102114|10,,,,,,,,,,,,,,,,,,,,,1083,,,5,1,2,2,2,,,,,,,,,,,,,,,sta_growthrate,,,,,,,,,,,,1,,,
1095001,激光伤害,1,1,,,,,1077,5|-10|1,1056,24006|0,,,,,,,,,,,,,,,,,,,,,,1,1,1,2,2,,,,,,,,,,,,,,,,,,,,,,,,,,,1,,,
1095002,小丑伤害,1,1,,,,,1077,1|-40|1,1056,24006|0,,,,,,,,,,,,,,,,,,,,,,1,1,1,2,2,,,,,,,,,,,,,,,,,,,,,,,,,,,1,,,
1095003,毒雾伤害,1,1,,,,,1077,5|-5|1,1056,24006|0,,,,,,,,,,,,,,,,,,,,,,1,1,1,2,2,,,,,,,,,,,,,,,,,,,,,,,,,,,1,,,
1095004,地勤点名,1,1,,,,,1077,2|-10|1,1056,24006|0,,,,,,,,,,,,,,,,,,,,,,1,1,1,2,2,,,,,,,,,,,,,,,,,,,,,,,,,,,1,,,
1095005,地勤禁止,1,1,,,,,1077,1|-10|1,1056,24006|0,,,,,,,,,,,,,,,,,,,,,,1,1,1,2,2,,,,,,,,,,,,,,,,,,,,,,,,,,,1,,,
1095006,地勤增益,1,1,,,,,1001,100101|75,,,,,,,,,,,,,,,,,,,,,1067,1238,10094,600,1,1,2,2,,,1,MOVE_SPEED,0.75,,,,,,,,,基础速度提高75%。,move_speed_add,0,,,BUFF_SPEED_1,0,buff.buff_speed_1,,0,,,,1,,,
1101001,枪械攻击提升（短时间）,1,3,,,,,1073,102101|15,,,,,,,,,,,,,,,,,,,,,1083,,,3,,,,,,,,,,,,,,,,,,,sta_growthrate,,,,,,,,,,,,,,,
1101002,枪械攻击提升（短时间）,2,3,,,,,1073,102101|30,,,,,,,,,,,,,,,,,,,,,1083,,,3,,,,,,,,,,,,,,,,,,,sta_growthrate,,,,,,,,,,,,,,,
1101003,枪械攻击提升（短时间）,3,3,,,,,1073,102101|50,,,,,,,,,,,,,,,,,,,,,1083,,,3,,,,,,,,,,,,,,,,,,,sta_growthrate,,,,,,,,,,,,,,,
1101004,枪械攻击提升（短时间）,4,3,,,,,1073,102101|70,,,,,,,,,,,,,,,,,,,,,1083,,,3,,,,,,,,,,,,,,,,,,,sta_growthrate,,,,,,,,,,,,,,,
1102001,换弹速度提升（短时间）,1,3,,,,,1073,102103|5,,,,,,,,,,,,,,,,,,,,,1083,,,3,,,,,,,,,,,,,,,,,,,sta_growthrate,,,,,,,,,,,,,,,
1102002,换弹速度提升（短时间）,2,3,,,,,1073,102103|10,,,,,,,,,,,,,,,,,,,,,1083,,,3,,,,,,,,,,,,,,,,,,,sta_growthrate,,,,,,,,,,,,,,,
1102003,换弹速度提升（短时间）,3,3,,,,,1073,102103|15,,,,,,,,,,,,,,,,,,,,,1083,,,3,,,,,,,,,,,,,,,,,,,sta_growthrate,,,,,,,,,,,,,,,
1102004,换弹速度提升（短时间）,4,3,,,,,1073,102103|20,,,,,,,,,,,,,,,,,,,,,1083,,,3,,,,,,,,,,,,,,,,,,,sta_growthrate,,,,,,,,,,,,,,,
1103001,后坐力降低（短时间）,1,3,,,,,1073,102104|-5,,,,,,,,,,,,,,,,,,,,,1083,,,3,,,,,,,,,,,,,,,,,,,sta_growthrate,,,,,,,,,,,,,,,
1103002,后坐力降低（短时间）,2,3,,,,,1073,102104|-10,,,,,,,,,,,,,,,,,,,,,1083,,,3,,,,,,,,,,,,,,,,,,,sta_growthrate,,,,,,,,,,,,,,,
1103003,后坐力降低（短时间）,3,3,,,,,1073,102104|-15,,,,,,,,,,,,,,,,,,,,,1083,,,3,,,,,,,,,,,,,,,,,,,sta_growthrate,,,,,,,,,,,,,,,
1103004,后坐力降低（短时间）,4,3,,,,,1073,102104|-20,,,,,,,,,,,,,,,,,,,,,1083,,,3,,,,,,,,,,,,,,,,,,,sta_growthrate,,,,,,,,,,,,,,,
1110001,枪械伤害提升（短时间）,1,2,,,,,1073,102101|5,,,,,,,,,,,,,,,,,,,,,1083,,,2,,,,,,,,,,,,,,,,,,,sta_growthrate,,,,,,,,,,,,,,,
1110002,枪械伤害提升（短时间）,2,2,,,,,1073,102101|10,,,,,,,,,,,,,,,,,,,,,1083,,,2,,,,,,,,,,,,,,,,,,,sta_growthrate,,,,,,,,,,,,,,,
1110003,枪械伤害提升（短时间）,3,2,,,,,1073,102101|15,,,,,,,,,,,,,,,,,,,,,1083,,,2,,,,,,,,,,,,,,,,,,,sta_growthrate,,,,,,,,,,,,,,,
1110004,枪械伤害提升（短时间）,4,2,,,,,1073,102101|20,,,,,,,,,,,,,,,,,,,,,1083,,,2,,,,,,,,,,,,,,,,,,,sta_growthrate,,,,,,,,,,,,,,,
1110005,枪械伤害提升（短时间）,5,2,,,,,1073,102101|25,,,,,,,,,,,,,,,,,,,,,1083,,,2,,,,,,,,,,,,,,,,,,,sta_growthrate,,,,,,,,,,,,,,,
1110006,枪械伤害提升（短时间）,6,2,,,,,1073,102101|30,,,,,,,,,,,,,,,,,,,,,1083,,,2,,,,,,,,,,,,,,,,,,,sta_growthrate,,,,,,,,,,,,,,,
1110007,枪械伤害提升（短时间）,7,2,,,,,1073,102101|35,,,,,,,,,,,,,,,,,,,,,1083,,,2,,,,,,,,,,,,,,,,,,,,,,,,,,,,,,,,,,
1110008,枪械伤害提升（短时间）,8,2,,,,,1073,102101|40,,,,,,,,,,,,,,,,,,,,,1083,,,2,,,,,,,,,,,,,,,,,,,,,,,,,,,,,,,,,,
1110009,枪械伤害提升（短时间）,9,2,,,,,1073,102101|45,,,,,,,,,,,,,,,,,,,,,1083,,,2,,,,,,,,,,,,,,,,,,,,,,,,,,,,,,,,,,
1110010,枪械伤害提升（短时间）,10,2,,,,,1073,102101|50,,,,,,,,,,,,,,,,,,,,,1083,,,2,,,,,,,,,,,,,,,,,,,,,,,,,,,,,,,,,,
1111001,后坐力降低（短时间）,1,2,,,,,1073,102104|-5,,,,,,,,,,,,,,,,,,,,,1083,,,2,,,,,,,,,,,,,,,,,,,sta_growthrate,,,,,,,,,,,,,,,
1111002,后坐力降低（短时间）,2,2,,,,,1073,102104|-10,,,,,,,,,,,,,,,,,,,,,1083,,,2,,,,,,,,,,,,,,,,,,,sta_growthrate,,,,,,,,,,,,,,,
1111003,后坐力降低（短时间）,3,2,,,,,1073,102104|-15,,,,,,,,,,,,,,,,,,,,,1083,,,2,,,,,,,,,,,,,,,,,,,sta_growthrate,,,,,,,,,,,,,,,
1111004,后坐力降低（短时间）,4,2,,,,,1073,102104|-20,,,,,,,,,,,,,,,,,,,,,1083,,,2,,,,,,,,,,,,,,,,,,,sta_growthrate,,,,,,,,,,,,,,,
1111005,后坐力降低（短时间）,5,2,,,,,1073,102104|-25,,,,,,,,,,,,,,,,,,,,,1083,,,2,,,,,,,,,,,,,,,,,,,sta_growthrate,,,,,,,,,,,,,,,
1111006,后坐力降低（短时间）,6,2,,,,,1073,102104|-30,,,,,,,,,,,,,,,,,,,,,1083,,,2,,,,,,,,,,,,,,,,,,,sta_growthrate,,,,,,,,,,,,,,,
1111007,后坐力降低（短时间）,7,2,,,,,1073,102104|-35,,,,,,,,,,,,,,,,,,,,,1083,,,2,,,,,,,,,,,,,,,,,,,sta_growthrate,,,,,,,,,,,,,,,
1111008,后坐力降低（短时间）,8,2,,,,,1073,102104|-40,,,,,,,,,,,,,,,,,,,,,1083,,,2,,,,,,,,,,,,,,,,,,,sta_growthrate,,,,,,,,,,,,,,,
1111009,后坐力降低（短时间）,9,2,,,,,1073,102104|-45,,,,,,,,,,,,,,,,,,,,,1083,,,2,,,,,,,,,,,,,,,,,,,sta_growthrate,,,,,,,,,,,,,,,
1111010,后坐力降低（短时间）,10,2,,,,,1073,102104|-50,,,,,,,,,,,,,,,,,,,,,1083,,,2,,,,,,,,,,,,,,,,,,,sta_growthrate,,,,,,,,,,,,,,,
1112001,换弹速度提升（短时间）,1,2,,,,,1073,102103|5,,,,,,,,,,,,,,,,,,,,,1083,,,2,,,,,,,,,,,,,,,,,,,sta_growthrate,,,,,,,,,,,,,,,
1112002,换弹速度提升（短时间）,2,2,,,,,1073,102103|10,,,,,,,,,,,,,,,,,,,,,1083,,,2,,,,,,,,,,,,,,,,,,,sta_growthrate,,,,,,,,,,,,,,,
1112003,换弹速度提升（短时间）,3,2,,,,,1073,102103|15,,,,,,,,,,,,,,,,,,,,,1083,,,2,,,,,,,,,,,,,,,,,,,sta_growthrate,,,,,,,,,,,,,,,
1112004,换弹速度提升（短时间）,4,2,,,,,1073,102103|20,,,,,,,,,,,,,,,,,,,,,1083,,,2,,,,,,,,,,,,,,,,,,,sta_growthrate,,,,,,,,,,,,,,,
1112005,换弹速度提升（短时间）,5,2,,,,,1073,102103|25,,,,,,,,,,,,,,,,,,,,,1083,,,2,,,,,,,,,,,,,,,,,,,sta_growthrate,,,,,,,,,,,,,,,
1112006,换弹速度提升（短时间）,6,2,,,,,1073,102103|30,,,,,,,,,,,,,,,,,,,,,1083,,,2,,,,,,,,,,,,,,,,,,,sta_growthrate,,,,,,,,,,,,,,,
1112007,换弹速度提升（短时间）,7,2,,,,,1073,102103|35,,,,,,,,,,,,,,,,,,,,,1083,,,2,,,,,,,,,,,,,,,,,,,sta_growthrate,,,,,,,,,,,,,,,
1112008,换弹速度提升（短时间）,8,2,,,,,1073,102103|40,,,,,,,,,,,,,,,,,,,,,1083,,,2,,,,,,,,,,,,,,,,,,,sta_growthrate,,,,,,,,,,,,,,,
1112009,换弹速度提升（短时间）,9,2,,,,,1073,102103|45,,,,,,,,,,,,,,,,,,,,,1083,,,2,,,,,,,,,,,,,,,,,,,sta_growthrate,,,,,,,,,,,,,,,
1112010,换弹速度提升（短时间）,10,2,,,,,1073,102103|50,,,,,,,,,,,,,,,,,,,,,1083,,,2,,,,,,,,,,,,,,,,,,,sta_growthrate,,,,,,,,,,,,,,,
1200001,尸潮,1,199980,,,,,,,,,,,,,,,,,,,,,,,,,,,1083,1236,,0,1,1,2,2,,,,,,,,,,,,,,,,2,,,,,,,,,,,,,,
2000001,泡泡睡眠1级,1,10,,DamageBuff,1150,1,1020,,,,,,,,,,,,,,,,,,,,,,1028,1590,10081,10,1,1,2,2,,,1,SCRIPT_VAR,5,SCRIPT_VAR,15,,,,,,,陷入沉睡,clasp,1,,,BUFF_DIZZY,,,,0,,,,,,,
2001001,冰冻,1,199980,,,,,1001,100101|-33,,,,,,,,,,,,,,,,,,,,,1055,1233,10086,0,1,1,2,2,,,,MOVE_SPEED,-0.33,,,,,,,,,寒冷会使你移动缓慢。,IceSlow,1,,,BUFF_FREEZE,,buff.buff_freeze,,0,,,,,,,
2002001,冰冻,1,15,,,,,1001,100101|-100,,,,,,,,,,,,,,,,,,,,,1055,1233,10086,15,1,1,2,2,,,,MOVE_SPEED,-1,,,,,,,,,寒冷会使你移动缓慢。,IceSlow,1,,,BUFF_FREEZE,,buff.buff_freeze,,0,,,,,,,
2003001,冰冻,1,15,,,,,1051,100101|-100,,,,,,,,,,,,,,,,,,,,,1055,1233,10086,15,1,1,2,2,,,,MOVE_SPEED,-1,,,,,,,,,寒冷会使你移动缓慢。,IceSlow,1,,,BUFF_FREEZE,,buff.buff_freeze,,0,,,,,,,
2002002,疾跑,1,199980,,,1151,2,1001,100101|20,,,,,,,,,,,,,,,,,,,,,1067,1238,10094,0,1,1,2,2,,,1,MOVE_SPEED,0.2,,,,,,,,,基础速度提高20%。,move_speed_add,0,,,BUFF_SPEED_1,0,buff.buff_speed_1,,0,,,,,,,
2004001,海的女儿,1,199980,,,1151,2,1021,100801|10|10,,,,,,,,,,,,,,,,,,,,,1074,,10081,0,1,1,2,2,,,1,OXYGEN_SUPPLY,1,,,,,,,,,天赋：拥有水下呼吸能力！,swim_speed_add,0,,,,,,,0,,,,,,,
2005001,疯狂挖掘,1,199980,,,,,1002,50,,,,,,,,,,,,,,,,,,,,,1052,1238,10094,0,1,1,2,2,,,,DIG_SPEED,0.5,,,,,,,,,挖掘速度提高50%。,dig_speed_add,0,,,BUFF_SPEED_1,0,buff.buff_speed_1,,0,,,,,,,
2006001,强力攻击1级,1,199980,,,1151,2,1003,100301|1,,,,,,,,,,,,,,,,,,,,,1016,1224,10078,0,1,1,2,2,,,1,ATTACK_PUNCH,0.1,,,,,,,,,近战伤害提高1%。,attack_punch_add,0,,,,0,buff.buff_attack_1,,0,,,,,,,
2006002,强力攻击2级,2,199980,,,1151,2,1003,100301|2,,,,,,,,,,,,,,,,,,,,,1016,1224,10078,0,1,1,2,2,,,1,ATTACK_PUNCH,0.2,,,,,,,,,近战伤害提高2%。,attack_punch_add,0,,,,0,buff.buff_attack_1,,0,,,,,,,
2006003,强力攻击3级,3,199980,,,1151,2,1003,100301|3,,,,,,,,,,,,,,,,,,,,,1016,1224,10078,0,1,1,2,2,,,1,ATTACK_PUNCH,0.3,,,,,,,,,近战伤害提高3%。,attack_punch_add,0,,,,0,buff.buff_attack_1,,0,,,,,,,
2006004,强力攻击4级,4,199980,,,1151,2,1003,100301|4,,,,,,,,,,,,,,,,,,,,,1016,1224,10078,0,1,1,2,2,,,1,ATTACK_PUNCH,0.4,,,,,,,,,近战伤害提高4%。,attack_punch_add,0,,,,0,buff.buff_attack_1,,0,,,,,,,
2006005,强力攻击5级,5,199980,,,1151,2,1003,100301|5,,,,,,,,,,,,,,,,,,,,,1016,1224,10078,0,1,1,2,2,,,1,ATTACK_PUNCH,0.5,,,,,,,,,近战伤害提高5%。,attack_punch_add,0,,,,0,buff.buff_attack_1,,0,,,,,,,
2007001,强力射击1级,1,199980,,,1151,2,1003,100302|1,,,,,,,,,,,,,,,,,,,,,1018,1224,10078,0,1,1,2,2,,,1,ATTACK_RANGE,0.1,,,,,,,,,远程伤害提高1%。,attack_range_add,0,,,,0,buff.buff_attack_1,,0,,,,,,,
2007002,强力射击2级,2,199980,,,1151,2,1003,100302|2,,,,,,,,,,,,,,,,,,,,,1018,1224,10078,0,1,1,2,2,,,1,ATTACK_RANGE,0.2,,,,,,,,,远程伤害提高2%。,attack_range_add,0,,,,0,buff.buff_attack_1,,0,,,,,,,
2007003,强力射击3级,3,199980,,,1151,2,1003,100302|3,,,,,,,,,,,,,,,,,,,,,1018,1224,10078,0,1,1,2,2,,,1,ATTACK_RANGE,0.3,,,,,,,,,远程伤害提高3%。,attack_range_add,0,,,,0,buff.buff_attack_1,,0,,,,,,,
2007004,强力射击4级,4,199980,,,1151,2,1003,100302|4,,,,,,,,,,,,,,,,,,,,,1018,1224,10078,0,1,1,2,2,,,1,ATTACK_RANGE,0.4,,,,,,,,,远程伤害提高4%。,attack_range_add,0,,,,0,buff.buff_attack_1,,0,,,,,,,
2007005,强力射击5级,5,199980,,,1151,2,1003,100302|5,,,,,,,,,,,,,,,,,,,,,1018,1224,10078,0,1,1,2,2,,,1,ATTACK_RANGE,0.5,,,,,,,,,远程伤害提高5%。,attack_range_add,0,,,,0,buff.buff_attack_1,,0,,,,,,,
2008001,温暖小熊,1,20,,,,,1065,30|0,,,,,,,,,,,,,,,,,,,,,4028,1229,10081,20,1,1,2,2,,,,,,,,,,,,,,提升对寒冷的抵抗,damaged_punch_add,0,0,,BUFF_DAMAGED_1,0,buff.buff_damaged_1,,,,,,,冰原,,
2009001,忍冬,1,199980,,,,2,1065,30|0,,,,,,,,,,,,,,,,,,,,,4028,,,0,1,1,2,2,,,,,,,,,,,,,,天赋：唤醒被封印的灵力，对寒冷的抵抗力提升了！,damaged_punch_add,0,0,,BUFF_DAMAGED_1,0,buff.buff_damaged_1,,,,,,,冰原,,
2010001,生命恢复1级,1,10,1,AddHPBuff,1151,2,1007,10|1,,,,,,,,,,,,,,,,,,,,,1001,1234,10087,10,1,1,2,2,,,1,SCRIPT_VAR,1,,,,,,,,,10秒内恢复10点生命值。,addhpbuff_add,0,,,,0,buff.buff_hp_1,,0,,,,,,,
2010002,生命恢复2级,1,10,1,AddHPBuff,1151,2,1007,10|2,,,,,,,,,,,,,,,,,,,,,1001,1234,10087,10,1,1,2,2,,,1,SCRIPT_VAR,2,,,,,,,,,10秒内恢复20点生命值。,addhpbuff_add,0,,,,0,buff.buff_hp_1,,0,,,,,,,
2011001,眩晕1级,1,10,,,,,1051,,1049,,,,,,,,,,,,,,,,,,,,1109,1436,10086,10,1,1,2,2,,,,,,,,,,,,,,被眩晕了，暂时失去行动能力。,,1,,,,,,,,,,,,,,
2012001,护盾,1,10,,,,,1022,20,,,,,,,,,,,,,,,,,,,,,1056,1581,10981,10,1,1,2,2,,,,DAMAGE_ABSORB,20,,,,,,,,,一个生命值为20点的护盾,"
Hamster_Ball",0,,,BUFF_Strong,0,ent.4502.attack1,,0,,,,,,,
2012002,护盾,1,10,,,,,1022,20,,,,,,,,,,,,,,,,,,,,,1056,6010,10981,10,1,1,2,2,,,,DAMAGE_ABSORB,20,,,,,,,,,一个生命值为20点的护盾,"
Hamster_Ball",0,,,,0,ent.4502.attack1,,0,,,,,,,
2013001,缓慢生命恢复1级,1,45,3,,,,1007,30|5,,,,,,,,,,,,,,,,,,,,,1001,1234,10087,45,1,1,2,2,,,1,SCRIPT_VAR,5,,,,,,,,,每3秒恢复5点生命值。,addhpbuff_add,0,,,BUFF_HP_1,0,buff.buff_hp_1,,0,,,,,,,
2013002,缓慢生命恢复2级,2,25,1,,,,1007,10|5,,,,,,,,,,,,,,,,,,,,,1001,1234,10087,25,1,1,2,2,,,1,SCRIPT_VAR,5,,,,,,,,,每1秒恢复5点生命值。,addhpbuff_add,0,,,BUFF_HP_1,0,buff.buff_hp_1,,0,,,,,,,
2013003,缓慢生命恢复3级,3,90,3,,,,1007,30|5,,,,,,,,,,,,,,,,,,,,,1001,1234,10087,90,1,1,2,2,,,1,SCRIPT_VAR,5,,,,,,,,,每3秒恢复5点生命值。,addhpbuff_add,0,,,BUFF_HP_1,0,buff.buff_hp_1,,0,,,,,,,
2014001,食物中毒1级,1,15,1,,,,1001,100101|-25,,,,,,,,,,,,,,,,,,,,,1033,1236,10095,15,1,1,2,2,,,1,SCRIPT_VAR,500,,,,,,,,,吃的东西不是很干净啊，走不动路了。。。,damagebuff_hunger,1,,,BUFF_POISON_1,0,buff.buff_wither_1,,0,,,,,,,
2014002,食物中毒2级,2,20,1,,,,1001,100101|-50,,,,,,,,,,,,,,,,,,,,,1033,1236,10095,20,1,1,2,2,,,1,SCRIPT_VAR,1000,,,,,,,,,吃的东西不是很干净啊，走不动路了。。。,damagebuff_hunger,1,,,BUFF_POISON_1,0,buff.buff_wither_1,,0,,,,,,,
2014003,食物中毒3级,3,25,1,,,,1001,100101|-50,,,,,,,,,,,,,,,,,,,,,1033,1236,10095,25,1,1,2,2,,,1,SCRIPT_VAR,2000,,,,,,,,,吃的东西不是很干净啊，走不动路了。。。,damagebuff_hunger,1,,,BUFF_POISON_1,0,buff.buff_wither_1,,0,,,,,,,
2015001,降低防御,1,2,,,,,1078,100510|-1,1078,100509|-1,,,,,,,,,,,,,,,,,,,1033,3144,,2,1,1,2,2,,,,,,,,,,,,,,降低物理防御与元素防御,,1,,,,,,,,,,,,,,
2011002,眩晕1级,1,3,,,,,1051,,1049,,,,,,,,,,,,,,,,,,,,1109,1436,10086,3,1,1,2,2,,,,,,,,,,,,,,被眩晕了，暂时失去行动能力。,,1,,,,,,,,,,,,,,
2015002,降低防御,2,2,,,,,1078,100510|-2,1078,100509|-3,,,,,,,,,,,,,,,,,,,1033,3144,,2,1,1,2,2,,,,,,,,,,,,,,降低物理防御与元素防御,,1,,,,,,,,,,,,,,
2015003,降低防御,3,2,,,,,1078,100510|-3,1078,100509|-4,,,,,,,,,,,,,,,,,,,1033,3144,,2,1,1,2,2,,,,,,,,,,,,,,降低物理防御与元素防御,,1,,,,,,,,,,,,,,
2015004,降低防御,4,2,,,,,1078,100510|-4,1078,100509|-6,,,,,,,,,,,,,,,,,,,1033,3144,,2,1,1,2,2,,,,,,,,,,,,,,降低物理防御与元素防御,,1,,,,,,,,,,,,,,
2015005,降低防御,5,2,,,,,1078,100510|-5,1078,100509|-8,,,,,,,,,,,,,,,,,,,1033,3144,,2,1,1,2,2,,,,,,,,,,,,,,降低物理防御与元素防御,,1,,,,,,,,,,,,,,
2015006,降低防御,6,2,,,,,1078,100510|-6,1078,100509|-10,,,,,,,,,,,,,,,,,,,1033,3144,,2,1,1,2,2,,,,,,,,,,,,,,降低物理防御与元素防御,,1,,,,,,,,,,,,,,
2016001,灼烧,1,3,1,DamageBuff,,,1008,10|10|101004,,,,,,,,,,,,,,,,,,,,,1032,1232,10668,3,1,1,2,2,,,,SCRIPT_VAR,3,SCRIPT_VAR,15,,,,,,,每秒受到15点燃烧伤害。,damagebuff_fire,1,1,25469,BUFF_FIRE_1,1,fire.fire,,0,,,,,,,
2016002,灼烧,2,3,1,DamageBuff,,,1008,10|30|101004,,,,,,,,,,,,,,,,,,,,,1032,1232,10668,3,1,1,2,2,,,,SCRIPT_VAR,3,SCRIPT_VAR,80,,,,,,,每秒受到15点燃烧伤害。,damagebuff_fire,1,1,25469,BUFF_FIRE_1,1,fire.fire,,0,,,,,,,
2016003,灼烧,3,3,1,DamageBuff,,,1008,10|90|101004,,,,,,,,,,,,,,,,,,,,,1032,1232,10668,3,1,1,2,2,,,,,,,,,,,,,,每秒受到15点燃烧伤害。,damagebuff_fire,1,1,25469,BUFF_FIRE_1,1,fire.fire,,0,,,,,,,
2016004,灼烧,4,3,1,DamageBuff,,,1008,10|210|101004,,,,,,,,,,,,,,,,,,,,,1032,1232,10668,3,1,1,2,2,,,,,,,,,,,,,,每秒受到15点燃烧伤害。,damagebuff_fire,1,1,25469,BUFF_FIRE_1,1,fire.fire,,0,,,,,,,
2016005,灼烧,5,3,1,DamageBuff,,,1008,10|500|101004,,,,,,,,,,,,,,,,,,,,,1032,1232,10668,3,1,1,2,2,,,,,,,,,,,,,,每秒受到15点燃烧伤害。,damagebuff_fire,1,1,25469,BUFF_FIRE_1,1,fire.fire,,0,,,,,,,
2016006,灼烧,6,3,1,DamageBuff,,,1008,10|1200|101004,,,,,,,,,,,,,,,,,,,,,1032,1232,10668,3,1,1,2,2,,,,,,,,,,,,,,每秒受到15点燃烧伤害。,damagebuff_fire,1,1,25469,BUFF_FIRE_1,1,fire.fire,,0,,,,,,,
2017001,中毒,1,5,1,DamageBuff,,,1008,10|6|101007,,,,,,,,,,,,,,,,,,,,,1034,1236,10095,5,1,1,2,2,,,1,SCRIPT_VAR,4,SCRIPT_VAR,5,,,,,,,每1秒造成5点伤害。,damagebuff_poison,1,3,25467,BUFF_POISON_1,0,buff.buff_wither_1,,0,,,,,,,
2017002,中毒,2,5,1,DamageBuff,,,1008,10|18|101007,,,,,,,,,,,,,,,,,,,,,1034,1236,10095,5,1,1,2,2,,,,,,,,,,,,,,每1秒造成5点伤害。,damagebuff_poison,1,3,25467,BUFF_POISON_1,,buff.buff_wither_1,,0,,,,,,,
2017003,中毒,3,5,1,DamageBuff,,,1008,10|54|101007,,,,,,,,,,,,,,,,,,,,,1034,1236,10095,5,1,1,2,2,,,,,,,,,,,,,,每1秒造成5点伤害。,damagebuff_poison,1,3,25467,BUFF_POISON_1,,buff.buff_wither_1,,0,,,,,,,
2017004,中毒,4,5,1,DamageBuff,,,1008,10|126|101007,,,,,,,,,,,,,,,,,,,,,1034,1236,10095,5,1,1,2,2,,,,,,,,,,,,,,每1秒造成5点伤害。,damagebuff_poison,1,3,25467,BUFF_POISON_1,,buff.buff_wither_1,,0,,,,,,,
2017005,中毒,5,5,1,DamageBuff,,,1008,10|300|101007,,,,,,,,,,,,,,,,,,,,,1034,1236,10095,5,1,1,2,2,,,,,,,,,,,,,,每1秒造成5点伤害。,damagebuff_poison,1,3,25467,BUFF_POISON_1,,buff.buff_wither_1,,0,,,,,,,
2017006,中毒,6,5,1,DamageBuff,,,1008,10|720|101007,,,,,,,,,,,,,,,,,,,,,1034,1236,10095,5,1,1,2,2,,,,,,,,,,,,,,每1秒造成5点伤害。,damagebuff_poison,1,3,25467,BUFF_POISON_1,,buff.buff_wither_1,,0,,,,,,,
2018001,冰缓,1,3,,,,,1064,1|-10|1,1001,100101|-25,,,,,,,,,,,,,,,,,,,4022,1233,,3,1,1,2,2,,,,,,,,,,,,,,寒冷会使你移动缓慢。,IceSlow,1,5,25470,ice_bingwushouji_jineng,,,,0,,,,,,,
2018002,冰缓,2,4,,,,,1064,1|-10|1,1001,100101|-25,,,,,,,,,,,,,,,,,,,4022,1233,,4,1,1,2,2,,,,,,,,,,,,,,寒冷会使你移动缓慢。,IceSlow,1,5,25470,ice_bingwushouji_jineng,,,,0,,,,,,,
2018003,冰缓,3,3,,,,,1064,1|-10|1,1001,100101|-30,,,,,,,,,,,,,,,,,,,4022,1233,,3,1,1,2,2,,,,,,,,,,,,,,寒冷会使你移动缓慢。,IceSlow,1,5,25470,ice_bingwushouji_jineng,,,,0,,,,,,,
2018004,冰缓,4,4,,,,,1064,1|-10|1,1001,100101|-30,,,,,,,,,,,,,,,,,,,4022,1233,,4,1,1,2,2,,,,,,,,,,,,,,寒冷会使你移动缓慢。,IceSlow,1,5,25470,ice_bingwushouji_jineng,,,,0,,,,,,,
2018005,冰缓,5,3,,,,,1064,1|-10|1,1001,100101|-35,,,,,,,,,,,,,,,,,,,4022,1233,,3,1,1,2,2,,,,,,,,,,,,,,寒冷会使你移动缓慢。,IceSlow,1,5,25470,ice_bingwushouji_jineng,,,,0,,,,,,,
2018006,冰缓,6,4,,,,,1064,1|-10|1,1001,100101|-35,,,,,,,,,,,,,,,,,,,4022,1233,,4,1,1,2,2,,,,,,,,,,,,,,寒冷会使你移动缓慢。,IceSlow,1,5,25470,ice_bingwushouji_jineng,,,,0,,,,,,,
2020001,发光蝴蝶,1,199980,,,1151,2,5000,,,,,,,,,,,,,,,,,,,,,,1058,5000,10081,0,1,1,1,2,,,,,,,,,,,,,,,knock,0,,,BUFF_DAMAGED_3,,buff.buff_damaged_1,,0,,,,,,,
2020002,发光蝴蝶,1,199980,,,1151,2,5001,,,,,,,,,,,,,,,,,,,,,,1058,5001,10081,0,1,1,1,2,,,,,,,,,,,,,,,knock,0,,,BUFF_DAMAGED_3,,buff.buff_damaged_1,,0,,,,,,,
2020003,发光蝴蝶,1,199980,,,1151,2,5002,,,,,,,,,,,,,,,,,,,,,,1058,5002,10081,0,1,1,1,2,,,,,,,,,,,,,,,knock,0,,,BUFF_DAMAGED_3,,buff.buff_damaged_1,,0,,,,,,,
2021001,技能冻结,1,1,,,1150,1,1056,24003|0,1057,,1058,0|0|0,1060,-6,1061,3033|10982,1063,100412|40,1049,,1062,101501|300|150|5|0,,,,,,,4029,,,1,1,1,2,2,,,,,,,,,,,,,,被冻住不能行动，受到一定伤害后解除,freeze,1,6,25473,,,,,,,,,,,,
2021002,技能冻结,2,2,,,1150,1,1056,24003|0,1057,,1058,0|0|0,1060,-6,1061,3033|10982,1063,100412|40,1049,,1062,101501|300|150|5|0,,,,,,,4029,,,2,1,1,2,2,,,,,,,,,,,,,,被冻住不能行动，受到一定伤害后解除,freeze,1,6,25473,,,,,,,,,,,,
2022001,技能中毒,1,5,1,DamageBuff,,,1008,10|3|101005,,,,,,,,,,,,,,,,,,,,,1034,1236,10095,5,1,1,2,2,,,1,SCRIPT_VAR,4,SCRIPT_VAR,5,,,,,,,每1秒造成5点伤害。,damagebuff_poison,1,3,25467,BUFF_POISON_1,0,buff.buff_wither_1,,0,,,,,,,
2022002,技能中毒,2,5,1,DamageBuff,,,1008,10|5|101005,,,,,,,,,,,,,,,,,,,,,1034,1236,10095,5,1,1,2,2,,,1,SCRIPT_VAR,4,SCRIPT_VAR,5,,,,,,,每1秒造成5点伤害。,damagebuff_poison,1,3,25467,BUFF_POISON_1,0,buff.buff_wither_1,,0,,,,,,,
2022003,技能中毒,3,5,1,DamageBuff,,,1008,10|6|101005,,,,,,,,,,,,,,,,,,,,,1034,1236,10095,5,1,1,2,2,,,1,SCRIPT_VAR,4,SCRIPT_VAR,5,,,,,,,每1秒造成5点伤害。,damagebuff_poison,1,3,25467,BUFF_POISON_1,0,buff.buff_wither_1,,0,,,,,,,
2023001,着火,1,3,1,DamageBuff,,,1008,10|5|101004,,,,,,,,,,,,,,,,,,,,,1032,1232,10668,3,1,1,2,2,,,1,SCRIPT_VAR,3,SCRIPT_VAR,5,,,,,,,每秒损失3点生命值,damagebuff_fire,1,1,25469,BUFF_FIRE_1,1,fire.fire,,0,,,,,环境伤害,,
2023002,着火,2,3,1,DamageBuff,,,1008,10|8|101004,,,,,,,,,,,,,,,,,,,,,1032,1232,10668,3,1,1,2,2,,,1,SCRIPT_VAR,3,SCRIPT_VAR,5,,,,,,,每秒损失3点生命值,damagebuff_fire,1,1,25469,BUFF_FIRE_1,1,fire.fire,,0,,,,,环境伤害,,
2023003,着火,3,3,1,DamageBuff,,,1008,10|10|101004,,,,,,,,,,,,,,,,,,,,,1032,1232,10668,3,1,1,2,2,,,1,SCRIPT_VAR,3,SCRIPT_VAR,5,,,,,,,每秒损失3点生命值,damagebuff_fire,1,1,25469,BUFF_FIRE_1,1,fire.fire,,0,,,,,环境伤害,,
2200001,雪路加速,1,20,,,,,1001,100101|50,,,,,,,,,,,,,,,,,,,,,1067,1238,10094,20,1,1,2,2,,,,MOVE_SPEED,0.5,,,,,,,,,加速50%,move_speed_add,0,,,BUFF_SPEED_1,0,buff.buff_speed_1,,0,,,,,,,
2201001,移动速度-爆发,1,10,,,,,1001,100101|20,,,,,,,,,,,,,,,,,,,,,1067,1238,10094,10,1,1,2,2,,,,MOVE_SPEED,0.5,,,,,,,,,加速20%,move_speed_add,0,,,BUFF_SPEED_1,0,buff.buff_speed_1,,0,,,,,,,
2201002,移动速度-爆发,2,20,,,,,1001,100101|40,,,,,,,,,,,,,,,,,,,,,1067,,10094,20,1,1,2,2,,,,MOVE_SPEED,0.5,,,,,,,,,加速40%,move_speed_add,0,,,,0,buff.buff_speed_1,,0,,,,,,,
2202001,受到伤害,1,5,,DamageBuff,,,1044,10|2|101005,,,,,,,,,,,,,,,,,,,,,1035,1236,,5,1,1,2,2,,,,SCRIPT_VAR,4,SCRIPT_VAR,5,,,,,,,每秒损失2点生命值。,damagebuff_wither,0,,,BUFF_POISON_1,,,,0,,,,,,,
2202002,受到伤害,2,5,,DamageBuff,,,1044,10|4|101005,,,,,,,,,,,,,,,,,,,,,1035,1236,,5,1,1,2,2,,,,SCRIPT_VAR,4,SCRIPT_VAR,5,,,,,,,每秒损失4点生命值。,damagebuff_wither,0,,,BUFF_POISON_1,,,,0,,,,,,,
2202003,受到伤害,3,10,,DamageBuff,,,1044,10|5|101005,,,,,,,,,,,,,,,,,,,,,1035,1236,,10,1,1,2,2,,,,SCRIPT_VAR,4,SCRIPT_VAR,5,,,,,,,每秒损失5点生命值。,damagebuff_wither,0,,,BUFF_POISON_1,,,,0,,,,,,,
2203001,强力近战攻击,2,20,,,1151,2,1003,100301|50,,,,,,,,,,,,,,,,,,,,,1016,,10078,20,1,1,2,2,,,1,ATTACK_PUNCH,0.5,,,,,,,,,近战伤害提高50%。,attack_punch_add,0,,,,,,,0,,,,,,,
2204001,无敌,3,15,,,1151,2,1018,,,,,,,,,,,,,,,,,,,,,,1058,,,15,1,1,2,2,,,,,,,,,,,,,,处于保护时间内，不受任何伤害，主动攻击后取消。,knock,0,,,BUFF_DAMAGED_3,,buff.buff_damaged_1,,0,,,,,,,
2205001,强力射击,2,20,,,1151,2,1003,100302|50,,,,,,,,1,,,,,,,,,,,,,1018,,10078,20,1,1,2,2,,,1,ATTACK_RANGE,0.5,,,,,,,,,远程伤害提高50%。,attack_range_add,0,,,,,,,0,,,,,,,
2206001,星空守护,1,199980,,,1151,2,1010,100401|-20,,,,,,,,,,,,,,,,,,,,,1046,,10081,0,1,1,2,2,,,,DAMAGED_PUNCH,-1.4,,,,,,,,,降低20%受到的近战伤害。,damaged_punch_add,0,,,,0,buff.buff_damaged_1,,0,,,,,远古巨像护罩buff,,
2206002,月华庇佑,2,199980,,,1151,2,1010,100401|-20,,,,,,,,,,,,,,,,,,,,,1046,,10081,0,1,1,2,2,,,,DAMAGED_PUNCH,-1.4,,,,,,,,,降低20%受到的近战伤害。,damaged_punch_add,0,,,,0,buff.buff_damaged_1,,0,,,,,远古巨像护罩buff,,
2206003,颂歌祝福,3,199980,,,1151,2,1010,100401|-20,,,,,,,,,,,,,,,,,,,,,1046,,10081,0,1,1,2,2,,,,DAMAGED_PUNCH,-1.4,,,,,,,,,降低20%受到的近战伤害。,damaged_punch_add,0,,,,0,buff.buff_damaged_1,,0,,,,,远古巨像护罩buff,,
2207001,羽蛇神眩晕1级,1,5,,DamageBuff,1150,1,1020,,,,,,,,,,,,,,,,,,,,,,1028,1590,10086,5,1,1,2,2,,,1,SCRIPT_VAR,5,SCRIPT_VAR,15,,,,,,,被控制住了,clasp,1,,,BUFF_DIZZY,,,,0,,,,,,,
2208001,燃烧抗性,1,199980,,,1151,2,1010,100404|-50,,,,,,,,,,,,,,,,,,,,,1042,,,0,1,1,2,2,,,1,DAMAGED_FIRE,-0.5,,,,,,,,,降低50%受到的火焰伤害。,damaged_fire_add,0,,,,0,,,0,,,,,,,
2209001,岩浆免疫,1,180,,,,,1047,33000,,,,,,,,,,,,,,,,,,,,,1104,,,0,1,1,2,2,,,,,,,,,,,,,,火焰不侵！,unknown,0,,,,,,,0,,,,,,,
2209002,岩浆免疫,1,10,,,,,1047,33000,,,,,,,,,,,,,,,,,,,,,1104,,,10,1,1,2,2,,,,,,,,,,,,,,火焰不侵！,unknown,0,,,,,,,0,,,,,,,
2210001,恢复血量（瞬间）,1,1,,,,,1043,10|25,,,,,,,,,,,,,,,,,,,,,1083,6225,,1,1,,,,,,,,,,,,,,,,,,sta_growthrate,,,,,,,,,,,,,,,
2211001,抗寒,1,199980,,,,2,1065,30|0,,,,,,,,,,,,,,,,,,,,,4028,,,0,1,1,2,2,,,,,,,,,,,,,,提升对寒冷的抵抗力！,damaged_punch_add,0,0,,,,,,,,,,,冰原,,
2212001,夜视,1,199980,,,1151,2,1009,20,,,,,,,,,,,,,,,,,,,,,1077,,,0,1,1,2,2,,,1,VIEW_BRIGHT,0.2,,,,,,,,,视野亮度提高20。,view_bright,0,,,,,,,0,,,,,,,
2212002,摔落免疫,1,180,,,,,1010,100411|-100,,,,,,,,,,,,,,,,,,,,,,,,0,1,1,2,2,,,,DAMAGED_FALLING,-0.75,,,,,,,,,降低100%受到的摔落伤害。,damaged_range_add,0,,,,,,,0,,1,,,,,
2213001,减伤,1,199980,,,1151,2,1010,100402|-5,,,,,,,,,,,,,,,,,,,,,1048,,,0,1,1,2,2,,,,DAMAGED_RANGE,-1.4,,,,,,,,,降低5%受到的远程伤害。,damaged_range_add,0,,,,,,,0,,,,,远古巨像护罩buff,,
2214001,移动速度增加,1,199980,,,,,1001,100101|15,,,,,,,,,,,,,,,,,,,,,1083,,,0,,,,,,,,,,,,,,,,,,移动速度增加15%,sta_growthrate,,,,,,,,,,,,,,,
2215001,咒雨,1,11,,,,,1050,1,1008,30|5|101008,,,,,,,,,,,,,,,,,,,1054,6263,13141,13,1,1,2,2,,,,,,,,,,,,,,头顶乌云密闭，随时都会有雷打下来……,,1,,,,,,,0,,,,,湛蓝符能瓶buff,,
2216001,生草,1,5,,,,,1083,1|0|0|-1|224|6264|13142,1001,100101|25,1084,,,,,,,,,,,,,,,,,,1035,6264,13142,5,1,1,2,2,,,,,,,,,,,,,,头顶长出了草？怎么感觉身体不受控制了！,,1,,,,,,,0,,,,,碧绿符能瓶buff,,
2217001,胡乱变身,1,10,,,,,1016,1|0|0|1,,,,,,,,,,,,,,,,,,,,,1065,6265,10079,10,1,1,2,2,,,,,,,,,,,,,,这回又变成什么动物了？,,1,2,,,,,,0,,,,,无色符能瓶buff,,
2218001,免疫符能瓶buff,1,199980,,,,,1047,2215001,1047,2216001,1047,2217001,1047,2224001,1047,2225001,1047,2227001,1047,2230001,1047,2231001,1047,2232001,,,,,,,4019,,,0,1,1,2,2,,,,,,,,,,,,,,,,2,,,,,,,,,,,,免疫符能瓶buff
2219001,探矿术,1,120,,,,,,,,,,,,,,,,,,,,,,,,,,,4019,,,20,1,1,2,2,,,,,,,,,,,,,,你的双眼闪过一道金光，能够透视地下发现隐藏的矿藏,,0,,,,,,,,,,,,,,
2220001,洞悉术,1,60,,,,,,,,,,,,,,,,,,,,,,,,,,,4019,,,12,1,1,2,2,,,,,,,,,,,,,,你感觉自己眼前一亮，能够清晰洞察周围的一切,,0,,,,,,,,,,,,,,
2221001,连跳术,1,30,,,,,1080,3|30|0|6274|100109|13159,,,,,,,,,,,,,,,,,,,,,4019,,,30,1,1,2,2,,,,,,,,,,,,,,你感觉身体轻盈，可以在空中连续跳跃,,0,,,,,,,,,,,,,,
2222001,隐身术,1,15,,,,,1082,,,,,,,,,,,,,,,,,,,,,,4019,,,15,1,1,2,2,,,,,,,,,,,,,,你的身体逐渐变得透明，仿佛融入了周围环境,,0,,,,,,,,,,,,,,
2223001,照明术,1,300,,,,,1081,5|10|1,,,,,,,,,,,,,,,,,,,,,4019,1663,,120,1,1,2,2,,,,,,,,,,,,,,你的周身散发出柔和的光芒，照亮了周围的黑暗,,0,,,,,,,,,,,,,,
2224001,大头术,1,30,,,,,1015,100702|100,,,,,,,,,,,,,,,,,,,,,4019,6265,,30,1,1,2,2,,,,,,,,,,,,,,你的头部突然变大，视野变得更加开阔,,0,,,,,,,,,,,,,,
2225001,小头术,1,30,,,,,1015,100702|-60,1015,100701|50,,,,,,,,,,,,,,,,,,,4019,6265,,30,1,1,2,2,,,,,,,,,,,,,,你的头部缩小了，感觉更加灵活敏捷,,0,,,,,,,,,,,,,,
2226001,长脖术,1,10,,,,,,,,,,,,,,,,,,,,,,,,,,,4019,6265,,10,1,1,2,2,,,,,,,,,,,,,,你的脖子不断伸长，可以看到更远的地方,,0,,,,,,,,,,,,,,
2227001,浮空术,1,10,,,,,1085,10|0|2|9,,,,,,,,,,,,,,,,,,,,,4019,6276,13152,10,1,1,2,2,,,,,,,,,,,,,,你感觉身体轻飘飘的，可以在空中自由漂浮,,0,,,,,,,,,,,,,,
2228001,连跳摔落免疫,1,31,,,,,1010,100411|-100,,,,,,,,,,,,,,,,,,,,,,,,31,1,1,2,2,,,,DAMAGED_FALLING,-0.75,,,,,,,,,降低100%受到的摔落伤害。,damaged_range_add,0,,,,,,,0,,1,,1,,,
2229001,升高摔落免疫,1,10,,,,,1010,100411|-100,,,,,,,,,,,,,,,,,,,,,,,,10,1,1,2,2,,,,DAMAGED_FALLING,-0.75,,,,,,,,,降低100%受到的摔落伤害。,damaged_range_add,0,,,,,,,0,,1,,1,,,
2230001,“刑”火相传,1,3,,,,,1092,2230001|3|10|100304|1009|20274,1093,,1025,100|30|2230001,,,,,,,,,,,,,,,,,1054,1294,20273,3,1,1,1,2,,,,,,,,,,,,,,要...要爆啦！,,1,1,,,,,,0,,,,,赤红符能瓶buff,,
2231001,全场焦点,1,8,,,,,1081,5|6|1,1010,100412|-50,1094,10|1,,,,,,,,,,,,,,,,,1104,3164,20280,10,1,1,2,2,,,,,,,,,,,,,,站上C位！,,1,,,,,,,1,,,,,耀黄符能瓶buff,,
2232001,虚空领域,1,2,,,,,1001,100101|-70,1010,100412|30,1008,10|3|101006,,,,,,,,,,,,,,,,,4019,6254,,2,1,2,2,2,,,,,,,,,,,,,,被虚空能量侵蚀，移动困难且更易受伤…,unknown,1,,,,,,,,,,,0,,幽紫符能瓶buff,
2236001,隐身术,1,1,,,,,1082,,,,,,,,,,,,,,,,,,,,,,4019,,,1,1,1,2,2,,,,,,,,,,,,,,短暂隐身效果,,0,,,,,,,,,,,,,,
2236002,隐身术2,2,2,,,,,1082,,,,,,,,,,,,,,,,,,,,,,4019,,,2,1,1,2,2,,,,,,,,,,,,,,短暂隐身效果,,0,,,,,,,,,,,,,,
2236003,隐身术3,3,2,,,,,1082,,,,,,,,,,,,,,,,,,,,,,4019,,,3,1,1,2,2,,,,,,,,,,,,,,短暂隐身效果,,0,,,,,,,,,,,,,,
2237001,背刺强化,1,0,,,,,1003,100301|50,,,,,,,,,,,,,,,,,,,,,1016,1224,,3,1,1,2,2,,,,,,,,,,,,,,短暂增异效果,,0,,,,,,,,,,,,,,
2238001,暗影加速,1,0,,,,,1001,100101|30,,,,,,,,,,,,,,,,,,,,,1067,1238,,2,1,1,2,2,,,,,,,,,,,,,,短暂增异效果,,0,,,,,,,,,,,,,,
2240001,减伤护盾,1,2,,,,,1010,100412|-50,,,,,,,,,,,,,,,,,,,,,1016,,,2,1,1,2,2,,,,,,,,,,,,,,短暂增益效果,,0,,,,,,,,,,,,,,
2241001,减伤护盾,1,5,,,,,1010,100412|-50,,,,,,,,,,,,,,,,,,,,,1016,,,5,1,1,2,2,,,,,,,,,,,,,,短暂增益效果,,0,,,,,,,,,,,,,,
2241003,减伤护盾,1,6,,,,,1010,100412|-50,,,,,,,,,,,,,,,,,,,,,1016,,,5,1,1,2,2,,,,,,,,,,,,,,短暂增益效果,,0,,,,,,,,,,,,,,
2241004,减伤护盾,1,5,,,,,1010,100412|-50,,,,,,,,,,,,,,,,,,,,,1016,,,5,1,1,2,2,,,,,,,,,,,,,,短暂增益效果,,0,,,,,,,,,,,,,,
2242001,加速,1,3,,,,,1001,100101|20,,,,,,,,,,,,,,,,,,,,,1067,1238,10094,3,1,1,2,2,,,,,,,,,,,,,,,move_speed_add,0,,,BUFF_SPEED_1,0,buff.buff_speed_1,,0,,,,,,,
2243001,感电,1,10,,,,,,,,,,,,,,,,,,,,,,,,,,,1055,,,,,,,,,,,,,,,,,,,,,,,,,,,,,,,,,,,,,2243001
2243002,感电2,1,10,,,,,,,,,,,,,,,,,,,,,,,,,,,1055,,,,,,,,,,,,,,,,,,,,,,,,,,,,,,,,,,,,,2243002
2244001,麻痹,1,10,,,,,,,,,,,,,,,,,,,,,,,,,,,1055,,,,,,,,,,,,,,,,,,,,,,,,,,,,,,,,,,,,,2244001
2245001,雷霆漫步,1,10,,,,,,,,,,,,,,,,,,,,,,,,,,,1055,,,,,,,,,,,,,,,,,,,,,,,,,,,,,,,,,,,,,2245001
2246001,雷神箭,1,10,,,,,,,,,,,,,,,,,,,,,,,,,,,1055,,,,,,,,,,,,,,,,,,,,,,,,,,,,,,,,,,,,,2246001
2247001,冰魂净化,1,10,,,,,,,,,,,,,,,,,,,,,,,,,,,1055,,,,,,,,,,,,,,,,,,,,,,,,,,,,,,,,,,,,,2247001
2249001,焚心绝效,1,10,,,,,,,,,,,,,,,,,,,,,,,,,,,1055,,,,,,,,,,,,,,,,,,,,,,,,,,,,,,,,,,,,,2249001
2252001,符能护盾,1,10,,,,,,,,,,,,,,,,,,,,,,,,,,,1055,,,,,,,,,,,,,,,,,,,,,,,,,,,,,,,,,,,,,2252001
2253001,共生意识,1,3,,,,,1051,,1049,,,,,,,,,,,,,,,,,,,,1109,6264,13142,3,1,1,2,2,,,,,,,,,,,,,,被共生意识侵蚀，无法行动。,,1,,,,,,,,1,,,,,共生意识,
2254001,虚空boss减伤,1,199980,,,,,1010,100402|-99,1010,100301|-99,,,,,,,,,,,,,,,,,,,1048,,,0,1,1,2,2,,,,DAMAGED_RANGE,-1.4,,,,,,,,,降低99%受到的伤害。,damaged_range_add,0,,,,,,,0,,,,,虚空boss护罩buff,,
2255001,致盲,1,3,,,,1,,,,,,,,,,,,,,,,,,,,,,,1067,,,10,1,1,2,2,,,,,,,,,,,,,,陷入致盲状态，视野变得非常狭窄。,,1,,,,,,,0,1,,,,,,2255001
2256001,城堡BOSS传送,1,3,,,,,,,,,,,,,,,,,,,,,,,,,,,1067,,,3,1,1,2,2,,,,,,,,,,,,,,,,,,,,,,,,,,,,,,2256001
2257001,传送,1,,,,,,,,,,,,,,,,,,,,,,,,,,,,1067,,,1,1,1,2,2,,,,,,,,,,,,,,你被随机传送了！,,2,0,,,,,,,,,,0,,,2257001
2258001,虚空摔落免疫,1,5,,,,,1010,100411|-100,,,,,,,,,,,,,,,,,,,,,,,,5,1,1,2,2,,,,DAMAGED_FALLING,-0.75,,,,,,,,,降低100%受到的摔落伤害。,damaged_range_add,0,,,,,,,0,,1,,1,,,
2259001,锁血,1,0,,,,,,,,,,,,,,,,,,,,,,,,,,,,,,0,1,1,2,2,,,,,,,,,,,,,,锁血,damaged_range_add,0,,,,,,,0,,1,,1,,,
2260001,锁血护盾,1,0,,,,,,,,,,,,,,,,,,,,,,,,,,,,,,0,1,1,2,2,,,,,,,,,,,,,,锁血护盾,damaged_range_add,0,,,,,,,0,,1,,1,,,
2261001,虚空无敌,3,11,,,,,1018,,,,,,,,,,,,,,,,,,,,,,1058,,,11,1,1,2,2,,,,,,,,,,,,,,处于保护时间内，不受任何伤害，主动攻击后取消。,knock,0,,,,,,,0,,,,,,,
2262001,召唤仪式,1,5,,,,,,,,,,,,,,,,,,,,,,,,,,,,,,,,,,,,,,,,,,,,,,,,,,,,,,,,,,,,,,,,2262001
2263001,虚空侵蚀,1,300,1,,,,,,,,,,,,,,,,,,,,,,,,,,1058,,,300,1,1,2,2,,,,,,,,,,,,,,虚空侵蚀,knock,1,,,,,,,,,1,,,,虚空侵蚀,2263001
2264001,虚空侵蚀2,1,300,1,,,,,,,,,,,,,,,,,,,,,,,,,,1058,,,300,1,1,2,2,,,,,,,,,,,,,,虚空侵蚀,knock,1,,,,,,,,,1,,,,虚空侵蚀,2264001
2265001,虚空分身减伤,1,0,1,DamageBuff,,,1010,100412|-50,,,,,,,,,,,,,,,,,,,,,1016,,,0,1,1,2,2,,,1,,,,,,,,,,,,,,,,,,,,0,,,,虚空分身减伤,,,
2266001,虚空分身攻击1,1,0,1,DamageBuff,,,1003,100311|50,,,,,,,,,,,,,,,,,,,,,1016,,,0,1,1,2,2,,,1,,,,,,,,,,,,,,,,,,,,0,,,,虚空分身攻击,,,
2267001,混乱,1,0,1,DamageBuff,,,1003,100311|50,,,,,,,,,,,,,,,,,,,,,1016,,,0,1,1,2,2,,,1,,,,,,,,,,,,,,,,,,,,0,,,,虚空分身攻击,,,2267001
2268001,蘑菇倒计时,1,0,1,DamageBuff,,,1003,100311|50,,,,,,,,,,,,,,,,,,,,,1016,,,0,1,1,2,2,,,1,,,,,,,,,,,,,,,,,,,,0,,,,虚空分身攻击,,,2268001
2269001,boss专用免疫buff,1,199980,,,,,1047,2224001,1047,2225001,1047,2227001,1047,2272001,,,,,,,,,,,,,,,4019,,,0,1,1,2,2,,,,,,,,,,,,,,,,2,,,,,,,,,,,boss专用免疫buff,,,
2270001,迷幻视觉,1,10,,,,,,,,,,,,,,,,,,,,,,,,,,,1067,,,10,1,1,2,2,,,,,,,,,,,,,,怎么地板在动啊？,,1,,,,,,,0,,,,,,,2270001
2271001,中级法力恢复,1,10,,,,,1086,10|10,,,,,,,,,,,,,,,,,,,,,1001,1234,10087,10,1,1,2,2,,,,,,,,,,,,,,每1秒恢复10点法力值,,0,,,,,,,0,,,,,,,
2271002,初级法力恢复,1,180,,,,,1086,50|10,,,,,,,,,,,,,,,,,,,,,1001,1234,10087,180,1,1,2,2,,,,,,,,,,,,,,,,0,,,,,,,0,,,,,,,
2272001,星尘控制,1,2,,,,,1049,,,,,,,,,,,,,,,,,,,,,,1108,1436,,2,1,1,2,2,,,,,,,,,,,,,,麻了，动弹不得……,,1,,,,,,,,,,,,,,
2273001,国王皇冠召唤,1,0,,,,,,,,,,,,,,,,,,,,,,,,,,,1108,1436,,0,1,1,2,2,,,,,,,,,,,,,,麻了，动弹不得……,,1,,,,,,,,,,,,,,
2274001,法力上限,1,300,,,,,1089,102301|30,,,,,,,,,,,,,,,,,,,,,1001,1234,10087,300,1,1,2,2,,,,,,,,,,,,,,,,0,,,,,,,0,,,,,,,
2275001,锁血CD,1,180,,,,,,,,,,,,,,,,,,,,,,,,,,,,,,180,1,2,2,2,,,,,,,,,,,,,,锁血触发冷却,,2,,,,,,,0,,,,1,,,
2276001,蘑菇法师变身,1,199980,,,,,1016,1|0|0|1,,,,,,,,,,,,,,,,,,,,,1065,,,0,1,1,2,2,,,,,,,,,,,,,,变了！,,2,2,,,,,,0,,,,,蘑菇法师使用,,
1001000,自定义状态,1,3,1,DamageBuff,,,1008,10|10|101004,,,,,,,,,,,,,,,,,,,,,1032,,,3,1,1,1,2,,,,SCRIPT_VAR,3,SCRIPT_VAR,15,,,,,,,,damagebuff_fire,1,1,25469,BUFF_FIRE_1,1,fire.fire,,0,,,,,,,
