ID[整型],名称[string],界面大类[整型](1事件 2条件 3动作 4取值 5流程控制 6变量 7自定义),界面子类[整型]【1通用，2游戏，3玩家，4生物，5方块，6道具，7变量，8控制，9自定义，10数学，11组，12计时器，13界面，14特效，15音频，16图文信息，17开发者，18赋值，19数据存储，21区域，22位置，23数值，24字符串，25布尔值，26生物类型，27排行榜，28一维表，29世界，30二维表，31对象，32角色，33实体，34投掷物，35掉落物，36蓝图】,形状类型[数值](1事件 2条件 3动作 4取值 5重复执行 6次数重复执行 7重复执行直到 8退出循环 9如果那么 如果那么否则 10保持等待直到),简略显示[数值]【在库里是否缩略显示，1=是，0=否】,描述[string],图标[string],"3.0组件场景筛选（-3 完全不显示,-2 只在选择器中使用,-1 全显示,0 实体 ，1  生物，2  玩家， 3 世界，4 空对象，5 方块5，6 UI，7 道具，8 状态，9 地形，11 配方，12 方块材质，13 熔炼编辑，14 区域，15 投掷物，16 位置，17 掉落物，1001 持续效果，1002 瞬时效果）",传参[string],左右值标记[整型]1常量0变量,返回值[整型],参数1类型[string],参数1默认值[string],参数2类型,参数2默认值,参数3类型,参数3默认值,参数4类型,参数4默认值,参数5类型,参数5默认值,参数6类型,参数6默认值,参数7类型,参数7默认值,参数8类型,参数8默认值,参数9类型,参数9默认值,参数10类型,参数10默认值,参数11类型,参数11默认值,显示控制（0=默认全部可见 1=仅开发者可见 2=仅999渠道可见 3=4位数迷你号可见  4 = 仅国内可见  5 = 仅海外可见 6 = 仅国内开发者可见 7 = 仅海外开发者可见）,积木间距值（间距值默认为60，超过60会开始变高）,说明,是否显示详细说明（0和空不显示，1显示）,创建的版本,,,
ID,Name,Type,Sort,BlockType,SimpleDisplay,Desc,Icon,SceneFilter,TranParam,LeftRightSign,ReturnValue,ParamType1,ParamDefault1,ParamType2,ParamDefault2,ParamType3,ParamDefault3,ParamType4,ParamDefault4,ParamType5,ParamDefault5,ParamType6,ParamDefault6,ParamType7,ParamDefault7,ParamType8,ParamDefault8,ParamType9,ParamDefault9,ParamType10,ParamDefault10,ParamType11,ParamDefault11,Display,HeightPx,Notes,NotesDetailSwitch,CreatVersion,真排序,,
1020001,游戏创建,1,2,1,0,当游戏创建,18,"3,6",,,,,,,,,,,,,,,,,,,,,,,,,,0,100,306442,1,1.42.0,1,,
60101002,当该组件装载后,1,2,1,0,当该组件装载后,12,"0,1,2,3,4,5,6,14,16",,,,,,,,,,,,,,,,,,,,,,,,,,0,,306443,1,1.44.0,2,,
1020003,当该组件被创建X秒后,1,2,1,0,当该组件被创建%1秒后,12,"0,1,2,3,4,5,6,14,16",,,,1005|1|0,1|5,,,,,,,,,,,,,,,,,,,,,0,,306444,1,1.42.0,3,,
1020002,游戏时间,1,2,1,0,当 游戏时间 为%1点,12,"3,6",,,,1005|1|0,1|5,,,,,,,,,,,,,,,,,,,,,0,,306446,1,1.42.0,4,,
1010002,当地形组的天气改变,1,2,1,1,当指定%1的天气改变时,18,"3,6",,,,1137|1|2,5|990010,,,,,,,,,,,,,,,,,,,,,0,100,306447,1,1.42.0,5,,
1020013,接收广播,1,2,1,0,当 收到 广播%1,5,"0,1,2,3,4,5,6,14,16,1001",,,,1090|1|0,,,,,,,,,,,,,,,,,,,,,,,100,306792,1,1.42.0,6,,
60101004,当获取此效果时,1,2,1,0,当获取此效果时,12,"1001,1002,",60503007|60504003|60506015|60508005,,,,,,,,,,,,,,,,,,,,,,,,,0,,306793,1,1.44.0,7,,
60101005,当失去此效果时,1,2,1,0,当失去此效果时,12,1001,60503007|60504003|60506015,,,,,,,,,,,,,,,,,,,,,,,,,,100,306794,1,1.44.0,8,,
1020011,每当游戏运行时长（循环）,1,2,1,0,游戏每运行%1秒都,12,"0,1,2,3,4,5,6,14,16,1001",,,,1005|1|0,1|2,,,,,,,,,,,,,,,,,,,,,,100,306795,1,1.42.0,9,,
1020009,任意计时器改变,1,2,1,0,当 任意计时器 发生改变,12,"3,6",,,,,,,,,,,,,,,,,,,,,,,,,,0,,306796,1,1.42.0,10,,
1020010,指定计时器改变,1,2,1,0,当%1发生改变,12,"3,6",,,,1040|1|0,,,,,,,,,,,,,,,,,,,,,,0,100,306797,1,1.42.0,11,,
1090002,配方合成完毕,1,2,1,0,当 配方 合成完毕,9,"3,6",60009|80006|80008|90014|90017,,,,,,,,,,,,,,,,,,,,,,,,,,100,306347,1,1.42.0,12,,
1010001,天气改变,1,2,1,0,当 天气 改变,18,暂时不要,,,,,,,,,,,,,,,,,,,,,,,,,,0,,306020,1,1.42.0,13,,
1020012,云服房间收到任意信息时,1,2,1,0,当 云服房间 收到任意信息时,15,暂时不要,40015,,,,0|40015,,,,,,,,,,,,,,,,,,,,,2,,,,1.42.0,14,,
1020016,当云服房间收到服务器广播消息,1,2,1,0,当 云服房间 收到服务器广播%1,5,-1,,,,1090|1|0,,,,,,,,,,,,,,,,,,,,,,0,,306294,1,1.42.0,15,,
1020014,条件成立,1,2,1,0,当%1成立,18,暂时不要,,,,1087|1|0,,,,,,,,,,,,,,,,,,,,,,2,100,,,1.42.0,16,,
1080003,此状态被玩家获得,1,2,1,0,当 玩家 获得此类状态 ,21,暂时不要,40003|40006|60009|40006,,,,,,,,,,,,,,,,,,,,,,,,,,,,,1.42.0,17,,
1080004,此状态从玩家身上移除,1,2,1,0,当 玩家 失去此类状态,21,暂时不要,40003|40006|60009|40006,,,,,,,,,,,,,,,,,,,,,,,,,,,,,1.42.0,18,,
1080001,此状态被生物获得,1,2,1,0,当 生物 获得此类状态,21,暂时不要,40003|40006|80006|80008|40006,,,,,,,,,,,,,,,,,,,,,,,,,,,,,1.42.0,19,,
1080002,此状态从生物身上移除,1,2,1,0,当 生物 失去此类状态 ,21,暂时不要,40003|40006|80006|80008|40006,,,,,,,,,,,,,,,,,,,,,,,,,,,,,1.42.0,20,,
1070003,生物身上特效创建,1,14,1,0,当 特效 创建在生物,13,暂时不要,80006|40003|40007,,,,,,,,,,,,,,,,,,,,,,,,,0,,306186,1,1.42.0,21,,
1070004,投掷物上特效创建,1,14,1,0,当 特效 创建在投掷物,13,暂时不要,90015|40003|40007,,,,,,,,,,,,,,,,,,,,,,,,,0,100,306187,1,1.42.0,22,,
1070005,掉落物上特效创建,1,14,1,0,当 特效 创建在掉落物,13,暂时不要,90016|40003|40007,,,,,,,,,,,,,,,,,,,,,,,,,0,100,306188,1,1.42.0,23,,
1090001,此配方合成完毕,1,2,1,0,当 此类配方 合成完毕,9,暂时不要,60009|80006|90014|90017,,,,,,,,,,,,,,,,,,,,,,,,,,,306802,1,1.42.0,24,,
1100001,熔炼开始,1,2,1,0,当 熔炼 开始,9,暂时不要,40003,,,,,,,,,,,,,,,,,,,,,,,,,,,306348,1,1.42.0,25,,
1100002,熔炼完成,1,2,1,0,当 熔炼 完成,9,暂时不要,40003,,,,,,,,,,,,,,,,,,,,,,,,,,100,306349,1,1.42.0,26,,
60102001,当熔炼开始|完成,1,2,1,0,当 熔炼 %1,9,"3,6",40003,,,3024|1|2,5|3240001,,,,,,,,,,,,,,,,,,,,,,100,306803,1,1.44.0,27,,
1100003,此熔炼开始,1,2,1,0,当 此类熔炼 开始,9,暂时不要,40003,,,,,,,,,,,,,,,,,,,,,,,,,,,,,1.42.0,28,,
1100004,此熔炼完成,1,2,1,0,当 此类熔炼 完成,9,暂时不要,40003,,,,,,,,,,,,,,,,,,,,,,,,,,,,,1.42.0,29,,
1070001,位置上特效被创建,1,2,1,0,当 特效 创建在位置,13,暂时不要,40003|40007,,,,,,,,,,,,,,,,,,,,,,,,,0,,306184,1,1.42.0,30,,
1070002,玩家身上特效被创建,1,2,1,0,当 特效 创建在玩家,13,暂时不要,60009|40003|40007,,,,,,,,,,,,,,,,,,,,,,,,,0,,306185,1,1.42.0,31,,
1110001,剧情开始,1,2,1,0,当 剧情 开始,7,暂时不要,60009|80007|80009,,,,,,,,,,,,,,,,,,,,,,,,,,,306350,1,1.42.0,32,,
1110002,剧情结束,1,2,1,0,当 剧情 结束,7,暂时不要,60009|80007|80009,,,,,,,,,,,,,,,,,,,,,,,,,,,306351,1,1.42.0,33,,
1110003,此剧情开始,1,2,1,0,当 此段剧情 开始,7,暂时不要,60009|80007|80009,,,,,,,,,,,,,,,,,,,,,,,,,,,,,1.42.0,34,,
1110004,此剧情结束,1,2,1,0,当 此段剧情 结束,7,暂时不要,60009|80007|80009,,,,,,,,,,,,,,,,,,,,,,,,,,,,,1.42.0,35,,
1020007,玩家进入游戏,1,3,1,0,当 玩家 进入游戏,18,暂时不要,60009|40003,,,,0|60009,,,,,,,,,,,,,,,,,,,,,0,,306002,1,1.42.0,36,,
1020008,玩家离开游戏,1,3,1,0,当 玩家 离开游戏,18,暂时不要,60009|40003,,,,0|60009,,,,,,,,,,,,,,,,,,,,,0,,306128,1,1.42.0,37,,
60103001,玩家进入|离开游戏,1,3,1,0,当 玩家 %1游戏,18,"3,6",60009|40003|60506007|60505020,,,3025|1|2,5|3250001,,,,,,,,,,,,,,,,,,,,,0,100,306804,1,1.44.0,38,,
60103501,此玩家进入|离开游戏,1,3,1,0,当 此玩家 %1游戏,18,"2,1001,",60009|40003|60506007|60505020,,,3025|1|2,5|3250001,,,,,,,,,,,,,,,,,,,,,,100,306805,1,1.44.0,39,,
60103003,玩家点击方块、点击玩家、点击生物、点击投掷物、点击掉落物、点击实体任意对象,1,3,1,0,当 玩家 点击%1,3,"3,6",60009|40003|80007|80009|60010|40009|90016|60505008|60506008|60526002|60506007|60505020,,,3028|1|2,5|3280001,,,,,,,,,,,,,,,,,,,,,0,100,306806,1,1.44.0,40,,
60103503,此玩家点击任意对象,1,3,1,0,当 此玩家 点击%1,3,"2,1001,",60009|40003|80007|80009|60010|40009|90016|60505008|60506008|60526002|60506007|60505020,,,3028|1|2,5|3280001,,,,,,,,,,,,,,,,,,,,,0,100,306807,1,1.44.0,41,,
1030030,玩家显示聊天信息,1,3,1,0,当 玩家 的聊天框显示%1,15,暂时不要,60009|40003|40015,,,1010|1|0,1|300198,,,,,,,,,,,,,,,,,,,,,0,,306126,1,1.42.0,42,,
1030031,玩家输入聊天信息,1,3,1,0,当 玩家 在聊天框发送%1,15,暂时不要,60009|40003|40015,,,1010|1|0,1|300198,,,,,,,,,,,,,,,,,,,,,0,,306025,1,1.42.0,43,,
1030039,玩家输入聊天信息（包含字符串）,1,3,1,0,当任意玩家在聊天框输入包含%1的信息,15,暂时不要,60009|40003|40015,,,1010|1|0,1|300198,,,,,,,,,,,,,,,,,,,,,,,306232,1,1.42.0,44,,
60103005,玩家发送聊天信息,1,3,1,1,当 玩家 在聊天框 %1 %2 %3,15,"3,6",60009|40003|40015|60506007|60505020,,,3056|1|2,5|3560001,3033|1|2,5|3330001,1010|1|0,1|300198,,,,,,,,,,,,,,,,,0,100,306448,1,1.44.0,45,,
60103505,此玩家发送聊天信息,1,3,1,1,当 此玩家 在聊天框 %1 %2 %3,15,"2,1001,",60009|40003|40015|60506007|60505020,,,3056|1|2,5|3560001,3033|1|2,5|3330001,1010|1|0,1|300198,,,,,,,,,,,,,,,,,0,100,306449,1,1.44.0,46,,
1020004,玩家胜利,1,3,1,0,当 玩家 胜利,18,暂时不要,60009|40003,,,,0|60009,,,,,,,,,,,,,,,,,,,,,0,,306129,1,1.42.0,47,,
1020005,玩家失败,1,3,1,0,当 玩家 失败,18,暂时不要,60009|40003,,,,0|60009,,,,,,,,,,,,,,,,,,,,,0,,306130,1,1.42.0,48,,
1030005,玩家进行攻击,1,3,1,0,当 玩家 开始攻击,20,暂时不要,60009|40003,,,,0|60009,,,,,,,,,,,,,,,,,,,,,0,,306011,1,1.42.0,49,,
1030006,玩家攻击命中,1,3,1,0,当 玩家 攻击命中,20,暂时不要,60009|40003|60010|80007|80009,,,,0|60009,,,,,,,,,,,,,,,,,,,,,0,,306012,1,1.42.0,50,,
1030004,玩家击败目标,1,3,1,0,当 玩家 击败目标,20,暂时不要,60009|40003|60010|80007|80009,,,,0|60009,,,,,,,,,,,,,,,,,,,,,0,100,当玩家打败其他玩家、生物时。被打败的玩家、生物为事件中的目标玩家、生物,,1.42.0,51,,
1030007,玩家造成伤害,1,3,1,0,当 玩家 造成伤害,20,暂时不要,60009|40003|60010|80007|80009|40023,,,,0|60009,,,,,,,,,,,,,,,,,,,,,0,,306230,1,1.42.0,52,,
1030008,玩家受到伤害,1,3,1,0,当 玩家 受伤,20,暂时不要,60009|40003|40023,,,,0|60009,,,,,,,,,,,,,,,,,,,,,0,,306013,1,1.42.0,53,,
1030012,玩家获得道具,1,3,1,0,当 玩家 获得道具,3,暂时不要,60009|40003|90014|90017,,,,0|60009,,,,,,,,,,,,,,,,,,,,,0,,306014,1,1.42.0,54,,
1030011,玩家使用道具,1,3,1,0,当 玩家 使用道具,3,暂时不要,60009|40003|90014,,,,0|60009,,,,,,,,,,,,,,,,,,,,,0,,306015,1,1.42.0,55,,
1030013,玩家消耗道具,1,3,1,0,当 玩家 消耗道具,3,暂时不要,60009|40003|90014,,,,0|60009,,,,,,,,,,,,,,,,,,,,,0,,306133,1,1.42.0,56,,
1030020,玩家拾取道具,1,3,1,0,当 玩家 拾取掉落物,3,暂时不要,60009|40003|90014|90016|90017,,,,0|60009,,,,,,,,,,,,,,,,,,,,,0,,306352,1,1.42.0,57,,
1030027,玩家丢弃道具,1,3,1,0,当 玩家 丢弃道具,3,暂时不要,60009|40003|90014|90016|90017,,,,0|60009,,,,,,,,,,,,,,,,,,,,,0,100,306353,1,1.42.0,58,,
60103012,玩家获得道具,1,3,1,0,当 玩家 %1,3,"3,6",60009|40003|90014|90017|60506007|60501015|60505020,,,3027|1|2,5|3270001,,,,,,,,,,,,,,,,,,,,,0,,306450,1,1.44.0,59,,
60103512,此玩家获得道具,1,3,1,0,当 此玩家%1,3,"2,1001,",60009|40003|90014|90017|60506007|60501015|60505020,,,3027|1|2,5|3270001,,,,,,,,,,,,,,,,,,,,,0,,306451,1,1.44.0,60,,
60106526,此玩家选中快捷栏,1,3,1,0,当 此玩家 选中快捷栏,14,"2,1001,",60009|40003|90014|40011|90017|430001|60505020,,,,,,,,,,,,,,,,,,,,,,,,,0,,306452,1,1.44.0,61,,
1030026,玩家选中快捷栏,1,3,1,0,当 玩家 选中快捷栏,14,"3,6",60009|40003|90014|40011|90017|60506007|430001|60505020,,,,,,,,,,,,,,,,,,,,,,,,,0,,306453,1,1.42.0,62,,
1030014,玩家点击生物或玩家,1,3,1,0,当 玩家 点击生物或玩家,3,暂时不要,60009|40003|80007|80009|60010,,,,0|60009,,,,,,,,,,,,,,,,,,,,,0,,306354,1,1.42.0,63,,
1030015,玩家点击方块,1,3,1,0,当 玩家 点击方块,3,暂时不要,60009|40003|40009,,,,0|60009,,,,,,,,,,,,,,,,,,,,,0,100,306003,1,1.42.0,64,,
1030038,玩家等级发生改变,1,3,1,0,当 玩家 等级发生改变,14,暂时不要,60009|40003,,,,0|60009,,,,,,,,,,,,,,,,,,,,,,,306355,1,1.42.0,65,,
1030035,玩家获得状态,1,3,1,0,当 玩家 获得状态,21,暂时不要,60009|40003|40006,,,,0|60009,,,,,,,,,,,,,,,,,,,,,0,,306356,1,1.42.0,66,,
1030036,玩家失去状态,1,3,1,0,当 玩家 失去状态,21,暂时不要,60009|40003|40006,,,,0|60009,,,,,,,,,,,,,,,,,,,,,0,,306357,1,1.42.0,67,,
1030037,玩家失去指定状态,1,3,1,0,当 玩家 失去%1状态,21,暂时不要,60009|40003|40006,,,1037|1|0,2|4001,,,,,,,,,,,,,,,,,,,,,0,100,306358,1,1.42.0,68,,
1030010,玩家使用动画表情,1,3,1,0,当 玩家 使用动画表情,3,暂时不要,60009|40003|40005,,,,0|60009,,,,,,,,,,,,,,,,,,,,,0,,306029,1,1.42.0,69,,
1030018,玩家运动状态改变,1,3,1,0,当 玩家 开始%1,16,暂时不要,60009|40003,,,1021|1|2,5|150002,,,,,,,,,,,,,,,,,,,,,0,,306009,1,1.42.0,70,,
1030019,玩家发生碰撞,1,3,1,0,当 玩家 碰撞任意玩家/生物,16,暂时不要,60009|40003|60010|80007,,,,0|60009,,,,,,,,,,,,,,,,,,,,,0,,306028,1,1.42.0,71,,
1030021,玩家进入区域,1,3,1,0,当 玩家 进入%1,10,暂时不要,60009|40003,,,1001|1|0,,,,,,,,,,,,,,,,,,,,,,0,,306006,1,1.42.0,72,,
1030022,玩家离开区域,1,3,1,0,当 玩家 离开%1,10,暂时不要,60009|40003,,,1001|1|0,,,,,,,,,,,,,,,,,,,,,,0,100,306007,1,1.42.0,73,,
1030025,玩家快捷栏改变,1,3,1,0,当 玩家 的快捷栏发生改变,14,暂时不要,60009|40003|90014,,,,0|60009,,,,,,,,,,,,,,,,,,,,,0,,306134,1,1.42.0,74,,
1030024,玩家背包栏改变,1,3,1,0,当 玩家 的背包栏发生改变,14,暂时不要,60009|40003|90014,,,,0|60009,,,,,,,,,,,,,,,,,,,,,0,,306359,1,1.42.0,75,,
1030023,玩家装备栏改变,1,3,1,0,当 玩家 的装备栏发生改变,14,暂时不要,60009|40003|90014|40012,,,,0|60009,,,,,,,,,,,,,,,,,,,,,0,,306360,1,1.42.0,76,,
60103025,玩家快捷栏改变时,1,3,1,0,当 玩家的 %1 %2,14,"3,6",60009|40003|90014|40011|90017|60506007|40012|430001|60505020,,,3031|1|2,5|3310001,3038|1|2,5|3380001,,,,,,,,,,,,,,,,,,,0,,306454,1,1.44.0,77,,
60103525,此玩家快捷栏改变时,1,3,1,0,当 此玩家 %1的 %2,14,"2,1001,",60009|40003|90014|40011|90017|60506007|40012|430001|60505020,,,3031|1|2,5|3310001,3038|1|2,5|3380001,,,,,,,,,,,,,,,,,,,0,,306455,1,1.44.0,78,,
1030040,当玩家选中指定道具,1,3,1,0,当玩家在快捷栏选中%1,3,"3,6",60009|40003|90014|40011|60506007|430001|60505020,,,1028|1|0,2|200,,,,,,,,,,,,,,,,,,,,,0,,306808,1,1.42.0,79,,
1030028,玩家穿上装备,1,3,1,0,当 玩家 穿上装备,14,暂时不要,60009|40003|90014|40012,,,,0|60009,,,,,,,,,,,,,,,,,,,,,,,306363,1,1.42.0,80,,
1030029,玩家脱下装备,1,3,1,0,当 玩家 脱下装备,14,暂时不要,60009|40003|90014|40012,,,,0|60009,,,,,,,,,,,,,,,,,,,,,,100,306364,1,1.42.0,81,,
60103028,玩家穿脱装备,1,3,1,0,当  玩家 %1 装备,14,"3,6",60009|40003|90014|40012|60505020,,,3032|1|2,5|3320001,,,,,,,,,,,,,,,,,,,,,,100,306809,1,1.44.0,82,,
60103029,玩家到达星球,1,3,1,0,当玩家到达任意星球,14,暂时不要,60009|60505020|60505021,,,,,,,,,,,,,,,,,,,,,,,,,,,,,1.52.0,82,,
60103528,此玩家穿脱装备,1,3,1,0,当 此玩家 %1  装备,14,"2,1001,",60009|40003|90014|40012|60505020,,,3032|1|2,5|3320001,,,,,,,,,,,,,,,,,,,,,,,306810,1,1.44.0,83,,
1030032,玩家按下按键,1,3,1,0,当 玩家 按下%1,1,暂时不要,60009|40003,,,1051|1|2,5|380001,,,,,,,,,,,,,,,,,,,,,0,,306010,1,1.42.0,84,,
1030033,玩家长按按键,1,3,1,0,当 玩家 长按%1,1,暂时不要,60009|40003,,,1051|1|2,5|380001,,,,,,,,,,,,,,,,,,,,,0,,306124,1,1.42.0,85,,
1030034,玩家松开按键,1,3,1,0,当 玩家 松开%1,1,暂时不要,60009|40003,,,1051|1|2,5|380001,,,,,,,,,,,,,,,,,,,,,0,100,306125,1,1.42.0,86,,
60103030,玩家打开游戏 原版背包 界面,1,3,1,0,当 任意玩家 %1 游戏 %2 界面,1,"3,6",40014|60009|40003|60506007|60505020,,,1013|1|2,5|100001,1141|1|2,5|1420002,,,,,,,,,,,,,,,,,,,0,100,306811,1,1.44.0,87,,
60103004,玩家按下按键,1,3,1,0,当 任意玩家 %1 %2,1,"3,6",60009|40003|60506007|60505020,,,3021|1|2,5|3210001,1051|1|2,5|380001,,,,,,,,,,,,,,,,,,,0,100,306811,1,1.44.0,87,,
60103504,此玩家按下按键,1,3,1,0,当 此玩家 %1 %2,1,"2,1001,",60009|40003|60506007|60505020,,,3021|1|2,5|3210001,1051|1|2,5|380001,,,,,,,,,,,,,,,,,,,0,100,306812,1,1.44.0,88,,
60103002,玩家胜利|失败,1,3,1,0,当 玩家 游戏%1,18,"3,6",60009|40003|60505020,,,1092|1|2,5|800001,,,,,,,,,,,,,,,,,,,,,0,,306813,1,1.44.0,89,,
60103502,此玩家胜利|失败,1,3,1,0,当 此玩家 游戏%1,18,"2,1001,",60009|40003|60505020,,,1092|1|2,5|800001,,,,,,,,,,,,,,,,,,,,,0,,306814,1,1.44.0,90,,
1030003,玩家属性改变,1,3,1,0,当 玩家 的%1属性改变,14,暂时不要,60009|40003,,,1020|1|2,5|140001,,,,,,,,,,,,,,,,,,,,,0,,当玩家某个属性，如血量改变时,,1.42.0,91,,
1030001,玩家被击败,1,3,1,0,当 玩家 被击败,20,暂时不要,60009|40003,,,,0|60009,,,,,,,,,,,,,,,,,,,,,0,100,306132,1,1.42.0,92,,
1030002,玩家复活,1,3,1,0,当 玩家 复活,14,"3,6",60009|40003|60506007,,,,0|60009,,,,,,,,,,,,,,,,,,,,,0,100,306798,1,1.42.0,93,,
60103802,此玩家复活,1,3,1,0,当 此玩家 复活,14,"2,1001,",60009|40003|60506007|60505020,,,,,,,,,,,,,,,,,,,,,,,,,0,100,306799,1,1.44.0,94,,
1030009,玩家移动,1,3,1,0,当 玩家 移动一格距离,16,"3,6",60009|40003|60506007|60505020,,,,0|60009,,,,,,,,,,,,,,,,,,,,,0,,306800,1,1.42.0,95,,
60103809,此玩家移动,1,3,1,0,当 此玩家 移动一格距离,16,"2,1001,",60009|40003|60506007|60505020,,,,0|60009,,,,,,,,,,,,,,,,,,,,,0,100,306801,1,1.44.0,96,,
1030016,玩家骑乘（弃用）,1,3,1,0,当 玩家 骑乘坐骑/载具,3,暂时不要,60009|40003|80007|80009,,,,0|60009,,,,,,,,,,,,,,,,,,,,,0,,306211,1,1.42.0,97,,
1030017,玩家取消骑乘（弃用）,1,3,1,0,当 玩家 取消骑乘,3,暂时不要,60009|40003|80007|80009,,,,0|60009,,,,,,,,,,,,,,,,,,,,,0,100,306212,1,1.42.0,98,,
60103006,当玩家持枪状态改变时,1,3,1,1,当任意玩家%1%2行为时,3,"3,6",60009|40003|60506007|60505020,,,3025|1|2,5|3250001,3097|1|2,5|3970003,,,,,,,,,,,,,,,,,,,,,306456,1,1.44.0,99,,
1030041,玩家邀请好友,1,3,1,0,当 玩家 发送好友邀请链接,14,"3,6",60009|40003|60010|60506007|60505020,,,,,,,,,,,,,,,,,,,,,,,,,0,,306457,1,1.42.0,100,,
60103841,此玩家邀请好友,1,3,1,0,当 此玩家 发送好友邀请链接,14,"2,1001,",60009|40003|60010|60506007|60505020,,,,,,,,,,,,,,,,,,,,,,,,,0,,306458,1,1.44.0,101,,
1040012,生物被创建,1,4,1,0,当 生物 被创建,11,暂时不要,80006|80008|40003,,,,,,,,,,,,,,,,,,,,,,,,,0,100,306026,1,1.42.0,102,,
1040011,生物属性改变,1,4,1,0,当 生物 的属性%1发生改变,11,暂时不要,80006|80008|40003,,,1035|1|2,5|210001,,,,,,,,,,,,,,,,,,,,,0,,306372,1,1.42.0,103,,
1040002,生物进行攻击,1,4,1,0,当 生物 开始攻击,20,暂时不要,80006|40003|80008|80007|80009|60010,,,,,,,,,,,,,,,,,,,,,,,,,0,,306366,1,1.42.0,104,,
1040003,生物攻击命中,1,4,1,0,当 生物 攻击命中,20,暂时不要,80006|40003|80008|80007|80009|60010,,,,,,,,,,,,,,,,,,,,,,,,,0,,306367,1,1.42.0,105,,
1040004,生物造成伤害,1,4,1,0,当 生物 造成伤害,20,暂时不要,80006|40003|80008|80007|80009|60010|40023,,,,,,,,,,,,,,,,,,,,,,,,,0,,306368,1,1.42.0,106,,
1040006,生物击败目标,1,4,1,0,当 生物 击败目标,20,暂时不要,80006|40003|80008|80007|80009|60010,,,,,,,,,,,,,,,,,,,,,,,,,0,100,306369,1,1.42.0,107,,
1040001,生物受到伤害,1,4,1,0,当 生物 受伤,20,暂时不要,80006|80008|40003|60010|40023,,,,,,,,,,,,,,,,,,,,,,,,,0,,306370,1,1.42.0,108,,
1040005,生物被击败,1,4,1,0,当 生物 被击败,20,暂时不要,80006|80008|40003,,,,,,,,,,,,,,,,,,,,,,,,,0,100,306371,1,1.42.0,109,,
1040013,生物获得状态,1,4,1,0,当 生物 获得状态,21,暂时不要,80006|80008|40003|40006,,,,,,,,,,,,,,,,,,,,,,,,,0,,306373,1,1.42.0,110,,
1040014,生物失去状态,1,4,1,0,当 生物 失去状态,21,暂时不要,80006|80008|40003|40006,,,,,,,,,,,,,,,,,,,,,,,,,0,,306374,1,1.42.0,111,,
1040015,生物失去指定状态,1,4,1,0,当 生物 失去%1,21,暂时不要,80006|80008|40003|40006,,,1037|1|0,2|4001,,,,,,,,,,,,,,,,,,,,,0,100,306375,1,1.42.0,112,,
1040009,生物运动状态改变,1,4,1,0,当 生物 开始%1,16,暂时不要,80006|80008|40003,,,1034|1|2,5|200003,,,,,,,,,,,,,,,,,,,,,0,,,,1.42.0,113,,
1040010,生物发生碰撞,1,4,1,0,当 生物 碰撞任意玩家/生物,16,暂时不要,80006|40003|80008|80007|80009|60010,,,,,,,,,,,,,,,,,,,,,,,,,0,,306027,1,1.42.0,114,,
1040007,生物进入区域,1,4,1,0,当 生物 进入%1,10,暂时不要,80006|80008|40003,,,1001|1|0,,,,,,,,,,,,,,,,,,,,,,0,,306376,1,1.42.0,115,,
1040008,生物离开区域,1,4,1,0,当 生物 离开%1,10,暂时不要,80006|80008|40003,,,1001|1|0,,,,,,,,,,,,,,,,,,,,,,0,,306377,1,1.42.0,116,,
1040025,此生物被创建,1,4,1,0,当 此类生物 被创建,11,暂时不要,80006|40003|80008,,,,,,,,,,,,,,,,,,,,,,,,,,,306005,1,1.42.0,117,,
1040017,此生物进行攻击,1,4,1,0,当 此类生物 开始攻击,20,暂时不要,80006|40003|80008|80007|80009|60010,,,,,,,,,,,,,,,,,,,,,,,,,,,,,1.42.0,118,,
1040018,此生物攻击命中,1,4,1,0,当 此类生物 攻击命中目标,20,暂时不要,80006|40003|80008|80007|80009|60010,,,,,,,,,,,,,,,,,,,,,,,,,,,,,1.42.0,119,,
1040021,此生物击败目标,1,4,1,0,当 此类生物 击败目标,20,暂时不要,80006|40003|80008|80007|80009|60010,,,,,,,,,,,,,,,,,,,,,,,,,,,,,1.42.0,120,,
1040019,此生物造成伤害,1,4,1,0,当 此类生物 对目标造成伤害,20,暂时不要,80006|40003|80008|80007|80009|60010,,,,,,,,,,,,,,,,,,,,,,,,,,,,,1.42.0,121,,
1040016,此生物受到伤害,1,4,1,0,当 此类生物 受到伤害,20,暂时不要,80006|40003|80008|60010,,,,,,,,,,,,,,,,,,,,,,,,,,,,,1.42.0,122,,
1040020,此生物被击败,1,4,1,0,当 此类生物 被击败,20,暂时不要,80006|40003|80008,,,,,,,,,,,,,,,,,,,,,,,,,,,,,1.42.0,123,,
1040024,此生物属性改变,1,4,1,0,当 此类生物 %1属性改变,11,暂时不要,80006|40003|80008,,,1035|1|2,5|210001,,,,,,,,,,,,,,,,,,,,,,,,,1.42.0,124,,
1040022,此生物行动状态改变,1,4,1,0,当 此类生物 开始%1,16,暂时不要,80006|40003|80008,,,1034|1|2,5|200003,,,,,,,,,,,,,,,,,,,,,,,,,1.42.0,125,,
1040023,此生物发生碰撞,1,4,1,0,当 此类生物 碰撞任意玩家/生物,16,暂时不要,80006|40003|80008|80007|80009|60010,,,,,,,,,,,,,,,,,,,,,,,,,,,,,1.42.0,126,,
1040026,此生物获得状态,1,4,1,0,当 此类生物 获得状态,21,暂时不要,80006|40003|80008|40006,,,,,,,,,,,,,,,,,,,,,,,,,,,,,1.42.0,127,,
1040027,此生物失去状态,1,4,1,0,当 此类生物 失去状态,21,暂时不要,80006|40003|80008|40006,,,,,,,,,,,,,,,,,,,,,,,,,,,,,1.42.0,128,,
1040028,此生物被玩家点击,1,4,1,0,当 此类生物 被玩家点击,11,暂时不要,80006|40003|80008|60010,,,,,,,,,,,,,,,,,,,,,,,,,,,,,1.42.0,129,,
1050005,方块被创建,1,5,1,0,当 方块 被创建,4,"3,6",40003|40009|60505020,,,,,,,,,,,,,,,,,,,,,,,,,0,,306459,1,1.42.0,130,,
60107001,方块被破坏,1,5,1,0,当 方块 被%1,4,"3,6",40003|40009|60009|80006|80008|60506007|60505007|60505020,,,3036|1|2,5|3360002,,,,,,,,,,,,,,,,,,,,,0,100,306460,1,1.44.0,131,,
1050002,方块被破坏,1,5,1,0,当 方块 被破坏,4,暂时不要,40003|40009,,,,,,,,,,,,,,,,,,,,,,,,,0,,306016,1,1.42.0,132,,
60107091,此类方块被创建,1,5,1,0,当此类方块被创建,4,5,40003|40009|60506007|60505020,,,,,,,,,,,,,,,,,,,,,,,,,0,,306461,1,1.44.0,133,,
60107092,此类方块被破坏,1,5,1,0,当此类方块被%1,4,5,40003|40009|60009|80006|80008|60506007|60505007|60505020,,,3036|1|2,5|3360002,,,,,,,,,,,,,,,,,,,,,0,100,306462,1,1.44.0,134,,
1050018,方块颜色改变,1,5,1,0,当 方块 颜色发生改变,4,暂时不要,40003|40009|60009|80006|80008,,,,,,,,,,,,,,,,,,,,,,,,,0,,306386,1,1.42.0,135,,
1050008,方块被挖掘,1,5,1,0,当 方块 被挖掘,4,暂时不要,40003|40009|60009|80006|80008,,,,,,,,,,,,,,,,,,,,,,,,,,,306231,1,1.42.0,136,,
1050001,方块被挖掘完毕,1,5,1,0,当 方块 被挖掘完毕,4,暂时不要,40003|40009|60009|80006|80008,,,,,,,,,,,,,,,,,,,,,,,,,0,,306379,1,1.42.0,137,,
1050009,方块被挖掘中断,1,5,1,0,当 方块 被挖掘但中断,4,暂时不要,40003|40009|60009|80006|80008,,,,,,,,,,,,,,,,,,,,,,,,,,100,306380,1,1.42.0,138,,
1050003,方块开关状态改变,1,5,1,0,当 方块 开关状态发生改变,4,暂时不要,40003|40009,,,,,,,,,,,,,,,,,,,,,,,,,0,100,306381,1,1.42.0,139,,
60107002,方块开关状态改变,1,5,1,0,当 方块 %1 发生改变,4,"3,6",40003|40009|60505020,,,3037|1|2,5|3370001,,,,,,,,,,,,,,,,,,,,,0,,306463,1,1.44.0,140,,
60107093,此类方块开关状态改变,1,5,1,0,当此类方块%1发生改变,4,5,40003|40009|60505020,,,3037|1|2,5|3370001,,,,,,,,,,,,,,,,,,,,,0,,306464,1,1.44.0,141,,
1050004,储存容器道具发生改变,1,5,1,0,当 储存容器 内道具发生改变,4,暂时不要,40003|40009|90014,,,,,,,,,,,,,,,,,,,,,,,,,0,,306383,1,1.42.0,142,,
60107003,储存容器道具发生改变,1,5,1,0,当 储存容器 内 %1,4,"3,6",40003|40009|90014|60505020,,,3038|1|2,5|3380001,,,,,,,,,,,,,,,,,,,,,0,100,306465,1,1.44.0,143,,
60107094,此类储存容器道具发生改变,1,5,1,0,当 储存容器 内 %1,4,5,40003|40009|90014|60505020,,,3038|1|2,5|3380001,,,,,,,,,,,,,,,,,,,,,0,100,306466,1,1.44.0,144,,
1050006,储存容器被放入道具,1,5,1,0,当 储存容器 被放入道具,4,暂时不要,40003|40009|90014,,,,,,,,,,,,,,,,,,,,,,,,,0,,306384,1,1.42.0,145,,
1050007,储存容器被取出道具,1,5,1,0,当 储存容器 被取出道具,4,暂时不要,40003|40009|90014,,,,,,,,,,,,,,,,,,,,,,,,,0,,306385,1,1.42.0,146,,
1050014,此方块被创建,1,5,1,0,当 此类方块 被创建,4,暂时不要,40003|40009,,,,,,,,,,,,,,,,,,,,,,,,,,100,,,1.42.0,147,,
1050013,此方块被破坏,1,5,1,0,当 此类方块 被破坏,4,暂时不要,60009|80006,,,,,,,,,,,,,,,,,,,,,,,,,,,,,1.42.0,148,,
1050010,此方块被挖掘,1,5,1,0,当 此类方块 被挖掘,4,暂时不要,60009|80006|80008|40003|40009,,,,,,,,,,,,,,,,,,,,,,,,,,,,,1.42.0,149,,
1050011,此方块被挖掘完毕,1,5,1,0,当 此类方块 完成挖掘,4,暂时不要,60009|80006|80008|40003|40009,,,,,,,,,,,,,,,,,,,,,,,,,,,,,1.42.0,150,,
1050012,此方块被挖掘中断,1,5,1,0,当 此类方块 挖掘中断,4,暂时不要,60009|80006|80008|40003|40009,,,,,,,,,,,,,,,,,,,,,,,,,,100,,,1.42.0,151,,
1050015,此方块开关状态改变,1,5,1,0,当 此类方块 的开关状态发生改变,4,暂时不要,60009|80006|80008|40003|40009,,,,,,,,,,,,,,,,,,,,,,,,,,,,,1.42.0,152,,
1050016,此方块被获取,1,5,1,0,当 玩家/生物 获取此类方块 ,4,暂时不要,60009|80006|80008|40003|40009,,,,,,,,,,,,,,,,,,,,,,,,,,,,,1.42.0,153,,
1050017,此方块被玩家点击,1,5,1,0,当 玩家 点击此类方块,4,暂时不要,60009|40003|40009,,,,,,,,,,,,,,,,,,,,,,,,,,,,,1.42.0,154,,
1020015,当蓝图放置时,1,5,1,0,当 蓝图 被放置,4,暂时不要,40022,,,,,,,,,,,,,,,,,,,,,,,,,,,306382,1,1.42.0,155,,
1060009,此道具被获取,1,6,1,0,当 此类道具 被玩家/生物获取,2,暂时不要,60009|80006|80008|90016|40003|90014,,,,,,,,,,,,,,,,,,,,,,,,,,100,,,1.42.0,156,,
1060010,此道具被丢弃,1,6,1,0,当 此类道具 被丢弃,2,暂时不要,60009|90016|40003|90014,,,,,,,,,,,,,,,,,,,,,,,,,,,,,1.42.0,157,,
1060011,此道具消失,1,6,1,0,当 此类道具 掉落物消失,2,暂时不要,40003|90014,,,,,,,,,,,,,,,,,,,,,,,,,,,,,1.42.0,158,,
1060015,此道具被消耗,1,6,1,0,当 此类道具 被消耗,2,暂时不要,40003|90014|80006|80008|60009,,,,,,,,,,,,,,,,,,,,,,,,,,,,,1.42.0,159,,
1060020,此道具被使用,1,6,1,0,当 此类道具 被玩家使用,2,暂时不要,40003|90014|60009,,,,,,,,,,,,,,,,,,,,,,,,,,,306024,1,1.42.0,160,,
1060012,此道具损坏,1,6,1,0,当 此类道具 损坏,2,暂时不要,40003|90014,,,,,,,,,,,,,,,,,,,,,,,,,,,,,1.42.0,161,,
1060013,此投掷物击中目标,1,6,1,0,当 此类投掷物 击中任意目标,2,暂时不要,90015|40003|90014|80007|80009|60010|40009|60011|80012,,,,,,,,,,,,,,,,,,,,,,,,,,,,,1.42.0,162,,
1060014,此投掷物被创建或消耗,1,6,1,0,当 此类投掷物 被创建或消耗,2,暂时不要,90015|40003|90014|80006|80008|60009|60011|80012,,,,,,,,,,,,,,,,,,,,,,,,,,,,,1.42.0,163,,
1060016,此包裹被打开,1,6,1,0,当 此类包裹道具 被打开,2,暂时不要,40003|90014|60009,,,,,,,,,,,,,,,,,,,,,,,,,,,,,1.42.0,164,,
1060017,此装备被穿上,1,6,1,0,当 此类装备道具 被穿上,2,暂时不要,40003|90014|60009,,,,,,,,,,,,,,,,,,,,,,,,,,,,,1.42.0,165,,
1060018,此装备被脱下,1,6,1,0,当 此类装备道具 被脱下,2,暂时不要,40003|90014|60009,,,,,,,,,,,,,,,,,,,,,,,,,,,,,1.42.0,166,,
1060019,此装备被破坏,1,6,1,0,当 此类装备道具 被玩家/生物破坏,2,暂时不要,40003|90014|60009,,,,,,,,,,,,,,,,,,,,,,,,,,100,,,1.42.0,167,,
1130001,音乐播放,1,15,1,0,当 2D音乐 开始播放,17,暂时不要,60009|40017|40003,,,,,,,,,,,,,,,,,,,,,,,,,,,306395,1,1.42.0,168,,
1120002,界面被打开,1,13,1,0,当前界面被打开,6,暂时不要,40014|40003|60009,,,,,,,,,,,,,,,,,,,,,,,,,,,306021,1,1.42.0,169,,
1120003,界面关闭,1,13,1,0,当前界面关闭,6,暂时不要,40014|40003|60009,,,,,,,,,,,,,,,,,,,,,,,,,,,306399,1,1.42.0,170,,
60109001,界面被打开|关闭,1,13,1,0,当前界面被%1,6,6,40014|40003|60009|60505020,,,1013|1|2,5|100001,,,,,,,,,,,,,,,,,,,,,,100,306467,1,1.44.0,171,,
1120006,当前界面的 按钮 被松开,1,13,1,1,当前界面的%1被松开,6,暂时不要,60009|40013|40003,,,1075|1|0,,,,,,,,,,,,,,,,,,,,,,,,306022,1,1.42.0,172,,
1120007,当前界面的 按钮 被按下,1,13,1,1,当前界面的%1被按下,6,暂时不要,60009|40013|40003,,,1075|1|0,,,,,,,,,,,,,,,,,,,,,,,,306023,1,1.42.0,173,,
1120001,按钮被松开,1,13,1,0,当前界面任意按钮被松开,6,暂时不要,60009|40013|40003,,,,,,,,,,,,,,,,,,,,,,,,,,,306402,1,1.42.0,174,,
1120004,按钮被按下,1,13,1,0,当前界面任意按钮被按下,6,暂时不要,60009|40013|40003,,,,,,,,,,,,,,,,,,,,,,,,,,100,306403,1,1.42.0,175,,
60109002,当前界面的 按钮 被点按,1,13,1,1,当前界面的%1被%2,6,6,60009|40013|40003|60505020,,,1075|1|0,,3021|1|2,5|3210001,,,,,,,,,,,,,,,,,,,,,306468,1,1.44.0,176,,
60109004,当前界面的 任意按钮 被点按,1,13,1,0,当前界面任意按钮被%1,6,6,60009|40013|40003|60505020,,,3021|1|2,5|3210001,,,,,,,,,,,,,,,,,,,,,,100,306469,1,1.44.0,177,,
1120009,当前界面的 模型 被松开,1,13,1,1,当前界面的%1被松开,6,暂时不要,60009|40013|40003,,,1075|1|0,,,,,,,,,,,,,,,,,,,,,,,,306400,1,1.42.0,178,,
1120010,当前界面的 模型 被按下,1,13,1,1,当前界面的%1被按下,6,暂时不要,60009|40013|40003,,,1075|1|0,,,,,,,,,,,,,,,,,,,,,,,,306401,1,1.42.0,179,,
60109003,当前界面的 模型 被点按,1,13,1,1,当前界面的%1被%2,6,6,60009|40013|40003|60505020,,,1075|1|0,,3021|1|2,5|3210001,,,,,,,,,,,,,,,,,,,,100,306470,1,1.44.0,180,,
60109005,当前界面的 滚动容器 被滑动,1,13,1,1,当前界面的%1%2,6,6,60009|40013|40003|60505020,,,1075|1|0,,3153|1|2,5|4530001,,,,,,,,,,,,,,,,,,,,100,306470,1,1.53.0,180,,
1120005,玩家在界面输入字符串,1,13,1,0,当 玩家 在界面输入任意字符串,6,6,60009|40015|40013|60506007,,,,0|60009,,,,,,,,,,,,,,,,,,,,,,,306471,1,1.42.0,181,,
1120008,当 玩家 在当前界面的输入框输入内容,1,13,1,1,当 玩家 在当前界面的%1输入内容,6,6,60009|40015|40013|60506007,,,1075|1|0,,,,,,,,,,,,,,,,,,,,,,,100,306472,1,1.42.0,182,,
1120011,当前界面的 元件 动画装载器播放完毕,1,13,1,1,当前界面的%1播放动画完毕,6,6,60009|40013|40003|60505020,,,1075|1|0,,,,,,,,,,,,,,,,,,,,,,,100,306473,1,1.42.0,183,,
60113001,当特效创建在任意位置,1,14,1,0,当 特效 创建在%1,13,"3,6",90016|40003|40007|60009|80006|90015|60505020,,,3018|1|2,5|3180001,,,,,,,,,,,,,,,,,,,,,0,100,306474,1,1.44.0,184,,
1140001,大会员购买（1个月）,1,17,1,0,当 玩家 购买1个月大会员,8,暂时不要,60009|40003,,,,0|60009,,,,,,,,,,,,,,,,,,,,,6,,,,1.42.0,185,,
1140002,大会员购买（3个月）,1,17,1,0,当 玩家 购买3个月大会员,8,暂时不要,60009|40003,,,,0|60009,,,,,,,,,,,,,,,,,,,,,6,,,,1.42.0,186,,
1140003,任意玩家购买或提取开发者商店道具,1,17,1,,当 玩家 购买或提取开发者商店道具,8,-1,90014|60009|40003|60505020,,,,,,,,,,,,,,,,,,,,,,,,,1,,,,1.42.0,187,,
60105003,对象被创建、生物创建、玩家创建、投掷物创建、掉落物创建、实体创建、区域创建,1,31,1,0,当 %1 被创建,31,"3,6",80006|80008|40003|60009|60505007|90016|60526001|90015|60510001|40022|60505020,,,3030|1|2,5|3300002,,,,,,,,,,,,,,,,,,,,,0,,306475,1,1.44.0,188,,
60101001,当对象的当前组件属性发生改变,1,31,1,1,当%1的当前组件%2的%3发生改变时,11,"0,1,2,3,4,6,14,16",,,,1048|1|0,,3002|0|0,,3003|0|0,,,,,,,,,,,,,,,,,,,100,,,1.44.0,189,,
60101003,当此组件卸载时,1,31,1,0,当此组件卸载时,31,"0,1,2,4,6,14,16,1001",80006|80008|40003|60009|60505007|90016|60526001|90015,,,,,,,,,,,,,,,,,,,,,,,,,,100,306476,1,1.44.0,190,,
60105001,当对象发生碰撞,1,31,1,1,当 %1和%2 %3,31,"3,6",80006|80008|40003|60009|60505007|90016|60526001|90015|80007|60526001|60526002|60010|80007|80009|60505007|60505008|60506008|60506007|60505020,,,3030|1|2,5|3300001,3030|1|2,5|3300001,3035|1|2,5|3350001,,,,,,,,,,,,,,,,,0,,306477,1,1.44.0,191,,
60105002,当对象进入区域,1,31,1,1,当 %1 %2 %3,31,"3,6",80006|80008|40003|60009|60505007|90016|60526001|90015|60505020,,,3030|1|2,5|3300001,3025|1|2,5|3250001,3016|1|0,,,,,,,,,,,,,,,,,,0,,306815,1,1.44.0,192,,
60105004,当此对象播放动画时,1,31,1,1,当此对象播放动作时,31,"0,1,2,4,14,16,1001",80006|80008|40003|60009|60505007|90016|60526001|90015|60502005|60505020,,,,,,,,,,,,,,,,,,,,,,,,,,,306816,1,1.44.0,193,,
60106002,当角色攻击|击败目标,1,32,1,1,当 %1 %2,32,"3,6",80006|60009|60506007|40003|60010|80007|80009|40023|60506008|60505020,,,3022|1|2,5|3220001,3026|1|2,5|3260001,,,,,,,,,,,,,,,,,,,0,,306817,1,1.44.0,194,,
60106502,当此角色进行攻击,1,32,1,0,当 此角色%1,32,"1,2,1001,",80006|60009|60506007|40003|60010|80007|80009|40023|60506008|60505020,,,3026|1|2,5|3260001,,,,,,,,,,,,,,,,,,,,,0,,306818,1,1.44.0,195,,
60106013,此角色被玩家点击,1,32,1,0,当 此角色 被玩家点击,32,"1,2,1001,",60506007|60009|80006|40003|60010|80007|60505020,,,,,,,,,,,,,,,,,,,,,,,,,0,,306819,1,1.44.0,196,,
60106010,此角色发生碰撞,1,32,1,0,当 此角色和%1 %2,32,"1,2",60506007|60009|80006|40003|60010|80007|60505020,,,3030|1|2,5|3300001,3035|1|2,5|3350001,,,,,,,,,,,,,,,,,,,0,,306028,1,1.44.0,197,,
60106001,当角色被攻击|被击败,1,32,1,1,当 %1 %2,32,"3,6",40003|60009|80006|60506007|60010|80007|60506008|80008|60505020,,,3022|1|2,5|3220001,3023|1|2,5|3230001,,,,,,,,,,,,,,,,,,,0,100,306820,1,1.44.0,198,,
60106501,当此角色被攻击,1,32,1,0,当 此角色 %1,32,"1,2,1001,",40003|60009|80006|60506007|60010|80007|60506008|80008|60505020,,,3023|1|2,5|3230001,,,,,,,,,,,,,,,,,,,,,0,100,306821,1,1.44.0,199,,
60106005,当角色属性改变,1,32,1,1,当 %1 的%2属性改变,32,"3,6",80006|60009|40003|60506007|60505020|60501056,,,3022|1|2,5|3220001,3104|1|2,5|4040001,,,,,,,,,,,,,,,,,,,0,,306822,1,1.44.0,200,,
60106801,当此角色属性改变,1,32,1,0,当 此角色 的%1属性改变,32,"1,2,1001,",80006|60009|40003|60506007|60505020|60501056,,,3104|1|2,5|4040001,,,,,,,,,,,,,,,,,,,,,0,,306823,1,1.44.0,201,,
60106009,当角色权限改变,1,32,1,1,当 %1%2权限发生改变,32,"3,6",40003|60506007|60009|80006|60501013|60505020,,,3022|1|2,5|3220001,3108|1|2,5|4080001,,,,,,,,,,,,,,,,,,,0,,306478,1,1.44.0,202,,
60106509,当此角色权限改变,1,32,1,0,当 此角色 %1权限发生改变,32,"1,2,1001,",40003|60506007|60009|80006|60501013|60505020,,,3108|1|2,5|4080001,,,,,,,,,,,,,,,,,,,,,0,,306479,1,1.44.0,203,,
60106004,当角色获得状态,1,32,1,1,当 %1 %2 状态,32,"3,6",40003|40006|60506007|60009|80006|60505020,,,3022|1|2,5|3220001,3029|1|2,5|3290001,,,,,,,,,,,,,,,,,,,0,,306480,1,1.44.0,204,,
60106504,此角色获得|失去状态,1,32,1,1,当 此角色%1 状态,3,"1,2,1001,",40003|40006|60506007|60009|80006|60505020,,,3029|1|2,5|3290001,,,,,,,,,,,,,,,,,,,,,0,100,306481,1,1.44.0,205,,
60106006,当角色举起角色,1,32,1,1,当 %1 %2 %3,32,"3,6",80006|60009|60506007|40003|60010|80007|80009|60506008|60505020,,,3022|1|2,5|3220001,3117|1|2,5|4170001,3022|1|2,5|3220001,,,,,,,,,,,,,,,,,0,,,,1.46.0,206,,
60132016,角色骑乘,1,32,1,0,当%1 骑乘坐骑/载具,3,"3,6",60009|40003|80007|80009|60505020,,,3022|1|2,5|3220001,,,,,,,,,,,,,,,,,,,,,0,,306211,1,1.42.0,207,,
60132017,角色取消骑乘,1,32,1,0,当 %1 取消骑乘,3,"3,6",60009|40003|80007|80009|60505020,,,3022|1|2,5|3220001,,,,,,,,,,,,,,,,,,,,,0,100,306212,1,1.42.0,208,,
60132516,此角色骑乘,1,32,1,0,当 此角色 骑乘坐骑/载具,3,"1,2,1001,",60009|40003|80007|80009|60505020,,,,,,,,,,,,,,,,,,,,,,,,,0,,306211,1,1.42.0,209,,
60132517,此角色取消骑乘,1,32,1,0,当 此角色 取消骑乘,3,"1,2,1001,",60009|40003|80007|80009|60505020,,,,,,,,,,,,,,,,,,,,,,,,,0,100,306212,1,1.42.0,210,,
60106007,当角色主模型改变,1,32,1,1,当 %1 的主模型改变,32,"3,6",80006|60009|40003|60506007|60505020,,,3022|1|2,5|3220001,,,,,,,,,,,,,,,,,,,,,0,,306822,1,1.56.0,200,,
60103008,当玩家运动状态发生改变,1,3,1,1,当 玩家%1,3,暂时不要,40003|60505007|60009|80006|60501013|60505020,,,3111|1|2,5|4110002,,,,,,,,,,,,,,,,,,,,,,,306482,1,1.44.0,211,,
60103009,当玩家运动状态发生改变,1,3,1,1,当 玩家%2%1,3,"3,6",40003|60505007|60009|80006|60501013|60505020,,,3111|1|2,5|4110002,3025|1|2,5|3250001,,,,,,,,,,,,,,,,,,,,,306482,1,1.44.0,211,,
60103508,当此玩家运动状态发生改变,1,3,1,0,当 此玩家%1,32,暂时不要,40003|60505007|60009|80006|60501013|60505020,,,3111|1|2,5|4110002,,,,,,,,,,,,,,,,,,,,,,,306483,1,1.44.0,212,,
60103509,当此玩家运动状态发生改变,1,3,1,0,当 此玩家%2%1,32,"2,1001,",40003|60505007|60009|80006|60501013|60505020,,,3111|1|2,5|4110002,3025|1|2,5|3250001,,,,,,,,,,,,,,,,,,,,,306483,1,1.44.0,212,,
1060008,投掷物创建,1,34,1,0,当 投掷物 被创建,34,"3,6",90015|90014|60009|80006|80008|40003|60011|80012|60510001|60505020,,,,,,,,,,,,,,,,,,,,,,,,,0,,306484,1,1.42.0,213,,
1060001,投掷物击中目标,1,34,1,0,当 投掷物 击中任意玩家/生物/方块,34,暂时不要,90015|90014|60010|80007|80009|40003|60011|80012|60510001,,,,,,,,,,,,,,,,,,,,,,,,,0,,306030,1,1.42.0,214,,
60110001,投掷物击中任意对象,1,34,1,0,当 投掷物 击中 %1,34,"3,6",90015|90014|60010|80007|80009|40003|60011|80012|60510001|60505020,,,3028|1|2,5|3280001,,,,,,,,,,,,,,,,,,,,,0,,306485,1,1.44.0,215,,
1060002,投掷物进入区域,1,34,1,0,当 投掷物 进入%1,34,暂时不要,90015|90014|40003|60011|80012|60510001,,,1001|1|0,,,,,,,,,,,,,,,,,,,,,,0,,306387,1,1.42.0,216,,
1060003,投掷物离开区域,1,34,1,0,当 投掷物 离开%1,34,暂时不要,90015|90014|40003|60011|80012|60510001,,,1001|1|0,,,,,,,,,,,,,,,,,,,,,,0,,306388,1,1.42.0,217,,
1060021,当掉落物创建,1,35,1,1,当掉落物以%1被创建,35,"3,6",90016|40003|90014|60505020,,,1100|1|0,5|690004,,,,,,,,,,,,,,,,,,,,,0,,306486,1,1.44.0,218,,
1060022,当掉落物以任意方式被创建,1,35,1,0,当掉落物以任意方式被创建,35,暂时不要,90016|40003|90014,,,,,,,,,,,,,,,,,,,,,,,,,0,100,306394,1,1.42.0,219,,
1060006,掉落物被拾取,1,35,1,0,当 掉落物 被拾取,35,暂时不要,90016|90014|40003,,,,,,,,,,,,,,,,,,,,,,,,,0,,306389,1,1.42.0,220,,
1060007,掉落物消失,1,35,1,0,当 掉落物 消失,35,暂时不要,90016|90014|40003,,,,,,,,,,,,,,,,,,,,,,,,,0,100,306390,1,1.42.0,221,,
60111001,掉落物被拾取,1,35,1,0,当 掉落物 %1,35,"3,6",90016|90014|40003|60009|60505020,,,3039|1|2,5|3390001,,,,,,,,,,,,,,,,,,,,,0,,306487,1,1.44.0,222,,
1060004,掉落物进入区域,1,35,1,0,当 掉落物 进入%1,35,暂时不要,90016|90014|40003,,,1001|1|0,,,,,,,,,,,,,,,,,,,,,,0,,306391,1,1.42.0,223,,
1060005,掉落物离开区域,1,35,1,0,当 掉落物 离开%1,35,暂时不要,90016|90014|40003,,,1001|1|0,,,,,,,,,,,,,,,,,,,,,,0,,306392,1,1.42.0,224,,
2020001,游戏时间,2,2,2,1,%1%2%3,,-1,,1,13,1005|1|0,3|30001,1016|1|2,5|120001,1005|1|0,,,,,,,,,,,,,,,,,,0,,306488,1,1.42.0,225,,
2020003,天气判断,2,2,2,1,%1%2%3,,-1,,1,13,1000|1|0,3|100018,1012|1|2,5|90001,1000|1|0,5|10003,,,,,,,,,,,,,,,,,0,,306489,1,1.42.0,226,,
2020004,重力判断,2,2,2,1,%1%2%3,,-1,,1,13,1005|1|0,3|30003,1016|1|2,5|120001,1005|1|0,,,,,,,,,,,,,,,,,,0,95,306490,1,1.42.0,227,,
60402006,位置所在区域是否加载,2,2,2,1,%1所在区域是否加载，位置在%2,,-1,,1,13,1002|1|0,,3143|1|0,3|60505020,,,,,,,,,,,,,,,,,,,,,,,,,,
60402005,游戏模式判断,2,2,2,1,当前%1%2,,-1,,1,13,3100|1|2,5|4000001,3127|1|2,5|4270001,,,,,,,,,,,,,,,,,,,0,,,1,1.45.0,228,,
60402004,地形组判断,2,2,2,1,%1%2%3,,-1,,1,13,1137|1|0,3|60502002,1012|1|2,5|90001,1137|1|0,5|990010,,,,,,,,,,,,,,,,,0,,,1,1.45.0,229,,
2010005,位置的坐标值,2,2,2,1,%1%2%3,,-1,,1,13,1005|1|0,3|20006,1016|1|2,5|120001,1005|1|0,,,,,,,,,,,,,,,,,,0,,306491,1,1.42.0,230,,
100006,位置处于区域判断,2,2,2,1,%1%2处于%3中,,-1,,1,13,1002|1|0,,1012|1|2,5|90001,1001|1|0,,,,,,,,,,,,,,,,,,,,306492,1,1.42.0,231,,
2090001,位置与位置之间的距离,2,2,2,1,%1%2%3,,-1,,1,13,1005|1|0,3|100002,1016|1|2,5|120001,1005|1|0,,,,,,,,,,,,,,,,,,0,,306493,1,1.42.0,232,,
2010006,位置与位置的水平角度,2,2,2,1,%1%2%3,,-1,,1,13,1005|1|0,3|60524004,1016|1|2,5|120001,1005|1|0,,,,,,,,,,,,,,,,,,0,,306494,1,1.42.0,233,,
2010007,位置与位置的垂直角度,2,2,2,1,%1%2%3,,暂时不要,,1,13,1005|1|0,3|20008,1016|1|2,5|120001,1005|1|0,,,,,,,,,,,,,,,,,,0,95,,,1.42.0,234,,
2030001,队伍属性判断,2,2,2,1,%1%2%3,,暂时不要,,1,13,1005|1|0,3|40001,1016|1|2,5|120001,1005|1|0,,,,,,,,,,,,,,,,,,0,,,,1.42.0,235,,
60402002,播放动作判断,2,2,2,1,%1%2%3,,-1,,1,13,3112|1|0,2|100100,1012|1|2,5|90001,3112|1|0,2|100100,,,,,,,,,,,,,,,,,,,306495,1,1.44.0,236,,
2140001,状态判断,2,2,2,1,%1%2%3,,-1,,1,13,1037|1|0,3|40006,1012|1|2,5|90001,1037|1|0,2|4001,,,,,,,,,,,,,,,,,0,,306496,1,1.42.0,237,,
60402001,伤害类型判断,2,2,2,1,%1是%2,,暂时不要,,1,13,1011|1|0,,1011|1|0,,,,,,,,,,,,,,,,,,,,,95,,,1.44.0,238,,
2020005,触发器状态判断,2,2,2,1,%1为启用状态,,-1,,1,13,1038|1|0,,,,,,,,,,,,,,,,,,,,,,0,,306497,1,1.42.0,239,,
60425001,判断预制的类型,2,31,2,1,%1 是 %2,,暂时不要,,1,13,3083|1|0,,3098|1|2,5|3980002,,,,,,,,,,,,,,,,,,,,,,,1.44.0,240,,
2020006,触发器组状态判断,2,2,2,1,%1为启用状态,,暂时不要,,1,13,1039|1|0,,,,,,,,,,,,,,,,,,,,,,0,,,,1.42.0,241,,
2040010,动画表情判断,2,3,2,1,%1%2为%3,,暂时不要,,1,13,1041|1|0,3|40005,1012|1|2,5|90001,1041|1|0,2|1,,,,,,,,,,,,,,,,,0,,306090,1,1.42.0,242,,
2040008,玩家处于区域的判断,2,3,2,1,%1%2处于%3中,,暂时不要,,1,13,1018|1|0,3|60009,1012|1|2,5|90001,1001|1|0,,,,,,,,,,,,,,,,,,0,,306163,1,1.42.0,243,,
2040004,玩家队伍判断,2,3,2,1,%1%2%3,,暂时不要,,1,13,1023|1|0,3|50018,1012|1|2,5|90001,1023|1|0,5|170001,,,,,,,,,,,,,,,,,0,,306099,1,1.42.0,244,,
2040001,玩家属性判断,2,3,2,1,%1%2%3,,暂时不要,,1,13,1005|1|0,3|50003,1016|1|2,5|120001,1005|1|0,,,,,,,,,,,,,,,,,,0,,306088,1,1.42.0,245,,
2040005,玩家个体判断,2,3,2,1,%1%2%3,,-1,,1,13,1018|1|0,3|60009,1012|1|2,5|90001,1018|1|0,,,,,,,,,,,,,,,,,,0,95,306498,1,1.42.0,246,,
2040009,玩家状态判断,2,3,2,1,%1%2处于%3中,,-1,,1,13,1018|1|0,3|60009,1012|1|2,5|90001,1037|1|0,2|4001,,,,,,,,,,,,,,,,,0,,306499,1,1.42.0,247,,
2040011,玩家设置判断,2,3,2,1,%1的%2为%3,,-1,,1,13,1018|1|0,3|60009,1022|1|2,5|160001,1014|1|0,5|320002,,,,,,,,,,,,,,,,,0,95,306500,1,1.42.0,248,,
2040016,玩家外观判断,2,3,2,1,%1%2%3,,暂时不要,,1,13,1060|1|0,3|50037,1012|1|2,5|90001,1060|1|0,2|163,,,,,,,,,,,,,,,,,,,,,1.42.0,249,,
2040017,玩家背包空间判断,2,3,2,1,%1的快捷栏和背包能存下%2个%3为%4,,暂时不要,,1,13,1018|1|0,3|60009,1005|1|0,1|1,1028|1|0,2|200,1014|1|0,5|320001,,,,,,,,,,,,,,,0,,306501,1,1.42.0,250,,
60403001,玩家背包空间判断,2,3,2,1,%1的快捷栏和背包能否存下%2个%3,,-1,,1,13,1018|1|0,3|60009,1005|1|0,1|1,1028|1|0,2|200,1014|1|0,5|320001,,,,,,,,,,,,,,,0,,306162,1,1.44.0,251,,
2040018,玩家背包持有道具判断,2,3,2,1,%1的%2持有%3为%4,,暂时不要,,1,13,1018|1|0,3|60009,1103|1|0,5|710002,1028|1|0,2|200,1014|1|0,5|320001,,,,,,,,,,,,,,,0,,306502,1,1.42.0,252,,
60403002,玩家背包持有道具判断,2,3,2,1,%1的%2持有%3,,-1,,1,13,1018|1|0,3|60009,1103|1|0,5|710002,1028|1|0,2|200,1014|1|0,5|320001,,,,,,,,,,,,,,,0,,306089,1,1.44.0,253,,
2040002,拥有的道具数量,2,3,2,1,%1%2%3,,-1,,1,13,1005|1|0,3|50004,1016|1|2,5|120001,1005|1|0,,,,,,,,,,,,,,,,,,0,,306503,1,1.42.0,254,,
2040012,选择快捷栏键位,2,3,2,1,%1%2%3,,-1,,1,13,1052|1|0,3|40011,1012|1|2,5|90001,1052|1|0,5|390001,,,,,,,,,,,,,,,,,0,,306504,1,1.42.0,255,,
2040013,手持道具类型判断,2,3,2,1,%1%2%3,,-1,,1,13,1028|1|0,3|50034,1012|1|2,5|90001,1028|1|0,2|200,,,,,,,,,,,,,,,,,,,306505,1,1.42.0,256,,
2040014,装备栏判断,2,3,2,1,%1%2%3,,-1,,1,13,1054|1|0,3|40012,1012|1|2,5|90001,1054|1|0,5|420001,,,,,,,,,,,,,,,,,,,306506,1,1.42.0,257,,
2040015,玩家穿有装备判断,2,3,2,1,%1%2穿有%3,,-1,,1,13,1018|1|0,3|60009,1012|1|2,5|90001,1055|1|0,2|12202,,,,,,,,,,,,,,,,,,95,306507,1,1.42.0,258,,
2040020,判断玩家好友关系,2,3,2,1,%1%2是好友关系为%3,,-1,,1,13,1018|1|0,3|60009,1018|1|0,3|60010,1014|1|0,5|320001,,,,,,,,,,,,,,,,,0,,306508,1,1.42.0,259,,
60403004,玩家的视角判断,2,3,2,1,%1%2%3,,-1,,1,13,1004|1|0,3|60503010,1016|1|2,5|120001,1004|1|0,5|30001,,,,,,,,,,,,,,,,,0,,306152,1,1.42.0,260,,
2040021,玩家是否关注作者,2,3,2,1,%1已经%2,,暂时不要,,1,13,1018|1|0,3|60009,1141|1|2,5|1420001,,,,,,,,,,,,,,,,,,,3,95,,,1.42.0,261,,
2040006,玩家面向角度,2,3,2,1,%1%2%3,,暂时不要,,1,13,1005|1|0,3|50006,1016|1|2,5|120001,1005|1|0,,,,,,,,,,,,,,,,,,0,,306152,1,1.42.0,262,,
2020002,玩家数量,2,3,2,1,%1%2%3,,暂时不要,,1,13,1005|1|0,3|60003,1016|1|2,5|120001,1005|1|0,,,,,,,,,,,,,,,,,,0,,306083,1,1.42.0,263,,
60403003,玩家组数量判断,2,3,2,1,%1%2%3,,-1,,1,13,1005|1|0,3|60003,1016|1|2,5|120001,1005|1|0,,,,,,,,,,,,,,,,,,0,,306509,1,1.44.0,264,,
2040007,处于玩家组的判断,2,3,2,1,%1%2处于%3中,,-1,,1,13,1018|1|0,3|60009,1012|1|2,5|90001,1019|1|0,,,,,,,,,,,,,,,,,,0,,306510,1,1.42.0,265,,
2040003,玩家组中玩家编号判断,2,3,2,1,%1%2%3,,-1,,1,13,1005|1|0,3|60002,1016|1|2,5|120001,1005|1|0,,,,,,,,,,,,,,,,,,0,,306511,1,1.42.0,266,,
2050001,玩家组中的玩家数量,2,3,2,1,%1%2%3,,-1,,1,13,1005|1|0,3|60001,1016|1|2,5|120001,1005|1|0,,,,,,,,,,,,,,,,,,0,,306512,1,1.42.0,267,,
2050002,玩家组中的玩家的编号,2,3,2,1,%1%2%3,,-1,,1,13,1005|1|0,3|60002,1016|1|2,5|120001,1005|1|0,,,,,,,,,,,,,,,,,,0,,306513,1,1.42.0,268,,
2050003,玩家组中指定编号的玩家,2,3,2,1,%1%2%3,,-1,,1,13,1018|1|0,3|60004,1012|1|2,5|90001,1018|1|0,,,,,,,,,,,,,,,,,,0,95,306514,1,1.42.0,269,,
2110001,特定玩家的载具,2,3,2,1,%1%2%3,,-1,,1,13,1031|1|0,3|110001,1012|1|2,5|90001,1031|1|0,,,,,,,,,,,,,,,,,,0,,306515,1,1.42.0,270,,
2060007,生物处于区域的判断,2,4,2,1,%1%2处于%3中,,暂时不要,,1,13,1031|1|0,3|80006,1012|1|2,5|90001,1001|1|0,,,,,,,,,,,,,,,,,,0,95,306164,1,1.42.0,271,,
2060009,生物队伍判断,2,4,2,1,%1%2%3,,暂时不要,,1,13,1023|1|0,3|70012,1012|1|2,5|90001,1023|1|0,,,,,,,,,,,,,,,,,,0,,,,1.42.0,272,,
2060001,生物属性,2,4,2,1,%1%2%3,,暂时不要,,1,13,1005|1|0,3|70002,1016|1|2,5|120001,1005|1|0,,,,,,,,,,,,,,,,,,0,,306094,1,1.42.0,273,,
2060004,个体生物类型判断,2,4,2,1,%1%2%3,,-1,,1,13,1031|1|0,3|80006,1012|1|2,5|90001,1032|1|0,2|3400,,,,,,,,,,,,,,,,,0,,306516,1,1.42.0,274,,
2060013,生物类型判断,2,4,2,1,%1%2%3,,-1,,1,13,1032|1|0,2|3400,1012|1|2,5|90001,1032|1|0,2|3400,,,,,,,,,,,,,,,,,,,306517,1,1.42.0,275,,
2060008,生物状态判断,2,4,2,1,%1%2处于%3中,,-1,,1,13,1031|1|0,3|80006,1012|1|2,5|90001,1037|1|0,2|4001,,,,,,,,,,,,,,,,,0,,306518,1,1.42.0,276,,
2060011,生物设置判断,2,4,2,1,%1的%2为%3,,-1,,1,13,1031|1|0,3|80006,1036|1|2,5|220001,1014|1|0,5|320002,,,,,,,,,,,,,,,,,0,95,306519,1,1.42.0,277,,
2060012,生物外观判断,2,4,2,1,%1%2%3,,暂时不要,,1,13,1060|1|0,3|70017,1012|1|2,5|90001,1060|1|0,2|163,,,,,,,,,,,,,,,,,,,,,1.42.0,278,,
2060006,生物面向角度,2,4,2,1,%1%2%3,,暂时不要,,1,13,1005|1|0,3|70005,1016|1|2,5|120001,1005|1|0,,,,,,,,,,,,,,,,,,0,,,,1.42.0,279,,
2060005,生物个体判断,2,4,2,1,%1%2%3,,-1,,1,13,1031|1|0,3|80006,1012|1|2,5|90001,1031|1|0,,,,,,,,,,,,,,,,,,0,,306520,1,1.42.0,280,,
2060003,处于生物组的判断,2,4,2,1,%1%2处于%3中,,-1,,1,13,1031|1|0,3|80006,1012|1|2,5|90001,1033|1|0,,,,,,,,,,,,,,,,,,0,,306521,1,1.42.0,281,,
2060010,生物组中生物编号判断,2,4,2,1,%1%2%3,,-1,,1,13,1005|1|0,3|70004,1016|1|2,5|120001,1005|1|0,,,,,,,,,,,,,,,,,,0,,306522,1,1.42.0,282,,
2070001,生物组中生物的数量,2,4,2,1,%1%2%3,,-1,,1,13,1005|1|0,3|80001,1016|1|2,5|120001,1005|1|0,,,,,,,,,,,,,,,,,,0,,306523,1,1.42.0,283,,
2070002,生物组中的指定编号的生物,2,4,2,1,%1%2%3,,-1,,1,13,1031|1|0,3|80002,1012|1|2,5|90001,1031|1|0,,,,,,,,,,,,,,,,,,0,,306524,1,1.42.0,284,,
2090002,方块类型判断,2,5,2,1,%1%2%3,,-1,,1,13,1025|1|0,3|100007,1012|1|2,5|90001,1025|1|0,2|200,,,,,,,,,,,,,,,,,0,,306525,1,1.42.0,285,,
2090003,方块开关状态判断,2,5,2,1,%1的方块开关状态为%2，位置在%3,,-1,,1,13,1002|1|0,,1013|1|2,5|100001,3143|1|0,3|60505020,,,,,,,,,,,,,,,,,0,,306526,1,1.42.0,286,,
2090005,方块朝向判断,2,5,2,1,处于%1的方块朝向%2为%3，位置在%4,,-1,,1,13,1002|1|0,3|40003,1003|1|2,5|20001,1014|1|0,5|320002,3143|1|0,3|60505020,,,,,,,,,,,,,,,0,95,306527,1,1.42.0,287,,
2090007,方块设置判断,2,5,2,1,%1的%2为%3,,-1,,1,13,1025|1|0,2|200,1026|1|2,5|190001,1014|1|0,5|320002,,,,,,,,,,,,,,,,,0,95,306528,1,1.42.0,288,,
2090006,指定位置的方块类型,2,5,2,1,处于%1的方块类型是%3为%2，位置在%4,,-1,,1,13,1002|1|0,3|40003,1014|1|0,5|320001,1025|1|0,2|200,3143|1|0,3|60505020,,,,,,,,,,,,,,,0,,306529,1,1.42.0,289,,
2090004,方块处于区域判断,2,5,2,1,%1%2处于%3中,,-1,,1,13,1025|1|0,2|200,1012|1|2,5|90001,1001|1|0,,,,,,,,,,,,,,,,,,0,95,306530,1,1.42.0,290,,
2080003,道具类型判断,2,6,2,1,%1%2%3,,-1,,1,13,1028|1|0,3|90014,1012|1|2,5|90001,1028|1|0,2|200,,,,,,,,,,,,,,,,,0,95,306531,1,1.42.0,291,,
2010001,数值对比,2,10,2,0,%1%2%3,,-1,,1,13,1005|1|0,1|0,1016|1|2,5|120001,1005|1|0,1|0,,,,,,,,,,,,,,,,,0,,306532,1,1.42.0,292,,
2100002,布尔值比较,2,10,2,0,%1%2%3,,-1,,1,13,1014|1|0,5|320001,1012|1|2,5|90001,1014|1|0,5|320001,,,,,,,,,,,,,,,,,0,,306533,1,1.42.0,293,,
2010019,逻辑与,2,10,2,0,%1与%2,,-1,,1,13,1014|1|0,5|320001,1014|1|0,5|320001,,,,,,,,,,,,,,,,,,,,,306534,1,1.42.0,294,,
2010020,逻辑或,2,10,2,0,%1或%2,,-1,,1,13,1014|1|0,5|320001,1014|1|0,5|320001,,,,,,,,,,,,,,,,,,,,,306535,1,1.42.0,295,,
20019,逻辑异或,2,10,2,0,%1异或%2,,-1,,1,13,1014|1|0,5|320001,1014|1|0,5|320001,,,,,,,,,,,,,,,,,,,,,306536,1,1.42.0,296,,
2010022,空值,2,10,2,1,%1是空值,,-1,,1,13,1053|1|0,,,,,,,,,,,,,,,,,,,,,,,,306537,1,1.42.0,297,,
2010021,逻辑非,2,10,2,0,非%1,,-1,,1,13,1014|1|0,5|320001,,,,,,,,,,,,,,,,,,,,,,95,306538,1,1.42.0,298,,
60501010,字符串包含字符串,2,10,2,1,%1包含%2,,-1,,1,13,1010|1|0,1|300144,1010|1|0,1|300144,,,,,,,,,,,,,,,,,,,,,306539,1,1.44.0,299,,
2100003,字符串比较,2,10,2,0,%1%2%3,,-1,,1,13,1010|1|0,1|300198,1012|1|2,5|90001,1010|1|0,1|300198,,,,,,,,,,,,,,,,,0,95,306540,1,1.42.0,300,,
2010018,任意值比较,2,10,2,0,%1%2%3,,-1,,1,13,1053|1|0,,1012|1|2,5|90001,1053|1|0,,,,,,,,,,,,,,,,,,,,306541,1,1.42.0,301,,
60501012,数值类型判断,2,10,2,0,%1 是 %2,,-1,,1,13,1005|1|0,1|6,3096|1|2,5|3960001,,,,,,,,,,,,,,,,,,,0,,306542,1,1.44.0,302,,
2010004,整除,2,10,2,1,%1%2%3,,暂时不要,,1,13,1005|1|0,3|20005,1016|1|2,5|120001,1005|1|0,,,,,,,,,,,,,,,,,,0,,,,1.42.0,303,,
60501011,整除判断,2,10,2,0,%1能被%2整除,,-1,,1,13,1005|1|0,1|6,1005|1|0,1|3,,,,,,,,,,,,,,,,,,,0,95,306543,1,1.44.0,304,,
2010010,绝对值,2,10,2,1,%1%2%3,,暂时不要,,1,13,1005|1|0,3|20011,1016|1|2,5|120001,1005|1|0,,,,,,,,,,,,,,,,,,0,,,,1.42.0,305,,
60424001,绝对值,2,10,2,1,%1%2%3,,-1,,1,13,1005|1|0,3|60524001,1016|1|2,5|120001,1005|1|0,,,,,,,,,,,,,,,,,,0,,306824,1,1.44.0,306,,
2010008,幂运算,2,10,2,1,%1%2%3,,-1,,1,13,1005|1|0,3|20009,1016|1|2,5|120001,1005|1|0,,,,,,,,,,,,,,,,,,0,,306825,1,1.42.0,307,,
2010009,开方,2,10,2,1,%1%2%3,,-1,,1,13,1005|1|0,3|20010,1016|1|2,5|120001,1005|1|0,,,,,,,,,,,,,,,,,,0,,306826,1,1.42.0,308,,
2010002,随机数,2,10,2,1,%1%2%3,,-1,,1,13,1005|1|0,3|20003,1016|1|2,5|120001,1005|1|0,,,,,,,,,,,,,,,,,,0,,306827,1,1.42.0,309,,
2010003,最大值或最小值,2,10,2,1,%1%2%3,,-1,,1,13,1005|1|0,3|20004,1016|1|2,5|120001,1005|1|0,,,,,,,,,,,,,,,,,,0,,306828,1,1.42.0,310,,
2010012,取整,2,10,2,1,%1%2%3,,-1,,1,13,1005|1|0,3|20015,1016|1|2,5|120001,1005|1|0,,,,,,,,,,,,,,,,,,0,,306829,1,1.42.0,311,,
2010011,三角函数,2,10,2,1,%1%2%3,,-1,,1,13,1005|1|0,3|20012,1016|1|2,5|120001,1005|1|0,,,,,,,,,,,,,,,,,,0,,306830,1,1.42.0,312,,
2010013,角度与弧度转换,2,10,2,1,%1%2%3,,-1,,1,13,1005|1|0,3|20016,1016|1|2,5|120001,1005|1|0,,,,,,,,,,,,,,,,,,0,,306831,1,1.42.0,313,,
10035,任意组中存在任意值判断,2,11,2,1,%1中存在%2,,-1,,1,13,1061|1|0,,1053|1|0,,,,,,,,,,,,,,,,,,,,,,306832,1,1.42.0,314,,
10036,任意组指定编号存在值判断,2,11,2,1,%1中编号为%2的位置存在值,,-1,,1,13,1061|1|0,,1005|1|0,1|1,,,,,,,,,,,,,,,,,,,,95,306833,1,1.42.0,315,,
210001,布尔值组中指定编号的布尔值,2,11,2,1,%1中编号为%2的布尔值,,-1,,0,13,1066|1|0,,1005|1|0,1|1,,,,,,,,,,,,,,,,,,,,,306834,1,1.42.0,316,,
210002,布尔值组中的随机布尔值,2,11,2,1,%1中的随机布尔值,,-1,,1,13,1066|1|0,,,,,,,,,,,,,,,,,,,,,,,,306835,1,1.42.0,317,,
2100005,从服务器表获取值完成判断,2,11,2,1,从服务器表或排行榜获取值完成判断为%1,,暂时不要,,1,13,1014|1|0,5|320001,,,,,,,,,,,,,,,,,,,,,,95,"1.承接从表或排行榜获取值的动作_x000D_
 2.会将该事件的所有参数传递过来（例如触发事件玩家，触发事件生物等等）",,1.42.0,318,,
2100001,计时器时间判断,2,12,2,1,%1%2%3,,-1,,1,13,1005|1|0,3|10009,1016|1|2,5|120001,1005|1|0,,,,,,,,,,,,,,,,,,0,,306836,1,1.42.0,319,,
2150001,元件判断,2,13,2,1,%1%2%3的%4,,6,,1,13,1075|1|0,3|40013,1012|1|2,5|90001,1074|1|0,3|40016,1075|1|0,,,,,,,,,,,,,,,,,,306837,1,1.42.0,320,,
2150002,页面判断,2,13,2,1,%1%2%3,,6,,1,13,1074|1|0,3|40014,1012|1|2,5|90001,1074|1|0,,,,,,,,,,,,,,,,,,,,306838,1,1.42.0,321,,
2120001,特效判断,2,14,2,1,%1%2%3,,-1,,1,13,1045|1|0,3|40007,1012|1|2,5|90001,1045|1|0,2|1024,,,,,,,,,,,,,,,,,0,,306839,1,1.42.0,322,,
2100004,音乐类型判断,2,15,2,1,%1%2%3,,暂时不要,,1,13,1080|1|0,3|40017,1012|1|2,5|90001,1080|1|0,,,,,,,,,,,,,,,,,,,,,,1.42.0,323,,
2140002,积木判断,2,17,2,1,检测%1的%2存在%3检测模式%4要求%5,,暂时不要,,1,13,1097|1|0,,1039|1|0,,1098|1|0,,1095|1|0,5|870001,1096|1|0,5|880001,,,,,,,,,,,,,3,,,,1.42.0,324,,
2140003,可执行积木判断,2,17,2,1,检测%1的%2可执行积木存在%3检测模式%4要求%5,,暂时不要,,1,13,1097|1|0,,1039|1|0,,1098|1|0,,1095|1|0,5|870001,1096|1|0,5|880001,,,,,,,,,,,,,3,95,,,1.42.0,325,,
2100006,判断玩家大会员身份,2,17,2,1,%1%2迷你世界大会员为%3,,-1,,1,13,1018|1|0,3|60009,1012|1|2,5|90001,1014|1|0,5|320001,,,,,,,,,,,,,,,,,6,,306840,1,1.42.0,326,,
2140004,运行环境判断,2,17,2,1,检测当前是否运行在课中,,暂时不要,,1,13,,,,,,,,,,,,,,,,,,,,,,,3,,,,1.42.0,327,,
2130001,播放广告完成判断,2,17,2,1,当前播放广告完成判断为%1,,暂时不要,,1,13,1014|1|0,5|320001,,,,,,,,,,,,,,,,,,,,,1,,,,1.42.0,328,,
2080001,掉落物数量判断,2,35,2,1,%1%2%3,,-1,,1,13,1005|1|0,3|90002,1016|1|2,5|120001,1005|1|0,,,,,,,,,,,,,,,,,,0,,306841,1,1.42.0,329,,
2080002,掉落物处于区域内,2,35,2,1,%1%2处于%3中,,暂时不要,,1,13,1030|1|0,3|90016,1012|1|2,5|90001,1001|1|0,,,,,,,,,,,,,,,,,,0,,306168,1,1.42.0,330,,
2080004,投掷物处于区域内,2,36,2,1,%1%2处于%3中,,暂时不要,,1,13,1044|1|0,3|90015,1012|1|2,5|90001,1001|1|0,,,,,,,,,,,,,,,,,,0,,306169,1,1.42.0,331,,
60406507,角色的类型判断,2,32,2,1,%1 是 %2,,-1,,1,13,3062|1|0,,1106|1|2,5|730001,,,,,,,,,,,,,,,,,,,,,,,1.50.0,332,,
60406004,角色属性判断,2,32,2,1,%1%2%3,,-1,,1,13,1005|1|0,3|60506009,1016|1|2,5|120001,1005|1|0,1|0,,,,,,,,,,,,,,,,,0,95,306842,1,1.44.0,333,,
60406506,角色面向角度,2,32,2,1,%1%2%3,,-1,,1,13,1005|1|0,3|60506010,1016|1|2,5|120001,1005|1|0,,,,,,,,,,,,,,,,,,0,,306843,1,1.44.0,334,,
60406001,角色队伍判断,2,32,2,1,%1%2处于%3中,,-1,,1,13,3012|1|0,,1012|1|2,5|90001,1207|1|0,5|2070010,,,,,,,,,,,,,,,,,0,95,306844,1,1.44.0,335,,
60406002,角色移动方式判断,2,32,2,1,%1当前移动方式为%2是%3,,-1,,1,13,3062|1|0,,3106|1|0,5|4060001,1014|1|0,5|320001,,,,,,,,,,,,,,,,,0,95,306163,1,1.44.0,336,,
60405003,对象有某个组件吗,2,31,2,1,%1 有 %2,,-1,,1,13,1048|1|0,,3002|0|0,,,,,,,,,,,,,,,,,,,,,,306845,1,1.44.0,337,,
60405002,对象是否存在,2,31,2,1,%1在场景中存在,,暂时不要,,1,13,1048|1|0,,,,,,,,,,,,,,,,,,,,,,,,仅支持场景内的对象,,1.44.0,338,,
60405004,对象类型判断,2,31,2,1,%1 是 %2,,暂时不要,,1,13,1048|1|0,,3066|1|2,5|3660001,,,,,,,,,,,,,,,,,,,,,306846,1,1.44.0,339,,
60405006,对象类型判断,2,31,2,1,%1 是 %2,,-1,,1,13,1048|1|0,,3140|1|2,5|4400001,,,,,,,,,,,,,,,,,,,,,,,1.50.0,340,,
60405005,对象外观判断,2,31,2,1,%1%2%3,,-1,,1,13,1060|1|0,3|60505010,1012|1|2,5|90001,1060|1|0,,,,,,,,,,,,,,,,,,0,,306847,1,1.44.0,341,,
60405007,对象拥有全部/任意标签,2,31,2,1,%1拥有%2%3标签，是否精确匹配%4,,-1,,1,13,3149|1|0,,3147|0|2,5|4470001,3149|1|0,,1014|1|0,5|320001,,,,,,,,,,,,,,,,,307510,,,,,
60405001,对象处于区域的判断,2,31,2,1,%1%2处于%3中,,-1,,1,13,1048|1|0,,1012|1|2,5|90001,1001|1|0,,,,,,,,,,,,,,,,,,0,95,306848,1,1.44.0,342,,
60300001,输出日志,3,1,3,1,输出%1%2,,-1,,,,3114|1|2,5|4140001,3115|1|0,,,,,,,,,,,,,,,,,,,,,,,,1.44.0,343,,
2040019,目标对象类型判断,2,31,2,1,事件中的目标对象类型是%1为%2,,-1,,1,13,1106|1|0,5|730001,1014|1|0,5|320001,,,,,,,,,,,,,,,,,,,0,,306849,1,1.42.0,344,,
3010001,设置全局天气模式,3,2,3,1,设置全局天气模式为%1,12,暂时不要,,,,1000|1|0,5|10003,,,,,,,,,,,,,,,,,,,,,0,,306033,1,1.42.0,345,,
3010013,设置地形组天气,3,2,3,1,设置%1的天气为%2，位置在%3,12,-1,,,,1137|1|0,5|990010,1000|1|0,5|10003,3143|1|0,3|60505020,,,,,,,,,,,,,,,,,0,,306850,1,1.44.0,346,,
3010011,发送服务器广播到所有云服房间,3,2,3,1,发送服务器广播%1到所有云服房间,12,-1,,,,1090|1|0,,,,,,,,,,,,,,,,,,,,,,0,100,306295,1,1.42.0,347,,
3010002,设置时间,3,2,3,1,设置游戏时间为%1,12,-1,,,,1005|1|0,1|0,,,,,,,,,,,,,,,,,,,,,0,,306851,1,1.42.0,348,,
3010015,增加时间,3,2,3,1,将游戏时间%1增加%2,12,-1,,,,3132|1|2,5|4320001,1005|1|0,1|0,,,,,,,,,,,,,,,,,,,0,,306034,1,1.50.0,349,,
3010007,设置时间流逝速度,3,2,3,1,设置游戏时间流逝速度为%1倍,12,-1,,,,1091|1|0,1|2,,,,,,,,,,,,,,,,,,,,,0,,306852,1,1.42.0,350,,
3010003,设置重力,3,2,3,1,设置重力为%1，位置在%2,12,-1,,,,1005|1|0,1|0,3143|1|0,3|60505020,,,,,,,,,,,,,,,,,,,0,100,306853,1,1.42.0,351,,
3010005,发送广播,3,2,3,1,发送广播%1,12,-1,,,,1090|1|0,,,,,,,,,,,,,,,,,,,,,,,,306854,1,1.42.0,352,,
3010006,发送广播并等待,3,2,3,1,发送广播%1并等待,12,-1,,,,1090|1|0,,,,,,,,,,,,,,,,,,,,,,,100,306855,1,1.42.0,353,,
3010008,设置全局天空盒贴图,3,2,3,1,设置%1为%2，位置在%3,12,-1,,,,1125|1|0,5|910001,1076|1|0,2|30001,3143|1|0,3|60505020,,,,,,,,,,,,,,,,,0,,306856,1,1.42.0,354,,
3010009,设置全局环境颜色,3,2,3,1,设置%1%2为%3，位置在%4,12,-1,,,,1124|1|0,5|900001,1126|1|0,5|920001,1056|1|0,1|0xFFFFFF,3143|1|0,3|60505020,,,,,,,,,,,,,,,0,,306857,1,1.42.0,355,,
3010010,设置全局环境参数(随时间变化),3,2,3,1,设置%1%2为%3，位置在%4,12,-1,,,,1124|1|0,5|900001,1127|1|0,5|930001,1005|1|0,1|20,3143|1|0,3|60505020,,,,,,,,,,,,,,,0,,306858,1,1.42.0,356,,
3010016,设置全局环境参数,3,2,3,1,设置%1为%2，位置在%3,12,-1,,,,3146|1|0,5|4460001,1005|1|0,1|20,3143|1|0,3|60505020,,,,,,,,,,,,,,,,,0,0,306627,1,1.52.0,,,
3010012,设置全局环境模板,3,2,3,1,设置当前环境为%1，位置在%2,12,-1,,,,1134|1|0,2|1,3143|1|0,3|60505020,,,,,,,,,,,,,,,,,,,0,,306859,1,1.42.0,357,,
3010014,设置全局环境开关,3,2,3,1,设置%1%2为%3，位置在%4,12,-1,,,,1124|1|0,5|900001,1139|1|0,5|1000001,1013|1|0,5|100001,3143|1|0,3|60505020,,,,,,,,,,,,,,,0,100,306860,1,1.42.0,358,,
3010004,设置游戏中途加入,3,2,3,1,设置中途加入游戏为%1,12,-1,,,,1013|1|2,5|100002,,,,,,,,,,,,,,,,,,,,,,100,306239,1,1.42.0,359,,
60302001,设置位置亮度,3,2,3,1,设置%1的亮度为%2，位置在%3,12,-1,,,,1002|1|0,3|40003,1005|1|0,1|0,3143|1|0,3|60505020,,,,,,,,,,,,,,,,,,,306440,1,1.50.0,360,,
3050004,设置玩家属性,3,3,3,1,设置%1的%2为%3,8,暂时不要,,,,1018|1|0,3|60009,1020|1|2,5|140001,1005|1|0,1|0,,,,,,,,,,,,,,,,,0,,306031,1,1.42.0,361,,
60303011,对玩家显示聊天框信息,3,3,3,1,对%1显示聊天框信息%2,10,-1,,,,3008|1|0,3|60009,3113|1|0,1|300198,,,,,,,,,,,,,,,,,,,0,,306861,1,1.44.0,362,,
60303010,对玩家显示飘窗文字,3,3,3,1,对%1显示飘窗文字%2,10,-1,,,,3008|1|0,3|60009,3113|1|0,1|300198,,,,,,,,,,,,,,,,,,,0,100,306862,1,1.44.0,363,,
3050007,设置玩家权限,3,3,3,1,设置%1的%2为%3,8,暂时不要,,,,1018|1|0,3|60009,1022|1|2,5|160001,1013|1|2,5|100001,,,,,,,,,,,,,,,,,0,100,306047,1,1.42.0,364,,
3050011,设置玩家位置,3,3,3,1,传送%1至%2,8,暂时不要,,,,1018|1|0,3|60009,1002|1|0,,,,,,,,,,,,,,,,,,,,0,,306036,1,1.42.0,365,,
60303002,设置玩家视角,3,3,3,1,设置%1的视角为%2，锁定%3,8,-1,,,,3008|1|0,3|60009,1004|1|0,5|30002,1013|1|2,5|100001,,,,,,,,,,,,,,,,,0,100,306863,1,1.44.0,366,,
3050012,设置玩家朝向,3,3,3,1,设置%1的朝向为%2,8,暂时不要,,,,1018|1|0,3|60009,1003|1|2,5|20001,,,,,,,,,,,,,,,,,,,0,,306055,1,1.42.0,367,,
60303003,添加道具至玩家背包,3,3,3,1,添加%1个%2至%3背包,8,-1,,,,1005|1|0,1|1,1028|1|0,2|200,3008|1|0,3|60009,,,,,,,,,,,,,,,,,0,,306864,1,1.44.0,368,,
60303018,创建道具至玩家,3,3,3,1,创建%1个%2至%3 %4,8,-1,,,,1005|1|0,1|1,1028|1|0,2|200,3008|1|0,3|60009,3031|1|2,5|3310001,,,,,,,,,,,,,,,,,306865,1,1.44.0,369,,
60303012,设置玩家道具,3,3,3,1,设置%1%2的道具为%3，数量为%4,8,-1,,,,3008|1|0,3|60009,1104|1|0,,1028|1|0,2|200,1005|1|0,1|1,,,,,,,,,,,,,,,0,,306866,1,1.44.0,370,,
60303049,设置玩家背包道具格子属性,3,3,3,1,设置%1的%2的%3属性为%4,8,-1,,,,1018|1|0,3|60009,1104|1|0,,3130|1|2,5|4300002,1091|1|0,1|1,,,,,,,,,,,,,,,0,100,306434,1,1.48.0,371,,
3050044,设置玩家移动方式,3,3,3,1,设置%1的移动方式为%2,8,暂时不要,,,,1018|1|0,3|60009,1077|1|0,5|530001,,,,,,,,,,,,,,,,,,,,,306109,1,1.42.0,372,,
60303013,移除玩家道具,3,3,3,1,移除%1%2的%3个道具,8,-1,,,,3008|1|0,3|60009,1104|1|0,,1005|1|0,1|1,,,,,,,,,,,,,,,,,0,,306867,1,1.44.0,373,,
60303004,删除玩家背包道具,3,3,3,1,%1%2身上的%3个%4,8,-1,,,,3041|1|2,5|3410001,3008|1|0,3|60009,1005|1|0,1|1,1028|1|0,2|200,,,,,,,,,,,,,,,0,,306868,1,1.44.0,374,,
3050054,移动玩家道具,3,3,3,1,移动%1身上%2个%3到%4,8,-1,,,,1018|1|0,3|60009,1005|1|0,1|1,1104|1|0,,1104|1|0,,,,,,,,,,,,,,,,0,,306869,1,1.42.0,375,,
3050055,交换玩家道具,3,3,3,1,交换%1身上%2到%3,8,-1,,,,1018|1|0,3|60009,1104|1|0,,1104|1|0,,,,,,,,,,,,,,,,,,0,,306870,1,1.42.0,376,,
3050053,清空玩家道具库,3,3,3,1,清空%1的所有%2,8,-1,,,,1018|1|0,3|60009,1103|1|0,5|710002,,,,,,,,,,,,,,,,,,,0,,306871,1,1.42.0,377,,
3050020,设置玩家视角,3,3,3,1,设置%1的视角为%2，锁定%3,8,暂时不要,,,,1018|1|0,3|60009,1004|1|2,5|30002,1013|1|2,5|100001,,,,,,,,,,,,,,,,,0,100,306145,1,1.42.0,378,,
3050036,设置玩家外观,3,3,3,1,设置%1的外观为%2,8,暂时不要,,,,1018|1|0,3|60009,1060|1|0,2|163,,,,,,,,,,,,,,,,,,,,,306056,1,1.42.0,379,,
3050079,设置玩家外观为某玩家外观,3,3,3,1,设置%1的外观为迷你号%2的玩家外观,8,暂时不要,,,,1018|1|0,3|60009,1010|1|0,,,,,,,,,,,,,,,,,,,,0,,306100,1,1.42.0,380,,
3050037,恢复玩家外观,3,3,3,1,恢复%1为初始外观,8,暂时不要,,,,1018|1|0,3|60009,,,,,,,,,,,,,,,,,,,,,,,306057,1,1.42.0,381,,
60303019,设置玩家道具不可丢弃,3,3,3,1,设置%1的%2 %3为%4,8,-1,,,,3008|1|0,3|60009,1028|1|0,2|200,3044|1|2,5|3440001,1013|1|0,5|100001,,,,,,,,,,,,,,,0,,306872,1,1.44.0,382,,
60303046,切换玩家快捷栏选中焦点,3,3,3,1,切换%1快捷栏选中焦点为槽位%2,8,-1,,,,3008|1|0,3|60009,1005|1|0,1|1,,,,,,,,,,,,,,,,,,,0,,306873,1,1.44.0,383,,
3050043,设置玩家名字,3,3,3,1,设置%1的名字为%2,8,暂时不要,,,,1018|1|0,3|60009,1010|1|0,1|1010008,,,,,,,,,,,,,,,,,,,2,,306249,1,1.42.0,384,,
3050024,玩家播放动画表情,3,3,3,1,使%2播放%1,8,暂时不要,,,,1041|1|0,2|1,1018|1|0,3|60009,,,,,,,,,,,,,,,,,,,0,100,306223,1,1.42.0,385,,
3050050,设置玩家道具,3,3,3,1,设置%1%2的道具为%3，数量为%4,8,暂时不要,,,,1018|1|0,3|60009,1104|1|0,,1028|1|0,2|200,1005|1|0,1|1,,,,,,,,,,,,,,,0,,306146,1,1.42.0,386,,
3050051,移除玩家道具,3,3,3,1,移除%1%2的%3个道具,8,暂时不要,,,,1018|1|0,3|60009,1104|1|0,,1005|1|0,1|1,,,,,,,,,,,,,,,,,0,,306147,1,1.42.0,387,,
3050059,对玩家打开世界中的箱子,3,3,3,1,对%1打开%2的箱子（有效范围约60个方块）,8,-1,,,,1018|1|0,3|60009,1002|1|0,3|40003,,,,,,,,,,,,,,,,,,,0,,306874,1,1.42.0,388,,
3050014,添加道具至玩家背包,3,3,3,1,添加%1个%2至%3背包,8,暂时不要,,,,1005|1|0,1|1,1028|1|0,2|200,1018|1|0,3|60009,,,,,,,,,,,,,,,,,0,,306035,1,1.42.0,389,,
60303040,对玩家打开工匠台,3,3,3,1,对%1打开 %2,8,-1,,,,1018|1|0,3|60009,3090|1|2,5|3900001,,,,,,,,,,,,,,,,,,,0,100,306875,1,1.44.0,390,,
3050035,删除玩家装备,3,3,3,1,删除%1%2中的装备,8,暂时不要,,,,1018|1|0,3|60009,1054|1|0,5|420001,,,,,,,,,,,,,,,,,,,,,306281,1,1.42.0,391,,
3050028,指定玩家道具不可丢弃,3,3,3,1,设置%1的%2不可丢弃为%3,8,暂时不要,,,,1018|1|0,3|60009,1028|1|0,2|200,1013|1|2,5|100001,,,,,,,,,,,,,,,,,0,,306282,1,1.42.0,392,,
3050029,指定玩家道具不可掉落,3,3,3,1,设置%1的%2不可掉落为%3,8,暂时不要,,,,1018|1|0,3|60009,1028|1|0,2|200,1013|1|2,5|100001,,,,,,,,,,,,,,,,,0,100,306283,1,1.42.0,393,,
3060001,添加玩家进玩家组,3,3,3,1,将%1添加进%2,8,-1,,,,1018|1|0,3|60009,1019|0|0,,,,,,,,,,,,,,,,,,,,0,,306876,1,1.42.0,394,,
3060002,从玩家组中移除玩家,3,3,3,1,将%1从%2中移除,8,-1,,,,1018|1|0,3|60009,1019|0|0,,,,,,,,,,,,,,,,,,,,0,,306877,1,1.42.0,395,,
3050016,丢弃玩家背包道具,3,3,3,1,丢弃%1身上的%2个%3,8,暂时不要,,,,1018|1|0,3|60009,1005|1|0,1|1,1028|1|0,2|200,,,,,,,,,,,,,,,,,0,,306149,1,1.42.0,396,,
3050017,删除玩家背包道具,3,3,3,1,删除%1身上的%2个%3,8,暂时不要,,,,1018|1|0,3|60009,1005|1|0,1|1,1028|1|0,2|200,,,,,,,,,,,,,,,,,0,,306150,1,1.42.0,397,,
3060003,清空玩家组,3,3,3,1,清空%1,8,-1,,,,1019|0|0,,,,,,,,,,,,,,,,,,,,,,0,100,306878,1,1.42.0,398,,
60303006,设置玩家的复活点,3,3,3,1,设置%1的 %2为%3，位置在%4,8,-1,,,,3008|1|0,3|60009,3065|1|2,5|3650002,1002|1|0,3|40003,3143|1|0,3|60505020,,,,,,,,,,,,,,,0,,306879,1,1.44.0,399,,
60303017,使玩家加入观战模式,3,3,3,1,使%1%2模式,8,-1,,,,3008|1|0,3|60009,3043|1|2,5|3430001,,,,,,,,,,,,,,,,,,,0,,306880,1,1.44.0,400,,
3050002,玩家复活到指定位置,3,3,3,1,使%1复活到%2，位置在%3,8,-1,,,,1018|1|0,3|60009,1002|1|0,3|40003,3143|1|0,3|60505020,,,,,,,,,,,,,,,,,0,,306881,1,1.42.0,401,,
60303007,使 玩家游戏胜利,3,3,3,1,使%1 获得游戏胜利,8,-1,,,,3008|1|0,3|60009,,,,,,,,,,,,,,,,,,,,,0,,306882,1,1.44.0,402,,
3050025,对玩家显示飘窗文字,3,3,3,1,对%1显示飘窗文字%2,10,暂时不要,,,,1018|1|0,3|60009,1010|1|0,1|300198,,,,,,,,,,,,,,,,,,,0,,306039,1,1.42.0,403,,
3050027,对玩家显示聊天框信息,3,3,3,1,对%1显示聊天框信息%2,10,暂时不要,,,,1018|1|0,3|60009,1010|1|0,1|300198,,,,,,,,,,,,,,,,,,,0,100,306220,1,1.42.0,404,,
60303008,将 玩家 移出本局游戏,3,3,3,1,将%1移出本局游戏,8,-1,,,,3008|1|0,3|60009,,,,,,,,,,,,,,,,,,,,,0,,306883,1,1.44.0,405,,
60303015,传送玩家到指定类型房间,3,3,3,1,传送%1到地图id为%2 类型为 %3的房间,8,-1,,,,3008|1|0,3|60009,1010|1|0,,3125|1|0,,,,,,,,,,,,,,,,,,0,,306268,1,1.46.0,406,,
60303042,修改当前房间类型,3,3,3,1,修改当前房间类型为 %1,8,-1,,,,1010|1|0,,,,,,,,,,,,,,,,,,,,,,0,,306268,1,1.46.0,407,,
3050026,玩家使用快捷栏道具,3,3,3,1,使用%1快捷栏选中道具,8,暂时不要,,,,1018|1|0,3|60009,,,,,,,,,,,,,,,,,,,,,0,100,306101,1,1.42.0,408,,
60303043,使玩家穿上装备,3,3,3,1,使%1穿上背包中的%2,32,-1,,,,1018|1|0,3|60009,1055|1|0,2|12202,,,,,,,,,,,,,,,,,,,,,306638,1,1.44.0,409,,
60303044,使玩家脱下装备,3,3,3,1,使%1脱下%2的装备至背包中,32,-1,,,,1018|1|0,3|60009,1054|1|0,,,,,,,,,,,,,,,,,,,,,,306639,1,1.44.0,410,,
60303048,设置玩家枪械权限,3,3,3,1,设置%1的%2为%3,32,-1,,,,3008|1|0,3|60009,3126|1|2,5|4260001,1013|1|0,5|100001,,,,,,,,,,,,,,,,,0,,,1,1.46.0,411,,
60303045,删除玩家装备,3,3,3,1,删除%1%2中的装备,32,-1,,,,1018|1|0,3|60009,1054|1|0,5|420001,,,,,,,,,,,,,,,,,,,,100,306640,1,1.44.0,412,,
3050056,移除玩家身上所有状态,3,3,3,1,清除%1身上所有状态,8,暂时不要,,,,1018|1|0,3|60009,,,,,,,,,,,,,,,,,,,,,0,,306251,1,1.42.0,413,,
3050057,移除玩家身上所有有害状态,3,3,3,1,清除%1身上所有有害状态,8,暂时不要,,,,1018|1|0,3|60009,,,,,,,,,,,,,,,,,,,,,0,,306252,1,1.42.0,414,,
3050058,设置玩家面向角度,3,3,3,1,设置%1面向角度为%2,8,暂时不要,,,,1018|1|0,3|60009,1005|1|0,1|90,,,,,,,,,,,,,,,,,,,0,,306253,1,1.42.0,415,,
60303009,传送玩家到其他房间,3,3,3,1,将%1传送到当前地图的其他房间,8,暂时不要,,,,3008|1|0,3|60009,,,,,,,,,,,,,,,,,,,,,0,100,306271,1,1.44.0,416,,
3050089,设置玩家模型角度,3,3,3,1,设置%1 模型%2角度为%3,8,暂时不要,,,,1018|1|0,3|60009,1147|1|2,5|1480001,1005|1|0,1|90,,,,,,,,,,,,,,,,,0,,,,1.42.0,417,,
3050080,传送玩家到指定地图且指定类型房间,3,3,3,1,将%1传送到地图id为%2类型为%3的房间,8,暂时不要,,,,1018|1|0,3|60009,1010|1|0,,1010|1|0,,,,,,,,,,,,,,,,,,0,,306269,1,1.42.0,418,,
3050090,使玩家对玩家赠送礼物,3,3,3,1,对%1显示赠送礼物弹窗，接收者为%2,8,暂时不要,,,,1018|1|0,3|60009,1018|1|0,3|60010,,,,,,,,,,,,,,,,,,,2,,306263,1,1.42.0,419,,
3050060,对玩家打开工匠台,3,3,3,1,对%1打开工匠台,8,暂时不要,,,,1018|1|0,3|60009,,,,,,,,,,,,,,,,,,,,,0,,306255,1,1.42.0,420,,
3050005,给予玩家状态,3,3,3,1,给予%1%2状态，永久持续%3，持续%4秒,8,暂时不要,,,,1018|1|0,3|60009,1037|1|0,2|4001,1014|1|0,5|320002,1005|1|0,1|0,,,,,,,,,,,,,,,0,,306041,1,1.42.0,421,,
60303014,传送玩家到指定地图且指定类型房间,3,3,3,1,将%1传送到地图id为%2类型为%3的房间,8,暂时不要,,,,3008|1|0,3|60009,1010|1|0,,1010|1|0,,,,,,,,,,,,,,,,,,0,,306269,1,1.44.0,422,,
3050006,移除玩家状态,3,3,3,1,移除%1的%2状态,8,暂时不要,,,,1018|1|0,3|60009,1037|1|0,2|4001,,,,,,,,,,,,,,,,,,,0,,306256,1,1.42.0,423,,
60303016,对玩家显示游戏内弹窗,3,3,3,1,对%1 %2 %3弹窗,8,-1,,,,3008|1|0,3|60009,1013|1|2,5|100002,1141|1|2,5|1420002,,,,,,,,,,,,,,,,,0,100,306884,1,1.44.0,424,,
3050031,替换玩家状态,3,3,3,1,将%1身上的%2替换为%3，永久持续%4，持续%5秒,8,暂时不要,,,,1018|1|0,3|60009,1037|1|0,2|4001,1037|1|0,2|8001,1014|1|0,5|320002,1005|1|0,1|0,,,,,,,,,,,,,0,100,306257,1,1.42.0,425,,
60303005,使玩家对玩家申请好友/赠送礼物,3,3,3,1,使%1向房间内的玩家%2发送%3,8,-1,,,,1018|1|0,3|60009,1018|1|0,3|60010,3057|1|2,5|3570001,,,,,,,,,,,,,,,,,2,,306885,1,1.44.0,426,,
3050001,击败玩家,3,3,3,1,击败%1,8,暂时不要,,,,1018|1|0,3|60009,,,,,,,,,,,,,,,,,,,,,0,,306258,1,1.42.0,427,,
60303020,设置玩家滤镜的颜色,3,3,3,1,设置%1的滤镜颜色为%2,8,-1,,,,3008|1|0,3|60009,1056|1|0,1|0xFFFFFF,,,,,,,,,,,,,,,,,,,0,,306886,1,1.44.0,428,,
3050052,发送房间内好友申请,3,3,3,1,使%1向房间内的%2发送好友申请,8,暂时不要,,,,1018|1|0,3|60009,1018|1|0,3|60010,,,,,,,,,,,,,,,,,,,0,,306263,1,1.42.0,429,,
3050003,设置玩家复活点,3,3,3,1,设置%1的复活点为%2,8,暂时不要,,,,1018|1|0,3|60009,1002|1|0,3|40003,,,,,,,,,,,,,,,,,,,0,,306262,1,1.42.0,430,,
60303021,设置玩家滤镜的参数,3,3,3,1,设置%1的滤镜%2为%3，位置在%4,8,-1,,,,3008|1|0,3|60009,1129|1|0,5|950001,1005|1|0,1|50,3143|1|0,3|60505020,,,,,,,,,,,,,,,0,,306887,1,1.44.0,431,,
60303022,设置玩家滤镜的色彩风格,3,3,3,1,设置%1滤镜的色彩风格为%2，位置在%3,8,-1,,,,3008|1|0,3|60009,1135|1|0,2|1,3143|1|0,3|60505020,,,,,,,,,,,,,,,,,0,,306888,1,1.44.0,432,,
60303023,设置玩家的滤镜模板,3,3,3,1,设置%1滤镜模板为%2，位置在%3,8,-1,,,,3008|1|0,3|60009,1136|1|0,2|1,3143|1|0,3|60505020,,,,,,,,,,,,,,,,,0,,306889,1,1.44.0,433,,
60303024,设置玩家天空盒贴图(动效),3,3,3,1,设置%1的%2为%3，动画%4，时长%5秒，位置在%6,8,-1,,,,3008|1|0,3|60009,1125|1|0,5|910001,1076|1|0,2|30001,1112|1|2,5|850002,1005|1|0,1|1,3143|1|0,3|60505020,,,,,,,,,,,,,306890,1,1.44.0,434,,
3050023,玩家胜利,3,3,3,1,使%1获得游戏胜利,8,暂时不要,,,,1018|1|0,3|60009,,,,,,,,,,,,,,,,,,,,,0,,306264,1,1.42.0,435,,
60303025,设置玩家天空盒颜色(动效),3,3,3,1,设置%1%2为%3，动画%4，时长%5秒，位置在%6,8,-1,,,,3008|1|0,3|60009,1126|1|0,5|920001,1056|1|0,1|0xFFFFFF,1112|1|2,5|850002,1005|1|0,1|1,3143|1|0,3|60505020,,,,,,,,,,,,,306891,1,1.44.0,436,,
60303026,设置玩家滤镜的颜色(动效),3,3,3,1,设置%1的滤镜颜色为%2，动画%3，时长%4秒，位置在%5,8,-1,,,,3008|1|0,3|60009,1056|1|0,1|0xFFFFFF,1112|1|2,5|850002,1005|1|0,1|1,3143|1|0,3|60505020,,,,,,,,,,,,,,100,306892,1,1.44.0,437,,
60303027,设置玩家摄像机角度,3,3,3,1,设置%1的摄像机角度为世界坐标水平%2度，垂直%3度,8,-1,,,,3008|1|0,3|60009,1005|1|0,1|1,1005|1|0,1|1,,,,,,,,,,,,,,,,,0,,306893,1,1.44.0,438,,
3050008,移除玩家,3,3,3,1,将%1移出本局游戏,8,暂时不要,,,,1018|1|0,3|60009,,,,,,,,,,,,,,,,,,,,,0,,306265,1,1.42.0,439,,
60303028,抖动玩家摄像机,3,3,3,1,抖动%1摄像机%2秒，强度为%3,8,-1,,,,3008|1|0,3|60009,1005|1|0,1|2,1005|1|0,1|100,,,,,,,,,,,,,,,,,,,306894,1,1.44.0,440,,
3050066,传送玩家到指定地图,3,3,3,1,将%1传送到地图id为%2的地图,8,暂时不要,,,,1018|1|0,3|60009,1010|1|0,,,,,,,,,,,,,,,,,,,,0,,306266,1,1.42.0,441,,
3050067,传送玩家到指定房间,3,3,3,1,将%1传送到房间id为%2的地图,8,暂时不要,,,,1018|1|0,3|60009,1010|1|0,,,,,,,,,,,,,,,,,,,,0,,306267,1,1.42.0,442,,
3050078,传送玩家到指定类型房间,3,3,3,1,将%1传送到类型为%2的房间,8,暂时不要,,,,1018|1|0,3|60009,1010|1|0,,,,,,,,,,,,,,,,,,,,0,,306268,1,1.42.0,443,,
60303029,停止玩家摄像机抖动,3,3,3,1,停止%1摄像机抖动,8,-1,,,,3008|1|0,3|60009,,,,,,,,,,,,,,,,,,,,,,,306895,1,1.44.0,444,,
3050081,对玩家显示好友邀请弹窗,3,3,3,1,对%1显示好友邀请弹窗,8,暂时不要,,,,1018|1|0,3|60009,,,,,,,,,,,,,,,,,,,,,0,,306270,1,1.42.0,445,,
60303030,使玩家摄像机移动,3,3,3,1,使%1的摄像机%2坐标值%3%4(与世界坐标比例为100:1)，动画%5，时长%6秒,8,暂时不要,,,,3008|1|0,3|60009,1133|1|2,5|980001,1120|1|2,5|840001,1005|1|0,1|10,1112|1|2,5|850002,1005|1|0,1|1,,,,,,,,,,,0,,306120,1,1.44.0,446,,
60303039,使玩家摄像机移动,3,3,3,1,使%1的摄像机%2坐标值%3%4(方块坐标)，动画%5，时长%6秒,8,-1,,,,3008|1|0,3|60009,1133|1|2,5|980001,1120|1|2,5|840001,1005|1|0,1|10,1112|1|2,5|850002,1005|1|0,1|1,,,,,,,,,,,0,,306896,1,1.44.0,447,,
60303031,使玩家摄像机旋转,3,3,3,1,使%1的摄像机%2角度%3%4，动画%5，时长%6秒,8,-1,,,,3008|1|0,3|60009,1133|1|2,5|980001,1120|1|2,5|840001,1005|1|0,1|45,1112|1|2,5|850002,1005|1|0,1|1,,,,,,,,,,,0,,306897,1,1.44.0,448,,
60303032,设置玩家摄像机视场角(FOV),3,3,3,1,使%1的摄像机视场角(FOV)%2%3，动画%4，时长%5秒,8,-1,,,,3008|1|0,3|60009,1120|1|2,5|840001,1005|1|0,1|45,1112|1|2,5|850002,1005|1|0,1|1,,,,,,,,,,,,,0,,306898,1,1.44.0,449,,
60303033,设置玩家摄像机权限,3,3,3,1,设置%1的摄像机%2为%3,8,-1,,,,3008|1|0,3|60009,1130|1|2,5|960001,1013|1|2,5|100001,,,,,,,,,,,,,,,,,0,,306899,1,1.44.0,450,,
3050068,传送玩家组到其他房间,3,3,3,1,将%1传送到当前地图的其他房间,8,暂时不要,,,,1019|1|0,3|60006,,,,,,,,,,,,,,,,,,,,,0,100,306271,1,1.42.0,451,,
3050009,玩家加入观战模式,3,3,3,1,使%1加入观战模式,8,暂时不要,,,,1018|1|0,3|60009,,,,,,,,,,,,,,,,,,,,,0,,306272,1,1.42.0,452,,
60303034,设置玩家摄像机转动模式,3,3,3,1,设置%1的摄像机转动模式为%2,8,-1,,,,3008|1|0,3|60009,1131|1|2,5|970001,,,,,,,,,,,,,,,,,,,0,,306900,1,1.44.0,453,,
3050045,玩家退出观战模式,3,3,3,1,使%1退出观战模式,8,暂时不要,,,,1018|1|0,3|60009,,,,,,,,,,,,,,,,,,,,,,100,306273,1,1.42.0,454,,
3050030,使玩家移动,3,3,3,1,使%1朝%2移动，速度%3,8,暂时不要,,,,1018|1|0,3|60009,1047|1|0,5|350005,1005|1|0,1|1,,,,,,,,,,,,,,,,,0,,306274,1,1.42.0,455,,
60303035,将玩家摄像机挂载到对象,3,3,3,1,将%1的摄像机挂载到%2上,8,-1,,,,3008|1|0,3|60009,1048|1|0,,,,,,,,,,,,,,,,,,,,0,,306901,1,1.44.0,456,,
3050064,设置玩家滤镜的颜色,3,3,3,1,设置%1的滤镜颜色为%2,8,暂时不要,,,,1018|1|0,3|60009,1056|1|0,1|0xFFFFFF,,,,,,,,,,,,,,,,,,,0,,306142,1,1.42.0,457,,
3050065,设置玩家滤镜的参数,3,3,3,1,设置%1的滤镜%2为%3,8,暂时不要,,,,1018|1|0,3|60009,1129|1|0,5|950001,1005|1|0,1|50,,,,,,,,,,,,,,,,,0,,306143,1,1.42.0,458,,
3050076,设置玩家滤镜的色彩风格,3,3,3,1,设置%1滤镜的色彩风格为%2,8,暂时不要,,,,1018|1|0,3|60009,1135|1|0,2|1,,,,,,,,,,,,,,,,,,,0,,306144,1,1.42.0,459,,
3050077,设置玩家的滤镜模板,3,3,3,1,设置%1滤镜模板为%2,8,暂时不要,,,,1018|1|0,3|60009,1136|1|0,2|1,,,,,,,,,,,,,,,,,,,0,100,306238,1,1.42.0,460,,
3050082,设置玩家天空盒贴图(动效),3,3,3,1,设置%1的%2为%3，动画%4，时长%5秒,8,暂时不要,,,,1018|1|0,3|60009,1125|1|0,5|910001,1076|1|0,2|30001,1112|1|2,5|850002,1005|1|0,1|1,,,,,,,,,,,,,,,306284,1,1.42.0,461,,
3050083,设置玩家天空盒颜色(动效),3,3,3,1,设置%1%2为%3，动画%4，时长%5秒,8,暂时不要,,,,1018|1|0,3|60009,1126|1|0,5|920001,1056|1|0,1|0xFFFFFF,1112|1|2,5|850002,1005|1|0,1|1,,,,,,,,,,,,,,,306285,1,1.42.0,462,,
3050087,设置玩家滤镜的颜色(动效),3,3,3,1,设置%1的滤镜颜色为%2，动画%3，时长%4秒,8,暂时不要,,,,1018|1|0,3|60009,1056|1|0,1|0xFFFFFF,1112|1|2,5|850002,1005|1|0,1|1,,,,,,,,,,,,,,,,,306286,1,1.42.0,463,,
3050013,设置玩家摄像机角度,3,3,3,1,设置%1的摄像机角度为世界坐标水平%2度，垂直%3度,8,暂时不要,,,,1018|1|0,3|60009,1005|1|0,1|1,1005|1|0,1|1,,,,,,,,,,,,,,,,,0,,306123,1,1.42.0,464,,
3050048,抖动玩家摄像机,3,3,3,1,抖动%1摄像机%2秒，强度为%3,8,暂时不要,,,,1018|1|0,3|60009,1005|1|0,1|2,1005|1|0,1|100,,,,,,,,,,,,,,,,,,,306059,1,1.42.0,465,,
3050049,停止玩家摄像机抖动,3,3,3,1,停止%1摄像机抖动,8,暂时不要,,,,1018|1|0,3|60009,,,,,,,,,,,,,,,,,,,,,,,306115,1,1.42.0,466,,
3050069,使摄像机移动,3,3,3,1,使%1%2%3(与世界坐标比例为100:1)，动画%4，时长%5秒,8,暂时不要,,,,1132|1|0,3|320001,1120|1|2,5|840001,1005|1|0,1|10,1112|1|2,5|850002,1005|1|0,1|1,,,,,,,,,,,,,0,,306120,1,1.42.0,467,,
3050070,使摄像机旋转,3,3,3,1,使%1%2%3，动画%4，时长%5秒,8,暂时不要,,,,1132|1|0,3|320002,1120|1|2,5|840001,1005|1|0,1|45,1112|1|2,5|850002,1005|1|0,1|1,,,,,,,,,,,,,0,,306121,1,1.42.0,468,,
3050071,设置摄像机权限,3,3,3,1,设置%1的摄像机%2为%3,8,暂时不要,,,,1018|1|0,3|60009,1130|1|2,5|960001,1013|1|2,5|100001,,,,,,,,,,,,,,,,,0,,306118,1,1.42.0,469,,
3050072,设置摄像机转动模式,3,3,3,1,设置%1的摄像机转动模式为%2,8,暂时不要,,,,1018|1|0,3|60009,1131|1|2,5|970001,,,,,,,,,,,,,,,,,,,0,,306122,1,1.42.0,470,,
3050073,将摄像机挂载到对象,3,3,3,1,将%1的摄像机挂载到%2上,8,暂时不要,,,,1018|1|0,3|60009,1048|1|0,,,,,,,,,,,,,,,,,,,,0,,306117,1,1.42.0,471,,
3050074,将摄像机挂载到位置,3,3,3,1,将%1的摄像机挂载到%2上,8,暂时不要,,,,1018|1|0,3|60009,1002|1|0,,,,,,,,,,,,,,,,,,,,0,,306116,1,1.42.0,472,,
3050075,还原摄像机属性,3,3,3,1,还原%1的摄像机属性,8,暂时不要,,,,1018|1|0,3|60009,,,,,,,,,,,,,,,,,,,,,0,100,306119,1,1.42.0,473,,
3050063,使玩家手机震动,3,3,3,1,设置%1手机震动时长%2毫秒，强度%3,8,暂时不要,,,,1018|1|0,3|60009,1005|1|0,1|100,1005|1|0,1|100,,,,,,,,,,,,,,,,,,100,306287,1,1.42.0,474,,
60303036,将玩家摄像机挂载到位置,3,3,3,1,将%1的摄像机挂载到%2上,8,-1,,,,3008|1|0,3|60009,1002|1|0,,,,,,,,,,,,,,,,,,,,0,,306544,1,1.44.0,475,,
60303037,还原玩家摄像机属性,3,3,3,1,还原%1的摄像机属性,8,-1,,,,3008|1|0,3|60009,,,,,,,,,,,,,,,,,,,,,0,100,306545,1,1.44.0,476,,
60303038,使玩家手机震动,3,3,3,1,设置%1手机震动时长%2毫秒，强度%3,8,-1,,,,3008|1|0,3|60009,1005|1|0,1|100,1005|1|0,1|100,,,,,,,,,,,,,,,,,,100,306546,1,1.44.0,477,,
60303050,将玩家传送到星球,3,3,3,1,将%1传送到%2,8,暂时不要,,,,3008|1|0,3|60009,3143|1|0,3|60505020,,,,,,,,,,,,,,,,,,,,,,,1.52.0,477,,
3050018,玩家骑乘载具（弃用）,3,3,3,1,使%1骑乘%2，可控制%3,8,暂时不要,,,,1018|1|0,3|60009,1031|1|0,,1013|1|2,5|100002,,,,,,,,,,,,,,,,,0,,306547,1,1.42.0,478,,
3050019,玩家离开载具,3,3,3,1,使%1离开当前载具,8,-1,,,,1018|1|0,3|60009,,,,,,,,,,,,,,,,,,,,,0,,306548,1,1.42.0,479,,
3050021,玩家控制载具前进,3,3,3,1,使%1驾驶载具自动前进,8,暂时不要,,,,1018|1|0,3|60009,,,,,,,,,,,,,,,,,,,,,2,,306275,1,1.42.0,480,,
3050022,玩家自动寻路,3,3,3,1,使%1尝试自动寻路到%2，可操作%3,8,暂时不要,,,,1018|1|0,3|60009,1002|1|0,,1013|1|2,5|100001,,,,,,,,,,,,,,,,,0,100,该事件有距离限制，超过一定（约32个方块）范围会导致无法触发,,1.42.0,481,,
3050040,使玩家对玩家造成伤害,3,3,3,1,使%1对%2造成%3点%4伤害,8,暂时不要,,,,1018|1|0,3|60009,1018|1|0,3|60010,1005|1|0,1|10,1011|1|2,5|80001,,,,,,,,,,,,,,,,,"1.可以获取到伤害来源为玩家，会显示伤害飘字_x000D_
 2.近战伤害、远程伤害、爆炸伤害会默认加5点伤害值，会根据防御力计算最终的伤害值_x000D_
 3.会触发对应的事件（例如玩家造成伤害，玩家受到伤害），但不会触发玩家攻击、攻击命中等事件",,1.42.0,482,,
3050041,使玩家对生物造成伤害,3,3,3,1,使%1对%2造成%3点%4伤害,8,暂时不要,,,,1018|1|0,3|60009,1031|1|0,3|80007,1005|1|0,1|10,1011|1|2,5|80001,,,,,,,,,,,,,,,,,"1.可以获取到伤害来源为玩家，会显示伤害飘字_x000D_
 2.近战伤害、远程伤害、爆炸伤害会默认加5点伤害值，会根据防御力计算最终的伤害值_x000D_
 3.会触发对应的事件（例如玩家造成伤害，玩家受到伤害），但不会触发玩家攻击、攻击命中等事件",,1.42.0,483,,
3050042,使玩家伤害区域内的目标,3,3,3,1,使%1对%2内的所有目标造成%3点%4伤害,8,暂时不要,,,,1018|1|0,3|60009,1001|1|0,,1005|1|0,1|10,1011|1|2,5|80001,,,,,,,,,,,,,,,,,"1.对所有人造成伤害（包括自己），可以获取到伤害来源为玩家，会显示伤害飘字_x000D_
 2.近战伤害、远程伤害、爆炸伤害会默认加5点伤害值，会根据防御力计算最终的伤害值_x000D_
 3. 会触发对应的事件（例如玩家造成伤害、玩家、生物受到伤害等），但不会触发玩家攻击、攻击命中等事件_x000D_
 ",,1.42.0,484,,
3050046,设置玩家免疫伤害类型,3,3,3,1,设置%1免疫%2,8,暂时不要,,,,1018|1|0,3|60009,1011|1|2,5|80001,,,,,,,,,,,,,,,,,,,,,306276,1,1.42.0,485,,
3050047,移除玩家免疫伤害类型,3,3,3,1,移除%1免疫%2,8,暂时不要,,,,1018|1|0,3|60009,1011|1|2,5|80001,,,,,,,,,,,,,,,,,,,,100,306277,1,1.42.0,486,,
3050032,使玩家穿上装备,3,3,3,1,使%1穿上背包中的%2,8,暂时不要,,,,1018|1|0,3|60009,1055|1|0,2|12202,,,,,,,,,,,,,,,,,,,,,306278,1,1.42.0,487,,
3050033,使玩家脱下装备,3,3,3,1,使%1脱下%2的装备至背包中,8,暂时不要,,,,1018|1|0,3|60009,1054|1|0,,,,,,,,,,,,,,,,,,,,,,306279,1,1.42.0,488,,
3050034,创建玩家装备,3,3,3,1,创建%1至%2装备栏中,8,暂时不要,,,,1055|1|0,2|12202,1018|1|0,3|60009,,,,,,,,,,,,,,,,,,,,,306280,1,1.42.0,489,,
3050084,设置玩家天空盒参数(动效),3,3,3,1,设置%1%2为%3,8,暂时不要,,,,1124|1|0,5|900001,1127|1|0,5|930001,1005|1|0,1|20,,,,,,,,,,,,,,,,,0,,,,1.42.0,490,,
3050085,设置玩家天空盒模板(动效),3,3,3,1,设置%1当前天空盒为%2,8,暂时不要,,,,1124|1|0,5|900001,1134|1|0,2|1,,,,,,,,,,,,,,,,,,,0,,,,1.42.0,491,,
3050086,设置玩家天空盒开关(动效),3,3,3,1,设置%1%2为%3,8,暂时不要,,,,1124|1|0,5|900001,1139|1|0,5|1000001,1013|1|0,5|100001,,,,,,,,,,,,,,,,,0,,,,1.42.0,492,,
3050088,设置玩家镜头特效(动效),3,3,3,1,设置%1的镜头特效为%2，颜色%3，密度%4，方向%5,8,暂时不要,,,,1018|1|0,3|60009,1076|1|0,2|30001,1056|1|0,1|0xFFFFFF,1005|1|0,1|1,1005|1|0,1|1,,,,,,,,,,,,,0,100,,,1.42.0,493,,
3200004,对玩家显示显示板,3,3,3,1,对%1显示%2,10,暂时不要,,,,1018|1|0,3|60009,1082|1|0,,,,,,,,,,,,,,,,,,,,,,306288,1,1.42.0,494,,
3200005,对玩家隐藏显示板,3,3,3,1,对%1设置%2为隐藏,10,暂时不要,,,,1018|1|0,3|60009,1082|1|0,,,,,,,,,,,,,,,,,,,,,,306289,1,1.42.0,495,,
3200002,设置玩家显示板的视频,3,3,3,1,设置该%1%2视频链接为%3,10,暂时不要,,,,1018|1|0,3|60009,1082|1|0,,1010|1|0,,,,,,,,,,,,,,,,,,,,306291,1,1.42.0,496,,
3200003,设置玩家显示板的界面,3,3,3,1,设置该%1%2显示界面为%3,10,暂时不要,,,,1018|1|0,3|60009,1082|1|0,,1074|1|0,,,,,,,,,,,,,,,,,,2,,"1.同个显示板可以对不同玩家显示不同的内容_x000D_
 2.需要对所有玩家都执行一次该事件，才能让所有玩家看到相同的内容",,1.42.0,497,,
3200006,设置玩家显示板视频播放模式,3,3,3,1,设置该%1%2 的视频播放模式为%3,10,暂时不要,,,,1018|1|0,3|60009,1082|1|0,,1086|1|2,5|610001,,,,,,,,,,,,,,,,,,,306292,1,1.42.0,498,,
3200007,设置玩家显示板的网络视频,3,3,3,1,设置该%1%2显示网络视频链接为%3,10,暂时不要,,,,1018|1|0,3|60009,1082|1|0,,1010|1|0,,,,,,,,,,,,,,,,,,,100,306293,1,1.42.0,499,,
3050010,设置玩家队伍,3,3,3,1,设置%1的队伍为%2，重置原属性值%3,8,暂时不要,,,,1018|1|0,3|60009,1023|1|0,5|170001,1013|1|2,5|100001,,,,,,,,,,,,,,,,,0,,306296,1,1.42.0,500,,
3050061,对玩家打开排行榜,3,3,3,1,对%1显示%2,8,暂时不要,,,,1018|1|0,3|60009,1111|1|0,,,,,,,,,,,,,,,,,,,,0,,306297,1,1.42.0,501,,
3050062,对玩家隐藏排行榜,3,3,3,1,对%1隐藏排行榜,8,暂时不要,,,,1018|1|0,3|60009,,,,,,,,,,,,,,,,,,,,,0,,306298,1,1.42.0,502,,
3060004,对玩家组执行触发器,3,3,3,1,对%1内的每一个玩家执行%2，并检查触发器条件为%3,8,暂时不要,,,,1019|1|0,,1038|1|0,,1014|1|0,5|320002,,,,,,,,,,,,,,,,,0,,306302,1,1.42.0,503,,
3060006,对玩家组显示飘窗文字,3,3,3,1,对%1内每一个玩家显示飘窗文字%2,10,暂时不要,,,,1019|1|0,,1010|1|0,1|300198,,,,,,,,,,,,,,,,,,,0,,306040,1,1.42.0,504,,
3060005,对玩家组显示聊天框信息,3,3,3,1,对%1内每一个玩家显示聊天框信息%2,10,暂时不要,,,,1019|1|0,,1010|1|0,1|300198,,,,,,,,,,,,,,,,,,,0,,306221,1,1.42.0,505,,
3200001,设置玩家显示板的图片,3,3,3,1,设置该%1%2图片为%3,10,暂时不要,,,,1018|1|0,3|60009,1082|1|0,,1076|1|0,2|10100,,,,,,,,,,,,,,,,,,,306290,1,1.42.0,506,,
3070026,设置生物队伍,3,4,3,1,设置%1的队伍为%2,5,暂时不要,,,,1031|1|0,3|80006,1027|1|0,5|2070011,,,,,,,,,,,,,,,,,,,,,306322,1,1.42.0,507,,
60304001,击败生物,3,4,3,1,%1%2,5,暂时不要,,,,3067|1|2,5|3670001,3013|1|0,,,,,,,,,,,,,,,,,,,,0,,306549,1,1.44.0,508,,
60304002,击败生物类型,3,4,3,1,%1%2,5,-1,,,,3067|1|2,5|3670001,3068|1|0,,,,,,,,,,,,,,,,,,,,0,,306550,1,1.44.0,509,,
3070025,替换生物,3,4,3,1,替换%1为%2，按百分比保留生命值为%3,5,-1,,,,1031|1|0,3|80006,1032|1|0,2|3400,1014|1|0,5|320001,,,,,,,,,,,,,,,,,,100,306551,1,1.42.0,510,,
3070030,使生物被玩家驯服,3,4,3,1,使%1被%2驯服,5,-1,,,,1031|1|0,,1018|1|0,3|60009,,,,,,,,,,,,,,,,,,,0,100,306552,1,1.42.0,511,,
60304003,设置生物的行为树黑板值,3,4,3,1,设置%1的%2 %3为%4,5,-1,,,,1031|1|0,3|80006,1210|1|0,,3142|1|0,,3007|0|0,,,,,,,,,,,,,,,,0,,,1,1.50.0,512,,
3080001,添加生物进生物组,3,4,3,1,添加%1进入指定%2,5,-1,,,,1031|1|0,3|80006,1033|0|0,,,,,,,,,,,,,,,,,,,,0,,306553,1,1.42.0,513,,
3080002,从生物组中移除生物,3,4,3,1,将%1移除出%2,5,-1,,,,1031|1|0,3|80006,1033|0|0,,,,,,,,,,,,,,,,,,,,0,,306554,1,1.42.0,514,,
3080003,清空生物组,3,4,3,1,清空%1,5,-1,,,,1033|0|0,,,,,,,,,,,,,,,,,,,,,,0,100,306555,1,1.42.0,515,,
3070001,创建生物,3,4,3,1,在%1创建%2个%3，阵营属于%4,5,暂时不要,,,,1002|1|0,3|40003,1005|1|0,1|1,1032|1|0,2|3400,1023|1|0,5|170001,,,,,,,,,,,,,,,0,,306032,1,1.42.0,516,,
3070003,击败生物,3,4,3,1,击败%1,5,暂时不要,,,,1031|1|0,3|80006,,,,,,,,,,,,,,,,,,,,,0,,306050,1,1.42.0,517,,
3070004,删除生物,3,4,3,1,删除%1,5,暂时不要,,,,1031|1|0,3|80006,,,,,,,,,,,,,,,,,,,,,0,,306303,1,1.42.0,518,,
3070005,击败生物类型,3,4,3,1,击败%1,5,暂时不要,,,,1032|1|0,2|3400,,,,,,,,,,,,,,,,,,,,,0,,306304,1,1.42.0,519,,
3070006,删除生物类型,3,4,3,1,删除%1,5,暂时不要,,,,1032|1|0,2|3400,,,,,,,,,,,,,,,,,,,,,0,100,306305,1,1.42.0,520,,
3070007,设置生物属性,3,4,3,1,设置%1的%2属性为%3,5,暂时不要,,,,1031|1|0,3|80006,1035|1|2,5|210001,1005|1|0,1|0,,,,,,,,,,,,,,,,,0,,306051,1,1.42.0,521,,
3070010,设置生物权限,3,4,3,1,设置%1的%2为 %3,5,暂时不要,,,,1031|1|0,3|80006,1036|1|2,5|220001,1013|1|2,5|100001,,,,,,,,,,,,,,,,,0,100,306306,1,1.42.0,522,,
3070014,设置生物面向角度,3,4,3,1,设置%1朝向为%2度,5,暂时不要,,,,1031|1|0,3|80006,1005|1|0,1|0,,,,,,,,,,,,,,,,,,,0,,306307,1,1.42.0,523,,
3070031,设置生物模型角度,3,4,3,1,设置%1 模型%2角度为%3,5,暂时不要,,,,1031|1|0,3|80006,1147|1|2,5|1480001,1005|1|0,1|0,,,,,,,,,,,,,,,,,0,,,,1.42.0,524,,
3070015,设置生物位置,3,4,3,1,传送%1至%2,5,暂时不要,,,,1031|1|0,3|80006,1002|1|0,,,,,,,,,,,,,,,,,,,,0,100,306308,1,1.42.0,525,,
3070018,设置生物外观,3,4,3,1,设置%1的外观为%2,5,暂时不要,,,,1031|1|0,3|80006,1060|1|0,2|163,,,,,,,,,,,,,,,,,,,,,306259,1,1.42.0,526,,
3070020,设置生物外观为某玩家外观,3,4,3,1,设置%1的外观为迷你号%2的玩家外观,5,暂时不要,,,,1031|1|0,3|80006,1010|1|0,,,,,,,,,,,,,,,,,,,,0,,306100,1,1.42.0,527,,
3070019,恢复生物外观,3,4,3,1,恢复%1的为初始外观,5,暂时不要,,,,1031|1|0,3|80006,,,,,,,,,,,,,,,,,,,,,,,306260,1,1.42.0,528,,
3070028,移除生物身上所有状态,3,4,3,1,移除%1身上所有状态效果,5,暂时不要,,,,1031|1|0,3|80006,,,,,,,,,,,,,,,,,,,,,0,100,306310,1,1.42.0,529,,
3070029,移除生物身上所有有害状态,3,4,3,1,移除%1身上所有有害状态效果,5,暂时不要,,,,1031|1|0,3|80006,,,,,,,,,,,,,,,,,,,,,0,100,306311,1,1.42.0,530,,
3070011,使生物播放动画表情,3,4,3,1,使%1播放%2,5,暂时不要,,,,1031|1|0,3|80006,1041|1|0,2|1,,,,,,,,,,,,,,,,,,,0,100,306312,1,1.42.0,531,,
3070012,给予生物状态,3,4,3,1,给予%1%2效果,5,暂时不要,,,,1031|1|0,3|80006,1037|1|0,2|4001,,,,,,,,,,,,,,,,,,,0,,306313,1,1.42.0,532,,
3070013,生物移除状态,3,4,3,1,移除%1的%2效果,5,暂时不要,,,,1031|1|0,3|80006,1037|1|0,2|4001,,,,,,,,,,,,,,,,,,,0,100,306314,1,1.42.0,533,,
3070016,生物自动寻路,3,4,3,1,使%1尝试自动寻路到%2,5,暂时不要,,,,1031|1|0,3|80006,1002|1|0,,,,,,,,,,,,,,,,,,,,0,,306060,1,1.42.0,534,,
3070017,使生物移动,3,4,3,1,使%1朝%2移动，速度为%3,5,暂时不要,,,,1031|1|0,3|80006,1047|1|0,5|350005,1005|1|0,1|1,,,,,,,,,,,,,,,,,0,100,306315,1,1.42.0,535,,
3070008,设置生物伤害类型,3,4,3,1,设置%1的伤害类型为%2,5,暂时不要,,,,1031|1|0,3|80006,1011|1|2,5|80001,,,,,,,,,,,,,,,,,,,0,,306316,1,1.42.0,536,,
3070022,使生物对玩家造成伤害,3,4,3,1,使%1对%2造成%3点%4伤害,5,暂时不要,,,,1031|1|0,3|80006,1018|1|0,3|60010,1005|1|0,1|10,1011|1|2,5|80001,,,,,,,,,,,,,,,,,306317,1,1.42.0,537,,
3070023,使生物对生物造成伤害,3,4,3,1,使%1对%2造成%3点%4伤害,5,暂时不要,,,,1031|1|0,3|80006,1031|1|0,3|80007,1005|1|0,1|10,1011|1|2,5|80001,,,,,,,,,,,,,,,,,306318,1,1.42.0,538,,
3070024,使生物伤害区域内的目标,3,4,3,1,使%1对%2内的目标造成%3点%4伤害,5,暂时不要,,,,1031|1|0,3|80006,1001|1|0,,1005|1|0,1|10,1011|1|2,5|80001,,,,,,,,,,,,,,,,100,306319,1,1.42.0,539,,
3070009,设置生物免疫伤害类型,3,4,3,1,设置%1免疫%2,5,暂时不要,,,,1031|1|0,3|80006,1011|1|2,5|80001,,,,,,,,,,,,,,,,,,,0,,306320,1,1.42.0,540,,
3070027,移除生物免疫伤害类型,3,4,3,1,移除%1免疫%2,5,暂时不要,,,,1031|1|0,3|80006,1011|1|2,5|80001,,,,,,,,,,,,,,,,,,,,100,306321,1,1.42.0,541,,
3080004,对生物组执行触发器,3,4,3,1,对%1内的每一个生物执行%2，检查触发器条件%3,5,暂时不要,,,,1033|1|0,,1038|1|0,,1014|1|0,5|320002,,,,,,,,,,,,,,,,,0,,306327,1,1.42.0,542,,
3040001,创建方块,3,5,3,1,在%1创建%2，朝向为%3，位置在%4,2,-1,,,,1002|1|0,3|40003,1025|1|0,2|200,1003|1|2,5|20001,3143|1|0,3|60505020,,,,,,,,,,,,,,,0,,306049,1,1.42.0,543,,
60307001,创建方块,3,5,3,1,在%1%2，朝向为%3,2,暂时不要,,,,1002|1|0,3|40003,1025|1|0,2|200,1003|1|2,5|20001,,,,,,,,,,,,,,,,,0,,306556,1,1.44.0,544,,
60307002,创建复杂方块,3,5,3,1,"在%1%2，朝向为%3,颜色为%4开关状态%5，位置在%6",2,-1,,,,1002|1|0,3|40003,1025|1|0,2|666,1003|1|2,5|20001,1056|1|0,1|0xFFFFFF,1013|1|0,5|100001,3143|1|0,3|60505020,,,,,,,,,,,0,,306557,1,1.44.0,545,,
60307003,修改方块属性,3,5,3,1,修改%1 的方块属性 %2 为 %3，位置在%4,2,-1,,,,1002|1|0,3|40003,3037|1|2,5|3370002,1056|1|0,1|0xFFFFFF,3143|1|0,3|60505020,,,,,,,,,,,,,,,,,306558,1,1.44.0,546,,
60307004,删除方块,3,5,3,1,%1%2上的方块，位置在%3,2,-1,,,,3045|1|2,5|3450001,1002|1|0,3|40003,3143|1|0,3|60505020,,,,,,,,,,,,,,,,,0,100,306559,1,1.44.0,547,,
3040018,放置蓝图,3,5,3,1,在%1放置%2，旋转%3，镜像%4，蓝图区域全部覆盖%5，位置在%6,2,-1,,,,1002|1|0,3|40003,1107|1|0,2|200,1108|1|2,5|740001,1109|1|2,5|320002,1110|1|2,5|320001,3143|1|0,3|60505020,,,,,,,,,,,0,,306565,1,1.42.0,548,,
60307005,破坏区域中方块,3,5,3,1,%1%2内的 %3,2,-1,,,,3045|1|2,5|3450001,1001|1|0,,3074|1|0,,,,,,,,,,,,,,,,,,0,,306560,1,1.44.0,549,,
60307010,以方块填充区域,3,5,3,1,"以%1填充%2，填充模式:%3新方块朝向为%4,颜色为%5开关状态%6",2,-1,,,,1025|1|0,2|200,1001|1|0,,3045|1|2,5|3450001,1003|1|2,5|20001,1056|1|0,1|0xFFFFFF,1013|1|0,5|100001,,,,,,,,,,,0,,306561,1,1.44.0,550,,
60307007,复制区域内方块到指定点,3,5,3,1,%1 %2内的方块并放置在%3 ,2,-1,,,,3075|1|2,5|3750001,1001|1|0,,1002|1|0,3|40003,,,,,,,,,,,,,,,,,0,,306562,1,1.44.0,551,,
60307006,区域替换方块,3,5,3,1,"使用%1替换%2中的%3，新方块朝向为%4,颜色为%5开关状态%6",2,-1,,,,1025|1|0,2|200,1001|1|0,,3074|1|0,2|200,1003|1|2,5|20001,1056|1|0,1|0xFFFFFF,1013|1|0,5|100001,,,,,,,,,,,0,100,306563,1,1.44.0,552,,
3040005,设置方块权限,3,5,3,1,设置%1的%2为%3,2,-1,,,,1025|1|0,2|200,1026|1|2,5|190001,1013|1|2,5|100001,,,,,,,,,,,,,,,,,0,,306564,1,1.42.0,553,,
60307011,方块播放动作,3,5,3,1,"使%1上的方块播放%2,播放速度%3,播放模式%4，位置在%5",2,-1,,,,1002|1|0,,3112|1|0,2|100100,1005|1|0,1|1,1102|1|2,5|700004,3143|1|0,3|60505020,,,,,,,,,,,,,,,306566,1,1.44.0,554,,
3040011,创建颜色方块,3,5,3,1,"在%1创建%2，朝向为%3,颜色为%4（仅颜色方块有效）",2,暂时不要,,,,1002|1|0,3|40003,1025|1|0,2|666,1003|1|2,5|20001,1056|1|0,1|0xFFFFFF,,,,,,,,,,,,,,,0,,306224,1,1.42.0,555,,
3040010,破坏方块,3,5,3,1,破坏在%1上的方块,2,暂时不要,,,,1002|1|0,,,,,,,,,,,,,,,,,,,,,,0,,306227,1,1.42.0,556,,
3040002,删除方块,3,5,3,1,删除在%1上的方块,2,暂时不要,,,,1002|1|0,3|40003,,,,,,,,,,,,,,,,,,,,,0,,306226,1,1.42.0,557,,
3040003,替换方块,3,5,3,1,替换在%1上的方块为%2，朝向%3,2,暂时不要,,,,1002|1|0,3|40003,1025|1|0,2|200,1003|1|2,5|20001,,,,,,,,,,,,,,,,,0,100,306225,1,1.42.0,558,,
3040013,替换颜色方块,3,5,3,1,替换%1上的%2，朝向为%3，颜色为%4（仅颜色方块有效）,2,暂时不要,,,,1002|1|0,3|40003,1025|1|0,2|666,1003|1|2,5|20001,1056|1|0,1|0xFFFFFF,,,,,,,,,,,,,,,0,,,,1.42.0,559,,
3040004,设置方块开关状态,3,5,3,1,设置%1的方块开关状态为%2,2,暂时不要,,,,1002|1|0,3|40003,1013|1|2,5|100001,,,,,,,,,,,,,,,,,,,0,,,,1.42.0,560,,
3040014,清空区域中所有方块,3,5,3,1,清空%1内的所有方块,2,暂时不要,,,,1001|1|0,,,,,,,,,,,,,,,,,,,,,,0,,306063,1,1.42.0,561,,
3040015,破坏区域中指定类型方块,3,5,3,1,破坏%1内的%2,2,暂时不要,,,,1001|1|0,,1025|1|0,2|200,,,,,,,,,,,,,,,,,,,0,,,,1.42.0,562,,
3040016,破坏区域中所有方块,3,5,3,1,破坏%1内的所有方块,2,暂时不要,,,,1001|1|0,,,,,,,,,,,,,,,,,,,,,,0,,306064,1,1.42.0,563,,
3040012,方块播放动作,3,5,3,1,"使%1上的方块播放%2,播放模式%3",2,暂时不要,,,,1002|1|0,3|40003,1041|1|0,2|12,1102|1|2,5|700004,,,,,,,,,,,,,,,,,0,100,,,1.42.0,564,,
3040006,以方块填充区域,3,5,3,1,以%1填充%2，朝向为%3,2,暂时不要,,,,1025|1|0,2|200,1001|1|0,,1003|1|2,5|20001,,,,,,,,,,,,,,,,,0,,,,1.42.0,565,,
3040017,替换区域中所有方块,3,5,3,1,将%1内的所有方块替换为%2，朝向%3,2,暂时不要,,,,1001|1|0,,1025|1|0,2|200,1003|1|0,5|20004,,,,,,,,,,,,,,,,,0,,306061,1,1.42.0,566,,
3040007,清空区域内方块,3,5,3,1,清空%1内的%2,2,暂时不要,,,,1001|1|0,,1025|1|0,2|200,,,,,,,,,,,,,,,,,,,0,,,,1.42.0,567,,
3040008,复制区域内方块到指定点,3,5,3,1,复制%1内的方块并放置在%2，朝向%3,2,暂时不要,,,,1001|1|0,,1002|1|0,3|40003,1003|1|2,5|20001,,,,,,,,,,,,,,,,,0,,,,1.42.0,568,,
3040009,区域替换方块,3,5,3,1,将%1中的%2替换为%3，朝向%4,2,暂时不要,,,,1001|1|0,,1025|1|0,2|0,1025|1|0,2|200,1003|1|2,5|20001,,,,,,,,,,,,,,,0,100,306062,1,1.42.0,569,,
60308001,道具进入冷却,3,6,3,1,使%1的%2 %3,1,-1,,,,1018|1|0,,1028|1|0,2|12005,3076|1|2,5|3760001,,,,,,,,,,,,,,,,,0,,306567,1,1.44.0,570,,
60308002,手持道具播放动作,3,6,3,1,"使%1手持的道具播放%2,播放速度%3,播放模式%4",1,-1,,,,1018|1|0,,3112|1|0,2|100100,1005|1|0,1|1,1102|1|2,5|700004,,,,,,,,,,,,,,,,,306568,1,1.44.0,571,,
60307008,添加道具至储物箱,3,6,3,1,%1 %2%3个至指定%4储存箱，位置在%5,1,-1,,,,3010|1|2,5|3100001,1028|1|0,2|200,1005|1|0,1|64,1002|1|0,,3143|1|0,3|60505020,,,,,,,,,,,,,0,,306569,1,1.44.0,572,,
60307009,设置储物箱内指定槽位的道具,3,6,3,1,设置%1储物箱槽位%2道具为%3，数量%4，位置在%5,1,-1,,,,1002|1|0,,1091|1|0,1|1,1028|1|0,2|200,1091|1|0,1|2,3143|1|0,3|60505020,,,,,,,,,,,,,0,,306570,1,1.44.0,573,,
3100003,清空储物箱的道具,3,6,3,1,清空指定%1储存箱中的所有道具，位置在%2,1,-1,,,,1002|1|0,,3143|1|0,3|60505020,,,,,,,,,,,,,,,,,,,0,100,306571,1,1.42.0,574,,
3100009,修改道具冷却时间,3,6,3,1,修改%1的%2的冷却时间为%3秒,1,-1,,,,1018|1|0,,1028|1|0,2|12005,1005|1|0,1|1,,,,,,,,,,,,,,,,,0,,306572,1,1.42.0,575,,
3100001,创建道具至储物箱,3,6,3,1,创建%1%2个至指定%3储存箱,1,暂时不要,,,,1028|1|0,2|200,1005|1|0,1|64,1002|1|0,,,,,,,,,,,,,,,,,,0,,,,1.42.0,576,,
3100002,删除储物箱中的道具,3,6,3,1,删除指定%1储存箱中的%2个%3,1,暂时不要,,,,1002|1|0,,1005|1|0,1|1,1028|1|0,2|200,,,,,,,,,,,,,,,,,0,,,,1.42.0,577,,
60307012,设置箱子里道具的格子属性,3,6,3,1,设置%1上箱子里第%2个道具的%3为%4,1,暂时不用,,,,1002|1|0,,1091|1|0,1|1,3130|1|2,5|4300002,1091|1|0,1|2,,,,,,,,,,,,,,,,,,,1.48.0,578,,
3100005,创建玩家的投掷物,3,6,3,1,在指定%1创建属于%2的%3，向%4发射,1,暂时不要,,,,1002|1|0,3|40003,1018|1|0,,1029|1|0,2|12052,1002|1|0,,,,,,,,,,,,,,,,0,,306102,1,1.42.0,579,,
3100011,创建生物的投掷物,3,6,3,1,在指定%1创建属于%2的%3，向%4发射,1,暂时不要,,,,1002|1|0,3|40003,1031|1|0,,1029|1|0,,1002|1|0,,,,,,,,,,,,,,,,0,,,,1.42.0,580,,
3100006,删除投掷物,3,6,3,1,删除%1,1,暂时不要,,,,1044|1|0,3|90015,,,,,,,,,,,,,,,,,,,,,0,,,,1.42.0,581,,
3100012,使玩家发射投掷物,3,6,3,1,使%1朝%2发射%3,1,暂时不要,,,,1018|1|0,3|60009,1047|1|0,5|350005,1029|1|0,2|12052,,,,,,,,,,,,,,,,,0,,306136,1,1.42.0,582,,
3100013,使生物发射投掷物,3,6,3,1,使%1朝%2发射%3,1,暂时不要,,,,1031|1|0,3|80006,1047|1|0,5|350005,1029|1|0,2|12052,,,,,,,,,,,,,,,,,0,100,306137,1,1.42.0,583,,
3100007,创建掉落物,3,6,3,1,在指定%1创建%2个%3的掉落物,1,暂时不要,,,,1002|1|0,3|40003,1005|1|0,1|1,1028|1|0,2|200,,,,,,,,,,,,,,,,,0,,,,1.42.0,584,,
3100008,删除掉落物,3,6,3,1,删除%1,1,暂时不要,,,,1030|1|0,3|90016,,,,,,,,,,,,,,,,,,,,,0,100,,,1.42.0,585,,
3100016,道具播放动作,3,6,3,1,"使%1手持的道具播放%2,播放模式%3",1,暂时不要,,,,1018|1|0,3|60009,1041|1|0,2|12,1102|1|2,5|700004,,,,,,,,,,,,,,,,,0,,,,1.42.0,586,,
3100017,投掷物播放动作,3,6,3,1,"使%1播放%2,播放模式%3",1,暂时不要,,,,1044|1|0,3|90015,1041|1|0,2|12,1102|1|2,5|700004,,,,,,,,,,,,,,,,,0,,,,1.42.0,587,,
3100018,掉落物播放动作,3,6,3,1,"使%1播放%2,播放模式%3",1,暂时不要,,,,1030|1|0,3|90016,1041|1|0,2|12,1102|1|2,5|700004,,,,,,,,,,,,,,,,,0,,,,1.42.0,588,,
3100010,道具进入冷却,3,6,3,1,使%1的%2进入冷却,1,暂时不要,,,,1018|1|0,,1028|1|0,2|12005,,,,,,,,,,,,,,,,,,,0,,,,1.42.0,589,,
3100014,改变道具外观,3,6,3,1,改变%1的外观为%2,1,暂时不要,,,,1028|1|0,2|12005,1060|1|0,2|163,,,,,,,,,,,,,,,,,,,2,,,,1.42.0,590,,
3100015,改变投掷物外观,3,6,3,1,改变%1的外观为%2,1,暂时不要,,,,1044|1|0,3|90015,1060|1|0,2|163,,,,,,,,,,,,,,,,,,,0,100,,,1.42.0,591,,
5000005,如果...就,5,8,9,0,如果%1，就#n%1,,-1,,,,1087|1|0,,1089|0|0,,,,,,,,,,,,,,,,,,,,,70,306573,1,1.42.0,592,,
5000006,如果...否则,5,8,9,0,如果%1，就#n%1#n否则#n%1,,-1,,,,1087|1|0,,1089|0|0,,1089|0|0,,,,,,,,,,,,,,,,,,,225,306574,1,1.42.0,593,,
5000002,重复执行数次,5,8,6,0,重复执行%1次#n%1,,-1,,,,1091|1|0,1|5,1089|0|0,,,,,,,,,,,,,,,,,,,,,70,306575,1,1.42.0,594,,
5000001,重复执行,5,8,5,0,重复执行#n%1,,"0,1,2,3,4,5,6,14,15,16,17,1001",,,,1089|0|0,,,,,,,,,,,,,,,,,,,,,,,70,306576,1,1.42.0,595,,
5000003,重复执行直到,5,8,7,0,重复执行直到%1#n%1,,"0,1,2,3,4,5,6,14,15,16,17,1001",,,,1087|1|0,,1089|0|0,,,,,,,,,,,,,,,,,,,,,95,306577,1,1.42.0,596,,
3110006,等待时间,5,8,3,1,等待%1秒后，继续执行下一条动作,13,"0,1,2,3,4,5,6,14,15,16,17,1001",,,,1005|1|0,1|1,,,,,,,,,,,,,,,,,,,,,0,,306578,1,1.42.0,597,,
5000007,保持等待直到,5,8,10,0,保持等待直到%1,13,"0,1,2,3,4,5,6,14,15,16,17,1001",,,,1087|1|0,,,,,,,,,,,,,,,,,,,,,,,100,306579,1,1.42.0,598,,
5000009,对任意组做动作,5,8,14,0,选取%1做以下动作#n%1,,-1,,,,1061|1|0,,1089|0|0,,,,,,,,,,,,,,,,,,,,,95,306902,1,1.42.0,599,,
3020003,改变触发器状态,5,8,3,1,改变%1状态开启为%2,13,-1,,,,1038|1|0,,1013|1|2,5|100001,,,,,,,,,,,,,,,,,,,0,,306903,1,1.42.0,600,,
3020001,运行触发器,5,8,3,1,运行%1，检查如果条件为%2，则执行动作,13,暂时不要,,,,1038|1|0,,1014|1|0,5|320002,,,,,,,,,,,,,,,,,,,0,,306071,1,1.42.0,601,,
5000008,停止,5,8,8,0,停止%1,13,-1,,,,1088|1|2,5|620001,,,,,,,,,,,,,,,,,,,,,0,100,306904,1,1.42.0,602,,
3020002,循环运行触发器,5,8,3,1,从%1到%2，执行%3,13,暂时不要,,,,1005|1|0,1|1,1005|1|0,1|2,1038|1|0,,,,,,,,,,,,,,,,,,0,,306076,1,1.42.0,603,,
3020004,改变触发器组状态,5,8,3,1,改变%1状态开启为%2,13,暂时不要,,,,1039|1|0,,1013|1|2,5|100001,,,,,,,,,,,,,,,,,,,0,100,306077,1,1.42.0,604,,
5000004,退出循环,5,8,8,0,退出循环,13,-1,,,,,,,,,,,,,,,,,,,,,,,,,,,95,306905,1,1.42.0,605,,
5100001,返回,7,8,15,0,返回,13,（模板）,,,,,,,,,,,,,,,,,,,,,,,,,,,,306906,1,1.42.0,606,,
3180001,在任意组中添加任意值,3,11,3,1,在%1中添加%2,6,-1,,,,1061|1|0,,1053|1|0,,,,,,,,,,,,,,,,,,,,,,306907,1,1.42.0,607,,
3180005,在任意组插入任意值,3,11,3,1,在%1的第%2位插入%3,6,-1,,,,1061|1|0,,1005|1|0,1|1,1053|1|0,,,,,,,,,,,,,,,,,,,,306912,1,1.42.0,608,,
3180009,在任意组中添加一组值,3,11,3,1,在%1中添加%2所有的值,6,-1,,,,1061|1|0,,1061|1|0,,,,,,,,,,,,,,,,,,,,,,306913,1,1.42.0,609,,
3180012,在任意组插入一组值,3,11,3,1,在%1的第%2位插入%3所有的值,6,-1,,,,1061|1|0,,1005|1|0,1|1,1061|1|0,,,,,,,,,,,,,,,,,,,100,306914,1,1.42.0,610,,
3180006,在任意组删除指定编号的值,3,11,3,1,删除%1中编号%2的值,6,-1,,,,1061|1|0,,1005|1|0,1|1,,,,,,,,,,,,,,,,,,,,,306908,1,1.42.0,611,,
3180007,在任意组删除任意值,3,11,3,1,在%1删除%2,6,-1,,,,1061|1|0,,1053|1|0,,,,,,,,,,,,,,,,,,,,,,306909,1,1.42.0,612,,
3180011,在任意组中删除一组值,3,11,3,1,在%1中，删除与%2重复的值,6,-1,,,,1061|1|0,,1061|1|0,,,,,,,,,,,,,,,,,,,,,,306910,1,1.42.0,613,,
3180004,清空任意组,3,11,3,1,清空%1,6,-1,,,,1061|1|0,,,,,,,,,,,,,,,,,,,,,,,100,306911,1,1.42.0,614,,
3180013,替换任意组中指定编号的值,3,11,3,1,替换%1中编号%2的值为%3,6,-1,,,,1061|1|0,,1005|1|0,1|1,1053|1|0,,,,,,,,,,,,,,,,,,,,306915,1,1.42.0,615,,
3180014,替换任意组中的任意值,3,11,3,1,替换%1中的所有%2为%3,6,-1,,,,1061|1|0,,1053|1|0,,1053|1|0,,,,,,,,,,,,,,,,,,,,306916,1,1.42.0,616,,
3180015,对任意组的值排序,3,11,3,1,对%1的值%2排列,6,-1,,,,1061|1|0,,1072|1|2,5|500001,,,,,,,,,,,,,,,,,,,,100,306917,1,1.42.0,617,,
60316005,在二维表中添加数据,3,30,3,1,在%1中添加数据,6,-1,,,,3005|1|0,,,,,,,,,,,,,,,,,,,,,,,,,,1.44.0,618,,
60316001,在二维表中插入数据,3,30,3,1,在%1中第%2行插入数据,6,-1,,,,3005|1|0,,1091|1|0,1|1,,,,,,,,,,,,,,,,,,,,,306110,1,1.44.0,619,,
60316002,替换二维表中某列中某些数据为任意值,3,30,3,1,替换%1中第%2列中第%3行的数据为%4,6,-1,,,,3005|1|0,,3124|1|2,,3099|1|0,,1053|1|0,,,,,,,,,,,,,,,,,,,,1.44.0,620,,
60316004,更新二维表某列数据为任意值,3,30,3,1,更新%1中第%2列数据%3%4的行:第%5列数据为%6,6,-1,,,,3005|1|0,,3124|1|2,,3100|1|2,5|4000001,1053|1|0,,3124|1|2,,1053|1|0,,,,,,,,,,,,,,,,1.44.0,621,,
60316003,删除二维表中某行数据,3,30,3,1,删除%1中第%2行数据,6,-1,,,,3005|1|0,,3099|1|0,,,,,,,,,,,,,,,,,,,,,,,,1.44.0,622,,
60316006,清空二维表的所有数据,3,30,3,1,清空%1的所有数据,6,-1,,,,3005|1|0,,,,,,,,,,,,,,,,,,,,,,,100,,,1.44.0,623,,
60317001,设置排行榜的值,3,27,16,1,将%1中%2为%3的值%4%5，备注%6,6,-1,,,,1084|1|0,,3133|1|2,5|4330001,1018|1|0,3|60009,1120|1|2,5|840003,1005|1|0,1|1,1085|1|0,,,,,,,,,,,,,70,,,1.50.0,624,,
60317002,删除排行榜的值,3,27,16,1,删除%1中%2为%3的值,6,-1,,,,1084|1|0,,3133|1|2,5|4330001,1018|1|0,3|60009,,,,,,,,,,,,,,,,,,100,,,1.50.0,625,,
60317003,清空排行榜,3,27,3,1,清空%1 排行榜,6,-1,,,,1084|1|0,,,,,,,,,,,,,,,,,,,,,,,70,,,1.50.0,626,,
60317004,获取排行榜的值,3,27,16,1,获取%1中指定%2为%3的%4，备注%5，获取成功则,6,-1,,,,1084|1|0,,3144|1|2,5|4440001,1018|1|0,3|60009,1005|1|3,,1085|1|3,,,,,,,,,,,,,,,,,,1.50.0,627,,
60317005,设置kv表的值,3,28,16,1,将%1中名称为%2值设为%3,6,-1,,,,1085|1|0,,1010|1|0,,3134|1|0,,,,,,,,,,,,,,,,,,,70,,,1.50.0,628,,
60317006,删除kv表的值,3,28,16,1,删除%1中名称为%2的所有值,6,-1,,,,1085|1|0,,1010|1|0,,,,,,,,,,,,,,,,,,,,,100,,,1.50.0,629,,
60317007,清空kv表,3,28,3,1,清空%1 kv表,6,-1,,,,1085|1|0,,,,,,,,,,,,,,,,,,,,,,,70,,,1.50.0,630,,
60317008,获取kv表的值,3,28,16,1,获取%1表中名称为%2 数据类型为%3 的%4值，获取成功则,6,-1,,,,1085|1|0,,1010|1|0,,3135|1|2,5|4350001,1005|1|3,1|1,,,,,,,,,,,,,,,,,,,1.50.0,631,,
3180008,清空任意组的空值,3,11,3,1,清空%1的空值,6,暂时不要,,,,1061|1|0,,,,,,,,,,,,,,,,,,,,,,,,清空空值后自动进位，例如a = {1、nil、2、nil、nil、3}，清空后变为 a ={1、2、3},,1.42.0,632,,
3180002,在任意组中将指定编号的值设为空值,3,11,3,1,在%1中将编号%2的值设为空值,6,暂时不要,,,,1061|1|0,,1005|1|0,1|1,,,,,,,,,,,,,,,,,,,,,设为空值后还会占用位置，例如a = {1，2，3}，将1设为空值，则a = {nil，2，3},,1.42.0,633,,
3180003,在任意组中将任意值设为空值,3,11,3,1,在%1中将%2设为空值,6,暂时不要,,,,1061|1|0,,1053|1|0,,,,,,,,,,,,,,,,,,,,,,"内容匹配清除，会将所有相同的值设为空值，例如a = {1,1,2,3} 将1设为空值，则a = {nil，nil，2,3}",,1.42.0,634,,
3180010,在任意组中将一组值设为空值,3,11,3,1,在%1中，将与%2重复的值设为空值,6,暂时不要,,,,1061|1|0,,1061|1|0,,,,,,,,,,,,,,,,,,,,,,"1.去重，将A组和B组重复的值设为空值，重复的空值不删除_x000D_
 2. 若有多个重复值，则优先将排在前面的值设为空值，例如a = {1，1，1，2，3} b = {1，1，2}，变为a = {nil，nil，1，nil，3}，优先ix = 1和ix = 2的1",,1.42.0,635,,
3110001,运行倒计时器,3,12,3,1,启动%1，倒数%2秒，重复计时%3,12,-1,,,,1040|1|0,,1005|1|0,1|5,1014|1|0,5|320002,,,,,,,,,,,,,,,,,0,,306918,1,1.42.0,636,,
3110002,运行正向计时器,3,12,3,1,启动%1,12,-1,,,,1040|1|0,,,,,,,,,,,,,,,,,,,,,,0,,306919,1,1.42.0,637,,
3110003,暂停计时器,3,12,3,1,暂停%1,12,-1,,,,1040|1|0,,,,,,,,,,,,,,,,,,,,,,0,,306920,1,1.42.0,638,,
3110004,恢复计时器,3,12,3,1,恢复%1,12,-1,,,,1040|1|0,,,,,,,,,,,,,,,,,,,,,,0,,306921,1,1.42.0,639,,
3110005,停止计时器,3,12,3,1,停止%1,12,-1,,,,1040|1|0,,,,,,,,,,,,,,,,,,,,,,0,100,306922,1,1.42.0,640,,
60318001,暂停|停止|恢复计时器,3,12,3,1,%1%2,12,暂时不要,,,,1081|1|2,5|580001,1040|1|0,,,,,,,,,,,,,,,,,,,,0,,306175,1,1.42.0,641,,
3110007,设置计时器计时,3,12,3,1,设置%1为%2秒,12,-1,,,,1040|1|0,,1005|1|0,1|5,,,,,,,,,,,,,,,,,,,0,,306923,1,1.42.0,642,,
3110009,显示计时器窗口,3,12,3,1,对%1显示%2窗口，标题%3,12,-1,,,,1019|1|0,,1040|1|0,,1010|1|0,1|9310015,,,,,,,,,,,,,,,,,0,,306924,1,1.42.0,643,,
3110010,隐藏计时器窗口,3,12,3,1,对%1隐藏计时器窗口,12,-1,,,,1019|1|0,,1040|1|0,,,,,,,,,,,,,,,,,,,,0,,306925,1,1.42.0,644,,
3190009,打开界面,3,13,3,1,使%1打开%2,3,暂时不要,,,,1018|1|0,3|60009,1074|1|0,3|40016,,,,,,,,,,,,,,,,,,,,,306052,1,1.42.0,645,,
3190010,关闭界面,3,13,3,1,使%1关闭%2,3,暂时不要,,,,1018|1|0,3|60009,1074|1|0,3|40016,,,,,,,,,,,,,,,,,,,,,306053,1,1.42.0,646,,
60309001,打开|关闭界面,3,13,3,1,使%1 %2 %3,3,-1,,,,1018|1|0,3|60009,1013|1|2,5|100001,1074|1|0,3|40016,,,,,,,,,,,,,,,,,,,306926,1,1.44.0,647,,
3190007,显示元件,3,13,3,1,使%1设置%2的%3的展示属性为显示,3,暂时不要,,,,1018|1|0,3|60009,1074|1|0,3|40016,1075|1|0,,,,,,,,,,,,,,,,,,,,,,1.42.0,648,,
3190001,隐藏元件,3,13,3,1,使%1设置%2的%3的展示属性为隐藏,3,暂时不要,,,,1018|1|0,3|60009,1074|1|0,3|40016,1075|1|0,,,,,,,,,,,,,,,,,,,,,,1.42.0,649,,
60309002,显示|隐藏元件,3,13,3,1,使%1设置%2的%3的展示属性为%4,3,6,,,,1018|1|0,3|60009,1074|1|0,3|40016,1075|1|0,,1093|1|2,5|810001,,,,,,,,,,,,,,,,,306927,1,1.44.0,650,,
60309003,设置游戏界面权限,3,13,3,1,设置%1的使用权限为%2,3,-1,,,,1141|1|2,5|1420002,1013|1|2,5|100002,,,,,,,,,,,,,,,,,,,,,,,1.46.50,651,,
60309004,设置信标元件映射类型,3,13,3,1,使%1设置%2的映射类型为%3，目标为%4,3,6,,,,1018|1|0,3|60009,1075|1|0,,3157|1|2,5|4570001,1048|1|0,,,,,,,,,,,,,,,,,,,,1.50.0,1414,,
3190049,平滑设置进度条进度值,3,13,3,1,使%1设置%2的%3 当前进度在%4 秒内改变至 %5,3,暂时不要,,,,1018|1|0,3|60009,1074|1|0,3|40016,1075|1|0,,1005|1|0,1|3,1005|1|0,1|100,,,,,,,,,,,,,,100,,,1.42.0,652,,
3190012,切换页面状态,3,13,3,1,使%1的%2切换为%3,3,暂时不要,,,,1018|1|0,3|60009,1074|1|0,3|40016,1079|1|0,,,,,,,,,,,,,,,,,,,,306105,1,1.42.0,653,,
3190027,平滑增加元件角度,3,13,3,1,使%1设置%2的%3平滑运动%4,3,1,,,,1018|1|0,3|60009,1074|1|0,3|40016,1075|1|0,,1123|1|0,3|310008,,,,,,,,,,,,,,,,,306427,1,1.42.0,654,,
3190008,旋转元件,3,13,3,1,使%1设置%2的%3按照顺时针旋转%4,3,6,,,,1018|1|0,3|60009,1074|1|0,3|40016,1075|1|0,,1005|1|0,1|90,,,,,,,,,,,,,,,,,306928,1,1.42.0,655,,
3190004,设置元件的大小,3,13,3,1,使%1设置%2的%3的宽为%4，高为%5,3,6,,,,1018|1|0,3|60009,1074|1|0,3|40016,1075|1|0,,1005|1|0,1|100,1005|1|0,1|100,,,,,,,,,,,,,,100,306929,1,1.42.0,656,,
3190002,设置文本内容,3,13,3,1,使%1设置%2的%3的文本为%4,3,6,,,,1018|1|0,3|60009,1074|1|0,3|40016,1075|1|0,,1010|1|0,1|300198,,,,,,,,,,,,,,,,,306930,1,1.42.0,657,,
3190005,设置文本字体大小,3,13,3,1,使%1设置%2的%3的字体为%4,3,6,,,,1018|1|0,3|60009,1074|1|0,3|40016,1075|1|0,,1005|1|0,1|16,,,,,,,,,,,,,,,,100,306931,1,1.42.0,658,,
3190003,设置图片\按钮内容,3,13,3,1,使%1设置%2的%3的图片为%4,3,6,,,,1018|1|0,3|60009,1074|1|0,3|40016,1075|1|0,,1076|1|0,2|10100,,,,,,,,,,,,,,,,,306932,1,1.42.0,659,,
3190029,设置模型装载器的模型内容,3,13,3,1,使%1设置%2的%3的模型为%4,3,6,,,,1018|1|0,3|60009,1074|1|0,3|40016,1075|1|0,,1060|1|0,2|163,,,,,,,,,,,,,,,,,306933,1,1.42.0,660,,
3190030,设置模型装载器的模型缩放,3,13,3,1,使%1设置%2的%3的模型缩放为%4,3,6,,,,1018|1|0,3|60009,1074|1|0,3|40016,1075|1|0,,1005|1|0,1|3,,,,,,,,,,,,,,,,,306934,1,1.42.0,661,,
3190031,设置模型装载器的模型朝向,3,13,3,1,使%1设置%2的%3的朝向为%4,3,6,,,,1018|1|0,3|60009,1074|1|0,3|40016,1075|1|0,,1005|1|0,1|90,,,,,,,,,,,,,,,,,306935,1,1.42.0,662,,
3190032,设置模型装载器的模型动作,3,13,3,1,"使%1设置%2的%3播放%4,播放速度%5,播放模式%6",3,6,,,,1018|1|0,3|60009,1074|1|0,3|40016,1075|1|0,,3112|1|0,2|100100,1005|1|0,1|1,1102|1|2,5|700004,,,,,,,,,,,,100,306411,1,1.42.0,663,,
3190033,设置滚动容器跳转至坐标,3,13,3,1,使%1设置%2的%3跳转至坐标X%4 Y%5,3,6,,,,1018|1|0,3|60009,1074|1|0,3|40016,1075|1|0,,1005|1|0,1|100,1005|1|0,1|100,1091|1|0,1|100,1149|1|2,5|1500001,,,,,,,,,,,306936,1,1.42.0,664,,
3190034,设置滚动容器可滚动方向,3,13,3,1,使%1设置%2的%3的可滚动方向为%4,3,6,,,,1018|1|0,3|60009,1074|1|0,3|40016,1075|1|0,,1146|1|2,5|1470001,,,1149|1|2,5|1500001,1151|1|2,5|1520001,1091|1|0,1|10,1149|1|2,5|1500001,,,,,,,306937,1,1.42.0,665,,
3190035,设置滚动容器滑动条图片,3,13,3,1,使%1设置%2的%3的滚动条图片为%4,3,6,,,,1018|1|0,3|60009,1074|1|0,3|40016,1075|1|0,,1076|1|0,2|10100,,,1091|1|0,1|100,1149|1|2,5|1500001,,,,,,,,,,100,306580,1,1.42.0,666,,
3190040,设置元件相对位置,3,13,3,1,使%1设置%2的%3的相对父元件为: 水平方向%4，偏移%5 %6 垂直方向%7，偏移%8 %9,3,6,,,,1018|1|0,3|60009,1074|1|0,3|40016,1075|1|0,,1150|1|2,5|1510001,1091|1|0,1|10,1149|1|2,5|1500001,1151|1|2,5|1520001,1091|1|0,1|10,1149|1|2,5|1500001,,,,,,,306581,1,1.42.0,667,,
3190041,设置元件相对大小,3,13,3,1,使%1设置%2的%3的相对父元件宽为%4%5，高为%6%7,3,6,,,,1018|1|0,3|60009,1074|1|0,3|40016,1075|1|0,,1091|1|0,1|100,1149|1|2,5|1500001,1091|1|0,1|100,1149|1|2,5|1500001,,,,,,,,,,,306582,1,1.42.0,668,,
3190042,动态创建元件,3,13,3,1,"为%1在%2创建%3的空元件,将元件id赋值给%4",3,暂时不要,,,,1018|1|0,3|60009,1074|1|0,3|40016,1152|1|2,5|1530001,1010|0|0,,,,,,,,,,,,,,,,,,,,1.42.0,669,,
3190043,克隆元件,3,13,3,1,"为%1在%2克隆%3,将克隆体id赋值给%4",3,暂时不要,,,,1018|1|0,3|60009,1074|1|0,3|40016,1075|1|0,,1010|0|0,,,,,,,,,,,,,,,,,,,,1.42.0,670,,
3190050,删除元件,3,13,3,1,删除%1在%2的%3 及其子元件,3,6,,,,1018|1|0,3|60009,1074|1|0,3|40016,1075|1|0,,,,,,,,,,,,,,,,,,,,,,1.50.0,671,,
3190044,修改元件父元件,3,13,3,1,修改%1设置%2的%3的父元件为%4,3,6,,,,1018|1|0,3|60009,1074|1|0,3|40016,1075|1|0,,1075|1|0,,,,,,,,,,,,,,,,,,306583,1,1.42.0,672,,
3190045,设置动画装载器内容,3,13,3,1,使%1设置%2的%3播放动画 %4 动画序号 %5 ，播放模式 %6,3,6,,,,1018|1|0,3|60009,1074|1|0,3|40016,1075|1|0,,1153|1|0,2|10001,1005|1|0,1|1,1086|1|2,5|610001,,,,,,,,,,,,100,306584,1,1.42.0,673,,
3190046,设置进度条元件图片,3,13,3,1,使%1设置%2的%3的%4图片为%5,3,6,,,,1018|1|0,3|60009,1074|1|0,3|40016,1075|1|0,,1154|1|2,5|1540001,1076|1|0,2|10100,,,,,,,,,,,,,,,306585,1,1.42.0,674,,
3190047,设置进度条元件数值,3,13,3,1,使%1设置%2的%3的%4数值为%5,3,6,,,,1018|1|0,3|60009,1074|1|0,3|40016,1075|1|0,,1114|1|2,5|1130003,1005|1|0,1|100,,,,,,,,,,,,,,,306586,1,1.42.0,675,,
3190048,平滑增加进度条当前值,3,13,3,1,使%1设置%2的%3 当前进度在%4 秒内 %5 %6,3,6,,,,1018|1|0,3|60009,1074|1|0,3|40016,1075|1|0,,1005|1|0,1|3,1120|1|2,5|840001,1005|1|0,1|50,,,,,,,,,,,,100,306587,1,1.42.0,676,,
3190006,设置元件颜色,3,13,3,1,使%1设置%2的%3的颜色为%4,3,6,,,,1018|1|0,3|60009,1074|1|0,3|40016,1075|1|0,,1056|1|0,1|0xF44336,,,1149|1|2,5|1500001,1151|1|2,5|1520001,1091|1|0,1|10,1149|1|2,5|1500001,,,,,,,306588,1,1.42.0,677,,
3190011,设置元件透明度,3,13,3,1,使%1设置%2的%3的不透明度为%4,3,6,,,,1018|1|0,3|60009,1074|1|0,3|40016,1075|1|0,,1005|1|0,1|90,,,1091|1|0,1|100,1149|1|2,5|1500001,,,,,,,,,,,306589,1,1.42.0,678,,
3190013,设置元件位置,3,13,3,1,使%1设置%2的%3的坐标为X%4 Y%5,3,6,,,,1018|1|0,3|60009,1074|1|0,3|40016,1075|1|0,,1005|1|0,1|100,1005|1|0,1|100,,,,,,,,,,,,,,100,306590,1,1.42.0,679,,
3190014,切换页面状态(智能动画),3,13,3,1,使%1的%2切换为%3 动画 %4 时长%5 秒,3,6,,,,1018|1|0,3|60009,1074|1|0,3|40016,1079|1|0,,1112|1|2,5|850002,1005|1|0,1|2,,,,,,,,,,,,,,100,306591,1,1.42.0,680,,
3190015,打开界面(动效),3,13,3,1,使%1打开%2动效 %3 时长%4秒,3,-1,,,,1018|1|0,3|60009,1074|1|0,3|40016,1115|1|0,,1005|1|0,1|1,,,,,,,,,,,,,,,,,306592,1,1.42.0,681,,
3190016,关闭界面(动效),3,13,3,1,使%1关闭%2动效 %3 时长%4秒,3,-1,,,,1018|1|0,3|60009,1074|1|0,3|40016,1116|1|0,,1005|1|0,1|1,,,,,,,,,,,,,,,,,306593,1,1.42.0,682,,
3190017,显示元件(动效),3,13,3,1,使%1设置%2的%3显示，动效 %4 时长%5秒,3,6,,,,1018|1|0,3|60009,1074|1|0,3|40016,1075|1|0,,1115|1|0,,1005|1|0,1|1,,,,,,,,,,,,,,,306594,1,1.42.0,683,,
3190018,隐藏元件(动效),3,13,3,1,使%1设置%2的%3隐藏，动效 %4 时长%5秒,3,6,,,,1018|1|0,3|60009,1074|1|0,3|40016,1075|1|0,,1116|1|0,,1005|1|0,1|1,,,,,,,,,,,,,,100,306595,1,1.42.0,684,,
3190019,播放元件动效,3,13,3,1,使%1设置%2的%3播放动效 %4,3,6,,,,1018|1|0,3|60009,1074|1|0,3|40016,1075|1|0,,1121|1|0,3|310001,,,,,,,,,,,,,,,,,306596,1,1.42.0,685,,
3190020,播放元件动效并等待,3,13,3,1,使%1设置%2的%3播放动效 %4 并等待,3,暂时不要,,,,1018|1|0,3|60009,1074|1|0,3|40016,1075|1|0,,1121|1|0,3|310001,,,,,,,,,,,,,,,,,,,1.42.0,686,,
3190021,设置文本内容(动效),3,13,3,1,使%1设置%2的%3的文本为%4并播放动效 %5,3,6,,,,1018|1|0,3|60009,1074|1|0,3|40016,1075|1|0,,1010|1|0,1|300198,1122|1|0,3|310002,,,,,,,,,,,,,,,306597,1,1.42.0,687,,
3190028,停止元件所有动效,3,13,3,1,使%1设置%2的%3停止播放所有动效,4,6,,,,1018|1|0,3|60009,1074|1|0,3|40016,1075|1|0,,,,,,,,,,,,,,,,,,,100,306598,1,1.42.0,688,,
3190022,平滑移动元件至坐标,3,13,3,1,使%1设置%2的%3平滑运动%4,3,6,,,,1018|1|0,3|60009,1074|1|0,3|40016,1075|1|0,,1123|1|0,3|310003,,,,,,,,,,,,,,,,,306599,1,1.42.0,689,,
3190023,平滑增加元件坐标,3,13,3,1,使%1设置%2的%3平滑运动%4,3,6,,,,1018|1|0,3|60009,1074|1|0,3|40016,1075|1|0,,1123|1|0,3|310004,,,,,,,,,,,,,,,,,306600,1,1.42.0,690,,
3190024,平滑缩放元件至宽高,3,13,3,1,使%1设置%2的%3平滑运动%4,3,6,,,,1018|1|0,3|60009,1074|1|0,3|40016,1075|1|0,,1123|1|0,3|310005,,,,,,,,,,,,,,,,,306601,1,1.42.0,691,,
3190025,平滑增加元件宽高,3,13,3,1,使%1设置%2的%3平滑运动%4,3,6,,,,1018|1|0,3|60009,1074|1|0,3|40016,1075|1|0,,1123|1|0,3|310006,,,,,,,,,,,,,,,,,306602,1,1.42.0,692,,
3190026,平滑旋转元件至角度,3,13,3,1,使%1设置%2的%3平滑运动%4,3,6,,,,1018|1|0,3|60009,1074|1|0,3|40016,1075|1|0,,1123|1|0,3|310007,,,,,,,,,,,,,,,,,306603,1,1.42.0,693,,
3130001,在位置上播放特效,3,14,3,1,在%1上播放%2，大小%3，%4秒,7,暂时不要,,,,1002|1|0,3|40003,1045|1|0,2|1024,1005|1|0,1|1,1005|1|0,1|10,,,,,,,,,,,,,,,0,,306048,1,1.42.0,694,,
60313010,在位置上播放特效,3,14,3,1,在%1上播放%2，持续%3秒，偏移%4，旋转%5，缩放%6，位置在%7,7,-1,,,,1002|1|0,3|40003,3077|1|0,,1005|1|0,1|0,1002|1|0,,3109|1|0,,3110|1|0,,3143|1|0,3|60505020,,,,,,,,,0,,306938,1,1.42.0,695,,
60313011,设置位置上的特效变换,3,14,3,1,设置%1上的%2的偏移%3，旋转%4，缩放%5，位置在%6,7,-1,,,,1002|1|0,3|40003,3077|1|0,,1002|1|0,3|60524002,3109|1|0,3|60524002,3110|1|0,3|60524002,3143|1|0,3|60505020,,,,,,,,,,,0,,306939,1,1.44.0,696,,
60313004,设置位置特效大小,3,14,3,1,设置%1上的%2大小为%3,7,暂时不要,,,,1002|1|0,3|40003,3077|1|0,,1005|1|0,1|1,,,,,,,,,,,,,,,,,0,,306201,1,1.44.0,697,,
60313002,删除位置上的特效,3,14,3,1,删除%1上的%2，位置在%3,7,-1,,,,1002|1|0,3|40003,3077|1|0,,3143|1|0,3|60505020,,,,,,,,,,,,,,,,,0,100,306604,1,1.44.0,698,,
60313012,在对象上播放特效,3,14,3,1,在%1上播放%2，持续%3秒，偏移%4，旋转%5，缩放%6,7,-1,,,,3011|1|0,,3077|1|0,,1005|1|0,1|0,1002|1|0,,3109|1|0,,3110|1|0,,,,,,,,,,,,0,,306940,1,1.44.0,699,,
60313001,在对象上播放特效,3,14,3,1,在%1上播放%2，大小%3，%4秒,7,暂时不要,,,,3011|1|0,,1045|1|0,2|1024,1005|1|0,1|1,1005|1|0,1|10,,,,,,,,,,,,,,,0,,,,1.44.0,700,,
60313013,设置对象上的特效变换,3,14,3,1,设置%1上的%2的偏移%3，旋转%4，缩放%5,7,-1,,,,3011|1|0,,3077|1|0,,1002|1|0,3|60524002,3109|1|0,3|60524002,3110|1|0,3|60524002,,,,,,,,,,,,,0,,306941,1,1.44.0,701,,
60313005,设置对象特效大小,3,14,3,1,设置%1上的%2大小为%3,7,暂时不要,,,,3011|1|0,,3077|1|0,,1005|1|0,1|1,,,,,,,,,,,,,,,,,0,,306202,1,1.44.0,702,,
60313003,删除对象身上的特效,3,14,3,1,删除%1身上的%2,7,-1,,,,3011|1|0,,3077|1|0,,,,,,,,,,,,,,,,,,,,0,100,306605,1,1.44.0,703,,
60313006,对玩家手持道具播放特效,3,14,3,1,对%1手持道具播放%2，大小为%3,7,暂时不要,,,,3008|1|0,3|60009,1045|1|0,2|1293,1005|1|0,1|1,,,,,,,,,,,,,,,,,0,,306193,1,1.44.0,704,,
60313007,对玩家道具类型播放特效,3,14,3,1,对%1持有的所有%2播放%3，大小为%4,7,暂时不要,,,,3008|1|0,3|60009,1028|1|0,2|12005,1045|1|0,2|1293,1005|1|0,1|1,,,,,,,,,,,,,,,0,,306194,1,1.44.0,705,,
60313014,对玩家手持道具播放特效,3,14,3,1,对%1手持道具播放%2，偏移%3，旋转%4，缩放%5,7,-1,,,,3008|1|0,3|60009,3077|1|0,,1002|1|0,,3109|1|0,,3110|1|0,,,,,,,,,,,,,,0,,306942,1,1.44.0,706,,
60313015,对玩家快捷栏的道具类型播放特效,3,14,3,1,对%1持有的所有%2播放%3，偏移%4，旋转%5，缩放%6,7,-1,,,,3008|1|0,3|60009,1028|1|0,2|12005,3077|1|0,,1002|1|0,,3109|1|0,,3110|1|0,,,,,,,,,,,,0,,306943,1,1.44.0,707,,
60313008,删除玩家手持道具上的特效,3,14,3,1,删除%1手持道具的%2,7,-1,,,,3008|1|0,3|60009,3077|1|0,,,,,,,,,,,,,,,,,,,,0,100,306606,1,1.44.0,708,,
60313009,删除玩家快捷栏道具上的特效,3,14,3,1,删除%1快捷栏的所有%2的%3,7,-1,,,,3008|1|0,3|60009,1028|1|0,2|12005,3077|1|0,,,,,,,,,,,,,,,,,,0,,306607,1,1.44.0,709,,
3130002,在玩家身上播放特效,3,14,3,1,在%1上播放%2，大小%3，%4秒,7,暂时不要,,,,1018|1|0,3|60009,1045|1|0,2|1024,1005|1|0,1|1,1005|1|0,1|10,,,,,,,,,,,,,,,0,,306189,1,1.42.0,710,,
3130003,在生物身上播放特效,3,14,3,1,在%1上播放%2，大小%3，%4秒,7,暂时不要,,,,1031|1|0,3|80006,1045|1|0,2|1024,1005|1|0,1|1,1005|1|0,1|10,,,,,,,,,,,,,,,0,,306190,1,1.42.0,711,,
3130004,在投掷物上播放特效,3,14,3,1,在%1上播放%2，大小%3，%4秒,7,暂时不要,,,,1044|1|0,3|90015,1045|1|0,2|1024,1005|1|0,1|1,1005|1|0,1|10,,,,,,,,,,,,,,,0,,306191,1,1.42.0,712,,
3130013,在掉落物上播放特效,3,14,3,1,在%1上播放%2，大小%3，%4秒,7,暂时不要,,,,1030|1|0,3|90016,1045|1|0,2|1024,1005|1|0,1|1,1005|1|0,1|10,,,,,,,,,,,,,,,0,,306192,1,1.42.0,713,,
3130015,对玩家手持道具播放特效,3,14,3,1,对%1手持道具播放%2，大小为%3,7,暂时不要,,,,1018|1|0,3|60009,1045|1|0,2|1293,1005|1|0,1|1,,,,,,,,,,,,,,,,,0,,306193,1,1.42.0,714,,
3130017,对玩家道具类型播放特效,3,14,3,1,对%1持有的所有%2播放%3，大小为%4,7,暂时不要,,,,1018|1|0,3|60009,1028|1|0,2|12005,1045|1|0,2|1293,1005|1|0,1|1,,,,,,,,,,,,,,,0,100,306194,1,1.42.0,715,,
3130005,删除位置上的特效,3,14,3,1,删除%1上的%2,7,暂时不要,,,,1002|1|0,3|40003,1045|1|0,,,,,,,,,,,,,,,,,,,,0,,306228,1,1.42.0,716,,
3130006,删除玩家身上的特效,3,14,3,1,删除%1身上的%2,7,暂时不要,,,,1018|1|0,3|60009,1045|1|0,,,,,,,,,,,,,,,,,,,,0,,306195,1,1.42.0,717,,
3130007,删除生物身上的特效,3,14,3,1,删除%1身上的%2,7,暂时不要,,,,1031|1|0,3|80006,1045|1|0,,,,,,,,,,,,,,,,,,,,0,,306196,1,1.42.0,718,,
3130008,删除投掷物上的特效,3,14,3,1,删除%1上的%2,7,暂时不要,,,,1044|1|0,3|90015,1045|1|0,,,,,,,,,,,,,,,,,,,,0,100,306197,1,1.42.0,719,,
3130014,删除掉落物上的特效,3,14,3,1,删除%1上的%2,7,暂时不要,,,,1030|1|0,3|90016,1045|1|0,2|1024,,,,,,,,,,,,,,,,,,,0,,306198,1,1.42.0,720,,
3130016,删除玩家手持道具上的特效,3,14,3,1,删除%1手持道具的%2,7,暂时不要,,,,1018|1|0,3|60009,1045|1|0,2|1293,,,,,,,,,,,,,,,,,,,0,,306199,1,1.42.0,721,,
3130018,删除玩家快捷栏道具上的特效,3,14,3,1,删除%1快捷栏的所有%2的%3,7,暂时不要,,,,1018|1|0,3|60009,1028|1|0,2|12005,1045|1|0,2|1293,,,,,,,,,,,,,,,,,0,,306200,1,1.42.0,722,,
3130009,设置位置特效大小,3,14,3,1,设置%1上的%2大小为%3,7,暂时不要,,,,1002|1|0,3|40003,1045|1|0,2|1024,1005|1|0,1|1,,,,,,,,,,,,,,,,,0,,306201,1,1.42.0,723,,
3130010,设置玩家特效大小,3,14,3,1,设置%1上的%2大小为%3,7,暂时不要,,,,1018|1|0,3|60009,1045|1|0,2|1024,1005|1|0,1|1,,,,,,,,,,,,,,,,,0,,306202,1,1.42.0,724,,
3130011,设置生物特效大小,3,14,3,1,设置%1上的%2大小为%3,7,暂时不要,,,,1031|1|0,3|80006,1045|1|0,2|1024,1005|1|0,1|1,,,,,,,,,,,,,,,,,0,,306203,1,1.42.0,725,,
3130012,设置投掷物特效大小,3,14,3,1,设置%1上的%2大小为%3,7,暂时不要,,,,1044|1|0,3|90015,1045|1|0,2|1024,1005|1|0,1|1,,,,,,,,,,,,,,,,,0,,306204,1,1.42.0,726,,
60319001,在对象上播放3D音效,3,15,3,1,在%1播放场景%2，音量%3，音调%4，循环播放%5,11,-1,,,,3011|1|0,,1046|1|0,,1005|1|0,1|100,1005|1|0,1|1,1014|1|0,5|320002,,,,,,,,,,,,,0,,306944,1,1.44.0,727,,
60319002,暂停对象上的3D音效,3,15,3,1,%1%2身上正在播放的3D音效%3,11,-1,,,,1081|1|2,5|580001,1048|1|0,,3079|1|0,,,,,,,,,,,,,,,,,,0,100,306945,1,1.44.0,728,,
3140014,在位置上播放3D音效,3,15,3,1,在%1播放场景%2，音量%3，音调%4，循环播放%5，位置在%6,11,-1,,,,1002|1|0,3|40003,1046|1|0,,1005|1|0,1|100,1005|1|0,1|1,1014|1|0,5|320002,3143|1|0,3|60505020,,,,,,,,,,,0,,306946,1,1.42.0,729,,
60319003,暂停位置上的音效,3,15,3,1,%1%2身上正在播放的3D音效%3，位置在%4,11,-1,,,,1081|1|2,5|580001,1002|1|0,3|40003,3079|1|0,,3143|1|0,3|60505020,,,,,,,,,,,,,,,0,100,306947,1,1.44.0,730,,
60319004,对玩家播放2D音效,3,15,3,1,对%1播放2D音效%2，音量%3，音调%4，循环播放%5,11,-1,,,,3008|1|0,3|60009,1046|1|0,,1005|1|0,1|100,1005|1|0,1|1,1014|1|0,5|320002,,,,,,,,,,,,,0,,306948,1,1.44.0,731,,
60319005,暂停玩家2D音效,3,15,3,1,%1%2正在播放的2D音效%3,11,-1,,,,1081|1|2,5|580001,3008|1|0,3|60009,3079|1|0,,,,,,,,,,,,,,,,,,0,100,306949,1,1.44.0,732,,
60319006,对玩家播放2DQQ音乐,3,15,3,1,对%1播放2D音乐%2，音量%3，循环播放%4,11,暂时不要,,,,3008|1|0,3|60009,1080|1|0,,1005|1|0,1|100,1014|1|0,5|320002,,,,,,,,,,,,,,,,,306337,1,1.44.0,733,,
60319007,暂停玩家2DQQ音乐,3,15,3,1,%1%2正在播放的2D音乐,11,暂时不要,,,,1081|1|2,5|580001,3008|1|0,3|60009,,,,,,,,,,,,,,,,,,,,100,306338,1,1.44.0,734,,
3140012,使玩家播放音效,3,15,3,1,使%1播放场景%2，音量%3，音调%4，循环播放%5,11,暂时不要,,,,1018|1|0,3|60009,1046|1|0,,1005|1|0,1|100,1005|1|0,1|1,1014|1|0,5|320002,,,,,,,,,,,,,0,,306219,1,1.42.0,735,,
3140013,使生物播放音效,3,15,3,1,使%1播放场景%2，音量%3，音调%4，循环播放%5,11,暂时不要,,,,1031|1|0,3|80006,1046|1|0,,1005|1|0,1|100,1005|1|0,1|1,1014|1|0,5|320002,,,,,,,,,,,,,0,,306339,1,1.42.0,736,,
3140015,关闭玩家音效,3,15,3,1,关闭%1身上正在播放的%2,11,暂时不要,,,,1018|1|0,3|60009,1046|1|0,,,,,,,,,,,,,,,,,,,,0,,306341,1,1.42.0,737,,
3140016,关闭生物音效,3,15,3,1,关闭%1身上正在播放的%2,11,暂时不要,,,,1031|1|0,3|80006,1046|1|0,,,,,,,,,,,,,,,,,,,,0,,306342,1,1.42.0,738,,
3140017,关闭位置音效,3,15,3,1,关闭%1上正在播放的%2,11,暂时不要,,,,1002|1|0,3|40003,1046|1|0,,,,,,,,,,,,,,,,,,,,0,100,,,1.42.0,739,,
3140019,对玩家播放2D音效,3,15,3,1,对%1播放界面%2，音量%3，音调%4，循环播放%5,11,暂时不要,,,,1018|1|0,3|60009,1046|1|0,,1005|1|0,1|100,1005|1|0,1|1,1014|1|0,5|320002,,,,,,,,,,,,,0,,306218,1,1.42.0,740,,
3140021,关闭玩家2D音效,3,15,3,1,关闭%1正在播放的界面%2,11,暂时不要,,,,1018|1|0,3|60009,1046|1|0,,,,,,,,,,,,,,,,,,,,0,,306343,1,1.42.0,741,,
3140018,对玩家组播放2D音效,3,15,3,1,对%1播放界面%2，音量%3，音调%4，循环播放%5,11,暂时不要,,,,1019|1|0,,1046|1|0,,1005|1|0,1|100,1005|1|0,1|1,1014|1|0,5|320002,,,,,,,,,,,,,0,,306344,1,1.42.0,742,,
3140020,关闭玩家组2D音效,3,15,3,1,关闭%1正在播放的界面%2,11,暂时不要,,,,1019|1|0,,1046|1|0,,,,,,,,,,,,,,,,,,,,0,,306345,1,1.42.0,743,,
3140022,对玩家播放2D音乐,3,15,3,1,对%1播放界面%2，音量%3，循环播放%4,11,暂时不要,,,,1018|1|0,3|60009,1080|1|0,,1005|1|0,1|100,1014|1|0,5|320002,,,,,,,,,,,,,,,,,306337,1,1.42.0,744,,
3140023,暂停/恢复玩家2D音乐,3,15,3,1,%1%2正在播放的2D音乐,11,暂时不要,,,,1081|1|2,5|580001,1018|1|0,3|60009,,,,,,,,,,,,,,,,,,,,100,306338,1,1.42.0,745,,
3170001,在位置上创建图文信息,3,16,3,1,在%1上创建%2，位置在%3,10,-1,,,,1002|1|0,3|40003,1057|1|0,3|150001,3143|1|0,3|60505020,,,,,,,,,,,,,,,,,,,306950,1,1.42.0,746,,
3170005,删除位置上的图文信息类型,3,16,3,1,删除%1上编号为%2的%3，位置在%4,10,-1,,,,1002|1|0,3|40003,1005|1|0,1|1,1058|1|2,5|490001,3143|1|0,3|60505020,,,,,,,,,,,,,,,,,306951,1,1.42.0,747,,
3170009,在位置上创建平面图文信息,3,16,3,1,在%1上创建%2，向X轴偏移%3，Y轴偏移%4，位置在%5,10,-1,,,,1002|1|0,3|40003,1057|1|0,3|150001,1005|1|0,1|0,1005|1|0,1|100,3143|1|0,3|60505020,,,,,,,,,,,,,,,306952,1,1.42.0,748,,
3170002,在玩家身上创建图文信息,3,16,3,1,在%1身上创建%2，向%3偏移距离%4,10,暂时不要,,,,1018|1|0,3|60009,1057|1|0,3|150001,1047|1|0,5|350001,1005|1|0,1|100,,,,,,,,,,,,,,,,,306107,1,1.42.0,749,,
3170003,在生物身上创建图文信息,3,16,3,1,在%1身上创建%2，向%3偏移距离%4,10,暂时不要,,,,1031|1|0,3|80006,1057|1|0,3|150001,1047|1|0,5|350001,1005|1|0,1|100,,,,,,,,,,,,,,,,,306329,1,1.42.0,750,,
3170004,在投掷物上创建图文信息,3,16,3,1,在%1上创建%2，向%3偏移%4,10,暂时不要,,,,1044|1|0,3|90015,1057|1|0,3|150001,1047|1|0,5|350001,1005|1|0,1|100,,,,,,,,,,,,,,,,100,306330,1,1.42.0,751,,
60320001,在对象上创建图文信息,3,16,3,1,在%1身上创建%2，向%3偏移距离%4,10,-1,,,,3011|1|0,,1057|1|0,3|150001,1047|1|0,5|350001,1005|1|0,1|100,,,,,,,,,,,,,,,,,306953,1,1.42.0,752,,
60320003,在对象上创建平面图文信息,3,16,3,1,在%1身上创建%2，向X轴偏移%3，Y轴偏移%4,10,-1,,,,3011|1|0,,1057|1|0,3|150001,1005|1|0,1|0,1005|1|0,1|100,,,,,,,,,,,,,,,,,306954,1,1.42.0,753,,
60320002,删除对象身上的图文信息类型,3,16,3,1,删除%1身上编号为%2的%3,10,-1,,,,3011|1|0,,1005|1|0,1|1,1058|1|2,5|490001,,,,,,,,,,,,,,,,,,,306955,1,1.42.0,754,,
3170006,删除玩家身上的图文信息类型,3,16,3,1,删除%1身上编号为%2的%3,10,暂时不要,,,,1018|1|0,3|60009,1005|1|0,1|1,1058|1|2,5|490001,,,,,,,,,,,,,,,,,,,306108,1,1.42.0,755,,
3170007,删除生物身上的图文信息类型,3,16,3,1,删除%1身上编号为%2的%3,10,暂时不要,,,,1031|1|0,3|80006,1005|1|0,1|1,1058|1|2,5|490001,,,,,,,,,,,,,,,,,,,306332,1,1.42.0,756,,
3170008,删除投掷物上的图文信息类型,3,16,3,1,删除%1上编号为%2的%3,10,暂时不要,,,,1044|1|0,3|90015,1005|1|0,1|1,1058|1|2,5|490001,,,,,,,,,,,,,,,,,,100,306333,1,1.42.0,757,,
3170010,在玩家身上创建平面图文信息,3,16,3,1,在%1身上创建%2，向X轴偏移%3，Y轴偏移%4,10,暂时不要,,,,1018|1|0,3|60009,1057|1|0,3|150001,1005|1|0,1|0,1005|1|0,1|100,,,,,,,,,,,,,,,,,306334,1,1.42.0,758,,
3170011,在生物身上创建平面图文信息,3,16,3,1,在%1身上创建%2，向X轴偏移%3，Y轴偏移%4,10,暂时不要,,,,1031|1|0,3|80006,1057|1|0,3|150001,1005|1|0,1|0,1005|1|0,1|100,,,,,,,,,,,,,,,,,306335,1,1.42.0,759,,
3170012,在投掷物上创建平面图文信息,3,16,3,1,在%1身上创建%2，向X轴偏移%3，Y轴偏移%4,10,暂时不要,,,,1044|1|0,3|90015,1057|1|0,3|150001,1005|1|0,1|0,1005|1|0,1|100,,,,,,,,,,,,,,,,,306336,1,1.42.0,760,,
60322002,播放广告,3,17,16,1,对%1播放广告，广告位名字%2，如果广告播放完毕就#n%1,4,-1,,,,1018|1|0,3|60009,1010|1|0,,1089|1|0,,,,,,,,,,,,,,,,,,1,,,,1.42.0,761,,
3160005,播放广告(2.0),3,17,3,1,对%1播放广告，广告位名字%2，并且运行%3(仅按下按钮和松开按钮可触发),4,暂时不要,,,,1018|1|0,3|60009,1010|1|0,,1038|1|0,,,,,,,,,,,,,,,,,,1,,,,1.42.0,762,,
3160014,打开皮肤试用商店,3,17,3,1,对%1打开皮肤试用商店,4,-1,,,,1018|1|0,3|60009,3|60009,,,,,,,,,,,,,,,,,,,,4,,306608,1,1.42.0,763,,
3160001,播放广告(老),3,17,3,1,对%1播放广告，广告位名字%2，并且运行%3(老),4,暂时不要,,,,1018|1|0,3|60009,1010|1|0,,1038|1|0,,,,,,,,,,,,,,,,,,2,,,,1.42.0,764,,
3160010,显示皮肤购买窗口,3,17,3,1,对%1显示%2的购买窗口，推荐语%3,4,暂时不要,,,,1018|1|0,3|60009,1138|1|0,,1010|1|0,,,,,,,,,,,,,,,,,,6,,,,1.42.0,765,,
3160002,打开开发者商店（老）,3,17,3,1,使%1打开开发者商店(仅按下按钮和松开按钮可触发),4,暂时不要,,,,1018|1|0,3|60009,,,,,,,,,,,,,,,,,,,,,1,,,,1.42.0,766,,
3160004,播放视频,3,17,3,1,对%1打开%2并自动播放视频,4,暂时不要,,,,1018|1|0,3|60009,1073|1|0,,,,,,,,,,,,,,,,,,,,2,,,,1.42.0,767,,
3160011,打开开发者商店皮肤页面,3,17,3,1,对%1打开开发者商店皮肤页面（仅按下按钮和松开按钮可触发）,4,暂时不要,,,,1018|1|0,3|60009,,,,,,,,,,,,,,,,,,,,,6,,,,1.42.0,768,,
3160006,打开开发者商店,3,17,3,1,对%1打开开发者商店,4,暂时不要,,,,1018|1|0,3|60009,,,,,,,,,,,,,,,,,,,,,1,,,,1.42.0,769,,
3160007,打开开发者商店购买页指定分类,3,17,3,1,对%1打开开发者商店%2，商店名为%3,4,暂时不要,,,,1018|1|0,3|60009,1101|1|0,,1010|1|0,,,,,,,,,,,,,,,,,,1,,,,1.42.0,770,,
3160012,打开开发者商店指定分类,3,17,3,1,对%1打开开发者商店%2，商店名为%3,4,暂时不要,,,,1018|1|0,3|60009,1144|1|0,5|1450001,1010|1|0,,,,,,,,,,,,,,,,,,1,,,,1.42.0,771,,
3160009,打开皮肤商品详情页,3,17,3,1,对%1打开%2详情页（仅按下按钮和松开按钮可触发）,4,暂时不要,,,,1018|1|0,3|60009,1138|1|0,,,,,,,,,,,,,,,,,,,,6,,,,1.42.0,772,,
3160008,打开商品详情页,3,17,3,1,对%1打开%2详情页,4,暂时不要,,,,1018|1|0,3|60009,1059|1|0,,,,,,,,,,,,,,,,,,,,1,,,,1.42.0,773,,
60322003,打开商品购买/商品详情/开发者商店,3,17,3,1,对%1打开%2,4,-1,,,,1018|1|0,3|60009,3128|1|2,5|4280001,,,,,,,,,,,,,,,,,,,1,,,,1.42.0,774,,
3161001,设置课程目标状态,3,17,3,1,设置任务序号%1的完成状态为%2,4,暂时不要,,,,1091|1|0,1|1,1092|1|0,5|800001,,,,,,,,,,,,,,,,,,,3,,,,1.42.0,775,,
3161002,显示课程目标区,3,17,3,1,设置任务目标区为%1,4,暂时不要,,,,1093|1|0,5|810001,,,,,,,,,,,,,,,,,,,,,3,,,,1.42.0,776,,
3220001,对玩家显示评价弹窗,3,17,3,1,对%1显示评价弹窗,4,暂时不要,,,,1018|1|0,3|60009,,,,,,,,,,,,,,,,,,,,,1,,"①玩家游玩一段时间后（当前为进入地图后3分钟）才可以触发_x000D_
 ②10分钟只会弹一次，且玩家已评价过该地图不会触发_x000D_
 ③重进地图或转换编辑地图可重新弹出一次，方便测试",,1.42.0,777,,
3220002,对玩家显示收藏弹窗,3,17,3,1,对%1显示收藏弹窗,4,暂时不要,,,,1018|1|0,3|60009,,,,,,,,,,,,,,,,,,,,,1,,"①玩家游玩一段时间后（当前为进入地图后3分钟）才可以触发_x000D_
 ②10分钟只会弹一次，且玩家已评价过该地图不会触发_x000D_
 ③重进地图或转换编辑地图可重新弹出一次，方便测试",,1.42.0,778,,
3160003,显示商品购买窗口,3,17,3,1,对%1显示%2的购买窗口，推荐语%3,4,暂时不要,,,,1018|1|0,3|60009,1059|1|0,,1010|1|0,,,,,,,,,,,,,,,,,,1,,,,1.42.0,779,,
3160013,打开对象的皮肤商店购买弹框,3,17,3,1,对%1显示%2的皮肤商店购买弹框,4,暂时不要,,,,1018|1|0,3|60009,1048|1|0,,,,,,,,,,,,,,,,,,,,4,,,,1.42.0,780,,
3220003,对玩家显示关注作者弹窗,3,17,3,1,对%1显示%2弹窗,4,暂时不要,,,,1018|1|0,3|60009,1141|1|2,5|1420001,,,,,,,,,,,,,,,,,,,3,,,,1.42.0,781,,
3120003,设置数值,3,18,3,1,设置%1为%2,6,暂时不要,,,,1005|0|0,,1005|1|0,1|0,,,,,,,,,,,,,,,,,,,0,,306609,1,1.42.0,782,,
60315001,设置数值,3,18,3,1,将%1 %2 %3,6,-1,,,,1005|0|0,,1120|1|2,5|840003,1005|1|0,1|0,,,,,,,,,,,,,,,,,0,,306038,1,1.50.0,783,,
3120010,设置字符串,3,18,3,1,设置%1为%2,6,-1,,,,1010|0|0,,1010|1|0,1|300198,,,,,,,,,,,,,,,,,,,0,,306610,1,1.42.0,784,,
3120004,设置布尔值,3,18,3,1,设置%1为%2,6,-1,,,,1014|0|0,,1014|1|0,5|320002,,,,,,,,,,,,,,,,,,,0,100,306611,1,1.42.0,785,,
3120005,设置玩家,3,18,3,1,设置%1为%2,6,-1,,,,1018|0|0,,1018|1|0,3|60009,,,,,,,,,,,,,,,,,,,0,,306612,1,1.42.0,786,,
3120008,设置生物,3,18,3,1,设置%1为%2,6,-1,,,,1031|0|0,,1031|1|0,3|80006,,,,,,,,,,,,,,,,,,,0,,306613,1,1.42.0,787,,
60315006,设置对象,3,18,3,1,设置%1为%2,6,-1,,,,1048|0|0,,1048|1|0,,,,,,,,,,,,,,,,,,,,0,,306248,1,1.42.0,788,,
60315007,设置角色,3,18,3,1,设置%1为%2,6,-1,,,,3062|0|0,,3062|1|0,,,,,,,,,,,,,,,,,,,,0,,306248,1,1.42.0,789,,
60315011,设置实体,3,18,3,1,设置%1为%2,6,-1,,,,3019|0|0,,3019|1|0,,,,,,,,,,,,,,,,,,,,0,,306248,1,1.42.0,790,,
3120001,设置位置,3,18,3,1,设置%1为%2,6,-1,,,,1002|0|0,,1002|1|0,3|40003,,,,,,,,,,,,,,,,,,,0,,306617,1,1.42.0,791,,
3120002,设置区域,3,18,3,1,设置%1为%2,6,-1,,,,1001|0|0,,1001|1|0,,,,,,,,,,,,,,,,,,,,0,100,306618,1,1.42.0,792,,
60315002,设置投掷物,3,18,3,1,设置%1为%2,6,-1,,,,1044|0|0,,1044|1|0,,,,,,,,,,,,,,,,,,,,0,,306248,1,1.42.0,793,,
60315003,设置掉落物,3,18,3,1,设置%1为%2,6,-1,,,,1030|0|0,,1030|1|0,,,,,,,,,,,,,,,,,,,,0,,306248,1,1.42.0,794,,
3120006,设置方块类型,3,18,3,1,设置%1为%2,6,-1,,,,1025|0|0,,1025|1|0,2|200,,,,,,,,,,,,,,,,,,,0,,306614,1,1.42.0,795,,
3120007,设置道具类型,3,18,3,1,设置%1为%2,6,-1,,,,1028|0|0,,1028|1|0,2|11002,,,,,,,,,,,,,,,,,,,0,,306615,1,1.42.0,796,,
3120011,设置特效类型,3,18,3,1,设置%1为%2,6,-1,,,,1045|0|0,,1045|1|0,2|1024,,,,,,,,,,,,,,,,,,,0,,306619,1,1.42.0,797,,
3120009,设置生物类型,3,18,3,1,设置%1为%2,6,-1,,,,1032|0|0,,1032|1|0,2|3400,,,,,,,,,,,,,,,,,,,0,,306616,1,1.42.0,798,,
60315010,设置外观类型,3,18,3,1,设置%1为%2,6,-1,,,,1060|0|0,,1060|1|0,2|163,,,,,,,,,,,,,,,,,,,0,,306248,1,1.42.0,799,,
60315012,设置实体类型,3,18,3,1,设置%1为%2,6,-1,,,,3091|0|0,,3091|1|0,,,,,,,,,,,,,,,,,,,,0,100,306248,1,1.42.0,800,,
60315004,设置元件,3,18,3,1,设置%1为%2,6,6,,,,1075|0|0,,1075|1|0,,,,,,,,,,,,,,,,,,,,0,,306248,1,1.42.0,801,,
60315005,设置图片,3,18,3,1,设置%1为%2,6,-1,,,,1076|0|0,,1076|1|0,2|10100,,,,,,,,,,,,,,,,,,,0,100,306248,1,1.42.0,802,,
60315008,设置状态,3,18,3,1,设置%1为%2,6,-1,,,,1037|0|0,,1037|1|0,2|4001,,,,,,,,,,,,,,,,,,,0,,306248,1,1.42.0,803,,
60315009,设置音效,3,18,3,1,设置%1为%2,6,-1,,,,1046|0|0,,1046|1|0,,,,,,,,,,,,,,,,,,,,0,,306248,1,1.42.0,804,,
3210001,在排行榜中设置玩家的数值,3,19,3,1,在%1中设置%2的值为%3,6,暂时不要,,,,1084|1|0,,1018|1|0,3|60009,1005|1|0,1|1,,,,,,,,,,,,,,,,,,,"1. 以玩家的迷你号为索引，在服务器排行榜设置玩家的数值_x000D_
 2. 将玩家数据存进服务器的排行榜，可以做出全图排行榜_x000D_
 #3. 相同分数谁先进入排行榜谁在前面_x000D_
 4. 排行榜需要地图上传后，在云服地图才可生效",,1.42.0,805,,
3210002,在排行榜中设置指定名称的数值,3,19,3,1,在%1中设置名称为%2的值为%3,6,暂时不要,,,,1084|1|0,,1010|1|0,,1005|1|0,1|1,,,,,,,,,,,,,,,,,,100,"1.自定义索引名，只允许使用字母、数字、下划线_和星号*_x000D_
 2.排行榜可以使用输入框填写脚本引用名来索引",,1.42.0,806,,
3210003,在排行榜中删除玩家的数值,3,19,3,1,在%1中删除%2的数值,6,暂时不要,,,,1084|1|0,,1018|1|0,3|60009,,,,,,,,,,,,,,,,,,,,,,,1.42.0,807,,
3210004,在排行榜中删除指定名称的数值,3,19,3,1,在%1中删除名称为%2的数值,6,暂时不要,,,,1084|1|0,,1010|1|0,,,,,,,,,,,,,,,,,,,,,,,,1.42.0,808,,
3210014,清空排行榜,3,19,3,1,清空%1,6,暂时不要,,,,1084|1|0,,,,,,,,,,,,,,,,,,,,,,,100,删除后无法恢复，谨慎使用,,1.42.0,809,,
3210005,使排行榜中指定玩家的值自运算,3,19,3,1,使%1中%2的值加%3,6,暂时不要,,,,1084|1|0,,1018|1|0,3|60009,1005|1|0,1|1,,,,,,,,,,,,,,,,,,,多个房间对同一个值操作时可以使用该动作，不会导致值相互覆盖,,1.42.0,810,,
3210006,使排行榜中指定名称的值自运算,3,19,3,1,使%1中名称为%2的值加%3,6,暂时不要,,,,1084|1|0,,1010|1|0,,1005|1|0,1|1,,,,,,,,,,,,,,,,,,100,多个房间对同一个值操作时可以使用该动作，不会导致值相互覆盖,,1.42.0,811,,
3210007,获取排行榜中指定排名的值,3,19,3,1,获取%1中以%4方式，排在第%2的值，并执行 %3将获取的值传递到事件,6,暂时不要,,,,1084|1|0,,1005|1|0,1|1,1038|1|0,,1072|1|2,5|500001,,,,,,,,,,,,,,,,,"1.排行榜只允许取正整数，升序为从小到大，降序为从大到小_x000D_
 2. 本事件的所有参数传递到执行的【事件】，例如【触发事件玩家】、【事件中的目标玩家】、【触发事件的生物】等等_x000D_
 3. 可以通过服务器/排行榜获取的xx，拿到名称、玩家、数值、排名四个值",,1.42.0,812,,
3210008,获取排行榜中指定玩家的值,3,19,3,1,获取%1中%2的值，并执行 %3将获取的值传递到事件,6,暂时不要,,,,1084|1|0,,1018|1|0,3|60009,1038|1|0,,,,,,,,,,,,,,,,,,,,"1. 本事件的所有参数传递到执行的【事件】，例如【触发事件玩家】、【事件中的目标玩家】、【触发事件的生物】等等_x000D_
 2. 可以通过服务器/排行榜获取的xx，拿到名称、玩家、数值、排名四个值",,1.42.0,813,,
3210009,获取排行榜中指定名称的值,3,19,3,1,获取%1中名称为%2的值，并执行 %3将获取的值传递到事件,6,暂时不要,,,,1084|1|0,,1010|1|0,,1038|1|0,,,,,,,,,,,,,,,,,,,100,"1. 本事件的所有参数传递到执行的【事件】，例如【触发事件玩家】、【事件中的目标玩家】、【触发事件的生物】等等_x000D_
 2. 可以通过服务器/排行榜获取的xx，拿到名称、玩家、数值、排名四个值",,1.42.0,814,,
3210010,在表中设置指定名称的任意值,3,19,3,1,设置%1中名称为%2值为%3,6,暂时不要,,,,1085|1|0,,1010|1|0,,1053|1|0,,,,,,,,,,,,,,,,,,,,1. 使用英文的点.可以分割索引，对脚本使用有影响，只使用事件可无视这条,,1.42.0,815,,
3210011,在表中删除指定名称的值,3,19,3,1,在%1中删除名称为%2的值,6,暂时不要,,,,1085|1|0,,1010|1|0,,,,,,,,,,,,,,,,,,,,,,,,1.42.0,816,,
3210013,清空表,3,19,3,1,清空%1,6,暂时不要,,,,1085|1|0,,,,,,,,,,,,,,,,,,,,,,,,删除后无法恢复，谨慎使用,,1.42.0,817,,
3210012,获取表中指定名称的值,3,19,3,1,获取%1中名称为%2的值，并执行 %3将获取的值传递到事件,6,暂时不要,,,,1085|1|0,,1010|1|0,,1038|1|0,,,,,,,,,,,,,,,,,,,,,,1.42.0,818,,
3210015,上报玩家数据,3,19,3,1,上报%1数据，事件名为%2,6,暂时不要,,,,1018|1|0,3|60009,1010|1|0,,,,,,,,,,,,,,,,,,,,,,使用不同事件组合事件名，可以自定义上报玩家各种行为数据，上报后可以在创作者中心后台查看玩家的各项数据,,1.42.0,819,,
60322001,上报玩家活动数据,3,19,3,1,上报%1 活动数据，数据为%2,6,-1,,,,1018|1|0,3|60009,1005|1|0,,,,,,,,,,,,,,,,,,,,0,,使用不同事件组合事件名，可以自定义上报玩家各种行为数据，上报后可以在创作者中心后台查看玩家的各项数据,,1.45.0,820,,
60305007,创建对象,3,31,3,1,创建%1 模板%2数量%3位置%4，位置在%5,31,-1,,,,3066|1|2,5|3660001,1032|1|0,2|3400,1091|1|0,1|1,1002|1|0,3|40003,3143|1|0,3|60505020,,,,,,,,,,,,,0,,306620,1,1.44.0,821,,
60305008,创建对象并赋值给变量,3,31,3,1,创建%1 并赋值给变量 %2 模板%3位置%4旋转%5缩放%6,31,暂时不要,,,,3066|1|2,5|3660001,1031|0|0,,1032|1|0,2|3400,1002|1|0,3|40003,3109|1|0,3|60524002,3110|1|0,3|60524002,,,,,,,,,,,0,,"生物朝向、缩放仅Y轴生效。
实体",1,1.44.0,822,,
60305009,删除对象,3,31,3,1,删除%1,31,-1,,,,3011|1|0,,,,,,,,,,,,,,,,,,,,,,0,100,306621,1,1.44.0,823,,
60301001,设置对象的属性,3,31,3,1,设置%1的%2的%3为%4,31,-1,,,,1048|1|0,,3002|0|0,,3003|0|0,,3007|0|0,,,,,,,,,,,,,,,,,,306622,1,1.44.0,824,,
60301002,执行对象的自定义函数,3,31,3,1,执行%1的%2的%3,31,-1,,,,1048|1|0,,3002|0|0,,3004|0|0,,,,,,,,,,,,,,,,,,,,306623,1,1.44.0,825,,
60301003,增删对象的组件,3,31,3,1,为%1 %2 %3,31,-1,,,,1048|1|0,,3010|0|2,5|3100001,3002|1|0,,,,,,,,,,,,,,,,,,,100,306624,1,1.44.0,826,,
60305011,增删标签,3,31,3,1,"给%1 %2 %3标签,引用计数为%4",31,-1,,,,3011|1|0,,3010|0|2,5|3100001,3149|1|0,,1091|1|0,1|1,,,,,,,,,,,,,,,,,307513,1,1.54.0,1411,,
60305012,清空所有标签,3,31,3,1,清空%1 的所有标签,31,-1,,,,3011|1|0,,,,,,,,,,,,,,,,,,,,,,,,307514,1,1.54.0,1412,,
60305006,使对象移动,3,31,3,1,使%1朝%2移动，速度%3,31,-1,,,,3011|1|0,,1047|1|0,5|350005,1005|1|0,1|1,,,,,,,,,,,,,,,,,0,,306625,1,1.44.0,827,,
60305003,设置对象的位置,3,31,3,1,传送%1至%2,31,-1,,,,3011|1|0,,1002|1|0,,,,,,,,,,,,,,,,,,,,0,,306626,1,1.44.0,828,,
60305004,设置对象名字,3,31,3,1,设置%1的名字为%2,31,-1,,,,3011|1|0,,1010|1|0,1|1010008,,,,,,,,,,,,,,,,,,,2,,306627,1,1.44.0,829,,
60305010,使对象播放动作,3,31,3,1,"使%1播放%2,播放速度%3,播放模式%4",31,-1,,,,3011|1|0,,3112|1|0,2|100100,1005|1|0,1|1,1102|1|2,5|700004,,,,,,,,,,,,,,,,,306628,,1.44.0,830,,
60305001,设置对象外观,3,31,3,1,设置%1的外观为%2,31,-1,,,,3011|1|0,,1060|1|0,2|163,,,,,,,,,,,,,,,,,,,,,306629,1,1.44.0,831,,
60305002,恢复对象初始外观,3,31,3,1,恢复%1为初始外观,31,-1,,,,3011|1|0,,,,,,,,,,,,,,,,,,,,,,,,306630,1,1.44.0,832,,
60305005,设置对象模型角度,3,31,3,1,设置%1 模型%2角度为%3,31,暂时不要,,,,3011|1|0,,1147|1|2,5|1480001,1005|1|0,1|90,,,,,,,,,,,,,,,,,0,,,,1.44.0,833,,
60305013,使对象跟随对象播放动作,3,31,3,1,使%1跟随%2播放动作,31,-1,,,,3011|1|0,,1048|1|0,,,,,,,,,,,,,,,,,,,,,,,,1.51.0,830,,
6100002,设置属性（字符串）,3,31,3,1,（字符串）设置%1的%2的%3为%4,31,暂时不要,,,,1048|1|0,,1010|1|0,1|300198,1010|1|0,1|300198,1005|1|0,1|5,,,,,,,,,,,,,,,,,,,1.42.0,834,,
60306009,击败角色,3,32,3,1,击败%1,32,-1,,,,3012|1|0,,,,,,,,,,,,,,,,,,,,,,0,,306631,1,1.44.0,835,,
60306006,给予角色状态,3,32,3,1,给予%1%2效果，永久持续%3，持续%4秒,32,-1,,,,3012|1|0,,1037|1|0,2|4001,1014|1|0,5|320002,1005|1|0,1|10,,,,,,,,,,,,,,,0,,306632,1,1.44.0,836,,
60306007,移除角色状态,3,32,3,1,移除%1的%2效果,32,-1,,,,3012|1|0,,3058|1|0,,,,,,,,,,,,,,,,,,,,0,,306633,1,1.44.0,837,,
60306008,替换角色状态,3,32,3,1,将%1身上的%2替换为%3，永久持续%4，持续%5秒,32,-1,,,,3012|1|0,,1037|1|0,2|4001,1037|1|0,2|8001,1014|1|0,5|320002,1005|1|0,1|0,,,,,,,,,,,,,0,,306634,1,1.44.0,838,,
60306011,使角色对角色造成伤害,3,32,3,1,使%1对%2造成%3点%4伤害,32,-1,,,,3062|1|0,,3012|1|0,,1005|1|0,1|10,1011|1|2,5|80001,,,,,,,,,,,,,,,,,306635,1,1.44.0,839,,
60306012,设置|移除角色免疫伤害类型,3,32,3,1,%1 %2 免疫 %3,32,-1,,,,3010|1|2,5|3100001,3062|1|0,,3064|1|0,,,,,,,,,,,,,,,,,,,,306636,1,1.44.0,840,,
60303041,设置角色队伍,3,32,3,1,设置%1的队伍为%2,32,-1,,,,3012|1|0,,1207|1|0,5|2070010,,,,,,,,,,,,,,,,,,,0,100,306637,1,1.44.0,841,,
60306013,设置角色名字,3,32,3,1,设置%1的名字为%2,32,-1,,,,3012|1|0,,1010|1|0,1|1010008,,,,,,,,,,,,,,,,,,,2,,306641,1,1.44.0,842,,
60306001,设置角色属性,3,32,3,1,设置%1的%2为%3,32,暂时不要,,,,3012|1|0,,3104|1|2,5|4040001,1005|1|0,1|0,,,,,,,,,,,,,,,,,0,,306642,1,1.44.0,843,,
60306023,设置角色属性,3,32,3,1,将%1的%2 %3 %4,32,-1,,,,3012|1|0,,3104|1|2,5|4040001,1120|1|2,5|840003,1005|1|0,1|0,,,,,,,,,,,,,,,0,,306031,1,1.50.0,844,,
60306002,设置角色权限,3,32,3,1,设置%1的%2为%3,32,-1,,,,3012|1|0,,3108|1|2,5|4080001,1013|1|0,5|100001,,,,,,,,,,,,,,,,,0,,306643,1,1.44.0,845,,
60306004,设置角色移动方式,3,32,3,1,设置%1的移动方式为%2,32,-1,,,,3012|1|0,,3106|1|0,5|4060001,,,,,,,,,,,,,,,,,,,,,306644,1,1.44.0,846,,
60306003,设置角色朝向,3,32,3,1,设置%1的朝向为%2,32,-1,,,,3012|1|0,,1003|1|2,5|20001,,,,,,,,,,,,,,,,,,,0,,306645,1,1.44.0,847,,
60306005,设置角色朝向角度,3,32,3,1,设置%1面向角度为%2,32,-1,,,,3012|1|0,,1005|1|0,1|90,,,,,,,,,,,,,,,,,,,0,,306646,1,1.44.0,848,,
60306010,使角色自动寻路,3,32,3,1,使%1尝试自动寻路到%2，可操作%3,32,-1,,,,3062|1|0,,1002|1|0,,1013|1|2,5|100001,,,,,,,,,,,,,,,,,0,100,306647,1,1.44.0,849,,
60306020,使角色举起角色,3,32,3,1,使%1举起%2,32,-1,,,,3062|1|0,,3062|1|0,,,,,,,,,,,,,,,,,,,,,,,,1.46.0,850,,
60306021,使角色尝试抓举角色,3,32,3,1,使%1尝试%2 角色,32,-1,,,,3062|1|0,,3117|1|2,5|4170001,,,,,,,,,,,,,,,,,,,,,,,1.46.0,851,,
60306022,设置角色投掷角色速度、方向,3,32,3,1,"设置%1投掷角色的初速度%2.方向%3,受当前惯性影响%4",32,暂时不上,,,,3012|1|0,,1005|1|0,1|1,1047|1|0,5|350005,1014|1|0,5|320001,,,,,,,,,,,,,,,,,,,1.46.0,852,,
60332018,角色骑乘坐骑,3,32,3,1,使%1骑乘%2，可控制%3，生物行为%4,32,-1,,,,3062|1|0,,1031|1|0,,1013|1|2,5|100002,1013|1|2,5|100002,,,,,,,,,,,,,,,0,,306213,1,1.42.0,853,,
60332019,角色取消骑乘坐骑,3,32,3,1,使%1取消骑乘,32,-1,,,,3062|1|0,,,,,,,,,,,,,,,,,,,,,,0,,306213,1,1.42.0,854,,
3100004,创建投掷物,3,34,3,1,在指定%1创建%2，向%3发射，位置在%4,34,-1,,,,1002|1|0,3|40003,1029|1|0,2|12052,1002|1|0,,3143|1|0,3|60505020,,,,,,,,,,,,,,,0,,306648,1,1.42.0,855,,
60310001,创建角色的投掷物,3,34,3,1,在指定%1创建属于%2的%3，向%4发射,34,-1,,,,1002|1|0,3|40003,3062|1|0,,1029|1|0,2|12052,1002|1|0,,,,,,,,,,,,,,,,0,,306649,1,1.44.0,856,,
60310002,使对象发射投掷物,3,34,3,1,使%1朝%2发射%3,34,-1,,,,1048|1|0,,1047|1|0,5|350005,1029|1|0,2|12052,,,,,,,,,,,,,,,,,0,,306650,1,1.44.0,857,,
60327001,内部-使用指定目标类型技能,3,34,3,1,对%1使用%2技能,34,-1,,,,1048|1|0,,1010|1|0,,,,,,,,,,,,,,,,,,,,2,,,1,1.54.0,857,,
60327002,内部-使用指定位置类型技能,3,34,3,1,对%1使用%2技能,34,-1,,,,1002|1|0,,1010|1|0,,,,,,,,,,,,,,,,,,,,2,,,1,1.54.0,857,,
10058,获取任意值的id,4,1,4,1,获取%1的id,,-1,,1,11,1053|1|0,,,,,,,,,,,,,,,,,,,,,,,,306651,1,1.42.0,858,,
10059,获取指定id的任意对象、类型,4,1,4,1,获取类型为%1id为%2的,,-1,,1,74,1145|1|2,5|1460001,1010|1|0,,,,,,,,,,,,,,,,,,,,,95,306652,1,1.42.0,859,,
40015,事件中的字符串,4,1,4,1,事件中的字符串,,-1,,1,11,,,,,,,,,,,,,,,,,,,,,,,,,306653,1,1.42.0,860,,
10011,字符串拼接,4,1,4,1,%1和%2,,暂时不要,,1,11,1010|1|0,1|1010008,1010|1|0,1|300198,,,,,,,,,,,,,,,,,,,,,,,1.42.0,861,,
60501004,字符串|数值拼接,4,1,4,1,%1和%2,,-1,,1,11,3113|1|0,,3113|1|0,,,,,,,,,,,,,,,,,,,,,,306654,1,1.44.0,862,,
10037,截取字符串,4,1,4,1,截取%1的%2- %3位文本,,-1,,1,11,1010|1|0,1|300144,1005|1|0,1|1,1005|1|0,1|2,,,,,,,,,,,,,,,,,,,306655,1,1.42.0,863,,
10048,获取字符串长度,4,1,4,1,获取%1的长度,,-1,,1,6,1010|1|0,1|300198,,,,,,,,,,,,,,,,,,,,,0,,306656,1,1.42.0,864,,
10038,字符串转换为数值,4,1,4,1,%1转换为数值,,暂时不要,,1,6,1010|1|0,1|300142,,,,,,,,,,,,,,,,,,,,,,,,,1.42.0,865,,
10042,分割字符串,4,1,4,1,分割%1，分割符为%2，截取分割后的第%3段,,-1,,1,11,1010|1|0,1|300144,1010|1|0,1|300143,1005|1|0,1|1,,,,,,,,,,,,,,,,,,,306657,1,1.42.0,866,,
60501005,分割字符串为字符串组,4,1,4,1,分割%1，分割符为%2,,-1,,1,64,1010|1|0,1|300144,1010|1|0,1|300143,1005|1|0,1|1,,,,,,,,,,,,,,,,,,,306658,1,1.44.0,867,,
10012,数值转换为字符串,4,1,4,1,%1转换为字符串,,暂时不要,,1,11,1005|1|0,1|1,,,,,,,,,,,,,,,,,,,,,,,,,1.42.0,868,,
60501007,字符串转换为任意值,4,1,4,1,字符串%1转换为%2,,-1,,1,6,1010|1|0,1|305440,3081|1|2,5|3810001,,,,,,,,,,,,,,,,,,,,,306660,1,1.44.0,869,,
60501006,任意值转换为字符串,4,1,4,1,%1%2转换为字符串,,-1,,1,11,3081|1|2,5|3810001,1005|1|0,1|1,,,,,,,,,,,,,,,,,,,,,306659,1,1.44.0,870,,
10043,获取JSON指定标记的字符串,4,1,4,1,获取JSON中%1，键名为%2的内容,,暂时不要,,1,11,1010|1|0,,1010|1|0,,,,,,,,,,,,,,,,,,,,2,95,,,1.42.0,871,,
10025,布尔值,4,1,4,1,布尔值%1,,-2,,1,52,1014|1|0,,,,,,,,,,,,,,,,,,,,,,,,306661,1,1.42.0,872,,
160001,随机颜色,4,1,4,0,随机颜色,,-1,,1,55,,,,,,,,,,,,,,,,,,,,,,,,,306662,1,1.42.0,873,,
100017,随机天气,4,2,4,0,随机天气,,-1,,1,1,,,,,,,,,,,,,,,,,,,,,,,0,,306663,1,1.42.0,874,,
100018,地形组的天气,4,2,4,0,%1的天气，位置在%2,,-1,,1,1,1137|1|0,5|990010,3143|1|0,3|60505020,,,,,,,,,,,,,,,,,,,0,,306664,1,1.42.0,875,,
100001,当前全局天气模式,4,2,4,0,当前全局天气模式,,暂时不要,,1,1,,,,,,,,,,,,,,,,,,,,,,,0,,,,1.42.0,876,,
30001,当前游戏时间,4,2,4,0,当前游戏时间(小时),,-1,,0,6,,,,,,,,,,,,,,,,,,,,,,,,,306665,1,1.42.0,877,,
60501014,获取当前游戏天数,4,2,4,1,获取当前游戏天数,,-1,,1,6,,,,,,,,,,,,,,,,,,,,,,,,,306666,1,1.44.0,878,,
60501018,获取位置的亮度,4,2,4,1,获取%1的亮度，位置在%2,,-1,,1,6,1002|1|0,3|40003,3143|1|0,3|60505020,,,,,,,,,,,,,,,,,,,,,306441,1,1.50.0,879,,
30003,当前游戏重力倍数,4,2,4,0,当前游戏重力,,-1,,0,6,,,,,,,,,,,,,,,,,,,,,,,,95,306667,1,1.42.0,880,,
40019,事件中的配方,4,2,4,1,事件中的配方,,暂时不要,,1,,,,,,,,,,,,,,,,,,,,,,,,2,,,,1.42.0,881,,
40020,事件中的熔炼,4,2,4,1,事件中的熔炼,,暂时不要,,1,,,,,,,,,,,,,,,,,,,,,,,,2,,,,1.42.0,882,,
40021,事件中的剧情,4,2,4,1,事件中的剧情,,暂时不要,,1,,,,,,,,,,,,,,,,,,,,,,,,2,,,,1.42.0,883,,
90023,动画表情,4,2,4,1,动画表情%1,,-2,,1,52,1041|1|0,,,,,,,,,,,,,,,,,,,,,,,,306668,1,1.42.0,884,,
60501016,对象,4,2,4,1,对象%1,,-2,,1,52,1048|1|0,,,,,,,,,,,,,,,,,,,,,,,,,,1.46.0,885,,
60501017,角色,4,2,4,1,角色%1,,-2,,1,52,3062|1|0,,,,,,,,,,,,,,,,,,,,,,,,,,1.46.0,886,,
60501019,掉落物,4,2,4,1,掉落物%1,,-2,,1,52,1030|1|0,,,,,,,,,,,,,,,,,,,,,,,,,,1.50.0,887,,
60501020,实体,4,2,4,1,实体%1,,-2,,1,52,3019|1|0,,,,,,,,,,,,,,,,,,,,,,,,,,1.50.0,888,,
60501021,实体类型,4,2,4,1,实体类型%1,,-2,,1,52,3091|1|0,,,,,,,,,,,,,,,,,,,,,,,,,,1.50.0,889,,
90025,状态,4,2,4,1,状态%1,,-2,,1,52,1037|1|0,,,,,,,,,,,,,,,,,,,,,,,,306669,1,1.42.0,890,,
40006,事件中的状态,4,2,4,1,事件中的状态效果,,-1,,1,36,,,,,,,,,,,,,,,,,,,,,,,,,306670,1,1.42.0,891,,
60501056,事件中的数值,4,2,4,1,事件中的数值,,-1,,1,6,,,,,,,,,,,,,,,,,,,,,,,,,,1,1.57.0,892,,
40023,事件中的伤害值,4,2,4,1,事件中的伤害值,,-1,,1,6,,,,,,,,,,,,,,,,,,,,,,,,,306671,1,1.42.0,892,,
60502003,事件中的伤害类型,4,2,4,1,事件中的伤害类型,,暂时不要,,1,12,,,,,,,,,,,,,,,,,,,,,,,,,,,1.44.0,893,,
40005,事件中的动画表情,4,2,4,1,事件中的动画表情,,暂时不要,,1,40,,,,,,,,,,,,,,,,,,,,,,,,,,,1.42.0,894,,
430001,事件中的快捷栏,4,2,4,1,事件中的快捷栏,,-1,,1,51,,,,,,,,,,,,,,,,,,,,,,,,,,,1.42.0,895,,
40011,事件中玩家选中的快捷栏,4,2,4,1,事件中玩家选中的快捷栏,,-1,,1,51,,,,,,,,,,,,,,,,,,,,,,,,,306956,1,1.42.0,896,,
40012,事件中的装备栏,4,2,4,1,事件中的装备栏,,-1,,1,53,,,,,,,,,,,,,,,,,,,,,,,,,306957,1,1.42.0,897,,
60501013,事件中的开关,4,2,2,1,事件中的开关,,-1,,1,13,,,,,,,,,,,,,,,,,,,,,,,,,306958,1,1.44.0,898,,
60502005,事件中的动作,4,2,4,1,事件中的动作,,-1,,1,412,,,,,,,,,,,,,,,,,,,,,,,,95,306959,1,1.44.0,899,,
10057,获取当前房间id,4,2,4,1,获取当前房间id,,暂时不要,,1,11,,,,,,,,,,,,,,,,,,,,,,,,,,,1.42.0,900,,
10039,获取主机设备时间,4,2,4,1,获取设备的%1时间,,暂时不要,,1,6,1078|1|2,5|540003,,,,,,,,,,,,,,,,,,,,,,,,,1.42.0,901,,
60501008,获取主机|服务器时间,4,2,4,1,获取%1的%2时间,,-1,,1,6,3052|1|2,5|3520001,1078|1|2,5|540003,,,,,,,,,,,,,,,,,,,,,306960,1,1.44.0,902,,
10044,获取游戏服务器时间,4,2,4,1,获取游戏服务器时间的%1时间,,暂时不要,,1,6,1078|1|2,5|540003,,,,,,,,,,,,,,,,,,,,,,,,,1.42.0,903,,
10045,转换时间戳为时间单位,4,2,4,1,将时间戳%1转换为%2,,-1,,1,6,1005|1|0,,1078|1|2,5|540003,,,,,,,,,,,,,,,,,,,,,306961,1,1.42.0,904,,
10046,获取完整服务器时间,4,2,4,1,获取完整服务器时间,,暂时不要,,1,11,,,,,,,,,,,,,,,,,,,,,,,,,306962,1,1.42.0,905,,
10047,转换时间戳为完整时间,4,2,4,1,将时间戳%1转换为完整时间,,-1,,1,11,1005|1|0,,,,,,,,,,,,,,,,,,,,,,,,,,1.42.0,906,,
10040,获取完整主机设备时间,4,2,4,1,获取完整设备时间,,暂时不要,,1,11,1083|1|2,5|600001,,,,,,,,,,,,,,,,,,,,,,,,,1.42.0,907,,
60501009,获取完整主机|服务器时间,4,2,4,1,获取完整%1时间,,-1,,1,11,3052|1|2,5|3520001,,,,,,,,,,,,,,,,,,,,,,,306963,1,1.44.0,908,,
100013,计时器,4,2,4,1,计时器%1,,-2,,1,52,1040|1|0,,,,,,,,,,,,,,,,,,,,,,,,306964,1,1.42.0,909,,
10009,计时器时间,4,2,4,1,%1的时间,,-1,,1,6,1040|1|0,,,,,,,,,,,,,,,,,,,,,,,,306965,1,1.42.0,910,,
10060,转换时间为时间戳,4,2,4,1,将时间%1转换为时间戳,,-1,,1,6,1010|1|0,1|301400,,,,,,,,,,,,,,,,,,,,,,95,306966,1,1.42.0,911,,
10028,外观类型,4,2,4,1,外观类型%1,,-2,,1,52,1060|1|0,,,,,,,,,,,,,,,,,,,,,,,,306967,1,1.42.0,912,,
50049,随机外观类型,4,2,4,0,随机外观类型,,-1,,1,59,,,,,,,,,,,,,,,,,,,,,,,,,306968,1,1.42.0,913,,
90026,显示板,4,2,4,1,显示板%1,,暂时不要,,1,52,1082|1|0,,,,,,,,,,,,,,,,,,,,,,,,,,1.42.0,914,,
10052,背包道具栏,4,2,4,1,获取%1,,-1,,1,103,1105|1|0,,,,,,,,,,,,,,,,,,,,,,0,,306969,1,1.42.0,915,,
10053,快捷栏按键,4,2,4,1,获取%1,,-1,,1,103,1052|1|0,,,,,,,,,,,,,,,,,,,,,,0,,306970,1,1.42.0,916,,
10054,装备栏,4,2,4,1,获取%1,,-1,,1,103,1054|1|0,,,,,,,,,,,,,,,,,,,,,,0,,306971,1,1.42.0,917,,
60502006,背包槽位,4,2,4,1,背包槽位%1,,-1,,1,104,1091|1|0,1|1,,,,,,,,,,,,,,,,,,,,,0,,,,1.45.0,918,,
60502007,快捷栏槽位,4,2,4,1,快捷栏槽位%1,,-1,,1,51,1091|1|0,1|1,,,,,,,,,,,,,,,,,,,,,0,,,,1.45.0,919,,
60502008,装备栏槽位,4,2,4,1,装备栏%1,,-1,,1,53,1091|1|0,1|1,,,,,,,,,,,,,,,,,,,,,0,,,,1.45.0,920,,
60502001,所有伤害类型,4,2,4,1,所有伤害类型,,-1,,1,363,,,,,,,,,,,,,,,,,,,,,,,,,306972,1,1.44.0,921,,
60514003,状态的名称,4,2,4,1,%1的名称,,暂时不要,,1,11,1037|1|0,3|40006,,,,,,,,,,,,,,,,,,,,,,,,,1.44.0,922,,
60503002,此玩家,4,3,4,1,此玩家,,2,,1,17,,,,,,,,,,,,,,,,,,,,,,,,,306973,1,1.44.0,923,,
60503007,获得效果的玩家,4,3,4,1,获得效果的玩家,,"1001,1002,",,1,17,,,,,,,,,,,,,,,,,,,,,,,,,306974,1,1.44.0,924,,
60525002,玩家预制,4,3,4,1,%1预制,,暂时不要,,1,383,3084|1|0,,,,,,,,,,,,,,,,,,,,,,,,,,1.44.0,925,,
60503005,获取玩家分辨率,4,13,4,1,%1的屏幕分辨率 %2 的值,,-1,,1,6,1018|1|0,3|60009,1113|1|2,5|860001,,,,,,,,,,,,,,,,,,,,,306975,1,1.44.0,926,,
50003,玩家的属性,4,3,4,1,%1的%2属性,,暂时不要,,0,6,1018|1|0,3|60009,1020|1|2,5|140001,,,,,,,,,,,,,,,,,,,,,,,1.42.0,927,,
50037,玩家的外观,4,3,4,1,%1的外观,,暂时不要,,1,59,1018|1|0,3|60009,,,,,,,,,,,,,,,,,,,,,,,,,1.42.0,928,,
50058,获取玩家的昵称高度距离,4,3,4,1,获取%1的%2高度距离,,-1,,1,6,1018|1|0,3|60009,1156|1|2,5|1570001,,,,,,,,,,,,,,,,,,,,,306976,1,1.42.0,929,,
50007,玩家的名字,4,3,4,1,%1的名字,,-1,,1,11,1018|1|0,3|60009,,,,,,,,,,,,,,,,,,,,,,,306977,1,1.42.0,930,,
270009,玩家当前角色图标,4,3,4,0,当前%1角色的图标,,暂时不要,,1,75,1018|1|0,3|60009,,,,,,,,,,,,,,,,,,,,,,,306978,1,1.42.0,931,,
60503001,玩家当前角色图标,4,3,4,0,%1当前%2,,-1,,1,75,1018|1|0,3|60009,3054|1|2,5|3540001,,,,,,,,,,,,,,,,,,,,,,,1.44.0,932,,
60503008,获取玩家的昵称高度距离,4,3,4,1,获取%1的%2高度距离,,-1,,1,6,1018|1|0,3|60009,1156|1|2,5|1570001,,,,,,,,,,,,,,,,,,,,,306979,1,1.42.0,933,,
50050,玩家的迷你号,4,3,4,1,%1的迷你号,,-1,,1,11,1018|1|0,3|60009,,,,,,,,,,,,,,,,,,,,,,95,306980,1,1.42.0,934,,
50001,玩家的位置,4,3,4,1,%1的位置,,暂时不要,,0,3,1018|1|0,3|60009,,,,,,,,,,,,,,,,,,,,,,,,,1.42.0,935,,
320001,摄像机坐标值,4,3,4,1,%1的摄像机%2坐标值,,暂时不要,,0,133,1018|1|0,3|60009,1133|1|2,5|980001,,,,,,,,,,,,,,,,,,,,,,,1.42.0,936,,
320002,摄像机角度,4,3,4,1,%1的摄像机%2角度,,暂时不要,,0,133,1018|1|0,3|60009,1133|1|2,5|980001,,,,,,,,,,,,,,,,,,,,,,,1.42.0,937,,
320003,摄像机视场角,4,3,4,1,%1的摄像机视场角(FOV),,暂时不要,,0,133,1018|1|0,3|60009,,,,,,,,,,,,,,,,,,,,,,,,,1.42.0,938,,
60521001,摄像机中心点,4,3,4,1,%1的摄像机中心点坐标,,-1,,1,3,1018|1|0,3|60009,,,,,,,,,,,,,,,,,,,,,,,,,1.47.0,939,,
300015,服务器获取的玩家（键）,4,3,4,1,获取服务器和排行榜索引玩家（键）,,暂时不要,,1,17,,,,,,,,,,,,,,,,,,,,,,,,,,,1.42.0,940,,
50036,玩家组,4,3,4,1,玩家组%1,,暂时不要,,1,52,1019|1|0,,,,,,,,,,,,,,,,,,,,,,,,306981,1,1.42.0,941,,
50018,玩家的队伍,4,3,4,1,%1的队伍,,暂时不要,,1,22,1018|1|0,,,,,,,,,,,,,,,,,,,,,,,,,,1.42.0,942,,
30002,指定排名的队伍,4,3,4,0,排名为%1的队伍,,暂时不要,,1,22,1005|1|0,1|1,,,,,,,,,,,,,,,,,,,,,,,,,1.42.0,943,,
40001,队伍的属性,4,3,4,1,%1的%2属性,,暂时不要,,0,6,1023|1|0,3|50018,1024|1|2,5|180001,,,,,,,,,,,,,,,,,,,,95,,,1.42.0,944,,
60014,玩家邀请的所有玩家组,4,3,4,1,%1成功邀请的所有玩家组,,暂时不要,,1,18,1018|1|0,3|60009,,,,,,,,,,,,,,,,,,,,,3,,该接口最多获取200个玩家。,,1.42.0,945,,
60003,游戏中玩家的数量,4,3,4,1,当前游戏中玩家的数量,,-1,,1,6,,,,,,,,,,,,,,,,,,,,,,,,,306982,1,1.42.0,946,,
60503010,玩家的视角,4,3,4,1,%1的视角,,-1,,1,5,1018|1|0,3|60009,,,,,,,,,,,,,,,,,,,,,,,,,1.42.0,947,,
50002,玩家准星的位置,4,3,4,1,%1的准星位置,,-1,,1,3,1018|1|0,3|60009,,,,,,,,,,,,,,,,,,,,,,,306983,1,1.42.0,948,,
50006,玩家面向的角度,4,3,4,1,%1面向的角度,,暂时不要,,1,6,1018|1|0,3|60009,,,,,,,,,,,,,,,,,,,,,,,,,1.42.0,949,,
50008,玩家的模型角度,4,3,4,1,%1 模型%2的角度,,暂时不要,,1,6,1018|1|0,3|60009,1147|1|2,5|1480001,,,,,,,,,,,,,,,,,,,,,,,1.42.0,950,,
50033,玩家准心所指的方向,4,3,4,1,%1准心所指的方向,,-1,,1,46,1018|1|0,3|60009,,,,,,,,,,,,,,,,,,,,,,95,306984,1,1.42.0,951,,
50034,玩家手持的道具类型,4,3,4,1,%1手持的道具类型,,-1,,1,27,1018|1|0,3|60009,,,,,,,,,,,,,,,,,,,,,,,306985,1,1.42.0,952,,
50004,玩家的道具数量,4,3,4,1,%1拥有的%2的数量,,-1,,1,6,1018|1|0,3|60009,1028|1|0,2|200,,,,,,,,,,,,,,,,,,,,,306986,1,1.42.0,953,,
50052,玩家背包能存放的道具剩余总数量,4,3,4,1,获取%1背包和快捷栏剩余能存放%2的总数量,,-1,,1,6,1018|1|0,3|60009,1028|1|0,2|200,,,,,,,,,,,,,,,,,,,0,,306987,1,1.42.0,954,,
50053,玩家背包道具类型,4,3,4,1,获取%1的%2的道具类型,,-1,,1,27,1018|1|0,3|60009,1104|1|0,,,,,,,,,,,,,,,,,,,,0,,306988,1,1.42.0,955,,
50057,获取玩家累计消费额,4,3,4,1,获取%1距今30天内时间戳%2 至%3 累计消费%4数量,,-1,,1,6,1018|1|0,3|60009,1005|1|0,3|10060,1005|1|0,3|10060,1143|1|0,5|1440002,,,,,,,,,,,,,,,,,306989,1,1.42.0,956,,
50054,玩家背包道具名称,4,3,4,1,获取%1的%2的道具名称,,-1,,1,11,1018|1|0,3|60009,1104|1|0,,,,,,,,,,,,,,,,,,,,0,,306990,1,1.42.0,957,,
50055,获取玩家道具数量,4,3,4,1,获取%1%2的当前数量,,-1,,1,6,1018|1|0,3|60009,1104|1|0,,1099|1|0,5|680003,,,,,,,,,,,,,,,,,0,,306991,1,1.42.0,958,,
60403005,玩家背包道具格子属性,4,3,4,1,%1身上%2的%3,,-1,,1,6,1018|1|0,3|60009,1104|1|0,,3130|1|2,5|4300002,,,,,,,,,,,,,,,,,,,306435,1,1.48.0,959,,
60403006,玩家当前手持武器的铭刻法术的强化方向（共8个）的激活状态,2,3,2,1,%1当前手持武器的强化方向%2为激活状态,,-1,,1,13,1018|1|0,3|60009,1005|1|0,1|0,,,,,,,,,,,,,,,,,,,2,,,1,1.55.0,253,,
60503004,获取玩家快捷栏道具类型,4,3,4,0,%1 %2 槽位为%3的%4,,-1,,1,27,1018|1|0,3|60009,3031|1|2,5|3310001,1005|1|0,1|1,3055|1|2,5|3550002,,,,,,,,,,,,,,,,95,306992,1,1.44.0,960,,
50056,获取玩家身上状态剩余时间,4,3,4,1,获取%1的%2的剩余时间,,-1,,1,6,1018|1|0,3|60009,1037|1|0,,,,,,,,,,,,,,,,,,,,0,,306993,1,1.42.0,961,,
90003,玩家背包发生改变的道具的数量,4,3,4,1,玩家背包发生改变的道具的数量,,-1,,1,6,1083|1|2,5|600001,,,,,,,,,,,,,,,,,,,,,,,306994,1,1.42.0,962,,
60503006,玩家当前选中焦点快捷栏的槽位序号,4,3,4,1,获取%1当前选中焦点快捷栏的槽位序号,,-1,,1,6,1018|1|0,3|60009,,,,,,,,,,,,,,,,,,,,,,,306995,1,1.44.0,963,,
110001,玩家的载具,4,3,4,1,%1的载具,,-1,,1,30,1018|1|0,,,,,,,,,,,,,,,,,,,,,,,95,306996,1,1.42.0,964,,
50035,玩家,4,3,4,1,玩家%1,,-2,,1,52,1018|1|0,,,,,,,,,,,,,,,,,,,,,,,,306997,1,1.42.0,965,,
50012,房主,4,3,4,1,房主,,-1,,1,17,,,,,,,,,,,,,,,,,,,,,,,,,306998,1,1.42.0,966,,
60503009,租赁服服主,4,3,4,1,租赁服服主,,-1,,1,17,,,,,,,,,,,,,,,,,,,,,,,,,,,1.47.0,967,,
60009,触发事件的玩家,4,3,4,1,触发事件的玩家,,-1,,1,17,,,,,,,,,,,,,,,,,,,,,,,,,306999,1,1.42.0,968,,
60010,事件中的目标玩家,4,3,4,1,事件中的目标玩家,,-1,,1,17,,,,,,,,,,,,,,,,,,,,,,,,,307366,1,1.42.0,969,,
50051,获取指定迷你号的玩家,4,3,4,1,获取迷你号为%1的玩家,,-1,,1,17,1010|1|0,1|171196,,,,,,,,,,,,,,,,,,,,,,,307367,1,1.42.0,970,,
60004,玩家组中指定编号的玩家,4,3,4,1,%1中编号为%2的玩家,,-1,,0,17,1019|1|0,,1005|1|0,1|1,,,,,,,,,,,,,,,,,,,,,307368,1,1.42.0,971,,
60005,玩家组中的随机玩家,4,3,4,1,%1中的随机玩家,,-1,,1,17,1019|1|0,,,,,,,,,,,,,,,,,,,,,,,,307369,1,1.42.0,972,,
60011,发射投掷物的玩家,4,3,4,1,发射投掷物的玩家,,-1,,1,17,,,,,,,,,,,,,,,,,,,,,,,,,307370,1,1.42.0,973,,
60012,玩家的首次邀请人,4,3,4,1,%1的首次邀请人,,-1,,1,17,1018|1|0,3|60009,,,,,,,,,,,,,,,,,,,,,,,307371,1,1.42.0,974,,
50038,玩家组,4,3,4,1,玩家组%1,,-2,,1,60,1019|1|0,,,,,,,,,,,,,,,,,,,,,,,,307372,1,1.42.0,975,,
60001,玩家组中的玩家数量,4,3,4,1,%1中玩家的数量,,-1,,1,6,1019|1|0,,,,,,,,,,,,,,,,,,,,,,,,307373,1,1.42.0,976,,
60002,玩家组中的玩家的编号,4,3,4,1,%1中%2的编号,,-1,,1,6,1019|1|0,,1018|1|0,,,,,,,,,,,,,,,,,,,,,95,307374,1,1.42.0,977,,
60006,所有玩家,4,3,4,1,所有玩家,,-1,,1,18,,,,,,,,,,,,,,,,,,,,,,,,,307375,1,1.42.0,978,,
60008,区域中的所有玩家,4,3,4,1,%1中的所有玩家,,暂时不要,,1,18,1001|1|0,,,,,,,,,,,,,,,,,,,,,,,,306159,1,1.42.0,979,,
60013,玩家邀请的新玩家组,4,3,4,1,%1成功邀请的新玩家组,,-1,,1,18,1018|1|0,3|60009,,,,,,,,,,,,,,,,,,,,,,,307376,1,1.42.0,980,,
60504001,此生物,4,4,4,1,此生物,,1,,1,30,,,,,,,,,,,,,,,,,,,,,,,,,307377,1,1.44.0,981,,
60504003,获得效果的生物,4,4,4,1,获得效果的生物,,"1001,1002,",,1,30,,,,,,,,,,,,,,,,,,,,,,,,,307378,1,1.44.0,982,,
60525001,生物预制,4,4,4,1,%1预制,,-2,,1,383,1032|1|0,,,,,,,,,,,,,,,,,,,,,,,,307379,1,1.44.0,983,,
60406505,玩家在游戏中所有敌对|友方角色,4,4,4,1,游戏中和%1队伍关系为%2的%3,,-1,,1,18,1018|1|0,3|60009,1206|1|2,5|2060001,3094|1|2,5|3940001,,,,,,,,,,,,,,,,,,,307380,1,1.44.0,984,,
60406003,玩家在区域中所有敌对|友方角色,4,4,4,1,%1中和%2队伍关系为%3的%4,,-1,,1,18,1001|1|0,,1018|1|0,3|60009,1206|1|2,5|2060001,3094|1|2,5|3940001,,,,,,,,,,,,,,,,,307381,1,1.44.0,985,,
70021,生物类型名,4,4,4,1,%1的类型名,,暂时不要,,1,11,1032|1|0,2|3400,,,,,,,,,,,,,,,,,,,,,0,,,,1.42.0,986,,
70022,生物类型描述,4,4,4,1,%1的插件描述,,暂时不要,,1,11,1032|1|0,2|3400,,,,,,,,,,,,,,,,,,,,,0,,,,1.42.0,987,,
70023,生物类型的外观,4,4,4,1,%1的外观,,-1,,1,59,1032|1|0,2|3400,,,,,,,,,,,,,,,,,,,,,,,307382,1,1.42.0,988,,
70020,生物,4,4,4,1,生物%1,,-2,,1,52,1031|1|0,,,,,,,,,,,,,,,,,,,,,,,,307383,1,1.42.0,989,,
80006,触发事件的生物,4,4,4,1,触发事件的生物,,-1,,1,30,,,,,,,,,,,,,,,,,,,,,,,,,307384,1,1.42.0,990,,
80007,事件中的目标生物,4,4,4,1,事件中的目标生物,,-1,,1,30,,,,,,,,,,,,,,,,,,,,,,,,,307385,1,1.42.0,991,,
80010,最后创建的生物,4,4,4,1,最后创建的生物,,-1,,1,30,,,,,,,,,,,,,,,,,,,,,,,,,307386,1,1.42.0,992,,
70015,生物类型,4,4,4,1,生物类型%1,,-2,,1,52,1032|1|0,2|3400,,,,,,,,,,,,,,,,,,,,,,,307387,1,1.42.0,993,,
70013,指定生物类型,4,4,4,1,%1的类型,,-1,,1,31,1031|1|0,,,,,,,,,,,,,,,,,,,,,,,,307388,1,1.42.0,994,,
70014,随机生物类型,4,4,4,1,随机的生物类型,,-1,,1,31,,,,,,,,,,,,,,,,,,,,,,,,,307389,1,1.42.0,995,,
80008,触发事件的生物类型,4,4,4,1,触发事件的生物类型,,-1,,1,31,,,,,,,,,,,,,,,,,,,,,,,,,307390,1,1.42.0,996,,
80009,事件中的目标生物类型,4,4,4,1,事件中的目标生物类型,,-1,,1,31,,,,,,,,,,,,,,,,,,,,,,,,,307391,1,1.42.0,997,,
80011,最后创建的生物类型,4,4,4,1,最后创建的生物类型,,-2,,1,31,,,,,,,,,,,,,,,,,,,,,,,,,307392,1,1.42.0,998,,
70019,生物类型组,4,4,4,1,生物类型组%1,,-2,,1,60,1069|1|0,,,,,,,,,,,,,,,,,,,,,,,,307393,1,1.42.0,999,,
240001,生物类型组中指定编号的生物类型,4,4,4,1,%1中编号为%2的生物类型,,-1,,0,31,1069|1|0,,1005|1|0,1|1,,,,,,,,,,,,,,,,,,,,,307394,1,1.42.0,1000,,
240002,生物类型组中的随机生物类型,4,4,4,1,%1中的随机生物类型,,-1,,1,31,1069|1|0,,,,,,,,,,,,,,,,,,,,,,,95,307395,1,1.42.0,1001,,
70018,生物组,4,4,4,1,生物组%1,,-2,,1,60,1033|1|0,,,,,,,,,,,,,,,,,,,,,,,,307396,1,1.42.0,1002,,
70004,获取生物组中生物编号,4,4,4,1,%1中%2的编号,,-1,,1,6,1033|1|0,,1031|1|0,,,,,,,,,,,,,,,,,,,,,,307397,1,1.42.0,1003,,
80001,生物组中生物的数量,4,4,4,1,%1中生物的数量,,-1,,1,6,1033|1|0,,,,,,,,,,,,,,,,,,,,,,,,307398,1,1.42.0,1004,,
80002,生物组中指定编号的生物,4,4,4,1,%1中编号为%2的生物,,-1,,0,30,1033|1|0,,1005|1|0,1|1,,,,,,,,,,,,,,,,,,,,,307399,1,1.42.0,1005,,
80003,生物组中的随机生物,4,4,4,1,%1中的随机生物,,-1,,1,30,1033|1|0,,,,,,,,,,,,,,,,,,,,,,,95,307400,1,1.42.0,1006,,
80005,区域中的所有生物,4,4,4,1,%1中的所有生物,,暂时不要,,1,32,1001|1|0,,,,,,,,,,,,,,,,,,,,,,,,,,1.42.0,1007,,
80012,发射投掷物的生物,4,4,4,1,发射投掷物的生物,,-1,,1,30,,,,,,,,,,,,,,,,,,,,,,,,,307401,1,1.42.0,1008,,
60502004,伤害类型的名称,4,4,4,1,%1的名称,,暂时不要,,1,11,1011|1|0,5|80001,,,,,,,,,,,,,,,,,,,,,,,,,1.44.0,1009,,
70002,生物的属性,4,4,4,1,%1的%2属性,,暂时不要,,0,6,1031|1|0,,1035|1|2,5|210001,,,,,,,,,,,,,,,,,,,,,,,1.42.0,1010,,
60504004,生物的行为树黑板值,4,4,4,1,获取%1的%2 %3,5,-1,,1,,1031|1|0,3|80006,1210|1|0,,3142|1|0,,,,,,,,,,,,,,,,,,0,,,1,1.50.0,1011,,
70001,生物的位置,4,4,4,1,%1的位置,,暂时不要,,1,3,1031|1|0,,,,,,,,,,,,,,,,,,,,,,,,,,1.42.0,1012,,
70005,生物面向的角度,4,4,4,1,%1面向的角度,,暂时不要,,1,6,1031|1|0,,,,,,,,,,,,,,,,,,,,,,,,,,1.42.0,1013,,
70007,生物的模型角度,4,4,4,1,%1 模型%2的角度,,暂时不要,,1,6,1031|1|0,,1147|1|2,5|1480001,,,,,,,,,,,,,,,,,,,,,,,1.42.0,1014,,
70006,生物的类型名,4,4,4,1,%1的类型名,,暂时不要,,1,11,1031|1|0,,,,,,,,,,,,,,,,,,,,,,,,,,1.42.0,1015,,
70017,生物的外观,4,4,4,1,%1的外观,,暂时不要,,1,59,1031|1|0,3|80006,,,,,,,,,,,,,,,,,,,,,,,,,1.42.0,1016,,
70012,生物的队伍,4,4,4,1,%1的队伍,,暂时不要,,1,22,1031|1|0,,,,,,,,,,,,,,,,,,,,,,,95,,,1.42.0,1017,,
300003,服务器获取的数值,4,19,4,0,服务器获取的数值,,暂时不要,,1,6,1083|1|2,5|600001,,,,,,,,,,,,,,,,,,,,,,,,,1.42.0,1018,,
300004,服务器获取的字符串,4,19,4,0,服务器获取的字符串,,暂时不要,,1,11,1083|1|2,5|600001,,,,,,,,,,,,,,,,,,,,,,,,,1.42.0,1019,,
300005,服务器获取的布尔值,2,19,2,1,服务器获取的布尔值,,暂时不要,,1,13,1083|1|2,5|600001,,,,,,,,,,,,,,,,,,,,,,,,,1.42.0,1020,,
300006,服务器获取的玩家,4,19,4,1,服务器获取的玩家,,暂时不要,,1,17,1083|1|2,5|600001,,,,,,,,,,,,,,,,,,,,,,,,,1.42.0,1021,,
300009,服务器获取的生物,4,19,4,1,服务器获取的生物,,暂时不要,,1,30,1083|1|2,5|600001,,,,,,,,,,,,,,,,,,,,,,95,,,1.42.0,1022,,
300010,服务器获取的生物类型,4,19,4,1,服务器获取的生物类型,,暂时不要,,1,31,1083|1|2,5|600001,,,,,,,,,,,,,,,,,,,,,,95,,,1.42.0,1023,,
70016,生物组,4,4,4,1,生物组%1,,暂时不要,,1,52,1033|1|0,,,,,,,,,,,,,,,,,,,,,,,,307402,1,1.42.0,1024,,
10051,获取方块类型坐标,4,5,4,1,获取距离%1最近%2坐标，向XYZ轴搜索半径为%3个方块,,-1,,1,3,1048|1|0,,1025|1|0,2|200,1005|1|0,1|1,,,,,,,,,,,,,,,,,0,,307403,1,1.42.0,1025,,
90027,蓝图,4,5,4,1,蓝图%1,,-2,,1,52,1107|1|0,,,,,,,,,,,,,,,,,,,,,,,,306672,1,1.42.0,1026,,
140003,方块类型名,4,5,4,1,%1的类型名,,暂时不要,,1,11,1025|1|0,,,,,,,,,,,,,,,,,,,,,,0,,,,1.42.0,1027,,
60507001,方块类型名,4,5,4,1,%1的%2,,-1,,1,11,1025|1|0,,3051|1|2,5|3510001,,,,,,,,,,,,,,,,,,,0,,306673,1,1.44.0,1028,,
140004,方块类型描述,4,5,4,1,%1的插件描述,,暂时不要,,1,11,1025|1|0,,,,,,,,,,,,,,,,,,,,,,0,,,,1.42.0,1029,,
140005,方块类型的外观,4,5,4,1,%1的外观,,-1,,1,59,1025|1|0,,,,,,,,,,,,,,,,,,,,,,0,,306674,1,1.42.0,1030,,
300007,服务器获取的方块类型,4,19,4,1,服务器获取的方块类型,,暂时不要,,1,24,1083|1|2,5|600001,,,,,,,,,,,,,,,,,,,,,,95,,,1.42.0,1031,,
221001,检测 区域相似度,4,5,4,1,检测区域相似度:原始区域%1 目的地起点%2检测模式%3,,暂时不要,,1,6,1001|1|0,,1002|1|0,,1094|1|0,5|820001,,,,,,,,,,,,,,,,,2,,306160,1,1.42.0,1032,,
221003,区域内总方块数量,4,5,4,1,获取%1内总方块数量,,暂时不要,,1,6,1001|1|0,,,,,,,,,,,,,,,,,,,,,,3,,306161,1,1.42.0,1033,,
140001,方块类型,4,5,4,1,方块类型%1,,-2,,1,52,1025|1|0,2|200,,,,,,,,,,,,,,,,,,,,,,,306675,1,1.42.0,1034,,
10041,随机方块类型,4,5,4,1,随机方块类型,,-1,,1,24,,,,,,,,,,,,,,,,,,,,,,,,,306676,1,1.42.0,1035,,
40009,事件中的方块类型,4,5,4,1,事件中的方块类型,,-1,,1,24,,,,,,,,,,,,,,,,,,,,,,,,,306677,1,1.42.0,1036,,
40010,最后创建的方块类型,4,5,4,1,最后创建的方块类型,,-2,,1,24,,,,,,,,,,,,,,,,,,,,,,,,,306678,1,1.42.0,1037,,
100007,指定位置的方块类型,4,5,4,1,%1的方块类型，位置在%2,,-1,,1,24,1002|1|0,,3143|1|0,3|60505020,,,,,,,,,,,,,,,,,,,,,306679,1,1.42.0,1038,,
10015,射线打到的方块类型,4,5,4,1,从%1向%2发射%3格的射线打到的方块类型,,-1,,1,24,1002|1|0,,1003|1|2,5|20001,1005|1|0,1|10,,,,,,,,,,,,,,,,,,,306680,1,1.42.0,1039,,
220001,方块类型组中指定编号的方块类型,4,5,4,1,%1中编号为%2的方块类型,,-1,,0,24,1067|1|0,,1005|1|0,1|1,,,,,,,,,,,,,,,,,,,,,306681,1,1.42.0,1040,,
220002,方块类型组中的随机方块类型,4,5,4,1,%1中的随机方块类型,,-1,,1,24,1067|1|0,,,,,,,,,,,,,,,,,,,,,,,,306682,1,1.42.0,1041,,
221002,区域内方块类型组,4,5,4,1,获取%1内方块类型组,,-1,,1,66,1001|1|0,,,,,,,,,,,,,,,,,,,,,,0,,306683,1,1.42.0,1042,,
60507002,所有方块类型,4,5,4,1,所有方块类型,,暂时不要,,1,66,1001|1|0,,,,,,,,,,,,,,,,,,,,,,0,,,,1.42.0,1043,,
221004,区域内指定类型方块数量,4,5,4,1,获取%1内方块类型为%2的数量,,-1,,1,6,1001|1|0,,1025|1|0,2|200,,,,,,,,,,,,,,,,,,,0,,306684,1,1.42.0,1044,,
140002,方块类型组,4,5,4,1,方块类型组%1,,-2,,1,60,1067|1|0,,,,,,,,,,,,,,,,,,,,,,,,306685,1,1.42.0,1045,,
60508004,道具类型的外观,4,6,4,1,%1的外观,,-1,,1,59,1028|1|0,2|200,,,,,,,,,,,,,,,,,,,,,,,306686,1,1.44.0,1046,,
10055,方块类型转换为道具类型,4,6,4,1,%1转换为道具类型,,暂时不要,,1,27,1025|1|0,2|200,,,,,,,,,,,,,,,,,,,,,0,,,,1.42.0,1047,,
60508001,任意值转换为道具类型,4,6,4,1,%1%2转换为道具类型,,-1,,1,27,3082|1|2,5|3820001,1025|1|0,2|200,,,,,,,,,,,,,,,,,,,0,,306687,1,1.44.0,1048,,
10056,道具类型转换为方块类型,4,6,4,1,%1转换为方块类型,,暂时不要,,1,24,1028|1|0,2|200,,,,,,,,,,,,,,,,,,,,,0,,,,1.42.0,1049,,
60508002,道具类型转换为任意值,4,6,4,1,%1转换为%2,,-1,,1,24,1028|1|0,2|200,3093|1|2,5|3930001,,,,,,,,,,,,,,,,,,,0,,306688,1,1.44.0,1050,,
90019,道具类型描述,4,6,4,1,%1的插件描述,,暂时不要,,1,11,1028|1|0,,,,,,,,,,,,,,,,,,,,,,0,,,,1.42.0,1051,,
90020,道具的属性,4,6,4,1,%1的%2,,-1,,1,6,1028|1|0,2|12005,1099|1|0,5|680001,,,,,,,,,,,,,,,,,,,0,,306689,1,1.42.0,1052,,
300008,服务器获取的道具类型,4,19,4,1,服务器获取的道具类型,,暂时不要,,1,27,1083|1|2,5|600001,,,,,,,,,,,,,,,,,,,,,,95,,,1.42.0,1053,,
90004,道具的类型名,4,6,4,1,%1的类型名,,暂时不要,,1,11,1028|1|0,2|200,,,,,,,,,,,,,,,,,,,,,,,306690,1,1.42.0,1054,,
60508003,道具的类型名,4,6,4,1,%1的%2,,-1,,1,11,1028|1|0,2|200,3051|1|2,5|3510001,,,,,,,,,,,,,,,,,,,,,,,1.44.0,1055,,
60508005,触发效果的道具类型,4,6,4,1,触发效果的道具类型,,1002,,1,27,,,,,,,,,,,,,,,,,,,,,,,,,,,1.46.50,1056,,
90001,掉落物的位置,4,6,4,1,%1的位置,,暂时不要,,0,3,1030|1|0,,,,,,,,,,,,,,,,,,,,,,,,,,1.42.0,1057,,
90002,掉落物的数量,4,6,4,1,%1的数量,,-1,,1,6,1030|1|0,,,,,,,,,,,,,,,,,,,,,,,,306691,1,1.42.0,1058,,
60508006,掉落物的道具格子属性,4,6,4,1,%1的%2,,-1,,1,6,1030|1|0,,3130|1|2,5|4300002,,,,,,,,,,,,,,,,,,,,,306436,1,1.48.0,1059,,
90009,道具类型,4,6,4,1,道具类型%1,,-2,,1,52,1028|1|0,2|200,,,,,,,,,,,,,,,,,,,,,,,306692,1,1.42.0,1060,,
90018,最后创建的道具类型,4,6,4,1,最后创建的道具类型,,-1,,1,27,,,,,,,,,,,,,,,,,,,,,,,,,306693,1,1.42.0,1061,,
90014,事件中的道具类型,4,6,4,1,事件中的道具类型,,-1,,1,27,,,,,,,,,,,,,,,,,,,,,,,,,306694,1,1.42.0,1062,,
60510001,事件中的投掷物类型,4,6,4,1,事件中的投掷物类型,,-1,,1,28,,,,,,,,,,,,,,,,,,,,,,,,,306695,1,1.42.0,1063,,
60508007,投掷物的道具格子属性,4,6,4,1,%1的%2,,-1,,1,6,1044|1|0,,3130|1|2,5|4300002,,,,,,,,,,,,,,,,,,,,,306437,1,1.48.0,1064,,
90008,掉落物的类型,4,6,4,1,%1的类型,,-1,,1,27,1030|1|0,,,,,,,,,,,,,,,,,,,,,,,,306696,1,1.42.0,1065,,
90013,随机道具类型,4,6,4,1,随机道具类型,,-1,,1,27,,,,,,,,,,,,,,,,,,,,,,,,,306697,1,1.42.0,1066,,
230001,道具类型组中指定编号的道具类型,4,6,4,1,%1中编号为%2的道具类型,,-1,,0,27,1068|1|0,,1005|1|0,1|1,,,,,,,,,,,,,,,,,,,,,306698,1,1.42.0,1067,,
230002,道具类型组中的随机道具类型,4,6,4,1,%1中的随机道具类型,,-1,,1,27,1068|1|0,,,,,,,,,,,,,,,,,,,,,,,,306699,1,1.42.0,1068,,
90017,事件中的道具数量,4,6,4,1,事件中的道具数量,,-1,,1,6,,,,,,,,,,,,,,,,,,,,,,,,95,306700,1,1.42.0,1069,,
90015,触发事件的投掷物,4,6,4,1,触发事件的投掷物,,-1,,1,43,,,,,,,,,,,,,,,,,,,,,,,,,306701,1,1.42.0,1070,,
280001,随机投掷物类型,4,6,4,1,随机投掷物类型,,-1,,1,28,,,,,,,,,,,,,,,,,,,,,,,,95,306702,1,1.42.0,1071,,
90016,事件中的掉落物,4,6,4,1,事件中的掉落物,,-1,,1,29,,,,,,,,,,,,,,,,,,,,,,,,,306703,1,1.42.0,1072,,
90012,道具类型组,4,6,4,1,道具类型组%1,,-2,,1,60,1068|1|0,,,,,,,,,,,,,,,,,,,,,,,,306704,1,1.42.0,1073,,
90021,投掷物,4,6,4,1,投掷物%1,,-2,,1,52,1044|1|0,,,,,,,,,,,,,,,,,,,,,,,,306705,1,1.42.0,1074,,
90022,投掷物类型,4,6,4,1,投掷物类型%1,,-2,,1,52,1029|1|0,,,,,,,,,,,,,,,,,,,,,,,,306706,1,1.42.0,1075,,
60508008,箱子里道具的格子属性,4,6,4,1,%1上箱子里的第%2个格子的%3，位置在%4,,-1,,1,6,1002|1|0,3|40003,1005|1|0,1|1,3130|1|2,5|4300002,3143|1|0,3|60505020,,,,,,,,,,,,,,,,,306438,1,1.48.0,1076,,
60508009,箱子里道具的类型,4,6,4,1,%1上箱子里的第%2个格子的道具类型，位置在%3,,-1,,1,27,1002|1|0,3|40003,1005|1|0,1|1,3143|1|0,3|60505020,,,,,,,,,,,,,,,,,,,306439,1,1.48.0,1077,,
20001,数值运算,4,10,4,0,%1%2%3,,-1,,1,6,3009|1|0,1|0,1017|1|2,5|130001,3009|1|0,1|0,,,,,,,,,,,,,,,,,,,306707,1,1.42.0,1078,,
20020,高级四则运算,4,10,4,1,%1%2%3,,-1,,1,6,3009|1|0,1|0,1017|1|2,5|130001,3009|1|0,1|0,,,,,,,,,,,,,,,,,,95,306708,1,1.42.0,1079,,
20003,随机数,4,10,4,0,生成随机数:%1至%2,,-1,,1,6,1005|1|0,1|1,1005|1|0,1|10,,,,,,,,,,,,,,,,,,,,,306709,1,1.42.0,1080,,
20015,取整,4,10,4,0,%2%1,,-1,,1,6,3009|1|0,1|1,1009|1|2,5|70002,,,,,,,,,,,,,,,,,,,,95,306710,1,1.42.0,1081,,
20011,绝对值,4,10,4,0,%1的绝对值,,暂时不要,,1,6,1005|1|0,1|-1,,,,,,,,,,,,,,,,,,,,,,,,,1.44.0,1082,,
60524001,绝对值,4,10,4,0,%1 %2,,-1,,1,6,3040|1|2,5|3400001,3009|1|0,1|-1,,,,,,,,,,,,,,,,,,,,95,306711,1,1.44.0,1083,,
20004,最大值,4,10,4,0,%1与%2的%3,,-1,,1,6,3009|1|0,1|1,3009|1|0,1|10,1015|1|2,5|110001,,,,,,,,,,,,,,,,,,,306712,1,1.42.0,1084,,
20005,整除,4,10,4,0,%1整除%2,,-1,,1,6,3009|1|0,1|1,3009|1|0,1|1,,,,,,,,,,,,,,,,,,,,,306713,1,1.42.0,1085,,
20002,取余,4,10,4,0,%1÷ %2的余数,,-1,,1,6,3009|1|0,1|1,3009|1|0,1|1,,,,,,,,,,,,,,,,,,,,95,306714,1,1.42.0,1086,,
20010,开方,4,10,4,0,%1开%2次方,,-1,,1,6,3009|1|0,1|4,3009|1|0,1|2,,,,,,,,,,,,,,,,,,,,,306715,1,1.42.0,1087,,
20009,幂运算,4,10,4,0,%1的%2次幂,,-1,,1,6,3009|1|0,1|2,3009|1|0,1|2,,,,,,,,,,,,,,,,,,,,,306716,1,1.42.0,1088,,
20014,任意底对数函数,4,10,4,0,Log%1%2,,-1,,1,6,3009|1|0,1|1,3009|1|0,1|1,,,,,,,,,,,,,,,,,,,,,306717,1,1.42.0,1089,,
20013,固定底对数函数,4,10,4,0,%1%2,,暂时不要,,1,6,1008|1|2,5|60001,1005|1|0,1|10,,,,,,,,,,,,,,,,,,,,95,,,1.42.0,1090,,
20012,三角函数,4,10,4,0,%1%2%3,,-1,,1,6,1043|1|2,5|330001,3009|1|0,1|30,1007|1|2,5|50001,,,,,,,,,,,,,,,,,,,306718,1,1.42.0,1091,,
20016,角度与弧度转换,4,10,4,0,将%1转换为%2,,-1,,1,6,3009|1|0,1|90,1007|1|2,5|50001,,,,,,,,,,,,,,,,,,,,,306719,1,1.42.0,1092,,
10010,指定方向射线的长度,4,10,4,1,从%1向%2投射%3格的射线，返回阻挡方块到起始位置之间的射线长度,,-1,,1,6,1002|1|0,,1002|1|0,,1005|1|0,1|0,,,,,,,,,,,,,,,,,,,306720,1,1.42.0,1093,,
10016,相对三轴坐标系方向,4,10,4,1,%1面向的X%2，Y%3，Z%4的方向,,-1,,1,46,1048|1|0,,1005|1|0,1|0,1005|1|0,1|0,1005|1|0,1|0,,,,,,,,,,,,,,,,,306721,1,1.42.0,1094,,
10017,相对球坐标系方向,4,10,4,1,%1面向的方位角%2，仰角%3的方向,,-1,,1,46,1048|1|0,,1005|1|0,1|0,1005|1|0,1|0,,,,,,,,,,,,,,,,,,,306722,1,1.42.0,1095,,
100009,绝对三轴坐标方向,4,10,4,1,X%1，Y%2，Z%3的方向,,-1,,1,46,1005|1|0,1|1,1005|1|0,1|1,1005|1|0,1|1,,,,,,,,,,,,,,,,,,,306723,1,1.42.0,1096,,
100010,绝对球坐标方向,4,10,4,1,方位角%1，仰角%2的方向,,-1,,1,46,1005|1|0,1|90,1005|1|0,1|90,,,,,,,,,,,,,,,,,,,,95,306724,1,1.42.0,1097,,
10029,布尔值组,4,11,4,0,布尔值组%1,,-2,,1,60,1066|1|0,,,,,,,,,,,,,,,,,,,,,,,,306731,1,1.42.0,1098,,
10030,数值组,4,11,4,0,数值组%1,,-2,,1,60,1064|1|0,,,,,,,,,,,,,,,,,,,,,,,,306732,1,1.42.0,1099,,
10031,字符串组,4,11,4,0,字符串组%1,,-2,,1,60,1065|1|0,,,,,,,,,,,,,,,,,,,,,,,95,306733,1,1.42.0,1100,,
10032,获取任意组中值的数量,4,11,4,1,获取%1中值的数量,,-1,,1,6,1061|1|0,,,,,,,,,,,,,,,,,,,,,,,,306734,1,1.42.0,1101,,
10033,获取任意组中任意值的数量,4,11,4,1,获取%1中%2的数量,,-1,,1,6,1061|1|0,,1053|1|0,,,,,,,,,,,,,,,,,,,,,,306735,1,1.42.0,1102,,
10034,获取任意组中任意值的编号,4,11,4,1,获取%1中%2的编号,,-1,,1,6,1061|1|0,,1053|1|0,,,,,,,,,,,,,,,,,,,,,95,306736,1,1.42.0,1103,,
10062,获取任意组中编号为x的任意值,4,11,4,1,获取%1中编号%2的 %3类型值,,-1,,0,6,1064|1|0,,1005|1|0,1|1,3129|1|2,5|4290001,,,,,,,,,,,,,,,,,,95,,,1.42.0,1104,,
190001,数值组中指定编号的数值,4,11,4,1,%1中编号为%2的数值,,-1,,0,6,1064|1|0,,1005|1|0,1|1,,,,,,,,,,,,,,,,,,,,,306737,1,1.42.0,1105,,
190002,数值组中的随机数值,4,11,4,1,%1中的随机数值,,-1,,1,6,1064|1|0,,,,,,,,,,,,,,,,,,,,,,,,306738,1,1.42.0,1106,,
190003,获取数值组中的最大值,4,11,4,1,获取%1中的最大值,,-1,,1,6,1064|1|0,,,,,,,,,,,,,,,,,,,,,,,,306739,1,1.42.0,1107,,
190004,获取数值组中的最小值,4,11,4,1,获取%1中的最小值,,-1,,1,6,1064|1|0,,,,,,,,,,,,,,,,,,,,,,,95,306740,1,1.42.0,1108,,
200001,字符串组中指定编号的字符串,4,11,4,1,%1中编号为%2的字符串,,-1,,0,11,1065|1|0,,1005|1|0,1|1,,,,,,,,,,,,,,,,,,,,,306741,1,1.42.0,1109,,
200002,字符串组中的随机字符串,4,11,4,1,%1中的随机字符串,,-1,,1,11,1065|1|0,,,,,,,,,,,,,,,,,,,,,,,95,306742,1,1.42.0,1110,,
100014,位置组,4,11,4,0,位置组%1,,-2,,1,60,1062|1|0,,,,,,,,,,,,,,,,,,,,,,,,306725,1,1.42.0,1111,,
170001,位置组中指定编号的位置,4,11,4,1,%1中编号为%2的位置,,-1,,0,3,1062|1|0,,1005|1|0,1|1,,,,,,,,,,,,,,,,,,,,,306726,1,1.42.0,1112,,
170002,位置组中的随机位置,4,11,4,1,%1中的随机位置,,-1,,1,3,1062|1|0,,,,,,,,,,,,,,,,,,,,,,,95,306727,1,1.42.0,1113,,
100015,区域组,4,11,4,0,区域组%1,,-2,,1,60,1063|1|0,,,,,,,,,,,,,,,,,,,,,,,,306728,1,1.42.0,1114,,
180001,区域组中指定编号的区域,4,11,4,1,%1中编号为%2的区域,,-1,,0,2,1063|1|0,,1005|1|0,1|1,,,,,,,,,,,,,,,,,,,,,306729,1,1.42.0,1115,,
180002,区域组中的随机区域,4,11,4,1,%1中的随机区域,,-1,,1,2,1063|1|0,,,,,,,,,,,,,,,,,,,,,,,95,306730,1,1.42.0,1116,,
100016,计时器组,4,11,4,0,计时器组%1,,-2,,1,60,1070|1|0,,,,,,,,,,,,,,,,,,,,,,,,306743,1,1.42.0,1117,,
250001,计时器组中指定编号的计时器,4,11,4,1,%1中编号为%2的计时器,,-1,,0,39,1070|1|0,,1005|1|0,1|1,,,,,,,,,,,,,,,,,,,,,306744,1,1.42.0,1118,,
250002,计时器组中的随机计时器,4,11,4,0,%1中的随机计时器,,-1,,1,39,1070|1|0,,,,,,,,,,,,,,,,,,,,,,,95,306745,1,1.42.0,1119,,
60516001,获取二维表中某列某行的数据,4,30,4,1,获取%1中第%2列第%3行%4的数据,,-1,,1,0,3005|1|0,,3124|1|2,,1091|1|0,1|1,,,,,,,,,,,,,,,,,,,306182,1,1.44.0,1120,,
60516002,获取二维表中某列的数据组,4,30,4,1,获取%1中第%2列%3的数据组,,-1,,1,0,3005|1|0,,3124|1|2,,,,,,,,,,,,,,,,,,,,,,,,1.44.0,1121,,
60516003,获取二维表总行|列数,4,30,4,1,获取%1总%2数,,-1,,1,6,3005|1|0,,3101|1|2,5|4010001,,,,,,,,,,,,,,,,,,,,,,,1.44.0,1122,,
60516004,获取二维表中某列中值等于某值的行数,4,30,4,1,获取%1中第%2列中值%3%4的行数值,,-1,,1,6,3005|1|0,,3124|1|2,,3100|1|2,5|4000001,1053|1|0,,,,,,,,,,,,,,,,,,,,1.44.0,1123,,
60516005,获取二维表中某列中值等于某值的行数组,4,30,4,1,获取%1中第%2列中值%3%4的行数数值组 ,,-1,,1,63,3005|1|0,,3124|1|2,,3100|1|2,5|4000001,1053|1|0,,,,,,,,,,,,,,,,,,,,1.44.0,1124,,
60516006,获取二维表中列名为xx的序号,4,30,4,1,获取%1中列名为%2的序号,,永远不要,,1,6,3005|1|0,,3102|1|0,,,,,,,,,,,,,,,,,,,,,100,,,1.44.0,1125,,
310001,元件动效,4,13,4,1,%1 单次时长%2 秒，播放次数 %3,,-2,,1,120,1117|1|0,,1005|1|0,1|1,1086|1|2,5|610002,,,,,,,,,,,,,,,,,,,306746,1,1.42.0,1126,,
310002,文本动效,4,13,4,1,%1 时长%2 秒,,-2,,1,121,1118|1|0,2|40001,1005|1|0,1|3,,,,,,,,,,,,,,,,,,,,,306747,1,1.42.0,1127,,
310003,平滑位移,4,13,4,1,%1秒内 移动到X%2 Y%3,,-2,,1,122,1005|1|0,1|1,1091|1|0,1|100,1091|1|0,1|100,,,,,,,,,,,,,,,,,,,306748,1,1.42.0,1128,,
310004,平滑增加坐标,4,13,4,1,%1秒内 将%2坐标%3 %4,,-2,,1,122,1005|1|0,1|1,1119|1|2,5|830001,1120|1|2,5|840001,1091|1|0,1|100,,,,,,,,,,,,,,,,,306749,1,1.42.0,1129,,
310005,平滑缩放,4,13,4,1,%1秒内 缩放至宽%2 高%3,,-2,,1,122,1005|1|0,1|1,1091|1|0,1|100,1091|1|0,1|100,,,,,,,,,,,,,,,,,,,306750,1,1.42.0,1130,,
310006,平滑增加宽高,4,13,4,1,%1秒内 将%2大小%3 %4,,-2,,1,122,1005|1|0,1|1,1113|1|2,5|860001,1120|1|2,5|840001,1091|1|0,1|100,,,,,,,,,,,,,,,,,306751,1,1.42.0,1131,,
310008,平滑增加角度,4,13,4,1,%1秒内 将角度%2 %3 度,,-2,,1,122,1005|1|0,1|1,1120|1|2,5|840001,1091|1|0,1|90,,,,,,,,,,,,,,,,,,,306752,1,1.42.0,1132,,
310009,获取指定id的元件,4,13,4,1,获取id为%1的元件,,暂时不要,,1,74,1010|1|0,,,,,,,,,,,,,,,,,,,,,,,,306398,1,1.42.0,1133,,
310007,平滑旋转,4,13,4,1,%1秒内 旋转至%2度,,-2,,1,122,1005|1|0,1|1,1091|1|0,1|180,,,,,,,,,,,,,,,,,,,,,,,1.42.0,1134,,
40014,事件中的界面,4,13,4,1,事件中的界面,,"3,6",,1,73,,,,,,,,,,,,,,,,,,,,,,,,,306753,1,1.42.0,1135,,
40016,当前编辑的界面,4,13,4,0,当前编辑的界面,,6,,1,73,,,,,,,,,,,,,,,,,,,,,,,,95,306754,1,1.42.0,1136,,
40013,事件中的元件,4,13,4,1,事件中的元件,,6,,1,74,,,,,,,,,,,,,,,,,,,,,,,,,306755,1,1.42.0,1137,,
60509001,获取元件属性,4,13,4,1,获取%1的%2的%3的属性值,,6,,1,6,1018|1|0,3|60009,1075|1|0,,3151|1|2,5|4510003,,,,,,,,,,,,,,,,,,,,1,1.53.0,1137,,
60509002,获取界面属性,4,13,4,1,获取%1的%2的%3的属性值,,6,,1,13,1018|1|0,3|60009,1074|1|0,3|40016,3152|1|2,5|4520003,,,,,,,,,,,,,,,,,,95,,1,1.53.0,1136,,
310010,界面,4,13,4,1,界面%1,,-2,,1,52,1074|1|0,,,,,,,,,,,,,,,,,,,,,,,,306756,1,1.42.0,1138,,
310011,元件,4,13,4,1,元件%1,,-2,,1,52,1075|1|0,,,,,,,,,,,,,,,,,,,,,,,,306757,1,1.42.0,1139,,
310012,图片,4,13,4,1,图片%1,,-2,,1,52,1076|1|0,,,,,,,,,,,,,,,,,,,,,,,,306758,1,1.42.0,1140,,
310013,父元件X,4,13,4,1,水平方向%1，偏移%2 %3,,暂时不要,,1,149,1150|1|2,5|1510001,1091|1|0,1|10,1149|1|2,5|1500001,,,,,,,,,,,,,,,,,,,,,1.42.0,1141,,
310014,父元件Y,4,13,4,1,垂直方向%1，偏移%2 %3,,暂时不要,,1,153,1151|1|2,5|1520001,1091|1|0,1|10,1149|1|2,5|1500001,,,,,,,,,,,,,,,,,,,,,1.42.0,1142,,
310015,父元件宽高,4,13,4,1,%1 %2,,暂时不要,,1,148,1091|1|0,1|100,1149|1|2,5|1500001,,,,,,,,,,,,,,,,,,,,,,,1.42.0,1143,,
310016,父元件高,4,13,4,1,%1 %2,,暂时不要,,1,148,1091|1|0,1|100,1149|1|2,5|1500001,,,,,,,,,,,,,,,,,,,,,,,1.42.0,1144,,
310017,获取进度值,4,13,4,1,获取%1的%2的%3的%4数值,3,6,,1,6,1018|1|0,3|60009,1074|1|0,3|40016,1075|1|0,,1114|1|2,5|1130001,,,,,,,,,,,,,,,,,306759,1,1.42.0,1145,,
60501015,事件中的进度比例值,4,1,4,1,事件中的进度比例值,3,-1,,1,6,,,,,,,,,,,,,,,,,,,,,,,,,,,1.45.0,1146,,
300012,服务器获取的特效类型,4,19,4,1,服务器获取的特效类型,,暂时不要,,1,44,1083|1|2,5|600001,,,,,,,,,,,,,,,,,,,,,,,,,1.42.0,1147,,
120002,特效类型,4,14,4,1,特效类型%1,,-2,,1,52,1045|1|0,,,,,,,,,,,,,,,,,,,,,,,,306760,1,1.42.0,1148,,
40007,事件中的特效类型,4,14,4,1,事件中的特效类型,,-1,,1,44,,,,,,,,,,,,,,,,,,,,,,,,,306761,1,1.42.0,1149,,
40008,最后创建的特效类型,4,14,4,1,最后创建的特效类型,,-2,,1,44,,,,,,,,,,,,,,,,,,,,,,,,,306762,1,1.42.0,1150,,
120001,随机特效类型,4,14,4,1,随机的特效类型,,-1,,1,44,,,,,,,,,,,,,,,,,,,,,,,,95,306763,1,1.42.0,1151,,
120003,特效类型组,4,14,4,0,特效类型组%1,,-2,,1,60,1071|1|0,,,,,,,,,,,,,,,,,,,,,,,,306764,1,1.42.0,1152,,
60501022,投掷物组,4,34,4,0,投掷物组%1,,-2,,1,60,3060|1|0,,,,,,,,,,,,,,,,,,,,,,,,,,1.50.0,1153,,
60501023,掉落物组,4,35,4,0,掉落物组%1,,-2,,1,60,3061|1|0,,,,,,,,,,,,,,,,,,,,,,,,,,1.50.0,1154,,
60501024,元件组,4,13,4,0,元件组%1,,-2,,1,60,3136|1|0,,,,,,,,,,,,,,,,,,,,,,,,,,1.50.0,1155,,
60501025,图片组,4,13,4,0,图片组%1,,-2,,1,60,3137|1|0,,,,,,,,,,,,,,,,,,,,,,,,,,1.50.0,1156,,
60501026,对象组,4,31,4,0,对象组%1,,-2,,1,60,1201|1|0,,,,,,,,,,,,,,,,,,,,,,,,,,1.50.0,1157,,
60501027,角色组,4,32,4,0,角色组%1,,-2,,1,60,3095|1|0,,,,,,,,,,,,,,,,,,,,,,,,,,1.50.0,1158,,
60501028,状态组,4,32,4,0,状态组%1,,-2,,1,60,3059|1|0,,,,,,,,,,,,,,,,,,,,,,,,,,1.50.0,1159,,
60501029,音效组,4,15,4,0,音效组%1,,-2,,1,60,3078|1|0,,,,,,,,,,,,,,,,,,,,,,,,,,1.50.0,1160,,
60501030,外观类型组,4,31,4,0,外观类型组%1,,-2,,1,60,3138|1|0,,,,,,,,,,,,,,,,,,,,,,,,,,1.50.0,1161,,
60501031,实体组,4,33,4,0,实体组%1,,-2,,1,60,3020|1|0,,,,,,,,,,,,,,,,,,,,,,,,,,1.50.0,1162,,
60501032,实体类型组,4,33,4,0,实体类型组%1,,-2,,1,60,3139|1|0,,,,,,,,,,,,,,,,,,,,,,,,,,1.50.0,1163,,
60501033,玩家组,4,3,4,1,玩家组%1,,暂时不要,,0,60,1019|0|0,,,,,,,,,,,,,,,,,,,,,,,,,,1.42.0,1164,,
60501034,生物类型组,4,4,4,1,生物类型组%1,,暂时不要,,0,60,1069|0|0,,,,,,,,,,,,,,,,,,,,,,,,,,1.42.0,1165,,
60501035,生物组,4,4,4,1,生物组%1,,暂时不要,,0,60,1033|0|0,,,,,,,,,,,,,,,,,,,,,,,,,,1.42.0,1166,,
60501036,方块类型组,4,5,4,1,方块类型组%1,,暂时不要,,0,60,1067|0|0,,,,,,,,,,,,,,,,,,,,,,,,,,1.42.0,1167,,
60501037,道具类型组,4,6,4,1,道具类型组%1,,暂时不要,,0,60,1068|0|0,,,,,,,,,,,,,,,,,,,,,,,,,,1.42.0,1168,,
60501038,布尔值组,4,11,4,0,布尔值组%1,,暂时不要,,0,60,1066|0|0,,,,,,,,,,,,,,,,,,,,,,,,,,1.42.0,1169,,
60501039,数值组,4,11,4,0,数值组%1,,暂时不要,,0,60,1064|0|0,,,,,,,,,,,,,,,,,,,,,,,,,,1.42.0,1170,,
60501040,字符串组,4,11,4,0,字符串组%1,,暂时不要,,0,60,1065|0|0,,,,,,,,,,,,,,,,,,,,,,,95,,,1.42.0,1171,,
60501041,位置组,4,11,4,0,位置组%1,,暂时不要,,0,60,1062|0|0,,,,,,,,,,,,,,,,,,,,,,,,,,1.42.0,1172,,
60501042,区域组,4,11,4,0,区域组%1,,暂时不要,,0,60,1063|0|0,,,,,,,,,,,,,,,,,,,,,,,,,,1.42.0,1173,,
60501043,计时器组,4,11,4,0,计时器组%1,,暂时不要,,0,60,1070|0|0,,,,,,,,,,,,,,,,,,,,,,,,,,1.42.0,1174,,
60501044,特效类型组,4,14,4,0,特效类型组%1,,暂时不要,,0,60,1071|0|0,,,,,,,,,,,,,,,,,,,,,,,,,,1.42.0,1175,,
60501045,投掷物组,4,34,4,0,投掷物组%1,,暂时不要,,0,60,3060|0|0,,,,,,,,,,,,,,,,,,,,,,,,,,1.50.0,1176,,
60501046,掉落物组,4,35,4,0,掉落物组%1,,暂时不要,,0,60,3061|0|0,,,,,,,,,,,,,,,,,,,,,,,,,,1.50.0,1177,,
60501047,元件组,4,13,4,0,元件组%1,,暂时不要,,0,60,3136|0|0,,,,,,,,,,,,,,,,,,,,,,,,,,1.50.0,1178,,
60501048,图片组,4,13,4,0,图片组%1,,暂时不要,,0,60,3137|0|0,,,,,,,,,,,,,,,,,,,,,,,,,,1.50.0,1179,,
60501049,对象组,4,31,4,0,对象组%1,,暂时不要,,0,60,1201|0|0,,,,,,,,,,,,,,,,,,,,,,,,,,1.50.0,1180,,
60501050,角色组,4,32,4,0,角色组%1,,暂时不要,,0,60,3095|0|0,,,,,,,,,,,,,,,,,,,,,,,,,,1.50.0,1181,,
60501051,状态组,4,32,4,0,状态组%1,,暂时不要,,0,60,3059|0|0,,,,,,,,,,,,,,,,,,,,,,,,,,1.50.0,1182,,
60501052,音效组,4,15,4,0,音效组%1,,暂时不要,,0,60,3078|0|0,,,,,,,,,,,,,,,,,,,,,,,,,,1.50.0,1183,,
60501053,外观类型组,4,31,4,0,外观类型组%1,,暂时不要,,0,60,3138|0|0,,,,,,,,,,,,,,,,,,,,,,,,,,1.50.0,1184,,
60501054,实体组,4,33,4,0,实体组%1,,暂时不要,,0,60,3020|0|0,,,,,,,,,,,,,,,,,,,,,,,,,,1.50.0,1185,,
60501055,实体类型组,4,33,4,0,实体类型组%1,,暂时不要,,0,60,3139|0|0,,,,,,,,,,,,,,,,,,,,,,,,,,1.50.0,1186,,
260001,特效类型组中指定编号的特效类型,4,14,4,1,%1中编号为%2的特效类型,,-1,,0,44,1071|1|0,,1005|1|0,1|1,,,,,,,,,,,,,,,,,,,,,306765,1,1.42.0,1187,,
260002,特效类型组中的随机特效类型,4,14,4,1,%1中的随机特效类型,,-1,,1,44,1071|1|0,,,,,,,,,,,,,,,,,,,,,,,,306766,1,1.42.0,1188,,
60513001,所有特效类型,4,14,4,0,所有特效类型,,暂时不要,,1,70,1071|1|0,,,,,,,,,,,,,,,,,,,,,,,,,,1.44.0,1189,,
10022,音调转换为数值,4,15,4,1,%1转换为数值,,-1,,1,6,1049|1|2,,,,,,,,,,,,,,,,,,,,,,,,306767,1,1.42.0,1190,,
90024,音效,4,15,4,1,音效%1,,-2,,1,52,1046|1|0,,,,,,,,,,,,,,,,,,,,,,,,306768,1,1.42.0,1191,,
290001,随机音效,4,15,4,0,随机音效,,-1,,1,45,,,,,,,,,,,,,,,,,,,,,,,,,306769,1,1.42.0,1192,,
60519001,所有音效,4,15,4,0,所有音效,,-1,,1,378,,,,,,,,,,,,,,,,,,,,,,,,,306770,1,1.44.0,1193,,
40017,事件中的音乐,4,15,4,1,事件中的音乐,,暂时不要,,1,79,,,,,,,,,,,,,,,,,,,,,,,,,,,1.42.0,1194,,
150010,图片,4,16,4,1,图片为%1，大小为%2倍，不透明度为%3%，编号为%4,,-1,,1,56,1076|1|0,,1005|1|0,1|1,1005|1|0,1|100,1005|1|0,1|1,,,,,,,,,,,,,,,0,,306771,1,1.42.0,1195,,
270004,道具类型的图标,4,16,4,0,%1的图标,,-1,,1,75,1028|1|0,2|12005,,,,,,,,,,,,,,,,,,,,,,,306772,1,1.42.0,1196,,
270005,生物的图标,4,16,4,0,%1的图标,,-1,,1,75,1031|1|0,,,,,,,,,,,,,,,,,,,,,,,,306773,1,1.42.0,1197,,
270006,生物类型的图标,4,16,4,0,%1的图标,,-1,,1,75,1032|1|0,2|3400,,,,,,,,,,,,,,,,,,,,,,,306774,1,1.42.0,1198,,
270007,状态的图标,4,16,4,0,%1的图标,,-1,,1,75,1037|1|0,2|4001,,,,,,,,,,,,,,,,,,,,,,,306775,1,1.42.0,1199,,
270008,方块类型的图标,4,16,4,0,%1的图标,,-1,,1,75,1025|1|0,2|200,,,,,,,,,,,,,,,,,,,,,,,306776,1,1.42.0,1200,,
270010,获取玩家快捷栏图标,4,16,4,0,%1快捷栏为%2的图标,,暂时不要,,1,75,1018|1|0,3|60009,1005|1|0,1|1,,,,,,,,,,,,,,,,,,,,95,,,1.42.0,1201,,
150001,文字板,4,16,4,1,内容为%1的文字板，字体大小%2，不透明度%3%，编号%4，自动换行%5，绑定变量%6,,-1,,1,56,1010|1|0,1|300142,1005|1|0,1|16,1005|1|0,1|0,1005|1|0,1|1,1013|1|0,5|100001,1013|1|0,5|100002,,,,,,,,,,,,,306777,1,1.42.0,1202,,
150002,漂浮文字,4,16,4,1,内容为%1的漂浮文字，字体大小%2，编号%3,,-1,,1,56,1010|1|0,1|300142,1005|1|0,1|16,1005|1|0,1|1,,,,,,,,,,,,,,,,,,,306778,1,1.42.0,1203,,
150003,进度条,4,16,4,1,当前值%1、最大值%2的进度条，颜色%3，编号%4，绑定变量%5,,-1,,1,56,1005|1|0,1|100,1005|1|0,1|100,1056|1|0,1|0xF44336,1005|1|0,1|1,1013|1|0,5|100002,,,,,,,,,,,,,,95,306779,1,1.42.0,1204,,
150005,指向位置的箭头,4,16,4,1,指向%1的箭头，大小%2，颜色%3，编号%4,,-1,,1,56,1002|1|0,,1005|1|0,1|1,1056|1|0,1|0xF44336,1005|1|0,1|1,,,,,,,,,,,,,,,,95,306780,1,1.42.0,1205,,
150007,指向位置的引导面,4,16,4,1,指向%1的引导面，大小%2，颜色%3，编号%4,,-1,,1,56,1002|1|0,,1005|1|0,1|1,1056|1|0,1|0xF44336,1005|1|0,1|1,,,,,,,,,,,,,,,,95,306781,1,1.42.0,1206,,
150009,指向位置的引导线,4,16,4,1,指向%1的引导线，大小%2，颜色%3，编号%4,,-1,,1,56,1002|1|0,,1005|1|0,1|1,1056|1|0,1|0xF44336,1005|1|0,1|1,,,,,,,,,,,,,,,,95,306782,1,1.42.0,1207,,
130001,获取当前播放广告位的名字,4,17,4,0,获取当前播放广告位的名字,,暂时不要,,1,11,1083|1|2,5|600001,,,,,,,,,,,,,,,,,,,,,,,,,1.42.0,1208,,
130002,获取当前房间类型,4,17,4,0,获取当前房间类型,,-1,,1,11,,,,,,,,,,,,,,,,,,,,,,,,,,,1.42.0,1209,,
300001,服务器获取的位置,4,19,4,0,服务器获取的位置,,暂时不要,,1,3,1083|1|2,5|600001,,,,,,,,,,,,,,,,,,,,,,,,,1.42.0,1210,,
300002,服务器获取的区域,4,19,4,0,服务器获取的区域,,暂时不要,,1,2,1083|1|2,5|600001,,,,,,,,,,,,,,,,,,,,,,,,,1.42.0,1211,,
300014,服务器获取的名称（键）,4,19,4,0,获取服务器和排行榜索引名称（键）,,暂时不要,,1,11,,,,,,,,,,,,,,,,,,,,,,,,,,,1.42.0,1212,,
300011,服务器获取的计时器,4,19,4,0,服务器获取的计时器,,暂时不要,,1,39,1083|1|2,5|600001,,,,,,,,,,,,,,,,,,,,,,,,,1.42.0,1213,,
300013,排行榜获取的排名,4,19,4,0,排行榜获取的排名,,暂时不要,,1,6,,,,,,,,,,,,,,,,,,,,,,,,,,,1.42.0,1214,,
60525005,区域预制,4,21,4,1,%1预制,,暂时不要,,1,383,3087|1|0,,,,,,,,,,,,,,,,,,,,,,,,,,1.44.0,1215,,
100012,区域,4,21,4,1,区域%1,,-2,,1,52,1001|1|0,,,,,,,,,,,,,,,,,,,,,,,,306783,1,1.42.0,1216,,
40022,事件中的区域,4,21,4,1,事件中的区域,,-1,,1,2,,,,,,,,,,,,,,,,,,,,,,,,,306784,1,1.42.0,1217,,
10007,区域的中央位置,4,21,4,1,%1的中央位置,,暂时不要,,1,3,1001|1|0,,,,,,,,,,,,,,,,,,,,,,,,,,1.42.0,1218,,
10008,区域中的随机位置,4,21,4,1,%1的随机位置,,暂时不要,,1,3,1001|1|0,,,,,,,,,,,,,,,,,,,,,,,,,,1.42.0,1219,,
60512001,区域的中央|随机位置,4,21,4,1,%1的%2,,-1,,1,3,1001|1|0,,3049|1|2,5|3490001,,,,,,,,,,,,,,,,,,,,,306785,1,1.44.0,1220,,
10001,位置转临时区域,4,21,4,1,以%1为中心点，半径为（%2，%3，%4）的临时区域,,-1,,1,2,1002|1|0,,1005|1|0,1|5,1005|1|0,1|5,1005|1|0,1|5,,,,,,,,,,,,,,,,,306786,1,1.42.0,1221,,
10002,区域偏移,4,21,4,1,%1沿坐标轴偏移（%2，%3，%4）,,暂时不要,,1,2,1001|1|0,,1005|1|0,1|1,1005|1|0,1|1,1005|1|0,1|1,,,,,,,,,,,,,,,,,,,1.42.0,1222,,
10003,扩大区域,4,21,4,1,将%1三轴大小分别扩大X%2，Y%3，Z%4格,,暂时不要,,1,2,1001|1|0,,1005|1|0,1|5,1005|1|0,1|5,1005|1|0,1|5,,,,,,,,,,,,,,,,95,,,1.42.0,1223,,
100011,位置,4,22,4,1,位置%1,,-2,,1,52,1002|1|0,,,,,,,,,,,,,,,,,,,,,,,,306787,1,1.42.0,1224,,
40003,事件中的位置,4,22,4,1,事件中的位置,,-1,,1,3,,,,,,,,,,,,,,,,,,,,,,,,,306788,1,1.42.0,1225,,
10005,指定坐标位置,4,22,4,1,坐标值 X%1Y%2Z%3的位置,,-1,,1,3,1005|1|0,1|0,1005|1|0,1|1,1005|1|0,1|1,,,,,,,,,,,,,,,,,,,306789,1,1.42.0,1226,,
20006,位置的坐标值,4,22,4,0,%1的%2坐标值,,-1,,1,6,1002|1|0,,1133|1|2,5|980001,,,,,,,,,,,,,,,,,,,,,306790,1,1.42.0,1227,,
60524002,坐标向量值,4,22,4,1, X%1Y%2Z%3的向量,,-1,,1,3,1005|1|0,1|1,1005|1|0,1|1,1005|1|0,1|1,,,,,,,,,,,,,,,,,,,306791,1,1.44.0,1228,,
10006,位置偏移（改变原位置）,4,22,4,1,%1沿坐标轴偏移（%2，%3，%4）,,暂时不要,,1,3,1002|1|0,,1005|1|0,1|1,1005|1|0,1|1,1005|1|0,1|1,,,,,,,,,,,,,,,,,,,1.42.0,1229,,
10024,位置偏移（不改变原位置）,4,22,4,1,%1沿坐标轴偏移（%2，%3，%4）,,暂时不要,,1,3,1002|1|0,,1005|1|0,1|1,1005|1|0,1|1,1005|1|0,1|1,,,,,,,,,,,,,,,,,,,1.42.0,1230,,
60524003,位置偏移（不改变原位置）,4,22,4,1,%1偏移量%2，%3，%4(%5),,-1,,1,3,1002|1|0,,1005|1|0,1|1,1005|1|0,1|1,1005|1|0,1|1,3080|1|2,5|3800001,,,,,,,,,,,,,,,307404,1,1.44.0,1231,,
40004,出生点,4,22,4,0,出生点，位置在%1,,-1,,1,3,3143|1|0,3|60505020,,,,,,,,,,,,,,,,,,,,,,,40004,1,1.42.0,1232,,
60502009,玩家的复活点,4,22,4,0,%1的复活点,,-1,,1,3,1018|1|0,3|60009,,,,,,,,,,,,,,,,,,,,,,,,,1.47.0,1233,,
60502002,获取位置所在的地形组,4,22,4,1,%1所在的地形组，位置在%2,,-1,,1,138,1002|1|0,,3143|1|0,3|60505020,,,,,,,,,,,,,,,,,,,,,307406,1,1.44.0,1234,,
100002,位置间的的距离,4,22,4,0,%1与%2的距离,,-1,,1,6,1002|1|0,,1002|1|0,,,,,,,,,,,,,,,,,,,,,,307407,1,1.42.0,1235,,
20007,位置间的水平角度,4,22,4,1,%1与%2间的水平角度,,暂时不要,,1,6,1002|1|0,,1002|1|0,,,,,,,,,,,,,,,,,,,,,,,,1.42.0,1236,,
20008,位置间的垂直角度,4,22,4,1,%1与%2间的垂直角度,,暂时不要,,1,6,1002|1|0,,1002|1|0,,,,,,,,,,,,,,,,,,,,,95,,,1.42.0,1237,,
60524004,位置间的水平|垂直角度,4,22,4,1,%1与%2间的%3,,-1,,1,6,1002|1|0,,1002|1|0,,3048|1|2,5|3480001,,,,,,,,,,,,,,,,,,,307408,1,1.44.0,1238,,
60524005,判断位置能否作为刷怪点，返回Y坐标,4,22,4,1,%1能否作为刷怪点，返回Y坐标，位置在%2,,-1,,1,6,1002|1|0,,3143|1|0,3|60505020,,,,,,,,,,,,,,,,,,,2,,307409,1,1.44.0,1239,,
100008,位置到位置的方向,4,22,4,1,%1到%2的方向,,-1,,1,46,1002|1|0,,1002|1|0,,,,,,,,,,,,,,,,,,,,,,307410,1,1.42.0,1240,,
10026,数值,4,23,4,1,数值%1,,-2,,1,52,1005|1|0,,,,,,,,,,,,,,,,,,,,,,,,307411,1,1.42.0,1241,,
10027,字符串,4,24,4,1,字符串%1,,-2,,1,52,1010|1|0,,,,,,,,,,,,,,,,,,,,,,,95,307412,1,1.42.0,1242,,
10049,状态类型名,4,29,4,1,%1的类型名,,暂时不要,,1,11,1037|1|0,,,,,,,,,,,,,,,,,,,,,,0,,,,1.42.0,1243,,
10050,状态类型描述,4,29,4,1,%1的插件描述,,暂时不要,,1,11,1037|1|0,,,,,,,,,,,,,,,,,,,,,,0,,,,1.42.0,1244,,
60514001,状态类型的描述,4,29,4,1,%1的 %2,,-1,,1,11,1037|1|0,,3051|1|2,5|3510001,,,,,,,,,,,,,,,,,,,0,,307413,1,1.44.0,1245,,
60514002,所有状态(有益、有害),4,29,4,1,%1的状态,,-1,,1,359,3092|1|2,5|3920001,,,,,,,,,,,,,,,,,,,,,0,,307414,1,1.44.0,1246,,
60501001,此对象,4,31,4,1,此对象,,"0,1,2,3,4,5,6,14,16",,1,47,,,,,,,,,,,,,,,,,,,,,,,,,307415,1,1.44.0,1247,,
60505019,对象转换类型,4,31,4,1,%1转换为%2类型,,-1,,1,17,1048|1|0,,3140|1|2,5|4400001,,,,,,,,,,,,,,,,,,,,,,,1.50.0,1248,,
60501002,获取属性,4,31,4,1,获取%1的%2的%3,,-1,,,307,1048|1|0,,3002|0|0,,3003|0|0,,,,,,,,,,,,,,,,,,,,307416,1,1.44.0,1249,,
60501003,返回对象的指令执行结果,4,31,4,1,返回值:执行%1的%2的%3,,-1,,,307,1048|1|0,,3002|0|0,,3004|0|0,,,,,,,,,,,,,,,,,,,100,307417,1,1.44.0,1250,,
60502010,获取组件的id,4,31,4,1,%1的id,,暂时不要,,1,11,3002|0|0,,,,,,,,,,,,,,,,,,,,,,,,,,1.44.0,1251,,
60505014,创建对象,4,31,4,1,创建%1 模板%2位置%3，位置在%4,,-1,,1,30,3066|1|2,5|3660001,1032|1|0,2|3400,1002|1|0,3|40003,3143|1|0,3|60505020,,,,,,,,,,,,,,,0,,307418,1,1.44.0,1252,,
60505009,对象的图标 ,4,31,4,1,%1的图标,,暂时不要,,1,75,1048|1|0,,,,,,,,,,,,,,,,,,,,,,,,,,1.44.0,1253,,
60505010,对象的外观 ,4,31,4,1,%1的外观,,-1,,1,59,1048|1|0,,,,,,,,,,,,,,,,,,,,,,,,307419,1,1.44.0,1254,,
60505011,对象的位置,4,31,4,1,%1的位置,,-1,,1,3,1048|1|0,,,,,,,,,,,,,,,,,,,,,,,,307420,1,1.44.0,1255,,
60505012,对象的模型水平|垂直角度,4,31,4,1,%1的%2角度,,-1,,1,6,1048|1|0,,1147|1|2,5|1480001,,,,,,,,,,,,,,,,,,,,,307421,1,1.44.0,1256,,
60505013,获取对象的预制类型,4,31,4,1,获取%1对象%2的预制类型,,-1,,1,31,3066|1|2,5|3660001,1048|1|0,,,,,,,,,,,,,,,,,,,,,,,,1.44.0,1257,,
60525007,预制名,4,31,4,1,%1的%2,,暂时不要,,1,11,3083|1|0,,3051|1|2,5|3510001,,,,,,,,,,,,,,,,,,,0,,,,1.44.0,1258,,
60525008,预制的外观,4,31,4,1,%1的外观,,暂时不要,,1,59,3083|1|0,,,,,,,,,,,,,,,,,,,,,,,,,,1.44.0,1259,,
60525009,预制转换为类型,4,31,4,1,%1转换为 %2,,暂时不要,,1,31,3083|1|0,,3098|1|2,5|3980002,,,,,,,,,,,,,,,,,,,,,,,1.44.0,1260,,
60525010,预制的图标,4,31,4,1,%1的图标,,暂时不要,,1,75,3083|1|0,,,,,,,,,,,,,,,,,,,,,,,,,,1.44.0,1261,,
40018,执行动作的对象,4,31,4,0,执行动作的对象,,暂时不要,,1,47,,,,,,,,,,,,,,,,,,,,,,,,95,,,1.42.0,1262,,
150004,指向对象的箭头,4,31,4,1,指向%1的箭头，大小%2，颜色%3，编号%4,,-1,,1,56,1048|1|0,,1005|1|0,1|1,1056|1|0,1|0xF44336,1005|1|0,1|1,,,,,,,,,,,,,,,,,307422,1,1.42.0,1263,,
150006,指向对象的引导面,4,31,4,1,指向%1的引导面，大小%2，颜色%3，编号%4,,-1,,1,56,1048|1|0,,1005|1|0,1|1,1056|1|0,1|0xF44336,1005|1|0,1|1,,,,,,,,,,,,,,,,,307423,1,1.42.0,1264,,
150008,指向对象的引导线,4,31,4,1,指向%1的引导线，大小%2，颜色%3，编号%4,,-1,,1,56,1048|1|0,,1005|1|0,1|1,1056|1|0,1|0xF44336,1005|1|0,1|1,,,,,,,,,,,,,,,,,307424,1,1.42.0,1265,,
60505025,指向位置的寻路引导线,4,31,4,1,指向%1的寻路引导线，编号%2，对%3可见,,-1,,1,56,1002|1|0,,1005|1|0,1|1,3008|1|0,3|60006,,,,,,,,,,,,,,,,,,,,1,1.52.0,1265,,
10061,射线打到的对象,4,31,4,1,从%1向%2发射%3格的射线打到的%4，位置在%5,,-1,,1,24,1002|1|0,,1047|1|0,5|350005,1005|1|0,1|10,1157|1|2,5|1560001,3143|1|0,3|60505020,,,,,,,,,,,,,,,307425,1,1.42.0,1266,,
60505018,射线打到的位置,4,31,4,1,从%1向%2发射%3格的射线打到的%4的位置，位置在%5,,-1,,1,3,1002|1|0,,1047|1|0,5|350005,1005|1|0,1|10,1157|1|2,5|1560001,3143|1|0,3|60505020,,,,,,,,,,,,,,,,,1.50.0,1267,,
60505015,世界对象,4,31,4,1,世界对象,,-2,,1,47,3008|1|0,3|60009,,,,,,,,,,,,,,,,,,,,,,,,,1.45.0,1268,,
60505016,界面对象,4,31,4,1,%1对象,,-2,,1,47,1074|1|0,,,,,,,,,,,,,,,,,,,,,,,,,,1.45.0,1269,,
60505017,实体对象,4,31,4,1,%1对象,,-2,,1,47,3019|1|0,,,,,,,,,,,,,,,,,,,,,,,,,,1.47.0,1270,,
10018,玩家对象,4,31,4,1,%1对象,,-2,,1,47,1018|1|0,,,,,,,,,,,,,,,,,,,,,,,,307426,1,1.42.0,1271,,
10019,生物对象,4,31,4,1,%1对象,,-2,,1,47,1031|1|0,,,,,,,,,,,,,,,,,,,,,,,,307427,1,1.42.0,1272,,
10020,投掷物对象,4,31,4,1,%1对象,,-2,,1,47,1044|1|0,,,,,,,,,,,,,,,,,,,,,,,,307428,1,1.42.0,1273,,
10021,掉落物对象,4,31,4,1,%1对象,,-2,,1,47,1030|1|0,,,,,,,,,,,,,,,,,,,,,,,,307429,1,1.42.0,1274,,
60505001,玩家对象|组,4,31,4,1,%1对象|对象组,,-2,,1,311,3008|1|0,3|60009,,,,,,,,,,,,,,,,,,,,,,,307430,1,1.44.0,1275,,
60505002,生物对象|组,4,31,4,1,%1对象|对象组,,-2,,1,311,3013|1|0,,,,,,,,,,,,,,,,,,,,,,,,307431,1,1.44.0,1276,,
60505003,掉落物对象|组,4,31,4,1,%1对象|对象组,,-2,,1,311,3014|1|0,,,,,,,,,,,,,,,,,,,,,,,,307432,1,1.44.0,1277,,
60505004,投掷物对象|组,4,31,4,1,%1对象|对象组,,-2,,1,311,3015|1|0,,,,,,,,,,,,,,,,,,,,,,,,307433,1,1.44.0,1278,,
60505005,区域对象|组,4,31,4,1,%1对象|对象组,,-2,,1,311,3016|1|0,,,,,,,,,,,,,,,,,,,,,,,,307434,1,1.44.0,1279,,
60505006,实体对象|组,4,31,4,1,%1对象|对象组,,-2,,1,311,3017|1|0,,,,,,,,,,,,,,,,,,,,,,,,307435,1,1.44.0,1280,,
60505007,触发事件的对象,4,31,4,1,触发事件的对象,,-1,,1,47,,,,,,,,,,,,,,,,,,,,,,,,,307436,1,1.44.0,1281,,
60505008,事件中的目标对象,4,31,4,1,事件中的目标对象,,-1,,1,47,,,,,,,,,,,,,,,,,,,,,,,,,307437,1,1.44.0,1282,,
40024,对象碰撞盒的大小,4,31,4,1,%1的碰撞盒%2轴的大小,,-1,,1,6,1048|1|0,3|10019,1133|1|2,5|980001,,,,,,,,,,,,,,,,,,,2,95,307438,1,1.42.0,1283,,
60512002,区域中的所有对象,4,31,4,1,%1中的%2,,-1,,1,18,1001|1|0,,3089|0|2,5|3890001,,,,,,,,,,,,,,,,,,,,,307439,1,1.44.0,1284,,
60505020,事件中的星球,4,31,4,1,事件中的星球,,-1,,1,443,,,,,,,,,,,,,,,,,,,,,,,,,,,1.52.0,1285,,
60505021,获取指定对象所在星球,4,31,4,1,获取指定%1所在的星球,,-1,,1,443,1048|1|0,,,,,,,,,,,,,,,,,,,,,,,,,,1.52.0,1285,,
60505022,对象所在星球,4,31,4,1,对象所在星球,,"0,1,2,4,14,16",,1,443,,,,,,,,,,,,,,,,,,,,,,,,,,,1.52.0,1285,,
60505023,获取区域中带有标签的所有对象,4,31,4,1,%1带有%2%3标签的%4，是否精确匹配%5,,-1,,1,18,1001|1|0,,3147|0|2,5|4470001,3149|1|0,,3089|0|2,5|3890001,1014|1|0,5|320001,,,,,,,,,,,,,,,307512,,1.54.0,1413,,
60505024,获取对象的标签,4,31,4,1,获取%1%2的标签,,-1,,1,448,3150|1|2,5|4480001,1048|1|0,,,,,,,,,,,,,,,,,,,,,,307511,,,,,
60506001,此角色,4,32,4,1,此角色,,"1,2",,,362,,,,,,,,,,,,,,,,,,,,,,,,,307440,1,1.44.0,1286,,
60506015,获得效果的角色,4,32,4,1,获得效果的角色,,"1001,1002,",,,362,,,,,,,,,,,,,,,,,,,,,,,,,307441,1,1.44.0,1287,,
60506014,角色转换类型,4,32,4,1,%1转换为%2类型,,-1,,1,17,3062|1|0,,1106|1|2,5|730001,,,,,,,,,,,,,,,,,,,,,,,1.50.0,1288,,
60506009,角色的属性,4,32,4,1,%1的%2,,-1,,1,6,3062|1|0,,3104|1|2,5|4040001,,,,,,,,,,,,,,,,,,,,,307442,1,1.44.0,1289,,
60506010,角色面向的角度,4,32,4,1,%1的面向角度,,-1,,1,6,3062|1|0,,,,,,,,,,,,,,,,,,,,,,,,307443,1,1.44.0,1290,,
60506011,角色的权限,2,32,2,1,%1的%2权限,,-1,,1,13,3062|1|0,,3108|1|2,5|4080001,,,,,,,,,,,,,,,,,,,,,307444,1,1.44.0,1291,,
60406503,角色的队伍,4,32,4,1,%1的队伍,,-1,,1,207,3062|1|0,,,,,,,,,,,,,,,,,,,,,,,,307445,1,1.44.0,1292,,
60406504,队伍中的所有角色,4,32,4,1,%1中的%2,,-1,,1,18,1207|1|0,5|2070011,3094|1|2,5|3940001,,,,,,,,,,,,,,,,,,,,,307446,1,1.44.0,1293,,
60506012,角色当前移动方式,4,32,4,1,%1中的移动方式,,-1,,1,406,3062|1|0,,,,,,,,,,,,,,,,,,,,,,,,,,1.44.0,1294,,
60506013,角色举起的角色,4,32,4,1,%1 %2 的角色,,-1,,1,362,3062|1|0,,3118|1|2,5|4180001,,,,,,,,,,,,,,,,,,,,,,,1.46.0,1295,,
60506016,发射发射器的角色,4,32,4,1,发射发射器的角色,,-1,,1,362,,,,,,,,,,,,,,,,,,,,,,,2,,,1,1.42.0,1295,,
60506003,玩家角色|组,4,32,4,1,%1角色|角色组,,-2,,1,312,3008|1|0,3|60009,,,,,,,,,,,,,,,,,,,,,,,307447,1,1.44.0,1296,,
60506004,生物角色|组,4,32,4,1,%1角色|角色组,,-2,,1,312,3013|1|0,,,,,,,,,,,,,,,,,,,,,,,,307448,1,1.44.0,1297,,
60506005,玩家角色,4,32,4,1,%1角色,,-2,,1,362,1018|1|0,,,,,,,,,,,,,,,,,,,,,,,,307449,1,1.44.0,1298,,
60506006,生物角色,4,32,4,1,%1角色,,-2,,1,362,1031|1|0,,,,,,,,,,,,,,,,,,,,,,,,307450,1,1.44.0,1299,,
60503003,角色转换为玩家,4,32,4,1,%1转换为玩家,,-1,,1,17,3062|1|0,,,,,,,,,,,,,,,,,,,,,,,,307451,1,1.44.0,1300,,
60504002,角色转换为生物,4,32,4,1,%1转换为生物,,-1,,1,30,3062|1|0,,,,,,,,,,,,,,,,,,,,,,,,307452,1,1.44.0,1301,,
60506007,触发事件的角色,4,32,4,1,触发事件的角色,,-1,,1,362,,,,,,,,,,,,,,,,,,,,,,,,,307453,1,1.44.0,1302,,
60506008,事件中的目标角色,4,32,4,1,事件中的目标角色,,-1,,1,362,,,,,,,,,,,,,,,,,,,,,,,,,307454,1,1.44.0,1303,,
60525006,实体预制,4,33,4,1,%1预制,,-2,,1,383,3091|1|0,,,,,,,,,,,,,,,,,,,,,,,,307455,1,1.44.0,1304,,
60526001,触发事件的实体,4,33,4,1,触发事件的实体,,-1,,1,319,,,,,,,,,,,,,,,,,,,,,,,,,307456,1,1.44.0,1305,,
60526002,事件中的目标实体,4,33,4,1,事件中的目标实体,,-1,,1,319,,,,,,,,,,,,,,,,,,,,,,,,,307457,1,1.44.0,1306,,
60526003,实体类型的外观,4,33,4,1,%1的外观,,-1,,1,59,3091|1|0,,,,,,,,,,,,,,,,,,,,,,,,,,1.42.0,1307,,
60525004,投掷物预制,4,34,4,1,%1预制,,-2,,1,383,1029|1|0,,,,,,,,,,,,,,,,,,,,,,,,307458,1,1.44.0,1308,,
60525003,掉落物预制,4,35,4,1,%1预制,,-2,,1,383,3085|1|0,,,,,,,,,,,,,,,,,,,,,,,,307459,1,1.44.0,1309,,
50099,真正的私有变量模板,6,7,11,0,真正的私有变量模板,,-1,,0,41,,,,,,,,,,,,,,,,,,,,,,,,,307468,1,1.42.0,1310,,
50021,玩家的私有变量（数值）,6,101,11,0,%1的%2（数值）,,-1,,0,6,1018|1|0,3|60009,1042|1|0,,,,,,,,,,,,,,,,,,,,,,307477,1,1.42.0,1311,,
50041,玩家的私有变量（数值组）,6,101,11,0,%1的%2（数值组）,,-1,,0,63,1018|1|0,3|60009,1042|1|0,,,,,,,,,,,,,,,,,,,,,,307478,1,1.42.0,1312,,
50022,玩家的私有变量（字符串）,6,102,11,0,%1的%2（字符串）,,-1,,0,11,1018|1|0,3|60009,1042|1|0,,,,,,,,,,,,,,,,,,,,,,307479,1,1.42.0,1313,,
50042,玩家的私有变量（字符串组）,6,102,11,0,%1的%2（字符串组）,,-1,,0,64,1018|1|0,3|60009,1042|1|0,,,,,,,,,,,,,,,,,,,,,,307480,1,1.42.0,1314,,
50024,玩家的私有变量（玩家）,6,103,11,0,%1的%2（玩家）,,-1,,0,17,1018|1|0,3|60009,1042|1|0,,,,,,,,,,,,,,,,,,,,,,307460,1,1.42.0,1315,,
50025,玩家的私有变量（玩家组）,6,103,11,0,%1的%2（玩家组）,,-1,,0,18,1018|1|0,3|60009,1042|1|0,,,,,,,,,,,,,,,,,,,,,,307461,1,1.42.0,1316,,
50028,玩家的私有变量（生物）,6,104,11,0,%1的%2（生物）,,-1,,0,30,1018|1|0,3|60009,1042|1|0,,,,,,,,,,,,,,,,,,,,,,307462,1,1.42.0,1317,,
50030,玩家的私有变量（生物组）,6,104,11,0,%1的%2（生物组）,,-1,,0,32,1018|1|0,3|60009,1042|1|0,,,,,,,,,,,,,,,,,,,,,,307463,1,1.42.0,1318,,
50066,玩家的私有变量（对象）,6,105,11,0,%1的%2（对象）,,-1,,0,47,1018|1|0,3|60009,1042|1|0,,,,,,,,,,,,,,,,,,,,,,,,1.50.0,1319,,
50077,玩家的私有变量（对象组）,6,105,11,0,%1的%2（对象组）,,-1,,0,201,1018|1|0,3|60009,1042|1|0,,,,,,,,,,,,,,,,,,,,,,,,1.50.0,1320,,
50067,玩家的私有变量（角色）,6,106,11,0,%1的%2（角色）,,-1,,0,362,1018|1|0,3|60009,1042|1|0,,,,,,,,,,,,,,,,,,,,,,,,1.50.0,1321,,
50078,玩家的私有变量（角色组）,6,106,11,0,%1的%2（角色组）,,-1,,0,395,1018|1|0,3|60009,1042|1|0,,,,,,,,,,,,,,,,,,,,,,,,1.50.0,1322,,
50023,玩家的私有变量（布尔值）,6,107,11,0,%1的%2（布尔值）,,-1,,0,13,1018|1|0,3|60009,1042|1|0,,,,,,,,,,,,,,,,,,,,,,307481,1,1.42.0,1323,,
50043,玩家的私有变量（布尔值组）,6,107,11,0,%1的%2（布尔值组）,,-1,,0,65,1018|1|0,3|60009,1042|1|0,,,,,,,,,,,,,,,,,,,,,,307482,1,1.42.0,1324,,
50020,玩家的私有变量（位置）,6,108,11,0,%1的%2（位置）,,-1,,0,3,1018|1|0,3|60009,1042|1|0,,,,,,,,,,,,,,,,,,,,,,307475,1,1.42.0,1325,,
50039,玩家的私有变量（位置组）,6,108,11,0,%1的%2（位置组）,,-1,,0,61,1018|1|0,3|60009,1042|1|0,,,,,,,,,,,,,,,,,,,,,,307476,1,1.42.0,1326,,
50019,玩家的私有变量（区域）,6,109,11,0,%1的%2（区域）,,-1,,0,2,1018|1|0,3|60009,1042|1|0,,,,,,,,,,,,,,,,,,,,,,307473,1,1.42.0,1327,,
50040,玩家的私有变量（区域组）,6,109,11,0,%1的%2（区域组）,,-1,,0,62,1018|1|0,3|60009,1042|1|0,,,,,,,,,,,,,,,,,,,,,,307474,1,1.42.0,1328,,
50071,玩家的私有变量（实体）,6,110,11,0,%1的%2（实体）,,-1,,0,319,1018|1|0,3|60009,1042|1|0,,,,,,,,,,,,,,,,,,,,,,,,1.50.0,1329,,
50082,玩家的私有变量（实体组）,6,110,11,0,%1的%2（实体组）,,-1,,0,320,1018|1|0,3|60009,1042|1|0,,,,,,,,,,,,,,,,,,,,,,,,1.50.0,1330,,
50062,玩家的私有变量（投掷物）,6,111,11,0,%1的%2（投掷物）,,-1,,0,43,1018|1|0,3|60009,1042|1|0,,,,,,,,,,,,,,,,,,,,,,,,1.50.0,1331,,
50073,玩家的私有变量（投掷物组）,6,111,11,0,%1的%2（投掷物组）,,-1,,0,360,1018|1|0,3|60009,1042|1|0,,,,,,,,,,,,,,,,,,,,,,,,1.50.0,1332,,
50063,玩家的私有变量（掉落物）,6,112,11,0,%1的%2（掉落物）,,-1,,0,29,1018|1|0,3|60009,1042|1|0,,,,,,,,,,,,,,,,,,,,,,,,1.50.0,1333,,
50074,玩家的私有变量（掉落物组）,6,112,11,0,%1的%2（掉落物组）,,-1,,0,361,1018|1|0,3|60009,1042|1|0,,,,,,,,,,,,,,,,,,,,,,,,1.50.0,1334,,
50026,玩家的私有变量（方块类型）,6,113,11,0,%1的%2（方块类型）,,-1,,0,24,1018|1|0,3|60009,1042|1|0,,,,,,,,,,,,,,,,,,,,,,307464,1,1.42.0,1335,,
50044,玩家的私有变量（方块类型组）,6,113,11,0,%1的%2（方块类型组）,,-1,,0,66,1018|1|0,3|60009,1042|1|0,,,,,,,,,,,,,,,,,,,,,,307465,1,1.42.0,1336,,
50027,玩家的私有变量（道具类型）,6,114,11,0,%1的%2（道具类型）,,-1,,0,27,1018|1|0,3|60009,1042|1|0,,,,,,,,,,,,,,,,,,,,,,307466,1,1.42.0,1337,,
50045,玩家的私有变量（道具类型组）,6,114,11,0,%1的%2（道具类型组）,,-1,,0,67,1018|1|0,3|60009,1042|1|0,,,,,,,,,,,,,,,,,,,,,,307467,1,1.42.0,1338,,
50029,玩家的私有变量（生物类型）,6,115,11,0,%1的%2（生物类型）,,-1,,0,31,1018|1|0,3|60009,1042|1|0,,,,,,,,,,,,,,,,,,,,,,307483,1,1.42.0,1339,,
50046,玩家的私有变量（生物类型组）,6,115,11,0,%1的%2（生物类型组）,,-1,,0,68,1018|1|0,3|60009,1042|1|0,,,,,,,,,,,,,,,,,,,,,,307484,1,1.42.0,1340,,
50072,玩家的私有变量（实体类型）,6,116,11,0,%1的%2（实体类型）,,-1,,0,391,1018|1|0,3|60009,1042|1|0,,,,,,,,,,,,,,,,,,,,,,,,1.50.0,1341,,
50083,玩家的私有变量（实体类型组）,6,116,11,0,%1的%2（实体类型组）,,-1,,0,439,1018|1|0,3|60009,1042|1|0,,,,,,,,,,,,,,,,,,,,,,,,1.50.0,1342,,
50032,玩家的私有变量（特效类型）,6,117,11,0,%1的%2（特效类型）,,-1,,0,44,1018|1|0,3|60009,1042|1|0,,,,,,,,,,,,,,,,,,,,,,307471,1,1.42.0,1343,,
50048,玩家的私有变量（特效类型组）,6,117,11,0,%1的%2（特效类型组）,,-1,,0,70,1018|1|0,3|60009,1042|1|0,,,,,,,,,,,,,,,,,,,,,,307472,1,1.42.0,1344,,
50065,玩家的私有变量（图片）,6,118,11,0,%1的%2（图片）,,-1,,0,75,1018|1|0,3|60009,1042|1|0,,,,,,,,,,,,,,,,,,,,,,,,1.50.0,1345,,
50076,玩家的私有变量（图片组）,6,118,11,0,%1的%2（图片组）,,-1,,0,437,1018|1|0,3|60009,1042|1|0,,,,,,,,,,,,,,,,,,,,,,,,1.50.0,1346,,
50068,玩家的私有变量（状态）,6,119,11,0,%1的%2（状态）,,-1,,0,36,1018|1|0,3|60009,1042|1|0,,,,,,,,,,,,,,,,,,,,,,,,1.50.0,1347,,
50079,玩家的私有变量（状态组）,6,119,11,0,%1的%2（状态组）,,-1,,0,359,1018|1|0,3|60009,1042|1|0,,,,,,,,,,,,,,,,,,,,,,,,1.50.0,1348,,
50031,玩家的私有变量（计时器）,6,120,11,0,%1的%2（计时器）,,-1,,0,39,1018|1|0,3|60009,1042|1|0,,,,,,,,,,,,,,,,,,,,,,307469,1,1.42.0,1349,,
50047,玩家的私有变量（计时器组）,6,120,11,0,%1的%2（计时器组）,,-1,,0,69,1018|1|0,3|60009,1042|1|0,,,,,,,,,,,,,,,,,,,,,,307470,1,1.42.0,1350,,
50069,玩家的私有变量（音效）,6,121,11,0,%1的%2（音效）,,-1,,0,45,1018|1|0,3|60009,1042|1|0,,,,,,,,,,,,,,,,,,,,,,,,1.50.0,1351,,
50080,玩家的私有变量（音效组）,6,121,11,0,%1的%2（音效组）,,-1,,0,378,1018|1|0,3|60009,1042|1|0,,,,,,,,,,,,,,,,,,,,,,,,1.50.0,1352,,
50070,玩家的私有变量（外观类型）,6,122,11,0,%1的%2（外观类型）,,-1,,0,59,1018|1|0,3|60009,1042|1|0,,,,,,,,,,,,,,,,,,,,,,,,1.50.0,1353,,
50081,玩家的私有变量（外观类型组）,6,122,11,0,%1的%2（外观类型组）,,-1,,0,438,1018|1|0,3|60009,1042|1|0,,,,,,,,,,,,,,,,,,,,,,,,1.50.0,1354,,
50064,玩家的私有变量（元件）,6,123,11,0,%1的%2（元件）,,-1,,0,74,1018|1|0,3|60009,1042|1|0,,,,,,,,,,,,,,,,,,,,,,,,1.50.0,1355,,
50075,玩家的私有变量（元件组）,6,123,11,0,%1的%2（元件组）,,-1,,0,436,1018|1|0,3|60009,1042|1|0,,,,,,,,,,,,,,,,,,,,,,,,1.50.0,1356,,
50061,玩家的私有变量（KV表）,6,125,11,0,%1的%2（KV表）,,-1,,0,84,1018|1|0,3|60009,1042|1|0,,,,,,,,,,,,,,,,,,,,,,,,1.50.0,1357,,
50059,玩家的私有变量（二维表）,6,126,11,0,%1的%2（二维表）,,-1,,0,305,1018|1|0,3|60009,1042|1|0,,,,,,,,,,,,,,,,,,,,,,,,1.42.0,1358,,
50060,玩家的私有变量（蓝图）,6,127,11,0,%1的%2（蓝图）,,-1,,0,106,1018|1|0,3|60009,1042|1|0,,,,,,,,,,,,,,,,,,,,,,,,1.42.0,1359,,
3150001,执行脚本,3,17,13,1,执行脚本%1,13,暂时不要,,,,1050|1|0,,,,,,,,,,,,,,,,,,,,,,0,,,,1.42.0,1360,,
3150002,技能调用(内部),3,32,3,1,使%1调用技能%2，成长效果%3,32,-1,,,,3062|1|0,,1010|1|0,,1010|1|0,,,,,,,,,,,,,,,,,,2,,,,1.54.0,1361,,
60614001,属性变量模板（数值）,6,23,12,0,属性变量模板（数值）,,-1,,0,6,,,,,,,,,,,,,,,,,,,,,,,,,307503,1,1.44.0,1361,,
50121,变量模板（数值）,6,101,12,0,变量模板（数值）,,-1,,0,6,,,,,,,,,,,,,,,,,,,,,,,,,307501,1,1.42.0,1362,,
50141,变量模板（数值组）,6,101,12,0,变量模板（数值组）,,-1,,0,63,,,,,,,,,,,,,,,,,,,,,,,,,307502,1,1.42.0,1363,,
50122,变量模板（字符串）,6,102,12,0,变量模板（字符串）,,-1,,0,11,,,,,,,,,,,,,,,,,,,,,,,,,307504,1,1.42.0,1364,,
50142,变量模板（字符串组）,6,102,12,0,变量模板（字符串组）,,-1,,0,64,,,,,,,,,,,,,,,,,,,,,,,,,307505,1,1.42.0,1365,,
50124,变量模板（玩家）,6,103,12,0,变量模板（玩家）,,-1,,0,17,,,,,,,,,,,,,,,,,,,,,,,,,307485,1,1.42.0,1366,,
50125,变量模板（玩家组）,6,103,12,0,变量模板（玩家组）,,-1,,0,18,,,,,,,,,,,,,,,,,,,,,,,,,307486,1,1.42.0,1367,,
50128,变量模板（生物）,6,104,12,0,变量模板（生物）,,-1,,0,30,,,,,,,,,,,,,,,,,,,,,,,,,307487,1,1.42.0,1368,,
50130,变量模板（生物组）,6,104,12,0,变量模板（生物组）,,-1,,0,32,,,,,,,,,,,,,,,,,,,,,,,,,307488,1,1.42.0,1369,,
50156,变量模板（对象),6,105,12,0,变量模板（对象),,-1,,0,47,,,,,,,,,,,,,,,,,,,,,,,,,,,1.50.0,1370,,
50167,变量模板（对象组),6,105,12,0,变量模板（对象组),,-1,,0,201,,,,,,,,,,,,,,,,,,,,,,,,,,,1.50.0,1371,,
50157,变量模板（角色),6,106,12,0,变量模板（角色),,-1,,0,362,,,,,,,,,,,,,,,,,,,,,,,,,,,1.50.0,1372,,
50168,变量模板（角色组),6,106,12,0,变量模板（角色组),,-1,,0,395,,,,,,,,,,,,,,,,,,,,,,,,,,,1.50.0,1373,,
50123,变量模板（布尔值）,6,107,12,0,变量模板（布尔值）,,-1,,0,13,,,,,,,,,,,,,,,,,,,,,,,,,307506,1,1.42.0,1374,,
50143,变量模板（布尔值组）,6,107,12,0,变量模板（布尔值组）,,-1,,0,65,,,,,,,,,,,,,,,,,,,,,,,,,307507,1,1.42.0,1375,,
50120,变量模板（位置）,6,108,12,0,变量模板（位置）,,-1,,0,3,,,,,,,,,,,,,,,,,,,,,,,,,307499,1,1.42.0,1376,,
50139,变量模板（位置组）,6,108,12,0,变量模板（位置组）,,-1,,0,61,,,,,,,,,,,,,,,,,,,,,,,,,307500,1,1.42.0,1377,,
50119,变量模板（区域）,6,109,12,0,变量模板（区域）,,-1,,0,2,,,,,,,,,,,,,,,,,,,,,,,,,307497,1,1.42.0,1378,,
50140,变量模板（区域组）,6,109,12,0,变量模板（区域组）,,-1,,0,62,,,,,,,,,,,,,,,,,,,,,,,,,307498,1,1.42.0,1379,,
50161,变量模板（实体),6,110,12,0,变量模板（实体),,-1,,0,319,,,,,,,,,,,,,,,,,,,,,,,,,,,1.50.0,1380,,
50172,变量模板（实体组),6,110,12,0,变量模板（实体组),,-1,,0,320,,,,,,,,,,,,,,,,,,,,,,,,,,,1.50.0,1381,,
50152,变量模板（投掷物),6,111,12,0,变量模板（投掷物),,-1,,0,43,,,,,,,,,,,,,,,,,,,,,,,,,,,1.50.0,1382,,
50163,变量模板（投掷物组),6,111,12,0,变量模板（投掷物组),,-1,,0,360,,,,,,,,,,,,,,,,,,,,,,,,,,,1.50.0,1383,,
50153,变量模板（掉落物),6,112,12,0,变量模板（掉落物),,-1,,0,29,,,,,,,,,,,,,,,,,,,,,,,,,,,1.50.0,1384,,
50164,变量模板（掉落物组),6,112,12,0,变量模板（掉落物组),,-1,,0,361,,,,,,,,,,,,,,,,,,,,,,,,,,,1.50.0,1385,,
50126,变量模板（方块类型）,6,113,12,0,变量模板（方块类型）,,-1,,0,24,,,,,,,,,,,,,,,,,,,,,,,,,307489,1,1.42.0,1386,,
50144,变量模板（方块类型组）,6,113,12,0,变量模板（方块类型组）,,-1,,0,66,,,,,,,,,,,,,,,,,,,,,,,,,307490,1,1.42.0,1387,,
50127,变量模板（道具类型）,6,114,12,0,变量模板（道具类型）,,-1,,0,27,,,,,,,,,,,,,,,,,,,,,,,,,307491,1,1.42.0,1388,,
50145,变量模板（道具类型组）,6,114,12,0,变量模板（道具类型组）,,-1,,0,67,,,,,,,,,,,,,,,,,,,,,,,,,307492,1,1.42.0,1389,,
50129,变量模板（生物类型）,6,115,12,0,变量模板（生物类型）,,-1,,0,31,,,,,,,,,,,,,,,,,,,,,,,,,307508,1,1.42.0,1390,,
50146,变量模板（生物类型组）,6,115,12,0,变量模板（生物类型组）,,-1,,0,68,,,,,,,,,,,,,,,,,,,,,,,,,307509,1,1.42.0,1391,,
50162,变量模板（实体类型),6,116,12,0,变量模板（实体类型),,-1,,0,391,,,,,,,,,,,,,,,,,,,,,,,,,,,1.50.0,1392,,
50173,变量模板（实体类型组),6,116,12,0,变量模板（实体类型组),,-1,,0,439,,,,,,,,,,,,,,,,,,,,,,,,,,,1.50.0,1393,,
50132,变量模板（特效类型）,6,117,12,0,变量模板（特效类型）,,-1,,0,44,,,,,,,,,,,,,,,,,,,,,,,,,307495,1,1.42.0,1394,,
50148,变量模板（特效类型组）,6,117,12,0,变量模板（特效类型组）,,-1,,0,70,,,,,,,,,,,,,,,,,,,,,,,,,307496,1,1.42.0,1395,,
50155,变量模板（图片),6,118,12,0,变量模板（图片),,-1,,0,75,,,,,,,,,,,,,,,,,,,,,,,,,,,1.50.0,1396,,
50166,变量模板（图片组),6,118,12,0,变量模板（图片组),,-1,,0,437,,,,,,,,,,,,,,,,,,,,,,,,,,,1.50.0,1397,,
50158,变量模板（状态),6,119,12,0,变量模板（状态),,-1,,0,36,,,,,,,,,,,,,,,,,,,,,,,,,,,1.50.0,1398,,
50169,变量模板（状态组),6,119,12,0,变量模板（状态组),,-1,,0,359,,,,,,,,,,,,,,,,,,,,,,,,,,,1.50.0,1399,,
50131,变量模板（计时器）,6,120,12,0,变量模板（计时器）,,-1,,0,39,,,,,,,,,,,,,,,,,,,,,,,,,307493,1,1.42.0,1400,,
50147,变量模板（计时器组）,6,120,12,0,变量模板（计时器组）,,-1,,0,69,,,,,,,,,,,,,,,,,,,,,,,,,307494,1,1.42.0,1401,,
50159,变量模板（音效),6,121,12,0,变量模板（音效),,-1,,0,45,,,,,,,,,,,,,,,,,,,,,,,,,,,1.50.0,1402,,
50170,变量模板（音效组),6,121,12,0,变量模板（音效组),,-1,,0,378,,,,,,,,,,,,,,,,,,,,,,,,,,,1.50.0,1403,,
50160,变量模板（外观),6,122,12,0,变量模板（外观),,-1,,0,59,,,,,,,,,,,,,,,,,,,,,,,,,,,1.50.0,1404,,
50171,变量模板（外观组),6,122,12,0,变量模板（外观组),,-1,,0,438,,,,,,,,,,,,,,,,,,,,,,,,,,,1.50.0,1405,,
50154,变量模板（元件),6,123,12,0,变量模板（元件),,-1,,0,74,,,,,,,,,,,,,,,,,,,,,,,,,,,1.50.0,1406,,
50165,变量模板（元件组),6,123,12,0,变量模板（元件组),,-1,,0,436,,,,,,,,,,,,,,,,,,,,,,,,,,,1.50.0,1407,,
50149,变量模板（排行榜）,6,124,12,0,变量模板（排行榜）,,-1,,0,83,,,,,,,,,,,,,,,,,,,,,,,,,,,1.42.0,1408,,
50150,变量模板（KV表）,6,125,12,0,变量模板（KV表）,,-1,,0,84,,,,,,,,,,,,,,,,,,,,,,,,,,,1.42.0,1409,,
50151,变量模板（二维表）,6,126,12,0,变量模板（二维表）,,-1,,0,305,,,,,,,,,,,,,,,,,,,,,,,,,,,1.42.0,1410,,
1115001,当剧情动画开始|停止播放,1,2,1,0,当 剧情动画 %1,7,-1,60009|485001,,,3024|1|2,5|3240001,,,,,,,,,,,,,,,,,,,,,,,,,1.50.0,1414,,
3115002,对玩家|玩家组播放剧情动画,3,2,3,1,使%1播放%2,,-1,,,,3008|1|0,3|60009,1158|1|0,2|,,,,,,,,,,,,,,,,,,,0,,,,1.50.0,1417,,
3115003,暂停|恢复玩家|玩家组剧情动画,3,2,3,1,使%1%2%3,,-1,,,,3008|1|0,3|60009,1159|1|2,5|4580001,1158|1|0,2|,,,,,,,,,,,,,,,,,,,0,,,,1.50.0,1418
3115004,跳过玩家|玩家组剧情动画,3,2,3,1,跳过%1的剧情动画,,-1,,,,3008|1|0,3|60009,,,,,,,,,,,,,,,,,,,,,,,0,,,,1.50.0,1419
485001,事件中的剧情动画名称,4,2,4,1,事件中的剧情动画名称,,-1,,1,11,,,,,,,,,,,,,,,,,,,,,,,,,,,,,1.50.0,1420
