ID[整型],名称[string],界面大类[整型](1事件 2条件 3动作 4取值 5流程控制 6变量 7自定义),界面子类[整型]【1通用，2游戏，3玩家，4生物，5方块，6道具，7变量，8控制，9自定义，10数学，11组，12计时器，13界面，14特效，15音频，16图文信息，17开发者，18赋值，19数据存储，21区域，22位置，23数值，24字符串，25布尔值，26生物类型，27排行榜，28一维表，29世界，30二维表，36蓝图】,形状类型[数值](1事件 2条件 3动作 4取值 5重复执行 6次数重复执行 7重复执行直到 8退出循环 9如果那么 如果那么否则 10保持等待直到),简略显示[数值]【在库里是否缩略显示，1=是，0=否】,描述[string],图标[string],使用场景过滤[string],传参[string],左右值标记[整型],返回值[整型],参数1类型[string],参数1默认值[string],参数2类型,参数2默认值,参数3类型,参数3默认值,参数4类型,参数4默认值,参数5类型,参数5默认值,参数6类型,参数6默认值,参数7类型,参数7默认值,参数8类型,参数8默认值,参数9类型,参数9默认值,参数10类型,参数10默认值,参数11类型,参数11默认值,显示控制（0=默认全部可见 1=仅开发者可见 2=仅999渠道可见 3=4位数迷你号可见  4 = 仅国内可见  5 = 仅海外可见 6 = 仅国内开发者可见 7 = 仅海外开发者可见）,积木间距值（间距值默认为60，超过60会开始变高）,说明,是否显示详细说明（0和空不显示，1显示）,
ID,Name,Type,Sort,BlockType,SimpleDisplay,Desc,Icon,SceneFilter,TranParam,LeftRightSign,ReturnValue,ParamType1,ParamDefault1,ParamType2,ParamDefault2,ParamType3,ParamDefault3,ParamType4,ParamDefault4,ParamType5,ParamDefault5,ParamType6,ParamDefault6,ParamType7,ParamDefault7,ParamType8,ParamDefault8,ParamType9,ParamDefault9,ParamType10,ParamDefault10,ParamType11,ParamDefault11,Display,HeightPx,Notes,NotesDetailSwitch,真排序
1020001,游戏创建,1,2,1,0,当游戏创建,18,"1,0,0,1,1,0",,,,,,,,,,,,,,,,,,,,,,,,,,0,,306001,1,1
1020002,游戏时间,1,2,1,0,当 游戏时间 为%1点,12,"1,0,0,1,1,0",,,,1005|1|0,1|5,,,,,,,,,,,,,,,,,,,,,0,,306008,1,2
1010001,天气改变,1,2,1,0,当 天气 改变,18,"1,0,0,1,1,0",,,,,,,,,,,,,,,,,,,,,,,,,,0,,306020,1,3
1010002,当地形组的天气改变,1,2,1,1,当指定%1的天气改变时,18,"1,0,0,1,1,0",,,,1137|1|2,5|990001,,,,,,,,,,,,,,,,,,,,,0,100,306127,,4
1020012,云服房间收到任意信息时,1,2,1,0,当 云服房间 收到任意信息时,15,"1,0,0,1,1,0",40015,,,,0|40015,,,,,,,,,,,,,,,,,,,,,2,,,,5
1020013,接收广播,1,2,1,0,当 收到 广播%1,5,"1,99,0,1,1,0",,,,1090|1|0,,,,,,,,,,,,,,,,,,,,,,,,306017,1,6
1020016,当云服房间收到服务器广播消息,1,2,1,0,当 云服房间 收到服务器广播%1,5,"1,0,0,1,1,0",,,,1090|1|0,,,,,,,,,,,,,,,,,,,,,,0,,306294,,7
1020014,条件成立,1,2,1,0,当%1成立,18,"0,0,0,0,0,0",,,,1087|1|0,,,,,,,,,,,,,,,,,,,,,,2,100,,,8
1020003,游戏运行时长,1,2,1,0,当游戏运行%1秒后,12,"1,0,0,1,1,0",,,,1005|1|0,1|5,,,,,,,,,,,,,,,,,,,,,0,,306019,1,9
1020011,每当游戏运行时长（循环）,1,2,1,0,游戏每运行%1秒都,12,"1,0,0,1,1,0",,,,1005|1|0,1|2,,,,,,,,,,,,,,,,,,,,,,,306018,1,10
1020009,任意计时器变化,1,2,1,0,当 任意计时器 发生变化,12,"1,0,0,1,1,0",,,,,,,,,,,,,,,,,,,,,,,,,,0,,306170,,11
1020010,指定计时器变化,1,2,1,0,当%1发生变化,12,"1,0,0,1,1,0",,,,1040|1|0,,,,,,,,,,,,,,,,,,,,,,0,100,306171,,12
1080003,此状态被玩家获得,1,2,1,0,当 玩家 获得此类状态 ,21,"0,7,0,1,0,0",40003|40006|60009,,,,,,,,,,,,,,,,,,,,,,,,,,,,,13
1080004,此状态从玩家身上移除,1,2,1,0,当 玩家 失去此类状态,21,"0,7,0,1,0,0",40003|40006|60009,,,,,,,,,,,,,,,,,,,,,,,,,,,,,14
1080001,此状态被生物获得,1,2,1,0,当 生物 获得此类状态,21,"0,7,0,1,0,0",40003|40006|80006|80008,,,,,,,,,,,,,,,,,,,,,,,,,,,,,15
1080002,此状态从生物身上移除,1,2,1,0,当 生物 失去此类状态 ,21,"0,7,0,1,0,0",40003|40006|80006|80008,,,,,,,,,,,,,,,,,,,,,,,,,,,,,16
1070001,位置上特效被创建,1,2,1,0,当 特效 创建在位置,13,"1,0,0,1,1,0",40003|40007,,,,,,,,,,,,,,,,,,,,,,,,,0,,306184,,17
1070002,玩家身上特效被创建,1,2,1,0,当 特效 创建在玩家,13,"1,0,0,1,1,0",60009|40003|40007,,,,,,,,,,,,,,,,,,,,,,,,,0,,306185,,18
1070003,生物身上特效被创建,1,2,1,0,当 特效 创建在生物,13,"1,0,0,1,1,0",80006|40003|40007,,,,,,,,,,,,,,,,,,,,,,,,,0,,306186,,19
1070004,投掷物特效被创建,1,2,1,0,当 特效 创建在投掷物,13,"1,0,0,1,1,0",90015|40003|40007,,,,,,,,,,,,,,,,,,,,,,,,,0,100,306187,,20
1070005,当特效在掉落物上创建,1,2,1,0,当 特效 创建在掉落物,13,"1,0,0,1,1,0",90016|40003|40007,,,,,,,,,,,,,,,,,,,,,,,,,0,100,306188,,21
1090001,此配方合成完毕,1,2,1,0,当 此类配方 合成完毕,9,"0,4,0,1,0,0",60009|80006|90014|90017,,,,,,,,,,,,,,,,,,,,,,,,,,,,,22
1090002,配方合成完毕,1,2,1,0,当 配方 合成完毕,9,"1,0,0,1,1,0",60009|80006|80008|90014|90017,,,,,,,,,,,,,,,,,,,,,,,,,,100,306347,,23
1100001,熔炼开始,1,2,1,0,当 熔炼 开始,9,"1,0,0,1,1,0",40003,,,,,,,,,,,,,,,,,,,,,,,,,,,306348,,24
1100002,熔炼完成,1,2,1,0,当 熔炼 完成,9,"1,0,0,1,1,0",40003,,,,,,,,,,,,,,,,,,,,,,,,,,100,306349,,25
1100003,此熔炼开始,1,2,1,0,当 此类熔炼 开始,9,"0,5,0,1,0,0",40003,,,,,,,,,,,,,,,,,,,,,,,,,,,,,26
1100004,此熔炼完成,1,2,1,0,当 此类熔炼 完成,9,"0,5,0,1,0,0",40003,,,,,,,,,,,,,,,,,,,,,,,,,,,,,27
1110001,剧情开始,1,2,1,0,当 剧情 开始,7,"1,0,0,1,1,0",60009|80007|80009,,,,,,,,,,,,,,,,,,,,,,,,,,,306350,,28
1110002,剧情结束,1,2,1,0,当 剧情 结束,7,"1,0,0,1,1,0",60009|80007|80009,,,,,,,,,,,,,,,,,,,,,,,,,,,306351,,29
1110003,此剧情开始,1,2,1,0,当 此段剧情 开始,7,"0,6,0,1,0,0",60009|80007|80009,,,,,,,,,,,,,,,,,,,,,,,,,,,,,30
1110004,此剧情结束,1,2,1,0,当 此段剧情 结束,7,"0,6,0,1,0,0",60009|80007|80009,,,,,,,,,,,,,,,,,,,,,,,,,,,,,31
1020007,玩家进入游戏,1,3,1,0,当 玩家 进入游戏,18,"1,0,0,1,1,0",60009|40003,,,,0|60009,,,,,,,,,,,,,,,,,,,,,0,,306002,1,32
1020008,玩家离开游戏,1,3,1,0,当 玩家 离开游戏,18,"1,0,0,1,1,0",60009|40003,,,,0|60009,,,,,,,,,,,,,,,,,,,,,0,,306128,,33
1020004,玩家胜利,1,3,1,0,当 玩家 胜利,18,"1,0,0,1,1,0",60009|40003,,,,0|60009,,,,,,,,,,,,,,,,,,,,,0,,306129,,34
1020005,玩家失败,1,3,1,0,当 玩家 失败,18,"1,0,0,1,1,0",60009|40003,,,,0|60009,,,,,,,,,,,,,,,,,,,,,0,,306130,,35
1030002,玩家复活,1,3,1,0,当 玩家 复活,14,"1,0,0,1,1,0",60009|40003,,,,0|60009,,,,,,,,,,,,,,,,,,,,,0,100,306131,,36
1030005,玩家进行攻击,1,3,1,0,当 玩家 开始攻击,20,"1,0,0,1,1,0",60009|40003,,,,0|60009,,,,,,,,,,,,,,,,,,,,,0,,306011,1,37
1030006,玩家攻击命中,1,3,1,0,当 玩家 攻击命中,20,"1,0,0,1,1,0",60009|40003|60010|80007|80009,,,,0|60009,,,,,,,,,,,,,,,,,,,,,0,,306012,1,38
1030007,玩家造成伤害,1,3,1,0,当 玩家 造成伤害,20,"1,0,0,1,1,0",60009|40003|60010|80007|80009|40023,,,,0|60009,,,,,,,,,,,,,,,,,,,,,0,,306230,,39
1030004,玩家击败目标,1,3,1,0,当 玩家 击败目标,20,"1,0,0,1,1,0",60009|40003|60010|80007|80009,,,,0|60009,,,,,,,,,,,,,,,,,,,,,0,100,当玩家打败其他玩家、生物时。被打败的玩家、生物为事件中的目标玩家、生物,,40
1030008,玩家受到伤害,1,3,1,0,当 玩家 受伤,20,"1,0,0,1,1,0",60009|40003|40023,,,,0|60009,,,,,,,,,,,,,,,,,,,,,0,,306013,1,41
1030001,玩家被击败,1,3,1,0,当 玩家 被击败,20,"1,0,0,1,1,0",60009|40003,,,,0|60009,,,,,,,,,,,,,,,,,,,,,0,100,306132,,42
1030012,玩家获得道具,1,3,1,0,当 玩家 获得道具,3,"1,0,0,1,1,0",60009|40003|90014|90017,,,,0|60009,,,,,,,,,,,,,,,,,,,,,0,,306014,1,43
1030011,玩家使用道具,1,3,1,0,当 玩家 使用道具,3,"1,0,0,1,1,0",60009|40003|90014,,,,0|60009,,,,,,,,,,,,,,,,,,,,,0,,306015,1,44
1030013,玩家消耗道具,1,3,1,0,当 玩家 消耗道具,3,"1,0,0,1,1,0",60009|40003|90014,,,,0|60009,,,,,,,,,,,,,,,,,,,,,0,,306133,,45
1030020,玩家拾取道具,1,3,1,0,当 玩家 拾取掉落物,3,"1,0,0,1,1,0",60009|40003|90014|90016|90017,,,,0|60009,,,,,,,,,,,,,,,,,,,,,0,,306352,,46
1030027,玩家丢弃道具,1,3,1,0,当 玩家 丢弃道具,3,"1,0,0,1,1,0",60009|40003|90014|90016|90017,,,,0|60009,,,,,,,,,,,,,,,,,,,,,0,100,306353,,47
1030014,玩家点击生物或玩家,1,3,1,0,当 玩家 点击生物或玩家,3,"1,0,0,1,1,0",60009|40003|80007|80009|60010,,,,0|60009,,,,,,,,,,,,,,,,,,,,,0,,306354,,48
1030015,玩家点击方块,1,3,1,0,当 玩家 点击方块,3,"1,0,0,1,1,0",60009|40003|40009,,,,0|60009,,,,,,,,,,,,,,,,,,,,,0,100,306003,1,49
1030003,玩家属性改变,1,3,1,0,当 玩家 的%1属性变化,14,"1,0,0,1,1,0",60009|40003,,,1020|1|2,5|140001,,,,,,,,,,,,,,,,,,,,,0,,当玩家某个属性，如血量变化时,,50
1030038,玩家等级发生改变,1,3,1,0,当 玩家 等级发生变化,14,"1,0,0,1,1,0",60009|40003,,,,0|60009,,,,,,,,,,,,,,,,,,,,,,,306355,,51
1030035,玩家获得状态,1,3,1,0,当 玩家 获得状态,21,"1,0,0,1,1,0",60009|40003|40006,,,,0|60009,,,,,,,,,,,,,,,,,,,,,0,,306356,,52
1030036,玩家失去状态,1,3,1,0,当 玩家 失去状态,21,"1,0,0,1,1,0",60009|40003|40006,,,,0|60009,,,,,,,,,,,,,,,,,,,,,0,,306357,,53
1030037,玩家失去指定状态,1,3,1,0,当 玩家 失去%1状态,21,"1,0,0,1,1,0",60009|40003|40006,,,1037|1|0,2|4001,,,,,,,,,,,,,,,,,,,,,0,100,306358,,54
1030010,玩家使用动画表情,1,3,1,0,当 玩家 使用动画表情,3,"1,0,0,1,1,0",60009|40003|40005,,,,0|60009,,,,,,,,,,,,,,,,,,,,,0,,306029,1,55
1030009,玩家移动,1,3,1,0,当 玩家 移动一格距离,16,"1,0,0,1,1,0",60009|40003,,,,0|60009,,,,,,,,,,,,,,,,,,,,,0,,306233,,56
1030018,玩家运动状态改变,1,3,1,0,当 玩家 开始%1,16,"1,0,0,1,1,0",60009|40003,,,1021|1|2,5|150002,,,,,,,,,,,,,,,,,,,,,0,,306009,1,57
1030019,玩家发生碰撞,1,3,1,0,当 玩家 碰撞任意玩家/生物,16,"1,0,0,1,1,0",60009|40003|60010|80007,,,,0|60009,,,,,,,,,,,,,,,,,,,,,0,,306028,1,58
1030021,玩家进入区域,1,3,1,0,当 玩家 进入%1,10,"1,0,0,1,1,0",60009|40003,,,1001|1|0,,,,,,,,,,,,,,,,,,,,,,0,,306006,1,59
1030022,玩家离开区域,1,3,1,0,当 玩家 离开%1,10,"1,0,0,1,1,0",60009|40003,,,1001|1|0,,,,,,,,,,,,,,,,,,,,,,0,100,306007,1,60
1030025,玩家快捷栏改变,1,3,1,0,当 玩家 的快捷栏发生变化,14,"1,0,0,1,1,0",60009|40003|90014,,,,0|60009,,,,,,,,,,,,,,,,,,,,,0,,306134,,61
1030024,玩家背包栏改变,1,3,1,0,当 玩家 的背包栏发生变化,14,"1,0,0,1,1,0",60009|40003|90014,,,,0|60009,,,,,,,,,,,,,,,,,,,,,0,,306359,,62
1030023,玩家装备栏改变,1,3,1,0,当 玩家 的装备栏发生变化,14,"1,0,0,1,1,0",60009|40003|90014|40012,,,,0|60009,,,,,,,,,,,,,,,,,,,,,0,,306360,,63
1030026,玩家选择快捷栏,1,3,1,0,当 玩家 选中快捷栏,14,"1,0,0,1,1,0",60009|40003|90014|40011|430001,,,,0|60009,,,,,,,,,,,,,,,,,,,,,0,,306361,,64
1030040,当玩家选中指定道具,1,3,1,0,当玩家在快捷栏选中%1,3,"1,0,0,1,1,0",60009|40003|90014|40011|430001,,,1028|1|0,2|200,,,,,,,,,,,,,,,,,,,,,0,,306362,,65
1030028,玩家穿上装备,1,3,1,0,当 玩家 穿上装备,14,"1,0,0,1,1,0",60009|40003|90014|40012,,,,0|60009,,,,,,,,,,,,,,,,,,,,,,,306363,,66
1030029,玩家脱下装备,1,3,1,0,当 玩家 脱下装备,14,"1,0,0,1,1,0",60009|40003|90014|40012,,,,0|60009,,,,,,,,,,,,,,,,,,,,,,100,306364,,67
1030032,玩家按下按键,1,3,1,0,当 玩家 按下%1,1,"1,0,0,1,1,0",60009|40003,,,1051|1|2,5|380001,,,,,,,,,,,,,,,,,,,,,0,,306010,1,68
1030033,玩家长按按键,1,3,1,0,当 玩家 长按%1,1,"1,0,0,1,1,0",60009|40003,,,1051|1|2,5|380001,,,,,,,,,,,,,,,,,,,,,0,,306124,,69
1030034,玩家松开按键,1,3,1,0,当 玩家 松开%1,1,"1,0,0,1,1,0",60009|40003,,,1051|1|2,5|380001,,,,,,,,,,,,,,,,,,,,,0,100,306125,,70
1030016,玩家骑乘,1,3,1,0,当 玩家 骑乘坐骑/载具,3,"1,0,0,1,1,0",60009|40003|80007|80009,,,,0|60009,,,,,,,,,,,,,,,,,,,,,0,,306211,,71
1030017,玩家取消骑乘,1,3,1,0,当 玩家 取消骑乘,3,"1,0,0,1,1,0",60009|40003|80007|80009,,,,0|60009,,,,,,,,,,,,,,,,,,,,,0,100,306212,,72
1030030,玩家显示聊天信息,1,3,1,0,当 玩家 的聊天框显示%1,15,"1,0,0,1,1,0",60009|40003|40015,,,1010|1|0,1|300198,,,,,,,,,,,,,,,,,,,,,0,,306126,,73
1030031,玩家输入聊天信息,1,3,1,0,当 玩家 在聊天框发送%1,15,"1,0,0,1,1,0",60009|40003|40015,,,1010|1|0,1|300198,,,,,,,,,,,,,,,,,,,,,0,,306025,1,74
1030039,玩家输入聊天信息（包含字符串）,1,3,1,0,当任意玩家在聊天框输入包含%1的信息,15,"1,0,0,1,1,0",60009|40003|40015,,,1010|1|0,1|300198,,,,,,,,,,,,,,,,,,,,,,,306232,,75
1030041,玩家邀请好友,1,3,1,0,当 玩家 发送好友邀请链接,14,"1,0,0,1,1,0",60009|40003|60010,,,,,,,,,,,,,,,,,,,,,,,,,0,,306365,1,76
1040012,生物被创建,1,4,1,0,当 生物 被创建,11,"1,0,0,1,1,0",80006|80008|40003,,,,,,,,,,,,,,,,,,,,,,,,,0,100,306026,1,77
1040002,生物进行攻击,1,4,1,0,当 生物 开始攻击,20,"1,0,0,1,1,0",80006|40003|80008|80007|80009|60010,,,,,,,,,,,,,,,,,,,,,,,,,0,,306366,,78
1040003,生物攻击命中,1,4,1,0,当 生物 攻击命中,20,"1,0,0,1,1,0",80006|40003|80008|80007|80009|60010,,,,,,,,,,,,,,,,,,,,,,,,,0,,306367,,79
1040004,生物造成伤害,1,4,1,0,当 生物 造成伤害,20,"1,0,0,1,1,0",80006|40003|80008|80007|80009|60010|40023,,,,,,,,,,,,,,,,,,,,,,,,,0,,306368,,80
1040006,生物击败目标,1,4,1,0,当 生物 击败目标,20,"1,0,0,1,1,0",80006|40003|80008|80007|80009|60010,,,,,,,,,,,,,,,,,,,,,,,,,0,100,306369,,81
1040001,生物受到伤害,1,4,1,0,当 生物 受伤,20,"1,0,0,1,1,0",80006|80008|40003|60010|40023,,,,,,,,,,,,,,,,,,,,,,,,,0,,306370,,82
1040005,生物被击败,1,4,1,0,当 生物 被击败,20,"1,0,0,1,1,0",80006|80008|40003,,,,,,,,,,,,,,,,,,,,,,,,,0,100,306371,,83
1040011,生物属性改变,1,4,1,0,当 生物 的属性%1发生变化,11,"1,0,0,1,1,0",80006|80008|40003|430001,,,1035|1|2,5|210001,,,,,,,,,,,,,,,,,,,,,0,,306372,,84
1040013,生物获得状态,1,4,1,0,当 生物 获得状态,21,"1,0,0,1,1,0",80006|80008|40003|40006,,,,,,,,,,,,,,,,,,,,,,,,,0,,306373,,85
1040014,生物失去状态,1,4,1,0,当 生物 失去状态,21,"1,0,0,1,1,0",80006|80008|40003|40006,,,,,,,,,,,,,,,,,,,,,,,,,0,,306374,,86
1040015,生物失去指定状态,1,4,1,0,当 生物 失去%1,21,"1,0,0,1,1,0",80006|80008|40003|40006,,,1037|1|0,2|4001,,,,,,,,,,,,,,,,,,,,,0,100,306375,,87
1040009,生物运动状态改变,1,4,1,0,当 生物 开始%1,16,"1,0,0,1,1,0",80006|80008|40003,,,1034|1|2,5|200003,,,,,,,,,,,,,,,,,,,,,0,,,,88
1040010,生物发生碰撞,1,4,1,0,当 生物 碰撞任意玩家/生物,16,"1,0,0,1,1,0",80006|40003|80008|80007|80009|60010,,,,,,,,,,,,,,,,,,,,,,,,,0,,306027,1,89
1040007,生物进入区域,1,4,1,0,当 生物 进入%1,10,"1,0,0,1,1,0",80006|80008|40003,,,1001|1|0,,,,,,,,,,,,,,,,,,,,,,0,,306376,,90
1040008,生物离开区域,1,4,1,0,当 生物 离开%1,10,"1,0,0,1,1,0",80006|80008|40003,,,1001|1|0,,,,,,,,,,,,,,,,,,,,,,0,,306377,,91
1040025,此生物被创建,1,4,1,0,当 此类生物 被创建,11,"0,2,0,1,0,0",80006|40003|80008,,,,,,,,,,,,,,,,,,,,,,,,,,,306005,1,92
1040017,此生物进行攻击,1,4,1,0,当 此类生物 开始攻击,20,"0,2,0,1,0,0",80006|40003|80008|80007|80009|60010,,,,,,,,,,,,,,,,,,,,,,,,,,,,,93
1040018,此生物攻击命中,1,4,1,0,当 此类生物 攻击命中目标,20,"0,2,0,1,0,0",80006|40003|80008|80007|80009|60010,,,,,,,,,,,,,,,,,,,,,,,,,,,,,94
1040019,此生物造成伤害,1,4,1,0,当 此类生物 对目标造成伤害,20,"0,2,0,1,0,0",80006|40003|80008|80007|80009|60010,,,,,,,,,,,,,,,,,,,,,,,,,,,,,95
1040021,此生物击败目标,1,4,1,0,当 此类生物 击败目标,20,"0,2,0,1,0,0",80006|40003|80008|80007|80009|60010,,,,,,,,,,,,,,,,,,,,,,,,,,,,,96
1040016,此生物受到伤害,1,4,1,0,当 此类生物 受到伤害,20,"0,2,0,1,0,0",80006|40003|80008|60010,,,,,,,,,,,,,,,,,,,,,,,,,,,,,97
1040020,此生物被击败,1,4,1,0,当 此类生物 被击败,20,"0,2,0,1,0,0",80006|40003|80008,,,,,,,,,,,,,,,,,,,,,,,,,,,,,98
1040024,此生物属性改变,1,4,1,0,当 此类生物 %1属性变化,11,"0,2,0,1,0,0",80006|40003|80008,,,1035|1|2,5|210001,,,,,,,,,,,,,,,,,,,,,,,,,99
1040022,此生物行动状态改变,1,4,1,0,当 此类生物 开始%1,16,"0,2,0,1,0,0",80006|40003|80008,,,1034|1|2,5|200003,,,,,,,,,,,,,,,,,,,,,,,,,100
1040023,此生物发生碰撞,1,4,1,0,当 此类生物 碰撞任意玩家/生物,16,"0,2,0,1,0,0",80006|40003|80008|80007|80009|60010,,,,,,,,,,,,,,,,,,,,,,,,,,,,,101
1040026,此生物获得状态,1,4,1,0,当 此类生物 获得状态,21,"0,2,0,1,0,0",80006|40003|80008|40006,,,,,,,,,,,,,,,,,,,,,,,,,,,,,102
1040027,此生物失去状态,1,4,1,0,当 此类生物 失去状态,21,"0,2,0,1,0,0",80006|40003|80008|40006,,,,,,,,,,,,,,,,,,,,,,,,,,,,,103
1040028,此生物被玩家点击,1,4,1,0,当 此类生物 被玩家点击,11,"0,2,0,1,0,0",80006|40003|80008|60010,,,,,,,,,,,,,,,,,,,,,,,,,,,,,104
1050005,方块被创建,1,5,1,0,当 方块 被创建,4,"1,0,0,1,1,0",40003|40009,,,,,,,,,,,,,,,,,,,,,,,,,0,100,306378,,105
1050002,方块被破坏,1,5,1,0,当 方块 被破坏,4,"1,0,0,1,1,0",40003|40009,,,,,,,,,,,,,,,,,,,,,,,,,0,,306016,1,106
1050008,方块被挖掘,1,5,1,0,当 方块 被挖掘,4,"1,0,0,1,1,0",40003|40009|60009|80006|80008,,,,,,,,,,,,,,,,,,,,,,,,,,,306231,,107
1050001,方块被挖掘完毕,1,5,1,0,当 方块 被挖掘完毕,4,"1,0,0,1,1,0",40003|40009|60009|80006|80008,,,,,,,,,,,,,,,,,,,,,,,,,0,,306379,,108
1050009,方块被挖掘中断,1,5,1,0,当 方块 被挖掘但中断,4,"1,0,0,1,1,0",40003|40009|60009|80006|80008,,,,,,,,,,,,,,,,,,,,,,,,,,100,306380,,109
1050003,方块开关状态变化,1,5,1,0,当 方块 开关状态发生变化,4,"1,0,0,1,1,0",40003|40009,,,,,,,,,,,,,,,,,,,,,,,,,0,100,306381,,110
1020015,放置蓝图时,1,5,1,0,当 蓝图 被放置,4,"1,0,0,1,1,0",40022,,,,,,,,,,,,,,,,,,,,,,,,,,,306382,,111
1050004,储存容器道具发生改变,1,5,1,0,当 储存容器 内道具发生变化,4,"1,0,0,1,1,0",40003|40009|90014,,,,,,,,,,,,,,,,,,,,,,,,,0,,306383,,112
1050006,储存容器被放入道具,1,5,1,0,当 储存容器 被放入道具,4,"1,0,0,1,1,0",40003|40009|90014,,,,,,,,,,,,,,,,,,,,,,,,,0,,306384,,113
1050007,储存容器被取出道具,1,5,1,0,当 储存容器 被取出道具,4,"1,0,0,1,1,0",40003|40009|90014,,,,,,,,,,,,,,,,,,,,,,,,,0,,306385,,114
1050014,此方块被创建,1,5,1,0,当 此类方块 被创建,4,"0,1,0,1,0,0",40003|40009,,,,,,,,,,,,,,,,,,,,,,,,,,100,,,115
1050013,此方块被破坏,1,5,1,0,当 此类方块 被破坏,4,"0,1,0,1,0,0",60009|80006,,,,,,,,,,,,,,,,,,,,,,,,,,,,,116
1050010,此方块被挖掘,1,5,1,0,当 此类方块 被挖掘,4,"0,1,0,1,0,0",60009|80006|80008|40003|40009,,,,,,,,,,,,,,,,,,,,,,,,,,,,,117
1050011,此方块被挖掘完毕,1,5,1,0,当 此类方块 完成挖掘,4,"0,1,0,1,0,0",60009|80006|80008|40003|40009,,,,,,,,,,,,,,,,,,,,,,,,,,,,,118
1050012,此方块被挖掘中断,1,5,1,0,当 此类方块 挖掘中断,4,"0,1,0,1,0,0",60009|80006|80008|40003|40009,,,,,,,,,,,,,,,,,,,,,,,,,,100,,,119
1050015,此方块开关状态变化,1,5,1,0,当 此类方块 的开关状态发生变化,4,"0,0,0,0,0,0",60009|80006|80008|40003|40009,,,,,,,,,,,,,,,,,,,,,,,,,,,,,120
1050016,此方块被获取,1,5,1,0,当 玩家/生物 获取此类方块 ,4,"0,1,0,1,0,0",60009|80006|80008|40003|40009,,,,,,,,,,,,,,,,,,,,,,,,,,,,,121
1050018,方块颜色改变,1,5,1,0,当 方块 颜色发生改变,4,"1,0,0,1,1,0",40003|40009|60009|80006|80008,,,,,,,,,,,,,,,,,,,,,,,,,0,,306386,,122
1050017,此方块被玩家点击,1,5,1,0,当 玩家 点击此类方块,4,"0,1,0,1,0,0",60009|40003|40009,,,,,,,,,,,,,,,,,,,,,,,,,,,,,123
1060008,投掷物被创建,1,6,1,0,当 投掷物 被创建,2,"1,0,0,1,1,0",90015|90014|60009|80006|80008|40003|60011|80012,,,,,,,,,,,,,,,,,,,,,,,,,0,100,306004,1,124
1060001,投掷物击中目标,1,6,1,0,当 投掷物 击中任意玩家/生物/方块,2,"1,0,0,1,1,0",90015|90014|60010|80007|80009|40003|60011|80012,,,,,,,,,,,,,,,,,,,,,,,,,0,,306030,1,125
1060002,投掷物进入区域,1,6,1,0,当 投掷物 进入%1,10,"1,0,0,1,1,0",90015|90014|40003|60011|80012,,,1001|1|0,,,,,,,,,,,,,,,,,,,,,,0,,306387,,126
1060003,投掷物离开区域,1,6,1,0,当 投掷物 离开%1,10,"1,0,0,1,1,0",90015|90014|40003|60011|80012,,,1001|1|0,,,,,,,,,,,,,,,,,,,,,,0,,306388,,127
1060006,掉落物被拾取,1,6,1,0,当 掉落物 被拾取,2,"1,0,0,1,1,0",90016|90014|40003,,,,,,,,,,,,,,,,,,,,,,,,,0,,306389,,128
1060007,掉落物消失,1,6,1,0,当 掉落物 消失,2,"1,0,0,1,1,0",90016|90014|40003,,,,,,,,,,,,,,,,,,,,,,,,,0,100,306390,,129
1060004,掉落物进入区域,1,6,1,0,当 掉落物 进入%1,10,"1,0,0,1,1,0",90016|90014|40003,,,1001|1|0,,,,,,,,,,,,,,,,,,,,,,0,,306391,,130
1060005,掉落物离开区域,1,6,1,0,当 掉落物 离开%1,10,"1,0,0,1,1,0",90016|90014|40003,,,1001|1|0,,,,,,,,,,,,,,,,,,,,,,0,,306392,,131
1060021,当掉落物以指定方式被创建,1,6,1,0,当掉落物以%1被创建,2,"1,0,0,1,1,0",90016|40003|90014,,,1100|1|0,5|690004,,,,,,,,,,,,,,,,,,,,,0,100,306393,,132
1060022,当掉落物以任意方式被创建,1,6,1,0,当掉落物以任意方式被创建,2,"1,0,0,1,1,0",90016|40003|90014,,,,,,,,,,,,,,,,,,,,,,,,,0,100,306394,,133
1060009,此道具被获取,1,6,1,0,当 此类道具 被玩家/生物获取,2,"0,3,0,1,0,0",60009|80006|80008|90016|40003|90014,,,,,,,,,,,,,,,,,,,,,,,,,,100,,,134
1060010,此道具被丢弃,1,6,1,0,当 此类道具 被丢弃,2,"0,3,0,1,0,0",60009|90016|40003|90014,,,,,,,,,,,,,,,,,,,,,,,,,,,,,135
1060011,此道具消失,1,6,1,0,当 此类道具 掉落物消失,2,"0,3,0,1,0,0",40003|90014,,,,,,,,,,,,,,,,,,,,,,,,,,,,,136
1060015,此道具被消耗,1,6,1,0,当 此类道具 被消耗,2,"0,3,11,1,0,0",40003|90014|80006|80008|60009,,,,,,,,,,,,,,,,,,,,,,,,,,,,,137
1060020,此道具被使用,1,6,1,0,当 此类道具 被玩家使用,2,"0,3,2|3|7|8|10|11|12,1,0,0",40003|90014|60009,,,,,,,,,,,,,,,,,,,,,,,,,,,306024,1,138
1060012,此道具损坏,1,6,1,0,当 此类道具 损坏,2,"0,3,3|7|9|12,1,0,0",40003|90014,,,,,,,,,,,,,,,,,,,,,,,,,,,,,139
1060013,此投掷物击中目标,1,6,1,0,当 此类投掷物 击中任意目标,2,"0,3,8|12,1,0,0",90015|40003|90014|80007|80009|60010|40009|60011|80012,,,,,,,,,,,,,,,,,,,,,,,,,,,,,140
1060014,此投掷物被创建或消耗,1,6,1,0,当 此类投掷物 被创建或消耗,2,"0,3,8|12,1,0,0",90015|40003|90014|80006|80008|60009|60011|80012,,,,,,,,,,,,,,,,,,,,,,,,,,,,,141
1060016,此包裹被打开,1,6,1,0,当 此类包裹道具 被打开,2,"0,3,15,1,0,0",40003|90014|60009,,,,,,,,,,,,,,,,,,,,,,,,,,,,,142
1060017,此装备被穿上,1,6,1,0,当 此类装备道具 被穿上,2,"0,3,9,1,0,0",40003|90014|60009,,,,,,,,,,,,,,,,,,,,,,,,,,,,,143
1060018,此装备被脱下,1,6,1,0,当 此类装备道具 被脱下,2,"0,3,9,1,0,0",40003|90014|60009,,,,,,,,,,,,,,,,,,,,,,,,,,,,,144
1060019,此装备被破坏,1,6,1,0,当 此类装备道具 被玩家/生物破坏,2,"0,3,9,1,0,0",40003|90014|60009,,,,,,,,,,,,,,,,,,,,,,,,,,100,,,145
1120002,界面被打开,1,13,1,0,当前界面被打开,6,"0,0,0,1,1,0",40014|40003|60009,,,,,,,,,,,,,,,,,,,,,,,,,,,306021,1,146
1120003,界面关闭,1,13,1,0,当前界面关闭,6,"0,0,0,1,1,0",40014|40003|60009,,,,,,,,,,,,,,,,,,,,,,,,,,100,306399,,147
1120006,当前界面的 按钮 被松开,1,13,1,1,当前界面的%1被松开,6,"0,0,0,1,1,0",60009|40013|40003,,,1075|1|0,,,,,,,,,,,,,,,,,,,,,,,,306022,1,148
1120007,当前界面的 按钮 被按下,1,13,1,1,当前界面的%1被按下,6,"0,0,0,1,1,0",60009|40013|40003,,,1075|1|0,,,,,,,,,,,,,,,,,,,,,,,100,306023,1,149
1120008,当 玩家 在当前界面的输入框输入内容,1,13,1,1,当 玩家 在当前界面的%1输入内容,6,"0,0,0,1,1,0",60009|40015|40013,,,1075|1|0,,,,,,,,,,,,,,,,,,,,,,,100,306229,,150
1120009,当前界面的 模型 被松开,1,13,1,1,当前界面的%1被松开,6,"0,0,0,1,1,0",60009|40013|40003,,,1075|1|0,,,,,,,,,,,,,,,,,,,,,,,,306400,1,151
1120010,当前界面的 模型 被按下,1,13,1,1,当前界面的%1被按下,6,"0,0,0,1,1,0",60009|40013|40003,,,1075|1|0,,,,,,,,,,,,,,,,,,,,,,,100,306401,1,152
1120011,当前界面的 元件 动画装载器播放完毕,1,13,1,1,当前界面的%1播放动画完毕,6,"0,0,0,1,1,0",60009|40013|40003,,,1075|1|0,,,,,,,,,,,,,,,,,,,,,,,100,,1,153
1120001,按钮被松开,1,13,1,0,当前界面任意按钮被松开,6,"0,0,0,1,1,0",60009|40013|40003,,,,,,,,,,,,,,,,,,,,,,,,,,,306402,,154
1120004,按钮被按下,1,13,1,0,当前界面任意按钮被按下,6,"0,0,0,1,1,0",60009|40013|40003,,,,,,,,,,,,,,,,,,,,,,,,,,100,306403,,155
1120005,玩家在界面输入字符串,1,13,1,0,当 玩家 在界面输入任意字符串,6,"0,0,0,1,1,0",60009|40015|40013,,,,0|60009,,,,,,,,,,,,,,,,,,,,,,,306404,,156
1140001,大会员购买（1个月）,1,17,1,0,当 玩家 购买1个月大会员,8,"1,0,0,1,1,0",60009|40003,,,,0|60009,,,,,,,,,,,,,,,,,,,,,6,,,,157
1130001,音乐播放,1,15,1,0,当 界面音乐 开始播放,17,"1,0,0,1,1,0",60009|40017|40003,,,,,,,,,,,,,,,,,,,,,,,,,,,306395,,158
1140002,大会员购买（3个月）,1,17,1,0,当 玩家 购买3个月大会员,8,"1,0,0,1,1,0",60009|40003,,,,0|60009,,,,,,,,,,,,,,,,,,,,,6,,,,159
1140003,任意玩家购买或提取开发者商店道具,1,17,1,,当 玩家 购买或提取开发者商店道具,8,"1,0,0,1,1,0",90014|60009|40003,,,,,,,,,,,,,,,,,,,,,,,,,1,,,,160
2010001,数值对比,2,10,2,0,%1%2%3,,"1,1,0,1,1,0",,1,13,1005|1|0,1|0,1016|1|2,5|120001,1005|1|0,1|0,,,,,,,,,,,,,,,,,0,95,306080,1,161
2100002,布尔值比较,2,10,2,0,%1%2%3,,"1,1,0,1,1,0",,1,13,1014|1|0,5|320001,1012|1|2,5|90001,1014|1|0,5|320001,,,,,,,,,,,,,,,,,0,,306091,1,162
2100003,字符串比较,2,10,2,0,%1%2%3,,"1,1,0,1,1,0",,1,13,1010|1|0,1|300198,1012|1|2,5|90001,1010|1|0,1|300198,,,,,,,,,,,,,,,,,0,,306093,1,163
2010018,任意值比较,2,10,2,0,%1%2%3,,"1,1,0,1,1,0",,1,13,1053|1|0,,1012|1|2,5|90001,1053|1|0,,,,,,,,,,,,,,,,,,,95,306236,,164
2010019,逻辑与,2,10,2,0,%1与%2,,"1,1,0,1,1,0",,1,13,1014|1|0,5|320001,1014|1|0,5|320001,,,,,,,,,,,,,,,,,,,,,,,165
2010020,逻辑或,2,10,2,0,%1或%2,,"1,1,0,1,1,0",,1,13,1014|1|0,5|320001,1014|1|0,5|320001,,,,,,,,,,,,,,,,,,,,,,,166
20019,逻辑异或,2,10,2,0,%1异或%2,,"1,1,0,1,1,0",,1,13,1014|1|0,5|320001,1014|1|0,5|320001,,,,,,,,,,,,,,,,,,,,,,,167
2010021,逻辑非,2,10,2,0,非%1,,"1,1,0,1,1,0",,1,13,1014|1|0,5|320001,,,,,,,,,,,,,,,,,,,,,,95,,,168
2010002,随机数,2,10,2,1,%1%2%3,,"1,1,0,1,1,0",,1,13,1005|1|0,3|20003,1016|1|2,5|120001,1005|1|0,,,,,,,,,,,,,,,,,,0,,,,169
2010003,最大值或最小值,2,10,2,1,%1%2%3,,"1,1,0,1,1,0",,1,13,1005|1|0,3|20004,1016|1|2,5|120001,1005|1|0,,,,,,,,,,,,,,,,,,0,,,,170
2010022,空值,2,10,2,1,%1是空值,,"1,1,0,1,1,0",,1,13,1053|1|0,,,,,,,,,,,,,,,,,,,,,,,95,,,171
2010004,整除,2,10,2,1,%1%2%3,,"1,1,0,1,1,0",,1,13,1005|1|0,3|20005,1016|1|2,5|120001,1005|1|0,,,,,,,,,,,,,,,,,,0,,,,172
2010012,取整,2,10,2,1,%1%2%3,,"1,1,0,1,1,0",,1,13,1005|1|0,3|20015,1016|1|2,5|120001,1005|1|0,,,,,,,,,,,,,,,,,,0,,,,173
2010010,绝对值,2,10,2,1,%1%2%3,,"1,1,0,1,1,0",,1,13,1005|1|0,3|20011,1016|1|2,5|120001,1005|1|0,,,,,,,,,,,,,,,,,,0,,,,174
2010008,幂运算,2,10,2,1,%1%2%3,,"1,1,0,1,1,0",,1,13,1005|1|0,3|20009,1016|1|2,5|120001,1005|1|0,,,,,,,,,,,,,,,,,,0,,,,175
2010009,开方,2,10,2,1,%1%2%3,,"1,1,0,1,1,0",,1,13,1005|1|0,3|20010,1016|1|2,5|120001,1005|1|0,,,,,,,,,,,,,,,,,,0,95,,,176
2010011,三角函数,2,10,2,1,%1%2%3,,"1,1,0,1,1,0",,1,13,1005|1|0,3|20012,1016|1|2,5|120001,1005|1|0,,,,,,,,,,,,,,,,,,0,,,,177
2010013,角度与弧度转换,2,10,2,1,%1%2%3,,"1,1,0,1,1,0",,1,13,1005|1|0,3|20016,1016|1|2,5|120001,1005|1|0,,,,,,,,,,,,,,,,,,0,,,,178
2020001,游戏时间,2,2,2,1,%1%2%3,,"1,1,0,1,1,0",,1,13,1005|1|0,3|30001,1016|1|2,5|120001,1005|1|0,,,,,,,,,,,,,,,,,,0,,306078,1,179
2020003,天气判断,2,2,2,1,%1%2%3,,"1,1,0,1,1,0",,1,13,1000|1|0,3|100001,1012|1|2,5|90001,1000|1|0,5|10003,,,,,,,,,,,,,,,,,0,,306081,1,180
2020004,重力判断,2,2,2,1,%1%2%3,,"1,1,0,1,1,0",,1,13,1005|1|0,3|30003,1016|1|2,5|120001,1005|1|0,,,,,,,,,,,,,,,,,,0,95,306085,1,181
2020002,玩家数量,2,2,2,1,%1%2%3,,"1,1,0,1,1,0",,1,13,1005|1|0,3|60003,1016|1|2,5|120001,1005|1|0,,,,,,,,,,,,,,,,,,0,,306083,1,182
2030001,队伍属性判断,2,2,2,1,%1%2%3,,"1,1,0,1,1,0",,1,13,1005|1|0,3|40001,1016|1|2,5|120001,1005|1|0,,,,,,,,,,,,,,,,,,0,,,,183
2140001,状态效果判断,2,2,2,1,%1%2%3,,"1,1,0,1,1,0",,1,13,1037|1|0,3|40006,1012|1|2,5|90001,1037|1|0,2|4001,,,,,,,,,,,,,,,,,0,95,306096,1,184
2010005,位置的坐标值,2,2,2,1,%1%2%3,,"1,1,0,1,1,0",,1,13,1005|1|0,3|20006,1016|1|2,5|120001,1005|1|0,,,,,,,,,,,,,,,,,,0,,306097,1,185
100006,位置处于区域判断,2,2,2,1,%1%2处于%3中,,"1,1,0,1,1,0",,1,13,1002|1|0,,1012|1|2,5|90001,1001|1|0,,,,,,,,,,,,,,,,,,,,306237,,186
2090001,位置与位置之间的距离,2,2,2,1,%1%2%3,,"1,1,0,1,1,0",,1,13,1005|1|0,3|100002,1016|1|2,5|120001,1005|1|0,,,,,,,,,,,,,,,,,,0,,,,187
2010006,位置与位置的水平角度,2,2,2,1,%1%2%3,,"1,1,0,1,1,0",,1,13,1005|1|0,3|20007,1016|1|2,5|120001,1005|1|0,,,,,,,,,,,,,,,,,,0,,,,188
2010007,位置与位置的垂直角度,2,2,2,1,%1%2%3,,"1,1,0,1,1,0",,1,13,1005|1|0,3|20008,1016|1|2,5|120001,1005|1|0,,,,,,,,,,,,,,,,,,0,95,,,189
2020005,触发器状态判断,2,2,2,1,%1为启用状态,,"1,1,0,1,1,0",,1,13,1038|1|0,,,,,,,,,,,,,,,,,,,,,,0,,,,190
2020006,触发器组状态判断,2,2,2,1,%1为启用状态,,"1,1,0,1,1,0",,1,13,1039|1|0,,,,,,,,,,,,,,,,,,,,,,0,,,,191
2040001,玩家属性判断,2,3,2,1,%1%2%3,,"1,1,0,1,1,0",,1,13,1005|1|0,3|50003,1016|1|2,5|120001,1005|1|0,,,,,,,,,,,,,,,,,,0,,306088,1,192
2040010,动画表情判断,2,3,2,1,%1%2为%3,,"1,1,0,1,1,0",,1,13,1041|1|0,3|40005,1012|1|2,5|90001,1041|1|0,2|1,,,,,,,,,,,,,,,,,0,,306090,1,193
2040009,玩家状态效果判断,2,3,2,1,%1%2处于%3中,,"1,1,0,1,1,0",,1,13,1018|1|0,3|60009,1012|1|2,5|90001,1037|1|0,2|4001,,,,,,,,,,,,,,,,,0,,306092,1,194
2040011,玩家设置判断,2,3,2,1,%1的%2为%3,,"1,1,0,1,1,0",,1,13,1018|1|0,3|60009,1022|1|2,5|160001,1014|1|0,5|320002,,,,,,,,,,,,,,,,,0,95,,,195
2040016,玩家外观判断,2,3,2,1,%1%2%3,,"1,1,0,1,1,0",,1,13,1060|1|0,3|50037,1012|1|2,5|90001,1060|1|0,2|163,,,,,,,,,,,,,,,,,,,,,196
2040004,玩家队伍判断,2,3,2,1,%1%2%3,,"1,1,0,1,1,0",,1,13,1023|1|0,3|50018,1012|1|2,5|90001,1023|1|0,5|170001,,,,,,,,,,,,,,,,,0,,306099,1,197
2040005,玩家个体判断,2,3,2,1,%1%2%3,,"1,1,0,1,1,0",,1,13,1018|1|0,3|60009,1012|1|2,5|90001,1018|1|0,,,,,,,,,,,,,,,,,,0,95,306087,1,198
2040017,玩家背包空间判断,2,3,2,1,%1的快捷栏和背包能存下%2个%3为%4,,"1,1,0,1,1,0",,1,13,1018|1|0,3|60009,1005|1|0,1|1,1028|1|0,2|200,1014|1|0,5|320001,,,,,,,,,,,,,,,0,,306162,,199
2040018,玩家背包持有道具判断,2,3,2,1,%1的%2持有%3为%4,,"1,1,0,1,1,0",,1,13,1018|1|0,3|60009,1103|1|0,5|710002,1028|1|0,2|200,1014|1|0,5|320001,,,,,,,,,,,,,,,0,,306089,1,200
2040019,目标对象类型判断,2,3,2,1,事件中的目标对象类型是%1为%2,,"1,1,0,1,1,0",,1,13,1106|1|0,5|730001,1014|1|0,5|320001,,,,,,,,,,,,,,,,,,,0,,,,201
2040020,判断玩家好友关系,2,3,2,1,%1%2是好友关系为%3,,"1,1,0,1,1,0",,1,13,1018|1|0,3|60009,1018|1|0,3|60010,1014|1|0,5|320001,,,,,,,,,,,,,,,,,0,,,,202
2040021,玩家是否关注作者,2,3,2,1,%1已经%2,,"1,1,0,1,1,0",,1,13,1018|1|0,3|60009,1141|1|2,5|1420001,,,,,,,,,,,,,,,,,,,3,,,,203
2040006,玩家面向角度,2,3,2,1,%1%2%3,,"1,1,0,1,1,0",,1,13,1005|1|0,3|50006,1016|1|2,5|120001,1005|1|0,,,,,,,,,,,,,,,,,,0,,306152,,204
2040008,玩家处于区域的判断,2,3,2,1,%1%2处于%3中,,"1,1,0,1,1,0",,1,13,1018|1|0,3|60009,1012|1|2,5|90001,1001|1|0,,,,,,,,,,,,,,,,,,0,95,306163,,205
2040002,拥有的道具数量,2,3,2,1,%1%2%3,,"1,1,0,1,1,0",,1,13,1005|1|0,3|50004,1016|1|2,5|120001,1005|1|0,,,,,,,,,,,,,,,,,,0,,306095,1,206
2040012,选择快捷栏键位,2,3,2,1,%1%2%3,,"1,0,0,1,1,0",,1,13,1052|1|0,3|40011,1012|1|2,5|90001,1052|1|0,5|390001,,,,,,,,,,,,,,,,,0,,,,207
2040013,手持道具类型判断,2,3,2,1,%1%2%3,,"1,1,0,1,1,0",,1,13,1028|1|0,3|50034,1012|1|2,5|90001,1028|1|0,2|200,,,,,,,,,,,,,,,,,,,306086,1,208
2040014,装备栏判断,2,3,2,1,%1%2%3,,"1,0,0,1,1,0",,1,13,1054|1|0,3|40012,1012|1|2,5|90001,1054|1|0,5|420001,,,,,,,,,,,,,,,,,,,,,209
2040015,玩家穿有装备判断,2,3,2,1,%1%2穿有%3,,"1,1,0,1,1,0",,1,13,1018|1|0,3|60009,1012|1|2,5|90001,1055|1|0,2|12202,,,,,,,,,,,,,,,,,,95,306165,,210
2040007,处于玩家组的判断,2,3,2,1,%1%2处于%3中,,"1,1,0,1,1,0",,1,13,1018|1|0,3|60009,1012|1|2,5|90001,1019|1|0,,,,,,,,,,,,,,,,,,0,,306166,,211
2040003,玩家组中玩家编号判断,2,3,2,1,%1%2%3,,"1,1,0,1,1,0",,1,13,1005|1|0,3|60002,1016|1|2,5|120001,1005|1|0,,,,,,,,,,,,,,,,,,0,,,,212
2050001,玩家组中的玩家数量,2,3,2,1,%1%2%3,,"1,1,0,1,1,0",,1,13,1005|1|0,3|60001,1016|1|2,5|120001,1005|1|0,,,,,,,,,,,,,,,,,,0,,,,213
2050002,玩家组中的玩家的编号,2,3,2,1,%1%2%3,,"1,1,0,1,1,0",,1,13,1005|1|0,3|60002,1016|1|2,5|120001,1005|1|0,,,,,,,,,,,,,,,,,,0,,,,214
2050003,玩家组中指定编号的玩家,2,3,2,1,%1%2%3,,"1,1,0,1,1,0",,1,13,1018|1|0,3|60004,1012|1|2,5|90001,1018|1|0,,,,,,,,,,,,,,,,,,0,95,,,215
2110001,特定玩家的载具,2,3,2,1,%1%2%3,,"1,1,0,1,1,0",,1,13,1031|1|0,3|110001,1012|1|2,5|90001,1031|1|0,,,,,,,,,,,,,,,,,,0,,,,216
2060001,生物属性,2,4,2,1,%1%2%3,,"1,1,0,1,1,0",,1,13,1005|1|0,3|70002,1016|1|2,5|120001,1005|1|0,,,,,,,,,,,,,,,,,,0,,306094,1,217
2060004,个体生物类型判断,2,4,2,1,%1%2%3,,"1,1,0,1,1,0",,1,13,1031|1|0,3|80006,1012|1|2,5|90001,1032|1|0,2|3400,,,,,,,,,,,,,,,,,0,,306084,1,218
2060013,生物类型判断,2,4,2,1,%1%2%3,,"1,1,0,1,1,0",,1,13,1032|1|0,2|3400,1012|1|2,5|90001,1032|1|0,2|3400,,,,,,,,,,,,,,,,,,,,,219
2060008,生物状态效果判断,2,4,2,1,%1%2处于%3中,,"1,1,0,1,1,0",,1,13,1031|1|0,3|80006,1012|1|2,5|90001,1037|1|0,2|4001,,,,,,,,,,,,,,,,,0,,,,220
2060011,生物设置判断,2,4,2,1,%1的%2为%3,,"1,1,0,1,1,0",,1,13,1031|1|0,3|80006,1036|1|2,5|220001,1014|1|0,5|320002,,,,,,,,,,,,,,,,,0,95,,,221
2060012,生物外观判断,2,4,2,1,%1%2%3,,"1,1,0,1,1,0",,1,13,1060|1|0,3|70017,1012|1|2,5|90001,1060|1|0,2|163,,,,,,,,,,,,,,,,,,,,,222
2060006,生物面向角度,2,4,2,1,%1%2%3,,"1,1,0,1,1,0",,1,13,1005|1|0,3|70005,1016|1|2,5|120001,1005|1|0,,,,,,,,,,,,,,,,,,0,,,,223
2060007,生物处于区域的判断,2,4,2,1,%1%2处于%3中,,"1,1,0,1,1,0",,1,13,1031|1|0,3|80006,1012|1|2,5|90001,1001|1|0,,,,,,,,,,,,,,,,,,0,95,306164,,224
2060009,生物队伍判断,2,4,2,1,%1%2%3,,"1,1,0,1,1,0",,1,13,1023|1|0,3|70012,1012|1|2,5|90001,1023|1|0,,,,,,,,,,,,,,,,,,0,,,,225
2060005,生物个体判断,2,4,2,1,%1%2%3,,"1,1,0,1,1,0",,1,13,1031|1|0,3|80006,1012|1|2,5|90001,1031|1|0,,,,,,,,,,,,,,,,,,0,,,,226
2060003,处于生物组的判断,2,4,2,1,%1%2处于%3中,,"1,1,0,1,1,0",,1,13,1031|1|0,3|80006,1012|1|2,5|90001,1033|1|0,,,,,,,,,,,,,,,,,,0,,,,227
2060010,生物组中生物编号判断,2,4,2,1,%1%2%3,,"1,1,0,1,1,0",,1,13,1005|1|0,3|70004,1016|1|2,5|120001,1005|1|0,,,,,,,,,,,,,,,,,,0,,,,228
2070001,生物组中生物的数量,2,4,2,1,%1%2%3,,"1,1,0,1,1,0",,1,13,1005|1|0,3|80001,1016|1|2,5|120001,1005|1|0,,,,,,,,,,,,,,,,,,0,,,,229
2070002,生物组中的指定编号的生物,2,4,2,1,%1%2%3,,"1,1,0,1,1,0",,1,13,1031|1|0,3|80002,1012|1|2,5|90001,1031|1|0,,,,,,,,,,,,,,,,,,0,,,,230
2090002,方块类型判断,2,5,2,1,%1%2%3,,"1,1,0,1,1,0",,1,13,1025|1|0,3|100007,1012|1|2,5|90001,1025|1|0,2|200,,,,,,,,,,,,,,,,,0,,306082,1,231
2090003,方块开关状态判断,2,5,2,1,%1的方块开关状态为%2,,"1,1,0,1,1,0",,1,13,1002|1|0,,1013|1|2,5|100001,,,,,,,,,,,,,,,,,,,0,,,,232
2090005,方块朝向判断,2,5,2,1,处于%1的方块朝向%2为%3,,"1,1,0,1,1,0",,1,13,1002|1|0,3|40003,1003|1|2,5|20001,1014|1|0,5|320002,,,,,,,,,,,,,,,,,0,95,,,233
2090007,方块设置判断,2,5,2,1,%1的%2为%3,,"1,1,0,1,1,0",,1,13,1025|1|0,2|200,1026|1|2,5|190001,1014|1|0,5|320002,,,,,,,,,,,,,,,,,0,95,,,234
2090004,方块处于区域判断,2,5,2,1,%1%2处于%3中,,"1,1,0,1,1,0",,1,13,1025|1|0,2|200,1012|1|2,5|90001,1001|1|0,,,,,,,,,,,,,,,,,,0,95,,,235
2090006,指定位置的方块类型,2,5,2,1,处于%1的方块类型%2%3,,"1,1,0,1,1,0",,1,13,1002|1|0,3|40003,1012|1|2,5|90001,1025|1|0,2|200,,,,,,,,,,,,,,,,,0,,,,236
2080003,道具类型判断,2,6,2,1,%1%2%3,,"1,1,0,1,1,0",,1,13,1028|1|0,3|90014,1012|1|2,5|90001,1028|1|0,2|200,,,,,,,,,,,,,,,,,0,95,306079,1,237
2080001,掉落物数量判断,2,6,2,1,%1%2%3,,"1,1,0,1,1,0",,1,13,1005|1|0,3|90002,1016|1|2,5|120001,1005|1|0,,,,,,,,,,,,,,,,,,0,,306167,,238
2080002,掉落物处于区域内,2,6,2,1,%1%2处于%3中,,"1,1,0,1,1,0",,1,13,1030|1|0,3|90016,1012|1|2,5|90001,1001|1|0,,,,,,,,,,,,,,,,,,0,,306168,,239
2080004,投掷物处于区域内,2,6,2,1,%1%2处于%3中,,"1,1,0,1,1,0",,1,13,1044|1|0,3|90015,1012|1|2,5|90001,1001|1|0,,,,,,,,,,,,,,,,,,0,,306169,,240
300005,服务器获取的布尔值,2,7,2,1,服务器获取的布尔值,,"1,1,0,1,1,0",,1,13,1083|1|2,5|600001,,,,,,,,,,,,,,,,,,,,,,,,,241
2100005,从服务器表获取值完成判断,2,11,2,1,从服务器表或排行榜获取值完成判断为%1,,"1,1,0,1,1,0",,1,13,1014|1|0,5|320001,,,,,,,,,,,,,,,,,,,,,,95,"1.承接从表或排行榜获取值的动作
2.会将该事件的所有参数传递过来（例如触发事件玩家，触发事件生物等等）",,242
10035,任意组中存在任意值判断,2,11,2,1,%1中存在%2,,"1,1,0,1,1,0",,1,13,1061|1|0,,1053|1|0,,,,,,,,,,,,,,,,,,,,,,306215,,243
10036,任意组指定编号存在值判断,2,11,2,1,%1中编号为%2的位置存在值,,"1,1,0,1,1,0",,1,13,1061|1|0,,1005|1|0,1|1,,,,,,,,,,,,,,,,,,,,95,306216,,244
210001,布尔值组中指定编号的布尔值,2,11,2,1,%1中编号为%2的布尔值,,"1,1,0,1,1,0",,0,13,1066|1|0,,1005|1|0,1|1,,,,,,,,,,,,,,,,,,,,,,,245
210002,布尔值组中的随机布尔值,2,11,2,1,%1中的随机布尔值,,"1,1,0,1,1,0",,1,13,1066|1|0,,,,,,,,,,,,,,,,,,,,,,,,,,246
2100001,计时器时间判断,2,12,2,1,%1%2%3,,"1,1,0,1,1,0",,1,13,1005|1|0,3|10009,1016|1|2,5|120001,1005|1|0,,,,,,,,,,,,,,,,,,0,,306172,,247
2150001,元件判断,2,13,2,1,%1%2%3的%4,,"0,0,0,1,1,0",,1,13,1075|1|0,3|40013,1012|1|2,5|90001,1074|1|0,3|40016,1075|1|0,,,,,,,,,,,,,,,,,,306098,1,248
2150002,页面判断,2,13,2,1,%1%2%3,,"0,0,0,1,1,0",,1,13,1074|1|0,3|40014,1012|1|2,5|90001,1074|1|0,,,,,,,,,,,,,,,,,,,,,,249
2100006,判断玩家大会员身份,2,17,2,1,%1%2迷你世界大会员为%3,,"1,1,0,1,1,0",,1,13,1018|1|0,3|60009,1012|1|2,5|90001,1014|1|0,5|320001,,,,,,,,,,,,,,,,,6,,,,250
2120001,特效判断,2,14,2,1,%1%2%3,,"1,1,0,1,1,0",,1,13,1045|1|0,3|40007,1012|1|2,5|90001,1045|1|0,2|1024,,,,,,,,,,,,,,,,,0,,306205,,251
2100004,音乐类型判断,2,15,2,1,%1%2%3,,"1,1,0,1,1,0",,1,13,1080|1|0,3|40017,1012|1|2,5|90001,1080|1|0,,,,,,,,,,,,,,,,,,,,,,252
2130001,播放广告完成判断,2,17,2,1,当前播放广告完成判断为%1,,"1,0,0,0,1,0",,1,13,1014|1|0,5|320001,,,,,,,,,,,,,,,,,,,,,1,,,,253
2140002,积木判断,2,17,2,1,检测%1的%2存在%3检测模式%4要求%5,,"1,1,1,1,1,0",,1,13,1097|1|0,,1039|1|0,,1098|1|0,,1095|1|0,5|870001,1096|1|0,5|880001,,,,,,,,,,,,,3,,,,254
2140003,可执行积木判断,2,17,2,1,检测%1的%2可执行积木存在%3检测模式%4要求%5,,"1,1,1,1,1,0",,1,13,1097|1|0,,1039|1|0,,1098|1|0,,1095|1|0,5|870001,1096|1|0,5|880001,,,,,,,,,,,,,3,95,,,255
2140004,运行环境判断,2,17,2,1,检测当前是否运行在课中,,"1,1,1,1,1,0",,1,13,,,,,,,,,,,,,,,,,,,,,,,3,,,,256
3010002,设置时间,3,2,3,1,设置游戏时间为%1,12,"1,1,0,1,1,0",,,,1005|1|0,1|0,,,,,,,,,,,,,,,,,,,,,0,,306034,1,257
3010007,设置时间流逝速度,3,2,3,1,设置游戏时间流逝速度为%1倍,12,"1,1,0,1,1,0",,,,1091|1|0,1|2,,,,,,,,,,,,,,,,,,,,,0,,306042,1,258
3010001,设置全局天气模式,3,2,3,1,设置全局天气模式为%1,12,"1,1,0,1,1,0",,,,1000|1|0,5|10003,,,,,,,,,,,,,,,,,,,,,0,,306033,1,259
3010013,设置地形组天气,3,2,3,1,设置%1的天气为%2,12,"1,1,0,1,1,0",,,,1137|1|2,5|990001,1000|1|0,5|10003,,,,,,,,,,,,,,,,,,,0,,306046,1,260
3010003,设置重力,3,2,3,1,设置重力为%1,12,"1,1,0,1,1,0",,,,1005|1|0,1|0,,,,,,,,,,,,,,,,,,,,,0,100,306037,1,261
3010004,设置游戏中途加入,3,2,3,1,设置中途加入游戏为%1,12,"1,1,0,1,1,0",,,,1013|1|2,5|100002,,,,,,,,,,,,,,,,,,,,,,100,306239,,262
3010005,发送广播,3,2,3,1,发送广播%1,12,"1,1,0,1,1,0",,,,1090|1|0,,,,,,,,,,,,,,,,,,,,,,,,306043,1,263
3010006,发送广播并等待,3,2,3,1,发送广播%1并等待,12,"1,1,0,1,1,0",,,,1090|1|0,,,,,,,,,,,,,,,,,,,,,,,,306222,,264
3010011,发送服务器广播到所有云服房间,3,2,3,1,发送服务器广播%1到所有云服房间,12,"1,1,0,1,1,0",,,,1090|1|0,,,,,,,,,,,,,,,,,,,,,,0,100,306295,,265
3010008,设置全局天空盒贴图,3,2,3,1,设置%1为%2,12,"1,1,0,1,1,0",,,,1125|1|0,5|910001,1076|1|0,2|30001,,,,,,,,,,,,,,,,,,,0,,306138,,266
3010009,设置全局环境颜色,3,2,3,1,设置%1%2为%3,12,"1,1,0,1,1,0",,,,1124|1|0,5|900001,1126|1|0,5|920001,1056|1|0,1|0xFFFFFF,,,,,,,,,,,,,,,,,0,,306139,,267
3010010,设置全局环境参数(随时间变化),3,2,3,1,设置%1%2为%3,12,"1,1,0,1,1,0",,,,1124|1|0,5|900001,1127|1|0,5|930001,1005|1|0,1|20,,,,,,,,,,,,,,,,,0,,306140,,268
3010016,设置全局环境参数,3,2,3,1,设置%1为%2,12,"1,1,0,1,1,0",,,,3146|1|0,5|4460001,1005|1|0,1|20,,,,,,,,,,,,,,,,,,,,,,,
3010012,设置全局环境模板,3,2,3,1,设置当前环境为%1,12,"1,1,0,1,1,0",,,,1134|1|0,2|1,,,,,,,,,,,,,,,,,,,,,0,,306217,,269
3010014,设置全局天空盒开关,3,2,3,1,设置%1%2为%3,12,"1,1,0,1,1,0",,,,1124|1|0,5|900001,1139|1|0,5|1000001,1013|1|0,5|100001,,,,,,,,,,,,,,,,,0,100,306141,,270
3120003,设置数值,3,18,3,1,设置%1为%2,6,"1,1,0,1,1,0",,,,1005|0|0,,1005|1|0,1|0,,,,,,,,,,,,,,,,,,,0,,306038,1,271
3120010,设置字符串,3,18,3,1,设置%1为%2,6,"1,1,0,1,1,0",,,,1010|0|0,,1010|1|0,1|300198,,,,,,,,,,,,,,,,,,,0,,306240,,272
3120004,设置布尔值,3,18,3,1,设置%1为%2,6,"1,1,0,1,1,0",,,,1014|0|0,,1014|1|0,5|320002,,,,,,,,,,,,,,,,,,,0,100,306241,,273
3120005,设置玩家,3,18,3,1,设置%1为%2,6,"1,1,0,1,1,0",,,,1018|0|0,,1018|1|0,3|60009,,,,,,,,,,,,,,,,,,,0,,306045,1,274
3120008,设置生物,3,18,3,1,设置%1为%2,6,"1,1,0,1,1,0",,,,1031|0|0,,1031|1|0,3|80006,,,,,,,,,,,,,,,,,,,0,100,306242,,275
3120006,设置方块类型,3,18,3,1,设置%1为%2,6,"1,1,0,1,1,0",,,,1025|0|0,,1025|1|0,2|200,,,,,,,,,,,,,,,,,,,0,,306243,,276
3120007,设置道具类型,3,18,3,1,设置%1为%2,6,"1,1,0,1,1,0",,,,1028|0|0,,1028|1|0,2|11002,,,,,,,,,,,,,,,,,,,0,,306244,,277
3120009,设置生物类型,3,18,3,1,设置%1为%2,6,"1,1,0,1,1,0",,,,1032|0|0,,1032|1|0,2|3400,,,,,,,,,,,,,,,,,,,0,100,306245,,278
3120001,设置位置,3,18,3,1,设置%1为%2,6,"1,1,0,1,1,0",,,,1002|0|0,,1002|1|0,3|40003,,,,,,,,,,,,,,,,,,,0,,306246,,279
3120002,设置区域,3,18,3,1,设置%1为%2,6,"1,1,0,1,1,0",,,,1001|0|0,,1001|1|0,,,,,,,,,,,,,,,,,,,,0,100,306247,,280
3120011,设置特效类型,3,18,3,1,设置%1为%2,6,"1,1,0,1,1,0",,,,1045|0|0,,1045|1|0,2|1024,,,,,,,,,,,,,,,,,,,0,,306248,,281
3050004,设置玩家属性,3,3,3,1,设置%1的%2为%3,8,"1,1,0,1,1,0",,,,1018|1|0,3|60009,1020|1|2,5|140001,1005|1|0,1|0,,,,,,,,,,,,,,,,,0,,306031,1,282
3050007,设置玩家权限,3,3,3,1,设置%1的%2为%3,8,"1,1,0,1,1,0",,,,1018|1|0,3|60009,1022|1|2,5|160001,1013|1|2,5|100001,,,,,,,,,,,,,,,,,0,100,306047,1,283
3050011,设置玩家位置,3,3,3,1,传送%1至%2,8,"1,1,0,1,1,0",,,,1018|1|0,3|60009,1002|1|0,,,,,,,,,,,,,,,,,,,,0,,306036,1,284
3050012,设置玩家朝向,3,3,3,1,设置%1的朝向为%2,8,"1,1,0,1,1,0",,,,1018|1|0,3|60009,1003|1|2,5|20001,,,,,,,,,,,,,,,,,,,0,,306055,1,285
3050044,设置玩家移动方式,3,3,3,1,设置%1的移动方式为%2,8,"1,1,0,1,1,0",,,,1018|1|0,3|60009,1077|1|2,5|530001,,,,,,,,,,,,,,,,,,,,,306109,,286
3050020,设置玩家视角,3,3,3,1,设置%1的视角为%2，锁定%3,8,"1,1,0,1,1,0",,,,1018|1|0,3|60009,1004|1|2,5|30002,1013|1|2,5|100001,,,,,,,,,,,,,,,,,0,100,306145,,287
3050036,设置玩家外观,3,3,3,1,设置%1的外观为%2,8,"1,1,0,1,1,0",,,,1018|1|0,3|60009,1060|1|0,2|163,,,,,,,,,,,,,,,,,,,,,306056,1,288
3050079,设置玩家外观为某玩家外观,3,3,3,1,设置%1的外观为迷你号%2的玩家外观,8,"1,1,0,1,1,0",,,,1018|1|0,3|60009,1010|1|0,,,,,,,,,,,,,,,,,,,,0,,306100,1,289
3050037,恢复玩家外观,3,3,3,1,恢复%1为初始外观,8,"1,1,0,1,1,0",,,,1018|1|0,3|60009,,,,,,,,,,,,,,,,,,,,,,,306057,1,290
3050043,设置玩家名字,3,3,3,1,设置%1的名字为%2,8,"1,1,0,1,1,0",,,,1018|1|0,3|60009,1010|1|0,1|1010008,,,,,,,,,,,,,,,,,,,2,,306249,,291
3050024,玩家播放动画表情,3,3,3,1,使%2播放%1,8,"1,1,0,1,1,0",,,,1041|1|0,2|1,1018|1|0,3|60009,,,,,,,,,,,,,,,,,,,0,100,306223,,292
3050050,设置玩家道具,3,3,3,1,设置%1%2的道具为%3，数量为%4,8,"1,1,0,1,1,0",,,,1018|1|0,3|60009,1104|1|0,,1028|1|0,2|200,1005|1|0,1|1,,,,,,,,,,,,,,,0,,306146,,293
3050051,移除玩家道具,3,3,3,1,移除%1%2的%3个道具,8,"1,1,0,1,1,0",,,,1018|1|0,3|60009,1104|1|0,,1005|1|0,1|1,,,,,,,,,,,,,,,,,0,,306147,,294
3050053,清空玩家道具库,3,3,3,1,清空%1的所有%2,8,"1,1,0,1,1,0",,,,1018|1|0,3|60009,1103|1|0,5|710002,,,,,,,,,,,,,,,,,,,0,,306058,1,295
3050054,移动玩家道具,3,3,3,1,移动%1身上%2个%3到%4,8,"1,1,0,1,1,0",,,,1018|1|0,3|60009,1005|1|0,1|1,1104|1|0,,1104|1|0,,,,,,,,,,,,,,,,0,,306250,,296
3050055,交换玩家道具,3,3,3,1,交换%1身上%2到%3,8,"1,1,0,1,1,0",,,,1018|1|0,3|60009,1104|1|0,,1104|1|0,,,,,,,,,,,,,,,,,,0,,306148,,297
3050025,对玩家显示飘窗文字,3,3,3,1,对%1显示飘窗文字%2,10,"1,1,0,1,1,0",,,,1018|1|0,3|60009,1010|1|0,1|300198,,,,,,,,,,,,,,,,,,,0,,306039,1,298
3050027,对玩家显示聊天框信息,3,3,3,1,对%1显示聊天框信息%2,10,"1,1,0,1,1,0",,,,1018|1|0,3|60009,1010|1|0,1|300198,,,,,,,,,,,,,,,,,,,0,100,306220,,299
3050014,添加道具至玩家背包,3,3,3,1,添加%1个%2至%3背包,8,"1,1,0,1,1,0",,,,1005|1|0,1|1,1028|1|0,2|200,1018|1|0,3|60009,,,,,,,,,,,,,,,,,0,,306035,1,300
3050016,丢弃玩家背包道具,3,3,3,1,丢弃%1身上的%2个%3,8,"1,1,0,1,1,0",,,,1018|1|0,3|60009,1005|1|0,1|1,1028|1|0,2|200,,,,,,,,,,,,,,,,,0,,306149,,301
3050017,销毁玩家背包道具,3,3,3,1,销毁%1身上的%2个%3,8,"1,1,0,1,1,0",,,,1018|1|0,3|60009,1005|1|0,1|1,1028|1|0,2|200,,,,,,,,,,,,,,,,,0,,306150,,302
3050026,玩家使用快捷栏道具,3,3,3,1,使用%1快捷栏选中道具,8,"1,1,0,1,1,0",,,,1018|1|0,3|60009,,,,,,,,,,,,,,,,,,,,,0,100,306101,,303
3050056,移除玩家身上所有状态效果,3,3,3,1,清除%1身上所有状态效果,8,"1,1,0,1,1,0",,,,1018|1|0,3|60009,,,,,,,,,,,,,,,,,,,,,0,,306251,,304
3050057,移除玩家身上所有有害状态效果,3,3,3,1,清除%1身上所有有害状态效果,8,"1,1,0,1,1,0",,,,1018|1|0,3|60009,,,,,,,,,,,,,,,,,,,,,0,,306252,,305
3050058,设置玩家面向角度,3,3,3,1,设置%1面向角度为%2,8,"1,1,0,1,1,0",,,,1018|1|0,3|60009,1005|1|0,1|90,,,,,,,,,,,,,,,,,,,0,,306253,,306
3050089,设置玩家模型角度,3,3,3,1,设置%1 模型%2角度为%3,8,"1,1,0,1,1,0",,,,1018|1|0,3|60009,1147|1|2,5|1480001,1005|1|0,1|90,,,,,,,,,,,,,,,,,0,,,,307
3050059,对玩家打开世界中的箱子,3,3,3,1,对%1打开%2的箱子（有效范围约60个方块）,8,"1,1,0,1,1,0",,,,1018|1|0,3|60009,1002|1|0,3|40003,,,,,,,,,,,,,,,,,,,0,,306254,,308
3050060,对玩家打开工匠台,3,3,3,1,对%1打开工匠台,8,"1,1,0,1,1,0",,,,1018|1|0,3|60009,,,,,,,,,,,,,,,,,,,,,0,,306255,,309
3050005,给予玩家状态效果,3,3,3,1,给予%1%2效果，永久持续%3，持续%4秒,8,"1,1,0,1,1,0",,,,1018|1|0,3|60009,1037|1|0,2|4001,1014|1|0,5|320002,1005|1|0,1|0,,,,,,,,,,,,,,,0,,306041,1,310
3050006,移除玩家状态效果,3,3,3,1,移除%1的%2效果,8,"1,1,0,1,1,0",,,,1018|1|0,3|60009,1037|1|0,2|4001,,,,,,,,,,,,,,,,,,,0,,306256,,311
3050031,替换玩家状态效果,3,3,3,1,将%1身上的%2替换为%3，永久持续%4，持续%5秒,8,"1,1,0,1,1,0",,,,1018|1|0,3|60009,1037|1|0,2|4001,1037|1|0,2|8001,1014|1|0,5|320002,1005|1|0,1|0,,,,,,,,,,,,,0,100,306257,,312
3050001,击败玩家,3,3,3,1,击败%1,8,"1,1,0,1,1,0",,,,1018|1|0,3|60009,,,,,,,,,,,,,,,,,,,,,0,,306258,,313
3050002,玩家复活到指定位置,3,3,3,1,使%1复活到%2,8,"1,1,0,1,1,0",,,,1018|1|0,3|60009,1002|1|0,3|40003,,,,,,,,,,,,,,,,,,,0,,306261,,314
3050052,发送房间内好友申请,3,3,3,1,使%1向房间内的%2发送好友申请,8,"1,1,0,1,1,0",,,,1018|1|0,3|60009,1018|1|0,3|60010,,,,,,,,,,,,,,,,,,,0,,306263,,315
3050003,设置玩家复活点,3,3,3,1,设置%1的复活点为%2,8,"1,1,0,1,1,0",,,,1018|1|0,3|60009,1002|1|0,3|40003,,,,,,,,,,,,,,,,,,,0,,306262,,316
3050023,玩家胜利,3,3,3,1,使%1获得游戏胜利,8,"1,1,0,1,1,0",,,,1018|1|0,3|60009,,,,,,,,,,,,,,,,,,,,,0,,306264,,317
3050008,移除玩家,3,3,3,1,将%1移出本局游戏,8,"1,1,0,1,1,0",,,,1018|1|0,3|60009,,,,,,,,,,,,,,,,,,,,,0,,306265,,318
3050066,传送玩家到指定地图,3,3,3,1,将%1传送到地图ID为%2的地图,8,"1,1,0,1,1,0",,,,1018|1|0,3|60009,1010|1|0,,,,,,,,,,,,,,,,,,,,0,,306266,,319
3050067,传送玩家到指定房间,3,3,3,1,将%1传送到房间ID为%2的地图,8,"1,1,0,1,1,0",,,,1018|1|0,3|60009,1010|1|0,,,,,,,,,,,,,,,,,,,,0,,306267,,320
3050078,传送玩家到指定类型房间,3,3,3,1,将%1传送到类型为%2的房间,8,"1,1,0,1,1,0",,,,1018|1|0,3|60009,1010|1|0,,,,,,,,,,,,,,,,,,,,0,,306268,,321
3050080,传送玩家到指定地图且指定类型房间,3,3,3,1,将%1传送到地图ID为%2类型为%3的房间,8,"1,1,0,1,1,0",,,,1018|1|0,3|60009,1010|1|0,,1010|1|0,,,,,,,,,,,,,,,,,,0,,306269,,322
3050081,对玩家显示好友邀请弹窗,3,3,3,1,对%1显示好友邀请弹窗,8,"1,1,0,1,1,0",,,,1018|1|0,3|60009,,,,,,,,,,,,,,,,,,,,,0,,306270,,323
3050090,使玩家对玩家赠送礼物,3,3,3,1,对%1显示赠送礼物弹窗，接收者为%2,8,"1,1,0,1,1,0",,,,1018|1|0,3|60009,1018|1|0,3|60010,,,,,,,,,,,,,,,,,,,2,,306263,,323
3050068,传送玩家组到其他房间,3,3,3,1,将%1传送到当前地图的其他房间,8,"1,1,0,1,1,0",,,,1019|1|0,3|60006,,,,,,,,,,,,,,,,,,,,,0,100,306271,,324
3050009,玩家加入观战模式,3,3,3,1,使%1加入观战模式,8,"1,1,0,1,1,0",,,,1018|1|0,3|60009,,,,,,,,,,,,,,,,,,,,,0,,306272,,325
3050045,玩家退出观战模式,3,3,3,1,使%1退出观战模式,8,"1,1,0,1,1,0",,,,1018|1|0,3|60009,,,,,,,,,,,,,,,,,,,,,,100,306273,,326
3050030,使玩家移动,3,3,3,1,使%1朝%2移动，速度%3,8,"1,1,0,1,1,0",,,,1018|1|0,3|60009,1047|1|0,5|350005,1005|1|0,1|1,,,,,,,,,,,,,,,,,0,,306274,,327
3050018,玩家骑乘载具,3,3,3,1,使%1骑乘%2，位置编号%3，可控制%4,8,"1,1,0,1,1,0",,,,1018|1|0,3|60009,1031|1|0,,1005|1|0,1|1,1013|1|2,5|100002,,,,,,,,,,,,,,,0,,306213,,328
3050019,玩家离开载具,3,3,3,1,使%1离开当前载具,8,"1,1,0,1,1,0",,,,1018|1|0,3|60009,,,,,,,,,,,,,,,,,,,,,0,,306214,,329
3050021,玩家控制载具前进,3,3,3,1,使%1驾驶载具自动前进,8,"1,1,0,1,1,0",,,,1018|1|0,3|60009,,,,,,,,,,,,,,,,,,,,,2,,306275,,330
3050022,玩家自动寻路,3,3,3,1,使%1尝试自动寻路到%2，可操作%3,8,"1,1,0,1,1,0",,,,1018|1|0,3|60009,1002|1|0,,1013|1|2,5|100001,,,,,,,,,,,,,,,,,0,100,该事件有距离限制，超过一定（约32个方块）范围会导致无法触发,,331
3050040,使玩家对玩家造成伤害,3,3,3,1,使%1对%2造成%3点%4伤害,8,"1,1,0,1,1,0",,,,1018|1|0,3|60009,1018|1|0,3|60010,1005|1|0,1|10,1011|1|2,5|80001,,,,,,,,,,,,,,,,,"1.可以获取到伤害来源为玩家，会显示伤害飘字
2.近战伤害、远程伤害、爆炸伤害会默认加5点伤害值，会根据防御力计算最终的伤害值
3.会触发对应的事件（例如玩家造成伤害，玩家受到伤害），但不会触发玩家攻击、攻击命中等事件",,332
3050041,使玩家对生物造成伤害,3,3,3,1,使%1对%2造成%3点%4伤害,8,"1,1,0,1,1,0",,,,1018|1|0,3|60009,1031|1|0,3|80007,1005|1|0,1|10,1011|1|2,5|80001,,,,,,,,,,,,,,,,,"1.可以获取到伤害来源为玩家，会显示伤害飘字
2.近战伤害、远程伤害、爆炸伤害会默认加5点伤害值，会根据防御力计算最终的伤害值
3.会触发对应的事件（例如玩家造成伤害，玩家受到伤害），但不会触发玩家攻击、攻击命中等事件",,333
3050042,使玩家伤害区域内的目标,3,3,3,1,使%1对%2内的所有目标造成%3点%4伤害,8,"1,1,0,1,1,0",,,,1018|1|0,3|60009,1001|1|0,,1005|1|0,1|10,1011|1|2,5|80001,,,,,,,,,,,,,,,,,"1.对所有人造成伤害（包括自己），可以获取到伤害来源为玩家，会显示伤害飘字
2.近战伤害、远程伤害、爆炸伤害会默认加5点伤害值，会根据防御力计算最终的伤害值
3. 会触发对应的事件（例如玩家造成伤害、玩家、生物受到伤害等），但不会触发玩家攻击、攻击命中等事件
",,334
3050046,设置玩家免疫伤害类型,3,3,3,1,设置%1免疫%2,8,"1,1,0,1,1,0",,,,1018|1|0,3|60009,1011|1|2,5|80001,,,,,,,,,,,,,,,,,,,,,306276,,335
3050047,移除玩家免疫伤害类型,3,3,3,1,移除%1免疫%2,8,"1,1,0,1,1,0",,,,1018|1|0,3|60009,1011|1|2,5|80001,,,,,,,,,,,,,,,,,,,,100,306277,,336
3050032,使玩家穿上装备,3,3,3,1,使%1穿上背包中的%2,8,"1,1,0,1,1,0",,,,1018|1|0,3|60009,1055|1|0,2|12202,,,,,,,,,,,,,,,,,,,,,306278,,337
3050033,使玩家脱下装备,3,3,3,1,使%1脱下%2的装备至背包中,8,"1,1,0,1,1,0",,,,1018|1|0,3|60009,1054|1|0,,,,,,,,,,,,,,,,,,,,,,306279,,338
3050034,创建玩家装备,3,3,3,1,创建%1至%2装备栏中,8,"1,1,0,1,1,0",,,,1055|1|0,2|12202,1018|1|0,3|60009,,,,,,,,,,,,,,,,,,,,,306280,,339
3050035,销毁玩家装备,3,3,3,1,销毁%1%2中的装备,8,"1,1,0,1,1,0",,,,1018|1|0,3|60009,1054|1|0,5|420001,,,,,,,,,,,,,,,,,,,,,306281,,340
3050028,指定玩家道具不可丢弃,3,3,3,1,设置%1的%2不可丢弃为%3,8,"1,1,0,1,1,0",,,,1018|1|0,3|60009,1028|1|0,2|200,1013|1|2,5|100001,,,,,,,,,,,,,,,,,0,,306282,,341
3050029,指定玩家道具不可掉落,3,3,3,1,设置%1的%2不可掉落为%3,8,"1,1,0,1,1,0",,,,1018|1|0,3|60009,1028|1|0,2|200,1013|1|2,5|100001,,,,,,,,,,,,,,,,,0,100,306283,,342
3050064,设置玩家滤镜的颜色,3,3,3,1,设置%1的滤镜颜色为%2,8,"1,1,0,1,1,0",,,,1018|1|0,3|60009,1056|1|0,1|0xFFFFFF,,,,,,,,,,,,,,,,,,,0,,306142,,343
3050065,设置玩家滤镜的参数,3,3,3,1,设置%1的滤镜%2为%3,8,"1,1,0,1,1,0",,,,1018|1|0,3|60009,1129|1|0,5|950001,1005|1|0,1|50,,,,,,,,,,,,,,,,,0,,306143,,344
3050076,设置玩家滤镜的色彩风格,3,3,3,1,设置%1滤镜的色彩风格为%2,8,"1,1,0,1,1,0",,,,1018|1|0,3|60009,1135|1|0,2|1,,,,,,,,,,,,,,,,,,,0,,306144,,345
3050077,设置玩家的滤镜模板,3,3,3,1,设置%1滤镜模板为%2,8,"1,1,0,1,1,0",,,,1018|1|0,3|60009,1136|1|0,2|1,,,,,,,,,,,,,,,,,,,0,100,306238,,346
3050082,设置玩家天空盒贴图(动效),3,3,3,1,设置%1的%2为%3，动画%4，时长%5秒,8,"1,1,0,1,1,0",,,,1018|1|0,3|60009,1125|1|0,5|910001,1076|1|0,2|30001,1112|1|2,5|850002,1005|1|0,1|1,,,,,,,,,,,,,,,306284,,347
3050083,设置玩家天空盒颜色(动效),3,3,3,1,设置%1%2为%3，动画%4，时长%5秒,8,"1,1,0,1,1,0",,,,1018|1|0,3|60009,1126|1|0,5|920001,1056|1|0,1|0xFFFFFF,1112|1|2,5|850002,1005|1|0,1|1,,,,,,,,,,,,,,,306285,,348
3050084,设置玩家天空盒参数(动效),3,3,3,1,设置%1%2为%3,8,"0,0,0,0,0,0",,,,1124|1|0,5|900001,1127|1|0,5|930001,1005|1|0,1|20,,,,,,,,,,,,,,,,,0,,,,349
3050085,设置玩家天空盒模板(动效),3,3,3,1,设置%1当前天空盒为%2,8,"0,0,0,0,0,0",,,,1124|1|0,5|900001,1134|1|0,2|1,,,,,,,,,,,,,,,,,,,0,,,,350
3050086,设置玩家天空盒开关(动效),3,3,3,1,设置%1%2为%3,8,"0,0,0,0,0,0",,,,1124|1|0,5|900001,1139|1|0,5|1000001,1013|1|0,5|100001,,,,,,,,,,,,,,,,,0,,,,351
3050087,设置玩家滤镜的颜色(动效),3,3,3,1,设置%1的滤镜颜色为%2，动画%3，时长%4秒,8,"1,1,0,1,1,0",,,,1018|1|0,3|60009,1056|1|0,1|0xFFFFFF,1112|1|2,5|850002,1005|1|0,1|1,,,,,,,,,,,,,,,,,306286,,352
3050088,设置玩家镜头特效(动效),3,3,3,1,设置%1的镜头特效为%2，颜色%3，密度%4，方向%5,8,"0,0,0,0,0,0",,,,1018|1|0,3|60009,1076|1|0,2|30001,1056|1|0,1|0xFFFFFF,1005|1|0,1|1,1005|1|0,1|1,,,,,,,,,,,,,0,100,,,353
3050013,设置玩家摄像机角度,3,3,3,1,设置%1的摄像机角度为世界坐标水平%2度，垂直%3度,8,"1,1,0,1,1,0",,,,1018|1|0,3|60009,1005|1|0,1|1,1005|1|0,1|1,,,,,,,,,,,,,,,,,0,,306123,,354
3050048,抖动玩家摄像机,3,3,3,1,抖动%1摄像机%2秒，强度为%3,8,"1,1,0,1,1,0",,,,1018|1|0,3|60009,1005|1|0,1|2,1005|1|0,1|100,,,,,,,,,,,,,,,,,,,306059,1,355
3050049,停止玩家摄像机抖动,3,3,3,1,停止%1摄像机抖动,8,"1,1,0,1,1,0",,,,1018|1|0,3|60009,,,,,,,,,,,,,,,,,,,,,,,306115,,356
3050069,使摄像机移动,3,3,3,1,使%1%2%3(与世界坐标比例为100:1)，动画%4，时长%5秒,8,"1,1,0,1,1,0",,,,1132|1|0,3|320001,1120|1|2,5|840001,1005|1|0,1|10,1112|1|2,5|850002,1005|1|0,1|1,,,,,,,,,,,,,0,,306120,,357
3050070,使摄像机旋转,3,3,3,1,使%1%2%3，动画%4，时长%5秒,8,"1,1,0,1,1,0",,,,1132|1|0,3|320002,1120|1|2,5|840001,1005|1|0,1|45,1112|1|2,5|850002,1005|1|0,1|1,,,,,,,,,,,,,0,,306121,,358
3050071,设置摄像机权限,3,3,3,1,设置%1的摄像机%2为%3,8,"1,1,0,1,1,0",,,,1018|1|0,3|60009,1130|1|2,5|960001,1013|1|2,5|100001,,,,,,,,,,,,,,,,,0,,306118,,359
3050072,设置摄像机转动模式,3,3,3,1,设置%1的摄像机转动模式为%2,8,"1,1,0,1,1,0",,,,1018|1|0,3|60009,1131|1|2,5|970001,,,,,,,,,,,,,,,,,,,0,,306122,,360
3050073,将摄像机挂载到对象,3,3,3,1,将%1的摄像机挂载到%2上,8,"1,1,0,1,1,0",,,,1018|1|0,3|60009,1048|1|0,,,,,,,,,,,,,,,,,,,,0,,306117,,361
3050074,将摄像机挂载到位置,3,3,3,1,将%1的摄像机挂载到%2上,8,"1,1,0,1,1,0",,,,1018|1|0,3|60009,1002|1|0,,,,,,,,,,,,,,,,,,,,0,,306116,,362
3050075,还原摄像机属性,3,3,3,1,还原%1的摄像机属性,8,"1,1,0,1,1,0",,,,1018|1|0,3|60009,,,,,,,,,,,,,,,,,,,,,0,100,306119,,363
3050063,使玩家手机震动,3,3,3,1,设置%1手机震动时长%2毫秒，强度%3,8,"1,1,0,1,1,0",,,,1018|1|0,3|60009,1005|1|0,1|100,1005|1|0,1|100,,,,,,,,,,,,,,,,,,100,306287,,364
3200004,对玩家显示显示板,3,3,3,1,对%1显示%2,10,"1,0,0,1,1,0",,,,1018|1|0,3|60009,1082|1|0,,,,,,,,,,,,,,,,,,,,,,306288,,365
3200005,对玩家隐藏显示板,3,3,3,1,对%1设置%2为隐藏,10,"1,0,0,1,1,0",,,,1018|1|0,3|60009,1082|1|0,,,,,,,,,,,,,,,,,,,,,,306289,,366
3200001,设置玩家显示板的图片,3,3,3,1,设置该%1%2图片为%3,10,"1,0,0,1,1,0",,,,1018|1|0,3|60009,1082|1|0,,1076|1|0,2|10100,,,,,,,,,,,,,,,,,,,306290,,367
3200002,设置玩家显示板的视频,3,3,3,1,设置该%1%2视频链接为%3,10,"1,0,0,1,1,0",,,,1018|1|0,3|60009,1082|1|0,,1010|1|0,,,,,,,,,,,,,,,,,,,,306291,,368
3200003,设置玩家显示板的界面,3,3,3,1,设置该%1%2显示界面为%3,10,"1,0,0,1,1,0",,,,1018|1|0,3|60009,1082|1|0,,1074|1|0,,,,,,,,,,,,,,,,,,2,,"1.同个显示板可以对不同玩家显示不同的内容
2.需要对所有玩家都执行一次该事件，才能让所有玩家看到相同的内容",,369
3200006,设置玩家显示板视频播放模式,3,3,3,1,设置该%1%2 的视频播放模式为%3,10,"1,0,0,1,1,0",,,,1018|1|0,3|60009,1082|1|0,,1086|1|2,5|610001,,,,,,,,,,,,,,,,,,,306292,,370
3200007,设置玩家显示板的网络视频,3,3,3,1,设置该%1%2显示网络视频链接为%3,10,"1,0,0,1,1,0",,,,1018|1|0,3|60009,1082|1|0,,1010|1|0,,,,,,,,,,,,,,,,,,,100,306293,,371
3050010,设置玩家队伍,3,3,3,1,设置%1的队伍为%2，重置原属性值%3,8,"1,1,0,1,1,0",,,,1018|1|0,3|60009,1023|1|0,5|170001,1013|1|2,5|100001,,,,,,,,,,,,,,,,,0,,306296,,372
3050061,对玩家打开排行榜,3,3,3,1,对%1显示%2,8,"1,1,0,1,1,0",,,,1018|1|0,3|60009,1111|1|0,,,,,,,,,,,,,,,,,,,,0,,306297,,373
3050062,对玩家隐藏排行榜,3,3,3,1,对%1隐藏排行榜,8,"1,1,0,1,1,0",,,,1018|1|0,3|60009,,,,,,,,,,,,,,,,,,,,,0,,306298,,374
3060001,添加玩家进玩家组,3,3,3,1,将%1添加进%2,8,"1,1,0,1,1,0",,,,1018|1|0,3|60009,1019|0|0,,,,,,,,,,,,,,,,,,,,0,,306299,,375
3060002,从玩家组中移除玩家,3,3,3,1,将%1从%2中移除,8,"1,1,0,1,1,0",,,,1018|1|0,3|60009,1019|0|0,,,,,,,,,,,,,,,,,,,,0,,306300,,376
3060003,清空玩家组,3,3,3,1,清空%1,8,"1,1,0,1,1,0",,,,1019|0|0,,,,,,,,,,,,,,,,,,,,,,0,100,306301,,377
3060004,对玩家组执行触发器,3,3,3,1,对%1内的每一个玩家执行%2，并检查触发器条件为%3,8,"1,1,0,1,1,0",,,,1019|1|0,,1038|1|0,,1014|1|0,5|320002,,,,,,,,,,,,,,,,,0,,306302,,378
3060006,对玩家组显示飘窗文字,3,3,3,1,对%1内每一个玩家显示飘窗文字%2,10,"1,1,0,1,1,0",,,,1019|1|0,,1010|1|0,1|300198,,,,,,,,,,,,,,,,,,,0,,306040,1,379
3060005,对玩家组显示聊天框信息,3,3,3,1,对%1内每一个玩家显示聊天框信息%2,10,"1,1,0,1,1,0",,,,1019|1|0,,1010|1|0,1|300198,,,,,,,,,,,,,,,,,,,0,,306221,,380
3070001,创建生物,3,4,3,1,在%1创建%2个%3，阵营属于%4,5,"1,1,0,1,1,0",,,,1002|1|0,3|40003,1005|1|0,1|1,1032|1|0,2|3400,1023|1|0,5|170001,,,,,,,,,,,,,,,0,,306032,1,381
3070025,替换生物,3,4,3,1,替换%1为%2，按百分比保留生命值为%3,5,"1,1,0,1,1,0",,,,1031|1|0,3|80006,1032|1|0,2|3400,1014|1|0,5|320001,,,,,,,,,,,,,,,,,,100,"1.替换后保留生物的图文信息
2.替换后生物队伍不变
3.生物变量也会改变，例如：替换前变量存了A生物，替换成B生物后，变量存的值从A生物变为B生物（只影响生物变量，不影响生物类型变量）",,382
3070003,击败生物,3,4,3,1,击败%1,5,"1,1,0,1,1,0",,,,1031|1|0,3|80006,,,,,,,,,,,,,,,,,,,,,0,,306050,1,383
3070004,删除生物,3,4,3,1,删除%1,5,"1,1,0,1,1,0",,,,1031|1|0,3|80006,,,,,,,,,,,,,,,,,,,,,0,,306303,,384
3070005,击败生物类型,3,4,3,1,击败%1,5,"1,1,0,1,1,0",,,,1032|1|0,2|3400,,,,,,,,,,,,,,,,,,,,,0,,306304,,385
3070006,删除生物类型,3,4,3,1,删除%1,5,"1,1,0,1,1,0",,,,1032|1|0,2|3400,,,,,,,,,,,,,,,,,,,,,0,100,306305,,386
3070007,设置生物属性,3,4,3,1,设置%1的%2属性为%3,5,"1,1,0,1,1,0",,,,1031|1|0,3|80006,1035|1|2,5|210001,1005|1|0,1|0,,,,,,,,,,,,,,,,,0,,306051,1,387
3070010,设置生物权限,3,4,3,1,设置%1的%2为 %3,5,"1,1,0,1,1,0",,,,1031|1|0,3|80006,1036|1|2,5|220001,1013|1|2,5|100001,,,,,,,,,,,,,,,,,0,100,306306,,388
3070014,设置生物面向角度,3,4,3,1,设置%1朝向为%2度,5,"1,1,0,1,1,0",,,,1031|1|0,3|80006,1005|1|0,1|0,,,,,,,,,,,,,,,,,,,0,,306307,,389
3070031,设置生物模型角度,3,4,3,1,设置%1 模型%2角度为%3,5,"1,1,0,1,1,0",,,,1031|1|0,3|80006,1147|1|2,5|1480001,1005|1|0,1|0,,,,,,,,,,,,,,,,,0,,,,390
3070015,设置生物位置,3,4,3,1,传送%1至%2,5,"1,1,0,1,1,0",,,,1031|1|0,3|80006,1002|1|0,,,,,,,,,,,,,,,,,,,,0,100,306308,,391
3070018,设置生物外观,3,4,3,1,设置%1的外观为%2,5,"1,1,0,1,1,0",,,,1031|1|0,3|80006,1060|1|0,2|163,,,,,,,,,,,,,,,,,,,,,306259,,392
3070020,设置生物外观为某玩家外观,3,4,3,1,设置%1的外观为迷你号%2的玩家外观,5,"1,1,0,1,1,0",,,,1031|1|0,3|80006,1010|1|0,,,,,,,,,,,,,,,,,,,,0,,306100,1,393
3070019,恢复生物外观,3,4,3,1,恢复%1的为初始外观,5,"1,1,0,1,1,0",,,,1031|1|0,3|80006,,,,,,,,,,,,,,,,,,,,,,,306260,,394
3070028,移除生物身上所有状态效果,3,4,3,1,移除%1身上所有状态效果,5,"1,1,0,1,1,0",,,,1031|1|0,3|80006,,,,,,,,,,,,,,,,,,,,,0,100,306310,,395
3070029,移除生物身上所有有害状态效果,3,4,3,1,移除%1身上所有有害状态效果,5,"1,1,0,1,1,0",,,,1031|1|0,3|80006,,,,,,,,,,,,,,,,,,,,,0,100,306311,,396
3070011,使生物播放动画表情,3,4,3,1,使%1播放%2,5,"1,1,0,1,1,0",,,,1031|1|0,3|80006,1041|1|0,2|1,,,,,,,,,,,,,,,,,,,0,100,306312,,397
3070012,给予生物状态效果,3,4,3,1,给予%1%2效果,5,"1,1,0,1,1,0",,,,1031|1|0,3|80006,1037|1|0,2|4001,,,,,,,,,,,,,,,,,,,0,,306313,,398
3070013,生物移除状态效果,3,4,3,1,移除%1的%2效果,5,"1,1,0,1,1,0",,,,1031|1|0,3|80006,1037|1|0,2|4001,,,,,,,,,,,,,,,,,,,0,100,306314,,399
3070016,生物自动寻路,3,4,3,1,使%1尝试自动寻路到%2,5,"1,1,0,1,1,0",,,,1031|1|0,3|80006,1002|1|0,,,,,,,,,,,,,,,,,,,,0,,306060,1,400
3070017,使生物移动,3,4,3,1,使%1朝%2移动，速度为%3,5,"1,1,0,1,1,0",,,,1031|1|0,3|80006,1047|1|0,5|350005,1005|1|0,1|1,,,,,,,,,,,,,,,,,0,100,306315,,401
3070008,设置生物伤害类型,3,4,3,1,设置%1的伤害类型为%2,5,"1,1,0,1,1,0",,,,1031|1|0,3|80006,1011|1|2,5|80001,,,,,,,,,,,,,,,,,,,0,,306316,,402
3070022,使生物对玩家造成伤害,3,4,3,1,使%1对%2造成%3点%4伤害,5,"1,1,0,1,1,0",,,,1031|1|0,3|80006,1018|1|0,3|60010,1005|1|0,1|10,1011|1|2,5|80001,,,,,,,,,,,,,,,,,306317,,403
3070023,使生物对生物造成伤害,3,4,3,1,使%1对%2造成%3点%4伤害,5,"1,1,0,1,1,0",,,,1031|1|0,3|80006,1031|1|0,3|80007,1005|1|0,1|10,1011|1|2,5|80001,,,,,,,,,,,,,,,,,306318,,404
3070024,使生物伤害区域内的目标,3,4,3,1,使%1对%2内的目标造成%3点%4伤害,5,"1,1,0,1,1,0",,,,1031|1|0,3|80006,1001|1|0,,1005|1|0,1|10,1011|1|2,5|80001,,,,,,,,,,,,,,,,100,306319,,405
3070009,设置生物免疫伤害类型,3,4,3,1,设置%1免疫%2,5,"1,1,0,1,1,0",,,,1031|1|0,3|80006,1011|1|2,5|80001,,,,,,,,,,,,,,,,,,,0,,306320,,406
3070027,移除生物免疫伤害类型,3,4,3,1,移除%1免疫%2,5,"1,1,0,1,1,0",,,,1031|1|0,3|80006,1011|1|2,5|80001,,,,,,,,,,,,,,,,,,,,100,306321,,407
3070026,设置生物队伍,3,4,3,1,设置%1的队伍为%2,5,"1,1,0,1,1,0",,,,1031|1|0,3|80006,1023|1|0,5|170001,,,,,,,,,,,,,,,,,,,,,306322,,408
3070030,使生物被玩家驯服,3,4,3,1,使%1被%2驯服,5,"1,1,0,1,1,0",,,,1031|1|0,,1018|1|0,3|60009,,,,,,,,,,,,,,,,,,,0,100,306323,1,409
3080001,添加生物进生物组,3,4,3,1,添加%1进入指定%2,5,"1,1,0,1,1,0",,,,1031|1|0,3|80006,1033|0|0,,,,,,,,,,,,,,,,,,,,0,,306324,,410
3080002,从生物组中移除生物,3,4,3,1,将%1移除出%2,5,"1,1,0,1,1,0",,,,1031|1|0,3|80006,1033|0|0,,,,,,,,,,,,,,,,,,,,0,,306325,,411
3080003,清空生物组,3,4,3,1,清空%1,5,"1,1,0,1,1,0",,,,1033|0|0,,,,,,,,,,,,,,,,,,,,,,0,100,306326,,412
3080004,对生物组执行触发器,3,4,3,1,对%1内的每一个生物执行%2，检查触发器条件%3,5,"1,1,0,1,1,0",,,,1033|1|0,,1038|1|0,,1014|1|0,5|320002,,,,,,,,,,,,,,,,,0,,306327,,413
3040001,创建方块,3,5,3,1,在%1创建%2，朝向为%3,2,"1,1,0,1,1,0",,,,1002|1|0,3|40003,1025|1|0,2|200,1003|1|2,5|20001,,,,,,,,,,,,,,,,,0,,306049,1,414
3040011,创建颜色方块,3,5,3,1,"在%1创建%2，朝向为%3,颜色为%4（仅颜色方块有效）",2,"1,1,0,1,1,0",,,,1002|1|0,3|40003,1025|1|0,2|666,1003|1|2,5|20001,1056|1|0,1|0xFFFFFF,,,,,,,,,,,,,,,0,,306224,,415
3040010,破坏方块,3,5,3,1,破坏在%1上的方块,2,"1,1,0,1,1,0",,,,1002|1|0,,,,,,,,,,,,,,,,,,,,,,0,,306227,,416
3040002,删除方块,3,5,3,1,删除在%1上的方块,2,"1,1,0,1,1,0",,,,1002|1|0,3|40003,,,,,,,,,,,,,,,,,,,,,0,,306226,,417
3040003,替换方块,3,5,3,1,替换在%1上的方块为%2，朝向%3,2,"1,1,0,1,1,0",,,,1002|1|0,3|40003,1025|1|0,2|200,1003|1|2,5|20001,,,,,,,,,,,,,,,,,0,100,306225,,418
3040013,替换颜色方块,3,5,3,1,替换%1上的%2，朝向为%3，颜色为%4（仅颜色方块有效）,2,"1,1,0,1,1,0",,,,1002|1|0,3|40003,1025|1|0,2|666,1003|1|2,5|20001,1056|1|0,1|0xFFFFFF,,,,,,,,,,,,,,,0,,,,419
3040004,设置方块开关状态,3,5,3,1,设置%1的方块开关状态为%2,2,"1,1,0,1,1,0",,,,1002|1|0,3|40003,1013|1|2,5|100001,,,,,,,,,,,,,,,,,,,0,,,,420
3040014,清空区域中所有方块,3,5,3,1,清空%1内的所有方块,2,"1,1,0,1,1,0",,,,1001|1|0,,,,,,,,,,,,,,,,,,,,,,0,,306063,1,421
3040015,破坏区域中指定类型方块,3,5,3,1,破坏%1内的%2,2,"1,1,0,1,1,0",,,,1001|1|0,,1025|1|0,2|200,,,,,,,,,,,,,,,,,,,0,,,,422
3040016,破坏区域中所有方块,3,5,3,1,破坏%1内的所有方块,2,"1,1,0,1,1,0",,,,1001|1|0,,,,,,,,,,,,,,,,,,,,,,0,,306064,1,423
3040005,设置方块权限,3,5,3,1,设置%1的%2为%3,2,"1,1,0,1,1,0",,,,1025|1|0,2|200,1026|1|2,5|190001,1013|1|2,5|100001,,,,,,,,,,,,,,,,,0,,,,424
3040012,方块播放动作,3,5,3,1,"使%1上的方块播放%2,播放模式%3",2,"1,1,0,1,1,0",,,,1002|1|0,3|40003,1041|1|0,2|12,1102|1|2,5|700004,,,,,,,,,,,,,,,,,0,100,,,425
3040006,以方块填充区域,3,5,3,1,以%1填充%2，朝向为%3,2,"1,1,0,1,1,0",,,,1025|1|0,2|200,1001|1|0,,1003|1|2,5|20001,,,,,,,,,,,,,,,,,0,,,,426
3040017,替换区域中所有方块,3,5,3,1,将%1内的所有方块替换为%2，朝向%3,2,"1,1,0,1,1,0",,,,1001|1|0,,1025|1|0,2|200,1003|1|0,5|20004,,,,,,,,,,,,,,,,,0,,306061,1,427
3040018,放置蓝图,3,5,3,1,在%1放置%2，旋转%3，镜像%4，蓝图区域全部覆盖%5,2,"1,1,0,1,1,0",,,,1002|1|0,3|40003,1107|1|0,2|200,1108|1|2,5|740001,1109|1|2,5|320002,1110|1|2,5|320001,,,,,,,,,,,,,0,100,306065,1,428
3040007,清空区域内方块,3,5,3,1,清空%1内的%2,2,"1,1,0,1,1,0",,,,1001|1|0,,1025|1|0,2|200,,,,,,,,,,,,,,,,,,,0,,,,429
3040008,复制区域内方块到指定点,3,5,3,1,复制%1内的方块并放置在%2,2,"1,1,0,1,1,0",,,,1001|1|0,,1002|1|0,3|40003,1003|1|2,5|20001,,,,,,,,,,,,,,,,,0,,,,430
3040009,区域替换方块,3,5,3,1,将%1中的%2替换为%3，朝向%4,2,"1,1,0,1,1,0",,,,1001|1|0,,1025|1|0,2|0,1025|1|0,2|200,1003|1|2,5|20001,,,,,,,,,,,,,,,0,100,306062,1,431
3100001,创建道具至储物箱,3,6,3,1,创建%1%2个至指定%3储存箱,1,"1,1,0,1,1,0",,,,1028|1|0,2|200,1005|1|0,1|64,1002|1|0,,,,,,,,,,,,,,,,,,0,,,,432
3100002,删除储物箱中的道具,3,6,3,1,删除指定%1储存箱中的%2个%3,1,"1,1,0,1,1,0",,,,1002|1|0,,1005|1|0,1|1,1028|1|0,2|200,,,,,,,,,,,,,,,,,0,,,,433
3100003,清空储物箱的道具,3,6,3,1,清空指定%1储存箱中的所有道具,1,"1,1,0,1,1,0",,,,1002|1|0,,,,,,,,,,,,,,,,,,,,,,0,100,,,434
3100004,创建投掷物,3,6,3,1,在指定%1创建%2，向%3发射,1,"1,1,0,1,1,0",,,,1002|1|0,3|40003,1029|1|0,2|12052,1002|1|0,,,,,,,,,,,,,,,,,,0,,306044,1,435
3100005,创建玩家的投掷物,3,6,3,1,在指定%1创建属于%2的%3，向%4发射,1,"1,1,0,1,1,0",,,,1002|1|0,3|40003,1018|1|0,,1029|1|0,2|12052,1002|1|0,,,,,,,,,,,,,,,,0,,306102,,436
3100011,创建生物的投掷物,3,6,3,1,在指定%1创建属于%2的%3，向%4发射,1,"1,1,0,1,1,0",,,,1002|1|0,3|40003,1031|1|0,,1029|1|0,,1002|1|0,,,,,,,,,,,,,,,,0,,,,437
3100006,删除投掷物,3,6,3,1,删除%1,1,"1,1,0,1,1,0",,,,1044|1|0,3|90015,,,,,,,,,,,,,,,,,,,,,0,,,,438
3100012,使玩家发射投掷物,3,6,3,1,使%1朝%2发射%3,1,"1,1,0,1,1,0",,,,1018|1|0,3|60009,1047|1|0,5|350005,1029|1|0,2|12052,,,,,,,,,,,,,,,,,0,,306136,,439
3100013,使生物发射投掷物,3,6,3,1,使%1朝%2发射%3,1,"1,1,0,1,1,0",,,,1031|1|0,3|80006,1047|1|0,5|350005,1029|1|0,2|12052,,,,,,,,,,,,,,,,,0,100,306137,,440
3100007,创建掉落物,3,6,3,1,在指定%1创建%2个%3的掉落物,1,"1,1,0,1,1,0",,,,1002|1|0,3|40003,1005|1|0,1|1,1028|1|0,2|200,,,,,,,,,,,,,,,,,0,,,,441
3100008,删除掉落物,3,6,3,1,删除%1,1,"1,1,0,1,1,0",,,,1030|1|0,3|90016,,,,,,,,,,,,,,,,,,,,,0,100,,,442
3100009,修改道具冷却时间,3,6,3,1,修改%1的%2的冷却时间为%3秒,1,"1,1,0,1,1,0",,,,1018|1|0,,1028|1|0,2|12005,1005|1|0,1|1,,,,,,,,,,,,,,,,,0,,,,443
310001,元件动效,4,13,4,1,%1 单次时长%2 秒，播放次数 %3,,"0,0,0,0,1,1",,1,120,1117|1|0,,1005|1|0,1|1,1086|1|2,5|610002,,,,,,,,,,,,,,,,,,,,,444
3100016,道具播放动作,3,6,3,1,"使%1手持的道具播放%2,播放模式%3",1,"1,1,0,1,1,0",,,,1018|1|0,3|60009,1041|1|0,2|12,1102|1|2,5|700004,,,,,,,,,,,,,,,,,0,,,,445
3100017,投掷物播放动作,3,6,3,1,"使%1播放%2,播放模式%3",1,"1,1,0,1,1,0",,,,1044|1|0,3|90015,1041|1|0,2|12,1102|1|2,5|700004,,,,,,,,,,,,,,,,,0,,,,446
3100018,掉落物播放动作,3,6,3,1,"使%1播放%2,播放模式%3",1,"1,1,0,1,1,0",,,,1030|1|0,3|90016,1041|1|0,2|12,1102|1|2,5|700004,,,,,,,,,,,,,,,,,0,,,,447
310002,文本动效,4,13,4,1,%1 时长%2 秒,,"0,0,0,0,1,1",,1,121,1118|1|0,2|40001,1005|1|0,1|3,,,,,,,,,,,,,,,,,,,,,,,448
310003,平滑位移,4,13,4,1,%1秒内 移动到X%2 Y%3,,"0,0,0,0,1,1",,1,122,1005|1|0,1|1,1091|1|0,1|100,1091|1|0,1|100,,,,,,,,,,,,,,,,,,,,,449
310004,平滑增加坐标,4,13,4,1,%1秒内 将%2坐标%3 %4,,"0,0,0,0,1,1",,1,122,1005|1|0,1|1,1119|1|2,5|830001,1120|1|2,5|840001,1091|1|0,1|100,,,,,,,,,,,,,,,,,,,450
310005,平滑缩放,4,13,4,1,%1秒内 缩放至宽%2 高%3,,"0,0,0,0,1,1",,1,122,1005|1|0,1|1,1091|1|0,1|100,1091|1|0,1|100,,,,,,,,,,,,,,,,,,,,,451
310006,平滑增加宽高,4,13,4,1,%1秒内 将%2大小%3 %4,,"0,0,0,0,1,1",,1,122,1005|1|0,1|1,1113|1|2,5|860001,1120|1|2,5|840001,1091|1|0,1|100,,,,,,,,,,,,,,,,,,,452
310007,平滑旋转,4,13,4,1,%1秒内 旋转至%2度,,"0,0,0,0,1,1",,1,122,1005|1|0,1|1,1091|1|0,1|180,,,,,,,,,,,,,,,,,,,,,,,453
310008,平滑增加角度,4,13,4,1,%1秒内 将角度%2 %3 度,,"0,0,0,0,1,1",,1,122,1005|1|0,1|1,1120|1|2,5|840001,1091|1|0,1|90,,,,,,,,,,,,,,,,,,,,,454
3100010,道具进入冷却时间,3,6,3,1,使%1的%2进入冷却,1,"1,1,0,1,1,0",,,,1018|1|0,,1028|1|0,2|12005,,,,,,,,,,,,,,,,,,,0,,,,455
3100014,改变道具外观,3,6,3,1,改变%1的外观为%2,1,"0,0,0,0,0,0",,,,1028|1|0,2|12005,1060|1|0,2|163,,,,,,,,,,,,,,,,,,,2,,,,456
3100015,改变投掷物外观,3,6,3,1,改变%1的外观为%2,1,"1,1,0,1,1,0",,,,1044|1|0,3|90015,1060|1|0,2|163,,,,,,,,,,,,,,,,,,,0,100,,,457
3210001,在排行榜中设置玩家的数值,3,19,3,1,在%1中设置%2的值为%3,6,"1,0,0,1,1,0",,,,1084|1|0,,1018|1|0,3|60009,1005|1|0,1|1,,,,,,,,,,,,,,,,,,,"1. 以玩家的迷你号为索引，在服务器排行榜设置玩家的数值
2. 将玩家数据存进服务器的排行榜，可以做出全图排行榜
#3. 相同分数谁先进入排行榜谁在前面
4. 排行榜需要地图上传后，在云服地图才可生效",,458
3210002,在排行榜中设置指定名称的数值,3,19,3,1,在%1中设置名称为%2的值为%3,6,"1,0,0,1,1,0",,,,1084|1|0,,1010|1|0,,1005|1|0,1|1,,,,,,,,,,,,,,,,,,100,"1.自定义索引名，只允许使用字母、数字、下划线_和星号*
2.排行榜可以使用输入框填写脚本引用名来索引",,459
3210003,在排行榜中删除玩家的数值,3,19,3,1,在%1中删除%2的数值,6,"1,0,0,1,1,0",,,,1084|1|0,,1018|1|0,3|60009,,,,,,,,,,,,,,,,,,,,,,,460
3210004,在排行榜中删除指定名称的数值,3,19,3,1,在%1中删除名称为%2的数值,6,"1,0,0,1,1,0",,,,1084|1|0,,1010|1|0,,,,,,,,,,,,,,,,,,,,,,,,461
3210014,清空排行榜,3,19,3,1,清空%1,6,"1,0,0,1,1,0",,,,1084|1|0,,,,,,,,,,,,,,,,,,,,,,,100,删除后无法恢复，谨慎使用,,462
3210005,使排行榜中指定玩家的值自运算,3,19,3,1,使%1中%2的值加%3,6,"1,0,0,1,1,0",,,,1084|1|0,,1018|1|0,3|60009,1005|1|0,1|1,,,,,,,,,,,,,,,,,,,多个房间对同一个值操作时可以使用该动作，不会导致值相互覆盖,,463
3210006,使排行榜中指定名称的值自运算,3,19,3,1,使%1中名称为%2的值加%3,6,"1,0,0,1,1,0",,,,1084|1|0,,1010|1|0,,1005|1|0,1|1,,,,,,,,,,,,,,,,,,100,多个房间对同一个值操作时可以使用该动作，不会导致值相互覆盖,,464
3210007,获取排行榜中指定排名的值,3,19,3,1,获取%1中以%4方式，排在第%2的值，并执行 %3将获取的值传递到事件,6,"1,0,0,1,1,0",,,,1084|1|0,,1005|1|0,1|1,1038|1|0,,1072|1|2,5|500001,,,,,,,,,,,,,,,,,"1.排行榜只允许取正整数，升序为从小到大，降序为从大到小
2. 本事件的所有参数传递到执行的【事件】，例如【触发事件玩家】、【事件中的目标玩家】、【触发事件的生物】等等
3. 可以通过服务器/排行榜获取的xx，拿到名称、玩家、数值、排名四个值",,465
3210008,获取排行榜中指定玩家的值,3,19,3,1,获取%1中%2的值，并执行 %3将获取的值传递到事件,6,"1,0,0,1,1,0",,,,1084|1|0,,1018|1|0,3|60009,1038|1|0,,,,,,,,,,,,,,,,,,,,"1. 本事件的所有参数传递到执行的【事件】，例如【触发事件玩家】、【事件中的目标玩家】、【触发事件的生物】等等
2. 可以通过服务器/排行榜获取的xx，拿到名称、玩家、数值、排名四个值",,466
3210009,获取排行榜中指定名称的值,3,19,3,1,获取%1中名称为%2的值，并执行 %3将获取的值传递到事件,6,"1,0,0,1,1,0",,,,1084|1|0,,1010|1|0,,1038|1|0,,,,,,,,,,,,,,,,,,,100,"1. 本事件的所有参数传递到执行的【事件】，例如【触发事件玩家】、【事件中的目标玩家】、【触发事件的生物】等等
2. 可以通过服务器/排行榜获取的xx，拿到名称、玩家、数值、排名四个值",,467
3210010,在表中设置指定名称的任意值,3,19,3,1,设置%1中名称为%2值为%3,6,"1,0,0,1,1,0",,,,1085|1|0,,1010|1|0,,1053|1|0,,,,,,,,,,,,,,,,,,,,1. 使用英文的点.可以分割索引，对脚本使用有影响，只使用事件可无视这条,,468
3210011,在表中删除指定名称的值,3,19,3,1,在%1中删除名称为%2的值,6,"1,0,0,1,1,0",,,,1085|1|0,,1010|1|0,,,,,,,,,,,,,,,,,,,,,,,,469
3210013,清空表,3,19,3,1,清空%1,6,"1,0,0,1,1,0",,,,1085|1|0,,,,,,,,,,,,,,,,,,,,,,,,删除后无法恢复，谨慎使用,,470
3210012,获取表中指定名称的值,3,19,3,1,获取%1中名称为%2的值，并执行 %3将获取的值传递到事件,6,"1,0,0,1,1,0",,,,1085|1|0,,1010|1|0,,1038|1|0,,,,,,,,,,,,,,,,,,,,,,471
3210015,上报玩家数据,3,19,3,1,上报%1数据，事件名为%2,6,"1,1,0,1,1,0",,,,1018|1|0,3|60009,1010|1|0,,,,,,,,,,,,,,,,,,,,,,使用不同事件组合事件名，可以自定义上报玩家各种行为数据，上报后可以在创作者中心后台查看玩家的各项数据,,472
60322001,上报玩家活动数据,3,19,3,1,上报%1 活动数据，数据为%2,6,"1,1,0,1,1,0",,,,1018|1|0,3|60009,1005|1|0,,,,,,,,,,,,,,,,,,,,,,使用不同事件组合事件名，可以自定义上报玩家各种行为数据，上报后可以在创作者中心后台查看玩家的各项数据,,763
3180001,在任意组中添加任意值,3,11,3,1,在%1中添加%2,6,"1,1,0,1,1,0",,,,1061|1|0,,1053|1|0,,,,,,,,,,,,,,,,,,,,,100,306110,,473
3180006,在任意组删除指定编号的值,3,11,3,1,删除%1中编号%2的值,6,"1,1,0,1,1,0",,,,1061|1|0,,1005|1|0,1|1,,,,,,,,,,,,,,,,,,,,,306114,,474
3180007,在任意组删除任意值,3,11,3,1,在%1删除%2,6,"1,1,0,1,1,0",,,,1061|1|0,,1053|1|0,,,,,,,,,,,,,,,,,,,,,,306111,,475
3180011,在任意组中删除一组值,3,11,3,1,在%1中，删除与%2重复的值,6,"1,1,0,1,1,0",,,,1061|1|0,,1061|1|0,,,,,,,,,,,,,,,,,,,,,,"1. 去重，删除A组和B组重复的值，重复的空值会被删除
2. 若有多个重复值，则优先删除排在前面的值，例如a = {1，1，1，2，3} b = {1，1，2}，删除后变为a = {1，3}，优先删除ix = 1和ix = 2的1",,476
3180008,清空任意组的空值,3,11,3,1,清空%1的空值,6,"1,1,0,1,1,0",,,,1061|1|0,,,,,,,,,,,,,,,,,,,,,,,,清空空值后自动进位，例如a = {1、nil、2、nil、nil、3}，清空后变为 a ={1、2、3},,477
3180004,清空任意组,3,11,3,1,清空%1,6,"1,1,0,1,1,0",,,,1061|1|0,,,,,,,,,,,,,,,,,,,,,,,100,删除组所有的值,,478
3180002,在任意组中将指定编号的值设为空值,3,11,3,1,在%1中将编号%2的值设为空值,6,"1,1,0,1,1,0",,,,1061|1|0,,1005|1|0,1|1,,,,,,,,,,,,,,,,,,,,,设为空值后还会占用位置，例如a = {1，2，3}，将1设为空值，则a = {nil，2，3},,479
3180003,在任意组中将任意值设为空值,3,11,3,1,在%1中将%2设为空值,6,"1,1,0,1,1,0",,,,1061|1|0,,1053|1|0,,,,,,,,,,,,,,,,,,,,,,"内容匹配清除，会将所有相同的值设为空值，例如a = {1,1,2,3} 将1设为空值，则a = {nil，nil，2,3}",,480
3180005,在任意组插入任意值,3,11,3,1,在%1的第%2位插入%3,6,"1,1,0,1,1,0",,,,1061|1|0,,1005|1|0,1|1,1053|1|0,,,,,,,,,,,,,,,,,,,,向前插入，会影响排序。例如a = {1、2、3、4} 往第二位插入5，则a = {1、5、2、3、4},,481
3180009,在任意组中添加一组值,3,11,3,1,在%1中添加%2所有的值,6,"1,1,0,1,1,0",,,,1061|1|0,,1061|1|0,,,,,,,,,,,,,,,,,,,,,,在a组的末尾按b组原顺序添加b组的所有值，包括空值。例如a = {1，2，3}， b = {4，5，6} 添加b到a，则 a = {1，2，3，4，5，6},,482
3180010,在任意组中将一组值设为空值,3,11,3,1,在%1中，将与%2重复的值设为空值,6,"1,1,0,1,1,0",,,,1061|1|0,,1061|1|0,,,,,,,,,,,,,,,,,,,,,,"1.去重，将A组和B组重复的值设为空值，重复的空值不删除
2. 若有多个重复值，则优先将排在前面的值设为空值，例如a = {1，1，1，2，3} b = {1，1，2}，变为a = {nil，nil，1，nil，3}，优先ix = 1和ix = 2的1",,483
3180012,在任意组插入一组值,3,11,3,1,在%1的第%2位插入%3所有的值,6,"1,1,0,1,1,0",,,,1061|1|0,,1005|1|0,1|1,1061|1|0,,,,,,,,,,,,,,,,,,,,306113,,484
3180013,设置任意组中指定编号的值,3,11,3,1,设置%1中编号%2的值为%3,6,"1,1,0,1,1,0",,,,1061|1|0,,1005|1|0,1|1,1053|1|0,,,,,,,,,,,,,,,,,,,,306112,,485
3180014,替换任意组中的任意值,3,11,3,1,替换%1中的所有%2为%3,6,"1,1,0,1,1,0",,,,1061|1|0,,1053|1|0,,1053|1|0,,,,,,,,,,,,,,,,,,,100,替换所有匹配内容，例如a = {1，1，1，2，3}，替换1为5，则a = {5，5，5，2，3},,486
3180015,对任意组的值排序,3,11,3,1,对%1的值%2排列,6,"1,1,0,1,1,0",,,,1061|1|0,,1072|1|2,5|500001,,,,,,,,,,,,,,,,,,,,,"1.根据数字大小排序
2. 字符串组按照字符串长度排序，相同长度根据原顺序",,487
3110001,运行倒计时器,3,12,3,1,启动%1，倒数%2秒，重复计时%3,12,"1,1,0,1,1,0",,,,1040|1|0,,1005|1|0,1|5,1014|1|0,5|320002,,,,,,,,,,,,,,,,,0,,306173,,488
3110002,运行正向计时器,3,12,3,1,启动%1,12,"1,1,0,1,1,0",,,,1040|1|0,,,,,,,,,,,,,,,,,,,,,,0,,306174,,489
3110003,暂停计时器,3,12,3,1,暂停%1,12,"1,1,0,1,1,0",,,,1040|1|0,,,,,,,,,,,,,,,,,,,,,,0,,306175,,490
3110004,恢复计时器,3,12,3,1,恢复%1,12,"1,1,0,1,1,0",,,,1040|1|0,,,,,,,,,,,,,,,,,,,,,,0,,306176,,491
3110005,停止计时器,3,12,3,1,停止%1,12,"1,1,0,1,1,0",,,,1040|1|0,,,,,,,,,,,,,,,,,,,,,,0,100,306177,,492
3110007,设置计时器计时,3,12,3,1,设置%1为%2秒,12,"1,1,0,1,1,0",,,,1040|1|0,,1005|1|0,1|5,,,,,,,,,,,,,,,,,,,0,,306178,,493
3110009,显示计时器窗口,3,12,3,1,对%1显示%2窗口，标题%3,12,"1,1,0,1,1,0",,,,1019|1|0,,1040|1|0,,1010|1|0,1|9310015,,,,,,,,,,,,,,,,,0,,306179,,494
3110010,隐藏计时器窗口,3,12,3,1,对%1隐藏%2窗口,12,"1,1,0,1,1,0",,,,1019|1|0,,1040|1|0,,,,,,,,,,,,,,,,,,,,0,,306180,,495
3190009,打开界面,3,13,3,1,使%1打开%2,3,"1,0,0,1,1,0",,,,1018|1|0,3|60009,1074|1|0,3|40016,,,,,,,,,,,,,,,,,,,,,306052,1,496
3190010,关闭界面,3,13,3,1,使%1关闭%2,3,"1,0,0,1,1,0",,,,1018|1|0,3|60009,1074|1|0,3|40016,,,,,,,,,,,,,,,,,,,,,306053,1,497
3190007,显示元件,3,13,3,1,使%1设置%2的%3的展示属性为显示,3,"0,0,0,1,1,0",,,,1018|1|0,3|60009,1074|1|0,3|40016,1075|1|0,,,,,,,,,,,,,,,,,,,,,,498
3190001,隐藏元件,3,13,3,1,使%1设置%2的%3的展示属性为隐藏,3,"0,0,0,1,1,0",,,,1018|1|0,3|60009,1074|1|0,3|40016,1075|1|0,,,,,,,,,,,,,,,,,,,,,,499
3190008,旋转元件,3,13,3,1,使%1设置%2的%3按照顺时针旋转%4,3,"0,0,0,1,1,0",,,,1018|1|0,3|60009,1074|1|0,3|40016,1075|1|0,,1005|1|0,1|90,,,,,,,,,,,,,,,,,306405,,500
3190004,设置元件的大小,3,13,3,1,使%1设置%2的%3的宽为%4，高为%5,3,"0,0,0,1,1,0",,,,1018|1|0,3|60009,1074|1|0,3|40016,1075|1|0,,1005|1|0,1|100,1005|1|0,1|100,,,,,,,,,,,,,,100,306407,,501
3190002,设置文本内容,3,13,3,1,使%1设置%2的%3的文本为%4,3,"0,0,0,1,1,0",,,,1018|1|0,3|60009,1074|1|0,3|40016,1075|1|0,,1010|1|0,1|300198,,,,,,,,,,,,,,,,,306054,1,502
3190005,设置文本字体大小,3,13,3,1,使%1设置%2的%3的字体为%4,3,"0,0,0,1,1,0",,,,1018|1|0,3|60009,1074|1|0,3|40016,1075|1|0,,1005|1|0,1|16,,,,,,,,,,,,,,,,100,306406,,503
3190003,设置图案\按钮内容,3,13,3,1,使%1设置%2的%3的图案为%4,3,"0,0,0,1,1,0",,,,1018|1|0,3|60009,1074|1|0,3|40016,1075|1|0,,1076|1|0,2|10100,,,,,,,,,,,,,,,,,306103,,504
3190029,设置元件的模型内容,3,13,3,1,使%1设置%2的%3的模型为%4,3,"0,0,0,1,1,0",,,,1018|1|0,3|60009,1074|1|0,3|40016,1075|1|0,,1060|1|0,2|163,,,,,,,,,,,,,,,,,306408,,505
3190030,设置元件的模型缩放,3,13,3,1,使%1设置%2的%3的模型缩放为%4,3,"0,0,0,1,1,0",,,,1018|1|0,3|60009,1074|1|0,3|40016,1075|1|0,,1005|1|0,1|100,,,,,,,,,,,,,,,,,306409,,506
3190031,设置元件的模型朝向,3,13,3,1,使%1设置%2的%3的朝向为%4,3,"0,0,0,1,1,0",,,,1018|1|0,3|60009,1074|1|0,3|40016,1075|1|0,,1005|1|0,1|90,,,,,,,,,,,,,,,,,306410,,507
3190032,设置元件的模型动作,3,13,3,1,"使%1设置%2的%3播放动画表情%4,播放模式%5",3,"0,0,0,1,1,0",,,,1018|1|0,3|60009,1074|1|0,3|40016,1075|1|0,,1041|1|0,2|12,1102|1|2,5|700004,1149|1|2,5|1500001,1151|1|2,5|1520001,1091|1|0,1|10,1149|1|2,5|1500001,,,,,,100,306411,,508
3190033,设置滚动容器跳转至坐标,3,13,3,1,使%1设置%2的%3跳转至坐标X%4 Y%5,3,"0,0,0,1,1,0",,,,1018|1|0,3|60009,1074|1|0,3|40016,1075|1|0,,1005|1|0,1|100,1005|1|0,1|100,1091|1|0,1|100,1149|1|2,5|1500001,,,,,,,,,,,306412,,509
3190034,设置滚动容器可滚动方向,3,13,3,1,使%1设置%2的%3的可滚动方向为%4,3,"0,0,0,1,1,0",,,,1018|1|0,3|60009,1074|1|0,3|40016,1075|1|0,,1146|1|2,5|1470001,,,1149|1|2,5|1500001,1151|1|2,5|1520001,1091|1|0,1|10,1149|1|2,5|1500001,,,,,,,306413,,510
3190035,设置滚动容器滑动条图案,3,13,3,1,使%1设置%2的%3的滚动条图案为%4,3,"0,0,0,1,1,0",,,,1018|1|0,3|60009,1074|1|0,3|40016,1075|1|0,,1076|1|0,2|10100,,,1091|1|0,1|100,1149|1|2,5|1500001,,,,,,,,,,100,306414,,511
3190040,设置元件相对位置,3,13,3,1,使%1设置%2的%3的相对父元件为: 水平方向%4，偏移%5 %6 垂直方向%7，偏移%8 %9,3,"0,0,0,0,0,0",,,,1018|1|0,3|60009,1074|1|0,3|40016,1075|1|0,,1150|1|2,5|1510001,1091|1|0,1|10,1149|1|2,5|1500001,1151|1|2,5|1520001,1091|1|0,1|10,1149|1|2,5|1500001,,,,,,,,,512
3190041,设置元件相对大小,3,13,3,1,使%1设置%2的%3的相对父元件宽为%4%5，高为%6%7,3,"0,0,0,0,0,0",,,,1018|1|0,3|60009,1074|1|0,3|40016,1075|1|0,,1091|1|0,1|100,1149|1|2,5|1500001,1091|1|0,1|100,1149|1|2,5|1500001,,,,,,,,,,,,,513
3190042,动态创建元件,3,13,3,1,"为%1在%2创建%3的空元件,将元件id赋值给%4",3,"0,0,0,0,0,0",,,,1018|1|0,3|60009,1074|1|0,3|40016,1152|1|2,5|1530001,1010|1|0,,,,,,,,,,,,,,,,,,,,514
3190043,克隆元件,3,13,3,1,"为%1在%2克隆%3,将克隆体id赋值给%4",3,"0,0,0,0,0,0",,,,1018|1|0,3|60009,1074|1|0,3|40016,1075|1|0,,1010|1|0,,,,,,,,,,,,,,,,,,,,515
3190044,修改元件父元件,3,13,3,1,修改%1设置%2的%3的父元件为%4,3,"0,0,0,0,0,0",,,,1018|1|0,3|60009,1074|1|0,3|40016,1075|1|0,,1075|1|0,,,,,,,,,,,,,,,,,,,,516
3190045,设置动画装载器内容,3,13,3,1,使%1设置%2的%3播放动画 %4 动画序号 %5 ，播放模式 %6,3,"0,0,0,1,1,0",,,,1018|1|0,3|60009,1074|1|0,3|40016,1075|1|0,,1153|1|0,2|10001,1005|1|0,1|1,1086|1|2,5|610001,,,,,,,,,,,,100,,,517
3190046,设置进度条元件图案,3,13,3,1,使%1设置%2的%3的%4图案为%5,3,"0,0,0,1,1,0",,,,1018|1|0,3|60009,1074|1|0,3|40016,1075|1|0,,1154|1|2,5|1540001,1076|1|0,2|10100,,,,,,,,,,,,,,,,,518
3190047,设置进度条元件数值,3,13,3,1,使%1设置%2的%3的%4数值为%5,3,"0,0,0,1,1,0",,,,1018|1|0,3|60009,1074|1|0,3|40016,1075|1|0,,1114|1|2,5|1130003,1005|1|0,1|100,,,,,,,,,,,,,,,,,519
3190048,平滑增加进度条当前值,3,13,3,1,使%1设置%2的%3 当前进度在%4 秒内 %5 %6,3,"0,0,0,1,1,0",,,,1018|1|0,3|60009,1074|1|0,3|40016,1075|1|0,,1005|1|0,1|3,1120|1|2,5|840001,1005|1|0,1|50,,,,,,,,,,,,100,,,520
3190049,平滑设置进度条进度值,3,13,3,1,使%1设置%2的%3 当前进度在%4 秒内变化至 %5,3,"0,0,0,0,0,0",,,,1018|1|0,3|60009,1074|1|0,3|40016,1075|1|0,,1005|1|0,1|3,1005|1|0,1|100,,,,,,,,,,,,,,100,,,521
3190006,设置元件颜色,3,13,3,1,使%1设置%2的%3的颜色为%4,3,"0,0,0,1,1,0",,,,1018|1|0,3|60009,1074|1|0,3|40016,1075|1|0,,1056|1|0,1|0xF44336,,,1149|1|2,5|1500001,1151|1|2,5|1520001,1091|1|0,1|10,1149|1|2,5|1500001,,,,,,,306415,,522
3190011,设置元件透明度,3,13,3,1,使%1设置%2的%3的不透明度为%4,3,"0,0,0,1,1,0",,,,1018|1|0,3|60009,1074|1|0,3|40016,1075|1|0,,1005|1|0,1|90,,,1091|1|0,1|100,1149|1|2,5|1500001,,,,,,,,,,,306416,,523
3190013,设置元件位置,3,13,3,1,使%1设置%2的%3的坐标为X%4 Y%5,3,"0,0,0,1,1,0",,,,1018|1|0,3|60009,1074|1|0,3|40016,1075|1|0,,1005|1|0,1|100,1005|1|0,1|100,,,,,,,,,,,,,,100,306417,,524
3190012,切换页面状态,3,13,3,1,使%1的%2切换为%3,3,"0,0,0,1,1,0",,,,1018|1|0,3|60009,1074|1|0,3|40016,1079|1|0,,,,,,,,,,,,,,,,,,,,306105,,525
3190014,切换页面状态(智能动画),3,13,3,1,使%1的%2切换为%3 动画 %4 时长%5 秒,3,"0,0,0,1,1,0",,,,1018|1|0,3|60009,1074|1|0,3|40016,1079|1|0,,1112|1|2,5|850002,1005|1|0,1|2,,,,,,,,,,,,,,100,306106,,526
3190015,打开界面(动效),3,13,3,1,使%1打开%2动效 %3 时长%4秒,3,"1,0,0,1,1,0",,,,1018|1|0,3|60009,1074|1|0,3|40016,1115|1|0,,1005|1|0,1|1,,,,,,,,,,,,,,,,,,,527
3190016,关闭界面(动效),3,13,3,1,使%1关闭%2动效 %3 时长%4秒,3,"1,0,0,1,1,0",,,,1018|1|0,3|60009,1074|1|0,3|40016,1116|1|0,,1005|1|0,1|1,,,,,,,,,,,,,,,,,,,528
3190017,显示元件(动效),3,13,3,1,使%1设置%2的%3显示，动效 %4 时长%5秒,3,"0,0,0,1,1,0",,,,1018|1|0,3|60009,1074|1|0,3|40016,1075|1|0,,1115|1|0,,1005|1|0,1|1,,,,,,,,,,,,,,,306420,,529
3190018,隐藏元件(动效),3,13,3,1,使%1设置%2的%3隐藏，动效 %4 时长%5秒,3,"0,0,0,1,1,0",,,,1018|1|0,3|60009,1074|1|0,3|40016,1075|1|0,,1116|1|0,,1005|1|0,1|1,,,,,,,,,,,,,,100,306421,,530
3190019,播放元件动效,3,13,3,1,使%1设置%2的%3播放动效 %4,3,"0,0,0,1,1,0",,,,1018|1|0,3|60009,1074|1|0,3|40016,1075|1|0,,1121|1|0,3|310001,,,,,,,,,,,,,,,,,306422,,531
3190020,播放元件动效并等待,3,13,3,1,使%1设置%2的%3播放动效 %4 并等待,3,"0,0,0,0,0,0",,,,1018|1|0,3|60009,1074|1|0,3|40016,1075|1|0,,1121|1|0,3|310001,,,,,,,,,,,,,,,,,,,532
3190021,设置文本内容(动效),3,13,3,1,使%1设置%2的%3的文本为%4并播放动效 %5,3,"0,0,0,1,1,0",,,,1018|1|0,3|60009,1074|1|0,3|40016,1075|1|0,,1010|1|0,1|300198,1122|1|0,3|310002,,,,,,,,,,,,,,,,,533
3190028,停止元件所有动效,3,13,3,1,使%1设置%2的%3停止播放所有动效,4,"0,0,0,1,1,0",,,,1018|1|0,3|60009,1074|1|0,3|40016,1075|1|0,,,,,,,,,,,,,,,,,,,100,,,534
3190022,平滑移动元件至坐标,3,13,3,1,使%1设置%2的%3平滑运动%4,3,"0,0,0,1,1,0",,,,1018|1|0,3|60009,1074|1|0,3|40016,1075|1|0,,1123|1|0,3|310003,,,,,,,,,,,,,,,,,306423,,535
3190023,平滑增加元件坐标,3,13,3,1,使%1设置%2的%3平滑运动%4,3,"0,0,0,1,1,0",,,,1018|1|0,3|60009,1074|1|0,3|40016,1075|1|0,,1123|1|0,3|310004,,,,,,,,,,,,,,,,,306424,,536
3190024,平滑缩放元件至宽高,3,13,3,1,使%1设置%2的%3平滑运动%4,3,"0,0,0,1,1,0",,,,1018|1|0,3|60009,1074|1|0,3|40016,1075|1|0,,1123|1|0,3|310005,,,,,,,,,,,,,,,,,306104,,537
3190025,平滑增加元件宽高,3,13,3,1,使%1设置%2的%3平滑运动%4,3,"0,0,0,1,1,0",,,,1018|1|0,3|60009,1074|1|0,3|40016,1075|1|0,,1123|1|0,3|310006,,,,,,,,,,,,,,,,,306425,,538
3190026,平滑旋转元件至角度,3,13,3,1,使%1设置%2的%3平滑运动%4,3,"0,0,0,1,1,0",,,,1018|1|0,3|60009,1074|1|0,3|40016,1075|1|0,,1123|1|0,3|310007,,,,,,,,,,,,,,,,,306426,,539
3190027,平滑增加元件角度,3,13,3,1,使%1设置%2的%3平滑运动%4,3,"0,0,0,1,1,0",,,,1018|1|0,3|60009,1074|1|0,3|40016,1075|1|0,,1123|1|0,3|310008,,,,,,,,,,,,,,,,,306427,,540
3130001,在位置上播放特效,3,14,3,1,在%1上播放%2，大小%3，%4秒,7,"1,1,0,1,1,0",,,,1002|1|0,3|40003,1045|1|0,2|1024,1005|1|0,1|1,1005|1|0,1|10,,,,,,,,,,,,,,,0,,306048,1,541
3130002,在玩家身上播放特效,3,14,3,1,在%1上播放%2，大小%3，%4秒,7,"1,1,0,1,1,0",,,,1018|1|0,3|60009,1045|1|0,2|1024,1005|1|0,1|1,1005|1|0,1|10,,,,,,,,,,,,,,,0,,306189,,542
3130003,在生物身上播放特效,3,14,3,1,在%1上播放%2，大小%3，%4秒,7,"1,1,0,1,1,0",,,,1031|1|0,3|80006,1045|1|0,2|1024,1005|1|0,1|1,1005|1|0,1|10,,,,,,,,,,,,,,,0,,306190,,543
3130004,在投掷物上播放特效,3,14,3,1,在%1上播放%2，大小%3，%4秒,7,"1,1,0,1,1,0",,,,1044|1|0,3|90015,1045|1|0,2|1024,1005|1|0,1|1,1005|1|0,1|10,,,,,,,,,,,,,,,0,,306191,,544
3130013,在掉落物上播放特效,3,14,3,1,在%1上播放%2，大小%3，%4秒,7,"1,1,0,1,1,0",,,,1030|1|0,3|90016,1045|1|0,2|1024,1005|1|0,1|1,1005|1|0,1|10,,,,,,,,,,,,,,,0,,306192,,545
3130015,对玩家手持道具播放特效,3,14,3,1,对%1手持道具播放%2，大小为%3,7,"1,1,0,1,1,0",,,,1018|1|0,3|60009,1045|1|0,2|1293,1005|1|0,1|1,,,,,,,,,,,,,,,,,0,,306193,,546
3130017,对玩家道具类型播放特效,3,14,3,1,对%1持有的所有%2播放%3，大小为%4,7,"1,1,0,1,1,0",,,,1018|1|0,3|60009,1028|1|0,2|12005,1045|1|0,2|1293,1005|1|0,1|1,,,,,,,,,,,,,,,0,100,306194,,547
3130005,删除位置上的特效,3,14,3,1,删除%1上的%2,7,"1,1,0,1,1,0",,,,1002|1|0,3|40003,1045|1|0,,,,,,,,,,,,,,,,,,,,0,,306228,,548
3130006,删除玩家身上的特效,3,14,3,1,删除%1身上的%2,7,"1,1,0,1,1,0",,,,1018|1|0,3|60009,1045|1|0,,,,,,,,,,,,,,,,,,,,0,,306195,,549
3130007,删除生物身上的特效,3,14,3,1,删除%1身上的%2,7,"1,1,0,1,1,0",,,,1031|1|0,3|80006,1045|1|0,,,,,,,,,,,,,,,,,,,,0,,306196,,550
3130008,删除投掷物上的特效,3,14,3,1,删除%1上的%2,7,"1,1,0,1,1,0",,,,1044|1|0,3|90015,1045|1|0,,,,,,,,,,,,,,,,,,,,0,100,306197,,551
3130014,删除掉落物上的特效,3,14,3,1,删除%1上的%2,7,"1,1,0,1,1,0",,,,1030|1|0,3|90016,1045|1|0,2|1024,,,,,,,,,,,,,,,,,,,0,,306198,,552
3130016,删除玩家手持道具上的特效,3,14,3,1,删除%1手持道具的%2,7,"1,1,0,1,1,0",,,,1018|1|0,3|60009,1045|1|0,2|1293,,,,,,,,,,,,,,,,,,,0,,306199,,553
3130018,删除玩家快捷栏道具上的特效,3,14,3,1,删除%1快捷栏的所有%2的%3,7,"1,1,0,1,1,0",,,,1018|1|0,3|60009,1028|1|0,2|12005,1045|1|0,2|1293,,,,,,,,,,,,,,,,,0,,306200,,554
3130009,设置位置特效大小,3,14,3,1,设置%1上的%2大小为%3,7,"1,1,0,1,1,0",,,,1002|1|0,3|40003,1045|1|0,2|1024,1005|1|0,1|1,,,,,,,,,,,,,,,,,0,,306201,,555
3130010,设置玩家特效大小,3,14,3,1,设置%1上的%2大小为%3,7,"1,1,0,1,1,0",,,,1018|1|0,3|60009,1045|1|0,2|1024,1005|1|0,1|1,,,,,,,,,,,,,,,,,0,,306202,,556
3130011,设置生物特效大小,3,14,3,1,设置%1上的%2大小为%3,7,"1,1,0,1,1,0",,,,1031|1|0,3|80006,1045|1|0,2|1024,1005|1|0,1|1,,,,,,,,,,,,,,,,,0,,306203,,557
3130012,设置投掷物特效大小,3,14,3,1,设置%1上的%2大小为%3,7,"1,1,0,1,1,0",,,,1044|1|0,3|90015,1045|1|0,2|1024,1005|1|0,1|1,,,,,,,,,,,,,,,,,0,,306204,,558
3140012,使玩家播放音效,3,15,3,1,使%1播放场景%2，音量%3，音调%4，循环播放%5,11,"1,1,0,1,1,0",,,,1018|1|0,3|60009,1046|1|0,,1005|1|0,1|100,1005|1|0,1|1,1014|1|0,5|320002,,,,,,,,,,,,,0,,306219,,559
3140013,使生物播放音效,3,15,3,1,使%1播放场景%2，音量%3，音调%4，循环播放%5,11,"1,1,0,1,1,0",,,,1031|1|0,3|80006,1046|1|0,,1005|1|0,1|100,1005|1|0,1|1,1014|1|0,5|320002,,,,,,,,,,,,,0,,306339,,560
3140014,在位置上播放音效,3,15,3,1,在%1播放场景%2，音量%3，音调%4，循环播放%5,11,"1,1,0,1,1,0",,,,1002|1|0,3|40003,1046|1|0,,1005|1|0,1|100,1005|1|0,1|1,1014|1|0,5|320002,,,,,,,,,,,,,0,100,306340,,561
3140015,关闭玩家音效,3,15,3,1,关闭%1身上正在播放的%2,11,"1,1,0,1,1,0",,,,1018|1|0,3|60009,1046|1|0,,,,,,,,,,,,,,,,,,,,0,,306341,,562
3140016,关闭生物音效,3,15,3,1,关闭%1身上正在播放的%2,11,"1,1,0,1,1,0",,,,1031|1|0,3|80006,1046|1|0,,,,,,,,,,,,,,,,,,,,0,,306342,,563
3140017,关闭位置音效,3,15,3,1,关闭%1上正在播放的%2,11,"1,1,0,1,1,0",,,,1002|1|0,3|40003,1046|1|0,,,,,,,,,,,,,,,,,,,,0,100,,,564
3140019,对玩家播放界面音效,3,15,3,1,对%1播放界面%2，音量%3，音调%4，循环播放%5,11,"1,1,0,1,1,0",,,,1018|1|0,3|60009,1046|1|0,,1005|1|0,1|100,1005|1|0,1|1,1014|1|0,5|320002,,,,,,,,,,,,,0,,306218,,565
3140021,关闭玩家界面音效,3,15,3,1,关闭%1正在播放的界面%2,11,"1,1,0,1,1,0",,,,1018|1|0,3|60009,1046|1|0,,,,,,,,,,,,,,,,,,,,0,,306343,,566
3140018,对玩家组播放界面音效,3,15,3,1,对%1播放界面%2，音量%3，音调%4，循环播放%5,11,"1,1,0,1,1,0",,,,1019|1|0,,1046|1|0,,1005|1|0,1|100,1005|1|0,1|1,1014|1|0,5|320002,,,,,,,,,,,,,0,,306344,,567
3140020,关闭玩家组界面音效,3,15,3,1,关闭%1正在播放的界面%2,11,"1,1,0,1,1,0",,,,1019|1|0,,1046|1|0,,,,,,,,,,,,,,,,,,,,0,,306345,,568
3140022,对玩家播放界面音乐,3,15,3,1,对%1播放界面%2，音量%3，循环播放%4,11,"1,1,0,1,1,0",,,,1018|1|0,3|60009,1080|1|0,,1005|1|0,1|100,1014|1|0,5|320002,,,,,,,,,,,,,,,,,306337,,569
3140023,暂停/恢复玩家界面音乐,3,15,3,1,%1%2正在播放的界面音乐,11,"1,1,0,1,1,0",,,,1081|1|2,5|580001,1018|1|0,3|60009,,,,,,,,,,,,,,,,,,,,100,306338,,570
3170001,在位置上创建图文信息,3,16,3,1,在%1上创建%2,10,"1,1,0,1,1,0",,,,1002|1|0,3|40003,1057|1|0,3|150001,,,,,,,,,,,,,,,,,,,,,306328,,571
3170002,在玩家身上创建图文信息,3,16,3,1,在%1身上创建%2，向%3偏移距离%4,10,"1,1,0,1,1,0",,,,1018|1|0,3|60009,1057|1|0,3|150001,1047|1|0,5|350001,1005|1|0,1|100,,,,,,,,,,,,,,,,,306107,,572
3170003,在生物身上创建图文信息,3,16,3,1,在%1身上创建%2，向%3偏移距离%4,10,"1,1,0,1,1,0",,,,1031|1|0,3|80006,1057|1|0,3|150001,1047|1|0,5|350001,1005|1|0,1|100,,,,,,,,,,,,,,,,,306329,,573
3170004,在投掷物上创建图文信息,3,16,3,1,在%1上创建%2，向%3偏移%4,10,"1,1,0,1,1,0",,,,1044|1|0,3|90015,1057|1|0,3|150001,1047|1|0,5|350001,1005|1|0,1|100,,,,,,,,,,,,,,,,100,306330,,574
3170005,删除位置上的图文信息类型,3,16,3,1,删除%1上编号为%2的%3,10,"1,1,0,1,1,0",,,,1002|1|0,3|40003,1005|1|0,1|1,1058|1|2,5|490001,,,,,,,,,,,,,,,,,,,306331,,575
3170006,删除玩家身上的图文信息类型,3,16,3,1,删除%1身上编号为%2的%3,10,"1,1,0,1,1,0",,,,1018|1|0,3|60009,1005|1|0,1|1,1058|1|2,5|490001,,,,,,,,,,,,,,,,,,,306108,,576
3170007,删除生物身上的图文信息类型,3,16,3,1,删除%1身上编号为%2的%3,10,"1,1,0,1,1,0",,,,1031|1|0,3|80006,1005|1|0,1|1,1058|1|2,5|490001,,,,,,,,,,,,,,,,,,,306332,,577
3170008,删除投掷物上的图文信息类型,3,16,3,1,删除%1上编号为%2的%3,10,"1,1,0,1,1,0",,,,1044|1|0,3|90015,1005|1|0,1|1,1058|1|2,5|490001,,,,,,,,,,,,,,,,,,100,306333,,578
3170009,在位置上创建平面图文信息,3,16,3,1,在%1上创建%2，向X轴偏移%3，Y轴偏移%4,10,"1,1,0,1,1,0",,,,1002|1|0,3|40003,1057|1|0,3|150001,1005|1|0,1|0,1005|1|0,1|100,,,,,,,,,,,,,,,,,306334,,579
3170010,在玩家身上创建平面图文信息,3,16,3,1,在%1身上创建%2，向X轴偏移%3，Y轴偏移%4,10,"1,1,0,1,1,0",,,,1018|1|0,3|60009,1057|1|0,3|150001,1005|1|0,1|0,1005|1|0,1|100,,,,,,,,,,,,,,,,,306334,,580
3170011,在生物身上创建平面图文信息,3,16,3,1,在%1身上创建%2，向X轴偏移%3，Y轴偏移%4,10,"1,1,0,1,1,0",,,,1031|1|0,3|80006,1057|1|0,3|150001,1005|1|0,1|0,1005|1|0,1|100,,,,,,,,,,,,,,,,,306335,,581
3170012,在投掷物上创建平面图文信息,3,16,3,1,在%1身上创建%2，向X轴偏移%3，Y轴偏移%4,10,"1,1,0,1,1,0",,,,1044|1|0,3|90015,1057|1|0,3|150001,1005|1|0,1|0,1005|1|0,1|100,,,,,,,,,,,,,,,,,306336,,582
3160001,播放广告(老),3,17,3,1,对%1播放广告，广告位名字%2，并且运行%3(老),4,"1,0,0,0,1,0",,,,1018|1|0,3|60009,1010|1|0,,1038|1|0,,,,,,,,,,,,,,,,,,2,,,,583
3160010,显示皮肤购买窗口,3,17,3,1,对%1显示%2的购买窗口，推荐语%3,4,"1,0,0,0,1,0",,,,1018|1|0,3|60009,1138|1|0,,1010|1|0,,,,,,,,,,,,,,,,,,6,,,,584
3160002,打开开发者商店（老）,3,17,3,1,使%1打开开发者商店(仅按下按钮和松开按钮可触发),4,"0,0,0,0,1,0",,,,1018|1|0,3|60009,,,,,,,,,,,,,,,,,,,,,1,,,,585
3160003,显示商品购买窗口,3,17,3,1,对%1显示%2的购买窗口，推荐语%3,4,"1,0,0,0,1,0",,,,1018|1|0,3|60009,1059|1|0,,1010|1|0,,,,,,,,,,,,,,,,,,1,,,,586
3160004,播放视频,3,17,3,1,对%1打开%2并自动播放视频,4,"1,1,0,0,1,0",,,,1018|1|0,3|60009,1073|1|0,,,,,,,,,,,,,,,,,,,,2,,,,587
3160005,播放广告,3,17,3,1,对%1播放广告，广告位名字%2，并且运行%3(仅按下按钮和松开按钮可触发),4,"0,0,0,0,1,0",,,,1018|1|0,3|60009,1010|1|0,,1038|1|0,,,,,,,,,,,,,,,,,,1,,,,588
3160011,打开开发者商店皮肤页面,3,17,3,1,对%1打开开发者商店皮肤页面（仅按下按钮和松开按钮可触发）,4,"0,0,0,0,1,0",,,,1018|1|0,3|60009,,,,,,,,,,,,,,,,,,,,,6,,,,589
3160006,打开开发者商店,3,17,3,1,对%1打开开发者商店,4,"1,0,0,0,1,0",,,,1018|1|0,3|60009,,,,,,,,,,,,,,,,,,,,,1,,,,590
3160007,打开开发者商店购买页指定分类,3,17,3,1,对%1打开开发者商店%2，商店名为%3,4,"1,0,0,0,1,0",,,,1018|1|0,3|60009,1101|1|0,,1010|1|0,,,,,,,,,,,,,,,,,,1,,,,591
3160012,打开开发者商店指定分类,3,17,3,1,对%1打开开发者商店%2，商店名为%3,4,"1,1,0,1,1,0",,,,1018|1|0,3|60009,1144|1|0,5|1450001,1010|1|0,,,,,,,,,,,,,,,,,,1,,,,592
3160013,打开对象的皮肤商店购买弹框,3,17,3,1,对%1显示%2的皮肤商店购买弹框,4,"1,1,0,1,1,0",,,,1018|1|0,3|60009,1048|1|0,,,,,,,,,,,,,,,,,,,,4,,,,593
3160014,打开皮肤试用商店,3,17,3,1,对%1打开皮肤试用商店,4,"1,1,0,1,1,0",,,,1018|1|0,3|60009,3|60009,,,,,,,,,,,,,,,,,,,,4,,,,594
3160009,打开皮肤商品详情页,3,17,3,1,对%1打开%2详情页（仅按下按钮和松开按钮可触发）,4,"0,0,0,0,1,0",,,,1018|1|0,3|60009,1138|1|0,,,,,,,,,,,,,,,,,,,,6,,,,595
3160008,打开商品详情页,3,17,3,1,对%1打开%2详情页,4,"1,1,0,1,1,0",,,,1018|1|0,3|60009,1059|1|0,,,,,,,,,,,,,,,,,,,,1,,,,596
3161001,设置课程目标状态,3,17,3,1,设置任务序号%1的完成状态为%2,4,"1,1,1,1,1,0",,,,1091|1|0,1|1,1092|1|0,5|800001,,,,,,,,,,,,,,,,,,,3,,,,597
3161002,显示课程目标区,3,17,3,1,设置任务目标区为%1,4,"1,1,1,1,1,0",,,,1093|1|0,5|810001,,,,,,,,,,,,,,,,,,,,,3,,,,598
3220001,对玩家显示评价弹窗,3,17,3,1,对%1显示评价弹窗,4,"1,1,0,1,1,0",,,,1018|1|0,3|60009,,,,,,,,,,,,,,,,,,,,,1,,"①玩家游玩一段时间后（当前为进入地图后3分钟）才可以触发
②10分钟只会弹一次，且玩家已评价过该地图不会触发
③重进地图或转换编辑地图可重新弹出一次，方便测试",,599
3220002,对玩家显示收藏弹窗,3,17,3,1,对%1显示收藏弹窗,4,"1,1,0,1,1,0",,,,1018|1|0,3|60009,,,,,,,,,,,,,,,,,,,,,1,,"①玩家游玩一段时间后（当前为进入地图后3分钟）才可以触发
②10分钟只会弹一次，且玩家已评价过该地图不会触发
③重进地图或转换编辑地图可重新弹出一次，方便测试",,600
3220003,对玩家显示关注作者弹窗,3,17,3,1,对%1显示%2弹窗,4,"1,1,0,1,1,0",,,,1018|1|0,3|60009,1141|1|2,5|1420001,,,,,,,,,,,,,,,,,,,3,,,,601
10005,指定坐标位置,4,1,4,1,坐标值 X%1Y%2Z%3的位置,,"1,1,0,1,1,0",,1,3,1005|1|0,1|0,1005|1|0,1|1,1005|1|0,1|1,,,,,,,,,,,,,,,,,,,,,602
20006,位置的坐标值,4,1,4,0,%1的%2坐标值,,"1,1,0,1,1,0",,1,6,1002|1|0,,1006|1|2,5|40001,,,,,,,,,,,,,,,,,,,,,,,603
10006,位置偏移（改变原位置）,4,1,4,1,%1沿坐标轴偏移（%2，%3，%4）,,"1,1,0,1,1,0",,1,3,1002|1|0,,1005|1|0,1|1,1005|1|0,1|1,1005|1|0,1|1,,,,,,,,,,,,,,,,,,,604
10024,位置偏移（不改变原位置）,4,1,4,1,%1沿坐标轴偏移（%2，%3，%4）,,"1,1,0,1,1,0",,1,3,1002|1|0,,1005|1|0,1|1,1005|1|0,1|1,1005|1|0,1|1,,,,,,,,,,,,,,,,,,,605
40004,出生点,4,1,4,0,出生点,,"1,1,0,1,1,0",,1,3,,,,,,,,,,,,,,,,,,,,,,,,,,,606
40024,对象碰撞盒的大小,4,1,4,1,%1的碰撞盒%2轴的大小,,"1,1,0,1,1,0",,1,6,1048|1|0,3|10019,1133|1|2,5|980001,,,,,,,,,,,,,,,,,,,2,95,,,606
100002,位置与位置的距离,4,1,4,0,%1与%2的距离,,"1,1,0,1,1,0",,1,6,1002|1|0,,1002|1|0,,,,,,,,,,,,,,,,,,,,,,,,607
20007,位置间的水平角度,4,1,4,1,%1与%2间的水平角度,,"1,1,0,1,1,0",,1,6,1002|1|0,,1002|1|0,,,,,,,,,,,,,,,,,,,,,,,,608
20008,位置间的垂直角度,4,1,4,1,%1与%2间的垂直角度,,"1,1,0,1,1,0",,1,6,1002|1|0,,1002|1|0,,,,,,,,,,,,,,,,,,,,,95,,,609
10007,区域的中央位置,4,1,4,1,%1的中央位置,,"1,1,0,1,1,0",,1,3,1001|1|0,,,,,,,,,,,,,,,,,,,,,,,,,,610
10008,区域中的随机位置,4,1,4,1,%1的随机位置,,"1,1,0,1,1,0",,1,3,1001|1|0,,,,,,,,,,,,,,,,,,,,,,,,,,611
10001,位置转化为区域,4,1,4,1,以%1为中心点，尺寸为（%2，%3，%4）的区域,,"1,1,0,1,1,0",,1,2,1002|1|0,,1005|1|0,1|5,1005|1|0,1|5,1005|1|0,1|5,,,,,,,,,,,,,,,,,,,612
10002,区域偏移,4,1,4,1,%1沿坐标轴偏移（%2，%3，%4）,,"1,1,0,1,1,0",,1,2,1001|1|0,,1005|1|0,1|1,1005|1|0,1|1,1005|1|0,1|1,,,,,,,,,,,,,,,,,,,613
10003,扩大区域,4,1,4,1,将%1三轴大小分别扩大X%2，Y%3，Z%4格,,"1,1,0,1,1,0",,1,2,1001|1|0,,1005|1|0,1|5,1005|1|0,1|5,1005|1|0,1|5,,,,,,,,,,,,,,,,95,,,614
10058,获取任意值的id,4,1,4,1,获取%1的id,,"1,1,0,1,1,0",,1,11,1053|1|0,,,,,,,,,,,,,,,,,,,,,,,,306396,,615
10059,获取指定id的任意对象,4,1,4,1,获取类型为%1id为%2的对象,,"1,1,0,1,1,0",,1,74,1145|1|2,5|1460001,1010|1|0,,,,,,,,,,,,,,,,,,,,,95,306397,,616
40015,事件中的字符串,4,1,4,1,事件中的字符串,,"1,1,0,1,1,0",,1,11,,,,,,,,,,,,,,,,,,,,,,,,,,,617
10038,字符串转化为数值,4,1,4,1,%1转化为数值,,"1,1,0,1,1,0",,1,6,1010|1|0,1|300142,,,,,,,,,,,,,,,,,,,,,,,,,618
10011,字符串拼接,4,1,4,1,%1和%2,,"1,1,0,1,1,0",,1,11,1010|1|0,1|1010008,1010|1|0,1|300198,,,,,,,,,,,,,,,,,,,,,,,619
10037,截取字符串,4,1,4,1,截取%1的%2- %3位文本,,"1,1,0,1,1,0",,1,11,1010|1|0,1|300144,1005|1|0,1|1,1005|1|0,1|2,,,,,,,,,,,,,,,,,,,,,620
10042,分割字符串,4,1,4,1,分割%1，分割符为%2，截取分割后的第%3段,,"1,1,0,1,1,0",,1,11,1010|1|0,1|300144,1010|1|0,1|300143,1005|1|0,1|1,,,,,,,,,,,,,,,,,,,,,621
10012,数值转化为字符串,4,1,4,1,%1转化为字符串,,"1,1,0,1,1,0",,1,11,1005|1|0,1|1,,,,,,,,,,,,,,,,,,,,,,,,,622
10043,获取JSON指定标记的字符串,4,1,4,1,获取JSON中%1，键名为%2的内容,,"1,1,0,1,1,0",,1,11,1010|1|0,,1010|1|0,,,,,,,,,,,,,,,,,,,,2,95,,,623
10048,获取字符串长度,4,1,4,1,获取%1的长度,,"1,1,0,1,1,0",,1,6,1010|1|0,1|300198,,,,,,,,,,,,,,,,,,,,,0,,,,624
10051,获取方块类型坐标,4,1,4,1,获取距离%1最近%2坐标，向XYZ轴搜索半径为%3个方块,,"1,1,0,1,1,0",,1,3,1048|1|0,5|360001,1025|1|0,2|200,1005|1|0,1|1,,,,,,,,,,,,,,,,,0,,,,625
10052,背包道具栏,4,1,4,1,获取%1,,"1,1,0,1,1,0",,1,103,1105|1|0,,,,,,,,,,,,,,,,,,,,,,0,,,,626
10053,快捷栏按键,4,1,4,1,获取%1,,"1,1,0,1,1,0",,1,103,1052|1|0,,,,,,,,,,,,,,,,,,,,,,0,,,,627
10054,装备栏,4,1,4,1,获取%1,,"1,1,0,1,1,0",,1,103,1054|1|0,,,,,,,,,,,,,,,,,,,,,,0,,,,628
10049,状态类型名,4,29,4,1,%1的类型名,,"1,1,0,1,1,0",,1,11,1037|1|0,,,,,,,,,,,,,,,,,,,,,,0,,,,629
10050,状态类型描述,4,29,4,1,%1的插件描述,,"1,1,0,1,1,0",,1,11,1037|1|0,,,,,,,,,,,,,,,,,,,,,,0,,,,630
10009,计时器时间,4,1,4,1,%1的时间,,"1,1,0,1,1,0",,1,6,1040|1|0,,,,,,,,,,,,,,,,,,,,,,,,306181,,631
10039,获取主机设备时间,4,1,4,1,获取设备的%1时间,,"1,1,0,1,1,0",,1,6,1078|1|2,5|540003,,,,,,,,,,,,,,,,,,,,,,,,,632
10044,获取游戏服务器时间,4,1,4,1,获取游戏服务器时间的%1时间,,"1,1,0,1,1,0",,1,6,1078|1|2,5|540003,,,,,,,,,,,,,,,,,,,,,,,,,633
10045,转换时间戳为时间单位,4,1,4,1,将时间戳%1转换为%2,,"1,1,0,1,1,0",,1,6,1005|1|0,,1078|1|2,5|540003,,,,,,,,,,,,,,,,,,,,,,,634
10046,获取完整服务器时间,4,1,4,1,获取完整服务器时间,,"1,1,0,1,1,0",,1,11,,,,,,,,,,,,,,,,,,,,,,,,,,,635
10047,转换时间戳为完整时间,4,1,4,1,将时间戳%1转换为完整时间,,"1,1,0,1,1,0",,1,11,1005|1|0,,,,,,,,,,,,,,,,,,,,,,,,,,636
10060,转换时间为时间戳,4,1,4,1,将时间%1转换为时间戳,,"1,1,0,1,1,0",,1,6,1010|1|0,1|301400,,,,,,,,,,,,,,,,,,,,,,,,,637
10040,获取完整主机设备时间,4,1,4,1,获取完整设备时间,,"1,1,0,1,1,0",,1,11,1083|1|2,5|600001,,,,,,,,,,,,,,,,,,,,,,95,,,638
10057,获取当前房间ID,4,1,4,1,获取当前房间ID,,"1,1,0,1,1,0",,1,11,,,,,,,,,,,,,,,,,,,,,,,,,,,639
10010,指定方向射线的长度,4,1,4,1,从%1向%2投射%3格的射线，返回阻挡方块到起始位置之间的射线长度,,"1,1,0,1,1,0",,1,6,1002|1|0,,1002|1|0,,1005|1|0,1|0,,,,,,,,,,,,,,,,,,,,,640
100008,位置到位置的方向,4,1,4,1,%1到%2的方向,,"1,1,0,1,1,0",,1,46,1002|1|0,,1002|1|0,,,,,,,,,,,,,,,,,,,,,,,,641
10016,相对三轴坐标系方向,4,1,4,1,%1面向的X%2，Y%3，Z%4的方向,,"1,1,0,1,1,0",,1,46,1048|1|0,,1005|1|0,1|0,1005|1|0,1|0,1005|1|0,1|0,,,,,,,,,,,,,,,,,,,642
10017,相对球坐标系方向,4,1,4,1,%1面向的方位角%2，仰角%3的方向,,"1,1,0,1,1,0",,1,46,1048|1|0,,1005|1|0,1|0,1005|1|0,1|0,,,,,,,,,,,,,,,,,,,,,643
100009,绝对三轴坐标方向,4,1,4,1,X%1，Y%2，Z%3的方向,,"1,1,0,1,1,0",,1,46,1005|1|0,1|1,1005|1|0,1|1,1005|1|0,1|1,,,,,,,,,,,,,,,,,,,,,644
100010,绝对球坐标方向,4,1,4,1,方位角%1，仰角%2的方向,,"1,1,0,1,1,0",,1,46,1005|1|0,1|90,1005|1|0,1|90,,,,,,,,,,,,,,,,,,,,95,,,645
10018,玩家对象,4,1,4,1,%1对象,,"1,1,0,1,1,0",,1,47,1018|1|0,,,,,,,,,,,,,,,,,,,,,,,,,,646
10019,生物对象,4,1,4,1,%1对象,,"1,1,0,1,1,0",,1,47,1031|1|0,,,,,,,,,,,,,,,,,,,,,,,,,,647
10020,投掷物对象,4,1,4,1,%1对象,,"1,1,0,1,1,0",,1,47,1044|1|0,,,,,,,,,,,,,,,,,,,,,,,,,,648
10021,掉落物对象,4,1,4,1,%1对象,,"1,1,0,1,1,0",,1,47,1030|1|0,,,,,,,,,,,,,,,,,,,,,,,,,,649
40018,执行动作的对象,4,1,4,0,执行动作的对象,,"1,1,0,1,1,0",,1,47,,,,,,,,,,,,,,,,,,,,,,,,95,,,650
10025,布尔值,4,1,4,1,布尔值%1,,"1,1,0,1,1,1",,1,52,1014|1|0,,,,,,,,,,,,,,,,,,,,,,,,,,651
10026,数值,4,1,4,1,数值%1,,"1,1,0,1,1,1",,1,52,1005|1|0,,,,,,,,,,,,,,,,,,,,,,,,,,652
10027,字符串,4,1,4,1,字符串%1,,"1,1,0,1,1,1",,1,52,1010|1|0,,,,,,,,,,,,,,,,,,,,,,,95,,,653
160001,随机颜色,4,1,4,0,随机颜色,,"1,1,0,1,1,0",,1,55,,,,,,,,,,,,,,,,,,,,,,,,,,,654
10028,外观类型,4,1,4,1,外观类型%1,,"1,1,0,1,1,1",,1,52,1060|1|0,,,,,,,,,,,,,,,,,,,,,,,,,,655
50049,随机外观类型,4,1,4,0,随机外观类型,,"1,1,0,1,1,0",,1,59,,,,,,,,,,,,,,,,,,,,,,,,,,,656
10022,音调转化为数值,4,1,4,1,%1转化为数值,,"1,1,0,1,1,0",,1,6,1049|1|2,,,,,,,,,,,,,,,,,,,,,,,,,,657
10055,方块类型转化为道具类型,4,1,4,1,%1转化为道具类型,,"1,1,0,1,1,0",,1,27,1025|1|0,2|200,,,,,,,,,,,,,,,,,,,,,0,,,,658
10056,道具类型转化为方块类型,4,1,4,1,%1转化为方块类型,,"1,1,0,1,1,0",,1,24,1028|1|0,2|200,,,,,,,,,,,,,,,,,,,,,0,,,,659
290001,随机音效,4,1,4,0,随机音效,,"1,1,0,1,1,0",,1,45,,,,,,,,,,,,,,,,,,,,,,,,,,,660
30001,当前游戏时间,4,2,4,0,当前游戏时间(小时),,"1,1,0,1,1,0",,0,6,,,,,,,,,,,,,,,,,,,,,,,,,,,661
100001,当前全局天气模式,4,2,4,0,当前全局天气模式,,"1,1,0,1,1,0",,1,1,,,,,,,,,,,,,,,,,,,,,,,0,,,,662
100017,随机天气,4,2,4,0,随机天气,,"1,1,0,1,1,0",,1,1,,,,,,,,,,,,,,,,,,,,,,,0,,,,663
100018,地形组的天气,4,2,4,0,%1的天气,,"1,1,0,1,1,0",,1,1,1137|1|2,5|990001,,,,,,,,,,,,,,,,,,,,,0,,,,664
30003,当前游戏重力倍数,4,2,4,0,当前游戏重力,,"1,1,0,1,1,0",,0,6,,,,,,,,,,,,,,,,,,,,,,,,95,,,665
40003,事件中的位置,4,2,4,1,事件中的位置,,"1,1,0,1,1,0",,1,3,,,,,,,,,,,,,,,,,,,,,,,,,,,666
40006,事件中的状态效果,4,2,4,1,事件中的状态效果,,"1,1,0,1,1,0",,1,36,,,,,,,,,,,,,,,,,,,,,,,,,,,667
40023,事件中的伤害值,4,2,4,1,事件中的伤害值,,"1,1,0,1,1,0",,1,6,,,,,,,,,,,,,,,,,,,,,,,,,,,668
40005,事件中的动画表情,4,2,4,1,事件中的动画表情,,"1,1,0,1,1,0",,1,40,,,,,,,,,,,,,,,,,,,,,,,,,,,669
430001,事件中的快捷栏,4,2,4,1,事件中的快捷栏,,"1,1,0,1,1,0",,1,51,,,,,,,,,,,,,,,,,,,,,,,,,,,828
40011,事件中玩家选中的快捷栏,4,2,4,1,事件中玩家选中的快捷栏,,"1,1,0,1,1,0",,1,51,,,,,,,,,,,,,,,,,,,,,,,,,,,670
40012,事件中的装备栏,4,2,4,1,事件中的装备栏,,"1,1,0,1,1,0",,1,53,,,,,,,,,,,,,,,,,,,,,,,,95,,,671
40019,事件中的配方,4,2,4,1,事件中的配方,,"0,0,0,0,0,0",,1,,,,,,,,,,,,,,,,,,,,,,,,2,,,,672
40020,事件中的熔炼,4,2,4,1,事件中的熔炼,,"0,0,0,0,0,0",,1,,,,,,,,,,,,,,,,,,,,,,,,2,,,,673
40021,事件中的剧情,4,2,4,1,事件中的剧情,,"0,0,0,0,0,0",,1,,,,,,,,,,,,,,,,,,,,,,,,2,,,,674
100011,位置,4,2,4,1,位置%1,,"1,1,0,1,1,1",,1,52,1002|1|0,,,,,,,,,,,,,,,,,,,,,,,,,,675
100012,区域,4,2,4,1,区域%1,,"1,1,0,1,1,1",,1,52,1001|1|0,,,,,,,,,,,,,,,,,,,,,,,,,,676
100013,计时器,4,2,4,1,计时器%1,,"1,1,0,1,1,1",,1,52,1040|1|0,,,,,,,,,,,,,,,,,,,,,,,95,,,677
300001,服务器获取的位置,4,2,4,0,服务器获取的位置,,"1,1,0,1,1,0",,1,3,1083|1|2,5|600001,,,,,,,,,,,,,,,,,,,,,,,,,678
300002,服务器获取的区域,4,2,4,0,服务器获取的区域,,"1,1,0,1,1,0",,1,2,1083|1|2,5|600001,,,,,,,,,,,,,,,,,,,,,,,,,679
300003,服务器获取的数值,4,2,4,0,服务器获取的数值,,"1,1,0,1,1,0",,1,6,1083|1|2,5|600001,,,,,,,,,,,,,,,,,,,,,,,,,680
300004,服务器获取的字符串,4,2,4,0,服务器获取的字符串,,"1,1,0,1,1,0",,1,11,1083|1|2,5|600001,,,,,,,,,,,,,,,,,,,,,,,,,681
300014,服务器获取的名称（键）,4,2,4,0,获取服务器和排行榜索引名称（键）,,"1,1,0,1,1,0",,1,11,,,,,,,,,,,,,,,,,,,,,,,,,,,682
300011,服务器获取的计时器,4,2,4,0,服务器获取的计时器,,"1,1,0,1,1,0",,1,39,1083|1|2,5|600001,,,,,,,,,,,,,,,,,,,,,,,,,683
300013,排行榜获取的排名,4,2,4,0,排行榜获取的排名,,"1,1,0,1,1,0",,1,6,,,,,,,,,,,,,,,,,,,,,,,,,,,684
50003,玩家的属性,4,3,4,1,%1的%2属性,,"1,1,0,1,1,0",,0,6,1018|1|0,3|60009,1020|1|2,5|140001,,,,,,,,,,,,,,,,,,,,,,,685
50037,玩家的外观,4,3,4,1,%1的外观,,"1,1,0,1,1,0",,1,59,1018|1|0,3|60009,,,,,,,,,,,,,,,,,,,,,,,,,686
50058,获取玩家的昵称高度距离,4,3,4,1,获取%1的%2高度距离,,"1,1,0,1,1,0",,1,6,1018|1|0,3|60009,1156|1|2,5|1570001,,,,,,,,,,,,,,,,,,,,,,,687
50007,玩家的名字,4,3,4,1,%1的名字,,"1,1,0,1,1,0",,1,11,1018|1|0,3|60009,,,,,,,,,,,,,,,,,,,,,,,,,688
50050,玩家的迷你号,4,3,4,1,%1的迷你号,,"1,1,0,1,1,0",,1,11,1018|1|0,3|60009,,,,,,,,,,,,,,,,,,,,,,95,,,689
50001,玩家的位置,4,3,4,1,%1的位置,,"1,1,0,1,1,0",,0,3,1018|1|0,3|60009,,,,,,,,,,,,,,,,,,,,,,,,,690
50002,玩家准星的位置,4,3,4,1,%1的准星位置,,"1,1,0,1,1,0",,1,3,1018|1|0,3|60009,,,,,,,,,,,,,,,,,,,,,,,,,691
50006,玩家面向的角度,4,3,4,1,%1面向的角度,,"1,1,0,1,1,0",,1,6,1018|1|0,3|60009,,,,,,,,,,,,,,,,,,,,,,,,,692
50008,玩家的模型角度,4,3,4,1,%1 模型%2的角度,,"1,1,0,1,1,0",,1,6,1018|1|0,3|60009,1147|1|2,5|1480001,,,,,,,,,,,,,,,,,,,,,,,693
50033,玩家准心所指的方向,4,3,4,1,%1准心所指的方向,,"1,1,0,1,1,0",,1,46,1018|1|0,3|60009,,,,,,,,,,,,,,,,,,,,,,95,,,694
50034,玩家手持的道具类型,4,3,4,1,%1手持的道具类型,,"1,1,0,1,1,0",,1,27,1018|1|0,3|60009,,,,,,,,,,,,,,,,,,,,,,,306153,,695
50004,玩家的道具数量,4,3,4,1,%1拥有的%2的数量,,"1,1,0,1,1,0",,1,6,1018|1|0,3|60009,1028|1|0,2|200,,,,,,,,,,,,,,,,,,,,,,,696
50052,玩家背包能存放的道具剩余总数量,4,3,4,1,获取%1背包和快捷栏剩余能存放%2的总数量,,"1,1,0,1,1,0",,1,6,1018|1|0,3|60009,1028|1|0,2|200,,,,,,,,,,,,,,,,,,,0,,,,697
50053,玩家背包道具类型,4,3,4,1,获取%1的%2的道具类型,,"1,1,0,1,1,0",,1,27,1018|1|0,3|60009,1104|1|0,,,,,,,,,,,,,,,,,,,,0,,306154,,698
50057,获取玩家累计消费额,4,3,4,1,获取%1距今30天内时间戳%2 至%3 累计消费%4数量,,"1,1,0,1,1,0",,1,6,1018|1|0,3|60009,1005|1|0,3|10060,1005|1|0,3|10060,1143|1|0,5|1440002,,,,,,,,,,,,,,,,,,,699
50059,玩家的私有变量（二维表）,6,30,11,0,%1的%2（二维表）,,"0,0,0,0,0,0",,0,305,1018|1|0,3|60009,1042|1|0,,,,,,,,,,,,,,,,,,,,,,,,700
50054,玩家背包道具名称,4,3,4,1,获取%1的%2的道具名称,,"1,1,0,1,1,0",,1,11,1018|1|0,3|60009,1104|1|0,,,,,,,,,,,,,,,,,,,,0,,,,701
50055,获取玩家道具数量,4,3,4,1,获取%1%2的当前数量,,"1,1,0,1,1,0",,1,6,1018|1|0,3|60009,1104|1|0,,1099|1|0,5|680003,,,,,,,,,,,,,,,,,0,,306155,,702
50056,获取玩家身上状态剩余时间,4,3,4,1,获取%1的%2的剩余时间,,"1,1,0,1,1,0",,1,6,1018|1|0,3|60009,1037|1|0,,,,,,,,,,,,,,,,,,,,0,,,,703
90003,玩家背包发生改变的道具的数量,4,3,4,1,玩家背包发生改变的道具的数量,,"1,1,0,1,1,0",,1,6,1083|1|2,5|600001,,,,,,,,,,,,,,,,,,,,,,,,,704
110001,玩家的载具,4,3,4,1,%1的载具,,"1,1,0,1,1,0",,1,30,1018|1|0,,,,,,,,,,,,,,,,,,,,,,,95,,,705
50035,玩家,4,3,4,1,玩家%1,,"1,1,0,1,1,1",,1,52,1018|1|0,,,,,,,,,,,,,,,,,,,,,,,,,,706
50012,房主,4,3,4,1,房主,,"1,1,0,1,1,0",,1,17,,,,,,,,,,,,,,,,,,,,,,,,,,,707
60009,触发事件的玩家,4,3,4,1,触发事件的玩家,,"1,1,0,1,1,0",,1,17,,,,,,,,,,,,,,,,,,,,,,,,,,,708
60010,事件中的目标玩家,4,3,4,1,事件中的目标玩家,,"1,1,0,1,1,0",,1,17,,,,,,,,,,,,,,,,,,,,,,,,,,,709
50051,获取指定迷你号的玩家,4,3,4,1,获取迷你号为%1的玩家,,"1,1,0,1,1,0",,1,17,1010|1|0,1|171196,,,,,,,,,,,,,,,,,,,,,,,,,710
60004,玩家组中指定编号的玩家,4,3,4,1,%1中编号为%2的玩家,,"1,1,0,1,1,0",,0,17,1019|1|0,,1005|1|0,1|1,,,,,,,,,,,,,,,,,,,,,306156,,711
60005,玩家组中的随机玩家,4,3,4,1,%1中的随机玩家,,"1,1,0,1,1,0",,1,17,1019|1|0,,,,,,,,,,,,,,,,,,,,,,,,,,712
300006,服务器获取的玩家,4,3,4,1,服务器获取的玩家,,"1,1,0,1,1,0",,1,17,1083|1|2,5|600001,,,,,,,,,,,,,,,,,,,,,,,,,713
300015,服务器获取的玩家（键）,4,3,4,1,获取服务器和排行榜索引玩家（键）,,"1,1,0,1,1,0",,1,17,,,,,,,,,,,,,,,,,,,,,,,,,,,714
60011,发射投掷物的玩家,4,3,4,1,发射投掷物的玩家,,"1,1,0,1,1,0",,1,17,,,,,,,,,,,,,,,,,,,,,,,,,,,715
60012,玩家的首次邀请人,4,3,4,1,%1的首次邀请人,,"1,1,0,1,1,0",,1,17,1018|1|0,3|60009,,,,,,,,,,,,,,,,,,,,,,,,,716
50036,玩家组,4,3,4,1,玩家组%1,,"0,0,0,0,0,0",,1,52,1019|1|0,,,,,,,,,,,,,,,,,,,,,,,,,,717
50038,玩家组,4,3,4,1,玩家组%1,,"1,1,0,1,1,1",,1,60,1019|1|0,,,,,,,,,,,,,,,,,,,,,,,,,,718
60001,玩家组中的玩家数量,4,3,4,1,%1中玩家的数量,,"1,1,0,1,1,0",,1,6,1019|1|0,,,,,,,,,,,,,,,,,,,,,,,,306157,,719
60002,玩家组中的玩家的编号,4,3,4,1,%1中%2的编号,,"1,1,0,1,1,0",,1,6,1019|1|0,,1018|1|0,,,,,,,,,,,,,,,,,,,,,95,306158,,720
50018,玩家的队伍,4,3,4,1,%1的队伍,,"1,1,0,1,1,0",,1,22,1018|1|0,,,,,,,,,,,,,,,,,,,,,,,,,,721
70021,生物类型名,4,4,4,1,%1的类型名,,"1,1,0,1,1,0",,1,11,1032|1|0,2|3400,,,,,,,,,,,,,,,,,,,,,0,,,,722
70022,生物类型描述,4,4,4,1,%1的插件描述,,"1,1,0,1,1,0",,1,11,1032|1|0,2|3400,,,,,,,,,,,,,,,,,,,,,0,,,,723
70023,生物类型的外观,4,4,4,1,%1的外观,,"1,1,0,1,1,0",,1,59,1032|1|0,2|3400,,,,,,,,,,,,,,,,,,,,,,,,,724
30002,指定排名的队伍,4,3,4,0,排名为%1的队伍,,"1,1,0,1,1,0",,1,22,1005|1|0,1|1,,,,,,,,,,,,,,,,,,,,,,,,,725
40001,队伍的属性,4,3,4,1,%1的%2属性,,"1,1,0,1,1,0",,0,6,1023|1|0,3|50018,1024|1|2,5|180001,,,,,,,,,,,,,,,,,,,,95,,,726
60006,所有玩家,4,3,4,1,所有玩家,,"1,1,0,1,1,0",,1,18,,,,,,,,,,,,,,,,,,,,,,,,,,,727
60007,队伍中的所有玩家,4,3,4,1,%1中的所有玩家,,"1,1,0,1,1,0",,1,18,1023|1|0,,,,,,,,,,,,,,,,,,,,,,,,,,728
60008,区域中的所有玩家,4,3,4,1,%1中的所有玩家,,"1,1,0,1,1,0",,1,18,1001|1|0,,,,,,,,,,,,,,,,,,,,,,,,306159,,729
60013,玩家邀请的新玩家组,4,3,4,1,%1成功邀请的新玩家组,,"1,1,0,1,1,0",,1,18,1018|1|0,3|60009,,,,,,,,,,,,,,,,,,,,,,,该接口最多获取200个玩家。,,730
60014,玩家邀请的所有玩家组,4,3,4,1,%1成功邀请的所有玩家组,,"1,1,0,1,1,0",,1,18,1018|1|0,3|60009,,,,,,,,,,,,,,,,,,,,,3,,该接口最多获取200个玩家。,,731
6100001,设置属性,3,1,3,1,设置%1的%2的%3为%4,,"0,0,0,0,0,0",,,,3001|0|0,,3002|0|0,,3003|0|0,,,,,,,,,,,,,,,,,,,,,,732
6100002,设置属性（字符串）,3,1,3,1,（字符串）设置%1的%2的%3为%4,,"0,0,0,0,0,0",,,,3001|0|0,,1010|1|0,1|300198,1010|1|0,1|300198,1005|1|0,1|5,,,,,,,,,,,,,,,,,,,733
6100003,执行对象的指令,3,1,3,1,执行%1的%2的%3,,"0,0,0,0,0,0",,,,3001|0|0,,3002|0|0,,3004|0|0,,,,,,,,,,,,,,,,,,,,,,734
6100004,执行对象的指令（字符串）,3,1,3,1,（字符串）执行%1的%2的%3,,"0,0,0,0,0,0",,,,3001|0|0,,1010|1|0,1|300198,1010|1|0,1|300198,,,,,,,,,,,,,,,,,,,,,735
6200001,当属性发生变化,1,1,1,1,当%1的%2的%3发生变化时,,"0,0,0,0,0,0",,,,3001|0|0,,3002|0|0,,3003|0|0,,,,,,,,,,,,,,,,,,,,,,736
6200002,当属性发生变化（字符串）,1,1,1,1,（字符串）当%1的%2的%3发生变化时,,"0,0,0,0,0,0",,,,3001|0|0,,1010|1|0,1|300198,1010|1|0,1|300198,,,,,,,,,,,,,,,,,,,,,737
60003,游戏中玩家的数量,4,3,4,1,当前游戏中玩家的数量,,"1,1,0,1,1,0",,1,6,,,,,,,,,,,,,,,,,,,,,,,,,,,738
70002,生物的属性,4,4,4,1,%1的%2属性,,"1,1,0,1,1,0",,0,6,1031|1|0,,1035|1|2,5|210001,,,,,,,,,,,,,,,,,,,,,,,739
70001,生物的位置,4,4,4,1,%1的位置,,"1,1,0,1,1,0",,1,3,1031|1|0,,,,,,,,,,,,,,,,,,,,,,,,,,740
70005,生物面向的角度,4,4,4,1,%1面向的角度,,"1,1,0,1,1,0",,1,6,1031|1|0,,,,,,,,,,,,,,,,,,,,,,,,,,741
70007,生物的模型角度,4,4,4,1,%1 模型%2的角度,,"1,1,0,1,1,0",,1,6,1031|1|0,,1147|1|2,5|1480001,,,,,,,,,,,,,,,,,,,,,,,742
70006,生物的类型名,4,4,4,1,%1的类型名,,"1,1,0,1,1,0",,1,11,1031|1|0,,,,,,,,,,,,,,,,,,,,,,,,,,743
70017,生物的外观,4,4,4,1,%1的外观,,"1,1,0,1,1,0",,1,59,1031|1|0,3|80006,,,,,,,,,,,,,,,,,,,,,,,,,744
70012,生物的队伍,4,4,4,1,%1的队伍,,"1,1,0,1,1,0",,1,22,1031|1|0,,,,,,,,,,,,,,,,,,,,,,,95,,,745
70020,生物,4,4,4,1,生物%1,,"1,1,0,1,1,1",,1,52,1031|1|0,,,,,,,,,,,,,,,,,,,,,,,,,,746
80006,触发事件的生物,4,4,4,1,触发事件的生物,,"1,1,0,1,1,0",,1,30,,,,,,,,,,,,,,,,,,,,,,,,,,,747
80007,事件中的目标生物,4,4,4,1,事件中的目标生物,,"1,1,0,1,1,0",,1,30,,,,,,,,,,,,,,,,,,,,,,,,,,,748
80010,最后创建的生物,4,4,4,1,最后创建的生物,,"1,1,0,1,1,0",,1,30,,,,,,,,,,,,,,,,,,,,,,,,,,,749
300009,服务器获取的生物,4,4,4,1,服务器获取的生物,,"1,1,0,1,1,0",,1,30,1083|1|2,5|600001,,,,,,,,,,,,,,,,,,,,,,95,,,750
70015,生物类型,4,4,4,1,生物类型%1,,"1,1,0,1,1,1",,1,52,1032|1|0,2|3400,,,,,,,,,,,,,,,,,,,,,,,,,751
70013,指定生物类型,4,4,4,1,%1的类型,,"1,1,0,1,1,0",,1,31,1031|1|0,,,,,,,,,,,,,,,,,,,,,,,,,,752
70014,随机生物类型,4,4,4,1,随机的生物类型,,"1,1,0,1,1,0",,1,31,,,,,,,,,,,,,,,,,,,,,,,,,,,753
80008,触发事件的生物类型,4,4,4,1,触发事件的生物类型,,"1,1,0,1,1,0",,1,31,,,,,,,,,,,,,,,,,,,,,,,,,,,754
80009,事件中的目标生物类型,4,4,4,1,事件中的目标生物类型,,"1,1,0,1,1,0",,1,31,,,,,,,,,,,,,,,,,,,,,,,,,,,755
80011,最后创建的生物类型,4,4,4,1,最后创建的生物类型,,"1,1,0,1,1,0",,1,31,,,,,,,,,,,,,,,,,,,,,,,,,,,756
300010,服务器获取的生物类型,4,4,4,1,服务器获取的生物类型,,"1,1,0,1,1,0",,1,31,1083|1|2,5|600001,,,,,,,,,,,,,,,,,,,,,,95,,,757
70019,生物类型组,4,4,4,1,生物类型组%1,,"1,1,0,1,1,1",,1,60,1069|1|0,,,,,,,,,,,,,,,,,,,,,,,,,,758
240001,生物类型组中指定编号的生物类型,4,4,4,1,%1中编号为%2的生物类型,,"1,1,0,1,1,0",,0,31,1069|1|0,,1005|1|0,1|1,,,,,,,,,,,,,,,,,,,,,,,759
240002,生物类型组中的随机生物类型,4,4,4,1,%1中的随机生物类型,,"1,1,0,1,1,0",,1,31,1069|1|0,,,,,,,,,,,,,,,,,,,,,,,95,,,760
70016,生物组,4,4,4,1,生物组%1,,"0,0,0,0,0,0",,1,52,1033|1|0,,,,,,,,,,,,,,,,,,,,,,,,,,761
70018,生物组,4,4,4,1,生物组%1,,"1,1,0,1,1,1",,1,60,1033|1|0,,,,,,,,,,,,,,,,,,,,,,,,,,762
70004,获取生物组中生物编号,4,4,4,1,%1中%2的编号,,"1,1,0,1,1,0",,1,6,1033|1|0,,1031|1|0,,,,,,,,,,,,,,,,,,,,,,,,763
80001,生物组中生物的数量,4,4,4,1,%1中生物的数量,,"1,1,0,1,1,0",,1,6,1033|1|0,,,,,,,,,,,,,,,,,,,,,,,,,,764
80002,生物组中指定编号的生物,4,4,4,1,%1中编号为%2的生物,,"1,1,0,1,1,0",,0,30,1033|1|0,,1005|1|0,1|1,,,,,,,,,,,,,,,,,,,,,,,765
80003,生物组中的随机生物,4,4,4,1,%1中的随机生物,,"1,1,0,1,1,0",,1,30,1033|1|0,,,,,,,,,,,,,,,,,,,,,,,95,,,766
80004,队伍中的所有生物,4,4,4,1,%1中的所有生物,,"1,1,0,1,1,0",,1,32,1023|1|0,,,,,,,,,,,,,,,,,,,,,,,,,,767
80005,区域中的所有生物,4,4,4,1,%1中的所有生物,,"1,1,0,1,1,0",,1,32,1001|1|0,,,,,,,,,,,,,,,,,,,,,,,,,,768
80012,发射投掷物的生物,4,4,4,1,发射投掷物的生物,,"1,1,0,1,1,0",,1,30,,,,,,,,,,,,,,,,,,,,,,,,,,,769
140001,方块类型,4,5,4,1,方块类型%1,,"1,1,0,1,1,1",,1,52,1025|1|0,2|200,,,,,,,,,,,,,,,,,,,,,,,,,770
10041,随机方块类型,4,5,4,1,随机方块类型,,"1,1,0,1,1,0",,1,24,,,,,,,,,,,,,,,,,,,,,,,,,,,771
40022,事件中的区域,4,1,4,1,事件中的区域,,"1,1,0,1,1,0",,1,2,,,,,,,,,,,,,,,,,,,,,,,,,,,772
40009,事件中的方块类型,4,5,4,1,事件中的方块类型,,"1,1,0,1,1,0",,1,24,,,,,,,,,,,,,,,,,,,,,,,,,,,773
40010,最后创建的方块类型,4,5,4,1,最后创建的方块类型,,"1,1,0,1,1,0",,1,24,,,,,,,,,,,,,,,,,,,,,,,,,,,774
100007,指定位置的方块类型,4,5,4,1,%1的方块类型,,"1,1,0,1,1,0",,1,24,1002|1|0,,,,,,,,,,,,,,,,,,,,,,,,,,775
140003,方块类型名,4,5,4,1,%1的类型名,,"1,1,0,1,1,0",,1,11,1025|1|0,,,,,,,,,,,,,,,,,,,,,,0,,,,776
140004,方块类型描述,4,5,4,1,%1的插件描述,,"1,1,0,1,1,0",,1,11,1025|1|0,,,,,,,,,,,,,,,,,,,,,,0,,,,777
140005,方块类型的外观,4,5,4,1,%1的外观,,"1,1,0,1,1,0",,1,59,1025|1|0,,,,,,,,,,,,,,,,,,,,,,0,,,,778
10015,射线打到的方块类型,4,5,4,1,从%1向%2发射%3格的射线打到的方块类型,,"1,1,0,1,1,0",,1,24,1002|1|0,,1003|1|2,5|20001,1005|1|0,1|10,,,,,,,,,,,,,,,,,,,,,779
10061,射线打到的对象,4,5,4,1,从%1向%2发射%3格的射线打到的%4,,"1,1,0,1,1,0",,1,24,1002|1|0,,1047|1|0,5|350005,1005|1|0,1|10,1157|1|2,5|1560001,,,,,,,,,,,,,,,2,,,,779
220001,方块类型组中指定编号的方块类型,4,5,4,1,%1中编号为%2的方块类型,,"1,1,0,1,1,0",,0,24,1067|1|0,,1005|1|0,1|1,,,,,,,,,,,,,,,,,,,,,,,780
220002,方块类型组中的随机方块类型,4,5,4,1,%1中的随机方块类型,,"1,1,0,1,1,0",,1,24,1067|1|0,,,,,,,,,,,,,,,,,,,,,,,,,,781
300007,服务器获取的方块类型,4,5,4,1,服务器获取的方块类型,,"1,1,0,1,1,0",,1,24,1083|1|2,5|600001,,,,,,,,,,,,,,,,,,,,,,95,,,782
221001,检测 区域相似度,4,5,4,1,检测区域相似度:原始区域%1 目的地起点%2检测模式%3,,"1,1,1,1,1,0",,1,6,1001|1|0,,1002|1|0,,1094|1|0,5|820001,,,,,,,,,,,,,,,,,2,,306160,,783
90019,道具类型描述,4,6,4,1,%1的插件描述,,"1,1,0,1,1,0",,1,11,1028|1|0,,,,,,,,,,,,,,,,,,,,,,0,,,,784
90020,道具的属性,4,6,4,1,%1的%2,,"1,1,0,1,1,0",,1,6,1028|1|0,2|12005,1099|1|0,5|680001,,,,,,,,,,,,,,,,,,,0,,,,785
221002,区域内方块类型组,4,5,4,1,获取%1内方块类型组,,"1,1,1,1,1,0",,1,66,1001|1|0,,,,,,,,,,,,,,,,,,,,,,0,,,,786
221003,区域内总方块数量,4,5,4,1,获取%1内总方块数量,,"1,1,1,1,1,0",,1,6,1001|1|0,,,,,,,,,,,,,,,,,,,,,,3,,306161,,787
221004,区域内指定类型方块数量,4,5,4,1,获取%1内方块类型为%2的数量,,"1,1,1,1,1,0",,1,6,1001|1|0,,1025|1|0,2|200,,,,,,,,,,,,,,,,,,,0,,,,788
140002,方块类型组,4,5,4,1,方块类型组%1,,"1,1,0,1,1,1",,1,60,1067|1|0,,,,,,,,,,,,,,,,,,,,,,,,,,789
90009,道具类型,4,6,4,1,道具类型%1,,"1,1,0,1,1,1",,1,52,1028|1|0,2|200,,,,,,,,,,,,,,,,,,,,,,,,,790
90018,最后创建的道具类型,4,6,4,1,最后创建的道具类型,,"1,1,0,1,1,0",,1,27,,,,,,,,,,,,,,,,,,,,,,,,,,,791
90014,事件中的道具类型,4,6,4,1,事件中的道具类型,,"1,1,0,1,1,0",,1,27,,,,,,,,,,,,,,,,,,,,,,,,,,,792
90008,掉落物的类型,4,6,4,1,%1的类型,,"1,1,0,1,1,0",,1,27,1030|1|0,,,,,,,,,,,,,,,,,,,,,,,,,,793
90013,随机道具类型,4,6,4,1,随机道具类型,,"1,1,0,1,1,0",,1,27,,,,,,,,,,,,,,,,,,,,,,,,,,,794
230001,道具类型组中指定编号的道具类型,4,6,4,1,%1中编号为%2的道具类型,,"1,1,0,1,1,0",,0,27,1068|1|0,,1005|1|0,1|1,,,,,,,,,,,,,,,,,,,,,,,795
230002,道具类型组中的随机道具类型,4,6,4,1,%1中的随机道具类型,,"1,1,0,1,1,0",,1,27,1068|1|0,,,,,,,,,,,,,,,,,,,,,,,,,,796
300008,服务器获取的道具类型,4,6,4,1,服务器获取的道具类型,,"1,1,0,1,1,0",,1,27,1083|1|2,5|600001,,,,,,,,,,,,,,,,,,,,,,95,,,797
90004,道具的类型名,4,6,4,1,%1的类型名,,"1,1,0,1,1,0",,1,11,1028|1|0,2|200,,,,,,,,,,,,,,,,,,,,,,,,,798
90017,事件中的道具数量,4,6,4,1,事件中的道具数量,,"1,1,0,1,1,0",,1,6,,,,,,,,,,,,,,,,,,,,,,,,95,,,799
90015,触发事件的投掷物,4,6,4,1,触发事件的投掷物,,"1,1,0,1,1,0",,1,43,,,,,,,,,,,,,,,,,,,,,,,,,,,800
280001,随机投掷物类型,4,6,4,1,随机投掷物类型,,"1,1,0,1,1,0",,1,28,,,,,,,,,,,,,,,,,,,,,,,,95,,,801
90001,掉落物的位置,4,6,4,1,%1的位置,,"1,1,0,1,1,0",,0,3,1030|1|0,,,,,,,,,,,,,,,,,,,,,,,,,,802
90002,掉落物的数量,4,6,4,1,%1的数量,,"1,1,0,1,1,0",,1,6,1030|1|0,,,,,,,,,,,,,,,,,,,,,,,,,,803
90016,事件中的掉落物,4,6,4,1,事件中的掉落物,,"1,1,0,1,1,0",,1,29,,,,,,,,,,,,,,,,,,,,,,,,,,,804
90012,道具类型组,4,6,4,1,道具类型组%1,,"1,1,0,1,1,1",,1,60,1068|1|0,,,,,,,,,,,,,,,,,,,,,,,,,,805
20001,数值运算,4,10,4,0,%1%2%3,,"1,1,0,1,1,0",,1,6,1005|1|0,1|0,1017|1|2,5|130001,1005|1|0,1|0,,,,,,,,,,,,,,,,,,,,,806
20020,高级四则运算,4,10,4,1,%1%2%3,,"1,1,0,1,1,0",,1,6,1005|1|0,1|0,1017|1|2,5|130001,1005|1|0,1|0,,,,,,,,,,,,,,,,,,95,,,807
20003,随机数,4,10,4,0,生成随机整数:%1至%2,,"1,1,0,1,1,0",,1,6,1091|1|0,1|1,1091|1|0,1|10,,,,,,,,,,,,,,,,,,,,,306135,,808
20015,取整,4,10,4,0,%2%1,,"1,1,0,1,1,0",,1,6,1005|1|0,1|1,1009|1|2,5|70002,,,,,,,,,,,,,,,,,,,,,306151,,809
20011,绝对值,4,10,4,0,%1的绝对值,,"1,1,0,1,1,0",,1,6,1005|1|0,1|-1,,,,,,,,,,,,,,,,,,,,,,95,,,810
20005,整除,4,10,4,0,%1整除%2,,"1,1,0,1,1,0",,1,6,1005|1|0,1|1,1005|1|0,1|1,,,,,,,,,,,,,,,,,,,,,,,811
20002,取余,4,10,4,0,%1Mod%2,,"1,1,0,1,1,0",,1,6,1005|1|0,1|1,1005|1|0,1|1,,,,,,,,,,,,,,,,,,,,,,,812
20004,最大值,4,10,4,0,%1与%2的%3,,"1,1,0,1,1,0",,1,6,1005|1|0,1|1,1005|1|0,1|10,1015|1|2,5|110001,,,,,,,,,,,,,,,,,,95,,,813
20009,幂运算,4,10,4,0,%1的%2次幂,,"1,1,0,1,1,0",,1,6,1005|1|0,1|2,1005|1|0,1|2,,,,,,,,,,,,,,,,,,,,,,,814
20010,开方,4,10,4,0,%1开%2次方,,"1,1,0,1,1,0",,1,6,1005|1|0,1|4,1005|1|0,1|2,,,,,,,,,,,,,,,,,,,,95,,,815
20013,固定底对数函数,4,10,4,0,%1%2,,"1,1,0,1,1,0",,1,6,1008|1|2,5|60001,1005|1|0,1|10,,,,,,,,,,,,,,,,,,,,,,,816
20014,任意底对数函数,4,10,4,0,Log%1%2,,"1,1,0,1,1,0",,1,6,1005|1|0,1|1,1005|1|0,1|1,,,,,,,,,,,,,,,,,,,,95,,,817
20012,三角函数,4,10,4,0,%1%2%3,,"1,1,0,1,1,0",,1,6,1043|1|2,5|330001,1005|1|0,1|30,1007|1|2,5|50001,,,,,,,,,,,,,,,,,,,,,818
20016,角度与弧度转换,4,10,4,0,将%1转换为%2,,"1,1,0,1,1,0",,1,6,1005|1|0,1|90,1007|1|2,5|50001,,,,,,,,,,,,,,,,,,,,,,,819
10029,布尔值组,4,11,4,0,布尔值组%1,,"1,1,0,1,1,1",,1,60,1066|1|0,,,,,,,,,,,,,,,,,,,,,,,,,,820
10030,数值组,4,11,4,0,数值组%1,,"1,1,0,1,1,1",,1,60,1064|1|0,,,,,,,,,,,,,,,,,,,,,,,,,,821
10031,字符串组,4,11,4,0,字符串组%1,,"1,1,0,1,1,1",,1,60,1065|1|0,,,,,,,,,,,,,,,,,,,,,,,95,,,822
100014,位置组,4,11,4,0,位置组%1,,"1,1,0,1,1,1",,1,60,1062|1|0,,,,,,,,,,,,,,,,,,,,,,,,,,823
170001,位置组中指定编号的位置,4,11,4,1,%1中编号为%2的位置,,"1,1,0,1,1,0",,0,3,1062|1|0,,1005|1|0,1|1,,,,,,,,,,,,,,,,,,,,,306428,,824
170002,位置组中的随机位置,4,11,4,1,%1中的随机位置,,"1,1,0,1,1,0",,1,3,1062|1|0,,,,,,,,,,,,,,,,,,,,,,,95,306429,,825
100015,区域组,4,11,4,0,区域组%1,,"1,1,0,1,1,1",,1,60,1063|1|0,,,,,,,,,,,,,,,,,,,,,,,,,,826
180001,区域组中指定编号的区域,4,11,4,1,%1中编号为%2的区域,,"1,1,0,1,1,0",,0,2,1063|1|0,,1005|1|0,1|1,,,,,,,,,,,,,,,,,,,,,306430,,827
180002,区域组中的随机区域,4,11,4,1,%1中的随机区域,,"1,1,0,1,1,0",,1,2,1063|1|0,,,,,,,,,,,,,,,,,,,,,,,95,306431,,828
10032,获取任意组中值的数量,4,11,4,1,获取%1中值的数量,,"1,1,0,1,1,0",,1,6,1061|1|0,,,,,,,,,,,,,,,,,,,,,,,,,,829
10033,获取任意组中任意值的数量,4,11,4,1,获取%1中%2的数量,,"1,1,0,1,1,0",,1,6,1061|1|0,,1053|1|0,,,,,,,,,,,,,,,,,,,,,,,,830
10034,获取任意组中任意值的编号,4,11,4,1,获取%1中%2的编号,,"1,1,0,1,1,0",,1,6,1061|1|0,,1053|1|0,,,,,,,,,,,,,,,,,,,,,95,,,831
190001,数值组中指定编号的数值,4,11,4,1,%1中编号为%2的数值,,"1,1,0,1,1,0",,0,6,1064|1|0,,1005|1|0,1|1,,,,,,,,,,,,,,,,,,,,,,,832
190002,数值组中的随机数值,4,11,4,1,%1中的随机数值,,"1,1,0,1,1,0",,1,6,1064|1|0,,,,,,,,,,,,,,,,,,,,,,,,,,833
190003,获取数值组中的最大值,4,11,4,1,获取%1中的最大值,,"1,1,0,1,1,0",,1,6,1064|1|0,,,,,,,,,,,,,,,,,,,,,,,,,,834
190004,获取数值组中的最小值,4,11,4,1,获取%1中的最小值,,"1,1,0,1,1,0",,1,6,1064|1|0,,,,,,,,,,,,,,,,,,,,,,,95,,,835
200001,字符串组中指定编号的字符串,4,11,4,1,%1中编号为%2的字符串,,"1,1,0,1,1,0",,0,11,1065|1|0,,1005|1|0,1|1,,,,,,,,,,,,,,,,,,,,,306432,,836
200002,字符串组中的随机字符串,4,11,4,1,%1中的随机字符串,,"1,1,0,1,1,0",,1,11,1065|1|0,,,,,,,,,,,,,,,,,,,,,,,95,306433,,837
100016,计时器组,4,11,4,0,计时器组%1,,"1,1,0,1,1,1",,1,60,1070|1|0,,,,,,,,,,,,,,,,,,,,,,,,,,838
250001,计时器组中指定编号的计时器,4,11,4,1,%1中编号为%2的计时器,,"1,1,0,1,1,0",,0,39,1070|1|0,,1005|1|0,1|1,,,,,,,,,,,,,,,,,,,,,306182,,839
250002,计时器组中的随机计时器,4,11,4,0,%1中的随机计时器,,"1,1,0,1,1,0",,1,39,1070|1|0,,,,,,,,,,,,,,,,,,,,,,,,306183,,840
40014,事件中的界面,4,13,4,1,事件中的界面,,"1,1,0,1,1,0",,1,73,,,,,,,,,,,,,,,,,,,,,,,,,,,841
40016,当前编辑的界面,4,13,4,0,当前编辑的界面,,"1,1,0,1,1,0",,1,73,,,,,,,,,,,,,,,,,,,,,,,,95,,,842
40013,事件中的元件,4,13,4,1,事件中的元件,,"1,1,0,1,1,0",,1,74,,,,,,,,,,,,,,,,,,,,,,,,,,,843
90021,投掷物,4,6,4,1,投掷物%1,,"1,1,0,1,1,1",,1,52,1044|1|0,,,,,,,,,,,,,,,,,,,,,,,,,,844
90022,投掷物类型,4,6,4,1,投掷物类型%1,,"1,1,0,1,1,1",,1,52,1029|1|0,,,,,,,,,,,,,,,,,,,,,,,,,,845
90023,动画表情,4,2,4,1,动画表情%1,,"1,1,0,1,1,1",,1,52,1041|1|0,,,,,,,,,,,,,,,,,,,,,,,,,,846
90024,音效,4,1,4,1,音效%1,,"1,1,0,1,1,1",,1,52,1046|1|0,,,,,,,,,,,,,,,,,,,,,,,,,,847
90025,状态,4,2,4,1,状态%1,,"1,1,0,1,1,1",,1,52,1037|1|0,,,,,,,,,,,,,,,,,,,,,,,,,,848
90026,显示板,4,1,4,1,显示板%1,,"1,1,0,1,1,1",,1,52,1082|1|0,,,,,,,,,,,,,,,,,,,,,,,,,,849
90027,蓝图,4,1,4,1,蓝图%1,,"1,1,0,1,1,1",,1,52,1107|1|0,,,,,,,,,,,,,,,,,,,,,,,,,,850
310009,获取指定id的元件,4,13,4,1,获取id为%1的元件,,"1,1,0,1,1,0",,1,74,1010|1|0,,,,,,,,,,,,,,,,,,,,,,,,306398,,851
310010,界面,4,13,4,1,界面%1,,"1,1,0,1,1,1",,1,52,1074|1|0,,,,,,,,,,,,,,,,,,,,,,,,,,852
310011,元件,4,13,4,1,元件%1,,"1,1,0,1,1,1",,1,52,1075|1|0,,,,,,,,,,,,,,,,,,,,,,,,,,853
310012,图案,4,13,4,1,图案%1,,"1,1,0,1,1,1",,1,52,1076|1|0,,,,,,,,,,,,,,,,,,,,,,,,,,854
310013,父元件X,4,13,4,1,水平方向%1，偏移%2 %3,,"0,0,0,0,0,0",,1,149,1150|1|2,5|1510001,1091|1|0,1|10,1149|1|2,5|1500001,,,,,,,,,,,,,,,,,,,,,855
310014,父元件Y,4,13,4,1,垂直方向%1，偏移%2 %3,,"0,0,0,0,0,0",,1,153,1151|1|2,5|1520001,1091|1|0,1|10,1149|1|2,5|1500001,,,,,,,,,,,,,,,,,,,,,856
310015,父元件宽高,4,13,4,1,%1 %2,,"0,0,0,0,0,0",,1,148,1091|1|0,1|100,1149|1|2,5|1500001,,,,,,,,,,,,,,,,,,,,,,,857
310016,父元件高,4,13,4,1,%1 %2,,"0,0,0,0,0,0",,1,148,1091|1|0,1|100,1149|1|2,5|1500001,,,,,,,,,,,,,,,,,,,,,,,858
310017,获取进度值,4,13,4,1,获取%1的%2的%3的%4数值,3,"0,0,0,0,0,0",,,,1018|1|0,3|60009,1074|1|0,3|40016,1075|1|0,,1114|1|2,5|1130001,,,,,,,,,,,,,,,,,,,859
120002,特效类型,4,14,4,1,特效类型%1,,"1,1,0,1,1,1",,1,52,1045|1|0,,,,,,,,,,,,,,,,,,,,,,,,,,860
40007,事件中的特效类型,4,14,4,1,事件中的特效类型,,"1,1,0,1,1,0",,1,44,,,,,,,,,,,,,,,,,,,,,,,,,306206,,861
40008,最后创建的特效类型,4,14,4,1,最后创建的特效类型,,"1,1,0,1,1,0",,1,44,,,,,,,,,,,,,,,,,,,,,,,,,306207,,862
120001,随机特效类型,4,14,4,1,随机的特效类型,,"1,1,0,1,1,0",,1,44,,,,,,,,,,,,,,,,,,,,,,,,95,306208,,863
120003,特效类型组,4,14,4,0,特效类型组%1,,"1,1,0,1,1,1",,1,60,1071|1|0,,,,,,,,,,,,,,,,,,,,,,,,,,864
260001,特效类型组中指定编号的特效类型,4,14,4,1,%1中编号为%2的特效类型,,"1,1,0,1,1,0",,0,44,1071|1|0,,1005|1|0,1|1,,,,,,,,,,,,,,,,,,,,,306209,,865
260002,特效类型组中的随机特效类型,4,14,4,1,%1中的随机特效类型,,"1,1,0,1,1,0",,1,44,1071|1|0,,,,,,,,,,,,,,,,,,,,,,,,306210,,866
150001,文字板,4,16,4,1,内容为%1的文字板，字体大小%2，不透明度%3%，编号%4，自动换行%5,,"1,1,0,1,1,0",,1,56,1010|1|0,1|300142,1005|1|0,1|16,1005|1|0,1|0,1005|1|0,1|1,1013|1|0,5|100001,,,,,,,,,,,,,,,,,867
300012,服务器获取的特效类型,4,14,4,1,服务器获取的特效类型,,"1,1,0,1,1,0",,1,44,1083|1|2,5|600001,,,,,,,,,,,,,,,,,,,,,,,,,868
40017,事件中的音乐,4,15,4,1,事件中的音乐,,"1,1,0,1,1,0",,1,79,,,,,,,,,,,,,,,,,,,,,,,,,,,869
150002,漂浮文字,4,16,4,1,内容为%1的漂浮文字，字体大小%2，编号%3,,"1,1,0,1,1,0",,1,56,1010|1|0,1|300142,1005|1|0,1|16,1005|1|0,1|1,,,,,,,,,,,,,,,,,,,,,870
150003,进度条,4,16,4,1,当前值%1、最大值%2的进度条，颜色%3，编号%4,,"1,1,0,1,1,0",,1,56,1005|1|0,1|100,1005|1|0,1|100,1056|1|0,1|0xF44336,1005|1|0,1|1,,,,,,,,,,,,,,,,95,,,871
150010,图片,4,16,4,1,图片为%1，大小为%2倍，不透明度为%3%，编号为%4,,"1,1,0,1,1,0",,1,56,1076|1|0,,1005|1|0,1|1,1005|1|0,1|100,1005|1|0,1|1,,,,,,,,,,,,,,,0,,,,872
150004,指向对象的箭头,4,16,4,1,指向%1的箭头，大小%2，颜色%3，编号%4,,"1,1,0,1,1,0",,1,56,1048|1|0,,1005|1|0,1|1,1056|1|0,1|0xF44336,1005|1|0,1|1,,,,,,,,,,,,,,,,,,,873
150005,指向位置的箭头,4,16,4,1,指向%1的箭头，大小%2，颜色%3，编号%4,,"1,1,0,1,1,0",,1,56,1002|1|0,,1005|1|0,1|1,1056|1|0,1|0xF44336,1005|1|0,1|1,,,,,,,,,,,,,,,,95,,,874
150006,指向对象的引导面,4,16,4,1,指向%1的引导面，大小%2，颜色%3，编号%4,,"1,1,0,1,1,0",,1,56,1048|1|0,,1005|1|0,1|1,1056|1|0,1|0xF44336,1005|1|0,1|1,,,,,,,,,,,,,,,,,,,875
150007,指向位置的引导面,4,16,4,1,指向%1的引导面，大小%2，颜色%3，编号%4,,"1,1,0,1,1,0",,1,56,1002|1|0,,1005|1|0,1|1,1056|1|0,1|0xF44336,1005|1|0,1|1,,,,,,,,,,,,,,,,95,,,876
150008,指向对象的引导线,4,16,4,1,指向%1的引导线，大小%2，颜色%3，编号%4,,"1,1,0,1,1,0",,1,56,1048|1|0,,1005|1|0,1|1,1056|1|0,1|0xF44336,1005|1|0,1|1,,,,,,,,,,,,,,,,,,,877
150009,指向位置的引导线,4,16,4,1,指向%1的引导线，大小%2，颜色%3，编号%4,,"1,1,0,1,1,0",,1,56,1002|1|0,,1005|1|0,1|1,1056|1|0,1|0xF44336,1005|1|0,1|1,,,,,,,,,,,,,,,,95,,,878
270004,道具类型的图标,4,16,4,0,%1的图标,,"1,1,0,1,1,0",,1,75,1028|1|0,2|12005,,,,,,,,,,,,,,,,,,,,,,,,,879
270005,生物的图标,4,16,4,0,%1的图标,,"1,1,0,1,1,0",,1,75,1031|1|0,,,,,,,,,,,,,,,,,,,,,,,,,,880
270006,生物类型的图标,4,16,4,0,%1的图标,,"1,1,0,1,1,0",,1,75,1032|1|0,2|3400,,,,,,,,,,,,,,,,,,,,,,,,,881
270007,状态的图标,4,16,4,0,%1的图标,,"1,1,0,1,1,0",,1,75,1037|1|0,2|4001,,,,,,,,,,,,,,,,,,,,,,,,,882
270008,方块类型的图标,4,16,4,0,%1的图标,,"1,1,0,1,1,0",,1,75,1025|1|0,2|200,,,,,,,,,,,,,,,,,,,,,,,,,883
270009,玩家当前角色图标,4,16,4,0,当前%1角色的图标,,"1,1,0,1,1,0",,1,75,1018|1|0,3|60009,,,,,,,,,,,,,,,,,,,,,,,,,884
270010,获取玩家快捷栏图标,4,16,4,0,%1快捷栏为%2的图标,,"1,1,0,1,1,0",,1,75,1018|1|0,3|60009,1005|1|0,1|1,,,,,,,,,,,,,,,,,,,,95,,,885
130001,获取当前播放广告位的名字,4,17,4,0,获取当前播放广告位的名字,,"1,1,0,1,1,0",,1,11,1083|1|2,5|600001,,,,,,,,,,,,,,,,,,,,,,,,,886
130002,获取当前房间的类型,4,17,4,0,获取当前房间的类型,,"1,1,0,1,1,0",,1,11,,,,,,,,,,,,,,,,,,,,,,,,,,,887
5000001,重复执行,5,8,5,0,重复执行#n%1,,"1,1,0,1,1,0",,,,1089|0|0,,,,,,,,,,,,,,,,,,,,,,,70,306066,1,888
5000002,重复执行数次,5,8,6,0,重复执行%1次#n%1,,"1,1,0,1,1,0",,,,1005|1|0,1|5,1089|0|0,,,,,,,,,,,,,,,,,,,,,70,306069,1,889
5000003,重复执行直到,5,8,7,0,重复执行直到%1#n%1,,"1,1,0,1,1,0",,,,1087|1|0,,1089|0|0,,,,,,,,,,,,,,,,,,,,,95,306234,,890
5000009,对任意组做动作,5,8,14,0,选取%1做以下动作#n%1,,"1,1,0,1,1,0",,,,1061|1|0,,1089|0|0,,,,,,,,,,,,,,,,,,,,,95,306235,,891
5000004,退出循环,5,8,8,0,退出循环,13,"1,1,0,1,1,0",,,,,,,,,,,,,,,,,,,,,,,,,,,95,306073,1,892
5000005,如果...就,5,8,9,0,如果%1，就#n%1,,"1,1,0,1,1,0",,,,1087|1|0,,1089|0|0,,,,,,,,,,,,,,,,,,,,,70,306067,1,893
5000006,如果...否则,5,8,9,0,如果%1，就#n%1#n否则#n%1,,"1,1,0,1,1,0",,,,1087|1|0,,1089|0|0,,1089|0|0,,,,,,,,,,,,,,,,,,,225,306070,1,894
3110006,等待时间,5,8,3,1,等待%1秒后，继续执行下一条动作,13,"1,1,0,1,1,0",,,,1005|1|0,1|1,,,,,,,,,,,,,,,,,,,,,0,,306068,1,895
5000007,保持等待直到,5,8,10,0,保持等待直到%1,13,"1,1,0,1,1,0",,,,1087|1|0,,,,,,,,,,,,,,,,,,,,,,,100,306072,1,896
3020001,运行触发器,5,8,3,1,运行%1，检查如果条件为%2，则执行动作,13,"1,1,0,1,1,0",,,,1038|1|0,,1014|1|0,5|320002,,,,,,,,,,,,,,,,,,,0,,306071,1,897
3020002,循环运行触发器,5,8,3,1,从%1到%2，执行%3,13,"1,1,0,1,1,0",,,,1005|1|0,1|1,1005|1|0,1|2,1038|1|0,,,,,,,,,,,,,,,,,,0,,306076,1,898
5000008,停止,5,8,8,0,停止%1,13,"1,1,0,1,1,0",,,,1088|1|2,5|620001,,,,,,,,,,,,,,,,,,,,,0,100,306075,1,899
3020003,改变触发器状态,5,8,3,1,改变%1状态开启为%2,13,"1,1,0,1,1,0",,,,1038|1|0,,1013|1|2,5|100001,,,,,,,,,,,,,,,,,,,0,,306074,1,900
3020004,改变触发器组状态,5,8,3,1,改变%1状态开启为%2,13,"1,1,0,1,1,0",,,,1039|1|0,,1013|1|2,5|100001,,,,,,,,,,,,,,,,,,,0,100,306077,1,901
3150001,执行脚本,3,17,13,1,执行脚本%1,13,"1,1,0,1,1,0",,,,1050|1|0,,,,,,,,,,,,,,,,,,,,,,0,,,,902
50019,玩家的私有变量（区域）,6,109,11,0,%1的%2（区域）,,"0,0,0,0,0,0",,0,2,1018|1|0,3|60009,1042|1|0,,,,,,,,,,,,,,,,,,,,,,,,903
50020,玩家的私有变量（位置）,6,108,11,0,%1的%2（位置）,,"0,0,0,0,0,0",,0,3,1018|1|0,3|60009,1042|1|0,,,,,,,,,,,,,,,,,,,,,,,,904
50021,玩家的私有变量（数值）,6,101,11,0,%1的%2（数值）,,"0,0,0,0,0,0",,0,6,1018|1|0,3|60009,1042|1|0,,,,,,,,,,,,,,,,,,,,,,,,905
50022,玩家的私有变量（字符串）,6,102,11,0,%1的%2（字符串）,,"0,0,0,0,0,0",,0,11,1018|1|0,3|60009,1042|1|0,,,,,,,,,,,,,,,,,,,,,,,,906
50023,玩家的私有变量（布尔值）,6,107,11,0,%1的%2（布尔值）,,"0,0,0,0,0,0",,0,13,1018|1|0,3|60009,1042|1|0,,,,,,,,,,,,,,,,,,,,,,,,907
50024,玩家的私有变量（玩家）,6,103,11,0,%1的%2（玩家）,,"0,0,0,0,0,0",,0,17,1018|1|0,3|60009,1042|1|0,,,,,,,,,,,,,,,,,,,,,,,,908
50025,玩家的私有变量（玩家组）,6,103,11,0,%1的%2（玩家组）,,"0,0,0,0,0,0",,0,18,1018|1|0,3|60009,1042|1|0,,,,,,,,,,,,,,,,,,,,,,,,909
50026,玩家的私有变量（方块类型）,6,113,11,0,%1的%2（方块类型）,,"0,0,0,0,0,0",,0,24,1018|1|0,3|60009,1042|1|0,,,,,,,,,,,,,,,,,,,,,,,,910
50027,玩家的私有变量（道具类型）,6,114,11,0,%1的%2（道具类型）,,"0,0,0,0,0,0",,0,27,1018|1|0,3|60009,1042|1|0,,,,,,,,,,,,,,,,,,,,,,,,911
50028,玩家的私有变量（生物）,6,104,11,0,%1的%2（生物）,,"0,0,0,0,0,0",,0,30,1018|1|0,3|60009,1042|1|0,,,,,,,,,,,,,,,,,,,,,,,,912
50029,玩家的私有变量（生物类型）,6,115,11,0,%1的%2（生物类型）,,"0,0,0,0,0,0",,0,31,1018|1|0,3|60009,1042|1|0,,,,,,,,,,,,,,,,,,,,,,,,913
50030,玩家的私有变量（生物组）,6,104,11,0,%1的%2（生物组）,,"0,0,0,0,0,0",,0,32,1018|1|0,3|60009,1042|1|0,,,,,,,,,,,,,,,,,,,,,,,,914
50031,玩家的私有变量（计时器）,6,120,11,0,%1的%2（计时器）,,"0,0,0,0,0,0",,0,39,1018|1|0,3|60009,1042|1|0,,,,,,,,,,,,,,,,,,,,,,,,915
50032,玩家的私有变量（特效类型）,6,117,11,0,%1的%2（特效类型）,,"0,0,0,0,0,0",,0,44,1018|1|0,3|60009,1042|1|0,,,,,,,,,,,,,,,,,,,,,,,,916
50039,玩家的私有变量（位置组）,6,108,11,0,%1的%2（位置组）,,"0,0,0,0,0,0",,0,61,1018|1|0,3|60009,1042|1|0,,,,,,,,,,,,,,,,,,,,,,,,917
50040,玩家的私有变量（区域组）,6,109,11,0,%1的%2（区域组）,,"0,0,0,0,0,0",,0,62,1018|1|0,3|60009,1042|1|0,,,,,,,,,,,,,,,,,,,,,,,,918
50041,玩家的私有变量（数值组）,6,101,11,0,%1的%2（数值组）,,"0,0,0,0,0,0",,0,63,1018|1|0,3|60009,1042|1|0,,,,,,,,,,,,,,,,,,,,,,,,919
50042,玩家的私有变量（字符串组）,6,102,11,0,%1的%2（字符串组）,,"0,0,0,0,0,0",,0,64,1018|1|0,3|60009,1042|1|0,,,,,,,,,,,,,,,,,,,,,,,,920
50043,玩家的私有变量（布尔值组）,6,107,11,0,%1的%2（布尔值组）,,"0,0,0,0,0,0",,0,65,1018|1|0,3|60009,1042|1|0,,,,,,,,,,,,,,,,,,,,,,,,921
50044,玩家的私有变量（方块类型组）,6,113,11,0,%1的%2（方块类型组）,,"0,0,0,0,0,0",,0,66,1018|1|0,3|60009,1042|1|0,,,,,,,,,,,,,,,,,,,,,,,,922
50045,玩家的私有变量（道具类型组）,6,114,11,0,%1的%2（道具类型组）,,"0,0,0,0,0,0",,0,67,1018|1|0,3|60009,1042|1|0,,,,,,,,,,,,,,,,,,,,,,,,923
50046,玩家的私有变量（生物类型组）,6,115,11,0,%1的%2（生物类型组）,,"0,0,0,0,0,0",,0,68,1018|1|0,3|60009,1042|1|0,,,,,,,,,,,,,,,,,,,,,,,,924
50047,玩家的私有变量（计时器组）,6,120,11,0,%1的%2（计时器组）,,"0,0,0,0,0,0",,0,69,1018|1|0,3|60009,1042|1|0,,,,,,,,,,,,,,,,,,,,,,,,925
50048,玩家的私有变量（特效类型组）,6,117,11,0,%1的%2（特效类型组）,,"0,0,0,0,0,0",,0,70,1018|1|0,3|60009,1042|1|0,,,,,,,,,,,,,,,,,,,,,,,,926
50060,玩家的私有变量（蓝图）,6,127,11,0,%1的%2（蓝图）,,"0,0,0,0,0,0",,0,106,1018|1|0,3|60009,1042|1|0,,,,,,,,,,,,,,,,,,,,,,,,926
50099,真正的私有变量模板,6,7,11,0,真正的私有变量模板,,"0,0,0,0,0,0",,0,41,,,,,,,,,,,,,,,,,,,,,,,,,,,927
50119,变量模板（区域）,6,109,12,0,变量模板（区域）,,"0,0,0,0,0,0",,0,2,,,,,,,,,,,,,,,,,,,,,,,,,,,928
50120,变量模板（位置）,6,108,12,0,变量模板（位置）,,"0,0,0,0,0,0",,0,3,,,,,,,,,,,,,,,,,,,,,,,,,,,929
50121,变量模板（数值）,6,101,12,0,变量模板（数值）,,"0,0,0,0,0,0",,0,6,,,,,,,,,,,,,,,,,,,,,,,,,,,930
50122,变量模板（字符串）,6,102,12,0,变量模板（字符串）,,"0,0,0,0,0,0",,0,11,,,,,,,,,,,,,,,,,,,,,,,,,,,931
50123,变量模板（布尔值）,6,107,12,0,变量模板（布尔值）,,"0,0,0,0,0,0",,0,13,,,,,,,,,,,,,,,,,,,,,,,,,,,932
50124,变量模板（玩家）,6,103,12,0,变量模板（玩家）,,"0,0,0,0,0,0",,0,17,,,,,,,,,,,,,,,,,,,,,,,,,,,933
50125,变量模板（玩家组）,6,103,12,0,变量模板（玩家组）,,"0,0,0,0,0,0",,0,18,,,,,,,,,,,,,,,,,,,,,,,,,,,934
50126,变量模板（方块类型）,6,113,12,0,变量模板（方块类型）,,"0,0,0,0,0,0",,0,24,,,,,,,,,,,,,,,,,,,,,,,,,,,935
50127,变量模板（道具类型）,6,114,12,0,变量模板（道具类型）,,"0,0,0,0,0,0",,0,27,,,,,,,,,,,,,,,,,,,,,,,,,,,936
50128,变量模板（生物）,6,104,12,0,变量模板（生物）,,"0,0,0,0,0,0",,0,30,,,,,,,,,,,,,,,,,,,,,,,,,,,937
50129,变量模板（生物类型）,6,115,12,0,变量模板（生物类型）,,"0,0,0,0,0,0",,0,31,,,,,,,,,,,,,,,,,,,,,,,,,,,938
50130,变量模板（生物组）,6,104,12,0,变量模板（生物组）,,"0,0,0,0,0,0",,0,32,,,,,,,,,,,,,,,,,,,,,,,,,,,939
50131,变量模板（计时器）,6,120,12,0,变量模板（计时器）,,"0,0,0,0,0,0",,0,39,,,,,,,,,,,,,,,,,,,,,,,,,,,940
50132,变量模板（特效类型）,6,117,12,0,变量模板（特效类型）,,"0,0,0,0,0,0",,0,44,,,,,,,,,,,,,,,,,,,,,,,,,,,941
50139,变量模板（位置组）,6,108,12,0,变量模板（位置组）,,"0,0,0,0,0,0",,0,61,,,,,,,,,,,,,,,,,,,,,,,,,,,942
50140,变量模板（区域组）,6,109,12,0,变量模板（区域组）,,"0,0,0,0,0,0",,0,62,,,,,,,,,,,,,,,,,,,,,,,,,,,943
50141,变量模板（数值组）,6,101,12,0,变量模板（数值组）,,"0,0,0,0,0,0",,0,63,,,,,,,,,,,,,,,,,,,,,,,,,,,944
50142,变量模板（字符串组）,6,102,12,0,变量模板（字符串组）,,"0,0,0,0,0,0",,0,64,,,,,,,,,,,,,,,,,,,,,,,,,,,945
50143,变量模板（布尔值组）,6,107,12,0,变量模板（布尔值组）,,"0,0,0,0,0,0",,0,65,,,,,,,,,,,,,,,,,,,,,,,,,,,946
50144,变量模板（方块类型组）,6,113,12,0,变量模板（方块类型组）,,"0,0,0,0,0,0",,0,66,,,,,,,,,,,,,,,,,,,,,,,,,,,947
50145,变量模板（道具类型组）,6,114,12,0,变量模板（道具类型组）,,"0,0,0,0,0,0",,0,67,,,,,,,,,,,,,,,,,,,,,,,,,,,948
50146,变量模板（生物类型组）,6,115,12,0,变量模板（生物类型组）,,"0,0,0,0,0,0",,0,68,,,,,,,,,,,,,,,,,,,,,,,,,,,949
50147,变量模板（计时器组）,6,120,12,0,变量模板（计时器组）,,"0,0,0,0,0,0",,0,69,,,,,,,,,,,,,,,,,,,,,,,,,,,950
50148,变量模板（特效类型组）,6,117,12,0,变量模板（特效类型组）,,"0,0,0,0,0,0",,0,70,,,,,,,,,,,,,,,,,,,,,,,,,,,951
50149,变量模板（排行榜）,6,124,12,0,变量模板（排行榜）,,"0,0,0,0,0,0",,0,83,,,,,,,,,,,,,,,,,,,,,,,,,,,952
320001,摄像机坐标值,4,3,4,1,%1的摄像机%2坐标值,,"1,1,0,1,1,0",,0,133,1018|1|0,3|60009,1133|1|2,5|980001,,,,,,,,,,,,,,,,,,,,,,,953
320002,摄像机角度,4,3,4,1,%1的摄像机%2角度,,"1,1,0,1,1,0",,0,133,1018|1|0,3|60009,1133|1|2,5|980001,,,,,,,,,,,,,,,,,,,,,,,954
320003,摄像机视场角,4,3,4,1,%1的摄像机视场角(FOV),,"1,1,0,1,1,0",,0,133,1018|1|0,3|60009,,,,,,,,,,,,,,,,,,,,,,,,,955
50150,变量模板（一维表）,6,125,12,0,变量模板（一维表）,,"0,0,0,0,0,0",,0,84,,,,,,,,,,,,,,,,,,,,,,,,,,,956
50151,变量模板（二维表）,6,126,12,0,变量模板（二维表）,,"0,0,0,0,0,0",,0,305,,,,,,,,,,,,,,,,,,,,,,,,,,,957
5100001,返回,7,8,15,0,返回,13,"0,0,0,0,0,0",,,,,,,,,,,,,,,,,,,,,,,,,,,,,,958
6000001,获取属性,4,1,4,1,获取%1的%2的%3,,"0,0,0,0,0,0",,,0,3001|0|0,,3002|0|0,,3003|0|0,,,,,,,,,,,,,,,,,,,,,,959
6000002,获取属性（字符串）,4,1,4,1,（字符串）获取%1的%2的%3,,"0,0,0,0,0,0",,,0,3001|0|0,,1010|1|0,1|300198,1010|1|0,1|300198,,,,,,,,,,,,,,,,,,,,,960
6000003,此对象,4,1,4,1,此对象,,"0,0,0,0,0,0",,,301,,,,,,,,,,,,,,,,,,,,,,,,,,,961
