id,合成品名称,合成品ID,背包显示排序,子类顺序,配方类别（0常用，1战斗，2生产，4建筑，6机械，7出现在食谱内，8出现在烹饪台内。填两个表示同时显示到两个分类里）,子类(填的是crafting的id),"插件编辑（大于0开放插件编辑，1：常用,2:装备,3:道具,4:材料,5:建筑,6:装饰,7:机械；填两个表示同时显示到两个分类里",插件编辑模板[0=不是模板，1=作为模板],英文名称,海外开放,必填/插件用,合成品数量,消耗经验,解锁等级(默认是1）,横占格（填3）,竖占格（填3）,组（0不为组1为组，例如木板通用）（关联Itemdef的ItemGroup）,是否随身合成（11616钛金锤（曾经是需要工具箱0，程序特殊处理了），11000空手（曾经是不需要工具箱1，程序特殊处理了），800不完整工匠台，797完整工匠台，794石锅，795烹饪台，150029融合台，201011烘焙箱）,烹饪时长（制作一份所需要的标准时长，单位tick，20tick=1s）,1格材料ID,1格材料数量,1格保留容器ID,2格材料ID,2格材料数量,2格保留容器ID,3格材料ID,3格材料数量,3格保留容器ID,4格材料ID,4格材料数量,4格保留容器ID,5格材料ID,5格材料数量,5格保留容器ID,6格材料ID,6格材料数量,6格保留容器ID,7格材料ID,7格材料数量,7格保留容器ID,8格材料ID,8格材料数量,8格保留容器ID,9格材料ID,9格材料数量,9格保留容器ID,货币ID,货币数量,分数,野人合成检测开关（0需要合成；1不需要合成）,标签
ID,ResultName,ResultID,DispOrder,SubTypeOrder,Type,SubType,EditType,IsTemplate,ENName,RegionType,Key,ResultCount,UseExp,UnlockLevel,GridX,GridY,IsGroup,IsFollowMe,Cooktime,MaterialID1,MaterialCount1,ContainerID1,MaterialID2,MaterialCount2,ContainerID2,MaterialID3,MaterialCount3,ContainerID3,MaterialID4,MaterialCount4,ContainerID4,MaterialID5,MaterialCount5,ContainerID5,MaterialID6,MaterialCount6,ContainerID6,MaterialID7,MaterialCount7,ContainerID7,MaterialID8,MaterialCount8,ContainerID8,MaterialID9,MaterialCount9,ContainerID9,MoneyID,MoneyCount,Score,HelperCheck,Tag
1,工匠台,797,1,"[1,1]","[0,2]","[21565,21570]",[1],1,Toolbox,,Toolbox,1,1,,3,3,1,11000,0,11323,6,,11627,2,,,,,,,,,,,,,,,,,,,,,,,,,0.1,,
2,木板,206,4,[4],"[0,4]","[21565,21544]","[1,5]",1,WoodBoard,,WoodBoard,1,1,,3,3,0,11000,0,11323,1,,,,,,,,,,,,,,,,,,,,,,,,,,,,0.1,,
3,秋叶橙木板,207,1003,[3],[4],[21544],"[1,5]",,YellowOrangeBoard,,YellowOrangeBoard,4,1,,3,3,0,797,0,11323,4,,11537,1,,,,,,,,,,,,,,,,,,,,,,,,,0.1,,
4,象牙白木板,208,1004,[3],[4],[21544],"[1,5]",,WhiteBoard,,WhiteBoard,4,1,,3,3,0,797,0,11323,4,,11500,1,,,,,,,,,,,,,,,,,,,,,,,,,0.1,,
5,海棠红木板,209,1005,[3],[4],[21544],"[1,5]",,LightRedBoard,,LightRedBoard,4,1,,3,3,0,797,0,11323,4,,11506,1,,,,,,,,,,,,,,,,,,,,,,,,,0.1,,
6,落日橙木板,210,1006,[3],[4],[21544],"[1,5]",,RedOrangeBoard,,RedOrangeBoard,4,1,,3,3,0,797,0,11323,4,,11536,1,,,,,,,,,,,,,,,,,,,,,,,,,0.1,,
7,深栗红木板,211,1007,[3],[4],[21544],"[1,5]",,DeepRedBoard,,DeepRedBoard,4,1,,3,3,0,797,0,11323,4,,11512,1,,,,,,,,,,,,,,,,,,,,,,,,,0.1,,
8,漂浮的木板,248,1008,[3],[4],[21544],,,FloatingPlank,,FloatingPlank,2,1,,3,3,0,797,0,11323,1,,,,,,,,,,,,,,,,,,,,,,,,,,,,0.1,,
10,黄铜斧,11001,1005,[15],[2],[21571],"[1,2]",1,BrassAxe,,BrassAxe,1,1,,3,3,1,797,0,11329,3,,11323,2,,,,,,,,,,,,,,,,,,,,,,,,,0.1,,
11,黄铜镐,11011,1006,[16],[2],[21571],"[1,2]",,BrassPickaxe,,BrassPickaxe,1,1,,3,3,1,797,0,11329,3,,11323,2,,,,,,,,,,,,,,,,,,,,,,,,,0.1,,
12,黄铜铲,11021,1007,[17],[2],[21571],"[1,2]",,BrassShovel,,BrassShovel,1,1,,3,3,1,797,0,11329,2,,11323,2,,,,,,,,,,,,,,,,,,,,,,,,,0.1,,
13,黄铜耙,11031,1008,[18],[2],[21571],"[1,2]",,BrassHoe,,BrassHoe,1,1,,3,3,1,797,0,11329,2,,11323,2,,,,,,,,,,,,,,,,,,,,,,,,,0.1,,
14,冶炼台,802,223,"[2,3]","[0,2]","[21565,21598]",[1],1,SmeltingFurnace,,SmeltingFurnace,1,1,,3,3,0,797,0,104,6,,101,2,,,,,,,,,,,,,,,,,,,,,,,,,0.1,,
15,符能提炼装置,825,1,[2],[2],[21599],,,,,,1,0,,3,3,0,797,0,11329,3,,632,3,,104,3,,,,,,,,,,,,,,,,,,,,,,0.1,,
16,符文铭刻台,826,1,[3],[2],[21599],,,,,,1,0,,3,3,0,797,0,11209,5,,11911,1,,104,3,,,,,,,,,,,,,,,,,,,,,,0.1,,
17,水泥块,666,107,[3],[4],[21544],[5],,CementBlock,,CementBlock,1,1,,3,3,0,797,0,11200,1,,,,,,,,,,,,,,,,,,,,,,,,,,,,0.1,,
18,轻木门,812,1018,[2],"[4,4]","[21578,21533]",[5],1,WoodDoor,,WoodDoor,1,1,,3,3,1,797,0,11323,6,,,,,,,,,,,,,,,,,,,,,,,,,,,,0.1,,
19,绳索,813,5,[5],[0],[21565],[6],,RopeLadder,,RopeLadder,3,1,,3,3,1,11000,0,11226,3,,,,,,,,,,,,,,,,,,,,,,,,,,,,0.1,,
20,简易睡袋,828,1020,[3],"[0,4]","[21565,21578]",[6],,SleepingBag,,SleepingBag,1,1,,3,3,1,797,0,11226,5,,,,,,,,,,,,,,,,,,,,,,,,,,,,0.1,,
21,土块,101,110,[4],"[0,4]","[21565,21544]",[5],,DirtBlock,,DirtBlock,1,1,,3,3,0,797,0,100,1,,,,,,,,,,,,,,,,,,,,,,,,,,,,0.1,,
22,木桩,821,110,[1],"[4,4]","[21578,21534]",[5],,WoodPile,,WoodPile,2,1,,3,3,1,797,0,11323,1,,,,,,,,,,,,,,,,,,,,,,,,,,,,0.1,,
23,木围栏门,535,111,"[2,2]",[4],"[21534,21533]",[5],,FenceGate,,FenceGate,1,1,,3,3,1,797,0,11323,4,,,,,,,,,,,,,,,,,,,,,,,,,,,,0.1,,
25,嘟嘟鸟炖土笋,12510,1025,,"[7,8]",,[1],,DuDuSoup,,DuDuSoup,1,0,,3,3,0,794,100,226,1,,226,1,,226,1,,12518,1,,,,,,,,,,,,,,,,,,,0.1,,
26,黄铜星能幕布,815,1026,[1],[4],[21545],[3],,StarenergyBoard,,StarenergyBoard,2,1,,3,3,1,797,0,11329,3,,,,,,,,,,,,,,,,,,,,,,,,,,,,0.1,,
27,棉花块,600,1027,[3],[4],[21544],[6],,WhiteCotton,,WhiteCotton,1,1,,3,3,0,797,0,12600,2,,,,,,,,,,,,,,,,,,,,,,,,,,,,0.1,,
28,调色架,498,245,[1],[2],[21525],,,ColorPalette,,ColorPalette,1,1,,3,3,1,797,0,11323,5,,11329,3,,,,,,,,,,,,,,,,,,,,,,,,,0.1,,
29,石斧,11002,11,"[11,19]","[0,2]","[21565,21571]","[1,2]",,StoneAxe,,StoneAxe,1,1,,3,3,1,11000,0,11627,2,,11323,2,,,,,,,,,,,,,,,,,,,,,,,,,0.1,,
30,铸铁斧,11003,1009,[10],[2],[21571],"[1,2]",,MithsilverAxe,,MithsilverAxe,1,1,,3,3,1,797,0,11209,3,,11323,2,,,,,,,,,,,,,,,,,,,,,,,,,0.1,,
31,钛合金斧,11004,1013,[7],[2],[21571],"[1,2]",,TitaniumAxe,,TitaniumAxe,1,1,,3,3,1,797,0,11330,3,,11323,2,,,,,,,,,,,,,,,,,,,,,,,,,0.1,,
32,链锯,11005,1017,[3],[2],[21571],"[1,2]",,TungstenGoldAxe,,TungstenGoldAxe,1,1,,3,3,1,797,0,11203,3,,11323,2,,,,,,,,,,,,,,,,,,,,,,,,,0.1,,
33,石镐,11012,12,"[12,20]","[0,2]","[21565,21571]","[1,2]",,StonePickaxe,,StonePickaxe,1,1,,3,3,1,11000,0,11627,2,,11323,2,,,,,,,,,,,,,,,,,,,,,,,,,0.1,,
34,铸铁镐,11013,1010,[11],[2],[21571],"[1,2]",,MithsilverPickaxe,,MithsilverPickaxe,1,1,,3,3,1,797,0,11209,3,,11323,2,,,,,,,,,,,,,,,,,,,,,,,,,0.1,,
35,钛合金镐,11014,1014,[7],[2],[21571],"[1,2]",,TitaniumPickaxe,,TitaniumPickaxe,1,1,,3,3,1,797,0,11330,3,,11323,2,,,,,,,,,,,,,,,,,,,,,,,,,0.1,,
36,钻头,11015,1018,[2],[2],[21571],"[1,2]",,TungstenGoldPickaxe,,TungstenGoldPickaxe,1,1,,3,3,1,797,0,11203,3,,11323,2,,,,,,,,,,,,,,,,,,,,,,,,,0.1,,
37,石铲,11022,13,"[13,21]","[0,2]","[21565,21571]","[1,2]",,StoneShovel,,StoneShovel,1,1,,3,3,1,11000,0,11627,1,,11323,2,,,,,,,,,,,,,,,,,,,,,,,,,0.1,,
38,铸铁铲,11023,1011,[12],[2],[21571],"[1,2]",,MithsilverShovel,,MithsilverShovel,1,1,,3,3,1,797,0,11209,2,,11323,2,,,,,,,,,,,,,,,,,,,,,,,,,0.1,,
39,钛合金铲,11024,1015,[7],[2],[21571],"[1,2]",,TitaniumShovel,,TitaniumShovel,1,1,,3,3,1,797,0,11330,2,,11323,2,,,,,,,,,,,,,,,,,,,,,,,,,0.1,,
40,钨金铲,11025,1019,[5],[2],[21571],"[1,2]",,TungstenGoldShovel,,TungstenGoldShovel,1,1,,3,3,1,797,0,11203,2,,11323,2,,,,,,,,,,,,,,,,,,,,,,,,,0.1,,
41,石耙,11032,14,"[14,22]","[0,2]","[21565,21571]","[1,2]",,StoneHoe,,StoneHoe,1,1,,3,3,1,11000,0,11627,1,,11323,2,,,,,,,,,,,,,,,,,,,,,,,,,0.1,,
42,铸铁耙,11033,1012,[13],[2],[21571],"[1,2]",,MithsilverHoe,,MithsilverHoe,1,1,,3,3,1,797,0,11209,2,,11323,2,,,,,,,,,,,,,,,,,,,,,,,,,0.1,,
43,钛合金耙,11034,1016,[8],[2],[21571],"[1,2]",,TitaniumHoe,,TitaniumHoe,1,1,,3,3,1,797,0,11330,2,,11323,2,,,,,,,,,,,,,,,,,,,,,,,,,0.1,,
44,钨金耙,11035,1020,[4],[2],[21571],"[1,2]",,TungstenGoldHoe,,TungstenGoldHoe,1,1,,3,3,1,797,0,11203,2,,11323,2,,,,,,,,,,,,,,,,,,,,,,,,,0.1,,
46,面条,12502,1046,,"[7,8]",,[1],,Noodles,,Noodles,2,0,,3,3,0,794,100,344,1,,344,1,,,,,,,,,,,,,,,,,,,,,,,,,0.1,,
47,瓶装果糖浆,11326,1047,,[1],[21519],[3],,BottledFructose,,BottledFructose,1,1,,3,3,0,797,200,12500,1,,11320,1,,,,,,,,,,,,,,,,,,,,,,,,,0.1,,
48,烤肉披萨,830,1048,,"[7,8]",,[1],,BBQPizza,,BBQPizza,1,0,,3,3,0,794,200,12518,1,,12518,1,,344,1,,344,1,,,,,,,,,,,,,,,,,,,0.1,,
49,玉米点心,12507,1049,,"[7,8]",,[1],,Waffle,,Waffle,1,0,,3,3,0,794,200,344,1,,12052,1,,,,,,,,,,,,,,,,,,,,,,,,,0.1,,
50,象牙白颜料瓶,11500,1050,[3],[2],[21525],[4],,WhiteDye,,WhiteDye,8,1,,3,3,0,797,0,11533,1,,11320,8,,,,,,,,,,,,,,,,,,,,,,,,,0.1,,
51,巨鳞羽果种子,11402,1051,[2],[2],[21573],[4],,GiantScalyFruitSeed,,GiantScalyFruitSeed,1,1,,3,3,0,797,0,12508,1,,,,,,,,,,,,,,,,,,,,,,,,,,,,0.1,,
52,巨布鲁果种子,11401,1052,[3],[2],[21573],[4],,GiantBlueFruitSeed,,GiantBlueFruitSeed,5,1,,3,3,0,797,0,230,1,,,,,,,,,,,,,,,,,,,,,,,,,,,,0.1,,
53,巨布鲁果条,12515,1053,,"[7,8]",,[1],,BlueFruitPie,,BlueFruitPie,1,0,,3,3,0,794,200,230,1,,344,1,,11326,1,11320,,,,,,,,,,,,,,,,,,,,,0.1,,
57,凉拌青瓜,12505,1057,,"[7,8]",,[3],,RadishSalad,,RadishSalad,1,0,,3,3,1,794,200,12732,1,,200144,1,,,,,,,,,,,,,,,,,,,,,,,,,0.1,,
58,巨鳞羽果汁,11321,1058,[5],[1],[21519],[3],,GiantScalyFruitJuice,,GiantScalyFruitJuice,1,1,,3,3,1,797,200,12508,4,,11320,1,,12732,1,,,,,,,,,,,,,,,,,,,,,,0.1,,
59,煎蛋面条,12540,1059,,"[7,8]",,[1],,FriedEggNoodles,,FriedEggNoodles,1,0,,3,3,0,794,200,344,1,,344,1,,12052,1,,,,,,,,,,,,,,,,,,,,,,0.1,,
60,烤薯条,12541,1060,,"[7,8]",,[1],,RoastedYamsChips,,RoastedYamsChips,1,0,,3,3,0,794,200,200147,1,,200147,1,,344,1,,,,,,,,,,,,,,,,,,,,,,0.1,,
62,烤嘟嘟鸟全家桶,12543,1062,,"[7,8]",,[1],,RoastedChicken,,RoastedChicken,1,0,,3,3,0,794,100,12518,1,,12518,1,,12518,1,,12518,1,,,,,,,,,,,,,,,,,,,0.1,,
63,烤肉面条,12544,1063,,"[7,8]",,[1],,SteakNoodles,,SteakNoodles,1,0,,3,3,1,794,100,12513,1,,344,1,,344,1,,,,,,,,,,,,,,,,,,,,,,0.1,,
64,角鹿肉煲,12545,1064,,"[7,8]",,[1],,DeerMeatPot,,DeerMeatPot,1,0,,3,3,0,794,100,12530,1,,12530,1,,226,1,,,,,,,,,,,,,,,,,,,,,,0.1,,
65,火腿,12546,1065,,"[7,8]",,[1],,Ham,,Ham,1,0,,3,3,0,794,300,12522,1,,12522,1,,,,,,,,,,,,,,,,,,,,,,,,,0.1,,
66,异味火腿,12547,1066,,"[7,8]",,[1],,SmellyHam,,SmellyHam,1,0,,3,3,0,794,300,12522,1,,12522,1,,311,1,,,,,,,,,,,,,,,,,,,,,,0.1,,
67,‘蟹棒’火腿,12548,1067,,"[7,8]",,[1],,CrabStickHam,,CrabStickHam,1,0,,3,3,0,794,300,12522,1,,12522,1,,12581,1,,,,,,,,,,,,,,,,,,,,,,0.1,,
68,浓缩奶糖,12549,1068,,"[7,8]",,[1],,MilkCandy,,MilkCandy,1,0,,3,3,0,794,300,11326,1,11320,12509,1,11320,,,,,,,,,,,,,,,,,,,,,,,,0.1,,
69,香溢煎蛋面条,12550,1069,,"[7,8]",,[1],,TastyFriedEggNoodles,,TastyFriedEggNoodles,1,0,,3,3,1,794,200,12732,1,,344,1,,344,1,,12052,1,,,,,,,,,,,,,,,,,,,0.1,,
70,香溢薯条,12551,1070,[1],"[7,8]",,[1],,TastyChips,,TastyChips,1,0,,3,3,1,794,200,12732,1,,200147,1,,200147,1,,344,1,,,,,,,,,,,,,,,,,,,0.1,,
71,香溢巨布鲁果派,12552,1071,[1],"[7,8]",,[1],,TastyGiantBlueFruitPie,,TastyGiantBlueFruitPie,1,0,,3,3,1,794,200,12732,1,,230,1,,344,1,,11326,1,11320,,,,,,,,,,,,,,,,,,0.1,,
72,香溢玉米点心,12553,1072,[1],"[7,8]",,[1],,TastyWaffle,,TastyWaffle,1,0,,3,3,1,794,200,12732,1,,344,1,,12052,1,,,,,,,,,,,,,,,,,,,,,,0.1,,
74,香溢青瓜,12555,1074,,"[7,8]",,[3],,TastyRadishSalad,,TastyRadishSalad,1,0,,3,3,1,794,100,12732,1,,200144,1,,200144,1,,,,,,,,,,,,,,,,,,,,,,0.1,,
75,香溢巨鳞羽果汁,12556,1075,[6],[1],[21519],[3],,TastyGiantScalyFruitJuice,,TastyGiantScalyFruitJuice,1,1,,3,3,1,797,100,12732,2,,12508,4,,11320,1,,,,,,,,,,,,,,,,,,,,,,0.1,,
76,香溢水果拼盘,12557,1076,,"[7,8]",,[3],,TastyFruitPlatter,,TastyFruitPlatter,1,0,,3,3,1,794,100,12732,1,,12506,1,,12506,1,,,,,,,,,,,,,,,,,,,,,,0.1,,
77,香溢烤嘟嘟鸟,12558,1077,[1],"[7,8]",,[1],,TastyRoastChicken,,TastyRoastChicken,1,0,,3,3,1,794,100,12732,1,,12518,1,,12518,1,,12518,1,,,,,,,,,,,,,,,,,,,0.1,,
78,香溢烤肉面条,12559,1078,[1],"[7,8]",,[1],,TastySteakNoodles,,TastySteakNoodles,1,0,,3,3,1,794,300,12732,1,,12513,1,,344,1,,344,1,,,,,,,,,,,,,,,,,,,0.1,,
79,香溢角鹿煲,12560,1079,[1],"[7,8]",,[1],,TastyDeerMeatPot,,TastyDeerMeatPot,1,0,,3,3,1,794,300,12732,1,,12530,1,,12530,1,,226,1,,,,,,,,,,,,,,,,,,,0.1,,
80,香溢火腿,12561,1080,[1],"[7,8]",,[1],,TastyHam,,TastyHam,1,0,,3,3,1,794,300,12732,1,,12522,1,,12522,1,,,,,,,,,,,,,,,,,,,,,,0.1,,
81,香溢异味腿,12562,1081,[1],"[7,8]",,[1],,TastySmellyHam,,TastySmellyHam,1,0,,3,3,1,794,300,12732,1,,12522,1,,12522,1,,311,1,,,,,,,,,,,,,,,,,,,0.1,,
82,香溢‘蟹棒’腿,12563,1082,[1],"[7,8]",,[1],,TastyCrabHam,,TastyCrabHam,1,0,,3,3,1,794,300,12732,1,,12522,1,,12522,1,,12548,1,,,,,,,,,,,,,,,,,,,0.1,,
83,木棒,12001,15,"[15,18]","[0,1]","[21565,21568]","[1,2]",,Stick,,Stick,1,1,,3,3,1,11000,0,11323,4,,,,,,,,,,,,,,,,,,,,,,,,,,,,0.1,,
84,石矛,12002,1102,[15],[1],[21568],"[1,2]",,StoneSpear,,StoneSpear,1,1,,3,3,1,797,0,11627,3,,11323,2,,,,,,,,,,,,,,,,,,,,,,,,,0.1,,
85,短剑,12003,1104,[8],[1],[21568],"[1,2]",,MithsilverSword,,MithsilverSword,1,1,,3,3,1,797,0,11209,3,,11323,2,,,,,,,,,,,,,,,,,,,,,,,,,0.1,,
86,黄铜矛,12004,1103,[14],[1],[21568],"[1,2]",,BrassLance,,BrassLance,1,1,,3,3,1,797,0,11329,3,,11323,2,,,,,,,,,,,,,,,,,,,,,,,,,0.1,,
87,能量剑,12005,1105,[1],[1],[21568],"[1,2]",,EnergySword,,EnergySword,1,1,,3,3,1,797,0,11203,5,,,,,11323,2,,,,,,,,,,,,,,,,,,,,,,0.1,,
88,铸铁弓,12050,1151,[7],[1],[21517],"[1,2]",,Bow,,Bow,1,1,,3,3,0,797,0,11209,5,,11323,2,,710,3,,,,,,,,,,,,,,,,,,,,,,0.1,,
89,石箭,12051,1152,[8],[1],[21517],"[1,2]",,Arrow,,Arrow,4,1,,3,3,1,797,0,11627,2,,11323,2,,11303,1,,,,,,,,,,,,,,,,,,,,,,0.1,,
90,皮头盔,12201,1201,[37],[1],[21566],[2],,LeatherHelmet,,LeatherHelmet,1,1,,3,3,1,797,0,11307,3,,,,,,,,,,,,,,,,,,,,,,,,,,,,0.1,,
91,皮胸甲,12202,1202,[38],[1],[21566],[2],,LeatherArmor,,LeatherArmor,1,1,,3,3,1,797,0,11307,3,,,,,,,,,,,,,,,,,,,,,,,,,,,,0.1,,
92,皮护腿,12203,1203,[39],[1],[21566],[2],,LeatherGreave,,LeatherGreave,1,1,,3,3,1,797,0,11307,3,,,,,,,,,,,,,,,,,,,,,,,,,,,,0.1,,
93,皮靴子,12204,1204,[40],[1],[21566],[2],,LeatherBoots,,LeatherBoots,1,1,,3,3,1,797,0,11307,3,,,,,,,,,,,,,,,,,,,,,,,,,,,,0.1,,
98,铸铁头盔,12221,1213,[22],[1],[21566],[2],,MithsilverHelmet,,MithsilverHelmet,1,1,,3,3,0,797,0,11209,5,,,,,11307,3,,,,,,,,,,,,,,,,,,,,,,0.1,,
99,铸铁胸甲,12222,1214,[23],[1],[21566],[2],,MithsilverArmor,,MithsilverArmor,1,1,,3,3,0,797,0,11209,8,,,,,11307,3,,,,,,,,,,,,,,,,,,,,,,0.1,,
100,铸铁护腿,12223,1215,[24],[1],[21566],[2],,MithsilverGreave,,MithsilverGreave,1,1,,3,3,0,797,0,11209,7,,,,,11307,3,,,,,,,,,,,,,,,,,,,,,,0.1,,
101,铸铁靴子,12224,1216,[25],[1],[21566],[2],,MithsilverBoots,,MithsilverBoots,1,1,,3,3,0,797,0,11209,5,,,,,11307,3,,,,,,,,,,,,,,,,,,,,,,0.1,,
102,钛金头盔,12231,1217,[12],[1],[21566],[2],,TitaniumHelmet,,TitaniumHelmet,1,1,,3,3,0,797,0,11330,5,,,,,11307,3,,,,,,,,,,,,,,,,,,,,,,0.1,,
103,钛金胸甲,12232,1218,[13],[1],[21566],[2],,TitaniumArmor,,TitaniumArmor,1,1,,3,3,0,797,0,11330,8,,,,,11307,3,,,,,,,,,,,,,,,,,,,,,,0.1,,
104,钛金护腿,12233,1219,[14],[1],[21566],[2],,TitaniumGreave,,TitaniumGreave,1,1,,3,3,0,797,0,11330,7,,,,,11307,3,,,,,,,,,,,,,,,,,,,,,,0.1,,
105,钛金靴子,12234,1220,[15],[1],[21566],[2],,TitaniumBoots,,TitaniumBoots,1,1,,3,3,0,797,0,11330,5,,,,,11307,3,,,,,,,,,,,,,,,,,,,,,,0.1,,
106,钨金头盔,12241,1221,[1],[1],[21566],[2],,TungstenGoldHelmet,,TungstenGoldHelmet,1,1,,3,3,0,797,0,11203,5,,,,,11307,3,,,,,,,,,,,,,,,,,,,,,,0.1,,
107,钨金胸甲,12242,1222,[2],[1],[21566],[2],,TungstenGoldArmor,,TungstenGoldArmor,1,1,,3,3,0,797,0,11203,8,,,,,11307,3,,,,,,,,,,,,,,,,,,,,,,0.1,,
108,钨金护腿,12243,1223,[3],[1],[21566],[2],,TungstenGoldGreave,,TungstenGoldGreave,1,1,,3,3,0,797,0,11203,7,,,,,11307,3,,,,,,,,,,,,,,,,,,,,,,0.1,,
109,钨金靴子,12244,1224,[4],[1],[21566],[2],,TungstenGoldBoots,,TungstenGoldBoots,1,1,,3,3,0,797,0,11203,5,,,,,11307,3,,,,,,,,,,,,,,,,,,,,,,0.1,,
110,象牙白颜料瓶,11500,1050,[3],[2],[21525],[4],,WhiteDye,,WhiteDye,16,1,,3,3,0,797,0,346,1,,11320,16,,,,,,,,,,,,,,,,,,,,,,,,,0.1,,
111,碎石块,505,1110,[3],[4],[21544],[1],,Rock,,Rock,1,1,,3,3,0,797,0,11627,2,,,,,,,,,,,,,,,,,,,,,,,,,,,,0.1,,
112,锰块,348,1111,[3],[4],[21544],[4],,ManganeseBlock,,ManganeseBlock,1,1,,3,3,0,797,0,12614,8,,,,,,,,,,,,,,,,,,,,,,,,,,,,0.1,,
113,岩石,104,5,[4],"[0,4]","[21565,21544]",[1],,Stone,,Stone,1,1,,3,3,0,11000,0,11627,2,,,,,,,,,,,,,,,,,,,,,,,,,,,,0.1,,
114,青石,105,1113,[5],[4],[21544],[4],,MossRock,,MossRock,4,1,,3,3,0,797,0,104,4,,11595,1,,,,,,,,,,,,,,,,,,,,,,,,,0.1,,
115,裂纹石砖,502,1114,[5],[4],[21544],[5],,CrackedStoneBrick,,CrackedStoneBrick,1,1,,3,3,0,797,0,11627,1,,,,,,,,,,,,,,,,,,,,,,,,,,,,0.1,,
116,锰结核,12614,1111,[21],[2],[21577],,,Manganese,,Manganese,8,1,,3,3,0,797,0,348,1,,,,,,,,,,,,,,,,,,,,,,,,,,,,0.1,,
117,木荧光菇灯,905,8,[1],[4],[21522],[6],,WoodenMycenaChlorophosLamp,,WoodenMycenaChlorophosLamp,1,1,,3,3,1,11000,0,837,1,,11323,2,,,,,,,,,,,,,,,,,,,,,,,,,0.1,,
118,石荧光菇灯,907,9,[2],[4],[21522],[6],,StoneMycenaChlorophosLamp,,StoneMycenaChlorophosLamp,1,1,,3,3,0,11000,0,837,1,,11627,2,,,,,,,,,,,,,,,,,,,,,,,,,0.1,,
119,聚物手套,11231,1119,[12],[2],[21576],[2],,CohesionGlove,,CohesionGlove,1,1,,3,3,0,797,0,11307,3,,11824,2,,,,,,,,,,,,,,,,,,,,,,,,,0.1,,
120,星能信号灯,707,1121,,[6],[21543],[7],,Acetylene lamp,,Acetylene lamp,1,2,,3,3,0,797,0,11664,1,,632,2,,,,,,,,,,,,,,,,,,,,,,,,,0.1,,
121,星能比较器,374,1126,,[6],[21543],[7],,PowerComparator,,PowerComparator,1,2,,3,3,0,797,0,11664,2,,11207,1,,11210,2,,,,,,,,,,,,,,,,,,,,,,0.1,,
122,铸铁弹簧,842,1129,,[6],[21543],[7],,Iron spring,,Iron spring,1,1,,3,3,1,797,0,11664,1,,11209,2,,,,,,,,,,,,,,,,,,,,,,,,,0.1,,
123,炽炎弹簧,844,1130,,[6],[21543],[7],,Gold spring,,Gold spring,1,2,,3,3,1,797,0,11664,1,,11207,2,,842,1,,,,,,,,,,,,,,,,,,,,,,0.1,,
124,轨道节点,725,1132,,[6],[21543],[7],,RailNode,,RailNode,4,1,,3,3,0,797,0,11664,1,,11209,2,,,,,,,,,,,,,,,,,,,,,,,,,0.1,,
125,动能提升节点,729,1133,,[6],[21543],[7],,SpeedupRailNode,,SpeedupRailNode,4,1,,3,3,0,797,0,11664,1,,11210,1,,12758,2,,,,,,,,,,,,,,,,,,,,,,0.1,,
126,过山车厢,13800,1134,,[6],[21543],[7],,RollerCoasterTrain,,RollerCoasterTrain,1,1,,3,3,1,797,0,11664,1,,11209,5,,,,,,,,,,,,,,,,,,,,,,,,,0.1,,
127,硫黄砖薄板,512,1135,[20],[4],[128],[5],,SulfurBrickStep,,SulfurBrickStep,4,1,,3,3,0,797,0,124,1,,,,,,,,,,,,,,,,,,,,,,,,,,,,0.1,,
128,薄板,514,1136,[20],[4],[128],[5],,WoodStep,,WoodStep,4,1,,3,3,0,797,0,11323,1,,,,,,,,,,,,,,,,,,,,,,,,,,,,0.1,,
129,秋叶橙薄板,515,1137,[20],[4],[128],[5],,YellowOrangeStep,,YellowOrangeStep,4,1,,3,3,0,797,0,11323,1,,11537,1,,,,,,,,,,,,,,,,,,,,,,,,,0.1,,
130,象牙白薄板,516,1138,[20],[4],[128],[5],,WhiteStep,,WhiteStep,4,1,,3,3,0,797,0,11323,1,,11500,1,,,,,,,,,,,,,,,,,,,,,,,,,0.1,,
131,海棠红薄板,517,1139,[20],[4],[128],[5],,LightRedStep,,LightRedStep,4,1,,3,3,0,797,0,11323,1,,11506,1,,,,,,,,,,,,,,,,,,,,,,,,,0.1,,
132,落日橙薄板,518,1140,[20],[4],[128],[5],,RedOrangeStep,,RedOrangeStep,4,1,,3,3,0,797,0,11323,1,,11536,1,,,,,,,,,,,,,,,,,,,,,,,,,0.1,,
133,深栗红薄板,519,1141,[20],[4],[128],[5],,DeepRedStep,,DeepRedStep,4,1,,3,3,0,797,0,11323,1,,11512,1,,,,,,,,,,,,,,,,,,,,,,,,,0.1,,
134,楼梯,520,1142,[8],"[4,4]","[21578,21586]",[5],,WoodStair,,WoodStair,2,1,,3,3,0,797,0,11323,1,,,,,,,,,,,,,,,,,,,,,,,,,,,,0.1,,
135,秋叶橙楼梯,521,1143,[8],[4],[21586],[5],,YellowOrangeStair,,YellowOrangeStair,4,1,,3,3,0,797,0,11323,2,,11537,1,,,,,,,,,,,,,,,,,,,,,,,,,0.1,,
136,象牙白楼梯,522,1144,[8],[4],[21586],[5],,WhiteStair,,WhiteStair,4,1,,3,3,0,797,0,11323,2,,11500,1,,,,,,,,,,,,,,,,,,,,,,,,,0.1,,
137,海棠红楼梯,523,1145,[8],[4],[21586],[5],,LightRedStair,,LightRedStair,4,1,,3,3,0,797,0,11323,2,,11506,1,,,,,,,,,,,,,,,,,,,,,,,,,0.1,,
138,落日橙楼梯,524,1146,[8],[4],[21586],[5],,RedOrangeStair,,RedOrangeStair,4,1,,3,3,0,797,0,11323,2,,11536,1,,,,,,,,,,,,,,,,,,,,,,,,,0.1,,
139,深栗红楼梯,525,1147,[8],[4],[21586],[5],,DeepRedStair,,DeepRedStair,4,1,,3,3,0,797,0,11323,2,,11512,1,,,,,,,,,,,,,,,,,,,,,,,,,0.1,,
140,硫黄砖楼梯,532,1148,[8],[4],[21586],[5],,SulfurBrickStair,,SulfurBrickStair,2,1,,3,3,0,797,0,124,1,,,,,,,,,,,,,,,,,,,,,,,,,,,,0.1,,
141,云母楼梯,533,1149,[8],[4],[21586],[5],,SilicaStair,,SilicaStair,1,1,,3,3,0,797,0,11210,1,,,,,,,,,,,,,,,,,,,,,,,,,,,,0.1,,
142,曙光石块,536,1150,[5],[4],[21544],[5],,DawnStone,,DawnStone,1,1,,3,3,0,797,0,11206,2,,,,,,,,,,,,,,,,,,,,,,,,,,,,0.1,,
143,硫黄砖块,537,1151,[5],[4],[21544],[5],,SulfurBrickBlock,,SulfurBrickBlock,1,1,,3,3,0,797,0,124,1,,,,,,,,,,,,,,,,,,,,,,,,,,,,0.1,,
144,水泥砖块,547,1152,[5],[4],[21544],[5],,CementBrickBlock,,CementBrickBlock,1,1,,3,3,0,797,0,11200,1,,,,,,,,,,,,,,,,,,,,,,,,,,,,0.1,,
145,青石砖,503,1156,[5],[4],[21544],[5],,MossRockBrick,,MossRockBrick,2,1,,3,3,0,797,0,104,2,,11595,1,,,,,,,,,,,,,,,,,,,,,,,,,0.1,,
146,青石薄板,506,1157,[20],[4],[128],[5],,StoneStep,,StoneStep,4,1,,3,3,0,797,0,104,1,,11595,1,,,,,,,,,,,,,,,,,,,,,,,,,0.1,,
147,黄砖薄板,507,1158,[20],[4],[128],[5],,SandstoneStep,,SandstoneStep,4,1,,3,3,0,797,0,29,1,,,,,,,,,,,,,,,,,,,,,,,,,,,,0.1,,
148,石质薄板,509,1159,[20],[4],[128],[5],,RockStep,,RockStep,4,1,,3,3,0,797,0,11627,1,,,,,,,,,,,,,,,,,,,,,,,,,,,,0.1,,
149,水泥砖薄板,510,1160,[20],[4],[128],[5],,CementBrickStep,,CementBrickStep,4,1,,3,3,0,797,0,11200,1,,,,,,,,,,,,,,,,,,,,,,,,,,,,0.1,,
150,精制石薄板,511,1161,[20],[4],[128],[5],,RockBrickStep,,RockBrickStep,4,1,,3,3,0,797,0,104,1,,,,,,,,,,,,,,,,,,,,,,,,,,,,0.1,,
151,云母薄板,513,1162,[20],[4],[128],[5],,SilicaStep,,SilicaStep,2,1,,3,3,0,797,0,11210,1,,,,,,,,,,,,,,,,,,,,,,,,,,,,0.1,,
152,黄砖楼梯,527,1163,[8],[4],[21586],[5],,SandstoneStair,,SandstoneStair,2,1,,3,3,0,797,0,29,1,,,,,,,,,,,,,,,,,,,,,,,,,,,,0.1,,
153,石质楼梯,529,1164,[8],[4],[21586],[5],,RockStair,,RockStair,2,1,,3,3,0,797,0,11627,1,,,,,,,,,,,,,,,,,,,,,,,,,,,,0.1,,
154,水泥砖楼梯,530,1165,[8],[4],[21586],[5],,CementBrickStair,,CementBrickStair,2,1,,3,3,0,797,0,11200,1,,,,,,,,,,,,,,,,,,,,,,,,,,,,0.1,,
155,精制石楼梯,531,1166,[8],[4],[21586],[5],,StoneBrickStair,,StoneBrickStair,2,1,,3,3,0,797,0,104,1,,,,,,,,,,,,,,,,,,,,,,,,,,,,0.1,,
156,碎石墙,548,1167,[3],[4],[21534],[5],,StoneWall,,StoneWall,1,1,,3,3,0,797,0,11627,1,,,,,,,,,,,,,,,,,,,,,,,,,,,,0.1,,
157,青石墙,549,1168,[4],[4],[21534],[5],,MossyWall,,MossyWall,4,1,,3,3,0,797,0,104,4,,11595,1,,,,,,,,,,,,,,,,,,,,,,,,,0.1,,
158,铸铁栅栏,526,1169,[6],[4],[21534],[5],,MithsilverFence,,MithsilverFence,1,1,,3,3,0,797,0,11209,1,,,,,,,,,,,,,,,,,,,,,,,,,,,,0.1,,
159,硫黄砖围栏,538,1170,[6],[4],[21534],[5],,SulfurBrickFence,,SulfurBrickFence,4,1,,3,3,1,797,0,124,4,,,,,,,,,,,,,,,,,,,,,,,,,,,,0.1,,
160,硅石块,412,1172,[5],[4],[21544],[5],,SilicaBlock,,SilicaBlock,1,1,,3,3,0,797,0,11210,2,,,,,,,,,,,,,,,,,,,,,,,,,,,,0.1,,
161,花纹云母块,413,1173,[5],[4],[21544],[5],,PatternedSilicaBlock,,PatternedSilicaBlock,1,1,,3,3,0,797,0,11210,2,,,,,,,,,,,,,,,,,,,,,,,,,,,,0.1,,
162,竖纹云母块,414,1174,[5],[4],[21544],[5],,VerticalSilicaBlock,,VerticalSilicaBlock,1,1,,3,3,0,797,0,11210,2,,,,,,,,,,,,,,,,,,,,,,,,,,,,0.1,,
163,凝能晶,11201,1175,[4],[2],[21577],[4],,CondensedEnergyCrystal,,CondensedEnergyCrystal,8,1,,3,3,0,797,0,416,1,,,,,,,,,,,,,,,,,,,,,,,,,,,,0.1,1,
164,铁棒,11209,108,[20],[2],[21577],[4],,Mithsilver,,Mithsilver,8,1,,3,3,0,797,0,411,1,,,,,,,,,,,,,,,,,,,,,,,,,,,,0.1,1,
166,钨棒,11203,1178,[16],[2],[21577],[4],,TungstenGold,,TungstenGold,8,1,,3,3,0,797,0,408,1,,,,,,,,,,,,,,,,,,,,,,,,,,,,0.1,1,
168,凝能块,416,1180,[5],[4],[21544],[4],,CondensedEnergyBlock,,CondensedEnergyBlock,1,1,,3,3,0,797,0,11201,8,,,,,,,,,,,,,,,,,,,,,,,,,,,,0.1,,
169,铁块,411,1181,[5],[4],[21544],[4],,MithsilverBlock,,MithsilverBlock,1,1,,3,3,0,797,0,11209,8,,,,,,,,,,,,,,,,,,,,,,,,,,,,0.1,,
170,炽炎块,410,1182,[5],[4],[21544],[4],,FlameCrystalBlock,,FlameCrystalBlock,1,1,,3,3,0,797,0,11207,8,,,,,,,,,,,,,,,,,,,,,,,,,,,,0.1,,
172,钨金块,408,1184,[1],"[0,4]","[21585,21544]",[4],,TungstenGoldBlock,,TungstenGoldBlock,1,1,,3,3,0,797,0,11203,8,,,,,,,,,,,,,,,,,,,,,,,,,,,,0.1,,
174,透明玻璃片,649,1186,[1],[4],[21541],[6],,Glasspane,,Glasspane,1,1,,3,3,0,797,0,11305,1,,,,,,,,,,,,,,,,,,,,,,,,,,,,0.1,,
175,细樱桃木树枝,333,1187,[30],[4],[21547],,,FineCherryTreeBranch,,FineCherryTreeBranch,4,1,,3,3,0,797,0,200,1,,,,,,,,,,,,,,,,,,,,,,,,,,,,0.1,,
176,细落叶松树枝,335,1188,[30],[4],[21547],,,FineLarchTreeBranch,,FineLarchTreeBranch,4,1,,3,3,0,797,0,201,1,,,,,,,,,,,,,,,,,,,,,,,,,,,,0.1,,
177,细珍木树枝,337,1189,[30],[4],[21547],,,ThinRareTreeBranch,,ThinRareTreeBranch,4,1,,3,3,0,797,0,257,1,,,,,,,,,,,,,,,,,,,,,,,,,,,,0.1,,
178,细核桃树树枝,339,1190,[30],[4],[21547],,,ThinWalnutTreeBranch,,ThinWalnutTreeBranch,4,1,,3,3,0,797,0,205,1,,,,,,,,,,,,,,,,,,,,,,,,,,,,0.1,,
179,细桃花树树枝,341,1191,[30],[4],[21547],,,ThinPeachTreeBranch,,ThinPeachTreeBranch,4,1,,3,3,0,797,0,254,1,,,,,,,,,,,,,,,,,,,,,,,,,,,,0.1,,
180,细白杨木树枝,343,1192,[30],[4],[21547],,,ThinPoplarTreeBranch,,ThinPoplarTreeBranch,4,1,,3,3,0,797,0,202,1,,,,,,,,,,,,,,,,,,,,,,,,,,,,0.1,,
181,细胡杨树枝,479,1193,[30],[4],[21547],,,PopulusEuphraticaBranches,,PopulusEuphraticaBranches,4,1,,3,3,0,797,0,477,1,,,,,,,,,,,,,,,,,,,,,,,,,,,,0.1,,
182,锯齿碎石墙,289,1194,[6],[4],[21534],,,JaggedStonewall,,JaggedStonewall,3,1,,3,3,0,797,0,548,3,,12618,1,,,,,,,,,,,,,,,,,,,,,,,,,0.1,,
183,锯齿青石墙,290,1195,[6],[4],[21534],,,JaggedMossyRockWall,,JaggedMossyRockWall,3,1,,3,3,0,797,0,549,3,,12618,1,,,,,,,,,,,,,,,,,,,,,,,,,0.1,,
184,锯齿星球岩墙,291,1196,[6],[4],[21534],,,JaggedHorasrockwall,,JaggedHorasrockwall,3,1,,3,3,0,797,0,572,3,,12618,1,,,,,,,,,,,,,,,,,,,,,,,,,0.1,,
185,皮草床,150015,1196,[3],[4],[21532],,,FurBed,,FurBed,1,1,,3,3,0,797,0,11323,3,,12623,3,,,,,,,,,,,,,,,,,,,,,,,,,0.1,,
186,冰原木门,150016,1196,[3],[4],[21533],,,ColdCrystalWoodenDoor,,ColdCrystalWoodenDoor,1,1,,3,3,1,797,0,11323,5,,11824,1,,,,,,,,,,,,,,,,,,,,,,,,,0.1,,
187,雪人灯,150027,1196,[3],[4],[21522],,,SnowmanChandelier,,SnowmanChandelier,4,1,,3,3,0,797,0,12623,1,,11824,1,,122,4,,,,,,,,,,,,,,,,,,,,,,0.1,,
188,火盆灯,150018,3,[9],[0],[21565],,,IceStreetLights,,IceStreetLights,4,1,,3,3,0,11000,0,11323,2,,11627,1,,11201,1,,,,,,,,,,,,,,,,,,,,,,0.1,,
189,冰原木桌,150020,1196,[1],[4],[21579],,,IceFernWoodenTable,,IceFernWoodenTable,1,1,,3,3,1,797,0,11323,5,,11209,1,,,,,,,,,,,,,,,,,,,,,,,,,0.1,,
190,冰原木椅,150021,1196,[1],[4],[21579],,,IceFernWoodenChair,,IceFernWoodenChair,1,1,,3,3,1,797,0,11323,4,,,,,,,,,,,,,,,,,,,,,,,,,,,,0.1,,
191,冰原木柜,150022,1196,[1],[4],[21584],,,ColdCrystalWoodCabinet,,ColdCrystalWoodCabinet,1,1,,3,3,0,797,0,11323,4,,11329,1,,,,,,,,,,,,,,,,,,,,,,,,,0.1,,
192,冰原方木窗,150023,1196,[1],[4],[21579],,,BrassSquareWoodWindows,,BrassSquareWoodWindows,2,1,,3,3,0,797,0,11323,2,,649,8,,,,,,,,,,,,,,,,,,,,,,,,,0.1,,
193,毛绒地毯,150025,1196,[1],[4],[21582],,,Pile carpet,,Pile carpet,1,1,,3,3,0,797,0,14016,2,,,,,,,,,,,,,,,,,,,,,,,,,,,,0.1,,
194,冰原窗帘,150043,1196,[1],[4],[21579],,,IceCrystalCurtains,,IceCrystalCurtains,1,1,,3,3,0,797,0,12600,2,,761,1,,,,,,,,,,,,,,,,,,,,,,,,,0.1,,
195,赫赤红颜料瓶,11514,1222,[3],[2],[21525],[4],,RedDye,,RedDye,8,1,,3,3,0,797,0,12500,1,,11320,8,,,,,,,,,,,,,,,,,,,,,,,,,0.1,,
196,鹅毛黄颜料瓶,11504,1224,[3],[2],[21525],[4],,YellowDye,,YellowDye,8,1,,3,3,0,797,0,378,1,,11320,8,,,,,,,,,,,,,,,,,,,,,,,,,0.1,,
197,宝石蓝颜料瓶,11532,1623,[3],[2],[21525],[4],,BlueDye,,BlueDye,8,1,,3,3,0,797,0,12583,1,,11320,8,,,,,,,,,,,,,,,,,,,,,,,,,0.1,,
198,棉毡,616,1246,[1],[4],[21582],[6],,WhiteRug,,WhiteRug,1,1,,3,3,0,797,0,12600,1,,,,,,,,,,,,,,,,,,,,,,,,,,,,0.1,,
199,皮筏,13807,1278,[12],[2],[21572],[3],,Boat,,Boat,1,1,,3,3,1,797,0,11323,3,,11307,3,,,,,,,,,,,,,,,,,,,,,,,,,0.1,,
200,厚实的雪,122,1280,[1],[4],[21582],[6],,SnowBlock,,SnowBlock,1,1,,3,3,0,797,0,115,3,,,,,,,,,,,,,,,,,,,,,,,,,,,,0.1,,
201,炽炎,11207,1055,[13],[2],[21577],[4],,FlameCrystal,,FlameCrystal,8,1,,3,3,0,797,0,410,1,,,,,,,,,,,,,,,,,,,,,,,,,,,,0.1,1,
202,小玻璃瓶,11320,1284,[4],"[4,4]","[21578,21541]",[3],,SmallGlassBottle,,SmallGlassBottle,4,1,,3,3,1,797,0,11305,4,,11323,1,,,,,,,,,,,,,,,,,,,,,,,,,0.1,,
204,皮披风,12205,1251,[41],[1],[21566],[2],,LeatherCloak,,LeatherCloak,1,1,,3,3,0,797,0,11307,7,,,,,,,,,,,,,,,,,,,,,,,,,,,,0.1,,
205,炽炎披风,12206,1253,[10],[1],[21566],[2],,FlameCrystalCloak,,FlameCrystalCloak,1,1,,3,3,0,797,0,11207,3,,12205,1,,,,,,,,,,,,,,,,,,,,,,,,,0.1,,
206,钨金披风,12207,1255,[5],[1],[21566],[2],,TungstenGold-encrustedCloak,,TungstenGold-encrustedCloak,1,1,,3,3,0,797,0,11074,1,,11203,3,,12205,1,,,,,,,,,,,,,,,,,,,,,,0.1,,
207,云母披风,12208,1254,[25],[1],[21566],[2],,KyaniteCloak,,KyaniteCloak,1,1,,3,3,0,797,0,11210,3,,12205,1,,,,,,,,,,,,,,,,,,,,,,,,,0.1,,
208,精铝披风,12209,1252,[20],[1],[21566],[2],,MithsilverCloak,,MithsilverCloak,1,1,,3,3,0,797,0,12758,3,,12205,1,,,,,,,,,,,,,,,,,,,,,,,,,0.1,,
209,低音块,690,1295,,[6],[21546],[7],,BassCube,,BassCube,1,2,,3,3,0,797,0,11664,1,,11210,1,,11329,1,,,,,,,,,,,,,,,,,,,,,,0.1,,
210,中音块,691,1296,,[6],[21546],[7],,MediantCube,,MediantCube,1,2,,3,3,0,797,0,11664,1,,11210,1,,11329,1,,,,,,,,,,,,,,,,,,,,,,0.1,,
211,高音块,692,1297,,[6],[21546],[7],,High-pitchCube,,High-pitchCube,1,2,,3,3,0,797,0,11664,1,,11210,1,,11329,1,,,,,,,,,,,,,,,,,,,,,,0.1,,
212,乐器-鼓,693,1298,,[6],[21546],[7],,Instruments-drum,,Instruments-drum,1,2,,3,3,0,797,0,11664,1,,11210,1,,11329,1,,,,,,,,,,,,,,,,,,,,,,0.1,,
213,乐器-电子,694,1299,,[6],[21546],[7],,ElectronInstrument,,ElectronInstrument,1,2,,3,3,0,797,0,11664,1,,11210,1,,11329,1,,,,,,,,,,,,,,,,,,,,,,0.1,,
214,乐器-综合,695,1300,,[6],[21546],[7],,GeneralInstrument,,GeneralInstrument,1,2,,3,3,0,797,0,11664,1,,11210,1,,11329,1,,,,,,,,,,,,,,,,,,,,,,0.1,,
215,非循环-电子,696,1301,,[6],[21546],[7],,AcyclicElectron,,AcyclicElectron,1,2,,3,3,0,797,0,11664,1,,11206,1,,11209,1,,,,,,,,,,,,,,,,,,,,,,0.1,,
216,循环-鼓,697,1302,,[6],[21546],[7],,Cycling - Drum,,Cycling - Drum,1,2,,3,3,0,797,0,11664,1,,11206,1,,11209,1,,,,,,,,,,,,,,,,,,,,,,0.1,,
217,循环-电子,698,1303,,[6],[21546],[7],,Cycling - electronic,,Cycling - electronic,1,2,,3,3,0,797,0,11664,1,,11206,1,,11209,1,,,,,,,,,,,,,,,,,,,,,,0.1,,
218,循环-氛围,699,1304,,[6],[21546],[7],,Cycling - ambient,,Cycling - ambient,1,2,,3,3,0,797,0,11664,1,,11206,1,,11209,1,,,,,,,,,,,,,,,,,,,,,,0.1,,
219,落日橙门,854,2305,[7],[4],[21533],[6],,RedOrangeDoor,,RedOrangeDoor,1,1,,3,3,1,797,0,11323,6,,11536,1,,,,,,,,,,,,,,,,,,,,,,,,,0.1,,
220,深栗红门,855,2306,[7],[4],[21533],[6],,DeepRedDoor,,DeepRedDoor,1,1,,3,3,1,797,0,11323,6,,11512,1,,,,,,,,,,,,,,,,,,,,,,,,,0.1,,
221,象牙白门,856,2307,[7],[4],[21533],[6],,WhiteDoor,,WhiteDoor,1,1,,3,3,1,797,0,11323,6,,11500,1,,,,,,,,,,,,,,,,,,,,,,,,,0.1,,
222,炽炎门,857,2308,[7],"[4,6]","[21533,21543]",[6],,FlameCrystalDoor,,FlameCrystalDoor,1,1,,3,3,0,797,0,11664,3,,11207,3,,,,,,,,,,,,,,,,,,,,,,,,,0.1,,
223,海棠红门,858,2309,[7],[4],[21533],[6],,LightRedDoor,,LightRedDoor,1,1,,3,3,1,797,0,11323,6,,11506,1,,,,,,,,,,,,,,,,,,,,,,,,,0.1,,
224,琥珀黄门,859,2310,[7],[4],[21533],[6],,FruitwoodDoor,,FruitwoodDoor,1,1,,3,3,1,797,0,11323,6,,11543,1,,,,,,,,,,,,,,,,,,,,,,,,,0.1,,
225,秋叶橙门,860,2311,[7],[4],[21533],[6],,YellowOrangeDoor,,YellowOrangeDoor,1,1,,3,3,1,797,0,11323,6,,11537,1,,,,,,,,,,,,,,,,,,,,,,,,,0.1,,
226,木纹灯,861,2312,[5],[4],[21522],[6],,WoodGrainLamp,,WoodGrainLamp,1,1,,3,3,1,797,0,11323,4,,536,1,,,,,,,,,,,,,,,,,,,,,,,,,0.2,,
227,象牙白玻璃灯,862,2313,[6],[4],[21522],[6],,WhiteGlassLamp,,WhiteGlassLamp,1,1,,3,3,0,797,0,632,1,,11206,1,,11500,1,,,,,,,,,,,,,,,,,,,,,,0.2,,
228,朱砂橙玻璃灯,863,2314,[6],[4],[21522],[6],,OrangeGlassLamp,,OrangeGlassLamp,1,1,,3,3,0,797,0,632,1,,11206,1,,11501,1,,,,,,,,,,,,,,,,,,,,,,0.2,,
229,胭脂红玻璃灯,864,2315,[6],[4],[21522],[6],,RedPurpleGlassLamp,,RedPurpleGlassLamp,1,1,,3,3,0,797,0,632,1,,11206,1,,11502,1,,,,,,,,,,,,,,,,,,,,,,0.2,,
230,天青蓝玻璃灯,865,2316,[6],[4],[21522],[6],,LightBlueGlassLamp,,LightBlueGlassLamp,1,1,,3,3,0,797,0,632,1,,11206,1,,11503,1,,,,,,,,,,,,,,,,,,,,,,0.2,,
231,鹅毛黄玻璃灯,866,2317,[6],[4],[21522],[6],,YellowGlassLamp,,YellowGlassLamp,1,1,,3,3,0,797,0,632,1,,11206,1,,11504,1,,,,,,,,,,,,,,,,,,,,,,0.2,,
232,松花绿玻璃灯,867,2318,[6],[4],[21522],[6],,LightGreenGlassLamp,,LightGreenGlassLamp,1,1,,3,3,0,797,0,632,1,,11206,1,,11505,1,,,,,,,,,,,,,,,,,,,,,,0.2,,
233,海棠红玻璃灯,868,2319,[6],[4],[21522],[6],,LightRedGlassLamp,,LightRedGlassLamp,1,1,,3,3,0,797,0,632,1,,11206,1,,11506,1,,,,,,,,,,,,,,,,,,,,,,0.2,,
234,苍石灰玻璃灯,869,2320,[6],[4],[21522],[6],,GreyGlassLamp,,GreyGlassLamp,1,1,,3,3,0,797,0,632,1,,11206,1,,11507,1,,,,,,,,,,,,,,,,,,,,,,0.2,,
235,浅苍灰玻璃灯,870,2321,[6],[4],[21522],[6],,LightGreyGlassLamp,,LightGreyGlassLamp,1,1,,3,3,0,797,0,632,1,,11206,1,,11508,1,,,,,,,,,,,,,,,,,,,,,,0.2,,
236,青碧绿玻璃灯,871,2322,[6],[4],[21522],[6],,BlueGreenGlassLamp,,BlueGreenGlassLamp,1,1,,3,3,0,797,0,632,1,,11206,1,,11509,1,,,,,,,,,,,,,,,,,,,,,,0.2,,
237,青莲紫玻璃灯,872,2323,[6],[4],[21522],[6],,PurpleGlassLamp,,PurpleGlassLamp,1,1,,3,3,0,797,0,632,1,,11206,1,,11510,1,,,,,,,,,,,,,,,,,,,,,,0.2,,
238,宝石蓝玻璃灯,873,2324,[6],[4],[21522],[6],,BlueGlassLamp,,BlueGlassLamp,1,1,,3,3,0,797,0,632,1,,11206,1,,11532,1,,,,,,,,,,,,,,,,,,,,,,0.2,,
239,深栗红玻璃灯,874,2325,[6],[4],[21522],[6],,DeepRedGlassLamp,,DeepRedGlassLamp,1,1,,3,3,0,797,0,632,1,,11206,1,,11512,1,,,,,,,,,,,,,,,,,,,,,,0.2,,
240,翡翠绿玻璃灯,875,2326,[6],[4],[21522],[6],,GreenGlassLamp,,GreenGlassLamp,1,1,,3,3,0,797,0,632,1,,11206,1,,11513,1,,,,,,,,,,,,,,,,,,,,,,0.2,,
241,赫赤红玻璃灯,876,2327,[6],[4],[21522],[6],,RedGlassLamp,,RedGlassLamp,1,1,,3,3,0,797,0,632,1,,11206,1,,11514,1,,,,,,,,,,,,,,,,,,,,,,0.2,,
242,煤乌黑玻璃灯,877,2328,[6],[4],[21522],[6],,BlackGlassLamp,,BlackGlassLamp,1,1,,3,3,0,797,0,632,1,,11206,1,,11515,1,,,,,,,,,,,,,,,,,,,,,,0.2,,
243,精致木床,883,2329,[5],[4],[21532],[6],,WoodenBed,,WoodenBed,1,1,,3,3,0,797,0,11307,3,,11323,3,,,,,,,,,,,,,,,,,,,,,,,,,0.1,,
244,豪华木床,884,2330,[5],[4],[21532],[6],,LuxuryBed,,LuxuryBed,1,1,,3,3,0,797,0,11307,3,,11323,3,,,,,,,,,,,,,,,,,,,,,,,,,0.1,,
245,公主床,885,2331,[5],[4],[21532],[6],,RoyalBed,,RoyalBed,1,1,,3,3,0,797,0,11307,3,,11323,3,,,,,,,,,,,,,,,,,,,,,,,,,0.1,,
246,熔岩号角,11215,1332,[6],[0],[21585],,,LavaHorn,,LavaHorn,1,1,,3,3,0,797,0,11217,1,,11220,1,,,,,,,,,,,,,,,,,,,,,,,,,100,,
247,混乱号角,11216,1333,[7],[0],[21585],,,ChaosHorn,,ChaosHorn,1,1,,3,3,0,797,0,11217,1,,11219,1,,,,,,,,,,,,,,,,,,,,,,,,,100,,
248,生命结晶,11217,1334,[9],[2],[21577],,,LifeCrystal,,LifeCrystal,1,1,,3,3,0,797,0,11223,3,,11211,15,,,,,,,,,,,,,,,,,,,,,,,,,50,,
249,岩石结晶,11218,1335,[10],[2],[21577],,,LavaCrystal,,LavaCrystal,1,1,,3,3,0,797,0,536,2,,412,2,,,,,,,,,,,,,,,,,,,,,,,,,50,,
250,混乱结晶,11219,1336,[11],[2],[21577],,,ChaosCrystal,,ChaosCrystal,1,1,,3,3,0,797,0,11224,3,,180,1,,132,1,,,,,,,,,,,,,,,,,,,,,,50,,
251,宝石结晶,11220,1337,[12],[2],[21577],,,GemCrystal,,GemCrystal,1,1,,3,3,0,797,0,536,2,,410,2,,132,1,,,,,,,,,,,,,,,,,,,,,,50,,
252,龙骨弓,12056,1155,[4],[1],[21517],,,DragonBoneBow,,DragonBoneBow,1,1,,3,3,0,797,0,11221,3,,710,9,,,,,,,,,,,,,,,,,,,,,,,,,50,,
253,熔岩披风,12210,1256,[10],[1],[21566],,,LavaCloak,,LavaCloak,1,1,,3,3,0,797,0,12205,1,,11222,1,,,,,,,,,,,,,,,,,,,,,,,,,50,,
254,一捆玉米,11223,1340,[4],[2],[21573],,,ABundleofCorn,,ABundleofCorn,1,1,,3,3,0,797,0,200141,64,,,,,,,,,,,,,,,,,,,,,,,,,,,,50,,
255,一叠皮革,11224,1341,[13],[2],[21577],,,APileofLeather,,APileofLeather,1,1,,3,3,0,797,0,11307,64,,,,,,,,,,,,,,,,,,,,,,,,,,,,10,,
256,椅子,965,2342,[2],[4],[21579],[6],,WoodChair,,WoodChair,1,1,,3,3,1,797,0,11323,5,,,,,,,,,,,,,,,,,,,,,,,,,,,,0.1,,
257,桌子,966,2343,[2],[4],[21579],[6],,WoodTable,,WoodTable,1,1,,3,3,1,797,0,11323,5,,,,,,,,,,,,,,,,,,,,,,,,,,,,0.1,,
258,沙发,967,2344,[2],[4],[21579],[6],,WoodSofa,,WoodSofa,1,1,,3,3,1,797,0,11323,4,,11307,1,,,,,,,,,,,,,,,,,,,,,,,,,0.1,,
259,棕色壁炉,968,2345,[4],[2],[21598],[6],,BrownFireplace,,BrownFireplace,1,1,,3,3,0,797,0,104,5,,11323,3,,,,,,,,,,,,,,,,,,,,,,,,,0.1,,
260,柜子,969,2346,[1],[4],[21584],[6],,WoodCabinet,,WoodCabinet,1,1,,3,3,0,797,0,11323,8,,,,,,,,,,,,,,,,,,,,,,,,,,,,0.1,,
261,象牙白椅子,970,2347,[2],[4],[21579],[6],,WhiteChair,,WhiteChair,1,1,,3,3,1,797,0,11323,5,,11500,1,,,,,,,,,,,,,,,,,,,,,,,,,0.1,,
262,象牙白桌子,971,2348,[2],[4],[21579],[6],,WhiteTable,,WhiteTable,1,1,,3,3,1,797,0,11323,5,,11500,1,,,,,,,,,,,,,,,,,,,,,,,,,0.1,,
263,象牙白沙发,972,2349,[2],[4],[21579],[6],,WhiteSofa,,WhiteSofa,1,1,,3,3,1,797,0,11323,4,,11307,1,,11500,1,,,,,,,,,,,,,,,,,,,,,,0.1,,
264,白色壁炉,973,2350,[5],[2],[21598],[6],,WhiteFireplace,,WhiteFireplace,1,1,,3,3,0,797,0,104,5,,11323,3,,,,,,,,,,,,,,,,,,,,,,,,,0.1,,
265,象牙白柜子,974,2351,[1],[4],[21584],[6],,WhiteCabinet,,WhiteCabinet,1,1,,3,3,0,797,0,11323,7,,11500,1,,,,,,,,,,,,,,,,,,,,,,,,,0.1,,
266,松木椅子,975,2352,[2],[4],[21579],[6],,LarchChair,,LarchChair,1,1,,3,3,1,797,0,11323,4,,,,,,,,,,,,,,,,,,,,,,,,,,,,0.1,,
267,松木桌子,976,2353,[2],[4],[21579],[6],,LarchTable,,LarchTable,1,1,,3,3,1,797,0,11323,5,,,,,,,,,,,,,,,,,,,,,,,,,,,,0.1,,
268,松木沙发,977,2354,[2],[4],[21579],[6],,LarchSofa,,LarchSofa,1,1,,3,3,1,797,0,11323,4,,11307,1,,,,,,,,,,,,,,,,,,,,,,,,,0.1,,
269,黑色壁炉,978,2355,[6],[2],[21598],[6],,BlackFireplace,,BlackFireplace,1,1,,3,3,0,797,0,104,5,,11323,3,,,,,,,,,,,,,,,,,,,,,,,,,0.1,,
270,松木柜子,979,2356,[1],[4],[21584],[6],,LarchCabinet,,LarchCabinet,1,1,,3,3,0,797,0,11323,6,,,,,,,,,,,,,,,,,,,,,,,,,,,,0.1,,
271,铸铁星能幕布,886,2357,[1],[4],[21545],[6],,MithsilverStarenergyBoard,,MithsilverStarenergyBoard,3,1,,3,3,1,797,0,11209,3,,,,,,,,,,,,,,,,,,,,,,,,,,,,0.1,,
272,钛金星能幕布,888,2358,[1],[4],[21545],[6],,TitaniumStarenergyBoard,,TitaniumStarenergyBoard,3,1,,3,3,1,797,0,11330,3,,,,,,,,,,,,,,,,,,,,,,,,,,,,0.1,,
273,熔岩星能幕布,890,2359,[1],[4],[21545],[6],,LavaStarenergyBoard,,LavaStarenergyBoard,3,1,,3,3,1,797,0,11207,3,,,,,,,,,,,,,,,,,,,,,,,,,,,,0.1,,
275,玉米,200141,1361,[5],[2],[21573],[4],,Corn,,Corn,64,1,,3,3,0,797,0,11223,1,,,,,,,,,,,,,,,,,,,,,,,,,,,,50,1,
276,软皮革,11307,1362,[15],[2],[21577],[4],,Leather,,Leather,64,1,,3,3,0,797,0,11224,1,,,,,,,,,,,,,,,,,,,,,,,,,,,,10,1,
277,大爆竹,12280,2363,,[1],[21567],[3],,Firecracker,,Firecracker,4,1,,3,3,0,797,0,11322,4,,11306,2,,101,1,,,,,,,,,,,,,,,,,,,,,,0.2,,
278,弹弓,12281,1153,[11],[1],[21517],[2],,Slingshot,,Slingshot,1,1,,3,3,1,797,0,710,2,,11307,2,,11323,2,,,,,,,,,,,,,,,,,,,,,,0.1,,
279,石子,12282,1154,[12],[1],[21517],[2],,Pebble,,Pebble,1,1,,3,3,0,797,0,11627,1,,,,,,,,,,,,,,,,,,,,,,,,,,,,0.1,,
280,弩,12283,1156,[3],[1],[21517],[2],,Crossbow,,Crossbow,1,1,,3,3,1,797,0,11203,5,,710,3,,11323,3,,,,,,,,,,,,,,,,,,,,,,0.5,,
281,火箭筒,12284,1157,[2],[1],[21567],[2],,Bazooka,,Bazooka,1,1,,3,3,0,797,0,11203,5,,12755,3,,12758,3,,,,,,,,,,,,,,,,,,,,,,0.5,,
282,火箭弹,12285,1158,[3],[1],[21567],[2],,Rocket,,Rocket,2,1,,3,3,0,797,0,12755,2,,12758,1,,11306,2,,,,,,,,,,,,,,,,,,,,,,0.2,,
283,木质字牌,892,2369,[2],[4],[21545],[6],,WoodenBillboard,,WoodenBillboard,4,1,,3,3,1,797,0,11323,4,,,,,,,,,,,,,,,,,,,,,,,,,,,,0.1,,
284,石质字牌,893,2370,[2],[4],[21545],[6],,StoneBillboard,,StoneBillboard,4,1,,3,3,0,797,0,11627,4,,,,,,,,,,,,,,,,,,,,,,,,,,,,0.2,,
285,铁制字牌,894,2371,[2],[4],[21545],[6],,MithsilverBillboard,,MithsilverBillboard,4,1,,3,3,0,797,0,11323,4,,11209,2,,,,,,,,,,,,,,,,,,,,,,,,,0.3,,
286,炽炎字牌,895,2372,[2],[4],[21545],[6],,FlameCrystalBillboard,,FlameCrystalBillboard,4,1,,3,3,0,797,0,11323,4,,11207,2,,,,,,,,,,,,,,,,,,,,,,,,,0.4,,
287,钨金字牌,896,2373,[2],[4],[21545],[6],,TungstenGoldBillboard,,TungstenGoldBillboard,4,1,,3,3,1,797,0,11203,1,,11074,1,,11323,3,,,,,,,,,,,,,,,,,,,,,,0.5,,
288,熔岩字牌,897,2374,[2],[4],[21545],[6],,LavaBillboard,,LavaBillboard,4,1,,3,3,0,797,0,124,4,,,,,,,,,,,,,,,,,,,,,,,,,,,,0.1,,
289,灯笼,898,2375,[7],[4],[21522],[6],,Lantern,,Lantern,1,1,,3,3,1,797,0,11322,2,,11206,1,,11323,2,,,,,,,,,,,,,,,,,,,,,,1,,
290,古典路灯,899,2376,[7],[4],[21522],[6],,ClassicRoadLamp,,ClassicRoadLamp,1,1,,3,3,0,797,0,11209,2,,11206,2,,,,,,,,,,,,,,,,,,,,,,,,,1,,
291,现代路灯,900,2377,[7],[4],[21522],[6],,ModernRoadLamp,,ModernRoadLamp,1,1,,3,3,0,797,0,11209,2,,11206,2,,,,,,,,,,,,,,,,,,,,,,,,,1,,
292,黑色铜围栏,926,2378,[6],[4],[21534],[6],,BlackBrassBar,,BlackBrassBar,6,1,,3,3,0,797,0,11329,3,,11515,1,,,,,,,,,,,,,,,,,,,,,,,,,0.5,,
293,白色铜围栏,927,2379,[6],[4],[21534],[6],,WhiteBrassBar,,WhiteBrassBar,6,1,,3,3,0,797,0,11329,3,,11500,1,,,,,,,,,,,,,,,,,,,,,,,,,0.5,,
294,小花盆,928,2380,[1],[4],[21582],[6],,SmallFlowerPot,,SmallFlowerPot,1,1,,3,3,0,797,0,12756,2,,,,,,,,,,,,,,,,,,,,,,,,,,,,1,,
295,大花盆,929,2381,[1],[4],[21582],[6],,LargeFlowerPot,,LargeFlowerPot,1,1,,3,3,0,797,0,12756,3,,,,,,,,,,,,,,,,,,,,,,,,,,,,1,,
296,蜡烛台,931,2382,[1],[4],[21582],[6],,CandleHolder,,CandleHolder,1,1,,3,3,0,797,0,298,3,,11209,3,,,,,,,,,,,,,,,,,,,,,,,,,3,,
297,吊灯,933,2383,[7],[4],[21522],[6],,CellingLamp,,CellingLamp,1,1,,3,3,0,797,0,11209,3,,11206,3,,632,3,,,,,,,,,,,,,,,,,,,,,,3,,
298,典雅壁灯,934,2384,[7],[4],[21522],[6],,ElegantWallLamp,,ElegantWallLamp,1,1,,3,3,0,797,0,632,1,,298,1,,11209,1,,,,,,,,,,,,,,,,,,,,,,2,,
299,精致壁灯,935,2385,[7],[4],[21522],[6],,ExquisiteWallLamp,,ExquisiteWallLamp,1,1,,3,3,0,797,0,11207,1,,298,1,,632,1,,,,,,,,,,,,,,,,,,,,,,2,,
300,台灯,936,2386,[7],[4],[21522],[6],,TableLamp,,TableLamp,1,1,,3,3,0,797,0,632,1,,11206,1,,11207,2,,,,,,,,,,,,,,,,,,,,,,5,,
301,荧光晶块,550,1387,[30],[4],[21522],[6],,FluorescentBlock,,FluorescentBlock,1,1,,3,3,0,797,0,11318,8,,,,,,,,,,,,,,,,,,,,,,,,,,,,0.1,,
302,深海呼吸药剂,12716,1388,[3],[1],[21519],[1],,BreathingPotion,,BreathingPotion,1,1,,3,3,0,797,300,11319,1,,11320,1,,,,,,,,,,,,,,,,,,,,,,,,,0.2,,
303,展示架,930,1390,[30],[4],[21557],[6],,DisplayRack,,DisplayRack,1,1,,3,3,1,797,0,11323,4,,649,2,,,,,,,,,,,,,,,,,,,,,,,,,0.2,,
304,火箭背包,12253,1257,[21],[1],[21566],[2],,Jetpack,,Jetpack,1,1,,3,3,0,797,0,12758,2,,11099,2,,11307,10,,12755,2,,,,,,,,,,,,,,,,,,,0.5,,
305,红藻力量药剂,12715,1392,[4],[1],[21519],[1],,KnockbackPotion,,KnockbackPotion,1,1,,3,3,0,797,300,314,1,,11320,1,,,,,,,,,,,,,,,,,,,,,,,,,0.2,,
306,年兽蛋,13505,1393,[10],[2],[21576],,,NianSpawner,,NianSpawner,1,1,,3,3,1,797,0,12836,1,,11327,1,,,,,,,,,,,,,,,,,,,,,,,,,,,
307,喷花烟花,881,2394,[11],[2],[21576],[6],,Fireworks(On),,Fireworks(On),1,1,,3,3,0,797,0,11322,3,,11306,1,,12755,2,,,,,,,,,,,,,,,,,,,,,,0.5,,
308,春节窗花-福,940,2395,[4],[4],[21579],[6],,FortunepaperFlower,,FortunepaperFlower,3,1,,3,3,0,797,0,11322,6,,11514,1,,,,,,,,,,,,,,,,,,,,,,,,,1,,
309,春节窗花-禄,941,2396,[4],[4],[21579],[6],,WealthpaperFlower,,WealthpaperFlower,3,1,,3,3,0,797,0,11322,6,,11514,1,,,,,,,,,,,,,,,,,,,,,,,,,1,,
310,春节窗花-寿,942,2397,[4],[4],[21579],[6],,LongevitypaperFlower,,LongevitypaperFlower,3,1,,3,3,0,797,0,11322,6,,11514,1,,,,,,,,,,,,,,,,,,,,,,,,,1,,
311,春节窗花-喜,943,2398,[4],[4],[21579],[6],,JoypaperFlower,,JoypaperFlower,3,1,,3,3,0,797,0,11322,6,,11514,1,,,,,,,,,,,,,,,,,,,,,,,,,1,,
312,中式宫灯,945,2399,[7],[4],[21522],[6],,PalaceLantern,,PalaceLantern,1,1,,3,3,1,797,0,11323,4,,11318,3,,,,,,,,,,,,,,,,,,,,,,,,,4,,
313,红色陶花盆,946,2400,[1],[4],[21582],[6],,RedFlowerpot,,RedFlowerpot,1,1,,3,3,0,797,0,12756,2,,11514,1,,,,,,,,,,,,,,,,,,,,,,,,,2,,
314,绿色陶花盆,947,2401,[1],[4],[21582],[6],,GreenFlowerpot,,GreenFlowerpot,1,1,,3,3,0,797,0,12756,2,,11513,1,,,,,,,,,,,,,,,,,,,,,,,,,2,,
315,大瓷花盆,948,2402,[1],[4],[21582],[6],,BigPorcelainPot,,BigPorcelainPot,1,1,,3,3,0,797,0,12756,3,,,,,,,,,,,,,,,,,,,,,,,,,,,,2.5,,
316,新春宫灯,949,2403,[7],[4],[21522],[6],,FestivalLantern,,FestivalLantern,1,1,,3,3,1,797,0,11322,3,,11318,1,,11323,4,,,,,,,,,,,,,,,,,,,,,,2,,
317,孔明灯,12830,2404,[7],[4],[21522],[3],,SkyLantern,,SkyLantern,1,1,,3,3,0,797,0,11322,5,,298,1,,710,1,,,,,,,,,,,,,,,,,,,,,,2.5,,
318,荷灯,13808,2405,[7],[4],[21522],[3],,LotusLantern,,LotusLantern,1,1,,3,3,1,797,0,11322,3,,11318,1,,250,3,,,,,,,,,,,,,,,,,,,,,,2.5,,
319,荧光晶体,11318,1406,[30],[4],[21522],[4],,FluorescentCrystal,,FluorescentCrystal,8,1,,3,3,0,797,0,550,1,,,,,,,,,,,,,,,,,,,,,,,,,,,,0.1,,
320,木质天窗,731,1407,[2],[4],[21579],[6],,WoodenSkylight,,WoodenSkylight,1,1,,3,3,1,797,0,11323,3,,,,,,,,,,,,,,,,,,,,,,,,,,,,0.1,,
321,草垛,822,235,[9],[2],[21521],[6],,Haystack,,Haystack,1,1,,3,3,0,797,0,11226,8,,,,,,,,,,,,,,,,,,,,,,,,,,,,0.1,,
322,标记器（-）,1004,1409,,[6],[21543],[7],,Marker(-),,Marker(-),1,2,,3,3,0,797,0,11664,3,,11209,4,,11210,3,,,,,,,,,,,,,,,,,,,,,,0.1,,
323,标记器（+）,1005,1410,,[6],[21543],[7],,Marker(+),,Marker(+),1,2,,3,3,0,797,0,11664,3,,11209,4,,11210,3,,,,,,,,,,,,,,,,,,,,,,0.1,,
324,滑动方块,1008,1411,,[6],[21543],[7],,SlidingCube,,SlidingCube,1,2,,3,3,0,797,0,11664,3,,11209,5,,11210,3,,12758,1,,,,,,,,,,,,,,,,,,,0.1,,
325,转轴方块,1010,1412,,[6],[21543],[7],,Rotor cube,,Rotor cube,1,2,,3,3,0,797,0,11664,3,,11209,5,,11210,3,,12758,1,,,,,,,,,,,,,,,,,,,0.1,,
326,地板,418,1413,[1],[4],[21582],[5],,WoodFloor,,WoodFloor,1,1,,3,3,0,797,0,11323,1,,,,,,,,,,,,,,,,,,,,,,,,,,,,0.1,,
327,土砖,421,1414,[5],[4],[21544],[5],,AdobeBlock,,AdobeBlock,1,1,,3,3,0,797,0,101,4,,,,,,,,,,,,,,,,,,,,,,,,,,,,0.1,,
328,粗制石砖,422,1415,[5],[4],[21544],[5],,RoughRockBrick,,RoughRockBrick,1,1,,3,3,0,797,0,11627,1,,,,,,,,,,,,,,,,,,,,,,,,,,,,0.1,,
329,粗制黄砖,423,1416,[5],[4],[21544],[5],,SandstoneBlock,,SandstoneBlock,1,1,,3,3,1,797,0,11627,2,,29,2,,,,,,,,,,,,,,,,,,,,,,,,,0.1,,
330,釉面砖,425,1417,[5],[4],[21544],[5],,GlazedBlock,,GlazedBlock,1,1,,3,3,0,797,0,12756,2,,,,,,,,,,,,,,,,,,,,,,,,,,,,0.1,,
331,横格釉面砖,426,1418,[5],[4],[21544],[5],,LateralGlazedBlock,,LateralGlazedBlock,1,1,,3,3,0,797,0,12756,2,,,,,,,,,,,,,,,,,,,,,,,,,,,,0.1,,
332,不稳定化合物,11306,1419,[1],[1],[21567],[4],,UnstableCompound,,UnstableCompound,2,1,,3,3,0,797,0,11099,1,,11201,2,,,,,,,,,,,,,,,,,,,,,,,,,0.1,,
334,号角,12579,1421,[4],[2],[21521],[3],,Horn,,Horn,1,1,,3,3,0,797,0,12578,1,,11209,1,,,,,,,,,,,,,,,,,,,,,,,,,0.1,,
335,灵狐口哨,12580,1422,[3],[2],[21521],[3],,DogWhistle,,DogWhistle,1,1,,3,3,1,797,0,11323,2,,11329,2,,,,,,,,,,,,,,,,,,,,,,,,,0.1,,
336,窝,1019,231,[8],[2],[21521],[3],,ChickenNest,,ChickenNest,1,1,,3,3,1,797,0,11226,5,,11323,2,,,,,,,,,,,,,,,,,,,,,,,,,0.1,,
337,冰砖,430,1425,[5],[4],[21544],[5],,IceBrick,,IceBrick,1,1,,3,3,0,797,0,123,1,,,,,,,,,,,,,,,,,,,,,,,,,,,,0.1,,
338,扳手,11070,1426,[1],"[6,6]","[21542,21543]","[3,7]",,Wrench,,Wrench,1,2,,3,3,0,797,0,11209,1,,11210,2,,,,,,,,,,,,,,,,,,,,,,,,,0.1,,
339,风铃花种子,431,1428,[10],[2],[21573],[4],,BellflowersSeed,,BellflowersSeed,2,4,,3,3,0,797,0,300,1,,,,,,,,,,,,,,,,,,,,,,,,,,,,0.1,,
340,若兰花种子,432,1429,[10],[2],[21573],[4],,RuolanSeed,,RuolanSeed,2,4,,3,3,0,797,0,301,1,,,,,,,,,,,,,,,,,,,,,,,,,,,,0.1,,
341,星辰花种子,433,1430,[10],[2],[21573],[4],,StarFlowerSeed,,StarFlowerSeed,2,4,,3,3,0,797,0,302,1,,,,,,,,,,,,,,,,,,,,,,,,,,,,0.1,,
342,龙血花种子,434,1431,[10],[2],[21573],[4],,DragonFlowerSeed,,DragonFlowerSeed,2,4,,3,3,0,797,0,303,1,,,,,,,,,,,,,,,,,,,,,,,,,,,,0.1,,
343,风信子种子,435,1432,[10],[2],[21573],[4],,HyacinthSeed,,HyacinthSeed,2,4,,3,3,0,797,0,304,1,,,,,,,,,,,,,,,,,,,,,,,,,,,,0.1,,
344,龙爪草种子,436,1433,[10],[2],[21573],[4],,DragonGrassSeed,,DragonGrassSeed,2,4,,3,3,0,797,0,305,1,,,,,,,,,,,,,,,,,,,,,,,,,,,,0.1,,
345,龙血树种子,437,1434,[10],[2],[21573],[4],,DragonTreeSeed,,DragonTreeSeed,2,4,,3,3,0,797,0,306,1,,,,,,,,,,,,,,,,,,,,,,,,,,,,0.1,,
346,红色龙舌兰种子,438,1435,[10],[2],[21573],[4],,RedMagueySeed,,RedMagueySeed,2,4,,3,3,0,797,0,307,1,,,,,,,,,,,,,,,,,,,,,,,,,,,,0.1,,
347,橙色龙舌兰种子,439,1436,[10],[2],[21573],[4],,OrangeMagueySeed,,OrangeMagueySeed,2,4,,3,3,0,797,0,308,1,,,,,,,,,,,,,,,,,,,,,,,,,,,,0.1,,
348,灰色龙舌兰种子,440,1437,[10],[2],[21573],[4],,GreyMagueySeed,,GreyMagueySeed,2,4,,3,3,0,797,0,309,1,,,,,,,,,,,,,,,,,,,,,,,,,,,,0.1,,
349,粉色龙舌兰种子,441,1438,[10],[2],[21573],[4],,PinkMagueySeed,,PinkMagueySeed,2,4,,3,3,0,797,0,310,1,,,,,,,,,,,,,,,,,,,,,,,,,,,,0.1,,
350,白椰花种子,442,1439,[10],[2],[21573],[4],,WhiteFlowerSeed,,WhiteFlowerSeed,2,4,,3,3,0,797,0,311,1,,,,,,,,,,,,,,,,,,,,,,,,,,,,0.1,,
351,黄钟花种子,443,1440,[10],[2],[21573],[4],,YellowFlowerSeed,,YellowFlowerSeed,2,4,,3,3,0,797,0,312,1,,,,,,,,,,,,,,,,,,,,,,,,,,,,0.1,,
352,野蔷薇种子,444,1441,[10],[2],[21573],[4],,RosebushSeed,,RosebushSeed,2,4,,3,3,0,797,0,313,1,,,,,,,,,,,,,,,,,,,,,,,,,,,,0.1,,
354,彩蛋,12248,1443,,[1],[21551],[3],,BigPaintedEgg,,BigPaintedEgg,10,1,,3,3,0,797,0,12053,10,,11506,1,,11504,1,,11509,1,,,,,,,,,,,,,,,,,,,0.1,,
355,小彩蛋,12240,1444,,[1],[21551],[3],,PaintedEgg,,PaintedEgg,10,1,,3,3,0,797,0,12052,10,,11514,1,,11504,1,,11503,1,,,,,,,,,,,,,,,,,,,0.1,,
356,感应方块,1032,1446,,[6],[21543],[7],,SensorCube,,SensorCube,1,2,,3,3,0,797,0,11664,1,,11210,1,,12755,2,,,,,,,,,,,,,,,,,,,,,,0.1,,
357,星能算法器,387,1447,,[6],[21543],[7],,Calculator,,Calculator,1,2,,3,3,0,797,0,11664,2,,11210,1,,11207,1,,,,,,,,,,,,,,,,,,,,,,0.1,,
358,木窗,555,1449,[2],[4],[21579],[6],,Woodenwindow,,Woodenwindow,2,1,,3,3,1,797,0,11323,6,,,,,,,,,,,,,,,,,,,,,,,,,,,,0.1,,
359,玻璃窗,556,1450,[2],[4],[21579],[6],,GlassWindow,,GlassWindow,2,1,,3,3,1,797,0,11323,4,,649,6,,,,,,,,,,,,,,,,,,,,,,,,,0.1,,
360,信纸,11806,1451,[5],[2],[21570],[3],,LetterPaper,,LetterPaper,1,1,,3,3,0,797,0,11322,1,,710,1,,,,,,,,,,,,,,,,,,,,,,,,,0.1,,
361,秋叶橙地板,419,2452,[1],[4],[21582],[5],,YellowOrangeFloor,,YellowOrangeFloor,4,1,,3,3,0,797,0,11323,4,,11537,1,,,,,,,,,,,,,,,,,,,,,,,,,0.1,,
362,海棠红地板,420,2453,[1],[4],[21582],[5],,LightRedFloor,,LightRedFloor,4,1,,3,3,0,797,0,11323,4,,11506,1,,,,,,,,,,,,,,,,,,,,,,,,,0.1,,
363,精制黄砖,424,2454,[1],[4],[21582],[5],,SandstoneBrick,,SandstoneBrick,1,1,,3,3,1,797,0,104,2,,29,2,,,,,,,,,,,,,,,,,,,,,,,,,0.1,,
364,竖格釉面砖,427,2455,[5],[4],[21544],[5],,VerticalGlazedBlock,,VerticalGlazedBlock,1,1,,3,3,0,797,0,12756,2,,,,,,,,,,,,,,,,,,,,,,,,,,,,0.1,,
365,四格釉面砖,428,2456,[5],[4],[21544],[5],,GridGlazedBlock,,GridGlazedBlock,1,1,,3,3,0,797,0,12756,2,,,,,,,,,,,,,,,,,,,,,,,,,,,,0.1,,
366,不规则釉面砖,429,2457,[5],[4],[21544],[5],,IrregularGlazedBlock,,IrregularGlazedBlock,1,1,,3,3,0,797,0,12756,2,,,,,,,,,,,,,,,,,,,,,,,,,,,,0.1,,
367,象牙白细围栏,539,2458,[6],[4],[21534],[5],,WhiteFence,,WhiteFence,4,1,,3,3,1,797,0,11323,5,,11500,1,,,,,,,,,,,,,,,,,,,,,,,,,0.1,,
368,粗制石围栏,551,2459,[5],[4],[21534],[5],,StoneBrickFence,,StoneBrickFence,4,1,,3,3,0,797,0,11627,3,,,,,,,,,,,,,,,,,,,,,,,,,,,,0.1,,
369,象牙白细围栏,552,2460,[6],[4],[21534],[5],,WhiteFence1,,WhiteFence1,4,1,,3,3,1,797,0,11323,10,,11500,1,,,,,,,,,,,,,,,,,,,,,,,,,0.1,,
370,薄木围栏,553,2461,[6],[4],[21534],[5],,WoodenStockade,,WoodenStockade,4,1,,3,3,1,797,0,11323,8,,,,,,,,,,,,,,,,,,,,,,,,,,,,0.1,,
371,铜围栏,554,2462,[6],[4],[21534],[5],,BrassFence,,BrassFence,4,1,,3,3,0,797,0,11329,2,,,,,,,,,,,,,,,,,,,,,,,,,,,,0.1,,
372,过山车头,13802,1463,,[6],[21543],[7],,RollerCoasterEngine,,RollerCoasterEngine,1,1,,3,3,1,797,0,11664,1,,11209,5,,,,,,,,,,,,,,,,,,,,,,,,,0.1,,
373,胭脂红木板,562,1464,[5],[4],[21544],[5],,RedPurpleBoard,,RedPurpleBoard,4,1,,3,3,0,797,0,11323,4,,11502,1,,,,,,,,,,,,,,,,,,,,,,,,,0.1,,
374,竹板,563,1465,[5],[4],[21544],[5],,BambooBoard,,BambooBoard,1,1,,3,3,0,797,0,251,1,,,,,,,,,,,,,,,,,,,,,,,,,,,,0.1,,
375,胭脂红薄板,564,1466,[30],[4],[128],[5],,RedPurpleStep,,RedPurpleStep,4,1,,3,3,0,797,0,11323,1,,11502,1,,,,,,,,,,,,,,,,,,,,,,,,,0.1,,
376,竹板薄板,565,1467,[30],[4],[128],[5],,BambooStep,,BambooStep,4,1,,3,3,0,797,0,251,1,,,,,,,,,,,,,,,,,,,,,,,,,,,,0.1,,
377,胭脂红楼梯,566,1468,[8],[4],[21586],[5],,RedPurpleStair,,RedPurpleStair,4,1,,3,3,0,797,0,11323,2,,11502,1,,,,,,,,,,,,,,,,,,,,,,,,,0.1,,
378,竹板楼梯,567,1469,[8],[4],[21586],[5],,BambooStair,,BambooStair,2,1,,3,3,0,797,0,251,1,,,,,,,,,,,,,,,,,,,,,,,,,,,,0.1,,
379,地刺陷阱,721,1471,"[5,20]",[6],[21543],[7],,SpikeTrap,,SpikeTrap,1,2,,3,3,0,797,0,11664,1,,11323,9,,11209,3,,,,,,,,,,,,,,,,,,,,,,0.1,,
380,投掷装置,722,1472,,[6],[21543],[7],,Thrower,,Thrower,1,2,,3,3,0,797,0,11664,3,,12758,2,,11323,3,,710,3,,,,,,,,,,,,,,,,,,,0.1,,
381,桃木图腾,723,1473,[1],[4],[21582],[6],,Totem,,Totem,1,1,,3,3,0,797,0,254,6,,11911,3,,104,3,,,,,,,,,,,,,,,,,,,,,,0.1,,
382,蔬果披萨,831,1474,[1],"[7,8]",,[1],,FruitPizza,,FruitPizza,1,0,,3,3,0,794,300,12509,1,11320,200147,1,,12601,1,,344,1,,,,,,,,,,,,,,,,,,,0.1,,
383,吹箭筒,12288,1159,[9],[1],[21517],[2],,Blowgun,,Blowgun,1,1,,3,3,0,797,0,11312,1,,11329,3,,,,,,,,,,,,,,,,,,,,,,,,,0.1,,
384,蜂刺飞镖,12289,1160,[10],[1],[21517],[2],,Dart,,Dart,6,1,,3,3,1,797,0,11312,1,,11313,1,,,,,,,,,,,,,,,,,,,,,,,,,0.1,,
386,瓶装蜂蜜,12511,1478,,[1],[21519],[3],,BottledHoney,,BottledHoney,1,1,,3,3,0,797,0,11320,1,,12504,1,,,,,,,,,,,,,,,,,,,,,,,,,0.1,,
387,萤火虫,13419,1480,[30],[4],[21522],[6],,Firefly,,Firefly,1,1,,3,3,0,797,0,748,1,11320,,,,,,,,,,,,,,,,,,,,,,,,,,,0.1,,
388,空的蜂巢,133,1481,[10],[2],[21573],[4],,EmptyHoneycomb,,EmptyHoneycomb,1,1,,3,3,0,797,0,12504,3,,11323,1,,,,,,,,,,,,,,,,,,,,,,,,,0.1,,
389,竹围栏,568,1482,[6],[4],[21534],[5],,BambooFence,,BambooFence,4,1,,3,3,0,797,0,251,8,,,,,,,,,,,,,,,,,,,,,,,,,,,,0.1,,
390,竹围栏门,569,1483,[6],[4],"[21534,21533]",[5],,BambooFenceGate,,BambooFenceGate,1,1,,3,3,0,797,0,251,4,,,,,,,,,,,,,,,,,,,,,,,,,,,,0.1,,
391,足球服,12821,1484,[16],[2],[21576],[3],,SoccerShirt,,SoccerShirt,1,1,,3,3,0,797,0,710,6,,11500,1,,11503,1,,,,,,,,,,,,,,,,,,,,,,0.1,,
392,足球,13420,1485,[17],[2],[21576],[3],,Soccer,,Soccer,1,1,,3,3,0,797,0,11307,3,,710,3,,11500,1,,11515,1,,,,,,,,,,,,,,,,,,,0.1,,
393,彩带烟花,12781,1486,[13],[2],[21576],[3],,RibbonFireworks,,RibbonFireworks,3,1,,3,3,0,797,0,11322,3,,11306,1,,11323,3,,,,,,,,,,,,,,,,,,,,,,0.1,,
394,星球岩薄板,570,1490,[30],[4],[128],,,Horasrockstep,,Horasrockstep,4,1,,3,3,0,797,0,116,1,,,,,,,,,,,,,,,,,,,,,,,,,,,,0.1,,
395,星球岩楼梯,571,1491,[8],[4],[21586],,,Horasrockstair,,Horasrockstair,2,1,,3,3,0,797,0,116,1,,,,,,,,,,,,,,,,,,,,,,,,,,,,0.1,,
396,星球岩墙,572,1492,[6],[4],[21534],,,Horasrockfence,,Horasrockfence,1,1,,3,3,0,797,0,116,1,,,,,,,,,,,,,,,,,,,,,,,,,,,,0.1,,
397,星球岩石砖,573,1493,[5],[4],[21544],,,Horasrockbrick,,Horasrockbrick,1,1,,3,3,0,797,0,116,1,,,,,,,,,,,,,,,,,,,,,,,,,,,,0.1,,
398,氧气提炼装置,1045,1494,[1],[2],[21572],,,OxygenPump,,OxygenPump,1,1,,3,3,0,797,0,11329,4,,11210,5,,632,3,,,,,,,,,,,,,,,,,,,,,,0.1,,
399,压缩气罐（空）,1047,1495,[2],[2],[21572],,,Gastank(Empty),,Gastank(Empty),1,1,,3,3,0,797,0,632,4,,11329,2,,,,,,,,,,,,,,,,,,,,,,,,,0.1,,
400,星球植物培养基,1050,1496,[8],[2],[21573],,,PlantMedium,,PlantMedium,1,1,,3,3,0,797,0,117,1,,116,3,,11049,1,,11311,1,,,,,,,,,,,,,,,,,,,0.1,,
401,星瞳钻头,11016,1021,[1],[2],[21571],,,Horascopperdrill,,Horascopperdrill,1,1,,3,3,0,797,0,11073,5,,11664,2,,11323,2,,116,2,,,,,,,,,,,,,,,,,,,0.1,,
402,星启石,11075,1498,[23],[2],[21577],,,RegenRune,,RegenRune,1,1,,3,3,0,797,0,11080,3,,,,,,,,,,,,,,,,,,,,,,,,,,,,0.1,,
403,星辉石,11076,1499,[24],[2],[21577],,,IlluRune,,IlluRune,1,1,,3,3,0,797,0,11080,3,,,,,,,,,,,,,,,,,,,,,,,,,,,,0.1,,
404,喷射钩爪,12006,1022,[1],[1],[21552],,,Hookshot,,Hookshot,1,1,,3,3,0,797,0,12758,6,,12755,3,,11210,3,,11073,6,,,,,,,,,,,,,,,,,,,0.1,,
405,氧气背包,12275,1023,[3],[2],[21572],,,Oxygenpack,,Oxygenpack,1,1,,3,3,0,797,0,1048,2,,11209,2,,,,,,,,,,,,,,,,,,,,,,,,,0.1,,
407,氧气豆,12582,1503,[5],[2],[21572],,,Oxyseed,,Oxyseed,2,1,,3,3,0,797,0,12583,1,,,,,,,,,,,,,,,,,,,,,,,,,,,,0.1,,
408,苍石灰木板,264,1504,[5],[4],[21544],,,GreyBoard,,GreyBoard,4,1,,3,3,0,797,0,11323,4,,11507,1,,,,,,,,,,,,,,,,,,,,,,,,,0.1,,
409,苍石灰薄板,574,1505,[30],[4],[128],,,Genwoodstep,,Genwoodstep,4,1,,3,3,0,797,0,11323,1,,11507,1,,,,,,,,,,,,,,,,,,,,,,,,,0.1,,
410,苍石灰楼梯,575,1506,[8],[4],[21586],,,Genwoodstair,,Genwoodstair,4,1,,3,3,0,797,0,11323,2,,11507,1,,,,,,,,,,,,,,,,,,,,,,,,,0.1,,
411,苍石灰围栏,576,1507,[6],[4],[21534],,,Greyfence,,Greyfence,4,1,,3,3,0,797,0,11323,4,,11507,1,,,,,,,,,,,,,,,,,,,,,,,,,0.1,,
413,实验室门,1101,2509,[7],"[4,6]","[21533,21543]",,,Labdoor,,Labdoor,1,2,,3,3,0,797,0,11664,3,,12758,6,,,,,,,,,,,,,,,,,,,,,,,,,0.1,,
414,镜冰,1102,2510,[5],[4],[21544],,,Spectularice,,Spectularice,1,2,,3,3,0,797,0,430,4,,,,,,,,,,,,,,,,,,,,,,,,,,,,0.1,,
415,冰灯,1103,2511,[7],[4],[21522],,,Icelamp,,Icelamp,1,1,,3,3,0,797,0,430,4,,536,1,,,,,,,,,,,,,,,,,,,,,,,,,0.1,,
416,花纹星能块,1104,2512,[5],[4],[21544],,,HorasStarenergy,,HorasStarenergy,1,2,,3,3,0,797,0,11664,10,,11209,2,,,,,,,,,,,,,,,,,,,,,,,,,0.1,,
417,星能铁块,1105,2513,[5],[4],[21544],,,StarenergyMithsilverBlock,,StarenergyMithsilverBlock,2,1,,3,3,0,797,0,11209,4,,11664,2,,,,,,,,,,,,,,,,,,,,,,,,,0.1,,
418,星能铁板,1106,2514,[5],[4],[21544],,,StarenergyMithsilverDeck,,StarenergyMithsilverDeck,2,1,,3,3,0,797,0,11209,4,,11664,2,,,,,,,,,,,,,,,,,,,,,,,,,0.1,,
419,紫线铁块,1107,2515,[5],[4],[21544],,,NetherMithsilverBlock,,NetherMithsilverBlock,1,1,,3,3,0,797,0,11209,2,,,,,,,,,,,,,,,,,,,,,,,,,,,,0.1,,
420,厚铁板,1108,2516,[5],[4],[21544],,,NetherMithsilverdeck,,NetherMithsilverdeck,1,1,,3,3,0,797,0,11209,2,,,,,,,,,,,,,,,,,,,,,,,,,,,,0.1,,
421,镂空铁板,1109,2517,[5],[4],[21544],,,MithsilverSieve,,MithsilverSieve,1,1,,3,3,0,797,0,11209,2,,,,,,,,,,,,,,,,,,,,,,,,,,,,0.1,,
422,实验室灯,1110,2518,[7],[4],[21522],,,Lablamp,,Lablamp,1,1,,3,3,0,797,0,412,1,,536,1,,,,,,,,,,,,,,,,,,,,,,,,,0.1,,
423,锈铁门,1111,2519,[7],"[4,6]","[21533,21543]",,,Rustdoor,,Rustdoor,1,1,,3,3,0,797,0,11664,3,,11209,6,,,,,,,,,,,,,,,,,,,,,,,,,0.1,,
424,铁丝网,1112,2520,[5],[4],[21544],,,MithsilverNet,,MithsilverNet,4,1,,3,3,0,797,0,11209,4,,11049,1,,,,,,,,,,,,,,,,,,,,,,,,,0.1,,
425,竖纹铁板,1113,2521,[5],[4],[21544],,,Stripedeck,,Stripedeck,1,1,,3,3,0,797,0,11209,2,,,,,,,,,,,,,,,,,,,,,,,,,,,,0.1,,
426,锈铁板,1114,2522,[5],[4],[21544],,,Rustdeck,,Rustdeck,2,1,,3,3,0,797,0,11209,4,,11049,1,,,,,,,,,,,,,,,,,,,,,,,,,0.1,,
427,条纹锈铁板,1115,2523,[5],[4],[21544],,,Striperustdeck,,Striperustdeck,2,1,,3,3,0,797,0,11209,4,,11049,1,,,,,,,,,,,,,,,,,,,,,,,,,0.1,,
428,镂空锈铁板,1116,2524,[5],[4],[21544],,,Rustsieve,,Rustsieve,2,1,,3,3,0,797,0,11209,4,,11049,1,,,,,,,,,,,,,,,,,,,,,,,,,0.1,,
429,星能锈铁块,1117,2525,[5],[4],[21544],,,RustStarenergyblock,,RustStarenergyblock,2,1,,3,3,0,797,0,11209,4,,11664,2,,11049,1,,,,,,,,,,,,,,,,,,,,,,0.1,,
430,荧光灯,1118,2526,[7],[4],[21522],,,Fluorescentlamp,,Fluorescentlamp,1,1,,3,3,0,797,0,11209,2,,11318,1,,536,1,,,,,,,,,,,,,,,,,,,,,,0.1,,
431,花纹铁块,1119,2527,[5],[4],[21544],,,PrintedMithsilver,,PrintedMithsilver,2,1,,3,3,0,797,0,11209,4,,11504,1,,11507,1,,,,,,,,,,,,,,,,,,,,,,0.1,,
432,旧铁块,1120,2528,[5],[4],[21544],,,WhiteOldMithsilver,,WhiteOldMithsilver,1,1,,3,3,0,797,0,11209,2,,,,,,,,,,,,,,,,,,,,,,,,,,,,0.1,,
433,信号发生器,1052,1529,,[6],[21543],,,,,,1,1,,3,3,0,797,0,11664,6,,11074,2,,11210,4,,,,,,,,,,,,,,,,,,,,,,0.1,,
434,信号接收器,1053,1530,,[6],[21543],,,,,,1,1,,3,3,0,797,0,11664,6,,11074,2,,11210,4,,,,,,,,,,,,,,,,,,,,,,0.1,,
435,信号解析器,1054,1532,,[6],[21543],,,,,,1,1,,3,3,0,797,0,11664,6,,11074,2,,11210,4,,,,,,,,,,,,,,,,,,,,,,0.1,,
436,指令芯片,11809,1533,,[6],[21543],,,,,,1,1,,3,3,0,797,0,11664,2,,11074,1,,11210,1,,,,,,,,,,,,,,,,,,,,,,0.1,,
437,变蛋枪,12587,1534,[1],[2],[21521],,,EggGun,,EggGun,1,1,,3,3,0,797,0,12758,4,,11073,3,,11210,3,,,,,,,,,,,,,,,,,,,,,,0.1,,
438,变蛋枪子弹,12588,1535,[2],[2],[21521],,,EggGunAmmo,,EggGunAmmo,4,1,,3,3,0,797,0,11209,2,,11080,1,,,,,,,,,,,,,,,,,,,,,,,,,0.1,,
439,荧光弹弓,12589,2536,[13],[1],[21517],,,Fluorescentslingshot,,Fluorescentslingshot,1,1,,3,3,0,797,0,11323,4,,710,2,,11307,2,,,,,,,,,,,,,,,,,,,,,,0.1,,
440,荧光弹,12590,1537,[14],[1],[21517],,,FluorescentFlare,,FluorescentFlare,4,1,,3,3,0,797,0,837,2,,11307,1,,11201,1,,,,,,,,,,,,,,,,,,,,,,0.1,,
441,荧光球,12591,1538,,[1],[21551],,,Fluorescentball1,,Fluorescentball1,2,1,,3,3,0,797,0,269,1,,11080,2,,,,,,,,,,,,,,,,,,,,,,,,,0.1,,
442,圆球爆弹,15506,2539,,[1],[21567],,,Roundbomb,,Roundbomb,1,1,,3,3,0,797,0,11207,2,,11306,1,,,,,,,,,,,,,,,,,,,,,,,,,0.1,,
443,冰锥,15507,2540,,[1],[21551],,,FrostyDarts,,FrostyDarts,1,1,,3,3,0,797,0,123,2,,12710,1,,,,,,,,,,,,,,,,,,,,,,,,,0.1,,
444,熔岩球,15508,2541,[1],[1],[21551],,,LavaBall,,LavaBall,1,1,,3,3,0,797,0,11211,2,,124,2,,,,,,,,,,,,,,,,,,,,,,,,,0.1,,
445,星光孢子种子,263,1545,[10],[2],[21573],,,HorasSporeSeed,,HorasSporeSeed,1,4,,3,3,1,797,0,272,1,,,,,,,,,,,,,,,,,,,,,,,,,,,,0.1,,
446,星瞳石块,449,1546,[4],"[0,4]","[21585,21544]",[6],,HorasCopperBlock,,HorasCopperBlock,1,1,,3,3,0,797,0,11073,8,,,,,,,,,,,,,,,,,,,,,,,,,,,,0.1,,
447,紫荧石块,450,1547,[5],[4],[21544],[6],,HorasGravitiBlock,,HorasGravitiBlock,1,1,,3,3,0,797,0,11074,8,,,,,,,,,,,,,,,,,,,,,,,,,,,,0.1,,
448,星瞳石,11073,1548,[7],[2],[21577],[4],,Horascopper,,Horascopper,8,1,,3,3,0,797,0,449,1,,,,,,,,,,,,,,,,,,,,,,,,,,,,0.1,1,
449,紫荧石,11074,1549,[8],[2],[21577],[4],,Horasgraviti,,Horasgraviti,8,1,,3,3,0,797,0,450,1,,,,,,,,,,,,,,,,,,,,,,,,,,,,0.1,1,
450,反射镜,1060,2550,,[6],[21543],,,Reflector,,Reflector,1,2,,3,3,0,797,0,11664,2,,11073,2,,632,1,,11210,2,,,,,,,,,,,,,,,,,,,0.1,,
451,脉冲弓,12291,1161,[1],[1],[21517],,,EnergyPulseBow,,EnergyPulseBow,1,1,,3,3,0,797,0,12050,1,,1059,1,,11080,3,,,,,,,,,,,,,,,,,,,,,,0.1,,
452,脉冲箭,12292,1162,[2],[1],[21517],,,EnergyPulseArrow,,EnergyPulseArrow,4,1,,3,3,0,797,0,12051,4,,11080,1,,,,,,,,,,,,,,,,,,,,,,,,,0.1,,
453,喷射塞子,12008,1553,[2],[1],[21552],,,PlungerCrossbow,,PlungerCrossbow,1,1,,3,3,0,797,0,11073,6,,12758,6,,12755,3,,11210,3,,,,,,,,,,,,,,,,,,,0.1,,
454,黑龙熔岩球,15519,2554,[2],[1],[21551],,,BlackDragonLavaball,,BlackDragonLavaball,1,1,,3,3,0,797,0,124,1,,11052,1,11064,11211,1,,,,,,,,,,,,,,,,,,,,,,0.1,,
455,混乱召唤球,15520,2555,[3],[1],[21551],,,BlackDragonChaosball,,BlackDragonChaosball,1,1,,3,3,0,797,0,124,2,,11207,1,,11211,2,,,,,,,,,,,,,,,,,,,,,,0.1,,
456,区域复制器,11995,1556,[3],[2],[21570],,,AreaDuplicationBlock,,AreaDuplicationBlock,1,1,,3,3,0,797,0,12758,2,,11210,2,,,,,,,,,,,,,,,,,,,,,,,,,0.1,,
457,蓝图工作台,201009,1557,[2],[2],[21570],,,BlueprintWorkbench,,BlueprintWorkbench,1,1,,3,3,1,797,0,11322,3,,11209,2,,11323,4,,,,,,,,,,,,,,,,,,,,,,0.1,,
458,测距仪,1066,1558,,[6],[21543],,,Diastimeter,,Diastimeter,1,2,,3,3,0,797,0,11664,2,,11207,1,,11209,2,,,,,,,,,,,,,,,,,,,,,,0.1,,
459,雪梅屏风,1136,2559,[1],[4],[21582],,,WintersweetPartition,,WintersweetPartition,1,1,,3,3,1,797,0,632,2,,11323,2,,,,,,,,,,,,,,,,,,,,,,,,,0.1,,
460,红烛灯,1137,2560,[7],[4],[21522],,,RedCandleLantern,,RedCandleLantern,1,1,,3,3,0,797,0,298,1,,11207,3,,,,,,,,,,,,,,,,,,,,,,,,,0.1,,
461,编书台,1143,1561,[4],[2],[21570],,,BookmakingWorkbench,,BookmakingWorkbench,1,1,,3,3,0,797,0,11322,2,,12758,2,,11323,4,,,,,,,,,,,,,,,,,,,,,,0.1,,
462,书架,1144,1562,[30],[4],[21557],,,Bookrack,,Bookrack,1,1,,3,3,1,797,0,11323,6,,,,,,,,,,,,,,,,,,,,,,,,,,,,0.1,,
463,转向车轮,1083,1563,,[6],[21549],,,Wheel,,Wheel,1,1,,3,3,0,797,0,11209,1,,448,2,,,,,,,,,,,,,,,,,,,,,,,,,1,,
464,驾驶座,1084,1564,,[6],[21549],,,DriverSeat,,DriverSeat,1,1,,3,3,0,797,0,11210,2,,11209,3,,11307,2,,,,,,,,,,,,,,,,,,,,,,1,,
465,机械车间,1085,1565,,[6],[21549],,,MachineWorkshop,,MachineWorkshop,1,1,,3,3,0,797,0,11209,3,,11210,3,,12755,3,,,,,,,,,,,,,,,,,,,,,,1,,
466,动力车轮,1087,1566,,[6],[21549],,,PowerWheel,,PowerWheel,1,1,,3,3,0,797,0,11209,1,,448,2,,,,,,,,,,,,,,,,,,,,,,,,,1,,
467,燃料引擎,1089,1567,,[6],[21549],,,FuelEngine,,FuelEngine,1,1,,3,3,0,797,0,11209,3,,12758,3,,12755,4,,,,,,,,,,,,,,,,,,,,,,1,,
468,乘客座,1091,1568,,[6],[21549],,,PassengerSeat,,PassengerSeat,1,1,,3,3,0,797,0,11209,2,,11307,3,,,,,,,,,,,,,,,,,,,,,,,,,1,,
470,物理清除枪,15529,1570,,[6],[21549],,,Physical-propertiesEraseGun,,Physical-propertiesEraseGun,1,1,,3,3,0,797,0,11664,4,,11209,2,,11207,2,,11911,1,,,,,,,,,,,,,,,,,,,1,,
471,篮球衣,12820,1571,[14],[2],[21576],[3],,Basketballjersey,,Basketballjersey,1,1,,3,3,0,797,0,710,6,,11500,1,,11503,1,,,,,,,,,,,,,,,,,,,,,,0.1,,
472,篮球,13425,1572,[15],[2],[21576],[3],,Basketball,,Basketball,1,1,,3,3,0,797,0,11307,3,,710,3,,11500,1,,11515,1,,,,,,,,,,,,,,,,,,,0.1,,
473,连接器,11101,1573,,[6],[21549],,,Connector,,Connector,1,1,,3,3,0,797,0,11210,2,,12758,1,,11073,1,,,,,,,,,,,,,,,,,,,,,,0.1,,
474,动作序列器,1092,1574,,[6],[21549],,,SequenceEditor,,SequenceEditor,1,1,,3,3,0,797,0,11210,2,,12758,1,,11073,2,,,,,,,,,,,,,,,,,,,,,,0.1,,
475,铰链方块,1159,2575,,[6],[21549],,,HingeBlock,,HingeBlock,1,1,,3,3,0,797,0,11664,2,,12758,2,,11073,2,,,,,,,,,,,,,,,,,,,,,,0.1,,
476,机械爪,1160,2576,,[6],[21549],,,Gripper,,Gripper,1,1,,3,3,0,797,0,11664,2,,12758,2,,11073,2,,,,,,,,,,,,,,,,,,,,,,0.1,,
477,液压臂,1161,2577,,[6],[21549],,,HydraulicArm,,HydraulicArm,1,1,,3,3,0,797,0,11664,2,,12758,2,,11073,2,,,,,,,,,,,,,,,,,,,,,,0.1,,
478,避震器,1164,2578,,[6],[21549],,,ShockAbsorber,,ShockAbsorber,1,1,,3,3,0,797,0,11664,2,,12758,3,,448,2,,,,,,,,,,,,,,,,,,,,,,0.1,,
479,红外感应方块,1168,1579,,[6],[21543],,,,,,1,1,,3,3,0,797,0,11664,1,,11207,2,,1032,1,,,,,,,,,,,,,,,,,,,,,,0.1,,
480,光照感应器,1169,1580,,[6],[21543],,,,,,1,1,,3,3,0,797,0,11664,1,,11210,2,,11206,2,,,,,,,,,,,,,,,,,,,,,,0.1,,
481,机翼,1094,1581,,[6],[21549],,,WingBlock,,WingBlock,1,1,,3,3,0,797,0,11209,2,,11207,2,,12758,2,,,,,,,,,,,,,,,,,,,,,,0.1,,
482,尾翼,1095,1582,,[6],[21549],,,Empennage,,Empennage,1,1,,3,3,0,797,0,11209,2,,11207,2,,12758,1,,,,,,,,,,,,,,,,,,,,,,0.1,,
483,航天推进器,1096,1583,,[6],[21549],,,SpacecraftThruster,,SpacecraftThruster,1,1,,3,3,0,797,0,12755,4,,11209,2,,12759,2,,11210,4,,,,,,,,,,,,,,,,,,,0.1,,
484,油箱,1099,1584,,[6],[21549],,,GasTank,,GasTank,1,1,,3,3,0,797,0,11209,2,,,,,,,,,,,,,,,,,,,,,,,,,,,,0.1,,
485,篝火,1200,224,[10],"[0,2]","[21565,21574]",,,Bonfire,,Bonfire,1,1,,3,3,1,797,0,11627,3,,11323,6,,,,,,,,,,,,,,,,,,,,,,,,,0.1,,
486,石碑,1201,1586,[1],[4],[21582],,,,,,1,1,,3,3,1,797,0,104,6,,,,,,,,,,,,,,,,,,,,,,,,,,,,0.1,,
487,急救包,12594,1587,[2],[1],[21519],,,Bandage,,Bandage,1,1,,3,3,1,797,1,12732,1,,12626,2,,,,,,,,,,,,,,,,,,,,,,,,,0.1,,
488,部落图腾,1202,1588,[2],[2],[21575],,,,,,1,1,,3,3,0,797,0,11911,1,,104,2,,12758,2,,,,,,,,,,,,,,,,,,,,,,0.1,,
489,农夫旗帜,1203,1589,[4],[2],[21575],,,,,,1,1,,3,3,1,797,0,11307,2,,12758,1,,11323,2,,,,,,,,,,,,,,,,,,,,,,0.1,,
490,樵夫旗帜,1204,1590,[5],[2],[21575],,,,,,1,1,,3,3,1,797,0,11307,2,,12758,1,,11323,2,,,,,,,,,,,,,,,,,,,,,,0.1,,
491,守卫旗帜,1205,1591,[6],[2],[21575],,,,,,1,1,,3,3,1,797,0,11307,2,,12758,1,,11323,2,,,,,,,,,,,,,,,,,,,,,,0.1,,
492,养殖旗帜,201017,1591,[7],[2],[21575],,,,,,1,1,,3,3,1,797,0,11307,2,,12758,1,,11323,2,,,,,,,,,,,,,,,,,,,,,,0.1,,
493,巫术棒锤,12599,1592,[1],[2],[21575],,,BoneHammer,,BoneHammer,1,1,,3,3,1,797,0,11580,1,,11323,4,,12758,2,,,,,,,,,,,,,,,,,,,,,,0.1,,
494,平凡法杖,11580,1171,[7],[1],[21518],[2],1,NormalStaff,,NormalStaff,1,1,,3,3,0,797,0,11209,3,,11323,3,,11911,1,,,,,,,,,,,,,,,,,,,,,,0.1,,
495,炽烈法杖,11581,1172,[1],[1],[21518],[2],1,FireStaff,,FireStaff,1,1,,3,3,0,797,0,11580,1,,11211,3,,132,1,,,,,,,,,,,,,,,,,,,,,,0.1,,
496,雷电法杖,11582,1173,[2],[1],[21518],[2],1,LightingStaff,,LightingStaff,1,1,,3,3,0,797,0,11580,1,,11601,1,,11593,3,,,,,,,,,,,,,,,,,,,,,,0.1,,
497,淬毒法杖,11583,1174,[3],[1],[21518],[2],1,PoisonStaff,,PoisonStaff,1,1,,3,3,0,797,0,11580,1,,12611,1,,11634,3,,,,,,,,,,,,,,,,,,,,,,0.1,,
498,复苏法杖,11584,1175,[4],[1],[21518],[2],1,RecoverStaff,,RecoverStaff,1,1,,3,3,0,797,0,11580,1,,11655,2,,11640,1,,,,,,,,,,,,,,,,,,,,,,0.1,,
499,柠檬黄木板,375,1598,[5],[4],[21544],[5],1,YellowPlank,,YellowPlank,4,1,,3,3,0,797,0,11323,4,,11540,1,,,,,,,,,,,,,,,,,,,,,,,,,0.1,,
500,柠檬黄楼梯,376,1599,[8],[4],[21586],[5],1,YellowStair,,YellowStair,4,1,,3,3,0,797,0,11323,2,,11540,1,,,,,,,,,,,,,,,,,,,,,,,,,0.1,,
501,柠檬黄薄板,377,1600,[30],[4],[128],[5],1,YellowStep,,YellowStep,4,1,,3,3,0,797,0,11323,1,,11540,1,,,,,,,,,,,,,,,,,,,,,,,,,0.1,,
502,花纹细柱,390,1601,[1],[4],[21582],[6],1,PatternedPillar,,PatternedPillar,4,1,,3,3,0,797,0,104,1,,11210,2,,,,,,,,,,,,,,,,,,,,,,,,,0.1,,
503,豹纹睡袋,582,1602,[2],[4],[21532],[3],1,LeopardSleepingBag,,LeopardSleepingBag,1,1,,3,3,0,797,0,11602,2,,11226,4,,,,,,,,,,,,,,,,,,,,,,,,,0.1,,
504,野人面具,12246,1258,[10],[2],[21575],,1,,,,1,1,,3,3,0,797,0,11307,3,,11593,3,,,,,,,,,,,,,,,,,,,,,,,,,0.1,,
505,蛇神之翼,11591,1259,[11],[1],[21566],[2],1,SnakeWings,,SnakeWings,1,1,,3,3,0,797,0,11594,9,,11307,6,,11593,6,,,,,,,,,,,,,,,,,,,,,,0.1,,
506,回旋镖,11592,1606,[3],[1],[21552],[3],1,Boomerang,,Boomerang,1,1,,3,3,0,797,0,11593,2,,11209,5,,,,,,,,,,,,,,,,,,,,,,,,,0.1,,
507,星光香蕉,11600,1607,,[1],[21519],,,,,,1,1,,3,3,0,797,0,11599,1,,11596,3,,,,,,,,,,,,,,,,,,,,,,,,,0.1,,
508,草木灰方块,398,1608,[10],[2],[21573],,,AshBlock,,AshBlock,1,1,,3,3,0,797,0,11598,6,,,,,,,,,,,,,,,,,,,,,,,,,,,,0.1,,
510,雨林之眼,11597,1610,[9],[0],[21585],,,,,,1,1,,3,3,0,797,0,11601,3,,11330,1,,,,,,,,,,,,,,,,,,,,,,,,,0.1,,
511,春节窗花-牛,1145,2611,[4],[4],[21579],,,SpringFestivalPattern-Ox,,SpringFestivalPattern-Ox,3,1,,3,3,0,797,0,11322,6,,11514,1,,,,,,,,,,,,,,,,,,,,,,,,,1,,
512,铜薄板,749,1613,[30],[4],[128],[5],,BrassStep,,BrassStep,1,1,,3,3,0,797,0,11329,2,,,,,,,,,,,,,,,,,,,,,,,,,,,,0.1,,
513,铁制薄板,750,1614,[30],[4],[128],[5],,MithsilverStep,,MithsilverStep,1,1,,3,3,0,797,0,11209,2,,,,,,,,,,,,,,,,,,,,,,,,,,,,0.1,,
514,炽炎薄板,751,1615,[30],[4],[128],[5],,FlameCrystalStep,,FlameCrystalStep,1,1,,3,3,0,797,0,11207,2,,,,,,,,,,,,,,,,,,,,,,,,,,,,0.1,,
515,钛合金薄板,752,1616,[30],[4],[128],[5],,TitaniumStep,,TitaniumStep,1,1,,3,3,0,797,0,11330,2,,,,,,,,,,,,,,,,,,,,,,,,,,,,0.1,,
516,铜楼梯,753,1617,[8],[4],[21586],[5],,BrassStair,,BrassStair,1,1,,3,3,0,797,0,11329,4,,,,,,,,,,,,,,,,,,,,,,,,,,,,0.1,,
517,铁制楼梯,754,1618,[8],[4],[21586],[5],,MithsilverStair,,MithsilverStair,1,1,,3,3,0,797,0,11209,4,,,,,,,,,,,,,,,,,,,,,,,,,,,,0.1,,
518,炽炎楼梯,755,1619,[8],[4],[21586],[5],,FlameCrystalStair,,FlameCrystalStair,1,1,,3,3,0,797,0,11207,4,,,,,,,,,,,,,,,,,,,,,,,,,,,,0.1,,
519,钛合金楼梯,756,1620,[8],[4],[21586],[5],,TitaniumStair,,TitaniumStair,1,1,,3,3,0,797,0,11330,4,,,,,,,,,,,,,,,,,,,,,,,,,,,,0.1,,
520,花冠,11228,1260,[42],[1],[21566],[3],,Wreath,,Wreath,1,1,,3,3,1,797,0,12732,3,,,,,,,,,,,,,,,,,,,,,,,,,,,,0.1,,
523,钛粉,11533,1626,[2],[2],[21525],[4],,TitaniumDioxide,,TitaniumDioxide,8,1,,3,3,0,797,0,11330,1,,,,,,,,,,,,,,,,,,,,,,,,,,,,0.1,,
524,巨鳞羽果片,12508,1627,,[1],[21519],,,GiantScalyFruitSlice,,GiantScalyFruitSlice,5,1,,3,3,0,797,0,239,1,,,,,,,,,,,,,,,,,,,,,,,,,,,,0.1,,
525,笋尖串串香,11229,1628,[1],"[7,8]",,[1],,EarthenShootsSkewers,,EarthenShootsSkewers,1,0,,3,3,0,794,300,226,1,,226,1,,12052,1,,,,,,,,,,,,,,,,,,,,,,0.1,,
527,尖尖碰碰锤,11230,1106,[9],[1],[21568],[2],,CactusHammer,,CactusHammer,1,1,,3,3,0,797,0,12001,1,,242,2,,,,,,,,,,,,,,,,,,,,,,,,,0.1,,
528,玉米粉,344,1632,[6],[2],[21573],[1],,Cornmeal,,Cornmeal,1,1,,3,3,0,797,20,200141,1,,,,,,,,,,,,,,,,,,,,,,,,,,,,0.1,,
531,坩埚,11064,1635,[14],[2],[21571],[3],,Copple,,Copple,1,1,,3,3,1,797,0,12755,3,,11210,1,,,,,,,,,,,,,,,,,,,,,,,,,0.1,,
532,星站,150902,1637,[8],[0],[21585],,,,,,1,1,,3,3,0,797,0,352,1,,150739,1,,11330,3,,,,,,,,,,,,,,,,,,,,,,0.1,,
533,传送舱,150901,1638,,[6],[21549],,,,,,1,1,,3,3,0,797,0,11330,3,,11210,3,,,,,,,,,,,,,,,,,,,,,,,,,0.1,,
534,石制创造锤,11613,214,[11],[2],[21575],,1,,,,1,1,,3,3,0,797,0,104,3,,11323,2,,,,,,,,,,,,,,,,,,,,,,,,,0.1,,
535,黄铜创造锤,11614,213,[12],[2],[21575],,1,,,,1,1,,3,3,0,797,0,11329,3,,11323,2,,,,,,,,,,,,,,,,,,,,,,,,,0.1,,
536,铁制创造锤,11615,212,[13],[2],[21575],,1,,,,1,1,,3,3,0,797,0,11209,3,,11323,2,,,,,,,,,,,,,,,,,,,,,,,,,0.1,,
537,钛金创造锤,11616,211,[14],[2],[21575],,1,,,,1,1,,3,3,0,797,0,11330,3,,11323,4,,,,,,,,,,,,,,,,,,,,,,,,,0.1,,
538,收割者,12009,1107,[6],[1],[21568],,,Reaper,,Reaper,1,1,,3,3,1,797,0,11330,5,,11323,2,,,,,,,,,,,,,,,,,,,,,,,,,0.1,,
539,钛金战锤,12010,1108,[5],[1],[21568],,,TitaniumHammer,,TitaniumHammer,1,1,,3,3,1,797,0,11330,5,,11323,2,,,,,,,,,,,,,,,,,,,,,,,,,0.1,,
540,黄铜头盔,12216,1205,[33],[1],[21566],,,BrassHelmet,,BrassHelmet,1,1,,3,3,0,797,0,11329,5,,11307,2,,,,,,,,,,,,,,,,,,,,,,,,,0.1,,
541,黄铜胸甲,12217,1206,[34],[1],[21566],,,BrassArmor,,BrassArmor,1,1,,3,3,0,797,0,11329,5,,11307,2,,,,,,,,,,,,,,,,,,,,,,,,,0.1,,
542,黄铜护腿,12218,1207,[35],[1],[21566],,,BrassGreave,,BrassGreave,1,1,,3,3,0,797,0,11329,5,,11307,2,,,,,,,,,,,,,,,,,,,,,,,,,0.1,,
543,黄铜靴子,12219,1208,[36],[1],[21566],,,BrassBoots,,BrassBoots,1,1,,3,3,0,797,0,11329,5,,11307,2,,,,,,,,,,,,,,,,,,,,,,,,,0.1,,
544,樱桃树种子,11405,1649,[10],[2],[21573],,,,,,1,4,,3,3,0,797,0,12500,1,,,,,,,,,,,,,,,,,,,,,,,,,,,,0.1,,
545,落叶松树种子,11406,1650,[10],[2],[21573],,,,,,1,4,,3,3,0,797,0,12503,1,,,,,,,,,,,,,,,,,,,,,,,,,,,,0.1,,
546,乔木种子,11407,1651,[10],[2],[21573],,,,,,1,4,,3,3,0,797,0,378,1,,,,,,,,,,,,,,,,,,,,,,,,,,,,0.1,,
547,珍木种子,11408,1652,[10],[2],[21573],,,,,,1,4,,3,3,0,797,0,12583,1,,,,,,,,,,,,,,,,,,,,,,,,,,,,0.1,,
548,桃树种子,11409,1653,[10],[2],[21573],,,,,,1,4,,3,3,0,797,0,12601,1,,,,,,,,,,,,,,,,,,,,,,,,,,,,0.1,,
549,白杨种子,11410,1654,[10],[2],[21573],,,,,,1,4,,3,3,0,797,0,12604,1,,,,,,,,,,,,,,,,,,,,,,,,,,,,0.1,,
550,核桃木种子,11411,1655,[10],[2],[21573],,,,,,1,4,,3,3,0,797,0,12603,1,,,,,,,,,,,,,,,,,,,,,,,,,,,,0.1,,
551,红杉树种子,11412,1656,[10],[2],[21573],,,,,,1,4,,3,3,0,797,0,12602,1,,,,,,,,,,,,,,,,,,,,,,,,,,,,0.1,,
553,石锅,200108,226,,[2],[21574],,1,StonePot,,StonePot,1,1,,3,3,0,797,0,11627,6,,,,,,,,,,,,,,,,,,,,,,,,,,,,0.1,,
554,烹饪台,200109,225,,[2],[21574],,1,MithsilverPot,,MithsilverPot,1,1,,3,3,0,797,0,11209,5,,632,2,,11323,4,,,,,,,,,,,,,,,,,,,,,,0.1,,
555,铁冶炼台,798,221,[1],[2],[21598],,1,MithsilverFurnace,,MithsilverFurnace,1,1,,3,3,0,797,0,11209,6,,,,,,,,,,,,,,,,,,,,,,,,,,,,0.1,,
556,铜冶炼台,799,222,[2],[2],[21598],,1,BrassFurnace,,BrassFurnace,1,1,,3,3,0,797,0,11329,6,,,,,,,,,,,,,,,,,,,,,,,,,,,,0.1,,
557,大型储物箱（横）,1180,251,[5],[4],[21578],,,StorageBox,,StorageBox,1,1,,3,3,1,797,0,11323,10,,,,,,,,,,,,,,,,,,,,,,,,,,,,0.1,,
558,大型储物箱（竖）,1181,252,[6],[4],[21578],,,StorageBox,,StorageBox,1,1,,3,3,1,797,0,11323,10,,,,,,,,,,,,,,,,,,,,,,,,,,,,0.1,,
559,冰晶蕨种子,11666,1657,[10],[2],[21573],,,IceCrystalFernSeed,,IceCrystalFernSeed,2,4,,3,3,0,797,0,150012,1,,,,,,,,,,,,,,,,,,,,,,,,,,,,0.1,,
560,坚固冰棱,31,223,[1],[4],[21582],,,HardIcicle,,HardIcicle,1,1,,3,3,0,797,0,123,2,,,,,,,,,,,,,,,,,,,,,,,,,,,,0.1,,
561,脆冰棱,32,223,[1],[4],[21582],,,WeakIcicle,,WeakIcicle,1,1,,3,3,0,797,0,123,1,,,,,,,,,,,,,,,,,,,,,,,,,,,,0.1,,
563,霜火石块,35,223,[5],[4],[21544],,,IceCrystalBlock,,IceCrystalBlock,1,1,,3,3,0,797,0,11824,8,,,,,,,,,,,,,,,,,,,,,,,,,,,,0.1,,
564,冰魄法杖,11667,1181,[5],[1],[21518],,,IceStaff,,IceStaff,1,1,,3,3,0,797,0,11580,1,,11824,1,,12710,3,,,,,,,,,,,,,,,,,,,,,,0.1,,
565,寒光棒,150013,223,[30],[4],[21522],,,ColdLightTorch,,ColdLightTorch,4,1,,3,3,1,797,0,11824,1,,11323,1,,,,,,,,,,,,,,,,,,,,,,,,,0.1,,
566,冰雾瓶,11672,223,,[1],[21567],,,IceFogBottle,,IceFogBottle,1,1,,3,3,0,797,0,150009,2,,11824,1,,11320,1,,,,,,,,,,,,,,,,,,,,,,0.1,,
567,灌木丛种子,11825,223,[10],[2],[21573],,,BushSeed,,BushSeed,2,4,,3,3,0,797,0,392,1,,,,,,,,,,,,,,,,,,,,,,,,,,,,0.1,,
568,灌木丛种子,11825,223,[10],[2],[21573],,,BushSeed,,BushSeed,2,4,,3,3,0,797,0,763,1,,,,,,,,,,,,,,,,,,,,,,,,,,,,0.1,,
569,冬温花种子,760,223,[10],[2],[21573],,,WinterFlowerSeed,,WinterFlowerSeed,2,4,,3,3,0,797,0,761,1,,,,,,,,,,,,,,,,,,,,,,,,,,,,0.1,,
570,石料,11627,10,"[7,1]","[0,2]","[21565,21577]",,,,,,2,1,,3,3,0,11000,0,104,1,,,,,,,,,,,,,,,,,,,,,,,,,,,,0.1,,
572,草饲料,11534,233,[5],[2],[21521],,1,,,,1,1,,2,2,1,797,0,12621,1,,,,,,,,,,,,,,,,,,,,,,,,,,,,0.1,,
573,肉饲料,11535,234,[6],[2],[21521],,1,,,,1,1,,2,2,1,797,0,12513,1,,,,,,,,,,,,,,,,,,,,,,,,,,,,0.1,,
575,石制雕像,596,7,[21],[0],[21565],"[1,5]",,StoneStatue,,StoneStatue,1,1,,3,3,0,11000,0,11627,6,,,,,,,,,,,,,,,,,,,,,,,,,,,,0.1,,
577,饲料槽,1753,232,[7],[2],[21521],,,,,,1,1,,3,3,1,797,0,11323,6,,,,,,,,,,,,,,,,,,,,,,,,,,,,0.1,,
578,石柱,1755,1685,[1],[4],[21582],,,,,,2,1,,1,1,0,797,0,104,1,,,,,,,,,,,,,,,,,,,,,,,,,,,,0.1,,
579,柱顶,1756,1686,[1],[4],[21582],,,,,,2,1,,1,1,0,797,0,104,1,,,,,,,,,,,,,,,,,,,,,,,,,,,,0.1,,
580,防寒披风,12279,1261,[30],[1],[21566],,,Cotton-encrustedCloak,,Cotton-encrustedCloak,1,1,,3,3,0,797,0,761,3,,12623,3,,12205,1,,,,,,,,,,,,,,,,,,,,,,0.1,,
581,氧气面罩,12276,1262,[4],[2],[21572],,,,,,1,1,,3,3,0,797,0,12278,1,,12600,2,,,,,,,,,,,,,,,,,,,,,,,,,0.1,,
582,防火背包,12277,1263,[10],[1],[21566],,,,,,1,1,,3,3,0,797,0,12605,1,,11307,2,,11207,2,,,,,,,,,,,,,,,,,,,,,,0.1,,
583,黄铜块,456,1690,[5],[4],[21544],,,BrassBlock,,BrassBlock,1,1,,3,3,0,797,0,11329,8,,,,,,,,,,,,,,,,,,,,,,,,,,,,0.1,,
584,钛合金块,457,1691,[2],"[0,4]","[21585,21544]",,,TitaniumBlock,,TitaniumBlock,1,1,,3,3,0,797,0,11330,8,,,,,,,,,,,,,,,,,,,,,,,,,,,,0.1,,
585,棉花树种子,11419,1693,[10],[2],[21573],,,,,,2,4,,3,3,0,797,0,12600,1,,,,,,,,,,,,,,,,,,,,,,,,,,,,0.1,,
586,小沙包,12054,1694,,[1],[21551],[3],,SnowBall,,SnowBall,3,1,,3,3,1,797,0,29,1,,11307,1,,,,,,,,,,,,,,,,,,,,,,,,,0.1,,
587,钛棒,11330,1695,[19],[2],[21577],,,Titanium,,Titanium,8,1,,3,3,0,797,0,457,1,,,,,,,,,,,,,,,,,,,,,,,,,,,,0.1,,
588,铜棒,11329,1696,[22],[2],[21577],,,Brass,,Brass,8,1,,3,3,0,797,0,456,1,,,,,,,,,,,,,,,,,,,,,,,,,,,,0.1,,
589,弦月魔法棒,12301,1109,[9],[1],[21552],,,,,,1,1,,3,3,0,797,0,11330,1,,11504,1,,,,,,,,,,,,,,,,,,,,,,,,,0.1,,
590,星翼魔法棒（蓝）,12302,1110,[10],[1],[21552],,,,,,1,1,,3,3,0,797,0,11330,1,,11532,1,,,,,,,,,,,,,,,,,,,,,,,,,0.1,,
591,星翼魔法棒（红）,12303,1111,[11],[1],[21552],,,,,,1,1,,3,3,0,797,0,11330,1,,11514,1,,,,,,,,,,,,,,,,,,,,,,,,,0.1,,
592,魔仙剑,12304,1112,[12],[1],[21552],,,,,,1,1,,3,3,1,797,0,11330,2,,11323,1,,11503,1,,,,,,,,,,,,,,,,,,,,,,0.1,,
593,公主魔法绘本,12305,1113,[13],[1],[21552],,,,,,1,1,,3,3,0,797,0,11330,1,,12240,1,,,,,,,,,,,,,,,,,,,,,,,,,0.1,,
594,魔法调色盘（红）,12306,1114,[14],[1],[21552],,,,,,1,1,,3,3,0,797,0,11330,1,,11514,1,,,,,,,,,,,,,,,,,,,,,,,,,0.1,,
595,魔法调色盘（黄）,12307,1115,[15],[1],[21552],,,,,,1,1,,3,3,0,797,0,11330,1,,11504,1,,,,,,,,,,,,,,,,,,,,,,,,,0.1,,
596,庆典花灯,1146,1705,[7],[4],[21522],,,FestivalLantern,,FestivalLantern,1,1,,3,3,1,797,0,11902,5,,11323,2,,,,,,,,,,,,,,,,,,,,,,,,,0.1,,
597,二胡,11900,1706,[1],[2],[21576],,,,,,1,1,,3,3,1,797,0,11323,4,,710,4,,11329,1,,,,,,,,,,,,,,,,,,,,,,0.1,,
598,古筝,11905,1707,[2],[2],[21576],,,,,,1,1,,3,3,1,797,0,11323,8,,710,6,,,,,,,,,,,,,,,,,,,,,,,,,0.1,,
599,唢呐,11906,1708,[3],[2],[21576],,,,,,1,1,,3,3,1,797,0,11329,4,,11323,3,,,,,,,,,,,,,,,,,,,,,,,,,0.1,,
600,琵琶,11907,1709,[4],[2],[21576],,,,,,1,1,,3,3,1,797,0,710,5,,11323,5,,,,,,,,,,,,,,,,,,,,,,,,,0.1,,
601,笛子,11908,1710,[5],[2],[21576],,,,,,1,1,,3,3,1,797,0,251,3,,11329,1,,,,,,,,,,,,,,,,,,,,,,,,,0.1,,
602,鼓,11909,1711,[6],[2],[21576],,,,,,1,1,,3,3,1,797,0,11323,5,,11307,5,,11329,2,,,,,,,,,,,,,,,,,,,,,,0.1,,
603,春节窗花-虎,1147,1712,[4],[4],[21579],,,SpringFestivalPattern-Tiger,,SpringFestivalPattern-Tiger,3,1,,3,3,0,797,0,11322,6,,11514,1,,,,,,,,,,,,,,,,,,,,,,,,,1,,
604,解毒粉包,11631,1717,,[1],[21567],,,DetoxifyingPowderPack,,DetoxifyingPowderPack,1,1,,3,3,0,797,0,11322,2,,11306,1,,12611,1,,,,,,,,,,,,,,,,,,,,,,0.1,,
605,星能展台,1184,1718,[30],"[4,6]","[21557,21543]",,,,,,1,2,,3,3,0,797,0,11664,4,,11207,1,,11210,2,,,,,,,,,,,,,,,,,,,,,,0.1,,
606,帐篷,484,1719,[4],[4],[21532],,,Shelter,,Shelter,1,1,,3,3,1,797,0,11323,6,,11307,3,,,,,,,,,,,,,,,,,,,,,,,,,0.1,,
607,熔化剂,11637,1720,,[1],[21551],,,Liquefier,,Liquefier,1,1,,3,3,0,797,0,11635,1,,11049,1,,12612,2,,,,,,,,,,,,,,,,,,,,,,0.1,,
608,椰子炮弹,11424,1722,,[1],[21567],,,CoconutBoom,,CoconutBoom,1,1,,3,3,0,797,0,297,1,,11306,2,,,,,,,,,,,,,,,,,,,,,,,,,0.1,,
609,剧毒瓶,11630,1723,,[1],[21551],,,HighlyVenomBottle,,HighlyVenomBottle,1,1,,3,3,0,797,0,11634,2,,11320,1,,,,,,,,,,,,,,,,,,,,,,,,,0.1,,
610,仙人掌种子,11420,1724,[10],[2],[21573],,,,,,1,4,,3,3,0,797,0,12613,1,,,,,,,,,,,,,,,,,,,,,,,,,,,,0.1,,
611,音爆罐子,11638,1725,,[1],[21567],,,SonicExplosiveJar,,SonicExplosiveJar,1,1,,3,3,0,797,0,11073,2,,11306,1,,,,,,,,,,,,,,,,,,,,,,,,,0.1,,
612,召唤法杖,11585,1176,[6],[1],[21518],,,SummonStaff,,SummonStaff,1,1,,3,3,0,797,0,11580,1,,11635,3,,11575,1,,,,,,,,,,,,,,,,,,,,,,0.1,,
613,蝎壳盾,12309,1116,[10],[1],[21568],,,ScorpionShellShield,,ScorpionShellShield,1,1,,3,3,0,797,0,11632,2,,12319,1,,,,,,,,,,,,,,,,,,,,,,,,,0.1,,
614,蝎刺盾,12310,1117,[11],[1],[21568],,,ScorpionSpineShield,,ScorpionSpineShield,1,1,,3,3,0,797,0,11633,2,,12319,1,,,,,,,,,,,,,,,,,,,,,,,,,0.1,,
615,沙石柱,599,1729,[1],[4],[21582],,,SandStoneWall,,SandStoneWall,4,1,,3,3,1,797,0,29,2,,19,1,,,,,,,,,,,,,,,,,,,,,,,,,0.1,,
616,防沙披风,11639,1264,[31],[1],[21566],,,SandCloak,,SandCloak,1,1,,3,3,0,797,0,480,4,,12205,1,,11635,1,,,,,,,,,,,,,,,,,,,,,,0.1,,
617,煎鸵鸟蛋,12609,1731,[1],"[7,8]",,,,RoastedOstrichEggs,,RoastedOstrichEggs,1,0,,3,3,0,794,300,462,1,,,,,,,,,,,,,,,,,,,,,,,,,,,,0.1,,
618,符文附魔台,785,1,[1],[2],[21599],,,FuseTable,,FuseTable,1,1,,3,3,0,797,0,104,6,,11209,3,,,,,,,,,,,,,,,,,,,,,,,,,0.1,,
619,星能振荡器,1182,1733,,[6],[21543],,,,,,2,1,,3,3,0,797,0,11664,1,,11210,3,,12758,1,,,,,,,,,,,,,,,,,,,,,,0.1,,
620,止血药剂,12606,1735,,[1],[21519],,,,,,1,1,,3,3,0,797,0,12610,1,,11049,1,,,,,,,,,,,,,,,,,,,,,,,,,0.1,,
621,透明硬质玻璃块,1206,1800,[2],[4],[21541],,,HardGlass,,HardGlass,10,1,,3,3,0,797,0,11305,10,,12614,1,,,,,,,,,,,,,,,,,,,,,,,,,0.1,,
622,水压炮,11649,1163,[6],[1],[21552],,,,,,1,1,,3,3,0,797,0,12719,3,,11209,3,,1048,1,,,,,,,,,,,,,,,,,,,,,,0.1,,
623,海灵变身石,11641,1818,[7],[1],[21552],,,,,,1,1,,3,3,0,797,0,11640,3,,11655,1,,,,,,,,,,,,,,,,,,,,,,,,,0.1,,
624,潜水面罩,11642,1265,[6],[2],[21572],,,,,,1,1,,3,3,0,797,0,632,2,,11329,2,,11318,2,,,,,,,,,,,,,,,,,,,,,,0.1,,
625,潜水服,11643,1266,[7],[2],[21572],,,,,,1,1,,3,3,0,797,0,11307,4,,11329,4,,11319,2,,,,,,,,,,,,,,,,,,,,,,0.1,,
626,潜水脚蹼,11644,1267,[8],[2],[21572],,,,,,1,1,,3,3,0,797,0,11307,4,,11329,2,,12064,2,,,,,,,,,,,,,,,,,,,,,,0.1,,
627,高级潜水面罩,11645,1268,[9],[2],[21572],,,,,,1,1,,3,3,0,797,0,1206,2,,11656,2,,11209,2,,,,,,,,,,,,,,,,,,,,,,0.1,,
628,高级潜水服,11646,1269,[10],[2],[21572],,,,,,1,1,,3,3,0,797,0,12066,2,,12614,4,,11319,2,,,,,,,,,,,,,,,,,,,,,,0.1,,
629,高级潜水脚蹼,11647,1270,[11],[2],[21572],,,,,,1,1,,3,3,0,797,0,11307,4,,12614,2,,12064,2,,,,,,,,,,,,,,,,,,,,,,0.1,,
630,幸运花冠,11650,1271,[32],[1],[21566],[2],,WreathPro,,WreathPro,1,1,,3,3,0,797,0,11655,2,,11228,1,,1186,1,,,,,,,,,,,,,,,,,,,,,,0.1,,
631,普通鱼竿,12721,1301,,[2],[21556],,,,,,1,1,,3,3,0,797,0,11323,2,,710,5,,11329,1,,,,,,,,,,,,,,,,,,,,,,0.1,,
632,角珊瑚鱼竿,12722,1302,,[2],[21556],,,,,,1,1,,3,3,0,797,0,12721,1,,486,1,,,,,,,,,,,,,,,,,,,,,,,,,0.1,,
633,气泡珊瑚鱼竿,12723,1303,,[2],[21556],,,,,,1,1,,3,3,0,797,0,12721,1,,488,1,,,,,,,,,,,,,,,,,,,,,,,,,0.1,,
634,圆盘珊瑚鱼竿,12724,1304,,[2],[21556],,,,,,1,1,,3,3,0,797,0,12721,1,,490,1,,,,,,,,,,,,,,,,,,,,,,,,,0.1,,
635,树珊瑚鱼竿,12725,1305,,[2],[21556],,,,,,1,1,,3,3,0,797,0,12721,1,,492,1,,,,,,,,,,,,,,,,,,,,,,,,,0.1,,
636,贝壳床,1223,1831,[5],[4],[21532],,,,,,1,1,,3,3,1,797,0,346,1,,11307,5,,11655,1,,,,,,,,,,,,,,,,,,,,,,0.1,,
637,贝壳沙发,1224,1832,[3],[4],[21579],,,,,,1,1,,3,3,1,797,0,346,1,,11307,5,,11323,4,,,,,,,,,,,,,,,,,,,,,,0.1,,
638,贝壳桌子,1225,1833,[3],[4],[21579],,,,,,1,1,,3,3,1,797,0,346,1,,11323,4,,,,,,,,,,,,,,,,,,,,,,,,,0.1,,
639,贝壳椅子,1226,1834,[3],[4],[21579],,,,,,1,1,,3,3,1,797,0,346,1,,11307,3,,11323,4,,,,,,,,,,,,,,,,,,,,,,0.1,,
640,珊瑚门,1227,1835,[7],[4],[21533],,,,,,1,1,,3,3,1,797,0,486,5,,11323,3,,,,,,,,,,,,,,,,,,,,,,,,,0.1,,
641,贝壳门,1228,1836,[7],[4],[21533],,,,,,1,1,,3,3,1,797,0,346,1,,11323,3,,,,,,,,,,,,,,,,,,,,,,,,,0.1,,
642,珊瑚窗,1229,1837,[3],[4],[21579],,,,,,1,1,,3,3,1,797,0,486,2,,649,1,,11323,2,,,,,,,,,,,,,,,,,,,,,,0.1,,
643,贝壳窗,1230,1838,[3],[4],[21579],,,,,,1,1,,3,3,1,797,0,346,1,,649,1,,11323,2,,,,,,,,,,,,,,,,,,,,,,0.1,,
644,海洋储物柜,1231,1839,[1],[4],[21584],,,,,,1,1,,3,3,1,797,0,486,2,,346,1,,11323,5,,,,,,,,,,,,,,,,,,,,,,0.1,,
645,海洋屏风,1232,1840,[1],[4],[21582],,,,,,1,1,,3,3,1,797,0,486,2,,346,1,,11323,2,,,,,,,,,,,,,,,,,,,,,,0.1,,
646,贝壳楼梯,1233,1841,[8],[4],[21586],,,,,,4,1,,3,3,1,797,0,346,1,,11210,2,,,,,,,,,,,,,,,,,,,,,,,,,0.1,,
647,海洋衣柜,1234,1842,[1],[4],[21584],,,,,,1,1,,3,3,1,797,0,486,2,,346,1,,11323,5,,,,,,,,,,,,,,,,,,,,,,0.1,,
648,海洋落地灯,1235,1843,[7],[4],[21522],,,,,,1,1,,3,3,1,797,0,486,5,,346,1,,11655,1,,11318,1,,,,,,,,,,,,,,,,,,,0.1,,
649,海洋吊灯,1236,1844,[7],[4],[21522],,,,,,1,1,,3,3,1,797,0,346,1,,11655,1,,11318,1,,492,2,,,,,,,,,,,,,,,,,,,0.1,,
650,贝壳台灯,1237,1845,[7],[4],[21522],,,,,,1,1,,3,3,1,797,0,346,1,,11655,1,,11318,1,,,,,,,,,,,,,,,,,,,,,,0.1,,
651,海洋大花盆,1238,1846,[1],[4],[21582],,,,,,1,1,,3,3,1,797,0,486,1,,346,1,,12756,3,,,,,,,,,,,,,,,,,,,,,,0.1,,
652,珊瑚围栏,1239,1847,[7],[4],"[21534,21533]",,,,,,1,1,,3,3,1,797,0,486,5,,11323,2,,,,,,,,,,,,,,,,,,,,,,,,,0.1,,
653,珊瑚围栏门,1240,1848,[7],[4],"[21534,21533]",,,,,,1,1,,3,3,1,797,0,486,5,,11323,2,,,,,,,,,,,,,,,,,,,,,,,,,0.1,,
654,贝壳围栏,1241,1849,[7],[4],"[21534,21533]",,,,,,1,1,,3,3,1,797,0,346,1,,11323,2,,,,,,,,,,,,,,,,,,,,,,,,,0.1,,
655,贝壳围栏门,1242,1850,[7],[4],"[21534,21533]",,,,,,1,1,,3,3,1,797,0,346,1,,11323,2,,,,,,,,,,,,,,,,,,,,,,,,,0.1,,
656,贝壳风铃,1243,1851,[3],[4],[21579],,,,,,1,1,,3,3,1,797,0,346,1,,710,5,,,,,,,,,,,,,,,,,,,,,,,,,0.1,,
657,船舵,1188,1852,,[6],[21549],,,,,,1,1,,3,3,1,797,0,11323,6,,11209,3,,,,,,,,,,,,,,,,,,,,,,,,,0.1,,
658,螺旋推进器,1189,1853,,[6],[21549],,,,,,1,1,,3,3,0,797,0,11329,4,,11209,2,,,,,,,,,,,,,,,,,,,,,,,,,0.1,,
659,浮桶,1190,1854,,[6],[21549],,,,,,1,1,,3,3,1,797,0,11323,2,,11209,1,,,,,,,,,,,,,,,,,,,,,,,,,0.1,,
660,晒肉架,1192,1855,,[2],[21574],,,,,,1,1,,3,3,1,797,0,11323,3,,710,2,,,,,,,,,,,,,,,,,,,,,,,,,0.1,,
661,魔鬼鱼叉,12063,1118,[12],[1],[21568],"[1,2]",,MantaSpear,,MantaSpear,1,1,,3,3,1,797,0,11209,3,,11323,3,,12067,1,,,,,,,,,,,,,,,,,,,,,,0.1,,
662,鲨鱼弓,12061,1163,[5],[1],[21517],"[1,2]",,SharkBow,,SharkBow,1,1,,3,3,0,797,0,11330,5,,,,,710,5,,12065,1,,,,,,,,,,,,,,,,,,,0.1,,
663,海洋箭,12062,1164,[6],[1],[21517],"[1,2]",,SeaArrow,,SeaArrow,4,1,,3,3,1,797,0,11329,1,,11323,2,,11303,1,,,,,,,,,,,,,,,,,,,,,,0.1,,
664,珊瑚虫,11915,1859,[10],[2],[21573],,,,,,2,1,,3,3,1,797,0,486,1,,,,,,,,,,,,,,,,,,,,,,,,,,,,0.1,,
665,彼岸种子,1194,1860,[10],[2],[21573],,,,,,2,4,,3,3,0,797,0,11654,1,,,,,,,,,,,,,,,,,,,,,,,,,,,,0.1,,
666,彼岸种子,1194,1861,[10],[2],[21573],,,,,,2,4,,3,3,0,797,0,1186,1,,,,,,,,,,,,,,,,,,,,,,,,,,,,0.1,,
667,星球岩竖薄板,152,1862,[9],[4],[21587],,,,,,4,1,,3,3,0,797,0,116,1,,,,,,,,,,,,,,,,,,,,,,,,,,,,0.1,,
668,竹板竖薄板,153,1863,[9],[4],[21587],,,,,,4,1,,3,3,1,797,0,251,1,,,,,,,,,,,,,,,,,,,,,,,,,,,,,,
669,胭脂红竖薄板,154,1864,[9],[4],[21587],,,,,,4,1,,3,3,0,797,0,11323,1,,11502,1,,,,,,,,,,,,,,,,,,,,,,,,,,,
670,水泥砖竖薄板,155,1865,[9],[4],[21587],,,,,,4,1,,3,3,0,797,0,11200,1,,,,,,,,,,,,,,,,,,,,,,,,,,,,,,
671,硫黄砖竖薄板,156,1866,[9],[4],[21587],,,,,,4,1,,3,3,0,797,0,124,1,,,,,,,,,,,,,,,,,,,,,,,,,,,,,,
672,石质竖薄板,157,1867,[9],[4],[21587],,,,,,4,1,,3,3,0,797,0,11627,1,,,,,,,,,,,,,,,,,,,,,,,,,,,,,,
673,精制石竖薄板,158,1868,[9],[4],[21587],,,,,,4,1,,3,3,0,797,0,104,1,,,,,,,,,,,,,,,,,,,,,,,,,,,,,,
674,钛合金竖薄板,159,1869,[9],[4],[21587],,,,,,1,1,,3,3,0,797,0,11330,2,,,,,,,,,,,,,,,,,,,,,,,,,,,,,,
675,黄铜竖薄板,160,1870,[9],[4],[21587],,,,,,1,1,,3,3,0,797,0,11329,2,,,,,,,,,,,,,,,,,,,,,,,,,,,,,,
676,云母竖薄板,161,1871,[9],[4],[21587],,,,,,2,1,,3,3,0,797,0,11210,1,,,,,,,,,,,,,,,,,,,,,,,,,,,,,,
677,铁制竖薄板,162,1872,[9],[4],[21587],,,,,,1,1,,3,3,0,797,0,11209,2,,,,,,,,,,,,,,,,,,,,,,,,,,,,,,
678,炽炎竖薄板,163,1873,[9],[4],[21587],,,,,,1,1,,3,3,0,797,0,11207,2,,,,,,,,,,,,,,,,,,,,,,,,,,,,,,
679,柠檬黄竖薄板,164,1874,[9],[4],[21587],,,,,,4,1,,3,3,0,797,0,11323,1,,11540,1,,,,,,,,,,,,,,,,,,,,,,,,,,,
680,苍石灰竖薄板,165,1875,[9],[4],[21587],,,,,,4,1,,3,3,0,797,0,11323,1,,11507,1,,,,,,,,,,,,,,,,,,,,,,,,,,,
681,深栗红竖薄板,166,1876,[9],[4],[21587],,,,,,4,1,,3,3,0,797,0,11323,1,,11512,1,,,,,,,,,,,,,,,,,,,,,,,,,,,
682,落日橙竖薄板,167,1877,[9],[4],[21587],,,,,,4,1,,3,3,0,797,0,11323,1,,11536,1,,,,,,,,,,,,,,,,,,,,,,,,,,,
683,海棠红竖薄板,168,1878,[9],[4],[21587],,,,,,4,1,,3,3,0,797,0,11323,1,,11506,1,,,,,,,,,,,,,,,,,,,,,,,,,,,
684,象牙白竖薄板,169,1879,[9],[4],[21587],,,,,,4,1,,3,3,0,797,0,11323,1,,11500,1,,,,,,,,,,,,,,,,,,,,,,,,,,,
685,秋叶橙竖薄板,170,1880,[9],[4],[21587],,,,,,4,1,,3,3,0,797,0,11323,1,,11537,1,,,,,,,,,,,,,,,,,,,,,,,,,,,
686,竖薄板,171,1881,[9],[4],[21587],,,,,,4,1,,3,3,0,797,0,11323,1,,,,,,,,,,,,,,,,,,,,,,,,,,,,,,
687,黄砖竖薄板,172,1882,[9],[4],[21587],,,,,,4,1,,3,3,0,797,0,29,1,,,,,,,,,,,,,,,,,,,,,,,,,,,,,,
688,锰块竖薄板,173,1883,[9],[4],[21587],,,,,,1,1,,3,3,0,797,0,12614,2,,,,,,,,,,,,,,,,,,,,,,,,,,,,,,
689,浅苍灰竖薄板,174,1884,[9],[4],[21587],,,,,,4,1,,3,3,0,797,0,11323,1,,11508,1,,,,,,,,,,,,,,,,,,,,,,,,,,,
690,星球岩斜板,1244,1885,[7],[4],[21588],,,,,,2,1,,3,3,0,797,0,116,1,,,,,,,,,,,,,,,,,,,,,,,,,,,,,,
691,竹板斜板,1245,1886,[7],[4],[21588],,,,,,2,1,,3,3,1,797,0,251,1,,,,,,,,,,,,,,,,,,,,,,,,,,,,,,
692,胭脂红斜板,1246,1887,[7],[4],[21588],,,,,,4,1,,3,3,0,797,0,11323,2,,11502,1,,,,,,,,,,,,,,,,,,,,,,,,,,,
693,水泥砖斜板,1247,1888,[7],[4],[21588],,,,,,2,1,,3,3,0,797,0,11200,1,,,,,,,,,,,,,,,,,,,,,,,,,,,,,,
694,硫黄砖斜板,1248,1889,[7],[4],[21588],,,,,,2,1,,3,3,0,797,0,124,1,,,,,,,,,,,,,,,,,,,,,,,,,,,,,,
695,石质斜板,1249,1890,[7],[4],[21588],,,,,,2,1,,3,3,0,797,0,11627,1,,,,,,,,,,,,,,,,,,,,,,,,,,,,,,
696,精制石斜板,1250,1891,[7],[4],[21588],,,,,,2,1,,3,3,0,797,0,104,1,,,,,,,,,,,,,,,,,,,,,,,,,,,,,,
697,钛合金斜板,1251,1892,[7],[4],[21588],,,,,,1,1,,3,3,0,797,0,11330,4,,,,,,,,,,,,,,,,,,,,,,,,,,,,,,
698,黄铜斜板,1252,1893,[7],[4],[21588],,,,,,1,1,,3,3,0,797,0,11329,4,,,,,,,,,,,,,,,,,,,,,,,,,,,,,,
699,云母斜板,1253,1894,[7],[4],[21588],,,,,,1,1,,3,3,0,797,0,11210,1,,,,,,,,,,,,,,,,,,,,,,,,,,,,,,
700,铁制斜板,1254,1895,[7],[4],[21588],,,,,,1,1,,3,3,0,797,0,11209,4,,,,,,,,,,,,,,,,,,,,,,,,,,,,,,
701,炽炎斜板,1255,1896,[7],[4],[21588],,,,,,1,1,,3,3,0,797,0,11207,4,,,,,,,,,,,,,,,,,,,,,,,,,,,,,,
702,柠檬黄斜板,1256,1897,[7],[4],[21588],,,,,,4,1,,3,3,0,797,0,11323,2,,11540,1,,,,,,,,,,,,,,,,,,,,,,,,,,,
703,苍石灰斜板,1257,1898,[7],[4],[21588],,,,,,4,1,,3,3,0,797,0,11323,2,,11507,1,,,,,,,,,,,,,,,,,,,,,,,,,,,
704,深栗红斜板,1258,1899,[7],[4],[21588],,,,,,4,1,,3,3,0,797,0,11323,2,,11512,1,,,,,,,,,,,,,,,,,,,,,,,,,,,
705,落日橙斜板,1259,1900,[7],[4],[21588],,,,,,4,1,,3,3,0,797,0,11323,2,,11536,1,,,,,,,,,,,,,,,,,,,,,,,,,,,
706,海棠红斜板,1260,1901,[7],[4],[21588],,,,,,4,1,,3,3,0,797,0,11323,2,,11506,1,,,,,,,,,,,,,,,,,,,,,,,,,,,
707,象牙白斜板,1261,1902,[7],[4],[21588],,,,,,4,1,,3,3,0,797,0,11323,2,,11500,1,,,,,,,,,,,,,,,,,,,,,,,,,,,
708,秋叶橙斜板,1262,1903,[7],[4],[21588],,,,,,4,1,,3,3,0,797,0,11323,2,,11537,1,,,,,,,,,,,,,,,,,,,,,,,,,,,
709,斜板,1263,1904,[7],"[4,4]","[21578,21588]",,,,,,2,1,,3,3,0,797,0,11323,1,,,,,,,,,,,,,,,,,,,,,,,,,,,,,,
710,黄砖斜板,1264,1905,[7],[4],[21588],,,,,,2,1,,3,3,0,797,0,29,1,,,,,,,,,,,,,,,,,,,,,,,,,,,,,,
711,锰块斜板,1265,1906,[7],[4],[21588],,,,,,1,1,,3,3,0,797,0,12614,4,,,,,,,,,,,,,,,,,,,,,,,,,,,,,,
712,星球岩薄斜板,1267,1908,[10],[4],[21589],,,,,,4,1,,3,3,0,797,0,116,1,,,,,,,,,,,,,,,,,,,,,,,,,,,,,,
713,竹板薄斜板,1269,1910,[10],[4],[21589],,,,,,4,1,,3,3,0,797,0,251,1,,,,,,,,,,,,,,,,,,,,,,,,,,,,,,
714,胭脂红薄斜板,1271,1912,[10],[4],[21589],,,,,,4,1,,3,3,0,797,0,11323,1,,11502,1,,,,,,,,,,,,,,,,,,,,,,,,,,,
715,水泥砖薄斜板,1273,1914,[10],[4],[21589],,,,,,4,1,,3,3,0,797,0,11200,1,,,,,,,,,,,,,,,,,,,,,,,,,,,,,,
716,硫黄砖薄斜板,1275,1916,[10],[4],[21589],,,,,,4,1,,3,3,0,797,0,124,1,,,,,,,,,,,,,,,,,,,,,,,,,,,,,,
717,石质薄斜板,1277,1918,[10],[4],[21589],,,,,,4,1,,3,3,0,797,0,11627,1,,,,,,,,,,,,,,,,,,,,,,,,,,,,,,
718,精制石薄斜板,1279,1920,[10],[4],[21589],,,,,,4,1,,3,3,0,797,0,104,1,,,,,,,,,,,,,,,,,,,,,,,,,,,,,,
719,钛合金薄斜板,1281,1922,[10],[4],[21589],,,,,,1,1,,3,3,0,797,0,11330,2,,,,,,,,,,,,,,,,,,,,,,,,,,,,,,
720,黄铜薄斜板,1283,1924,[10],[4],[21589],,,,,,1,1,,3,3,0,797,0,11329,2,,,,,,,,,,,,,,,,,,,,,,,,,,,,,,
721,云母薄斜板,1285,1926,[10],[4],[21589],,,,,,2,1,,3,3,0,797,0,11210,1,,,,,,,,,,,,,,,,,,,,,,,,,,,,,,
722,铁制薄斜板,1287,1928,[10],[4],[21589],,,,,,1,1,,3,3,0,797,0,11209,2,,,,,,,,,,,,,,,,,,,,,,,,,,,,,,
723,炽炎薄斜板,1289,1930,[10],[4],[21589],,,,,,1,1,,3,3,0,797,0,11207,2,,,,,,,,,,,,,,,,,,,,,,,,,,,,,,
724,柠檬黄薄斜板,1291,1932,[10],[4],[21589],,,,,,4,1,,3,3,0,797,0,11323,1,,11540,1,,,,,,,,,,,,,,,,,,,,,,,,,,,
725,苍石灰薄斜板,1293,1934,[10],[4],[21589],,,,,,4,1,,3,3,0,797,0,11323,1,,11507,1,,,,,,,,,,,,,,,,,,,,,,,,,,,
726,深栗红薄斜板,1295,1936,[10],[4],[21589],,,,,,4,1,,3,3,0,797,0,11323,1,,11512,1,,,,,,,,,,,,,,,,,,,,,,,,,,,
727,落日橙薄斜板,1297,1938,[10],[4],[21589],,,,,,4,1,,3,3,0,797,0,11323,1,,11536,1,,,,,,,,,,,,,,,,,,,,,,,,,,,
728,海棠红薄斜板,1299,1940,[10],[4],[21589],,,,,,4,1,,3,3,0,797,0,11323,1,,11506,1,,,,,,,,,,,,,,,,,,,,,,,,,,,
729,象牙白薄斜板,1301,1942,[10],[4],[21589],,,,,,4,1,,3,3,0,797,0,11323,1,,11500,1,,,,,,,,,,,,,,,,,,,,,,,,,,,
730,秋叶橙薄斜板,1303,1944,[10],[4],[21589],,,,,,4,1,,3,3,0,797,0,11323,1,,11537,1,,,,,,,,,,,,,,,,,,,,,,,,,,,
731,薄斜板,1305,1946,[10],[4],[21589],,,,,,4,1,,3,3,0,797,0,11323,1,,,,,,,,,,,,,,,,,,,,,,,,,,,,,,
732,黄砖薄斜板,1307,1948,[10],[4],[21589],,,,,,4,1,,3,3,0,797,0,29,1,,,,,,,,,,,,,,,,,,,,,,,,,,,,,,
733,锰块薄斜板,1309,1950,[10],[4],[21589],,,,,,1,1,,3,3,0,797,0,12614,2,,,,,,,,,,,,,,,,,,,,,,,,,,,,,,
734,星球岩竖薄斜板,1311,1952,[30],[4],[21590],,,,,,4,1,,3,3,0,797,0,116,1,,,,,,,,,,,,,,,,,,,,,,,,,,,,,,
735,竹板竖薄斜板,1313,1954,[30],[4],[21590],,,,,,4,1,,3,3,0,797,0,251,1,,,,,,,,,,,,,,,,,,,,,,,,,,,,,,
736,胭脂红竖薄斜板,1315,1956,[30],[4],[21590],,,,,,4,1,,3,3,0,797,0,11323,1,,11502,1,,,,,,,,,,,,,,,,,,,,,,,,,,,
737,水泥砖竖薄斜板,1317,1958,[30],[4],[21590],,,,,,4,1,,3,3,0,797,0,11200,1,,,,,,,,,,,,,,,,,,,,,,,,,,,,,,
738,硫黄砖竖薄斜板,1319,1960,[30],[4],[21590],,,,,,4,1,,3,3,0,797,0,124,1,,,,,,,,,,,,,,,,,,,,,,,,,,,,,,
739,石质竖薄斜板,1321,1962,[30],[4],[21590],,,,,,4,1,,3,3,0,797,0,11627,1,,,,,,,,,,,,,,,,,,,,,,,,,,,,,,
740,精制石竖薄斜板,1323,1964,[30],[4],[21590],,,,,,4,1,,3,3,0,797,0,104,1,,,,,,,,,,,,,,,,,,,,,,,,,,,,,,
741,钛合金竖薄斜板,1325,1966,[30],[4],[21590],,,,,,1,1,,3,3,0,797,0,11330,2,,,,,,,,,,,,,,,,,,,,,,,,,,,,,,
742,黄铜竖薄斜板,1327,1968,[30],[4],[21590],,,,,,1,1,,3,3,0,797,0,11329,2,,,,,,,,,,,,,,,,,,,,,,,,,,,,,,
743,云母竖薄斜板,1329,1970,[30],[4],[21590],,,,,,2,1,,3,3,0,797,0,11210,1,,,,,,,,,,,,,,,,,,,,,,,,,,,,,,
744,铁制竖薄斜板,1331,1972,[30],[4],[21590],,,,,,1,1,,3,3,0,797,0,11209,2,,,,,,,,,,,,,,,,,,,,,,,,,,,,,,
745,炽炎竖薄斜板,1333,1974,[30],[4],[21590],,,,,,1,1,,3,3,0,797,0,11207,2,,,,,,,,,,,,,,,,,,,,,,,,,,,,,,
746,柠檬黄竖薄斜板,1335,1976,[30],[4],[21590],,,,,,4,1,,3,3,0,797,0,11323,1,,11540,1,,,,,,,,,,,,,,,,,,,,,,,,,,,
747,苍石灰竖薄斜板,1337,1978,[30],[4],[21590],,,,,,4,1,,3,3,0,797,0,11323,1,,11507,1,,,,,,,,,,,,,,,,,,,,,,,,,,,
748,深栗红竖薄斜板,1339,1980,[30],[4],[21590],,,,,,4,1,,3,3,0,797,0,11323,1,,11512,1,,,,,,,,,,,,,,,,,,,,,,,,,,,
749,落日橙竖薄斜板,1341,1982,[30],[4],[21590],,,,,,4,1,,3,3,0,797,0,11323,1,,11536,1,,,,,,,,,,,,,,,,,,,,,,,,,,,
750,海棠红竖薄斜板,1343,1984,[30],[4],[21590],,,,,,4,1,,3,3,0,797,0,11323,1,,11506,1,,,,,,,,,,,,,,,,,,,,,,,,,,,
751,象牙白竖薄斜板,1345,1986,[30],[4],[21590],,,,,,4,1,,3,3,0,797,0,11323,1,,11500,1,,,,,,,,,,,,,,,,,,,,,,,,,,,
752,秋叶橙竖薄斜板,1347,1988,[30],[4],[21590],,,,,,4,1,,3,3,0,797,0,11323,1,,11537,1,,,,,,,,,,,,,,,,,,,,,,,,,,,
753,竖薄斜板,1349,1990,[30],[4],[21590],,,,,,4,1,,3,3,0,797,0,11323,1,,,,,,,,,,,,,,,,,,,,,,,,,,,,,,
754,黄砖竖薄斜板,1351,1992,[30],[4],[21590],,,,,,4,1,,3,3,0,797,0,29,1,,,,,,,,,,,,,,,,,,,,,,,,,,,,,,
755,锰块竖薄斜板,1353,1994,[30],[4],[21590],,,,,,1,1,,3,3,0,797,0,12614,2,,,,,,,,,,,,,,,,,,,,,,,,,,,,,,
756,星球岩竖板,1355,1996,[11],[4],[21591],,,,,,2,1,,3,3,0,797,0,116,1,,,,,,,,,,,,,,,,,,,,,,,,,,,,,,
757,竹板竖板,1356,1997,[11],[4],[21591],,,,,,2,1,,3,3,0,797,0,251,1,,,,,,,,,,,,,,,,,,,,,,,,,,,,,,
758,胭脂红竖板,1357,1998,[11],[4],[21591],,,,,,4,1,,3,3,0,797,0,11323,2,,11502,1,,,,,,,,,,,,,,,,,,,,,,,,,,,
759,水泥砖竖板,1358,1999,[11],[4],[21591],,,,,,2,1,,3,3,0,797,0,11200,1,,,,,,,,,,,,,,,,,,,,,,,,,,,,,,
760,硫黄砖竖板,1359,2000,[11],[4],[21591],,,,,,2,1,,3,3,0,797,0,124,1,,,,,,,,,,,,,,,,,,,,,,,,,,,,,,
761,石质竖板,1360,2001,[11],[4],[21591],,,,,,2,1,,3,3,0,797,0,11627,1,,,,,,,,,,,,,,,,,,,,,,,,,,,,,,
762,精制石竖板,1361,2002,[11],[4],[21591],,,,,,2,1,,3,3,0,797,0,104,1,,,,,,,,,,,,,,,,,,,,,,,,,,,,,,
763,钛合金竖板,1362,2003,[11],[4],[21591],,,,,,1,1,,3,3,0,797,0,11330,4,,,,,,,,,,,,,,,,,,,,,,,,,,,,,,
764,黄铜竖板,1363,2004,[11],[4],[21591],,,,,,1,1,,3,3,0,797,0,11329,4,,,,,,,,,,,,,,,,,,,,,,,,,,,,,,
765,云母竖板,1364,2005,[11],[4],[21591],,,,,,1,1,,3,3,0,797,0,11210,1,,,,,,,,,,,,,,,,,,,,,,,,,,,,,,
766,铁制竖板,1365,2006,[11],[4],[21591],,,,,,1,1,,3,3,0,797,0,11209,4,,,,,,,,,,,,,,,,,,,,,,,,,,,,,,
767,炽炎竖板,1366,2007,[11],[4],[21591],,,,,,1,1,,3,3,0,797,0,11207,4,,,,,,,,,,,,,,,,,,,,,,,,,,,,,,
768,柠檬黄竖板,1367,2008,[11],[4],[21591],,,,,,4,1,,3,3,0,797,0,11323,2,,11540,1,,,,,,,,,,,,,,,,,,,,,,,,,,,
769,苍石灰竖板,1368,2009,[11],[4],[21591],,,,,,4,1,,3,3,0,797,0,11323,2,,11507,1,,,,,,,,,,,,,,,,,,,,,,,,,,,
770,深栗红竖板,1369,2010,[11],[4],[21591],,,,,,4,1,,3,3,0,797,0,11323,2,,11512,1,,,,,,,,,,,,,,,,,,,,,,,,,,,
771,落日橙竖板,1370,2011,[11],[4],[21591],,,,,,4,1,,3,3,0,797,0,11323,2,,11536,1,,,,,,,,,,,,,,,,,,,,,,,,,,,
772,海棠红竖板,1371,2012,[11],[4],[21591],,,,,,4,1,,3,3,0,797,0,11323,2,,11506,1,,,,,,,,,,,,,,,,,,,,,,,,,,,
773,象牙白竖板,1372,2013,[11],[4],[21591],,,,,,4,1,,3,3,0,797,0,11323,2,,11500,1,,,,,,,,,,,,,,,,,,,,,,,,,,,
774,秋叶橙竖板,1373,2014,[11],[4],[21591],,,,,,4,1,,3,3,0,797,0,11323,2,,11537,1,,,,,,,,,,,,,,,,,,,,,,,,,,,
775,竖板,1374,2015,[11],[4],[21591],,,,,,2,1,,3,3,0,797,0,11323,1,,,,,,,,,,,,,,,,,,,,,,,,,,,,,,
776,黄砖竖板,1375,2016,[11],[4],[21591],,,,,,2,1,,3,3,0,797,0,29,1,,,,,,,,,,,,,,,,,,,,,,,,,,,,,,
777,锰块竖板,1376,2017,[11],[4],[21591],,,,,,1,1,,3,3,0,797,0,12614,4,,,,,,,,,,,,,,,,,,,,,,,,,,,,,,
778,浅苍灰木板,1380,2018,[5],[4],[21544],,,,,,4,1,,3,3,0,797,0,11323,4,,11508,1,,,,,,,,,,,,,,,,,,,,,,,,,,,
779,浅苍灰楼梯,1381,2019,[8],[4],[21586],,,,,,4,1,,3,3,1,797,0,11323,2,,11508,1,,,,,,,,,,,,,,,,,,,,,,,,,,,
780,浅苍灰薄板,1382,2020,[30],[4],[128],,,,,,4,1,,3,3,1,797,0,11323,1,,11508,1,,,,,,,,,,,,,,,,,,,,,,,,,,,
781,浅苍灰斜板,1383,2021,[7],[4],[21588],,,,,,4,1,,3,3,0,797,0,11323,2,,11508,1,,,,,,,,,,,,,,,,,,,,,,,,,,,
782,浅苍灰薄斜板,1384,2022,[10],[4],[21589],,,,,,4,1,,3,3,0,797,0,11323,1,,11508,1,,,,,,,,,,,,,,,,,,,,,,,,,,,
783,浅苍灰竖薄斜板,1386,2024,[30],[4],[21590],,,,,,4,1,,3,3,0,797,0,11323,1,,11508,1,,,,,,,,,,,,,,,,,,,,,,,,,,,
784,浅苍灰竖板,1388,2026,[11],[4],[21591],,,,,,4,1,,3,3,0,797,0,11323,2,,11508,1,,,,,,,,,,,,,,,,,,,,,,,,,,,
785,燃烧的小火炬,298,2,[8],[0],[21565],"[1,5]",,Torch,,Torch,8,1,,3,3,1,11000,0,11226,2,,11323,2,,,,,,,,,,,,,,,,,,,,,,,,,0.1,,
786,远古号角,11233,1334,[5],[0],[21585],,,AncentHorn,,AncentHorn,1,1,,3,3,0,797,0,11217,1,,11218,1,,,,,,,,,,,,,,,,,,,,,,,,,,,
787,象牙白颜料瓶,11500,1050,[3],[2],[21525],[4],,WhiteDye,,WhiteDye,10,1,,3,3,0,797,0,12718,1,,11320,10,,,,,,,,,,,,,,,,,,,,,,,,,0.1,,
788,赫赤红颜料瓶,11514,1222,[3],[2],[21525],[4],,RedDye,,RedDye,10,1,,3,3,0,797,0,12718,1,,11320,10,,,,,,,,,,,,,,,,,,,,,,,,,0.1,,
789,鹅毛黄颜料瓶,11504,1224,[3],[2],[21525],[4],,YellowDye,,YellowDye,10,1,,3,3,0,797,0,12718,1,,11320,10,,,,,,,,,,,,,,,,,,,,,,,,,0.1,,
790,宝石蓝颜料瓶,11532,1623,[3],[2],[21525],[4],,BlueDye,,BlueDye,10,1,,3,3,0,797,0,12718,1,,11320,10,,,,,,,,,,,,,,,,,,,,,,,,,,,
791,贝壳双人沙发,1195,1832,[3],[4],[21579],"[5,6]",,,,,1,1,,3,3,1,797,0,346,1,,11307,8,,11323,4,,,,,,,,,,,,,,,,,,,,,,,,
792,星能光束器,352,900,,[6],[21543],,,,,,1,2,,3,3,0,797,0,11664,1,,12755,3,,11210,3,,,,,,,,,,,,,,,,,,,,,,,,
793,非门,353,901,,[6],[21543],,,,,,1,2,,3,3,0,797,0,11664,1,,11209,1,,11210,2,,,,,,,,,,,,,,,,,,,,,,,,
794,与门,354,902,,[6],[21543],,,,,,1,2,,3,3,0,797,0,11664,1,,11209,1,,11210,2,,,,,,,,,,,,,,,,,,,,,,,,
795,或门,355,903,,[6],[21543],,,,,,1,2,,3,3,0,797,0,11664,1,,11209,1,,11210,2,,,,,,,,,,,,,,,,,,,,,,,,
796,星能分流器,356,904,,[6],[21543],,,,,,1,2,,3,3,0,797,0,11664,1,,11209,2,,11210,2,,,,,,,,,,,,,,,,,,,,,,,,
797,星能延时器,357,905,,[6],[21543],,,,,,1,2,,3,3,0,797,0,11664,1,,12758,2,,11210,2,,,,,,,,,,,,,,,,,,,,,,,,
798,开关,358,906,,[6],[21543],,,,,,1,2,,3,3,0,797,0,11627,1,,11323,1,,,,,,,,,,,,,,,,,,,,,,,,,,,
799,感压板-触碰,359,907,,[6],[21543],,,,,,1,2,,3,3,0,797,0,11323,1,,363,1,,,,,,,,,,,,,,,,,,,,,,,,,,,
800,感压板-普通,360,908,,[6],[21543],,,,,,1,2,,3,3,0,797,0,11627,1,,364,1,,,,,,,,,,,,,,,,,,,,,,,,,,,
801,感压板-生物,361,909,,[6],[21543],,,,,,1,2,,3,3,0,797,0,11307,1,,364,1,,,,,,,,,,,,,,,,,,,,,,,,,,,
803,按钮-触碰,363,911,,[6],[21543],,,,,,1,2,,3,3,1,797,0,11323,1,,,,,,,,,,,,,,,,,,,,,,,,,,,,,,
804,按钮-普通,364,912,,[6],[21543],,,,,,1,2,,3,3,1,797,0,11627,1,,,,,,,,,,,,,,,,,,,,,,,,,,,,,,
805,星能阻隔器,365,913,,[6],[21543],,,,,,1,2,,3,3,0,797,0,11664,1,,12758,2,,11210,2,,,,,,,,,,,,,,,,,,,,,,,,
806,星能计数器,366,914,,[6],[21543],,,,,,1,2,,3,3,0,797,0,11664,2,,11207,1,,11210,2,,,,,,,,,,,,,,,,,,,,,,,,
807,星能机械臂,367,915,,[6],[21543],,,,,,1,2,,3,3,0,797,0,11664,2,,12758,2,,11209,3,,,,,,,,,,,,,,,,,,,,,,,,
808,星能推拉臂,368,916,,[6],[21543],,,,,,1,2,,3,3,0,797,0,11664,2,,11330,2,,367,1,,,,,,,,,,,,,,,,,,,,,,,,
809,收集管道,369,917,,[6],[21543],,,,,,1,2,,3,3,0,797,0,649,1,,11209,1,,,,,,,,,,,,,,,,,,,,,,,,,,,
810,传输管道,370,918,,[6],[21543],,,,,,2,2,,3,3,0,797,0,649,1,,11209,1,,,,,,,,,,,,,,,,,,,,,,,,,,,
811,检测管道,371,919,,[6],[21543],,,,,,1,2,,3,3,0,797,0,649,1,,12758,1,,11210,1,,,,,,,,,,,,,,,,,,,,,,,,
812,星能增压器,372,920,,[6],[21543],,,,,,1,2,,3,3,0,797,0,11664,3,,11207,3,,12759,1,,,,,,,,,,,,,,,,,,,,,,,,
813,钥匙门,373,921,[5],[4],[21533],,,,,,1,1,,3,3,0,797,0,11209,5,,11329,2,,,,,,,,,,,,,,,,,,,,,,,,,,,
814,钥匙,12709,922,[6],[4],[21533],,,,,,1,1,,3,3,0,797,0,11209,1,,11329,1,,,,,,,,,,,,,,,,,,,,,,,,,,,
815,松软的雪,115,2027,[1],[4],[21582],,,,,,1,1,,3,3,0,797,0,160001,1,,,,,,,,,,,,,,,,,,,,,,,,,,,,,,
816,软雪块,160001,2028,[5],[4],[21544],,,,,,1,1,,3,3,0,797,0,115,1,,,,,,,,,,,,,,,,,,,,,,,,,,,,,,
817,软雪斜板,163001,2029,[7],[4],[21588],,,,,,2,1,,3,3,0,797,0,115,1,,,,,,,,,,,,,,,,,,,,,,,,,,,,,,
818,软雪薄斜板,165001,2030,[10],[4],[21589],,,,,,4,1,,3,3,0,797,0,115,1,,,,,,,,,,,,,,,,,,,,,,,,,,,,,,
819,软雪竖薄斜板,167001,2031,[30],[4],[21590],,,,,,4,1,,3,3,0,797,0,115,1,,,,,,,,,,,,,,,,,,,,,,,,,,,,,,
820,软雪竖板,164001,2032,[11],[4],[21591],,,,,,2,1,,3,3,0,797,0,115,1,,,,,,,,,,,,,,,,,,,,,,,,,,,,,,
821,软雪竖薄板,162001,2033,[9],[4],[21587],,,,,,4,1,,3,3,0,797,0,115,1,,,,,,,,,,,,,,,,,,,,,,,,,,,,,,
823,厚雪薄板,161001,2035,[30],[4],[128],,,,,,4,1,,3,3,0,797,0,122,1,,,,,,,,,,,,,,,,,,,,,,,,,,,,,,
824,厚雪斜板,163002,2036,[7],[4],[21588],,,,,,2,1,,3,3,0,797,0,122,1,,,,,,,,,,,,,,,,,,,,,,,,,,,,,,
825,厚雪楼梯,169001,2037,[8],[4],[21586],,,,,,2,1,,3,3,0,797,0,122,1,,,,,,,,,,,,,,,,,,,,,,,,,,,,,,
826,厚雪薄斜板,165002,2038,[10],[4],[21589],,,,,,4,1,,3,3,0,797,0,122,1,,,,,,,,,,,,,,,,,,,,,,,,,,,,,,
827,厚雪竖薄斜板,167002,2039,[30],[4],[21590],,,,,,4,1,,3,3,0,797,0,122,1,,,,,,,,,,,,,,,,,,,,,,,,,,,,,,
828,厚雪竖板,164002,2040,[11],[4],[21591],,,,,,2,1,,3,3,0,797,0,122,1,,,,,,,,,,,,,,,,,,,,,,,,,,,,,,
829,厚雪竖薄板,162002,2041,[9],[4],[21587],,,,,,4,1,,3,3,0,797,0,122,1,,,,,,,,,,,,,,,,,,,,,,,,,,,,,,
830,自然冰薄板,161002,2043,[30],[4],[128],,,,,,4,1,,3,3,0,797,0,123,1,,,,,,,,,,,,,,,,,,,,,,,,,,,,,,
831,自然冰斜板,163003,2044,[7],[4],[21588],,,,,,2,1,,3,3,0,797,0,123,1,,,,,,,,,,,,,,,,,,,,,,,,,,,,,,
832,自然冰楼梯,169002,2045,[8],[4],[21586],,,,,,2,1,,3,3,0,797,0,123,1,,,,,,,,,,,,,,,,,,,,,,,,,,,,,,
833,自然冰薄斜板,165003,2046,[10],[4],[21589],,,,,,4,1,,3,3,0,797,0,123,1,,,,,,,,,,,,,,,,,,,,,,,,,,,,,,
834,自然冰竖薄斜板,167003,2047,[30],[4],[21590],,,,,,4,1,,3,3,0,797,0,123,1,,,,,,,,,,,,,,,,,,,,,,,,,,,,,,
835,自然冰竖板,164003,2048,[11],[4],[21591],,,,,,2,1,,3,3,0,797,0,123,1,,,,,,,,,,,,,,,,,,,,,,,,,,,,,,
836,自然冰竖薄板,162003,2049,[9],[4],[21587],,,,,,4,1,,3,3,0,797,0,123,1,,,,,,,,,,,,,,,,,,,,,,,,,,,,,,
837,永冻冰块,160002,2050,[5],[4],[21544],,,,,,1,1,,3,3,0,797,0,123,2,,,,,,,,,,,,,,,,,,,,,,,,,,,,,,
838,永冻冰薄板,161003,2051,[30],[4],[128],,,,,,2,1,,3,3,0,797,0,123,1,,,,,,,,,,,,,,,,,,,,,,,,,,,,,,
839,永冻冰斜板,163004,2052,[7],[4],[21588],,,,,,1,1,,3,3,0,797,0,123,1,,,,,,,,,,,,,,,,,,,,,,,,,,,,,,
840,永冻冰楼梯,169003,2053,[8],[4],[21586],,,,,,1,1,,3,3,0,797,0,123,1,,,,,,,,,,,,,,,,,,,,,,,,,,,,,,
841,永冻冰薄斜板,165004,2054,[10],[4],[21589],,,,,,2,1,,3,3,0,797,0,123,1,,,,,,,,,,,,,,,,,,,,,,,,,,,,,,
842,永冻冰竖薄斜板,167004,2055,[30],[4],[21590],,,,,,2,1,,3,3,0,797,0,123,1,,,,,,,,,,,,,,,,,,,,,,,,,,,,,,
843,永冻冰竖板,164004,2056,[11],[4],[21591],,,,,,1,1,,3,3,0,797,0,123,1,,,,,,,,,,,,,,,,,,,,,,,,,,,,,,
844,永冻冰竖薄板,162004,2057,[9],[4],[21587],,,,,,2,1,,3,3,0,797,0,123,1,,,,,,,,,,,,,,,,,,,,,,,,,,,,,,
845,香煎兔肉,12534,2059,[1],"[7,8]",,,,,,,1,0,,3,3,0,794,200,761,1,,12532,1,,,,,,,,,,,,,,,,,,,,,,,,,,,
846,水果冰沙,12538,2061,,[1],[21519],,,,,,1,1,,3,3,1,797,200,12500,1,,123,1,,,,,,,,,,,,,,,,,,,,,,,,,,,
847,冰蕨奶冻,12539,2062,,[1],[21519],,,,,,1,1,,3,3,0,797,200,150012,1,,12509,1,,,,,,,,,,,,,,,,,,,,,,,,,,,
848,防寒头盔,12312,1272,[26],[1],[21566],,,,,,1,1,,3,3,0,797,0,12622,2,,12623,3,,11209,3,,,,,,,,,,,,,,,,,,,,,,0.1,,
849,防寒胸甲,12313,1273,[27],[1],[21566],,,,,,1,1,,3,3,0,797,0,761,2,,12623,3,,11209,6,,,,,,,,,,,,,,,,,,,,,,0.1,,
850,防寒护腿,12314,1274,[28],[1],[21566],,,,,,1,1,,3,3,0,797,0,761,2,,12623,3,,11209,5,,,,,,,,,,,,,,,,,,,,,,0.1,,
851,防寒靴,12315,1275,[29],[1],[21566],,,,,,1,1,,3,3,0,797,0,761,2,,12623,3,,11209,3,,,,,,,,,,,,,,,,,,,,,,0.1,,
852,冻结装置,150046,2067,[1],[4],[21582],,,,,,1,1,,3,3,0,797,0,12758,2,,11210,2,,12710,1,,,,,,,,,,,,,,,,,,,,,,,,
854,冰原部落图腾,150000,1589,[3],[2],[21575],,,,,,1,1,,3,3,0,797,0,11911,1,,160002,2,,12758,2,,,,,,,,,,,,,,,,,,,,,,,,
855,冰原部落图腾,150000,1589,[3],[2],[21575],,,,,,1,1,,3,3,0,797,0,150001,1,,,,,,,,,,,,,,,,,,,,,,,,,,,,,,
856,草原部落图腾,201014,1589,[3],[2],[21575],,,,,,1,1,,3,3,0,797,0,11911,1,,11323,6,,12758,2,,,,,,,,,,,,,,,,,,,,,,,,
857,沙漠部落图腾,201015,1589,[3],[2],[21575],,,,,,1,1,,3,3,0,797,0,11911,1,,108,2,,12758,2,,,,,,,,,,,,,,,,,,,,,,,,
858,渔村部落图腾,201016,1589,[3],[2],[21575],,,,,,1,1,,3,3,0,797,0,11911,1,,104,2,,12758,2,,,,,,,,,,,,,,,,,,,,,,,,
863,冰晶喷菇孢子,11665,1599,[10],[2],[21573],,,,,,2,1,,3,3,1,797,0,150009,1,,,,,,,,,,,,,,,,,,,,,,,,,,,,,,
864,霜火石,11824,108,[6],[2],[21577],[4],,,,,8,1,,3,3,0,797,0,35,1,,,,,,,,,,,,,,,,,,,,,,,,,,,,0.1,1,
865,细红杉木树枝,350,1188,[30],[4],[21547],,,ThinPoplarTreeBranch,,ThinPoplarTreeBranch,4,1,,3,3,0,797,0,203,1,,,,,,,,,,,,,,,,,,,,,,,,,,,,0.1,,
867,香蕉树苗,383,1600,[10],[2],[21573],,,,,,2,4,,3,3,0,797,0,11599,1,,,,,,,,,,,,,,,,,,,,,,,,,,,,,,
869,星球岩三棱柱,170001,2057,[12],[4],[21592],,,,,,2,1,,3,3,0,797,0,116,1,,,,,,,,,,,,,,,,,,,,,,,,,,,,,,
870,竹板三棱柱,170002,2058,[12],[4],[21592],,,,,,2,1,,3,3,1,797,0,251,1,,,,,,,,,,,,,,,,,,,,,,,,,,,,,,
871,胭脂红三棱柱,170003,2059,[12],[4],[21592],,,,,,4,1,,3,3,0,797,0,11323,2,,11502,1,,,,,,,,,,,,,,,,,,,,,,,,,,,
872,水泥砖三棱柱,170004,2060,[12],[4],[21592],,,,,,2,1,,3,3,0,797,0,11200,1,,,,,,,,,,,,,,,,,,,,,,,,,,,,,,
873,硫黄砖三棱柱,170005,2061,[12],[4],[21592],,,,,,2,1,,3,3,0,797,0,124,1,,,,,,,,,,,,,,,,,,,,,,,,,,,,,,
874,石质三棱柱,170006,2062,[12],[4],[21592],,,,,,2,1,,3,3,0,797,0,11627,1,,,,,,,,,,,,,,,,,,,,,,,,,,,,,,
875,精制石三棱柱,170007,2063,[12],[4],[21592],,,,,,2,1,,3,3,0,797,0,104,1,,,,,,,,,,,,,,,,,,,,,,,,,,,,,,
876,钛合金三棱柱,170008,2064,[12],[4],[21592],,,,,,1,1,,3,3,0,797,0,11330,4,,,,,,,,,,,,,,,,,,,,,,,,,,,,,,
877,黄铜三棱柱,170009,2065,[12],[4],[21592],,,,,,1,1,,3,3,0,797,0,11329,4,,,,,,,,,,,,,,,,,,,,,,,,,,,,,,
878,云母三棱柱,170010,2066,[12],[4],[21592],,,,,,1,1,,3,3,0,797,0,11210,1,,,,,,,,,,,,,,,,,,,,,,,,,,,,,,
879,铁制三棱柱,170011,2067,[12],[4],[21592],,,,,,1,1,,3,3,0,797,0,11209,4,,,,,,,,,,,,,,,,,,,,,,,,,,,,,,
880,炽炎三棱柱,170012,2068,[12],[4],[21592],,,,,,1,1,,3,3,0,797,0,11207,4,,,,,,,,,,,,,,,,,,,,,,,,,,,,,,
881,柠檬黄三棱柱,170013,2069,[12],[4],[21592],,,,,,4,1,,3,3,0,797,0,11323,2,,11540,1,,,,,,,,,,,,,,,,,,,,,,,,,,,
882,苍石灰三棱柱,170014,2070,[12],[4],[21592],,,,,,4,1,,3,3,0,797,0,11323,2,,11507,1,,,,,,,,,,,,,,,,,,,,,,,,,,,
883,深栗红三棱柱,170015,2071,[12],[4],[21592],,,,,,4,1,,3,3,0,797,0,11323,2,,11512,1,,,,,,,,,,,,,,,,,,,,,,,,,,,
884,落日橙三棱柱,170016,2072,[12],[4],[21592],,,,,,4,1,,3,3,0,797,0,11323,2,,11536,1,,,,,,,,,,,,,,,,,,,,,,,,,,,
885,海棠红三棱柱,170017,2073,[12],[4],[21592],,,,,,4,1,,3,3,0,797,0,11323,2,,11506,1,,,,,,,,,,,,,,,,,,,,,,,,,,,
886,象牙白三棱柱,170018,2074,[12],[4],[21592],,,,,,4,1,,3,3,0,797,0,11323,2,,11500,1,,,,,,,,,,,,,,,,,,,,,,,,,,,
887,秋叶橙三棱柱,170019,2075,[12],[4],[21592],,,,,,4,1,,3,3,0,797,0,11323,2,,11537,1,,,,,,,,,,,,,,,,,,,,,,,,,,,
888,三棱柱,170020,2076,[12],[4],[21592],,,,,,2,1,,3,3,0,797,0,11323,1,,,,,,,,,,,,,,,,,,,,,,,,,,,,,,
889,黄砖三棱柱,170021,2077,[12],[4],[21592],,,,,,2,1,,3,3,0,797,0,29,1,,,,,,,,,,,,,,,,,,,,,,,,,,,,,,
890,锰块三棱柱,170022,2078,[12],[4],[21592],,,,,,1,1,,3,3,0,797,0,12614,4,,,,,,,,,,,,,,,,,,,,,,,,,,,,,,
891,浅苍灰三棱柱,170023,2079,[12],[4],[21592],,,,,,4,1,,3,3,0,797,0,11323,2,,11508,1,,,,,,,,,,,,,,,,,,,,,,,,,,,
892,软雪三棱柱,170024,2080,[12],[4],[21592],,,,,,2,1,,3,3,0,797,0,115,1,,,,,,,,,,,,,,,,,,,,,,,,,,,,,,
893,厚雪三棱柱,170025,2081,[12],[4],[21592],,,,,,2,1,,3,3,0,797,0,122,1,,,,,,,,,,,,,,,,,,,,,,,,,,,,,,
894,自然冰三棱柱,170026,2082,[12],[4],[21592],,,,,,2,1,,3,3,0,797,0,123,1,,,,,,,,,,,,,,,,,,,,,,,,,,,,,,
895,永冻冰三棱柱,170027,2083,[12],[4],[21592],,,,,,1,1,,3,3,0,797,0,123,1,,,,,,,,,,,,,,,,,,,,,,,,,,,,,,
896,星球岩弧板,171001,2084,[1],[4],[21593],,,,,,2,1,,3,3,0,797,0,116,1,,,,,,,,,,,,,,,,,,,,,,,,,,,,,,
897,竹板弧板,171002,2085,[1],[4],[21593],,,,,,2,1,,3,3,1,797,0,251,1,,,,,,,,,,,,,,,,,,,,,,,,,,,,,,
898,胭脂红弧板,171003,2086,[1],[4],[21593],,,,,,4,1,,3,3,0,797,0,11323,2,,11502,1,,,,,,,,,,,,,,,,,,,,,,,,,,,
899,水泥砖弧板,171004,2087,[1],[4],[21593],,,,,,2,1,,3,3,0,797,0,11200,1,,,,,,,,,,,,,,,,,,,,,,,,,,,,,,
900,硫黄砖弧板,171005,2088,[1],[4],[21593],,,,,,2,1,,3,3,0,797,0,124,1,,,,,,,,,,,,,,,,,,,,,,,,,,,,,,
901,石质弧板,171006,2089,[1],[4],[21593],,,,,,2,1,,3,3,0,797,0,11627,1,,,,,,,,,,,,,,,,,,,,,,,,,,,,,,
902,精制石弧板,171007,2090,[1],[4],[21593],,,,,,2,1,,3,3,0,797,0,104,1,,,,,,,,,,,,,,,,,,,,,,,,,,,,,,
903,钛合金弧板,171008,2091,[1],[4],[21593],,,,,,1,1,,3,3,0,797,0,11330,4,,,,,,,,,,,,,,,,,,,,,,,,,,,,,,
904,黄铜弧板,171009,2092,[1],[4],[21593],,,,,,1,1,,3,3,0,797,0,11329,4,,,,,,,,,,,,,,,,,,,,,,,,,,,,,,
905,云母弧板,171010,2093,[1],[4],[21593],,,,,,1,1,,3,3,0,797,0,11210,1,,,,,,,,,,,,,,,,,,,,,,,,,,,,,,
906,铁制弧板,171011,2094,[1],[4],[21593],,,,,,1,1,,3,3,0,797,0,11209,4,,,,,,,,,,,,,,,,,,,,,,,,,,,,,,
907,炽炎弧板,171012,2095,[1],[4],[21593],,,,,,1,1,,3,3,0,797,0,11207,4,,,,,,,,,,,,,,,,,,,,,,,,,,,,,,
908,柠檬黄弧板,171013,2096,[1],[4],[21593],,,,,,4,1,,3,3,0,797,0,11323,2,,11540,1,,,,,,,,,,,,,,,,,,,,,,,,,,,
909,苍石灰弧板,171014,2097,[1],[4],[21593],,,,,,4,1,,3,3,0,797,0,11323,2,,11507,1,,,,,,,,,,,,,,,,,,,,,,,,,,,
910,深栗红弧板,171015,2098,[1],[4],[21593],,,,,,4,1,,3,3,0,797,0,11323,2,,11512,1,,,,,,,,,,,,,,,,,,,,,,,,,,,
911,落日橙弧板,171016,2099,[1],[4],[21593],,,,,,4,1,,3,3,0,797,0,11323,2,,11536,1,,,,,,,,,,,,,,,,,,,,,,,,,,,
912,海棠红弧板,171017,2100,[1],[4],[21593],,,,,,4,1,,3,3,0,797,0,11323,2,,11506,1,,,,,,,,,,,,,,,,,,,,,,,,,,,
913,象牙白弧板,171018,2101,[1],[4],[21593],,,,,,4,1,,3,3,0,797,0,11323,2,,11500,1,,,,,,,,,,,,,,,,,,,,,,,,,,,
914,秋叶橙弧板,171019,2102,[1],[4],[21593],,,,,,4,1,,3,3,0,797,0,11323,2,,11537,1,,,,,,,,,,,,,,,,,,,,,,,,,,,
915,弧板,171020,2103,[1],[4],[21593],,,,,,2,1,,3,3,0,797,0,11323,1,,,,,,,,,,,,,,,,,,,,,,,,,,,,,,
916,黄砖弧板,171021,2104,[1],[4],[21593],,,,,,2,1,,3,3,0,797,0,29,1,,,,,,,,,,,,,,,,,,,,,,,,,,,,,,
917,锰块弧板,171022,2105,[1],[4],[21593],,,,,,1,1,,3,3,0,797,0,12614,4,,,,,,,,,,,,,,,,,,,,,,,,,,,,,,
918,浅苍灰弧板,171023,2106,[1],[4],[21593],,,,,,4,1,,3,3,0,797,0,11323,2,,11508,1,,,,,,,,,,,,,,,,,,,,,,,,,,,
919,软雪弧板,171024,2107,[1],[4],[21593],,,,,,2,1,,3,3,0,797,0,115,1,,,,,,,,,,,,,,,,,,,,,,,,,,,,,,
920,厚雪弧板,171025,2108,[1],[4],[21593],,,,,,2,1,,3,3,0,797,0,122,1,,,,,,,,,,,,,,,,,,,,,,,,,,,,,,
921,自然冰弧板,171026,2109,[1],[4],[21593],,,,,,2,1,,3,3,0,797,0,123,1,,,,,,,,,,,,,,,,,,,,,,,,,,,,,,
922,永冻冰弧板,171027,2110,[1],[4],[21593],,,,,,1,1,,3,3,0,797,0,123,1,,,,,,,,,,,,,,,,,,,,,,,,,,,,,,
923,星球岩薄弧板,172001,2111,[14],[4],[21594],,,,,,4,1,,3,3,0,797,0,116,1,,,,,,,,,,,,,,,,,,,,,,,,,,,,,,
924,竹板薄弧板,172002,2112,[14],[4],[21594],,,,,,4,1,,3,3,0,797,0,251,1,,,,,,,,,,,,,,,,,,,,,,,,,,,,,,
925,胭脂红薄弧板,172003,2113,[14],[4],[21594],,,,,,4,1,,3,3,0,797,0,11323,1,,11502,1,,,,,,,,,,,,,,,,,,,,,,,,,,,
926,水泥砖薄弧板,172004,2114,[14],[4],[21594],,,,,,4,1,,3,3,0,797,0,11200,1,,,,,,,,,,,,,,,,,,,,,,,,,,,,,,
927,硫黄砖薄弧板,172005,2115,[14],[4],[21594],,,,,,4,1,,3,3,0,797,0,124,1,,,,,,,,,,,,,,,,,,,,,,,,,,,,,,
928,石质薄弧板,172006,2116,[14],[4],[21594],,,,,,4,1,,3,3,0,797,0,11627,1,,,,,,,,,,,,,,,,,,,,,,,,,,,,,,
929,精制石薄弧板,172007,2117,[14],[4],[21594],,,,,,4,1,,3,3,0,797,0,104,1,,,,,,,,,,,,,,,,,,,,,,,,,,,,,,
930,钛合金薄弧板,172008,2118,[14],[4],[21594],,,,,,1,1,,3,3,0,797,0,11330,2,,,,,,,,,,,,,,,,,,,,,,,,,,,,,,
931,黄铜薄弧板,172009,2119,[14],[4],[21594],,,,,,1,1,,3,3,0,797,0,11329,2,,,,,,,,,,,,,,,,,,,,,,,,,,,,,,
932,云母薄弧板,172010,2120,[14],[4],[21594],,,,,,2,1,,3,3,0,797,0,11210,1,,,,,,,,,,,,,,,,,,,,,,,,,,,,,,
933,铁制薄弧板,172011,2121,[14],[4],[21594],,,,,,1,1,,3,3,0,797,0,11209,2,,,,,,,,,,,,,,,,,,,,,,,,,,,,,,
934,炽炎薄弧板,172012,2122,[14],[4],[21594],,,,,,1,1,,3,3,0,797,0,11207,2,,,,,,,,,,,,,,,,,,,,,,,,,,,,,,
935,柠檬黄薄弧板,172013,2123,[14],[4],[21594],,,,,,4,1,,3,3,0,797,0,11323,1,,11540,1,,,,,,,,,,,,,,,,,,,,,,,,,,,
936,苍石灰薄弧板,172014,2124,[14],[4],[21594],,,,,,4,1,,3,3,0,797,0,11323,1,,11507,1,,,,,,,,,,,,,,,,,,,,,,,,,,,
937,深栗红薄弧板,172015,2125,[14],[4],[21594],,,,,,4,1,,3,3,0,797,0,11323,1,,11512,1,,,,,,,,,,,,,,,,,,,,,,,,,,,
938,落日橙薄弧板,172016,2126,[14],[4],[21594],,,,,,4,1,,3,3,0,797,0,11323,1,,11536,1,,,,,,,,,,,,,,,,,,,,,,,,,,,
939,海棠红薄弧板,172017,2127,[14],[4],[21594],,,,,,4,1,,3,3,0,797,0,11323,1,,11506,1,,,,,,,,,,,,,,,,,,,,,,,,,,,
940,象牙白薄弧板,172018,2128,[14],[4],[21594],,,,,,4,1,,3,3,0,797,0,11323,1,,11500,1,,,,,,,,,,,,,,,,,,,,,,,,,,,
941,秋叶橙薄弧板,172019,2129,[14],[4],[21594],,,,,,4,1,,3,3,0,797,0,11323,1,,11537,1,,,,,,,,,,,,,,,,,,,,,,,,,,,
942,薄弧板,172020,2130,[14],[4],[21594],,,,,,4,1,,3,3,0,797,0,11323,1,,,,,,,,,,,,,,,,,,,,,,,,,,,,,,
943,黄砖薄弧板,172021,2131,[14],[4],[21594],,,,,,4,1,,3,3,0,797,0,29,1,,,,,,,,,,,,,,,,,,,,,,,,,,,,,,
944,锰块薄弧板,172022,2132,[14],[4],[21594],,,,,,1,1,,3,3,0,797,0,12614,2,,,,,,,,,,,,,,,,,,,,,,,,,,,,,,
945,浅苍灰薄弧板,172023,2133,[14],[4],[21594],,,,,,4,1,,3,3,0,797,0,11323,1,,11508,1,,,,,,,,,,,,,,,,,,,,,,,,,,,
946,软雪薄弧板,172024,2134,[14],[4],[21594],,,,,,4,1,,3,3,0,797,0,115,1,,,,,,,,,,,,,,,,,,,,,,,,,,,,,,
947,厚雪薄弧板,172025,2135,[14],[4],[21594],,,,,,4,1,,3,3,0,797,0,122,1,,,,,,,,,,,,,,,,,,,,,,,,,,,,,,
948,自然冰薄弧板,172026,2136,[14],[4],[21594],,,,,,4,1,,3,3,0,797,0,123,1,,,,,,,,,,,,,,,,,,,,,,,,,,,,,,
949,永冻冰薄弧板,172027,2137,[14],[4],[21594],,,,,,2,1,,3,3,0,797,0,123,1,,,,,,,,,,,,,,,,,,,,,,,,,,,,,,
950,星球岩竖薄弧板,174001,2138,[15],[4],[21595],,,,,,4,1,,3,3,0,797,0,116,1,,,,,,,,,,,,,,,,,,,,,,,,,,,,,,
951,竹板竖薄弧板,174002,2139,[15],[4],[21595],,,,,,4,1,,3,3,0,797,0,251,1,,,,,,,,,,,,,,,,,,,,,,,,,,,,,,
952,胭脂红竖薄弧板,174003,2140,[15],[4],[21595],,,,,,4,1,,3,3,0,797,0,11323,1,,11502,1,,,,,,,,,,,,,,,,,,,,,,,,,,,
953,水泥砖竖薄弧板,174004,2141,[15],[4],[21595],,,,,,4,1,,3,3,0,797,0,11200,1,,,,,,,,,,,,,,,,,,,,,,,,,,,,,,
954,硫黄砖竖薄弧板,174005,2142,[15],[4],[21595],,,,,,4,1,,3,3,0,797,0,124,1,,,,,,,,,,,,,,,,,,,,,,,,,,,,,,
955,石质竖薄弧板,174006,2143,[15],[4],[21595],,,,,,4,1,,3,3,0,797,0,11627,1,,,,,,,,,,,,,,,,,,,,,,,,,,,,,,
956,精制石竖薄弧板,174007,2144,[15],[4],[21595],,,,,,4,1,,3,3,0,797,0,104,1,,,,,,,,,,,,,,,,,,,,,,,,,,,,,,
957,钛合金竖薄弧板,174008,2145,[15],[4],[21595],,,,,,1,1,,3,3,0,797,0,11330,2,,,,,,,,,,,,,,,,,,,,,,,,,,,,,,
958,黄铜竖薄弧板,174009,2146,[15],[4],[21595],,,,,,1,1,,3,3,0,797,0,11329,2,,,,,,,,,,,,,,,,,,,,,,,,,,,,,,
959,云母竖薄弧板,174010,2147,[15],[4],[21595],,,,,,2,1,,3,3,0,797,0,11210,1,,,,,,,,,,,,,,,,,,,,,,,,,,,,,,
960,铁制竖薄弧板,174011,2148,[15],[4],[21595],,,,,,1,1,,3,3,0,797,0,11209,2,,,,,,,,,,,,,,,,,,,,,,,,,,,,,,
961,炽炎竖薄弧板,174012,2149,[15],[4],[21595],,,,,,1,1,,3,3,0,797,0,11207,2,,,,,,,,,,,,,,,,,,,,,,,,,,,,,,
962,柠檬黄竖薄弧板,174013,2150,[15],[4],[21595],,,,,,4,1,,3,3,0,797,0,11323,1,,11540,1,,,,,,,,,,,,,,,,,,,,,,,,,,,
963,苍石灰竖薄弧板,174014,2151,[15],[4],[21595],,,,,,4,1,,3,3,0,797,0,11323,1,,11507,1,,,,,,,,,,,,,,,,,,,,,,,,,,,
964,深栗红竖薄弧板,174015,2152,[15],[4],[21595],,,,,,4,1,,3,3,0,797,0,11323,1,,11512,1,,,,,,,,,,,,,,,,,,,,,,,,,,,
965,落日橙竖薄弧板,174016,2153,[15],[4],[21595],,,,,,4,1,,3,3,0,797,0,11323,1,,11536,1,,,,,,,,,,,,,,,,,,,,,,,,,,,
966,海棠红竖薄弧板,174017,2154,[15],[4],[21595],,,,,,4,1,,3,3,0,797,0,11323,1,,11506,1,,,,,,,,,,,,,,,,,,,,,,,,,,,
967,象牙白竖薄弧板,174018,2155,[15],[4],[21595],,,,,,4,1,,3,3,0,797,0,11323,1,,11500,1,,,,,,,,,,,,,,,,,,,,,,,,,,,
968,秋叶橙竖薄弧板,174019,2156,[15],[4],[21595],,,,,,4,1,,3,3,0,797,0,11323,1,,11537,1,,,,,,,,,,,,,,,,,,,,,,,,,,,
969,竖薄弧板,174020,2157,[15],[4],[21595],,,,,,4,1,,3,3,0,797,0,11323,1,,,,,,,,,,,,,,,,,,,,,,,,,,,,,,
970,黄砖竖薄弧板,174021,2158,[15],[4],[21595],,,,,,4,1,,3,3,0,797,0,29,1,,,,,,,,,,,,,,,,,,,,,,,,,,,,,,
971,锰块竖薄弧板,174022,2159,[15],[4],[21595],,,,,,1,1,,3,3,0,797,0,12614,2,,,,,,,,,,,,,,,,,,,,,,,,,,,,,,
972,浅苍灰竖薄弧板,174023,2160,[15],[4],[21595],,,,,,4,1,,3,3,0,797,0,11323,1,,11508,1,,,,,,,,,,,,,,,,,,,,,,,,,,,
973,软雪竖薄弧板,174024,2161,[15],[4],[21595],,,,,,4,1,,3,3,0,797,0,115,1,,,,,,,,,,,,,,,,,,,,,,,,,,,,,,
974,厚雪竖薄弧板,174025,2162,[15],[4],[21595],,,,,,4,1,,3,3,0,797,0,122,1,,,,,,,,,,,,,,,,,,,,,,,,,,,,,,
975,自然冰竖薄弧板,174026,2163,[15],[4],[21595],,,,,,4,1,,3,3,0,797,0,123,1,,,,,,,,,,,,,,,,,,,,,,,,,,,,,,
976,永冻冰竖薄弧板,174027,2164,[15],[4],[21595],,,,,,2,1,,3,3,0,797,0,123,1,,,,,,,,,,,,,,,,,,,,,,,,,,,,,,
977,星球岩棱锥,176001,2165,[16],[4],[21596],,,,,,2,1,,3,3,0,797,0,116,1,,,,,,,,,,,,,,,,,,,,,,,,,,,,,,
978,竹板棱锥,176002,2166,[16],[4],[21596],,,,,,2,1,,3,3,1,797,0,251,1,,,,,,,,,,,,,,,,,,,,,,,,,,,,,,
979,胭脂红棱锥,176003,2167,[16],[4],[21596],,,,,,4,1,,3,3,0,797,0,11323,2,,11502,1,,,,,,,,,,,,,,,,,,,,,,,,,,,
980,水泥砖棱锥,176004,2168,[16],[4],[21596],,,,,,2,1,,3,3,0,797,0,11200,1,,,,,,,,,,,,,,,,,,,,,,,,,,,,,,
981,硫黄砖棱锥,176005,2169,[16],[4],[21596],,,,,,2,1,,3,3,0,797,0,124,1,,,,,,,,,,,,,,,,,,,,,,,,,,,,,,
982,石质棱锥,176006,2170,[16],[4],[21596],,,,,,2,1,,3,3,0,797,0,11627,1,,,,,,,,,,,,,,,,,,,,,,,,,,,,,,
983,精制石棱锥,176007,2171,[16],[4],[21596],,,,,,2,1,,3,3,0,797,0,104,1,,,,,,,,,,,,,,,,,,,,,,,,,,,,,,
984,钛合金棱锥,176008,2172,[16],[4],[21596],,,,,,1,1,,3,3,0,797,0,11330,4,,,,,,,,,,,,,,,,,,,,,,,,,,,,,,
985,黄铜棱锥,176009,2173,[16],[4],[21596],,,,,,1,1,,3,3,0,797,0,11329,4,,,,,,,,,,,,,,,,,,,,,,,,,,,,,,
986,云母棱锥,176010,2174,[16],[4],[21596],,,,,,1,1,,3,3,0,797,0,11210,1,,,,,,,,,,,,,,,,,,,,,,,,,,,,,,
987,铁制棱锥,176011,2175,[16],[4],[21596],,,,,,1,1,,3,3,0,797,0,11209,4,,,,,,,,,,,,,,,,,,,,,,,,,,,,,,
988,炽炎棱锥,176012,2176,[16],[4],[21596],,,,,,1,1,,3,3,0,797,0,11207,4,,,,,,,,,,,,,,,,,,,,,,,,,,,,,,
989,柠檬黄棱锥,176013,2177,[16],[4],[21596],,,,,,4,1,,3,3,0,797,0,11323,2,,11540,1,,,,,,,,,,,,,,,,,,,,,,,,,,,
990,苍石灰棱锥,176014,2178,[16],[4],[21596],,,,,,4,1,,3,3,0,797,0,11323,2,,11507,1,,,,,,,,,,,,,,,,,,,,,,,,,,,
991,深栗红棱锥,176015,2179,[16],[4],[21596],,,,,,4,1,,3,3,0,797,0,11323,2,,11512,1,,,,,,,,,,,,,,,,,,,,,,,,,,,
992,落日橙棱锥,176016,2180,[16],[4],[21596],,,,,,4,1,,3,3,0,797,0,11323,2,,11536,1,,,,,,,,,,,,,,,,,,,,,,,,,,,
993,海棠红棱锥,176017,2181,[16],[4],[21596],,,,,,4,1,,3,3,0,797,0,11323,2,,11506,1,,,,,,,,,,,,,,,,,,,,,,,,,,,
994,象牙白棱锥,176018,2182,[16],[4],[21596],,,,,,4,1,,3,3,0,797,0,11323,2,,11500,1,,,,,,,,,,,,,,,,,,,,,,,,,,,
995,秋叶橙棱锥,176019,2183,[16],[4],[21596],,,,,,4,1,,3,3,0,797,0,11323,2,,11537,1,,,,,,,,,,,,,,,,,,,,,,,,,,,
996,棱锥,176020,2184,[16],[4],[21596],,,,,,2,1,,3,3,0,797,0,11323,1,,,,,,,,,,,,,,,,,,,,,,,,,,,,,,
997,黄砖棱锥,176021,2185,[16],[4],[21596],,,,,,2,1,,3,3,0,797,0,29,1,,,,,,,,,,,,,,,,,,,,,,,,,,,,,,
998,锰块棱锥,176022,2186,[16],[4],[21596],,,,,,1,1,,3,3,0,797,0,12614,4,,,,,,,,,,,,,,,,,,,,,,,,,,,,,,
999,浅苍灰棱锥,176023,2187,[16],[4],[21596],,,,,,4,1,,3,3,0,797,0,11323,2,,11508,1,,,,,,,,,,,,,,,,,,,,,,,,,,,
1000,配方模版,206,,,,,,,,,,1,0,,3,3,0,797,0,11323,1,,,,,,,,,,,,,,,,,,,,,,,,,,,,,,
20000,1000-20000插件分配id,,,,,,,,,,,,,,,,,,,,,,,,,,,,,,,,,,,,,,,,,,,,,,,,,,
20001,中式椅子,1811,1713,[3],[4],[21579],,,,,,1,1,,3,3,1,797,0,11323,5,,,,,,,,,,,,,,,,,,,,,,,,,,,,,,
20002,中式桌子,1812,1714,[3],[4],[21579],,,,,,1,1,,3,3,1,797,0,11323,5,,,,,,,,,,,,,,,,,,,,,,,,,,,,,,
20003,中式木椅,1813,1715,[3],[4],[21579],,,,1,,1,1,,3,3,1,797,0,11323,4,,11307,1,,,,,,,,,,,,,,,,,,,,,,,,,,,
20004,中式火炉,1814,0,[7],[2],[21598],,,,1,,1,1,,3,3,0,797,0,11323,3,,501,8,,,,,,,,,,,,,,,,,,,,,,,,,,,
20005,中式柜子,1815,1732,[1],[4],[21584],,,,1,,1,1,,3,3,0,797,0,11323,7,,,,,,,,,,,,,,,,,,,,,,,,,,,,,,
20006,凯蒂猫餐桌,1816,1733,[3],[4],[21579],3,,,1,,1,1,,3,3,0,797,0,11323,5,,,,,,,,,,,,,,,,,,,,,,,,,,,,,,
20007,凯蒂猫沙发,1817,1734,[3],[4],[21579],3,,,1,,1,1,,3,3,0,797,0,11323,5,,11307,1,,,,,,,,,,,,,,,,,,,,,,,,,,,
20008,凯蒂猫公主床,1818,1735,[5],[4],[21532],3,,,1,,1,1,,3,3,0,797,0,11514,3,,11323,3,,11307,3,,,,,,,,,,,,,,,,,,,,,,,,
20009,凯蒂猫衣柜,1819,1736,[1],[4],[21584],3,,,1,,1,1,,3,3,0,797,0,11323,8,,,,,,,,,,,,,,,,,,,,,,,,,,,,,,
20010,凯蒂猫公主椅,1820,1736,[3],[4],[21579],3,,,1,,1,1,,3,3,0,797,0,11323,5,,,,,,,,,,,,,,,,,,,,,,,,,,,,,,
20011,凯蒂猫留言牌,1821,1737,[3],[4],[21545],3,,,1,,1,1,,3,3,0,797,0,11323,1,,505,6,,,,,,,,,,,,,,,,,,,,,,,,,,,
20012,凯蒂猫字牌,1822,1738,[3],[4],[21545],3,,,1,,1,1,,3,3,0,797,0,11323,4,,,,,,,,,,,,,,,,,,,,,,,,,,,,,,
20013,凯蒂猫围栏,1823,1739,[6],[4],[21534],3,,,1,,1,1,,3,3,0,797,0,11323,3,,11500,1,,,,,,,,,,,,,,,,,,,,,,,,,,,
20014,凯蒂猫方块,1824,1740,[5],[4],[21544],3,,,1,,1,1,,3,3,0,797,0,11323,4,,,,,,,,,,,,,,,,,,,,,,,,,,,,,,
20015,大耳狗餐桌,1825,1741,[3],[4],[21579],3,,,1,,1,1,,3,3,0,797,0,11323,5,,,,,,,,,,,,,,,,,,,,,,,,,,,,,,
20016,大耳狗沙发,1826,1742,[3],[4],[21579],3,,,1,,1,1,,3,3,0,797,0,11323,4,,11307,1,,,,,,,,,,,,,,,,,,,,,,,,,,,
20017,大耳狗星愿床,1827,1743,[5],[4],[21532],3,,,1,,1,1,,3,3,0,797,0,11503,3,,11323,3,,11307,3,,,,,,,,,,,,,,,,,,,,,,,,
20018,大耳狗衣柜,1828,1744,[1],[4],[21584],3,,,1,,1,1,,3,3,0,797,0,11323,8,,,,,,,,,,,,,,,,,,,,,,,,,,,,,,
20019,大耳狗椅子,1829,1746,[3],[4],[21579],3,,,1,,1,1,,3,3,0,797,0,11323,5,,,,,,,,,,,,,,,,,,,,,,,,,,,,,,
20020,大耳狗留言牌,1830,1747,[3],[4],[21545],3,,,1,,1,1,,3,3,0,797,0,11323,5,,505,6,,,,,,,,,,,,,,,,,,,,,,,,,,,
20021,大耳狗字牌,1831,1748,[3],[4],[21545],3,,,1,,1,1,,3,3,0,797,0,11323,4,,,,,,,,,,,,,,,,,,,,,,,,,,,,,,
20022,大耳狗围栏,1832,1749,[6],[4],[21534],3,,,1,,1,1,,3,3,0,797,0,11323,3,,11500,1,,,,,,,,,,,,,,,,,,,,,,,,,,,
20023,大耳狗方块,1833,1750,[5],[4],[21544],3,,,1,,1,1,,3,3,0,797,0,11323,4,,,,,,,,,,,,,,,,,,,,,,,,,,,,,,
20024,凯蒂猫门,1834,1751,[7],[4],[21533],3,,,1,,1,1,,3,3,0,797,0,11323,6,,,,,,,,,,,,,,,,,,,,,,,,,,,,,,
20025,酷洛米餐桌,1835,1752,[3],[4],[21579],3,,,1,,1,1,,3,3,0,797,0,11323,3,,,,,,,,,,,,,,,,,,,,,,,,,,,,,,
20026,酷洛米沙发,1836,1753,[3],[4],[21579],3,,,1,,1,1,,3,3,0,797,0,11323,4,,11307,1,,,,,,,,,,,,,,,,,,,,,,,,,,,
20027,酷洛米公主床,1837,1754,[5],[4],[21532],3,,,1,,1,1,,3,3,0,797,0,11503,3,,11323,3,,11307,3,,,,,,,,,,,,,,,,,,,,,,,,
20028,酷洛米衣柜,1838,1745,[1],[4],[21584],3,,,1,,1,1,,3,3,0,797,0,11323,8,,,,,,,,,,,,,,,,,,,,,,,,,,,,,,
20029,酷洛米公主椅,1839,1755,[3],[4],[21579],3,,,1,,1,1,,3,3,0,797,0,11323,5,,,,,,,,,,,,,,,,,,,,,,,,,,,,,,
20030,酷洛米留言牌,1840,1756,[3],[4],[21545],3,,,1,,1,1,,3,3,0,797,0,11323,1,,505,6,,,,,,,,,,,,,,,,,,,,,,,,,,,
20031,酷洛米字牌,1841,1757,[3],[4],[21545],3,,,1,,1,1,,3,3,0,797,0,11323,4,,,,,,,,,,,,,,,,,,,,,,,,,,,,,,
20032,酷洛米围栏,1842,1758,[6],[4],[21534],3,,,1,,1,1,,3,3,0,797,0,11323,3,,11510,1,,,,,,,,,,,,,,,,,,,,,,,,,,,
20033,酷洛米方块,1843,1759,[5],[4],[21544],3,,,1,,1,1,,3,3,0,797,0,11323,4,,,,,,,,,,,,,,,,,,,,,,,,,,,,,,
20034,美乐蒂餐桌,1844,1760,[3],[4],[21579],3,,,1,,1,1,,3,3,0,797,0,11323,5,,,,,,,,,,,,,,,,,,,,,,,,,,,,,,
20035,美乐蒂沙发,1845,1761,[3],[4],[21579],3,,,1,,1,1,,3,3,0,797,0,11323,4,,11307,1,,,,,,,,,,,,,,,,,,,,,,,,,,,
20036,美乐蒂公主床,1846,1762,[5],[4],[21532],3,,,1,,1,1,,3,3,0,797,0,11503,3,,11307,3,,11323,3,,,,,,,,,,,,,,,,,,,,,,,,
20037,美乐蒂衣柜,1847,1763,[1],[4],[21584],3,,,1,,1,1,,3,3,0,797,0,11323,8,,,,,,,,,,,,,,,,,,,,,,,,,,,,,,
20038,美乐蒂公主椅,1848,1764,[3],[4],[21579],3,,,1,,1,1,,3,3,0,797,0,11323,5,,,,,,,,,,,,,,,,,,,,,,,,,,,,,,
20039,美乐蒂留言牌,1849,1765,[3],[4],[21545],3,,,1,,1,1,,3,3,0,797,0,11323,5,,505,6,,,,,,,,,,,,,,,,,,,,,,,,,,,
20040,美乐蒂字牌,1850,1766,[3],[4],[21545],3,,,1,,1,1,,3,3,0,797,0,11323,4,,,,,,,,,,,,,,,,,,,,,,,,,,,,,,
20041,美乐蒂围栏,1851,1767,[6],[4],[21534],3,,,1,,1,1,,3,3,0,797,0,11323,4,,11514,1,,,,,,,,,,,,,,,,,,,,,,,,,,,
20042,美乐蒂方块,1852,1768,[5],[4],[21544],3,,,1,,1,1,,3,3,0,797,0,11323,4,,,,,,,,,,,,,,,,,,,,,,,,,,,,,,
20043,美乐蒂门,1853,1769,[7],[4],[21533],3,,,1,,1,1,,3,3,0,797,0,11323,6,,,,,,,,,,,,,,,,,,,,,,,,,,,,,,
20044,大眼蛙方块,1854,1770,[5],[4],[21544],3,,,1,,1,1,,3,3,0,797,0,11323,4,,,,,,,,,,,,,,,,,,,,,,,,,,,,,,
20045,大眼蛙字牌,1855,1771,[3],[4],[21545],3,,,1,,1,1,,3,3,0,797,0,11323,4,,,,,,,,,,,,,,,,,,,,,,,,,,,,,,
20046,大眼蛙留言牌,1856,1772,[3],[4],[21545],3,,,1,,1,1,,3,3,0,797,0,505,6,,11323,2,,,,,,,,,,,,,,,,,,,,,,,,,,,
20047,大眼蛙围栏,1857,1773,[6],[4],[21534],3,,,1,,1,1,,3,3,0,797,0,11323,3,,11513,1,,,,,,,,,,,,,,,,,,,,,,,,,,,
20048,大眼蛙桌子,1858,1774,[3],[4],[21579],3,,,1,,1,1,,3,3,0,797,0,11323,5,,,,,,,,,,,,,,,,,,,,,,,,,,,,,,
20049,大眼蛙椅子,1859,1775,[3],[4],[21579],3,,,1,,1,1,,3,3,0,797,0,11323,5,,,,,,,,,,,,,,,,,,,,,,,,,,,,,,
20050,大眼蛙沙发,1860,1776,[3],[4],[21579],3,,,1,,1,1,,3,3,0,797,0,11323,4,,11307,1,,,,,,,,,,,,,,,,,,,,,,,,,,,
20051,大眼蛙衣柜,1861,1777,[1],[4],[21584],3,,,1,,1,1,,3,3,0,797,0,11323,8,,,,,,,,,,,,,,,,,,,,,,,,,,,,,,
20052,大眼蛙床,1862,1778,[5],[4],[21532],3,,,1,,1,1,,3,3,0,797,0,11513,3,,11307,3,,11323,3,,,,,,,,,,,,,,,,,,,,,,,,
20053,布丁狗衣柜,1863,1779,[1],[4],[21584],3,,,1,,1,1,,3,3,0,797,0,11323,8,,,,,,,,,,,,,,,,,,,,,,,,,,,,,,
20054,布丁狗床,1864,1780,[5],[4],[21532],3,,,1,,1,1,,3,3,0,797,0,11504,3,,11307,3,,11323,3,,,,,,,,,,,,,,,,,,,,,,,,
20055,布丁狗沙发,1865,1781,[3],[4],[21579],3,,,1,,1,1,,3,3,0,797,0,11323,4,,11307,1,,,,,,,,,,,,,,,,,,,,,,,,,,,
20056,布丁狗桌子,1866,1782,[3],[4],[21579],3,,,1,,1,1,,3,3,0,797,0,11323,5,,,,,,,,,,,,,,,,,,,,,,,,,,,,,,
20057,布丁狗椅子,1867,1783,[3],[4],[21579],3,,,1,,1,1,,3,3,0,797,0,11323,5,,,,,,,,,,,,,,,,,,,,,,,,,,,,,,
20058,布丁狗门,1868,1784,[7],[4],[21533],3,,,1,,1,1,,3,3,0,797,0,11323,6,,,,,,,,,,,,,,,,,,,,,,,,,,,,,,
20059,布丁狗围栏,1869,1785,[6],[4],[21534],3,,,1,,1,1,,3,3,0,797,0,11323,3,,11504,1,,,,,,,,,,,,,,,,,,,,,,,,,,,
20060,布丁狗字牌,1870,1786,[3],[4],[21545],3,,,1,,1,1,,3,3,0,797,0,11323,4,,,,,,,,,,,,,,,,,,,,,,,,,,,,,,
20061,布丁狗留言牌,1871,1787,[3],[4],[21545],3,,,1,,1,1,,3,3,0,797,0,505,6,,11323,1,,,,,,,,,,,,,,,,,,,,,,,,,,,
20062,布丁狗方块,1872,1788,[5],[4],[21544],3,,,1,,1,1,,3,3,0,797,0,11323,4,,,,,,,,,,,,,,,,,,,,,,,,,,,,,,
20063,双子星衣柜,1874,1789,[1],[4],[21584],3,,,1,,1,1,,3,3,0,797,0,11323,8,,,,,,,,,,,,,,,,,,,,,,,,,,,,,,
20064,双子星床,1875,1790,[5],[4],[21532],3,,,1,,1,1,,3,3,0,797,0,11503,3,,11307,3,,11323,3,,,,,,,,,,,,,,,,,,,,,,,,
20065,双子星沙发,1876,1791,[3],[4],[21579],3,,,1,,1,1,,3,3,0,797,0,11323,4,,11307,1,,,,,,,,,,,,,,,,,,,,,,,,,,,
20066,双子星桌子,1877,1792,[3],[4],[21579],3,,,1,,1,1,,3,3,0,797,0,11323,5,,,,,,,,,,,,,,,,,,,,,,,,,,,,,,
20067,双子星椅子,1878,1793,[3],[4],[21579],3,,,1,,1,1,,3,3,0,797,0,11323,5,,,,,,,,,,,,,,,,,,,,,,,,,,,,,,
20068,双子星门,1879,1794,[7],[4],[21533],3,,,1,,1,1,,3,3,0,797,0,11323,4,,,,,,,,,,,,,,,,,,,,,,,,,,,,,,
20069,双子星围栏,1880,1795,[6],[4],[21534],3,,,1,,1,1,,3,3,0,797,0,11323,3,,11510,1,,,,,,,,,,,,,,,,,,,,,,,,,,,
20070,双子星字牌,1881,1796,[3],[4],[21545],3,,,1,,1,1,,3,3,0,797,0,11323,4,,,,,,,,,,,,,,,,,,,,,,,,,,,,,,
20071,双子星留言牌,1882,1797,[3],[4],[21545],3,,,1,,1,1,,3,3,0,797,0,505,6,,11323,1,,,,,,,,,,,,,,,,,,,,,,,,,,,
20072,双子星方块,1883,1798,[5],[4],[21544],3,,,1,,1,1,,3,3,0,797,0,11323,4,,,,,,,,,,,,,,,,,,,,,,,,,,,,,,
20073,星河地板,201600,1799,[7],[4],[21544],,,,1,,1,0,,3,3,0,797,0,11329,2,,,,,,,,,,,,,,,,,,,,,,,,,,,,,,
20074,星河门,201601,1800,[7],[4],[21533],,,,1,,1,0,,3,3,0,797,0,11329,4,,,,,,,,,,,,,,,,,,,,,,,,,,,,,,
20075,星河视窗,201602,1801,[3],[4],[21579],,,,1,,1,0,,3,3,0,797,0,11329,2,,632,1,,,,,,,,,,,,,,,,,,,,,,,,,,,
20076,星河窗帘,201603,1802,[5],[4],[21579],,,,1,,1,0,,3,3,0,797,0,11329,1,,12600,1,,,,,,,,,,,,,,,,,,,,,,,,,,,
20077,星河小圆凳,201604,1803,[5],[4],[21579],,,,1,,1,0,,3,3,0,797,0,11329,2,,11307,1,,,,,,,,,,,,,,,,,,,,,,,,,,,
20078,星河沙发椅,201605,1804,[5],[4],[21579],,,,1,,1,0,,3,3,0,797,0,11329,3,,11307,1,,,,,,,,,,,,,,,,,,,,,,,,,,,
20079,星河大沙发,201606,1805,[5],[4],[21579],,,,1,,1,0,,3,3,0,797,0,11329,5,,11307,2,,,,,,,,,,,,,,,,,,,,,,,,,,,
20080,星河床,201607,1806,[5],[4],[21532],,,,1,,1,0,,3,3,0,797,0,11329,5,,11307,3,,,,,,,,,,,,,,,,,,,,,,,,,,,
20081,星河抽屉柜,201608,1807,[7],[4],[21584],,,,1,,1,0,,3,3,0,797,0,11329,3,,,,,,,,,,,,,,,,,,,,,,,,,,,,,,
20082,星河衣橱,201609,1808,[7],[4],[21584],,,,1,,1,0,,3,3,0,797,0,11329,5,,,,,,,,,,,,,,,,,,,,,,,,,,,,,,
20083,星河方桌,201610,1809,[5],[4],[21579],,,,1,,1,0,,3,3,0,797,0,11329,3,,,,,,,,,,,,,,,,,,,,,,,,,,,,,,
20084,星河星象吊灯,201611,1810,[7],[4],[21522],,,,1,,1,0,,3,3,0,797,0,11329,2,,632,2,,,,,,,,,,,,,,,,,,,,,,,,,,,
20085,星河壁炉,201612,1811,[7],[4],[21522],,,,1,,1,0,,3,3,0,797,0,11329,3,,11323,2,,1200,1,,,,,,,,,,,,,,,,,,,,,,,,
20086,星河吊饰,201613,1812,[5],[4],[21579],,,,1,,1,0,,3,3,0,797,0,11329,2,,632,1,,,,,,,,,,,,,,,,,,,,,,,,,,,
20087,星河地毯,201614,1813,[3],[4],[21582],,,,1,,1,0,,3,3,0,797,0,12600,5,,,,,,,,,,,,,,,,,,,,,,,,,,,,,,
20088,星河写作台,201615,1814,[3],[4],[21582],,,,1,,1,0,,3,3,0,797,0,11322,2,,11329,2,,11323,4,,,,,,,,,,,,,,,,,,,,,,,,
20089,星河水晶球,201616,1815,[3],[4],[21582],,,,1,,1,0,,3,3,0,797,0,632,1,,11329,1,,,,,,,,,,,,,,,,,,,,,,,,,,,
20090,云朵蓝方块,201617,1816,[7],[4],[21544],,,,1,,3,0,,3,3,0,797,0,11210,3,,11503,1,,,,,,,,,,,,,,,,,,,,,,,,,,,
20091,云朵粉方块,201618,1817,[7],[4],[21544],,,,1,,3,0,,3,3,0,797,0,11210,3,,11514,1,,,,,,,,,,,,,,,,,,,,,,,,,,,
20092,云朵紫方块,201619,1818,[7],[4],[21544],,,,1,,3,0,,3,3,0,797,0,11210,3,,11542,1,,,,,,,,,,,,,,,,,,,,,,,,,,,
20093,云朵门,201620,1819,[7],[4],[21533],,,,1,,1,0,,3,3,0,797,0,11210,3,,,,,,,,,,,,,,,,,,,,,,,,,,,,,,
20094,云朵视窗,201621,1820,[3],[4],[21579],,,,1,,1,0,,3,3,0,797,0,11210,2,,,,,,,,,,,,,,,,,,,,,,,,,,,,,,
20095,云朵天窗,201622,1821,[3],[4],[21579],,,,1,,1,0,,3,3,0,797,0,11210,2,,,,,,,,,,,,,,,,,,,,,,,,,,,,,,
20096,云朵阶梯,201623,1822,[8],[4],[21586],,,,1,,1,0,,3,3,0,797,0,11210,1,,,,,,,,,,,,,,,,,,,,,,,,,,,,,,
20097,云朵沙发,201624,1823,[5],[4],[21579],,,,1,,1,0,,3,3,0,797,0,11210,3,,14016,1,,,,,,,,,,,,,,,,,,,,,,,,,,,
20098,云朵躺椅,201625,1824,[5],[4],[21579],,,,1,,1,0,,3,3,0,797,0,11210,3,,14016,1,,,,,,,,,,,,,,,,,,,,,,,,,,,
20099,云朵软床,201626,1825,[5],[4],[21532],,,,1,,1,0,,3,3,0,797,0,11210,6,,14016,3,,,,,,,,,,,,,,,,,,,,,,,,,,,
20100,云朵衣橱,201627,1826,[7],[4],[21584],,,,1,,1,0,,3,3,0,797,0,11210,6,,,,,,,,,,,,,,,,,,,,,,,,,,,,,,
20101,云朵小储物箱,201628,1827,[7],[4],[21584],,,,1,,1,0,,3,3,0,797,0,11210,3,,,,,,,,,,,,,,,,,,,,,,,,,,,,,,
20102,云朵大储物箱,201629,1828,[7],[4],[21584],,,,1,,1,0,,3,3,0,797,0,11210,6,,,,,,,,,,,,,,,,,,,,,,,,,,,,,,
20103,云朵圆桌,201630,1829,[5],[4],[21579],,,,1,,1,0,,3,3,0,797,0,11210,3,,,,,,,,,,,,,,,,,,,,,,,,,,,,,,
20104,云朵花盆,201631,1830,[3],[4],[21582],,,,1,,1,0,,3,3,0,797,0,12756,2,,,,,,,,,,,,,,,,,,,,,,,,,,,,,,
20105,云朵壁灯,201632,1831,[7],[4],[21522],,,,1,,1,0,,3,3,0,797,0,649,2,,11201,2,,,,,,,,,,,,,,,,,,,,,,,,,,,
20106,云朵吊灯,201633,1832,[7],[4],[21522],,,,1,,1,0,,3,3,0,797,0,11210,2,,11201,2,,,,,,,,,,,,,,,,,,,,,,,,,,,
20107,云朵地毯,201634,1833,[3],[4],[21582],,,,1,,1,0,,3,3,0,797,0,14016,2,,,,,,,,,,,,,,,,,,,,,,,,,,,,,,
20108,云朵留言板,201635,1834,[3],[4],[21545],,,,1,,1,0,,3,3,0,797,0,11210,2,,12755,1,,,,,,,,,,,,,,,,,,,,,,,,,,,
20109,云朵场景摆件,201636,1835,[3],[4],[21582],,,,1,,1,0,,3,3,0,797,0,11210,1,,12600,2,,,,,,,,,,,,,,,,,,,,,,,,,,,
20110,云朵喷泉,201637,1836,[3],[4],[21582],,,,1,,1,0,,3,3,0,797,0,11210,5,,632,1,,,,,,,,,,,,,,,,,,,,,,,,,,,
20111,奶牛凳子,201639,1850,[5],[4],[21579],,,,1,,1,0,,3,3,0,797,0,11323,3,,11307,1,,,,,,,,,,,,,,,,,,,,,,,,,,,
20112,狗狗茶几,201640,1850,[5],[4],[21579],,,,1,,1,0,,3,3,0,797,0,11323,4,,,·,,,,,,,,,,,,,,,,,,,,,,,,,,,
20113,宠物坐垫,201641,1850,[5],[4],[21579],,,,1,,1,0,,3,3,0,797,0,14016,2,,,,,,,,,,,,,,,,,,,,,,,,,,,,,,
20114,宠物地垫,201642,1850,[3],[4],[21582],,,,1,,1,0,,3,3,0,797,0,14016,3,,,,,,,,,,,,,,,,,,,,,,,,,,,,,,
20115,储物格,201643,1850,[31],[4],[21557],,,,1,,1,0,,3,3,0,797,0,11323,4,,,,,,,,,,,,,,,,,,,,,,,,,,,,,,
20116,置物格,201644,1850,[31],[4],[21557],,,,1,,1,0,,3,3,0,797,0,11323,4,,,,,,,,,,,,,,,,,,,,,,,,,,,,,,
20117,熊猫壁灯,201645,1850,[7],[4],[21522],,,,1,,1,0,,3,3,0,797,0,11210,1,,11201,2,,,,,,,,,,,,,,,,,,,,,,,,,,,
20118,兔子灯,201646,1850,[7],[4],[21522],,,,1,,1,0,,3,3,0,797,0,11210,3,,11201,2,,,,,,,,,,,,,,,,,,,,,,,,,,,
20119,猫猫顶灯,201647,1850,[7],[4],[21522],,,,1,,1,0,,3,3,0,797,0,649,2,,11201,2,,,,,,,,,,,,,,,,,,,,,,,,,,,
20120,泡泡吊灯,201648,1850,[7],[4],[21522],,,,1,,1,0,,3,3,0,797,0,11210,2,,11201,2,,,,,,,,,,,,,,,,,,,,,,,,,,,
20121,树枝灯,201649,1850,[7],[4],[21522],,,,1,,1,0,,3,3,0,797,0,11323,3,,632,1,,11201,2,,,,,,,,,,,,,,,,,,,,,,,,
20122,平衡木,201650,1850,[3],[4],[21582],,,,1,,1,0,,3,3,0,797,0,11323,6,,,,,,,,,,,,,,,,,,,,,,,,,,,,,,
20123,木地板,201651,1850,[7],[4],[21544],,,,1,,1,0,,3,3,0,797,0,11323,4,,,,,,,,,,,,,,,,,,,,,,,,,,,,,,
20124,猫架基座平板,201652,1850,[7],[4],[21544],,,,1,,1,0,,3,3,0,797,0,11323,4,,,,,,,,,,,,,,,,,,,,,,,,,,,,,,
20125,猫架半板带单柱,201653,1850,[7],[4],[21544],,,,1,,1,0,,3,3,0,797,0,11323,4,,,,,,,,,,,,,,,,,,,,,,,,,,,,,,
20126,猫架楼梯,201654,1850,[7],[4],[21544],,,,1,,1,0,,3,3,0,797,0,11323,2,,,,,,,,,,,,,,,,,,,,,,,,,,,,,,
20127,猫架圆顶带单柱,201655,1850,[7],[4],[21544],,,,1,,1,0,,3,3,0,797,0,11323,3,,14016,1,,,,,,,,,,,,,,,,,,,,,,,,,,,
20128,猫架方箱,201656,1850,[7],[4],[21544],,,,1,,1,0,,3,3,0,797,0,11323,4,,,,,,,,,,,,,,,,,,,,,,,,,,,,,,
20129,花小楼沙发,201660,1840,[5],[4],[21579],,,,1,,1,0,,3,3,0,797,0,11323,3,,11307,1,,,,,,,,,,,,,,,,,,,,,,,,,,,
20130,花小楼床,201661,1840,[5],[4],[21532],,,,1,,1,0,,3,3,0,797,0,11323,5,,11307,3,,,,,,,,,,,,,,,,,,,,,,,,,,,
20131,花小楼衣柜,201662,1840,[7],[4],[21584],,,,1,,1,0,,3,3,0,797,0,11323,8,,,,,,,,,,,,,,,,,,,,,,,,,,,,,,
20132,花小楼方桌,201663,1840,[5],[4],[21579],,,,1,,1,0,,3,3,0,797,0,11323,3,,11210,1,,,,,,,,,,,,,,,,,,,,,,,,,,,
20133,花小楼暖炉,201664,1840,[7],[4],[21522],,,,1,,1,0,,3,3,0,797,0,104,4,,11323,2,,1200,1,,,,,,,,,,,,,,,,,,,,,,,,
20134,花小楼冰箱,201665,1840,[7],[4],[21584],,,,1,,1,0,,3,3,0,797,0,11209,5,,11329,5,,,,,,,,,,,,,,,,,,,,,,,,,,,
20135,花小楼方柜,201666,1840,[7],[4],[21584],,,,1,,1,0,,3,3,0,797,0,11323,4,,,,,,,,,,,,,,,,,,,,,,,,,,,,,,
20136,流星雨烟花,12631,2395,[1],[1],[21576],[3],,MeteorShowerFirework,,MeteorShowerFirework,1,0,,3,3,0,797,0,11715,1,,11516,1,,15080,1,,,,,,,,,,,,,,,,,,,,,,0.1,,
20137,星谕梦榻,201667,1841,[5],[4],[21532],,,,1,,1,0,,3,3,0,797,0,11323,5,,11307,3,,,,,,,,,,,,,,,,,,,,,,,,,,,
20138,星谕书柜,201668,1841,[7],[4],[21584],,,,1,,1,0,,3,3,0,797,0,11323,8,,,,,,,,,,,,,,,,,,,,,,,,,,,,,,
20139,星谕门扉,201669,1841,[7],[4],[21533],,,,1,,1,0,,3,3,0,797,0,11323,3,,,,,,,,,,,,,,,,,,,,,,,,,,,,,,
20140,星谕摇椅,201670,1841,[5],[4],[21579],,,,1,,1,0,,3,3,0,797,0,11323,3,,14016,1,,,,,,,,,,,,,,,,,,,,,,,,,,,
20141,星谕方桌,201671,1841,[5],[4],[21579],,,,1,,1,0,,3,3,0,797,0,11323,3,,11627,1,,,,,,,,,,,,,,,,,,,,,,,,,,,
20142,星谕衣橱,201672,1841,[7],[4],[21584],,,,1,,1,0,,3,3,0,797,0,11323,8,,,,,,,,,,,,,,,,,,,,,,,,,,,,,,
20143,星谕壁炉,201673,1841,[7],[4],[21522],,,,1,,1,0,,3,3,0,797,0,11323,2,,104,4,,1200,1,,,,,,,,,,,,,,,,,,,,,,,,
20144,星谕琉窗,201674,1841,[3],[4],[21579],,,,1,,1,0,,3,3,0,797,0,11323,2,,,,,,,,,,,,,,,,,,,,,,,,,,,,,,
20145,星谕织毯,201675,1841,[3],[4],[21582],,,,1,,1,0,,3,3,0,797,0,11323,2,,,,,,,,,,,,,,,,,,,,,,,,,,,,,,
20146,星谕晶灯,201676,1841,[7],[4],[21522],,,,1,,1,0,,3,3,0,797,0,11323,2,,11201,2,,,,,,,,,,,,,,,,,,,,,,,,,,,
20999,20001-20999为商业化预留,,,,,,,,,,,,,,,,,,,,,,,,,,,,,,,,,,,,,,,,,,,,,,,,,,
21000,软雪棱锥,176024,2188,[16],[4],[21596],,,,,,2,1,,3,3,0,797,0,115,1,,,,,,,,,,,,,,,,,,,,,,,,,,,,,,
21001,厚雪棱锥,176025,2189,[16],[4],[21596],,,,,,2,1,,3,3,0,797,0,122,1,,,,,,,,,,,,,,,,,,,,,,,,,,,,,,
21002,自然冰棱锥,176026,2190,[16],[4],[21596],,,,,,2,1,,3,3,0,797,0,123,1,,,,,,,,,,,,,,,,,,,,,,,,,,,,,,
21003,永冻冰棱锥,176027,2191,[16],[4],[21596],,,,,,1,1,,3,3,0,797,0,123,1,,,,,,,,,,,,,,,,,,,,,,,,,,,,,,
21004,石剑,12012,16,"[16,16]","[0,1]","[21565,21568]","[1,2]",,StoneSword,,StoneSword,1,1,,3,3,1,11000,0,11627,3,,11323,2,,,,,,,,,,,,,,,,,,,,,,,,,0.1,,
21005,木盾,12317,16,"[17,17]","[0,1]","[21565,21568]","[1,2]",,WoodenShield,,WoodenShield,1,1,,3,3,1,11000,0,11323,4,,,,,,,,,,,,,,,,,,,,,,,,,,,,0.1,,
21006,黄铜盾,12318,1101,[13],[1],[21568],"[1,2]",,BrassShield,,BrassShield,1,1,,3,3,1,797,0,11329,4,,,,,,,,,,,,,,,,,,,,,,,,,,,,,,
21007,钛金盾,12319,1101,[4],[1],[21568],"[1,2]",,TitaniumShield,,TitaniumShield,1,1,,3,3,1,797,0,11330,4,,,,,,,,,,,,,,,,,,,,,,,,,,,,,,
21008,能量矛,12013,1105,[2],[1],[21568],"[1,2]",,EnergySpear,,EnergySpear,1,1,,3,3,1,797,0,11203,5,,,,,11323,2,,,,,,,,,,,,,,,,,,,,,,0.1,,
21009,石料,11627,10,"[7,2]","[0,2]","[21565,21577]",,,,,,2,1,,3,3,0,11000,0,116,1,,,,,,,,,,,,,,,,,,,,,,,,,,,,0.1,,
21010,小份水果拼盘,150101,1,[1],"[7,8]",,,,,,,1,0,,3,3,1,794,100,12506,1,,,,,,,,,,,,,,,,,,,,,,,,,,,,,,
21011,小份炒蔬菜,150102,1,[1],"[7,8]",,,,,,,1,0,,3,3,1,794,100,12621,1,,,,,,,,,,,,,,,,,,,,,,,,,,,,,,
21012,小份煎肉排,150103,1,[1],"[7,8]",,,,,,,1,0,,3,3,1,794,100,12513,1,,,,,,,,,,,,,,,,,,,,,,,,,,,,,,
21013,小份煎鱼,150104,1,[1],"[7,8]",,,,,,,1,0,,3,3,1,794,100,12496,1,,,,,,,,,,,,,,,,,,,,,,,,,,,,,,
21014,小份蒸玉米,150105,1,[1],"[7,8]",,,,,,,1,0,,3,3,0,794,100,200141,1,,,,,,,,,,,,,,,,,,,,,,,,,,,,,,
21015,小份蒸番薯,150106,1,[1],"[7,8]",,,,,,,1,0,,3,3,0,794,100,200147,1,,,,,,,,,,,,,,,,,,,,,,,,,,,,,,
21016,小份一碗饭,150107,1,[1],"[7,8]",,,,,,,1,0,,3,3,0,794,100,200150,1,,,,,,,,,,,,,,,,,,,,,,,,,,,,,,
21019,煎肉排,150110,1,[1],"[7,8]",,,,,,,1,0,,3,3,1,794,100,12513,1,,12513,1,,,,,,,,,,,,,,,,,,,,,,,,,,,
21020,鲜肉沙拉,150111,1,[1],"[7,8]",,,,,,,1,0,,3,3,1,794,100,12513,1,,12506,1,,,,,,,,,,,,,,,,,,,,,,,,,,,
21021,蔬菜炒肉,150112,1,[1],"[7,8]",,,,,,,1,0,,3,3,1,794,100,12513,1,,12621,1,,,,,,,,,,,,,,,,,,,,,,,,,,,
21022,海陆大餐,150113,1,[1],"[7,8]",,,,,,,1,0,,3,3,1,794,100,12513,1,,12496,1,,,,,,,,,,,,,,,,,,,,,,,,,,,
21023,鲜肉炒饭,150114,1,[1],"[7,8]",,,,,,,1,0,,3,3,1,794,100,12513,1,,200150,1,,,,,,,,,,,,,,,,,,,,,,,,,,,
21024,水果拼盘,12501,1,[1],"[7,8]",,,,FreshFruitPlatter,,FreshFruitPlatter,1,0,,3,3,1,794,100,12506,1,,12506,1,,,,,,,,,,,,,,,,,,,,,,,,,,,
21025,果蔬沙拉,150115,1,[1],"[7,8]",,,,,,,1,0,,3,3,1,794,100,12506,1,,12621,1,,,,,,,,,,,,,,,,,,,,,,,,,,,
21026,海鲜沙拉,150116,1,[1],"[7,8]",,,,,,,1,0,,3,3,1,794,100,12506,1,,12496,1,,,,,,,,,,,,,,,,,,,,,,,,,,,
21027,水果饭团,150117,1,[1],"[7,8]",,,,,,,1,0,,3,3,1,794,100,12506,1,,200150,1,,,,,,,,,,,,,,,,,,,,,,,,,,,
21028,炒蔬菜,150118,1,[1],"[7,8]",,,,,,,1,0,,3,3,1,794,100,12621,1,,12621,1,,,,,,,,,,,,,,,,,,,,,,,,,,,
21029,蔬菜炒海鲜,150119,1,[1],"[7,8]",,,,,,,1,0,,3,3,1,794,100,12621,1,,12496,1,,,,,,,,,,,,,,,,,,,,,,,,,,,
21030,蔬菜饭团,150120,1,[1],"[7,8]",,,,,,,1,0,,3,3,1,794,100,12621,1,,200150,1,,,,,,,,,,,,,,,,,,,,,,,,,,,
21031,煎鱼,150121,1,[1],"[7,8]",,,,,,,1,0,,3,3,1,794,100,12496,1,,12496,1,,,,,,,,,,,,,,,,,,,,,,,,,,,
21032,海鲜炒饭,150122,1,[1],"[7,8]",,,,,,,1,0,,3,3,1,794,100,12496,1,,200150,1,,,,,,,,,,,,,,,,,,,,,,,,,,,
21033,一碗饭,12529,1,[1],"[7,8]",,,,CookedRice,,CookedRice,1,0,,3,3,0,794,200,200150,1,,200150,1,,,,,,,,,,,,,,,,,,,,,,,,,,,
21034,蒸玉米,150123,1,[1],"[7,8]",,,,,,,1,0,,3,3,0,794,100,200141,1,,200141,1,,,,,,,,,,,,,,,,,,,,,,,,,,,
21035,蒸番薯,150124,1,[1],"[7,8]",,,,,,,1,0,,3,3,0,794,100,200147,1,,200147,1,,,,,,,,,,,,,,,,,,,,,,,,,,,
21036,大份煎肉排,150127,1,[1],"[7,8]",,,,,,,1,0,,3,3,1,794,100,12513,1,,12513,1,,12513,1,,,,,,,,,,,,,,,,,,,,,,,,
21039,大份鲜肉沙拉,150128,1,[1],"[7,8]",,,,,,,1,0,,3,3,1,794,100,12513,1,,12513,1,,12506,1,,,,,,,,,,,,,,,,,,,,,,,,
21040,大份蔬菜炒肉,150129,1,[1],"[7,8]",,,,,,,1,0,,3,3,1,794,100,12513,1,,12513,1,,12621,1,,,,,,,,,,,,,,,,,,,,,,,,
21041,大份海陆大餐,150130,1,[1],"[7,8]",,,,,,,1,0,,3,3,1,794,100,12513,1,,12513,1,,12496,1,,,,,,,,,,,,,,,,,,,,,,,,
21042,大份鲜肉炒饭,150131,1,[1],"[7,8]",,,,,,,1,0,,3,3,1,794,100,12513,1,,12513,1,,200150,1,,,,,,,,,,,,,,,,,,,,,,,,
21043,大份鲜肉沙拉,150128,1,[1],"[7,8]",,,,,,,1,0,,3,3,1,794,100,12513,1,,12506,1,,12506,1,,,,,,,,,,,,,,,,,,,,,,,,
21044,果蔬鲜肉拼盘,150132,1,[1],"[7,8]",,,,,,,1,0,,3,3,1,794,100,12513,1,,12506,1,,12621,1,,,,,,,,,,,,,,,,,,,,,,,,
21045,海陆水果沙拉,150133,1,[1],"[7,8]",,,,,,,1,0,,3,3,1,794,100,12513,1,,12506,1,,12496,1,,,,,,,,,,,,,,,,,,,,,,,,
21046,鲜肉水果饭团,150134,1,[1],"[7,8]",,,,,,,1,0,,3,3,1,794,100,12513,1,,200150,1,,12506,1,,,,,,,,,,,,,,,,,,,,,,,,
21047,大份蔬菜炒肉,150129,1,[1],"[7,8]",,,,,,,1,0,,3,3,1,794,100,12513,1,,12621,1,,12621,1,,,,,,,,,,,,,,,,,,,,,,,,
21048,海陆菜包,150135,1,[1],"[7,8]",,,,,,,1,0,,3,3,1,794,100,12513,1,,12621,1,,12496,1,,,,,,,,,,,,,,,,,,,,,,,,
21049,鲜肉蔬菜炒饭,150136,1,[1],"[7,8]",,,,,,,1,0,,3,3,1,794,100,12513,1,,12621,1,,200150,1,,,,,,,,,,,,,,,,,,,,,,,,
21050,大份海陆大餐,150130,1,[1],"[7,8]",,,,,,,1,0,,3,3,1,794,100,12513,1,,12496,1,,12496,1,,,,,,,,,,,,,,,,,,,,,,,,
21051,海陆炒饭,150137,1,[1],"[7,8]",,,,,,,1,0,,3,3,1,794,100,12513,1,,12496,1,,200150,1,,,,,,,,,,,,,,,,,,,,,,,,
21052,大份鲜肉炒饭,150131,1,[1],"[7,8]",,,,,,,1,0,,3,3,1,794,100,12513,1,,200150,1,,200150,1,,,,,,,,,,,,,,,,,,,,,,,,
21053,大份水果拼盘,150138,1,[1],"[7,8]",,,,,,,1,0,,3,3,1,794,100,12506,1,,12506,1,,12506,1,,,,,,,,,,,,,,,,,,,,,,,,
21054,大份果蔬沙拉,150139,1,[1],"[7,8]",,,,,,,1,0,,3,3,1,794,100,12506,1,,12506,1,,12621,1,,,,,,,,,,,,,,,,,,,,,,,,
21055,大份海鲜沙拉,150140,1,[1],"[7,8]",,,,,,,1,0,,3,3,1,794,100,12506,1,,12506,1,,12496,1,,,,,,,,,,,,,,,,,,,,,,,,
21056,大份水果饭团,150141,1,[1],"[7,8]",,,,,,,1,0,,3,3,1,794,100,12506,1,,12506,1,,200150,1,,,,,,,,,,,,,,,,,,,,,,,,
21057,大份果蔬沙拉,150139,1,[1],"[7,8]",,,,,,,1,0,,3,3,1,794,100,12506,1,,12621,1,,12621,1,,,,,,,,,,,,,,,,,,,,,,,,
21058,果蔬烤鱼拼盘,150142,1,[1],"[7,8]",,,,,,,1,0,,3,3,1,794,100,12506,1,,12621,1,,12496,1,,,,,,,,,,,,,,,,,,,,,,,,
21059,果蔬饭团,150143,1,[1],"[7,8]",,,,,,,1,0,,3,3,1,794,100,12506,1,,12621,1,,200150,1,,,,,,,,,,,,,,,,,,,,,,,,
21060,大份海鲜沙拉,150140,1,[1],"[7,8]",,,,,,,1,0,,3,3,1,794,100,12506,1,,12496,1,,12496,1,,,,,,,,,,,,,,,,,,,,,,,,
21061,海鲜水果饭团,150144,1,[1],"[7,8]",,,,,,,1,0,,3,3,1,794,100,12506,1,,12496,1,,200150,1,,,,,,,,,,,,,,,,,,,,,,,,
21062,大份水果饭团,150141,1,[1],"[7,8]",,,,,,,1,0,,3,3,1,794,100,12506,1,,200150,1,,200150,1,,,,,,,,,,,,,,,,,,,,,,,,
21063,大份炒蔬菜,150145,1,[1],"[7,8]",,,,,,,1,0,,3,3,1,794,100,12621,1,,12621,1,,12621,1,,,,,,,,,,,,,,,,,,,,,,,,
21064,大份蔬菜炒海鲜,150146,1,[1],"[7,8]",,,,,,,1,0,,3,3,1,794,100,12621,1,,12621,1,,12496,1,,,,,,,,,,,,,,,,,,,,,,,,
21065,大份蔬菜饭团,150147,1,[1],"[7,8]",,,,,,,1,0,,3,3,1,794,100,12621,1,,12621,1,,200150,1,,,,,,,,,,,,,,,,,,,,,,,,
21066,大份蔬菜炒海鲜,150146,1,[1],"[7,8]",,,,,,,1,0,,3,3,1,794,100,12621,1,,12496,1,,12496,1,,,,,,,,,,,,,,,,,,,,,,,,
21067,鲜鱼蔬菜炒饭,150148,1,[1],"[7,8]",,,,,,,1,0,,3,3,1,794,100,12621,1,,12496,1,,200150,1,,,,,,,,,,,,,,,,,,,,,,,,
21068,大份蔬菜饭团,150147,1,[1],"[7,8]",,,,,,,1,0,,3,3,1,794,100,12621,1,,200150,1,,200150,1,,,,,,,,,,,,,,,,,,,,,,,,
21069,大份煎鱼,150149,1,[1],"[7,8]",,,,,,,1,0,,3,3,1,794,100,12496,1,,12496,1,,12496,1,,,,,,,,,,,,,,,,,,,,,,,,
21070,大份海鲜炒饭,150150,1,[1],"[7,8]",,,,,,,1,0,,3,3,1,794,100,12496,1,,12496,1,,200150,1,,,,,,,,,,,,,,,,,,,,,,,,
21071,大份海鲜炒饭,150150,1,[1],"[7,8]",,,,,,,1,0,,3,3,1,794,100,12496,1,,200150,1,,200150,1,,,,,,,,,,,,,,,,,,,,,,,,
21072,大碗饭,150151,1,[1],"[7,8]",,,,,,,1,0,,3,3,0,794,100,200150,1,,200150,1,,200150,1,,,,,,,,,,,,,,,,,,,,,,,,
21073,大份蒸玉米,150152,1,[1],"[7,8]",,,,,,,1,0,,3,3,0,794,100,200141,1,,200141,1,,200141,1,,,,,,,,,,,,,,,,,,,,,,,,
21074,大份蒸番薯,150153,1,[1],"[7,8]",,,,,,,1,0,,3,3,0,794,100,200147,1,,200147,1,,200147,1,,,,,,,,,,,,,,,,,,,,,,,,
21077,豪华煎肉排,150189,1,[1],"[7,8]",,,,,,,1,0,,3,3,1,794,100,12513,1,,12513,1,,12513,1,,12513,1,,,,,,,,,,,,,,,,,,,,,
21078,豪华鲜肉沙拉,150156,1,[1],"[7,8]",,,,,,,1,0,,3,3,1,794,100,12513,1,,12513,1,,12513,1,,12506,1,,,,,,,,,,,,,,,,,,,,,
21079,豪华蔬菜炒肉,150157,1,[1],"[7,8]",,,,,,,1,0,,3,3,1,794,100,12513,1,,12513,1,,12513,1,,12621,1,,,,,,,,,,,,,,,,,,,,,
21080,豪华海陆大餐,150158,1,[1],"[7,8]",,,,,,,1,0,,3,3,1,794,100,12513,1,,12513,1,,12513,1,,12496,1,,,,,,,,,,,,,,,,,,,,,
21081,豪华鲜肉炒饭,150159,1,[1],"[7,8]",,,,,,,1,0,,3,3,1,794,100,12513,1,,12513,1,,12513,1,,200150,1,,,,,,,,,,,,,,,,,,,,,
21082,豪华鲜肉沙拉,150156,1,[1],"[7,8]",,,,,,,1,0,,3,3,1,794,100,12513,1,,12513,1,,12506,1,,12506,1,,,,,,,,,,,,,,,,,,,,,
21083,豪华果蔬鲜肉拼盘,150160,1,[1],"[7,8]",,,,,,,1,0,,3,3,1,794,100,12513,1,,12513,1,,12506,1,,12621,1,,,,,,,,,,,,,,,,,,,,,
21084,豪华海陆水果沙拉,150161,1,[1],"[7,8]",,,,,,,1,0,,3,3,1,794,100,12513,1,,12513,1,,12506,1,,12496,1,,,,,,,,,,,,,,,,,,,,,
21085,豪华鲜肉水果饭团,150162,1,[1],"[7,8]",,,,,,,1,0,,3,3,1,794,100,12513,1,,12513,1,,12506,1,,200150,1,,,,,,,,,,,,,,,,,,,,,
21086,豪华蔬菜炒肉,150157,1,[1],"[7,8]",,,,,,,1,0,,3,3,1,794,100,12513,1,,12513,1,,12621,1,,12621,1,,,,,,,,,,,,,,,,,,,,,
21087,豪华海陆菜包,150163,1,[1],"[7,8]",,,,,,,1,0,,3,3,1,794,100,12513,1,,12513,1,,12621,1,,12496,1,,,,,,,,,,,,,,,,,,,,,
21088,豪华鲜肉蔬菜炒饭,150164,1,[1],"[7,8]",,,,,,,1,0,,3,3,1,794,100,12513,1,,12513,1,,12621,1,,200150,1,,,,,,,,,,,,,,,,,,,,,
21089,豪华海陆大餐,150158,1,[1],"[7,8]",,,,,,·,1,0,,3,3,1,794,100,12513,1,,12513,1,,12496,1,,12496,1,,,,,,,,,,,,,,,,,,,,,
21090,豪华海陆炒饭,150165,1,[1],"[7,8]",,,,,,,1,0,,3,3,1,794,100,12513,1,,12513,1,,12496,1,,200150,1,,,,,,,,,,,,,,,,,,,,,
21091,豪华鲜肉炒饭,150159,1,[1],"[7,8]",,,,,,,1,0,,3,3,1,794,100,12513,1,,12513,1,,200150,1,,200150,1,,,,,,,,,,,,,,,,,,,,,
21092,豪华鲜肉沙拉,150156,1,[1],"[7,8]",,,,,,,1,0,,3,3,1,794,100,12513,1,,12506,1,,12506,1,,12506,1,,,,,,,,,,,,,,,,,,,,,
21093,豪华海陆水果沙拉,150161,1,[1],"[7,8]",,,,,,,1,0,,3,3,1,794,100,12513,1,,12506,1,,12506,1,,12496,1,,,,,,,,,,,,,,,,,,,,,
21094,豪华鲜肉水果饭团,150162,1,[1],"[7,8]",,,,,,,1,0,,3,3,1,794,100,12513,1,,12506,1,,12506,1,,200150,1,,,,,,,,,,,,,,,,,,,,,
21095,豪华果蔬鲜肉拼盘,150160,1,[1],"[7,8]",,,,,,,1,0,,3,3,1,794,100,12513,1,,12506,1,,12621,1,,12621,1,,,,,,,,,,,,,,,,,,,,,
21096,豪华海陆果蔬拼盘,150166,1,[1],"[7,8]",,,,,,,1,0,,3,3,1,794,100,12513,1,,12506,1,,12621,1,,12496,1,,,,,,,,,,,,,,,,,,,,,
21097,豪华鲜肉果蔬盖饭,150167,1,[1],"[7,8]",,,,,,,1,0,,3,3,1,794,100,12513,1,,12506,1,,12621,1,,200150,1,,,,,,,,,,,,,,,,,,,,,
21098,豪华海陆水果沙拉,150161,1,[1],"[7,8]",,,,,,,1,0,,3,3,1,794,100,12513,1,,12506,1,,12496,1,,12496,1,,,,,,,,,,,,,,,,,,,,,
21099,豪华海陆水果盖饭,150168,1,[1],"[7,8]",,,,,,,1,0,,3,3,1,794,100,12513,1,,12506,1,,12496,1,,200150,1,,,,,,,,,,,,,,,,,,,,,
21100,豪华鲜肉水果饭团,150162,1,[1],"[7,8]",,,,,,,1,0,,3,3,1,794,100,12513,1,,12506,1,,200150,1,,200150,1,,,,,,,,,,,,,,,,,,,,,
21101,豪华蔬菜炒肉,150157,1,[1],"[7,8]",,,,,,,1,0,,3,3,1,794,100,12513,1,,12621,1,,12621,1,,12621,1,,,,,,,,,,,,,,,,,,,,,
21102,豪华海陆菜包,150163,1,[1],"[7,8]",,,,,,,1,0,,3,3,1,794,100,12513,1,,12621,1,,12621,1,,12496,1,,,,,,,,,,,,,,,,,,,,,
21103,豪华海陆菜包,150163,1,[1],"[7,8]",,,,,,,1,0,,3,3,1,794,100,12513,1,,12621,1,,12496,1,,12496,1,,,,,,,,,,,,,,,,,,,,,
21104,豪华海陆蔬菜盖饭,150169,1,[1],"[7,8]",,,,,,,1,0,,3,3,1,794,100,12513,1,,12621,1,,12496,1,,200150,1,,,,,,,,,,,,,,,,,,,,,
21105,豪华鲜肉蔬菜炒饭,150164,1,[1],"[7,8]",,,,,,,1,0,,3,3,1,794,100,12513,1,,12621,1,,200150,1,,200150,1,,,,,,,,,,,,,,,,,,,,,
21106,豪华海陆大餐,150158,1,[1],"[7,8]",,,,,,,1,0,,3,3,1,794,100,12513,1,,12496,1,,12496,1,,12496,1,,,,,,,,,,,,,,,,,,,,,
21107,豪华海陆炒饭,150165,1,[1],"[7,8]",,,,,,,1,0,,3,3,1,794,100,12513,1,,12496,1,,12496,1,,200150,1,,,,,,,,,,,,,,,,,,,,,
21108,豪华海陆炒饭,150165,1,[1],"[7,8]",,,,,,,1,0,,3,3,1,794,100,12513,1,,12496,1,,200150,1,,200150,1,,,,,,,,,,,,,,,,,,,,,
21109,豪华鲜肉炒饭,150159,1,[1],"[7,8]",,,,,,,1,0,,3,3,1,794,100,12513,1,,200150,1,,200150,1,,200150,1,,,,,,,,,,,,,,,,,,,,,
21110,豪华水果拼盘,150170,1,[1],"[7,8]",,,,,,,1,0,,3,3,1,794,100,12506,1,,12506,1,,12506,1,,12506,1,,,,,,,,,,,,,,,,,,,,,
21111,豪华果蔬沙拉,150171,1,[1],"[7,8]",,,,,,,1,0,,3,3,1,794,100,12506,1,,12506,1,,12506,1,,12621,1,,,,,,,,,,,,,,,,,,,,,
21112,豪华海鲜沙拉,150172,1,[1],"[7,8]",,,,,,,1,0,,3,3,1,794,100,12506,1,,12506,1,,12506,1,,12496,1,,,,,,,,,,,,,,,,,,,,,
21113,豪华水果饭团,150173,1,[1],"[7,8]",,,,,,,1,0,,3,3,1,794,100,12506,1,,12506,1,,12506,1,,200150,1,,,,,,,,,,,,,,,,,,,,,
21114,豪华果蔬沙拉,150171,1,[1],"[7,8]",,,,,,,1,0,,3,3,1,794,100,12506,1,,12506,1,,12621,1,,12621,1,,,,,,,,,,,,,,,,,,,,,
21115,豪华果蔬鲜鱼拼盘,150174,1,[1],"[7,8]",,,,,,,1,0,,3,3,1,794,100,12506,1,,12506,1,,12621,1,,12496,1,,,,,,,,,,,,,,,,,,,,,
21116,豪华果蔬饭团,150175,1,[1],"[7,8]",,,,,,,1,0,,3,3,1,794,100,12506,1,,12506,1,,12621,1,,200150,1,,,,,,,,,,,,,,,,,,,,,
21117,豪华海鲜沙拉,150172,1,[1],"[7,8]",,,,,,,1,0,,3,3,1,794,100,12506,1,,12506,1,,12496,1,,12496,1,,,,,,,,,,,,,,,,,,,,,
21118,豪华海鲜炒饭,150190,1,[1],"[7,8]",,,,,,,1,0,,3,3,1,794,100,12506,1,,12506,1,,12496,1,,200150,1,,,,,,,,,,,,,,,,,,,,,
21119,豪华水果饭团,150173,1,[1],"[7,8]",,,,,,,1,0,,3,3,1,794,100,12506,1,,12506,1,,200150,1,,200150,1,,,,,,,,,,,,,,,,,,,,,
21120,豪华果蔬沙拉,150171,1,[1],"[7,8]",,,,,,,1,0,,3,3,1,794,100,12506,1,,12621,1,,12621,1,,12621,1,,,,,,,,,,,,,,,,,,,,,
21121,豪华果蔬饭团,150175,1,[1],"[7,8]",,,,,,,1,0,,3,3,1,794,100,12506,1,,12621,1,,12621,1,,200150,1,,,,,,,,,,,,,,,,,,,,,
21122,豪华果蔬烤鱼拼盘,150177,1,[1],"[7,8]",,,,,,,1,0,,3,3,1,794,100,12506,1,,12621,1,,12496,1,,12496,1,,,,,,,,,,,,,,,,,,,,,
21123,豪华海鲜果蔬盖饭,150178,1,[1],"[7,8]",,,,,,,1,0,,3,3,1,794,100,12506,1,,12621,1,,12496,1,,200150,1,,,,,,,,,,,,,,,,,,,,,
21124,豪华果蔬饭团,150175,1,[1],"[7,8]",,,,,,,1,0,,3,3,1,794,100,12506,1,,12621,1,,200150,1,,200150,1,,,,,,,,,,,,,,,,,,,,,
21125,豪华海鲜沙拉,150172,1,[1],"[7,8]",,,,,,,1,0,,3,3,1,794,100,12506,1,,12496,1,,12496,1,,12496,1,,,,,,,,,,,,,,,,,,,,,
21126,豪华海鲜炒饭,150190,1,[1],"[7,8]",,,,,,,1,0,,3,3,1,794,100,12506,1,,12496,1,,12496,1,,200150,1,,,,,,,,,,,,,,,,,,,,,
21127,豪华海鲜炒饭,150190,1,[1],"[7,8]",,,,,,,1,0,,3,3,1,794,100,12506,1,,12496,1,,200150,1,,200150,1,,,,,,,,,,,,,,,,,,,,,
21128,豪华水果饭团,150173,1,[1],"[7,8]",,,,,,,1,0,,3,3,1,794,100,12506,1,,200150,1,,200150,1,,200150,1,,,,,,,,,,,,,,,,,,,,,
21129,豪华炒蔬菜,150179,1,[1],"[7,8]",,,,,,,1,0,,3,3,1,794,100,12621,1,,12621,1,,12621,1,,12621,1,,,,,,,,,,,,,,,,,,,,,
21130,豪华蔬菜炒海鲜,150180,1,[1],"[7,8]",,,,,,,1,0,,3,3,1,794,100,12621,1,,12621,1,,12621,1,,12496,1,,,,,,,,,,,,,,,,,,,,,
21131,豪华蔬菜饭团,150181,1,[1],"[7,8]",,,,,,,1,0,,3,3,1,794,100,12621,1,,12621,1,,12621,1,,200150,1,,,,,,,,,,,,,,,,,,,,,
21132,豪华蔬菜炒海鲜,150180,1,[1],"[7,8]",,,,,,,1,0,,3,3,1,794,100,12621,1,,12621,1,,12496,1,,12496,1,,,,,,,,,,,,,,,,,,,,,
21133,豪华鲜鱼蔬菜炒饭,150182,1,[1],"[7,8]",,,,,,,1,0,,3,3,1,794,100,12621,1,,12621,1,,12496,1,,200150,1,,,,,,,,,,,,,,,,,,,,,
21134,豪华蔬菜饭团,150181,1,[1],"[7,8]",,,,,,,1,0,,3,3,1,794,100,12621,1,,12621,1,,200150,1,,200150,1,,,,,,,,,,,,,,,,,,,,,
21135,豪华蔬菜炒海鲜,150180,1,[1],"[7,8]",,,,,,,1,0,,3,3,1,794,100,12621,1,,12496,1,,12496,1,,12496,1,,,,,,,,,,,,,,,,,,,,,
21136,豪华鲜鱼蔬菜炒饭,150182,1,[1],"[7,8]",,,,,,,1,0,,3,3,1,794,100,12621,1,,12496,1,,200150,1,,200150,1,,,,,,,,,,,,,,,,,,,,,
21137,豪华蔬菜饭团,150181,1,[1],"[7,8]",,,,,,,1,0,,3,3,1,794,100,12621,1,,200150,1,,200150,1,,200150,1,,,,,,,,,,,,,,,,,,,,,
21138,豪华煎鱼,150183,1,[1],"[7,8]",,,,,,,1,0,,3,3,1,794,100,12496,1,,12496,1,,12496,1,,12496,1,,,,,,,,,,,,,,,,,,,,,
21139,豪华海鲜炒饭,150176,1,[1],"[7,8]",,,,,,,1,0,,3,3,1,794,100,12496,1,,12496,1,,12496,1,,200150,1,,,,,,,,,,,,,,,,,,,,,
21140,豪华海鲜炒饭,150176,1,[1],"[7,8]",,,,,,,1,0,,3,3,1,794,100,12496,1,,12496,1,,200150,1,,200150,1,,,,,,,,,,,,,,,,,,,,,
21141,豪华海鲜炒饭,150176,1,[1],"[7,8]",,,,,,,1,0,,3,3,1,794,100,12496,1,,200150,1,,200150,1,,200150,1,,,,,,,,,,,,,,,,,,,,,
21142,豪华大碗饭,150184,1,[1],"[7,8]",,,,,,,1,0,,3,3,0,794,100,200150,1,,200150,1,,200150,1,,200150,1,,,,,,,,,,,,,,,,,,,,,
21143,豪华蒸玉米,150185,1,[1],"[7,8]",,,,,,,1,0,,3,3,0,794,100,200141,1,,200141,1,,200141,1,,200141,1,,,,,,,,,,,,,,,,,,,,,
21144,豪华蒸番薯,150186,1,[1],"[7,8]",,,,,,,1,0,,3,3,0,794,100,200147,1,,200147,1,,200147,1,,200147,1,,,,,,,,,,,,,,,,,,,,,
21147,面条,12502,1046,[1],"[7,8]",,[1],,Noodles,,Noodles,1,0,,3,3,0,794,100,344,1,,,,,,,,,,,,,,,,,,,,,,,,,,,,0.1,,
21148,面条,12502,1046,[1],"[7,8]",,[1],,Noodles,,Noodles,3,0,,3,3,0,794,100,344,1,,344,1,,344,1,,,,,,,,,,,,,,,,,,,,,,0.1,,
21149,面条,12502,1046,[1],"[7,8]",,[1],,Noodles,,Noodles,4,0,,3,3,0,794,100,344,1,,344,1,,344,1,,344,1,,,,,,,,,,,,,,,,,,,0.1,,
21500,基础工具,11826,,,,,,,,,,,1,,,,,,,,,,,,,,,,,,,,,,,,,,,,,,,,,,,,,,
21501,基础战斗,11827,,,,,,,,,,,1,,,,,,,,,,,,,,,,,,,,,,,,,,,,,,,,,,,,,,
21502,基础材料,11828,,,,,,,,,,,1,,,,,,,,,,,,,,,,,,,,,,,,,,,,,,,,,,,,,,
21503,基础装饰,11829,,,,,,,,,,,1,,,,,,,,,,,,,,,,,,,,,,,,,,,,,,,,,,,,,,
21504,头盔,11830,,,,,,,,,,,1,,,,,,,,,,,,,,,,,,,,,,,,,,,,,,,,,,,,,,
21505,胸甲,11831,,,,,,,,,,,1,,,,,,,,,,,,,,,,,,,,,,,,,,,,,,,,,,,,,,
21506,护腿,11832,,,,,,,,,,,1,,,,,,,,,,,,,,,,,,,,,,,,,,,,,,,,,,,,,,
21507,靴子,11833,,,,,,,,,,,1,,,,,,,,,,,,,,,,,,,,,,,,,,,,,,,,,,,,,,
21508,斧,11834,,,,,,,,,,,1,,,,,,,,,,,,,,,,,,,,,,,,,,,,,,,,,,,,,,
21509,镐,11835,,,,,,,,,,,1,,,,,,,,,,,,,,,,,,,,,,,,,,,,,,,,,,,,,,
21510,铲,11836,,,,,,,,,,,1,,,,,,,,,,,,,,,,,,,,,,,,,,,,,,,,,,,,,,
21511,耙,11837,,,,,,,,,,,1,,,,,,,,,,,,,,,,,,,,,,,,,,,,,,,,,,,,,,
21512,剑,11838,,,,,,,,,,,1,,,,,,,,,,,,,,,,,,,,,,,,,,,,,,,,,,,,,,
21513,矛,11839,,,,,,,,,,,1,,,,,,,,,,,,,,,,,,,,,,,,,,,,,,,,,,,,,,
21514,锤,11840,,,,,,,,,,,1,,,,,,,,,,,,,,,,,,,,,,,,,,,,,,,,,,,,,,
21515,盾,11841,,,,,,,,,,,1,,,,,,,,,,,,,,,,,,,,,,,,,,,,,,,,,,,,,,
21516,背部,11842,,,,,,,,,,,1,,,,,,,,,,,,,,,,,,,,,,,,,,,,,,,,,,,,,,
21517,弓箭,11843,4,[4],[1],,,,,,,,1,,,,,,,,,,,,,,,,,,,,,,,,,,,,,,,,,,,,,,
21518,法杖,11844,5,[5],[1],,,,,,,,1,,,,,,,,,,,,,,,,,,,,,,,,,,,,,,,,,,,,,,
21519,恢复品,11845,6,[6],[1],,,,,,,,1,,,,,,,,,,,,,,,,,,,,,,,,,,,,,,,,,,,,,,
21520,生产工具,11846,,,,,,,,,,,1,,,,,,,,,,,,,,,,,,,,,,,,,,,,,,,,,,,,,,
21521,养殖装置,11847,,[8],[2],,,,,,,,1,,,,,,,,,,,,,,,,,,,,,,,,,,,,,,,,,,,,,,
21522,照明工具,11848,,[6],[4],,,,,,,,1,,,,,,,,,,,,,,,,,,,,,,,,,,,,,,,,,,,,,,
21523,乐器,11849,,,,,,,,,,,1,,,,,,,,,,,,,,,,,,,,,,,,,,,,,,,,,,,,,,
21524,运动品,11850,,,,,,,,,,,1,,,,,,,,,,,,,,,,,,,,,,,,,,,,,,,,,,,,,,
21525,颜料,11851,,[9],[2],,,,,,,,1,,,,,,,,,,,,,,,,,,,,,,,,,,,,,,,,,,,,,,
21526,制氧装置,11852,,[3],[2],,,,,,,,1,,,,,,,,,,,,,,,,,,,,,,,,,,,,,,,,,,,,,,
21527,基础材料,11853,,,,,,,,,,,1,,,,,,,,,,,,,,,,,,,,,,,,,,,,,,,,,,,,,,
21528,矿物材料,11854,,,,,,,,,,,1,,,,,,,,,,,,,,,,,,,,,,,,,,,,,,,,,,,,,,
21529,种子,11855,,,,,,,,,,,1,,,,,,,,,,,,,,,,,,,,,,,,,,,,,,,,,,,,,,
21530,特殊材料,11856,,,,,,,,,,,1,,,,,,,,,,,,,,,,,,,,,,,,,,,,,,,,,,,,,,
21531,储存箱,11857,,,,,,,,,,,1,,,,,,,,,,,,,,,,,,,,,,,,,,,,,,,,,,,,,,
21532,床,11858,,[7],[4],,,,,,,,1,,,,,,,,,,,,,,,,,,,,,,,,,,,,,,,,,,,,,,
21533,门,11859,,[3],[4],,,,,,,,1,,,,,,,,,,,,,,,,,,,,,,,,,,,,,,,,,,,,,,
21534,围栏,11860,,[2],[4],,,,,,,,1,,,,,,,,,,,,,,,,,,,,,,,,,,,,,,,,,,,,,,
21535,窗户,11861,,,,,,,,,,,1,,,,,,,,,,,,,,,,,,,,,,,,,,,,,,,,,,,,,,
21536,墙饰,11862,,,,,,,,,,,1,,,,,,,,,,,,,,,,,,,,,,,,,,,,,,,,,,,,,,
21537,石砖,11863,,,,,,,,,,,1,,,,,,,,,,,,,,,,,,,,,,,,,,,,,,,,,,,,,,
21538,图腾,11864,,,,,,,,,,,1,,,,,,,,,,,,,,,,,,,,,,,,,,,,,,,,,,,,,,
21539,旗帜,11865,,,,,,,,,,,1,,,,,,,,,,,,,,,,,,,,,,,,,,,,,,,,,,,,,,
21540,创造锤,11866,,,,,,,,,,,1,,,,,,,,,,,,,,,,,,,,,,,,,,,,,,,,,,,,,,
21541,玻璃,11867,,[5],[4],,,,,,,,1,,,,,,,,,,,,,,,,,,,,,,,,,,,,,,,,,,,,,,
21542,机械装置,11868,,[1],[6],,,,,,,,1,,,,,,,,,,,,,,,,,,,,,,,,,,,,,,,,,,,,,,
21543,星能装置,11869,,[3],[6],,,,,,,,1,,,,,,,,,,,,,,,,,,,,,,,,,,,,,,,,,,,,,,
21544,装饰方块,11870,,[17],[4],,,,,,,,1,,,,,,,,,,,,,,,,,,,,,,,,,,,,,,,,,,,,,,
21545,字牌,11871,,[9],[4],,,,,,,,1,,,,,,,,,,,,,,,,,,,,,,,,,,,,,,,,,,,,,,
21546,音乐装置,11872,,[4],[6],,,,,,,,1,,,,,,,,,,,,,,,,,,,,,,,,,,,,,,,,,,,,,,
21547,树枝,11873,,[10],[4],,,,,,,,1,,,,,,,,,,,,,,,,,,,,,,,,,,,,,,,,,,,,,,
21548,地饰,11874,,,,,,,,,,,1,,,,,,,,,,,,,,,,,,,,,,,,,,,,,,,,,,,,,,
21549,交通工具,11875,,[2],[6],,,,,,,,1,,,,,,,,,,,,,,,,,,,,,,,,,,,,,,,,,,,,,,
21550,特殊工具,11876,,,,,,,,,,,1,,,,,,,,,,,,,,,,,,,,,,,,,,,,,,,,,,,,,,
21551,投掷物,11877,8,[7],[1],,,,,,,,1,,,,,,,,,,,,,,,,,,,,,,,,,,,,,,,,,,,,,,
21552,特殊武器,11878,9,[9],[1],,,,,,,,1,,,,,,,,,,,,,,,,,,,,,,,,,,,,,,,,,,,,,,
21553,花盆,11879,,[11],[4],,,,,,,,1,,,,,,,,,,,,,,,,,,,,,,,,,,,,,,,,,,,,,,
21554,衣柜,11880,1789,[12],[4],,,,,,,,1,,,,,,,,,,,,,,,,,,,,,,,,,,,,,,,,,,,,,,
21555,铁块,11881,,[13],[4],,,,,,,,1,,,,,,,,,,,,,,,,,,,,,,,,,,,,,,,,,,,,,,
21556,鱼竿,11882,,[10],[2],,,,,,,,1,,,,,,,,,,,,,,,,,,,,,,,,,,,,,,,,,,,,,,
21557,展示架,11883,,[14],[4],,,,,,,,1,,,,,,,,,,,,,,,,,,,,,,,,,,,,,,,,,,,,,,
21558,自定义,11884,,,,,,,,,,,1,,,,,,,,,,,,,,,,,,,,,,,,,,,,,,,,,,,,,,
21559,城防,11897,,,,,,,,,,,1,,,,,,,,,,,,,,,,,,,,,,,,,,,,,,,,,,,,,,
21560,特殊道具,11956,,,,,,,,,,,1,,,,,,,,,,,,,,,,,,,,,,,,,,,,,,,,,,,,,,
21561,武器库,11957,,,,,,,,,,,1,,,,,,,,,,,,,,,,,,,,,,,,,,,,,,,,,,,,,,
21562,果汁,11958,,,,,,,,,,,1,,,,,,,,,,,,,,,,,,,,,,,,,,,,,,,,,,,,,,
21563,食物,11959,,,,,,,,,,,1,,,,,,,,,,,,,,,,,,,,,,,,,,,,,,,,,,,,,,
21564,武器库,11960,,,,,,,,,,,1,,,,,,,,,,,,,,,,,,,,,,,,,,,,,,,,,,,,,,
21565,常用合成,11961,,[2],[0],,,,,,,,1,,,,,,,,,,,,,,,,,,,,,,,,,,,,,,,,,,,,,,
21566,装备,11962,3,[3],[1],,,,,,,,1,,,,,,,,,,,,,,,,,,,,,,,,,,,,,,,,,,,,,,
21567,爆炸物,11963,7,[8],[1],,,,,,,,1,,,,,,,,,,,,,,,,,,,,,,,,,,,,,,,,,,,,,,
21568,武器,11964,2,[2],[1],,,,,,,,1,,,,,,,,,,,,,,,,,,,,,,,,,,,,,,,,,,,,,,
21569,强化设备,11965,1,[1],[1],,,,,,,,1,,,,,,,,,,,,,,,,,,,,,,,,,,,,,,,,,,,,,,
21570,工匠台,11966,,[2],[2],,,,,,,,1,,,,,,,,,,,,,,,,,,,,,,,,,,,,,,,,,,,,,,
21571,工具,11967,,[1],[2],,,,,,,,1,,,,,,,,,,,,,,,,,,,,,,,,,,,,,,,,,,,,,,
21572,潜水装置,11968,,[4],[2],,,,,,,,1,,,,,,,,,,,,,,,,,,,,,,,,,,,,,,,,,,,,,,
21573,农业,11969,,[5],[2],,,,,,,,1,,,,,,,,,,,,,,,,,,,,,,,,,,,,,,,,,,,,,,
21574,烹饪设备,11970,,[6],[2],,,,,,,,1,,,,,,,,,,,,,,,,,,,,,,,,,,,,,,,,,,,,,,
21575,野人伙伴,11971,,[7],[2],,,,,,,,1,,,,,,,,,,,,,,,,,,,,,,,,,,,,,,,,,,,,,,
21576,娱乐品,11972,,[11],[2],,,,,,,,1,,,,,,,,,,,,,,,,,,,,,,,,,,,,,,,,,,,,,,
21577,材料,11973,,[4],[2],,,,,,,,1,,,,,,,,,,,,,,,,,,,,,,,,,,,,,,,,,,,,,,
21578,基础家具,11974,,[1],[4],,,,,,,,1,,,,,,,,,,,,,,,,,,,,,,,,,,,,,,,,,,,,,,
21579,家居,11975,,[15],[4],,,,,,,,1,,,,,,,,,,,,,,,,,,,,,,,,,,,,,,,,,,,,,,
21580,特殊形状板,11976,,,[4],,,,,,,,1,,,,,,,,,,,,,,,,,,,,,,,,,,,,,,,,,,,,,,
21582,装饰品,11978,,[16],[4],,,,,,,,1,,,,,,,,,,,,,,,,,,,,,,,,,,,,,,,,,,,,,,
21583,机械,11979,,,[6],,,,,,,,1,,,,,,,,,,,,,,,,,,,,,,,,,,,,,,,,,,,,,,
21584,柜子,11980,,[8],[4],,,,,,,,1,,,,,,,,,,,,,,,,,,,,,,,,,,,,,,,,,,,,,,
21585,剧情道具,11981,,[1],[0],,,,,,,,,,,,,,,,,,,,,,,,,,,,,,,,,,,,,,,,,,,,,,
21586,楼梯,11982,,[4],[4],,,,,,,,,,,,,,,,,,,,,,,,,,,,,,,,,,,,,,,,,,,,,,
21587,竖薄板,11983,,[20],[4],,,,,,,,,,,,,,,,,,,,,,,,,,,,,,,,,,,,,,,,,,,,,,
21588,斜板,11984,,[20],[4],,,,,,,,,,,,,,,,,,,,,,,,,,,,,,,,,,,,,,,,,,,,,,
21589,薄斜板,11985,,[20],[4],,,,,,,,,,,,,,,,,,,,,,,,,,,,,,,,,,,,,,,,,,,,,,
21590,竖薄斜板,11986,,[20],[4],,,,,,,,,,,,,,,,,,,,,,,,,,,,,,,,,,,,,,,,,,,,,,
21591,竖板,11987,,[20],[4],,,,,,,,,,,,,,,,,,,,,,,,,,,,,,,,,,,,,,,,,,,,,,
21592,三棱柱,11988,,[20],[4],,,,,,,,,,,,,,,,,,,,,,,,,,,,,,,,,,,,,,,,,,,,,,
21593,弧板,11989,,[20],[4],,,,,,,,,,,,,,,,,,,,,,,,,,,,,,,,,,,,,,,,,,,,,,
21594,薄弧板,11990,,[20],[4],,,,,,,,,,,,,,,,,,,,,,,,,,,,,,,,,,,,,,,,,,,,,,
21595,竖薄弧板,11991,,[20],[4],,,,,,,,,,,,,,,,,,,,,,,,,,,,,,,,,,,,,,,,,,,,,,
21596,棱锥,11992,,[20],[4],,,,,,,,,,,,,,,,,,,,,,,,,,,,,,,,,,,,,,,,,,,,,,
21597,最近制作,11993,,,,,,,,,,,,,,,,,,,,,,,,,,,,,,,,,,,,,,,,,,,,,,,,,
21598,冶炼台,11994,,[2],[2],,,,,,,,,,,,,,,,,,,,,,,,,,,,,,,,,,,,,,,,,,,,,,
21599,符文工艺,11998,,[3],[2],,,,,,,,,,,,,,,,,,,,,,,,,,,,,,,,,,,,,,,,,,,,,,
22001,黄铜斧+黄铜斧,540001,,,,,,,,,,1,0,,3,3,0,150029,,11001,1,,11001,1,,,,,,,,,,,,,,,,,,,,,,,,,,,
22002,黄铜斧+石斧,540002,,,,,,,,,,1,0,,3,3,0,150029,,11001,1,,11002,1,,,,,,,,,,,,,,,,,,,,,,,,,,,
22003,黄铜斧+木棒,540003,,,,,,,,,,1,0,,3,3,0,150029,,11001,1,,12001,1,,,,,,,,,,,,,,,,,,,,,,,,,,,
22004,黄铜斧+尖尖碰碰锤,540004,,,,,,,,,,1,0,,3,3,0,150029,,11001,1,,11230,1,,,,,,,,,,,,,,,,,,,,,,,,,,,
22005,黄铜斧+冻结棒,540005,,,,,,,,,,1,0,,3,3,0,150029,,11001,1,,12316,1,,,,,,,,,,,,,,,,,,,,,,,,,,,
22006,黄铜斧+钛金战锤,540006,,,,,,,,,,1,0,,3,3,0,150029,,11001,1,,12010,1,,,,,,,,,,,,,,,,,,,,,,,,,,,
22007,黄铜斧+石剑,540007,,,,,,,,,,1,0,,3,3,0,150029,,11001,1,,12012,1,,,,,,,,,,,,,,,,,,,,,,,,,,,
22008,黄铜斧+短剑,540008,,,,,,,,,,1,0,,3,3,0,150029,,11001,1,,12003,1,,,,,,,,,,,,,,,,,,,,,,,,,,,
22009,黄铜斧+收割者,540009,,,,,,,,,,1,0,,3,3,0,150029,,11001,1,,12009,1,,,,,,,,,,,,,,,,,,,,,,,,,,,
22010,黄铜斧+能量剑,540010,,,,,,,,,,1,0,,3,3,0,150029,,11001,1,,12005,1,,,,,,,,,,,,,,,,,,,,,,,,,,,
22011,黄铜斧+石矛,540011,,,,,,,,,,1,0,,3,3,0,150029,,11001,1,,12002,1,,,,,,,,,,,,,,,,,,,,,,,,,,,
22012,黄铜斧+黄铜矛,540012,,,,,,,,,,1,0,,3,3,0,150029,,11001,1,,12004,1,,,,,,,,,,,,,,,,,,,,,,,,,,,
22013,黄铜斧+能量矛,540013,,,,,,,,,,1,0,,3,3,0,150029,,11001,1,,12013,1,,,,,,,,,,,,,,,,,,,,,,,,,,,
22014,黄铜斧+魔鬼鱼叉,540014,,,,,,,,,,1,0,,3,3,0,150029,,11001,1,,12063,1,,,,,,,,,,,,,,,,,,,,,,,,,,,
22015,石斧+石斧,540015,,,,,,,,,,1,0,,3,3,0,150029,,11002,1,,11002,1,,,,,,,,,,,,,,,,,,,,,,,,,,,
22016,石斧+木棒,540016,,,,,,,,,,1,0,,3,3,0,150029,,11002,1,,12001,1,,,,,,,,,,,,,,,,,,,,,,,,,,,
22017,石斧+尖尖碰碰锤,540017,,,,,,,,,,1,0,,3,3,0,150029,,11002,1,,11230,1,,,,,,,,,,,,,,,,,,,,,,,,,,,
22018,石斧+冻结棒,540018,,,,,,,,,,1,0,,3,3,0,150029,,11002,1,,12316,1,,,,,,,,,,,,,,,,,,,,,,,,,,,
22019,石斧+钛金战锤,540019,,,,,,,,,,1,0,,3,3,0,150029,,11002,1,,12010,1,,,,,,,,,,,,,,,,,,,,,,,,,,,
22020,石斧+石剑,540020,,,,,,,,,,1,0,,3,3,0,150029,,11002,1,,12012,1,,,,,,,,,,,,,,,,,,,,,,,,,,,
22021,石斧+短剑,540021,,,,,,,,,,1,0,,3,3,0,150029,,11002,1,,12003,1,,,,,,,,,,,,,,,,,,,,,,,,,,,
22022,石斧+收割者,540022,,,,,,,,,,1,0,,3,3,0,150029,,11002,1,,12009,1,,,,,,,,,,,,,,,,,,,,,,,,,,,
22023,石斧+能量剑,540023,,,,,,,,,,1,0,,3,3,0,150029,,11002,1,,12005,1,,,,,,,,,,,,,,,,,,,,,,,,,,,
22024,石斧+石矛,540024,,,,,,,,,,1,0,,3,3,0,150029,,11002,1,,12002,1,,,,,,,,,,,,,,,,,,,,,,,,,,,
22025,石斧+黄铜矛,540025,,,,,,,,,,1,0,,3,3,0,150029,,11002,1,,12004,1,,,,,,,,,,,,,,,,,,,,,,,,,,,
22026,石斧+能量矛,540026,,,,,,,,,,1,0,,3,3,0,150029,,11002,1,,12013,1,,,,,,,,,,,,,,,,,,,,,,,,,,,
22027,石斧+魔鬼鱼叉,540027,,,,,,,,,,1,0,,3,3,0,150029,,11002,1,,12063,1,,,,,,,,,,,,,,,,,,,,,,,,,,,
22028,铸铁斧+黄铜斧,540028,,,,,,,,,,1,0,,3,3,0,150029,,11003,1,,11001,1,,,,,,,,,,,,,,,,,,,,,,,,,,,
22029,铸铁斧+石斧,540029,,,,,,,,,,1,0,,3,3,0,150029,,11003,1,,11002,1,,,,,,,,,,,,,,,,,,,,,,,,,,,
22030,铸铁斧+铸铁斧,540030,,,,,,,,,,1,0,,3,3,0,150029,,11003,1,,11003,1,,,,,,,,,,,,,,,,,,,,,,,,,,,
22031,铸铁斧+木棒,540031,,,,,,,,,,1,0,,3,3,0,150029,,11003,1,,12001,1,,,,,,,,,,,,,,,,,,,,,,,,,,,
22032,铸铁斧+尖尖碰碰锤,540032,,,,,,,,,,1,0,,3,3,0,150029,,11003,1,,11230,1,,,,,,,,,,,,,,,,,,,,,,,,,,,
22033,铸铁斧+冻结棒,540033,,,,,,,,,,1,0,,3,3,0,150029,,11003,1,,12316,1,,,,,,,,,,,,,,,,,,,,,,,,,,,
22034,铸铁斧+钛金战锤,540034,,,,,,,,,,1,0,,3,3,0,150029,,11003,1,,12010,1,,,,,,,,,,,,,,,,,,,,,,,,,,,
22035,铸铁斧+石剑,540035,,,,,,,,,,1,0,,3,3,0,150029,,11003,1,,12012,1,,,,,,,,,,,,,,,,,,,,,,,,,,,
22036,铸铁斧+短剑,540036,,,,,,,,,,1,0,,3,3,0,150029,,11003,1,,12003,1,,,,,,,,,,,,,,,,,,,,,,,,,,,
22037,铸铁斧+收割者,540037,,,,,,,,,,1,0,,3,3,0,150029,,11003,1,,12009,1,,,,,,,,,,,,,,,,,,,,,,,,,,,
22038,铸铁斧+能量剑,540038,,,,,,,,,,1,0,,3,3,0,150029,,11003,1,,12005,1,,,,,,,,,,,,,,,,,,,,,,,,,,,
22039,铸铁斧+石矛,540039,,,,,,,,,,1,0,,3,3,0,150029,,11003,1,,12002,1,,,,,,,,,,,,,,,,,,,,,,,,,,,
22040,铸铁斧+黄铜矛,540040,,,,,,,,,,1,0,,3,3,0,150029,,11003,1,,12004,1,,,,,,,,,,,,,,,,,,,,,,,,,,,
22041,铸铁斧+能量矛,540041,,,,,,,,,,1,0,,3,3,0,150029,,11003,1,,12013,1,,,,,,,,,,,,,,,,,,,,,,,,,,,
22042,铸铁斧+魔鬼鱼叉,540042,,,,,,,,,,1,0,,3,3,0,150029,,11003,1,,12063,1,,,,,,,,,,,,,,,,,,,,,,,,,,,
22043,钛合金斧+黄铜斧,540043,,,,,,,,,,1,0,,3,3,0,150029,,11004,1,,11001,1,,,,,,,,,,,,,,,,,,,,,,,,,,,
22044,钛合金斧+石斧,540044,,,,,,,,,,1,0,,3,3,0,150029,,11004,1,,11002,1,,,,,,,,,,,,,,,,,,,,,,,,,,,
22045,钛合金斧+铸铁斧,540045,,,,,,,,,,1,0,,3,3,0,150029,,11004,1,,11003,1,,,,,,,,,,,,,,,,,,,,,,,,,,,
22046,钛合金斧+钛合金斧,540046,,,,,,,,,,1,0,,3,3,0,150029,,11004,1,,11004,1,,,,,,,,,,,,,,,,,,,,,,,,,,,
22047,钛合金斧+木棒,540047,,,,,,,,,,1,0,,3,3,0,150029,,11004,1,,12001,1,,,,,,,,,,,,,,,,,,,,,,,,,,,
22048,钛合金斧+尖尖碰碰锤,540048,,,,,,,,,,1,0,,3,3,0,150029,,11004,1,,11230,1,,,,,,,,,,,,,,,,,,,,,,,,,,,
22049,钛合金斧+冻结棒,540049,,,,,,,,,,1,0,,3,3,0,150029,,11004,1,,12316,1,,,,,,,,,,,,,,,,,,,,,,,,,,,
22050,钛合金斧+钛金战锤,540050,,,,,,,,,,1,0,,3,3,0,150029,,11004,1,,12010,1,,,,,,,,,,,,,,,,,,,,,,,,,,,
22051,钛合金斧+石剑,540051,,,,,,,,,,1,0,,3,3,0,150029,,11004,1,,12012,1,,,,,,,,,,,,,,,,,,,,,,,,,,,
22052,钛合金斧+短剑,540052,,,,,,,,,,1,0,,3,3,0,150029,,11004,1,,12003,1,,,,,,,,,,,,,,,,,,,,,,,,,,,
22053,钛合金斧+收割者,540053,,,,,,,,,,1,0,,3,3,0,150029,,11004,1,,12009,1,,,,,,,,,,,,,,,,,,,,,,,,,,,
22054,钛合金斧+能量剑,540054,,,,,,,,,,1,0,,3,3,0,150029,,11004,1,,12005,1,,,,,,,,,,,,,,,,,,,,,,,,,,,
22055,钛合金斧+石矛,540055,,,,,,,,,,1,0,,3,3,0,150029,,11004,1,,12002,1,,,,,,,,,,,,,,,,,,,,,,,,,,,
22056,钛合金斧+黄铜矛,540056,,,,,,,,,,1,0,,3,3,0,150029,,11004,1,,12004,1,,,,,,,,,,,,,,,,,,,,,,,,,,,
22057,钛合金斧+能量矛,540057,,,,,,,,,,1,0,,3,3,0,150029,,11004,1,,12013,1,,,,,,,,,,,,,,,,,,,,,,,,,,,
22058,钛合金斧+魔鬼鱼叉,540058,,,,,,,,,,1,0,,3,3,0,150029,,11004,1,,12063,1,,,,,,,,,,,,,,,,,,,,,,,,,,,
22059,链锯+黄铜斧,540059,,,,,,,,,,1,0,,3,3,0,150029,,11005,1,,11001,1,,,,,,,,,,,,,,,,,,,,,,,,,,,
22060,链锯+石斧,540060,,,,,,,,,,1,0,,3,3,0,150029,,11005,1,,11002,1,,,,,,,,,,,,,,,,,,,,,,,,,,,
22061,链锯+铸铁斧,540061,,,,,,,,,,1,0,,3,3,0,150029,,11005,1,,11003,1,,,,,,,,,,,,,,,,,,,,,,,,,,,
22062,链锯+钛合金斧,540062,,,,,,,,,,1,0,,3,3,0,150029,,11005,1,,11004,1,,,,,,,,,,,,,,,,,,,,,,,,,,,
22063,链锯+链锯,540063,,,,,,,,,,1,0,,3,3,0,150029,,11005,1,,11005,1,,,,,,,,,,,,,,,,,,,,,,,,,,,
22064,链锯+木棒,540064,,,,,,,,,,1,0,,3,3,0,150029,,11005,1,,12001,1,,,,,,,,,,,,,,,,,,,,,,,,,,,
22065,链锯+尖尖碰碰锤,540065,,,,,,,,,,1,0,,3,3,0,150029,,11005,1,,11230,1,,,,,,,,,,,,,,,,,,,,,,,,,,,
22066,链锯+冻结棒,540066,,,,,,,,,,1,0,,3,3,0,150029,,11005,1,,12316,1,,,,,,,,,,,,,,,,,,,,,,,,,,,
22067,链锯+钛金战锤,540067,,,,,,,,,,1,0,,3,3,0,150029,,11005,1,,12010,1,,,,,,,,,,,,,,,,,,,,,,,,,,,
22068,链锯+石剑,540068,,,,,,,,,,1,0,,3,3,0,150029,,11005,1,,12012,1,,,,,,,,,,,,,,,,,,,,,,,,,,,
22069,链锯+短剑,540069,,,,,,,,,,1,0,,3,3,0,150029,,11005,1,,12003,1,,,,,,,,,,,,,,,,,,,,,,,,,,,
22070,链锯+收割者,540070,,,,,,,,,,1,0,,3,3,0,150029,,11005,1,,12009,1,,,,,,,,,,,,,,,,,,,,,,,,,,,
22071,链锯+能量剑,540071,,,,,,,,,,1,0,,3,3,0,150029,,11005,1,,12005,1,,,,,,,,,,,,,,,,,,,,,,,,,,,
22072,链锯+石矛,540072,,,,,,,,,,1,0,,3,3,0,150029,,11005,1,,12002,1,,,,,,,,,,,,,,,,,,,,,,,,,,,
22073,链锯+黄铜矛,540073,,,,,,,,,,1,0,,3,3,0,150029,,11005,1,,12004,1,,,,,,,,,,,,,,,,,,,,,,,,,,,
22074,链锯+能量矛,540074,,,,,,,,,,1,0,,3,3,0,150029,,11005,1,,12013,1,,,,,,,,,,,,,,,,,,,,,,,,,,,
22075,链锯+魔鬼鱼叉,540075,,,,,,,,,,1,0,,3,3,0,150029,,11005,1,,12063,1,,,,,,,,,,,,,,,,,,,,,,,,,,,
22076,黄铜镐+黄铜镐,540076,,,,,,,,,,1,0,,3,3,0,150029,,11011,1,,11011,1,,,,,,,,,,,,,,,,,,,,,,,,,,,
22077,黄铜镐+石镐,540077,,,,,,,,,,1,0,,3,3,0,150029,,11011,1,,11012,1,,,,,,,,,,,,,,,,,,,,,,,,,,,
22078,黄铜镐+木棒,540078,,,,,,,,,,1,0,,3,3,0,150029,,11011,1,,12001,1,,,,,,,,,,,,,,,,,,,,,,,,,,,
22079,黄铜镐+尖尖碰碰锤,540079,,,,,,,,,,1,0,,3,3,0,150029,,11011,1,,11230,1,,,,,,,,,,,,,,,,,,,,,,,,,,,
22080,黄铜镐+冻结棒,540080,,,,,,,,,,1,0,,3,3,0,150029,,11011,1,,12316,1,,,,,,,,,,,,,,,,,,,,,,,,,,,
22081,黄铜镐+钛金战锤,540081,,,,,,,,,,1,0,,3,3,0,150029,,11011,1,,12010,1,,,,,,,,,,,,,,,,,,,,,,,,,,,
22082,黄铜镐+石剑,540082,,,,,,,,,,1,0,,3,3,0,150029,,11011,1,,12012,1,,,,,,,,,,,,,,,,,,,,,,,,,,,
22083,黄铜镐+短剑,540083,,,,,,,,,,1,0,,3,3,0,150029,,11011,1,,12003,1,,,,,,,,,,,,,,,,,,,,,,,,,,,
22084,黄铜镐+收割者,540084,,,,,,,,,,1,0,,3,3,0,150029,,11011,1,,12009,1,,,,,,,,,,,,,,,,,,,,,,,,,,,
22085,黄铜镐+能量剑,540085,,,,,,,,,,1,0,,3,3,0,150029,,11011,1,,12005,1,,,,,,,,,,,,,,,,,,,,,,,,,,,
22086,黄铜镐+石矛,540086,,,,,,,,,,1,0,,3,3,0,150029,,11011,1,,12002,1,,,,,,,,,,,,,,,,,,,,,,,,,,,
22087,黄铜镐+黄铜矛,540087,,,,,,,,,,1,0,,3,3,0,150029,,11011,1,,12004,1,,,,,,,,,,,,,,,,,,,,,,,,,,,
22088,黄铜镐+能量矛,540088,,,,,,,,,,1,0,,3,3,0,150029,,11011,1,,12013,1,,,,,,,,,,,,,,,,,,,,,,,,,,,
22089,黄铜镐+魔鬼鱼叉,540089,,,,,,,,,,1,0,,3,3,0,150029,,11011,1,,12063,1,,,,,,,,,,,,,,,,,,,,,,,,,,,
22090,石镐+石镐,540090,,,,,,,,,,1,0,,3,3,0,150029,,11012,1,,11012,1,,,,,,,,,,,,,,,,,,,,,,,,,,,
22091,石镐+木棒,540091,,,,,,,,,,1,0,,3,3,0,150029,,11012,1,,12001,1,,,,,,,,,,,,,,,,,,,,,,,,,,,
22092,石镐+尖尖碰碰锤,540092,,,,,,,,,,1,0,,3,3,0,150029,,11012,1,,11230,1,,,,,,,,,,,,,,,,,,,,,,,,,,,
22093,石镐+冻结棒,540093,,,,,,,,,,1,0,,3,3,0,150029,,11012,1,,12316,1,,,,,,,,,,,,,,,,,,,,,,,,,,,
22094,石镐+钛金战锤,540094,,,,,,,,,,1,0,,3,3,0,150029,,11012,1,,12010,1,,,,,,,,,,,,,,,,,,,,,,,,,,,
22095,石镐+石剑,540095,,,,,,,,,,1,0,,3,3,0,150029,,11012,1,,12012,1,,,,,,,,,,,,,,,,,,,,,,,,,,,
22096,石镐+短剑,540096,,,,,,,,,,1,0,,3,3,0,150029,,11012,1,,12003,1,,,,,,,,,,,,,,,,,,,,,,,,,,,
22097,石镐+收割者,540097,,,,,,,,,,1,0,,3,3,0,150029,,11012,1,,12009,1,,,,,,,,,,,,,,,,,,,,,,,,,,,
22098,石镐+能量剑,540098,,,,,,,,,,1,0,,3,3,0,150029,,11012,1,,12005,1,,,,,,,,,,,,,,,,,,,,,,,,,,,
22099,石镐+石矛,540099,,,,,,,,,,1,0,,3,3,0,150029,,11012,1,,12002,1,,,,,,,,,,,,,,,,,,,,,,,,,,,
22100,石镐+黄铜矛,540100,,,,,,,,,,1,0,,3,3,0,150029,,11012,1,,12004,1,,,,,,,,,,,,,,,,,,,,,,,,,,,
22101,石镐+能量矛,540101,,,,,,,,,,1,0,,3,3,0,150029,,11012,1,,12013,1,,,,,,,,,,,,,,,,,,,,,,,,,,,
22102,石镐+魔鬼鱼叉,540102,,,,,,,,,,1,0,,3,3,0,150029,,11012,1,,12063,1,,,,,,,,,,,,,,,,,,,,,,,,,,,
22103,铸铁镐+黄铜镐,540103,,,,,,,,,,1,0,,3,3,0,150029,,11013,1,,11011,1,,,,,,,,,,,,,,,,,,,,,,,,,,,
22104,铸铁镐+石镐,540104,,,,,,,,,,1,0,,3,3,0,150029,,11013,1,,11012,1,,,,,,,,,,,,,,,,,,,,,,,,,,,
22105,铸铁镐+铸铁镐,540105,,,,,,,,,,1,0,,3,3,0,150029,,11013,1,,11013,1,,,,,,,,,,,,,,,,,,,,,,,,,,,
22106,铸铁镐+木棒,540106,,,,,,,,,,1,0,,3,3,0,150029,,11013,1,,12001,1,,,,,,,,,,,,,,,,,,,,,,,,,,,
22107,铸铁镐+尖尖碰碰锤,540107,,,,,,,,,,1,0,,3,3,0,150029,,11013,1,,11230,1,,,,,,,,,,,,,,,,,,,,,,,,,,,
22108,铸铁镐+冻结棒,540108,,,,,,,,,,1,0,,3,3,0,150029,,11013,1,,12316,1,,,,,,,,,,,,,,,,,,,,,,,,,,,
22109,铸铁镐+钛金战锤,540109,,,,,,,,,,1,0,,3,3,0,150029,,11013,1,,12010,1,,,,,,,,,,,,,,,,,,,,,,,,,,,
22110,铸铁镐+石剑,540110,,,,,,,,,,1,0,,3,3,0,150029,,11013,1,,12012,1,,,,,,,,,,,,,,,,,,,,,,,,,,,
22111,铸铁镐+短剑,540111,,,,,,,,,,1,0,,3,3,0,150029,,11013,1,,12003,1,,,,,,,,,,,,,,,,,,,,,,,,,,,
22112,铸铁镐+收割者,540112,,,,,,,,,,1,0,,3,3,0,150029,,11013,1,,12009,1,,,,,,,,,,,,,,,,,,,,,,,,,,,
22113,铸铁镐+能量剑,540113,,,,,,,,,,1,0,,3,3,0,150029,,11013,1,,12005,1,,,,,,,,,,,,,,,,,,,,,,,,,,,
22114,铸铁镐+石矛,540114,,,,,,,,,,1,0,,3,3,0,150029,,11013,1,,12002,1,,,,,,,,,,,,,,,,,,,,,,,,,,,
22115,铸铁镐+黄铜矛,540115,,,,,,,,,,1,0,,3,3,0,150029,,11013,1,,12004,1,,,,,,,,,,,,,,,,,,,,,,,,,,,
22116,铸铁镐+能量矛,540116,,,,,,,,,,1,0,,3,3,0,150029,,11013,1,,12013,1,,,,,,,,,,,,,,,,,,,,,,,,,,,
22117,铸铁镐+魔鬼鱼叉,540117,,,,,,,,,,1,0,,3,3,0,150029,,11013,1,,12063,1,,,,,,,,,,,,,,,,,,,,,,,,,,,
22118,钛合金镐+黄铜镐,540118,,,,,,,,,,1,0,,3,3,0,150029,,11014,1,,11011,1,,,,,,,,,,,,,,,,,,,,,,,,,,,
22119,钛合金镐+石镐,540119,,,,,,,,,,1,0,,3,3,0,150029,,11014,1,,11012,1,,,,,,,,,,,,,,,,,,,,,,,,,,,
22120,钛合金镐+铸铁镐,540120,,,,,,,,,,1,0,,3,3,0,150029,,11014,1,,11013,1,,,,,,,,,,,,,,,,,,,,,,,,,,,
22121,钛合金镐+钛合金镐,540121,,,,,,,,,,1,0,,3,3,0,150029,,11014,1,,11014,1,,,,,,,,,,,,,,,,,,,,,,,,,,,
22122,钛合金镐+木棒,540122,,,,,,,,,,1,0,,3,3,0,150029,,11014,1,,12001,1,,,,,,,,,,,,,,,,,,,,,,,,,,,
22123,钛合金镐+尖尖碰碰锤,540123,,,,,,,,,,1,0,,3,3,0,150029,,11014,1,,11230,1,,,,,,,,,,,,,,,,,,,,,,,,,,,
22124,钛合金镐+冻结棒,540124,,,,,,,,,,1,0,,3,3,0,150029,,11014,1,,12316,1,,,,,,,,,,,,,,,,,,,,,,,,,,,
22125,钛合金镐+钛金战锤,540125,,,,,,,,,,1,0,,3,3,0,150029,,11014,1,,12010,1,,,,,,,,,,,,,,,,,,,,,,,,,,,
22126,钛合金镐+石剑,540126,,,,,,,,,,1,0,,3,3,0,150029,,11014,1,,12012,1,,,,,,,,,,,,,,,,,,,,,,,,,,,
22127,钛合金镐+短剑,540127,,,,,,,,,,1,0,,3,3,0,150029,,11014,1,,12003,1,,,,,,,,,,,,,,,,,,,,,,,,,,,
22128,钛合金镐+收割者,540128,,,,,,,,,,1,0,,3,3,0,150029,,11014,1,,12009,1,,,,,,,,,,,,,,,,,,,,,,,,,,,
22129,钛合金镐+能量剑,540129,,,,,,,,,,1,0,,3,3,0,150029,,11014,1,,12005,1,,,,,,,,,,,,,,,,,,,,,,,,,,,
22130,钛合金镐+石矛,540130,,,,,,,,,,1,0,,3,3,0,150029,,11014,1,,12002,1,,,,,,,,,,,,,,,,,,,,,,,,,,,
22131,钛合金镐+黄铜矛,540131,,,,,,,,,,1,0,,3,3,0,150029,,11014,1,,12004,1,,,,,,,,,,,,,,,,,,,,,,,,,,,
22132,钛合金镐+能量矛,540132,,,,,,,,,,1,0,,3,3,0,150029,,11014,1,,12013,1,,,,,,,,,,,,,,,,,,,,,,,,,,,
22133,钛合金镐+魔鬼鱼叉,540133,,,,,,,,,,1,0,,3,3,0,150029,,11014,1,,12063,1,,,,,,,,,,,,,,,,,,,,,,,,,,,
22134,钻头+黄铜镐,540134,,,,,,,,,,1,0,,3,3,0,150029,,11015,1,,11011,1,,,,,,,,,,,,,,,,,,,,,,,,,,,
22135,钻头+石镐,540135,,,,,,,,,,1,0,,3,3,0,150029,,11015,1,,11012,1,,,,,,,,,,,,,,,,,,,,,,,,,,,
22136,钻头+铸铁镐,540136,,,,,,,,,,1,0,,3,3,0,150029,,11015,1,,11013,1,,,,,,,,,,,,,,,,,,,,,,,,,,,
22137,钻头+钛合金镐,540137,,,,,,,,,,1,0,,3,3,0,150029,,11015,1,,11014,1,,,,,,,,,,,,,,,,,,,,,,,,,,,
22138,钻头+钻头,540138,,,,,,,,,,1,0,,3,3,0,150029,,11015,1,,11015,1,,,,,,,,,,,,,,,,,,,,,,,,,,,
22139,钻头+星瞳钻头,540139,,,,,,,,,,1,0,,3,3,0,150029,,11015,1,,11016,1,,,,,,,,,,,,,,,,,,,,,,,,,,,
22140,钻头+木棒,540140,,,,,,,,,,1,0,,3,3,0,150029,,11015,1,,12001,1,,,,,,,,,,,,,,,,,,,,,,,,,,,
22141,钻头+尖尖碰碰锤,540141,,,,,,,,,,1,0,,3,3,0,150029,,11015,1,,11230,1,,,,,,,,,,,,,,,,,,,,,,,,,,,
22142,钻头+冻结棒,540142,,,,,,,,,,1,0,,3,3,0,150029,,11015,1,,12316,1,,,,,,,,,,,,,,,,,,,,,,,,,,,
22143,钻头+钛金战锤,540143,,,,,,,,,,1,0,,3,3,0,150029,,11015,1,,12010,1,,,,,,,,,,,,,,,,,,,,,,,,,,,
22144,钻头+石剑,540144,,,,,,,,,,1,0,,3,3,0,150029,,11015,1,,12012,1,,,,,,,,,,,,,,,,,,,,,,,,,,,
22145,钻头+短剑,540145,,,,,,,,,,1,0,,3,3,0,150029,,11015,1,,12003,1,,,,,,,,,,,,,,,,,,,,,,,,,,,
22146,钻头+收割者,540146,,,,,,,,,,1,0,,3,3,0,150029,,11015,1,,12009,1,,,,,,,,,,,,,,,,,,,,,,,,,,,
22147,钻头+能量剑,540147,,,,,,,,,,1,0,,3,3,0,150029,,11015,1,,12005,1,,,,,,,,,,,,,,,,,,,,,,,,,,,
22148,钻头+石矛,540148,,,,,,,,,,1,0,,3,3,0,150029,,11015,1,,12002,1,,,,,,,,,,,,,,,,,,,,,,,,,,,
22149,钻头+黄铜矛,540149,,,,,,,,,,1,0,,3,3,0,150029,,11015,1,,12004,1,,,,,,,,,,,,,,,,,,,,,,,,,,,
22150,钻头+能量矛,540150,,,,,,,,,,1,0,,3,3,0,150029,,11015,1,,12013,1,,,,,,,,,,,,,,,,,,,,,,,,,,,
22151,钻头+魔鬼鱼叉,540151,,,,,,,,,,1,0,,3,3,0,150029,,11015,1,,12063,1,,,,,,,,,,,,,,,,,,,,,,,,,,,
22152,星瞳钻头+黄铜镐,540152,,,,,,,,,,1,0,,3,3,0,150029,,11016,1,,11011,1,,,,,,,,,,,,,,,,,,,,,,,,,,,
22153,星瞳钻头+石镐,540153,,,,,,,,,,1,0,,3,3,0,150029,,11016,1,,11012,1,,,,,,,,,,,,,,,,,,,,,,,,,,,
22154,星瞳钻头+铸铁镐,540154,,,,,,,,,,1,0,,3,3,0,150029,,11016,1,,11013,1,,,,,,,,,,,,,,,,,,,,,,,,,,,
22155,星瞳钻头+钛合金镐,540155,,,,,,,,,,1,0,,3,3,0,150029,,11016,1,,11014,1,,,,,,,,,,,,,,,,,,,,,,,,,,,
22156,星瞳钻头+星瞳钻头,540156,,,,,,,,,,1,0,,3,3,0,150029,,11016,1,,11016,1,,,,,,,,,,,,,,,,,,,,,,,,,,,
22157,星瞳钻头+木棒,540157,,,,,,,,,,1,0,,3,3,0,150029,,11016,1,,12001,1,,,,,,,,,,,,,,,,,,,,,,,,,,,
22158,星瞳钻头+尖尖碰碰锤,540158,,,,,,,,,,1,0,,3,3,0,150029,,11016,1,,11230,1,,,,,,,,,,,,,,,,,,,,,,,,,,,
22159,星瞳钻头+冻结棒,540159,,,,,,,,,,1,0,,3,3,0,150029,,11016,1,,12316,1,,,,,,,,,,,,,,,,,,,,,,,,,,,
22160,星瞳钻头+钛金战锤,540160,,,,,,,,,,1,0,,3,3,0,150029,,11016,1,,12010,1,,,,,,,,,,,,,,,,,,,,,,,,,,,
22161,星瞳钻头+石剑,540161,,,,,,,,,,1,0,,3,3,0,150029,,11016,1,,12012,1,,,,,,,,,,,,,,,,,,,,,,,,,,,
22162,星瞳钻头+短剑,540162,,,,,,,,,,1,0,,3,3,0,150029,,11016,1,,12003,1,,,,,,,,,,,,,,,,,,,,,,,,,,,
22163,星瞳钻头+收割者,540163,,,,,,,,,,1,0,,3,3,0,150029,,11016,1,,12009,1,,,,,,,,,,,,,,,,,,,,,,,,,,,
22164,星瞳钻头+能量剑,540164,,,,,,,,,,1,0,,3,3,0,150029,,11016,1,,12005,1,,,,,,,,,,,,,,,,,,,,,,,,,,,
22165,星瞳钻头+石矛,540165,,,,,,,,,,1,0,,3,3,0,150029,,11016,1,,12002,1,,,,,,,,,,,,,,,,,,,,,,,,,,,
22166,星瞳钻头+黄铜矛,540166,,,,,,,,,,1,0,,3,3,0,150029,,11016,1,,12004,1,,,,,,,,,,,,,,,,,,,,,,,,,,,
22167,星瞳钻头+能量矛,540167,,,,,,,,,,1,0,,3,3,0,150029,,11016,1,,12013,1,,,,,,,,,,,,,,,,,,,,,,,,,,,
22168,星瞳钻头+魔鬼鱼叉,540168,,,,,,,,,,1,0,,3,3,0,150029,,11016,1,,12063,1,,,,,,,,,,,,,,,,,,,,,,,,,,,
22169,黄铜铲+黄铜铲,540169,,,,,,,,,,1,0,,3,3,0,150029,,11021,1,,11021,1,,,,,,,,,,,,,,,,,,,,,,,,,,,
22170,黄铜铲+石铲,540170,,,,,,,,,,1,0,,3,3,0,150029,,11021,1,,11022,1,,,,,,,,,,,,,,,,,,,,,,,,,,,
22171,黄铜铲+木棒,540171,,,,,,,,,,1,0,,3,3,0,150029,,11021,1,,12001,1,,,,,,,,,,,,,,,,,,,,,,,,,,,
22172,黄铜铲+尖尖碰碰锤,540172,,,,,,,,,,1,0,,3,3,0,150029,,11021,1,,11230,1,,,,,,,,,,,,,,,,,,,,,,,,,,,
22173,黄铜铲+冻结棒,540173,,,,,,,,,,1,0,,3,3,0,150029,,11021,1,,12316,1,,,,,,,,,,,,,,,,,,,,,,,,,,,
22174,黄铜铲+钛金战锤,540174,,,,,,,,,,1,0,,3,3,0,150029,,11021,1,,12010,1,,,,,,,,,,,,,,,,,,,,,,,,,,,
22175,黄铜铲+石剑,540175,,,,,,,,,,1,0,,3,3,0,150029,,11021,1,,12012,1,,,,,,,,,,,,,,,,,,,,,,,,,,,
22176,黄铜铲+短剑,540176,,,,,,,,,,1,0,,3,3,0,150029,,11021,1,,12003,1,,,,,,,,,,,,,,,,,,,,,,,,,,,
22177,黄铜铲+收割者,540177,,,,,,,,,,1,0,,3,3,0,150029,,11021,1,,12009,1,,,,,,,,,,,,,,,,,,,,,,,,,,,
22178,黄铜铲+能量剑,540178,,,,,,,,,,1,0,,3,3,0,150029,,11021,1,,12005,1,,,,,,,,,,,,,,,,,,,,,,,,,,,
22179,黄铜铲+石矛,540179,,,,,,,,,,1,0,,3,3,0,150029,,11021,1,,12002,1,,,,,,,,,,,,,,,,,,,,,,,,,,,
22180,黄铜铲+黄铜矛,540180,,,,,,,,,,1,0,,3,3,0,150029,,11021,1,,12004,1,,,,,,,,,,,,,,,,,,,,,,,,,,,
22181,黄铜铲+能量矛,540181,,,,,,,,,,1,0,,3,3,0,150029,,11021,1,,12013,1,,,,,,,,,,,,,,,,,,,,,,,,,,,
22182,黄铜铲+魔鬼鱼叉,540182,,,,,,,,,,1,0,,3,3,0,150029,,11021,1,,12063,1,,,,,,,,,,,,,,,,,,,,,,,,,,,
22183,石铲+石铲,540183,,,,,,,,,,1,0,,3,3,0,150029,,11022,1,,11022,1,,,,,,,,,,,,,,,,,,,,,,,,,,,
22184,石铲+木棒,540184,,,,,,,,,,1,0,,3,3,0,150029,,11022,1,,12001,1,,,,,,,,,,,,,,,,,,,,,,,,,,,
22185,石铲+尖尖碰碰锤,540185,,,,,,,,,,1,0,,3,3,0,150029,,11022,1,,11230,1,,,,,,,,,,,,,,,,,,,,,,,,,,,
22186,石铲+冻结棒,540186,,,,,,,,,,1,0,,3,3,0,150029,,11022,1,,12316,1,,,,,,,,,,,,,,,,,,,,,,,,,,,
22187,石铲+钛金战锤,540187,,,,,,,,,,1,0,,3,3,0,150029,,11022,1,,12010,1,,,,,,,,,,,,,,,,,,,,,,,,,,,
22188,石铲+石剑,540188,,,,,,,,,,1,0,,3,3,0,150029,,11022,1,,12012,1,,,,,,,,,,,,,,,,,,,,,,,,,,,
22189,石铲+短剑,540189,,,,,,,,,,1,0,,3,3,0,150029,,11022,1,,12003,1,,,,,,,,,,,,,,,,,,,,,,,,,,,
22190,石铲+收割者,540190,,,,,,,,,,1,0,,3,3,0,150029,,11022,1,,12009,1,,,,,,,,,,,,,,,,,,,,,,,,,,,
22191,石铲+能量剑,540191,,,,,,,,,,1,0,,3,3,0,150029,,11022,1,,12005,1,,,,,,,,,,,,,,,,,,,,,,,,,,,
22192,石铲+石矛,540192,,,,,,,,,,1,0,,3,3,0,150029,,11022,1,,12002,1,,,,,,,,,,,,,,,,,,,,,,,,,,,
22193,石铲+黄铜矛,540193,,,,,,,,,,1,0,,3,3,0,150029,,11022,1,,12004,1,,,,,,,,,,,,,,,,,,,,,,,,,,,
22194,石铲+能量矛,540194,,,,,,,,,,1,0,,3,3,0,150029,,11022,1,,12013,1,,,,,,,,,,,,,,,,,,,,,,,,,,,
22195,石铲+魔鬼鱼叉,540195,,,,,,,,,,1,0,,3,3,0,150029,,11022,1,,12063,1,,,,,,,,,,,,,,,,,,,,,,,,,,,
22196,铸铁铲+黄铜铲,540196,,,,,,,,,,1,0,,3,3,0,150029,,11023,1,,11021,1,,,,,,,,,,,,,,,,,,,,,,,,,,,
22197,铸铁铲+石铲,540197,,,,,,,,,,1,0,,3,3,0,150029,,11023,1,,11022,1,,,,,,,,,,,,,,,,,,,,,,,,,,,
22198,铸铁铲+铸铁铲,540198,,,,,,,,,,1,0,,3,3,0,150029,,11023,1,,11023,1,,,,,,,,,,,,,,,,,,,,,,,,,,,
22199,铸铁铲+木棒,540199,,,,,,,,,,1,0,,3,3,0,150029,,11023,1,,12001,1,,,,,,,,,,,,,,,,,,,,,,,,,,,
22200,铸铁铲+尖尖碰碰锤,540200,,,,,,,,,,1,0,,3,3,0,150029,,11023,1,,11230,1,,,,,,,,,,,,,,,,,,,,,,,,,,,
22201,铸铁铲+冻结棒,540201,,,,,,,,,,1,0,,3,3,0,150029,,11023,1,,12316,1,,,,,,,,,,,,,,,,,,,,,,,,,,,
22202,铸铁铲+钛金战锤,540202,,,,,,,,,,1,0,,3,3,0,150029,,11023,1,,12010,1,,,,,,,,,,,,,,,,,,,,,,,,,,,
22203,铸铁铲+石剑,540203,,,,,,,,,,1,0,,3,3,0,150029,,11023,1,,12012,1,,,,,,,,,,,,,,,,,,,,,,,,,,,
22204,铸铁铲+短剑,540204,,,,,,,,,,1,0,,3,3,0,150029,,11023,1,,12003,1,,,,,,,,,,,,,,,,,,,,,,,,,,,
22205,铸铁铲+收割者,540205,,,,,,,,,,1,0,,3,3,0,150029,,11023,1,,12009,1,,,,,,,,,,,,,,,,,,,,,,,,,,,
22206,铸铁铲+能量剑,540206,,,,,,,,,,1,0,,3,3,0,150029,,11023,1,,12005,1,,,,,,,,,,,,,,,,,,,,,,,,,,,
22207,铸铁铲+石矛,540207,,,,,,,,,,1,0,,3,3,0,150029,,11023,1,,12002,1,,,,,,,,,,,,,,,,,,,,,,,,,,,
22208,铸铁铲+黄铜矛,540208,,,,,,,,,,1,0,,3,3,0,150029,,11023,1,,12004,1,,,,,,,,,,,,,,,,,,,,,,,,,,,
22209,铸铁铲+能量矛,540209,,,,,,,,,,1,0,,3,3,0,150029,,11023,1,,12013,1,,,,,,,,,,,,,,,,,,,,,,,,,,,
22210,铸铁铲+魔鬼鱼叉,540210,,,,,,,,,,1,0,,3,3,0,150029,,11023,1,,12063,1,,,,,,,,,,,,,,,,,,,,,,,,,,,
22211,钛合金铲+黄铜铲,540211,,,,,,,,,,1,0,,3,3,0,150029,,11024,1,,11021,1,,,,,,,,,,,,,,,,,,,,,,,,,,,
22212,钛合金铲+石铲,540212,,,,,,,,,,1,0,,3,3,0,150029,,11024,1,,11022,1,,,,,,,,,,,,,,,,,,,,,,,,,,,
22213,钛合金铲+铸铁铲,540213,,,,,,,,,,1,0,,3,3,0,150029,,11024,1,,11023,1,,,,,,,,,,,,,,,,,,,,,,,,,,,
22214,钛合金铲+钛合金铲,540214,,,,,,,,,,1,0,,3,3,0,150029,,11024,1,,11024,1,,,,,,,,,,,,,,,,,,,,,,,,,,,
22215,钛合金铲+木棒,540215,,,,,,,,,,1,0,,3,3,0,150029,,11024,1,,12001,1,,,,,,,,,,,,,,,,,,,,,,,,,,,
22216,钛合金铲+尖尖碰碰锤,540216,,,,,,,,,,1,0,,3,3,0,150029,,11024,1,,11230,1,,,,,,,,,,,,,,,,,,,,,,,,,,,
22217,钛合金铲+冻结棒,540217,,,,,,,,,,1,0,,3,3,0,150029,,11024,1,,12316,1,,,,,,,,,,,,,,,,,,,,,,,,,,,
22218,钛合金铲+钛金战锤,540218,,,,,,,,,,1,0,,3,3,0,150029,,11024,1,,12010,1,,,,,,,,,,,,,,,,,,,,,,,,,,,
22219,钛合金铲+石剑,540219,,,,,,,,,,1,0,,3,3,0,150029,,11024,1,,12012,1,,,,,,,,,,,,,,,,,,,,,,,,,,,
22220,钛合金铲+短剑,540220,,,,,,,,,,1,0,,3,3,0,150029,,11024,1,,12003,1,,,,,,,,,,,,,,,,,,,,,,,,,,,
22221,钛合金铲+收割者,540221,,,,,,,,,,1,0,,3,3,0,150029,,11024,1,,12009,1,,,,,,,,,,,,,,,,,,,,,,,,,,,
22222,钛合金铲+能量剑,540222,,,,,,,,,,1,0,,3,3,0,150029,,11024,1,,12005,1,,,,,,,,,,,,,,,,,,,,,,,,,,,
22223,钛合金铲+石矛,540223,,,,,,,,,,1,0,,3,3,0,150029,,11024,1,,12002,1,,,,,,,,,,,,,,,,,,,,,,,,,,,
22224,钛合金铲+黄铜矛,540224,,,,,,,,,,1,0,,3,3,0,150029,,11024,1,,12004,1,,,,,,,,,,,,,,,,,,,,,,,,,,,
22225,钛合金铲+能量矛,540225,,,,,,,,,,1,0,,3,3,0,150029,,11024,1,,12013,1,,,,,,,,,,,,,,,,,,,,,,,,,,,
22226,钛合金铲+魔鬼鱼叉,540226,,,,,,,,,,1,0,,3,3,0,150029,,11024,1,,12063,1,,,,,,,,,,,,,,,,,,,,,,,,,,,
22227,钨金铲+黄铜铲,540227,,,,,,,,,,1,0,,3,3,0,150029,,11025,1,,11021,1,,,,,,,,,,,,,,,,,,,,,,,,,,,
22228,钨金铲+石铲,540228,,,,,,,,,,1,0,,3,3,0,150029,,11025,1,,11022,1,,,,,,,,,,,,,,,,,,,,,,,,,,,
22229,钨金铲+铸铁铲,540229,,,,,,,,,,1,0,,3,3,0,150029,,11025,1,,11023,1,,,,,,,,,,,,,,,,,,,,,,,,,,,
22230,钨金铲+钛合金铲,540230,,,,,,,,,,1,0,,3,3,0,150029,,11025,1,,11024,1,,,,,,,,,,,,,,,,,,,,,,,,,,,
22231,钨金铲+钨金铲,540231,,,,,,,,,,1,0,,3,3,0,150029,,11025,1,,11025,1,,,,,,,,,,,,,,,,,,,,,,,,,,,
22232,钨金铲+木棒,540232,,,,,,,,,,1,0,,3,3,0,150029,,11025,1,,12001,1,,,,,,,,,,,,,,,,,,,,,,,,,,,
22233,钨金铲+尖尖碰碰锤,540233,,,,,,,,,,1,0,,3,3,0,150029,,11025,1,,11230,1,,,,,,,,,,,,,,,,,,,,,,,,,,,
22234,钨金铲+冻结棒,540234,,,,,,,,,,1,0,,3,3,0,150029,,11025,1,,12316,1,,,,,,,,,,,,,,,,,,,,,,,,,,,
22235,钨金铲+钛金战锤,540235,,,,,,,,,,1,0,,3,3,0,150029,,11025,1,,12010,1,,,,,,,,,,,,,,,,,,,,,,,,,,,
22236,钨金铲+石剑,540236,,,,,,,,,,1,0,,3,3,0,150029,,11025,1,,12012,1,,,,,,,,,,,,,,,,,,,,,,,,,,,
22237,钨金铲+短剑,540237,,,,,,,,,,1,0,,3,3,0,150029,,11025,1,,12003,1,,,,,,,,,,,,,,,,,,,,,,,,,,,
22238,钨金铲+收割者,540238,,,,,,,,,,1,0,,3,3,0,150029,,11025,1,,12009,1,,,,,,,,,,,,,,,,,,,,,,,,,,,
22239,钨金铲+能量剑,540239,,,,,,,,,,1,0,,3,3,0,150029,,11025,1,,12005,1,,,,,,,,,,,,,,,,,,,,,,,,,,,
22240,钨金铲+石矛,540240,,,,,,,,,,1,0,,3,3,0,150029,,11025,1,,12002,1,,,,,,,,,,,,,,,,,,,,,,,,,,,
22241,钨金铲+黄铜矛,540241,,,,,,,,,,1,0,,3,3,0,150029,,11025,1,,12004,1,,,,,,,,,,,,,,,,,,,,,,,,,,,
22242,钨金铲+能量矛,540242,,,,,,,,,,1,0,,3,3,0,150029,,11025,1,,12013,1,,,,,,,,,,,,,,,,,,,,,,,,,,,
22243,钨金铲+魔鬼鱼叉,540243,,,,,,,,,,1,0,,3,3,0,150029,,11025,1,,12063,1,,,,,,,,,,,,,,,,,,,,,,,,,,,
22244,黄铜耙+黄铜耙,540244,,,,,,,,,,1,0,,3,3,0,150029,,11031,1,,11031,1,,,,,,,,,,,,,,,,,,,,,,,,,,,
22245,黄铜耙+石耙,540245,,,,,,,,,,1,0,,3,3,0,150029,,11031,1,,11032,1,,,,,,,,,,,,,,,,,,,,,,,,,,,
22246,黄铜耙+木棒,540246,,,,,,,,,,1,0,,3,3,0,150029,,11031,1,,12001,1,,,,,,,,,,,,,,,,,,,,,,,,,,,
22247,黄铜耙+尖尖碰碰锤,540247,,,,,,,,,,1,0,,3,3,0,150029,,11031,1,,11230,1,,,,,,,,,,,,,,,,,,,,,,,,,,,
22248,黄铜耙+冻结棒,540248,,,,,,,,,,1,0,,3,3,0,150029,,11031,1,,12316,1,,,,,,,,,,,,,,,,,,,,,,,,,,,
22249,黄铜耙+钛金战锤,540249,,,,,,,,,,1,0,,3,3,0,150029,,11031,1,,12010,1,,,,,,,,,,,,,,,,,,,,,,,,,,,
22250,黄铜耙+石剑,540250,,,,,,,,,,1,0,,3,3,0,150029,,11031,1,,12012,1,,,,,,,,,,,,,,,,,,,,,,,,,,,
22251,黄铜耙+短剑,540251,,,,,,,,,,1,0,,3,3,0,150029,,11031,1,,12003,1,,,,,,,,,,,,,,,,,,,,,,,,,,,
22252,黄铜耙+收割者,540252,,,,,,,,,,1,0,,3,3,0,150029,,11031,1,,12009,1,,,,,,,,,,,,,,,,,,,,,,,,,,,
22253,黄铜耙+能量剑,540253,,,,,,,,,,1,0,,3,3,0,150029,,11031,1,,12005,1,,,,,,,,,,,,,,,,,,,,,,,,,,,
22254,黄铜耙+石矛,540254,,,,,,,,,,1,0,,3,3,0,150029,,11031,1,,12002,1,,,,,,,,,,,,,,,,,,,,,,,,,,,
22255,黄铜耙+黄铜矛,540255,,,,,,,,,,1,0,,3,3,0,150029,,11031,1,,12004,1,,,,,,,,,,,,,,,,,,,,,,,,,,,
22256,黄铜耙+能量矛,540256,,,,,,,,,,1,0,,3,3,0,150029,,11031,1,,12013,1,,,,,,,,,,,,,,,,,,,,,,,,,,,
22257,黄铜耙+魔鬼鱼叉,540257,,,,,,,,,,1,0,,3,3,0,150029,,11031,1,,12063,1,,,,,,,,,,,,,,,,,,,,,,,,,,,
22258,石耙+石耙,540258,,,,,,,,,,1,0,,3,3,0,150029,,11032,1,,11032,1,,,,,,,,,,,,,,,,,,,,,,,,,,,
22259,石耙+木棒,540259,,,,,,,,,,1,0,,3,3,0,150029,,11032,1,,12001,1,,,,,,,,,,,,,,,,,,,,,,,,,,,
22260,石耙+尖尖碰碰锤,540260,,,,,,,,,,1,0,,3,3,0,150029,,11032,1,,11230,1,,,,,,,,,,,,,,,,,,,,,,,,,,,
22261,石耙+冻结棒,540261,,,,,,,,,,1,0,,3,3,0,150029,,11032,1,,12316,1,,,,,,,,,,,,,,,,,,,,,,,,,,,
22262,石耙+钛金战锤,540262,,,,,,,,,,1,0,,3,3,0,150029,,11032,1,,12010,1,,,,,,,,,,,,,,,,,,,,,,,,,,,
22263,石耙+石剑,540263,,,,,,,,,,1,0,,3,3,0,150029,,11032,1,,12012,1,,,,,,,,,,,,,,,,,,,,,,,,,,,
22264,石耙+短剑,540264,,,,,,,,,,1,0,,3,3,0,150029,,11032,1,,12003,1,,,,,,,,,,,,,,,,,,,,,,,,,,,
22265,石耙+收割者,540265,,,,,,,,,,1,0,,3,3,0,150029,,11032,1,,12009,1,,,,,,,,,,,,,,,,,,,,,,,,,,,
22266,石耙+能量剑,540266,,,,,,,,,,1,0,,3,3,0,150029,,11032,1,,12005,1,,,,,,,,,,,,,,,,,,,,,,,,,,,
22267,石耙+石矛,540267,,,,,,,,,,1,0,,3,3,0,150029,,11032,1,,12002,1,,,,,,,,,,,,,,,,,,,,,,,,,,,
22268,石耙+黄铜矛,540268,,,,,,,,,,1,0,,3,3,0,150029,,11032,1,,12004,1,,,,,,,,,,,,,,,,,,,,,,,,,,,
22269,石耙+能量矛,540269,,,,,,,,,,1,0,,3,3,0,150029,,11032,1,,12013,1,,,,,,,,,,,,,,,,,,,,,,,,,,,
22270,石耙+魔鬼鱼叉,540270,,,,,,,,,,1,0,,3,3,0,150029,,11032,1,,12063,1,,,,,,,,,,,,,,,,,,,,,,,,,,,
22271,铸铁耙+黄铜耙,540271,,,,,,,,,,1,0,,3,3,0,150029,,11033,1,,11031,1,,,,,,,,,,,,,,,,,,,,,,,,,,,
22272,铸铁耙+石耙,540272,,,,,,,,,,1,0,,3,3,0,150029,,11033,1,,11032,1,,,,,,,,,,,,,,,,,,,,,,,,,,,
22273,铸铁耙+铸铁耙,540273,,,,,,,,,,1,0,,3,3,0,150029,,11033,1,,11033,1,,,,,,,,,,,,,,,,,,,,,,,,,,,
22274,铸铁耙+木棒,540274,,,,,,,,,,1,0,,3,3,0,150029,,11033,1,,12001,1,,,,,,,,,,,,,,,,,,,,,,,,,,,
22275,铸铁耙+尖尖碰碰锤,540275,,,,,,,,,,1,0,,3,3,0,150029,,11033,1,,11230,1,,,,,,,,,,,,,,,,,,,,,,,,,,,
22276,铸铁耙+冻结棒,540276,,,,,,,,,,1,0,,3,3,0,150029,,11033,1,,12316,1,,,,,,,,,,,,,,,,,,,,,,,,,,,
22277,铸铁耙+钛金战锤,540277,,,,,,,,,,1,0,,3,3,0,150029,,11033,1,,12010,1,,,,,,,,,,,,,,,,,,,,,,,,,,,
22278,铸铁耙+石剑,540278,,,,,,,,,,1,0,,3,3,0,150029,,11033,1,,12012,1,,,,,,,,,,,,,,,,,,,,,,,,,,,
22279,铸铁耙+短剑,540279,,,,,,,,,,1,0,,3,3,0,150029,,11033,1,,12003,1,,,,,,,,,,,,,,,,,,,,,,,,,,,
22280,铸铁耙+收割者,540280,,,,,,,,,,1,0,,3,3,0,150029,,11033,1,,12009,1,,,,,,,,,,,,,,,,,,,,,,,,,,,
22281,铸铁耙+能量剑,540281,,,,,,,,,,1,0,,3,3,0,150029,,11033,1,,12005,1,,,,,,,,,,,,,,,,,,,,,,,,,,,
22282,铸铁耙+石矛,540282,,,,,,,,,,1,0,,3,3,0,150029,,11033,1,,12002,1,,,,,,,,,,,,,,,,,,,,,,,,,,,
22283,铸铁耙+黄铜矛,540283,,,,,,,,,,1,0,,3,3,0,150029,,11033,1,,12004,1,,,,,,,,,,,,,,,,,,,,,,,,,,,
22284,铸铁耙+能量矛,540284,,,,,,,,,,1,0,,3,3,0,150029,,11033,1,,12013,1,,,,,,,,,,,,,,,,,,,,,,,,,,,
22285,铸铁耙+魔鬼鱼叉,540285,,,,,,,,,,1,0,,3,3,0,150029,,11033,1,,12063,1,,,,,,,,,,,,,,,,,,,,,,,,,,,
22286,钛合金耙+黄铜耙,540286,,,,,,,,,,1,0,,3,3,0,150029,,11034,1,,11031,1,,,,,,,,,,,,,,,,,,,,,,,,,,,
22287,钛合金耙+石耙,540287,,,,,,,,,,1,0,,3,3,0,150029,,11034,1,,11032,1,,,,,,,,,,,,,,,,,,,,,,,,,,,
22288,钛合金耙+铸铁耙,540288,,,,,,,,,,1,0,,3,3,0,150029,,11034,1,,11033,1,,,,,,,,,,,,,,,,,,,,,,,,,,,
22289,钛合金耙+钛合金耙,540289,,,,,,,,,,1,0,,3,3,0,150029,,11034,1,,11034,1,,,,,,,,,,,,,,,,,,,,,,,,,,,
22290,钛合金耙+木棒,540290,,,,,,,,,,1,0,,3,3,0,150029,,11034,1,,12001,1,,,,,,,,,,,,,,,,,,,,,,,,,,,
22291,钛合金耙+尖尖碰碰锤,540291,,,,,,,,,,1,0,,3,3,0,150029,,11034,1,,11230,1,,,,,,,,,,,,,,,,,,,,,,,,,,,
22292,钛合金耙+冻结棒,540292,,,,,,,,,,1,0,,3,3,0,150029,,11034,1,,12316,1,,,,,,,,,,,,,,,,,,,,,,,,,,,
22293,钛合金耙+钛金战锤,540293,,,,,,,,,,1,0,,3,3,0,150029,,11034,1,,12010,1,,,,,,,,,,,,,,,,,,,,,,,,,,,
22294,钛合金耙+石剑,540294,,,,,,,,,,1,0,,3,3,0,150029,,11034,1,,12012,1,,,,,,,,,,,,,,,,,,,,,,,,,,,
22295,钛合金耙+短剑,540295,,,,,,,,,,1,0,,3,3,0,150029,,11034,1,,12003,1,,,,,,,,,,,,,,,,,,,,,,,,,,,
22296,钛合金耙+收割者,540296,,,,,,,,,,1,0,,3,3,0,150029,,11034,1,,12009,1,,,,,,,,,,,,,,,,,,,,,,,,,,,
22297,钛合金耙+能量剑,540297,,,,,,,,,,1,0,,3,3,0,150029,,11034,1,,12005,1,,,,,,,,,,,,,,,,,,,,,,,,,,,
22298,钛合金耙+石矛,540298,,,,,,,,,,1,0,,3,3,0,150029,,11034,1,,12002,1,,,,,,,,,,,,,,,,,,,,,,,,,,,
22299,钛合金耙+黄铜矛,540299,,,,,,,,,,1,0,,3,3,0,150029,,11034,1,,12004,1,,,,,,,,,,,,,,,,,,,,,,,,,,,
22300,钛合金耙+能量矛,540300,,,,,,,,,,1,0,,3,3,0,150029,,11034,1,,12013,1,,,,,,,,,,,,,,,,,,,,,,,,,,,
22301,钛合金耙+魔鬼鱼叉,540301,,,,,,,,,,1,0,,3,3,0,150029,,11034,1,,12063,1,,,,,,,,,,,,,,,,,,,,,,,,,,,
22302,钨金耙+黄铜耙,540302,,,,,,,,,,1,0,,3,3,0,150029,,11035,1,,11031,1,,,,,,,,,,,,,,,,,,,,,,,,,,,
22303,钨金耙+石耙,540303,,,,,,,,,,1,0,,3,3,0,150029,,11035,1,,11032,1,,,,,,,,,,,,,,,,,,,,,,,,,,,
22304,钨金耙+铸铁耙,540304,,,,,,,,,,1,0,,3,3,0,150029,,11035,1,,11033,1,,,,,,,,,,,,,,,,,,,,,,,,,,,
22305,钨金耙+钛合金耙,540305,,,,,,,,,,1,0,,3,3,0,150029,,11035,1,,11034,1,,,,,,,,,,,,,,,,,,,,,,,,,,,
22306,钨金耙+钨金耙,540306,,,,,,,,,,1,0,,3,3,0,150029,,11035,1,,11035,1,,,,,,,,,,,,,,,,,,,,,,,,,,,
22307,钨金耙+木棒,540307,,,,,,,,,,1,0,,3,3,0,150029,,11035,1,,12001,1,,,,,,,,,,,,,,,,,,,,,,,,,,,
22308,钨金耙+尖尖碰碰锤,540308,,,,,,,,,,1,0,,3,3,0,150029,,11035,1,,11230,1,,,,,,,,,,,,,,,,,,,,,,,,,,,
22309,钨金耙+冻结棒,540309,,,,,,,,,,1,0,,3,3,0,150029,,11035,1,,12316,1,,,,,,,,,,,,,,,,,,,,,,,,,,,
22310,钨金耙+钛金战锤,540310,,,,,,,,,,1,0,,3,3,0,150029,,11035,1,,12010,1,,,,,,,,,,,,,,,,,,,,,,,,,,,
22311,钨金耙+石剑,540311,,,,,,,,,,1,0,,3,3,0,150029,,11035,1,,12012,1,,,,,,,,,,,,,,,,,,,,,,,,,,,
22312,钨金耙+短剑,540312,,,,,,,,,,1,0,,3,3,0,150029,,11035,1,,12003,1,,,,,,,,,,,,,,,,,,,,,,,,,,,
22313,钨金耙+收割者,540313,,,,,,,,,,1,0,,3,3,0,150029,,11035,1,,12009,1,,,,,,,,,,,,,,,,,,,,,,,,,,,
22314,钨金耙+能量剑,540314,,,,,,,,,,1,0,,3,3,0,150029,,11035,1,,12005,1,,,,,,,,,,,,,,,,,,,,,,,,,,,
22315,钨金耙+石矛,540315,,,,,,,,,,1,0,,3,3,0,150029,,11035,1,,12002,1,,,,,,,,,,,,,,,,,,,,,,,,,,,
22316,钨金耙+黄铜矛,540316,,,,,,,,,,1,0,,3,3,0,150029,,11035,1,,12004,1,,,,,,,,,,,,,,,,,,,,,,,,,,,
22317,钨金耙+能量矛,540317,,,,,,,,,,1,0,,3,3,0,150029,,11035,1,,12013,1,,,,,,,,,,,,,,,,,,,,,,,,,,,
22318,钨金耙+魔鬼鱼叉,540318,,,,,,,,,,1,0,,3,3,0,150029,,11035,1,,12063,1,,,,,,,,,,,,,,,,,,,,,,,,,,,
22319,木棒+木棒,540319,,,,,,,,,,1,0,,3,3,0,150029,,12001,1,,12001,1,,,,,,,,,,,,,,,,,,,,,,,,,,,
22320,木棒+石剑,540320,,,,,,,,,,1,0,,3,3,0,150029,,12001,1,,12012,1,,,,,,,,,,,,,,,,,,,,,,,,,,,
22321,木棒+短剑,540321,,,,,,,,,,1,0,,3,3,0,150029,,12001,1,,12003,1,,,,,,,,,,,,,,,,,,,,,,,,,,,
22322,木棒+收割者,540322,,,,,,,,,,1,0,,3,3,0,150029,,12001,1,,12009,1,,,,,,,,,,,,,,,,,,,,,,,,,,,
22323,木棒+能量剑,540323,,,,,,,,,,1,0,,3,3,0,150029,,12001,1,,12005,1,,,,,,,,,,,,,,,,,,,,,,,,,,,
22324,木棒+蝎壳盾,540324,,,,,,,,,,1,0,,3,3,0,150029,,12001,1,,12309,1,,,,,,,,,,,,,,,,,,,,,,,,,,,
22325,木棒+蝎刺盾,540325,,,,,,,,,,1,0,,3,3,0,150029,,12001,1,,12310,1,,,,,,,,,,,,,,,,,,,,,,,,,,,
22326,木棒+木盾,540326,,,,,,,,,,1,0,,3,3,0,150029,,12001,1,,12317,1,,,,,,,,,,,,,,,,,,,,,,,,,,,
22327,木棒+黄铜盾,540327,,,,,,,,,,1,0,,3,3,0,150029,,12001,1,,12318,1,,,,,,,,,,,,,,,,,,,,,,,,,,,
22328,木棒+钛金盾,540328,,,,,,,,,,1,0,,3,3,0,150029,,12001,1,,12319,1,,,,,,,,,,,,,,,,,,,,,,,,,,,
22329,尖尖碰碰锤+木棒,540329,,,,,,,,,,1,0,,3,3,0,150029,,11230,1,,12001,1,,,,,,,,,,,,,,,,,,,,,,,,,,,
22330,尖尖碰碰锤+尖尖碰碰锤,540330,,,,,,,,,,1,0,,3,3,0,150029,,11230,1,,11230,1,,,,,,,,,,,,,,,,,,,,,,,,,,,
22331,尖尖碰碰锤+冻结棒,540331,,,,,,,,,,1,0,,3,3,0,150029,,11230,1,,12316,1,,,,,,,,,,,,,,,,,,,,,,,,,,,
22332,尖尖碰碰锤+石剑,540332,,,,,,,,,,1,0,,3,3,0,150029,,11230,1,,12012,1,,,,,,,,,,,,,,,,,,,,,,,,,,,
22333,尖尖碰碰锤+短剑,540333,,,,,,,,,,1,0,,3,3,0,150029,,11230,1,,12003,1,,,,,,,,,,,,,,,,,,,,,,,,,,,
22334,尖尖碰碰锤+收割者,540334,,,,,,,,,,1,0,,3,3,0,150029,,11230,1,,12009,1,,,,,,,,,,,,,,,,,,,,,,,,,,,
22335,尖尖碰碰锤+能量剑,540335,,,,,,,,,,1,0,,3,3,0,150029,,11230,1,,12005,1,,,,,,,,,,,,,,,,,,,,,,,,,,,
22336,尖尖碰碰锤+蝎壳盾,540336,,,,,,,,,,1,0,,3,3,0,150029,,11230,1,,12309,1,,,,,,,,,,,,,,,,,,,,,,,,,,,
22337,尖尖碰碰锤+蝎刺盾,540337,,,,,,,,,,1,0,,3,3,0,150029,,11230,1,,12310,1,,,,,,,,,,,,,,,,,,,,,,,,,,,
22338,尖尖碰碰锤+木盾,540338,,,,,,,,,,1,0,,3,3,0,150029,,11230,1,,12317,1,,,,,,,,,,,,,,,,,,,,,,,,,,,
22339,尖尖碰碰锤+黄铜盾,540339,,,,,,,,,,1,0,,3,3,0,150029,,11230,1,,12318,1,,,,,,,,,,,,,,,,,,,,,,,,,,,
22340,尖尖碰碰锤+钛金盾,540340,,,,,,,,,,1,0,,3,3,0,150029,,11230,1,,12319,1,,,,,,,,,,,,,,,,,,,,,,,,,,,
22341,冻结棒+木棒,540341,,,,,,,,,,1,0,,3,3,0,150029,,12316,1,,12001,1,,,,,,,,,,,,,,,,,,,,,,,,,,,
22342,冻结棒+冻结棒,540342,,,,,,,,,,1,0,,3,3,0,150029,,12316,1,,12316,1,,,,,,,,,,,,,,,,,,,,,,,,,,,
22343,冻结棒+石剑,540343,,,,,,,,,,1,0,,3,3,0,150029,,12316,1,,12012,1,,,,,,,,,,,,,,,,,,,,,,,,,,,
22344,冻结棒+短剑,540344,,,,,,,,,,1,0,,3,3,0,150029,,12316,1,,12003,1,,,,,,,,,,,,,,,,,,,,,,,,,,,
22345,冻结棒+收割者,540345,,,,,,,,,,1,0,,3,3,0,150029,,12316,1,,12009,1,,,,,,,,,,,,,,,,,,,,,,,,,,,
22346,冻结棒+能量剑,540346,,,,,,,,,,1,0,,3,3,0,150029,,12316,1,,12005,1,,,,,,,,,,,,,,,,,,,,,,,,,,,
22347,冻结棒+蝎壳盾,540347,,,,,,,,,,1,0,,3,3,0,150029,,12316,1,,12309,1,,,,,,,,,,,,,,,,,,,,,,,,,,,
22348,冻结棒+蝎刺盾,540348,,,,,,,,,,1,0,,3,3,0,150029,,12316,1,,12310,1,,,,,,,,,,,,,,,,,,,,,,,,,,,
22349,冻结棒+木盾,540349,,,,,,,,,,1,0,,3,3,0,150029,,12316,1,,12317,1,,,,,,,,,,,,,,,,,,,,,,,,,,,
22350,冻结棒+黄铜盾,540350,,,,,,,,,,1,0,,3,3,0,150029,,12316,1,,12318,1,,,,,,,,,,,,,,,,,,,,,,,,,,,
22351,冻结棒+钛金盾,540351,,,,,,,,,,1,0,,3,3,0,150029,,12316,1,,12319,1,,,,,,,,,,,,,,,,,,,,,,,,,,,
22352,钛金战锤+木棒,540352,,,,,,,,,,1,0,,3,3,0,150029,,12010,1,,12001,1,,,,,,,,,,,,,,,,,,,,,,,,,,,
22353,钛金战锤+尖尖碰碰锤,540353,,,,,,,,,,1,0,,3,3,0,150029,,12010,1,,11230,1,,,,,,,,,,,,,,,,,,,,,,,,,,,
22354,钛金战锤+冻结棒,540354,,,,,,,,,,1,0,,3,3,0,150029,,12010,1,,12316,1,,,,,,,,,,,,,,,,,,,,,,,,,,,
22355,钛金战锤+钛金战锤,540355,,,,,,,,,,1,0,,3,3,0,150029,,12010,1,,12010,1,,,,,,,,,,,,,,,,,,,,,,,,,,,
22356,钛金战锤+石剑,540356,,,,,,,,,,1,0,,3,3,0,150029,,12010,1,,12012,1,,,,,,,,,,,,,,,,,,,,,,,,,,,
22357,钛金战锤+短剑,540357,,,,,,,,,,1,0,,3,3,0,150029,,12010,1,,12003,1,,,,,,,,,,,,,,,,,,,,,,,,,,,
22358,钛金战锤+收割者,540358,,,,,,,,,,1,0,,3,3,0,150029,,12010,1,,12009,1,,,,,,,,,,,,,,,,,,,,,,,,,,,
22359,钛金战锤+能量剑,540359,,,,,,,,,,1,0,,3,3,0,150029,,12010,1,,12005,1,,,,,,,,,,,,,,,,,,,,,,,,,,,
22360,钛金战锤+蝎壳盾,540360,,,,,,,,,,1,0,,3,3,0,150029,,12010,1,,12309,1,,,,,,,,,,,,,,,,,,,,,,,,,,,
22361,钛金战锤+蝎刺盾,540361,,,,,,,,,,1,0,,3,3,0,150029,,12010,1,,12310,1,,,,,,,,,,,,,,,,,,,,,,,,,,,
22362,钛金战锤+木盾,540362,,,,,,,,,,1,0,,3,3,0,150029,,12010,1,,12317,1,,,,,,,,,,,,,,,,,,,,,,,,,,,
22363,钛金战锤+黄铜盾,540363,,,,,,,,,,1,0,,3,3,0,150029,,12010,1,,12318,1,,,,,,,,,,,,,,,,,,,,,,,,,,,
22364,钛金战锤+钛金盾,540364,,,,,,,,,,1,0,,3,3,0,150029,,12010,1,,12319,1,,,,,,,,,,,,,,,,,,,,,,,,,,,
22365,石剑+石剑,540365,,,,,,,,,,1,0,,3,3,0,150029,,12012,1,,12012,1,,,,,,,,,,,,,,,,,,,,,,,,,,,
22366,石剑+蝎壳盾,540366,,,,,,,,,,1,0,,3,3,0,150029,,12012,1,,12309,1,,,,,,,,,,,,,,,,,,,,,,,,,,,
22367,石剑+蝎刺盾,540367,,,,,,,,,,1,0,,3,3,0,150029,,12012,1,,12310,1,,,,,,,,,,,,,,,,,,,,,,,,,,,
22368,石剑+木盾,540368,,,,,,,,,,1,0,,3,3,0,150029,,12012,1,,12317,1,,,,,,,,,,,,,,,,,,,,,,,,,,,
22369,石剑+黄铜盾,540369,,,,,,,,,,1,0,,3,3,0,150029,,12012,1,,12318,1,,,,,,,,,,,,,,,,,,,,,,,,,,,
22370,石剑+钛金盾,540370,,,,,,,,,,1,0,,3,3,0,150029,,12012,1,,12319,1,,,,,,,,,,,,,,,,,,,,,,,,,,,
22371,短剑+石剑,540371,,,,,,,,,,1,0,,3,3,0,150029,,12003,1,,12012,1,,,,,,,,,,,,,,,,,,,,,,,,,,,
22372,短剑+短剑,540372,,,,,,,,,,1,0,,3,3,0,150029,,12003,1,,12003,1,,,,,,,,,,,,,,,,,,,,,,,,,,,
22373,短剑+蝎壳盾,540373,,,,,,,,,,1,0,,3,3,0,150029,,12003,1,,12309,1,,,,,,,,,,,,,,,,,,,,,,,,,,,
22374,短剑+蝎刺盾,540374,,,,,,,,,,1,0,,3,3,0,150029,,12003,1,,12310,1,,,,,,,,,,,,,,,,,,,,,,,,,,,
22375,短剑+木盾,540375,,,,,,,,,,1,0,,3,3,0,150029,,12003,1,,12317,1,,,,,,,,,,,,,,,,,,,,,,,,,,,
22376,短剑+黄铜盾,540376,,,,,,,,,,1,0,,3,3,0,150029,,12003,1,,12318,1,,,,,,,,,,,,,,,,,,,,,,,,,,,
22377,短剑+钛金盾,540377,,,,,,,,,,1,0,,3,3,0,150029,,12003,1,,12319,1,,,,,,,,,,,,,,,,,,,,,,,,,,,
22378,收割者+石剑,540378,,,,,,,,,,1,0,,3,3,0,150029,,12009,1,,12012,1,,,,,,,,,,,,,,,,,,,,,,,,,,,
22379,收割者+短剑,540379,,,,,,,,,,1,0,,3,3,0,150029,,12009,1,,12003,1,,,,,,,,,,,,,,,,,,,,,,,,,,,
22380,收割者+收割者,540380,,,,,,,,,,1,0,,3,3,0,150029,,12009,1,,12009,1,,,,,,,,,,,,,,,,,,,,,,,,,,,
22381,收割者+蝎壳盾,540381,,,,,,,,,,1,0,,3,3,0,150029,,12009,1,,12309,1,,,,,,,,,,,,,,,,,,,,,,,,,,,
22382,收割者+蝎刺盾,540382,,,,,,,,,,1,0,,3,3,0,150029,,12009,1,,12310,1,,,,,,,,,,,,,,,,,,,,,,,,,,,
22383,收割者+木盾,540383,,,,,,,,,,1,0,,3,3,0,150029,,12009,1,,12317,1,,,,,,,,,,,,,,,,,,,,,,,,,,,
22384,收割者+黄铜盾,540384,,,,,,,,,,1,0,,3,3,0,150029,,12009,1,,12318,1,,,,,,,,,,,,,,,,,,,,,,,,,,,
22385,收割者+钛金盾,540385,,,,,,,,,,1,0,,3,3,0,150029,,12009,1,,12319,1,,,,,,,,,,,,,,,,,,,,,,,,,,,
22386,能量剑+石剑,540386,,,,,,,,,,1,0,,3,3,0,150029,,12005,1,,12012,1,,,,,,,,,,,,,,,,,,,,,,,,,,,
22387,能量剑+短剑,540387,,,,,,,,,,1,0,,3,3,0,150029,,12005,1,,12003,1,,,,,,,,,,,,,,,,,,,,,,,,,,,
22388,能量剑+收割者,540388,,,,,,,,,,1,0,,3,3,0,150029,,12005,1,,12009,1,,,,,,,,,,,,,,,,,,,,,,,,,,,
22389,能量剑+能量剑,540389,,,,,,,,,,1,0,,3,3,0,150029,,12005,1,,12005,1,,,,,,,,,,,,,,,,,,,,,,,,,,,
22390,能量剑+蝎壳盾,540390,,,,,,,,,,1,0,,3,3,0,150029,,12005,1,,12309,1,,,,,,,,,,,,,,,,,,,,,,,,,,,
22391,能量剑+蝎刺盾,540391,,,,,,,,,,1,0,,3,3,0,150029,,12005,1,,12310,1,,,,,,,,,,,,,,,,,,,,,,,,,,,
22392,能量剑+木盾,540392,,,,,,,,,,1,0,,3,3,0,150029,,12005,1,,12317,1,,,,,,,,,,,,,,,,,,,,,,,,,,,
22393,能量剑+黄铜盾,540393,,,,,,,,,,1,0,,3,3,0,150029,,12005,1,,12318,1,,,,,,,,,,,,,,,,,,,,,,,,,,,
22394,能量剑+钛金盾,540394,,,,,,,,,,1,0,,3,3,0,150029,,12005,1,,12319,1,,,,,,,,,,,,,,,,,,,,,,,,,,,
22395,石矛+木棒,540395,,,,,,,,,,1,0,,3,3,0,150029,,12002,1,,12001,1,,,,,,,,,,,,,,,,,,,,,,,,,,,
22396,石矛+尖尖碰碰锤,540396,,,,,,,,,,1,0,,3,3,0,150029,,12002,1,,11230,1,,,,,,,,,,,,,,,,,,,,,,,,,,,
22397,石矛+冻结棒,540397,,,,,,,,,,1,0,,3,3,0,150029,,12002,1,,12316,1,,,,,,,,,,,,,,,,,,,,,,,,,,,
22398,石矛+钛金战锤,540398,,,,,,,,,,1,0,,3,3,0,150029,,12002,1,,12010,1,,,,,,,,,,,,,,,,,,,,,,,,,,,
22399,石矛+石剑,540399,,,,,,,,,,1,0,,3,3,0,150029,,12002,1,,12012,1,,,,,,,,,,,,,,,,,,,,,,,,,,,
22400,石矛+短剑,540400,,,,,,,,,,1,0,,3,3,0,150029,,12002,1,,12003,1,,,,,,,,,,,,,,,,,,,,,,,,,,,
22401,石矛+收割者,540401,,,,,,,,,,1,0,,3,3,0,150029,,12002,1,,12009,1,,,,,,,,,,,,,,,,,,,,,,,,,,,
22402,石矛+能量剑,540402,,,,,,,,,,1,0,,3,3,0,150029,,12002,1,,12005,1,,,,,,,,,,,,,,,,,,,,,,,,,,,
22403,石矛+石矛,540403,,,,,,,,,,1,0,,3,3,0,150029,,12002,1,,12002,1,,,,,,,,,,,,,,,,,,,,,,,,,,,
22404,石矛+蝎壳盾,540404,,,,,,,,,,1,0,,3,3,0,150029,,12002,1,,12309,1,,,,,,,,,,,,,,,,,,,,,,,,,,,
22405,石矛+蝎刺盾,540405,,,,,,,,,,1,0,,3,3,0,150029,,12002,1,,12310,1,,,,,,,,,,,,,,,,,,,,,,,,,,,
22406,石矛+木盾,540406,,,,,,,,,,1,0,,3,3,0,150029,,12002,1,,12317,1,,,,,,,,,,,,,,,,,,,,,,,,,,,
22407,石矛+黄铜盾,540407,,,,,,,,,,1,0,,3,3,0,150029,,12002,1,,12318,1,,,,,,,,,,,,,,,,,,,,,,,,,,,
22408,石矛+钛金盾,540408,,,,,,,,,,1,0,,3,3,0,150029,,12002,1,,12319,1,,,,,,,,,,,,,,,,,,,,,,,,,,,
22409,黄铜矛+木棒,540409,,,,,,,,,,1,0,,3,3,0,150029,,12004,1,,12001,1,,,,,,,,,,,,,,,,,,,,,,,,,,,
22410,黄铜矛+尖尖碰碰锤,540410,,,,,,,,,,1,0,,3,3,0,150029,,12004,1,,11230,1,,,,,,,,,,,,,,,,,,,,,,,,,,,
22411,黄铜矛+冻结棒,540411,,,,,,,,,,1,0,,3,3,0,150029,,12004,1,,12316,1,,,,,,,,,,,,,,,,,,,,,,,,,,,
22412,黄铜矛+钛金战锤,540412,,,,,,,,,,1,0,,3,3,0,150029,,12004,1,,12010,1,,,,,,,,,,,,,,,,,,,,,,,,,,,
22413,黄铜矛+石剑,540413,,,,,,,,,,1,0,,3,3,0,150029,,12004,1,,12012,1,,,,,,,,,,,,,,,,,,,,,,,,,,,
22414,黄铜矛+短剑,540414,,,,,,,,,,1,0,,3,3,0,150029,,12004,1,,12003,1,,,,,,,,,,,,,,,,,,,,,,,,,,,
22415,黄铜矛+收割者,540415,,,,,,,,,,1,0,,3,3,0,150029,,12004,1,,12009,1,,,,,,,,,,,,,,,,,,,,,,,,,,,
22416,黄铜矛+能量剑,540416,,,,,,,,,,1,0,,3,3,0,150029,,12004,1,,12005,1,,,,,,,,,,,,,,,,,,,,,,,,,,,
22417,黄铜矛+石矛,540417,,,,,,,,,,1,0,,3,3,0,150029,,12004,1,,12002,1,,,,,,,,,,,,,,,,,,,,,,,,,,,
22418,黄铜矛+黄铜矛,540418,,,,,,,,,,1,0,,3,3,0,150029,,12004,1,,12004,1,,,,,,,,,,,,,,,,,,,,,,,,,,,
22419,黄铜矛+魔鬼鱼叉,540419,,,,,,,,,,1,0,,3,3,0,150029,,12004,1,,12063,1,,,,,,,,,,,,,,,,,,,,,,,,,,,
22420,黄铜矛+蝎壳盾,540420,,,,,,,,,,1,0,,3,3,0,150029,,12004,1,,12309,1,,,,,,,,,,,,,,,,,,,,,,,,,,,
22421,黄铜矛+蝎刺盾,540421,,,,,,,,,,1,0,,3,3,0,150029,,12004,1,,12310,1,,,,,,,,,,,,,,,,,,,,,,,,,,,
22422,黄铜矛+木盾,540422,,,,,,,,,,1,0,,3,3,0,150029,,12004,1,,12317,1,,,,,,,,,,,,,,,,,,,,,,,,,,,
22423,黄铜矛+黄铜盾,540423,,,,,,,,,,1,0,,3,3,0,150029,,12004,1,,12318,1,,,,,,,,,,,,,,,,,,,,,,,,,,,
22424,黄铜矛+钛金盾,540424,,,,,,,,,,1,0,,3,3,0,150029,,12004,1,,12319,1,,,,,,,,,,,,,,,,,,,,,,,,,,,
22425,能量矛+木棒,540425,,,,,,,,,,1,0,,3,3,0,150029,,12013,1,,12001,1,,,,,,,,,,,,,,,,,,,,,,,,,,,
22426,能量矛+尖尖碰碰锤,540426,,,,,,,,,,1,0,,3,3,0,150029,,12013,1,,11230,1,,,,,,,,,,,,,,,,,,,,,,,,,,,
22427,能量矛+冻结棒,540427,,,,,,,,,,1,0,,3,3,0,150029,,12013,1,,12316,1,,,,,,,,,,,,,,,,,,,,,,,,,,,
22428,能量矛+钛金战锤,540428,,,,,,,,,,1,0,,3,3,0,150029,,12013,1,,12010,1,,,,,,,,,,,,,,,,,,,,,,,,,,,
22429,能量矛+石剑,540429,,,,,,,,,,1,0,,3,3,0,150029,,12013,1,,12012,1,,,,,,,,,,,,,,,,,,,,,,,,,,,
22430,能量矛+短剑,540430,,,,,,,,,,1,0,,3,3,0,150029,,12013,1,,12003,1,,,,,,,,,,,,,,,,,,,,,,,,,,,
22431,能量矛+收割者,540431,,,,,,,,,,1,0,,3,3,0,150029,,12013,1,,12009,1,,,,,,,,,,,,,,,,,,,,,,,,,,,
22432,能量矛+能量剑,540432,,,,,,,,,,1,0,,3,3,0,150029,,12013,1,,12005,1,,,,,,,,,,,,,,,,,,,,,,,,,,,
22433,能量矛+石矛,540433,,,,,,,,,,1,0,,3,3,0,150029,,12013,1,,12002,1,,,,,,,,,,,,,,,,,,,,,,,,,,,
22434,能量矛+黄铜矛,540434,,,,,,,,,,1,0,,3,3,0,150029,,12013,1,,12004,1,,,,,,,,,,,,,,,,,,,,,,,,,,,
22435,能量矛+能量矛,540435,,,,,,,,,,1,0,,3,3,0,150029,,12013,1,,12013,1,,,,,,,,,,,,,,,,,,,,,,,,,,,
22436,能量矛+魔鬼鱼叉,540436,,,,,,,,,,1,0,,3,3,0,150029,,12013,1,,12063,1,,,,,,,,,,,,,,,,,,,,,,,,,,,
22437,能量矛+蝎壳盾,540437,,,,,,,,,,1,0,,3,3,0,150029,,12013,1,,12309,1,,,,,,,,,,,,,,,,,,,,,,,,,,,
22438,能量矛+蝎刺盾,540438,,,,,,,,,,1,0,,3,3,0,150029,,12013,1,,12310,1,,,,,,,,,,,,,,,,,,,,,,,,,,,
22439,能量矛+木盾,540439,,,,,,,,,,1,0,,3,3,0,150029,,12013,1,,12317,1,,,,,,,,,,,,,,,,,,,,,,,,,,,
22440,能量矛+黄铜盾,540440,,,,,,,,,,1,0,,3,3,0,150029,,12013,1,,12318,1,,,,,,,,,,,,,,,,,,,,,,,,,,,
22441,能量矛+钛金盾,540441,,,,,,,,,,1,0,,3,3,0,150029,,12013,1,,12319,1,,,,,,,,,,,,,,,,,,,,,,,,,,,
22442,魔鬼鱼叉+木棒,540442,,,,,,,,,,1,0,,3,3,0,150029,,12063,1,,12001,1,,,,,,,,,,,,,,,,,,,,,,,,,,,
22443,魔鬼鱼叉+尖尖碰碰锤,540443,,,,,,,,,,1,0,,3,3,0,150029,,12063,1,,11230,1,,,,,,,,,,,,,,,,,,,,,,,,,,,
22444,魔鬼鱼叉+冻结棒,540444,,,,,,,,,,1,0,,3,3,0,150029,,12063,1,,12316,1,,,,,,,,,,,,,,,,,,,,,,,,,,,
22445,魔鬼鱼叉+钛金战锤,540445,,,,,,,,,,1,0,,3,3,0,150029,,12063,1,,12010,1,,,,,,,,,,,,,,,,,,,,,,,,,,,
22446,魔鬼鱼叉+石剑,540446,,,,,,,,,,1,0,,3,3,0,150029,,12063,1,,12012,1,,,,,,,,,,,,,,,,,,,,,,,,,,,
22447,魔鬼鱼叉+短剑,540447,,,,,,,,,,1,0,,3,3,0,150029,,12063,1,,12003,1,,,,,,,,,,,,,,,,,,,,,,,,,,,
22448,魔鬼鱼叉+收割者,540448,,,,,,,,,,1,0,,3,3,0,150029,,12063,1,,12009,1,,,,,,,,,,,,,,,,,,,,,,,,,,,
22449,魔鬼鱼叉+能量剑,540449,,,,,,,,,,1,0,,3,3,0,150029,,12063,1,,12005,1,,,,,,,,,,,,,,,,,,,,,,,,,,,
22450,魔鬼鱼叉+石矛,540450,,,,,,,,,,1,0,,3,3,0,150029,,12063,1,,12002,1,,,,,,,,,,,,,,,,,,,,,,,,,,,
22451,魔鬼鱼叉+魔鬼鱼叉,540451,,,,,,,,,,1,0,,3,3,0,150029,,12063,1,,12063,1,,,,,,,,,,,,,,,,,,,,,,,,,,,
22452,魔鬼鱼叉+蝎壳盾,540452,,,,,,,,,,1,0,,3,3,0,150029,,12063,1,,12309,1,,,,,,,,,,,,,,,,,,,,,,,,,,,
22453,魔鬼鱼叉+蝎刺盾,540453,,,,,,,,,,1,0,,3,3,0,150029,,12063,1,,12310,1,,,,,,,,,,,,,,,,,,,,,,,,,,,
22454,魔鬼鱼叉+木盾,540454,,,,,,,,,,1,0,,3,3,0,150029,,12063,1,,12317,1,,,,,,,,,,,,,,,,,,,,,,,,,,,
22455,魔鬼鱼叉+黄铜盾,540455,,,,,,,,,,1,0,,3,3,0,150029,,12063,1,,12318,1,,,,,,,,,,,,,,,,,,,,,,,,,,,
22456,魔鬼鱼叉+钛金盾,540456,,,,,,,,,,1,0,,3,3,0,150029,,12063,1,,12319,1,,,,,,,,,,,,,,,,,,,,,,,,,,,
22466,平凡法杖+木棒,540466,,,,,,,,,,1,0,,3,3,0,150029,,11580,1,,12001,1,,,,,,,,,,,,,,,,,,,,,,,,,,,
22467,平凡法杖+尖尖碰碰锤,540467,,,,,,,,,,1,0,,3,3,0,150029,,11580,1,,11230,1,,,,,,,,,,,,,,,,,,,,,,,,,,,
22468,平凡法杖+冻结棒,540468,,,,,,,,,,1,0,,3,3,0,150029,,11580,1,,12316,1,,,,,,,,,,,,,,,,,,,,,,,,,,,
22469,平凡法杖+钛金战锤,540469,,,,,,,,,,1,0,,3,3,0,150029,,11580,1,,12010,1,,,,,,,,,,,,,,,,,,,,,,,,,,,
22470,平凡法杖+石剑,540470,,,,,,,,,,1,0,,3,3,0,150029,,11580,1,,12012,1,,,,,,,,,,,,,,,,,,,,,,,,,,,
22471,平凡法杖+短剑,540471,,,,,,,,,,1,0,,3,3,0,150029,,11580,1,,12003,1,,,,,,,,,,,,,,,,,,,,,,,,,,,
22472,平凡法杖+收割者,540472,,,,,,,,,,1,0,,3,3,0,150029,,11580,1,,12009,1,,,,,,,,,,,,,,,,,,,,,,,,,,,
22473,平凡法杖+能量剑,540473,,,,,,,,,,1,0,,3,3,0,150029,,11580,1,,12005,1,,,,,,,,,,,,,,,,,,,,,,,,,,,
22474,平凡法杖+平凡法杖,540474,,,,,,,,,,1,0,,3,3,0,150029,,11580,1,,11580,1,,,,,,,,,,,,,,,,,,,,,,,,,,,
22475,炽烈法杖+木棒,540475,,,,,,,,,,1,0,,3,3,0,150029,,11581,1,,12001,1,,,,,,,,,,,,,,,,,,,,,,,,,,,
22476,炽烈法杖+尖尖碰碰锤,540476,,,,,,,,,,1,0,,3,3,0,150029,,11581,1,,11230,1,,,,,,,,,,,,,,,,,,,,,,,,,,,
22477,炽烈法杖+冻结棒,540477,,,,,,,,,,1,0,,3,3,0,150029,,11581,1,,12316,1,,,,,,,,,,,,,,,,,,,,,,,,,,,
22478,炽烈法杖+钛金战锤,540478,,,,,,,,,,1,0,,3,3,0,150029,,11581,1,,12010,1,,,,,,,,,,,,,,,,,,,,,,,,,,,
22479,炽烈法杖+石剑,540479,,,,,,,,,,1,0,,3,3,0,150029,,11581,1,,12012,1,,,,,,,,,,,,,,,,,,,,,,,,,,,
22480,炽烈法杖+短剑,540480,,,,,,,,,,1,0,,3,3,0,150029,,11581,1,,12003,1,,,,,,,,,,,,,,,,,,,,,,,,,,,
22481,炽烈法杖+收割者,540481,,,,,,,,,,1,0,,3,3,0,150029,,11581,1,,12009,1,,,,,,,,,,,,,,,,,,,,,,,,,,,
22482,炽烈法杖+能量剑,540482,,,,,,,,,,1,0,,3,3,0,150029,,11581,1,,12005,1,,,,,,,,,,,,,,,,,,,,,,,,,,,
22483,炽烈法杖+平凡法杖,540483,,,,,,,,,,1,0,,3,3,0,150029,,11581,1,,11580,1,,,,,,,,,,,,,,,,,,,,,,,,,,,
22484,炽烈法杖+炽烈法杖,540484,,,,,,,,,,1,0,,3,3,0,150029,,11581,1,,11581,1,,,,,,,,,,,,,,,,,,,,,,,,,,,
22485,炽烈法杖+雷电法杖,540485,,,,,,,,,,1,0,,3,3,0,150029,,11581,1,,11582,1,,,,,,,,,,,,,,,,,,,,,,,,,,,
22486,炽烈法杖+淬毒法杖,540486,,,,,,,,,,1,0,,3,3,0,150029,,11581,1,,11583,1,,,,,,,,,,,,,,,,,,,,,,,,,,,
22487,炽烈法杖+复苏法杖,540487,,,,,,,,,,1,0,,3,3,0,150029,,11581,1,,11584,1,,,,,,,,,,,,,,,,,,,,,,,,,,,
22488,炽烈法杖+召唤法杖,540488,,,,,,,,,,1,0,,3,3,0,150029,,11581,1,,11585,1,,,,,,,,,,,,,,,,,,,,,,,,,,,
22489,炽烈法杖+冰魄法杖,540489,,,,,,,,,,1,0,,3,3,0,150029,,11581,1,,11667,1,,,,,,,,,,,,,,,,,,,,,,,,,,,
22490,雷电法杖+木棒,540490,,,,,,,,,,1,0,,3,3,0,150029,,11582,1,,12001,1,,,,,,,,,,,,,,,,,,,,,,,,,,,
22491,雷电法杖+尖尖碰碰锤,540491,,,,,,,,,,1,0,,3,3,0,150029,,11582,1,,11230,1,,,,,,,,,,,,,,,,,,,,,,,,,,,
22492,雷电法杖+冻结棒,540492,,,,,,,,,,1,0,,3,3,0,150029,,11582,1,,12316,1,,,,,,,,,,,,,,,,,,,,,,,,,,,
22493,雷电法杖+钛金战锤,540493,,,,,,,,,,1,0,,3,3,0,150029,,11582,1,,12010,1,,,,,,,,,,,,,,,,,,,,,,,,,,,
22494,雷电法杖+石剑,540494,,,,,,,,,,1,0,,3,3,0,150029,,11582,1,,12012,1,,,,,,,,,,,,,,,,,,,,,,,,,,,
22495,雷电法杖+短剑,540495,,,,,,,,,,1,0,,3,3,0,150029,,11582,1,,12003,1,,,,,,,,,,,,,,,,,,,,,,,,,,,
22496,雷电法杖+收割者,540496,,,,,,,,,,1,0,,3,3,0,150029,,11582,1,,12009,1,,,,,,,,,,,,,,,,,,,,,,,,,,,
22497,雷电法杖+能量剑,540497,,,,,,,,,,1,0,,3,3,0,150029,,11582,1,,12005,1,,,,,,,,,,,,,,,,,,,,,,,,,,,
22498,雷电法杖+平凡法杖,540498,,,,,,,,,,1,0,,3,3,0,150029,,11582,1,,11580,1,,,,,,,,,,,,,,,,,,,,,,,,,,,
22499,雷电法杖+雷电法杖,540499,,,,,,,,,,1,0,,3,3,0,150029,,11582,1,,11582,1,,,,,,,,,,,,,,,,,,,,,,,,,,,
22500,雷电法杖+淬毒法杖,540500,,,,,,,,,,1,0,,3,3,0,150029,,11582,1,,11583,1,,,,,,,,,,,,,,,,,,,,,,,,,,,
22501,雷电法杖+复苏法杖,540501,,,,,,,,,,1,0,,3,3,0,150029,,11582,1,,11584,1,,,,,,,,,,,,,,,,,,,,,,,,,,,
22502,雷电法杖+召唤法杖,540502,,,,,,,,,,1,0,,3,3,0,150029,,11582,1,,11585,1,,,,,,,,,,,,,,,,,,,,,,,,,,,
22503,雷电法杖+冰魄法杖,540503,,,,,,,,,,1,0,,3,3,0,150029,,11582,1,,11667,1,,,,,,,,,,,,,,,,,,,,,,,,,,,
22504,淬毒法杖+木棒,540504,,,,,,,,,,1,0,,3,3,0,150029,,11583,1,,12001,1,,,,,,,,,,,,,,,,,,,,,,,,,,,
22505,淬毒法杖+尖尖碰碰锤,540505,,,,,,,,,,1,0,,3,3,0,150029,,11583,1,,11230,1,,,,,,,,,,,,,,,,,,,,,,,,,,,
22506,淬毒法杖+冻结棒,540506,,,,,,,,,,1,0,,3,3,0,150029,,11583,1,,12316,1,,,,,,,,,,,,,,,,,,,,,,,,,,,
22507,淬毒法杖+钛金战锤,540507,,,,,,,,,,1,0,,3,3,0,150029,,11583,1,,12010,1,,,,,,,,,,,,,,,,,,,,,,,,,,,
22508,淬毒法杖+石剑,540508,,,,,,,,,,1,0,,3,3,0,150029,,11583,1,,12012,1,,,,,,,,,,,,,,,,,,,,,,,,,,,
22509,淬毒法杖+短剑,540509,,,,,,,,,,1,0,,3,3,0,150029,,11583,1,,12003,1,,,,,,,,,,,,,,,,,,,,,,,,,,,
22510,淬毒法杖+收割者,540510,,,,,,,,,,1,0,,3,3,0,150029,,11583,1,,12009,1,,,,,,,,,,,,,,,,,,,,,,,,,,,
22511,淬毒法杖+能量剑,540511,,,,,,,,,,1,0,,3,3,0,150029,,11583,1,,12005,1,,,,,,,,,,,,,,,,,,,,,,,,,,,
22512,淬毒法杖+平凡法杖,540512,,,,,,,,,,1,0,,3,3,0,150029,,11583,1,,11580,1,,,,,,,,,,,,,,,,,,,,,,,,,,,
22513,淬毒法杖+淬毒法杖,540513,,,,,,,,,,1,0,,3,3,0,150029,,11583,1,,11583,1,,,,,,,,,,,,,,,,,,,,,,,,,,,
22514,淬毒法杖+复苏法杖,540514,,,,,,,,,,1,0,,3,3,0,150029,,11583,1,,11584,1,,,,,,,,,,,,,,,,,,,,,,,,,,,
22515,淬毒法杖+召唤法杖,540515,,,,,,,,,,1,0,,3,3,0,150029,,11583,1,,11585,1,,,,,,,,,,,,,,,,,,,,,,,,,,,
22516,淬毒法杖+冰魄法杖,540516,,,,,,,,,,1,0,,3,3,0,150029,,11583,1,,11667,1,,,,,,,,,,,,,,,,,,,,,,,,,,,
22517,复苏法杖+木棒,540517,,,,,,,,,,1,0,,3,3,0,150029,,11584,1,,12001,1,,,,,,,,,,,,,,,,,,,,,,,,,,,
22518,复苏法杖+尖尖碰碰锤,540518,,,,,,,,,,1,0,,3,3,0,150029,,11584,1,,11230,1,,,,,,,,,,,,,,,,,,,,,,,,,,,
22519,复苏法杖+冻结棒,540519,,,,,,,,,,1,0,,3,3,0,150029,,11584,1,,12316,1,,,,,,,,,,,,,,,,,,,,,,,,,,,
22520,复苏法杖+钛金战锤,540520,,,,,,,,,,1,0,,3,3,0,150029,,11584,1,,12010,1,,,,,,,,,,,,,,,,,,,,,,,,,,,
22521,复苏法杖+石剑,540521,,,,,,,,,,1,0,,3,3,0,150029,,11584,1,,12012,1,,,,,,,,,,,,,,,,,,,,,,,,,,,
22522,复苏法杖+短剑,540522,,,,,,,,,,1,0,,3,3,0,150029,,11584,1,,12003,1,,,,,,,,,,,,,,,,,,,,,,,,,,,
22523,复苏法杖+收割者,540523,,,,,,,,,,1,0,,3,3,0,150029,,11584,1,,12009,1,,,,,,,,,,,,,,,,,,,,,,,,,,,
22524,复苏法杖+能量剑,540524,,,,,,,,,,1,0,,3,3,0,150029,,11584,1,,12005,1,,,,,,,,,,,,,,,,,,,,,,,,,,,
22525,复苏法杖+平凡法杖,540525,,,,,,,,,,1,0,,3,3,0,150029,,11584,1,,11580,1,,,,,,,,,,,,,,,,,,,,,,,,,,,
22526,复苏法杖+复苏法杖,540526,,,,,,,,,,1,0,,3,3,0,150029,,11584,1,,11584,1,,,,,,,,,,,,,,,,,,,,,,,,,,,
22527,复苏法杖+召唤法杖,540527,,,,,,,,,,1,0,,3,3,0,150029,,11584,1,,11585,1,,,,,,,,,,,,,,,,,,,,,,,,,,,
22528,复苏法杖+冰魄法杖,540528,,,,,,,,,,1,0,,3,3,0,150029,,11584,1,,11667,1,,,,,,,,,,,,,,,,,,,,,,,,,,,
22529,召唤法杖+木棒,540529,,,,,,,,,,1,0,,3,3,0,150029,,11585,1,,12001,1,,,,,,,,,,,,,,,,,,,,,,,,,,,
22530,召唤法杖+尖尖碰碰锤,540530,,,,,,,,,,1,0,,3,3,0,150029,,11585,1,,11230,1,,,,,,,,,,,,,,,,,,,,,,,,,,,
22531,召唤法杖+冻结棒,540531,,,,,,,,,,1,0,,3,3,0,150029,,11585,1,,12316,1,,,,,,,,,,,,,,,,,,,,,,,,,,,
22532,召唤法杖+钛金战锤,540532,,,,,,,,,,1,0,,3,3,0,150029,,11585,1,,12010,1,,,,,,,,,,,,,,,,,,,,,,,,,,,
22533,召唤法杖+石剑,540533,,,,,,,,,,1,0,,3,3,0,150029,,11585,1,,12012,1,,,,,,,,,,,,,,,,,,,,,,,,,,,
22534,召唤法杖+短剑,540534,,,,,,,,,,1,0,,3,3,0,150029,,11585,1,,12003,1,,,,,,,,,,,,,,,,,,,,,,,,,,,
22535,召唤法杖+收割者,540535,,,,,,,,,,1,0,,3,3,0,150029,,11585,1,,12009,1,,,,,,,,,,,,,,,,,,,,,,,,,,,
22536,召唤法杖+能量剑,540536,,,,,,,,,,1,0,,3,3,0,150029,,11585,1,,12005,1,,,,,,,,,,,,,,,,,,,,,,,,,,,
22537,召唤法杖+平凡法杖,540537,,,,,,,,,,1,0,,3,3,0,150029,,11585,1,,11580,1,,,,,,,,,,,,,,,,,,,,,,,,,,,
22538,召唤法杖+召唤法杖,540538,,,,,,,,,,1,0,,3,3,0,150029,,11585,1,,11585,1,,,,,,,,,,,,,,,,,,,,,,,,,,,
22539,召唤法杖+冰魄法杖,540539,,,,,,,,,,1,0,,3,3,0,150029,,11585,1,,11667,1,,,,,,,,,,,,,,,,,,,,,,,,,,,
22540,冰魄法杖+木棒,540540,,,,,,,,,,1,0,,3,3,0,150029,,11667,1,,12001,1,,,,,,,,,,,,,,,,,,,,,,,,,,,
22541,冰魄法杖+尖尖碰碰锤,540541,,,,,,,,,,1,0,,3,3,0,150029,,11667,1,,11230,1,,,,,,,,,,,,,,,,,,,,,,,,,,,
22542,冰魄法杖+冻结棒,540542,,,,,,,,,,1,0,,3,3,0,150029,,11667,1,,12316,1,,,,,,,,,,,,,,,,,,,,,,,,,,,
22543,冰魄法杖+钛金战锤,540543,,,,,,,,,,1,0,,3,3,0,150029,,11667,1,,12010,1,,,,,,,,,,,,,,,,,,,,,,,,,,,
22544,冰魄法杖+石剑,540544,,,,,,,,,,1,0,,3,3,0,150029,,11667,1,,12012,1,,,,,,,,,,,,,,,,,,,,,,,,,,,
22545,冰魄法杖+短剑,540545,,,,,,,,,,1,0,,3,3,0,150029,,11667,1,,12003,1,,,,,,,,,,,,,,,,,,,,,,,,,,,
22546,冰魄法杖+收割者,540546,,,,,,,,,,1,0,,3,3,0,150029,,11667,1,,12009,1,,,,,,,,,,,,,,,,,,,,,,,,,,,
22547,冰魄法杖+能量剑,540547,,,,,,,,,,1,0,,3,3,0,150029,,11667,1,,12005,1,,,,,,,,,,,,,,,,,,,,,,,,,,,
22548,冰魄法杖+平凡法杖,540548,,,,,,,,,,1,0,,3,3,0,150029,,11667,1,,11580,1,,,,,,,,,,,,,,,,,,,,,,,,,,,
22549,冰魄法杖+冰魄法杖,540549,,,,,,,,,,1,0,,3,3,0,150029,,11667,1,,11667,1,,,,,,,,,,,,,,,,,,,,,,,,,,,
22550,极寒域法杖+木棒,540550,,,,,,,,,,1,0,,3,3,0,150029,,11668,1,,12001,1,,,,,,,,,,,,,,,,,,,,,,,,,,,
22551,极寒域法杖+尖尖碰碰锤,540551,,,,,,,,,,1,0,,3,3,0,150029,,11668,1,,11230,1,,,,,,,,,,,,,,,,,,,,,,,,,,,
22552,极寒域法杖+冻结棒,540552,,,,,,,,,,1,0,,3,3,0,150029,,11668,1,,12316,1,,,,,,,,,,,,,,,,,,,,,,,,,,,
22553,极寒域法杖+钛金战锤,540553,,,,,,,,,,1,0,,3,3,0,150029,,11668,1,,12010,1,,,,,,,,,,,,,,,,,,,,,,,,,,,
22554,极寒域法杖+石剑,540554,,,,,,,,,,1,0,,3,3,0,150029,,11668,1,,12012,1,,,,,,,,,,,,,,,,,,,,,,,,,,,
22555,极寒域法杖+短剑,540555,,,,,,,,,,1,0,,3,3,0,150029,,11668,1,,12003,1,,,,,,,,,,,,,,,,,,,,,,,,,,,
22556,极寒域法杖+收割者,540556,,,,,,,,,,1,0,,3,3,0,150029,,11668,1,,12009,1,,,,,,,,,,,,,,,,,,,,,,,,,,,
22557,极寒域法杖+能量剑,540557,,,,,,,,,,1,0,,3,3,0,150029,,11668,1,,12005,1,,,,,,,,,,,,,,,,,,,,,,,,,,,
22558,极寒域法杖+平凡法杖,540558,,,,,,,,,,1,0,,3,3,0,150029,,11668,1,,11580,1,,,,,,,,,,,,,,,,,,,,,,,,,,,
22559,极寒域法杖+炽烈法杖,540559,,,,,,,,,,1,0,,3,3,0,150029,,11668,1,,11581,1,,,,,,,,,,,,,,,,,,,,,,,,,,,
22560,极寒域法杖+雷电法杖,540560,,,,,,,,,,1,0,,3,3,0,150029,,11668,1,,11582,1,,,,,,,,,,,,,,,,,,,,,,,,,,,
22561,极寒域法杖+淬毒法杖,540561,,,,,,,,,,1,0,,3,3,0,150029,,11668,1,,11583,1,,,,,,,,,,,,,,,,,,,,,,,,,,,
22562,极寒域法杖+复苏法杖,540562,,,,,,,,,,1,0,,3,3,0,150029,,11668,1,,11584,1,,,,,,,,,,,,,,,,,,,,,,,,,,,
22563,极寒域法杖+召唤法杖,540563,,,,,,,,,,1,0,,3,3,0,150029,,11668,1,,11585,1,,,,,,,,,,,,,,,,,,,,,,,,,,,
22564,极寒域法杖+冰魄法杖,540564,,,,,,,,,,1,0,,3,3,0,150029,,11668,1,,11667,1,,,,,,,,,,,,,,,,,,,,,,,,,,,
22565,极寒域法杖+极寒域法杖,540565,,,,,,,,,,1,0,,3,3,0,150029,,11668,1,,11668,1,,,,,,,,,,,,,,,,,,,,,,,,,,,
22566,木棒+木盾,540566,,,,,,,,,,1,0,,3,3,0,150029,,12001,1,,12317,1,,,,,,,,,,,,,,,,,,,,,,,,,,,
22567,石剑+木盾,540567,,,,,,,,,,1,0,,3,3,0,150029,,12012,1,,12317,1,,,,,,,,,,,,,,,,,,,,,,,,,,,
23000,土笋种子,200418,1428,[10],[2],[21573],[4],,EarthenShootsSeed,,EarthenShootsSeed,2,4,,3,3,0,797,0,226,1,,,,,,,,,,,,,,,,,,,,,,,,,,,,0.1,,
23001,紫苏种子,200419,1428,[10],[2],[21573],[4],,PerillaSeed,,PerillaSeed,2,4,,3,3,0,797,0,227,1,,,,,,,,,,,,,,,,,,,,,,,,,,,,0.1,,
23002,木床,200003,1196,[1],[4],[21532],,,FurBed,,FurBed,1,1,,3,3,0,797,0,11323,6,,12600,3,,,,,,,,,,,,,,,,,,,,,,,,,0.1,,
23003,木板凳,200375,1196,[3],[4],[21579],,,BaseChair,,BaseChair,1,1,,3,3,1,797,0,11323,5,,,,,,,,,,,,,,,,,,,,,,,,,,,,0.1,,
23004,木桌子,200376,1196,[3],[4],[21579],,,BaseTable,,BaseTable,1,1,,3,3,1,797,0,11323,5,,,,,,,,,,,,,,,,,,,,,,,,,,,,0.1,,
23005,木沙发,200377,1196,[3],[4],[21579],,,BaseSofa,,BaseSofa,1,1,,3,3,1,797,0,11323,4,,11307,1,,,,,,,,,,,,,,,,,,,,,,,,,0.1,,
23006,壁炉,200378,2345,[8],[2],[21598],[6],,BaseFireplace,,BaseFireplace,1,1,,3,3,0,797,0,104,5,,11323,3,,,,,,,,,,,,,,,,,,,,,,,,,0.1,,
23007,木柜子,200379,1196,[1],[4],[21584],,,BaseCabinet,,BaseCabinet,1,1,,3,3,0,797,0,11323,8,,,,,,,,,,,,,,,,,,,,,,,,,,,,0.1,,
23008,指路牌,200005,1473,[4],[4],[21545],[6],,ArrowSigns,,ArrowSigns,1,1,,3,3,0,797,0,11323,4,,,,,,,,,,,,,,,,,,,,,,,,,,,,0.1,,
23009,融合台,150029,1196,,[1],[21569],,,,,,1,1,,3,3,0,797,0,11330,3,,11911,1,,,,,,,,,,,,,,,,,,,,,,,,,,,
23010,手动发射器,200002,1606,[8],[1],[21552],[3],,ManualTransmitter,,ManualTransmitter,1,1,,3,3,0,797,0,11323,4,,104,2,,12758,6,,,,,,,,,,,,,,,,,,,,,,0.1,,
23011,夹子陷阱,200004,1606,[4],[1],[21552],[3],,ClipTrap,,ClipTrap,1,1,,3,3,0,797,0,11209,1,,,,,,,,,,,,,,,,,,,,,,,,,,,,0.1,,
23012,装备架,200006,109,[30],[4],[21557],[6],,WeaponRack,,WeaponRack,1,1,,3,3,1,797,0,11323,3,,11307,2,,,,,,,,,,,,,,,,,,,,,,,,,0.1,,
23013,假人模型,200001,1562,[30],[4],[21557],,,DummyModel,,DummyModel,1,1,,3,3,1,797,0,11323,3,,11209,2,,104,2,,,,,,,,,,,,,,,,,,,,,,0.1,,
23014,封闭的木板,200369,1018,[5],[4],[21544],[5],,SealedWoodendoor,,SealedWoodendoor,1,1,,3,3,1,797,0,11323,10,,,,,,,,,,,,,,,,,,,,,,,,,,,,0.1,,
23015,木箱,200370,6,[20],[0],[21565],,,WoodenBox,,WoodenBox,1,1,,3,3,0,11000,0,11323,6,,,,,,,,,,,,,,,,,,,,,,,,,,,,0.1,,
23016,虚空超级无敌大漩涡炸弹,200389,1722,,[1],[21567],,,SuperVoidFruitBomb,,SuperVoidFruitBomb,1,1,,3,3,0,797,0,200382,64,,710,1,,,,,,,,,,,,,,,,,,,,,,,,,0.1,,
23017,虚空果树种子,200393,1649,[10],[2],[21573],,,VoidFruitTreeSeeds,,VoidFruitTreeSeeds,1,1,,3,3,0,797,0,200382,1,,,,,,,,,,,,,,,,,,,,,,,,,,,,0.1,,
23018,虚空风铃花种子,200394,1428,[10],[2],[21573],[4],,VoidBellflowersSeed,,VoidBellflowersSeed,2,1,,3,3,0,797,0,200395,1,,,,,,,,,,,,,,,,,,,,,,,,,,,,0.1,,
23019,虚空龙爪草种子,200396,1433,[10],[2],[21573],[4],,VoidDragonGrassSeed,,VoidDragonGrassSeed,2,1,,3,3,0,797,0,200397,1,,,,,,,,,,,,,,,,,,,,,,,,,,,,0.1,,
23020,碎石路,200008,1196,[1],[4],[21582],,,CobblestoneRoad,,CobblestoneRoad,1,1,,3,3,0,797,0,11627,2,,,,,,,,,,,,,,,,,,,,,,,,,,,,0.1,,
23021,绷带,12626,1196,[1],[1],[21519],,,,,,1,1,,3,3,0,797,0,12600,1,,11226,1,,,,,,,,,,,,,,,,,,,,,,,,,,,
23022,虚空晶块,40,,[5],[4],[21544],,,,,,1,1,,3,3,0,797,0,200411,8,,,,,,,,,,,,,,,,,,,,,,,,,,,,0.1,,
23023,铁门,814,1795,[4],"[4,6]","[21533,21543]",,,,,,1,1,,3,3,0,797,0,11664,3,,11209,6,,,,,,,,,,,,,,,,,,,,,,,,,,,
23024,拍立得,12733,1116,[7],[2],[21576],[1],1,,,,1,1,,3,3,1,797,0,11329,1,,632,1,,,,,,,,,,,,,,,,,,,,,,,,,0.1,,
23025,相册,12735,1116,[8],[2],[21576],[1],1,,,,1,1,,3,3,1,797,0,11322,2,,11307,1,,,,,,,,,,,,,,,,,,,,,,,,,0.1,,
23026,相框,201003,1116,[9],[2],[21576],[1],1,,,,1,1,,3,3,1,797,0,11323,2,,632,1,,,,,,,,,,,,,,,,,,,,,,,,,0.1,,
23027,象牙白颜料瓶,11500,1050,[3],[2],[21525],[4],,WhiteDye,,WhiteDye,1,1,,3,3,0,797,0,150049,1,,11320,1,,,,,,,,,,,,,,,,,,,,,,,,,0.1,,
23028,鹅毛黄颜料瓶,11504,1224,[3],[2],[21525],[4],,YellowDye,,YellowDye,1,1,,3,3,0,797,0,150051,1,,11320,1,,,,,,,,,,,,,,,,,,,,,,,,,0.1,,
23029,宝石蓝颜料瓶,11532,1623,[3],[2],[21525],[4],,BlueDye,,BlueDye,1,1,,3,3,0,797,0,150050,1,,11320,1,,,,,,,,,,,,,,,,,,,,,,,,,0.1,,
23030,朱砂橙颜料瓶,11501,1623,[3],[2],[21525],[4],,OrangeDye,,OrangeDye,1,1,,3,3,0,797,0,150064,1,,11320,1,,,,,,,,,,,,,,,,,,,,,,,,,0.1,,
23031,青莲紫颜料瓶,11510,1623,[3],[2],[21525],[4],,PurpleDye,,PurpleDye,1,1,,3,3,0,797,0,150056,1,,11320,1,,,,,,,,,,,,,,,,,,,,,,,,,0.1,,
23032,翡翠绿颜料瓶,11513,1623,[3],[2],[21525],[4],,GreenDye,,GreenDye,1,1,,3,3,0,797,0,150050,1,,11320,1,,150051,1,,,,,,,,,,,,,,,,,,,,,,0.1,,
23033,秋叶橙颜料瓶,11537,1623,[3],[2],[21525],[4],,YellowOrangeDye,,YellowOrangeDye,1,1,,3,3,0,797,0,150051,1,,11320,1,,150064,1,,,,,,,,,,,,,,,,,,,,,,0.1,,
23034,花青紫颜料瓶,11538,1623,[3],[2],[21525],[4],,BluePurpleDye,,BluePurpleDye,1,1,,3,3,0,797,0,150050,1,,11320,1,,150056,1,,,,,,,,,,,,,,,,,,,,,,0.1,,
23035,杨柳绿颜料瓶,11539,1623,[3],[2],[21525],[4],,YellowGreenDye,,YellowGreenDye,1,1,,3,3,0,797,0,150051,1,,11320,1,,150050,1,,,,,,,,,,,,,,,,,,,,,,0.1,,
23036,青碧绿颜料瓶,11509,1623,[3],[2],[21525],[4],,BlueGreenDye,,BlueGreenDye,1,1,,3,3,0,797,0,150051,1,,11320,1,,150050,1,,,,,,,,,,,,,,,,,,,,,,0.1,,
23037,柠檬黄颜料瓶,11540,1623,[3],[2],[21525],[4],,LightYellowDye,,LightYellowDye,1,1,,3,3,0,797,0,150051,1,,11320,1,,150049,1,,,,,,,,,,,,,,,,,,,,,,0.1,,
23038,天青蓝颜料瓶,11503,1623,[3],[2],[21525],[4],,LightBlueDye,,LightBlueDye,1,1,,3,3,0,797,0,150049,1,,11320,1,,150050,1,,,,,,,,,,,,,,,,,,,,,,0.1,,
23039,肉桂橙颜料瓶,11541,1623,[3],[2],[21525],[4],,LightOrangeDye,,LightOrangeDye,1,1,,3,3,0,797,0,150049,1,,11320,1,,150064,1,,,,,,,,,,,,,,,,,,,,,,0.1,,
23040,丁香紫颜料瓶,11542,1623,[3],[2],[21525],[4],,LightPurpleDye,,LightPurpleDye,1,1,,3,3,0,797,0,150049,1,,11320,1,,150056,1,,,,,,,,,,,,,,,,,,,,,,0.1,,
23041,松花绿颜料瓶,11505,1623,[3],[2],[21525],[4],,LightGreenDye,,LightGreenDye,1,1,,3,3,0,797,0,150050,1,,11320,1,,150051,1,,,,,,,,,,,,,,,,,,,,,,0.1,,
23043,石墨,12755,345,[3],[2],[21577],[1],,Graphite,,,2,1,,3,3,0,797,0,11201,1,,,,,,,,,,,,,,,,,,,,,,,,,,,,0.1,,
23044,铝块,178,1182,[5],[4],[21544],[4],,AluminumBlock,,,1,1,,3,3,0,797,0,12758,8,,,,,,,,,,,,,,,,,,,,,,,,,,,,0.1,,
23045,铝棒,12758,109,[18],[2],[21577],[4],,Aluminum,,,8,1,,3,3,0,797,0,178,1,,,,,,,,,,,,,,,,,,,,,,,,,,,,0.1,,
23046,钴块,180,408,[3],"[0,4]","[21585,21544]",[4],,CobaltBlock,,,1,1,,3,3,0,797,0,12759,8,,,,,,,,,,,,,,,,,,,,,,,,,,,,0.1,,
23047,钴棒,12759,110,[17],[2],[21577],[4],,Cobalt,,,8,1,,3,3,0,797,0,180,1,,,,,,,,,,,,,,,,,,,,,,,,,,,,0.1,,
23050,铝合金镐,11017,1014,[9],[2],[21571],"[1,2]",,AluminumPickaxe,,,1,1,,3,3,0,797,0,12758,3,,11323,2,,,,,,,,,,,,,,,,,,,,,,,,,0.1,,
23051,钴合金镐,11018,1018,[6],[2],[21571],"[1,2]",,CobaltPickaxe,,,1,1,,3,3,0,797,0,12759,3,,11323,2,,,,,,,,,,,,,,,,,,,,,,,,,0.1,,
23052,铝合金剑,12761,1104,[7],[1],[21568],[2],,AluminumSword,,,1,1,,3,3,0,797,0,12758,5,,11323,2,,,,,,,,,,,,,,,,,,,,,,,,,0.1,,
23053,铝合金头盔,12764,1217,[16],[1],[21566],[2],,AluminumHelmet,,,1,1,,3,3,0,797,0,12758,5,,11307,3,,,,,,,,,,,,,,,,,,,,,,,,,0.1,,
23054,铝合金胸甲,12765,1217,[17],[1],[21566],[2],,AluminumArmor,,,1,1,,3,3,0,797,0,12758,8,,11307,3,,,,,,,,,,,,,,,,,,,,,,,,,0.1,,
23055,铝合金护腿,12766,1217,[18],[1],[21566],[2],,AluminumGreave,,,1,1,,3,3,0,797,0,12758,7,,11307,3,,,,,,,,,,,,,,,,,,,,,,,,,0.1,,
23056,铝合金靴子,12767,1217,[19],[1],[21566],[2],,AluminumBoots,,,1,1,,3,3,0,797,0,12758,5,,11307,3,,,,,,,,,,,,,,,,,,,,,,,,,0.1,,
23057,钴合金头盔,12768,1221,[6],[1],[21566],[2],,CobaltHelmet,,,1,1,,3,3,0,797,0,12759,5,,11307,3,,,,,,,,,,,,,,,,,,,,,,,,,0.1,,
23058,钴合金胸甲,12769,1221,[7],[1],[21566],[2],,CobaltArmor,,,1,1,,3,3,0,797,0,12759,8,,11307,3,,,,,,,,,,,,,,,,,,,,,,,,,0.1,,
23059,钴合金护腿,12770,1221,[8],[1],[21566],[2],,CobaltGreave,,,1,1,,3,3,0,797,0,12759,7,,11307,3,,,,,,,,,,,,,,,,,,,,,,,,,0.1,,
23060,钴合金靴子,12771,1221,[9],[1],[21566],[2],,CobaltBoots,,,1,1,,3,3,0,797,0,12759,5,,11307,3,,,,,,,,,,,,,,,,,,,,,,,,,0.1,,
23061,素纹黄砖,108,1151,[5],[4],[21544],[5],,Sandstone,,Sandstone,1,1,,3,3,0,797,0,29,1,,,,,,,,,,,,,,,,,,,,,,,,,,,,0.1,,
23062,石料,11627,10,"[7,2]","[0,2]","[21565,21577]",[1],,Stone,,Stone,2,1,,3,3,0,11000,0,124,1,,,,,,,,,,,,,,,,,,,,,,,,,,,,0.1,,
23063,精制石砖,501,1151,[5],[4],[21544],[5],,StoneBrick,,StoneBrick,1,1,,3,3,0,797,0,104,1,,,,,,,,,,,,,,,,,,,,,,,,,,,,0.1,,
23064,方碑黄砖,541,1151,[5],[4],[21544],[5],,PatternedSandstone,,PatternedSandstone,1,1,,3,3,0,797,0,108,1,,,,,,,,,,,,,,,,,,,,,,,,,,,,0.1,,
23065,古老黄砖,540,1151,[5],[4],[21544],[5],,SmoothSandstone,,SmoothSandstone,1,1,,3,3,0,797,0,108,1,,,,,,,,,,,,,,,,,,,,,,,,,,,,0.1,,
23066,钴短剑,12762,1104,[3],[1],[21568],[2],,CobaltSword,,,1,1,,3,3,0,797,0,12759,5,,11323,2,,,,,,,,,,,,,,,,,,,,,,,,,0.1,,
23067,钢桁架,181,,[5],[4],[21544],[5],,SteelTruss,,,1,2,,3,3,0,797,0,11209,1,,,,,,,,,,,,,,,,,,,,,,,,,,,,0.1,,
23068,透明玻璃块,632,1186,[3],[4],[21541],[6],,Glass,,Glass,1,1,,3,3,0,797,0,11305,1,,,,,,,,,,,,,,,,,,,,,,,,,,,,0.1,,
23069,砂土,109,2559,[5],[4],[21544],[5],,,,,2,0,,3,3,0,797,0,29,1,,101,1,,,,,,,,,,,,,,,,,,,,,,,,,,,
23101,基础传动轴,150701,1000,[4],[6],[21542],[7],0,,,,4,1,,3,3,0,797,0,11627,2,,11323,2,,,,,,,,,,,,,,,,,,,,,,,,,,,
23102,铁制传动轴,150703,1001,[5],[6],[21542],[7],0,,,,4,1,,3,3,0,797,0,11209,1,,,,,,,,,,,,,,,,,,,,,,,,,,,,,,
23103,基础小齿轮,150705,1002,[10],[6],[21542],[7],0,,,,4,1,,3,3,0,797,0,11627,2,,11323,2,,,,,,,,,,,,,,,,,,,,,,,,,,,
23104,铁制小齿轮,150707,1003,[11],[6],[21542],[7],0,,,,4,1,,3,3,0,797,0,11209,1,,,,,,,,,,,,,,,,,,,,,,,,,,,,,,
23105,基础大齿轮,150709,1004,[12],[6],[21542],[7],0,,,,2,1,,3,3,0,797,0,11627,3,,11323,3,,,,,,,,,,,,,,,,,,,,,,,,,,,
23106,铁制大齿轮,150711,1005,[13],[6],[21542],[7],0,,,,4,1,,3,3,0,797,0,11209,3,,,,,,,,,,,,,,,,,,,,,,,,,,,,,,
23107,基础转角齿轮,150756,1006,[14],[6],[21542],[7],0,,,,2,1,,3,3,0,797,0,11627,2,,11323,2,,,,,,,,,,,,,,,,,,,,,,,,,,,
23108,铁制转角齿轮,150758,1007,[15],[6],[21542],[7],0,,,,2,1,,3,3,0,797,0,11209,1,,,,,,,,,,,,,,,,,,,,,,,,,,,,,,
23109,铁制链条,150761,1008,[16],[6],[21542],[7],0,,,,1,1,,3,3,0,797,0,11209,1,,12755,2,,,,,,,,,,,,,,,,,,,,,,,,,,,
23110,铝制链条,150762,1009,[17],[6],[21542],[7],0,,,,1,1,,3,3,0,797,0,12758,1,,12755,2,,,,,,,,,,,,,,,,,,,,,,,,,,,
23111,铁制离合器,150722,1010,[18],[6],[21542],[7],0,,,,1,1,,3,3,0,797,0,11209,3,,11210,3,,,,,,,,,,,,,,,,,,,,,,,,,,,
23112,钛制离合器,150723,1011,[19],[6],[21542],[7],0,,,,1,1,,3,3,0,797,0,11330,3,,11210,3,,,,,,,,,,,,,,,,,,,,,,,,,,,
23113,铁制变速器,150724,1012,[20],[6],[21542],[7],0,,,,1,1,,3,3,0,797,0,11209,3,,11210,3,,,,,,,,,,,,,,,,,,,,,,,,,,,
23114,钛制变速器,150725,1013,[21],[6],[21542],[7],0,,,,1,1,,3,3,0,797,0,11330,3,,11210,3,,,,,,,,,,,,,,,,,,,,,,,,,,,
23115,铁制换向器,150726,1014,[22],[6],[21542],[7],0,,,,1,1,,3,3,0,797,0,11209,3,,11210,3,,,,,,,,,,,,,,,,,,,,,,,,,,,
23116,钛制换向器,150727,1015,[23],[6],[21542],[7],0,,,,1,1,,3,3,0,797,0,11330,3,,11210,3,,,,,,,,,,,,,,,,,,,,,,,,,,,
23117,铁制分动箱,150728,1016,[24],[6],[21542],[7],0,,,,1,1,,3,3,0,797,0,11209,1,,11210,3,,,,,,,,,,,,,,,,,,,,,,,,,,,
23118,钛制分动箱,150729,1017,[25],[6],[21542],[7],0,,,,1,1,,3,3,0,797,0,11330,1,,11210,3,,,,,,,,,,,,,,,,,,,,,,,,,,,
23119,铜制传送带,150719,1018,[26],[6],[21542],[7],0,,,,2,1,,3,3,0,797,0,11329,1,,,,,,,,,,,,,,,,,,,,,,,,,,,,,,
23120,铁制传送带,150720,1019,[27],[6],[21542],[7],0,,,,2,1,,3,3,0,797,0,11209,1,,,,,,,,,,,,,,,,,,,,,,,,,,,,,,
23121,铝制传送带,150721,1020,[28],[6],[21542],[7],0,,,,2,1,,3,3,0,797,0,12758,1,,,,,,,,,,,,,,,,,,,,,,,,,,,,,,
23122,手轮阀门,150730,1021,[9],[6],[21542],[7],0,,,,1,1,,3,3,0,797,0,11209,1,,11329,2,,11323,5,,,,,,,,,,,,,,,,,,,,,,,,
23123,动物轮,150733,1022,[8],[6],[21542],[7],0,,,,1,1,,3,3,0,797,0,11209,2,,11329,2,,11323,5,,,,,,,,,,,,,,,,,,,,,,,,
23124,小风车,150734,1023,[7],[6],[21542],[7],0,,,,1,1,,3,3,0,797,0,11209,3,,11329,3,,11323,10,,,,,,,,,,,,,,,,,,,,,,,,
23125,大风车,150735,1024,[6],[6],[21542],[7],0,,,,1,1,,3,3,0,797,0,12758,2,,11209,5,,11210,5,,,,,,,,,,,,,,,,,,,,,,,,
23126,蒸汽引擎,150738,1025,[5],[6],[21542],[7],0,,,,1,1,,3,3,0,797,0,11209,5,,11329,5,,11210,5,,,,,,,,,,,,,,,,,,,,,,,,
23127,内燃引擎,150739,1026,[4],[6],[21542],[7],0,,,,1,1,,3,3,0,797,0,12758,5,,11209,5,,11210,5,,,,,,,,,,,,,,,,,,,,,,,,
23128,物品分流器,150741,1027,[29],[6],[21542],[7],0,,,,1,1,,3,3,0,797,0,11329,2,,,,,,,,,,,,,,,,,,,,,,,,,,,,,,
23129,铜存取器,150742,1028,[30],[6],[21542],[7],0,,,,1,1,,3,3,0,797,0,11329,2,,,,,,,,,,,,,,,,,,,,,,,,,,,,,,
23130,铝存取器,150743,1029,[31],[6],[21542],[7],0,,,,1,1,,3,3,0,797,0,12758,2,,,,,,,,,,,,,,,,,,,,,,,,,,,,,,
23131,机械转轴块,,1030,[32],[6],[21542],[7],0,,,,1,1,,3,3,0,797,0,11209,10,,11210,10,,,,,,,,,,,,,,,,,,,,,,,,,,,
23132,铜推手,150712,1031,[33],[6],[21542],[7],0,,,,1,1,,3,3,0,797,0,11329,3,,11210,5,,12755,5,,,,,,,,,,,,,,,,,,,,,,,,
23133,铝推手,150750,1032,[34],[6],[21542],[7],0,,,,1,1,,3,3,0,797,0,12758,3,,11210,5,,12755,5,,,,,,,,,,,,,,,,,,,,,,,,
23134,铜拉手,150713,1033,[35],[6],[21542],[7],0,,,,1,1,,3,3,0,797,0,11329,3,,11210,5,,12755,5,,,,,,,,,,,,,,,,,,,,,,,,
23135,铝拉手,150752,1034,[36],[6],[21542],[7],0,,,,1,1,,3,3,0,797,0,12758,3,,11210,5,,12755,5,,,,,,,,,,,,,,,,,,,,,,,,
23136,传动蜗杆台,150753,1035,[37],[6],[21542],[7],0,,,,1,1,,3,3,0,797,0,11209,3,,11210,5,,12755,5,,,,,,,,,,,,,,,,,,,,,,,,
23137,铜钻头,150717,1036,[38],[6],[21542],[7],0,,,,1,1,,3,3,0,797,0,11329,1,,11210,2,,,,,,,,,,,,,,,,,,,,,,,,,,,
23138,铝钻头,150745,1037,[39],[6],[21542],[7],0,,,,1,1,,3,3,0,797,0,12758,1,,11210,2,,,,,,,,,,,,,,,,,,,,,,,,,,,
23139,钛钻头,150744,1038,[40],[6],[21542],[7],0,,,,1,1,,3,3,0,797,0,11330,1,,11210,2,,,,,,,,,,,,,,,,,,,,,,,,,,,
23140,铝木锯,150740,1039,[41],[6],[21542],[7],0,,,,1,1,,3,3,0,797,0,12758,1,,11210,2,,,,,,,,,,,,,,,,,,,,,,,,,,,
23141,农用收割机,150746,1040,[42],[6],[21542],[7],0,,,,1,1,,3,3,0,797,0,11209,2,,11210,3,,,,,,,,,,,,,,,,,,,,,,,,,,,
23142,一体化收割机,150747,1041,[43],[6],[21542],[7],0,,,,1,1,,3,3,0,797,0,11330,2,,11210,3,,,,,,,,,,,,,,,,,,,,,,,,,,,
23143,置块机,150754,1042,[44],[6],[21542],[7],0,,,,1,1,,3,3,0,797,0,11209,1,,11210,2,,,,,,,,,,,,,,,,,,,,,,,,,,,
23144,自动筑路机,150714,1043,[45],[6],[21542],[7],0,,,,1,1,,3,3,0,797,0,11330,2,,11210,3,,,,,,,,,,,,,,,,,,,,,,,,,,,
23145,自动合成台,150715,1044,[46],[6],[21542],[7],0,,,,1,1,,3,3,0,797,0,11209,4,,11210,6,,,,,,,,,,,,,,,,,,,,,,,,,,,
23146,焊接枪,11530,1045,[3],[6],[21542],[3],0,,,,1,1,,3,3,0,797,0,11329,2,,12755,2,,,,,,,,,,,,,,,,,,,,,,,,,,,
23147,区域焊接枪,11531,1046,[3],[6],[21542],[3],0,,,,1,1,,3,3,0,797,0,12758,3,,12755,2,,,,,,,,,,,,,,,,,,,,,,,,,,,
23148,变向扳手,11529,1047,[2],[6],[21542],[3],0,,,,1,1,,3,3,0,797,0,11329,1,,12755,2,,,,,,,,,,,,,,,,,,,,,,,,,,,
23149,锰块薄板,542,1616,[30],[4],[128],[5],,ManganeseStep,,ManganeseStep,1,1,,3,3,0,797,0,12614,2,,,,,,,,,,,,,,,,,,,,,,,,,,,,0.1,,
23150,高级符文石,11611,1750,,[1],[21569],,,,,,1,1,,3,3,0,797,0,11609,6,,,,,,,,,,,,,,,,,,,,,,,,,,,,,,
23151,钢魂密钥,11676,1048,[47],[6],[21542],[7],0,,,,1,1,,3,3,0,797,0,11675,20,,,,,,,,,,,,,,,,,,,,,,,,,,,,,,
23152,苍穹召唤器,13274,1049,[48],[6],[21542],[7],0,,,,1,1,,3,3,0,797,0,11677,1,,11209,5,,,,,,,,,,,,,,,,,,,,,,,,,,,
23153,坤舆召唤器,13275,1050,[49],[6],[21542],[7],0,,,,1,1,,3,3,0,797,0,11677,1,,11209,5,,,,,,,,,,,,,,,,,,,,,,,,,,,
23154,植物纤维,11226,10,"[7,1]","[0,2]","[21565,21577]",,,,,,1,1,,3,3,0,11000,0,100,1,,,,,,,,,,,,,,,,,,,,,,,,,,,,,,
23155,铁穹圣迹,1989,1048,[4],[4],[21579],[6],0,,,,1,1,,3,3,0,797,0,11675,2,,,,,,,,,,,,,,,,,,,,,,,,,,,,,,
23156,铁网围栏,390006,1169,[6],[4],[21534],[5],,,,,1,1,,3,3,0,797,0,11209,1,,,,,,,,,,,,,,,,,,,,,,,,,,,,,,
23157,底盘框架,150920,1563,,[6],[21549],,,ChassisFrame,,ChassisFrame,2,1,,3,3,0,797,0,11209,2,,12758,1,,,,,,,,,,,,,,,,,,,,,,,,,,,
23158,转向悬架,150921,1563,,[6],[21549],,,SteeringSuspension,,SteeringSuspension,1,1,,3,3,0,797,0,11209,1,,12758,1,,,,,,,,,,,,,,,,,,,,,,,,,,,
23159,普通悬架,150922,1563,,[6],[21549],,,ConventionalSuspension,,ConventionalSuspension,1,1,,3,3,0,797,0,11209,1,,12758,1,,,,,,,,,,,,,,,,,,,,,,,,,,,
23160,氮气瓶,150926,1563,,[6],[21549],,,NitrogenCylinder,,NitrogenCylinder,1,1,,3,3,0,797,0,11209,1,,1047,1,,,,,,,,,,,,,,,,,,,,,,,,,,,
23161,激光笔,12739,1565,[3],[2],[21521],[3],,LaserPointer,,LaserPointer,1,1,,3,3,1,797,0,11329,1,,12755,2,,11210,1,,,,,,,,,,,,,,,,,,,,,,0.1,,
23162,飞盘,12740,1565,[3],[2],[21521],[3],,Frisbee,,Frisbee,1,1,,3,3,1,797,0,448,1,,12755,2,,,,,,,,,,,,,,,,,,,,,,,,,0.1,,
23163,荷包蛋,12744,1060,,"[7,8]",,[1],,PoachedEgg,,PoachedEgg,1,0,,3,3,0,794,200,12743,1,,,,,,,,,,,,,,,,,,,,,,,,,,,,0.1,,
23164,鸡窝,1391,231,[8],[2],[21521],[3],,EntityNestBlock,,EntityNestBlock,1,1,,3,3,1,797,0,11226,5,,,,,,,,,,,,,,,,,,,,,,,,,,,,0.1,,
23168,纸张,11322,1632,[5],[2],[21577],[1],,Paper,,Paper,1,0,,3,3,0,797,0,11226,6,,,,,,,,,,,,,,,,,,,,,,,,,,,,0.1,,
23169,符能粉尘,11516,1,[4],[2],[21599],,,,,,3,0,,3,3,0,797,0,11609,1,,,,,,,,,,,,,,,,,,,,,,,,,,,,,,
23170,符能粉尘,11516,1,[4],[2],[21599],,,,,,15,0,,3,3,0,797,0,11611,1,,,,,,,,,,,,,,,,,,,,,,,,,,,,,,
23171,木围栏,534,2461,[6],[4],[21534],[5],,,,,4,1,,3,3,1,797,0,11323,8,,,,,,,,,,,,,,,,,,,,,,,,,,,,0.1,,
23172,玉米种子,11689,1051,[2],[2],[21573],[4],,,,,1,0,,3,3,0,797,0,11400,1,,,,,,,,,,,,,,,,,,,,,,,,,,,,,,
23173,玉米,200141,1051,[2],[2],[21573],[4],,,,,1,0,,3,3,0,797,0,229,1,,,,,,,,,,,,,,,,,,,,,,,,,,,,,,
23174,青瓜种子,11690,1051,[2],[2],[21573],[4],,,,,1,0,,3,3,0,797,0,236,1,,,,,,,,,,,,,,,,,,,,,,,,,,,,,,
23175,番薯种子,11691,1051,[2],[2],[21573],[4],,,,,1,0,,3,3,0,797,0,241,1,,,,,,,,,,,,,,,,,,,,,,,,,,,,,,
23176,水稻种子,11692,1051,[2],[2],[21573],[4],,,,,1,0,,3,3,0,797,0,11404,1,,,,,,,,,,,,,,,,,,,,,,,,,,,,,,
23177,水稻穗,200150,1051,[2],[2],[21573],[4],,,,,1,0,,3,3,0,797,0,234,1,,,,,,,,,,,,,,,,,,,,,,,,,,,,,,
23178,独葵,11693,1051,[2],[2],[21573],[4],,,,,1,0,,3,3,0,797,0,228,1,,,,,,,,,,,,,,,,,,,,,,,,,,,,,,
23179,冰焰双果披萨,200200,1060,,"[7,8]",,[1],,,,,1,0,,3,3,0,201011,100,200186,1,,200190,1,,344,1,,12509,1,,,,,,,,,,,,,,,,,,,,,
23180,西瓜沙棘慕斯,200201,1060,,"[7,8]",,[1],,,,,1,0,,3,3,0,201011,100,200115,1,,200135,1,,12509,1,,12511,1,,,,,,,,,,,,,,,,,,,,,
23181,阳光青提舒芙蕾,200202,1060,,"[7,8]",,[1],,,,,1,0,,3,3,0,201011,100,200180,1,,344,1,,12509,1,,12743,1,,,,,,,,,,,,,,,,,,,,,
23182,彩虹草莓千层,200203,1060,,"[7,8]",,[1],,,,,1,0,,3,3,0,201011,100,200173,1,,344,1,,12509,1,,12743,1,,,,,,,,,,,,,,,,,,,,,
23183,汉堡,200204,1060,,"[7,8]",,[1],,,,,1,0,,3,3,1,201011,100,12513,1,,344,1,,200144,1,,200119,1,,,,,,,,,,,,,,,,,,,,,
23184,青瓜鸡蛋饼,200205,1060,,"[7,8]",,[1],,,,,1,0,,3,3,0,201011,100,200144,1,,12743,1,,344,1,,12509,1,,,,,,,,,,,,,,,,,,,,,
23185,浆果松饼,200206,1060,,"[7,8]",,[1],,,,,1,0,,3,3,0,201011,100,200112,2,,344,1,,12509,1,,,,,,,,,,,,,,,,,,,,,,,,
23186,独葵蜂蜜饼干,200207,1060,,"[7,8]",,[1],,,,,1,0,,3,3,0,201011,100,200153,2,,12511,1,,344,1,,,,,,,,,,,,,,,,,,,,,,,,
23187,葡萄干吐司,200208,1060,,"[7,8]",,[1],,,,,1,0,,3,3,0,201011,100,200138,2,,200150,1,,11049,1,,,,,,,,,,,,,,,,,,,,,,,,
23188,草莓蛋糕,200209,1060,,"[7,8]",,[1],,,,,1,0,,3,3,0,201011,100,200129,1,,344,1,,12509,1,,12743,1,,,,,,,,,,,,,,,,,,,,,
23189,牛角包,200210,1060,,"[7,8]",,[1],,,,,1,0,,3,3,0,201011,100,344,2,,12743,1,,11049,1,,,,,,,,,,,,,,,,,,,,,,,,
23190,面包,200211,1060,,"[7,8]",,[1],,,,,1,0,,3,3,0,201011,100,344,1,,12743,2,,11049,1,,,,,,,,,,,,,,,,,,,,,,,,
23191,超级米发糕,200212,1060,,"[7,8]",,[1],,,,,1,0,,3,3,0,201011,100,200170,1,,200156,1,,344,1,,12509,1,,,,,,,,,,,,,,,,,,,,,
23192,日光番茄佛卡夏,200213,1060,,"[7,8]",,[1],,,,,1,0,,3,3,0,201011,100,200167,1,,200112,1,,344,1,,11049,1,,,,,,,,,,,,,,,,,,,,,
23193,胡萝卜南瓜盅,200214,1060,,"[7,8]",,[1],,,,,1,0,,3,3,0,201011,100,200122,1,,200125,1,,200150,1,,11049,1,,,,,,,,,,,,,,,,,,,,,
23194,莲藕核桃糕,200215,1060,,"[7,8]",,[1],,,,,1,0,,3,3,0,201011,100,200132,1,,12603,1,,200150,1,,11049,1,,,,,,,,,,,,,,,,,,,,,
23195,迷拉币,11996,1633,[5],[2],[21577],[1],,,,,64,0,,3,3,0,11000,0,11997,1,,,,,,,,,,,,,,,,,,,,,,,,,,,,,,
23196,一袋迷拉币,11997,1634,[5],[2],[21577],[1],,,,,1,0,,3,3,0,11000,0,11996,64,,,,,,,,,,,,,,,,,,,,,,,,,,,,,,
23197,木制花洒,11628,1008,[18],[2],[21571],"[1,2]",,,,,1,0,,3,3,1,797,0,11323,3,,11209,1,,,,,,,,,,,,,,,,,,,,,,,,,0.1,,
23198,铁制花洒,11760,1008,[18],[2],[21571],"[1,2]",,,,,1,0,,3,3,1,797,0,11209,2,,632,1,,,,,,,,,,,,,,,,,,,,,,,,,0.1,,
23199,钛制花洒,11761,1008,[18],[2],[21571],"[1,2]",,,,,1,0,,3,3,1,797,0,11330,2,,632,1,,,,,,,,,,,,,,,,,,,,,,,,,0.1,,
23200,初级丰硕肥料,11762,1608,[10],[2],[21573],,,,,,1,0,,3,3,0,797,0,11311,1,,11226,3,,11307,1,,,,,,,,,,,,,,,,,,,,,,0.1,,
23201,中级丰硕肥料,11763,1608,[10],[2],[21573],,,,,,1,0,,3,3,0,797,0,11311,2,,11226,5,,11307,1,,,,,,,,,,,,,,,,,,,,,,0.1,,
23202,餐盘,200160,109,[30],[4],[21557],[6],,,,,1,0,,3,3,1,797,0,12756,2,,,,,,,,,,,,,,,,,,,,,,,,,,,,0.1,,
23203,野餐篮,200161,109,[30],[4],[21557],[6],,,,,1,0,,3,3,1,797,0,11226,5,,11323,3,,11307,2,,,,,,,,,,,,,,,,,,,,,,0.1,,
23204,粗制洒水器,200163,1008,[18],[2],[21571],"[1,2]",,,,,1,0,,3,3,1,797,0,11329,3,,11209,1,,,,,,,,,,,,,,,,,,,,,,,,,0.1,,
23205,标准洒水器,200164,1008,[18],[2],[21571],"[1,2]",,,,,1,0,,3,3,1,797,0,12758,3,,11330,1,,12755,2,,,,,,,,,,,,,,,,,,,,,,0.1,,
23206,加强洒水器,200165,1008,[18],[2],[21571],"[1,2]",,,,,1,0,,3,3,1,797,0,12759,3,,11203,1,,12755,2,,,,,,,,,,,,,,,,,,,,,,0.1,,
23207,木餐盘,200216,109,[30],[4],[21557],[6],,,,,1,0,,3,3,1,797,0,11323,3,,,,,,,,,,,,,,,,,,,,,,,,,,,,0.1,,
23208,高脚餐盘,200217,109,[30],[4],[21557],[6],,,,,1,0,,3,3,1,797,0,11210,2,,11305,2,,,,,,,,,,,,,,,,,,,,,,,,,0.1,,
23209,攀藤架,153000,1051,[2],[2],[21573],[4],,,,,1,0,,3,3,0,797,0,11323,3,,,,,,,,,,,,,,,,,,,,,,,,,,,,,,
23210,囤积箱,200221,109,[30],[4],[21557],[6],,,,,1,0,,3,3,1,797,0,11323,6,,11209,1,,,,,,,,,,,,,,,,,,,,,,,,,0.1,,
23211,囤积桶,200222,109,[30],[4],[21557],[6],,,,,1,0,,3,3,1,797,0,11323,6,,11209,1,,,,,,,,,,,,,,,,,,,,,,,,,0.1,,
23212,玉米垛,200220,1196,[1],[4],[21582],,,,,,1,0,,3,3,0,797,0,200141,7,,,,,,,,,,,,,,,,,,,,,,,,,,,,0.1,,
23213,镂空散热铁块,150913,2528,[5],[4],[21544],,,,,,1,0,,3,3,0,797,0,11209,2,,,,,,,,,,,,,,,,,,,,,,,,,,,,0.1,,
23214,格纳铁块,150914,2528,[5],[4],[21544],,,,,,1,0,,3,3,0,797,0,11209,2,,,,,,,,,,,,,,,,,,,,,,,,,,,,,,
23215,警示散热铁块,150915,2528,[5],[4],[21544],,,,,,1,0,,3,3,0,797,0,11209,2,,,,,,,,,,,,,,,,,,,,,,,,,,,,,,
23216,无缝铁块,150916,2528,[5],[4],[21544],,,,,,1,0,,3,3,0,797,0,11209,2,,,,,,,,,,,,,,,,,,,,,,,,,,,,,,
23217,警示铁块,150917,2528,[5],[4],[21544],,,,,,1,0,,3,3,0,797,0,11209,2,,,,,,,,,,,,,,,,,,,,,,,,,,,,,,
23218,花纹岩石砖,504,1151,[5],[4],[21544],,,,,,1,0,,3,3,0,797,0,104,3,,,,,,,,,,,,,,,,,,,,,,,,,,,,0.1,,
23219,龙纹石块,683,1151,[5],[4],[21544],,,,,,1,0,,3,3,0,797,0,11627,6,,,,,,,,,,,,,,,,,,,,,,,,,,,,,,
23220,斜纹黑石块,684,1152,[5],[4],[21544],,,,,,1,0,,3,3,0,797,0,11627,3,,11074,1,,,,,,,,,,,,,,,,,,,,,,,,,,,
23221,浅色几何瓷砖,390013,1418,[5],[4],[21544],,,,,,1,0,,3,3,0,797,0,12756,2,,11500,1,,,,,,,,,,,,,,,,,,,,,,,,,0.1,,
23222,杏色宫廷瓷砖,390014,1418,[5],[4],[21544],,,,,,1,0,,3,3,0,797,0,12756,2,,11541,1,,,,,,,,,,,,,,,,,,,,,,,,,,,
23223,蓝色条纹瓷砖,390015,1418,[5],[4],[21544],,,,,,1,0,,3,3,0,797,0,12756,2,,11503,1,,,,,,,,,,,,,,,,,,,,,,,,,,,
23224,纯白釉面瓷砖,390017,1418,[5],[4],[21544],,,,,,1,0,,3,3,0,797,0,12756,2,,11500,1,,,,,,,,,,,,,,,,,,,,,,,,,,,
23225,蜡烛灯,200371,10,[3],[4],[21522],,,,,,1,0,,3,3,0,797,0,11201,2,,11323,3,,,,,,,,,,,,,,,,,,,,,,,,,0.1,,
23226,书柜,820,1601,[1],[4],[21582],,,,,,1,0,,3,3,0,797,0,11323,6,,11209,1,,,,,,,,,,,,,,,,,,,,,,,,,0.1,,
23227,红色战旗,919,1200,[2],[4],[21582],,,,,,1,0,,3,3,0,797,0,11323,2,,11307,1,,11514,1,,,,,,,,,,,,,,,,,,,,,,,,
23228,蓝色战旗,920,1200,[2],[4],[21582],,,,,,1,0,,3,3,0,797,0,11323,2,,11307,1,,11532,1,,,,,,,,,,,,,,,,,,,,,,,,
23229,绿色战旗,921,1200,[2],[4],[21582],,,,,,1,0,,3,3,0,797,0,11323,2,,11307,1,,11547,1,,,,,,,,,,,,,,,,,,,,,,,,
23230,黄战旗,922,1200,[2],[4],[21582],,,,,,1,0,,3,3,0,797,0,11323,2,,11307,1,,11504,1,,,,,,,,,,,,,,,,,,,,,,,,
23231,橙色战旗,923,1200,[2],[4],[21582],,,,,,1,0,,3,3,0,797,0,11323,2,,11307,1,,11537,1,,,,,,,,,,,,,,,,,,,,,,,,
23232,紫色战旗,924,1200,[2],[4],[21582],,,,,,1,0,,3,3,0,797,0,11323,2,,11307,1,,11542,1,,,,,,,,,,,,,,,,,,,,,,,,
23233,白色战旗,925,1200,[2],[4],[21582],,,,,,1,0,,3,3,0,797,0,11323,2,,11307,1,,11500,1,,,,,,,,,,,,,,,,,,,,,,,,
23234,烘焙箱,201011,225,,[2],[21574],,,,,,1,0,,3,3,0,797,0,104,6,,632,1,,11209,1,,,,,,,,,,,,,,,,,,,,,,0.1,,
23235,饺子,200223,1060,,"[7,8]",,[1],,,,,1,0,,3,3,1,201011,100,344,2,,12513,1,,,,,,,,,,,,,,,,,,,,,,,,,,,
23236,汤圆,200224,1060,,"[7,8]",,[1],,,,,3,0,,3,3,0,201011,100,200150,2,,11326,1,,,,,,,,,,,,,,,,,,,,,,,,,,,
23237,仓鼠轮,150931,2342,[2],[4],[21579],,,,,,1,0,,3,3,0,797,0,11323,2,,632,1,,,,,,,,,,,,,,,,,,,,,,,,,,,
23238,宠物小窝,150935,2342,[2],[4],[21579],,,,,,1,0,,3,3,0,797,0,14016,3,,,,,,,,,,,,,,,,,,,,,,,,,,,,,,
23239,宠物小屋,150936,2342,[2],[4],[21579],,,,,,1,0,,3,3,0,797,0,11323,6,,11209,2,,,,,,,,,,,,,,,,,,,,,,,,,,,
23240,田园衣柜,201501,2529,[7],[4],[21584],,,,,,1,0,,3,3,0,797,0,11323,8,,,,,,,,,,,,,,,,,,,,,,,,,,,,,,
23241,田园木箱,201502,2530,[7],[4],[21584],,,,,,1,0,,3,3,0,797,0,11323,4,,,,,,,,,,,,,,,,,,,,,,,,,,,,,,
23242,田园门,201503,2531,[7],[4],[21533],,,,,,1,0,,3,3,0,797,0,11323,6,,,,,,,,,,,,,,,,,,,,,,,,,,,,,,
23243,田园装饰窗,201504,2532,[3],[4],[21579],,,,,,1,0,,3,3,0,797,0,11323,2,,632,2,,,,,,,,,,,,,,,,,,,,,,,,,,,
23244,田园阶梯,201505,2533,[8],[4],[21586],,,,,,1,0,,3,3,0,797,0,11323,2,,,,,,,,,,,,,,,,,,,,,,,,,,,,,,
23245,田园木椅,201506,2534,[5],[4],[21579],,,,,,1,0,,3,3,0,797,0,11323,3,,,,,,,,,,,,,,,,,,,,,,,,,,,,,,
23246,纯白坐垫,201507,2535,[5],[4],[21579],,,,,,1,0,,3,3,0,797,0,11307,2,,12600,2,,,,,,,,,,,,,,,,,,,,,,,,,,,
23247,田园单人床,201508,2536,[5],[4],[21532],,,,,,1,0,,3,3,0,797,0,11323,3,,11307,3,,,,,,,,,,,,,,,,,,,,,,,,,,,
23248,红色方桌,201509,2537,[5],[4],[21579],,,,,,1,0,,3,3,0,797,0,11323,3,,12600,1,,11514,1,,,,,,,,,,,,,,,,,,,,,,,,
23249,田园壁灯,201510,2538,[7],[4],[21522],,,,,,1,0,,3,3,0,797,0,11329,2,,632,1,,11201,1,,,,,,,,,,,,,,,,,,,,,,,,
23250,白布窗帘,201511,2539,[5],[4],[21579],,,,,,1,0,,3,3,0,797,0,12600,2,,11323,1,,,,,,,,,,,,,,,,,,,,,,,,,,,
23251,田园壁炉,201512,2540,[7],[4],[21522],,,,,,1,0,,3,3,0,797,0,104,4,,11323,2,,1200,1,,,,,,,,,,,,,,,,,,,,,,,,
23252,田园地毯,201513,2541,[3],[4],[21582],,,,,,1,0,,3,3,0,797,0,12600,3,,,,,,,,,,,,,,,,,,,,,,,,,,,,,,
23254,砖石路,201515,2543,[3],[4],[21582],,,,,,1,0,,3,3,0,797,0,104,2,,,,,,,,,,,,,,,,,,,,,,,,,,,,,,
23255,白色花盆,201516,2544,[3],[4],[21582],,,,,,1,0,,3,3,0,797,0,12756,2,,,,,,,,,,,,,,,,,,,,,,,,,,,,,,
23258,橙色斜板屋顶,201519,2547,[8],[4],[21588],,,,,,3,0,,3,3,0,797,0,11323,6,,11541,1,,,,,,,,,,,,,,,,,,,,,,,,,,,
23259,白色波纹墙块,201520,2548,[7],[4],[21544],,,,,,3,0,,3,3,0,797,0,11323,6,,11500,1,,,,,,,,,,,,,,,,,,,,,,,,,,,
23260,田园地板,201521,2549,[7],[4],[21544],,,,,,1,0,,3,3,0,797,0,11323,4,,,,,,,,,,,,,,,,,,,,,,,,,,,,,,
23261,紫色斜板屋顶,201522,2550,[8],[4],[21588],,,,,,3,0,,3,3,0,797,0,11323,6,,11510,1,,,,,,,,,,,,,,,,,,,,,,,,,,,
23262,白色花点墙块,201523,2551,[7],[4],[21544],,,,,,3,0,,3,3,0,797,0,11323,6,,11500,1,,,,,,,,,,,,,,,,,,,,,,,,,,,
23263,白色粉花点墙块,201524,2552,[7],[4],[21544],,,,,,3,0,,3,3,0,797,0,11323,6,,11500,1,,,,,,,,,,,,,,,,,,,,,,,,,,,
23264,白色黄花点墙块,201525,2553,[7],[4],[21544],,,,,,3,0,,3,3,0,797,0,11323,6,,11500,1,,,,,,,,,,,,,,,,,,,,,,,,,,,
23265,白色绿菱墙块,201526,2554,[7],[4],[21544],,,,,,3,0,,3,3,0,797,0,11323,6,,11500,1,,,,,,,,,,,,,,,,,,,,,,,,,,,
23266,白色紫菱墙块,201527,2555,[7],[4],[21544],,,,,,3,0,,3,3,0,797,0,11323,6,,11500,1,,,,,,,,,,,,,,,,,,,,,,,,,,,
23267,蓝白坐垫,201528,2556,[5],[4],[21579],,,,,,1,0,,3,3,0,797,0,12600,3,,11503,1,,,,,,,,,,,,,,,,,,,,,,,,,,,
23268,蓝色花盆,201529,2557,[3],[4],[21582],,,,,,1,0,,3,3,0,797,0,12756,2,,11503,1,,,,,,,,,,,,,,,,,,,,,,,,,,,
23269,红色花盆,201530,2558,[3],[4],[21582],,,,,,1,0,,3,3,0,797,0,12756,2,,11514,1,,,,,,,,,,,,,,,,,,,,,,,,,,,
23270,黄色方桌,201531,2559,[5],[4],[21579],,,,,,1,0,,3,3,0,797,0,11323,3,,12600,1,,11504,1,,,,,,,,,,,,,,,,,,,,,,,,
23271,蓝色方桌,201532,2560,[5],[4],[21579],,,,,,1,0,,3,3,0,797,0,11323,3,,12600,1,,11503,1,,,,,,,,,,,,,,,,,,,,,,,,
23272,绿色方桌,201533,2561,[5],[4],[21579],,,,,,1,0,,3,3,0,797,0,11323,3,,12600,1,,11513,1,,,,,,,,,,,,,,,,,,,,,,,,
23275,小份烤蔬菜,550029,1050,[1],"[7,8]",,,,,,,1,0,,3,3,1,201011,100,12621,1,,12621,1,,,,,,,,,,,,,,,,,,,,,,,,,,,
23276,中份烤蔬菜,550030,1050,[1],"[7,8]",,,,,,,1,0,,3,3,1,201011,100,12621,1,,12621,1,,12621,1,,,,,,,,,,,,,,,,,,,,,,,,
23277,大份烤蔬菜,550031,1050,[1],"[7,8]",,,,,,,1,0,,3,3,1,201011,100,12621,1,,12621,1,,12621,1,,12621,1,,,,,,,,,,,,,,,,,,,,,
23278,小份烤肉煲,550032,1051,[1],"[7,8]",,,,,,,1,0,,3,3,1,201011,100,12513,1,,12513,1,,,,,,,,,,,,,,,,,,,,,,,,,,,
23279,小份烤肉煲,550032,1051,[1],"[7,8]",,,,,,,1,0,,3,3,1,201011,100,12513,1,,12496,1,,,,,,,,,,,,,,,,,,,,,,,,,,,
23280,小份烤肉煲,550032,1051,[1],"[7,8]",,,,,,,1,0,,3,3,1,201011,100,12496,1,,12496,1,,,,,,,,,,,,,,,,,,,,,,,,,,,
23281,中份烤肉煲,550033,1051,[1],"[7,8]",,,,,,,1,0,,3,3,1,201011,100,12513,1,,12513,1,,12513,1,,,,,,,,,,,,,,,,,,,,,,,,
23282,中份烤肉煲,550033,1051,[1],"[7,8]",,,,,,,1,0,,3,3,1,201011,100,12496,1,,12496,1,,12496,1,,,,,,,,,,,,,,,,,,,,,,,,
23283,中份烤肉煲,550033,1051,[1],"[7,8]",,,,,,,1,0,,3,3,1,201011,100,12513,1,,12513,1,,12496,1,,,,,,,,,,,,,,,,,,,,,,,,
23284,中份烤肉煲,550033,1051,[1],"[7,8]",,,,,,,1,0,,3,3,1,201011,100,12513,1,,12496,1,,12496,1,,,,,,,,,,,,,,,,,,,,,,,,
23285,大份烤肉煲,550034,1051,[1],"[7,8]",,,,,,,1,0,,3,3,1,201011,100,12513,1,,12513,1,,12513,1,,12513,1,,,,,,,,,,,,,,,,,,,,,
23286,大份烤肉煲,550034,1051,[1],"[7,8]",,,,,,,1,0,,3,3,1,201011,100,12513,1,,12513,1,,12513,1,,12496,1,,,,,,,,,,,,,,,,,,,,,
23287,大份烤肉煲,550034,1051,[1],"[7,8]",,,,,,,1,0,,3,3,1,201011,100,12513,1,,12513,1,,12496,1,,12496,1,,,,,,,,,,,,,,,,,,,,,
23288,大份烤肉煲,550034,1051,[1],"[7,8]",,,,,,,1,0,,3,3,1,201011,100,12513,1,,12496,1,,12496,1,,12496,1,,,,,,,,,,,,,,,,,,,,,
23289,大份烤肉煲,550034,1051,[1],"[7,8]",,,,,,,1,0,,3,3,1,201011,100,12496,1,,12496,1,,12496,1,,12496,1,,,,,,,,,,,,,,,,,,,,,
23290,小份烤制菜肉,550035,1052,[1],"[7,8]",,,,,,,1,0,,3,3,1,201011,100,12621,1,,12513,1,,,,,,,,,,,,,,,,,,,,,,,,,,,
23291,小份烤制菜肉,550035,1052,[1],"[7,8]",,,,,,,1,0,,3,3,1,201011,100,12621,1,,12496,1,,,,,,,,,,,,,,,,,,,,,,,,,,,
23292,中份烤制菜肉,550036,1052,[1],"[7,8]",,,,,,,1,0,,3,3,1,201011,100,12621,1,,12513,1,,12513,1,,,,,,,,,,,,,,,,,,,,,,,,
23293,中份烤制菜肉,550036,1052,[1],"[7,8]",,,,,,,1,0,,3,3,1,201011,100,12621,1,,12513,1,,12496,1,,,,,,,,,,,,,,,,,,,,,,,,
23294,中份烤制菜肉,550036,1052,[1],"[7,8]",,,,,,,1,0,,3,3,1,201011,100,12621,1,,12496,1,,12496,1,,,,,,,,,,,,,,,,,,,,,,,,
23295,中份烤制菜肉,550036,1052,[1],"[7,8]",,,,,,,1,0,,3,3,1,201011,100,12621,1,,12621,1,,12513,1,,,,,,,,,,,,,,,,,,,,,,,,
23296,中份烤制菜肉,550036,1052,[1],"[7,8]",,,,,,,1,0,,3,3,1,201011,100,12621,1,,12621,1,,12496,1,,,,,,,,,,,,,,,,,,,,,,,,
23297,大份烤制菜肉,550037,1052,[1],"[7,8]",,,,,,,1,0,,3,3,1,201011,100,12621,1,,12513,1,,12513,1,,12513,1,,,,,,,,,,,,,,,,,,,,,
23298,大份烤制菜肉,550037,1052,[1],"[7,8]",,,,,,,1,0,,3,3,1,201011,100,12621,1,,12513,1,,12513,1,,12496,1,,,,,,,,,,,,,,,,,,,,,
23299,大份烤制菜肉,550037,1052,[1],"[7,8]",,,,,,,1,0,,3,3,1,201011,100,12621,1,,12513,1,,12496,1,,12496,1,,,,,,,,,,,,,,,,,,,,,
23300,大份烤制菜肉,550037,1052,[1],"[7,8]",,,,,,,1,0,,3,3,1,201011,100,12621,1,,12496,1,,12496,1,,12496,1,,,,,,,,,,,,,,,,,,,,,
23301,大份烤制菜肉,550037,1052,[1],"[7,8]",,,,,,,1,0,,3,3,1,201011,100,12621,1,,12621,1,,12513,1,,12513,1,,,,,,,,,,,,,,,,,,,,,
23302,大份烤制菜肉,550037,1052,[1],"[7,8]",,,,,,,1,0,,3,3,1,201011,100,12621,1,,12621,1,,12513,1,,12496,1,,,,,,,,,,,,,,,,,,,,,
23303,大份烤制菜肉,550037,1052,[1],"[7,8]",,,,,,,1,0,,3,3,1,201011,100,12621,1,,12621,1,,12496,1,,12496,1,,,,,,,,,,,,,,,,,,,,,
23304,大份烤制菜肉,550037,1052,[1],"[7,8]",,,,,,,1,0,,3,3,1,201011,100,12621,1,,12621,1,,12621,1,,12513,1,,,,,,,,,,,,,,,,,,,,,
23305,大份烤制菜肉,550037,1052,[1],"[7,8]",,,,,,,1,0,,3,3,1,201011,100,12621,1,,12621,1,,12621,1,,12496,1,,,,,,,,,,,,,,,,,,,,,
23306,小份烤海鲜,550038,1053,[1],"[7,8]",,,,,,,1,0,,3,3,1,201011,100,12496,1,,12496,1,,,,,,,,,,,,,,,,,,,,,,,,,,,
23307,中份烤海鲜,550039,1053,[1],"[7,8]",,,,,,,1,0,,3,3,1,201011,100,12496,1,,12496,1,,12496,1,,,,,,,,,,,,,,,,,,,,,,,,
23308,大份烤海鲜,550040,1053,[1],"[7,8]",,,,,,,1,0,,3,3,1,201011,100,12496,1,,12496,1,,12496,1,,12496,1,,,,,,,,,,,,,,,,,,,,,
23309,小份烤水果,550041,1054,[1],"[7,8]",,,,,,,1,0,,3,3,1,201011,100,12506,1,,12506,1,,,,,,,,,,,,,,,,,,,,,,,,,,,
23310,中份烤水果,550042,1054,[1],"[7,8]",,,,,,,1,0,,3,3,1,201011,100,12506,1,,12506,1,,12506,1,,,,,,,,,,,,,,,,,,,,,,,,
23311,大份烤水果,550043,1054,[1],"[7,8]",,,,,,,1,0,,3,3,1,201011,100,12506,1,,12506,1,,12506,1,,12506,1,,,,,,,,,,,,,,,,,,,,,
23312,玉米,200141,1361,[5],[2],[21573],,,,,,7,0,,3,3,0,797,0,200220,1,,,,,,,,,,,,,,,,,,,,,,,,,,,,50,1,
23313,南瓜块,200225,1173,[1],[4],[21544],,,,,,1,0,,3,3,0,797,0,11323,3,,200125,1,,,,,,,,,,,,,,,,,,,,,,,,,0.1,,
23314,西瓜块,200226,1173,[1],[4],[21544],,,,,,1,0,,3,3,0,797,0,11323,3,,200115,1,,,,,,,,,,,,,,,,,,,,,,,,,0.1,,
23315,番茄块,200227,1173,[1],[4],[21544],,,,,,1,0,,3,3,0,797,0,11323,3,,200119,1,,,,,,,,,,,,,,,,,,,,,,,,,0.1,,
23316,胡萝卜块,200228,1173,[1],[4],[21544],,,,,,1,0,,3,3,0,797,0,11323,3,,200122,1,,,,,,,,,,,,,,,,,,,,,,,,,0.1,,
23317,草莓块,200229,1173,[1],[4],[21544],,,,,,1,0,,3,3,0,797,0,11323,3,,200129,1,,,,,,,,,,,,,,,,,,,,,,,,,0.1,,
23318,浆果,200112,1051,[2],[2],[21573],[4],,,,,2,0,,3,3,0,797,0,200113,1,,,,,,,,,,,,,,,,,,,,,,,,,,,,,,
23319,西瓜,200115,1051,[2],[2],[21573],[4],,,,,4,0,,3,3,0,797,0,200116,1,,,,,,,,,,,,,,,,,,,,,,,,,,,,,,
23320,番茄,200119,1051,[2],[2],[21573],[4],,,,,2,0,,3,3,0,797,0,200120,1,,,,,,,,,,,,,,,,,,,,,,,,,,,,,,
23321,胡萝卜,200122,1051,[2],[2],[21573],[4],,,,,2,0,,3,3,0,797,0,200123,1,,,,,,,,,,,,,,,,,,,,,,,,,,,,,,
23322,南瓜,200125,1051,[2],[2],[21573],[4],,,,,4,0,,3,3,0,797,0,200126,1,,,,,,,,,,,,,,,,,,,,,,,,,,,,,,
23323,草莓,200129,1051,[2],[2],[21573],[4],,,,,2,0,,3,3,0,797,0,200130,1,,,,,,,,,,,,,,,,,,,,,,,,,,,,,,
23324,莲藕,200132,1051,[2],[2],[21573],[4],,,,,2,0,,3,3,0,797,0,200133,1,,,,,,,,,,,,,,,,,,,,,,,,,,,,,,
23325,沙棘,200135,1051,[2],[2],[21573],[4],,,,,2,0,,3,3,0,797,0,200136,1,,,,,,,,,,,,,,,,,,,,,,,,,,,,,,
23326,葡萄,200138,1051,[2],[2],[21573],[4],,,,,2,0,,3,3,0,797,0,200139,1,,,,,,,,,,,,,,,,,,,,,,,,,,,,,,
23327,玉米,200141,1051,[1],[2],[21573],[4],,,,,2,0,,3,3,0,797,0,200142,1,,,,,,,,,,,,,,,,,,,,,,,,,,,,,,
23328,青瓜,200144,1051,[2],[2],[21573],[4],,,,,2,0,,3,3,0,797,0,200145,1,,,,,,,,,,,,,,,,,,,,,,,,,,,,,,
23329,番薯,200147,1051,[2],[2],[21573],[4],,,,,2,0,,3,3,0,797,0,200148,1,,,,,,,,,,,,,,,,,,,,,,,,,,,,,,
23330,水稻穗,200150,1051,[2],[2],[21573],[4],,,,,2,0,,3,3,0,797,0,200151,1,,,,,,,,,,,,,,,,,,,,,,,,,,,,,,
23331,独葵,200153,1051,[2],[2],[21573],[4],,,,,2,0,,3,3,0,797,0,200154,1,,,,,,,,,,,,,,,,,,,,,,,,,,,,,,
23332,萝卜王,200156,1051,[2],[2],[21573],[4],,,,,2,0,,3,3,0,797,0,200157,1,,,,,,,,,,,,,,,,,,,,,,,,,,,,,,
23333,日光番茄,200167,1051,[2],[2],[21573],[4],,,,,2,0,,3,3,0,797,0,200168,1,,,,,,,,,,,,,,,,,,,,,,,,,,,,,,
23334,杂交水稻穗,200170,1051,[2],[2],[21573],[4],,,,,2,0,,3,3,0,797,0,200171,1,,,,,,,,,,,,,,,,,,,,,,,,,,,,,,
23335,彩虹草莓,200173,1051,[2],[2],[21573],[4],,,,,2,0,,3,3,0,797,0,200174,1,,,,,,,,,,,,,,,,,,,,,,,,,,,,,,
23336,水晶西瓜,200176,1051,[2],[2],[21573],[4],,,,,4,0,,3,3,0,797,0,200177,1,,,,,,,,,,,,,,,,,,,,,,,,,,,,,,
23337,阳光青提,200180,1051,[2],[2],[21573],[4],,,,,2,0,,3,3,0,797,0,200181,1,,,,,,,,,,,,,,,,,,,,,,,,,,,,,,
23338,精致玉米,200183,1051,[2],[2],[21573],[4],,,,,2,0,,3,3,0,797,0,200184,1,,,,,,,,,,,,,,,,,,,,,,,,,,,,,,
23339,冰果,200186,1051,[2],[2],[21573],[4],,,,,4,0,,3,3,0,797,0,200187,1,,,,,,,,,,,,,,,,,,,,,,,,,,,,,,
23340,烈焰瓜,200190,1051,[2],[2],[21573],[4],,,,,4,0,,3,3,0,797,0,200191,1,,,,,,,,,,,,,,,,,,,,,,,,,,,,,,
23341,空心竹竿,11312,1500,[25],[2],[21577],,,,,,1,0,,3,3,0,797,0,251,2,,,,,,,,,,,,,,,,,,,,,,,,,,,,,,
23342,小彩蛋,12240,1444,,[1],[21551],[3],,,,,10,1,,3,3,0,797,0,12743,10,,11514,1,,11504,1,,11503,1,,,,,,,,,,,,,,,,,,,0.1,,
23343,陈旧的扫把,201018,2560,[2],[4],[21582],,,,,,1,0,,3,3,0,797,0,11323,3,,11226,2,,,,,,,,,,,,,,,,,,,,,,,,,,,
23344,四格土砖,160011,2560,[5],[4],[21544],[5],,,,,1,0,,3,3,0,797,0,101,4,,,,,,,,,,,,,,,,,,,,,,,,,,,,,,
23345,完整土砖,160012,2560,[5],[4],[21544],[5],,,,,1,0,,3,3,0,797,0,101,4,,,,,,,,,,,,,,,,,,,,,,,,,,,,,,
23346,完整土砖斜板,163014,2000,[7],[4],[21588],,,,,,1,0,,3,3,0,797,0,101,2,,,,,,,,,,,,,,,,,,,,,,,,,,,,,,
23347,完整土砖薄斜板,165013,2010,[10],[4],[21589],,,,,,1,0,,3,3,0,797,0,101,1,,,,,,,,,,,,,,,,,,,,,,,,,,,,,,
23348,完整土砖竖薄斜板,167013,2020,[30],[4],[21590],,,,,,1,0,,3,3,0,797,0,101,1,,,,,,,,,,,,,,,,,,,,,,,,,,,,,,
23349,完整土砖弧板,171036,2100,[1],[4],[21593],,,,,,1,0,,3,3,0,797,0,101,2,,,,,,,,,,,,,,,,,,,,,,,,,,,,,,
23350,完整土砖薄弧板,172036,2140,[14],[4],[21594],,,,,,1,0,,3,3,0,797,0,101,1,,,,,,,,,,,,,,,,,,,,,,,,,,,,,,
23351,完整土砖竖薄弧板,174036,2170,[15],[4],[21595],,,,,,1,0,,3,3,0,797,0,101,1,,,,,,,,,,,,,,,,,,,,,,,,,,,,,,
23352,完整土砖棱锥,176036,2200,[16],[4],[21596],,,,,,1,0,,3,3,0,797,0,101,1,,,,,,,,,,,,,,,,,,,,,,,,,,,,,,
23353,完整土砖三棱柱,170036,2084,[12],[4],[21592],,,,,,1,0,,3,3,0,797,0,101,2,,,,,,,,,,,,,,,,,,,,,,,,,,,,,,
23354,不规则土砖,160013,2560,[5],[4],[21544],[5],,,,,1,0,,3,3,0,797,0,101,4,,,,,,,,,,,,,,,,,,,,,,,,,,,,,,
23355,棱纹土砖,160014,2560,[5],[4],[21544],[5],,,,,1,0,,3,3,0,797,0,101,4,,,,,,,,,,,,,,,,,,,,,,,,,,,,,,
23356,花横纹土砖,160015,2560,[5],[4],[21544],[5],,,,,1,0,,3,3,0,797,0,101,4,,,,,,,,,,,,,,,,,,,,,,,,,,,,,,
23357,花横纹土砖楼梯,169012,1180,[8],[4],[21586],[5],,,,,1,0,,3,3,0,797,0,101,2,,,,,,,,,,,,,,,,,,,,,,,,,,,,,,
23358,花横纹土砖薄板,161012,1150,[20],[4],[128],[5],,,,,1,0,,3,3,0,797,0,101,1,,,,,,,,,,,,,,,,,,,,,,,,,,,,,,
23359,竖纹土砖,160016,2560,[5],[4],[21544],[5],,,,,1,0,,3,3,0,797,0,101,4,,,,,,,,,,,,,,,,,,,,,,,,,,,,,,
23360,竖纹土砖竖薄板,162013,1890,[9],[4],[21587],,,,,,1,0,,3,3,0,797,0,101,1,,,,,,,,,,,,,,,,,,,,,,,,,,,,,,
23361,四格黄砖,160017,2560,[5],[4],[21544],[5],,,,,1,0,,3,3,0,797,0,29,1,,,,,,,,,,,,,,,,,,,,,,,,,,,,,,
23362,完整黄砖,160018,2560,[5],[4],[21544],[5],,,,,1,0,,3,3,0,797,0,29,1,,,,,,,,,,,,,,,,,,,,,,,,,,,,,,
23363,完整黄砖斜板,163015,2001,[7],[4],[21588],,,,,,2,0,,3,3,0,797,0,29,1,,,,,,,,,,,,,,,,,,,,,,,,,,,,,,
23364,完整黄砖薄斜板,165014,2011,[10],[4],[21589],,,,,,4,0,,3,3,0,797,0,29,1,,,,,,,,,,,,,,,,,,,,,,,,,,,,,,
23365,完整黄砖竖薄斜板,167014,2021,[30],[4],[21590],,,,,,4,0,,3,3,0,797,0,29,1,,,,,,,,,,,,,,,,,,,,,,,,,,,,,,
23366,完整黄砖弧板,171037,2101,[1],[4],[21593],,,,,,2,0,,3,3,0,797,0,29,1,,,,,,,,,,,,,,,,,,,,,,,,,,,,,,
23367,完整黄砖薄弧板,172037,2141,[14],[4],[21594],,,,,,4,0,,3,3,0,797,0,29,1,,,,,,,,,,,,,,,,,,,,,,,,,,,,,,
23368,完整黄砖竖薄弧板,174037,2171,[15],[4],[21595],,,,,,4,0,,3,3,0,797,0,29,1,,,,,,,,,,,,,,,,,,,,,,,,,,,,,,
23369,完整黄砖棱锥,176037,2201,[16],[4],[21596],,,,,,4,0,,3,3,0,797,0,29,1,,,,,,,,,,,,,,,,,,,,,,,,,,,,,,
23370,完整黄砖三棱柱,170037,2085,[12],[4],[21592],,,,,,2,0,,3,3,0,797,0,29,1,,,,,,,,,,,,,,,,,,,,,,,,,,,,,,
23371,多格黄砖,160019,2560,[5],[4],[21544],[5],,,,,1,0,,3,3,0,797,0,29,1,,,,,,,,,,,,,,,,,,,,,,,,,,,,,,
23372,花横纹黄砖,160020,2560,[5],[4],[21544],[5],,,,,1,0,,3,3,0,797,0,29,1,,,,,,,,,,,,,,,,,,,,,,,,,,,,,,
23373,花横纹黄砖楼梯,169013,1181,[8],[4],[21586],[5],,,,,2,0,,3,3,0,797,0,29,1,,,,,,,,,,,,,,,,,,,,,,,,,,,,,,
23374,花横纹黄砖薄板,161013,1151,[20],[4],[128],[5],,,,,4,0,,3,3,0,797,0,29,1,,,,,,,,,,,,,,,,,,,,,,,,,,,,,,
23375,竖纹黄砖,160021,2560,[5],[4],[21544],[5],,,,,1,0,,3,3,0,797,0,29,1,,,,,,,,,,,,,,,,,,,,,,,,,,,,,,
23376,竖纹黄砖竖薄板,162014,1891,[9],[4],[21587],,,,,,4,0,,3,3,0,797,0,29,1,,,,,,,,,,,,,,,,,,,,,,,,,,,,,,
23377,粗制砂土砖,160022,2560,[5],[4],[21544],[5],,,,,2,0,,3,3,0,797,0,29,1,,101,1,,,,,,,,,,,,,,,,,,,,,,,,,,,
23378,四格砂土砖,160023,2560,[5],[4],[21544],[5],,,,,2,0,,3,3,0,797,0,29,1,,101,1,,,,,,,,,,,,,,,,,,,,,,,,,,,
23379,完整砂土砖,160024,2560,[5],[4],[21544],[5],,,,,2,0,,3,3,0,797,0,29,1,,101,1,,,,,,,,,,,,,,,,,,,,,,,,,,,
23380,完整砂土砖斜板,163016,2002,[7],[4],[21588],,,,,,4,0,,3,3,0,797,0,29,1,,101,1,,,,,,,,,,,,,,,,,,,,,,,,,,,
23381,完整砂土砖薄斜板,165015,2012,[10],[4],[21589],,,,,,8,0,,3,3,0,797,0,29,1,,101,1,,,,,,,,,,,,,,,,,,,,,,,,,,,
23382,完整砂土砖竖薄斜板,167015,2022,[30],[4],[21590],,,,,,8,0,,3,3,0,797,0,29,1,,101,1,,,,,,,,,,,,,,,,,,,,,,,,,,,
23383,完整砂土砖弧板,171038,2102,[1],[4],[21593],,,,,,4,0,,3,3,0,797,0,29,1,,101,1,,,,,,,,,,,,,,,,,,,,,,,,,,,
23384,完整砂土砖薄弧板,172038,2142,[14],[4],[21594],,,,,,8,0,,3,3,0,797,0,29,1,,101,1,,,,,,,,,,,,,,,,,,,,,,,,,,,
23385,完整砂土砖竖薄弧板,174038,2172,[15],[4],[21595],,,,,,8,0,,3,3,0,797,0,29,1,,101,1,,,,,,,,,,,,,,,,,,,,,,,,,,,
23386,完整砂土砖棱锥,176038,2202,[16],[4],[21596],,,,,,8,0,,3,3,0,797,0,29,1,,101,1,,,,,,,,,,,,,,,,,,,,,,,,,,,
23387,完整砂土砖三棱柱,170038,2086,[12],[4],[21592],,,,,,4,0,,3,3,0,797,0,29,1,,101,1,,,,,,,,,,,,,,,,,,,,,,,,,,,
23388,多格砂土砖,160025,2560,[5],[4],[21544],[5],,,,,2,0,,3,3,0,797,0,29,1,,101,1,,,,,,,,,,,,,,,,,,,,,,,,,,,
23389,多格砂土砖楼梯,169014,1182,[8],[4],[21586],[5],,,,,4,0,,3,3,0,797,0,29,1,,101,1,,,,,,,,,,,,,,,,,,,,,,,,,,,
23390,多格砂土砖竖薄板,162015,1892,[9],[4],[21587],,,,,,8,0,,3,3,0,797,0,29,1,,101,1,,,,,,,,,,,,,,,,,,,,,,,,,,,
23391,多格砂土砖薄板,161014,1152,[20],[4],[128],[5],,,,,8,0,,3,3,0,797,0,29,1,,101,1,,,,,,,,,,,,,,,,,,,,,,,,,,,
23392,信纸,11806,1451,[5],[2],[21570],[3],,LetterPaper,,LetterPaper,1,1,,3,3,0,797,0,11781,1,,,,,,,,,,,,,,,,,,,,,,,,,,,,0.1,,
23393,铁质法杖,11771,,,[1],[21518],,,IronWand,,IronWand,1,0,,3,3,0,797,0,11209,2,,11323,2,,11911,1,,,,,,,,,,,,,,,,,,,,,,0.1,,
23394,钛金法杖,11772,,,[1],[21518],,,TitaniumWand,,TitaniumWand,1,0,,3,3,0,797,0,11330,2,,11323,2,,11911,1,,,,,,,,,,,,,,,,,,,,,,0.1,,
23395,钨金法杖,11773,,,[1],[21518],,,TungstenWand,,TungstenWand,1,0,,3,3,0,797,0,11203,2,,11323,2,,11911,1,,,,,,,,,,,,,,,,,,,,,,0.1,,
23396,星尘之源,11780,1,[4],[0],[21585],,,,,,1,0,,3,3,0,797,0,11516,1,,11522,1,,,,,,,,,,,,,,,,,,,,,,,,,,,
23400,精制四格石砖,160035,2562,[5],[4],[21544],[5],,,,,1,0,,3,3,0,797,0,104,1,,,,,,,,,,,,,,,,,,,,,,,,,,,,,,
23401,精制完整石砖,160036,2562,[5],[4],[21544],[5],,,,,1,0,,3,3,0,797,0,104,1,,,,,,,,,,,,,,,,,,,,,,,,,,,,,,
23402,精制完整石斜板,163024,2003,[7],[4],[21588],,,,,,2,0,,3,3,0,797,0,104,1,,,,,,,,,,,,,,,,,,,,,,,,,,,,,,
23403,精制完整石薄斜板,165023,2013,[10],[4],[21589],,,,,,4,0,,3,3,0,797,0,104,1,,,,,,,,,,,,,,,,,,,,,,,,,,,,,,
23404,精制完整石竖薄斜板,167023,2023,[30],[4],[21590],,,,,,4,0,,3,3,0,797,0,104,1,,,,,,,,,,,,,,,,,,,,,,,,,,,,,,
23405,精制完整石弧板,171046,2103,[1],[4],[21593],,,,,,2,0,,3,3,0,797,0,104,1,,,,,,,,,,,,,,,,,,,,,,,,,,,,,,
23406,精制完整石薄弧板,172046,2143,[14],[4],[21594],,,,,,4,0,,3,3,0,797,0,104,1,,,,,,,,,,,,,,,,,,,,,,,,,,,,,,
23407,精制完整石竖薄弧板,174046,2173,[15],[4],[21595],,,,,,4,0,,3,3,0,797,0,104,1,,,,,,,,,,,,,,,,,,,,,,,,,,,,,,
23408,精制完整石棱锥,176046,2203,[16],[4],[21596],,,,,,2,0,,3,3,0,797,0,104,1,,,,,,,,,,,,,,,,,,,,,,,,,,,,,,
23409,精制完整石三棱柱,170046,2087,[12],[4],[21592],,,,,,2,0,,3,3,0,797,0,104,1,,,,,,,,,,,,,,,,,,,,,,,,,,,,,,
23410,精制多格石砖,160037,2562,[5],[4],[21544],[5],,,,,1,0,,3,3,0,797,0,104,1,,,,,,,,,,,,,,,,,,,,,,,,,,,,,,
23411,精制扇纹多格石砖,160038,2562,[5],[4],[21544],[5],,,,,1,0,,3,3,0,797,0,104,1,,,,,,,,,,,,,,,,,,,,,,,,,,,,,,
23412,精制完整镶边石砖,160039,2562,[5],[4],[21544],[5],,,,,1,0,,3,3,0,797,0,104,1,,,,,,,,,,,,,,,,,,,,,,,,,,,,,,
23413,精制完整镶边石斜板,163025,2003,[7],[4],[21588],,,,,,2,0,,3,3,0,797,0,104,1,,,,,,,,,,,,,,,,,,,,,,,,,,,,,,
23414,精制完整镶边石薄斜板,165024,2013,[10],[4],[21589],,,,,,4,0,,3,3,0,797,0,104,1,,,,,,,,,,,,,,,,,,,,,,,,,,,,,,
23415,精制完整镶边石竖薄斜板,167024,2023,[30],[4],[21590],,,,,,4,0,,3,3,0,797,0,104,1,,,,,,,,,,,,,,,,,,,,,,,,,,,,,,
23416,精制完整镶边石弧板,171047,2103,[1],[4],[21593],,,,,,2,0,,3,3,0,797,0,104,1,,,,,,,,,,,,,,,,,,,,,,,,,,,,,,
23417,精制完整镶边石薄弧板,172047,2143,[14],[4],[21594],,,,,,4,0,,3,3,0,797,0,104,1,,,,,,,,,,,,,,,,,,,,,,,,,,,,,,
23418,精制完整镶边石竖薄弧板,174047,2173,[15],[4],[21595],,,,,,4,0,,3,3,0,797,0,104,1,,,,,,,,,,,,,,,,,,,,,,,,,,,,,,
23419,精制完整镶边石棱锥,176047,2203,[16],[4],[21596],,,,,,2,0,,3,3,0,797,0,104,1,,,,,,,,,,,,,,,,,,,,,,,,,,,,,,
23420,精制完整镶边石三棱柱,170047,2087,[12],[4],[21592],,,,,,2,0,,3,3,0,797,0,104,1,,,,,,,,,,,,,,,,,,,,,,,,,,,,,,
23421,精制花横纹石砖,160040,2562,[5],[4],[21544],[5],,,,,1,0,,3,3,0,797,0,104,1,,,,,,,,,,,,,,,,,,,,,,,,,,,,,,
23422,精制花横纹石楼梯,169022,1183,[8],[4],[21586],[5],,,,,2,0,,3,3,0,797,0,104,1,,,,,,,,,,,,,,,,,,,,,,,,,,,,,,
23423,精制花横纹石薄板,161022,1153,[20],[4],[128],[5],,,,,4,0,,3,3,0,797,0,104,1,,,,,,,,,,,,,,,,,,,,,,,,,,,,,,
23424,精制竖纹石砖,160041,2562,[5],[4],[21544],[5],,,,,1,0,,3,3,0,797,0,104,1,,,,,,,,,,,,,,,,,,,,,,,,,,,,,,
23425,精制竖纹石竖薄板,162023,1893,[9],[4],[21587],,,,,,4,0,,3,3,0,797,0,104,1,,,,,,,,,,,,,,,,,,,,,,,,,,,,,,
23426,粗制四格垒石砖,160042,2562,[5],[4],[21544],[5],,,,,1,0,,3,3,0,797,0,11627,1,,,,,,,,,,,,,,,,,,,,,,,,,,,,,,
23427,粗制完整石砖,160043,2562,[5],[4],[21544],[5],,,,,1,0,,3,3,0,797,0,11627,1,,,,,,,,,,,,,,,,,,,,,,,,,,,,,,
23428,粗制完整石斜板,163026,2003,[7],[4],[21588],,,,,,2,0,,3,3,0,797,0,11627,1,,,,,,,,,,,,,,,,,,,,,,,,,,,,,,
23429,粗制完整石薄斜板,165025,2013,[10],[4],[21589],,,,,,4,0,,3,3,0,797,0,11627,1,,,,,,,,,,,,,,,,,,,,,,,,,,,,,,
23430,粗制完整石竖薄斜板,167025,2023,[30],[4],[21590],,,,,,4,0,,3,3,0,797,0,11627,1,,,,,,,,,,,,,,,,,,,,,,,,,,,,,,
23431,粗制完整石弧板,171048,2103,[1],[4],[21593],,,,,,2,0,,3,3,0,797,0,11627,1,,,,,,,,,,,,,,,,,,,,,,,,,,,,,,
23432,粗制完整石薄弧板,172048,2143,[14],[4],[21594],,,,,,4,0,,3,3,0,797,0,11627,1,,,,,,,,,,,,,,,,,,,,,,,,,,,,,,
23433,粗制完整石竖薄弧板,174048,2173,[15],[4],[21595],,,,,,4,0,,3,3,0,797,0,11627,1,,,,,,,,,,,,,,,,,,,,,,,,,,,,,,
23434,粗制完整石棱锥,176048,2203,[16],[4],[21596],,,,,,2,0,,3,3,0,797,0,11627,1,,,,,,,,,,,,,,,,,,,,,,,,,,,,,,
23435,粗制完整石三棱柱,170048,2087,[12],[4],[21592],,,,,,2,0,,3,3,0,797,0,11627,1,,,,,,,,,,,,,,,,,,,,,,,,,,,,,,
23436,粗制多格石砖,160044,2562,[5],[4],[21544],[5],,,,,1,0,,3,3,0,797,0,11627,1,,,,,,,,,,,,,,,,,,,,,,,,,,,,,,
23437,粗制多格石楼梯,169023,1183,[8],[4],[21586],[5],,,,,2,0,,3,3,0,797,0,11627,1,,,,,,,,,,,,,,,,,,,,,,,,,,,,,,
23438,粗制多格石薄板,161023,1153,[20],[4],[128],[5],,,,,4,0,,3,3,0,797,0,11627,1,,,,,,,,,,,,,,,,,,,,,,,,,,,,,,
23439,粗制竖纹石砖,160045,2562,[5],[4],[21544],[5],,,,,1,0,,3,3,0,797,0,11627,1,,,,,,,,,,,,,,,,,,,,,,,,,,,,,,
23440,粗制竖纹石竖薄板,162024,1893,[9],[4],[21587],,,,,,4,0,,3,3,0,797,0,11627,1,,,,,,,,,,,,,,,,,,,,,,,,,,,,,,
23441,粗制苔藓石砖,160046,2562,[5],[4],[21544],[5],,,,,2,0,,3,3,0,797,0,11627,1,,11595,1,,,,,,,,,,,,,,,,,,,,,,,,,,,
23442,夜光菇笠,12326,1273,[1],[1],[21566],[2],,GlowCap,,GlowCap,1,0,,3,3,0,797,0,200254,5,,15081,2,,12016,1,,,,,,,,,,,,,,,,,,,,,,0.1,,
23443,星落法杖,11776,1274,[1],[1],[21518],"[1,2]",,TungstenGoldStaff,,TungstenGoldStaff,1,0,,3,3,0,797,0,12014,3,,12020,1,,15080,3,,,,,,,,,,,,,,,,,,,,,,0.1,,
23444,四叶星辉剑,11777,1275,[1],[1],[21568],"[1,2]",,StarSword,,StarSword,1,0,,3,3,0,797,0,12014,4,,11715,3,,201915,1,,,,,,,,,,,,,,,,,,,,,,0.1,,
23445,符文帽,12320,1276,[1],[1],[21566],[2],,RuneHat,,RuneHat,1,0,,3,3,0,797,0,12014,5,,11307,3,,,,,,,,,,,,,,,,,,,,,,,,,0.1,,
23446,符文服,12321,1277,[1],[1],[21566],[2],,RuneRobe,,RuneRobe,1,0,,3,3,0,797,0,12014,8,,11307,3,,,,,,,,,,,,,,,,,,,,,,,,,0.1,,
23447,符文裤,12322,1278,[1],[1],[21566],[2],,RunePants,,RunePants,1,0,,3,3,0,797,0,12014,7,,11307,3,,,,,,,,,,,,,,,,,,,,,,,,,0.1,,
23448,符文鞋,12323,1279,[1],[1],[21566],[2],,RuneBoots,,RuneBoots,1,0,,3,3,0,797,0,12014,5,,11307,3,,,,,,,,,,,,,,,,,,,,,,,,,0.1,,
23449,蘑菇拳套,11775,1281,[1],[1],[21552],"[1,2]",,MushroomFist,,MushroomFist,1,0,,3,3,0,797,0,12014,2,,201920,3,,11323,2,,,,,,,,,,,,,,,,,,,,,,0.1,,
23450,星尘弓,11778,1282,[1],[1],[21517],"[1,2]",,StardustBow,,StardustBow,1,0,,3,3,0,797,0,12014,3,,12020,1,,11516,1,,,,,,,,,,,,,,,,,,,,,,0.1,,
23451,隐身披风,12325,1283,[1],[1],[21566],[2],,InvisibleCloak,,InvisibleCloak,1,0,,3,3,0,797,0,11715,1,,11307,3,,11717,2,,,,,,,,,,,,,,,,,,,,,,0.1,,
23452,提灯,11115,1284,[1],[1],[21552],[3],,Lantern,,Lantern,1,0,,3,3,0,797,0,12014,1,,632,2,,200254,3,,,,,,,,,,,,,,,,,,,,,,0.1,,
23453,蘑晶球,15078,1285,[1],[1],[21551],[3],,MushroomCrystalBall,,MushroomCrystalBall,1,0,,3,3,0,797,0,12014,2,,12019,2,,,,,,,,,,,,,,,,,,,,,,,,,0.1,,
23455,星尘箭,15082,1287,[1],[1],[21517],"[1,2]",,StardustArrow,,StardustArrow,4,0,,3,3,0,797,0,15081,1,,12016,1,,,,,,,,,,,,,,,,,,,,,,,,,0.1,,
23456,空间残片,11782,2613,[51],[2],[21576],,,,,SpaceShard,1,0,,3,3,0,797,0,12020,3,,,,,,,,,,,,,,,,,,,,,,,,,,,,0.1,,
23457,蘑古草块,770,23458,[4],[0],[21544],,,,,,1,1,0,3,3,0,797,0,200247,1,,11226,1,,,,,,,,,,,,,,,,,,,,,,,,,0.1,,
23458,蘑古土块,200247,23459,[4],[0],[21544],,,,,,1,1,0,3,3,0,797,0,770,1,,,,,,,,,,,,,,,,,,,,,,,,,,,,0.1,,
23459,蘑古岩,200232,23460,[4],[0],[21544],,,,,,1,1,0,3,3,0,797,0,200233,1,,,,,,,,,,,,,,,,,,,,,,,,,,,,0.1,,
23460,长草蘑古岩,200233,23461,[4],[0],[21544],,,,,,1,1,0,3,3,0,797,0,200232,1,,,,,,,,,,,,,,,,,,,,,,,,,,,,0.1,,
23461,蘑古砖,160026,23462,[5],[4],[21544],,,,,,1,1,0,3,3,0,797,0,200232,1,,,,,,,,,,,,,,,,,,,,,,,,,,,,0.1,,
23465,魔古砖,160027,23466,[5],[4],[21544],,,,,,1,1,0,3,3,0,797,0,126,1,,,,,,,,,,,,,,,,,,,,,,,,,,,,0.1,,
23466,不规则蘑古砖,200235,23467,[5],[4],[21544],,,,,,1,1,0,3,3,0,797,0,200232,1,,,,,,,,,,,,,,,,,,,,,,,,,,,,0.1,,
23467,棱纹蘑古砖,200236,23468,[5],[4],[21544],,,,,,1,1,0,3,3,0,797,0,200232,1,,,,,,,,,,,,,,,,,,,,,,,,,,,,0.1,,
23468,密文蘑古砖,200237,23469,[5],[4],[21544],,,,,,1,1,0,3,3,0,797,0,200232,1,,,,,,,,,,,,,,,,,,,,,,,,,,,,0.1,,
23469,竖纹蘑古砖,200238,23470,[5],[4],[21544],,,,,,1,1,0,3,3,0,797,0,200232,1,,,,,,,,,,,,,,,,,,,,,,,,,,,,0.1,,
23470,花横蘑古砖,200239,23471,[5],[4],[21544],,,,,,1,1,0,3,3,0,797,0,200232,1,,,,,,,,,,,,,,,,,,,,,,,,,,,,0.1,,
23471,四格暗岩砖,200240,23472,[5],[4],[21544],,,,,,1,1,0,3,3,0,797,0,200232,1,,,,,,,,,,,,,,,,,,,,,,,,,,,,0.1,,
23472,蘑古砖薄板,161015,23473,[30],[4],[128],,,,,,2,1,0,3,3,0,797,0,200232,1,,,,,,,,,,,,,,,,,,,,,,,,,,,,0.1,,
23473,蘑古砖竖薄板,162016,23474,[9],[4],[21587],,,,,,2,1,0,3,3,0,797,0,200232,1,,,,,,,,,,,,,,,,,,,,,,,,,,,,0.1,,
23474,蘑古砖楼梯,169015,23475,[8],[4],[21586],,,,,,2,1,0,3,3,0,797,0,200232,1,,,,,,,,,,,,,,,,,,,,,,,,,,,,0.1,,
23475,完整蘑古砖斜板,163017,23476,[7],[4],[21588],,,,,,2,1,0,3,3,0,797,0,200232,1,,,,,,,,,,,,,,,,,,,,,,,,,,,,0.1,,
23476,完整蘑古砖薄斜板,165016,23477,[10],[4],[21589],,,,,,4,1,0,3,3,0,797,0,200232,1,,,,,,,,,,,,,,,,,,,,,,,,,,,,0.1,,
23477,完整蘑古砖竖薄斜板,167016,23478,[30],[4],[21590],,,,,,4,1,0,3,3,0,797,0,200232,1,,,,,,,,,,,,,,,,,,,,,,,,,,,,0.1,,
23478,完整蘑古砖弧板,171039,23479,[1],[4],[21593],,,,,,2,1,0,3,3,0,797,0,200232,1,,,,,,,,,,,,,,,,,,,,,,,,,,,,0.1,,
23479,完整蘑古砖薄弧板,172039,23480,[14],[4],[21594],,,,,,4,1,0,3,3,0,797,0,200232,1,,,,,,,,,,,,,,,,,,,,,,,,,,,,0.1,,
23480,完整蘑古砖竖薄弧板,174039,23481,[15],[4],[21595],,,,,,4,1,0,3,3,0,797,0,200232,1,,,,,,,,,,,,,,,,,,,,,,,,,,,,0.1,,
23481,完整蘑古砖三棱柱,170039,23482,[12],[4],[21592],,,,,,2,1,0,3,3,0,797,0,200232,1,,,,,,,,,,,,,,,,,,,,,,,,,,,,0.1,,
23482,完整蘑古砖棱锥,176039,23483,[16],[4],[21596],,,,,,4,1,0,3,3,0,797,0,200232,1,,,,,,,,,,,,,,,,,,,,,,,,,,,,0.1,,
23483,魔古砖薄板,161016,23484,[30],[4],[128],,,,,,2,1,0,3,3,0,797,0,126,1,,,,,,,,,,,,,,,,,,,,,,,,,,,,0.1,,
23484,魔古砖竖薄板,162017,23485,[9],[4],[21587],,,,,,2,1,0,3,3,0,797,0,126,1,,,,,,,,,,,,,,,,,,,,,,,,,,,,0.1,,
23485,魔古砖楼梯,169016,23486,[8],[4],[21586],,,,,,2,1,0,3,3,0,797,0,126,1,,,,,,,,,,,,,,,,,,,,,,,,,,,,0.1,,
23486,魔古砖斜板,163027,23487,[7],[4],[21588],,,,,,2,1,0,3,3,0,797,0,126,1,,,,,,,,,,,,,,,,,,,,,,,,,,,,0.1,,
23487,魔古砖薄斜板,165026,23488,[10],[4],[21589],,,,,,4,1,0,3,3,0,797,0,126,1,,,,,,,,,,,,,,,,,,,,,,,,,,,,0.1,,
23488,魔古砖竖薄斜板,167026,23489,[30],[4],[21590],,,,,,4,1,0,3,3,0,797,0,126,1,,,,,,,,,,,,,,,,,,,,,,,,,,,,0.1,,
23489,魔古砖三棱柱,170049,23490,[12],[4],[21592],,,,,,2,1,0,3,3,0,797,0,126,1,,,,,,,,,,,,,,,,,,,,,,,,,,,,0.1,,
23490,魔古砖弧板,171049,23491,[1],[4],[21593],,,,,,2,1,0,3,3,0,797,0,126,1,,,,,,,,,,,,,,,,,,,,,,,,,,,,0.1,,
23491,魔古砖薄弧板,172049,23492,[14],[4],[21594],,,,,,4,1,0,3,3,0,797,0,126,1,,,,,,,,,,,,,,,,,,,,,,,,,,,,0.1,,
23492,魔古砖竖薄弧板,174049,23493,[15],[4],[21595],,,,,,4,1,0,3,3,0,797,0,126,1,,,,,,,,,,,,,,,,,,,,,,,,,,,,0.1,,
23493,魔古砖棱锥,176049,23494,[16],[4],[21596],,,,,,4,1,0,3,3,0,797,0,126,1,,,,,,,,,,,,,,,,,,,,,,,,,,,,0.1,,
23494,棱纹魔古砖,200243,23495,[5],[4],[21544],,,,,,1,1,0,3,3,0,797,0,126,1,,,,,,,,,,,,,,,,,,,,,,,,,,,,0.1,,
23495,多格魔古砖,200244,23496,[5],[4],[21544],,,,,,1,1,0,3,3,0,797,0,126,1,,,,,,,,,,,,,,,,,,,,,,,,,,,,0.1,,
23496,四格魔古砖,200245,23497,[5],[4],[21544],,,,,,1,1,0,3,3,0,797,0,126,1,,,,,,,,,,,,,,,,,,,,,,,,,,,,0.1,,
23497,完整魔古砖,160029,23498,[5],[4],[21544],,,,,,1,1,0,3,3,0,797,0,126,1,,,,,,,,,,,,,,,,,,,,,,,,,,,,0.1,,
23498,完整魔古砖斜板,163018,23499,[7],[4],[21588],,,,,,2,1,0,3,3,0,797,0,126,1,,,,,,,,,,,,,,,,,,,,,,,,,,,,0.1,,
23499,完整魔古砖薄斜板,165017,23500,[10],[4],[21589],,,,,,4,1,0,3,3,0,797,0,126,1,,,,,,,,,,,,,,,,,,,,,,,,,,,,0.1,,
23500,完整魔古砖竖薄斜板,167017,23501,[30],[4],[21590],,,,,,4,1,0,3,3,0,797,0,126,1,,,,,,,,,,,,,,,,,,,,,,,,,,,,0.1,,
23501,完整魔古砖弧板,171040,23502,[1],[4],[21593],,,,,,2,1,0,3,3,0,797,0,126,1,,,,,,,,,,,,,,,,,,,,,,,,,,,,0.1,,
23502,完整魔古砖薄弧板,172040,23503,[14],[4],[21594],,,,,,4,1,0,3,3,0,797,0,126,1,,,,,,,,,,,,,,,,,,,,,,,,,,,,0.1,,
23503,完整魔古砖竖薄弧板,174040,23504,[15],[4],[21595],,,,,,4,1,0,3,3,0,797,0,126,1,,,,,,,,,,,,,,,,,,,,,,,,,,,,0.1,,
23504,完整魔古砖三棱柱,170040,23505,[12],[4],[21592],,,,,,2,1,0,3,3,0,797,0,126,1,,,,,,,,,,,,,,,,,,,,,,,,,,,,0.1,,
23505,完整魔古砖棱锥,176040,23506,[16],[4],[21596],,,,,,4,1,0,3,3,0,797,0,126,1,,,,,,,,,,,,,,,,,,,,,,,,,,,,0.1,,
23506,菌菇板,160034,23507,[3],[4],[21544],,,,,,1,1,0,3,3,0,797,0,201901,2,,,,,,,,,,,,,,,,,,,,,,,,,,,,0.1,,
23507,菌菇板薄板,161021,23508,[30],[4],[128],,,,,,1,1,0,3,3,0,797,0,201901,1,,,,,,,,,,,,,,,,,,,,,,,,,,,,0.1,,
23508,菌菇板竖薄板,162022,23509,[9],[4],[21587],,,,,,1,1,0,3,3,0,797,0,201901,1,,,,,,,,,,,,,,,,,,,,,,,,,,,,0.1,,
23509,菌菇板楼梯,169021,23510,[8],[4],[21586],,,,,,1,1,0,3,3,0,797,0,201901,1,,,,,,,,,,,,,,,,,,,,,,,,,,,,0.1,,
23510,菌菇板斜板,163023,23511,[7],[4],[21588],,,,,,1,1,0,3,3,0,797,0,201901,1,,,,,,,,,,,,,,,,,,,,,,,,,,,,0.1,,
23511,菌菇板薄斜板,165022,23512,[10],[4],[21589],,,,,,2,1,0,3,3,0,797,0,201901,1,,,,,,,,,,,,,,,,,,,,,,,,,,,,0.1,,
23512,菌菇板竖薄斜板,167022,23513,[30],[4],[21590],,,,,,2,1,0,3,3,0,797,0,201901,1,,,,,,,,,,,,,,,,,,,,,,,,,,,,0.1,,
23513,菌菇板弧板,171045,23514,[1],[4],[21593],,,,,,1,1,0,3,3,0,797,0,201901,1,,,,,,,,,,,,,,,,,,,,,,,,,,,,0.1,,
23514,菌菇板薄弧板,172045,23515,[14],[4],[21594],,,,,,2,1,0,3,3,0,797,0,201901,1,,,,,,,,,,,,,,,,,,,,,,,,,,,,0.1,,
23515,菌菇板竖薄弧板,174045,23516,[15],[4],[21595],,,,,,2,1,0,3,3,0,797,0,201901,1,,,,,,,,,,,,,,,,,,,,,,,,,,,,0.1,,
23516,菌菇板三棱柱,170045,23517,[12],[4],[21592],,,,,,1,1,0,3,3,0,797,0,201901,1,,,,,,,,,,,,,,,,,,,,,,,,,,,,0.1,,
23517,菌菇板棱锥,176045,23518,[16],[4],[21596],,,,,,2,1,0,3,3,0,797,0,201901,1,,,,,,,,,,,,,,,,,,,,,,,,,,,,0.1,,
23518,宝石蓝木板,160030,23519,[5],[4],[21544],,,,,,4,1,0,3,3,0,797,0,11323,4,,11532,1,,,,,,,,,,,,,,,,,,,,,,,,,0.1,,
23519,宝石蓝薄板,161017,23520,[30],[4],[128],,,,,,4,1,0,3,3,0,797,0,11323,2,,11532,1,,,,,,,,,,,,,,,,,,,,,,,,,0.1,,
23520,宝石蓝竖薄板,162018,23521,[9],[4],[21587],,,,,,4,1,0,3,3,0,797,0,11323,2,,11532,1,,,,,,,,,,,,,,,,,,,,,,,,,0.1,,
23521,宝石蓝楼梯,169017,23522,[8],[4],[21586],,,,,,4,1,0,3,3,0,797,0,11323,2,,11532,1,,,,,,,,,,,,,,,,,,,,,,,,,0.1,,
23522,宝石蓝斜板,163019,23523,[7],[4],[21588],,,,,,4,1,0,3,3,0,797,0,11323,2,,11532,1,,,,,,,,,,,,,,,,,,,,,,,,,0.1,,
23523,宝石蓝薄斜板,165018,23524,[10],[4],[21589],,,,,,4,1,0,3,3,0,797,0,11323,1,,11532,1,,,,,,,,,,,,,,,,,,,,,,,,,0.1,,
23524,宝石蓝竖薄斜板,167018,23525,[30],[4],[21590],,,,,,4,1,0,3,3,0,797,0,11323,1,,11532,1,,,,,,,,,,,,,,,,,,,,,,,,,0.1,,
23525,宝石蓝弧板,171041,23526,[1],[4],[21593],,,,,,4,1,0,3,3,0,797,0,11323,2,,11532,1,,,,,,,,,,,,,,,,,,,,,,,,,0.1,,
23526,宝石蓝薄弧板,172041,23527,[14],[4],[21594],,,,,,4,1,0,3,3,0,797,0,11323,1,,11532,1,,,,,,,,,,,,,,,,,,,,,,,,,0.1,,
23527,宝石蓝竖薄弧板,174041,23528,[15],[4],[21595],,,,,,4,1,0,3,3,0,797,0,11323,1,,11532,1,,,,,,,,,,,,,,,,,,,,,,,,,0.1,,
23528,宝石蓝三棱柱,170041,23529,[12],[4],[21592],,,,,,4,1,0,3,3,0,797,0,11323,2,,11532,1,,,,,,,,,,,,,,,,,,,,,,,,,0.1,,
23529,宝石蓝棱锥,176041,23530,[16],[4],[21596],,,,,,4,1,0,3,3,0,797,0,11323,1,,11532,1,,,,,,,,,,,,,,,,,,,,,,,,,0.1,,
23530,花青紫木板,160031,23531,[5],[4],[21544],,,,,,4,1,0,3,3,0,797,0,11323,4,,11538,1,,,,,,,,,,,,,,,,,,,,,,,,,0.1,,
23531,花青紫薄板,161018,23532,[30],[4],[128],,,,,,4,1,0,3,3,0,797,0,11323,2,,11538,1,,,,,,,,,,,,,,,,,,,,,,,,,0.1,,
23532,花青紫竖薄板,162019,23533,[9],[4],[21587],,,,,,4,1,0,3,3,0,797,0,11323,2,,11538,1,,,,,,,,,,,,,,,,,,,,,,,,,0.1,,
23533,花青紫楼梯,169018,23534,[8],[4],[21586],,,,,,4,1,0,3,3,0,797,0,11323,2,,11538,1,,,,,,,,,,,,,,,,,,,,,,,,,0.1,,
23534,花青紫斜板,163020,23535,[7],[4],[21588],,,,,,4,1,0,3,3,0,797,0,11323,2,,11538,1,,,,,,,,,,,,,,,,,,,,,,,,,0.1,,
23535,花青紫薄斜板,165019,23536,[10],[4],[21589],,,,,,4,1,0,3,3,0,797,0,11323,1,,11538,1,,,,,,,,,,,,,,,,,,,,,,,,,0.1,,
23536,花青紫竖薄斜板,167019,23537,[30],[4],[21590],,,,,,4,1,0,3,3,0,797,0,11323,1,,11538,1,,,,,,,,,,,,,,,,,,,,,,,,,0.1,,
23537,花青紫弧板,171042,23538,[1],[4],[21593],,,,,,4,1,0,3,3,0,797,0,11323,2,,11538,1,,,,,,,,,,,,,,,,,,,,,,,,,0.1,,
23538,花青紫薄弧板,172042,23539,[14],[4],[21594],,,,,,4,1,0,3,3,0,797,0,11323,1,,11538,1,,,,,,,,,,,,,,,,,,,,,,,,,0.1,,
23539,花青紫竖薄弧板,174042,23540,[15],[4],[21595],,,,,,4,1,0,3,3,0,797,0,11323,1,,11538,1,,,,,,,,,,,,,,,,,,,,,,,,,0.1,,
23540,花青紫三棱柱,170042,23541,[12],[4],[21592],,,,,,4,1,0,3,3,0,797,0,11323,2,,11538,1,,,,,,,,,,,,,,,,,,,,,,,,,0.1,,
23541,花青紫棱锥,176042,23542,[16],[4],[21596],,,,,,4,1,0,3,3,0,797,0,11323,1,,11538,1,,,,,,,,,,,,,,,,,,,,,,,,,0.1,,
23542,浅色水蘑石块,160032,23543,[5],[4],[21544],,,,,,4,1,0,3,3,0,797,0,43,4,,11117,1,,,,,,,,,,,,,,,,,,,,,,,,,0.1,,
23543,浅色水蘑石薄板,161019,23544,[30],[4],[128],,,,,,4,1,0,3,3,0,797,0,43,2,,11117,1,,,,,,,,,,,,,,,,,,,,,,,,,0.1,,
23544,浅色水蘑石竖薄板,162020,23545,[9],[4],[21587],,,,,,4,1,0,3,3,0,797,0,43,2,,11117,1,,,,,,,,,,,,,,,,,,,,,,,,,0.1,,
23545,浅色水蘑石楼梯,169019,23546,[8],[4],[21586],,,,,,4,1,0,3,3,0,797,0,43,2,,11117,1,,,,,,,,,,,,,,,,,,,,,,,,,0.1,,
23546,浅色水蘑石斜板,163021,23547,[7],[4],[21588],,,,,,4,1,0,3,3,0,797,0,43,2,,11117,1,,,,,,,,,,,,,,,,,,,,,,,,,0.1,,
23547,浅色水蘑石薄斜板,165020,23548,[10],[4],[21589],,,,,,4,1,0,3,3,0,797,0,43,1,,11117,1,,,,,,,,,,,,,,,,,,,,,,,,,0.1,,
23548,浅色水蘑石竖薄斜板,167020,23549,[30],[4],[21590],,,,,,4,1,0,3,3,0,797,0,43,1,,11117,1,,,,,,,,,,,,,,,,,,,,,,,,,0.1,,
23549,浅色水蘑石弧板,171043,23550,[1],[4],[21593],,,,,,4,1,0,3,3,0,797,0,43,2,,11117,1,,,,,,,,,,,,,,,,,,,,,,,,,0.1,,
23550,浅色水蘑石薄弧板,172043,23551,[14],[4],[21594],,,,,,4,1,0,3,3,0,797,0,43,1,,11117,1,,,,,,,,,,,,,,,,,,,,,,,,,0.1,,
23551,浅色水蘑石竖薄弧板,174043,23552,[15],[4],[21595],,,,,,4,1,0,3,3,0,797,0,43,1,,11117,1,,,,,,,,,,,,,,,,,,,,,,,,,0.1,,
23552,浅色水蘑石三棱柱,170043,23553,[12],[4],[21592],,,,,,4,1,0,3,3,0,797,0,43,2,,11117,1,,,,,,,,,,,,,,,,,,,,,,,,,0.1,,
23553,浅色水蘑石棱锥,176043,23554,[16],[4],[21596],,,,,,4,1,0,3,3,0,797,0,43,1,,11117,1,,,,,,,,,,,,,,,,,,,,,,,,,0.1,,
23554,天青蓝水蘑石块,160033,23555,[5],[4],[21544],,,,,,4,1,0,3,3,0,797,0,43,4,,11117,1,,11503,1,,,,,,,,,,,,,,,,,,,,,,0.1,,
23555,天青蓝水蘑石薄板,161020,23556,[30],[4],[128],,,,,,4,1,0,3,3,0,797,0,43,2,,11117,1,,11503,1,,,,,,,,,,,,,,,,,,,,,,0.1,,
23556,天青蓝水蘑石竖薄板,162021,23557,[9],[4],[21587],,,,,,4,1,0,3,3,0,797,0,43,2,,11117,1,,11503,1,,,,,,,,,,,,,,,,,,,,,,0.1,,
23557,天青蓝水蘑石楼梯,169020,23558,[8],[4],[21586],,,,,,4,1,0,3,3,0,797,0,43,2,,11117,1,,11503,1,,,,,,,,,,,,,,,,,,,,,,0.1,,
23558,天青蓝水蘑石斜板,163022,23559,[7],[4],[21588],,,,,,4,1,0,3,3,0,797,0,43,2,,11117,1,,11503,1,,,,,,,,,,,,,,,,,,,,,,0.1,,
23559,天青蓝水蘑石薄斜板,165021,23560,[10],[4],[21589],,,,,,4,1,0,3,3,0,797,0,43,1,,11117,1,,11503,1,,,,,,,,,,,,,,,,,,,,,,0.1,,
23560,天青蓝水蘑石竖薄斜板,167021,23561,[30],[4],[21590],,,,,,4,1,0,3,3,0,797,0,43,1,,11117,1,,11503,1,,,,,,,,,,,,,,,,,,,,,,0.1,,
23561,天青蓝水蘑石弧板,171044,23562,[1],[4],[21593],,,,,,4,1,0,3,3,0,797,0,43,2,,11117,1,,11503,1,,,,,,,,,,,,,,,,,,,,,,0.1,,
23562,天青蓝水蘑石薄弧板,172044,23563,[14],[4],[21594],,,,,,4,1,0,3,3,0,797,0,43,1,,11117,1,,11503,1,,,,,,,,,,,,,,,,,,,,,,0.1,,
23563,天青蓝水蘑石竖薄弧板,174044,23564,[15],[4],[21595],,,,,,4,1,0,3,3,0,797,0,43,1,,11117,1,,11503,1,,,,,,,,,,,,,,,,,,,,,,0.1,,
23564,天青蓝水蘑石三棱柱,170044,23565,[12],[4],[21592],,,,,,4,1,0,3,3,0,797,0,43,2,,11117,1,,11503,1,,,,,,,,,,,,,,,,,,,,,,0.1,,
23565,天青蓝水蘑石棱锥,176044,23566,[16],[4],[21596],,,,,,4,1,0,3,3,0,797,0,43,1,,11117,1,,11503,1,,,,,,,,,,,,,,,,,,,,,,0.1,,
23566,橙色屋顶块,160047,23567,[5],[4],[21544],,,,,,4,1,0,3,3,0,797,0,11323,4,,11541,1,,,,,,,,,,,,,,,,,,,,,,,,,0.1,,
23567,紫色屋顶块,160048,23568,[5],[4],[21544],,,,,,4,1,0,3,3,0,797,0,11323,4,,11510,1,,,,,,,,,,,,,,,,,,,,,,,,,0.1,,
23568,蘑古石柱头,201701,23569,[1],[4],[21582],,,,,,1,1,0,3,3,0,797,0,160026,1,,,,,,,,,,,,,,,,,,,,,,,,,,,,0.1,,
23569,蘑古石柱身,201702,23570,[1],[4],[21582],,,,,,1,1,0,3,3,0,797,0,160026,1,,,,,,,,,,,,,,,,,,,,,,,,,,,,0.1,,
23570,蘑古石柱基座,201703,23571,[1],[4],[21582],,,,,,1,1,0,3,3,0,797,0,160026,1,,,,,,,,,,,,,,,,,,,,,,,,,,,,0.1,,
23571,暗影铁栏,200250,23572,[6],[4],[21534],,,,,,1,1,0,3,3,0,797,0,11209,1,,,,,,,,,,,,,,,,,,,,,,,,,,,,0.1,,
23572,暗影铁栏门,201766,23573,[6],[4],[21534],,,,,,1,1,0,3,3,0,797,0,11209,1,,,,,,,,,,,,,,,,,,,,,,,,,,,,0.1,,
23573,暗影荧菇灯,201705,23574,[7],[4],[21522],,,,,,1,1,0,3,3,0,797,0,11209,1,,200254,1,,,,,,,,,,,,,,,,,,,,,,,,,0.1,,
23574,蘑菇门,201747,23575,[7],[4],[21533],,,,,,1,1,0,3,3,0,797,0,11323,6,,200254,2,,,,,,,,,,,,,,,,,,,,,,,,,0.1,,
23575,蘑菇窗,201748,23576,[3],[4],[21579],,,,,,1,1,0,3,3,0,797,0,11323,2,,200254,2,,,,,,,,,,,,,,,,,,,,,,,,,0.1,,
23576,蘑菇圆桌,201749,23577,[5],[4],[21579],,,,,,1,1,0,3,3,0,797,0,11323,3,,200254,1,,,,,,,,,,,,,,,,,,,,,,,,,0.1,,
23577,蘑菇矮凳,201750,23578,[5],[4],[21579],,,,,,1,1,0,3,3,0,797,0,11323,3,,200254,1,,,,,,,,,,,,,,,,,,,,,,,,,0.1,,
23578,蘑菇箱,201751,23579,[7],[4],[21584],,,,,,1,1,0,3,3,0,797,0,11323,4,,200254,1,,,,,,,,,,,,,,,,,,,,,,,,,0.1,,
23579,蘑菇灯,201752,23580,[7],[4],[21522],,,,,,1,1,0,3,3,0,797,0,11323,2,,200254,2,,,,,,,,,,,,,,,,,,,,,,,,,0.1,,
23580,蘑菇杂物柜,201753,23581,[7],[4],[21584],,,,,,1,1,0,3,3,0,797,0,11323,6,,200254,2,,,,,,,,,,,,,,,,,,,,,,,,,0.1,,
23581,星辉门,201736,23582,[7],[4],[21533],,,,,,1,1,0,3,3,0,797,0,11323,6,,201912,2,,,,,,,,,,,,,,,,,,,,,,,,,0.1,,
23582,星辉窗,201737,23583,[3],[4],[21579],,,,,,1,1,0,3,3,0,797,0,11323,6,,201912,2,,,,,,,,,,,,,,,,,,,,,,,,,0.1,,
23583,星辉圆桌,201738,23584,[5],[4],[21579],,,,,,1,1,0,3,3,0,797,0,11323,3,,201912,1,,,,,,,,,,,,,,,,,,,,,,,,,0.1,,
23584,星辉椅,201739,23585,[5],[4],[21579],,,,,,1,1,0,3,3,0,797,0,11323,3,,201912,1,,,,,,,,,,,,,,,,,,,,,,,,,0.1,,
23585,星辉衣柜,201740,23586,[7],[4],[21584],,,,,,1,1,0,3,3,0,797,0,11323,8,,201912,2,,,,,,,,,,,,,,,,,,,,,,,,,0.1,,
23586,星辉储物箱,201741,23587,[7],[4],[21584],,,,,,1,1,0,3,3,0,797,0,11323,4,,201912,2,,,,,,,,,,,,,,,,,,,,,,,,,0.1,,
23587,星辉床,201742,23588,[5],[4],[21532],,,,,,1,1,0,3,3,0,797,0,11323,3,,235,3,,201912,1,,,,,,,,,,,,,,,,,,,,,,0.1,,
23588,星辉火盆灯,201743,23589,[7],[4],[21522],,,,,,1,1,0,3,3,0,797,0,200232,4,,11323,2,,11201,1,,,,,,,,,,,,,,,,,,,,,,0.1,,
23589,星辉窗帘,201735,23590,[3],[4],[21579],,,,,,1,1,0,3,3,0,797,0,11323,2,,201912,1,,,,,,,,,,,,,,,,,,,,,,,,,0.1,,
23590,星辉书柜,201744,23591,[7],[4],[21584],,,,,,1,1,0,3,3,0,797,0,11323,8,,201912,2,,,,,,,,,,,,,,,,,,,,,,,,,0.1,,
23591,星辉地毯,201745,23592,[3],[4],[21582],,,,,,1,1,0,3,3,0,797,0,235,3,,201912,1,,,,,,,,,,,,,,,,,,,,,,,,,0.1,,
23593,菇伞块,201706,23594,[3],[4],[21565],,,,,,2,1,0,3,3,0,797,0,201904,1,,11516,1,,,,,,,,,,,,,,,,,,,,,,,,,0.1,,
23594,菇伞块,201706,23595,[3],[4],[21565],,,,,,2,1,0,3,3,0,797,0,201905,1,,11516,1,,,,,,,,,,,,,,,,,,,,,,,,,0.1,,
23595,蘑菇村图腾,201019,23596,[3],[2],[21575],,,,,,1,1,0,3,3,0,797,0,11911,1,,12014,2,,200254,4,,,,,,,,,,,,,,,,,,,,,,0.1,,
23596,四叶村图腾,201020,23597,[3],[2],[21575],,,,,,1,1,0,3,3,0,797,0,11911,1,,12014,2,,201915,4,,,,,,,,,,,,,,,,,,,,,,0.1,,
23597,荧菇菌种,11703,1441,[10],[2],[21573],[4],,,,,1,4,,3,3,0,797,0,200254,1,,,,,,,,,,,,,,,,,,,,,,,,,,,,0.1,,
23598,巨大荧菇菌种,11704,1442,[10],[2],[21573],[4],,,,,1,4,,3,3,0,797,0,201904,1,,,,,,,,,,,,,,,,,,,,,,,,,,,,0.1,,
23599,巨大荧菇菌种,11704,1443,[10],[2],[21573],[4],,,,,1,4,,3,3,0,797,0,201905,1,,,,,,,,,,,,,,,,,,,,,,,,,,,,0.1,,
23600,星辉花种子,11707,1444,[10],[2],[21573],[4],,,,,1,4,,3,3,0,797,0,201912,1,,,,,,,,,,,,,,,,,,,,,,,,,,,,0.1,,
23601,星辉三叶草种子,11708,1445,[10],[2],[21573],[4],,,,,1,4,,3,3,0,797,0,201914,1,,,,,,,,,,,,,,,,,,,,,,,,,,,,0.1,,
23602,星辉三叶草种子,11708,1446,[10],[2],[21573],[4],,,,,4,4,,3,3,0,797,0,201915,1,,,,,,,,,,,,,,,,,,,,,,,,,,,,0.1,,
23603,星芒麦种子,11710,1447,[10],[2],[21573],[4],,,,,1,4,,3,3,0,797,0,11718,1,,,,,,,,,,,,,,,,,,,,,,,,,,,,0.1,,
23604,小星影树种子,11705,1448,[10],[2],[21573],[4],,,,,1,4,,3,3,0,797,0,11711,1,,,,,,,,,,,,,,,,,,,,,,,,,,,,0.1,,
23605,星影树种子,11706,1449,[10],[2],[21573],[4],,,,,1,4,,3,3,0,797,0,11712,1,,,,,,,,,,,,,,,,,,,,,,,,,,,,0.1,,
23606,白化小星影树种子,11714,1450,[10],[2],[21573],[4],,,,,1,4,,3,3,0,797,0,11713,1,,,,,,,,,,,,,,,,,,,,,,,,,,,,0.1,,
23607,蘑菇落地灯,201769,23608,[7],[4],[21522],,,,,,1,1,0,3,3,0,797,0,11323,2,,200254,2,,,,,,,,,,,,,,,,,,,,,,,,,0.1,,
23608,粉紫色发光菇块,201767,23609,[7],[4],[21522],,,,,,1,1,0,3,3,0,797,0,201901,1,,11717,1,,,,,,,,,,,,,,,,,,,,,,,,,0.1,,
23609,淡黄色发光菇块,201768,23610,[7],[4],[21522],,,,,,1,1,0,3,3,0,797,0,201901,1,,201912,1,,,,,,,,,,,,,,,,,,,,,,,,,0.1,,
23610,蘑菇小圆桌,201770,23611,[5],[4],[21579],,,,,,1,1,0,3,3,0,797,0,11323,3,,151032,1,,,,,,,,,,,,,,,,,,,,,,,,,0.1,,
23611,星露莓果汁,550120,23612,[6],[1],[21519],[1],,StarDewBerryJuice,,StarDewBerryJuice,1,1,,3,3,1,797,300,550101,3,,11117,1,,12732,1,,,,,,,,,,,,,,,,,,,,,,0.2,,
23612,荧藻冻,200262,23613,[3],[1],[21519],[1],,GlowingAlgaeJelly,,GlowingAlgaeJelly,1,1,,3,3,0,797,300,201926,1,,11117,1,,,,,,,,,,,,,,,,,,,,,,,,,0.2,,
23613,星辉药剂,550121,23614,[3],[1],[21519],[1],,StarlightPotion,,StarlightPotion,1,1,,3,3,0,797,0,15080,1,,11712,1,,11117,1,,,,,,,,,,,,,,,,,,,,,,0.2,,
23614,星光面包,200260,23615,[1],"[7,8]",,[1],,,,,1,0,,3,3,0,201011,100,11718,1,,11117,1,,550101,1,,,,,,,,,,,,,,,,,,,,,,,,
23615,星辉花饼,200261,23616,[1],"[7,8]",,[1],,,,,1,0,,3,3,0,201011,100,11718,1,,11117,1,,201912,1,,11711,1,,,,,,,,,,,,,,,,,,,,,
23618,炸蘑菇,200258,23618,[1],"[7,8]",,[1],,,,,1,0,,3,3,0,794,100,200254,1,,,,,,,,,,,,,,,,,,,,,,,,,,,,0.1,,
23619,炸蘑菇,200258,23619,[1],"[7,8]",,,,,,,2,0,,3,3,0,794,100,200254,1,,200254,1,,,,,,,,,,,,,,,,,,,,,,,,,0.1,,
23620,炸蘑菇,200258,23620,[1],"[7,8]",,,,,,,3,0,,3,3,0,794,100,200254,1,,200254,1,,200254,1,,,,,,,,,,,,,,,,,,,,,,0.1,,
23621,炸蘑菇,200258,23621,[1],"[7,8]",,,,,,,4,0,,3,3,0,794,100,200254,1,,200254,1,,200254,1,,200254,1,,,,,,,,,,,,,,,,,,,0.1,,
23622,炸蘑菇,200258,23622,[1],"[7,8]",,,,,,,1,0,,3,3,0,794,100,200253,1,,,,,,,,,,,,,,,,,,,,,,,,,,,,0.1,,
23623,炸蘑菇,200258,23623,[1],"[7,8]",,,,,,,2,0,,3,3,0,794,100,200253,1,,200253,1,,,,,,,,,,,,,,,,,,,,,,,,,0.1,,
23624,炸蘑菇,200258,23624,[1],"[7,8]",,,,,,,3,0,,3,3,0,794,100,200253,1,,200253,1,,200253,1,,,,,,,,,,,,,,,,,,,,,,0.1,,
23625,炸蘑菇,200258,23625,[1],"[7,8]",,,,,,,4,0,,3,3,0,794,100,200253,1,,200253,1,,200253,1,,200253,1,,,,,,,,,,,,,,,,,,,0.1,,
23626,炸蘑菇,200258,23626,[1],"[7,8]",,,,,,,2,0,,3,3,0,794,100,200253,1,,200254,1,,,,,,,,,,,,,,,,,,,,,,,,,0.1,,
23627,炸蘑菇,200258,23627,[1],"[7,8]",,,,,,,3,0,,3,3,0,794,100,200253,1,,200253,1,,200254,1,,,,,,,,,,,,,,,,,,,,,,0.1,,
23628,炸蘑菇,200258,23628,[1],"[7,8]",,,,,,,3,0,,3,3,0,794,100,200253,1,,200254,1,,200254,1,,,,,,,,,,,,,,,,,,,,,,,,
23629,炸蘑菇,200258,23629,[1],"[7,8]",,,,,,,4,0,,3,3,0,794,100,200253,1,,200253,1,,200254,1,,200254,1,,,,,,,,,,,,,,,,,,,,,
23630,炸蘑菇,200258,23630,[1],"[7,8]",,,,,,,4,0,,3,3,0,794,100,200253,1,,200253,1,,200253,1,,200254,1,,,,,,,,,,,,,,,,,,,,,
23631,炸蘑菇,200258,23631,[1],"[7,8]",,,,,,,4,0,,3,3,0,794,100,200253,1,,200254,1,,200254,1,,200254,1,,,,,,,,,,,,,,,,,,,,,
23632,荧菇炖汤,200259,23632,[1],"[7,8]",,[1],,,,,2,0,,3,3,0,794,100,200254,1,,12513,1,,,,,,,,,,,,,,,,,,,,,,,,,,,
23633,荧菇炖汤,200259,23633,[1],"[7,8]",,,,,,,3,0,,3,3,0,794,100,200254,1,,12513,1,,12513,1,,,,,,,,,,,,,,,,,,,,,,,,
23634,荧菇炖汤,200259,23634,[1],"[7,8]",,,,,,,4,0,,3,3,0,794,100,200254,1,,12513,1,,12513,1,,12513,1,,,,,,,,,,,,,,,,,,,,,
23635,荧菇炖汤,200259,23635,[1],"[7,8]",,,,,,,2,0,,3,3,0,794,100,200254,1,,200254,1,,12513,1,,,,,,,,,,,,,,,,,,,,,,,,
23636,荧菇炖汤,200259,23636,[1],"[7,8]",,,,,,,3,0,,3,3,0,794,100,200254,1,,200254,1,,12513,1,,12513,1,,,,,,,,,,,,,,,,,,,,,
23637,荧菇炖汤,200259,23637,[1],"[7,8]",,,,,,,4,0,,3,3,0,794,100,200254,1,,200254,1,,200254,1,,12513,1,,,,,,,,,,,,,,,,,,,,,
23638,星辉小榻,201771,23639,[5],[4],[21532],,,,,,1,1,0,3,3,0,797,0,11323,2,,235,1,,201912,1,,,,,,,,,,,,,,,,,,,,,,0.1,,
23639,宝石蓝颜料瓶,11532,23639,[3],[2],[21525],[4],,GemBlueDye_Stargrass,,GemBlueDye_Stargrass,1,1,,3,3,0,797,0,11712,1,,11320,1,,,,,,,,,,,,,,,,,,,,,,,,,0.1,,
23640,花青紫颜料瓶,11538,23640,[3],[2],[21525],[4],,BluePurpleDye_Dewberry,,BluePurpleDye_Dewberry,1,1,,3,3,0,797,0,550101,1,,11320,1,,,,,,,,,,,,,,,,,,,,,,,,,0.1,,
23641,天青蓝颜料瓶,11503,23641,[3],[2],[21525],[4],,LightBlueDye_Rice,,LightBlueDye_Rice,1,1,,3,3,0,797,0,388,1,,11320,1,,,,,,,,,,,,,,,,,,,,,,,,,0.1,,
23642,肉桂橙颜料瓶,11541,23642,[3],[2],[21525],[4],,LightOrangeDye_Wheat,,LightOrangeDye_Wheat,1,1,,3,3,0,797,0,11718,1,,11320,1,,,,,,,,,,,,,,,,,,,,,,,,,0.1,,
23643,青莲紫颜料瓶,11510,23643,[3],[2],[21525],[4],,PurpleDye_Shroom,,PurpleDye_Shroom,1,1,,3,3,0,797,0,201923,1,,11320,1,,,,,,,,,,,,,,,,,,,,,,,,,0.1,,
23644,粗制蘑古砖,200234,23645,[5],[4],[21544],,,,,,1,1,0,3,3,0,797,0,200232,1,,,,,,,,,,,,,,,,,,,,,,,,,,,,0.1,,
23645,完整蘑古砖,160028,23646,[5],[4],[21544],,,,,,1,1,0,3,3,0,797,0,200232,1,,,,,,,,,,,,,,,,,,,,,,,,,,,,0.1,,
23646,巨大荧菇柄,201901,23647,[5],[4],[21544],,,,,,1,1,0,3,3,0,797,0,151506,4,,,,,,,,,,,,,,,,,,,,,,,,,,,,0.1,,
23647,星尘传送门,200249,23648,[4],"[0,4]","[21585,21544]",[6],,StarDustPortal,,StarDustPortal,1,1,,3,3,0,797,0,11516,5,,11911,1,,,,,,,,,,,,,,,,,,,,,,,,,0.1,1,
23648,横格釉面砖楼梯,169024,23649,[8],[4],[21586],,,,,,1,1,0,3,3,0,797,0,12756,1,,,,,,,,,,,,,,,,,,,,,,,,,,,,0.1,,
23649,横格釉面砖薄板,161024,23650,[30],[4],[128],,,,,,2,1,0,3,3,0,797,0,12756,1,,,,,,,,,,,,,,,,,,,,,,,,,,,,0.1,,
23650,横格釉面砖斜板,163028,23651,[7],[4],[21588],,,,,,1,1,0,3,3,0,797,0,12756,1,,,,,,,,,,,,,,,,,,,,,,,,,,,,0.1,,
23651,横格釉面砖薄斜板,165027,23652,[10],[4],[21589],,,,,,2,1,0,3,3,0,797,0,12756,1,,,,,,,,,,,,,,,,,,,,,,,,,,,,0.1,,
23652,横格釉面砖竖薄斜板,167027,23653,[30],[4],[21590],,,,,,2,1,0,3,3,0,797,0,12756,1,,,,,,,,,,,,,,,,,,,,,,,,,,,,0.1,,
23653,横格釉面砖弧板,171050,23654,[1],[4],[21593],,,,,,1,1,0,3,3,0,797,0,12756,1,,,,,,,,,,,,,,,,,,,,,,,,,,,,0.1,,
23654,横格釉面砖薄弧板,172050,23655,[14],[4],[21594],,,,,,2,1,0,3,3,0,797,0,12756,1,,,,,,,,,,,,,,,,,,,,,,,,,,,,0.1,,
23655,横格釉面砖竖薄弧板,174050,23656,[15],[4],[21595],,,,,,2,1,0,3,3,0,797,0,12756,1,,,,,,,,,,,,,,,,,,,,,,,,,,,,0.1,,
23656,横格釉面砖棱锥,176050,23657,[16],[4],[21596],,,,,,2,1,0,3,3,0,797,0,12756,1,,,,,,,,,,,,,,,,,,,,,,,,,,,,0.1,,
23657,横格釉面砖三棱柱,170050,23658,[12],[4],[21592],,,,,,1,1,0,3,3,0,797,0,12756,1,,,,,,,,,,,,,,,,,,,,,,,,,,,,0.1,,
23658,多竖格釉面砖,160049,23659,[5],[4],[21544],,,,,,1,1,0,3,3,0,797,0,12756,2,,,,,,,,,,,,,,,,,,,,,,,,,,,,0.1,,
23659,多竖格釉面砖竖薄板,162025,23660,[9],[4],[21587],,,,,,2,1,0,3,3,0,797,0,12756,1,,,,,,,,,,,,,,,,,,,,,,,,,,,,0.1,,
23660,斜向绿白格釉面砖,160050,23661,[5],[4],[21544],,,,,,1,1,0,3,3,0,797,0,12756,2,,11547,1,,,,,,,,,,,,,,,,,,,,,,,,,0.1,,
23661,完整釉面砖,160051,23662,[5],[4],[21544],,,,,,1,1,0,3,3,0,797,0,12756,2,,,,,,,,,,,,,,,,,,,,,,,,,,,,0.1,,
23662,完整釉面砖斜板,163029,23663,[7],[4],[21588],,,,,,1,1,0,3,3,0,797,0,12756,1,,,,,,,,,,,,,,,,,,,,,,,,,,,,0.1,,
23663,完整釉面砖薄斜板,165028,23664,[10],[4],[21589],,,,,,2,1,0,3,3,0,797,0,12756,1,,,,,,,,,,,,,,,,,,,,,,,,,,,,0.1,,
23664,完整釉面砖竖薄斜板,167028,23665,[30],[4],[21590],,,,,,2,1,0,3,3,0,797,0,12756,1,,,,,,,,,,,,,,,,,,,,,,,,,,,,0.1,,
23665,完整釉面砖弧板,171051,23666,[1],[4],[21593],,,,,,1,1,0,3,3,0,797,0,12756,1,,,,,,,,,,,,,,,,,,,,,,,,,,,,0.1,,
23666,完整釉面砖薄弧板,172051,23667,[14],[4],[21594],,,,,,2,1,0,3,3,0,797,0,12756,1,,,,,,,,,,,,,,,,,,,,,,,,,,,,0.1,,
23667,完整釉面砖竖薄弧板,174051,23668,[15],[4],[21595],,,,,,2,1,0,3,3,0,797,0,12756,1,,,,,,,,,,,,,,,,,,,,,,,,,,,,0.1,,
23668,完整釉面砖棱锥,176051,23669,[16],[4],[21596],,,,,,2,1,0,3,3,0,797,0,12756,1,,,,,,,,,,,,,,,,,,,,,,,,,,,,0.1,,
23669,完整釉面砖三棱柱,170051,23670,[12],[4],[21592],,,,,,1,1,0,3,3,0,797,0,12756,1,,,,,,,,,,,,,,,,,,,,,,,,,,,,0.1,,
23670,绿白马赛克釉面砖,160052,23671,[5],[4],[21544],,,,,,1,1,0,3,3,0,797,0,12756,2,,11547,1,,,,,,,,,,,,,,,,,,,,,,,,,0.1,,
23671,绿白马赛克釉面砖楼梯,169025,23672,[8],[4],[21586],,,,,,1,1,0,3,3,0,797,0,12756,1,,11547,1,,,,,,,,,,,,,,,,,,,,,,,,,0.1,,
23672,绿白马赛克釉面砖薄板,161025,23673,[30],[4],[128],,,,,,2,1,0,3,3,0,797,0,12756,1,,11547,1,,,,,,,,,,,,,,,,,,,,,,,,,0.1,,
23673,绿白马赛克釉面砖竖薄板,162026,23674,[9],[4],[21587],,,,,,2,1,0,3,3,0,797,0,12756,1,,11547,1,,,,,,,,,,,,,,,,,,,,,,,,,0.1,,
23674,绿白马赛克釉面砖斜板,163030,23675,[7],[4],[21588],,,,,,1,1,0,3,3,0,797,0,12756,1,,11547,1,,,,,,,,,,,,,,,,,,,,,,,,,0.1,,
23675,绿白马赛克釉面砖薄斜板,165029,23676,[10],[4],[21589],,,,,,2,1,0,3,3,0,797,0,12756,1,,11547,1,,,,,,,,,,,,,,,,,,,,,,,,,0.1,,
23676,绿白马赛克釉面砖竖薄斜板,167029,23677,[30],[4],[21590],,,,,,2,1,0,3,3,0,797,0,12756,1,,11547,1,,,,,,,,,,,,,,,,,,,,,,,,,0.1,,
23677,绿白马赛克釉面砖弧板,171052,23678,[1],[4],[21593],,,,,,1,1,0,3,3,0,797,0,12756,1,,11547,1,,,,,,,,,,,,,,,,,,,,,,,,,0.1,,
23678,绿白马赛克釉面砖薄弧板,172052,23679,[14],[4],[21594],,,,,,2,1,0,3,3,0,797,0,12756,1,,11547,1,,,,,,,,,,,,,,,,,,,,,,,,,0.1,,
23679,绿白马赛克釉面砖竖薄弧板,174052,23680,[15],[4],[21595],,,,,,2,1,0,3,3,0,797,0,12756,1,,11547,1,,,,,,,,,,,,,,,,,,,,,,,,,0.1,,
23680,绿白马赛克釉面砖棱锥,176052,23681,[16],[4],[21596],,,,,,2,1,0,3,3,0,797,0,12756,1,,11547,1,,,,,,,,,,,,,,,,,,,,,,,,,0.1,,
23681,绿白马赛克釉面砖三棱柱,170052,23682,[12],[4],[21592],,,,,,1,1,0,3,3,0,797,0,12756,1,,11547,1,,,,,,,,,,,,,,,,,,,,,,,,,0.1,,
23682,灰绿马赛克釉面砖,160053,23683,[5],[4],[21544],,,,,,1,1,0,3,3,0,797,0,12756,2,,11547,1,,11505,1,,,,,,,,,,,,,,,,,,,,,,0.1,,
23683,灰绿马赛克釉面砖楼梯,169026,23684,[8],[4],[21586],,,,,,1,1,0,3,3,0,797,0,12756,1,,11547,1,,11505,1,,,,,,,,,,,,,,,,,,,,,,0.1,,
23684,灰绿马赛克釉面砖薄板,161026,23685,[30],[4],[128],,,,,,2,1,0,3,3,0,797,0,12756,1,,11547,1,,11505,1,,,,,,,,,,,,,,,,,,,,,,0.1,,
23685,灰绿马赛克釉面砖竖薄板,162027,23686,[9],[4],[21587],,,,,,2,1,0,3,3,0,797,0,12756,1,,11547,1,,11505,1,,,,,,,,,,,,,,,,,,,,,,0.1,,
23686,灰绿马赛克釉面砖斜板,163031,23687,[7],[4],[21588],,,,,,1,1,0,3,3,0,797,0,12756,1,,11547,1,,11505,1,,,,,,,,,,,,,,,,,,,,,,0.1,,
23687,灰绿马赛克釉面砖薄斜板,165030,23688,[10],[4],[21589],,,,,,2,1,0,3,3,0,797,0,12756,1,,11547,1,,11505,1,,,,,,,,,,,,,,,,,,,,,,0.1,,
23688,灰绿马赛克釉面砖竖薄斜板,167030,23689,[30],[4],[21590],,,,,,2,1,0,3,3,0,797,0,12756,1,,11547,1,,11505,1,,,,,,,,,,,,,,,,,,,,,,0.1,,
23689,灰绿马赛克釉面砖弧板,171053,23690,[1],[4],[21593],,,,,,1,1,0,3,3,0,797,0,12756,1,,11547,1,,11505,1,,,,,,,,,,,,,,,,,,,,,,0.1,,
23690,灰绿马赛克釉面砖薄弧板,172053,23691,[14],[4],[21594],,,,,,2,1,0,3,3,0,797,0,12756,1,,11547,1,,11505,1,,,,,,,,,,,,,,,,,,,,,,0.1,,
23691,灰绿马赛克釉面砖竖薄弧板,174053,23692,[15],[4],[21595],,,,,,2,1,0,3,3,0,797,0,12756,1,,11547,1,,11505,1,,,,,,,,,,,,,,,,,,,,,,0.1,,
23692,灰绿马赛克釉面砖棱锥,176053,23693,[16],[4],[21596],,,,,,2,1,0,3,3,0,797,0,12756,1,,11547,1,,11505,1,,,,,,,,,,,,,,,,,,,,,,0.1,,
23693,灰绿马赛克釉面砖三棱柱,170053,23694,[12],[4],[21592],,,,,,1,1,0,3,3,0,797,0,12756,1,,11508,1,,11503,1,,,,,,,,,,,,,,,,,,,,,,0.1,,
23694,灰蓝马赛克釉面砖,160054,23695,[5],[4],[21544],,,,,,1,1,0,3,3,0,797,0,12756,2,,11508,1,,11503,1,,,,,,,,,,,,,,,,,,,,,,0.1,,
23695,灰蓝马赛克釉面砖楼梯,169027,23696,[8],[4],[21586],,,,,,1,1,0,3,3,0,797,0,12756,1,,11508,1,,11503,1,,,,,,,,,,,,,,,,,,,,,,0.1,,
23696,灰蓝马赛克釉面砖薄板,161027,23697,[30],[4],[128],,,,,,2,1,0,3,3,0,797,0,12756,1,,11508,1,,11503,1,,,,,,,,,,,,,,,,,,,,,,0.1,,
23697,灰蓝马赛克釉面砖竖薄板,162028,23698,[9],[4],[21587],,,,,,2,1,0,3,3,0,797,0,12756,1,,11508,1,,11503,1,,,,,,,,,,,,,,,,,,,,,,0.1,,
23698,灰蓝马赛克釉面砖斜板,163032,23699,[7],[4],[21588],,,,,,1,1,0,3,3,0,797,0,12756,1,,11508,1,,11503,1,,,,,,,,,,,,,,,,,,,,,,0.1,,
23699,灰蓝马赛克釉面砖薄斜板,165031,23700,[10],[4],[21589],,,,,,2,1,0,3,3,0,797,0,12756,1,,11508,1,,11503,1,,,,,,,,,,,,,,,,,,,,,,0.1,,
23700,灰蓝马赛克釉面砖竖薄斜板,167031,23701,[30],[4],[21590],,,,,,2,1,0,3,3,0,797,0,12756,1,,11508,1,,11503,1,,,,,,,,,,,,,,,,,,,,,,0.1,,
23701,灰蓝马赛克釉面砖弧板,171054,23702,[1],[4],[21593],,,,,,1,1,0,3,3,0,797,0,12756,1,,11508,1,,11503,1,,,,,,,,,,,,,,,,,,,,,,0.1,,
23702,灰蓝马赛克釉面砖薄弧板,172054,23703,[14],[4],[21594],,,,,,2,1,0,3,3,0,797,0,12756,1,,11508,1,,11503,1,,,,,,,,,,,,,,,,,,,,,,0.1,,
23703,灰蓝马赛克釉面砖竖薄弧板,174054,23704,[15],[4],[21595],,,,,,2,1,0,3,3,0,797,0,12756,1,,11508,1,,11503,1,,,,,,,,,,,,,,,,,,,,,,0.1,,
23704,灰蓝马赛克釉面砖棱锥,176054,23705,[16],[4],[21596],,,,,,2,1,0,3,3,0,797,0,12756,1,,11508,1,,11503,1,,,,,,,,,,,,,,,,,,,,,,0.1,,
23705,灰蓝马赛克釉面砖三棱柱,170054,23706,[12],[4],[21592],,,,,,1,1,0,3,3,0,797,0,12756,1,,11508,1,,11503,1,,,,,,,,,,,,,,,,,,,,,,0.1,,
23706,土黄竖条格釉面砖,160055,23707,[5],[4],[21544],,,,,,1,1,0,3,3,0,797,0,12756,2,,11537,1,,,,,,,,,,,,,,,,,,,,,,,,,0.1,,
23707,浅蓝多竖格釉面砖,160056,23707,[5],[4],[21544],,,,,,1,1,0,3,3,0,797,0,12756,2,,11509,1,,,,,,,,,,,,,,,,,,,,,,,,,0.1,,
