id,名称,预制文件名,必填/插件用/不能有空格,英文名字,备注,海外开放（0和空为在国内海外都开放，1为只在国内开放，2为只在海外开放）,描述,名称显示,描述显示,背包容量,饥饿度,饥饿度消耗速率,模型名字,模型贴图ID,ICON,幼年ID,创建ID（大生物生成时创建小生物的ID）,创建概率,"类型: 0-怪物, 1-动物, 2-稀有动物, 3-水生物, 4-移动工具，5-村民（商人）, 6-boss, 7-Npc，8-飞行生物， 9球，10-村民（新野人），11-三栖生物",编辑类型（1生物，2怪物）,编辑模板(0不是模板1是模板),触发器类型（1是动物 2是怪物 3是坐骑 4是村民-人形生物 5是载具）,"怪物属性(0-玩家和npc, 1-野兽,  2-野人,  3-精英,  4-虚空， 5-机械 ，6-外星 ，7-水生 ，8-飞行)",Tick周期,Tick脚本,生命,韧性,韧性恢复（每秒恢复量）,击退抗性,生命加强系数,物理防御,近程物理防御,远程物理防御,爆炸防御,元素防御,燃烧防御,毒素防御,混乱防御,冰冻防御,防御加强系数,"攻击类型:0近程,1:远程,2:爆炸",攻击,削韧值（默认5）,攻击附带buff,元素攻击,燃烧攻击,毒素攻击,混乱攻击,闪电攻击,冰冻攻击,攻击buff（近战）,攻击加强系数,攻击动作时间1/20秒,攻击范围/通用近战范围=1.6,视野范围,质量,高度,宽度,厚度,受击高度,受击宽度,受击厚度,转身速度（默认值30角度，每个tick转多少度）,移动速度,出生灯光上限,出生需要阳光,出生最低高度,出生最高高度,出生最低时间,出生最高时间,出生最低温度,出生最高温度,刷新数量上限,怪物群数量,拾取物品几率,怪物装备组id,怪物装备的几率,掉落1组,掉落1组几率,掉落2组,掉落2组几率,掉落id1,掉落1几率,掉落1数量,掉落id2,掉落2几率,掉落2数量,掉落id3,掉落3几率,掉落3数量,燃烧掉落,燃烧掉落概率,掉落经验,掉落经验概率,掉落的星星数量（数组，两个值随机）,掉落等级经验,主动攻击（1受伤后一起逃跑）,喂养物品id（弃用）,喂养成功几率（弃用）,可否驯养,可否繁殖（弃用）,成长时间（弃用）,可否骑乘（弃用）,是否可对话,受伤声音,死亡声音,说话声音,走路声音,攻击声音1,攻击冷却声音1,攻击声音2,攻击冷却声音2,携带特效,受击特效,死亡特效,模型放缩,模型随机缩放范围下限,击杀分数,繁殖分数,驯服分数,队伍（0= 无队伍， 1 = 队伍1，2=队伍2，99 = 队伍99  ， 101=村落1，102=村落2，199=村落99， 201 = 中立敌对， 202=中立被动）,默认对白,开发者脚本屏蔽召唤（0允许 1禁止）,备注,预缩放(触发器),繁殖类型（1哺乳、2鸟纲，没有填则无法繁殖，哺乳需要草垛，鸟纲需要窝）,"饲料类型（1,1草食消耗1次、1,2草食消耗2次、1,3草食消耗3次、2,1肉食消耗1次、2,2肉食消耗2次、2,3肉食消耗3次、3,1杂食消耗1次、3,2杂食消耗2次、3,3杂食消耗3次）",变蛋枪可否变蛋,温度防御,出生自带buff,出生自带buff组（用|隔开）,初始好感度,好感度上限,AI配置,移动能力 [行走， 游泳，飞行，爬行(暂时不支持)],标签
ID,Name,PrefabName,Key,ENName,,RegionType,Desc,NameDisPlay,DescDisplay,BagNum,Food,FoodReduce,Model,TextureID,Icon,BabyID,CreateID,BabyProb,Type,EditType,IsTemplate,TriggerType,Nature,TickPeriod,TickScript,Life,Toughness,ToughnessRecover,RepelRes,LifeIncrease,ArmorPhysics,ArmorPunch,ArmorRange,ArmorExplosion,ArmorMagic,ArmorFire,ArmorPoison,ArmorWither,ArmorIce,ArmorIncrease,AttackType,Attack,TouReduce,BuffId,AttackMagic,AttackFire,AttackPoison,AttackWither,AttackFlash,AttackIce,PunchBuff,AttackIncrease,AttackAnimTicks,AttackDistance,ViewDistance,Mass,Height,Width,Thickness,HitHeight,HitWidth,HitThickness,TurningSpeed,Speed,SpawnMaxLight,SpawnSunLight,SpawnMinHeight,SpawnMaxHeight,SpawnMinTime,SpawnMaxTime,SpawnMinTemperature,SpawnMaxTemperature,NumLimit,PackNum,PickItemOdds,EquipGroup,EquipOdds,DropGroup1,DropGroupOdds1,DropGroup2,DropGroupOdds2,DropItem1,DropItemOdds1,DropItemNum1,DropItem2,DropItemOdds2,DropItemNum2,DropItem3,DropItemOdds3,DropItemNum3,BurnDropItem,BurnDropItemOdds,DropExp,DropExpOdds,StarCount,LvExp,ActiveAtk,FeedItem,FeedOdds,CanTame,CanBreed,GrowTime,CanRide,CanTalk,HurtSound,DeathSound,SaySound,StepSound,AttackSound,AttackStopSound,AttackSound2,AttackStopSound2,Effect,HitEffect,DeadEffect,ModelScale,MinRandomScale,KillScore,BreedScore,TameScore,TeamID,Dialogue,ScriptDisable,,PreScale,Breed,Fodder,BecomeEgg,TemperatureDefense,BornBuff,BornBuffList,InitFavor,MaxFavor,AIConfig,MoveAbility,Tag
3001,备用ID,,,,,,,,,,,,player,,3001,,,,5,,,,,,,100,,,,,,,,,,,,,,,0,5,3,,,,,,,,,,7,1.6,10,,200,95,100,220,120,120,,500,15,1,0,255,,,,,,1,,,,,,,,,,,,,,,,,,,,,,,0,0,0,0,1,,,1,,,,,,,,,,,,1,,,,,,,,,,,,,,,,,,,,
3002,备用ID,,,,,,,,,,,,,,3002,,,,5,,,,,,,100,,,,,,,,,,,,,,,0,5,3,,,,,,,,,,7,1.6,10,,200,95,100,220,120,120,,500,15,1,0,255,,,,,,2,,,,,,,,,,,,,,,,,,,,,,,,,,,,,,,,,,,,,,,,,,1,,,,,,,,,,,,,,,,,,,,
3003,备用ID,,,,,,,,,,,,,,3003,,,,5,,,,,,,100,,,,,,,,,,,,,,,0,5,3,,,,,,,,,,7,1.6,10,,200,95,100,220,120,120,,500,15,1,0,255,,,,,,2,,,,,,,,,,,,,,,,,,,,,,,,,,,,,,,,,,,,,,,,,,1,,,,,,,,,,,,,,,,,,,,
3004,备用ID,,,,,,,,,,,,,,3004,,,,5,,,,,,,100,,,,,,,,,,,,,,,0,5,3,,,,,,,,,,7,1.6,10,,200,95,100,220,120,120,,500,15,1,0,255,,,,,,2,,,,,,,,,,,,,,,,,,,,,,,,,,,,,,,,,,,,,,,,,,1,,,,,,,,,,,,,,,,,,,,
3005,备用ID,,,,,,,,,,,,,,3005,,,,5,,,,,,,100,,,,,,,,,,,,,,,0,5,3,,,,,,,,,,7,1.6,10,,200,95,100,220,120,120,,500,15,1,0,255,,,,,,2,,,,,,,,,,,,,,,,,,,,,,,,,,,,,,,,,,,,,,,,,,1,,,,,,,,,,,,,,,,,,,,
3006,备用ID,,,,,,,,,,,,,,3006,,,,5,,,,,,,100,,,,,,,,,,,,,,,0,5,3,,,,,,,,,,7,1.6,10,,200,95,100,220,120,120,,500,15,1,0,255,,,,,,2,,,,,,,,,,,,,,,,,,,,,,,,,,,,,,,,,,,,,,,,,,1,,,,,,,,,,,,,,,,,,,,
3007,备用ID,,,,,,,,,,,,,,3007,,,,5,,,,,,,100,,,,,,,,,,,,,,,0,5,3,,,,,,,,,,7,1.6,10,,100,50,50,120,70,70,,400,15,1,0,255,,,,,,1,,,,,,,,,,,,,,,,,,,,,,,,,,,,,,,,,,,,,,,,,,1,,,,,,,,,,,,,,,,,,,,
3008,备用ID,,,,,,,,,,,,,,3008,,,,5,,,,,,,100,,,,,,,,,,,,,,,0,5,3,,,,,,,,,,7,1.6,10,,100,50,50,120,70,70,,400,15,1,0,255,,,,,,1,,,,,,,,,,,,,,,,,,,,,,,,,,,,,,,,,,,,,,,,,,1,,,,,,,,,,,,,,,,,,,,
3009,备用ID,,,,,,,,,,,,130002,,3009,,,,5,,,,,,,100,,,,,,,,,,,,,,,0,5,3,,,,,,,,,,7,1.6,10,,200,95,100,220,120,120,,500,15,1,0,255,,,,,,1,,,,,,,,,,,,,,,,,,,,,,,,,,,,,,,,,,,,,,,,,,1,,,,,,,,备用的ID,,,,,,,,,,,,
3010,游商,,Travelingmerchant,Travelingmerchant,,,,,,,,,130002,,3010,,,,5,,,4,,,,100,,,,,,,,,,,,,,,0,5,3,,,,,,,,,,7,1.6,10,5000,200,95,100,220,120,120,,200,15,1,0,255,,,,,,1,,,,,,,,,,,,,,,,,,,,,,,0,0,0,0,1,,,1,,,,,,,,,,,,1,,,,,,,,,,,,,,,,,,,,
3011,沙漠商人,3011,Desertmerchant,Desertmerchant,,,对目标地点使用，生成一个#c0aba1d沙漠商人#n,,,,,,130001,,3011,,,,5,,,4,,,,100,,,,,,,,,,,,,,,0,5,3,,,,,,,,,,7,1.6,10,5000,180,95,100,220,120,120,,200,15,1,0,255,,,,,,1,,,,,,,,,,,,,,,,,,,,,,,0,,,,,,,1,,,,,,,,,,,,1,,,,,,,,,,,,1,,,,,,,,
3012,冰原商人,3012,IceFieldMerchant,IceFieldMerchant,,,对目标地点使用，生成一个#c0aba1d冰原商人#n,,,,,,130003,,3012,,,,10,,,4,,,,100,,,,,,,,,,,,,,,0,5,3,,,,,,,,,,7,1.6,10,5000,180,95,100,220,120,120,,200,15,1,0,255,,,,,,1,,,,,,,,,,,,,,,,,,,,,,,0,,,,,,,1,,,,,,,,,,,,1,,,,,,,,,,,,1,,,,,,,,
3013,圣诞商人,,Christmasmerchant,Christmasmerchant,节日商人,,,,,,,,130002,1,3013,,,,5,,,4,,,,100,,,,,,,,,,,,,,,0,5,3,,,,,,,,,,7,1.6,10,5000,200,95,100,220,120,120,,200,15,1,0,255,,,,,,1,,,,,,,,12565,10000,,,,,,,,,,,,,,0,0,0,0,1,,,1,,,ent.3013.idle,,,,,,,,,1,,,,,,,,备用的ID,,,,,,,,,,,,
3014,元旦商人,,NewYearmerchant,NewYearmerchant,节日商人,,,,,,,,130002,2,3014,,,,5,,,4,,,,100,,,,,,,,,,,,,,,0,5,3,,,,,,,,,,7,1.6,10,5000,200,95,100,220,120,120,,200,15,1,0,255,,,,,,1,,,,,,,,12566,10000,,,,,,,,,,,,,,0,0,0,0,1,,,1,,,ent.3014.idle,,,,,,,,,1,,,,,,,,备用的ID,,,,,,,,,,,,
3015,春节商人,,SpringFestivalmerchant,SpringFestivalmerchant,节日商人,,,,,,,,130002,3,3015,,,,5,,,4,,,,100,,,,,,,,,,,,,,,0,5,3,,,,,,,,,,7,1.6,10,5000,200,95,100,220,120,120,,200,15,1,0,255,,,,,,1,,,,,,,,12569,10000,,,,,,,,,,,,,,0,0,0,0,1,,,1,,,ent.3015.idle,,,,,,,,,1,,,,,,,,备用的ID,,,,,,,,,,,,
3016,周年商人,3016,AnniversaryMerchant,AnniversaryMerchant,节日商人,,对目标地点使用，生成一个#c0aba1d周年商人#n,,,,,,130002,4,3016,,,,5,,,4,,,,100,,,,,,,,,,,,,,,0,5,3,,,,,,,,,,7,1.6,10,5000,200,95,100,220,120,120,,200,15,1,0,255,,,,,,1,,,,,,,,,,,,,,,,,,,,,,,0,0,0,0,1,,,1,,,ent.3016.idle,,,,,,,,,1,,,,,,,,备用的ID,,,,,,,,,,,,
3017,六一商人,3017,June1Merchant,June1Merchant,节日商人,,,,,,,,130004,,3017,,,,5,,,4,,,,100,,,,,,,,,,,,,,,0,5,3,,,,,,,,,,7,1.6,10,5000,160,95,100,220,120,120,,200,15,1,0,255,,,,,,1,,,,,,,,,,,,,,,,,,,,,,,0,0,0,0,1,,,1,,,ent.3016.idle,,,,,,,,,1,,,,,,,,备用的ID,,,,,,,,,,,,
3018,宇宙商人,3018,HorasMerchant,Horas Merchant,,,对目标地点使用，生成一个#c0aba1d宇宙商人#n,,,,,,130005,,3018,,,,10,,,4,,,,100,,,,,,,,,,,,,,,0,5,3,,,,,,,,,,7,1.6,10,,200,95,100,220,120,120,,200,15,1,0,255,,,,,,1,,,,,,,,,,,,,,,,,,,,,,,0,,,,,,,1,ent.3018.hit,ent.3018.die,ent.3018.idle,ent.3018.foot,,,,,,,,1,,,,,,,,备用的ID,0.8,,,1,,,,,,,,
3019,空岛商人,3019,,,,,对目标地点使用，生成一个#c0aba1d空岛商人#n,,,,,,130012,,3019,,,,10,,,4,,,,100,,,,,,,,,,,,,,,0,5,3,,,,,,,,,,7,1.6,10,3000,200,95,100,220,120,120,,500,15,1,0,255,,,,,,1,,,,,,,,,,,,,,,,,,,,,,,,,,,,,,1,,,ent.3019.idle,ent.3019.foot,,,,,,,,1,,,,,,,,备用的ID,,,,1,,,,,,,,
3020,心愿商人,,,,,,,,,,,,130013,,3020,,,,10,,,,,,,100,,,,,,,,,,,,,,,0,5,3,,,,,,,,,,7,1.6,10,3000,180,95,100,220,120,120,,500,15,1,0,255,,,,,,1,,,,,,,,,,,,,,,,,,,,,,,,,,,,,,1,,,,,,,,,,,,1,,,,,,,,备用的ID,,,,,,,,,,,,
3021,爱心大使,,,,,,,,,,,,140037,,3021,,,,5,,,,,,,100,,,,,,,,,,,,,,,0,5,3,,,,,,,,,,7,1.6,10,,200,95,100,220,120,120,,500,15,1,0,255,,,,,,1,,,,,,,,,,,,,,,,,,,,,,,,,,,,,,,,,,,,,,,,,,1,,,,,,,,备用的ID,,,,,,,,,,,,
3022,游商,,TravelingMerchant,TravelingMerchant,,,,,,,,,130051,,3022,,,,5,,1,4,,,,100,,,,,,,,,,,,,,,0,5,3,,,,,,,,,,7,1.6,10,,200,95,100,220,120,120,,500,15,1,0,255,,,,,,1,,,,,,,,,,,,,,,,,,,,,,,,,,,,,,1,,,,,,,,,,,,1,,,,,,,,备用的ID,,,,,,,,,,,,
3023,备用ID,,,,,,,,,,,,130002,,3023,,,,5,,,,,,,100,,,,,,,,,,,,,,,0,5,3,,,,,,,,,,7,1.6,10,,200,95,100,220,120,120,,500,15,1,0,255,,,,,,1,,,,,,,,,,,,,,,,,,,,,,,,,,,,,,,,,,,,,,,,,,1,,,,,,,,备用的ID,,,,,,,,,,,,
3024,备用ID,,,,,,,,,,,,130002,,3024,,,,5,,,,,,,100,,,,,,,,,,,,,,,0,5,3,,,,,,,,,,7,1.6,10,,200,95,100,220,120,120,,500,15,1,0,255,,,,,,1,,,,,,,,,,,,,,,,,,,,,,,,,,,,,,,,,,,,,,,,,,1,,,,,,,,备用的ID,,,,,,,,,,,,
3025,备用ID,,,,,,,,,,,,130002,,3025,,,,5,,,,,,,100,,,,,,,,,,,,,,,0,5,3,,,,,,,,,,7,1.6,10,,200,95,100,220,120,120,,500,15,1,0,255,,,,,,1,,,,,,,,,,,,,,,,,,,,,,,,,,,,,,,,,,,,,,,,,,1,,,,,,,,备用的ID,,,,,,,,,,,,
3026,备用ID,,,,,,,,,,,,130002,,3026,,,,5,,,,,,,100,,,,,,,,,,,,,,,0,5,3,,,,,,,,,,7,1.6,10,,200,95,100,220,120,120,,500,15,1,0,255,,,,,,1,,,,,,,,,,,,,,,,,,,,,,,,,,,,,,,,,,,,,,,,,,1,,,,,,,,备用的ID,,,,,,,,,,,,
3027,备用ID,,,,,,,,,,,,130002,,3027,,,,5,,,,,,,100,,,,,,,,,,,,,,,0,5,3,,,,,,,,,,7,1.6,10,,200,95,100,220,120,120,,500,15,1,0,255,,,,,,1,,,,,,,,,,,,,,,,,,,,,,,,,,,,,,,,,,,,,,,,,,1,,,,,,,,备用的ID,,,,,,,,,,,,
3028,备用ID,,,,,,,,,,,,130002,,3028,,,,5,,,,,,,100,,,,,,,,,,,,,,,0,5,3,,,,,,,,,,7,1.6,10,,200,95,100,220,120,120,,500,15,1,0,255,,,,,,1,,,,,,,,,,,,,,,,,,,,,,,,,,,,,,,,,,,,,,,,,,1,,,,,,,,备用的ID,,,,,,,,,,,,
3029,备用ID,,,,,,,,,,,,130002,,3029,,,,5,,,,,,,100,,,,,,,,,,,,,,,0,5,3,,,,,,,,,,7,1.6,10,,200,95,100,220,120,120,,500,15,1,0,255,,,,,,1,,,,,,,,,,,,,,,,,,,,,,,,,,,,,,,,,,,,,,,,,,1,,,,,,,,备用的ID,,,,,,,,,,,,
3030,备用ID,,,,,,,,,,,,130002,,3030,,,,5,,,,,,,100,,,,,,,,,,,,,,,0,5,3,,,,,,,,,,7,1.6,10,,200,95,100,220,120,120,,500,15,1,0,255,,,,,,1,,,,,,,,,,,,,,,,,,,,,,,,,,,,,,,,,,,,,,,,,,1,,,,,,,,备用的ID,,,,,,,,,,,,
3031,备用ID,,,,,,,,,,,,130002,,3031,,,,5,,,,,,,100,,,,,,,,,,,,,,,0,5,3,,,,,,,,,,7,1.6,10,,200,95,100,220,120,120,,500,15,1,0,255,,,,,,1,,,,,,,,,,,,,,,,,,,,,,,,,,,,,,,,,,,,,,,,,,1,,,,,,,,备用的ID,,,,,,,,,,,,
3032,备用ID,,,,,,,,,,,,130002,,3032,,,,5,,,,,,,100,,,,,,,,,,,,,,,0,5,3,,,,,,,,,,7,1.6,10,,200,95,100,220,120,120,,500,15,1,0,255,,,,,,1,,,,,,,,,,,,,,,,,,,,,,,,,,,,,,,,,,,,,,,,,,1,,,,,,,,备用的ID,,,,,,,,,,,,
3033,备用ID,,,,,,,,,,,,130002,,3033,,,,5,,,,,,,100,,,,,,,,,,,,,,,0,5,3,,,,,,,,,,7,1.6,10,,200,95,100,220,120,120,,500,15,1,0,255,,,,,,1,,,,,,,,,,,,,,,,,,,,,,,,,,,,,,,,,,,,,,,,,,1,,,,,,,,备用的ID,,,,,,,,,,,,
3034,备用ID,,,,,,,,,,,,130002,,3034,,,,5,,,,,,,100,,,,,,,,,,,,,,,0,5,3,,,,,,,,,,7,1.6,10,,200,95,100,220,120,120,,500,15,1,0,255,,,,,,1,,,,,,,,,,,,,,,,,,,,,,,,,,,,,,,,,,,,,,,,,,1,,,,,,,,备用的ID,,,,,,,,,,,,
3035,备用ID,,,,,,,,,,,,130002,,3035,,,,5,,,,,,,100,,,,,,,,,,,,,,,0,5,3,,,,,,,,,,7,1.6,10,,200,95,100,220,120,120,,500,15,1,0,255,,,,,,1,,,,,,,,,,,,,,,,,,,,,,,,,,,,,,,,,,,,,,,,,,1,,,,,,,,备用的ID,,,,,,,,,,,,
3036,备用ID,,,,,,,,,,,,130002,,3036,,,,5,,,,,,,100,,,,,,,,,,,,,,,0,5,3,,,,,,,,,,7,1.6,10,,200,95,100,220,120,120,,500,15,1,0,255,,,,,,1,,,,,,,,,,,,,,,,,,,,,,,,,,,,,,,,,,,,,,,,,,1,,,,,,,,备用的ID,,,,,,,,,,,,
3037,备用ID,,,,,,,,,,,,130002,,3037,,,,5,,,,,,,100,,,,,,,,,,,,,,,0,5,3,,,,,,,,,,7,1.6,10,,200,95,100,220,120,120,,500,15,1,0,255,,,,,,1,,,,,,,,,,,,,,,,,,,,,,,,,,,,,,,,,,,,,,,,,,1,,,,,,,,备用的ID,,,,,,,,,,,,
3038,备用ID,,,,,,,,,,,,130002,,3038,,,,5,,,,,,,100,,,,,,,,,,,,,,,0,5,3,,,,,,,,,,7,1.6,10,,200,95,100,220,120,120,,500,15,1,0,255,,,,,,1,,,,,,,,,,,,,,,,,,,,,,,,,,,,,,,,,,,,,,,,,,1,,,,,,,,备用的ID,,,,,,,,,,,,
3039,备用ID,,,,,,,,,,,,130002,,3039,,,,5,,,,,,,100,,,,,,,,,,,,,,,0,5,3,,,,,,,,,,7,1.6,10,,200,95,100,220,120,120,,500,15,1,0,255,,,,,,1,,,,,,,,,,,,,,,,,,,,,,,,,,,,,,,,,,,,,,,,,,1,,,,,,,,备用的ID,,,,,,,,,,,,
3040,备用ID,,,,,,,,,,,,130002,,3040,,,,5,,,,,,,100,,,,,,,,,,,,,,,0,5,3,,,,,,,,,,7,1.6,10,,200,95,100,220,120,120,,500,15,1,0,255,,,,,,1,,,,,,,,,,,,,,,,,,,,,,,,,,,,,,,,,,,,,,,,,,1,,,,,,,,备用的ID,,,,,,,,,,,,
3095,卡卡,,kaka,Kaka,,,,,,5,100,0,p2,,2,,,,5,1,,4,,,,100,,,,,,,,,,,,,,,0,5,3,,,,,,,,,,7,1.6,16,5000,200,95,100,220,120,120,,200,15,1,0,255,,,,,,1,,,,,,,,,,,,,,,,,,,,,,,,,,,,,,1,,,,,,,,,,,,1,,,,,,,,工具NPC,,,,,,,,,,,,
3096,妮妮,,nini,Nini,,,,,,5,100,0,p8,,8,,,,5,1,,4,,,,100,,,,,,,,,,,,,,,0,5,3,,,,,,,,,,7,1.6,16,5000,200,95,100,220,120,120,,200,15,1,0,255,,,,,,1,,,,,,,,,,,,,,,,,,,,,,,,,,,,,,1,,,,,,,,,,,,1,,,,,,,,工具NPC,,,,,,,,,,,,
3097,大山,,Big Sam,Big Sam,,,,,,5,100,0,130011,,3097,,,,5,1,,4,,,,100,,,,,,,,,,,,,,,0,5,3,,,,,,,,,,7,1.6,16,5000,200,95,100,220,120,120,,200,15,1,0,255,,,,,,1,,,,,,,,,,,,,,,,,,,,,,,,,,,,,,1,,,,,,,,,,,,1,,,,,,,,工具NPC,,,,,,,,,,,,
3098,斯科特·李,,Scott Lee,Scott Lee,,,,,,5,100,0,130006,,3098,,,,5,1,,4,,,,100,,,,,,,,,,,,,,,0,5,3,,,,,,,,,,7,1.6,16,5000,200,95,100,220,120,120,,200,15,1,0,255,,,,,,1,,,,,,,,,,,,,,,,,,,,,,,,,,,,,,1,,,,,,,,,,,,1,,,,,,,,工具NPC,,,,,,,,,,,,
3099,达尔文·李,,Darwin Lee,Darwin Lee,,,,,,5,100,0,130010,,3099,,,,5,1,,4,,,,100,,,,,,,,,,,,,,,0,5,3,,,,,,,,,,7,1.6,16,5000,200,95,100,220,120,120,,200,15,1,0,255,,,,,,1,,,,,,,,,,,,,,,,,,,,,,,,,,,,,,1,,,,,,,,,,,,1,,,,,,,,工具NPC,,,,,,,,,,,,
3100,生物模型,,,,,,,,,5,100,0,100026,,3101,,,,0,,,,,,,100,,,,,,,,,,,,,,,0,25,15,,,,,,,,,,7,1.6,24,5000,195,95,100,220,110,110,,200,15,0,0,255,,,,,,1,,,,,,,,,,,,,,,,,,,,,,,,0,0,0,0,,,0,ent.3101.hit,ent.3101.die,ent.3101.idle,ent.3101.foot,,,,,,,,1,,,,,,,,,,,,,,,,,,,,official_CreatureType.Monster
3101,野人战士,,Savage,Boarman,,,,,,5,100,0,100113,,3101,,,,0,2,1,2,2,,,120,,,1500,,,,,,,,,,,,0,20,20,,,,,,,,,0.75,7,1.6,24,5000,180,80,100,230,170,180,,250,5,0,0,255,,,,,,1,,,,,,,,12526,2000,1,12508,2500,1,11209,250,1,,,13,10000,"1,3",130,2,0,0,0,0,,,0,ent.3101.hit,ent.3101.die,ent.3101.idle,ent.3101.foot,,,,,,,,1,0.8,5,,,201,@10836,,,,,,,,,,,,,,official_CreatureType.Monster
3102,野萌宝,,Cutebaby,Jockey,,,,,,5,100,0,100027,,3102,,,,0,2,1,2,2,,,120,,,3000,,10,,,,5,10,,,,,0,30,20,,,,,,,,,0.75,7,2,16,3000,70,70,70,100,100,100,,250,5,0,0,255,,,,,,1,,,,,,,,227,500,,241,2500,,11609,500,1,,,17,10000,"2,4",210,2,0,0,0,0,,,0,ent.3102.hit,ent.3102.die,ent.3102.idle,ent.3102.foot,,,,,,,,1,,25,,,201,@10836,,,,,,,,,,,,,,official_CreatureType.Monster
3103,萌眼咻咻,,Graviti,Graviti,,,,,,,,,100049,,3103,,,,8,2,1,2,6,,,400,,,3500,0.8,20,,10,,10,,,,,,1,75,50,,,,,,,,,,18,11,24,4000,195,95,100,250,170,110,,200,5,0,64,100,,,,,5,1,,,,,,,,11080,10000,,,,,,,,,,32,10000,"2,4",210,2,,,,,,,,ent.3103.hit,ent.3103.die,ent.3103.idle,,,,,,mob_3103_body,,,1,0.8,15,,,,,,,,,,,,,,,,,"0,0,1,0",
3104,神秘星球人,,,,,,,,,,,,130002,,3040,,,,5,,,,,,,100,,,,,,,,,,,,,,,0,5,5,,,,,,,,,,7,1.6,10,,200,95,100,220,120,120,,500,15,1,0,255,,,,,,1,,,,,,,,,,,,,,,,,,,,,,,2,,,,,,,,,,,,,,,,,,,1,,,,,,,,备用的ID,,,,,,,,,,,,
3105,野人投矛手,,SpearGoblin,SpearGoblin,,,,,,5,100,0,100117,,3105,,,,0,2,1,2,2,,,100,,,1000,0.8,,,,,,,,,,,1,15,10,,,,,,,,,,18,11,16,4000,195,95,100,200,110,110,,200,5,0,0,255,,,,,,1,,,,,,,,710,7500,1,236,1000,1,11209,250,1,,,13,10000,"1,3",130,2,,,,,,,,ent.3105.hit,ent.3105.die,ent.3105.idle,ent.3105.foot,,,,,31051,,,1,0.8,5,,,,@10836,,,,,,,,,,,,,,official_CreatureType.Monster
3106,庆典野人,,,,中秋、国庆活动,,,,,5,100,0,100071,,3106,,,,7,,,,2,,,80,,,,,,3,3,,3,,,,,,0,15,10,,,,,,,,,,7,1.6,24,5000,180,80,100,220,110,110,,200,5,0,0,255,,,,,,1,,,,,,,,12526,8000,,11901,3000,,11902,5000,,,,13,10000,"1,3",130,2,0,0,0,0,,,0,ent.3101.hit,ent.3101.die,ent.3101.idle,ent.3101.foot,,,,,BUFF_POISON_1,,,1.5,0.8,5,,,,@10836,,,,,,,,,,,,,,
3107,蝙蝠,,Bat,Bat,,,,,,5,100,0,100037,,3107,,,,0,2,1,2,1,,,15,,,,,,,,,,,,,,,0,10,10,,,,,,,,,,7,2,16,5000,95,95,100,130,130,130,,300,5,0,10,255,,,,,5,3,,,,,,,,11914,2500,,,,,,,,,,7,10000,"1,3",130,,,,,,,,,ent.3107.hit,ent.3107.die,ent.3107.idle,ent.3107.foot1,,,,,100037_glow_lv,,,0.8,0.7,5,,,,@10836,,,0.8,,,,,,,,,,,official_CreatureType.Monster
3108,备用ID,,,,,,,,,,,,100014,,3108,,,,0,,,,1,,,60,,,,,,,,,,,,,,,0,15,10,,,,,,,,,,7,1.6,16,,95,140,140,100,190,190,,300,5,0,0,255,,,,,,1,,,,,,,,,,,,,,,,,,,13,10000,"1,3",130,,,,,,,,,ent.3107.hit,ent.3107.die,ent.3107.idle,ent.3107.foot,,,,,,,,1,,,,,,,,,,,,,,,,,,,,
3109,爆爆蛋,,BoomEgg,BoomEgg,,,,,,5,100,0,110033,,3109,,,,0,2,1,2,1,,,120,,,,0.8,10,,,,5,,,,,,2,5,35,,,,,,,,,,7,3,16,5000,160,95,120,190,110,110,,200,5,0,0,255,,,,,,1,,,,,,,,11201,10000,4,11609,3000,1,,,,,,17,10000,"2,4",170,,,,,,,,,ent.3109.hit,ent.3109.die,ent.3109.idle,ent.3109.foot,,,,,,,,1,0.8,10,,,,@10836,,攻击力决定爆炸范围,,,,,,,,,,,,official_CreatureType.Monster
3110,萌眼叮叮,,Rocki,Rocki,,,,,,,,,100040,,3110,,,,0,2,1,2,6,,,300,,,3500,0.8,10,,10,,10,,,,,,1,0,0,,,,,,,,,0.8,7,8,16,3000,100,100,100,110,100,100,,250,15,0,0,255,,,,,,1,,,,,,,,11080,5000,,,,,,,,,,30,10000,"1,3",100,2,0,0,0,0,,,0,ent.3110.hit,ent.3110.die,ent.3110.idle,ent.3110.foot,,,,,,,,1,,5,,,,,,,,,,,,,,,,,,official_CreatureType.Monster
3111,萌眼咚咚,,Frosti,Frosti,,,,,,,,,100041,,3111,,,,0,2,1,2,6,,,300,,,3500,0.8,10,,,,10,,,,,,1,80,40,,,,,,,,,0.8,7,8,16,3000,100,100,100,120,100,100,,250,15,0,0,255,,,,,,1,,,,,,,,11080,5000,,,,,,,,,,30,10000,"1,3",100,2,0,0,0,0,,,0,ent.3111.hit,ent.3111.die,ent.3111.idle,ent.3110.foot,,,,,,,,1,,5,,,,,,,,,,,,,,,,,,official_CreatureType.Monster
3112,萌眼当当,,Bulli,Bulli,,,,,,,,,100042,,3112,,,,0,2,1,2,6,,,300,,,3500,0.8,10,,,,10,,,,,,0,50,30,,,,,,,,,0.8,7,1.8,16,3000,100,100,100,110,100,150,,250,15,0,0,255,,,,,,1,,,,,,,,11080,5000,,,,,,,,,,30,10000,"1,3",100,2,0,0,0,0,,,0,ent.3112.hit,ent.3112.die,ent.3112.idle,ent.3110.foot,,,,,,,,1,,5,,,,,,,,,,,,,,,,,,official_CreatureType.Monster
3113,萌眼叮叮,,Rooki,Rooki,,,,,,,,,100043,,3113,,,,0,2,,2,6,,,240,,,3500,0.8,10,,,,10,,,,,,1,0,0,,,,,,,,,0.8,7,8,16,6000,200,100,100,200,100,100,,250,15,0,0,255,,,,,,1,,,,,,,,,,,,,,,,,,,,,,,2,0,0,0,0,,,0,ent.3110.hit,ent.3110.die,ent.3110.idle,ent.3110.foot,,,,,,,,1,,5,,,,,,,,,,,,,,,,,,official_CreatureType.Monster
3114,萌眼咚咚,,Froosti,Froosti,,,,,,,,,100044,,3114,,,,0,2,,2,6,,,240,,,3500,0.8,10,,,,10,,,,,,1,80,40,,,,,,,,,0.8,7,8,16,6000,200,100,100,200,180,130,,250,15,0,0,255,,,,,,1,,,,,,,,,,,,,,,,,,,,,,,2,0,0,0,0,,,0,ent.3111.hit,ent.3111.die,ent.3111.idle,ent.3110.foot,,,,,,,,1,,5,,,,,,,,,,,,,,,,,,official_CreatureType.Monster
3115,萌眼当当,,Buulli,Buulli,,,,,,,,,100045,,3115,,,,0,2,,2,6,,,240,,,3500,0.8,10,,,,10,,,,,,1,50,20,,,,,,,,,0.8,7,8,16,6000,200,100,100,200,100,100,,250,15,0,0,255,,,,,,1,,,,,,,,,,,,,,,,,,,,,,,2,0,0,0,0,,,0,ent.3112.hit,ent.3112.die,ent.3112.idle,ent.3110.foot,,,,,,,,1,,5,,,,,,,,,,,,,,,,,,official_CreatureType.Monster
3116,萌眼叮咚,,Frocki,Frocki,,,,,,,,,100046,,3116,,,,0,2,,2,6,,,240,,,3500,0.8,10,,,,10,,,,,,1,90,50,,,,,,,,,0.8,7,8,16,6000,200,100,100,200,100,130,,250,15,0,0,255,,,,,,1,,,,,,,,,,,,,,,,,,,,,,,2,0,0,0,0,,,0,ent.3110.hit,ent.3110.die,ent.3110.idle,ent.3110.foot,,,,,,,,1,,5,,,,,,,,,,,,,,,,,,official_CreatureType.Monster
3117,萌眼叮当,,Roclli,Roclli,,,,,,,,,100047,,3117,,,,0,2,,2,6,,,240,,,3500,0.8,10,,,,10,,,,,,1,90,50,,,,,,,,,0.8,7,8,16,6000,200,100,100,200,100,100,,250,15,0,0,255,,,,,,1,,,,,,,,,,,,,,,,,,,,,,,2,0,0,0,0,,,0,ent.3110.hit,ent.3110.die,ent.3110.idle,ent.3110.foot,,,,,,,,1,,5,,,,,,,,,,,,,,,,,,official_CreatureType.Monster
3118,萌眼咚当,,Froslli,Froslli,,,,,,,,,100048,,3118,,,,0,2,,2,6,,,240,,,3500,0.8,10,,,,10,,,,,,1,90,50,,,,,,,,,0.8,7,8,16,6000,200,100,100,200,100,100,,250,15,0,0,255,,,,,,1,,,,,,,,,,,,,,,,,,,,,,,2,0,0,0,0,,,0,ent.3111.hit,ent.3111.die,ent.3111.idle,ent.3110.foot,,,,,,,,1,,5,,,,,,,,,,,,,,,,,,official_CreatureType.Monster
3119,备用ID,,,,,,,,,,,,130002,,3119,,,,5,,,,,,,100,,,,,,,,,,,,,,,0,5,3,,,,,,,,,,7,1.6,10,,200,95,100,200,120,120,,500,15,1,0,255,,,,,,1,,,,,,,,,,,,,,,,,,,,,,,,,,,,,,,,,,,,,,,,,,1,,,,,,,,备用的ID,,,,,,,,,,,,
3120,恶霸屠夫,,BastardButcher,Grumpy Butcher,五一活动,,,,,,,,100033,,3120,,,,2,2,,4,,,,100,,,,,,5,1,,,,,,,,0,20,12,,,,,,,,1007001,,7,1.6,16,6000,195,95,100,230,120,120,,200,15,1,0,255,,,,,,1,,,,,,,,13402,6000,,13400,1000,,13401,800,,,,,,,,3,,,,,,,,ent.3120.hit,ent.3120.die,ent.3120.idle,ent.3101.foot,,,,,mob_3120_1,,,1,,,,,,,,备用的ID,0.8,,,,,,,,,,,
3121,稻草人,,Scarecrow,Scarecrow,五一活动,,,,,,,,100034,,3121,,,,2,2,,2,,,,150,,,,,,1,5,,,,,,,,0,5,3,,,,,,,,,,7,1.6,16,5000,200,95,100,200,120,120,,500,15,1,0,255,,,,,,1,,,,,,,,,,,,,,,,,,,,,,,,,,,,,,,ent.3121.hit,ent.3121.die,ent.3121.idle,ent.3121.foot,,,,,,,,1,,,,,,,,备用的ID,,,,1,,,,,,,,
3122,恶霸屠夫（驯服）,,BastardButcher(tamed),Grumpy Butcher(tamed),五一活动,,,,,,,,100033,,3122,,,,2,2,,4,,,,100,,,,,,2,2,,2,,,,,,0,20,12,,,,,,,,1007001,,7,1.6,16,6000,195,95,100,230,120,120,,200,15,1,0,255,,,,,,1,,,,,,,,13402,6000,,13400,1000,,13401,800,,,,,,,,3,,,,,,,,ent.3120.hit,ent.3120.die,ent.3120.idle,ent.3101.foot,,,,,mob_3122,,,1,,,,,,,,备用的ID,0.8,,,,,,,,,,,
3123,出气外星人,,PunchingET,Alien Scarecrow,,,,,,,,,100095,,3123,,,,2,2,,2,,,,150,,,,,,1,5,,,,,,,,0,5,3,,,,,,,,,,7,1.6,16,5000,200,95,100,200,120,120,,500,15,1,0,255,,,,,,1,,,,,,,,12287,10000,,,,,,,,,,,,,,,,,,,,,,ent.3123.hit,ent.3123.die,ent.3123.idle,ent.3123.foot,,,,,,,,1,,,,,,,,备用的ID,,,,1,,,,,,,,
3124,驯服的萌眼叮叮,,TamedRocki,Tamed Rocki,,,,,,,,,100040,,3124,,,,0,2,1,2,6,,,150,,,,,,2,3,,2,,,,,,1,25,15,,,,,,,,,,7,8,16,3000,80,80,80,80,80,80,,200,5,0,0,255,,,,,,3,,,,,,,,,,,,,,,,,,,,,,,,0,0,0,0,,,0,ent.3110.hit,ent.3110.die,ent.3110.idle,ent.3110.foot,,,,,,,,0.7,,5,,,,,,,0.7,,,1,,,,,,,,
3125,驯服的萌眼咚咚,,TamedFrosti,Tamed Frosti,,,,,,,,,100041,,3125,,,,0,2,1,2,6,,,150,,,,,,2,3,,2,,,,,,1,25,15,,,,,,,,,,7,8,16,3000,80,80,80,80,80,80,,200,5,0,0,255,,,,,,3,,,,,,,,,,,,,,,,,,,,,,,,0,0,0,0,,,0,ent.3111.hit,ent.3111.die,ent.3111.idle,ent.3110.foot,,,,,,,,0.7,,5,,,,,,,0.7,,,1,,,,,,,,
3126,驯服的萌眼当当,,TamedBulli,Tamed Bulli,,,,,,,,,100042,,3126,,,,0,2,1,2,6,,,150,,,,,,2,3,,2,,,,,,0,25,15,,,,,,,,,,7,1.8,16,3000,80,80,80,80,80,80,,200,5,0,0,255,,,,,,3,,,,,,,,,,,,,,,,,,,,,,,,0,0,0,0,,,0,ent.3112.hit,ent.3112.die,ent.3112.idle,ent.3110.foot,,,,,,,,0.7,,5,,,,,,,0.7,,,1,,,,,,,,
3127,备用ID,,,,,,,,,,,,130002,,3127,,,,5,,,,,,,100,,,,,,,,,,,,,,,0,5,3,,,,,,,,,,7,1.6,10,,200,95,100,200,120,120,,500,15,1,0,255,,,,,,1,,,,,,,,,,,,,,,,,,,,,,,,,,,,,,,,,,,,,,,,,,1,,,,,,,,备用的ID,,,,,,,,,,,,
3128,备用ID,,,,,,,,,,,,130002,,3128,,,,5,,,,,,,100,,,,,,,,,,,,,,,0,5,3,,,,,,,,,,7,1.6,10,,200,95,100,200,120,120,,500,15,1,0,255,,,,,,1,,,,,,,,,,,,,,,,,,,,,,,,,,,,,,,,,,,,,,,,,,1,,,,,,,,备用的ID,,,,,,,,,,,,
3129,备用ID,,,,,,,,,,,,130002,,3129,,,,5,,,,,,,100,,,,,,,,,,,,,,,0,5,3,,,,,,,,,,7,1.6,10,,200,95,100,200,120,120,,500,15,1,0,255,,,,,,1,,,,,,,,,,,,,,,,,,,,,,,,,,,,,,,,,,,,,,,,,,1,,,,,,,,备用的ID,,,,,,,,,,,,
3130,熔岩巨人,,Magmadron,Molten Giant,,,,,,5,100,0,100011,,3130,,,,0,2,1,2,3,,,250,,,3000,0.7,10,,20,,10,,,,,,0,60,50,,,,,,,,,0.7,10,2.5,24,6000,180,160,160,230,220,150,,250,5,0,0,255,,,,,,1,,,,,,,,11211,5000,,11207,500,,,,,,,25,10000,"2,4",210,2,,,,,,,,ent.3130.hit,ent.3130.die,ent.3130.idle,ent.3130.foot,,,,,31301,,,1,,10,,,,@10836,,副本用的怪物。,,,,,-15,1075001,,,,,,official_CreatureType.Monster
3131,硫磺弓手,,SulfurArcher,Sulfur Archer,,,,,,5,100,0,100003,,3131,,,,0,2,1,2,,,,150,,,1500,0.8,,2,2,,2,,,,,,1,50,40,100001,,,,,,,,0.7,18,11,24,5000,180,80,80,210,120,120,,200,15,0,0,255,,,,,,1,,,,,,,,11201,5000,,11211,5000,,,,,,,23,10000,"2,4",210,2,,,,,,,,ent.3131.hit,ent.3131.die,ent.3131.idle,ent.3131.foot,,,,,31052,,,1,,10,,,,@10836,,副本用的怪物，攻击会使人着火，BUFFID200,,,,,-15,,,,,,,official_CreatureType.Monster
3132,混乱弓手,,ChaosArcher,Chaos Archer,,,,,,5,100,0,100003,,3131,,,,0,2,,2,,,,100,,,1500,,,,,,10,,,,,,1,30,15,,,,,,,,,0.7,18,11,24,5000,180,80,80,210,120,120,,200,15,0,0,255,,,,,,1,,,,,,,,,,,,,,,,,,,,,,,2,,,,,,,,ent.3131.hit,ent.3131.die,ent.3131.idle,ent.3131.foot,,,,,mob_3132_body,,,1,,,,,,,,,,,,,-15,,,,,,,official_CreatureType.Monster
3133,家园农牧场占用,,,,,,,,,,,,130002,,3133,,,,5,,,,,,,100,,,,,,,,,,,,,,,0,5,3,,,,,,,,,,7,1.6,10,,200,95,100,220,120,120,,500,15,1,0,255,,,,,,1,,,,,,,,,,,,,,,,,,,,,,,,,,,,,,,,,,,,,,,,,,1,,,,,,,,备用的ID,,,,,,,,,,,,
3134,家园农牧场占用,,,,,,,,,,,,130002,,3134,,,,5,,,,,,,100,,,,,,,,,,,,,,,0,5,3,,,,,,,,,,7,1.6,10,,200,95,100,220,120,120,,500,15,1,0,255,,,,,,1,,,,,,,,,,,,,,,,,,,,,,,,,,,,,,,,,,,,,,,,,,1,,,,,,,,备用的ID,,,,,,,,,,,,
3135,寒霜野人祭司,,,,,,,,,,,,100097,,3135,,,,8,2,1,2,2,,,800,,,,0.75,5,·,,,30,,,,,,1,15,15,,,,,,,,,,7,30,30,5000,280,95,100,300,120,150,,200,5,0,64,81,,,,,1,1,,,,,,,,11668,10000,1,,,,,,,,,20,10000,"1,3",130,2,,,,,,,0,ent.3135.hit,ent.3135.die,ent.3135.idle,ent.3135.foot,,,,,,,,1,,5,,,,,,,0.8,,,,,,,,,,"0,0,1,0",
3136,备用ID,,,,,,,,,,,,130002,,3136,,,,5,,,,,,,100,,,,,,,,,,,,,,,0,5,3,,,,,,,,,,7,1.6,10,,200,95,100,220,120,120,,500,15,1,0,255,,,,,,1,,,,,,,,,,,,,,,,,,,,,,,,,,,,,,,,,,,,,,,,,,1,,,,,,,,备用的ID,,,,,,,,,,,,
3137,备用ID,,,,,,,,,,,,130002,,3137,,,,5,,,,,,,100,,,,,,,,,,,,,,,0,5,3,,,,,,,,,,7,1.6,10,,200,95,100,220,120,120,,500,15,1,0,255,,,,,,1,,,,,,,,,,,,,,,,,,,,,,,,,,,,,,,,,,,,,,,,,,1,,,,,,,,备用的ID,,,,,,,,,,,,
3138,备用ID,,,,,,,,,,,,130002,,3138,,,,5,,,,,,,100,,,,,,,,,,,,,,,0,5,3,,,,,,,,,,7,1.6,10,,200,95,100,220,120,120,,500,15,1,0,255,,,,,,1,,,,,,,,,,,,,,,,,,,,,,,,,,,,,,,,,,,,,,,,,,1,,,,,,,,备用的ID,,,,,,,,,,,,
3139,备用ID,,,,,,,,,,,,130002,,3139,,,,5,,,,,,,100,,,,,,,,,,,,,,,0,5,3,,,,,,,,,,7,1.6,10,,200,95,100,220,120,120,,500,15,1,0,255,,,,,,1,,,,,,,,,,,,,,,,,,,,,,,,,,,,,,,,,,,,,,,,,,1,,,,,,,,备用的ID,,,,,,,,,,,,
3140,备用ID,,,,,,,,,,,,130002,,3140,,,,5,,,,,,,100,,,,,,,,,,,,,,,0,5,3,,,,,,,,,,7,1.6,10,,200,95,100,220,120,120,,500,15,1,0,255,,,,,,1,,,,,,,,,,,,,,,,,,,,,,,,,,,,,,,,,,,,,,,,,,1,,,,,,,,备用的ID,,,,,,,,,,,,
3141,备用ID,,,,,,,,,,,,130002,,3141,,,,5,,,,,,,100,,,,,,,,,,,,,,,0,5,3,,,,,,,,,,7,1.6,10,,200,95,100,220,120,120,,500,15,1,0,255,,,,,,1,,,,,,,,,,,,,,,,,,,,,,,,,,,,,,,,,,,,,,,,,,1,,,,,,,,备用的ID,,,,,,,,,,,,
3142,备用ID,,,,,,,,,,,,130002,,3142,,,,5,,,,,,,100,,,,,,,,,,,,,,,0,5,3,,,,,,,,,,7,1.6,10,,200,95,100,220,120,120,,500,15,1,0,255,,,,,,1,,,,,,,,,,,,,,,,,,,,,,,,,,,,,,,,,,,,,,,,,,1,,,,,,,,备用的ID,,,,,,,,,,,,
3143,备用ID,,,,,,,,,,,,130002,,3143,,,,5,,,,,,,100,,,,,,,,,,,,,,,0,5,3,,,,,,,,,,7,1.6,10,,200,95,100,220,120,120,,500,15,1,0,255,,,,,,1,,,,,,,,,,,,,,,,,,,,,,,,,,,,,,,,,,,,,,,,,,1,,,,,,,,备用的ID,,,,,,,,,,,,
3144,备用ID,,,,,,,,,,,,130002,,3144,,,,5,,,,,,,100,,,,,,,,,,,,,,,0,5,3,,,,,,,,,,7,1.6,10,,200,95,100,220,120,120,,500,15,1,0,255,,,,,,1,,,,,,,,,,,,,,,,,,,,,,,,,,,,,,,,,,,,,,,,,,1,,,,,,,,备用的ID,,,,,,,,,,,,
3145,备用ID,,,,,,,,,,,,130002,,3145,,,,5,,,,,,,100,,,,,,,,,,,,,,,0,5,3,,,,,,,,,,7,1.6,10,,200,95,100,220,120,120,,500,15,1,0,255,,,,,,1,,,,,,,,,,,,,,,,,,,,,,,,,,,,,,,,,,,,,,,,,,1,,,,,,,,备用的ID,,,,,,,,,,,,
3146,备用ID,,,,,,,,,,,,130002,,3146,,,,5,,,,,,,100,,,,,,,,,,,,,,,0,5,3,,,,,,,,,,7,1.6,10,,200,95,100,220,120,120,,500,15,1,0,255,,,,,,1,,,,,,,,,,,,,,,,,,,,,,,,,,,,,,,,,,,,,,,,,,1,,,,,,,,备用的ID,,,,,,,,,,,,
3147,备用ID,,,,,,,,,,,,130002,,3147,,,,5,,,,,,,100,,,,,,,,,,,,,,,0,5,3,,,,,,,,,,7,1.6,10,,200,95,100,220,120,120,,500,15,1,0,255,,,,,,1,,,,,,,,,,,,,,,,,,,,,,,,,,,,,,,,,,,,,,,,,,1,,,,,,,,备用的ID,,,,,,,,,,,,
3148,备用ID,,,,,,,,,,,,130002,,3148,,,,5,,,,,,,100,,,,,,,,,,,,,,,0,5,3,,,,,,,,,,7,1.6,10,,200,95,100,220,120,120,,500,15,1,0,255,,,,,,1,,,,,,,,,,,,,,,,,,,,,,,,,,,,,,,,,,,,,,,,,,1,,,,,,,,备用的ID,,,,,,,,,,,,
3149,备用ID,,,,,,,,,,,,130002,,3149,,,,5,,,,,,,100,,,,,,,,,,,,,,,0,5,3,,,,,,,,,,7,1.6,10,,200,95,100,220,120,120,,500,15,1,0,255,,,,,,1,,,,,,,,,,,,,,,,,,,,,,,,,,,,,,,,,,,,,,,,,,1,,,,,,,,备用的ID,,,,,,,,,,,,
3150,备用ID,,,,,,,,,,,,130002,,3150,,,,5,,,,,,,100,,,,,,,,,,,,,,,0,5,3,,,,,,,,,,7,1.6,10,,200,95,100,220,120,120,,500,15,1,0,255,,,,,,1,,,,,,,,,,,,,,,,,,,,,,,,,,,,,,,,,,,,,,,,,,1,,,,,,,,备用的ID,,,,,,,,,,,,
3151,备用ID,,,,,,,,,,,,130002,,3151,,,,5,,,,,,,100,,,,,,,,,,,,,,,0,5,3,,,,,,,,,,7,1.6,10,,200,95,100,220,120,120,,500,15,1,0,255,,,,,,1,,,,,,,,,,,,,,,,,,,,,,,,,,,,,,,,,,,,,,,,,,1,,,,,,,,备用的ID,,,,,,,,,,,,
3152,备用ID,,,,,,,,,,,,130002,,3152,,,,5,,,,,,,100,,,,,,,,,,,,,,,0,5,3,,,,,,,,,,7,1.6,10,,200,95,100,220,120,120,,500,15,1,0,255,,,,,,1,,,,,,,,,,,,,,,,,,,,,,,,,,,,,,,,,,,,,,,,,,1,,,,,,,,备用的ID,,,,,,,,,,,,
3153,备用ID,,,,,,,,,,,,130002,,3153,,,,5,,,,,,,100,,,,,,,,,,,,,,,0,5,3,,,,,,,,,,7,1.6,10,,200,95,100,220,120,120,,500,15,1,0,255,,,,,,1,,,,,,,,,,,,,,,,,,,,,,,,,,,,,,,,,,,,,,,,,,1,,,,,,,,备用的ID,,,,,,,,,,,,
3154,备用ID,,,,,,,,,,,,130002,,3154,,,,5,,,,,,,100,,,,,,,,,,,,,,,0,5,3,,,,,,,,,,7,1.6,10,,200,95,100,220,120,120,,500,15,1,0,255,,,,,,1,,,,,,,,,,,,,,,,,,,,,,,,,,,,,,,,,,,,,,,,,,1,,,,,,,,备用的ID,,,,,,,,,,,,
3155,备用ID,,,,,,,,,,,,130002,,3155,,,,5,,,,,,,100,,,,,,,,,,,,,,,0,5,3,,,,,,,,,,7,1.6,10,,200,95,100,220,120,120,,500,15,1,0,255,,,,,,1,,,,,,,,,,,,,,,,,,,,,,,,,,,,,,,,,,,,,,,,,,1,,,,,,,,备用的ID,,,,,,,,,,,,
3156,备用ID,,,,,,,,,,,,130002,,3156,,,,5,,,,,,,100,,,,,,,,,,,,,,,0,5,3,,,,,,,,,,7,1.6,10,,200,95,100,220,120,120,,500,15,1,0,255,,,,,,1,,,,,,,,,,,,,,,,,,,,,,,,,,,,,,,,,,,,,,,,,,1,,,,,,,,备用的ID,,,,,,,,,,,,
3157,备用ID,,,,,,,,,,,,130002,,3157,,,,5,,,,,,,100,,,,,,,,,,,,,,,0,5,3,,,,,,,,,,7,1.6,10,,200,95,100,220,120,120,,500,15,1,0,255,,,,,,1,,,,,,,,,,,,,,,,,,,,,,,,,,,,,,,,,,,,,,,,,,1,,,,,,,,备用的ID,,,,,,,,,,,,
3158,备用ID,,,,,,,,,,,,130002,,3158,,,,5,,,,,,,100,,,,,,,,,,,,,,,0,5,3,,,,,,,,,,7,1.6,10,,200,95,100,220,120,120,,500,15,1,0,255,,,,,,1,,,,,,,,,,,,,,,,,,,,,,,,,,,,,,,,,,,,,,,,,,1,,,,,,,,备用的ID,,,,,,,,,,,,
3159,备用ID,,,,,,,,,,,,130002,,3159,,,,5,,,,,,,100,,,,,,,,,,,,,,,0,5,3,,,,,,,,,,7,1.6,10,,200,95,100,220,120,120,,500,15,1,0,255,,,,,,1,,,,,,,,,,,,,,,,,,,,,,,,,,,,,,,,,,,,,,,,,,1,,,,,,,,备用的ID,,,,,,,,,,,,
3160,陈旧的扫把,3160,DomesticBroom,DomesticBroom,,,被施加了活化术的扫把，成为了一只简单生物，并且能骑乘,,,,,,100229,,3160,,,,1,,,1,1,,,30,,,,,,,,,,,,,,,0,0,0,,,,,,,,,,7,1.6,16,1000,150,90,100,180,135,250,,250,15,9,0,255,,,,,,1,,,,,,,,,,,,,,,,,,,,,,,,,,,,,,1,,,,,,,,,,,,1,,,,,,,,,,,,,,,,,,,,
3165,绿色双冠龙,,GreenDilophosaurus,GreenDilophosaurus,,1,,,,,,0,310111,,3165,,,,1,1,1,1,1,,,500,,,,,,,,,,,,,,,0,20,12,,,,,,,,,,7,2.1,16,10000,240,280,200,270,270,320,,300,15,9,0,255,,,,,,3,,,,,,,,,,,,,,,,,,,1,10000,"1,1",10,3,,,,,,,,ent.3189.hit,ent.3189.die,ent.3189.idle,ent.3189.foot,ent.3189.attack,,,,,,,1,0.8,0.25,0.5,,,@10836,,,,,,,,,,,,,,
3166,阎罗双冠龙,,YamaDilophosaurus,YamaDilophosaurus,,1,,,,,,0,310112,,3166,,,,1,1,1,1,1,,,500,,,,,,,,,,,,,,,0,20,12,,,,,,,,,,7,2.1,16,10000,240,280,200,290,280,320,,300,15,9,0,255,,,,,,3,,,,,,,,,,,,,,,,,,,1,10000,"1,1",10,3,,,,,,,,ent.3189.hit,ent.3189.die,ent.3189.idle,ent.3189.foot,ent.3189.attack,,,,,,,1,0.8,0.25,0.5,,,@10836,,,,,,,,,,,,,,
3167,金冠副栉龙,,GoldenCrownParasaurolophus,GoldenCrownParasaurolophus,,1,,,,,,0,310113,,3167,,,,1,1,1,1,1,,,500,,,,,,,,,,,,,,,0,20,12,,,,,,,,,,7,2.1,16,10000,230,280,200,220,260,290,,300,15,9,0,255,,,,,,3,,,,,,,,,,,,,,,,,,,1,10000,"1,1",10,3,,,,,,,,ent.3182.hit,ent.3182.die,ent.3182.idle,ent.3182.foot,ent.3182.attack,,,,,,,1,0.8,0.25,0.5,,,@10836,,,,,,,,,,,,,,
3168,红莲剑龙,,RedLotusStegosaurus,RedLotusStegosaurus,,1,,,,,,0,310114,,3168,,,,1,1,1,1,1,,,500,,,,,,,,,,,,,,,0,20,12,,,,,,,,,,7,2.1,16,10000,300,390,200,460,400,850,,300,15,9,0,255,,,,,,3,,,,,,,,,,,,,,,,,,,1,10000,"1,1",10,3,,,,,,,,ent.3191.hit,ent.3191.die,ent.3191.idle,ent.3191.foot,ent.3191.attack,,,,,,,1,0.8,0.25,0.5,,,@10836,,,,,,,,,,,,,,
3169,灰铁剑龙,,GreyIronStegosaurus,GreyIronStegosaurus,,1,,,,,,0,310115,,3169,,,,1,1,1,1,1,,,500,,,,,,,,,,,,,,,0,20,12,,,,,,,,,,7,2.1,16,10000,300,390,200,300,400,200,,300,15,9,0,255,,,,,,3,,,,,,,,,,,,,,,,,,,1,10000,"1,1",10,3,,,,,,,,ent.3191.hit,ent.3191.die,ent.3191.idle,ent.3191.foot,ent.3191.attack,,,,,,,1,0.8,0.25,0.5,,,@10836,,,,,,,,,,,,,,
3170,灰色三角龙,,GrayTriceratops,GrayTriceratops,,1,,,,,,0,310073,,3170,,,,1,1,1,1,1,,,500,,,,,,,,,,,,,,,0,20,12,,,,,,,,,,7,2.1,16,10000,290,390,200,300,400,200,,300,15,9,0,255,,,,,,3,,,,,,,,,,,,,,,,,,,1,10000,"1,1",10,3,,,,,,,,ent.3170.hit,ent.3170.die,ent.3170.idle,ent.3170.foot,ent.3170.attack,,,,,,,1,0.8,0.25,0.5,,,@10836,,,,,,,,,,,,,,
3171,棕色三角龙,,BrownTriceratops ,BrownTriceratops ,,1,,,,,,0,310084,,3171,,,,1,1,1,1,1,,,500,,,,,,,,,,,,,,,0,20,12,,,,,,,,,,7,2.1,16,10000,290,390,200,300,400,300,,300,15,9,0,255,,,,,,3,,,,,,,,,,,,,,,,,,,1,10000,"1,1",10,3,,,,,,,,ent.3170.hit,ent.3170.die,ent.3170.idle,ent.3170.foot,ent.3170.attack,,,,,,,1,0.8,0.25,0.5,,,@10836,,,,,,,,,,,,,,
3172,蓝色三角龙,,BlueTriceratops,BlueTriceratops,,1,,,,,,0,310086,,3172,,,,1,1,1,1,1,,,500,,,,,,,,,,,,,,,0,20,12,,,,,,,,,,7,2.1,16,10000,290,390,200,300,400,300,,300,15,9,0,255,,,,,,3,,,,,,,,,,,,,,,,,,,1,10000,"1,1",10,3,,,,,,,,ent.3170.hit,ent.3170.die,ent.3170.idle,ent.3170.foot,ent.3170.attack,,,,,,,1,0.8,0.25,0.5,,,@10836,,,,,,,,,,,,,,
3173,长剑三角龙boss,,LongswordTriceratopsBoss,LongswordTriceratopsBoss,,1,,,,,,0,310085,,3173,,,,1,1,1,1,1,,,800,,,,,,,,,,,,,,,0,50,30,,,,,,,,,,7,2.1,16,10000,290,390,200,300,400,300,,350,15,9,0,255,,,,,,3,,,,,,,,,,,,,,,,,,,1,10000,"1,1",10,3,,,,,,,,ent.3170.hit,ent.3170.die,ent.3170.idle,ent.3170.foot,ent.3170.attack,,,,,,,1,0.8,0.25,0.5,,,@10836,,,,,,,,,,,,,,
3174,灰色腕龙,,GrayBrachiosaurus,GrayBrachiosaurus,,1,,,,,,0,310080,,3174,,,,1,1,1,1,1,,,600,,,,,,,,,,,,,,,0,20,12,,,,,,,,,,7,2.5,16,10000,360,410,200,360,410,200,,260,15,9,0,255,,,,,,3,,,,,,,,,,,,,,,,,,,1,10000,"1,1",10,3,,,,,,,,ent.3174.hit,ent.3174.die,ent.3174.idle,ent.3174.foot,ent.3174.attack,,,,,,,1,0.8,0.25,0.5,,,@10836,,,,,,,,,,,,,,
3175,黄色腕龙,,YellowBrachiosaurus,YellowBrachiosaurus,,1,,,,,,0,310106,,3175,,,,1,1,1,1,1,,,600,,,,,,,,,,,,,,,0,20,12,,,,,,,,,,7,2.5,16,10000,360,410,200,360,410,200,,260,15,9,0,255,,,,,,3,,,,,,,,,,,,,,,,,,,1,10000,"1,1",10,3,,,,,,,,ent.3174.hit,ent.3174.die,ent.3174.idle,ent.3174.foot,ent.3174.attack,,,,,,,1,0.8,0.25,0.5,,,@10836,,,,,,,,,,,,,,
3176,绿色腕龙,,GreenBrachiosaurus,GreenBrachiosaurus,,1,,,,,,0,310107,,3176,,,,1,1,1,1,1,,,600,,,,,,,,,,,,,,,0,20,12,,,,,,,,,,7,2.5,16,10000,360,410,200,360,410,200,,260,15,9,0,255,,,,,,3,,,,,,,,,,,,,,,,,,,1,10000,"1,1",10,3,,,,,,,,ent.3174.hit,ent.3174.die,ent.3174.idle,ent.3174.foot,ent.3174.attack,,,,,,,1,0.8,0.25,0.5,,,@10836,,,,,,,,,,,,,,
3177,泰坦腕龙boss,,TitanBrachiosaurusBoss,TitanBrachiosaurusBoss,,1,,,,,,0,310091,,3177,,,,1,1,1,1,1,,,900,,,,,,,,,,,,,,,0,50,30,,,,,,,,,,7,2.5,16,10000,360,410,200,360,410,200,,300,15,9,0,255,,,,,,3,,,,,,,,,,,,,,,,,,,1,10000,"1,1",10,3,,,,,,,,ent.3174.hit,ent.3174.die,ent.3174.idle,ent.3174.foot,ent.3174.attack,,,,,,,1,0.8,0.25,0.5,,,@10836,,,,,,,,,,,,,,
3178,红色翼龙,,RedPterosaur,RedPterosaur,,1,,,,,,0,310081,,3178,,,,1,1,1,1,1,,,300,,,,,,,,,,,,,,,0,30,18,,,,,,,,,,7,1.9,16,10000,200,250,200,220,220,200,,400,15,9,0,255,,,,,,3,,,,,,,,,,,,,,,,,,,1,10000,"1,1",10,3,,,,,,,,ent.3178.hit,ent.3178.die,ent.3178.idle,ent.3178.foot,ent.3178.attack,,,,,,,1,0.8,0.25,0.5,,,@10836,,,,,,,,,,,,,,
3179,灰色翼龙,,GrayPterosaur,GrayPterosaur,,1,,,,,,0,310092,,3179,,,,1,1,1,1,1,,,300,,,,,,,,,,,,,,,0,30,18,,,,,,,,,,7,1.9,16,10000,200,250,200,220,220,200,,400,15,9,0,255,,,,,,3,,,,,,,,,,,,,,,,,,,1,10000,"1,1",10,3,,,,,,,,ent.3178.hit,ent.3178.die,ent.3178.idle,ent.3178.foot,ent.3178.attack,,,,,,,1,0.8,0.25,0.5,,,@10836,,,,,,,,,,,,,,
3180,紫色翼龙,,PurplePterosaur,PurplePterosaur,,1,,,,,,0,310093,,3180,,,,1,1,1,1,1,,,300,,,,,,,,,,,,,,,0,30,18,,,,,,,,,,7,1.9,16,10000,200,250,200,220,220,200,,400,15,9,0,255,,,,,,3,,,,,,,,,,,,,,,,,,,1,10000,"1,1",10,3,,,,,,,,ent.3178.hit,ent.3178.die,ent.3178.idle,ent.3178.foot,ent.3178.attack,,,,,,,1,0.8,0.25,0.5,,,@10836,,,,,,,,,,,,,,
3181,风神翼龙boss,,WindgodPterosaurBoss,WindgodPterosaurBoss,,1,,,,,,0,310094,,3181,,,,1,1,1,1,1,,,500,,,,,,,,,,,,,,,0,60,36,,,,,,,,,,7,1.9,16,10000,200,250,200,220,220,200,,500,15,9,0,255,,,,,,3,,,,,,,,,,,,,,,,,,,1,10000,"1,1",10,3,,,,,,,,ent.3178.hit,ent.3178.die,ent.3178.idle,ent.3178.foot,ent.3178.attack,,,,,,,1,0.8,0.25,0.5,,,@10836,,,,,,,,,,,,,,
3182,绿色副栉龙,,GreenParasaurolophus,GreenParasaurolophus,,1,,,,,,0,310082,,3182,,,,1,1,1,1,1,,,400,,,,,,,,,,,,,,,0,20,12,,,,,,,,,,7,1.9,16,10000,230,280,200,230,280,200,,300,15,9,0,255,,,,,,3,,,,,,,,,,,,,,,,,,,1,10000,"1,1",10,3,,,,,,,,ent.3182.hit,ent.3182.die,ent.3182.idle,ent.3182.foot,ent.3182.attack,,,,,,,1,0.8,0.25,0.5,,,@10836,,,,,,,,,,,,,,
3183,青色副栉龙,,CyanParasaurolophus,CyanParasaurolophus,,1,,,,,,0,310104,,3183,,,,1,1,1,1,1,,,400,,,,,,,,,,,,,,,0,20,12,,,,,,,,,,7,1.9,16,10000,230,280,200,230,280,200,,300,15,9,0,255,,,,,,3,,,,,,,,,,,,,,,,,,,1,10000,"1,1",10,3,,,,,,,,ent.3182.hit,ent.3182.die,ent.3182.idle,ent.3182.foot,ent.3182.attack,,,,,,,1,0.8,0.25,0.5,,,@10836,,,,,,,,,,,,,,
3184,红色副栉龙,,RedParasaurolophus,RedParasaurolophus,,1,,,,,,0,310105,,3184,,,,1,1,1,1,1,,,400,,,,,,,,,,,,,,,0,20,12,,,,,,,,,,7,1.9,16,10000,230,280,200,230,280,200,,300,15,9,0,255,,,,,,3,,,,,,,,,,,,,,,,,,,1,10000,"1,1",10,3,,,,,,,,ent.3182.hit,ent.3182.die,ent.3182.idle,ent.3182.foot,ent.3182.attack,,,,,,,1,0.8,0.25,0.5,,,@10836,,,,,,,,,,,,,,
3185,黑色迅猛龙,,BlackRaptor,BlackRaptor,,1,,,,,,0,310097,,3185,,,,1,1,1,1,1,,,200,,,,,,,,,,,,,,,0,30,18,,,,,,,,,,7,1.9,16,10000,240,280,200,240,280,200,,400,15,9,0,255,,,,,,3,,,,,,,,,,,,,,,,,,,1,10000,"1,1",10,3,,,,,,,,ent.3185.hit,ent.3185.die,ent.3185.idle,ent.3185.foot,ent.3185.attack,,,,,,,1,0.8,0.25,0.5,,,@10836,,,,,,,,,,,,,,
3186,青色迅猛龙,,CyanRaptor,CyanRaptor,,1,,,,,,0,310083,,3186,,,,1,1,1,1,1,,,200,,,,,,,,,,,,,,,0,30,18,,,,,,,,,,7,1.9,16,10000,240,280,200,240,280,200,,400,15,9,0,255,,,,,,3,,,,,,,,,,,,,,,,,,,1,10000,"1,1",10,3,,,,,,,,ent.3185.hit,ent.3185.die,ent.3185.idle,ent.3185.foot,ent.3185.attack,,,,,,,1,0.8,0.25,0.5,,,@10836,,,,,,,,,,,,,,
3187,紫色迅猛龙,,PurpleRaptor,PurpleRaptor,,1,,,,,,0,310095,,3187,,,,1,1,1,1,1,,,200,,,,,,,,,,,,,,,0,30,18,,,,,,,,,,7,1.9,16,10000,240,280,200,240,280,200,,400,15,9,0,255,,,,,,3,,,,,,,,,,,,,,,,,,,1,10000,"1,1",10,3,,,,,,,,ent.3185.hit,ent.3185.die,ent.3185.idle,ent.3185.foot,ent.3185.attack,,,,,,,1,0.8,0.25,0.5,,,@10836,,,,,,,,,,,,,,
3188,武装迅猛龙boss,,ArmedRaptorBoss,ArmedRaptorBoss,,1,,,,,,0,310096,,3188,,,,1,1,1,1,1,,,400,,,,,,,,,,,,,,,0,60,36,,,,,,,,,,7,1.9,16,10000,240,280,200,240,280,200,,500,15,9,0,255,,,,,,3,,,,,,,,,,,,,,,,,,,1,10000,"1,1",10,3,,,,,,,,ent.3185.hit,ent.3185.die,ent.3185.idle,ent.3185.foot,ent.3185.attack,,,,,,,1,0.8,0.25,0.5,,,@10836,,,,,,,,,,,,,,
3189,棕色双冠龙,,BrownDilophosaurus,BrownDilophosaurus,,1,,,,,,0,310098,,3189,,,,1,1,1,1,1,,,220,,,,,,,,,,,,,,,0,30,18,,,,,,,,,,7,1.9,16,10000,240,280,200,240,280,200,,300,15,9,0,255,,,,,,3,,,,,,,,,,,,,,,,,,,1,10000,"1,1",10,3,,,,,,,,ent.3189.hit,ent.3189.die,ent.3189.idle,ent.3189.foot,ent.3189.attack,,,,,,,1,0.8,0.25,0.5,,,@10836,,,,,,,,,,,,,,
3190,灰色双冠龙,,GrayDilophosaurus,GrayDilophosaurus,,1,,,,,,0,310103,,3190,,,,1,1,1,1,1,,,220,,,,,,,,,,,,,,,0,30,18,,,,,,,,,,7,1.9,16,10000,240,280,200,240,280,200,,300,15,9,0,255,,,,,,3,,,,,,,,,,,,,,,,,,,1,10000,"1,1",10,3,,,,,,,,ent.3189.hit,ent.3189.die,ent.3189.idle,ent.3189.foot,ent.3189.attack,,,,,,,1,0.8,0.25,0.5,,,@10836,,,,,,,,,,,,,,
3191,绿色剑龙,,GreenStegosaurus,GreenStegosaurus,,1,,,,,,0,310102,,3191,,,,1,1,1,1,1,,,480,,,,,,,,,,,,,,,0,20,12,,,,,,,,,,7,2.3,16,10000,300,390,200,300,400,200,,300,15,9,0,255,,,,,,3,,,,,,,,,,,,,,,,,,,1,10000,"1,1",10,3,,,,,,,,ent.3191.hit,ent.3191.die,ent.3191.idle,ent.3191.foot,ent.3191.attack,,,,,,,1,0.8,0.25,0.5,,,@10836,,,,,,,,,,,,,,
3192,蓝色剑龙,,BlueStegosaurus,BlueStegosaurus,,1,,,,,,0,310110,,3192,,,,1,1,1,1,1,,,480,,,,,,,,,,,,,,,0,20,12,,,,,,,,,,7,2.3,16,10000,300,390,200,300,400,200,,300,15,9,0,255,,,,,,3,,,,,,,,,,,,,,,,,,,1,10000,"1,1",10,3,,,,,,,,ent.3191.hit,ent.3191.die,ent.3191.idle,ent.3191.foot,ent.3191.attack,,,,,,,1,0.8,0.25,0.5,,,@10836,,,,,,,,,,,,,,
3193,霸王龙,,Tyrannosaurus,Tyrannosaurus,,1,,,,,,0,310108,,3193,,,,1,1,1,1,1,,,700,,,,,,,,,,,,,,,0,40,24,,,,,,,,,,7,3,16,10000,350,420,200,370,440,200,,300,15,9,0,255,,,,,,3,,,,,,,,,,,,,,,,,,,1,10000,"1,1",10,3,,,,,,,,ent.3193.hit,ent.3193.die,ent.3193.idle,ent.3193.foot,ent.3193.attack,,,,,,,1,0.8,0.25,0.5,,,@10836,,,,,,,,,,,,,,
3194,狂躁霸王龙,,ManicTyrannosaurus,ManicTyrannosaurus,,1,,,,,,0,310089,,3194,,,,1,1,1,1,1,,,700,,,,,,,,,,,,,,,0,40,24,,,,,,,,,,7,3,16,10000,350,420,200,370,440,200,,300,15,9,0,255,,,,,,3,,,,,,,,,,,,,,,,,,,1,10000,"1,1",10,3,,,,,,,,ent.3193.hit,ent.3193.die,ent.3193.idle,ent.3193.foot,ent.3193.attack,,,,,,,1,0.8,0.25,0.5,,,@10836,,,,,,,,,,,,,,
3195,残暴霸王龙,,ViolenceTyrannosaurus,ViolenceTyrannosaurus,,1,,,,,,0,310109,,3195,,,,1,1,1,1,1,,,700,,,,,,,,,,,,,,,0,40,24,,,,,,,,,,7,3,16,10000,350,420,200,370,440,200,,300,15,9,0,255,,,,,3,3,,,,,,,,,,,,,,,,,,,1,10000,"1,1",10,3,,,,,,,,ent.3193.hit,ent.3193.die,ent.3193.idle,ent.3193.foot,ent.3193.attack,,,,,,,1,0.8,0.25,0.5,,,@10836,,,,,,,,,,,,,,
3196,武装霸王龙,,ArmedTyrannosaurus,ArmedTyrannosaurus,,1,,,,,,0,310090,,3196,,,,1,1,1,1,1,,,800,,,,,,,,,,,,,,,0,60,36,,,,,,,,,,7,3,16,10000,350,420,200,370,440,200,,300,15,9,0,255,,,,,2,3,,,,,,,,,,,,,,,,,,,1,10000,"1,1",10,3,,,,,,,,ent.3193.hit,ent.3193.die,ent.3193.idle,ent.3193.foot,ent.3193.attack,,,,,,,1,0.8,0.25,0.5,,,@10836,,,,,,,,,,,,,,
3197,机械霸王龙boss,,MechanicalTyrannosaurusBoss,MechanicalTyrannosaurusBoss,,1,,,,,,0,310099,,3197,,,,1,1,1,1,1,,,1000,,,,,,,,,,,,,,,0,80,48,,,,,,,,,,7,3,16,10000,360,430,310,370,440,200,,300,15,9,0,255,,,,,1,3,,,,,,,,,,,,,,,,,,,1,10000,"1,1",10,3,,,,,,,,ent.3197.hit,ent.3197.die,ent.3197.idle,ent.3197.foot,ent.3197.attack,,,,,,,1,0.8,0.25,0.5,,,@10836,,,,,,,,,,,,,,
3198,虚空佣兵,,VoidMercenary,VoidMercenary,,,,,,,,0,310100,,3198,,,,1,1,1,4,4,,,150,,,,,,,,,,,,,,,0,20,12,,,,,,,,,,7,1.6,16,10000,200,95,100,220,120,120,,200,15,9,0,255,,,,,,3,,,,,,,,,,,,,,,,,,,1,10000,"1,1",10,3,,,,,,,,,,,,,,,,,,,1,0.8,0.25,0.5,,,@10836,,,,,,,,,,,,,,
3199,虚空博士,,VoidDoctor,VoidDoctor,,,,,,,,0,310101,,3199,,,,1,1,1,4,4,,,300,,,,,,,,,,,,,,,0,30,18,,,,,,,,,,7,1.6,16,10000,200,95,100,220,120,120,,200,15,9,0,255,,,,,,3,,,,,,,,,,,,,,,,,,,1,10000,"1,1",10,3,,,,,,,,,,,,,,,,,,,1,0.8,0.25,0.5,,,@10836,,,,,,,,,,,,,,
3200,野人伙伴,3200,Wildman,Wild man,驯服野人玩法,,对目标地点使用，生成一个#c0aba1d野人伙伴#n,,,10,100,,100219,,3200,,,,10,,,4,,,,250,,,,,,,,,,,,,,,0,15,10,,,,,,,,,,7,3,16,5000,180,60,60,220,120,120,,250,15,1,0,255,,,,,,1,,,,,,,,,,,,,,,,,,,,,,,,,,1,,,,,ent.3200.hit,ent.3200.hit,ent.3200.idle,ent.3200.foot,,,,,,,,1,,,,,,,,,,,,1,,,,,,,,official_CreatureType.Villager.Companion
3201,猎手伙伴,3201,WildHunter,Wild Hunter,驯服野人玩法,,对目标地点使用，生成一个#c0aba1d猎手伙伴#n,,,10,100,,100219,,3201,,,,10,,,4,,,,250,,,,,,,,,,,,,,,0,15,10,,,,,,,,,,7,11,16,5000,180,60,60,220,120,120,,250,15,1,0,255,,,,,,1,,,,,,,,,,,,,,,,,,,,,,,,,,1,,,,,ent.3201.hit,ent.3201.hit,ent.3201.idle,ent.3201.foot,,,,,,,,1,,,,,,,,,,,,1,,,,,,,,official_CreatureType.Villager.Companion
3202,萌宝伙伴,3202,WildBaby,Wild Baby,驯服野人玩法,,对目标地点使用，生成一个#c0aba1d萌宝伙伴#n,,,10,100,,100057,,3202,,,,10,,,4,,,,250,,,,,,,,,,,,,,,0,15,10,,,,,,,,,,7,1.6,16,3500,90,50,50,150,120,120,,250,15,1,0,255,,,,,,1,,,,,,,,,,,,,,,,,,,,,,,,,,1,,,,,ent.3202.hit,ent.3202.hit,ent.3202.idle,ent.3202.foot,,,,,,,,1,,,,,,,,,,,,1,,,,,,,,official_CreatureType.Villager.Companion
3203,野人纪念包裹,,WildManPackage,Wild Man Package,驯服野人玩法,,,,,15,,,100059,,3203,,,,10,,,,,,,100,,,,,,,,,,,,,,,0,5,5,,,,,,,,,,7,1.6,10,5000,80,80,80,120,120,120,,500,15,1,0,255,,,,,,1,,,,,,,,,,,,,,,,,,,,,,,,,,,,,,,,,,,,,,,,,,1,,,,,,,,,,,,,,,,,,,,
3204,沙漠年轻男村民,3204,,,,,对目标地点使用，生成一个#c0aba1d沙漠年轻男村民#n,,,10,,,130027,,3204,,,,10,,,4,,,,250,,,,,,,,,,,,,,,0,15,10,,,,,,,,,,7,1.6,16,5000,180,60,60,220,120,120,,250,15,1,0,255,,,,,,1,,,,,,,,,,,,,,,,,,,,,,,,,,,,,,,ent.3205.hit,ent.3205.hit,ent.3205.idle1,ent.3200.foot1,,,,,,,,1,,,,,,,,备用的ID,,,,1,,,,,,,,official_CreatureType.Villager.DesertVillager
3205,沙漠中年男村民,3205,,,,,对目标地点使用，生成一个#c0aba1d沙漠中年男村民#n,,,10,,,130030,,3205,,,,10,,,4,,,,250,,,,,,,,,,,,,,,0,15,10,,,,,,,,,,7,1.6,16,5000,180,60,60,220,120,120,,250,15,1,0,255,,,,,,1,,,,,,,,,,,,,,,,,,,,,,,,,,,,,,,ent.3205.hit,ent.3205.hit,ent.3205.idle1,ent.3200.foot1,,,,,,,,1,,,,,,,,备用的ID,,,,1,,,,,,,,official_CreatureType.Villager.DesertVillager
3206,沙漠年轻女村民,3206,,,,,对目标地点使用，生成一个#c0aba1d沙漠年轻女村民#n,,,10,,,130028,,3206,,,,10,,,4,,,,250,,,,,,,,,,,,,,,0,15,10,,,,,,,,,,7,1.6,16,5000,180,60,60,220,120,120,,250,15,1,0,255,,,,,,1,,,,,,,,,,,,,,,,,,,,,,,,,,,,,,,ent.3206.hit,ent.3206.hit,ent.3206.idle1,ent.3200.foot1,,,,,,,,1,,,,,,,,备用的ID,,,,1,,,,,,,,official_CreatureType.Villager.DesertVillager
3207,沙漠中年女村民,3207,,,,,对目标地点使用，生成一个#c0aba1d沙漠中年女村民#n,,,10,,,130029,,3207,,,,10,,,4,,,,250,,,,,,,,,,,,,,,0,15,10,,,,,,,,,,7,1.6,16,5000,180,60,60,220,120,120,,250,15,1,0,255,,,,,,1,,,,,,,,,,,,,,,,,,,,,,,,,,,,,,,ent.3207.hit,ent.3207.hit,ent.3207.idle1,ent.3200.foot1,,,,,,,,1,,,,,,,,备用的ID,,,,1,,,,,,,,official_CreatureType.Villager.DesertVillager
3208,沙漠小男孩村民,3208,,,,,对目标地点使用，生成一个#c0aba1d沙漠小男孩村民#n,,,10,,,130026,,3208,,,,10,,,4,,,,250,,,,,,,,,,,,,,,0,15,10,,,,,,,,,,7,1.6,16,3500,90,50,50,150,120,120,,250,15,1,0,255,,,,,,1,,,,,,,,,,,,,,,,,,,,,,,,,,,,,,,ent.3208.hit,ent.3208.hit,ent.3208.idle1,ent.3200.foot1,,,,,,,,0.9,,,,,,,,备用的ID,,,,1,,,,,,,,official_CreatureType.Villager.DesertVillager
3209,沙漠小女孩村民,3209,,,,,对目标地点使用，生成一个#c0aba1d沙漠小女孩村民#n,,,10,,,130031,,3209,,,,10,,,4,,,,250,,,,,,,,,,,,,,,0,15,10,,,,,,,,,,7,1.6,16,3500,90,50,50,150,120,120,,250,15,1,0,255,,,,,,1,,,,,,,,,,,,,,,,,,,,,,,,,,,,,,,ent.3209.hit,ent.3209.hit,ent.3209.idle1,ent.3200.foot1,,,,,,,,0.9,,,,,,,,备用的ID,,,,1,,,,,,,,official_CreatureType.Villager.DesertVillager
3210,老实游商,3210,,,,,对目标地点使用，生成一个#c0aba1d老实游商#n,,,10,,,130032,,3210,,,,10,,,4,,,,250,,,,,,,,,,,,,,,0,15,10,,,,,,,,,,7,1.6,16,5000,170,60,60,220,120,120,,250,15,1,0,255,,,,,,1,,,,,,,,,,,,,,,,,,,,,,,,,,,,,,1,ent.3210.hit,ent.3210.hit,ent.3210.idle1,ent.3200.foot1,,,,,,,,1,,,,,,,,备用的ID,,,,1,,,,,,,,
3211,奸诈游商,3211,,,,,对目标地点使用，生成一个#c0aba1d奸诈游商#n,,,10,,,130033,,3211,,,,10,,,4,,,,250,,,,,,,,,,,,,,,0,15,10,,,,,,,,,,7,1.6,16,5000,170,60,60,220,120,120,,250,15,1,0,255,,,,,,1,,,,,,,,,,,,,,,,,,,,,,,,,,,,,,1,ent.3211.hit,ent.3211.hit,ent.3211.idle1,ent.3200.foot1,,,,,,,,1,,,,,,,,备用的ID,,,,1,,,,,,,,
3212,沙漠特殊商人,,,,,,对目标地点使用，生成一个#c0aba1d沙漠特殊商人#n,,,10,,,130025,,3212,,,,5,1,,4,,,,250,,,,,,,,,,,,,,,0,15,10,,,,,,,,,,7,1.6,16,5000,180,60,60,220,120,120,,250,15,1,0,255,,,,,,1,,,,,,,,,,,,,,,,,,,,,,,,,,,,,,1,ent.3212.hit,ent.3212.hit,ent.3212.idle1,ent.3200.foot1,,,,,,,,1,,,,,,,,,,,,,,,,,,,,
3213,沙漠守卫,,,,,,对目标地点使用，生成一个#c0aba1d沙漠守卫#n,,,,,,100056,,3213,,,,5,1,,4,,,,250,,,5000,0.7,10,,,,,,,,,,0,35,25,,,,,,,,,0.6,7,3,16,5000,180,60,60,220,120,120,,300,15,1,0,255,,,,,,1,,,,,,,,,,,,,,,,,,,,,,,,,,,,,,,ent.3200.hit,ent.3200.hit,ent.3200.idle,ent.3200.foot1,,,,,,,,1,,,,,,,,,,,,,,,,,,,,
3214,渔村男村民1,3214,,,,,对目标地点使用，生成一个#c0aba1d渔村男村民1#n,,,10,100,,130035,,3214,,,,10,,,4,,,,250,,,,,,,,,,,,,,,0,15,10,,,,,,,,,,7,1.6,16,5000,180,60,60,220,120,120,,250,15,1,0,255,,,,,,1,,,,,,,,,,,,,,,,,,,,,,,,,,,,,,,ent.3214.hit,ent.3214.die,ent.3214.idle1,ent.3200.foot1,,,,,,,,1,,,,,,,,,,,,1,,,,,,,,official_CreatureType.Villager.FishingVillager
3215,渔村男村民2,3215,,,,,对目标地点使用，生成一个#c0aba1d渔村男村民2#n,,,10,100,,130036,,3215,,,,10,,,4,,,,250,,,,,,,,,,,,,,,0,15,10,,,,,,,,,,7,1.6,16,5000,180,60,60,220,120,120,,250,15,1,0,255,,,,,,1,,,,,,,,,,,,,,,,,,,,,,,,,,,,,,,ent.3215.hit,ent.3215.die,ent.3215.idle1,ent.3200.foot1,,,,,,,,1,,,,,,,,,,,,1,,,,,,,,official_CreatureType.Villager.FishingVillager
3216,渔村女村民1,3216,,,,,对目标地点使用，生成一个#c0aba1d渔村女村民1#n,,,10,100,,130034,,3216,,,,10,,,4,,,,250,,,,,,,,,,,,,,,0,15,10,,,,,,,,,,7,1.6,16,5000,180,60,60,220,120,120,,250,15,1,0,255,,,,,,1,,,,,,,,,,,,,,,,,,,,,,,,,,,,,,,ent.3216.hit,ent.3216.die,ent.3216.idle1,ent.3200.foot1,,,,,,,,1,,,,,,,,,,,,1,,,,,,,,official_CreatureType.Villager.FishingVillager
3217,渔村女村民2,3217,,,,,对目标地点使用，生成一个#c0aba1d渔村女村民2#n,,,10,100,,130037,,3217,,,,10,,,4,,,,250,,,,,,,,,,,,,,,0,15,10,,,,,,,,,,7,1.6,16,5000,180,60,60,220,120,120,,250,15,1,0,255,,,,,,1,,,,,,,,,,,,,,,,,,,,,,,,,,,,,,,ent.3217.hit,ent.3217.die,ent.3217.idle1,ent.3200.foot1,,,,,,,,1,,,,,,,,,,,,1,,,,,,,,official_CreatureType.Villager.FishingVillager
3218,渔村男性儿童,3218,,,,,对目标地点使用，生成一个#c0aba1d渔村男性儿童#n,,,10,100,,130038,,3218,,,,10,,,4,,,,250,,,,,,,,,,,,,,,0,0,0,,,,,,,,,,7,1.6,16,3500,90,50,50,150,120,120,,250,15,1,0,255,,,,,,1,,,,,,,,,,,,,,,,,,,,,,,,,,,,,,,ent.3218.hit,ent.3218.die,ent.3218.idle1,ent.3200.foot1,,,,,,,,1,,,,,,,,,,,,1,,,,,,,,official_CreatureType.Villager.FishingVillager
3219,渔村女性儿童,3219,,,,,对目标地点使用，生成一个#c0aba1d渔村女性儿童#n,,,10,100,,130039,,3219,,,,10,,,4,,,,250,,,,,,,,,,,,,,,0,0,0,,,,,,,,,,7,1.6,16,3500,90,50,50,150,120,120,,250,15,1,0,255,,,,,,1,,,,,,,,,,,,,,,,,,,,,,,,,,,,,,,ent.3219.hit,ent.3219.die,ent.3219.idle1,ent.3200.foot1,,,,,,,,1,,,,,,,,,,,,1,,,,,,,,official_CreatureType.Villager.FishingVillager
3220,海盗掠夺者,,,,,,,,,10,,,130042,,3220,,,,5,2,,2,2,,,250,,,1500,0.7,5,,,,,,,,,,0,45,20,,,,,,,,,,7,3,16,5000,180,60,60,200,120,120,,300,15,1,0,255,,,,,,1,,,,,,,,,,,,,,,,,,,,,,,,,,,,,,,ent.3220.hit,ent.3220.die,ent.3220.idle1,ent.3200.foot1,,,,,,,,1,,,,,,,,,,,,,,,,,,,,
3221,海盗猎手,,,,,,,,,10,,,130043,,3221,,,,5,2,,2,2,,,250,,,1500,,,,,,,,,,,,0,35,20,,,,,,,,,0.6,7,3,16,5000,180,60,60,200,120,120,,300,15,1,0,255,,,,,,1,,,,,,,,,,,,,,,,,,,,,,,,,,,,,,,ent.3220.hit,ent.3220.die,ent.3220.idle1,ent.3200.foot1,,,,,,,,1,,,,,,,,,,,,,,,,,,,,
3222,海盗商人,3222,,,,,对目标地点使用，生成一个#c0aba1d海盗商人#n,,,10,,,130044,,3222,,,,10,,1,4,,,,250,,,1500,,,,,,,,,,,,0,35,20,,,,,,,,,0.6,7,3,16,5000,170,60,60,200,120,120,,250,15,1,0,255,,,,,,1,,,,,,,,,,,,,,,,,,,,,,,,,,,,,,1,ent.3222.hit,ent.3222.die,ent.3222.idle1,ent.3200.foot1,,,,,,,,1,,,,,,,,,,,,1,,,,,,,,
3223,海岛商人,3223,,,,,对目标地点使用，生成一个#c0aba1d海岛商人#n,,,10,,,130041,,3223,,,,10,,,4,,,,250,,,,,,,,,,,,,,,0,0,0,,,,,,,,,,7,1.6,16,5000,180,60,60,220,120,120,,250,15,1,0,255,,,,,,1,,,,,,,,,,,,,,,,,,,,,,,,,,,,,,1,ent.3223.hit,ent.3223.die,ent.3223.idle1,ent.3200.foot1,,,,,,,,1,,,,,,,,,,,,1,,,,,,,,
3224,海灵守卫,,Lanternfish,Lanternfish,水生生物,,,,,,,,100087,,3224,,,,3,2,1,2,2,,,350,,,3000,0.7,10,,,,10,,,,,,0,40,30,,,,,,,,,0.75,20,3,6,1000,180,60,60,220,120,120,,500,15,1,0,255,,,,,,5,,,,,,,,11640,10000,,,,,,,,,,25,10000,"2,4",10,,,,,,,,,ent.3224.seaspirithit1,ent.3224.seaspiritdie1,,ent.3224.seaspiritidle1,ent.3224.seaspiritattack1,,,,,,,1.2,,0.25,,,,,,,1.2,,,,,,,,,,"0,1,0,0",
3225,小型海盗船,,,,,,,,,,,,100088,,3225,,,,3,2,,2,,,,500,,,,,,,,,,,,,,,1,0,0,,,,,,,,,,7,2,16,5000,1800,600,1800,1800,600,1800,,400,15,1,0,255,,,,,3,1,,,,,,,,,,,,,,,,,,,,,,,,,,,,,,,,,,,,,,,,,,0.6,,,,,,,,,0.2,,,,,,,,,,"0,1,0,0",
3226,中型海盗船,,,,,,,,,,,,100089,,3226,,,,3,2,,2,,,,1000,,,,,,,,,,,,,,,1,0,0,,,,,,,,,,7,2,16,5000,1800,800,1800,1800,800,1800,,350,15,1,0,255,,,,,2,1,,,,,,,,,,,,,,,,,,,,,,,,,,,,,,,,,,,,,,,,,,0.6,,,,,,,,,0.16,,,,,,,,,,"0,1,0,0",
3227,大型海盗船,,,,,,,,,,,,100092,,3227,,,,3,2,,2,,,,1500,,,,,,,,,,,,,,,1,0,0,,,,,,,,,,7,2,16,5000,2500,1000,2500,2500,1000,2500,,300,15,1,0,255,,,,,1,1,,,,,,,,,,,,,,,,,,,,,,,,,,,,,,,,,,,,,,,,,,0.6,,,,,,,,,0.14,,,,,,,,,,"0,1,0,0",
3228,炸弹小船,,,,,,,,,,,,100093,,3228,,,,3,2,,2,,,,100,,,,,,,,,,,,,,,2,5,75,,,,,,,,,,7,2,16,5000,280,100,100,280,100,100,,220,15,1,0,255,,,,,,1,,,,,,,,,,,,,,,,,,,,,,,,,,,,,,,,,,,,,,,,,,1,,,,,,,,,0.3,,,,,,,,,,"0,1,0,0",
3229,渔村传奇钓手,3229,,,,,对目标地点使用，生成一个#c0aba1d传奇钓手#n,,,10,100,,130040,,3229,,,,10,,,4,,,,400,,,,,,,,,,,,,,,0,20,15,,,,,,,,,,7,1.6,16,5000,180,60,60,220,120,120,,250,15,1,0,255,,,,,,1,,,,,,,,,,,,,,,,,,,,,,,,,,,,,,1,ent.3229.hit,ent.3229.die,ent.3229.idle1,ent.3200.foot1,,,,,,,,1,,,,,,,,,,,,1,,,,,,,,
3230,漂流瓶（生物）,,DriftingBottle,DriftingBottle,,,,,,15,,,120012,,icon145,,,,1,,,,,,,100,,,,,,,,,,,,,,,0,5,3,,,,,,,,,,7,1.6,10,5000,40,40,40,120,120,120,,500,15,1,0,255,,,,,,1,,,,,,,,26,10000,,,,,,,,,,,,,,,,,,,,,,,,,,,,,,,,,1,,,,,,,,,,,,,,,,,,,,
3231,远方的漂流瓶（生物）,,,,,,,,,15,,,120013,,icon146,,,,1,,,,,,,100,,,,,,,,,,,,,,,0,5,3,,,,,,,,,,7,1.6,10,5000,80,80,80,120,120,120,,500,15,1,0,255,,,,,,1,,,,,,,,27,10000,,,,,,,,,,,,,,,,,,,,,,,,,,,,,,,,,1,,,,,,,,,,,,,,,,,,,,
3232,小玻璃瓶（生物）,,,,,,,,,15,,,120014,,icon147,,,,1,,,,,,,100,,,,,,,,,,,,,,,0,5,3,,,,,,,,,,7,1.6,10,5000,80,80,80,120,120,120,,500,15,1,0,255,,,,,,1,,,,,,,,,,,,,,,,,,,,,,,,,,,,,,,,,,,,,,,,,,1,,,,,,,,,,,,,,,,,,,,
3233,冰原村民,3233,Iceman,Ice man,冰原村民玩法,,对目标地点使用，生成一个#c0aba1d冰原村民#n,,,10,100,,100219,,3233,,,,10,,,4,,,,250,,,,,,,,,,,,,,,0,20,10,,,,,,,,,,7,16,16,5000,180,60,60,220,120,120,,250,15,1,0,255,,,,,,1,,,,,,,,,,,,,,,,,,,,,,,,,,1,,,,,ent.3233.hit,ent.3233.hit,ent.3233.idle,ent.3233.foot,,,,,,,,1,,,,,,,,,,,,1,,,,,,,,official_CreatureType.Villager.TundraVillager
3234,冰原萌宝,3234,IceBaby,Ice Baby,冰原村民玩法,,对目标地点使用，生成一个#c0aba1d冰原萌宝#n,,,10,100,,130049,,3234,,,,10,,,4,,,,250,,,,,,,,,,,,,,,0,20,10,,,,,,,,,,7,16,16,3500,90,50,50,150,120,120,,250,15,1,0,255,,,,,,1,,,,,,,,,,,,,,,,,,,,,,,,,,1,,,,,ent.3234.hit,ent.3234.hit,ent.3234.idle,ent.3234.foot,,,,,,,,1,,,,,,,,,,,,1,,,,,,,,official_CreatureType.Villager.TundraVillager
3235,冰原护卫村民,,Iceman,Ice man,冰原村民玩法,,对目标地点使用，生成一个#c0aba1d冰原护卫村民#n,,,10,100,,130048,,3233,,,,10,,,4,,,,250,,,,,,,,,,,,,,,0,20,10,,,,,,,,,,7,16,16,5000,180,60,60,220,120,120,,250,15,1,0,255,,,,,,1,,,,,,,,,,,,,,,,,,,,,,,,,,,,,,,ent.3233.hit,ent.3233.hit,ent.3233.idle,ent.3233.foot,,,,,,,,1,,,,,,,,,,,,1,,,,,,,,official_CreatureType.Villager.TundraVillager
3236,冰原猎人村民,,Iceman,Ice man,冰原村民玩法,,对目标地点使用，生成一个#c0aba1d冰原猎人村民#n,,,10,100,,130048,,3233,,,,10,,,4,,,,250,,,,,,,,,,,,,,,0,20,10,,,,,,,,,,7,16,16,5000,180,60,60,220,120,120,,250,15,1,0,255,,,,,,1,,,,,,,,,,,,,,,,,,,,,,,,,,,,,,,ent.3233.hit,ent.3233.hit,ent.3233.idle,ent.3233.foot,,,,,,,,1,,,,,,,,,,,,1,,,,,,,,official_CreatureType.Villager.TundraVillager
3237,冰原樵夫村民,,Iceman,Ice man,冰原村民玩法,,对目标地点使用，生成一个#c0aba1d冰原樵夫村民#n,,,10,100,,130048,,3233,,,,10,,,4,,,,250,,,,,,,,,,,,,,,0,20,10,,,,,,,,,,7,16,16,5000,180,60,60,220,120,120,,250,15,1,0,255,,,,,,1,,,,,,,,,,,,,,,,,,,,,,,,,,,,,,,ent.3233.hit,ent.3233.hit,ent.3233.idle,ent.3233.foot,,,,,,,,1,,,,,,,,,,,,1,,,,,,,,official_CreatureType.Villager.TundraVillager
3238,冰原工人村民,,Iceman,Ice man,冰原村民玩法,,对目标地点使用，生成一个#c0aba1d冰原工人村民#n,,,10,100,,130048,,3233,,,,10,,,4,,,,250,,,,,,,,,,,,,,,0,20,10,,,,,,,,,,7,16,16,5000,180,60,60,220,120,120,,250,15,1,0,255,,,,,,1,,,,,,,,,,,,,,,,,,,,,,,,,,,,,,,ent.3233.hit,ent.3233.hit,ent.3233.idle,ent.3233.foot,,,,,,,,1,,,,,,,,,,,,1,,,,,,,,official_CreatureType.Villager.TundraVillager
3239,冰原助手村民,,IceBaby,Ice Baby,冰原村民玩法,,对目标地点使用，生成一个#c0aba1d冰原助手村民#n,,,10,100,,130049,,3234,,,,10,,,4,,,,250,,,,,,,,,,,,,,,0,20,10,,,,,,,,,,7,16,16,3500,90,50,50,150,120,120,,250,15,1,0,255,,,,,,1,,,,,,,,,,,,,,,,,,,,,,,,,,,,,,,ent.3233.hit,ent.3233.hit,ent.3233.idle,ent.3233.foot,,,,,,,,1,,,,,,,,,,,,1,,,,,,,,official_CreatureType.Villager.TundraVillager
3240,雪球,,SnowBall,SnowBall,,,,,,,,,3240,,,,,,9,,,,,,,1,,,,,,,,,,,,,,,0,100,60,,,,,,,,,,7,2.6,16,10000,70,70,70,70,70,70,,300,15,9,0,255,,,,,,,,,,,,,,,,,,,,,,,,,,,,,,,,,,,,,,,,,,,,,,,,,,,,,,,,,,,,,,,,,,,,
3241,假人模型,,DummyModel,DummyModel,驯服野人玩法,,,,,10,100,,1200001,,3241,,,,0,2,,4,,,,250,,,,,,,,,,,,,,,0,15,9,,,,,,,,,,7,3,16,5000,180,60,60,220,120,120,,250,15,1,0,255,,,,,,1,,,,,,,,,,,,,,,,,,,,,,,,,,,,,,,ent.3200.hit,ent.3200.hit,ent.3200.idle,ent.3200.foot,,,,,,,,1,,,,,,,,,,,,1,,,,,,,,
3242,小虚空漩涡,,SmallVoidVortex,SmallVoidVortex,,,,,,10,100,,1200002,,3101,,,,0,,,,,,,250,,,,,,,,,,,,,,,0,15,9,,,,,,,,,,7,3,16,5000,180,60,60,220,120,120,,250,15,1,0,255,,,,,,1,,,,,,,,,,,,,,,,,,,,,,,,,,,,,,,ent.3200.hit,ent.3200.hit,ent.3200.idle,ent.3200.foot,,,,,,,,1,,,,,,,,,,,,1,,,,,,,,
3243,大虚空漩涡,,HugeVoidVortex,HugeVoidVortex,,,,,,10,100,,1200002,,3101,,,,0,,,,,,,250,,,,,,,,,,,,,,,0,15,9,,,,,,,,,,7,3,16,5000,180,60,60,220,120,120,,250,15,1,0,255,,,,,,1,,,,,,,,,,,,,,,,,,,,,,,,,,,,,,,ent.3200.hit,ent.3200.hit,ent.3200.idle,ent.3200.foot,,,,,,,,1,,,,,,,,,,,,1,,,,,,,,
3244,虚空团子,,VoidWildMonsterRound,VoidWildMonsterRound,,,,,,,,,100102,1,3244,,,,2,1,1,1,4,,,150,,,,,,,,,,,,,,,0,5,3,42003,,,,,,,,,7,2.6,16,6000,120,120,120,150,150,150,,300,15,9,0,255,,,,,,1,,,,,,,,12576,10000,,12287,8000,,,,,,,3,10000,"3,3",,,,,1,,,,,ent.3415.hit,ent.3415.die,ent.3415.idle,,,,,,mob_3414_6,,,1,0.8,,,,,,,,,,,,,,,,,,,
3245,虚空团子（驯服）,,VoidMonsterRound,VoidMonsterRound,,,,,,,,,100102,,3244,,,,2,1,,3,4,,,100,,,,,,,,,,,,,,,0,10,30,,,,,,,,,,7,1.6,16,6000,120,120,120,150,150,150,,300,15,9,0,255,,,,,,1,,,,,,,,,,,,,,,,,,,,,,,3,,,,,,,,ent.3415.hit,ent.3415.die,ent.3415.idle,,,,,,,,,1.2,,,,,,,,,0.8,,,,,,,,,,,
3246,虚空角鹿,,VoidWildElk,VoidWildElk,,,,,,5,100,0,100104,,3246,,,,1,1,1,1,4,,,60,,,,,,,,,,,,,,,0,1,0,,,,,,,,,,7,1.6,16,3000,150,80,100,160,140,160,,280,15,9,0,255,,,,,,3,,,,,,,,200422,5000,,,,,,,,,,3,10000,"1,3",10,1,,,,,,,,ent.3403.hit,ent.3403.die,ent.3403.idle,ent.3403.foot,,,,,,,,1,,,,,,,,,,,,,,,,,,,,official_CreatureAbility.DietType.Herbivore
3247,虚空角鹿（驯服）,,VoidElk,VoidElk,,,,,,,,,100104,,3246,,,,1,1,,3,4,,,100,,,,,,,,,,,,,,,0,1,0,,,,,,,,,,7,1.6,16,3000,150,80,100,160,140,160,,280,15,9,0,255,,,,,,,,,,,,,,,,,,,,,,,,,,,,,,,,,,,,,ent.3403.hit,ent.3403.die,ent.3403.idle,ent.3403.foot,,,,,,,,1,,,,,,,,,,,"1,1",,,,,,,,,official_CreatureAbility.DietType.Herbivore
3248,虚空狐狸,,VoidWildFox,VoidWildFox,,,,,,5,200,1,100106,1,3248,,,,1,1,1,1,4,,,80,,,1500,,,,,,,,,,,,0,10,10,,,,,,,,,,7,2,16,4000,90,70,90,100,90,180,,250,15,9,0,255,,,,,,,,,,,,,,11307,10000,,200422,5000,,,,,,,11,10000,"1,3",10,,,,1,,,,,,,,,,,,,,,,1,,,,,,,,,,,,,,,,,,,,official_CreatureAbility.DietType.Carnivore
3249,虚空狐狸（驯服）,,VoidFox,VoidFox,,,,,,5,100,0,100106,1,3248,,,,1,1,,1,4,,,125,,,1500,,,,,,,,,,,,0,10,10,,,,,,,,,,7,1.6,16,4000,90,70,60,100,90,90,,300,15,9,0,255,,,,,,,,,,,,,,,,,,,,,,,,,,,,,,,,,,,,,,,,,,,,,,,,1,,,,,,,,,,,"2,1",,,,,,,,,official_CreatureAbility.DietType.Carnivore
3250,虚空狐狸（二尾）,,VoidWildTwoTailedFox,VoidWildTwoTailedFox,,,,,,,200,,100106,1,3248,,,,1,,,1,4,,,120,,,1500,,,,,,,,,,,,0,15,15,,,,,,,,,,7,2,16,4000,90,70,90,100,90,90,,250,15,9,0,255,,,,,,,,,,,,,,11307,10000,,200422,5000,,,,,,,11,10000,"1,3",10,,,,1,,,,,,,,,,,,,,,,1,,,,,,,,,,,,,,,,,,,,official_CreatureAbility.DietType.Carnivore
3251,虚空狐狸（二尾驯服）,,VoidTwoTailedFox,VoidTwoTailedFox,,,,,,,100,,100106,1,3248,,,,1,,,1,4,,,150,,,1500,,,,,,,,,,,,0,15,15,,,,,,,,,,7,1.6,16,4000,90,70,60,100,90,90,,300,15,9,0,255,,,,,,,,,,,,,,,,,,,,,,,,,,,,,,,,,,,,,,,,,,,,,,,,1,,,,,,,,,,,"2,1",,,,,,,,,official_CreatureAbility.DietType.Carnivore
3252,虚空狐狸（三尾）,,VoidWildThreeTailedFox,VoidWildThreeTailedFox,,,,,,,200,,100106,2,3248,,,,1,,,1,4,,,240,,,1500,,,,,,,,,,,,0,30,25,,,,,,,,,0.8,7,2,16,4000,90,70,90,100,90,90,,250,15,9,0,255,,,,,,,,,,,,,,11307,10000,,200422,5000,,,,,,,11,10000,"1,3",10,,,,1,,,,,,,,,,,,,,,,1,,,,,,,,,,,,,,,,,,,,official_CreatureAbility.DietType.Carnivore
3253,虚空狐狸（三尾驯服）,,VoidThreeTailedFox,VoidThreeTailedFox,,,,,,,100,,100106,2,3248,,,,1,,,1,4,,,150,,,1500,,,,,,,,,,,,0,20,20,,,,,,,,,,7,1.6,16,4000,90,70,60,100,90,90,,300,15,9,0,255,,,,,,,,,,,,,,,,,,,,,,,,,,,,,,,,,,,,,,,,,,,,,,,,1,,,,,,,,,,,"2,1",,,,,,,,,official_CreatureAbility.DietType.Carnivore
3254,虚空雪兔,,VoidRabbit,VoidRabbit,,,,,,5,100,0,100110,,3254,3911,,,1,1,1,1,4,,,30,,,,,,,,,,,,,,,0,1,0,,,,,,,,,,7,1.6,16,1000,45,60,45,70,60,60,,280,15,9,0,255,,,,,,,,,,,,,,200422,5000,,12623,5000,,,,,,,3,10000,"1,2",10,1,,,,,,,,ent.3910.hit,,,,,,,,,,,1,,,,,,,,,,,,,,,,,,,,
3255,虚空蝴蝶,,VoidButterfly,VoidButterfly,,,,,,5,100,0,100112,,3255,,,,8,1,,1,4,,,10,,,,,,,,,,,,,,,0,10,6,,,,,,,,,,7,1.6,16,500,20,20,20,60,50,50,,250,15,9,0,255,,,,,,,,,,,,,,,,,,,,,,,,,3,10000,"1,2",10,1,,,,,,,,ent.3885.hit,ent.3885.die,ent.3885.idle,ent.3885.foot,,,,,,,,1,,,,,,,,,,,,,,,,,,,"0,0,1,0",
3256,冰原女村民,3256,Iceman,Ice man,冰原村民玩法,,对目标地点使用，生成一个#c0aba1d冰原女村民#n,,,10,100,,100219,,3256,,,,10,,,4,,,,250,,,,,,,,,,,,,,,0,20,10,,,,,,,,,,7,16,16,5000,180,60,60,220,120,120,,250,15,1,0,255,,,,,,1,,,,,,,,,,,,,,,,,,,,,,,,,,1,,,,,ent.3233.hit,ent.3233.hit,ent.3233.idle,ent.3233.foot,,,,,,,,1,,,,,,,,,,,,1,,,,,,,,official_CreatureType.Villager.TundraVillager
3261,虚空沃沃兽,,VoidWildWowo,VoidWildWowo,,,,,,5,100,0,100105,,3261,,,,1,1,1,1,4,,,200,,,,0.8,,,,,,,,,,,0,20,0,,,,,,,,,0.75,7,1.6,16,4000,150,90,100,180,135,220,,280,15,9,0,255,,,,,,,,,,,,,,200422,5000,,11307,5000,,11307,5000,,,,10,10000,"1,3",10,3,,,1,,,,,ent.3401.hit,ent.3401.die,ent.3401.idle,ent.3401.foot,,,,,,,,1.2,,,,,,,,,,,,,,,,,,,,
3262,虚空沃沃兽（驯服）,,VoidWowo,VoidWowo,,,,,,5,100,0,100105,,3261,,,,1,1,,3,4,,,150,,,,,,,,,,,,,,,0,10,0,,,,,,,,,,7,1.6,16,4000,150,90,100,180,135,220,,280,15,9,0,255,,,,,,,,,,,,,,,,,,,,,,,,,,,,,,,,,,,,,ent.3401.hit,ent.3401.die,ent.3401.idle,ent.3401.foot,,,,,,,,1.2,,,,,,,,,,,"1,1",,,,,,,,,official_CreatureAbility.DietType.Herbivore
3263,虚空水母,,VoidJellyfish,VoidJellyfish,水生生物,,,,,,,,100125,,3263,,,,3,1,1,1,4,,,120,,,,,,,,,,,,,,,0,25,20,,,,,,15,,,,7,2.5,10,100,200,100,100,200,100,120,,200,15,1,0,255,,,,,,,,,,,,,,12719,10000,,,,,,,,,,20,10000,"2,4",200,2,,,,,,,,ent.3621.hit1,,,,ent.3626.hit1,,ent.3626.hit2,,,,,1.2,0.8,5,,,,,,,,,,,,,,,,,"0,1,0,0",
3264,虚空沙漠狼,,VoidDesertWolf,VoidDesertWolf,,,,,,,,,100123,,3264,,,,1,1,,1,4,,,150,,,,,,,,,,,,,,,0,55,35,,,,,,,,,0.6,7,2,16,4000,90,70,90,100,90,120,,250,15,1,0,255,,,,,6,,,,,,,,,200422,5000,,11307,10000,,11307,3000,,,,13,10000,"1,3",130,,,,,,,,,ent.3407.hit,ent.3407.die,ent.3407.idle,ent.3407.foot,,,,,100079_glow,,,1,,,,,,,,备用的ID,,,,,,,,,,,,
3266,虚空鲨鱼,,VoidShark,VoidShark,水生生物,,,,,,,,100124,,3266,,,,3,1,1,1,4,,,500,,,,0.7,,,,,,,,,,,0,55,35,,,,,,,,,0.6,7,2,66,500,200,200,200,270,320,600,,640,15,1,0,255,,,,,,,,,,,,,,12065,4000,,12066,4000,,27,2000,,,,15,10000,"2,4",10,3,,,,,,,,ent.3621.hit1,,,,,,,,100080_glow,,,1.2,0.8,10,0.5,,,,,,0.5,,,,,,,,,,"0,1,0,0",
3267,虚空蝙蝠,,VoidBat,VoidBat,,,,,,5,100,0,100122,,3267,,,,0,2,1,2,4,,,10,,,1500,,,,,,,,,,,,0,5,3,,,,,,,,,,7,2.5,16,5000,95,95,100,130,130,130,,300,5,0,10,255,,,,,,,,,,,,,,11914,2500,,,,,,,,,,7,10000,"1,3",130,,,,,,,,,ent.3107.hit,ent.3107.die,ent.3107.idle,ent.3107.foot1,,,,,100037_glow,,,0.8,0.7,5,,,,,,,0.8,,,,,,,,,,,official_CreatureType.Monster
3268,虚空豹子,,VoidLeopard,VoidLeopard,,,,,,,100,0,100121,,3268,,,,1,1,1,1,4,,,260,,,,0.6,,,,,,,,,,,0,40,25,,,,,,,,,0.6,7,2,16,4000,90,90,90,140,90,250,,250,15,9,0,255,,,,,,,,,,,,,,200422,5000,,11602,10000,,,,,,,13,10000,"1,3",10,2,,,,,,,,ent.3872.hit,ent.3872.die,ent.3872.leopardroar,,,,,,100062_glow,,,1,,,,,,,,,,,,,,,,,,,,
3269,虚空小型海盗船,,VoidSmallPirateShip,VoidSmallPirateShip,,,,,,,,,100127,,3269,,,,3,2,1,2,,,,500,,,,,,,,,,,,,,,1,0,0,,,,,,,,,,7,2.5,16,5000,1800,600,1800,1800,600,1800,,400,15,1,0,255,,,,,,,,,,,,,,,,,,,,,,,,,,,,,,,,,,,,,,,,,,,,,,,,0.6,,,,,,,,,0.2,,,,,,,,,,"0,1,0,0",
3270,虚空萤火虫,,VoidFirefly,VoidFirefly,,,,,,,,,100126,,3270,,,,8,1,1,1,4,,,5,,,,,,,,,,,,,,,0,1,0,,,,,,,,,,12,2,16,50,60,60,60,50,80,80,,300,5,0,0,255,,,,,,,,,,,,,,,,,,,,,,,,,,,,,1,,,,,,,,,,,,,,,,110057_glow,,,0.7,0.6,,,,,,,,0.7,,,1,,,,,,,"0,0,1,0",
3271,虚空漩涡,,VoidVortex,VoidVortex,,,,,,10,100,,1200002,,3101,,,,0,,,,,,,250,,,,,,,,,,,,,,,0,15,9,,,,,,,,,,7,3,16,0,180,60,60,220,120,120,,250,15,1,0,255,,,,,,1,,,,,,,,,,,,,,,,,,,,,,,,,,,,,,,ent.3200.hit,ent.3200.hit,ent.3200.idle,ent.3200.foot,,,,,,,,1,,,,,,,,,,,,1,,,,,,,,
3272,虚空中型海盗船,,VoidMiddlePirateShip,VoidMiddlePirateShip,,,,,,,,,100128,,3272,,,,3,2,,2,,,,1000,,,,,,,,,,,,,,,1,0,0,,,,,,,,,,7,2.5,16,5000,1800,800,1800,1800,800,1800,,350,15,1,0,255,,,,,,,,,,,,,,,,,,,,,,,,,,,,,,,,,,,,,,,,,,,,,,,,0.6,,,,,,,,,0.16,,,,,,,,,,"0,1,0,0",
3273,虚空大型海盗船,,VoidBigPirateShip,VoidBigPirateShip,,,,,,,,,100129,,3273,,,,3,2,,2,,,,1500,,,,,,,,,,,,,,,1,0,0,,,,,,,,,,7,2.5,16,5000,2500,1000,2500,2500,1000,2500,,300,15,1,0,255,,,,,,,,,,,,,,,,,,,,,,,,,,,,,,,,,,,,,,,,,,,,,,,,0.6,,,,,,,,,0.14,,,,,,,,,,"0,1,0,0",
3274,铁穹霸天战车,,SkyKing,SkyKing,,,,,,,,,100207,,3274,,,,1,,,1,1,,,150,,,,,20,,10,,,,,,,,0,25,0,,,,,,,,,,7,1.6,16,4000,252,250,200,200,250,200,,280,15,9,0,255,,,,,,,,,,,,,,,,,,,,,,,,,,,,,,,,,,,,,,,,,,,,,,,,1,,,,,,,,冒险玩法机械boss奖励,,,,1,,,,,,,,
3275,铁穹裂地战车,,GroundKing,GroundKing,,,,,,,,,100208,,3275,,,,1,,,1,1,,,150,,,,,20,,10,,,,,,,,0,10,0,,,,,,,,,,7,1.6,16,4000,252,250,200,200,250,200,,280,15,9,0,255,,,,,,,,,,,,,,,,,,,,,,,,,,,,,,,,,,,,,,,,,,,,,,,,1,,,,,,,,冒险玩法机械boss奖励,,,,1,,,,,,,,
3276,狗,3276,Dod,Dod,,,#c0aba1d肉食性哺乳类#n，对目标地点使用，生成一只#c0aba1d狗#n，可被@item_12746#、@item_12741#和@item_11535#吸引。#r使用@item_12746#、@item_12741#和@item_11535#有一定几率能够#c0aba1d驯服#n它成为你的#c0aba1d伙伴#n。#r幼年的狗食用#c0aba1d2次#n@item_11535#能够成长。#r驯服后的两只成年狗各食用#c0aba1d2次#n@item_11535#能进行繁殖。在驯服的狗附近玩@item_12740#它们会帮你叼回来。#r击败后无掉落。,,,,,,100209,,3276,,3277,13,1,,1,1,1,,,150,,,,,,,,,,,,,,,0,45,30,,,,,,,,,0.6,7,2.5,16,4000,150,90,100,180,135,250,,250,15,9,0,255,,,,,,2,,,,,,,,,,,,,,,,,,,15,10000,"1,2",,,,,,,,,,,,,,,,,,,,,1,,,,,,,,,,,,1,,,,,,,,
3277,小奶狗,3277,LittleDog,LittleDog,,,#c0aba1d肉食性哺乳类#n，对目标地点使用，生成一只#c0aba1d小奶狗#n，可被@item_12746#、@item_12741#和@item_11535#吸引。#r小奶狗食用#c0aba1d2次#n@item_11535#能够成长。#r击败后无掉落。,,,,,,100210,,3277,,,,1,,1,1,1,,,50,,,,,,,,,,,,,,,0,1,0,,,,,,,,,,7,1.6,16,1000,150,90,100,180,135,250,,250,15,9,0,255,,,,,,,,,,,,,,,,,,,,,,,,,10,10000,"1,2",,,,,,,,,,,,,,,,,,,,,1,,,,,,,,,,,,1,,,,,,,,
3278,猫,3278,Cat,Cat,,,#c0aba1d肉食性哺乳类#n，对目标地点使用，生成一只#c0aba1d猫#n，可被@item_12520#、@item_12704#、@item_12703#和@item_11535#吸引。#r使用@item_12520#、@item_12704#、@item_12703#和@item_11535#有一定几率能够#c0aba1d驯服#n它成为你的#c0aba1d伙伴#n。#r幼年的猫食用#c0aba1d2次#n@item_11535#能够成长。#r驯服后的两只成年猫各食用#c0aba1d2次#n@item_11535#能进行繁殖。它们会追着@item_12739#的激光点。#r击败后无掉落。,,,,,,100211,,3278,,3279,13,1,,1,1,1,,,150,,,,,,,,,,,,,,,0,25,30,,,,,,,,,0.6,7,2.5,16,4000,150,90,100,180,135,250,,250,15,9,0,255,,,,,,1,,,,,,,,,,,,,,,,,,,10,10000,"1,2",,,,,,,,,,,,,,,,,,,,,1,,,,,,,,,,,,1,,2212002,,,,,,
3279,小猫,3279,LittleCat,LittleCat,,,#c0aba1d肉食性哺乳类#n，对目标地点使用，生成一只#c0aba1d小猫#n，可被@item_12520#、@item_12704#、@item_12703#和@item_11535#吸引。#r小猫食用#c0aba1d2次#n@item_11535#能够成长。#r击败后无掉落。,,,,,,100212,,3279,,,,1,,1,1,1,,,50,,,,,,,,,,,,,,,0,1,0,,,,,,,,,,7,1.6,16,1000,150,90,100,180,135,250,,250,15,9,0,255,,,,,,,,,,,,,,,,,,,,,,,,,5,10000,"1,2",,,,,,,,,,,,,,,,,,,,,1,,,,,,,,,,,,1,,2212002,,,,,,
3280,野兔,3280,Hare,Hare,,,#c0aba1d草食性哺乳类#n，对目标地点使用，生成一只#c0aba1d野兔#n，可被@item_234#、@item_236#、@item_241#或@item_11534#吸引。#r幼年的小野兔食用#c0aba1d2次#n@item_11534#能够成长。#r两只成年的野兔各食用#c0aba1d1次#n@item_11534#能在@item_822#附近进行繁殖。#r击败后可获得物品：@item_12532#。,,,,,,100213,,3280,,3281,15,1,,1,1,1,,,150,,,,,,,,,,,,,,,0,1,0,,,,,,,,,,7,1.6,16,1000,150,90,100,180,135,250,,250,15,9,0,255,,,,,,3,,,,,,,,,,,,,,,,,,,3,10000,"1,2",,,,,,,,,,,,,,,,,,,,,1,,,,,,,,,,,,1,,,,,,,,
3281,小野兔,3281,LittleHare,LittleHare,,,#c0aba1d草食性哺乳类#n，对目标地点使用，生成一只#c0aba1d小野兔#n，可被@item_234#、@item_236#、@item_241#或@item_11534#吸引。#r小野兔食用#c0aba1d2次#n@item_11534#能够成长。#r击败后无掉落。,,,,,,100214,,3281,,,,1,,1,1,1,,,50,,,,,,,,,,,,,,,0,1,0,,,,,,,,,,7,1.6,16,1000,150,90,100,180,135,250,,250,15,9,0,255,,,,,,,,,,,,,,,,,,,,,,,,,1,10000,"1,1",,,,,,,,,,,,,,,,,,,,,1,,,,,,,,,,,,1,,,,,,,,
3282,鸡,3282,NewChicken,NewChicken,,,#c0aba1d草食性鸟纲类#n，对目标地点使用，生成一只#c0aba1d鸡#n，可被@item_11400#和@item_11534#吸引。#c0aba1d无特殊行为#n。#r幼年的鸡食用#c0aba1d2次#n@item_11534#能够成长。#r一只成年的鸡食用#c0aba1d1次#n@item_11534#能在@item_1391#上进行繁殖。#r平时会产鸡蛋，有小概率产下金蛋。#r击败后可获得的物品有@item_12741#、@item_11303#。,,,,,,100215,,3282,,3283,15,1,,1,1,1,,,30,,,,,,,,,,,,,,,0,1,0,,,,,,,,,,7,1.6,16,1000,150,90,100,180,135,250,,250,15,9,0,255,,,,,,3,,,,,,,,,,,,,,,,,,,3,10000,"1,2",,,,,,,,,,,,,,,,,,,,,1,,,,,,,,,,,,1,,,,,,,,
3283,小鸡,3283,NewChick,NewChick,,,#c0aba1d草食性鸟纲类#n，对目标地点使用，生成一只#c0aba1d小鸡#n，可被@item_11400#和@item_11534#吸引。#r小鸡食用#c0aba1d2次#n@item_11534#能够成长。#r击败后无掉落。,,,,,,100216,,3283,,,,1,,1,1,1,,,50,,,,,,,,,,,,,,,0,1,0,,,,,,,,,,7,1.6,16,1000,150,90,100,180,135,250,,250,15,9,0,255,,,,,,,,,,,,,,,,,,,,,,,,,1,10000,"1,1",,,,,,,,,,,,,,,,,,,,,1,,,,,,,,,,,,1,,,,,,,,
3284,猪,3284,Pig,Pig,,,#c0aba1d杂食性哺乳类#n，对目标地点使用，生成一只#c0aba1d猪#n，可被#c0aba1d饲料#n吸引。#r喂食@item_229#有一定几率让它拱地#c0aba1d寻宝#n。#r幼年的猪食用#c0aba1d2次#n@item_11534#能够成长，成长后的猪可喂食@item_12621#、@item_12506#增长体型。#r两只成年的猪各食用#c0aba1d1次#n@item_200147#或@item_200144#能在@item_822#附近进行繁殖。#r击败后可获得的物品有@item_12746#、@item_11307#。,,,,,,100217,,3284,,3285,10,1,,1,1,1,,,150,,,,,,,,,,,,,,,0,1,0,,,,,,,,,,7,1.6,16,4000,150,90,100,180,135,250,,250,15,9,0,255,,,,,,3,,,,,,,,,,,,,,,,,,,3,10000,"1,2",,,,,,,,,,,,,,,,,,,,,1,,,,,,,,,,,,1,,,,,,,,
3285,小猪,3285,LittlePig,LittlePig,,,#c0aba1d杂食性哺乳类#n，对目标地点使用，生成一只#c0aba1d小猪#n，可被#c0aba1d饲料#n吸引。#r小猪食用#c0aba1d2次#n@item_11534#能够成长。#r击败后无掉落。,,,,,,100218,,3285,,,,1,,1,1,1,,,50,,,,,,,,,,,,,,,0,1,0,,,,,,,,,,7,1.6,16,4000,150,90,100,180,135,250,,250,15,9,0,255,,,,,,,,,,,,,,,,,,,,,,,,,1,10000,"1,1",,,,,,,,,,,,,,,,,,,,,1,,,,,,,,,,,,1,,,,,,,,
3286,野牛,3286,Bison,Bison,,,#c0aba1d草食性哺乳类#n，对目标地点使用，生成一只#c0aba1d野牛#n，可被@item_229#、@item_200112#和@item_11534#吸引。#r喂食@item_200112#可进入#c0aba1d临时坐骑#n状态。#r幼年的野牛食用#c0aba1d2次#n@item_11534#能够成长。#r两只成年的野牛各食用#c0aba1d1次#n@item_229#能在@item_822#附近进行繁殖。#r击败后可获得的物品有@item_14012#、@item_11307#。,,,,,,110153,,3286,,3287,15,1,,1,1,1,,,150,,,,,,,,,,,,,,,0,1,0,,,,,,,,,,7,1.6,16,5000,150,90,100,180,135,250,,250,15,9,0,255,,,,,,3,,,,,,,,,,,,,,,,,,,3,10000,"1,2",,,,,,,,,,,,,,,,,,,,,1,,,,,,,,,,,,1,,,,,,,,
3287,小野牛,3287,LittleBison,LittleBison,,,#c0aba1d草食性哺乳类#n，对目标地点使用，生成一只#c0aba1d小野牛#n，可被@item_229#、@item_200112#和@item_11534#吸引。#r小野牛食用#c0aba1d2次#n@item_11534#能够成长。#r击败后无掉落。,,,,,,110154,,3287,,,,1,,1,1,1,,,50,,,,,,,,,,,,,,,0,1,0,,,,,,,,,,7,1.6,16,1500,150,90,100,180,135,250,,250,15,9,0,255,,,,,,,,,,,,,,,,,,,,,,,,,1,10000,"1,1",,,,,,,,,,,,,,,,,,,,,1,,,,,,,,,,,,1,,,,,,,,
3288,野羊,3288,Goat,Goat,,,#c0aba1d草食性哺乳类#n，对目标地点使用，生成一只#c0aba1d野羊#n，可被@item_200141#@item_200119#@item_11534#吸引。#r可通过手持@item_11320#挤奶获得@item_12509#。#r使用@item_200119#能够#c0aba1d驯服#n它成为你的#c0aba1d临时坐骑#n。#r幼年的野羊食用#c0aba1d2次#n@item_11534#能够成长。#r两只成年的野羊各食用#c0aba1d1次#n@item_200141#能在@item_822#附近进行繁殖。#r击败后可获得的物品有@item_14014#、@item_11307#。,,,,,,100225,,3288,,3289,15,1,,1,1,1,,,150,,,,,,,,,,,,,,,0,1,0,,,,,,,,,,7,1.6,16,4000,150,90,100,180,135,250,,250,15,9,0,255,,,,,,3,,,,,,,,,,,,,,,,,,,3,10000,"1,2",,,,,,,,,,,,,,,,,,,,,1,,,,,,,,,,,,1,,,,,,,,
3289,小野羊,3289,LittleGoat,LittleGoat,,,#c0aba1d草食性哺乳类#n，对目标地点使用，生成一只#c0aba1d小野羊#n，可被@item_11534#吸引。#r小野羊食用#c0aba1d2次#n@item_11534#能够成长。#r击败后无掉落。,,,,,,100226,,3289,,,,1,,1,1,1,,,50,,,,,,,,,,,,,,,0,1,0,,,,,,,,,,7,1.6,16,1000,150,90,100,180,135,250,,250,15,9,0,255,,,,,,,,,,,,,,,,,,,,,,,,,1,10000,"1,1",,,,,,,,,,,,,,,,,,,,,1,,,,,,,,,,,,1,,,,,,,,
3290,奶牛,3290,NewCow,NewCow,,,#c0aba1d草食性哺乳类#n，对目标地点使用，生成一只#c0aba1d奶牛#n，可被@item_200141#、@item_11534#吸引。#r可通过手持@item_11320#挤奶获得@item_12509#，有小概率获得@item_14011#。#r幼年的奶牛食用#c0aba1d2次#n@item_11534#能够成长。#r两只成年的奶牛各食用#c0aba1d1次#n@item_200141#能在@item_822#附近进行繁殖。#r击败后可获得@item_14012#。,,,,,,100222,,3290,,3291,10,1,,1,1,1,,,150,,,,,,,,,,,,,,,0,1,0,,,,,,,,,,7,1.6,16,5000,150,90,100,180,135,250,,250,15,9,0,255,,,,,,3,,,,,,,,,,,,,,,,,,,3,10000,"1,2",,,,,,,,,,,,,,,,,,,,,1,,,,,,,,,,,,1,,,,,,,,
3291,小奶牛,3291,LittleNewCow,LittleNewCow,,,#c0aba1d草食性哺乳类#n，对目标地点使用，生成一只#c0aba1d小奶牛#n，可被@item_200141#、@item_11534#吸引。#r小奶牛食用#c0aba1d2次#n@item_11534#能够成长。#r击败后无掉落。,,,,,,100222,,3291,,,,1,,1,1,1,,,50,,,,,,,,,,,,,,,0,1,0,,,,,,,,,,7,1.6,16,1500,150,90,100,180,135,250,,250,15,9,0,255,,,,,,,,,,,,,,,,,,,,,,,,,1,10000,"1,1",,,,,,,,,,,,,,,,,,,,,1,,,,,,,,,,,,1,,,,,,,,
3292,绵羊,3292,NewSheep,NewSheep,,,#c0aba1d草食性哺乳类#n，对目标地点使用，生成一只#c0aba1d绵羊#n，可被@item_200141#@item_200122#@item_11534#吸引。#r可空手薅毛获得@item_14016#。#r幼年的绵羊食用#c0aba1d2次#n@item_11534#能够成长。#r两只成年的绵羊各食用#c0aba1d1次#n@item_200141#或@item_200122#能在@item_822#附近进行繁殖。#r击败后可获得的物品有@item_14014#。,,,,,,100220,,3292,,3293,15,1,,1,1,1,,,150,,,,,,,,,,,,,,,0,1,0,,,,,,,,,,7,1.6,16,3000,150,90,100,180,135,250,,250,15,9,0,255,,,,,,3,,,,,,,,,,,,,,,,,,,3,10000,"1,2",,,,,,,,,,,,,,,,,,,,,1,,,,,,,,,,,,1,,,,,,,,
3293,小绵羊,3293,LittleNewSheep,LittleNewSheep,,,#c0aba1d草食性哺乳类#n，对目标地点使用，生成一只#c0aba1d小绵羊#n，可被@item_11534#吸引。#r小绵羊食用#c0aba1d2次#n@item_11534#能够成长。#r击败后无掉落。,,,,,,100220,,3293,,,,1,,1,1,1,,,50,,,,,,,,,,,,,,,0,1,0,,,,,,,,,,7,1.6,16,1000,150,90,100,180,135,250,,250,15,9,0,255,,,,,,,,,,,,,,,,,,,,,,,,,1,10000,"1,1",,,,,,,,,,,,,,,,,,,,,1,,,,,,,,,,,,1,,,,,,,,
3294,仓鼠,3294,Hamster,Hamster,,,#c0aba1d杂食性哺乳类#n，对目标地点使用，生成一只#c0aba1d仓鼠#n，可被@item_200112#、@item_200144#、@item_200129#、@item_12603#、@item_249#和@item_11535#吸引。#r使用@item_200112#有一定几率#c0aba1d驯服#n它成为你的#c0aba1d伙伴#n。#r幼年仓鼠食用#c0aba1d2次#n@item_11535#能够成长。#r驯服后的两只成年仓鼠各食用#c0aba1d2次#n@item_11535#能进行繁殖。#r击败后无掉落。,,,,,,100224,,3294,,3295,10,1,,1,1,1,,,150,,,,,,,,,,,,,,,0,1,0,,,,,,,,,,7,1.6,16,1000,150,90,100,180,135,250,,250,15,9,0,255,,,,,,4,,,,,,,,,,,,,,,,,,,3,10000,"1,2",,,,,,,,,,,,,,,,,,,,,1,,,,,,,,,,,,1,,,,,,,,
3295,小仓鼠,3295,LittleHamster,LittleHamster,,,#c0aba1d杂食性哺乳类#n，对目标地点使用，生成一只#c0aba1d小仓鼠#n，可被@item_200112#、@item_200144#、@item_200129#、@item_12603#、@item_249#和@item_11535#吸引。#r小仓鼠食用#c0aba1d2次#n@item_11535#能够成长。#r击败后无掉落。,,,,,,100224,,3295,,,,1,,1,1,1,,,50,,,,,,,,,,,,,,,0,1,0,,,,,,,,,,7,1.6,16,600,150,90,100,180,135,250,,250,15,9,0,255,,,,,,,,,,,,,,,,,,,,,,,,,1,10000,"1,1",,,,,,,,,,,,,,,,,,,,,1,,,,,,,,,,,,1,,,,,,,,
3296,沙漠厨师,3296,,,,,对目标地点使用，生成一个#c0aba1d沙漠厨师#n,,,10,,,130059,,3296,,,,10,,1,4,,,,250,,,,,,,,,,,,,,,0,15,10,,,,,,,,,,7,1.6,16,5000,180,60,60,220,120,120,,250,15,1,0,255,,,,,,1,,,,,,,,,,,,,,,,,,,,,,,,,,,,,,,ent.3205.hit,ent.3205.hit,ent.3205.idle1,ent.3200.foot1,,,,,,,,1,,,,,,,,备用的ID,,,,1,,,,,,,,official_CreatureType.Villager.DesertVillager
3297,草原男村民1,3297,,,,,对目标地点使用，生成一个#c0aba1d草原男村民1#n,,,10,,,130060,,3297,,,,10,,1,4,,,,250,,,,,,,,,,,,,,,0,15,10,,,,,,,,,,7,1.6,16,5000,180,60,60,220,120,120,,250,15,1,0,255,,,,,,1,,,,,,,,,,,,,,,,,,,,,,,,,,,,,,,ent.3205.hit,ent.3205.hit,ent.3205.idle1,ent.3200.foot1,,,,,,,,1,,,,,,,,备用的ID,,,,1,,,,,,,,official_CreatureType.Villager.GrasslandVillager
3298,草原女村民1,3298,,,,,对目标地点使用，生成一个#c0aba1d草原女村民1#n,,,10,,,130062,,3298,,,,10,,1,4,,,,250,,,,,,,,,,,,,,,0,15,10,,,,,,,,,,7,1.6,16,5000,180,60,60,220,120,120,,250,15,1,0,255,,,,,,1,,,,,,,,,,,,,,,,,,,,,,,,,,,,,,,ent.3205.hit,ent.3205.hit,ent.3205.idle1,ent.3200.foot1,,,,,,,,1,,,,,,,,备用的ID,,,,1,,,,,,,,official_CreatureType.Villager.GrasslandVillager
3299,草原养殖工,3299,,,,,对目标地点使用，生成一个#c0aba1d草原养殖工#n,,,10,,,130058,,3299,,,,10,,1,4,,,,250,,,,,,,,,,,,,,,0,15,10,,,,,,,,,,7,1.6,16,5000,180,60,60,220,120,120,,250,15,1,0,255,,,,,,1,,,,,,,,,,,,,,,,,,,,,,,,,,,,,,,ent.3205.hit,ent.3205.hit,ent.3205.idle1,ent.3200.foot1,,,,,,,,1,,,,,,,,备用的ID,,,,1,,,,,,,,official_CreatureType.Villager.GrasslandVillager
3300,草原商人,3300,,,,,对目标地点使用，生成一个#c0aba1d草原商人#n,,,10,,,130057,,3300,,,,10,,1,4,,,,250,,,,,,,,,,,,,,,0,15,10,,,,,,,,,,7,1.6,16,5000,150,60,60,150,120,120,,250,15,1,0,255,,,,,,1,,,,,,,,,,,,,,,,,,,,,,,,,,,,,,,ent.3205.hit,ent.3205.hit,ent.3205.idle1,ent.3200.foot1,,,,,,,,1,,,,,,,,备用的ID,,,,1,,,,,,,,
3301,武器商人,3301,,,,,对目标地点使用，生成一个#c0aba1d武器商人#n,,,10,,,130056,,3301,,,,10,,1,4,,,,250,,,,,,,,,,,,,,,0,15,10,,,,,,,,,,7,1.6,16,5000,180,60,60,220,120,120,,250,15,1,0,255,,,,,,1,,,,,,,,,,,,,,,,,,,,,,,,,,,,,,,ent.3205.hit,ent.3205.hit,ent.3205.idle1,ent.3200.foot1,,,,,,,,1,,,,,,,,备用的ID,,,,1,,,,,,,,
3302,防具商人,3302,,,,,对目标地点使用，生成一个#c0aba1d防具商人#n,,,10,,,130052,,3302,,,,10,,1,4,,,,250,,,,,,,,,,,,,,,0,15,10,,,,,,,,,,7,1.6,16,5000,180,60,60,220,120,120,,250,15,1,0,255,,,,,,1,,,,,,,,,,,,,,,,,,,,,,,,,,,,,,,ent.3205.hit,ent.3205.hit,ent.3205.idle1,ent.3200.foot1,,,,,,,,1,,,,,,,,备用的ID,,,,1,,,,,,,,
3303,符文商人,3303,,,,,对目标地点使用，生成一个#c0aba1d符文商人#n,,,10,,,130053,,3303,,,,10,,0,4,,,,250,,,,,,,,,,,,,,,0,15,10,,,,,,,,,,7,1.6,16,5000,180,60,60,220,120,120,,250,15,1,0,255,,,,,,1,,,,,,,,,,,,,,,,,,,,,,,,,,,,,,,ent.3205.hit,ent.3205.hit,ent.3205.idle1,ent.3200.foot1,,,,,,,,1,,,,,,,,备用的ID,,,,1,,,,,,,,
3304,建筑商人,3304,,,,,对目标地点使用，生成一个#c0aba1d建筑商人#n,,,10,,,130054,,3304,,,,10,,1,4,,,,250,,,,,,,,,,,,,,,0,15,10,,,,,,,,,,7,1.6,16,5000,180,60,60,220,120,120,,250,15,1,0,255,,,,,,1,,,,,,,,,,,,,,,,,,,,,,,,,,,,,,,ent.3205.hit,ent.3205.hit,ent.3205.idle1,ent.3200.foot1,,,,,,,,1,,,,,,,,备用的ID,,,,1,,,,,,,,
3305,农业商人,3305,,,,,对目标地点使用，生成一个#c0aba1d农业商人#n,,,10,,,130055,,3305,,,,10,,1,4,,,,250,,,,,,,,,,,,,,,0,15,10,,,,,,,,,,7,1.6,16,5000,180,60,60,220,120,120,,250,15,1,0,255,,,,,,1,,,,,,,,,,,,,,,,,,,,,,,,,,,,,,,ent.3205.hit,ent.3205.hit,ent.3205.idle1,ent.3200.foot1,,,,,,,,1,,,,,,,,备用的ID,,,,1,,,,,,,,
3306,冰原建筑工,3306,,,,,对目标地点使用，生成一个#c0aba1d冰原建筑工#n,,,10,,,100219,,3233,,,,10,,1,4,,,,250,,,,,,,,,,,,,,,0,15,10,,,,,,,,,,7,1.6,16,5000,180,60,60,220,120,120,,250,15,1,0,255,,,,,,1,,,,,,,,,,,,,,,,,,,,,,,,,,,,,,,ent.3205.hit,ent.3205.hit,ent.3205.idle1,ent.3200.foot1,,,,,,,,1,,,,,,,,备用的ID,,,,1,,,,,,,,official_CreatureType.Villager.TundraVillager
3307,草原男村民2,3307,,,,,对目标地点使用，生成一个#c0aba1d草原男村民2#n,,,10,,,130061,,3307,,,,10,,1,4,,,,250,,,,,,,,,,,,,,,0,15,10,,,,,,,,,,7,1.6,16,5000,180,60,60,220,120,120,,250,15,1,0,255,,,,,,1,,,,,,,,,,,,,,,,,,,,,,,,,,,,,,,ent.3205.hit,ent.3205.hit,ent.3205.idle1,ent.3200.foot1,,,,,,,,1,,,,,,,,备用的ID,,,,1,,,,,,,,official_CreatureType.Villager.GrasslandVillager
3308,草原女村民2,3308,,,,,对目标地点使用，生成一个#c0aba1d草原女村民2#n,,,10,,,130063,,3308,,,,10,,1,4,,,,250,,,,,,,,,,,,,,,0,15,10,,,,,,,,,,7,1.6,16,5000,180,60,60,220,120,120,,250,15,1,0,255,,,,,,1,,,,,,,,,,,,,,,,,,,,,,,,,,,,,,,ent.3205.hit,ent.3205.hit,ent.3205.idle1,ent.3200.foot1,,,,,,,,1,,,,,,,,备用的ID,,,,1,,,,,,,,official_CreatureType.Villager.GrasslandVillager
3309,野狼,3309,Wolf,Wolf,,,#c0aba1d肉食性哺乳类#n，对目标地点使用，生成一只#c0aba1d野狼#n，可使用@item_12513#吸引和恢复体力。#r使用@item_12526#有一定几率#c0aba1d驯服#n它成为你的#c0aba1d伙伴#n(驯服后变为狼狗)。#r幼年小野狼食用#c0aba1d2次#n@item_11535#能够成长。#r两只成年野狼各食用#c0aba1d2次#n@item_11535#能进行繁殖。#r击败后可获得的物品有@item_11307#。,,,,,,100227,,3309,,3310,13,1,,1,1,1,,,150,,,,,,,,,,,,,,,0,45,30,,,,,,,,,0.6,7,2.5,16,4000,150,90,100,180,135,250,,250,15,9,0,255,,,,,,2,,,,,,,,,,,,,,,,,,,15,10000,"1,2",,,,,,,,,,,,,,,,,,,,,1,,,,,,,,,,,,1,,,,,,,,
3310,小野狼,3310,LittleWolf,LittleWolf,,,#c0aba1d肉食性哺乳类#n，对目标地点使用，生成一只#c0aba1d小野狼#n，可被@item_12513#吸引。#r使用@item_12526#有一定几率#c0aba1d驯服#n它成为你的#c0aba1d伙伴#n(驯服后成为驯化的小狼)。#r小野狼食用#c0aba1d2次#n@item_11535#能够成长。#r击败后无掉落。,,,,,,100228,,3310,,,,1,,1,1,1,,,50,,,,,,,,,,,,,,,0,5,0,,,,,,,,,,7,1.6,16,1000,150,90,100,180,135,250,,250,15,9,0,255,,,,,,,,,,,,,,,,,,,,,,,,,10,10000,"1,2",,,,,,,,,,,,,,,,,,,,,1,,,,,,,,,,,,1,,,,,,,,
3311,狼狗,3311,WolfHound,WolfHound,,,#c0aba1d肉食性哺乳类#n，对目标地点使用，生成一只#c0aba1d狼狗#n，可使用@item_12513#吸引和恢复体力。#r使用@item_12526#有一定几率#c0aba1d驯服#n它成为你的#c0aba1d伙伴#n。#r幼年小狼狗食用#c0aba1d2次#n@item_11535#能够成长。#r驯服后的两只成年狼狗各食用#c0aba1d2次#n@item_11535#能进行繁殖。#r击败后无掉落。,,,,,,100227,,3311,,,,1,,1,1,1,,,150,,,,,,,,,,,,,,,0,45,30,,,,,,,,,0.6,7,2.5,16,4000,150,90,100,180,135,250,,250,15,9,0,255,,,,,,2,,,,,,,,,,,,,,,,,,,15,10000,"1,2",,,,,,,,,,,,,,,,,,,,,1,,,,,,,,,,,,1,,,,,,,,
3312,小狼狗,3312,LittleWolfHound,LittleWolfHound,,,#c0aba1d肉食性哺乳类#n，对目标地点使用，生成一只#c0aba1d小狼狗#n，可被@item_12513#吸引。#r小狼狗食用#c0aba1d2次#n@item_11535#能够成长。#r击败后无掉落。,,,,,,100228,,3312,,,,1,,1,1,1,,,50,,,,,,,,,,,,,,,0,5,0,,,,,,,,,,7,1.6,16,1000,150,90,100,180,135,250,,250,15,9,0,255,,,,,,,,,,,,,,,,,,,,,,,,,10,10000,"1,2",,,,,,,,,,,,,,,,,,,,,1,,,,,,,,,,,,1,,,,,,,,
3313,驯化的狼,3313,DocileWolf,DocileWolf,,,#c0aba1d肉食性哺乳类#n，对目标地点使用，生成一只#c0aba1d驯化的狼#n，可使用@item_12513#吸引和恢复体力。在野外#r驯化的狼#c0aba1d无法直接找到#n，只能通过驯服野外的小野狼养大得到。#r幼年驯化的小狼食用#c0aba1d2次#n@item_11535#能够成长。#r两只成年驯化的狼各食用#c0aba1d2次#n@item_11535#能进行繁殖。#r击败后无掉落。,,,,,,100227,,3313,,,,1,,1,1,1,,,150,,,,,,,,,,,,,,,0,45,30,,,,,,,,,0.6,7,2.5,16,4000,150,90,100,180,135,250,,250,15,9,0,255,,,,,,2,,,,,,,,,,,,,,,,,,,15,10000,"1,2",,,,,,,,,,,,,,,,,,,,,1,,,,,,,,,,,,1,,,,,,,,
3314,驯化的小狼,3314,LittleDocileWolf,LittleDocileWolf,,,#c0aba1d肉食性哺乳类#n，对目标地点使用，生成一只#c0aba1d驯化的小狼#n，可被@item_12513#吸引。#r驯化的小狼食用#c0aba1d2次#n@item_11535#能够成长。#r击败后无掉落。,,,,,,100228,,3314,,,,1,,1,1,1,,,50,,,,,,,,,,,,,,,0,5,0,,,,,,,,,,7,1.6,16,1000,150,90,100,180,135,250,,250,15,9,0,255,,,,,,,,,,,,,,,,,,,,,,,,,10,10000,"1,2",,,,,,,,,,,,,,,,,,,,,1,,,,,,,,,,,,1,,,,,,,,
3315,活化生物1,3315,Dudu,Dudu,,,,,,5,100,0,100230,,3400,3813,,,1,,,,,18000,Chicken_OnTick,30,,,,,,,,,,,,,,,0,1,0,,,,,,,,,,7,1.6,16,1000,80,60,60,90,80,80,,280,15,9,0,255,,,,,,2,,,,,,,,12518,10000,,11303,5000,,,,,12497,10000,3,5000,"1,2",10,1,,,,,,,,ent.3400.hit,ent.3400.hit,ent.3400.idle,ent.3400.foot,,,,,,,,1.1,0.8,0.25,0.5,,,@10836,,,0.9,2,"1,1",,,,,,,,,
3316,活化生物2,3316,Dudu,Dudu,,,,,,5,100,0,100230,,3400,3813,,,1,,,,,18000,Chicken_OnTick,30,,,,,,,,,,,,,,,0,1,0,,,,,,,,,,7,1.6,16,1000,80,60,60,90,80,80,,280,15,9,0,255,,,,,,2,,,,,,,,12518,10000,,11303,5000,,,,,12497,10000,3,5000,"1,2",10,1,,,,,,,,ent.3400.hit,ent.3400.hit,ent.3400.idle,ent.3400.foot,,,,,,,,1.1,0.8,0.25,0.5,,,@10836,,,0.9,2,"1,1",,,,,,,,,
3317,修狗法师星芒,3317,Stardust,Stardust,,,,,,10,,,100235,,3297,,,,7,,,,,,,250,,,,,,,,,,,,,,,0,15,10,,,,,,,,,,7,1.6,16,5000,180,60,60,220,120,120,,250,15,1,0,255,,,,,,1,,,,,,,,,,,,,,,,,,,,,,,,,,,,,,,,,,,,,,,,,,1,,,,,,,,,,,,,,2218001,,,,,,official_CreatureType.Villager.CloverVillager
3318,老村长投影,3318,Aldric,Aldric,,,,,,10,,,100248,,3297,,,,7,,,,,,,250,,,,,,,,,,,,,,,0,15,10,,,,,,,,,,7,1.6,16,5000,180,60,60,220,120,120,,250,15,1,0,255,,,,,,1,,,,,,,,,,,,,,,,,,,,,,,,,,,,,,,,,,,,,,,,,,1,,,,,,,,,,,,,,2218001,,,,,,official_CreatureType.Villager.CloverVillager
3319,蘑菇国王,3319,MushroomKing,MushroomKing,,,对目标地点使用，生成一个#c0aba1d蘑菇国王#n,,,10,,,100238,,3319,,,,10,,1,4,0,,,50,,,,,,,,,,,,,,,0,5,0,,,,,,,,,,7,1.6,16,1000,150,90,100,180,135,250,,250,15,1,0,255,,,,,,,,,,,,,,,,,,,,,,,,,10,10000,"1,2",,,,,,,,,,,,,,,,,,,,,1,,,,,,,,,,,,,,2218001,,,,,,official_CreatureType.Villager.MushroomVillager
3320,蘑菇商人,3320,MushroomMerchant,MushroomMerchant,,,对目标地点使用，生成一个#c0aba1d蘑菇商人#n,,,10,,,100264,,3320,,,,10,,1,4,0,,,50,,,,,,,,,,,,,,,0,5,0,,,,,,,,,,7,1.6,16,1000,150,90,100,180,135,250,,250,15,1,0,255,,,,,2,,,,,,,,,,,,,,,,,,,,10,10000,"1,2",,,,,,,,,,,,,,,,,,,,,1,,,,,,,,,,,,1,,2218001,,,,,,official_CreatureType.Villager.MushroomVillager
3321,蘑菇法师,3321,MushroomMage,MushroomMage,,,对目标地点使用，生成一个#c0aba1d蘑菇法师#n,,,10,,,100231,,3321,,,,10,,1,4,0,,,50,,,,,,,,,,,,,,,0,5,0,,,,,,,,,,7,1.6,16,1000,150,90,100,180,135,250,,250,15,1,0,255,,,,,,,,,,,,,,,,,,,,,,,,,10,10000,"1,2",,,,,,,,,,,,,,,,,,,,,1,,,,,,,,,,,,1,,2218001,,,,,,official_CreatureType.Villager.MushroomVillager
3322,蘑菇战士,3322,MushroomWarrior,MushroomWarrior,,,对目标地点使用，生成一个#c0aba1d蘑菇战士#n,,,10,,,100231,,3322,,,,10,,1,4,0,,,50,,,,,,,,,,,,,,,0,5,0,,,,,,,,,,7,1.6,16,1000,150,90,100,180,135,250,,250,15,1,0,255,,,,,,,,,,,,,,,,,,,,,,,,,10,10000,"1,2",,,,,,,,,,,,,,,,,,,,,1,,,,,,,,,,,,1,,2218001,,,,,,official_CreatureType.Villager.MushroomVillager
3323,蘑菇乐手,3323,MushroomMusician,MushroomMusician,,,对目标地点使用，生成一个#c0aba1d蘑菇乐手#n,,,10,,,100231,,3323,,,,10,,1,4,0,,,50,,,,,,,,,,,,,,,0,5,0,,,,,,,,,,7,1.6,16,1000,150,90,100,180,135,250,,250,15,1,0,255,,,,,,,,,,,,,,,,,,,,,,,,,10,10000,"1,2",,,,,,,,,,,,,,,,,,,,,1,,,,,,,,,,,,1,,2218001,,,,,,official_CreatureType.Villager.MushroomVillager
3324,蘑菇舞者,3324,MushroomDancer,MushroomDancer,,,对目标地点使用，生成一个#c0aba1d蘑菇舞者#n,,,10,,,100231,,3324,,,,10,,1,4,0,,,50,,,,,,,,,,,,,,,0,5,0,,,,,,,,,,7,1.6,16,1000,150,90,100,180,135,250,,250,15,1,0,255,,,,,,,,,,,,,,,,,,,,,,,,,10,10000,"1,2",,,,,,,,,,,,,,,,,,,,,1,,,,,,,,,,,,1,,2218001,,,,,,official_CreatureType.Villager.MushroomVillager
3325,蘑菇村民,3325,MushroomVillager,MushroomVillager,,,对目标地点使用，生成一个#c0aba1d蘑菇村民#n,,,10,,,100231,,3325,,,,10,,1,4,0,,,50,,,,,,,,,,,,,,,0,5,0,,,,,,,,,,7,1.6,16,1000,150,90,100,180,135,250,,250,15,1,0,255,,,,,,,,,,,,,,,,,,,,,,,,,10,10000,"1,2",,,,,,,,,,,,,,,,,,,,,1,,,,,,,,,,,,1,,2218001,,,,,,official_CreatureType.Villager.MushroomVillager
3326,狗村民,3326,DogVillager,DogVillager,,,对目标地点使用，生成一个#c0aba1d狗村民#n,,,10,,,100235,,3326,,,,10,,1,4,0,,,50,,,,,,,,,,,,,,,0,5,0,,,,,,,,,,7,1.6,16,1000,150,90,100,180,135,250,,250,15,1,0,255,,,,,,,,,,,,,,,,,,,,,,,,,10,10000,"1,2",,,,,,,,,,,,,,,,,,,,,1,,,,,,,,,,,,1,,2218001,,,,,,official_CreatureType.Villager.CloverVillager
3327,猫村民,3327,CatVillager,CatVillager,,,对目标地点使用，生成一个#c0aba1d猫村民#n,,,10,,,100236,,3327,,,,10,,1,4,0,,,50,,,,,,,,,,,,,,,0,5,0,,,,,,,,,,7,1.6,16,1000,150,90,100,180,135,250,,250,15,1,0,255,,,,,,,,,,,,,,,,,,,,,,,,,10,10000,"1,2",,,,,,,,,,,,,,,,,,,,,1,,,,,,,,,,,,1,,2218001,,,,,,official_CreatureType.Villager.CloverVillager
3328,猪村民,3328,PigVillager,PigVillager,,,对目标地点使用，生成一个#c0aba1d猪村民#n,,,10,,,100237,,3328,,,,10,,1,4,0,,,50,,,,,,,,,,,,,,,0,5,0,,,,,,,,,,7,1.6,16,1000,150,90,100,180,135,250,,250,15,1,0,255,,,,,,,,,,,,,,,,,,,,,,,,,10,10000,"1,2",,,,,,,,,,,,,,,,,,,,,1,,,,,,,,,,,,1,,2218001,,,,,,official_CreatureType.Villager.CloverVillager
3329,狗战士,3329,DogWarrior,DogWarrior,,,对目标地点使用，生成一个#c0aba1d狗战士#n,,,10,,,100235,,3329,,,,10,,1,4,0,,,50,,,,,,,,,,,,,,,0,5,0,,,,,,,,,,7,1.6,16,1000,150,90,100,180,135,250,,250,15,1,0,255,,,,,,,,,,,,,,,,,,,,,,,,,10,10000,"1,2",,,,,,,,,,,,,,,,,,,,,1,,,,,,,,,,,,1,,2218001,,,,,,official_CreatureType.Villager.CloverVillager
3330,猫战士,3330,CatWarrior,CatWarrior,,,对目标地点使用，生成一个#c0aba1d猫战士#n,,,10,,,100236,,3330,,,,10,,1,4,0,,,50,,,,,,,,,,,,,,,0,5,0,,,,,,,,,,7,1.6,16,1000,150,90,100,180,135,250,,250,15,1,0,255,,,,,,,,,,,,,,,,,,,,,,,,,10,10000,"1,2",,,,,,,,,,,,,,,,,,,,,1,,,,,,,,,,,,1,,2218001,,,,,,official_CreatureType.Villager.CloverVillager
3331,狗法师,3331,DogMage,DogMage,,,对目标地点使用，生成一个#c0aba1d狗法师#n,,,10,,,100235,,3331,,,,10,,1,4,0,,,50,,,,,,,,,,,,,,,0,5,0,,,,,,,,,,7,1.6,16,1000,150,90,100,180,135,250,,250,15,1,0,255,,,,,,,,,,,,,,,,,,,,,,,,,10,10000,"1,2",,,,,,,,,,,,,,,,,,,,,1,,,,,,,,,,,,1,,2218001,,,,,,official_CreatureType.Villager.CloverVillager
3332,猫法师,3332,CatMage,CatMage,,,对目标地点使用，生成一个#c0aba1d猫法师#n,,,10,,,100236,,3332,,,,10,,1,4,0,,,50,,,,,,,,,,,,,,,0,5,0,,,,,,,,,,7,1.6,16,1000,150,90,100,180,135,250,,250,15,1,0,255,,,,,,,,,,,,,,,,,,,,,,,,,10,10000,"1,2",,,,,,,,,,,,,,,,,,,,,1,,,,,,,,,,,,1,,2218001,,,,,,official_CreatureType.Villager.CloverVillager
3333,猪厨师,3333,PigChef,PigChef,,,对目标地点使用，生成一个#c0aba1d猪厨师#n,,,10,,,100237,,3333,,,,10,,1,4,0,,,50,,,,,,,,,,,,,,,0,5,0,,,,,,,,,,7,1.6,16,1000,150,90,100,180,135,250,,250,15,1,0,255,,,,,,,,,,,,,,,,,,,,,,,,,10,10000,"1,2",,,,,,,,,,,,,,,,,,,,,1,,,,,,,,,,,,1,,2218001,,,,,,official_CreatureType.Villager.CloverVillager
3334,皮皮猪,3334,PipiPig,PipiPig,,,对目标地点使用，生成一个#c0aba1d皮皮猪#n,,,10,,,100237,,3334,,,,10,,1,4,0,,,50,,,,,,,,,,,,,,,0,5,0,,,,,,,,,,7,1.6,16,1000,150,90,100,180,135,250,,250,15,1,0,255,,,,,,,,,,,,,,,,,,,,,,,,,10,10000,"1,2",,,,,,,,,,,,,,,,,,,,,1,,,,,,,,,,,,1,,2218001,,,,,,official_CreatureType.Villager.CloverVillager
3335,种植猫,3335,SpellGardener,SpellGardener,,,对目标地点使用，生成一个#c0aba1d种植猫#n,,,10,,,100236,,3335,,,,10,,1,4,0,,,50,,,,,,,,,,,,,,,0,5,0,,,,,,,,,,7,1.6,16,1000,150,90,100,180,135,250,,250,15,1,0,255,,,,,,,,,,,,,,,,,,,,,,,,,10,10000,"1,2",,,,,,,,,,,,,,,,,,,,,1,,,,,,,,,,,,1,,2218001,,,,,,official_CreatureType.Villager.CloverVillager
3336,钓鱼猫,3336,FishingCat,FishingCat,,,对目标地点使用，生成一个#c0aba1d钓鱼猫#n,,,10,,,100236,,3336,,,,10,,1,4,0,,,50,,,,,,,,,,,,,,,0,5,0,,,,,,,,,,7,1.6,16,1000,150,90,100,180,135,250,,250,15,1,0,255,,,,,4,,,,,,,,,,,,,,,,,,,,10,10000,"1,2",,,,,,,,,,,,,,,,,,,,,1,,,,,,,,,,,,1,,2218001,,,,,,official_CreatureType.Villager.CloverVillager
3337,猫乐手,3337,SpellMusician,SpellMusician,,,对目标地点使用，生成一个#c0aba1d猫乐手#n,,,10,,,100236,,3337,,,,10,,1,4,0,,,50,,,,,,,,,,,,,,,0,5,0,,,,,,,,,,7,1.6,16,1000,150,90,100,180,135,250,,250,15,1,0,255,,,,,,,,,,,,,,,,,,,,,,,,,10,10000,"1,2",,,,,,,,,,,,,,,,,,,,,1,,,,,,,,,,,,1,,2218001,,,,,,official_CreatureType.Villager.CloverVillager
3338,狗舞者,3338,SpellDancer,SpellDancer,,,对目标地点使用，生成一个#c0aba1d狗舞者#n,,,10,,,100235,,3338,,,,10,,1,4,0,,,50,,,,,,,,,,,,,,,0,5,0,,,,,,,,,,7,1.6,16,1000,150,90,100,180,135,250,,250,15,1,0,255,,,,,,,,,,,,,,,,,,,,,,,,,10,10000,"1,2",,,,,,,,,,,,,,,,,,,,,1,,,,,,,,,,,,1,,2218001,,,,,,official_CreatureType.Villager.CloverVillager
3339,呆呆菇,3339,DullMushroom,DullMushroom,,,#c0aba1d菌类#n，对目标地点使用，生成一只#c0aba1d呆呆菇#n，可被@item_200253#、@item_200254#、@item_11516#吸引，喂食@item_200253#有概率发生变异，喂食其它道具可恢复血量。。#r击败后掉落@item_200254#。,,,,,,100259,,3339,,,,1,,1,1,1,,,250,,,,,,,,,,,,,,,0,5,0,,,,,,,,,,7,1.6,16,1000,150,90,100,180,135,250,,250,15,1,0,255,,,,,,4,,,,,,,,,,,,,,,,,,,10,10000,"1,2",,,,,,,,,,,,,,,,,,,,,1,,,,,,,,,,,,1,,,,,,,,
3340,奇幻蛙,3340,FantasyFrog,FantasyFrog,,,#c0aba1d两栖类#n，对目标地点使用，生成一只#c0aba1d奇幻蛙#n，可被@item_12020#、@item_200254#、@item_550101#和@item_11718#吸引。可使用@item_550101##c0aba1d驯服#n。驯服后喂食其它道具可恢复血量，使用@item_12020#有概率变异，可能出现星尘形态。拿@item_11718#与它交互可产出@item_11516#。#r击败后掉落@item_11516#。,,,,,,100241,,3340,,,,1,,1,1,1,,,250,,,,,,,,,,,,,,,0,5,0,,,,,,,,,,7,1.6,16,1000,150,90,100,180,135,250,,250,15,1,0,255,,,,,,2,,,,,,,,,,,,,,,,,,,10,10000,"1,2",,,,,,,,,,,,,,,,,,,,,1,,,,,,,,,,,,1,,,,,,,,
3341,凝胶怪,3341,GelMonster,GelMonster,,,#c0aba1d软体类#n，对目标地点使用，生成一只#c0aba1d凝胶怪#n，可被@item_235#和@item_151032#吸引。可使用@item_151032##c0aba1d驯服#n，使用@item_235#有概率发生变异。#r击败后掉落@item_15081#。,,,3,,,100243,,3341,,,,1,,1,1,1,,,250,,,,,,,,,,,,,,,0,5,0,,,,,,,,,,7,1.6,16,1000,150,90,100,180,135,250,,250,15,1,0,255,,,,,,3,,,,,,,,,,,,,,,,,,,10,10000,"1,2",,,,,,,,,,,,,,,,,,,,,1,,,,,,,,,,,,1,,,,,,,,
3342,星斑野猪,3342,StarPuffer,StarPuffer,,,#c0aba1d哺乳类#n，对目标地点使用，生成一只#c0aba1d星斑野猪#n，可被@item_11704#、@item_11703#、@item_550101#和@item_11718#吸引。#r两只成年星斑野猪各喂食#c0aba1d2次#n@item_11718#能进行繁殖，喂食可其它道具恢复血量。#r击败后掉落@item_550102#和@item_11307#。,,,,,,100261,,3342,,100262,13,1,,1,1,1,,,250,,,,,,,,,,,,,,,0,5,0,,,,,,,,,,7,1.6,16,1000,150,90,100,180,135,250,,250,15,1,0,255,,,,,,3,,,,,,,,,,,,,,,,,,,10,10000,"1,2",,,,,,,,,,,,,,,,,,,,,1,,,,,,,,,,,,1,,,,,,,,
3343,小星野猪,3343,LittleStarPuffer,LittleStarPuffer,,,#c0aba1d哺乳类#n，对目标地点使用，生成一只#c0aba1d小星斑野猪#n，可被@item_11704#、@item_11703#、@item_550101#和@item_11718#吸引。#r小星斑野猪食用#c0aba1d4次#n@item_11718#，1200秒后成长为#c0aba1d星斑野猪#n，喂食其它道具可恢复血量。#r击败后无掉落。,,,,,,100262,,3343,,,,1,,1,1,1,,,250,,,,,,,,,,,,,,,0,5,0,,,,,,,,,,7,1.6,16,1000,150,90,100,180,135,250,,250,15,1,0,255,,,,,,,,,,,,,,,,,,,,,,,,,10,10000,"1,2",,,,,,,,,,,,,,,,,,,,,1,,,,,,,,,,,,1,,,,,,,,
3344,荧羽夜枭,3344,GlowFeather,GlowFeather,,,#c0aba1d鸟类#n，对目标地点使用，生成一只#c0aba1d荧羽夜枭#n，可被@item_12020#、@item_550101#、@item_11718#、@item_11711#和@item_11712#吸引。可使用@item_11712##c0aba1d驯服#n，使用@item_12020#有概率变异，可能出现星尘形态，驯服后喂食其它道具可恢复血量和体力。#r当荧羽夜枭体力不足时，它将无法持续飞行，可等待它缓慢恢复#r击败后掉落@item_12016#。,,,,,,100239,,3344,,,,8,,1,1,1,,,250,,,,,,,,,,,,,,,0,5,0,,,,,,,,,,7,1.6,16,1000,150,90,100,180,135,250,,250,15,1,0,255,,,,,3,1,,,,,,,,,,,,,,,,,,,10,10000,"1,2",,,,,,,,,,,,,,,,,,,,,1,,,,,,,,,,,,1,,,,,,,,
3345,游侠猫,3345,RangerCat,RangerCat,,,#c0aba1d人形#n，对目标地点使用，生成一只#c0aba1d游侠猫#n，可被@item_11996#吸引。可使用@item_11996#进行一场运气游戏。#r击败后无掉落。,,,,,,100236,,3345,,,,1,,1,1,1,,,250,,,,,,,,,,,,,,,0,5,0,,,,,,,,,,7,1.6,16,1000,150,90,100,180,135,250,,250,15,1,0,255,,,,,2,1,,,,,,,,,,,,,,,,,,,10,10000,"1,2",,,,,,,,,,,,,,,,,,,,,1,,,,,,,,,,,,1,,,,,,,,
3346,星尘精灵,3346,StardustElf,StardustElf,,,#c0aba1d精灵类#n，对目标地点使用，生成一只#c0aba1d星尘精灵#n，可被@item_201912#、@item_11516#和@item_15081#吸引。可使用@item_201912##c0aba1d驯服#n，驯服后喂食其它道具可恢复血量。#r击败后无掉落。,,,,,,100242,,3346,,,,1,,1,1,1,,,250,,,,,,,,,,,,,,,0,5,0,,,,,,,,,,7,1.6,16,1000,150,90,100,180,135,250,,250,15,1,0,255,,,,,,2,,,,,,,,,,,,,,,,,,,10,10000,"1,2",,,,,,,,,,,,,,,,,,,,,1,,,,,,,,,,,,1,,,,,,,,
3347,独角兽,3347,Unicorn,Unicorn,,,#c0aba1d哺乳类#n，对目标地点使用，生成一只#c0aba1d独角兽#n，可被@item_12020#、@item_11712#、@item_201912#和@item_12016#吸引。可使用@item_12016##c0aba1d驯服#n，使用@item_12020#有概率变异，可能出现星尘形态，驯服后喂食其它道具可恢复血量#r击败后掉落@item_15080#。,,,,,,100233,,3347,,,,1,,1,1,1,,,250,,,,,,,,,,,,,,,0,5,0,,,,,,,,,,7,1.6,16,1000,150,90,100,180,135,250,,250,15,1,0,255,,,,,3,1,,,,,,,,,,,,,,,,,,,10,10000,"1,2",,,,,,,,,,,,,,,,,,,,,1,,,,,,,,,,,,1,,,,,,,,
3348,临时坐骑,3348,TimedMount,TimedMount,,,使用@item_15080#召唤出的一只限时坐骑生物,,,,,,100233,,3348,,,,1,,,,1,,,250,,,,,,,,,,,,,,,0,5,0,,,,,,,,,,7,1.6,16,1000,150,90,100,180,135,250,,250,15,1,0,255,,,,,,,,,,,,,,,,,,,,,,,,,10,10000,"1,2",,,,,,,,,,,,,,,,,,,,,1,,,,,,,,,,,,,,,,,,,,
3350,食人花,3350,ManEaterFlower,ManEaterFlower,,,#c0aba1d植物类#n，对目标地点使用，生成一只#c0aba1d食人花#n。击败后掉落@item_12015#。,,,,,,100245,,3350,,,,0,,1,2,1,,,250,,,,,,,,,,,,,,,0,5,0,,,,,,,,,,7,1.6,16,1000,150,90,100,180,135,250,,250,15,1,0,255,,,,,,1,,,,,,,,,,,,,,,,,,,10,10000,"1,2",,,,,,,,,,,,,,,,,,,,,1,,,,,,,,,,,,1,,,,,,,,official_CreatureType.Monster
3351,蚀化蛙人战士,3351,ErodedFrogMelee,ErodedFrogMelee,,,#c0aba1d蚀化类#n，对目标地点使用，生成一只#c0aba1d蚀化蛙人(近战)#n。击败后掉落@item_200411#和@item_12019#。,,,,,,100249,,3351,,,,0,,1,2,1,,,250,,,,,,,,,,,,,,,0,5,0,,,,,,,,,,7,1.6,16,1000,150,90,100,180,135,250,,250,15,1,0,255,,,,,,1,,,,,,,,,,,,,,,,,,,10,10000,"1,2",,,,,,,,,,,,,,,,,,,,,1,,,,,,,,,,,,1,,,,,,,,official_CreatureType.Monster
3352,蚀化蛙人法师,3352,ErodedFrogRanged,ErodedFrogRanged,,,#c0aba1d蚀化类#n，对目标地点使用，生成一只#c0aba1d蚀化蛙人(法师)#n。击败后掉落@item_200411#和@item_12019#。,,,,,,100249,,3352,,,,0,,1,2,1,,,250,,,,,,,,,,,,,,,0,5,0,,,,,,,,,,7,1.6,16,1000,150,90,100,180,135,250,,250,15,1,0,255,,,,,,1,,,,,,,,,,,,,,,,,,,10,10000,"1,2",,,,,,,,,,,,,,,,,,,,,1,,,,,,,,,,,,1,,,,,,,,official_CreatureType.Monster
3353,蚀化狗人战士,3353,ErodedDogMelee,ErodedDogMelee,,,#c0aba1d蚀化类#n，对目标地点使用，生成一只#c0aba1d蚀化狗人(近战)#n。击败后掉落@item_200411#和@item_12019#。,,,,,,100235,,3353,,,,0,,1,2,1,,,250,,,,,,,,,,,,,,,0,5,0,,,,,,,,,,7,1.6,16,1000,150,90,100,180,135,250,,250,15,1,0,255,,,,,,1,,,,,,,,,,,,,,,,,,,10,10000,"1,2",,,,,,,,,,,,,,,,,,,,,1,,,,,,,,,,,,1,,,,,,,,official_CreatureType.Monster
3354,蚀化狗人法师,3354,ErodedDogRanged,ErodedDogRanged,,,#c0aba1d蚀化类#n，对目标地点使用，生成一只#c0aba1d蚀化狗人(法师)#n。击败后掉落@item_200411#和@item_12019#。,,,,,,100235,,3354,,,,0,,1,2,1,,,250,,,,,,,,,,,,,,,0,5,0,,,,,,,,,,7,1.6,16,1000,150,90,100,180,135,250,,250,15,1,0,255,,,,,,1,,,,,,,,,,,,,,,,,,,10,10000,"1,2",,,,,,,,,,,,,,,,,,,,,1,,,,,,,,,,,,1,,,,,,,,official_CreatureType.Monster
3355,蚀化猫人战士,3355,ErodedCatMelee,ErodedCatMelee,,,#c0aba1d蚀化类#n，对目标地点使用，生成一只#c0aba1d蚀化猫人(近战)#n。击败后掉落@item_200411#和@item_12019#。,,,,,,100236,,3355,,,,0,,1,2,1,,,250,,,,,,,,,,,,,,,0,5,0,,,,,,,,,,7,1.6,16,1000,150,90,100,180,135,250,,250,15,1,0,255,,,,,,1,,,,,,,,,,,,,,,,,,,10,10000,"1,2",,,,,,,,,,,,,,,,,,,,,1,,,,,,,,,,,,1,,,,,,,,official_CreatureType.Monster
3356,蚀化猫人法师,3356,ErodedCatRanged,ErodedCatRanged,,,#c0aba1d蚀化类#n，对目标地点使用，生成一只#c0aba1d蚀化猫人(法师)#n。击败后掉落@item_200411#和@item_12019#。,,,,,,100236,,3356,,,,0,,1,2,1,,,250,,,,,,,,,,,,,,,0,5,0,,,,,,,,,,7,1.6,16,1000,150,90,100,180,135,250,,250,15,1,0,255,,,,,,1,,,,,,,,,,,,,,,,,,,10,10000,"1,2",,,,,,,,,,,,,,,,,,,,,1,,,,,,,,,,,,1,,,,,,,,official_CreatureType.Monster
3357,蚀化猪人战士,3357,ErodedPigMelee,ErodedPigMelee,,,#c0aba1d蚀化类#n，对目标地点使用，生成一只#c0aba1d蚀化猪人(近战)#n。击败后掉落@item_200411#和@item_12019#。,,,,,,100237,,3357,,,,0,,1,2,1,,,250,,,,,,,,,,,,,,,0,5,0,,,,,,,,,,7,1.6,16,1000,150,90,100,180,135,250,,250,15,1,0,255,,,,,,1,,,,,,,,,,,,,,,,,,,10,10000,"1,2",,,,,,,,,,,,,,,,,,,,,1,,,,,,,,,,,,1,,,,,,,,official_CreatureType.Monster
3358,蚀化猪人法师,3358,ErodedPigRanged,ErodedPigRanged,,,#c0aba1d蚀化类#n，对目标地点使用，生成一只#c0aba1d蚀化猪人(法师)#n。击败后掉落@item_200411#和@item_12019#。,,,,,,100237,,3358,,,,0,,1,2,1,,,250,,,,,,,,,,,,,,,0,5,0,,,,,,,,,,7,1.6,16,1000,150,90,100,180,135,250,,250,15,1,0,255,,,,,,1,,,,,,,,,,,,,,,,,,,10,10000,"1,2",,,,,,,,,,,,,,,,,,,,,1,,,,,,,,,,,,1,,,,,,,,official_CreatureType.Monster
3359,蚀化蘑菇国王,3359,ErodedMushroomKing,ErodedMushroomKing,,,#c0aba1d蚀化类#n，对目标地点使用，生成一只#c0aba1d蚀化蘑菇国王#n。击败后掉落@item_12327#、@item_12019#和@item_12020#。,,,,,,100265,,3359,,,,6,,1,2,1,,,250,,,,,,,,,,,,,,,0,5,0,,,,,,,,,,7,1.6,16,1000,150,90,100,180,135,250,,250,15,1,0,255,,,,,,1,,,,,,,,,,,,,,,,,,,10,10000,"1,2",,,,,,,,,,,,,,,,,,,,,1,,,,,,,,,,,,,,1061001,2218001|1061001|2209001|1078001|2269001,,,,,official_CreatureType.Monster
3360,蚀化蘑菇人,3360,ErodedMushroomMan,ErodedMushroomMan,,,#c0aba1d蚀化类#n，对目标地点使用，生成一只#c0aba1d蚀化蘑菇人#n。击败后掉落@item_200411#和@item_12019#。,,,,,,100231,,3360,,,,0,,1,2,1,,,250,,,,,,,,,,,,,,,0,5,0,,,,,,,,,,7,1.6,16,1000,150,90,100,180,135,250,,250,15,1,0,255,,,,,,1,,,,,,,,,,,,,,,,,,,10,10000,"1,2",,,,,,,,,,,,,,,,,,,,,1,,,,,,,,,,,,1,,,,,,,,official_CreatureType.Monster
3361,晶石小怪,3361,CrystalGoblin,CrystalGoblin,,,#c0aba1d晶质类#n，对目标地点使用，生成一只#c0aba1d晶石小怪#n。击败后掉落@item_200411#、@item_201907#和@item_12019#。,,,,,,100247,,3361,,,,0,,1,2,1,,,250,,,,,,,,,,,,,,,0,5,0,,,,,,,,,,7,1.6,16,1000,150,90,100,180,135,250,,250,15,1,0,255,,,,,10,1,,,,,,,,,,,,,,,,,,,10,10000,"1,2",,,,,,,,,,,,,,,,,,,,,1,,,,,,,,,,,,1,,1078001,,,,,,official_CreatureType.Monster
3362,晶石巨像,3362,CrystalColossus,CrystalColossus,,,#c0aba1d晶质类#n，对目标地点使用，生成一只#c0aba1d晶石巨像#n。击败后掉落@item_200411#、@item_201907#和@item_12019#。,,,,,,100246,,3362,,,,0,,1,2,1,,,250,,,,,,,,,,,,,,,0,5,0,,,,,,,,,,7,1.6,16,1000,150,90,100,180,135,250,,250,15,1,0,255,,,,,5,1,,,,,,,,,,,,,,,,,,,10,10000,"1,2",,,,,,,,,,,,,,,,,,,,,1,,,,,,,,,,,,1,,1078001,,,,,,official_CreatureType.Monster
3363,草精灵,3363,GrassSpirit,GrassSpirit,,,,,,5,100,0,100234,,3363,,,,1,,1,1,,18000,Chicken_OnTick,30,,,,,,,,,,,,,,,0,1,0,,,,,,,,,,7,1.6,16,1000,80,60,60,90,80,80,,280,15,1,0,255,,,,,,2,,,,,,,,12518,10000,,,,,,,,,,,,,,1,,,,,,,,,,,,,,,,,,,1.1,0.8,0.25,0.5,,,@10836,,,0.9,2,"1,1",1,,1058001,,,,,,official_CreatureAbility.InteractionAbility.Huntable|official_CreatureAbility.DietType.Herbivore
3364,老村长,3364,OldVillageChief,OldVillageChief,,,对目标地点使用，生成一个#c0aba1d老村长#n,,,,,,100240,,3364,,,,10,,1,4,0,,,50,,,,,,,,,,,,,,,0,5,0,,,,,,,,,,7,1.6,16,1000,150,90,100,180,135,250,,250,15,1,0,255,,,,,,,,,,,,,,,,,,,,,,,,,10,10000,"1,2",,,,,,,,,,,,,,,,,,,,,1,,,,,,,,,,,,1,,,,,,,,official_CreatureType.Villager.CloverVillager
3365,星尘境虚空使徒,3365,StellarFantom,StellarFantom,,,,,,5,100,0,110035,,3501,,,,0,,,2,4,,,200,,,10000,,,,,,,,,,,,0,40,30,,,,,,,,,0.75,7,3.5,16,6000,220,90,90,300,100,100,,250,15,1,0,255,,,,,5,1,,,,,,,,11911,10000,,,,,,,,,,25,10000,"2,4",210,,,,,,,,,ent.3501.hit,ent.3501.die,ent.3501.idle,ent.3501.foot,,,,,35011,,,1,,20,,,,@10836,,,,,,,-15,,,,,,,official_CreatureType.Monster
3366,星尘境虚空使祭司,3366,StellarFantomPriest,StellarFantomPriest,,,,,,5,100,0,100101,,3918,,,,0,,,2,4,,,1800,,,10000,,20,,,,30,,,,,,0,30,20,,,,,,,,,,7,3,16,6000,300,100,100,300,100,100,,250,15,1,0,255,,,,,2,1,,,,,,,,200411,10000,6,200411,3000,2,,,,,,21,10000,"2,4",210,,,,,,,,,ent.3501.hit,ent.3501.die,ent.3501.idle,ent.3501.foot,,,,,,,,1,,20,,,,,,,,,,,-15,,,,,,,official_CreatureType.Monster
3367,星尘境虚空使大祭司,3367,StellarFantomHighPriest,StellarFantomHighPriest,,,,,,5,100,0,100101,,3919,,,,0,,,2,4,,,2500,,,10000,,20,,,,30,,,,,,0,30,20,,,,,,,,,,7,3,16,6000,380,100,100,380,100,100,,250,15,1,0,255,,,,,2,1,,,,,,,,200411,10000,8,200411,3000,2,,,,,,21,10000,"2,4",210,,,,,,,,,ent.3501.hit,ent.3501.die,ent.3501.idle,ent.3501.foot,,,,,,,,1,,20,,,,,,,,,,,-15,,,,,,,official_CreatureType.Monster
3368,城堡蚀化蛙人战士,3368,CastleErodedFrogMelee,CastleErodedFrogMelee,,,#c0aba1d蚀化类#n，对目标地点使用，生成一只#c0aba1d蚀化蛙人(近战)#n。击败后掉落@item_200411#和@item_12019#。,,,,,,100249,,3351,,,,0,,,,1,,,250,,,,,,,,,,,,,,,0,5,0,,,,,,,,,,7,1.6,16,1000,150,90,100,180,135,250,,250,15,1,0,255,,,,,,1,,,,,,,,,,,,,,,,,,,10,10000,"1,2",,,,,,,,,,,,,,,,,,,,,1,,,,,,,,,,,,1,,,,,,,,official_CreatureType.Monster
3369,城堡蚀化蛙人法师,3369,CastleErodedFrogMage,CastleErodedFrogMage,,,#c0aba1d蚀化类#n，对目标地点使用，生成一只#c0aba1d蚀化蛙人(法师)#n。击败后掉落@item_200411#和@item_12019#。,,,,,,100249,,3352,,,,0,,,,1,,,250,,,,,,,,,,,,,,,0,5,0,,,,,,,,,,7,1.6,16,1000,150,90,100,180,135,250,,250,15,1,0,255,,,,,,1,,,,,,,,,,,,,,,,,,,10,10000,"1,2",,,,,,,,,,,,,,,,,,,,,1,,,,,,,,,,,,1,,,,,,,,official_CreatureType.Monster
3370,城堡蚀化狗人战士,3370,CastleErodedDogMelee,CastleErodedDogMelee,,,#c0aba1d蚀化类#n，对目标地点使用，生成一只#c0aba1d蚀化狗人(近战)#n。击败后掉落@item_200411#和@item_12019#。,,,,,,100235,,3353,,,,0,,,,1,,,250,,,,,,,,,,,,,,,0,5,0,,,,,,,,,,7,1.6,16,1000,150,90,100,180,135,250,,250,15,1,0,255,,,,,,1,,,,,,,,,,,,,,,,,,,10,10000,"1,2",,,,,,,,,,,,,,,,,,,,,1,,,,,,,,,,,,1,,,,,,,,official_CreatureType.Monster
3371,城堡蚀化狗人法师,3371,CastleErodedDogMage,CastleErodedDogMage,,,#c0aba1d蚀化类#n，对目标地点使用，生成一只#c0aba1d蚀化狗人(法师)#n。击败后掉落@item_200411#和@item_12019#。,,,,,,100235,,3354,,,,0,,,,1,,,250,,,,,,,,,,,,,,,0,5,0,,,,,,,,,,7,1.6,16,1000,150,90,100,180,135,250,,250,15,1,0,255,,,,,,1,,,,,,,,,,,,,,,,,,,10,10000,"1,2",,,,,,,,,,,,,,,,,,,,,1,,,,,,,,,,,,1,,,,,,,,official_CreatureType.Monster
3372,城堡蚀化猫人战士,3372,CastleErodedCatMelee,CastleErodedCatMelee,,,#c0aba1d蚀化类#n，对目标地点使用，生成一只#c0aba1d蚀化猫人(近战)#n。击败后掉落@item_200411#和@item_12019#。,,,,,,100236,,3355,,,,0,,,,1,,,250,,,,,,,,,,,,,,,0,5,0,,,,,,,,,,7,1.6,16,1000,150,90,100,180,135,250,,250,15,1,0,255,,,,,,1,,,,,,,,,,,,,,,,,,,10,10000,"1,2",,,,,,,,,,,,,,,,,,,,,1,,,,,,,,,,,,1,,,,,,,,official_CreatureType.Monster
3373,城堡蚀化猫人法师,3373,CastleErodedCatMage,CastleErodedCatMage,,,#c0aba1d蚀化类#n，对目标地点使用，生成一只#c0aba1d蚀化猫人(法师)#n。击败后掉落@item_200411#和@item_12019#。,,,,,,100236,,3356,,,,0,,,,1,,,250,,,,,,,,,,,,,,,0,5,0,,,,,,,,,,7,1.6,16,1000,150,90,100,180,135,250,,250,15,1,0,255,,,,,,1,,,,,,,,,,,,,,,,,,,10,10000,"1,2",,,,,,,,,,,,,,,,,,,,,1,,,,,,,,,,,,1,,,,,,,,official_CreatureType.Monster
3374,城堡蚀化猪人战士,3374,CastleErodedPigMelee,CastleErodedPigMelee,,,#c0aba1d蚀化类#n，对目标地点使用，生成一只#c0aba1d蚀化猪人(近战)#n。击败后掉落@item_200411#和@item_12019#。,,,,,,100237,,3357,,,,0,,,,1,,,250,,,,,,,,,,,,,,,0,5,0,,,,,,,,,,7,1.6,16,1000,150,90,100,180,135,250,,250,15,1,0,255,,,,,,1,,,,,,,,,,,,,,,,,,,10,10000,"1,2",,,,,,,,,,,,,,,,,,,,,1,,,,,,,,,,,,1,,,,,,,,official_CreatureType.Monster
3375,城堡蚀化猪人法师,3375,CastleErodedPigMage,CastleErodedPigMage,,,#c0aba1d蚀化类#n，对目标地点使用，生成一只#c0aba1d蚀化猪人(法师)#n。击败后掉落@item_200411#和@item_12019#。,,,,,,100237,,3358,,,,0,,,,1,,,250,,,,,,,,,,,,,,,0,5,0,,,,,,,,,,7,1.6,16,1000,150,90,100,180,135,250,,250,15,1,0,255,,,,,,1,,,,,,,,,,,,,,,,,,,10,10000,"1,2",,,,,,,,,,,,,,,,,,,,,1,,,,,,,,,,,,1,,,,,,,,official_CreatureType.Monster
3376,皇冠蘑菇战士,3376,MushroomWarrior2,MushroomWarrior2,,,对目标地点使用，生成一个#c0aba1d蘑菇战士#n,,,,,,100231,,3322,,,,0,,,,0,,,200,,,,,,,,,,,,,,,0,0,0,,35,,,,,,,,7,1.6,16,1000,150,90,100,180,135,250,,250,15,1,0,255,,,,,,,,,,,,,,,,,,,,,,,,,10,10000,"1,2",,,,,,,,,,,,,,,,,,,,,1,,,,,,,,,,,,1,,,,,,,,
3400,嘟嘟鸟,,Dudu,Dudu,,,,,,5,100,0,110003,,3400,3813,,,1,1,1,1,,18000,Chicken_OnTick,30,,,,,,,,,,,,,,,0,1,0,,,,,,,,,,7,1.6,16,1000,80,60,60,90,80,80,,280,15,9,0,255,,,,,,2,,,,,,,,12518,10000,,11303,5000,,,,,12497,10000,3,5000,"1,2",10,1,,,,,,,,ent.3400.hit,ent.3400.hit,ent.3400.idle,ent.3400.foot,,,,,,,,1.1,0.8,0.25,0.5,,,@10836,,,0.9,2,"1,1",1,,,,,,,,official_CreatureAbility.InteractionAbility.Huntable|official_CreatureAbility.DietType.Herbivore
3401,沃沃兽,,Wowo,Wowo,,,,,,5,100,0,110031,,3401,3812,,,1,1,1,1,1,,,150,,,1500,0.8,,,,,,,,,,,0,10,0,,,,,,,,,,7,1.4,16,4000,150,90,100,180,135,250,,250,15,9,0,255,,,,,,3,,,,,,,,12516,10000,,11307,10000,,11307,3500,,12497,10000,10,10000,"1,3",10,3,,,1,,,,,ent.3401.hit,ent.3401.die,ent.3401.idle,ent.3401.foot,,,,,,,,1.2,0.8,0.25,0.5,,,@10836,,,,1,"1,2",1,,,,,,,,official_CreatureAbility.InteractionAbility.Huntable|official_CreatureAbility.DietType.Herbivore
3402,墩墩,,Dundun,Dundun,,,,,,5,100,0,110002,,3402,3811,,,1,1,1,1,,,,60,,,,,,2,,,,,,,,,0,1,0,,,,,,,,,,7,1.6,16,3500,95,80,80,130,65,100,,300,15,9,0,255,,,,,,3,,,,,,,,12522,10000,,11307,10000,,11307,3500,,12497,10000,3,10000,"1,2",10,1,,,,,,,,ent.3402.idle,ent.3402.die,ent.3402.idle,ent.3402.foot,,,,,,,,1.3,0.8,0.25,0.5,,,@10836,,,,1,"3,6",1,,,,,,,,official_CreatureAbility.InteractionAbility.Huntable|official_CreatureAbility.DietType.Herbivore|official_CreatureAbility.DietType.Carnivore
3403,角鹿,,Elk,Elk,,,,,,5,100,0,110029,,3403,3814,,,1,1,1,1,,,,60,,,,,,,,,2,,,,,,0,1,0,,,,,,,,,,7,1.6,16,3000,150,80,100,160,70,140,,280,15,9,0,255,,,,,,3,,,,,,,,12530,10000,,11307,10000,,11307,3500,,12497,10000,3,10000,"1,2",10,1,,,,,,,,ent.3403.hit,ent.3403.die,ent.3403.idle,ent.3403.foot,,,,,,,,1,0.8,0.25,0.5,,,@10836,,,,1,"1,2",1,,,,,,,,official_CreatureAbility.InteractionAbility.Huntable|official_CreatureAbility.DietType.Herbivore
3404,马,,Horse,Horse,,,,,,,,,110006,,3404,3815,,,1,,,,,,,75,,,,,,,,,,,,,,,0,1,0,,,,,,,,,,7,1.6,16,,180,120,200,180,200,200,,280,15,9,0,255,,,,,,1,,,,,,,,11307,10000,,11307,5000,,,,,,,3,10000,"1,2",10,,,,,,,,,,,,,,,,,,,,1,,,,,,,,,,,,1,,,,,,,,
3405,冰熊（驯服）,,Icebear,Tamed Icebear,,,,,,,,,110018,,3405,3820,,,1,1,1,3,1,,,300,,,,,,,,,,,,,,,0,50,30,,,,,,,,,,7,1.6,16,6000,180,160,300,220,200,300,,300,15,9,0,255,,,,,,1,,,,,,,,11307,10000,,11307,5000,,,,,,,,,,,,,,,,,,,ent.3405.hit,ent.3405.die,ent.3405.idle,,,,,,,,,1,,5,5,,,,,,0.8,,,1,12,,,,,,,official_CreatureAbility.DietType.Carnivore
3406,迅猛龙（驯服）,,Raptor,Tamed Raptor,,,,,,,,,110024,,3406,3818,,,1,1,1,3,1,,,200,,,,,,,,,,,,,,,0,75,35,,,,,,,,,,7,1.6,16,5000,280,160,400,300,200,300,,400,15,9,0,255,,,,,,1,,,,,,,,11307,10000,,11307,5000,,,,,,,,,,,,,,,,,,,ent.3406.hit,ent.3406.die,ent.3406.idle,,,,,,,,,1,,10,5,,,,,,0.7,,,1,,,,,,,,official_CreatureAbility.DietType.Carnivore
3407,狐狸,,Fox,Fox,,,,,,5,200,1,110010,,3407,3809,,,1,1,1,1,1,,,100,,,2000,0.8,,,,,,,,,,,0,20,15,,,,,,,,,0.75,7,2,16,4000,90,70,90,110,90,150,,250,15,9,0,255,,,,,10,1,,,,,,,,11307,10000,,11307,10000,,,,,,,11,10000,"1,3",10,,,,1,,,,,ent.3407.hit,ent.3407.die,ent.3407.idle,ent.3407.foot,,,,,,,,1,0.8,2,0.5,0.5,,@10836,,,,1,"2,2",1,,,,,,,,official_CreatureAbility.InteractionAbility.Huntable|official_CreatureAbility.DietType.Carnivore
3408,灵狐（驯服）,,Soulfox,Soulfox,,,,,,5,100,0,110010,1,3408,3810,,,1,1,1,1,1,,,125,,,,,,3,3,,3,,,,,,0,20,15,,,,,,,,,,7,1.6,16,4000,90,70,60,100,90,90,,300,15,9,0,255,,,,,,1,,,,,,,,11307,10000,,11307,5000,,,,,,,,,,,,,,,,,,,ent.3408.hit,ent.3408.die,ent.3408.idle,ent.3408.foot,,,,,,,,1,,0.25,0.5,,,@10836,,,,1,,1,,,,,,,,
3409,企鹅,,Penguin,Penguin,,,,,,5,100,0,110022,,3409,3819,,,1,1,1,1,,6000,Penguin_OnTick,50,,,,,,,,,,,,,,,0,1,0,,,,,,,,,,7,1.6,16,1000,80,60,40,100,80,80,,230,15,9,0,255,,,,,,5,,,,,,,,12520,10000,,12520,10000,,,,,12521,10000,3,5000,"1,2",10,1,,,,,,,,ent.3409.hit,ent.3409.die,ent.3409.idle,ent.3409.foot,,,,,,,,1,0.8,0.25,0.5,,,@10836,,,,2,"2,2",1,12,,,,,,,official_CreatureAbility.InteractionAbility.Huntable|official_CreatureAbility.DietType.Herbivore
3410,鸵鸟（驯服）,,Ostrich,Tamed Ostrich,,,,,,,,,110015,,3410,3817,,,1,1,1,3,1,,,100,,,,,,,,,,,,,,,0,10,6,,,,,,,,,,7,1.6,16,2000,280,95,100,300,120,300,,400,15,9,0,255,,,,,,2,,,,,,,,12607,10000,,11303,5000,,,,,,,,,,,,,,,,,,,ent.3410.hit,ent.3410.die,ent.3410.idle,,,,,,,,,1,,0.25,5,,,,,,0.8,,,1,,,,,,,,official_CreatureAbility.DietType.Herbivore|official_CreatureAbility.DietType.Carnivore
3411,鸵鸟,,WildOstrich,Ostrich,野生的,,,,,5,100,0,110015,,3411,3817,,,2,1,1,1,1,,,100,,,,,,,,,,,,,,,0,10,6,,,,,,,,,,7,1.6,16,2000,280,95,100,250,120,230,,400,15,9,0,255,,,,,,1,,,,,,,,12607,10000,,11303,5000,,,,,,,7,10000,"1,3",50,1,,,1,,,,,ent.3410.hit,ent.3410.die,ent.3410.idle,,,,,,,,,1,0.8,1,,5,,@10836,,,0.8,2,"3,4",1,,,,,,,,official_CreatureAbility.InteractionAbility.Huntable|official_CreatureAbility.DietType.Herbivore|official_CreatureAbility.DietType.Carnivore
3412,冰熊,,WildIcebear,Icebear,野生的,,,,,5,100,0,110018,,3412,3820,,,1,1,1,1,1,,,300,,,3000,0.8,,,,,,,,,,,0,50,30,,,,,,,,,0.6,7,2.6,16,6000,180,160,300,220,200,300,,300,15,9,0,255,,,,,,1,,,,,,,,11307,10000,,11307,5000,,,,,,,15,10000,"1,3",150,2,,,1,,,,,ent.3405.hit,ent.3405.die,ent.3405.idle,,,,,,,,,1,0.8,5,,5,,@10836,,,0.8,1,"2,4",1,12,,,,,,,official_CreatureAbility.InteractionAbility.Huntable|official_CreatureAbility.DietType.Carnivore
3413,迅猛龙,,WildRaptor,Raptor,野生的,,,,,5,100,0,110024,,3413,3818,,,1,1,1,1,1,,,200,,,4000,0.8,,,,,,,,,,,0,75,35,,,,,,,,,0.6,7,2.6,16,5000,280,160,400,300,200,300,,400,15,9,0,255,,,,,,1,,,,,,,,11307,10000,,11307,5000,,,,,,,20,10000,"2,4",200,2,,,1,,,,,ent.3406.hit,ent.3406.die,ent.3406.idle,,,,,,,,,1,0.8,10,,5,,@10836,,,0.7,2,"2,4",1,,,,,,,,official_CreatureAbility.InteractionAbility.Huntable|official_CreatureAbility.DietType.Carnivore
3414,团子,,WildMonsterRound,Dango,,,,,,,,,100035,1,3414,,,,2,1,1,1,,,,100,,,,,,,,,,,,,,,0,5,3,42003,,,,,,,,,7,2.6,16,6000,120,120,120,150,150,150,,300,15,9,0,255,,,,,,1,,,,,,,,12576,10000,,12287,8000,,,,,,,,,,,3,,,1,,,,,ent.3415.hit,ent.3415.die,ent.3415.idle,,,,,,mob_3414_5,,,1,0.8,,,,,,,,,,,1,,,,,,,,official_CreatureAbility.InteractionAbility.Huntable
3415,团子（驯服）,,MonsterRound,Tamed Dango,,,,,,,,,100035,,3415,,,,2,1,1,3,,,,200,,,,,,2,2,,2,,,,,,0,10,10,,,,,,,,,,7,1.6,16,6000,120,120,120,150,150,150,,300,15,9,0,255,,,,,,1,,,,,,,,12576,10000,,12287,8000,,,,,,,,,,,,,,,,,,,ent.3415.hit,ent.3415.die,ent.3415.idle,,,,,,,,,1.2,,,,,,,,,0.8,,,1,,,,,,,,
3416,熊猫,3416,WildPanda,Panda,,,对目标地点使用，生成一只#c0aba1d熊猫#n，使用@item_251#有一定几率#c0aba1d驯服#n它成为你的#c0aba1d伙伴#n。#r驯服后对#c0aba1d熊猫#n喂食@item_251#有概率获得掉落奖励。#r#c0aba1d熊猫#n受到攻击后会自行离开。#r熊猫#c0aba1d无法繁殖#n。,,,,,,110017,,3416,,,,2,,,1,,,,200,,,,,,,,,,,,,,,0,1,0,,,,,,,,,,7,1.6,16,4000,100,120,120,130,130,150,,300,15,9,0,255,,,,,,1,,,,,,,,,,,,,,,,,,,,,,,1,,,1,,,,,ent.3416.hit,ent.3416.die,ent.3416.idle,ent.3408.foot,,,,,,,,1,0.9,,,,,,,,,,,,,,,,,,,
3417,熊猫（驯服）,,Panda,Tamed Panda,,,,,,,,,110017,,3417,,,,2,,,1,,,,200,,,,,,,,,,,,,,,0,1,0,,,,,,,,,,7,1.6,16,4000,100,120,120,130,130,120,,300,15,9,0,255,,,,,,1,,,,,,,,,,,,,,,,,,,,,,,,,,,,,,,ent.3416.hit,ent.3416.die,ent.3416.idle,ent.3408.foot,,,,,,,,1,0.9,,,,,,,,,,,,,,,,,,,
3418,蜜蜂,,Bee,Bee,,,,,,,,,110056,,3418,,,,8,1,1,1,,,,15,,,,,,,,,,,,,,,0,10,10,44001,,,,,,,,,12,2,16,100,70,70,70,70,70,70,,300,15,9,0,255,,,,,6,1,,,,,,,,11313,10000,,,,,,,,,,,,,,2,,,,,,,,ent.3418.hit,ent.3418.die,ent.3418.idle,,,,,,mob_3418,,,0.9,0.7,,,,,,,,0.9,,,1,,,,,,,"0,0,1,0",
3419,萤火虫,,Firefly,Firefly,,,,,,,,,110057,,3419,,,,8,1,1,1,,,,5,,,,,,,,,,,,,,,0,1,0,,,,,,,,,,12,2,16,50,60,60,60,80,80,80,,300,5,0,0,255,,,,,6,1,,,,,,,,,,,,,,,,,,,,,,,1,,,,,,,,,,,,,,,,mob_3419,,,0.7,0.6,,,,,,,,0.7,,,1,,,,,,,"0,0,1,0",
3420,足球,,Soccer,Soccer,,,,,,,,,100038,1,3420,,,,9,,,,,,,10000,,,,,,,,,,,,,,,0,0,0,,,,,,,,,,7,2.6,16,110,70,70,70,70,70,70,,300,15,9,0,255,,,,,,1,,,,,,,,,,,,,,,,,,,,,,,,,,,,,,,,,,,,,,,,,,1.2,,,,,,,,,1.2,,,,,,,,,,,
3421,飞鸡,,Redchisk,Redchisk,,,热爱环境，向往自由，会飞翔的肥鸡。,,,,,,110059,,3421,3893,,,2,1,1,1,,,,150,,,,,,,,,,,,,,,0,25,15,,,,,,,,,,7,1.6,18,6000,180,110,110,180,130,180,,200,15,1,0,255,,,,,,1,,,,,,,,11609,5000,,11303,5000,,11067,10000,,,,10,10000,"1,3",100,1,,,1,,,,,ent.3421.hit,ent.3421.hit,ent.3421.idle,ent.3421.foot,,,,,,,,1,0.8,5,1,5,,,,,,2,"1,4",1,,,,,,,,official_CreatureAbility.DietType.Herbivore
3422,飞鸡（驯服）,,TamedRedchisk,Tamed Redchisk,,,感受不一样的坐骑体验。,,,,,,110059,,3422,,,,2,1,1,3,,,,200,,,,,,,,,,,,,,,0,25,15,,,,,,,,,,7,1.6,18,6000,180,110,110,180,130,180,,200,15,1,0,255,,,,,,1,,,,,,,,11609,5000,,11303,5000,,11067,10000,,,,,,,,,,,,,,,,ent.3421.hit,ent.3421.hit,ent.3421.idle,ent.3421.foot,,,,,,,,1,0.8,5,1,,,,,,0.8,,,1,,,,,,,,official_CreatureAbility.DietType.Herbivore
3423,战斗鸡,,Roster,Roster,,,战斗精英，守护某种神奇的方块，生物沾染荧光效果就是对他发起挑衅！,,,,,,110061,,3423,3894,,,2,1,1,1,,,,150,,,,,,,,,,,,,,,0,40,25,,,,,,,,,,7,2.2,16,3500,180,70,70,170,80,100,,380,15,1,0,255,,,,,,1,,,,,,,,11609,5000,,11303,5000,,11068,10000,,,,10,10000,"1,3",100,3,,,,,,,,ent.3423.hit,ent.3423.hit,ent.3423.idle,ent.3423.foot,,,,,,,,1,0.8,5,1,,,,,,,2,"2,4",,,,,,,,,official_CreatureAbility.DietType.Herbivore
3424,尖叫鸡,,Squawker,Squawker,,,良好的时间观念，好像除了尖叫啥也不会！,,,,,,110060,,3424,,,,2,1,1,1,,,,300,,,,,,,,,,,,,,,0,5,3,,,,,,,,,,7,1.6,18,3000,180,70,70,170,80,80,,300,15,1,0,255,,,,,,1,,,,,,,,11069,7500,,11303,5000,,11609,5000,,,,10,10000,"1,3",100,,,,,,,,,ent.3424.hit,ent.3424.hit,ent.3424.idle,ent.3424.foot,,,,,,,,1,0.8,5,1,,,,,,,,,1,,,,,,,,
3425,篮球,,,,,,,,,,,,100055,1,3420,,,,9,,,,,,,10000,,,,,,,,,,,,,,,0,0,0,,,,,,,,,,7,2.6,16,110,60,60,60,60,60,60,,300,15,9,0,255,,,,,,1,,,,,,,,,,,,,,,,,,,,,,,,,,,,,,,,,,,,,,,,,,1,,,,,,,,,,,,,,,,,,,,
3426,（弃用）战斗鸡驯服,,,,,,,,,,,,130002,,3423,,,,,,,,,,,0,,,,,,,,,,,,,,,,1,0,,,,,,,,,,,,,,,,,,,,,,,,,,,,,,,,,,,,,,,,,,,,,,,,,,,,,,,,,,,,,,,,,,,,,,,,,,,,,,,,,,,,,1,,,,,,,,
3427,备用ID,,,,,,,,,,,,130002,,3427,,,,,,,,,,,0,,,,,,,,,,,,,,,,1,0,,,,,,,,,,,,,,,,,,,,,,,,,,,,,,,,,,,,,,,,,,,,,,,,,,,,,,,,,,,,,,,,,,,,,,,,,,,,,,,,,,,,,,,,,,,,,
3428,备用ID,,,,,,,,,,,,130002,,3428,,,,,,,,,,,0,,,,,,,,,,,,,,,,1,0,,,,,,,,,,,,,,,,,,,,,,,,,,,,,,,,,,,,,,,,,,,,,,,,,,,,,,,,,,,,,,,,,,,,,,,,,,,,,,,,,,,,,,,,,,,,,
3429,备用ID,,,,,,,,,,,,130002,,3429,,,,,,,,,,,0,,,,,,,,,,,,,,,,1,0,,,,,,,,,,,,,,,,,,,,,,,,,,,,,,,,,,,,,,,,,,,,,,,,,,,,,,,,,,,,,,,,,,,,,,,,,,,,,,,,,,,,,,,,,,,,,
3430,普通化石龙,,Commonlaosaurus,Laosaurus,,,,,,,,,110040,,3430,,,,1,,,,1,,,200,,,,,,,,,,,,,,,,10,10,,,,,,,,,,7,2.6,16,5000,280,160,160,300,180,180,,400,15,0,0,255,,,,,,1,,,,,,,,,,,,,,,,,,,,,,,,,,,,,,,ent.3430.hit,ent.3430.die,ent.3430.idle,,,,,,,,,1,,,,,,,1,,0.7,,,,,,,,,,,
3431,化石龙,,Laosaurus,Magic Laosaurus,,,,,,,,,110040,1,3431,,,,1,,,,1,,,250,,,,,,,,,,,,,,,,20,15,,,,,,,,,,7,2.6,16,5000,280,160,160,300,180,180,,400,15,0,0,255,,,,,,1,,,,,,,,,,,,,,,,,,,,,,,,,,,,,,,ent.3430.hit,ent.3430.die,ent.3430.idle,,,,,,,,,1,,,,,,,1,,0.7,,,,,,,,,,,
3432,化石龙,,Laosaurus,Magic Laosaurus,,,,,,,,,110040,1,3431,,,,1,,,,1,,,250,,,,,,,,,,,,,,,,20,15,,,,,,,,,,7,2.6,16,5000,280,160,160,300,180,180,,400,15,0,0,255,,,,,,1,,,,,,,,,,,,,,,,,,,,,,,,,,,,,,,ent.3430.hit,ent.3430.die,ent.3430.idle,,,,,,,,,1,,,,,,,1,,0.7,,,,,,,,,,,
34303,化石龙,,Laosaurus,Magic Laosaurus,,,,,,,,,110040,1,3431,,,,1,,,,1,,,250,,,,,,,,,,,,,,,,20,15,,,,,,,,,,7,2.6,16,5000,280,160,160,300,180,180,,400,15,0,0,255,,,,,,1,,,,,,,,,,,,,,,,,,,,,,,,,,,,,,,ent.3430.hit,ent.3430.die,ent.3430.idle,,,,,,,,,1,,,,,,,1,,0.7,,,,,,,,,,,
34304,化石龙,,Laosaurus,Magic Laosaurus,,,,,,,,,110040,1,3431,,,,1,,,,1,,,250,,,,,,,,,,,,,,,,20,15,,,,,,,,,,7,2.6,16,5000,280,160,160,300,180,180,,400,15,0,0,255,,,,,,1,,,,,,,,,,,,,,,,,,,,,,,,,,,,,,,ent.3430.hit,ent.3430.die,ent.3430.idle,,,,,,,,,1,,,,,,,1,,0.7,,,,,,,,,,,
34305,化石龙,,Laosaurus,Magic Laosaurus,,,,,,,,,110040,1,3431,,,,1,,,,1,,,250,,,,,,,,,,,,,,,,20,15,,,,,,,,,,7,2.6,16,5000,280,160,160,300,180,180,,400,15,0,0,255,,,,,,1,,,,,,,,,,,,,,,,,,,,,,,,,,,,,,,ent.3430.hit,ent.3430.die,ent.3430.idle,,,,,,,,,1,,,,,,,1,,0.7,,,,,,,,,,,
34306,化石龙,,Laosaurus,Magic Laosaurus,,,,,,,,,110040,1,3431,,,,1,,,,1,,,250,,,,,,,,,,,,,,,,20,15,,,,,,,,,,7,2.6,16,5000,280,160,160,300,180,180,,400,15,0,0,255,,,,,,1,,,,,,,,,,,,,,,,,,,,,,,,,,,,,,,ent.3430.hit,ent.3430.die,ent.3430.idle,,,,,,,,,1,,,,,,,1,,0.7,,,,,,,,,,,
34307,化石龙,,Laosaurus,Magic Laosaurus,,,,,,,,,110040,1,3431,,,,1,,,,1,,,250,,,,,,,,,,,,,,,,20,15,,,,,,,,,,7,2.6,16,5000,280,160,160,300,180,180,,400,15,0,0,255,,,,,,1,,,,,,,,,,,,,,,,,,,,,,,,,,,,,,,ent.3430.hit,ent.3430.die,ent.3430.idle,,,,,,,,,1,,,,,,,1,,0.7,,,,,,,,,,,
34308,化石龙,,Laosaurus,Magic Laosaurus,,,,,,,,,110040,1,3431,,,,1,,,,1,,,250,,,,,,,,,,,,,,,,20,15,,,,,,,,,,7,2.6,16,5000,280,160,160,300,180,180,,400,15,0,0,255,,,,,,1,,,,,,,,,,,,,,,,,,,,,,,,,,,,,,,ent.3430.hit,ent.3430.die,ent.3430.idle,,,,,,,,,1,,,,,,,1,,0.7,,,,,,,,,,,
34309,化石龙,,Laosaurus,Magic Laosaurus,,,,,,,,,110040,1,3431,,,,1,,,,1,,,250,,,,,,,,,,,,,,,,20,15,,,,,,,,,,7,2.6,16,5000,280,160,160,300,180,180,,400,15,0,0,255,,,,,,1,,,,,,,,,,,,,,,,,,,,,,,,,,,,,,,ent.3430.hit,ent.3430.die,ent.3430.idle,,,,,,,,,1,,,,,,,1,,0.7,,,,,,,,,,,
34310,超级化石龙,,Superlaosaurus,Magic Laosaurus,,,,,,,,,110040,2,3432,,,,1,,,,1,,,300,,,,,,,,,,,,,,,,30,20,,,,,,,,,,7,2.6,16,5000,280,160,160,300,180,180,,400,15,0,0,255,,,,,,1,,,,,,,,,,,,,,,,,,,,,,,,,,,,,,,ent.3430.hit,ent.3430.die,ent.3430.idle,,,,,,horse_3430,,,1,,,,,,,1,,0.7,,,,,,,,,,,
3433,小飞鼠,,FlyingSquirrel,FlyingSquirrel,,,,,,,,,110041,,3433,,,,1,,,,,,,200,,,,,,,,,,,,,,,,1,0,,,,,,,,,,7,2.6,16,5000,280,160,160,280,200,200,,400,15,0,0,255,,,,,,1,,,,,,,,,,,,,,,,,,,,,,,,,,,,,,,ent.3433.hit,ent.3433.die,ent.3433.idle,,,,,,,,,1.2,,,,,,,1,,0.7,,,,,,,,,,,
3434,敏捷飞鼠,,AgileFlyingSquirrel,Agile Flying Squirrel,,,,,,,,,110041,1,3434,,,,1,,,,,,,200,,,,,,,,,,,,,,,,1,0,,,,,,,,,,7,2.6,16,5000,280,160,160,280,200,200,,400,15,0,0,255,,,,,,1,,,,,,,,,,,,,,,,,,,,,,,,,,,,,,,ent.3433.hit,ent.3433.die,ent.3433.idle,,,,,,,,,1.2,,,,,,,1,,0.7,,,,,,,,,,,
3435,敏捷飞鼠,,AgileFlyingSquirrel,Agile Flying Squirrel,,,,,,,,,110041,1,3434,,,,1,,,,,,,200,,,,,,,,,,,,,,,,1,0,,,,,,,,,,7,2.6,16,5000,280,160,160,280,200,200,,400,15,0,0,255,,,,,,1,,,,,,,,,,,,,,,,,,,,,,,,,,,,,,,ent.3433.hit,ent.3433.die,ent.3433.idle,,,,,,,,,1.2,,,,,,,1,,0.7,,,,,,,,,,,
34333,敏捷飞鼠,,AgileFlyingSquirrel,Agile Flying Squirrel,,,,,,,,,110041,1,3434,,,,1,,,,,,,200,,,,,,,,,,,,,,,,1,0,,,,,,,,,,7,2.6,16,5000,280,160,160,280,200,200,,400,15,0,0,255,,,,,,1,,,,,,,,,,,,,,,,,,,,,,,,,,,,,,,ent.3433.hit,ent.3433.die,ent.3433.idle,,,,,,,,,1.2,,,,,,,1,,0.7,,,,,,,,,,,
34334,敏捷飞鼠,,AgileFlyingSquirrel,Agile Flying Squirrel,,,,,,,,,110041,1,3434,,,,1,,,,,,,200,,,,,,,,,,,,,,,,1,0,,,,,,,,,,7,2.6,16,5000,280,160,160,280,200,200,,400,15,0,0,255,,,,,,1,,,,,,,,,,,,,,,,,,,,,,,,,,,,,,,ent.3433.hit,ent.3433.die,ent.3433.idle,,,,,,,,,1.2,,,,,,,1,,0.7,,,,,,,,,,,
34335,敏捷飞鼠,,AgileFlyingSquirrel,Agile Flying Squirrel,,,,,,,,,110041,1,3434,,,,1,,,,,,,200,,,,,,,,,,,,,,,,1,0,,,,,,,,,,7,2.6,16,5000,280,160,160,280,200,200,,400,15,0,0,255,,,,,,1,,,,,,,,,,,,,,,,,,,,,,,,,,,,,,,ent.3433.hit,ent.3433.die,ent.3433.idle,,,,,,,,,1.2,,,,,,,1,,0.7,,,,,,,,,,,
34336,敏捷飞鼠,,AgileFlyingSquirrel,Agile Flying Squirrel,,,,,,,,,110041,1,3434,,,,1,,,,,,,200,,,,,,,,,,,,,,,,1,0,,,,,,,,,,7,2.6,16,5000,280,160,160,280,200,200,,400,15,0,0,255,,,,,,1,,,,,,,,,,,,,,,,,,,,,,,,,,,,,,,ent.3433.hit,ent.3433.die,ent.3433.idle,,,,,,,,,1.2,,,,,,,1,,0.7,,,,,,,,,,,
34337,敏捷飞鼠,,AgileFlyingSquirrel,Agile Flying Squirrel,,,,,,,,,110041,1,3434,,,,1,,,,,,,200,,,,,,,,,,,,,,,,1,0,,,,,,,,,,7,2.6,16,5000,280,160,160,280,200,200,,400,15,0,0,255,,,,,,1,,,,,,,,,,,,,,,,,,,,,,,,,,,,,,,ent.3433.hit,ent.3433.die,ent.3433.idle,,,,,,,,,1.2,,,,,,,1,,0.7,,,,,,,,,,,
34338,敏捷飞鼠,,AgileFlyingSquirrel,Agile Flying Squirrel,,,,,,,,,110041,1,3434,,,,1,,,,,,,200,,,,,,,,,,,,,,,,1,0,,,,,,,,,,7,2.6,16,5000,280,160,160,280,200,200,,400,15,0,0,255,,,,,,1,,,,,,,,,,,,,,,,,,,,,,,,,,,,,,,ent.3433.hit,ent.3433.die,ent.3433.idle,,,,,,,,,1.2,,,,,,,1,,0.7,,,,,,,,,,,
34339,敏捷飞鼠,,AgileFlyingSquirrel,Agile Flying Squirrel,,,,,,,,,110041,1,3434,,,,1,,,,,,,200,,,,,,,,,,,,,,,,1,0,,,,,,,,,,7,2.6,16,5000,280,160,160,280,200,200,,400,15,0,0,255,,,,,,1,,,,,,,,,,,,,,,,,,,,,,,,,,,,,,,ent.3433.hit,ent.3433.die,ent.3433.idle,,,,,,,,,1.2,,,,,,,1,,0.7,,,,,,,,,,,
34340,机灵飞鼠,,CleverFlyingSquirrel,CleverFlyingSquirrel,,,,,,,,,110041,2,3435,,,,1,,,,,,,200,,,,,,,,,,,,,,,,1,0,,,,,,,,,,7,2.6,16,5000,280,160,160,280,200,200,,400,15,0,0,255,,,,,,1,,,,,,,,,,,,,,,,,,,,,,,,,,,,,,,ent.3433.hit,ent.3433.die,ent.3433.idle,,,,,,horse_3433_body,,,1.2,,,,,,,1,,0.7,,,,,,,,,,,
3436,普通麒麟,,Commonkylin,Kylin,,,,,,,,,110042,,3436,,,,1,,,,,,,200,,,,,,,,,,,,,,,,10,10,,,,,,,,,,7,2.6,16,5000,280,160,160,300,180,180,,400,15,0,0,255,,,,,,1,,,,,,,,,,,,,,,,,,,,,,,,,,,,,,,ent.3436.hit,ent.3436.die,ent.3436.idle,,,,,,,,,1,,,,,,,1,,0.7,,,,,,,,,,,
3437,麒麟,,Unicorn,Kylin,,,,,,,,,110042,1,3437,,,,1,,,,,,,250,,,,,,,,,,,,,,,,20,15,,,,,,,,,,7,2.6,16,5000,280,160,160,300,180,180,,400,15,0,0,255,,,,,,1,,,,,,,,,,,,,,,,,,,,,,,,,,,,,,,ent.3436.hit,ent.3436.die,ent.3436.idle,,,,,,,,,1,,,,,,,1,,0.7,,,,,,,,,,,
3438,麒麟,,Unicorn,Kylin,,,,,,,,,110042,1,3437,,,,1,,,,,,,250,,,,,,,,,,,,,,,,20,15,,,,,,,,,,7,2.6,16,5000,280,160,160,300,180,180,,400,15,0,0,255,,,,,,1,,,,,,,,,,,,,,,,,,,,,,,,,,,,,,,ent.3436.hit,ent.3436.die,ent.3436.idle,,,,,,,,,1,,,,,,,1,,0.7,,,,,,,,,,,
34363,麒麟,,Unicorn,Kylin,,,,,,,,,110042,1,3437,,,,1,,,,,,,250,,,,,,,,,,,,,,,,20,15,,,,,,,,,,7,2.6,16,5000,280,160,160,300,180,180,,400,15,0,0,255,,,,,,1,,,,,,,,,,,,,,,,,,,,,,,,,,,,,,,ent.3436.hit,ent.3436.die,ent.3436.idle,,,,,,,,,1,,,,,,,1,,0.7,,,,,,,,,,,
34364,麒麟,,Unicorn,Kylin,,,,,,,,,110042,1,3437,,,,1,,,,,,,250,,,,,,,,,,,,,,,,20,15,,,,,,,,,,7,2.6,16,5000,280,160,160,300,180,180,,400,15,0,0,255,,,,,,1,,,,,,,,,,,,,,,,,,,,,,,,,,,,,,,ent.3436.hit,ent.3436.die,ent.3436.idle,,,,,,,,,1,,,,,,,1,,0.7,,,,,,,,,,,
34365,麒麟,,Unicorn,Kylin,,,,,,,,,110042,1,3437,,,,1,,,,,,,250,,,,,,,,,,,,,,,,20,15,,,,,,,,,,7,2.6,16,5000,280,160,160,300,180,180,,400,15,0,0,255,,,,,,1,,,,,,,,,,,,,,,,,,,,,,,,,,,,,,,ent.3436.hit,ent.3436.die,ent.3436.idle,,,,,,,,,1,,,,,,,1,,0.7,,,,,,,,,,,
34366,麒麟,,Unicorn,Kylin,,,,,,,,,110042,1,3437,,,,1,,,,,,,250,,,,,,,,,,,,,,,,20,15,,,,,,,,,,7,2.6,16,5000,280,160,160,300,180,180,,400,15,0,0,255,,,,,,1,,,,,,,,,,,,,,,,,,,,,,,,,,,,,,,ent.3436.hit,ent.3436.die,ent.3436.idle,,,,,,,,,1,,,,,,,1,,0.7,,,,,,,,,,,
34367,麒麟,,Unicorn,Kylin,,,,,,,,,110042,1,3437,,,,1,,,,,,,250,,,,,,,,,,,,,,,,20,15,,,,,,,,,,7,2.6,16,5000,280,160,160,300,180,180,,400,15,0,0,255,,,,,,1,,,,,,,,,,,,,,,,,,,,,,,,,,,,,,,ent.3436.hit,ent.3436.die,ent.3436.idle,,,,,,,,,1,,,,,,,1,,0.7,,,,,,,,,,,
34368,麒麟,,Unicorn,Kylin,,,,,,,,,110042,1,3437,,,,1,,,,,,,250,,,,,,,,,,,,,,,,20,15,,,,,,,,,,7,2.6,16,5000,280,160,160,300,180,180,,400,15,0,0,255,,,,,,1,,,,,,,,,,,,,,,,,,,,,,,,,,,,,,,ent.3436.hit,ent.3436.die,ent.3436.idle,,,,,,,,,1,,,,,,,1,,0.7,,,,,,,,,,,
34369,麒麟,,Unicorn,Kylin,,,,,,,,,110042,1,3437,,,,1,,,,,,,250,,,,,,,,,,,,,,,,20,15,,,,,,,,,,7,2.6,16,5000,280,160,160,300,180,180,,400,15,0,0,255,,,,,,1,,,,,,,,,,,,,,,,,,,,,,,,,,,,,,,ent.3436.hit,ent.3436.die,ent.3436.idle,,,,,,,,,1,,,,,,,1,,0.7,,,,,,,,,,,
34370,祥瑞麒麟,,Luckykylin,Flame Kylin,,,,,,,,,110042,2,3438,,,,1,,,,,,,300,,,,,,,,,,,,,,,,30,20,,,,,,,,,,7,2.6,16,5000,280,160,160,300,180,180,,400,15,0,0,255,,,,,,1,,,,,,,,,,,,,,,,,,,,,,,,,,,,,,,ent.3436.hit,ent.3436.die,ent.3436.idle,,,,,,horse_3436,,,1,,,,,,,1,,0.7,,,,,,,,,,,
3439,小陆行鸟,,YoungFineBird,YoungFineBird,,,,,,,,,110053,,3439,,,,1,,,,,,,200,,,,,,,,,,,,,,,,10,10,,,,,,,,,,7,2.6,16,5000,280,160,160,300,180,180,,400,15,0,0,255,,,,,,1,,,,,,,,,,,,,,,,,,,,,,,,,,,,,,,ent.3439.hit,ent.3439.die,ent.3439.idle,,,,,,,,,1,,,,,,,1,双人坐骑,0.7,,,,,,,,,,,
3440,迅捷陆行鸟,,FineBird,Fine Bird,,,,,,,,,110053,1,3440,,,,1,,,,,,,250,,,,,,,,,,,,,,,,20,15,,,,,,,,,,7,2.6,16,5000,280,160,160,300,180,180,,400,15,0,0,255,,,,,,1,,,,,,,,,,,,,,,,,,,,,,,,,,,,,,,ent.3439.hit,ent.3439.die,ent.3439.idle,,,,,,,,,1,,,,,,,1,双人坐骑,0.7,,,,,,,,,,,
3441,跃动陆行鸟,,JerkingFineBird,JumpingFineBird,,,,,,,,,110053,2,3441,,,,1,,,,,,,300,,,,,,,,,,,,,,,,30,20,,,,,,,,,,7,2.6,16,5000,280,160,160,300,180,180,,400,15,0,0,255,,,,,,1,,,,,,,,,,,,,,,,,,,,,,,,,,,,,,,ent.3439.hit,ent.3439.die,ent.3439.idle,,,,,,horse_3441,,,1,,,,,,,1,双人坐骑,0.7,,,,,,,,,,,
3442,小白象,,Littleelephant,Little Elephant,,,,,,,,,110062,1,3442,,,,1,,,,,,,160,,,,,,,,,,,,,,,,1,0,,,,,,,,,,7,2.6,16,5000,280,160,160,300,180,180,,400,15,0,0,255,,,,,,1,,,,,,,,,,,,,,,,,,,,,,,,,,,,,,,ent.3442.hit,ent.3442.die,ent.3442.idle,,,,,,,,,1,,,,,,,1,,0.7,,,,,,,,,,,
3443,欢乐白象,,Cheeryelephant,Cheery Elephant,,,,,,,,,110062,2,3443,,,,1,,,,,,,160,,,,,,,,,,,,,,,,1,0,,,,,,,,,,7,2.6,16,5000,280,160,160,300,180,180,,400,15,0,0,255,,,,,,1,,,,,,,,,,,,,,,,,,,,,,,,,,,,,,,ent.3442.hit,ent.3442.die,ent.3442.idle,,,,,,,,,1,,,,,,,1,,0.7,,,,,,,,,,,
3444,欢乐白象,,Cheeryelephant,Cheery Elephant,,,,,,,,,110062,2,3443,,,,1,,,,,,,160,,,,,,,,,,,,,,,,1,0,,,,,,,,,,7,2.6,16,5000,280,160,160,300,180,180,,400,15,0,0,255,,,,,,1,,,,,,,,,,,,,,,,,,,,,,,,,,,,,,,ent.3442.hit,ent.3442.die,ent.3442.idle,,,,,,,,,1,,,,,,,1,,0.7,,,,,,,,,,,
34423,欢乐白象,,Cheeryelephant,Cheery Elephant,,,,,,,,,110062,2,3443,,,,1,,,,,,,160,,,,,,,,,,,,,,,,1,0,,,,,,,,,,7,2.6,16,5000,280,160,160,300,180,180,,400,15,0,0,255,,,,,,1,,,,,,,,,,,,,,,,,,,,,,,,,,,,,,,ent.3442.hit,ent.3442.die,ent.3442.idle,,,,,,,,,1,,,,,,,1,,0.7,,,,,,,,,,,
34424,欢乐白象,,Cheeryelephant,Cheery Elephant,,,,,,,,,110062,2,3443,,,,1,,,,,,,160,,,,,,,,,,,,,,,,1,0,,,,,,,,,,7,2.6,16,5000,280,160,160,300,180,180,,400,15,0,0,255,,,,,,1,,,,,,,,,,,,,,,,,,,,,,,,,,,,,,,ent.3442.hit,ent.3442.die,ent.3442.idle,,,,,,,,,1,,,,,,,1,,0.7,,,,,,,,,,,
34425,欢乐白象,,Cheeryelephant,Cheery Elephant,,,,,,,,,110062,2,3443,,,,1,,,,,,,160,,,,,,,,,,,,,,,,1,0,,,,,,,,,,7,2.6,16,5000,280,160,160,300,180,180,,400,15,0,0,255,,,,,,1,,,,,,,,,,,,,,,,,,,,,,,,,,,,,,,ent.3442.hit,ent.3442.die,ent.3442.idle,,,,,,,,,1,,,,,,,1,,0.7,,,,,,,,,,,
34426,欢乐白象,,Cheeryelephant,Cheery Elephant,,,,,,,,,110062,2,3443,,,,1,,,,,,,160,,,,,,,,,,,,,,,,1,0,,,,,,,,,,7,2.6,16,5000,280,160,160,300,180,180,,400,15,0,0,255,,,,,,1,,,,,,,,,,,,,,,,,,,,,,,,,,,,,,,ent.3442.hit,ent.3442.die,ent.3442.idle,,,,,,,,,1,,,,,,,1,,0.7,,,,,,,,,,,
34427,欢乐白象,,Cheeryelephant,Cheery Elephant,,,,,,,,,110062,2,3443,,,,1,,,,,,,160,,,,,,,,,,,,,,,,1,0,,,,,,,,,,7,2.6,16,5000,280,160,160,300,180,180,,400,15,0,0,255,,,,,,1,,,,,,,,,,,,,,,,,,,,,,,,,,,,,,,ent.3442.hit,ent.3442.die,ent.3442.idle,,,,,,,,,1,,,,,,,1,,0.7,,,,,,,,,,,
34428,欢乐白象,,Cheeryelephant,Cheery Elephant,,,,,,,,,110062,2,3443,,,,1,,,,,,,160,,,,,,,,,,,,,,,,1,0,,,,,,,,,,7,2.6,16,5000,280,160,160,300,180,180,,400,15,0,0,255,,,,,,1,,,,,,,,,,,,,,,,,,,,,,,,,,,,,,,ent.3442.hit,ent.3442.die,ent.3442.idle,,,,,,,,,1,,,,,,,1,,0.7,,,,,,,,,,,
34429,欢乐白象,,Cheeryelephant,Cheery Elephant,,,,,,,,,110062,2,3443,,,,1,,,,,,,160,,,,,,,,,,,,,,,,1,0,,,,,,,,,,7,2.6,16,5000,280,160,160,300,180,180,,400,15,0,0,255,,,,,,1,,,,,,,,,,,,,,,,,,,,,,,,,,,,,,,ent.3442.hit,ent.3442.die,ent.3442.idle,,,,,,,,,1,,,,,,,1,,0.7,,,,,,,,,,,
34430,盛典白象,,Festiveelephant,Festive Elephant,,,,,,,,,110062,3,3444,,,,1,,,,,,,220,,,,,,,,,,,,,,,,1,0,,,,,,,,,,7,2.6,16,5000,280,160,160,300,180,180,,400,15,0,0,255,,,,,,1,,,,,,,,,,,,,,,,,,,,,,,,,,,,,,,ent.3442.hit,ent.3442.die,ent.3442.idle,,,,,,horse_3444,,,1,,,,,,,1,,0.7,,,,,,,,,,,
3445,海豹水手,,Sailorseal,Sailor Seal,,,,,,,,,110063,1,3445,,,,1,,,,,,,160,,,,,,,,,,,,,,,,1,0,,,,,,,,,,7,2.6,16,5000,180,160,160,180,180,180,,400,15,0,0,255,,,,,,1,,,,,,,,,,,,,,,,,,,,,,,,,,,,,,,ent.3445.hit,ent.3445.die,ent.3445.idle,,,,,,horse_3445,,,1,,,,,,,1,,0.7,,,,,,,,,,,
3446,海豹船长,,Captainseal,Captain Seal,,,,,,,,,110063,2,3446,,,,1,,,,,,,160,,,,,,,,,,,,,,,,1,0,,,,,,,,,,7,2.6,16,5000,180,160,160,180,180,180,,400,15,0,0,255,,,,,,1,,,,,,,,,,,,,,,,,,,,,,,,,,,,,,,ent.3445.hit,ent.3445.die,ent.3445.idle,,,,,,horse_3445,,,1,,,,,,,1,,0.7,,,,,,,,,,,
3447,海豹船长,,Captainseal,Captain Seal,,,,,,,,,110063,2,3446,,,,1,,,,,,,160,,,,,,,,,,,,,,,,1,0,,,,,,,,,,7,2.6,16,5000,180,160,160,180,180,180,,400,15,0,0,255,,,,,,1,,,,,,,,,,,,,,,,,,,,,,,,,,,,,,,ent.3445.hit,ent.3445.die,ent.3445.idle,,,,,,horse_3445,,,1,,,,,,,1,,0.7,,,,,,,,,,,
34453,海豹船长,,Captainseal,Captain Seal,,,,,,,,,110063,2,3446,,,,1,,,,,,,160,,,,,,,,,,,,,,,,1,0,,,,,,,,,,7,2.6,16,5000,180,160,160,180,180,180,,400,15,0,0,255,,,,,,1,,,,,,,,,,,,,,,,,,,,,,,,,,,,,,,ent.3445.hit,ent.3445.die,ent.3445.idle,,,,,,horse_3445,,,1,,,,,,,1,,0.7,,,,,,,,,,,
34454,海豹船长,,Captainseal,Captain Seal,,,,,,,,,110063,2,3446,,,,1,,,,,,,160,,,,,,,,,,,,,,,,1,0,,,,,,,,,,7,2.6,16,5000,180,160,160,180,180,180,,400,15,0,0,255,,,,,,1,,,,,,,,,,,,,,,,,,,,,,,,,,,,,,,ent.3445.hit,ent.3445.die,ent.3445.idle,,,,,,horse_3445,,,1,,,,,,,1,,0.7,,,,,,,,,,,
34455,海豹船长,,Captainseal,Captain Seal,,,,,,,,,110063,2,3446,,,,1,,,,,,,160,,,,,,,,,,,,,,,,1,0,,,,,,,,,,7,2.6,16,5000,180,160,160,180,180,180,,400,15,0,0,255,,,,,,1,,,,,,,,,,,,,,,,,,,,,,,,,,,,,,,ent.3445.hit,ent.3445.die,ent.3445.idle,,,,,,horse_3445,,,1,,,,,,,1,,0.7,,,,,,,,,,,
34456,海豹船长,,Captainseal,Captain Seal,,,,,,,,,110063,2,3446,,,,1,,,,,,,160,,,,,,,,,,,,,,,,1,0,,,,,,,,,,7,2.6,16,5000,180,160,160,180,180,180,,400,15,0,0,255,,,,,,1,,,,,,,,,,,,,,,,,,,,,,,,,,,,,,,ent.3445.hit,ent.3445.die,ent.3445.idle,,,,,,horse_3445,,,1,,,,,,,1,,0.7,,,,,,,,,,,
34457,海豹船长,,Captainseal,Captain Seal,,,,,,,,,110063,2,3446,,,,1,,,,,,,160,,,,,,,,,,,,,,,,1,0,,,,,,,,,,7,2.6,16,5000,180,160,160,180,180,180,,400,15,0,0,255,,,,,,1,,,,,,,,,,,,,,,,,,,,,,,,,,,,,,,ent.3445.hit,ent.3445.die,ent.3445.idle,,,,,,horse_3445,,,1,,,,,,,1,,0.7,,,,,,,,,,,
34458,海豹船长,,Captainseal,Captain Seal,,,,,,,,,110063,2,3446,,,,1,,,,,,,160,,,,,,,,,,,,,,,,1,0,,,,,,,,,,7,2.6,16,5000,180,160,160,180,180,180,,400,15,0,0,255,,,,,,1,,,,,,,,,,,,,,,,,,,,,,,,,,,,,,,ent.3445.hit,ent.3445.die,ent.3445.idle,,,,,,horse_3445,,,1,,,,,,,1,,0.7,,,,,,,,,,,
34459,海豹船长,,Captainseal,Captain Seal,,,,,,,,,110063,2,3446,,,,1,,,,,,,160,,,,,,,,,,,,,,,,1,0,,,,,,,,,,7,2.6,16,5000,180,160,160,180,180,180,,400,15,0,0,255,,,,,,1,,,,,,,,,,,,,,,,,,,,,,,,,,,,,,,ent.3445.hit,ent.3445.die,ent.3445.idle,,,,,,horse_3445,,,1,,,,,,,1,,0.7,,,,,,,,,,,
34460,超能海豹,,SuperSeal,Super Seal,,,,,,,,,110063,3,3447,,,,1,,,,,,,220,,,,,,,,,,,,,,,,1,0,,,,,,,,,,7,2.6,16,5000,180,160,160,180,180,180,,400,15,0,0,255,,,,,,1,,,,,,,,,,,,,,,,,,,,,,,,,,,,,,,ent.3445.hit,ent.3445.die,ent.3445.idle,,,,,,horse_3447,,,1,,,,,,,1,,0.7,,,,,,,,,,,
3448,变形金刚占用,,,,,,,,,,,,110064,1,3449,,,,1,,,,,,,220,,,,,,,,,,,,,,,,1,0,,,,,,,,,,7,2.6,16,5000,160,160,160,160,160,160,,400,15,0,0,255,,,,,,1,,,,,,,,,,,,,,,,,,,,,,,,,,,,,,,ent.3449.hit,ent.3449.die,ent.3449.idle,,,,,,horse_3449,,,1,,,,,,,1,变形坐骑,,,,,,,,,,,,
3449,擎天柱,,OptimusPrime,Optimus Prime,,,,,,,,,110064,1,3449,,,,1,,,,,,,220,,,,,,,,,,,,,,,,1,0,,,,,,,,,,7,2.6,16,5000,160,60,60,160,160,160,,400,15,0,0,255,,,,,,1,,,,,,,,,,,,,,,,,,,,,,,,,,,,,,,ent.3449.hit,ent.3449.die,ent.3449.idle,ent.3449.foot,ent.3449.attack1,ent.3449.attackstop1,,,horse_3449,,,1,,,,,,,1,变形坐骑,,,,,,,,,,,,
3450,变形金刚占用,,,,,,,,,,,,110065,1,3451,,,,1,,,,,,,220,,,,,,,,,,,,,,,,1,0,,,,,,,,,,7,2.6,16,5000,160,160,160,160,160,160,,400,15,0,0,255,,,,,,1,,,,,,,,,,,,,,,,,,,,,,,,,,,,,,,ent.3451.hit,ent.3451.die,ent.3451.idle,,,,,,horse_3451,,,1,,,,,,,1,变形坐骑,,,,,,,,,,,,
3451,威震天,,Megatron,Megatron,,,,,,,,,110065,1,3451,,,,1,,,,,,,220,,,,,,,,,,,,,,,,1,0,,,,,,,,,,7,2.6,16,5000,160,60,60,160,160,160,,400,15,0,0,255,,,,,,1,,,,,,,,,,,,,,,,,,,,,,,,,,,,,,,ent.3451.hit,ent.3451.die,ent.3451.idle,ent.3451.foot,ent.3451.attack1,ent.3451.attackstop1,,,horse_3451,,,1,,,,,,,1,变形坐骑,,,,,,,,,,,,
3452,变形金刚占用,,,,,,,,,,,,110066,1,3453,,,,1,,,,,,,220,,,,,,,,,,,,,,,,1,0,,,,,,,,,,7,2.6,16,5000,160,160,160,160,160,160,,400,15,0,0,255,,,,,,1,,,,,,,,,,,,,,,,,,,,,,,,,,,,,,,ent.3453.hit,ent.3453.die,ent.3453.idle,,,,,,horse_3453,,,1,,,,,,,1,变形坐骑,,,,,,,,,,,,
3453,大黄蜂,,Bumblebee,Bumblebee,,,,,,,,,110066,1,3453,,,,1,,,,,,,220,,,,,,,,,,,,,,,,1,0,,,,,,,,,,7,2.6,16,5000,160,60,60,160,160,160,,400,15,0,0,255,,,,,,1,,,,,,,,,,,,,,,,,,,,,,,,,,,,,,,ent.3453.hit,ent.3453.die,ent.3453.idle,ent.3453.foot,ent.3453.attack1,ent.3453.attackstop1,,,horse_3453,,,1,,,,,,,1,变形坐骑,,,,,,,,,,,,
3454,猫宝宝,,Kitty,Kitty,,,,,,,,,110067,,3454,,,,1,,,,,,,160,,,,,,,,,,,,,,,,1,0,,,,,,,,,,7,2.6,16,5000,280,160,160,280,200,200,,400,15,0,0,255,,,,,,1,,,,,,,,,,,,,,,,,,,,,,,,,,,,,,,ent.3454.hit,ent.3454.die,ent.3454.idle,,,,,,,,,1,,,,,,,1,,0.7,,,,,,,,,,,
3455,福袋猫猫,,FortuneKitty,Fortune Kitty,,,,,,,,,110067,1,3455,,,,1,,,,,,,160,,,,,,,,,,,,,,,,1,0,,,,,,,,,,7,2.6,16,5000,280,160,160,280,200,200,,400,15,0,0,255,,,,,,1,,,,,,,,,,,,,,,,,,,,,,,,,,,,,,,ent.3454.hit,ent.3454.die,ent.3454.idle,,ent.3454.attack1,,,,,,,1,,,,,,,1,,0.7,,,,,,,,,,,
3456,福袋猫猫,,FortuneKitty,Fortune Kitty,,,,,,,,,110067,1,3455,,,,1,,,,,,,160,,,,,,,,,,,,,,,,1,0,,,,,,,,,,7,2.6,16,5000,280,160,160,280,200,200,,400,15,0,0,255,,,,,,1,,,,,,,,,,,,,,,,,,,,,,,,,,,,,,,ent.3454.hit,ent.3454.die,ent.3454.idle,,ent.3454.attack1,,,,,,,1,,,,,,,1,,0.7,,,,,,,,,,,
34543,福袋猫猫,,FortuneKitty,Fortune Kitty,,,,,,,,,110067,1,3455,,,,1,,,,,,,160,,,,,,,,,,,,,,,,1,0,,,,,,,,,,7,2.6,16,5000,280,160,160,280,200,200,,400,15,0,0,255,,,,,,1,,,,,,,,,,,,,,,,,,,,,,,,,,,,,,,ent.3454.hit,ent.3454.die,ent.3454.idle,,ent.3454.attack1,,,,,,,1,,,,,,,1,,0.7,,,,,,,,,,,
34544,福袋猫猫,,FortuneKitty,Fortune Kitty,,,,,,,,,110067,1,3455,,,,1,,,,,,,160,,,,,,,,,,,,,,,,1,0,,,,,,,,,,7,2.6,16,5000,280,160,160,280,200,200,,400,15,0,0,255,,,,,,1,,,,,,,,,,,,,,,,,,,,,,,,,,,,,,,ent.3454.hit,ent.3454.die,ent.3454.idle,,ent.3454.attack1,,,,,,,1,,,,,,,1,,0.7,,,,,,,,,,,
34545,福袋猫猫,,FortuneKitty,Fortune Kitty,,,,,,,,,110067,1,3455,,,,1,,,,,,,160,,,,,,,,,,,,,,,,1,0,,,,,,,,,,7,2.6,16,5000,280,160,160,280,200,200,,400,15,0,0,255,,,,,,1,,,,,,,,,,,,,,,,,,,,,,,,,,,,,,,ent.3454.hit,ent.3454.die,ent.3454.idle,,ent.3454.attack1,,,,,,,1,,,,,,,1,,0.7,,,,,,,,,,,
34546,福袋猫猫,,FortuneKitty,Fortune Kitty,,,,,,,,,110067,1,3455,,,,1,,,,,,,160,,,,,,,,,,,,,,,,1,0,,,,,,,,,,7,2.6,16,5000,280,160,160,280,200,200,,400,15,0,0,255,,,,,,1,,,,,,,,,,,,,,,,,,,,,,,,,,,,,,,ent.3454.hit,ent.3454.die,ent.3454.idle,,ent.3454.attack1,,,,,,,1,,,,,,,1,,0.7,,,,,,,,,,,
34547,福袋猫猫,,FortuneKitty,Fortune Kitty,,,,,,,,,110067,1,3455,,,,1,,,,,,,160,,,,,,,,,,,,,,,,1,0,,,,,,,,,,7,2.6,16,5000,280,160,160,280,200,200,,400,15,0,0,255,,,,,,1,,,,,,,,,,,,,,,,,,,,,,,,,,,,,,,ent.3454.hit,ent.3454.die,ent.3454.idle,,ent.3454.attack1,,,,,,,1,,,,,,,1,,0.7,,,,,,,,,,,
34548,福袋猫猫,,FortuneKitty,Fortune Kitty,,,,,,,,,110067,1,3455,,,,1,,,,,,,160,,,,,,,,,,,,,,,,1,0,,,,,,,,,,7,2.6,16,5000,280,160,160,280,200,200,,400,15,0,0,255,,,,,,1,,,,,,,,,,,,,,,,,,,,,,,,,,,,,,,ent.3454.hit,ent.3454.die,ent.3454.idle,,ent.3454.attack1,,,,,,,1,,,,,,,1,,0.7,,,,,,,,,,,
34549,福袋猫猫,,FortuneKitty,Fortune Kitty,,,,,,,,,110067,1,3455,,,,1,,,,,,,160,,,,,,,,,,,,,,,,1,0,,,,,,,,,,7,2.6,16,5000,280,160,160,280,200,200,,400,15,0,0,255,,,,,,1,,,,,,,,,,,,,,,,,,,,,,,,,,,,,,,ent.3454.hit,ent.3454.die,ent.3454.idle,,ent.3454.attack1,,,,,,,1,,,,,,,1,,0.7,,,,,,,,,,,
34550,舞狮猫猫,,DancingKitty,Dancing Kitty,,,,,,,,,110067,2,3456,,,,1,,,,,,,220,,,,,,,,,,,,,,,,1,0,,,,,,,,,,7,2.6,16,5000,280,160,160,280,200,200,,400,15,0,0,255,,,,,,1,,,,,,,,,,,,,,,,,,,,,,,,,,,,,,,ent.3454.hit,ent.3454.die,ent.3454.idle,,ent.3454.attack1,,,,horse_3454,,,1,,,,,,,1,,0.7,,,,,,,,,,,
3457,天马宝宝,,Pony,Pony,,,,,,,,,110068,,3457,,,,1,,,,,,,160,,,,,,,,,,,,,,,,1,0,,,,,,,,,,7,2.6,16,5000,280,160,160,300,180,180,,400,15,0,0,255,,,,,,1,,,,,,,,,,,,,,,,,,,,,,,,,,,,,,,ent.3457.hit,ent.3457.die,ent.3457.idle,,,,,,,,,1,,,,,,,1,,0.7,,,,,,,,,,,
3458,神圣天马,,HolyPony,Holy Pony,,,,,,,,,110068,1,3458,,,,1,,,,,,,160,,,,,,,,,,,,,,,,1,0,,,,,,,,,,7,2.6,16,5000,280,160,160,300,180,180,,400,15,0,0,255,,,,,,1,,,,,,,,,,,,,,,,,,,,,,,,,,,,,,,ent.3457.hit,ent.3457.die,ent.3457.idle,,ent.3457.attack1,,,,,,,1,,,,,,,1,,0.7,,,,,,,,,,,
3459,神圣天马,,HolyPony,Holy Pony,,,,,,,,,110068,1,3458,,,,1,,,,,,,160,,,,,,,,,,,,,,,,1,0,,,,,,,,,,7,2.6,16,5000,280,160,160,300,180,180,,400,15,0,0,255,,,,,,1,,,,,,,,,,,,,,,,,,,,,,,,,,,,,,,ent.3457.hit,ent.3457.die,ent.3457.idle,,ent.3457.attack1,,,,,,,1,,,,,,,1,,0.7,,,,,,,,,,,
34573,神圣天马,,HolyPony,Holy Pony,,,,,,,,,110068,1,3458,,,,1,,,,,,,160,,,,,,,,,,,,,,,,1,0,,,,,,,,,,7,2.6,16,5000,280,160,160,300,180,180,,400,15,0,0,255,,,,,,1,,,,,,,,,,,,,,,,,,,,,,,,,,,,,,,ent.3457.hit,ent.3457.die,ent.3457.idle,,ent.3457.attack1,,,,,,,1,,,,,,,1,,0.7,,,,,,,,,,,
34574,神圣天马,,HolyPony,Holy Pony,,,,,,,,,110068,1,3458,,,,1,,,,,,,160,,,,,,,,,,,,,,,,1,0,,,,,,,,,,7,2.6,16,5000,280,160,160,300,180,180,,400,15,0,0,255,,,,,,1,,,,,,,,,,,,,,,,,,,,,,,,,,,,,,,ent.3457.hit,ent.3457.die,ent.3457.idle,,ent.3457.attack1,,,,,,,1,,,,,,,1,,0.7,,,,,,,,,,,
34575,神圣天马,,HolyPony,Holy Pony,,,,,,,,,110068,1,3458,,,,1,,,,,,,160,,,,,,,,,,,,,,,,1,0,,,,,,,,,,7,2.6,16,5000,280,160,160,300,180,180,,400,15,0,0,255,,,,,,1,,,,,,,,,,,,,,,,,,,,,,,,,,,,,,,ent.3457.hit,ent.3457.die,ent.3457.idle,,ent.3457.attack1,,,,,,,1,,,,,,,1,,0.7,,,,,,,,,,,
34576,神圣天马,,HolyPony,Holy Pony,,,,,,,,,110068,1,3458,,,,1,,,,,,,160,,,,,,,,,,,,,,,,1,0,,,,,,,,,,7,2.6,16,5000,280,160,160,300,180,180,,400,15,0,0,255,,,,,,1,,,,,,,,,,,,,,,,,,,,,,,,,,,,,,,ent.3457.hit,ent.3457.die,ent.3457.idle,,ent.3457.attack1,,,,,,,1,,,,,,,1,,0.7,,,,,,,,,,,
34577,神圣天马,,HolyPony,Holy Pony,,,,,,,,,110068,1,3458,,,,1,,,,,,,160,,,,,,,,,,,,,,,,1,0,,,,,,,,,,7,2.6,16,5000,280,160,160,300,180,180,,400,15,0,0,255,,,,,,1,,,,,,,,,,,,,,,,,,,,,,,,,,,,,,,ent.3457.hit,ent.3457.die,ent.3457.idle,,ent.3457.attack1,,,,,,,1,,,,,,,1,,0.7,,,,,,,,,,,
34578,神圣天马,,HolyPony,Holy Pony,,,,,,,,,110068,1,3458,,,,1,,,,,,,160,,,,,,,,,,,,,,,,1,0,,,,,,,,,,7,2.6,16,5000,280,160,160,300,180,180,,400,15,0,0,255,,,,,,1,,,,,,,,,,,,,,,,,,,,,,,,,,,,,,,ent.3457.hit,ent.3457.die,ent.3457.idle,,ent.3457.attack1,,,,,,,1,,,,,,,1,,0.7,,,,,,,,,,,
34579,神圣天马,,HolyPony,Holy Pony,,,,,,,,,110068,1,3458,,,,1,,,,,,,160,,,,,,,,,,,,,,,,1,0,,,,,,,,,,7,2.6,16,5000,280,160,160,300,180,180,,400,15,0,0,255,,,,,,1,,,,,,,,,,,,,,,,,,,,,,,,,,,,,,,ent.3457.hit,ent.3457.die,ent.3457.idle,,ent.3457.attack1,,,,,,,1,,,,,,,1,,0.7,,,,,,,,,,,
34580,星河天马,,StarryPony,Starry Pony,,,,,,,,,110068,2,3459,,,,1,,,,,,,220,,,,,,,,,,,,,,,,1,0,,,,,,,,,,7,2.6,16,5000,280,160,160,300,180,180,,400,15,0,0,255,,,,,,1,,,,,,,,,,,,,,,,,,,,,,,,,,,,,,,ent.3457.hit,ent.3457.die,ent.3457.idle,,ent.3457.attack1,,,,horse_3457,,,1,,,,,,,1,,0.7,,,,,,,,,,,
3460,青竹坐台,,BambooSedanChair,Bamboo Sedan Chair,,,,,,,,,110069,,3460,,,,1,,,,,,,160,,,,,,,,,,,,,,,,1,0,,,,,,,,,,7,2.6,16,5000,280,160,160,300,180,180,,400,15,0,0,255,,,,,,1,,,,,,,,,,,,,,,,,,,,,,,,,,,,,,,ent.3460.hit,ent.3460.die,ent.3460.idle,,,,,,,,,1,,,,,,,1,双人坐骑,0.7,,,,,,,,,,,
3461,富贵金轿,,GoldSedanChair,Gold Sedan Chair,,,,,,,,,110069,1,3461,,,,1,,,,,,,180,,,,,,,,,,,,,,,,1,0,,,,,,,,,,7,2.6,16,5000,280,160,160,300,180,180,,400,15,0,0,255,,,,,,1,,,,,,,,,,,,,,,,,,,,,,,,,,,,,,,ent.3460.hit,ent.3460.die,ent.3460.idle,,,,,,,,,1,,,,,,,1,双人坐骑,0.7,,,,,,,,,,,
3462,富贵金轿,,GoldSedanChair,Gold Sedan Chair,,,,,,,,,110069,1,3461,,,,1,,,,,,,180,,,,,,,,,,,,,,,,1,0,,,,,,,,,,7,2.6,16,5000,280,160,160,300,180,180,,400,15,0,0,255,,,,,,1,,,,,,,,,,,,,,,,,,,,,,,,,,,,,,,ent.3460.hit,ent.3460.die,ent.3460.idle,,,,,,,,,1,,,,,,,1,,0.7,,,,,,,,,,,
34603,富贵金轿,,GoldSedanChair,Gold Sedan Chair,,,,,,,,,110069,1,3461,,,,1,,,,,,,180,,,,,,,,,,,,,,,,1,0,,,,,,,,,,7,2.6,16,5000,280,160,160,300,180,180,,400,15,0,0,255,,,,,,1,,,,,,,,,,,,,,,,,,,,,,,,,,,,,,,ent.3460.hit,ent.3460.die,ent.3460.idle,,,,,,,,,1,,,,,,,1,,0.7,,,,,,,,,,,
34604,富贵金轿,,GoldSedanChair,Gold Sedan Chair,,,,,,,,,110069,1,3461,,,,1,,,,,,,180,,,,,,,,,,,,,,,,1,0,,,,,,,,,,7,2.6,16,5000,280,160,160,300,180,180,,400,15,0,0,255,,,,,,1,,,,,,,,,,,,,,,,,,,,,,,,,,,,,,,ent.3460.hit,ent.3460.die,ent.3460.idle,,,,,,,,,1,,,,,,,1,,0.7,,,,,,,,,,,
34605,富贵金轿,,GoldSedanChair,Gold Sedan Chair,,,,,,,,,110069,1,3461,,,,1,,,,,,,180,,,,,,,,,,,,,,,,1,0,,,,,,,,,,7,2.6,16,5000,280,160,160,300,180,180,,400,15,0,0,255,,,,,,1,,,,,,,,,,,,,,,,,,,,,,,,,,,,,,,ent.3460.hit,ent.3460.die,ent.3460.idle,,,,,,,,,1,,,,,,,1,,0.7,,,,,,,,,,,
34606,富贵金轿,,GoldSedanChair,Gold Sedan Chair,,,,,,,,,110069,1,3461,,,,1,,,,,,,180,,,,,,,,,,,,,,,,1,0,,,,,,,,,,7,2.6,16,5000,280,160,160,300,180,180,,400,15,0,0,255,,,,,,1,,,,,,,,,,,,,,,,,,,,,,,,,,,,,,,ent.3460.hit,ent.3460.die,ent.3460.idle,,,,,,,,,1,,,,,,,1,,0.7,,,,,,,,,,,
34607,富贵金轿,,GoldSedanChair,Gold Sedan Chair,,,,,,,,,110069,1,3461,,,,1,,,,,,,180,,,,,,,,,,,,,,,,1,0,,,,,,,,,,7,2.6,16,5000,280,160,160,300,180,180,,400,15,0,0,255,,,,,,1,,,,,,,,,,,,,,,,,,,,,,,,,,,,,,,ent.3460.hit,ent.3460.die,ent.3460.idle,,,,,,,,,1,,,,,,,1,,0.7,,,,,,,,,,,
34608,富贵金轿,,GoldSedanChair,Gold Sedan Chair,,,,,,,,,110069,1,3461,,,,1,,,,,,,180,,,,,,,,,,,,,,,,1,0,,,,,,,,,,7,2.6,16,5000,280,160,160,300,180,180,,400,15,0,0,255,,,,,,1,,,,,,,,,,,,,,,,,,,,,,,,,,,,,,,ent.3460.hit,ent.3460.die,ent.3460.idle,,,,,,,,,1,,,,,,,1,,0.7,,,,,,,,,,,
34609,富贵金轿,,GoldSedanChair,Gold Sedan Chair,,,,,,,,,110069,1,3461,,,,1,,,,,,,180,,,,,,,,,,,,,,,,1,0,,,,,,,,,,7,2.6,16,5000,280,160,160,300,180,180,,400,15,0,0,255,,,,,,1,,,,,,,,,,,,,,,,,,,,,,,,,,,,,,,ent.3460.hit,ent.3460.die,ent.3460.idle,,,,,,,,,1,,,,,,,1,,0.7,,,,,,,,,,,
34610,桃香扇缘,,BlossomSedanChair,Blossom Sedan Chair,,,,,,,,,110069,2,3462,,,,1,,,,,,,200,,,,,,,,,,,,,,,,1,0,,,,,,,,,,7,2.6,16,5000,280,160,160,300,180,180,,400,15,0,0,255,,,,,,1,,,,,,,,,,,,,,,,,,,,,,,,,,,,,,,ent.3460.hit,ent.3460.die,ent.3460.idle,,,,,,horse_3460,,,1,,,,,,,1,双人坐骑,0.7,,,,,,,,,,,
3463,变形金刚占用,,,,,,,,,,,,110070,1,3464,,,,1,,,,,,,220,,,,,,,,,,,,,,,,1,0,,,,,,,,,,7,2.6,16,5000,160,160,160,160,160,160,,400,15,0,0,255,,,,,,1,,,,,,,,,,,,,,,,,,,,,,,,,,,,,,,ent.3453.hit,ent.3453.die,ent.3453.idle,,,,,,horse_3464,,,1,,,,,,,1,变形坐骑,,,,,,,,,,,,
3464,红蜘蛛,,Starscream,Starscream,,,,,,,,,110070,1,3464,,,,1,,,,,,,220,,,,,,,,,,,,,,,,1,0,,,,,,,,,,7,2.6,16,5000,160,60,60,160,160,160,,400,15,0,0,255,,,,,,1,,,,,,,,,,,,,,,,,,,,,,,,,,,,,,,ent.3453.hit,ent.3453.die,ent.3453.idle,ent.3453.foot,ent.3464.attack1,,,,horse_3464,,,1,,,,,,,1,变形坐骑,,,,,,,,,,,,
3465,变形金刚占用,,,,,,,,,,,,110071,1,3466,,,,1,,,,,,,220,,,,,,,,,,,,,,,,1,0,,,,,,,,,,7,2.6,16,5000,160,160,160,160,160,160,,400,15,0,0,255,,,,,,1,,,,,,,,,,,,,,,,,,,,,,,,,,,,,,,ent.3453.hit,ent.3453.die,ent.3453.idle,,,,,,horse_3466,,,1,,,,,,,1,变形坐骑,,,,,,,,,,,,
3466,热破,,HotRod,Hot Rod,,,,,,,,,110071,1,3466,,,,1,,,,,,,220,,,,,,,,,,,,,,,,1,0,,,,,,,,,,7,2.6,16,5000,160,60,60,160,160,160,,400,15,0,0,255,,,,,,1,,,,,,,,,,,,,,,,,,,,,,,,,,,,,,,ent.3453.hit,ent.3453.die,ent.3453.idle,ent.3453.foot,ent.3453.attack1,ent.3466.attackstop1,,,horse_3466,,,1,,,,,,,1,变形坐骑,,,,,,,,,,,,
3467,变形金刚占用,,,,,,,,,,,,110072,1,3468,,,,1,,,,,,,220,,,,,,,,,,,,,,,,1,0,,,,,,,,,,7,2.6,16,5000,160,160,160,160,160,160,,400,15,0,0,255,,,,,,1,,,,,,,,,,,,,,,,,,,,,,,,,,,,,,,ent.3451.hit,ent.3451.die,ent.3451.idle,,,,,,horse_3468,,,1,,,,,,,1,变形坐骑,,,,,,,,,,,,
3468,惊破天,,Galvatron,Galvatron,,,,,,,,,110072,1,3468,,,,1,,,,,,,220,,,,,,,,,,,,,,,,1,0,,,,,,,,,,7,2.6,16,5000,160,60,60,160,160,160,,400,15,0,0,255,,,,,,1,,,,,,,,,,,,,,,,,,,,,,,,,,,,,,,ent.3451.hit,ent.3451.die,ent.3451.idle,ent.3451.foot,ent.3451.attack1,ent.3468.attackstop1,,,horse_3468,,,1,,,,,,,1,变形坐骑,,,,,,,,,,,,
3469,大地领主,,LandLord,Land Lord,,,,,,,,,110073,,3469,,,,1,,,,,,,160,,,,,,,,,,,,,,,,1,0,,,,,,,,,,7,2.6,16,5000,280,160,160,300,180,180,,400,15,0,0,255,,,,,,1,,,,,,,,,,,,,,,,,,,,,,,,,,,,,,,ent.3469.hit,ent.3469.die,ent.3469.idle,,,,,,,,,1,,,,,,,1,,0.7,,,,,,,,,,,
3470,炎狱魔龙,,InfernoEvilDragon,Inferno Evil Dragon,,,,,,,,,110073,1,3470,,,,1,,,,,,,160,,,,,,,,,,,,,,,,1,0,,,,,,,,,,7,2.6,16,5000,280,160,160,300,180,180,,400,15,0,0,255,,,,,,1,,,,,,,,,,,,,,,,,,,,,,,,,,,,,,,ent.3469.hit,ent.3469.die,ent.3469.idle,,ent.3469.attack,,ent.3469.strike,ent.3469.strikestop,horse_3469,,,1,,,,,,,1,,0.7,,,,,,,,,,,
3471,炎狱魔龙,,InfernoEvilDragon,Inferno Evil Dragon,,,,,,,,,110073,1,3470,,,,1,,,,,,,160,,,,,,,,,,,,,,,,1,0,,,,,,,,,,7,2.6,16,5000,280,160,160,300,180,180,,400,15,0,0,255,,,,,,1,,,,,,,,,,,,,,,,,,,,,,,,,,,,,,,ent.3469.hit,ent.3469.die,ent.3469.idle,,ent.3469.attack,,ent.3469.strike,ent.3469.strikestop,horse_3469,,,1,,,,,,,1,,0.7,,,,,,,,,,,
34693,炎狱魔龙,,InfernoEvilDragon,Inferno Evil Dragon,,,,,,,,,110073,1,3470,,,,1,,,,,,,160,,,,,,,,,,,,,,,,1,0,,,,,,,,,,7,2.6,16,5000,280,160,160,300,180,180,,400,15,0,0,255,,,,,,1,,,,,,,,,,,,,,,,,,,,,,,,,,,,,,,ent.3469.hit,ent.3469.die,ent.3469.idle,,ent.3469.attack,,ent.3469.strike,ent.3469.strikestop,horse_3469,,,1,,,,,,,1,,0.7,,,,,,,,,,,
34694,炎狱魔龙,,InfernoEvilDragon,Inferno Evil Dragon,,,,,,,,,110073,1,3470,,,,1,,,,,,,160,,,,,,,,,,,,,,,,1,0,,,,,,,,,,7,2.6,16,5000,280,160,160,300,180,180,,400,15,0,0,255,,,,,,1,,,,,,,,,,,,,,,,,,,,,,,,,,,,,,,ent.3469.hit,ent.3469.die,ent.3469.idle,,ent.3469.attack,,ent.3469.strike,ent.3469.strikestop,horse_3469,,,1,,,,,,,1,,0.7,,,,,,,,,,,
34695,炎狱魔龙,,InfernoEvilDragon,Inferno Evil Dragon,,,,,,,,,110073,1,3470,,,,1,,,,,,,160,,,,,,,,,,,,,,,,1,0,,,,,,,,,,7,2.6,16,5000,280,160,160,300,180,180,,400,15,0,0,255,,,,,,1,,,,,,,,,,,,,,,,,,,,,,,,,,,,,,,ent.3469.hit,ent.3469.die,ent.3469.idle,,ent.3469.attack,,ent.3469.strike,ent.3469.strikestop,horse_3469,,,1,,,,,,,1,,0.7,,,,,,,,,,,
34696,炎狱魔龙,,InfernoEvilDragon,Inferno Evil Dragon,,,,,,,,,110073,1,3470,,,,1,,,,,,,160,,,,,,,,,,,,,,,,1,0,,,,,,,,,,7,2.6,16,5000,280,160,160,300,180,180,,400,15,0,0,255,,,,,,1,,,,,,,,,,,,,,,,,,,,,,,,,,,,,,,ent.3469.hit,ent.3469.die,ent.3469.idle,,ent.3469.attack,,ent.3469.strike,ent.3469.strikestop,horse_3469,,,1,,,,,,,1,,0.7,,,,,,,,,,,
34697,炎狱魔龙,,InfernoEvilDragon,Inferno Evil Dragon,,,,,,,,,110073,1,3470,,,,1,,,,,,,160,,,,,,,,,,,,,,,,1,0,,,,,,,,,,7,2.6,16,5000,280,160,160,300,180,180,,400,15,0,0,255,,,,,,1,,,,,,,,,,,,,,,,,,,,,,,,,,,,,,,ent.3469.hit,ent.3469.die,ent.3469.idle,,ent.3469.attack,,ent.3469.strike,ent.3469.strikestop,horse_3469,,,1,,,,,,,1,,0.7,,,,,,,,,,,
34698,炎狱魔龙,,InfernoEvilDragon,Inferno Evil Dragon,,,,,,,,,110073,1,3470,,,,1,,,,,,,160,,,,,,,,,,,,,,,,1,0,,,,,,,,,,7,2.6,16,5000,280,160,160,300,180,180,,400,15,0,0,255,,,,,,1,,,,,,,,,,,,,,,,,,,,,,,,,,,,,,,ent.3469.hit,ent.3469.die,ent.3469.idle,,ent.3469.attack,,ent.3469.strike,ent.3469.strikestop,horse_3469,,,1,,,,,,,1,,0.7,,,,,,,,,,,
34699,炎狱魔龙,,InfernoEvilDragon,Inferno Evil Dragon,,,,,,,,,110073,1,3470,,,,1,,,,,,,160,,,,,,,,,,,,,,,,1,0,,,,,,,,,,7,2.6,16,5000,280,160,160,300,180,180,,400,15,0,0,255,,,,,,1,,,,,,,,,,,,,,,,,,,,,,,,,,,,,,,ent.3469.hit,ent.3469.die,ent.3469.idle,,ent.3469.attack,,ent.3469.strike,ent.3469.strikestop,horse_3469,,,1,,,,,,,1,,0.7,,,,,,,,,,,
34700,深渊咆哮,,AbyssGrowl,Abyss Growl,,,,,,,,,110073,2,3471,,,,1,,,,,,,220,,,,,,,,,,,,,,,,1,0,,,,,,,,,,7,2.6,16,5000,280,160,160,300,180,180,,400,15,0,0,255,,,,,,1,,,,,,,,,,,,,,,,,,,,,,,,,,,,,,,ent.3469.hit,ent.3469.die,ent.3469.idle,,ent.3469.attack,,ent.3469.strike,ent.3469.strikestop,horse_3469,,,1,,,,,,,1,,0.7,,,,,,,,,,,
3472,变形金刚占用,,,,,,,,,,,,110075,1,3473,,,,1,,,,,,,220,,,,,,,,,,,,,,,,1,0,,,,,,,,,,7,2.6,16,5000,160,160,160,160,160,160,,400,15,0,0,255,,,,,,1,,,,,,,,,,,,,,,,,,,,,,,,,,,,,,,ent.3469.hit,ent.3469.die,ent.3469.idle,,,,,,,,,1,,,,,,,1,变形坐骑,,,,,,,,,,,,
3473,钢锁,,Grimlock,Grimlock,,,,,,,,,110075,1,3473,,,,1,,,,,,,220,,,,,,,,,,,,,,,,1,0,,,,,,,,,,7,2.6,16,5000,160,47,30,160,160,160,,400,15,0,0,255,,,,,,1,,,,,,,,,,,,,,,,,,,,,,,,,,,,,,,ent.3469.hit,ent.3469.die,ent.3469.idle,,ent.3473.attack1,ent.3473.attackstop1,,,horse_3473,,,1.3,,,,,,,1,变形坐骑,1.3,,,,,,,,,,,
3474,变形金刚占用,,,,,,,,,,,,110076,1,3475,,,,1,,,,,,,220,,,,,,,,,,,,,,,,1,0,,,,,,,,,,7,2.6,16,5000,160,45,45,160,160,160,,400,15,0,0,255,,,,,,1,,,,,,,,,,,,,,,,,,,,,,,,,,,,,,,ent.3453.hit,ent.3453.die,ent.3453.idle,,,,,,,,,1,,,,,,,1,变形坐骑,,,,,,,,,,,,
3475,飞标,,Swoop,Swoop,,,,,,,,,110076,1,3475,,,,1,,,,,,,220,,,,,,,,,,,,,,,,1,0,,,,,,,,,,7,2.6,16,5000,160,45,45,160,160,160,,400,15,0,0,255,,,,,,1,,,,,,,,,,,,,,,,,,,,,,,,,,,,,,,ent.3453.hit,ent.3453.die,ent.3453.idle,ent.3453.foot,ent.3464.attack1,,,,horse_3475,,,1.3,,,,,,,1,变形坐骑,1.3,,,,,,,,,,,
3476,变形金刚占用,,,,,,,,,,,,110077,1,3477,,,,1,,,,,,,220,,,,,,,,,,,,,,,,1,0,,,,,,,,,,7,2.6,16,5000,160,160,160,160,160,160,,400,15,0,0,255,,,,,,1,,,,,,,,,,,,,,,,,,,,,,,,,,,,,,,ent.3469.hit,ent.3469.die,ent.3469.idle,,,,,,,,,1,,,,,,,1,变形坐骑,,,,,,,,,,,,
3477,嚎叫,,Snarl,Snarl,,,,,,,,,110077,1,3477,,,,1,,,,,,,220,,,,,,,,,,,,,,,,1,0,,,,,,,,,,7,2.6,16,5000,160,30,30,160,160,160,,400,15,0,0,255,,,,,,1,,,,,,,,,,,,,,,,,,,,,,,,,,,,,,,ent.3469.hit,ent.3469.die,ent.3469.idle,,ent.3477.attack1,ent.3477.attackstop1,,,horse_3477,,,1.3,,,,,,,1,变形坐骑,1.3,,,,,,,,,,,
3478,月明星稀,,BrightMoon,Bright Moon,,,,,,,,,110074,,3478,,,,1,,,,,,,0,,,,,,,,,,,,,,,,1,0,,,,,,,,,,7,2.6,16,5000,280,160,160,300,180,180,,400,15,0,0,255,,,,,,1,,,,,,,,,,,,,,,,,,,,,,,,,,,,,,,ent.3478.hit,ent.3478.die,ent.3478.idle,ent.3478.foot,ent.3478.fly,ent.3478.attackstop1,ent.3478.callstar,ent.3478.attackstop2,horse_3478,,,1,,,,,,,1,,0.5,,,,,,,,,,,
3479,玉兔桃花,,JadeMoon,Jade Moon,,,,,,,,,110074,1,3479,,,,1,,,,,,,0,,,,,,,,,,,,,,,,1,0,,,,,,,,,,7,2.6,16,5000,280,160,160,300,180,180,,400,15,0,0,255,,,,,,1,,,,,,,,,,,,,,,,,,,,,,,,,,,,,,,ent.3479.hit,ent.3479.die,ent.3479.idle,ent.3479.foot,ent.3478.fly,ent.3479.attackstop2,ent.3478.callstar,ent.3479.attackstop3,horse_3479,,,1,,,,,,,1,,0.5,,,,,,,,,,,
3480,玉兔桃花,,JadeMoon,Jade Moon,,,,,,,,,110074,1,3479,,,,1,,,,,,,0,,,,,,,,,,,,,,,,1,0,,,,,,,,,,7,2.6,16,5000,280,160,160,300,180,180,,400,15,0,0,255,,,,,,1,,,,,,,,,,,,,,,,,,,,,,,,,,,,,,,ent.3479.hit,ent.3479.die,ent.3479.idle,ent.3479.foot,ent.3478.fly,ent.3479.attackstop2,ent.3478.callstar,ent.3479.attackstop3,horse_3479,,,1,,,,,,,1,,0.5,,,,,,,,,,,
34783,玉兔桃花,,JadeMoon,Jade Moon,,,,,,,,,110074,1,3479,,,,1,,,,,,,0,,,,,,,,,,,,,,,,1,0,,,,,,,,,,7,2.6,16,5000,280,160,160,300,180,180,,400,15,0,0,255,,,,,,1,,,,,,,,,,,,,,,,,,,,,,,,,,,,,,,ent.3479.hit,ent.3479.die,ent.3479.idle,ent.3479.foot,ent.3478.fly,ent.3479.attackstop2,ent.3478.callstar,ent.3479.attackstop3,horse_3479,,,1,,,,,,,1,,0.5,,,,,,,,,,,
34784,玉兔桃花,,JadeMoon,Jade Moon,,,,,,,,,110074,1,3479,,,,1,,,,,,,0,,,,,,,,,,,,,,,,1,0,,,,,,,,,,7,2.6,16,5000,280,160,160,300,180,180,,400,15,0,0,255,,,,,,1,,,,,,,,,,,,,,,,,,,,,,,,,,,,,,,ent.3479.hit,ent.3479.die,ent.3479.idle,ent.3479.foot,ent.3478.fly,ent.3479.attackstop2,ent.3478.callstar,ent.3479.attackstop3,horse_3479,,,1,,,,,,,1,,0.5,,,,,,,,,,,
34785,玉兔桃花,,JadeMoon,Jade Moon,,,,,,,,,110074,1,3479,,,,1,,,,,,,0,,,,,,,,,,,,,,,,1,0,,,,,,,,,,7,2.6,16,5000,280,160,160,300,180,180,,400,15,0,0,255,,,,,,1,,,,,,,,,,,,,,,,,,,,,,,,,,,,,,,ent.3479.hit,ent.3479.die,ent.3479.idle,ent.3479.foot,ent.3478.fly,ent.3479.attackstop2,ent.3478.callstar,ent.3479.attackstop3,horse_3479,,,1,,,,,,,1,,0.5,,,,,,,,,,,
34786,玉兔桃花,,JadeMoon,Jade Moon,,,,,,,,,110074,1,3479,,,,1,,,,,,,0,,,,,,,,,,,,,,,,1,0,,,,,,,,,,7,2.6,16,5000,280,160,160,300,180,180,,400,15,0,0,255,,,,,,1,,,,,,,,,,,,,,,,,,,,,,,,,,,,,,,ent.3479.hit,ent.3479.die,ent.3479.idle,ent.3479.foot,ent.3478.fly,ent.3479.attackstop2,ent.3478.callstar,ent.3479.attackstop3,horse_3479,,,1,,,,,,,1,,0.5,,,,,,,,,,,
34787,玉兔桃花,,JadeMoon,Jade Moon,,,,,,,,,110074,1,3479,,,,1,,,,,,,0,,,,,,,,,,,,,,,,1,0,,,,,,,,,,7,2.6,16,5000,280,160,160,300,180,180,,400,15,0,0,255,,,,,,1,,,,,,,,,,,,,,,,,,,,,,,,,,,,,,,ent.3479.hit,ent.3479.die,ent.3479.idle,ent.3479.foot,ent.3478.fly,ent.3479.attackstop2,ent.3478.callstar,ent.3479.attackstop3,horse_3479,,,1,,,,,,,1,,0.5,,,,,,,,,,,
34788,玉兔桃花,,JadeMoon,Jade Moon,,,,,,,,,110074,1,3479,,,,1,,,,,,,0,,,,,,,,,,,,,,,,1,0,,,,,,,,,,7,2.6,16,5000,280,160,160,300,180,180,,400,15,0,0,255,,,,,,1,,,,,,,,,,,,,,,,,,,,,,,,,,,,,,,ent.3479.hit,ent.3479.die,ent.3479.idle,ent.3479.foot,ent.3478.fly,ent.3479.attackstop2,ent.3478.callstar,ent.3479.attackstop3,horse_3479,,,1,,,,,,,1,,0.5,,,,,,,,,,,
34789,玉兔桃花,,JadeMoon,Jade Moon,,,,,,,,,110074,1,3479,,,,1,,,,,,,0,,,,,,,,,,,,,,,,1,0,,,,,,,,,,7,2.6,16,5000,280,160,160,300,180,180,,400,15,0,0,255,,,,,,1,,,,,,,,,,,,,,,,,,,,,,,,,,,,,,,ent.3479.hit,ent.3479.die,ent.3479.idle,ent.3479.foot,ent.3478.fly,ent.3479.attackstop2,ent.3478.callstar,ent.3479.attackstop3,horse_3479,,,1,,,,,,,1,,0.5,,,,,,,,,,,
34790,皎月仙宫,,HeavenlyPalace,Heavenly Palace,,,,,,,,,110074,2,3480,,,,1,,,,,,,0,,,,,,,,,,,,,,,,1,0,,,,,,,,,,7,2.6,16,5000,280,160,160,300,180,180,,400,15,0,0,255,,,,,,1,,,,,,,,,,,,,,,,,,,,,,,,,,,,,,,ent.3480.hit,ent.3480.die,ent.3480.idle,ent.3480.foot,ent.3478.fly,ent.3480.attackstop1,ent.3478.callstar,ent.3480.attackstop2,horse_3480,,,1,,,,,,,1,,0.5,,,,,,,,,,,
3481,兔子先生拉比,,MrRabbitLaby,Mr Rabbit Laby,,,,,,,,,110078,1,3482,,,,1,,,,,,,220,,,,,,,,,,,,,,,,1,0,,,,,,,,,,7,2.6,16,5000,160,160,160,300,180,180,,400,15,0,0,255,,,,,,1,,,,,,,,,,,,,,,,,,,,,,,,,,,,,,,ent.3482.hit,ent.3482.die,ent.3482.idle,,ent.3482.attack1,,,,,,,1,,,,,,,1,变形坐骑,,,,,,,,,,,,
3482,兔子先生拉比,,MrRabbitLaby,Mr Rabbit Laby,,,,,,,,,110078,1,3482,,,,1,,,,,,,220,,,,,,,,,,,,,,,,1,0,,,,,,,,,,7,2.6,16,5000,160,47,30,160,160,160,,400,15,0,0,255,,,,,,1,,,,,,,,,,,,,,,,,,,,,,,,,,,,,,,ent.3482.hit,ent.3482.die,ent.3482.idle,ent.3482.foot,ent.3482.attack1,,,,,,,1,,,,,,,1,变形坐骑,,,,,,,,,,,,
3483,暖冬祝福,,WinterBlessing,Winter Blessing,,,,,,,,,110079,,3483,,,,1,,,,,,,160,,,,,,,,,,,,,,,,1,0,,,,,,,,,,7,2.6,16,5000,280,300,300,280,280,180,,400,15,0,0,255,,,,,,1,,,,,,,,,,,,,,,,,,,,,,,,,,,,,,,ent.3485.hit,ent.3485.die,ent.3485.idle,ent.3485.foot,,,,,horse_3483,,,1,,,,,,,1,双人坐骑,0.5,,,,,,,,,,,
3484,圣夜惊喜,,ChristmasSurprise,Christmas Surprise,,,,,,,,,110079,1,3484,,,,1,,,,,,,180,,,,,,,,,,,,,,,,1,0,,,,,,,,,,7,2.6,16,5000,280,300,300,280,280,180,,400,15,0,0,255,,,,,,1,,,,,,,,,,,,,,,,,,,,,,,,,,,,,,,ent.3485.hit,ent.3485.die,ent.3485.idle,ent.3485.foot,,,ent.3485.ride,,horse_3484,,,1,,,,,,,1,双人坐骑,0.5,,,,,,,,,,,
3485,圣夜惊喜,,ChristmasSurprise,Christmas Surprise,,,,,,,,,110079,1,3484,,,,1,,,,,,,180,,,,,,,,,,,,,,,,1,0,,,,,,,,,,7,2.6,16,5000,280,300,300,280,280,180,,400,15,0,0,255,,,,,,1,,,,,,,,,,,,,,,,,,,,,,,,,,,,,,,ent.3485.hit,ent.3485.die,ent.3485.idle,ent.3485.foot,,,ent.3485.ride,,horse_3484,,,1,,,,,,,1,,0.5,,,,,,,,,,,
34833,圣夜惊喜,,ChristmasSurprise,Christmas Surprise,,,,,,,,,110079,1,3484,,,,1,,,,,,,180,,,,,,,,,,,,,,,,1,0,,,,,,,,,,7,2.6,16,5000,280,300,300,280,280,180,,400,15,0,0,255,,,,,,1,,,,,,,,,,,,,,,,,,,,,,,,,,,,,,,ent.3485.hit,ent.3485.die,ent.3485.idle,ent.3485.foot,,,ent.3485.ride,,horse_3484,,,1,,,,,,,1,,0.5,,,,,,,,,,,
34834,圣夜惊喜,,ChristmasSurprise,Christmas Surprise,,,,,,,,,110079,1,3484,,,,1,,,,,,,180,,,,,,,,,,,,,,,,1,0,,,,,,,,,,7,2.6,16,5000,280,300,300,280,280,180,,400,15,0,0,255,,,,,,1,,,,,,,,,,,,,,,,,,,,,,,,,,,,,,,ent.3485.hit,ent.3485.die,ent.3485.idle,ent.3485.foot,,,ent.3485.ride,,horse_3484,,,1,,,,,,,1,,0.5,,,,,,,,,,,
34835,圣夜惊喜,,ChristmasSurprise,Christmas Surprise,,,,,,,,,110079,1,3484,,,,1,,,,,,,180,,,,,,,,,,,,,,,,1,0,,,,,,,,,,7,2.6,16,5000,280,300,300,280,280,180,,400,15,0,0,255,,,,,,1,,,,,,,,,,,,,,,,,,,,,,,,,,,,,,,ent.3485.hit,ent.3485.die,ent.3485.idle,ent.3485.foot,,,ent.3485.ride,,horse_3484,,,1,,,,,,,1,,0.5,,,,,,,,,,,
34836,圣夜惊喜,,ChristmasSurprise,Christmas Surprise,,,,,,,,,110079,1,3484,,,,1,,,,,,,180,,,,,,,,,,,,,,,,1,0,,,,,,,,,,7,2.6,16,5000,280,300,300,280,280,180,,400,15,0,0,255,,,,,,1,,,,,,,,,,,,,,,,,,,,,,,,,,,,,,,ent.3485.hit,ent.3485.die,ent.3485.idle,ent.3485.foot,,,ent.3485.ride,,horse_3484,,,1,,,,,,,1,,0.5,,,,,,,,,,,
34837,圣夜惊喜,,ChristmasSurprise,Christmas Surprise,,,,,,,,,110079,1,3484,,,,1,,,,,,,180,,,,,,,,,,,,,,,,1,0,,,,,,,,,,7,2.6,16,5000,280,300,300,280,280,180,,400,15,0,0,255,,,,,,1,,,,,,,,,,,,,,,,,,,,,,,,,,,,,,,ent.3485.hit,ent.3485.die,ent.3485.idle,ent.3485.foot,,,ent.3485.ride,,horse_3484,,,1,,,,,,,1,,0.5,,,,,,,,,,,
34838,圣夜惊喜,,ChristmasSurprise,Christmas Surprise,,,,,,,,,110079,1,3484,,,,1,,,,,,,180,,,,,,,,,,,,,,,,1,0,,,,,,,,,,7,2.6,16,5000,280,300,300,280,280,180,,400,15,0,0,255,,,,,,1,,,,,,,,,,,,,,,,,,,,,,,,,,,,,,,ent.3485.hit,ent.3485.die,ent.3485.idle,ent.3485.foot,,,ent.3485.ride,,horse_3484,,,1,,,,,,,1,,0.5,,,,,,,,,,,
34839,圣夜惊喜,,ChristmasSurprise,Christmas Surprise,,,,,,,,,110079,1,3484,,,,1,,,,,,,180,,,,,,,,,,,,,,,,1,0,,,,,,,,,,7,2.6,16,5000,280,300,300,280,280,180,,400,15,0,0,255,,,,,,1,,,,,,,,,,,,,,,,,,,,,,,,,,,,,,,ent.3485.hit,ent.3485.die,ent.3485.idle,ent.3485.foot,,,ent.3485.ride,,horse_3484,,,1,,,,,,,1,,0.5,,,,,,,,,,,
34840,冰雪传说,,FrozenLegend,Frozen Legend,,,,,,,,,110079,2,3485,,,,1,,,,,,,200,,,,,,,,,,,,,,,,1,0,,,,,,,,,,7,2.6,16,5000,280,300,300,280,280,180,,400,15,0,0,255,,,,,,1,,,,,,,,,,,,,,,,,,,,,,,,,,,,,,,ent.3485.hit,ent.3485.die,ent.3485.idle,ent.3485.foot,ent.3485.fly,,ent.3485.ride,,horse_3485,,,1,,,,,,,1,双人坐骑,0.5,,,,,,,,,,,
3486,缤纷幻想,,PonyMotor,Pony Motor,,,,,,,,,110080,,3487,,,,1,,,,,,,200,,,,,,,,,,,,,,,,1,0,,,,,,,,,,7,2.6,16,5000,200,100,160,200,100,180,,400,15,0,0,255,,,,,,1,,,,,,,,,,,,,,,,,,,,,,,,,,,,,,,ent.3487.hit,ent.3487.die,ent.3487.idle,ent.3487.foot,ent.3487.attack1,,,,horse_3487,,,1.05,,,,,,,1,,1.05,,,,,,,,,,,
3487,缤纷幻想,,PonyMotor,Pony Motor,,,,,,,,,110080,1,3487,,,,1,,,,,,,200,,,,,,,,,,,,,,,,1,0,,,,,,,,,,7,2.6,16,5000,200,100,160,200,100,180,,400,15,0,0,255,,,,,,1,,,,,,,,,,,,,,,,,,,,,,,,,,,,,,,ent.3487.hit,ent.3487.die,ent.3487.idle,ent.3487.foot,ent.3487.attack1,,,,horse_3487,,,1.05,,,,,,,1,,0.7,,,,,,,,,,,
3488,福运哞哞,,FortuneCow,Fortune Cow,,,,,,,,,110081,,3489,,,,1,,,,,,,200,,,,,,,,,,,,,,,,1,0,,,,,,,,,,7,2.6,16,5000,200,120,160,200,120,160,,400,15,0,0,255,,,,,,1,,,,,,,,,,,,,,,,,,,,,,,,,,,,,,,ent.3489.hit,ent.3489.die,ent.3489.idle,ent.3489.foot,ent.3489.attack1,,,,horse_3489,,,1.05,,,,,,,1,,1.05,,,,,,,,,,,
3489,福运哞哞,,FortuneCow,Fortune Cow,,,,,,,,,110081,1,3489,,,,1,,,,,,,200,,,,,,,,,,,,,,,,1,0,,,,,,,,,,7,2.6,16,5000,200,120,160,200,120,160,,400,15,0,0,255,,,,,,1,,,,,,,,,,,,,,,,,,,,,,,,,,,,,,,ent.3489.hit,ent.3489.die,ent.3489.idle,ent.3489.foot,ent.3489.attack1,,,,horse_3489,,,1.05,,,,,,,1,,0.7,,,,,,,,,,,
3490,攀崖观日,,TranscedentPeak,Transcendent Peak,,,,,,,,,110082,,3490,,,,1,,,,,,,200,,,,,,,,,,,,,,,,1,0,,,,,,,,,,7,2.6,16,10000,280,550,400,280,500,450,,500,15,0,0,150,,,,,,1,,,,,,,,,,,,,,,,,,,,,,,,,,,,,,,ent.3492.hit,ent.3492.die,ent.3492.idle,ent.3492.foot,ent.3492.attack1,,,,horse_3492,,,1,,,,,,,1,四人坐骑,0.5,,,,,,,,,,,
3491,北辰荧火,,NorthenStarFlames,Northen Star Flames,,,,,,,,,110082,1,3491,,,,1,,,,,,,200,,,,,,,,,,,,,,,,1,0,,,,,,,,,,7,2.6,16,10000,280,550,400,280,500,450,,500,15,0,0,150,,,,,,1,,,,,,,,,,,,,,,,,,,,,,,,,,,,,,,ent.3492.hit,ent.3492.die,ent.3492.idle,ent.3492.foot,ent.3492.attack1,,,,horse_3492,,,1,,,,,,,1,四人坐骑,0.5,,,,,,,,,,,
3492,北辰荧火,,NorthenStarFlames,Northen Star Flames,,,,,,,,,110082,1,3491,,,,1,,,,,,,200,,,,,,,,,,,,,,,,1,0,,,,,,,,,,7,2.6,16,10000,280,550,400,280,500,450,,500,15,0,0,150,,,,,,1,,,,,,,,,,,,,,,,,,,,,,,,,,,,,,,ent.3492.hit,ent.3492.die,ent.3492.idle,ent.3492.foot,ent.3492.attack1,,,,horse_3492,,,1,,,,,,,1,,0.5,,,,,,,,,,,
34903,北辰荧火,,NorthenStarFlames,Northen Star Flames,,,,,,,,,110082,1,3491,,,,1,,,,,,,200,,,,,,,,,,,,,,,,1,0,,,,,,,,,,7,2.6,16,10000,280,550,400,280,500,450,,500,15,0,0,150,,,,,,1,,,,,,,,,,,,,,,,,,,,,,,,,,,,,,,ent.3492.hit,ent.3492.die,ent.3492.idle,ent.3492.foot,ent.3492.attack1,,,,horse_3492,,,1,,,,,,,1,,0.5,,,,,,,,,,,
34904,北辰荧火,,NorthenStarFlames,Northen Star Flames,,,,,,,,,110082,1,3491,,,,1,,,,,,,200,,,,,,,,,,,,,,,,1,0,,,,,,,,,,7,2.6,16,10000,280,550,400,280,500,450,,500,15,0,0,150,,,,,,1,,,,,,,,,,,,,,,,,,,,,,,,,,,,,,,ent.3492.hit,ent.3492.die,ent.3492.idle,ent.3492.foot,ent.3492.attack1,,,,horse_3492,,,1,,,,,,,1,,0.5,,,,,,,,,,,
34905,北辰荧火,,NorthenStarFlames,Northen Star Flames,,,,,,,,,110082,1,3491,,,,1,,,,,,,200,,,,,,,,,,,,,,,,1,0,,,,,,,,,,7,2.6,16,10000,280,550,400,280,500,450,,500,15,0,0,150,,,,,,1,,,,,,,,,,,,,,,,,,,,,,,,,,,,,,,ent.3492.hit,ent.3492.die,ent.3492.idle,ent.3492.foot,ent.3492.attack1,,,,horse_3492,,,1,,,,,,,1,,0.5,,,,,,,,,,,
34906,北辰荧火,,NorthenStarFlames,Northen Star Flames,,,,,,,,,110082,1,3491,,,,1,,,,,,,200,,,,,,,,,,,,,,,,1,0,,,,,,,,,,7,2.6,16,10000,280,550,400,280,500,450,,500,15,0,0,150,,,,,,1,,,,,,,,,,,,,,,,,,,,,,,,,,,,,,,ent.3492.hit,ent.3492.die,ent.3492.idle,ent.3492.foot,ent.3492.attack1,,,,horse_3492,,,1,,,,,,,1,,0.5,,,,,,,,,,,
34907,北辰荧火,,NorthenStarFlames,Northen Star Flames,,,,,,,,,110082,1,3491,,,,1,,,,,,,200,,,,,,,,,,,,,,,,1,0,,,,,,,,,,7,2.6,16,10000,280,550,400,280,500,450,,500,15,0,0,150,,,,,,1,,,,,,,,,,,,,,,,,,,,,,,,,,,,,,,ent.3492.hit,ent.3492.die,ent.3492.idle,ent.3492.foot,ent.3492.attack1,,,,horse_3492,,,1,,,,,,,1,,0.5,,,,,,,,,,,
34908,北辰荧火,,NorthenStarFlames,Northen Star Flames,,,,,,,,,110082,1,3491,,,,1,,,,,,,200,,,,,,,,,,,,,,,,1,0,,,,,,,,,,7,2.6,16,10000,280,550,400,280,500,450,,500,15,0,0,150,,,,,,1,,,,,,,,,,,,,,,,,,,,,,,,,,,,,,,ent.3492.hit,ent.3492.die,ent.3492.idle,ent.3492.foot,ent.3492.attack1,,,,horse_3492,,,1,,,,,,,1,,0.5,,,,,,,,,,,
34909,北辰荧火,,NorthenStarFlames,Northen Star Flames,,,,,,,,,110082,1,3491,,,,1,,,,,,,200,,,,,,,,,,,,,,,,1,0,,,,,,,,,,7,2.6,16,10000,280,550,400,280,500,450,,500,15,0,0,150,,,,,,1,,,,,,,,,,,,,,,,,,,,,,,,,,,,,,,ent.3492.hit,ent.3492.die,ent.3492.idle,ent.3492.foot,ent.3492.attack1,,,,horse_3492,,,1,,,,,,,1,,0.5,,,,,,,,,,,
34910,浮游山海,,DriftingHorizons,Drifting Horizons,,,,,,,,,110082,2,3492,,,,1,,,,,,,200,,,,,,,,,,,,,,,,1,0,,,,,,,,,,7,2.6,16,10000,280,550,400,280,580,400,,500,15,0,0,150,,,,,,1,,,,,,,,,,,,,,,,,,,,,,,,,,,,,,,ent.3492.hit,ent.3492.die,ent.3492.idle,ent.3492.foot,ent.3492.attack1,,,,horse_3492,,,1,,,,,,,1,四人坐骑,0.5,,,,,,,,,,,
3493,牛魔王,,DemonOxKing,Demon Ox King,,,,,,,,,110083,1,3494,,,,1,,,,,,,220,,,,,,,,,,,,,,,,1,0,,,,,,,,,,7,2.6,16,5000,160,160,160,160,160,160,,400,15,0,0,255,,,,,,1,,,,,,,,,,,,,,,,,,,,,,,,,,,,,,,ent.3494.hit,ent.3494.die,ent.3494.idle,ent.3494.foot,ent.3494.attack1,,,,horse_3494,,,1.5,,,,,,,1,变形坐骑,1.5,,,,,,,,,,,
3494,牛魔王,,DemonOxKing,Demon Ox King,,,,,,,,,110083,1,3494,,,,1,,,,,,,220,,,,,,,,,,,,,,,,1,0,,,,,,,,,,7,2.6,16,5000,160,160,160,160,160,160,,400,15,0,0,255,,,,,,1,,,,,,,,,,,,,,,,,,,,,,,,,,,,,,,ent.3494.hit,ent.3494.die,ent.3494.idle,ent.3494.foot,ent.3494.attack1,,,,horse_3494,,,1.5,,,,,,,1,变形坐骑,1.5,,,,,,,,,,,
3495,步步生莲,,LotusPedestal,Lotus Pedestal,,,,,,,,,110084,,3495,,,,1,,,,,,,200,,,,,,,,,,,,,,,,1,0,,,,,,,,,,7,2.6,16,5000,200,100,160,200,100,180,,400,15,0,0,255,,,,,,1,,,,,,,,,,,,,,,,,,,,,,,,,,,,,,,ent.3497.hit,ent.3497.die,ent.3497.idle,ent.3497.foot,ent.3497.attack1,,,,horse_3497,,,1,,,,,,,1,,0.5,,,,,,,,,,,
3496,飞花踏雪,,SnowLotusPedestal,Snow Lotus Pedestal,,,,,,,,,110084,1,3496,,,,1,,,,,,,200,,,,,,,,,,,,,,,,1,0,,,,,,,,,,7,2.6,16,5000,200,120,160,200,120,160,,400,15,0,0,255,,,,,,1,,,,,,,,,,,,,,,,,,,,,,,,,,,,,,,ent.3497.hit,ent.3497.die,ent.3497.idle,ent.3497.foot,ent.3497.attack1,,,,horse_3496_3,,,1,,,,,,,1,,0.5,,,,,,,,,,,
3497,飞花踏雪,,SnowLotusPedestal,Snow Lotus Pedestal,,,,,,,,,110084,1,3496,,,,1,,,,,,,200,,,,,,,,,,,,,,,,1,0,,,,,,,,,,7,2.6,16,5000,200,120,160,200,120,160,,400,15,0,0,255,,,,,,1,,,,,,,,,,,,,,,,,,,,,,,,,,,,,,,ent.3497.hit,ent.3497.die,ent.3497.idle,ent.3497.foot,ent.3497.attack1,,,,horse_3496_3,,,1,,,,,,,1,,0.5,,,,,,,,,,,
34953,飞花踏雪,,SnowLotusPedestal,Snow Lotus Pedestal,,,,,,,,,110084,1,3496,,,,1,,,,,,,200,,,,,,,,,,,,,,,,1,0,,,,,,,,,,7,2.6,16,5000,200,120,160,200,120,160,,400,15,0,0,255,,,,,,1,,,,,,,,,,,,,,,,,,,,,,,,,,,,,,,ent.3497.hit,ent.3497.die,ent.3497.idle,ent.3497.foot,ent.3497.attack1,,,,horse_3496_3,,,1,,,,,,,1,,0.5,,,,,,,,,,,
34954,飞花踏雪,,SnowLotusPedestal,Snow Lotus Pedestal,,,,,,,,,110084,1,3496,,,,1,,,,,,,200,,,,,,,,,,,,,,,,1,0,,,,,,,,,,7,2.6,16,5000,200,120,160,200,120,160,,400,15,0,0,255,,,,,,1,,,,,,,,,,,,,,,,,,,,,,,,,,,,,,,ent.3497.hit,ent.3497.die,ent.3497.idle,ent.3497.foot,ent.3497.attack1,,,,horse_3496_3,,,1,,,,,,,1,,0.5,,,,,,,,,,,
34955,飞花踏雪,,SnowLotusPedestal,Snow Lotus Pedestal,,,,,,,,,110084,1,3496,,,,1,,,,,,,200,,,,,,,,,,,,,,,,1,0,,,,,,,,,,7,2.6,16,5000,200,120,160,200,120,160,,400,15,0,0,255,,,,,,1,,,,,,,,,,,,,,,,,,,,,,,,,,,,,,,ent.3497.hit,ent.3497.die,ent.3497.idle,ent.3497.foot,ent.3497.attack1,,,,horse_3496_3,,,1,,,,,,,1,,0.5,,,,,,,,,,,
34956,飞花踏雪,,SnowLotusPedestal,Snow Lotus Pedestal,,,,,,,,,110084,1,3496,,,,1,,,,,,,200,,,,,,,,,,,,,,,,1,0,,,,,,,,,,7,2.6,16,5000,200,120,160,200,120,160,,400,15,0,0,255,,,,,,1,,,,,,,,,,,,,,,,,,,,,,,,,,,,,,,ent.3497.hit,ent.3497.die,ent.3497.idle,ent.3497.foot,ent.3497.attack1,,,,horse_3496_3,,,1,,,,,,,1,,0.5,,,,,,,,,,,
34957,飞花踏雪,,SnowLotusPedestal,Snow Lotus Pedestal,,,,,,,,,110084,1,3496,,,,1,,,,,,,200,,,,,,,,,,,,,,,,1,0,,,,,,,,,,7,2.6,16,5000,200,120,160,200,120,160,,400,15,0,0,255,,,,,,1,,,,,,,,,,,,,,,,,,,,,,,,,,,,,,,ent.3497.hit,ent.3497.die,ent.3497.idle,ent.3497.foot,ent.3497.attack1,,,,horse_3496_3,,,1,,,,,,,1,,0.5,,,,,,,,,,,
34958,飞花踏雪,,SnowLotusPedestal,Snow Lotus Pedestal,,,,,,,,,110084,1,3496,,,,1,,,,,,,200,,,,,,,,,,,,,,,,1,0,,,,,,,,,,7,2.6,16,5000,200,120,160,200,120,160,,400,15,0,0,255,,,,,,1,,,,,,,,,,,,,,,,,,,,,,,,,,,,,,,ent.3497.hit,ent.3497.die,ent.3497.idle,ent.3497.foot,ent.3497.attack1,,,,horse_3496_3,,,1,,,,,,,1,,0.5,,,,,,,,,,,
34959,飞花踏雪,,SnowLotusPedestal,Snow Lotus Pedestal,,,,,,,,,110084,1,3496,,,,1,,,,,,,200,,,,,,,,,,,,,,,,1,0,,,,,,,,,,7,2.6,16,5000,200,120,160,200,120,160,,400,15,0,0,255,,,,,,1,,,,,,,,,,,,,,,,,,,,,,,,,,,,,,,ent.3497.hit,ent.3497.die,ent.3497.idle,ent.3497.foot,ent.3497.attack1,,,,horse_3496_3,,,1,,,,,,,1,,0.5,,,,,,,,,,,
34960,镜花水月,,GoldenLotusPedestal,Golden Lotus Pedestal,,,,,,,,,110084,2,3497,,,,1,,,,,,,200,,,,,,,,,,,,,,,,1,0,,,,,,,,,,7,2.6,16,5000,200,120,160,200,120,160,,400,15,0,0,255,,,,,,1,,,,,,,,,,,,,,,,,,,,,,,,,,,,,,,ent.3497.hit,ent.3497.die,ent.3497.idle,ent.3497.foot,ent.3497.attack1,,,,horse_3497_3,,,1,,,,,,,1,,0.5,,,,,,,,,,,
3501,虚空使徒,,Fantom,Fantom,,,,,,5,100,0,110035,,3501,,,,0,2,1,2,4,,,200,,,10000,,,,,,,,,,,,0,40,30,,,,,,,,,0.75,7,3.5,16,6000,220,90,90,300,100,100,,250,5,0,0,255,,,,,5,1,,,,,,,,11911,10000,,,,,,,,,,25,10000,"2,4",210,,,,,,,,,ent.3501.hit,ent.3501.die,ent.3501.idle,ent.3501.foot,,,,,35011,,,1,,20,,,,@10836,,,,,,,-15,,,,,,,official_CreatureType.Monster
3502,远古黑龙,,AncientBlackDragon,Ancient Black Dragon,,,,,,,,,100008,,3502,,,,6,2,,2,3,,,3000,,,10000,,,10,10,,30,,,,,,0,300,70,,,3,,,,,,,7,62,66,10000,400,600,600,500,700,700,,1500,15,0,0,255,,,,,,1,,,,,,,,,,,,,,,,,,,6666,10000,"40,60",6666,,,,,,,,,ent.3502.hit,ent.3502.die,ent.3502.idle,ent.3502.fly,,,,,,,,1,,1000,,,,,,攻击类型无效，冲撞和啃咬为近战攻击；火球为爆炸攻击，爆炸威力为火攻击；识别玩家的范围是视野范围。,0.2,,,,,1061001,2218001|1061001|2209001|1078001|2269001,,,,"0,0,1,0",
3503,熔岩黑龙,,MagmaBlackDragon,Magma Black Dragon,,,,,,,,,100008,1,3503,,,,6,2,,2,3,,,4000,,,10000,,,10,15,,10,,,,,,0,600,70,,,3,,,,,,,7,62,66,10000,400,600,600,500,700,700,,1500,15,0,0,255,,,,,,1,,,,,,,,,,,,,,,,,,,7777,10000,"40,60",7777,,,,,,,,,ent.3502.hit,ent.3502.die,ent.3502.idle,ent.3502.fly,,,,,3503_body,,,1,,1500,,,,,,攻击类型无效，冲撞和啃咬为近战攻击；火球为爆炸攻击，爆炸威力为火攻击；识别玩家的范围是视野范围。,0.2,,,,,1061001,2218001|1061001|2209001|1078001|2269001,,,,,
3504,混乱黑龙,,ChaosBlackDragon,Chaos Black Dragon,,,,,,,,,100008,2,3504,,,,6,2,,2,3,,,6000,,,10000,,,10,,,,,,,,,0,900,70,,,4,,,,,,,7,62,70,10000,400,600,600,500,700,700,,1500,15,0,0,255,,,,,,1,,,,,,,,,,,,,,,,,,,8888,10000,"40,60",8888,,,,,,,,,ent.3502.hit,ent.3502.die,ent.3502.idle,ent.3502.fly,,,,,3504_body,,,1,,3000,,,,,,攻击类型无效，冲撞和啃咬为近战攻击；火球为爆炸攻击，爆炸威力为火攻击；识别玩家的范围是视野范围。,0.2,,,,,1061001,2218001|1061001|2209001|1078001|2269001,,,,,
3505,年兽野生,,WildNianWild,Wild Nian Shou,野生的,,,,,,,,100030,,3505,,,,2,2,,2,1,,,250,,,,,,,,,,,,,,,0,10,10,,,,,,,,1003001,,7,1.6,10,6000,95,95,95,130,130,240,,230,15,9,0,255,,,,,,1,,,,,,,,11327,10000,,,,,,,,,,,,,,,,,,,,,,ent.3505.hit,ent.3505.die,ent.3505.idle,ent.3505.foot,,,,,,,,1.2,,0.25,0.5,,,,,,1.2,,,,,,,,,,,
3506,年兽驯服,,TamedNianWild,Tamed Nian Shou,驯服的,,,,,,,,100030,,3506,,,,2,2,,2,1,6000,Nian_OnTick,200,,,,,,,,,,,,,,,0,25,20,,,,,,,,1003001,,7,1.6,16,5000,90,90,90,130,130,240,,300,15,9,0,255,,,,,,1,,,,,,,,,,,,,,,,,,,,,,,,,,,,,,,ent.3506.hit,ent.3506.die,ent.3506.idle,ent.3506.foot,,,,,,,,0.6,,0.25,0.5,,,,,,0.6,,,,,,,,,,,
3507,福球,,Fuball,Fuball,,,,,,,,,100031,,3507,,,,0,,,2,1,,,25,,,,,,,,,,,,,,,0,1,0,,,,,,,,,,7,1.6,16,200,80,80,80,90,90,90,,300,5,0,0,255,,,,,,1,,,,,,,,12568,10000,,12836,4000,,11327,2000,,,,,,,,,,,,,,,,ent.3507.hit,ent.3507.die,ent.3507.idle,ent.3507.foot,,,,,mob_3507_1,,,1,,,,,,,,,,,,,,,,,,,,
3508,小恶魔(野生),3508,DemonbabyWild,Tiny Monster,,,可用变蛋枪对野外的小恶魔使用生成小恶魔蛋#r对目标地点使用，生成一只周年庆小恶魔。(存档地图内提取使用)#r小恶魔会用火球攻击人。可用#c0aba1d周年生日蛋糕#n驯服。,,,,,,100032,,3508,,,,2,2,,2,1,,,150,,,,,,,,,,,,,,,1,0,15,,,,,,,,1003001,,7,12,5,500,80,80,80,90,90,90,,300,5,1,0,255,,,,,,1,,,,,,,,12574,10000,,,,,,,,,,,,,,,,,,,,,,ent.3508.hit,ent.3508.die,ent.3508.idle,ent.3508.foot,,,,,mob_3507_1,,,1,,,,,,,,备用的ID,,,,1,,,,,,,,
3509,小恶魔(驯服),3509,Demonbabydocile,Tiny Monster(tamed),,,对目标地点使用，生成一只周年庆小恶魔。(存档地图内提取使用)#r小恶魔会用火球攻击人。可用#c0aba1d周年生日蛋糕#n驯服。,,,,,,100032,,3509,,,,2,2,,2,1,,,150,,,,,,,,,,,,,,,1,0,15,,,,,,,,1003001,,7,16,32,500,80,80,80,90,90,90,,300,15,1,0,255,,,,,,1,,,,,,,,12574,10000,,,,,,,,,,,,,,,,,,,,,,ent.3508.hit,ent.3508.die,ent.3508.idle,ent.3508.foot,,,,,mob_3507_1,,,1,,,,,,,,备用的ID,,,,1,,,,,,,,
3510,远古巨像,,Ancientcolossus,Ancient Colossus,,,,,,,,,100050,,3510,,,,6,2,,2,3,,,3000,,,10000,,,20,20,,,,,,,,0,150,70,,,,,,,,,,7,64,66,100000,800,1100,1100,850,1150,1150,,0,15,1,0,255,,,,,,1,,,,,,,,,,,,,,,,,,,,,,,,,,,,,,,,ent.3510.die,,,,,,,,,,1,,,,,1,,,备用的ID,0.2,,,,,1061001,2218001|1061001|2209001|1078001|2269001,,,,,
3511,远古叮叮,,Genesisrocki,Genesis Rocki,,,,,,,,,100051,,3511,,,,8,2,,2,3,,,1750,,,,,,20,,,,,,,,,1,0,0,,,,,,,,,,7,40,60,40000,195,95,100,280,140,160,,200,15,1,0,255,,,,,,1,,,,,,,,,,,,,,,,,,,,,,,,,,,,,,,ent.3110.hit,ent.3110.die,ent.3110.idle,,,,,,mob_3511_move,,,1,,,,,1,,,备用的ID,0.5,,,,,,,,,,"0,0,1,0",
3512,远古咚咚,,Genesisfrosti,Genesis Frosti,,,,,,,,,100052,,3512,,,,8,2,,2,3,,,1750,,,,,,20,,,,,,,,,1,100,60,,,,,,,,,,7,48,66,40000,195,95,100,350,160,160,,250,15,1,0,255,,,,,,1,,,,,,,,,,,,,,,,,,,,,,,,,,,,,,,ent.3111.hit,ent.3111.die,ent.3111.idle,,,,,,mob_3512_move,,,1,,,,,1,,,备用的ID,0.5,,,,,,,,,,"0,0,1,0",
3513,远古当当,,Genesisbulli,Genesis Bulli,,,,,,,,,100053,,3513,,,,8,2,,2,3,,,1750,,,,,,20,,,,,,,,,0,100,60,,,,,,,,,,7,3,40,40000,195,95,100,350,160,160,,300,15,1,0,255,,,,,,1,,,,,,,,,,,,,,,,,,,,,,,,,,,,,,,ent.3112.hit,ent.3112.die,ent.3112.idle,,,,,,mob_3513_move,,,1,,,,,1,,,备用的ID,0.5,,,,,,,,,,"0,0,1,0",
3514,远古巨人,,Ancientcolossus,Ancient Colossus,,,,,,,,,100054,,3514,,,,6,2,,2,3,,,4500,,,10000,,,20,20,,,,,,,,0,200,80,,,,,,,,,,7,64,66,100000,1800,1400,1400,2500,1600,1600,,300,15,1,0,255,,,,,,1,,,,,,,,,,,,,,,,,,,9999,10000,"40,60",9999,,,,,,,,,,ent.3514.die,,ent.3514.foot,,,,,,,,1,,3000,,,1,,,备用的ID,0.1,,,,,1061001,2218001|1061001|2209001|1078001|2269001,,,,,
3515,虚空幻影-迅,,,,,,,,,,,,100068,,3515,,,,6,2,,2,3,,,5000,,,10000,,,20,,,,,,,,,0,200,80,,,,,,,,,,7,64,66,50000,600,500,500,700,700,700,,600,15,1,0,255,,,,,,1,,,,,,,,,,,,,,,,,,,5000,10000,"40,60",5000,,,,,,,,,,,,,,,,,,,,1,,3000,,,,,,,0.2,,,,,1061001,2218001|1061001|2209001|1078001|2269001,,,,,
3516,虚空幻影-猛,,,,,,,,,,,,100069,,3516,,,,6,2,,2,3,,,5000,,,10000,,,20,,,,,,,,,0,200,80,,,,,,,,,,7,64,66,100000,1200,600,600,1200,700,700,,300,15,1,0,255,,,,,,1,,,,,,,,,,,,,,,,,,,9999,10000,"40,60",9999,,,,,,,,,,,,,,,,,boss_10069_zs,,,1,,3000,,,,,,,0.2,,,,,1061001,2218001|1061001|2209001|1078001|2269001,,,,,
3517,冰陨巨魔,,IceMonster,IceMonster,,,,,,,,,100098,,3517,,,,6,2,,2,3,,,3000,,,10000,,,10,20,,15,,,,,,0,240,80,,,,,,,150,,,7,62,66,900000,1200,1200,1200,1200,1200,1200,,300,15,1,0,255,,,,,,1,,,,,,,,1389,10000,,11232,10000,,12710,10000,20,,,6666,10000,"40,60",6666,,,,,,,,,,,,,,,,,,,,1,,1000,,,,,,攻击类型无效，冲撞和啃咬为近战攻击；火球为爆炸攻击，爆炸威力为火攻击；识别玩家的范围是视野范围。,0.2,,,,,1061001,2218001|1061001|2209001|1078001|2269001,,,,,
3518,大恶魔,3518,,,,,对目标地点使用，生成一只周年庆大恶魔。(存档地图内提取使用)#r大恶魔拥有大火球攻击和砸地面的技能。可用#c0aba1d周年生日蛋糕#n驯服。,,,,,,100032,,3508,,,,2,2,,2,1,,,500,,,,,,,,,,,,,,,1,15,15,,,,,,,,1003001,,7,12,5,500,80,80,80,90,90,90,,300,5,1,0,255,,,,,,1,,,,,,,,12574,10000,,,,,,,,,,,,,,,,,,,,,,ent.3508.hit,ent.3508.die,ent.3508.idle,ent.3508.foot,,,,,mob_3507_1,,,1,,,,,,,,备用的ID,,,,1,,,,,,,,
3519,年兽山臊,,,,,,,,,,,,100073,,3505,,,,6,,,,,,,20000,,,,,,20,,,,,,,,,0,200,80,,,,,,,,,,7,64,66,100000,700,500,500,700,700,700,,600,15,1,0,255,,,,,,1,,,,,,,,,,,,,,,,,,,,,,,,,,,,,,,ent.3519.hit,ent.3519.die,,ent.3519.foot,,,,,,,,1,,,,,,,,备用的ID,,,,,,1061001,2218001|1061001|2209001,,,,,
3520,山臊小怪,,,,,,,,,,,,100072,,3505,,,,0,,,,,,,250,,,,,,,,,,,,,,,0,25,15,,,,,,,,,,7,1.6,16,6000,95,95,95,120,120,120,,300,15,9,0,255,,,,,,1,,,,,,,,,,,,,,,,,,,,,,,,,,,,,,,ent.3519.hit,ent.3519.die,,,,,,,,,,1,,,,,,,,备用的ID,,,,,,,,,,,,
3521,珍珠,,Pearl,Pearl,扇贝的生成物,,,,,1,,,130046,,3203,,,,10,,,,,,,1,,,,,,,,,,,,,,,0,1,0,,,,,,,,,,7,1.6,10,5000,80,80,80,120,120,120,,500,15,1,0,255,,,,,,1,,,,,,,,11655,10000,,,,,,,,11655,10000,,,,,,,,,,,,,,,,,,,,,,,,1,,,,,,,,,,,,,,,,,,,,
3600,灯笼鱼,,Lanternfish,Lanternfish,水生生物,,,,,,,,100029,,3600,3850,,,3,1,1,1,7,,,100,,,1000,,,2,2,,2,,,,,,0,40,30,,,,,,,,,0.75,7,2.5,6,1000,70,70,70,80,80,80,,300,15,1,42,255,,,,,,3,,,,,,,,11318,10000,,27,2000,,,,,,,1,10000,"1,1",10,3,,,,,,,,,,,,,,,,mob_100029_1,,,1.2,0.8,0.25,0.5,,,,,,1.2,,,,,,,,,,"0,1,0,0",
3601,乌贼,,Cuttlefish,Cuttlefish,水生生物,,,,,,,,100009,,3601,3851,,,3,,,,7,,,50,,,,,,,,,,,,,,,0,1,0,,,,,,,,,,7,1.6,16,,160,80,160,180,180,180,,280,15,1,0,255,,,,,,3,,,,,,,,,,,,,,,,,,,1,10000,"1,1",10,3,,,,,,,,,,,,,,,,,,,1.2,0.8,0.25,0.5,,,,,,,,,,,,,,,,"0,1,0,0",
3602,鳐鱼,,Deepseafish,Deepseafish,水生生物,,,,,,,,100010,,3602,3852,,,3,1,1,1,7,,,100,,,1000,,,5,10,,10,,,,,,0,25,20,,,,,,,,,,7,2,12,1000,70,70,100,80,80,80,,250,15,1,42,255,,,,,,5,,,,,,,,11319,10000,,,,,,,,,,1,10000,"1,1",10,2,,,,,,,,,,,,,,,,,,,1.2,0.8,0.25,0.5,,,,,,,,,,,,,,,,"0,1,0,0",
3603,巨型咕噜水母,,Giantgruntjellyfish,Giantgruntjellyfish,水生生物,,,,,,,,100007,,3603,3853,,,3,,,,7,,,50,,,,,,,,,,,,,,,0,1,0,,,,,,,,,,7,1.6,16,,160,80,160,180,180,180,,280,15,1,0,255,,,,,,3,,,,,,,,,,,,,,,,,,,1,10000,"1,1",10,1,,,,,,,,,,,,,,,,,,,1.2,0.8,0.25,0.5,,,,,,,,,,,,,,,,"0,1,0,0",
3604,淡蓝呆呆鱼,,Whitegugufish,Whitegugufish,水生生物,,,,,,,,110129,1,3604,3854,,,3,1,1,1,7,,,20,,,,,,,,,,,,,,,0,1,0,,,,,,,,,,7,1.6,16,100,40,40,40,60,60,60,,320,15,1,42,255,,,,,,5,,,,,,,,12520,10000,,,,,,,,,,1,10000,"1,1",10,1,,,,,,,,,,,,,,,,,,,1.2,0.8,0.25,0.5,,,,,,0.7,,,,,,,,,,"0,1,0,0",
3605,深蓝呆呆鱼,,Orangegugufish,Orangegugufish,水生生物,,,,,,,,110129,,3605,3855,,,3,1,1,1,7,,,20,,,,,,,,,,,,,,,0,1,0,,,,,,,,,,7,1.6,16,100,40,40,40,60,60,60,,320,15,1,42,255,,,,,,5,,,,,,,,12520,10000,,,,,,,,,,1,10000,"1,1",10,1,,,,,,,,,,,,,,,,,,,1.2,0.8,0.25,0.5,,,,,,1.3,,,,,,,,,,"0,1,0,0",
3606,黑色呆呆鱼,,Magentagugufish,Magentagugufish,水生生物,,,,,,,,110129,5,3606,3856,,,3,1,1,1,7,,,20,,,,,,,,,,,,,,,0,1,0,,,,,,,,,,7,1.6,16,100,40,40,40,60,60,60,,320,15,1,0,32,,,,,,5,,,,,,,,12520,10000,,,,,,,,,,1,10000,"1,1",10,1,,,,,,,,,,,,,,,,,,,1.2,0.8,0.25,0.5,,,,,,,,,,,,,,,,"0,1,0,0",
3607,淡蓝奇奇鱼,,Lightbluegugufish,Lightbluegugufish,水生生物,,,,,,,,110130,,3607,3857,,,3,1,1,1,7,,,20,,,,,,,,,,,,,,,0,1,0,,,,,,,,,,7,1.6,16,100,40,40,40,60,60,60,,320,15,1,42,255,,,,,,5,,,,,,,,12704,10000,,,,,,,,,,1,10000,"1,1",10,1,,,,,,,,,,,,,,,,,,,1.2,0.8,0.25,0.5,,,,,,1.2,,,,,,,,,,"0,1,0,0",
3608,粉红丑丑鱼,,Yellowgugufish,Yellowgugufish,水生生物,,,,,,,,110131,,3608,3858,,,3,1,1,1,7,,,20,,,,,,,,,,,,,,,0,1,0,,,,,,,,,,7,1.6,16,100,40,40,40,60,60,60,,320,15,1,42,255,,,,,,5,,,,,,,,12703,10000,,,,,,,,,,1,10000,"1,1",10,1,,,,,,,,,,,,,,,,,,,1.2,0.8,0.25,0.5,,,,,,0.8,,,,,,,,,,"0,1,0,0",
3609,金色呆呆鱼,,Yellowgreengugufishfish,Yellowgreengugufishfish,水生生物,,,,,,,,110129,3,3609,3859,,,3,1,,1,7,,,20,,,,,,,,,,,,,,,0,1,0,,,,,,,,,,7,1.6,16,100,40,40,40,60,60,60,,320,15,1,0,255,,,,,,5,,,,,,,,12520,10000,,,,,,,,,,1,10000,"1,1",10,1,,,,,,,,,,,,,,,,,,,1.2,0.8,0.25,0.5,,,,,,,,,,,,,,,,"0,1,0,0",
3610,金色奇奇鱼,,Pinkgugufish,Pinkgugufish,水生生物,,,,,,,,110130,3,3610,3860,,,3,1,,1,7,,,20,,,,,,,,,,,,,,,0,1,0,,,,,,,,,,7,1.6,16,100,40,40,40,60,60,60,,320,15,1,0,255,,,,,,5,,,,,,,,12704,10000,,,,,,,,,,1,10000,"1,1",10,1,,,,,,,,,,,,,,,,,,,1.2,0.8,0.25,0.5,,,,,,,,,,,,,,,,"0,1,0,0",
3611,金色丑丑鱼,,Greygugufish,Greygugufish,水生生物,,,,,,,,110131,4,3611,3861,,,3,1,,1,7,,,20,,,,,,,,,,,,,,,0,1,0,,,,,,,,,,7,1.6,16,100,40,40,40,60,60,60,,320,15,1,0,255,,,,,,5,,,,,,,,12703,10000,,,,,,,,,,1,10000,"1,1",10,1,,,,,,,,,,,,,,,,,,,1.2,0.8,0.25,0.5,,,,,,,,,,,,,,,,"0,1,0,0",
3612,粉色呆呆鱼,,Lightgreygugufish,Lightgreygugufish,水生生物,,,,,,,,110129,2,3612,3862,,,3,1,1,1,7,,,20,,,,,,,,,,,,,,,0,1,0,,,,,,,,,,7,1.6,16,100,40,40,40,60,60,60,,320,15,1,0,255,,,,,,5,,,,,,,,12520,10000,,,,,,,,,,1,10000,"1,1",10,1,,,,,,,,,,,,,,,,,,,1.2,0.8,0.25,0.5,,,,,,,,,,,,,,,,"0,1,0,0",
3613,黄色奇奇鱼,,Cyangugufish,Cyangugufish,水生生物,,,,,,,,110130,1,3613,3863,,,3,1,1,1,7,,,20,,,,,,,,,,,,,,,0,1,0,,,,,,,,,,7,1.6,16,100,40,40,40,60,60,60,,320,15,1,0,255,,,,,,5,,,,,,,,12704,10000,,,,,,,,,,1,10000,"1,1",10,1,,,,,,,,,,,,,,,,,,,1.2,0.8,0.25,0.5,,,,,,,,,,,,,,,,"0,1,0,0",
3614,紫色丑丑鱼,,Purplegugufish,Purplegugufish,水生生物,,,,,,,,110131,2,3614,3864,,,3,1,1,1,7,,,20,,,,,,,,,,,,,,,0,1,0,,,,,,,,,,7,1.6,16,100,40,40,40,60,60,60,,320,15,1,0,255,,,,,,5,,,,,,,,12703,10000,,,,,,,,,,1,10000,"1,1",10,1,,,,,,,,,,,,,,,,,,,1.2,0.8,0.25,0.5,,,,,,,,,,,,,,,,"0,1,0,0",
3615,绿色奇奇鱼,,Bluegugufish,Bluegugufish,水生生物,,,,,,,,110130,4,3615,3865,,,3,1,1,1,7,,,20,,,,,,,,,,,,,,,0,1,0,,,,,,,,,,7,1.6,16,100,40,40,40,60,60,60,,320,15,1,0,255,,,,,,5,,,,,,,,12704,10000,,,,,,,,,,1,10000,"1,1",10,1,,,,,,,,,,,,,,,,,,,1.2,0.8,0.25,0.5,,,,,,,,,,,,,,,,"0,1,0,0",
3616,条纹丑丑鱼,,Browngugufish,Browngugufish,水生生物,,,,,,,,110131,1,3616,3866,,,3,1,1,1,7,,,20,,,,,,,,,,,,,,,0,1,0,,,,,,,,,,7,1.6,16,100,40,40,40,60,60,60,,320,15,1,0,255,,,,,,5,,,,,,,,12703,10000,,,,,,,,,,1,10000,"1,1",10,1,,,,,,,,,,,,,,,,,,,1.2,0.8,0.25,0.5,,,,,,,,,,,,,,,,"0,1,0,0",
3617,红色奇奇鱼,,Greengugufish,Greengugufish,水生生物,,,,,,,,110130,2,3617,3867,,,3,1,1,1,7,,,20,,,,,,,,,,,,,,,0,1,0,,,,,,,,,,7,1.6,16,100,40,40,40,60,60,60,,320,15,1,0,255,,,,,,5,,,,,,,,12704,10000,,,,,,,,,,1,10000,"1,1",10,1,,,,,,,,,,,,,,,,,,,1.2,0.8,0.25,0.5,,,,,,,,,,,,,,,,"0,1,0,0",
3618,红色呆呆鱼,,Redgugufish,Redgugufish,水生生物,,,,,,,,110129,4,3618,3868,,,3,1,1,1,7,,,20,,,,,,,,,,,,,,,0,1,0,,,,,,,,,,7,1.6,16,100,40,40,40,60,60,60,,320,15,1,0,255,,,,,,5,,,,,,,,12520,10000,,,,,,,,,,1,10000,"1,1",10,1,,,,,,,,,,,,,,,,,,,1.2,0.8,0.25,0.5,,,,,,,,,,,,,,,,"0,1,0,0",
3619,橙色丑丑鱼,,Blackgugufish,Blackgugufish,水生生物,,,,,,,,110131,3,3619,3869,,,3,1,1,1,7,,,20,,,,,,,,,,,,,,,0,1,0,,,,,,,,,,7,1.6,16,100,40,40,40,60,60,60,,320,15,1,0,255,,,,,,5,,,,,,,,12703,10000,,,,,,,,,,1,10000,"1,1",10,1,,,,,,,,,,,,,,,,,,,1.2,0.8,0.25,0.5,,,,,,,,,,,,,,,,"0,1,0,0",
3621,螃蟹,,Crab,Crab,动物,,,,,,,,100086,,3621,,,,1,1,1,1,,,,50,,,,,,,,,,,,,,,0,3,1,,,,,,,,,,7,1.6,16,100,40,40,40,40,40,40,,200,15,1,40,255,,,,,10,1,,,,,,,,12581,10000,,,,,,,,,,1,10000,"1,1",100,3,,,,,,,,ent.3621.hit1,,,ent.3621.foot1,,,,,,,,1.2,0.8,1,,,,,,,,,,,,,,,,,,
3622,海鸥,,Seagull,Seagull,,,,,,,,,100090,,3622,,,,8,1,1,1,,,,30,,,,,,,,,,,,,,,0,1,0,,,,,,,,,,7,1.6,30,100,50,80,50,50,80,50,,600,15,1,0,255,,,,,6,1,,,,,,,,11303,10000,,,,,,,,,,10,10000,"1,3",100,2,,,,,,,,ent.3621.hit1,,,,,,,,,,,1.2,0.8,5,,,,,,,,,,,,,,,,,"0,0,1,0",
3623,海马,,Hippocampus,Hippocampus,水生生物,,,,,,,,100083,,3623,3624,,,3,1,1,1,7,,,100,,,,,,,,,,,,,,,0,8,5,,,,,,,,,,7,2,16,100,280,100,100,280,100,100,,350,15,1,40,255,,,,,,2,,,,,,,,12718,10000,,,,,,,,,,10,10000,"1,3",100,3,,,1,,,,,ent.3621.hit1,,,,ent.3623.bubble1,,ent.3623.hit1,,,,,1.2,0.8,5,5,5,,,,,0.5,,"4,1",,,,,,,,"0,1,0,0",
3624,小海马,,Small hippocampus,Small hippocampus,水生生物,,,,,,,,100084,,3624,,,,3,1,1,1,7,,,50,,,,,,,,,,,,,,,0,2,1,,,,,,,,,,7,2,16,100,60,60,60,130,60,60,,350,15,1,40,255,,,,,,1,,,,,,,,,,,,,,,,,,,10,10000,"1,3",100,3,,,,,,,,ent.3621.hit1,,,,ent.3623.bubble1,,ent.3623.hit1,,,,,1.2,0.8,5,,,,,,,,,"4,2",,,,,,,,"0,1,0,0",
3625,海马（驯服）,,Sea horse,Sea horse,水生生物,,,,,,,,100083,,3625,,,,3,1,1,1,7,,,100,,,,,,,,,,,,,,,0,8,5,,,,,,,,,,7,1.6,16,100,280,100,100,280,100,100,,400,15,1,0,255,,,,,,0,,,,,,,,12718,10000,,,,,,,,,,,,,,1,,,,,,,,ent.3621.hit1,,,,,,,,,,,1.2,0.8,1,,,,,,,0.5,,,,,,,,,,"0,1,0,0",
3626,水母,,Jellyfish,Jellyfish,水生生物,,,,,,,,100082,,3626,,,,3,1,1,1,7,,,80,,,,,,,,,,,,,,,0,10,10,,,,,,10,,,,7,2,10,100,200,100,100,200,100,100,,200,15,1,0,255,,,,,,2,,,,,,,,12719,10000,,,,,,,,,,20,10000,"2,4",200,2,,,,,,,,ent.3621.hit1,,,,ent.3626.hit1,,ent.3626.hit2,,,,,1.2,0.8,5,,,,,,,,,,,,,,,,,"0,1,0,0",
3627,飞鱼,,FlyingFish,FlyingFish,水生生物,,,,,,,,100091,,3627,,,,3,1,1,1,7,,,20,,,,,,,,,,,,,,,0,1,0,,,,,,,,,,7,1.6,16,100,40,40,40,60,60,60,,320,15,1,52,255,,,,,,5,,,,,,,,12064,10000,,,,,,,,,,1,10000,"1,1",10,1,,,,,,,,ent.3621.hit1,,,,,,,,,,,1.2,0.8,0.25,0.5,,,,,,,,,,,,,,,,"0,1,0,0",
3628,鲨鱼,,Shark,Shark,水生生物,,,,,,,,100080,,3628,,,,3,1,1,1,7,,,500,,,5000,0.7,,,,,,,,,,,0,50,35,,,,,,,,,0.85,7,3,66,500,200,200,200,200,200,200,,640,15,1,0,255,,,,,,1,,,,,,,,12065,4000,,12066,4000,,27,2000,,,,1,10000,"1,1",10,3,,,,,,,,ent.3621.hit1,,,,,,,,,,,1.2,0.8,10,0.5,,,,,,0.5,,,,,,,,,,"0,1,0,0",
3629,魔鬼鱼,,MantaRay,MantaRay,水生生物,,,,,,,,100085,,3629,,,,3,1,1,1,7,,,200,,,1500,0.75,,,,,,,,,,,0,50,30,,,,,,,,,0.8,7,1.6,16,100,100,200,200,100,200,200,,320,15,1,0,42,,,,,,3,,,,,,,,11319,5000,,12067,5000,,,,,,,1,10000,"1,1",10,3,,,,,,,,ent.3621.hit1,,,,,,,,,,,1.2,0.8,5,0.5,,,,,,,,,,,,,,,,"0,1,0,0",
3630,荧光棒藻鱼,,LightStickFish,LightStickFish,水生生物,,,,,,,,100081,,3630,,,,3,1,1,1,7,,,500,,,3000,0.7,,,,,,,,,,,0,45,35,,,,,,,,,0.8,7,2.5,16,100,300,300,300,300,300,300,,640,15,1,0,32,,,,,,1,,,,,,,,11318,10000,,,,,,,,,,1,10000,"1,1",10,3,,,,,,,,ent.3621.hit1,,,,,,,,,,,1.2,0.8,10,0.5,,,,,,0.8,,,,,,,,,,"0,1,0,0",
3631,幻彩霓虹,3631,IridescentNeon,IridescentNeon,水生生物,,在水中使用，生成一只#c0aba1d幻彩霓虹鱼#n。击败后可获得@item_550104#。,,,,,,100250,,3631,,,,3,1,1,1,7,,,200,,,1500,0.75,,,,,,,,,,,0,10,10,,,,,,,,,,7,1.6,16,100,40,40,40,60,60,60,,320,15,1,0,255,,,,,,5,,,,,,,,550104,10000,,,,,,,,,,1,10000,"1,1",10,1,,,,,,,,,,,,,,,,,,1,0.8,,,,,,,,0.7,,,,,,,,,,,"0,1,0,0",
3632,幽兰刺龟,3632,OrchidSpikeTurtle,OrchidSpikeTurtle,水生生物,,在水中使用，生成一只#c0aba1d幽兰刺龟#n。击败后可获得@item_550105#。,,,,,,100251,,3632,,,,3,1,1,1,7,,,200,,,1500,0.75,,,,,,,,,,,0,10,10,,,,,,,,,,7,1.6,16,100,40,40,40,60,60,60,,320,15,1,0,255,,,,,,3,,,,,,,,550105,10000,,,,,,,,,,1,10000,"1,1",10,1,,,,,,,,,,,,,,,,,,1,0.8,,,,,,,,0.7,,,,,,,,,,,"0,1,0,0",
3633,冰雪明珠,3633,IceSnowPearl,IceSnowPearl,水生生物,,在水中使用，生成一只#c0aba1d冰雪明珠鱼#n。击败后可获得@item_550106#。,,,,,,100252,,3633,,,,3,1,1,1,7,,,200,,,1500,0.75,,,,,,,,,,,0,10,10,,,,,,,,,,7,1.6,16,100,40,40,40,60,60,60,,320,15,1,0,255,,,,,,3,,,,,,,,550106,10000,,,,,,,,,,1,10000,"1,1",10,1,,,,,,,,,,,,,,,,,,1,0.8,,,,,,,,0.7,,,,,,,,,,,"0,1,0,0",
3634,冰晶玉壶,3634,IceCrystalJadePot,IceCrystalJadePot,水生生物,,在水中使用，生成一只#c0aba1d冰晶玉壶鱼#n。击败后可获得@item_550107#。,,,,,,100253,,3634,,,,3,1,1,1,7,,,200,,,1500,0.75,,,,,,,,,,,0,10,10,,,,,,,,,,7,1.6,16,100,40,40,40,60,60,60,,320,15,1,0,255,,,,,,3,,,,,,,,550107,10000,,,,,,,,,,1,10000,"1,1",10,1,,,,,,,,,,,,,,,,,,1,0.8,,,,,,,,0.7,,,,,,,,,,,"0,1,0,0",
3635,星夜光纹,3635,StarryNightGlowPattern,StarryNightGlowPattern,水生生物,,在水中使用，生成一只#c0aba1d星夜光纹鱼#n。击败后可获得@item_550108#。,,,,,,100254,,3635,,,,3,1,1,1,7,,,200,,,1500,0.75,,,,,,,,,,,0,10,10,,,,,,,,,,7,1.6,16,100,40,40,40,60,60,60,,320,15,1,0,255,,,,,,3,,,,,,,,550108,10000,,,,,,,,,,1,10000,"1,1",10,1,,,,,,,,,,,,,,,,,,1,0.8,,,,,,,,0.7,,,,,,,,,,,"0,1,0,0",
3636,长颌白鲑,3636,LongJawWhiteSalmon,LongJawWhiteSalmon,水生生物,,在水中使用，生成一只#c0aba1d长颌白鲑#n。击败后可获得@item_550109#。,,,,,,100255,,3636,,,,3,1,1,1,7,,,200,,,1500,0.75,,,,,,,,,,,0,10,10,,,,,,,,,,7,1.6,16,100,40,40,40,60,60,60,,320,15,1,0,255,,,,,,3,,,,,,,,550109,10000,,,,,,,,,,1,10000,"1,1",10,1,,,,,,,,,,,,,,,,,,1,0.8,,,,,,,,0.7,,,,,,,,,,,"0,1,0,0",
3637,浪里白条,3637,WaveWhiteStrip,WaveWhiteStrip,水生生物,,在水中使用，生成一只#c0aba1d浪里白条鱼#n。击败后可获得@item_550110#。,,,,,,100256,,3637,,,,3,1,1,1,7,,,200,,,1500,0.75,,,,,,,,,,,0,10,10,,,,,,,,,,7,1.6,16,100,40,40,40,60,60,60,,320,15,1,0,255,,,,,,3,,,,,,,,550110,10000,,,,,,,,,,1,10000,"1,1",10,1,,,,,,,,,,,,,,,,,,1,0.8,,,,,,,,0.7,,,,,,,,,,,"0,1,0,0",
3638,炫彩灵锤,3638,DazzlingSpiritHammer,DazzlingSpiritHammer,水生生物,,在水中使用，生成一只#c0aba1d炫彩灵锤鱼#n。击败后可获得@item_550111#。,,,,,,100257,,3638,,,,3,1,1,1,7,,,200,,,1500,0.75,,,,,,,,,,,0,10,10,,,,,,,,,,7,1.6,16,100,40,40,40,60,60,60,,320,15,1,0,255,,,,,,3,,,,,,,,550111,10000,,,,,,,,,,1,10000,"1,1",10,1,,,,,,,,,,,,,,,,,,1,0.8,,,,,,,,0.7,,,,,,,,,,,"0,1,0,0",
3800,轨道车,,Minecar,Minecart,,,,,,,,,13800,,3800,,,,4,,,5,5,,,30,,,,,,,,,,,,,,,0,1,0,,,,,,,,,,7,1.6,3,,100,90,80,120,90,90,,600,15,0,0,255,,,,,,0,,,,,,,,,,,,,,,,,,,,,,,,,,,,,,,,,,,,,,,,,,1,,,,,,,,,,,,,,,,,,,,
3801,备用ID,,,,,,,,,,,,130002,,3801,,,,5,,,,,,,100,,,,,,,,,,,,,,,0,5,3,,,,,,,,,,7,1.6,10,,200,95,100,200,95,100,,500,15,1,0,255,,,,,,1,,,,,,,,,,,,,,,,,,,,,,,,,,,,,,,,,,,,,,,,,,1,,,,,,,,备用的ID,,,,,,,,,,,,
3802,运输轨道车,,Tranportminecar,Tranportminecart,,,,,,,,,13802,,3802,,,,4,,,5,5,,,30,,,,,,,,,,,,,,,0,1,0,,,,,,,,,,7,1.6,3,,100,90,100,120,90,90,,1000,15,0,0,255,,,,,,0,,,,,,,,,,,,,,,,,,,,,,,,,,,,,,,,,,,,,,,,,,1,,,,,,,,,,,,,,,,,,,,
3803,火箭,,rocket,Rocket,,,,,,,,,110058,,3803,,,,4,,,5,5,,,30,,,,,,,,,,,,,,,0,1,0,,,,,,,,,,7,1.6,3,,300,100,100,300,300,300,,1000,15,0,0,255,,,,,,0,,,,,,,,,,,,,,,,,,,,,,,,,,,,,,,,,,,,,,,,,,1,,,,,,,,,0.5,,,,,,,,,,,
3804,tnt轨道车,,TNTminecar,TNTminecart,,,,,,,,,,,3804,,,,4,,,,5,,,30,,,,,,,,,,,,,,,0,1,0,,,,,,,,,,7,1.6,3,,100,90,100,120,90,90,,1000,15,0,0,255,,,,,,0,,,,,,,,,,,,,,,,,,,,,,,,,,,,,,,,,,,,,,,,,,1,,,,,,,,,,,,,,,,,,,,
3805,备用ID,,,,,,,,,,,,130002,,3805,,,,5,,,,,,,100,,,,,,,,,,,,,,,0,5,3,,,,,,,,,,7,1.6,10,,200,95,100,200,95,100,,500,15,1,0,255,,,,,,1,,,,,,,,,,,,,,,,,,,,,,,,,,,,,,,,,,,,,,,,,,1,,,,,,,,备用的ID,,,,,,,,,,,,
3806,龙舟,,Dragonboat,Dragonboat,,,,,,,,,120008,,3806,,,,4,,,5,5,,,50,,,,,,,,,,,,,,,0,1,0,,,,,,,,,,7,1.6,3,,40,300,300,40,300,300,,1000,15,0,0,255,,,,,,0,,,,,,,,,,,,,,,,,,,,,,,,,,,,,,,,,,,,,,,mob_3806,,,1,,,,,,,,,0.6,,,,,,,,,,,
3807,皮筏,,Woodboat,Woodboat,,,,,,,,,120004,,3807,,,,4,,,5,5,,,100,,,,,,,,,,,,,,,0,1,0,,,,,,,,,,7,1.6,3,,120,90,100,120,100,100,,1000,15,0,0,255,,,,,,0,,,,,,,,,,,,,,,,,,,,,,,,,,,,,,,,,,,,,,,,,,1,,,,,,,,,,,,,,,,,,,,
3808,河灯,,Riverlantern,Riverlantern,,,,,,,,,13808,,3808,,,,4,,,,5,,,30,,,,,,,,,,,,,,,0,1,0,,,,,,,,,,7,1.6,3,50,120,90,100,120,100,100,,1000,15,0,0,255,,,,,,0,,,,,,,,,,,,,,,,,,,,,,,,,,,,,,,,,,,,,,,,,,1,,,,,,,,,,,,,,,,,,,,
3809,小狐狸,,Wolfcub,Wolfcub,,,迷你世界中常见的生物。,,,,,,110009,,3809,,,,1,1,1,1,,,,40,,,,,,,,,,,,,,,0,10,10,,,,,,,,,,7,1.6,16,200,40,30,30,70,60,80,,200,15,0,0,255,,,,,,1,,,,,,,,,,,,,,,,,,,,,,,1,,,,,,,,ent.3407.hit,ent.3407.die,ent.3407.growl,ent.3407.foot,,,,,,,,1,,,,,,,,,,,"2,2",,,,,,,,,official_CreatureAbility.DietType.Carnivore
3810,小灵狐,,Puppy,Puppy,,,迷你世界中常见的生物。,,,,,,110009,1,3810,,,,1,1,1,1,,,,100,,,,,,,,,,,,,,,0,20,15,,,,,,,,,,7,1.6,16,200,40,30,30,70,60,80,,200,15,0,0,255,,,,,,1,,,,,,,,,,,,,,,,,,,,,,,,,,,,,,,ent.3408.hit,ent.3408.die,ent.3408.bark,ent.3408.foot,,,,,,,,1,,,,,,,,,,,"2,2",,,,,,,,,
3811,小墩墩,,Piggy,Piggy,,,迷你世界中常见的生物。,,,,,,110001,,3811,,,,1,1,1,1,,,,50,,,,,,,,,,,,,,,0,1,0,,,,,,,,,,7,1.6,16,200,45,45,45,70,50,50,,200,15,0,0,255,,,,,,1,,,,,,,,,,,,,,,,,,,,,,,1,,,,,,,,ent.3402.idle,ent.3402.die,ent.3402.idle,ent.3402.foot,,,,,,,,0.7,,,,,,,,,0.7,,"3,2",,,,,,,,,official_CreatureAbility.DietType.Herbivore|official_CreatureAbility.DietType.Carnivore
3812,小沃沃兽,,SmallWowo,SmallWowo,,,迷你世界中常见的生物。,,,,,,110032,,3812,,,,1,1,1,1,,,,50,,,,,,,,,,,,,,,0,1,0,,,,,,,,,,7,1.6,10,200,90,80,30,60,50,80,,200,15,0,0,255,,,,,,1,,,,,,,,,,,,,,,,,,,,,,,1,,,,,,,,ent.3401.hit,ent.3401.hit,ent.3401.idle,ent.3401.foot,,,,,,,,1,,,,,,,,,,,"1,2",,,,,,,,,official_CreatureAbility.DietType.Herbivore
3813,小嘟嘟鸟,,Chick,Chick,,,迷你世界中常见的生物。,,,,,,110004,,3813,,,,1,1,1,1,,,,20,,,,,,,,,,,,,,,0,1,0,,,,,,,,,,7,1.6,16,200,35,15,15,40,30,30,,200,15,0,0,255,,,,,,1,,,,,,,,,,,,,,,,,,,,,,,1,,,,,,,,ent.3400.hit,ent.3400.hit,ent.3400.idle,ent.3400.foot,,,,,,,,1,,,,,,,,,,,"1,2",,,,,,,,,official_CreatureAbility.DietType.Herbivore
3814,小角鹿,,SmallElk,SmallElk,,,,,,,,,110030,,3814,,,,1,1,1,1,,,,50,,,,,,,,,,,,,,,0,1,0,,,,,,,,,,7,1.6,16,200,45,80,45,70,50,60,,200,15,0,0,255,,,,,,1,,,,,,,,,,,,,,,,,,,,,,,1,,,,,,,,ent.3403.idle,ent.3403.idle,ent.3403.idle,ent.3403.foot,,,,,,,,1,,,,,,,,,,,"1,2",,,,,,,,,official_CreatureAbility.DietType.Herbivore
3815,小马,,Pony,Pony,,,,,,,,,110014,,3815,,,,1,,,,,,,50,,,,,,,,,,,,,,,0,1,0,,,,,,,,,,7,1.6,10,,90,30,30,90,30,30,,200,15,0,0,255,,,,,,1,,,,,,,,,,,,,,,,,,,,,,,1,,,,,,,,,,,,,,,,,,,1,,,,,,,,,,,,,,,,,,,,
3816,小猫,,Kitten,Kitten,,,,,,,,,110011,,3816,,,,1,,,,,,,40,,,,,,,,,,,,,,,0,10,10,,,,,,,,,,7,1.6,16,,35,30,30,35,30,30,,200,15,0,62,255,,,,,,1,,,,,,,,,,,,,,,,,,,,,,,1,,,,,,,,,,,,,,,,,,,1,,,,,,,,,,,,,,,,,,,,
3817,小鸵鸟,,Ostrichchicks,Ostrichchicks,,,,,,,,,110038,,3817,,,,1,1,1,1,,,,40,,,,,,,,,,,,,,,0,5,3,,,,,,,,,,7,1.6,16,200,40,35,35,90,50,70,,200,15,0,0,255,,,,,,1,,,,,,,,,,,,,,,,,,,,,,,1,,,,,,,,ent.3410.hit,ent.3410.die,ent.3410.idle,,,,,,,,,1,,,,,,,,,,,"3,2",,,,,,,,,official_CreatureAbility.DietType.Herbivore|official_CreatureAbility.DietType.Carnivore
3818,小迅猛龙,,Littleraptor,Littleraptor,,,,,,,,,110037,,3818,,,,1,1,1,1,,,,50,,,,,,,,,,,,,,,0,10,10,,,,,,,,,,7,1.6,16,200,60,35,35,120,80,120,,200,15,0,0,255,,,,,,1,,,,,,,,,,,,,,,,,,,,,,,1,,,,,,,,ent.3406.hit,ent.3406.die,ent.3406.idle,,,,,,,,,1,,,,,,,,,,,"2,2",,,,,,,,,official_CreatureAbility.DietType.Carnivore
3819,小企鹅,,Littlepenguin,Littlepenguin,,,,,,,,,110022,,3819,,,,1,1,1,1,,,,20,,,,,,,,,,,,,,,0,1,0,,,,,,,,,,7,1.6,16,200,40,35,35,90,70,70,,200,15,0,0,255,,,,,,1,,,,,,,,,,,,,,,,,,,,,,,1,,,,,,,,ent.3409.hit,ent.3409.die,ent.3409.idle,ent.3409.foot,,,,,,,,0.5,,,,,,,,,0.5,,"2,2",,10,,,,,,,official_CreatureAbility.DietType.Herbivore
3820,小冰熊,,Littleicebear,Littleicebear,,,,,,,,,110039,,3820,,,,1,1,1,1,,,,50,,,,,,,,,,,,,,,0,10,10,,,,,,,,,,7,1.6,16,200,60,35,35,100,80,110,,200,15,0,0,255,,,,,,1,,,,,,,,,,,,,,,,,,,,,,,1,,,,,,,,ent.3405.hit,ent.3405.die,ent.3405.idle,,,,,,,,,1,,,,,,,,,,,"2,2",,10,,,,,,,official_CreatureAbility.DietType.Carnivore
3821,虚空使徒,,Fantom,Fantom,虚空boss召唤出来的地心人,,,,,5,100,0,110035,,3501,,,,8,,,,4,,,200,,,5000,,,,,,,,,,,,0,40,30,,,,,,,,,0.75,7,3.5,20,6000,270,90,90,300,100,100,,300,5,0,0,255,,,,,,1,,,,,,,,,,,,,,,,,,,,,,,,,,,,,,,ent.3501.hit,ent.3501.die,ent.3501.idle,,,,,,item_110035_nl,,,1,,20,,,,@10836,,虚空boss召唤出来的,,,,,,,,,,,"0,0,1,0",
3822,骆驼,,,,,,,,,60,,,100077,,3822,,,,2,1,,1,1,,,350,,,10000,0.8,,,,,,,,,,,0,25,20,,,,,,,,,,7,2.5,20,6000,270,200,160,270,145,250,,300,15,1,0,255,,,,,,1,,,,,,,,11307,10000,,11307,5000,,11307,1000,,,,10,10000,"1,3",100,,,,1,,,,,ent.3822.hit,ent.3822.die,,ent.3822.foot,ent.3822.atk,,ent.3822.spit,,,,,1,,,,,,,,备用的ID,0.6,,,,,,,,,,,official_CreatureAbility.InteractionAbility.Huntable
3823,骆驼（驯服）,,,,,,,,,60,,,100077,,3823,,,,2,1,,1,1,,,350,,,,,,,,,,,,,,,0,25,20,,,,,,,,,,7,2.5,20,6000,300,300,200,270,145,250,,300,15,1,0,255,,,,,,1,,,,,,,,11307,10000,,11307,5000,,,,,,,,,,,,,,,,,,,ent.3822.hit,ent.3822.die,,ent.3822.foot,ent.3822.atk,,ent.3822.spit,,,,,1,,,,,,,,备用的ID,0.6,,,,,,,,,,,
3824,毒尾蝎,,,,,,,,,,,,100076,,3824,,,,1,2,,2,1,,,200,,,1500,,,,,,,,,,,,0,35,30,1018001,,,,,,,1018001,0.75,7,2.5,16,500,200,95,100,90,110,120,,220,15,0,0,255,,,,,,1,,,,,,,,11634,10000,,,,,,,,,,15,10000,"1,3",100,,,,,,,,,ent.3824.hit,ent.3824.die,ent.3824.idle,,ent.3824.atk_pincers,,,,,,,1,,,,,,,,备用的ID,,,,,,,,,,,,
3825,沙原领主,,,,,,,,,,,,100075,,3825,,,,6,2,,2,3,,,2500,,,10000,,10,5,10,,5,,,,,,0,150,60,,,,,,,,,,7,6,30,100000,600,95,100,600,95,100,,250,15,1,0,255,,,,,,1,,,,,,,,12311,10000,,,,,,,,,,4444,10000,"40,60",4444,,,,,,,,,ent.3825.hit,ent.3825.die,ent.3825.idle,,,,,,,,,1,,,,,,,,备用的ID,0.3,,,,,1061001,2218001|1061001|2209001|1078001|2269001,,,,,
3826,沙灵守卫,,,,,,,,,,,,100078,,3826,,,,0,2,,2,2,,,350,,,3500,0.8,,5,,,,,,,,,0,45,35,,,,,,,,,0.6,7,3,16,5000,280,100,100,230,190,100,,220,15,1,0,255,,,,,,1,,,,,,,,11635,10000,,,,,,,,,,25,10000,"2,4",330,,,,,,,,,ent.3826.hit,ent.3826.die,ent.3826.idle,,ent.3826.atk,,ent.3826.atk_range,,,,,1,0.6,,,,,,,备用的ID,,,,,,,,,,,,official_CreatureType.Monster
3827,沙灵守卫（友好）,,,,,,,,,,,,100078,,3826,,,,0,2,,2,2,,,350,,,3500,0.8,,5,,,5,,,,,,0,50,35,,,,,,,,,0.8,7,3,16,5000,280,100,100,230,190,100,,220,15,1,0,255,,,,,,1,,,,,,,,,,,,,,,,,,,,,,10,,,,,,,,,ent.3826.hit,ent.3826.die,ent.3826.idle,,ent.3826.atk,,ent.3826.atk_range,,,,,1,,,,,,,,备用的ID,,,,,,,,,,,,
3828,沙漠狼,,,,,,,,,,,,100079,,3828,,,,1,1,,1,1,,,150,,,2000,,,10,,,,,,,,,0,45,30,,,,,,,,,0.6,7,2.5,16,4000,90,70,90,100,90,90,,250,15,1,0,255,,,,,6,3,,,,,,,,11307,10000,,11307,3000,,11307,1000,,,,13,10000,"1,3",130,,,,,,,,,ent.3407.hit,ent.3407.die,ent.3407.idle,ent.3407.foot,,,,,,,,1,,,,,,,,备用的ID,,,,,,,,,,,,official_CreatureAbility.InteractionAbility.Huntable
3829,巨型毒尾蝎,,,,,,,,,,,,100076,,3824,,,,2,2,,2,1,,,650,,,2500,,,10,10,,10,,,,,,0,35,30,1016001,,,,,,,1018001,,7,2,16,6000,130,180,180,80,160,170,,220,15,0,0,255,,,,,,1,,,,,,,,11634,10000,2,11634,10000,,,,,,,30,10000,"1,3",1000,,,,,,,,,ent.3824.hit,ent.3824.die,ent.3824.idle,,ent.3824.atk_pincers,,ent.3824.atk_tail,,,,,2,,,,,,,,备用的ID,,,,,,,,,,,,
3830,备用ID,,,,,,,,,,,,130002,,3830,,,,5,,,,,,,100,,,,,,,,,,,,,,,0,5,3,,,,,,,,,,7,1.6,10,,200,95,100,200,95,100,,500,15,1,0,255,,,,,,1,,,,,,,,,,,,,,,,,,,,,,,,,,,,,,,,,,,,,,,,,,1,,,,,,,,备用的ID,,,,,,,,,,,,
3831,备用ID,,,,,,,,,,,,130002,,3831,,,,5,,,,,,,100,,,,,,,,,,,,,,,0,5,3,,,,,,,,,,7,1.6,10,,200,95,100,200,95,100,,500,15,1,0,255,,,,,,1,,,,,,,,,,,,,,,,,,,,,,,,,,,,,,,,,,,,,,,,,,1,,,,,,,,备用的ID,,,,,,,,,,,,
3832,备用ID,,,,,,,,,,,,130002,,3832,,,,5,,,,,,,100,,,,,,,,,,,,,,,0,5,3,,,,,,,,,,7,1.6,10,,200,95,100,200,95,100,,500,15,1,0,255,,,,,,1,,,,,,,,,,,,,,,,,,,,,,,,,,,,,,,,,,,,,,,,,,1,,,,,,,,备用的ID,,,,,,,,,,,,
3833,备用ID,,,,,,,,,,,,130002,,3833,,,,5,,,,,,,100,,,,,,,,,,,,,,,0,5,3,,,,,,,,,,7,1.6,10,,200,95,100,200,95,100,,500,15,1,0,255,,,,,,1,,,,,,,,,,,,,,,,,,,,,,,,,,,,,,,,,,,,,,,,,,1,,,,,,,,备用的ID,,,,,,,,,,,,
3834,备用ID,,,,,,,,,,,,130002,,3834,,,,5,,,,,,,100,,,,,,,,,,,,,,,0,5,3,,,,,,,,,,7,1.6,10,,200,95,100,200,95,100,,500,15,1,0,255,,,,,,1,,,,,,,,,,,,,,,,,,,,,,,,,,,,,,,,,,,,,,,,,,1,,,,,,,,备用的ID,,,,,,,,,,,,
3835,备用ID,,,,,,,,,,,,130002,,3835,,,,5,,,,,,,100,,,,,,,,,,,,,,,0,5,3,,,,,,,,,,7,1.6,10,,200,95,100,200,95,100,,500,15,1,0,255,,,,,,1,,,,,,,,,,,,,,,,,,,,,,,,,,,,,,,,,,,,,,,,,,1,,,,,,,,备用的ID,,,,,,,,,,,,
3836,备用ID,,,,,,,,,,,,130002,,3836,,,,5,,,,,,,100,,,,,,,,,,,,,,,0,5,3,,,,,,,,,,7,1.6,10,,200,95,100,200,95,100,,500,15,1,0,255,,,,,,1,,,,,,,,,,,,,,,,,,,,,,,,,,,,,,,,,,,,,,,,,,1,,,,,,,,备用的ID,,,,,,,,,,,,
3837,卡卡,,Kaka,Kaka,,,,,,,,,2,,3837,,,,7,,,,,,,100,,,,,,,,,,,,,,,0,5,3,,,,,,,,,,7,1.6,10,,200,95,100,200,95,100,,500,15,1,0,255,,,,,,1,,,,,,,,,,,,,,,,,,,,,,,,,,,,,,,,,,,,,,,,,,1,,,,,,,,备用的ID,,,,,,,,,,,,
3838,妮妮,,Nini,Nini,,,,,,,,,8,,3838,,,,7,,,,,,,100,,,,,,,,,,,,,,,0,5,3,,,,,,,,,,7,1.6,10,,200,95,100,200,95,100,,500,15,1,0,255,,,,,,1,,,,,,,,,,,,,,,,,,,,,,,,,,,,,,,,,,,,,,,,,,1,,,,,,,,备用的ID,,,,,,,,,,,,
3839,卡卡,,Kaka,Kaka,,,,,,,,,2,,3839,,,,7,,,,,,,100,,,,,,,,,,,,,,,0,5,3,,,,,,,,,,7,1.6,10,,200,95,100,200,95,100,,500,15,1,0,255,,,,,,1,,,,,,,,,,,,,,,,,,,,,,,,,,,,,,,,,,,,,,,,,,1,,,,,,,,备用的ID,,,,,,,,,,,,
3840,妮妮,,Nini,Nini,,,,,,,,,8,,3840,,,,7,,,,,,,100,,,,,,,,,,,,,,,0,5,3,,,,,,,,,,7,1.6,10,,200,95,100,200,95,100,,500,15,1,0,255,,,,,,1,,,,,,,,,,,,,,,,,,,,,,,,,,,,,,,,,,,,,,,,,,1,,,,,,,,备用的ID,,,,,,,,,,,,
3850,小灯笼鱼,,Lanternfishfry,Lanternfishfry,水生生物,,,,,,,,100100,,3850,,,,3,1,,1,7,,,50,,,,,,,,,,,,,,,0,1,0,,,,,,,,,,7,1.6,6,1000,70,70,70,80,80,80,,300,15,1,0,255,,,,,,3,,,,,,,,,,,,,,,,,,,,,,,1,,,,,,,,,,,,,,,,mob_100029_1,,,0.3,,,,,,,,,0.3,,"4,2",,,,,,,,"0,1,0,0",
3851,小乌贼,,Littlesquid,Littlesquid,水生生物,,,,,,,,100009,,3851,,,,3,,,,7,,,25,,,,,,,,,,,,,,,0,1,0,,,,,,,,,,7,1.6,16,,160,80,160,180,180,180,,280,15,1,0,255,,,,,,3,,,,,,,,,,,,,,,,,,,,,,,1,,,,,,,,,,,,,,,,,,,0.3,,,,,,,,,0.3,,,,,,,,,,"0,1,0,0",
3852,深海鱼苗,,Deepseafishfry,Deepseafishfry,水生生物,,,,,,,,100010,,3852,,,,3,,,,7,,,50,,,,,,,,,,,,,,,0,1,0,,,,,,,,,,7,1.6,12,1000,70,70,100,80,80,80,,250,15,1,0,255,,,,,,5,,,,,,,,,,,,,,,,,,,,,,,1,,,,,,,,,,,,,,,,,,,0.3,,,,,,,,,0.3,,,,,,,,,,"0,1,0,0",
3853,巨型咕噜水母幼崽,,Giantgruntjellyfishcub,Giantgruntjellyfishcub,水生生物,,,,,,,,100007,,3853,,,,3,,,,7,,,50,,,,,,,,,,,,,,,0,1,0,,,,,,,,,,7,1.6,16,,160,80,160,180,180,180,,280,15,1,0,255,,,,,,3,,,,,,,,,,,,,,,,,,,,,,,1,,,,,,,,,,,,,,,,,,,0.3,,,,,,,,,0.3,,,,,,,,,,"0,1,0,0",
3854,淡蓝呆呆鱼苗,,,Whitegugufishfry,水生生物,,,,,,,,110129,1,3854,,,,3,,,,7,,,10,,,,,,,,,,,,,,,0,1,0,,,,,,,,,,7,1.6,16,100,40,40,40,60,60,60,,320,15,1,0,255,,,,,,5,,,,,,,,,,,,,,,,,,,,,,,1,,,,,,,,,,,,,,,,,,,0.3,,,,,,,,,0.3,,,,,,,,,,"0,1,0,0",
3855,深蓝呆呆鱼苗,,,Orangegugufishfry,水生生物,,,,,,,,110129,,3855,,,,3,,,,7,,,10,,,,,,,,,,,,,,,0,1,0,,,,,,,,,,7,1.6,16,100,40,40,40,60,60,60,,320,15,1,0,255,,,,,,5,,,,,,,,,,,,,,,,,,,,,,,1,,,,,,,,,,,,,,,,,,,0.3,,,,,,,,,0.3,,,,,,,,,,"0,1,0,0",
3856,黑色呆呆鱼苗,,,Magentagugufishfry,水生生物,,,,,,,,110129,5,3856,,,,3,,,,7,,,10,,,,,,,,,,,,,,,0,1,0,,,,,,,,,,7,1.6,16,100,40,40,40,60,60,60,,320,15,1,0,255,,,,,,5,,,,,,,,,,,,,,,,,,,,,,,1,,,,,,,,,,,,,,,,,,,0.3,,,,,,,,,0.3,,,,,,,,,,"0,1,0,0",
3857,淡蓝奇奇鱼苗,,,Lightbluegugufishfry,水生生物,,,,,,,,110130,,3857,,,,3,,,,7,,,10,,,,,,,,,,,,,,,0,1,0,,,,,,,,,,7,1.6,16,100,40,40,40,60,60,60,,320,15,1,0,255,,,,,,5,,,,,,,,,,,,,,,,,,,,,,,1,,,,,,,,,,,,,,,,,,,0.3,,,,,,,,,0.3,,,,,,,,,,"0,1,0,0",
3858,粉红丑丑鱼苗,,,Yellowgugufishfry,水生生物,,,,,,,,110131,,3858,,,,3,,,,7,,,10,,,,,,,,,,,,,,,0,1,0,,,,,,,,,,7,1.6,16,100,40,40,40,60,60,60,,320,15,1,0,255,,,,,,5,,,,,,,,,,,,,,,,,,,,,,,1,,,,,,,,,,,,,,,,,,,0.3,,,,,,,,,0.3,,,,,,,,,,"0,1,0,0",
3859,金色呆呆鱼苗,,,Yellowgreengugufishfry,水生生物,,,,,,,,110129,3,3859,,,,3,,,,7,,,10,,,,,,,,,,,,,,,0,1,0,,,,,,,,,,7,1.6,16,100,40,40,40,60,60,60,,320,15,1,0,255,,,,,,5,,,,,,,,,,,,,,,,,,,,,,,1,,,,,,,,,,,,,,,,,,,0.3,,,,,,,,,0.3,,,,,,,,,,"0,1,0,0",
3860,金色奇奇鱼苗,,,Pinkgugufishfry,水生生物,,,,,,,,110130,3,3860,,,,3,,,,7,,,10,,,,,,,,,,,,,,,0,1,0,,,,,,,,,,7,1.6,16,100,40,40,40,60,60,60,,320,15,1,0,255,,,,,,5,,,,,,,,,,,,,,,,,,,,,,,1,,,,,,,,,,,,,,,,,,,0.3,,,,,,,,,0.3,,,,,,,,,,"0,1,0,0",
3861,金色丑丑鱼苗,,,Greygugufishfry,水生生物,,,,,,,,110131,4,3861,,,,3,,,,7,,,10,,,,,,,,,,,,,,,0,1,0,,,,,,,,,,7,1.6,16,100,40,40,40,60,60,60,,320,15,1,0,255,,,,,,5,,,,,,,,,,,,,,,,,,,,,,,1,,,,,,,,,,,,,,,,,,,0.3,,,,,,,,,0.3,,,,,,,,,,"0,1,0,0",
3862,粉色呆呆鱼苗,,,Lightgreygugufishfry,水生生物,,,,,,,,110129,2,3862,,,,3,,,,7,,,10,,,,,,,,,,,,,,,0,1,0,,,,,,,,,,7,1.6,16,100,40,40,40,60,60,60,,320,15,1,0,255,,,,,,5,,,,,,,,,,,,,,,,,,,,,,,1,,,,,,,,,,,,,,,,,,,0.3,,,,,,,,,0.3,,,,,,,,,,"0,1,0,0",
3863,黄色奇奇鱼苗,,,Cyangugufishfry,水生生物,,,,,,,,110130,1,3863,,,,3,,,,7,,,10,,,,,,,,,,,,,,,0,1,0,,,,,,,,,,7,1.6,16,100,40,40,40,60,60,60,,320,15,1,0,255,,,,,,5,,,,,,,,,,,,,,,,,,,,,,,1,,,,,,,,,,,,,,,,,,,0.3,,,,,,,,,0.3,,,,,,,,,,"0,1,0,0",
3864,紫色丑丑鱼苗,,,Purplegugufishfry,水生生物,,,,,,,,110131,2,3864,,,,3,,,,7,,,10,,,,,,,,,,,,,,,0,1,0,,,,,,,,,,7,1.6,16,100,40,40,40,60,60,60,,320,15,1,0,255,,,,,,5,,,,,,,,,,,,,,,,,,,,,,,1,,,,,,,,,,,,,,,,,,,0.3,,,,,,,,,0.3,,,,,,,,,,"0,1,0,0",
3865,绿色奇奇鱼苗,,,Bluegugufishfry,水生生物,,,,,,,,110130,4,3865,,,,3,,,,7,,,10,,,,,,,,,,,,,,,0,1,0,,,,,,,,,,7,1.6,16,100,40,40,40,60,60,60,,320,15,1,0,255,,,,,,5,,,,,,,,,,,,,,,,,,,,,,,1,,,,,,,,,,,,,,,,,,,0.3,,,,,,,,,0.3,,,,,,,,,,"0,1,0,0",
3866,条纹丑丑鱼苗,,,Browngugufishfry,水生生物,,,,,,,,110131,1,3866,,,,3,,,,7,,,10,,,,,,,,,,,,,,,0,1,0,,,,,,,,,,7,1.6,16,100,40,40,40,60,60,60,,320,15,1,0,255,,,,,,5,,,,,,,,,,,,,,,,,,,,,,,1,,,,,,,,,,,,,,,,,,,0.3,,,,,,,,,0.3,,,,,,,,,,"0,1,0,0",
3867,红色奇奇鱼苗,,,Greengugufishfry,水生生物,,,,,,,,110130,2,3867,,,,3,,,,7,,,10,,,,,,,,,,,,,,,0,1,0,,,,,,,,,,7,1.6,16,100,40,40,40,60,60,60,,320,15,1,0,255,,,,,,5,,,,,,,,,,,,,,,,,,,,,,,1,,,,,,,,,,,,,,,,,,,0.3,,,,,,,,,0.3,,,,,,,,,,"0,1,0,0",
3868,红色呆呆鱼苗,,,Redgugufishfry,水生生物,,,,,,,,110129,4,3868,,,,3,,,,7,,,10,,,,,,,,,,,,,,,0,1,0,,,,,,,,,,7,1.6,16,100,40,40,40,60,60,60,,320,15,1,0,255,,,,,,5,,,,,,,,,,,,,,,,,,,,,,,1,,,,,,,,,,,,,,,,,,,0.3,,,,,,,,,0.3,,,,,,,,,,"0,1,0,0",
3869,橙色丑丑鱼苗,,,Blackgugufishfry,水生生物,,,,,,,,110131,3,3869,,,,3,,,,7,,,10,,,,,,,,,,,,,,,0,1,0,,,,,,,,,,7,1.6,16,100,40,40,40,60,60,60,,320,15,1,0,255,,,,,,5,,,,,,,,,,,,,,,,,,,,,,,1,,,,,,,,,,,,,,,,,,,0.3,,,,,,,,,0.3,,,,,,,,,,"0,1,0,0",
3870,猴子,,Wildmonkey,Wild Monkey,,,,,,5,100,0,100061,,3871,3895,,,1,1,1,1,1,,,120,,,,,,,,,,,,,,,0,10,10,,,,,,,,,,7,1.6,16,4000,90,70,90,100,90,90,,250,15,9,0,255,,,,,,3,,,,,,,,,,,,,,,,,,,3,10000,"1,1",10,3,,,1,,,,,ent.3870.hit,ent.3870.die,ent.3870.monkeyexcite,ent.3407.foot,,,,,,,,1,0.8,2,0.5,0.5,,,,,,,"3,2",1,,,,,,,,official_CreatureAbility.DietType.Herbivore|official_CreatureAbility.DietType.Carnivore
3871,猴子（驯服）,,Monkey,Monkey,,,,,,6,100,0,100061,,3870,,,,1,1,1,1,1,,,80,,,,,,,,,,,,,,,0,0,0,,,,,,,,,,7,1.6,16,4000,90,70,90,100,90,90,,250,15,9,0,255,,,,,,3,,,,,,,,,,,,,,,,,,,,,,,,,,,,,,,ent.3870.hit,ent.3870.die,ent.3870.monkeycaw,ent.3407.foot,,,,,,,,1,0.8,2,,,,,,,,,,1,,,,,,,,official_CreatureAbility.DietType.Herbivore|official_CreatureAbility.DietType.Carnivore
3872,豹子,,Leopard,Leopard,,,,,,,100,0,100062,,3872,,,,1,1,1,1,1,,,200,,,,0.6,,,,,,,,,,,0,40,25,,,,,,,,,0.6,7,1.6,16,4000,90,90,90,100,90,200,,300,15,9,0,255,,,,,,3,,,,,,,,11602,10000,,,,,,,,,,17,10000,"1,3",10,2,,,,,,,,ent.3872.hit,ent.3872.die,ent.3872.leopardroar,,,,,,,,,1,,,,,,,,,,,,,,,,,,,,
3873,毒素野人祭司,,Poisonbarbarianshaman,Poison Barbarian Shaman,,,,,,,,,100063,1,3873,,,,8,2,1,2,2,,,100,,,,,5,,,,2,,,,,,1,10,10,,,,,,,,,,7,24,24,5000,195,95,100,240,130,130,,200,5,0,64,81,,,,,3,1,,,,,,,,11593,10000,,,,,,,,,,17,10000,"1,3",130,2,,,,,,,0,,ent.3873.die,ent.3873.priestwhisper,ent.3101.foot,,,,,,,,1,0.8,5,,,,,,,0.8,,,,,,,,,,"0,0,1,0",
3874,治疗野人祭司,,Healingbarbarianshaman,Healing Barbarian Shaman,,,,,,,,,100063,2,3874,,,,8,2,1,2,2,,,100,,,,,5,,,,2,,,,,,1,15,10,,,,,,,,,,7,24,24,5000,195,95,100,240,130,130,,200,5,0,64,81,,,,,3,1,,,,,,,,11593,10000,,,,,,,,,,17,10000,"1,3",130,2,,,,,,,0,,ent.3873.die,ent.3873.priestwhisper,ent.3101.foot,,,,,,,,1,0.8,5,,,,,,,0.8,,,,,,,,,,"0,0,1,0",
3875,雷电野人祭司,,Electricbarbarianshaman,Electric Barbarian Shaman,,,,,,,,,100063,3,3875,,,,8,2,1,2,2,,,100,,,,,5,,,,2,,,,,,1,15,10,,,,,,,,,,7,24,24,5000,195,95,100,240,130,130,,200,5,0,64,81,,,,,3,1,,,,,,,,11593,10000,,,,,,,,,,17,10000,"1,3",130,2,,,,,,,0,,ent.3873.die,ent.3873.priestwhisper,ent.3101.foot,,,,,,,,1,0.8,5,,,,,,,0.8,,,,,,,,,,"0,0,1,0",
3876,火焰野人祭司,,Firebarbarianshaman,Fire Barbarian Shaman,,,,,,,,,100063,4,3876,,,,8,2,1,2,2,,,100,,,,,5,,,,2,,,,,,1,10,10,,,,,,,,,,7,24,24,5000,195,95,100,240,130,130,,200,5,0,64,81,,,,,3,1,,,,,,,,11593,10000,,,,,,,,,,17,10000,"1,3",130,2,,,,,,,0,,ent.3873.die,ent.3873.priestwhisper,ent.3101.foot,,,,,,,,1,0.8,5,,,,,,,0.8,,,,,,,,,,"0,0,1,0",
3877,野人祭司,,Barbarianshaman,Barbarian Shaman,,,,,,,,,100063,5,3877,,,,8,2,1,2,2,,,100,,,,,5,,,,2,,,,,,1,15,10,,,,,,,,,,7,36,30,5000,195,95,100,240,130,130,,200,5,0,64,81,,,,,3,1,,,,,,,,11593,10000,,,,,,,,,,17,10000,"1,3",130,2,,,,,,,0,,ent.3873.die,ent.3873.priestwhisper,ent.3101.foot,,,,,,,,1,0.8,5,,,,,,,0.8,,,,,,,,,,"0,0,1,0",
3878,羽蛇神,,Quetzalcoatl,Quetzalcoatl,,,,,,,,,100060,,3878,,,,6,2,,2,3,,,3000,,,10000,,10,,15,,6,,,,,,1,55,35,,,,,,,,,,7,25,25,10000,200,100,100,500,500,500,,300,15,0,0,255,,,,,,1,,,,,,,,11594,10000,12,591,10000,1,11330,10000,3,,,3333,10000,"40,60",3333,2,,,,,,,,ent.3878.attack,ent.3878.die,ent.3878.snake,ent.3878.snake,ent.3878.attack,,,,,,,0.8,,1000,,,,,,攻击类型无效，冲撞和啃咬为近战攻击；火球为爆炸攻击，爆炸威力为火攻击；识别玩家的范围是视野范围。,0.5,,,,,2209001,2218001|1061001|2209001|1078001|2269001,,,7504942561729724151_1,,
3879,祈愿树1,,Wishingtree1,Wishing Tree 1,,,,,,,,,100065,,3121,,,,2,,,,,,,2750,,,,,,8,8,,6,,,,,,0,1,0,,,,,,,,,,7,22,25,999999,300,300,300,500,700,700,,1500,15,0,0,255,,,,,,1,,,,,,,,,,,,,,,,,,,,,,,,,,,,,,,,,,,,,,,,,,1,,,,,,,,,,,,,,,,,,,,
3880,祈愿树2,,Wishingtree2,Wishing Tree 2,,,,,,,,,100064,,,,,,2,,,,,,,2750,,,,,,8,8,,6,,,,,,0,1,0,,,,,,,,,,7,22,25,999999,300,300,300,500,700,700,,1500,15,0,0,255,,,,,,1,,,,,,,,,,,,,,,,,,,,,,,,,,,,,,,,,,,,,,,,,,1,,,,,,,,,,,,,,,,,,,,
3881,焱焱蟹,,,,,,,,,5,100,0,100070,,3881,,,,1,1,,1,1,,,100,,,,,,,,,,,,,,,0,15,15,33001,,,,,,,,,7,1.6,16,4000,90,70,70,100,90,90,,250,15,0,0,255,,,,,,3,,,,,,,,12605,5000,,,,,,,,,,1,10000,"1,1",10,3,,,1,,,,,ent.3881.hit,ent.3881.die,ent.3881.idle,ent.3881.foot,,,,,crab_smoking1,,,1,0.8,5,0.5,0.5,,,,,,,,1,-15,,,,,,,
3882,驯服的焱焱蟹,,,,,,,,,5,100,0,100070,,3881,,,,1,1,,3,1,,,100,,,,,,,,,,,,,,,0,10,10,,,,,,,,,,7,1.6,16,4000,90,70,70,100,90,90,,250,15,0,0,255,,,,,,3,,,,,,,,12605,5000,,,,,,,,,,,,,,,,,,,,,,ent.3881.hit,ent.3881.die,ent.3881.idle,ent.3881.foot,,,,,crab_smoking2,,,1,0.8,5,0.5,0.5,,,,,,,,1,-15,,,,,,,
3883,雀莺,,,,,,,,,5,100,0,110086,,3883,,,,11,1,,1,,,,40,,,,,,,,,,,,,,,0,10,10,,,,,,,,,,7,4,8,1000,30,30,30,50,50,50,,300,15,9,0,255,,,,,6,1,,,,,,,,12278,10000,,,,,,,,,,1,10000,"1,1",10,1,,,1,,,,,ent.3883.hit,ent.3883.die,ent.3883.idle,ent.3883.foot,,,,,,,,1,0.7,2,0.5,0.5,,,,,,,,1,,,,,,,,
3884,驯服的雀莺,,,,,,,,,5,100,0,110086,,3883,,,,8,1,,1,,,,40,,,,,,,,,,,,,,,0,10,10,,,,,,,,,,7,4,8,1000,30,30,30,50,50,50,,300,15,9,0,255,,,,,,3,,,,,,,,12278,10000,,,,,,,,,,1,10000,"1,1",10,,,,,,,,,ent.3883.hit,ent.3883.die,ent.3883.idle,ent.3883.foot,,,,,,,,1,0.7,2,0.5,0.5,,,,,,,,1,,,,,,,"0,0,1,0",
3885,红薇蝶,,,,,,,,,5,100,0,110087,3,3885,,,,8,1,,1,,,,10,,,,,,,,,,,,,,,0,10,10,,,,,,,,,,7,1.6,16,500,20,20,20,50,50,50,,250,15,9,0,255,,,,,5,2,,,,,,,,,,,,,,,,,,,1,10000,"1,1",10,1,,,,,,,,ent.3885.hit,ent.3885.die,ent.3885.idle,ent.3885.foot,,,,,,,,0.8,0.6,2,0.5,0.5,,,,,,,,1,,,,,,,"0,0,1,0",
3886,兰青蝶,,,,,,,,,5,100,0,110087,4,3886,,,,8,1,,1,,,,10,,,,,,,,,,,,,,,0,10,10,,,,,,,,,,7,1.6,16,500,20,20,20,50,50,50,,250,15,9,0,255,,,,,5,2,,,,,,,,,,,,,,,,,,,1,10000,"1,1",10,1,,,,,,,,ent.3885.hit,ent.3885.die,ent.3885.idle,ent.3885.foot,,,,,,,,0.8,0.6,2,0.5,0.5,,,,,,,,1,,,,,,,"0,0,1,0",
3887,香粉蝶,,,,,,,,,5,100,0,110087,5,3887,,,,8,1,,1,,,,10,,,,,,,,,,,,,,,0,10,10,,,,,,,,,,7,1.6,16,500,20,20,20,50,50,50,,250,15,9,0,255,,,,,5,2,,,,,,,,,,,,,,,,,,,1,10000,"1,1",10,1,,,,,,,,ent.3885.hit,ent.3885.die,ent.3885.idle,ent.3885.foot,,,,,,,,0.8,0.6,2,0.5,0.5,,,,,,,,1,,,,,,,"0,0,1,0",
3888,向阳蝶,,,,,,,,,5,100,0,110087,0,3888,,,,8,1,,1,,,,10,,,,,,,,,,,,,,,0,10,10,,,,,,,,,,7,1.6,16,500,20,20,20,50,50,50,,250,15,9,0,255,,,,,5,2,,,,,,,,,,,,,,,,,,,1,10000,"1,1",10,1,,,,,,,,ent.3885.hit,ent.3885.die,ent.3885.idle,ent.3885.foot,,,,,,,,0.8,0.6,2,0.5,0.5,,,,,,,,1,,,,,,,"0,0,1,0",
3889,龙信蝶,,,,,,,,,5,100,0,110087,1,3889,,,,8,1,,1,,,,10,,,,,,,,,,,,,,,0,10,10,,,,,,,,,,7,1.6,16,500,20,20,20,50,50,50,,250,15,9,0,255,,,,,5,2,,,,,,,,,,,,,,,,,,,1,10000,"1,1",10,1,,,,,,,,ent.3885.hit,ent.3885.die,ent.3885.idle,ent.3885.foot,,,,,,,,0.8,0.6,2,0.5,0.5,,,,,,,,1,,,,,,,"0,0,1,0",
3890,舌钟蝶,,,,,,,,,5,100,0,110087,2,3890,,,,8,1,,1,,,,10,,,,,,,,,,,,,,,0,10,10,,,,,,,,,,7,1.6,16,500,20,20,20,50,50,50,,250,15,9,0,255,,,,,5,2,,,,,,,,,,,,,,,,,,,1,10000,"1,1",10,1,,,,,,,,ent.3885.hit,ent.3885.die,ent.3885.idle,ent.3885.foot,,,,,,,,1,0.8,2,0.5,0.5,,,,,,,,1,,,,,,,"0,0,1,0",
3891,驯服的沃沃兽,,Wowo,Wowo,,,,,,5,100,0,110031,,3891,,,,1,1,,1,1,,,60,,,,,,,2,,,,,,,,0,1,0,,,,,,,,,,7,1.6,16,4000,150,90,100,180,140,180,,280,15,9,0,255,,,,,,2,,,,,,,,12516,10000,,11307,5000,,11307,5000,,12517,10000,,,,,,,,,,,,,ent.3401.hit,ent.3401.die,ent.3401.idle,ent.3401.foot,,,,,,,,1.2,0.8,0.25,0.5,0.5,,,,,,,,1,,,,,,,,official_CreatureAbility.DietType.Herbivore
3892,符文怪,,,,,,,,,,,,100066,,3892,,,,0,2,,2,1,,,15,,,,,,,,,,,,,,,0,15,10,,,,,,,,,,7,1.6,20,1000,80,60,60,80,80,80,,350,15,0,0,255,,,,,,4,,,,,,,,11609,5000,1,11611,500,1,11516,50000,,,,1,5000,"1,1",10,1,,,,,,,,ent.3892.hit,ent.3892.die,ent.3892.idle,ent.3892.foot,ent.3892.attack,,,,,,,0.9,0.8,0.25,0.5,,,@10836,,,0.9,,,,,,,,,,,
3893,小飞鸡,,,,,,,,,,,,110011,2,3893,,,,1,1,,1,,,,20,,,,,,,,,,,,,,,0,1,0,,,,,,,,,,7,1.6,16,200,35,15,15,50,40,40,,200,15,0,0,255,,,,,,1,,,,,,,,,,,,,,,,,,,,,,,1,,,,,,,,ent.3421.hit,ent.3421.hit,ent.3421.idle,ent.3421.foot,,,,,,,,1,,,,,,,,,,,"1,2",,,,,,,,,official_CreatureAbility.DietType.Herbivore
3894,小战斗鸡,,,,,,,,,,,,110011,1,3894,,,,1,1,,1,,,,20,,,,,,,,,,,,,,,0,1,0,,,,,,,,,,7,1.6,16,200,35,15,15,50,40,40,,200,15,0,0,255,,,,,,1,,,,,,,,,,,,,,,,,,,,,,,1,,,,,,,,ent.3423.hit,ent.3423.hit,ent.3423.idle,ent.3423.foot,,,,,,,,1,,,,,,,,,,,"1,2",,,,,,,,,official_CreatureAbility.DietType.Herbivore
3895,小猴子,,,,,,,,,,,,110088,,3895,,,,1,1,,1,,,,30,,,,,,,,,,,,,,,0,5,3,,,,,,,,,,7,1.6,16,500,60,50,50,50,50,50,,200,15,0,0,255,,,,,,1,,,,,,,,,,,,,,,,,,,,,,,1,,,,,,,,ent.3870.hit,ent.3870.die,ent.3870.monkeyexcite,ent.3407.foot,,,,,,,,1,,,,,,,,,,,"3,2",1,,,,,,,,official_CreatureAbility.DietType.Herbivore|official_CreatureAbility.DietType.Carnivore
3896,驯服的焱焱蟹（坐骑）,,,,,,,,,5,100,0,100067,,3896,,,,1,1,,3,,,,100,,,,,,,,,,,,,,,0,10,10,,,,,,,,,,7,1.6,16,4000,90,70,90,100,90,90,,250,15,0,0,255,,,,,,3,,,,,,,,12605,10000,,,,,,,,,,1,10000,"1,1",10,,,,,,,,,ent.3881.hit,ent.3881.die,ent.3881.idle,ent.3881.foot,,,,,crab_smoking2,,,1,0.8,2,0.5,0.5,,,,,,,,1,-15,,,,,,,
3897,灯谜鸟,,,,中秋、国庆活动,,,,,,,,110099,,3418,,,,0,,,,,,,60,,,,,,,,,,,,,,,0,10,10,,,,,,,,,,12,2,16,100,150,150,150,130,80,50,,300,5,0,0,255,,,,,,1,,,,,,,,,,,,,,,,,,,,,,,,,,,,,,,ent.3897.hit,ent.3897.die,ent.3897.idle,ent.3897.foot,,,,,110099_2,,,1.5,,,,,,,,,,,,,,,,,,,,
3898,聚宝盆,,,,2022大唐中国年,,,,,,,,3898,,10042,,,,2,,,,,,,999,,,,,,,,,,,,,,,0,1,0,,,,,,,,,,7,1.6,16,10,80,50,50,50,50,50,,350,15,1,0,255,,,,,,1,,,,,,,,,,,,,,,,,,,,,,,,,,,,,,,,,,,,,,,,,,,,,,,,,,,,,,,,,,,,,,
3899,宝箱,,,,2022大唐中国年,,,,,,,,3899,,10042,,,,2,,,,,,,999,,,,,,,,,,,,,,,0,1,0,,,,,,,,,,7,1.6,16,999999,100,100,100,100,100,100,,350,15,1,0,255,,,,,,1,,,,,,,,,,,,,,,,,,,,,,,,,,,,,,,,,,,,,,,,,,2,,,,,,,,,,,,,,,,,,,,
3900,啦啦队长克莱尔,,,,0427为觉醒而战,,,,,,,,130004,,3900,,,,2,,,,,,,999,,,,,,,,,,,,,,,0,1,0,,,,,,,,,,7,1.6,16,999999,100,100,100,100,100,100,,350,15,1,0,255,,,,,,1,,,,,,,,,,,,,,,,,,,,,,,,,,,,,,,,,,,,,,,,,,1,,,,,,,,,,,,,,,,,,,,
3910,雪兔,,Rabbit,Rabbit,,,,,,5,100,0,110146,,3910,3911,,,1,1,1,1,,,,30,,,,,,,,,,,,,,,0,1,0,,,,,,,,,,7,1.6,16,1000,45,60,45,60,60,60,,280,15,9,0,255,,,,,,3,,,,,,,,12532,10000,,12623,5000,,,,,12497,10000,3,5000,"1,1",10,1,,,,,,,,ent.3910.hit,,,,,,,,,,,1,0.8,0.5,,,,,,,,1,"1,1",1,12,,,,,,,official_CreatureAbility.InteractionAbility.Huntable|official_CreatureAbility.DietType.Herbivore
3911,小雪兔,,sRabbit,sRabbit,,,迷你世界中常见的生物。,,,,,,110146,,3911,,,,1,1,1,1,,,,20,,,,,,,,,,,,,,,0,1,0,,,,,,,,,,7,1.6,16,200,35,15,15,80,50,50,,200,15,0,0,255,,,,,,1,,,,,,,,,,,,,,,,,,,,,,,1,,,,,,,,ent.3910.hit,,,,,,,,,,,1,,,,,,,,,,1,"1,2",,10,,,,,,,official_CreatureAbility.DietType.Herbivore
3912,牦牛,,Yak,Yak,,,,,,5,100,0,110148,,3912,3913,,,1,1,1,1,1,,,250,,,1500,0.8,,,2,,,,,,,,0,40,25,,,,,,,,,0.75,7,2.5,16,6000,180,250,300,220,200,300,,280,15,9,0,255,,,,,,2,,,,,,,,12535,10000,,11307,7000,,,,,12497,10000,15,10000,"1,3",150,3,,,,,,,,ent.3912.angry,ent.3912.jet,ent.3912.idle,ent.3912.foot,ent.3912.attack,,,,,,,1,0.8,5,,,,,,,,1,"1,2",1,15,,,,,,,official_CreatureAbility.InteractionAbility.Huntable|official_CreatureAbility.DietType.Herbivore
3913,小牦牛,,SmallYak,SmallYak,,,迷你世界中常见的生物。,,,,,,110149,,3913,,,,1,1,1,1,1,,,50,,,,,,,,,,,,,,,0,1,0,,,,,,,,,,7,1.6,16,200,150,90,100,110,140,180,,200,15,0,0,255,,,,,,1,,,,,,,,,,,,,,,,,,,,,,,1,,,,,,,,ent.3912.angry,ent.3912.jet,ent.3912.idle,ent.3912.foot,,,,,,,,1,,,,,,,,,,1,"1,2",,12,,,,,,,official_CreatureAbility.DietType.Herbivore
3914,藏狐,,TibetanFox,TibetanFox,,,,,,,,,110147,,3914,,,,2,1,,1,1,,,300,,,,,,,,,,,,,,,0,20,15,,,,,,,,,,7,1.6,16,200,150,90,100,100,140,180,,300,15,0,0,255,,,,,5,1,,,,,,,,,,,,,,,,,,,,,,,,,,,,,,,ent.3914.hit,ent.3914.die,ent.3914.idle,ent.3914.foot,,,,,,,,1,0.8,,,,,,,,,,,,12,,,,,,,official_CreatureAbility.InteractionAbility.Huntable
3915,冰灵守卫,,,,,,,,,2,,,100096,,3915,,,,0,2,1,2,2,,,300,,,5000,0.8,10,5,,,10,,,,,,0,55,30,,,,,,,,,0.6,7,2.5,16,5000,220,100,100,200,200,100,,220,15,1,0,180,,,,,10,1,,,,,,,,12710,10000,,,,,,,,,,25,10000,"2,4",250,2,,,,,,,,ent.3915.hit,ent.3915.die,ent.3915.idle,ent.3915.foot,,,,,,,,1,1.2,5,,,,,,,,,,,15,,,,,,,official_CreatureType.Monster
3916,雪人,,Snowman,,,,,,,,,,130050,,3916,,,,2,2,1,2,,,,150,,,,,,1,5,,,,,,,,0,5,3,,,,,,,,,,7,1.6,16,5000,200,95,100,200,120,120,,500,15,1,0,255,,,,,,1,,,,,,,,,,,,,,,,,,,,,,,,,,,,,,,ent.3121.hit,ent.3121.die,ent.3121.idle,ent.3121.foot,,,,,,,,1,,,,,,,,备用的ID,,,,1,,,,,,,,
3917,虚空使教士,,,,,,,,,,,,100101,,3917,,,,0,,,2,4,,,1250,,,10000,,20,,,,30,,,,,,0,30,20,,,,,,,,,,7,3,16,6000,300,100,100,300,100,100,,250,5,0,0,255,,,,,5,1,,,,,,,,200411,10000,4,200411,3000,2,,,,,,21,10000,"2,4",210,,,,,,,,,ent.3501.hit,ent.3501.die,ent.3501.idle,ent.3501.foot,,,,,,,,1,,20,,,,,,,,,,,-15,,,,,,,official_CreatureType.Monster
3918,虚空使祭司,,,,,,,,,,,,100101,,3918,,,,0,,,2,4,,,1800,,,10000,,20,,,,30,,,,,,0,30,20,,,,,,,,,,7,3,16,6000,300,100,100,300,100,100,,250,5,0,0,255,,,,,5,1,,,,,,,,200411,10000,6,200411,3000,2,,,,,,21,10000,"2,4",210,,,,,,,,,ent.3501.hit,ent.3501.die,ent.3501.idle,ent.3501.foot,,,,,,,,1,,20,,,,,,,,,,,-15,,,,,,,official_CreatureType.Monster
3919,虚空使大祭司,,,,,,,,,,,,100101,,3919,,,,0,,,2,4,,,2500,,,10000,,20,,,,30,,,,,,0,30,20,,,,,,,,,,7,3,16,6000,380,100,100,380,100,100,,250,5,0,0,255,,,,,5,1,,,,,,,,200411,10000,8,200411,3000,2,,,,,,21,10000,"2,4",210,,,,,,,,,ent.3501.hit,ent.3501.die,ent.3501.idle,ent.3501.foot,,,,,,,,1,,20,,,,,,,,,,,-15,,,,,,,official_CreatureType.Monster
3920,野人伍长,,,,,,,,,5,100,0,100114,,3920,,,,0,2,1,2,2,,,250,,,3000,,5,,,,,,,,,,0,30,0,,,,,,,,,1,7,2,24,5000,180,80,100,230,170,180,,220,5,0,0,64,,,,,,1,,,,,,,,12526,2000,1,12508,2500,1,11209,250,1,,,15,10000,"2,4",130,2,0,0,0,0,,,0,ent.3101.hit,ent.3101.die,ent.3101.idle,ent.3101.foot,,,,,,,,1,0.8,5,,,201,,,,,,,,,,,,,7304173362844684100_1,,official_CreatureType.Monster
3921,野人伍长,,,,,,,,,5,100,0,100114,,3920,,,,0,2,,2,2,,,250,,,3000,,5,,,,,,,,,,0,30,0,,,,,,,,,1,7,2,24,5000,180,80,100,230,170,180,,220,5,0,65,255,,,,,7,1,,,,,,,,12526,2000,1,12508,2500,1,11209,250,1,,,15,10000,"2,4",130,2,0,0,0,0,,,0,ent.3101.hit,ent.3101.die,ent.3101.idle,ent.3101.foot,,,,,,,,1,0.8,5,,,201,,,,,,,,,,,,,7322456723446389415_2,,official_CreatureType.Monster
3922,野人投矛伍长,,,,,,,,,5,100,0,100118,,3922,,,,0,2,1,2,2,,,200,,,3000,,5,,,,,,,,,,1,25,0,,,,,,,,,1,18,11,16,4000,195,95,100,200,110,110,,200,5,0,0,64,,,,,,1,,,,,,,,710,10000,1,236,1000,1,11209,250,1,,,15,10000,"2,4",130,2,,,,,,,,ent.3105.hit,ent.3105.die,ent.3105.idle,ent.3105.foot,,,,,31051,,,1.2,1,5,,,,,,,,,,,,,,,,7314939174264255974_8,,official_CreatureType.Monster
3923,野人投矛伍长,,,,,,,,,5,100,0,100118,,3922,,,,0,2,,2,2,,,200,,,3000,,5,,,,,,,,,,1,25,0,,,,,,,,,1,18,11,16,4000,195,95,100,220,110,110,,200,5,0,65,255,,,,,7,1,,,,,,,,710,10000,1,236,1000,1,11209,250,1,,,15,10000,"2,4",130,2,,,,,,,,ent.3105.hit,ent.3105.die,ent.3105.idle,ent.3105.foot,,,,,31051,,,1.2,1,5,,,,,,,,,,,,,,,,7322456792165866151_3,,official_CreatureType.Monster
3924,野人百夫长,,,,,,,,,5,100,0,100115,,3924,,,,0,2,1,2,2,,,400,,,5000,0.7,10,,,,,,,,,,0,40,5,,,,,,,,,0.75,7,2.5,24,5000,180,80,100,230,170,180,,220,5,0,0,40,,,,,,1,,,,,,,,12526,2000,1,12508,2500,1,11209,250,1,,,17,10000,"2,4",130,2,0,0,0,0,,,0,ent.3101.hit,ent.3101.die,ent.3101.idle,ent.3101.foot,,,,,,,,1,0.8,5,,,201,,,,,,,,,,,,,7316863044734957030_12,,official_CreatureType.Monster
3925,野人百夫长,,,,,,,,,5,100,0,100115,,3924,,,,0,2,,2,2,,,400,,,5000,0.7,10,,,,,,,,,,0,40,5,,,,,,,,,0.75,7,2.5,24,5000,180,80,100,230,170,180,,220,5,0,65,255,,,,,7,1,,,,,,,,12526,2000,1,12508,2500,1,11209,250,1,,,17,10000,"2,4",130,2,0,0,0,0,,,0,ent.3101.hit,ent.3101.die,ent.3101.idle,ent.3101.foot,,,,,,,,1,0.8,5,,,201,,,,,,,,,,,,,7322457067043773095_4,,official_CreatureType.Monster
3926,野人投矛百夫长,,,,,,,,,5,100,0,100119,,3926,,,,0,2,1,2,2,,,300,,,5000,,10,,,,,,,,,,1,30,5,,,,,,,,,1,18,11,16,4000,195,95,100,200,110,110,,200,5,0,0,40,,,,,,1,,,,,,,,710,10000,1,236,1000,1,11209,250,1,,,17,10000,"2,4",130,2,,,,,,,,ent.3105.hit,ent.3105.die,ent.3105.idle,ent.3105.foot,,,,,31051,,,1.2,1,5,,,,,,,,,,,,,,,,7306026262426564070_2,,official_CreatureType.Monster
3927,野人投矛百夫长,,,,,,,,,5,100,0,100119,,3926,,,,0,2,,2,2,,,300,,,5000,,10,,,,,,,,,,1,30,5,,,,,,,,,1,18,11,16,4000,195,95,100,200,110,110,,200,5,0,65,255,,,,,7,1,,,,,,,,710,10000,1,236,1000,1,11209,250,1,,,17,10000,"2,4",130,2,,,,,,,,ent.3105.hit,ent.3105.die,ent.3105.idle,ent.3105.foot,,,,,31051,,,1.2,1,5,,,,,,,,,,,,,,,,7322456594597370535_1,,official_CreatureType.Monster
3928,虚空蛋,,,,,,,,,5,100,0,100103,,3928,,,,0,2,1,2,4,,,160,,,10000,,10,,,,,,,,,,2,4,45,,,,,,,,,,7,3,16,5000,160,95,120,190,110,110,,220,5,0,0,180,,,,,3,1,,,,,,,,11201,10000,4,11611,2000,1,,,,,,17,10000,"2,4",170,,,,,,,,,ent.3109.hit,ent.3109.die,ent.3109.idle,ent.3109.foot,,,,,,,,1,0.8,10,,,,,,,,,,,,,,,,7310533358157313510_2,,official_CreatureType.Monster
3929,虚空野人伍长,,,,,,,,,5,100,0,100116,,3929,,,,0,2,1,2,4,,,250,,,3500,,10,,,,,,,,,,0,25,5,,,,,,,,,1,7,2.5,24,5000,180,80,100,230,170,180,,220,5,0,0,255,,,,,10,1,,,,,,,,12508,3000,,11611,2000,1,200411,3000,1,,,23,10000,"2,4",130,2,0,0,0,0,,,0,ent.3101.hit,ent.3101.die,ent.3101.idle,ent.3101.foot,,,,,100113_1,,,1,0.8,5,,,201,,,,,,,,,1062001,,,,7304173362844684100_1,,official_CreatureType.Monster
3930,虚空野人百夫长,,,,,,,,,5,100,0,100108,,3930,,,,0,2,1,2,4,,,500,,,6000,0.8,15,,50,,120,,,,,,0,45,15,,,,,,,,,0.5,7,3,24,5000,180,80,100,230,170,180,,220,5,0,0,255,,,,,3,1,,,,,,,,12508,3000,,11611,2000,1,200411,10000,1,,,23,10000,"2,4",130,2,0,0,0,0,,,0,ent.3101.hit,ent.3101.die,ent.3101.idle,ent.3101.foot,,,,,100108_1,,,1,0.8,5,,,201,,,,,,,,,1062001,,,,7316863044734957030_12,,official_CreatureType.Monster
3931,虚空野人投矛伍长,,,,,,,,,5,100,0,100120,,3931,,,,0,2,1,2,4,,,200,,,1500,,,,,,,,,,,,1,15,0,,,,,,,,,1,18,11,16,4000,195,95,100,200,110,110,,200,5,0,0,255,,,,,10,1,,,,,,,,710,5000,,11611,2000,1,200411,3000,1,,,23,10000,"2,4",130,2,,,,,,,,ent.3105.hit,ent.3105.die,ent.3105.idle,ent.3105.foot,,,,,100117_1,,,1.2,1,5,,,,,,,,,,,,1062001,,,,7314939174264255974_8,,official_CreatureType.Monster
3932,虚空野人投矛百夫长,,,,,,,,,5,100,0,100107,,3932,,,,0,2,1,2,4,,,300,,,1500,,20,,,,,,,,,,1,20,5,,,,,,,,,1,18,11,16,4000,195,95,100,220,130,170,,200,5,0,0,255,,,,,3,1,,,,,,,,710,5000,,11611,2000,1,200411,10000,1,,,23,10000,"2,4",130,2,,,,,,,,ent.3105.hit,ent.3105.die,ent.3105.idle,ent.3105.foot,,,,,100107_1,,,1.2,1,5,,,,,,,,,,,,1062001,,,,7306026262426564070_2,,official_CreatureType.Monster
3933,虚空野萌宝,,,,,,,,,5,100,0,100109,,3933,,,,0,2,1,2,4,,,180,,,3500,,10,,,,,,,,,,0,45,30,,,,,,,,,0.6,7,2.5,16,3000,70,70,70,100,100,100,,250,5,0,0,255,,,,,10,1,,,,,,,,241,3000,,11611,2000,1,200411,3000,1,,,27,10000,"2,4",210,2,0,0,0,0,,,0,ent.3102.hit,ent.3102.die,ent.3102.idle,ent.3102.foot,,,,,,,,1.2,1,25,,,201,,,,,,,,,1062001,,,,7304499514071207748_4,,official_CreatureType.Monster
3934,虚空使徒,,Fantom,Fantom,,,,,,5,100,0,110035,,3501,,,,0,,,2,4,,,200,,,5000,,5,,,,,,,,,,0,40,25,,,,,,,,,0.75,7,3.5,16,6000,220,90,90,300,100,100,,250,5,0,0,64,,,,,5,1,,,,,,,,11911,10000,,,,,,,,,,25,10000,"2,4",210,,,,,,,,,ent.3501.hit,ent.3501.die,ent.3501.idle,ent.3501.foot,,,,,,,,1,,20,,,,@10836,,,,,,,-15,,,,,7306407079996831206_11,,official_CreatureType.Monster
3935,野人破坏者,,,,,,,,,5,100,0,100114,,3101,,,,0,,,2,4,,,250,,,3500,,10,,,,,,,,,,0,35,25,,,,,,,,,,7,2.5,24,5000,180,80,100,220,110,110,,200,5,0,0,255,,,,,,1,,,,,,,,12508,2000,,,,,,,,,,20,10000,"2,4",130,2,0,0,0,0,,,0,ent.3101.hit,ent.3101.die,ent.3101.idle,ent.3101.foot,,,,,,,,1.2,1,5,,,201,,,,,,,,,,,,,7306443342405711334_13,,official_CreatureType.Monster
3936,虚空野人破坏者,,,,,,,,,5,100,0,100116,,3929,,,,0,,,2,4,,,500,,,6000,0.8,15,,50,,120,,,,,,0,60,0,,,,,,,,,,7,3,24,5000,180,80,100,220,110,110,,200,5,0,0,255,,,,,,1,,,,,,,,12508,2000,,,,,200411,1500,1,,,20,10000,"2,4",130,2,0,0,0,0,,,0,ent.3101.hit,ent.3101.die,ent.3101.idle,ent.3101.foot,,,,,100113_1,,,1.2,1,5,,,201,,,,,,,,,1062001,,,,7306443342405711334_13,,official_CreatureType.Monster
3937,虚空使徒,,Fantom,Fantom,,,,,,5,100,0,110035,,3501,,,,0,,,2,4,,,200,,,5000,,10,,,,,,,,,,0,40,25,,,,,,,,,0.75,7,3.5,16,6000,220,90,90,300,100,100,,250,5,0,65,255,,,,,5,1,,,,,,,,11911,10000,,,,,,,,,,25,10000,"2,4",210,,,,,,,,,ent.3501.hit,ent.3501.die,ent.3501.idle,ent.3501.foot,,,,,,,,1,,20,,,,@10836,,,,,,,-15,,,,,7306407079996831206_11,,official_CreatureType.Monster
3938,铁穹钳击兵,,,,,,,,,5,100,0,100134,,3938,,,,0,,,2,5,,,350,,,3000,,10,,,,,,,,,,0,45,5,,,,,,,,,,7,3,24,5000,200,100,100,200,100,100,,250,15,0,130,255,,,,,20,2,,,,,,,,11675,10000,1,11209,1000,1,,,,,,23,10000,"2,4",210,2,,,,,,,,ent.3938.MachSmall_Recive,ent.3938.MachSmall_Dead,ent.3938.MachSmall_Idle,,,,,,,6241,6240,1,,,,,5,,,,,,,,15,,,,,7524963422931009091_6,,official_CreatureType.Monster
3939,铁穹炮击兵,,,,,,,,,5,100,0,100135,,3939,,,,0,,,2,5,,,250,,,3000,,10,,,,,,,,,,1,40,5,,,,,,,,,,7,11,16,5000,200,100,100,200,100,100,,250,15,0,130,255,,,,,20,2,,,,,,,,11675,10000,1,11209,1000,1,,,,,,23,10000,"2,4",210,2,,,,,,,,ent.3938.MachSmall_Recive,ent.3938.MachSmall_Dead,ent.3938.MachSmall_Idle,,,,,,,6241,6240,1,,,,,5,,,,,,,,15,,,,,7524963319851793987_5,,official_CreatureType.Monster
3940,铁穹猎杀卫,,,,,,,,,5,100,0,100131,,3940,,,,0,,,2,5,,,900,,,8000,,20,,,,,,,,,,0,60,5,,,,,,,,,,7,3,24,5000,400,180,180,400,180,180,,250,15,0,130,255,,,,,5,1,,,,,,,,11675,10000,2,11675,5000,1,11209,3000,1,,,32,10000,"2,4",210,2,,,,,,,,ent.3938.MachElite_Recive,ent.3938.MachElite_Dead,ent.3938.MachSmall_Idle,,,,,,,6218,6220,1,,,,,5,,,,,,,,15,,,,,7523437116108062275_4,,official_CreatureType.Monster
3941,铁穹焊愈卫,,,,,,,,,5,100,0,100132,,3941,,,,0,,,2,5,,,750,,,8000,,15,,,,,,,,,,1,50,5,,,,,,,,,,7,11,16,5000,400,200,200,400,200,200,,250,15,0,130,255,,,,,5,1,,,,,,,,11675,10000,2,11675,5000,1,11209,3000,1,,,32,10000,"2,4",210,2,,,,,,,,ent.3938.MachElite_Recive,ent.3938.MachElite_Dead,ent.3938.MachSmall_Idle,,,,,,,6219,6221,1,,,,,5,,,,,,,,15,,,,,7522771778429271619_2,,official_CreatureType.Monster
3942,铁穹巨像,,,,,,,,,5,100,0,100133,,3942,,,,6,,,2,3,,,5000,,,10000,,20,,,,25,,,,,,1,50,40,,,,,,,,,,7,3,90,5000,220,90,90,700,720,720,,250,15,0,0,255,,,,,,1,,,,,,,,11677,10000,1,11330,10000,5,11675,10000,5,,,7777,10000,"40,60",3333,2,,,,,,,,ent.3938.MachBoss_Recive,ent.3938.MachBoss_Dead,ent.3938.MachBoss_Idle,,,,,,,6236,6237,1,,,,,5,,,,,,,,15,1061001,2218001|1061001|2209001|1078001,,,7521634118901972547_1,,
3943,极夜 星洛,3943,,,,,,,,5,100,0,100263,,3943,,,,6,,,,3,,,5000,,,10000,,20,,,,25,,,,,,1,50,40,,,,,,,,,,7,3,90,5000,220,90,90,300,100,100,,250,15,0,0,255,,,,,,1,,,,,,,,11677,10000,1,11330,10000,5,11675,10000,5,,,7777,10000,"40,60",3333,2,,,,,,,,,,,,,,,,,,,1,,,,,5,,,,,,,,15,1061001,2218001|1061001|2209001|1078001|2269001,,,,,
3944,虚空魔眼,3944,,,,,,,,5,100,0,100232,,3944,,,,6,,,,3,,,5000,,,10000,,20,,,,25,,,,,,1,50,40,,,,,,,,,,7,3,90,5000,220,90,90,700,720,720,,250,15,0,0,255,,,,,,1,,,,,,,,11677,10000,1,11330,10000,5,11675,10000,5,,,7777,10000,"40,60",3333,2,,,,,,,,ent.3938.MachBoss_Recive,ent.3938.MachBoss_Dead,ent.3938.MachBoss_Idle,,,,,,,6236,6237,1,,,,,5,,,,,,,,15,1061001,2218001|1061001|2209001|1078001|2269001,,,,,
3945,小虚空魔眼,3945,,,,,,,,5,100,0,100244,,3945,,,,6,,,,3,,,5000,,,10000,,20,,,,25,,,,,,1,50,40,,,,,,,,,,7,3,90,5000,220,90,90,700,720,720,,250,15,0,0,255,,,,,,1,,,,,,,,11677,10000,1,11330,10000,5,11675,10000,5,,,7777,10000,"40,60",3333,2,,,,,,,,ent.3938.MachBoss_Recive,ent.3938.MachBoss_Dead,ent.3938.MachBoss_Idle,,,,,,,6236,6237,1,,,,,5,,,,,,,,15,1061001,2218001|1061001|2209001|1078001|2269001,,,,,
3946,极光 星洛,3946,,,,,,,,5,100,0,100266,,3946,,,,5,,,,4,,,200,,,5000,,10,,,,,,,,,,0,40,25,,,,,,,,,0.75,7,3.5,16,6000,220,90,90,300,100,100,,250,5,0,65,255,,,,,5,1,,,,,,,,11911,10000,,,,,,,,,,25,10000,"2,4",210,,,,1,,,,,ent.3501.hit,ent.3501.die,ent.3501.idle,ent.3501.foot,,,,,,,,1,,20,,,,@10836,,,,,,1,-15,1061001,2218001|1061001|2209001|1078001|2269001|2258001,,,,,
3947,虚空分身,3947,,,,,,,,5,100,0,100260,,3920,,,,0,,,,2,,,250,,,3000,,5,,,,,,,,,,0,50,0,,,,,,,,,1,7,2,24,5000,180,80,100,230,170,180,,220,5,0,0,64,,,,,,1,,,,,,,,12526,2000,1,12508,2500,1,11209,250,1,,,15,10000,"2,4",130,2,0,0,0,0,,,0,ent.3101.hit,ent.3101.die,ent.3101.idle,ent.3101.foot,,,,,,,,1,0.8,5,,,201,,,,,,,,,,,,,,,
4000,,,,,怪物编辑用,,,,,5,100,0,,,,,,,0,,,,1,,,150,,,,,,,,,,,,,,,0,30,25,,,,,,,,,,7,1.6,16,1000,195,95,100,220,110,110,,280,15,9,0,255,,,,,,4,,,,,,,,,,,,,,,,,,,,,,,,,,,,,,,,,,,,,,,,,,1,,,,,,,,,,,,,,,,,,,,
4001,塔防模板弓箭手,,Sulfurarcher,Sulfurarcher,,,,,,,,,100003,,4001,,,,0,,,,,,,150,,,,,,2,2,,2,,,,,,1,30,25,,,,,,,,,,18,11,24,999999,180,80,80,220,120,120,,0,15,0,0,255,,,,,,1,,,,,,,,,,,,,,,,,,,,,,,,,,,,,,,ent.3131.hit,ent.3131.die,ent.3131.idle,ent.3131.foot,,,,,31052,,,1,,10,,,1,,,副本用的怪物，攻击会使人着火，BUFFID200,,,,,,,,,,,,
4002,,,,,物理机械用,,,,,,,,,,,,,,4,,,,5,,,150,,,,,,,,,,,,,,,0,30,25,,,,,,,,,,7,1.6,16,1000,195,95,100,220,110,110,,280,15,9,0,255,,,,,,4,,,,,,,,,,,,,,,,,,,,,,,,,,,,,,,,,,,,,,,,,,1,,,,,,,,,,,,,,,,,,,,
4200,哮天犬,,,,,,,,,,,,110054,,,,,,1,,,,0,,,999,,,,,,,,,,,,,,,,,0,,,,,,,,,,,,16,10,50,50,50,50,50,50,,200,,,,,,,,,,,,,,,,,,,,,,,,,,,,,,,,,,,,,,,,,,,,,,,,,,,,1,,,,,,,,,,,,,,,,,,,,
4201,小黄鸡,,,,,,,,,,,,110055,,,,,,1,,,,0,,,999,,,,,,,,,,,,,,,,,0,,,,,,,,,,,,16,10,50,50,50,50,50,50,,200,,,,,,,,,,,,,,,,,,,,,,,,,,,,,,,,,,,,,,,,,,,,,,,,,,,,1,,,,,,,,,,,,,,,,,,,,
4202,备用ID,,,,,,,,,,,,,,,,,,,,,,,,,,,,,,,,,,,,,,,,,,0,,,,,,,,,,,,,,,,,,,,,,,,,,,,,,,,,,,,,,,,,,,,,,,,,,,,,,,,,,,,,,,,,,,,,,,,,,,,,,,,,,,,,,,,,,,,,
4203,备用ID,,,,,,,,,,,,,,,,,,,,,,,,,,,,,,,,,,,,,,,,,,0,,,,,,,,,,,,,,,,,,,,,,,,,,,,,,,,,,,,,,,,,,,,,,,,,,,,,,,,,,,,,,,,,,,,,,,,,,,,,,,,,,,,,,,,,,,,,
4204,备用ID,,,,,,,,,,,,,,,,,,,,,,,,,,,,,,,,,,,,,,,,,,0,,,,,,,,,,,,,,,,,,,,,,,,,,,,,,,,,,,,,,,,,,,,,,,,,,,,,,,,,,,,,,,,,,,,,,,,,,,,,,,,,,,,,,,,,,,,,
4205,备用ID,,,,,,,,,,,,,,,,,,,,,,,,,,,,,,,,,,,,,,,,,,0,,,,,,,,,,,,,,,,,,,,,,,,,,,,,,,,,,,,,,,,,,,,,,,,,,,,,,,,,,,,,,,,,,,,,,,,,,,,,,,,,,,,,,,,,,,,,
4206,备用ID,,,,,,,,,,,,,,,,,,,,,,,,,,,,,,,,,,,,,,,,,,0,,,,,,,,,,,,,,,,,,,,,,,,,,,,,,,,,,,,,,,,,,,,,,,,,,,,,,,,,,,,,,,,,,,,,,,,,,,,,,,,,,,,,,,,,,,,,
4207,备用ID,,,,,,,,,,,,,,,,,,,,,,,,,,,,,,,,,,,,,,,,,,0,,,,,,,,,,,,,,,,,,,,,,,,,,,,,,,,,,,,,,,,,,,,,,,,,,,,,,,,,,,,,,,,,,,,,,,,,,,,,,,,,,,,,,,,,,,,,
4208,备用ID,,,,,,,,,,,,,,,,,,,,,,,,,,,,,,,,,,,,,,,,,,0,,,,,,,,,,,,,,,,,,,,,,,,,,,,,,,,,,,,,,,,,,,,,,,,,,,,,,,,,,,,,,,,,,,,,,,,,,,,,,,,,,,,,,,,,,,,,
4209,备用ID,,,,,,,,,,,,,,,,,,,,,,,,,,,,,,,,,,,,,,,,,,0,,,,,,,,,,,,,,,,,,,,,,,,,,,,,,,,,,,,,,,,,,,,,,,,,,,,,,,,,,,,,,,,,,,,,,,,,,,,,,,,,,,,,,,,,,,,,
4210,备用ID,,,,,,,,,,,,,,,,,,,,,,,,,,,,,,,,,,,,,,,,,,0,,,,,,,,,,,,,,,,,,,,,,,,,,,,,,,,,,,,,,,,,,,,,,,,,,,,,,,,,,,,,,,,,,,,,,,,,,,,,,,,,,,,,,,,,,,,,
4500,九色鹿0,,,,,,,,,,,,110085,,4500,,,,1,,,,,,,200,,,,,,,,,,,,,,,,1,0,,,,,,,,,,7,2.6,16,5000,200,100,160,200,100,180,,400,15,0,0,255,,,,,,1,,,,,,,,,,,,,,,,,,,,,,,,,,,,,,,ent.4503.hit,ent.4503.die,ent.4503.idle,ent.4503.foot,ent.4503.attack1,,,,horse_4500_3,,,1,,,,,,,1,,,,,,,,,,,,,
4501,苍林白鹿,,,Pale White Deer,,,,,,,,,110085,,4501,,,,1,,,,,,,200,,,,,,,,,,,,,,,,1,0,,,,,,,,,,7,2.6,16,5000,200,120,160,200,120,160,,400,15,0,0,255,,,,,,1,,,,,,,,,,,,,,,,,,,,,,,,,,,,,,,ent.4503.hit,ent.4503.die,ent.4503.idle,ent.4503.foot,ent.4501.attack1,,,,horse_4501_3,,,1,,,,,,,1,,0.7,,,,,,,,,,,
4502,苍林白鹿,,,Pale White Deer,,,,,,,,,110085,,4501,,,,1,,,,,,,200,,,,,,,,,,,,,,,,1,0,,,,,,,,,,7,2.6,16,5000,200,120,160,200,120,160,,400,15,0,0,255,,,,,,1,,,,,,,,,,,,,,,,,,,,,,,,,,,,,,,ent.4503.hit,ent.4503.die,ent.4503.idle,ent.4503.foot,ent.4501.attack1,,,,horse_4501_3,,,1,,,,,,,1,,0.7,,,,,,,,,,,
4503,苍林白鹿,,,Pale White Deer,,,,,,,,,110085,,4501,,,,1,,,,,,,200,,,,,,,,,,,,,,,,1,0,,,,,,,,,,7,2.6,16,5000,200,120,160,200,120,160,,400,15,0,0,255,,,,,,1,,,,,,,,,,,,,,,,,,,,,,,,,,,,,,,ent.4503.hit,ent.4503.die,ent.4503.idle,ent.4503.foot,ent.4501.attack1,,,,horse_4501_3,,,1,,,,,,,1,,0.7,,,,,,,,,,,
45004,苍林白鹿,,,Pale White Deer,,,,,,,,,110085,,4501,,,,1,,,,,,,200,,,,,,,,,,,,,,,,1,0,,,,,,,,,,7,2.6,16,5000,200,120,160,200,120,160,,400,15,0,0,255,,,,,,1,,,,,,,,,,,,,,,,,,,,,,,,,,,,,,,ent.4503.hit,ent.4503.die,ent.4503.idle,ent.4503.foot,ent.4501.attack1,,,,horse_4501_3,,,1,,,,,,,1,,0.7,,,,,,,,,,,
45005,涅盘绘色,,,Colors of Nirvana,,,,,,,,,110085,1,4502,,,,1,,,,,,,200,,,,,,,,,,,,,,,,1,0,,,,,,,,,,7,2.6,16,5000,200,120,160,200,120,160,,400,15,0,0,255,,,,,,1,,,,,,,,,,,,,,,,,,,,,,,,,,,,,,,ent.4503.hit,ent.4503.die,ent.4503.idle,ent.4503.foot,ent.4502.attack1,,,,horse_4502_3,,,1,,,,,,,1,,0.7,,,,,,,,,,,
45006,涅盘绘色,,,Colors of Nirvana,,,,,,,,,110085,1,4502,,,,1,,,,,,,200,,,,,,,,,,,,,,,,1,0,,,,,,,,,,7,2.6,16,5000,200,120,160,200,120,160,,400,15,0,0,255,,,,,,1,,,,,,,,,,,,,,,,,,,,,,,,,,,,,,,ent.4503.hit,ent.4503.die,ent.4503.idle,ent.4503.foot,ent.4502.attack1,,,,horse_4502_3,,,1,,,,,,,1,,0.7,,,,,,,,,,,
45007,涅盘绘色,,,Colors of Nirvana,,,,,,,,,110085,1,4502,,,,1,,,,,,,200,,,,,,,,,,,,,,,,1,0,,,,,,,,,,7,2.6,16,5000,200,120,160,200,120,160,,400,15,0,0,255,,,,,,1,,,,,,,,,,,,,,,,,,,,,,,,,,,,,,,ent.4503.hit,ent.4503.die,ent.4503.idle,ent.4503.foot,ent.4502.attack1,,,,horse_4502_3,,,1,,,,,,,1,,0.7,,,,,,,,,,,
45008,涅盘绘色,,,Colors of Nirvana,,,,,,,,,110085,1,4502,,,,1,,,,,,,200,,,,,,,,,,,,,,,,1,0,,,,,,,,,,7,2.6,16,5000,200,120,160,200,120,160,,400,15,0,0,255,,,,,,1,,,,,,,,,,,,,,,,,,,,,,,,,,,,,,,ent.4503.hit,ent.4503.die,ent.4503.idle,ent.4503.foot,ent.4502.attack1,,,,horse_4502_3,,,1,,,,,,,1,,0.7,,,,,,,,,,,
45009,涅盘绘色,,,Colors of Nirvana,,,,,,,,,110085,1,4502,,,,1,,,,,,,200,,,,,,,,,,,,,,,,1,0,,,,,,,,,,7,2.6,16,5000,200,120,160,200,120,160,,400,15,0,0,255,,,,,,1,,,,,,,,,,,,,,,,,,,,,,,,,,,,,,,ent.4503.hit,ent.4503.die,ent.4503.idle,ent.4503.foot,ent.4502.attack1,,,,horse_4502_3,,,1,,,,,,,1,,0.7,,,,,,,,,,,
45010,鹿王本生,,,Deer King,,,,,,,,,110085,2,4503,,,,1,,,,,,,200,,,,,,,,,,,,,,,,1,0,,,,,,,,,,7,2.6,16,5000,200,120,160,200,120,160,,400,15,0,0,255,,,,,,1,,,,,,,,,,,,,,,,,,,,,,,,,,,,,,,ent.4503.hit,ent.4503.die,ent.4503.idle,ent.4503.foot,ent.4502.attack1,,ent.4503.attack2,,horse_4503_3,,,1,,,,,,,1,,0.7,,,,,,,,,,,
4504,南瓜车0,,,,,,,,,,,,110089,,4504,,,,1,,,,,,,200,,,,,,,,,,,,,,,,1,0,,,,,,,,,,7,2.6,16,5000,200,120,160,200,120,160,,400,15,0,0,255,,,,,,1,,,,,,,,,,,,,,,,,,,,,,,,,,,,,,,ent.4507.hit,ent.4507.die,ent.4507.idle,ent.4507.foot,,,,,,,,1,,,,,,,1,,,,,,,,,,,,,
4505,魔法南瓜车,,,,,,,,,,,,110089,1,4505,,,,1,,,,,,,200,,,,,,,,,,,,,,,,1,0,,,,,,,,,,7,2.6,16,5000,200,120,160,200,120,160,,400,15,0,0,255,,,,,,1,,,,,,,,,,,,,,,,,,,,,,,,,,,,,,,ent.4507.hit,ent.4507.die,ent.4507.idle,ent.4507.foot,,,ent.4507.attack2,,horse_4505_3,,,1,,,,,,,1,,0.5,,,,,,,,,,,
4506,魔法南瓜车,,,,,,,,,,,,110089,1,4505,,,,1,,,,,,,200,,,,,,,,,,,,,,,,1,0,,,,,,,,,,7,2.6,16,5000,200,120,160,200,120,160,,400,15,0,0,255,,,,,,1,,,,,,,,,,,,,,,,,,,,,,,,,,,,,,,ent.4507.hit,ent.4507.die,ent.4507.idle,ent.4507.foot,,,ent.4507.attack2,,horse_4505_3,,,1,,,,,,,1,,0.5,,,,,,,,,,,
4507,魔法南瓜车,,,,,,,,,,,,110089,1,4505,,,,1,,,,,,,200,,,,,,,,,,,,,,,,1,0,,,,,,,,,,7,2.6,16,5000,200,120,160,200,120,160,,400,15,0,0,255,,,,,,1,,,,,,,,,,,,,,,,,,,,,,,,,,,,,,,ent.4507.hit,ent.4507.die,ent.4507.idle,ent.4507.foot,,,ent.4507.attack2,,horse_4505_3,,,1,,,,,,,1,,0.5,,,,,,,,,,,
45044,魔法南瓜车,,,,,,,,,,,,110089,1,4505,,,,1,,,,,,,200,,,,,,,,,,,,,,,,1,0,,,,,,,,,,7,2.6,16,5000,200,120,160,200,120,160,,400,15,0,0,255,,,,,,1,,,,,,,,,,,,,,,,,,,,,,,,,,,,,,,ent.4507.hit,ent.4507.die,ent.4507.idle,ent.4507.foot,,,ent.4507.attack2,,horse_4505_3,,,1,,,,,,,1,,0.5,,,,,,,,,,,
45045,皇家南瓜车,,,,,,,,,,,,110089,2,4506,,,,1,,,,,,,200,,,,,,,,,,,,,,,,1,0,,,,,,,,,,7,2.6,16,5000,200,120,160,200,120,160,,400,15,0,0,255,,,,,,1,,,,,,,,,,,,,,,,,,,,,,,,,,,,,,,ent.4507.hit,ent.4507.die,ent.4507.idle,ent.4507.foot,ent.4507.attack1,ent.4507.attackstop1,ent.4507.attack2,,horse_4506_3,,,1,,,,,,,1,,0.5,,,,,,,,,,,
45046,皇家南瓜车,,,,,,,,,,,,110089,2,4506,,,,1,,,,,,,200,,,,,,,,,,,,,,,,1,0,,,,,,,,,,7,2.6,16,5000,200,120,160,200,120,160,,400,15,0,0,255,,,,,,1,,,,,,,,,,,,,,,,,,,,,,,,,,,,,,,ent.4507.hit,ent.4507.die,ent.4507.idle,ent.4507.foot,ent.4507.attack1,ent.4507.attackstop1,ent.4507.attack2,,horse_4506_3,,,1,,,,,,,1,,0.5,,,,,,,,,,,
45047,皇家南瓜车,,,,,,,,,,,,110089,2,4506,,,,1,,,,,,,200,,,,,,,,,,,,,,,,1,0,,,,,,,,,,7,2.6,16,5000,200,120,160,200,120,160,,400,15,0,0,255,,,,,,1,,,,,,,,,,,,,,,,,,,,,,,,,,,,,,,ent.4507.hit,ent.4507.die,ent.4507.idle,ent.4507.foot,ent.4507.attack1,ent.4507.attackstop1,ent.4507.attack2,,horse_4506_3,,,1,,,,,,,1,,0.5,,,,,,,,,,,
45048,皇家南瓜车,,,,,,,,,,,,110089,2,4506,,,,1,,,,,,,200,,,,,,,,,,,,,,,,1,0,,,,,,,,,,7,2.6,16,5000,200,120,160,200,120,160,,400,15,0,0,255,,,,,,1,,,,,,,,,,,,,,,,,,,,,,,,,,,,,,,ent.4507.hit,ent.4507.die,ent.4507.idle,ent.4507.foot,ent.4507.attack1,ent.4507.attackstop1,ent.4507.attack2,,horse_4506_3,,,1,,,,,,,1,,0.5,,,,,,,,,,,
45049,皇家南瓜车,,,,,,,,,,,,110089,2,4506,,,,1,,,,,,,200,,,,,,,,,,,,,,,,1,0,,,,,,,,,,7,2.6,16,5000,200,120,160,200,120,160,,400,15,0,0,255,,,,,,1,,,,,,,,,,,,,,,,,,,,,,,,,,,,,,,ent.4507.hit,ent.4507.die,ent.4507.idle,ent.4507.foot,ent.4507.attack1,ent.4507.attackstop1,ent.4507.attack2,,horse_4506_3,,,1,,,,,,,1,,0.5,,,,,,,,,,,
45050,精灵南瓜车,,,,,,,,,,,,110089,3,4507,,,,1,,,,,,,200,,,,,,,,,,,,,,,,1,0,,,,,,,,,,7,2.6,16,5000,200,120,160,200,120,160,,400,15,0,0,255,,,,,,1,,,,,,,,,,,,,,,,,,,,,,,,,,,,,,,ent.4507.hit,ent.4507.die,ent.4507.idle,ent.4507.foot,ent.4507.attack1,ent.4507.attackstop1,ent.4507.attack2,,horse_4507_3,,,1,,,,,,,1,,0.5,,,,,,,,,,,
4508,竹蜻蜓0级,,,,,,,,,,,,110090,,4508,,,,1,,,,,,,200,,,,,,,,,,,,,,,,1,0,,,,,,,,,,7,2.6,16,5000,200,120,160,200,120,160,,400,15,0,0,255,,,,,,1,,,,,,,,,,,,,,,,,,,,,,,,,,,,,,,ent.4507.hit,ent.4507.die,,ent.4510.foot,,,,,,,,1,,,,,,,1,,,,,,,,,,,,,
4509,源码螺旋,,,,,,,,,,,,110090,1,4509,,,,1,,,,,,,200,,,,,,,,,,,,,,,,1,0,,,,,,,,,,7,2.6,16,5000,200,130,130,120,120,120,,400,15,0,0,255,,,,,,1,,,,,,,,,,,,,,,,,,,,,,,,,,,,,,,ent.4507.hit,ent.4507.die,,ent.4510.foot,,,,,horse_4509_3,,,1,,,,,,,1,,,,,,,,,,,,,
4510,三叶螺旋,,,,,,,,,,,,110090,2,4510,,,,1,,,,,,,200,,,,,,,,,,,,,,,,1,0,,,,,,,,,,7,2.6,16,5000,200,130,130,120,120,120,,400,15,0,0,255,,,,,,1,,,,,,,,,,,,,,,,,,,,,,,,,,,,,,,ent.4507.hit,ent.4507.die,,ent.4510.foot,,,,,horse_4509_3,,,1,,,,,,,1,,,,,,,,,,,,,
4511,白天鹅0级,,,,,,,,,,,,110091,,4511,,,,1,,,,,,,200,,,,,,,,,,,,,,,,1,0,,,,,,,,,,7,2.6,16,5000,200,130,130,120,120,120,,400,15,0,0,255,,,,,,1,,,,,,,,,,,,,,,,,,,,,,,,,,,,,,,,,,,,,,,,,,1,,,,,,,1,,,,,,,,,,,,,
4512,灰甜绒绒,,,,,,,,,,,,110091,1,4512,,,,1,,,,,,,200,,,,,,,,,,,,,,,,1,0,,,,,,,,,,7,2.6,16,5000,200,130,130,120,120,120,,400,15,0,0,255,,,,,,1,,,,,,,,,,,,,,,,,,,,,,,,,,,,,,,ent.4515.hit,ent.4515.die,ent.4515.idle,ent.4515.foot,,,,,,,,1,,,,,,,1,,0.7,,,,,,,,,,,
4513,灰甜绒绒,,,,,,,,,,,,110091,1,4512,,,,1,,,,,,,200,,,,,,,,,,,,,,,,1,0,,,,,,,,,,7,2.6,16,5000,200,130,130,120,120,120,,400,15,0,0,255,,,,,,1,,,,,,,,,,,,,,,,,,,,,,,,,,,,,,,ent.4515.hit,ent.4515.die,ent.4515.idle,ent.4515.foot,,,,,,,,1,,,,,,,1,,0.7,,,,,,,,,,,
4514,灰甜绒绒,,,,,,,,,,,,110091,1,4512,,,,1,,,,,,,200,,,,,,,,,,,,,,,,1,0,,,,,,,,,,7,2.6,16,5000,200,130,130,120,120,120,,400,15,0,0,255,,,,,,1,,,,,,,,,,,,,,,,,,,,,,,,,,,,,,,ent.4515.hit,ent.4515.die,ent.4515.idle,ent.4515.foot,,,,,,,,1,,,,,,,1,,0.7,,,,,,,,,,,
4515,星愿雪霜,,,,,,,,,,,,110091,2,4513,,,,1,,,,,,,200,,,,,,,,,,,,,,,,1,0,,,,,,,,,,7,2.6,16,5000,200,130,130,120,120,120,,400,15,0,0,255,,,,,,1,,,,,,,,,,,,,,,,,,,,,,,,,,,,,,,ent.4515.hit,ent.4515.die,ent.4515.idle,ent.4515.foot,ent.4515.attack1,,,,horse_4513_3,,,1,,,,,,,1,,0.7,,,,,,,,,,,
45115,星愿雪霜,,,,,,,,,,,,110091,2,4513,,,,1,,,,,,,200,,,,,,,,,,,,,,,,1,0,,,,,,,,,,7,2.6,16,5000,200,130,130,120,120,120,,400,15,0,0,255,,,,,,1,,,,,,,,,,,,,,,,,,,,,,,,,,,,,,,ent.4515.hit,ent.4515.die,ent.4515.idle,ent.4515.foot,ent.4515.attack1,,,,horse_4513_3,,,1,,,,,,,1,,0.7,,,,,,,,,,,
45116,星愿雪霜,,,,,,,,,,,,110091,2,4513,,,,1,,,,,,,200,,,,,,,,,,,,,,,,1,0,,,,,,,,,,7,2.6,16,5000,200,130,130,120,120,120,,400,15,0,0,255,,,,,,1,,,,,,,,,,,,,,,,,,,,,,,,,,,,,,,ent.4515.hit,ent.4515.die,ent.4515.idle,ent.4515.foot,ent.4515.attack1,,,,horse_4513_3,,,1,,,,,,,1,,0.7,,,,,,,,,,,
45117,绮幻奇旅,,,,,,,,,,,,110091,3,4514,,,,1,,,,,,,200,,,,,,,,,,,,,,,,1,0,,,,,,,,,,7,2.6,16,5000,200,130,130,120,120,120,,400,15,0,0,255,,,,,,1,,,,,,,,,,,,,,,,,,,,,,,,,,,,,,,ent.4515.hit,ent.4515.die,ent.4515.idle,ent.4515.foot,ent.4515.attack1,,,,horse_4514_3,,,1,,,,,,,1,,0.7,,,,,,,,,,,
45118,绮幻奇旅,,,,,,,,,,,,110091,3,4514,,,,1,,,,,,,200,,,,,,,,,,,,,,,,1,0,,,,,,,,,,7,2.6,16,5000,200,130,130,120,120,120,,400,15,0,0,255,,,,,,1,,,,,,,,,,,,,,,,,,,,,,,,,,,,,,,ent.4515.hit,ent.4515.die,ent.4515.idle,ent.4515.foot,ent.4515.attack1,,,,horse_4514_3,,,1,,,,,,,1,,0.7,,,,,,,,,,,
45119,绮幻奇旅,,,,,,,,,,,,110091,3,4514,,,,1,,,,,,,200,,,,,,,,,,,,,,,,1,0,,,,,,,,,,7,2.6,16,5000,200,130,130,120,120,120,,400,15,0,0,255,,,,,,1,,,,,,,,,,,,,,,,,,,,,,,,,,,,,,,ent.4515.hit,ent.4515.die,ent.4515.idle,ent.4515.foot,ent.4515.attack1,,,,horse_4514_3,,,1,,,,,,,1,,0.7,,,,,,,,,,,
45120,曦光绘梦,,,,,,,,,,,,110091,4,4515,,,,1,,,,,,,200,,,,,,,,,,,,,,,,1,0,,,,,,,,,,7,2.6,16,5000,200,130,130,120,120,120,,400,15,0,0,255,,,,,,1,,,,,,,,,,,,,,,,,,,,,,,,,,,,,,,ent.4515.hit,ent.4515.die,ent.4515.idle,ent.4515.foot,ent.4515.attack1,,ent.4515.attack2,,horse_4515_3,,,1,,,,,,,1,,0.7,,,,,,,,,,,
4516,黑飞机0级,,,,,,,,,,,,110092,,4516,,,,1,,,,,,,200,,,,,,,,,,,,,,,,1,0,,,,,,,,,,7,2.6,16,5000,450,230,230,300,230,230,,400,15,0,0,255,,,,,,1,,,,,,,,,,,,,,,,,,,,,,,,,,,,,,,ent.3453.hit,,ent.4521.idle,ent.4521.foot,,,,,,,,1,,,,,,,1,,,,,,,,,,,,,
4517,勇士战机,,,,,,,,,,,,110092,,4517,,,,1,,,,,,,200,,,,,,,,,,,,,,,,1,0,,,,,,,,,,7,2.6,16,5000,450,230,230,300,230,230,,400,15,0,0,255,,,,,,1,,,,,,,,,,,,,,,,,,,,,,,,,,,,,,,ent.3453.hit,,ent.4521.idle,ent.4521.foot,ent.4521.attack1,,,,jet_62,,,1,,,,,,,1,,0.5,,,,,,,,,,,
4518,勇士战机,,,,,,,,,,,,110092,,4517,,,,1,,,,,,,200,,,,,,,,,,,,,,,,1,0,,,,,,,,,,7,2.6,16,5000,450,230,230,300,230,230,,400,15,0,0,255,,,,,,1,,,,,,,,,,,,,,,,,,,,,,,,,,,,,,,ent.3453.hit,,ent.4521.idle,ent.4521.foot,ent.4521.attack1,,,,jet_62,,,1,,,,,,,1,,0.5,,,,,,,,,,,
45163,勇士战机,,,,,,,,,,,,110092,,4517,,,,1,,,,,,,200,,,,,,,,,,,,,,,,1,0,,,,,,,,,,7,2.6,16,5000,450,230,230,300,230,230,,400,15,0,0,255,,,,,,1,,,,,,,,,,,,,,,,,,,,,,,,,,,,,,,ent.3453.hit,,ent.4521.idle,ent.4521.foot,ent.4521.attack1,,,,jet_62,,,1,,,,,,,1,,0.5,,,,,,,,,,,
45164,勇士战机,,,,,,,,,,,,110092,,4517,,,,1,,,,,,,200,,,,,,,,,,,,,,,,1,0,,,,,,,,,,7,2.6,16,5000,450,230,230,300,230,230,,400,15,0,0,255,,,,,,1,,,,,,,,,,,,,,,,,,,,,,,,,,,,,,,ent.3453.hit,,ent.4521.idle,ent.4521.foot,ent.4521.attack1,,,,jet_62,,,1,,,,,,,1,,0.5,,,,,,,,,,,
45165,勇士战机,,,,,,,,,,,,110092,,4517,,,,1,,,,,,,200,,,,,,,,,,,,,,,,1,0,,,,,,,,,,7,2.6,16,5000,450,230,230,300,230,230,,400,15,0,0,255,,,,,,1,,,,,,,,,,,,,,,,,,,,,,,,,,,,,,,ent.3453.hit,,ent.4521.idle,ent.4521.foot,ent.4521.attack1,,,,jet_62,,,1,,,,,,,1,,0.5,,,,,,,,,,,
45166,勇士战机,,,,,,,,,,,,110092,,4517,,,,1,,,,,,,200,,,,,,,,,,,,,,,,1,0,,,,,,,,,,7,2.6,16,5000,450,230,230,300,230,230,,400,15,0,0,255,,,,,,1,,,,,,,,,,,,,,,,,,,,,,,,,,,,,,,ent.3453.hit,,ent.4521.idle,ent.4521.foot,ent.4521.attack1,,,,jet_62,,,1,,,,,,,1,,0.5,,,,,,,,,,,
45167,勇士战机,,,,,,,,,,,,110092,,4517,,,,1,,,,,,,200,,,,,,,,,,,,,,,,1,0,,,,,,,,,,7,2.6,16,5000,450,230,230,300,230,230,,400,15,0,0,255,,,,,,1,,,,,,,,,,,,,,,,,,,,,,,,,,,,,,,ent.3453.hit,,ent.4521.idle,ent.4521.foot,ent.4521.attack1,,,,jet_62,,,1,,,,,,,1,,0.5,,,,,,,,,,,
45168,勇士战机,,,,,,,,,,,,110092,,4517,,,,1,,,,,,,200,,,,,,,,,,,,,,,,1,0,,,,,,,,,,7,2.6,16,5000,450,230,230,300,230,230,,400,15,0,0,255,,,,,,1,,,,,,,,,,,,,,,,,,,,,,,,,,,,,,,ent.3453.hit,,ent.4521.idle,ent.4521.foot,ent.4521.attack1,,,,jet_62,,,1,,,,,,,1,,0.5,,,,,,,,,,,
45169,勇士战机,,,,,,,,,,,,110092,,4517,,,,1,,,,,,,200,,,,,,,,,,,,,,,,1,0,,,,,,,,,,7,2.6,16,5000,450,230,230,300,230,230,,400,15,0,0,255,,,,,,1,,,,,,,,,,,,,,,,,,,,,,,,,,,,,,,ent.3453.hit,,ent.4521.idle,ent.4521.foot,ent.4521.attack1,,,,jet_62,,,1,,,,,,,1,,0.5,,,,,,,,,,,
45170,裂空机甲,,,,,,,,,,,,110092,2,4518,,,,1,,,,,,,200,,,,,,,,,,,,,,,,1,0,,,,,,,,,,7,2.6,16,5000,450,230,230,300,230,230,,400,15,0,0,255,,,,,,1,,,,,,,,,,,,,,,,,,,,,,,,,,,,,,,ent.3453.hit,,ent.4521.idle,ent.4521.foot,ent.4521.attack1,,ent.4521.attack2,ent.4521.attackstop2,jet_63,,,1,,,,,,,1,,0.5,,,,,,,,,,,
4519,白飞机0级,,,,,,,,,,,,110093,,4519,,,,1,,,,,,,200,,,,,,,,,,,,,,,,1,0,,,,,,,,,,7,2.6,16,5000,450,230,230,300,230,230,,400,15,0,0,255,,,,,,1,,,,,,,,,,,,,,,,,,,,,,,,,,,,,,,ent.3453.hit,,ent.4521.idle,ent.4521.foot,,,,,,,,1,,,,,,,1,,,,,,,,,,,,,
4520,飞翼战机,,,,,,,,,,,,110093,,4520,,,,1,,,,,,,200,,,,,,,,,,,,,,,,1,0,,,,,,,,,,7,2.6,16,5000,450,230,230,300,230,230,,400,15,0,0,255,,,,,,1,,,,,,,,,,,,,,,,,,,,,,,,,,,,,,,ent.3453.hit,,ent.4521.idle,ent.4521.foot,ent.4521.attack1,,,,jet_64,,,1,,,,,,,1,,0.5,,,,,,,,,,,
4521,飞翼战机,,,,,,,,,,,,110093,,4520,,,,1,,,,,,,200,,,,,,,,,,,,,,,,1,0,,,,,,,,,,7,2.6,16,5000,450,230,230,300,230,230,,400,15,0,0,255,,,,,,1,,,,,,,,,,,,,,,,,,,,,,,,,,,,,,,ent.3453.hit,,ent.4521.idle,ent.4521.foot,ent.4521.attack1,,,,jet_64,,,1,,,,,,,1,,0.5,,,,,,,,,,,
45203,飞翼战机,,,,,,,,,,,,110093,,4520,,,,1,,,,,,,200,,,,,,,,,,,,,,,,1,0,,,,,,,,,,7,2.6,16,5000,450,230,230,300,230,230,,400,15,0,0,255,,,,,,1,,,,,,,,,,,,,,,,,,,,,,,,,,,,,,,ent.3453.hit,,ent.4521.idle,ent.4521.foot,ent.4521.attack1,,,,jet_64,,,1,,,,,,,1,,0.5,,,,,,,,,,,
45204,飞翼战机,,,,,,,,,,,,110093,,4520,,,,1,,,,,,,200,,,,,,,,,,,,,,,,1,0,,,,,,,,,,7,2.6,16,5000,450,230,230,300,230,230,,400,15,0,0,255,,,,,,1,,,,,,,,,,,,,,,,,,,,,,,,,,,,,,,ent.3453.hit,,ent.4521.idle,ent.4521.foot,ent.4521.attack1,,,,jet_64,,,1,,,,,,,1,,0.5,,,,,,,,,,,
45205,飞翼战机,,,,,,,,,,,,110093,,4520,,,,1,,,,,,,200,,,,,,,,,,,,,,,,1,0,,,,,,,,,,7,2.6,16,5000,450,230,230,300,230,230,,400,15,0,0,255,,,,,,1,,,,,,,,,,,,,,,,,,,,,,,,,,,,,,,ent.3453.hit,,ent.4521.idle,ent.4521.foot,ent.4521.attack1,,,,jet_64,,,1,,,,,,,1,,0.5,,,,,,,,,,,
45206,飞翼战机,,,,,,,,,,,,110093,,4520,,,,1,,,,,,,200,,,,,,,,,,,,,,,,1,0,,,,,,,,,,7,2.6,16,5000,450,230,230,300,230,230,,400,15,0,0,255,,,,,,1,,,,,,,,,,,,,,,,,,,,,,,,,,,,,,,ent.3453.hit,,ent.4521.idle,ent.4521.foot,ent.4521.attack1,,,,jet_64,,,1,,,,,,,1,,0.5,,,,,,,,,,,
45207,飞翼战机,,,,,,,,,,,,110093,,4520,,,,1,,,,,,,200,,,,,,,,,,,,,,,,1,0,,,,,,,,,,7,2.6,16,5000,450,230,230,300,230,230,,400,15,0,0,255,,,,,,1,,,,,,,,,,,,,,,,,,,,,,,,,,,,,,,ent.3453.hit,,ent.4521.idle,ent.4521.foot,ent.4521.attack1,,,,jet_64,,,1,,,,,,,1,,0.5,,,,,,,,,,,
45208,飞翼战机,,,,,,,,,,,,110093,,4520,,,,1,,,,,,,200,,,,,,,,,,,,,,,,1,0,,,,,,,,,,7,2.6,16,5000,450,230,230,300,230,230,,400,15,0,0,255,,,,,,1,,,,,,,,,,,,,,,,,,,,,,,,,,,,,,,ent.3453.hit,,ent.4521.idle,ent.4521.foot,ent.4521.attack1,,,,jet_64,,,1,,,,,,,1,,0.5,,,,,,,,,,,
45209,飞翼战机,,,,,,,,,,,,110093,,4520,,,,1,,,,,,,200,,,,,,,,,,,,,,,,1,0,,,,,,,,,,7,2.6,16,5000,450,230,230,300,230,230,,400,15,0,0,255,,,,,,1,,,,,,,,,,,,,,,,,,,,,,,,,,,,,,,ent.3453.hit,,ent.4521.idle,ent.4521.foot,ent.4521.attack1,,,,jet_64,,,1,,,,,,,1,,0.5,,,,,,,,,,,
45210,星河机甲,,,,,,,,,,,,110093,2,4521,,,,1,,,,,,,200,,,,,,,,,,,,,,,,1,0,,,,,,,,,,7,2.6,16,5000,450,230,230,300,230,230,,400,15,0,0,255,,,,,,1,,,,,,,,,,,,,,,,,,,,,,,,,,,,,,,ent.3453.hit,,ent.4521.idle,ent.4521.foot,ent.4521.attack1,,ent.4521.attack2,ent.4521.attackstop2,jet_65,,,1,,,,,,,1,,0.5,,,,,,,,,,,
4522,小汽车0级,,,,,,,,,,,,110094,,4522,,,,1,,,,,,,200,,,,,,,,,,,,,,,,1,0,,,,,,,,,,7,2.6,16,5000,200,100,160,200,100,180,,400,15,0,0,255,,,,,,1,,,,,,,,,,,,,,,,,,,,,,,,,,,,,,,ent.3453.hit,ent.3453.die,ent.3453.idle,ent.3453.foot,ent.4523.attack1,ent.4523.attackstop1,,,,,,1,,,,,,,1,,,,,,,,,,,,,
4523,无敌旋风,,,,,,,,,,,,110094,1,4523,,,,1,,,,,,,200,,,,,,,,,,,,,,,,1,0,,,,,,,,,,7,2.6,16,5000,200,100,160,200,100,180,,400,15,0,0,255,,,,,,1,,,,,,,,,,,,,,,,,,,,,,,,,,,,,,,ent.3453.hit,ent.3453.die,ent.3453.idle,ent.3453.foot,ent.4523.attack1,ent.4523.attackstop1,,,horse_4523_3,,,1,,,,,,,1,,0.5,,,,,,,,,,,
4524,环海洛洛0级,,,,,1,,,,,,,110095,,4524,,,,1,,,,,,,200,,,,,,,,,,,,,,,,1,0,,,,,,,,,,7,2.6,16,5000,360,100,160,200,100,180,,400,15,0,0,255,,,,,,1,,,,,,,,,,,,,,,,,,,,,,,,,,,,,,,ent.3445.hit,ent.3445.die,ent.3445.idle,ent.3445.foot,,,,,,,,1,,,,,,,1,,,,,,,,,,,,,
4525,环海洛洛,,,,,1,,,,,,,110095,,4525,,,,1,,,,,,,200,,,,,,,,,,,,,,,,1,0,,,,,,,,,,7,2.6,16,5000,360,100,160,200,100,180,,400,15,0,0,255,,,,,,1,,,,,,,,,,,,,,,,,,,,,,,,,,,,,,,ent.3445.hit,ent.3445.die,ent.3445.idle,ent.3445.foot,,,,,horse_4525_3,,,1,,,,,,,1,,0.5,,,,,,,,,,,
4526,环海洛洛,,,,,1,,,,,,,110095,,4525,,,,1,,,,,,,200,,,,,,,,,,,,,,,,1,0,,,,,,,,,,7,2.6,16,5000,360,100,160,200,100,180,,400,15,0,0,255,,,,,,1,,,,,,,,,,,,,,,,,,,,,,,,,,,,,,,ent.3445.hit,ent.3445.die,ent.3445.idle,ent.3445.foot,,,,,horse_4525_3,,,1,,,,,,,1,,0.5,,,,,,,,,,,
45243,环海洛洛,,,,,1,,,,,,,110095,,4525,,,,1,,,,,,,200,,,,,,,,,,,,,,,,1,0,,,,,,,,,,7,2.6,16,5000,360,100,160,200,100,180,,400,15,0,0,255,,,,,,1,,,,,,,,,,,,,,,,,,,,,,,,,,,,,,,ent.3445.hit,ent.3445.die,ent.3445.idle,ent.3445.foot,,,,,horse_4525_3,,,1,,,,,,,1,,0.5,,,,,,,,,,,
45244,环海洛洛,,,,,1,,,,,,,110095,,4525,,,,1,,,,,,,200,,,,,,,,,,,,,,,,1,0,,,,,,,,,,7,2.6,16,5000,360,100,160,200,100,180,,400,15,0,0,255,,,,,,1,,,,,,,,,,,,,,,,,,,,,,,,,,,,,,,ent.3445.hit,ent.3445.die,ent.3445.idle,ent.3445.foot,,,,,horse_4525_3,,,1,,,,,,,1,,0.5,,,,,,,,,,,
45245,环海洛洛,,,,,1,,,,,,,110095,,4525,,,,1,,,,,,,200,,,,,,,,,,,,,,,,1,0,,,,,,,,,,7,2.6,16,5000,360,100,160,200,100,180,,400,15,0,0,255,,,,,,1,,,,,,,,,,,,,,,,,,,,,,,,,,,,,,,ent.3445.hit,ent.3445.die,ent.3445.idle,ent.3445.foot,,,,,horse_4525_3,,,1,,,,,,,1,,0.5,,,,,,,,,,,
45246,环海洛洛,,,,,1,,,,,,,110095,,4525,,,,1,,,,,,,200,,,,,,,,,,,,,,,,1,0,,,,,,,,,,7,2.6,16,5000,360,100,160,200,100,180,,400,15,0,0,255,,,,,,1,,,,,,,,,,,,,,,,,,,,,,,,,,,,,,,ent.3445.hit,ent.3445.die,ent.3445.idle,ent.3445.foot,,,,,horse_4525_3,,,1,,,,,,,1,,0.5,,,,,,,,,,,
45247,环海洛洛,,,,,1,,,,,,,110095,,4525,,,,1,,,,,,,200,,,,,,,,,,,,,,,,1,0,,,,,,,,,,7,2.6,16,5000,360,100,160,200,100,180,,400,15,0,0,255,,,,,,1,,,,,,,,,,,,,,,,,,,,,,,,,,,,,,,ent.3445.hit,ent.3445.die,ent.3445.idle,ent.3445.foot,,,,,horse_4525_3,,,1,,,,,,,1,,0.5,,,,,,,,,,,
45248,环海洛洛,,,,,1,,,,,,,110095,,4525,,,,1,,,,,,,200,,,,,,,,,,,,,,,,1,0,,,,,,,,,,7,2.6,16,5000,360,100,160,200,100,180,,400,15,0,0,255,,,,,,1,,,,,,,,,,,,,,,,,,,,,,,,,,,,,,,ent.3445.hit,ent.3445.die,ent.3445.idle,ent.3445.foot,,,,,horse_4525_3,,,1,,,,,,,1,,0.5,,,,,,,,,,,
45249,环海洛洛,,,,,1,,,,,,,110095,,4525,,,,1,,,,,,,200,,,,,,,,,,,,,,,,1,0,,,,,,,,,,7,2.6,16,5000,360,100,160,200,100,180,,400,15,0,0,255,,,,,,1,,,,,,,,,,,,,,,,,,,,,,,,,,,,,,,ent.3445.hit,ent.3445.die,ent.3445.idle,ent.3445.foot,,,,,horse_4525_3,,,1,,,,,,,1,,0.5,,,,,,,,,,,
45250,环海洛洛-进阶,,,,,1,,,,,,,110095,2,4526,,,,1,,,,,,,200,,,,,,,,,,,,,,,,1,0,,,,,,,,,,7,2.6,16,5000,360,100,160,200,100,180,,400,15,0,0,255,,,,,,1,,,,,,,,,,,,,,,,,,,,,,,,,,,,,,,ent.3445.hit,ent.3445.die,ent.3445.idle,ent.3445.foot,ent.4526.attack2,,,,horse_4526_3,,,1,,,,,,,1,,0.5,,,,,,,,,,,
4527,尼东洛洛0级,,,,,1,,,,,,,110096,,4527,,,,1,,,,,,,200,,,,,,,,,,,,,,,,1,0,,,,,,,,,,7,2.6,16,5000,360,100,160,200,100,180,,400,15,0,0,255,,,,,,1,,,,,,,,,,,,,,,,,,,,,,,,,,,,,,,ent.4527.hit,ent.4527.die,ent.4527.idle,ent.4527.foot,,,,,,,,1,,,,,,,1,,,,,,,,,,,,,
4528,尼东洛洛,,,,,1,,,,,,,110096,,4528,,,,1,,,,,,,200,,,,,,,,,,,,,,,,1,0,,,,,,,,,,7,2.6,16,5000,360,100,160,200,100,180,,400,15,0,0,255,,,,,,1,,,,,,,,,,,,,,,,,,,,,,,,,,,,,,,ent.4527.hit,ent.4527.die,ent.4527.idle,ent.4527.foot,,,,,horse_4528_3,,,1,,,,,,,1,,0.7,,,,,,,,,,,
4529,尼东洛洛,,,,,1,,,,,,,110096,,4528,,,,1,,,,,,,200,,,,,,,,,,,,,,,,1,0,,,,,,,,,,7,2.6,16,5000,360,100,160,200,100,180,,400,15,0,0,255,,,,,,1,,,,,,,,,,,,,,,,,,,,,,,,,,,,,,,ent.4527.hit,ent.4527.die,ent.4527.idle,ent.4527.foot,,,,,horse_4528_3,,,1,,,,,,,1,,0.7,,,,,,,,,,,
45273,尼东洛洛,,,,,1,,,,,,,110096,,4528,,,,1,,,,,,,200,,,,,,,,,,,,,,,,1,0,,,,,,,,,,7,2.6,16,5000,360,100,160,200,100,180,,400,15,0,0,255,,,,,,1,,,,,,,,,,,,,,,,,,,,,,,,,,,,,,,ent.4527.hit,ent.4527.die,ent.4527.idle,ent.4527.foot,,,,,horse_4528_3,,,1,,,,,,,1,,0.7,,,,,,,,,,,
45274,尼东洛洛,,,,,1,,,,,,,110096,,4528,,,,1,,,,,,,200,,,,,,,,,,,,,,,,1,0,,,,,,,,,,7,2.6,16,5000,360,100,160,200,100,180,,400,15,0,0,255,,,,,,1,,,,,,,,,,,,,,,,,,,,,,,,,,,,,,,ent.4527.hit,ent.4527.die,ent.4527.idle,ent.4527.foot,,,,,horse_4528_3,,,1,,,,,,,1,,0.7,,,,,,,,,,,
45275,尼东洛洛,,,,,1,,,,,,,110096,,4528,,,,1,,,,,,,200,,,,,,,,,,,,,,,,1,0,,,,,,,,,,7,2.6,16,5000,360,100,160,200,100,180,,400,15,0,0,255,,,,,,1,,,,,,,,,,,,,,,,,,,,,,,,,,,,,,,ent.4527.hit,ent.4527.die,ent.4527.idle,ent.4527.foot,,,,,horse_4528_3,,,1,,,,,,,1,,0.7,,,,,,,,,,,
45276,尼东洛洛,,,,,1,,,,,,,110096,,4528,,,,1,,,,,,,200,,,,,,,,,,,,,,,,1,0,,,,,,,,,,7,2.6,16,5000,360,100,160,200,100,180,,400,15,0,0,255,,,,,,1,,,,,,,,,,,,,,,,,,,,,,,,,,,,,,,ent.4527.hit,ent.4527.die,ent.4527.idle,ent.4527.foot,,,,,horse_4528_3,,,1,,,,,,,1,,0.7,,,,,,,,,,,
45277,尼东洛洛,,,,,1,,,,,,,110096,,4528,,,,1,,,,,,,200,,,,,,,,,,,,,,,,1,0,,,,,,,,,,7,2.6,16,5000,360,100,160,200,100,180,,400,15,0,0,255,,,,,,1,,,,,,,,,,,,,,,,,,,,,,,,,,,,,,,ent.4527.hit,ent.4527.die,ent.4527.idle,ent.4527.foot,,,,,horse_4528_3,,,1,,,,,,,1,,0.7,,,,,,,,,,,
45278,尼东洛洛,,,,,1,,,,,,,110096,,4528,,,,1,,,,,,,200,,,,,,,,,,,,,,,,1,0,,,,,,,,,,7,2.6,16,5000,360,100,160,200,100,180,,400,15,0,0,255,,,,,,1,,,,,,,,,,,,,,,,,,,,,,,,,,,,,,,ent.4527.hit,ent.4527.die,ent.4527.idle,ent.4527.foot,,,,,horse_4528_3,,,1,,,,,,,1,,0.7,,,,,,,,,,,
45279,尼东洛洛,,,,,1,,,,,,,110096,,4528,,,,1,,,,,,,200,,,,,,,,,,,,,,,,1,0,,,,,,,,,,7,2.6,16,5000,360,100,160,200,100,180,,400,15,0,0,255,,,,,,1,,,,,,,,,,,,,,,,,,,,,,,,,,,,,,,ent.4527.hit,ent.4527.die,ent.4527.idle,ent.4527.foot,,,,,horse_4528_3,,,1,,,,,,,1,,0.7,,,,,,,,,,,
45280,尼东洛洛-进阶,,,,,1,,,,,,,110096,2,4529,,,,1,,,,,,,200,,,,,,,,,,,,,,,,1,0,,,,,,,,,,7,2.6,16,5000,360,100,160,200,100,180,,400,15,0,0,255,,,,,,1,,,,,,,,,,,,,,,,,,,,,,,,,,,,,,,ent.4527.hit,ent.4527.die,ent.4527.idle,ent.4527.foot,ent.4527.attack1,,,,horse_4528_3,,,1,,,,,,,1,,0.7,,,,,,,,,,,
4530,龙坐骑0级,,,,,,,,,,,,110097,,4530,,,,1,,,,,,,200,,,,,,,,,,,,,,,,1,0,,,,,,,,,,7,2.6,16,5000,200,120,160,200,120,160,,400,15,0,0,255,,,,,,1,,,,,,,,,,,,,,,,,,,,,,,,,,,,,,,ent.3469.hit,ent.3469.die,ent.3469.idle,,,,,,,,,1,,,,,,,1,,,,,,,,,,,,,
4531,红芒赤蛟,,,,,,,,,,,,110097,,4531,,,,1,,,,,,,200,,,,,,,,,,,,,,,,1,0,,,,,,,,,,7,2.6,16,5000,280,160,160,300,180,180,,400,15,0,0,255,,,,,,1,,,,,,,,,,,,,,,,,,,,,,,,,,,,,,,ent.3469.hit,ent.3469.die,ent.3469.idle,ent.3480.foot,ent.4533.attack,,,,horse_4531_3,,,1,,,,,,,1,,0.7,,,,,,,,,,,
4532,红芒赤蛟,,,,,,,,,,,,110097,,4531,,,,1,,,,,,,200,,,,,,,,,,,,,,,,1,0,,,,,,,,,,7,2.6,16,5000,280,160,160,300,180,180,,400,15,0,0,255,,,,,,1,,,,,,,,,,,,,,,,,,,,,,,,,,,,,,,ent.3469.hit,ent.3469.die,ent.3469.idle,ent.3480.foot,ent.4533.attack,,,,horse_4531_3,,,1,,,,,,,1,,0.7,,,,,,,,,,,
4533,红芒赤蛟,,,,,,,,,,,,110097,,4531,,,,1,,,,,,,200,,,,,,,,,,,,,,,,1,0,,,,,,,,,,7,2.6,16,5000,280,160,160,300,180,180,,400,15,0,0,255,,,,,,1,,,,,,,,,,,,,,,,,,,,,,,,,,,,,,,ent.3469.hit,ent.3469.die,ent.3469.idle,ent.3480.foot,ent.4533.attack,,,,horse_4531_3,,,1,,,,,,,1,,0.7,,,,,,,,,,,
45304,红芒赤蛟,,,,,,,,,,,,110097,,4531,,,,1,,,,,,,200,,,,,,,,,,,,,,,,1,0,,,,,,,,,,7,2.6,16,5000,280,160,160,300,180,180,,400,15,0,0,255,,,,,,1,,,,,,,,,,,,,,,,,,,,,,,,,,,,,,,ent.3469.hit,ent.3469.die,ent.3469.idle,ent.3480.foot,ent.4533.attack,,,,horse_4531_3,,,1,,,,,,,1,,0.7,,,,,,,,,,,
45305,九霄金龙,,,,,,,,,,,,110097,1,4532,,,,1,,,,,,,200,,,,,,,,,,,,,,,,1,0,,,,,,,,,,7,2.6,16,5000,280,160,160,300,180,180,,400,15,0,0,255,,,,,,1,,,,,,,,,,,,,,,,,,,,,,,,,,,,,,,ent.3469.hit,ent.3469.die,ent.3469.idle,ent.3480.foot,ent.4533.attack,,,,horse_4532_3,,,1,,,,,,,1,,0.7,,,,,,,,,,,
45306,九霄金龙,,,,,,,,,,,,110097,1,4532,,,,1,,,,,,,200,,,,,,,,,,,,,,,,1,0,,,,,,,,,,7,2.6,16,5000,280,160,160,300,180,180,,400,15,0,0,255,,,,,,1,,,,,,,,,,,,,,,,,,,,,,,,,,,,,,,ent.3469.hit,ent.3469.die,ent.3469.idle,ent.3480.foot,ent.4533.attack,,,,horse_4532_3,,,1,,,,,,,1,,0.7,,,,,,,,,,,
45307,九霄金龙,,,,,,,,,,,,110097,1,4532,,,,1,,,,,,,200,,,,,,,,,,,,,,,,1,0,,,,,,,,,,7,2.6,16,5000,280,160,160,300,180,180,,400,15,0,0,255,,,,,,1,,,,,,,,,,,,,,,,,,,,,,,,,,,,,,,ent.3469.hit,ent.3469.die,ent.3469.idle,ent.3480.foot,ent.4533.attack,,,,horse_4532_3,,,1,,,,,,,1,,0.7,,,,,,,,,,,
45308,九霄金龙,,,,,,,,,,,,110097,1,4532,,,,1,,,,,,,200,,,,,,,,,,,,,,,,1,0,,,,,,,,,,7,2.6,16,5000,280,160,160,300,180,180,,400,15,0,0,255,,,,,,1,,,,,,,,,,,,,,,,,,,,,,,,,,,,,,,ent.3469.hit,ent.3469.die,ent.3469.idle,ent.3480.foot,ent.4533.attack,,,,horse_4532_3,,,1,,,,,,,1,,0.7,,,,,,,,,,,
45309,九霄金龙,,,,,,,,,,,,110097,1,4532,,,,1,,,,,,,200,,,,,,,,,,,,,,,,1,0,,,,,,,,,,7,2.6,16,5000,280,160,160,300,180,180,,400,15,0,0,255,,,,,,1,,,,,,,,,,,,,,,,,,,,,,,,,,,,,,,ent.3469.hit,ent.3469.die,ent.3469.idle,ent.3480.foot,ent.4533.attack,,,,horse_4532_3,,,1,,,,,,,1,,0.7,,,,,,,,,,,
45310,虚空龙祖,,,,,,,,,,,,110097,2,4533,,,,1,,,,,,,200,,,,,,,,,,,,,,,,1,0,,,,,,,,,,7,2.6,16,5000,280,160,160,300,180,180,,400,15,0,0,255,,,,,,1,,,,,,,,,,,,,,,,,,,,,,,,,,,,,,,ent.3469.hit,ent.3469.die,ent.3469.idle,ent.3480.foot,ent.4533.attack,,,,horse_4533_3,,,1,,,,,,,1,,0.7,,,,,,,,,,,
4534,画舫0级,,,,,,,,,,,,110098,,4534,,,,1,,,,,,,200,,,,,,,,,,,,,,,,1,0,,,,,,,,,,7,2.6,16,5000,200,120,160,200,120,160,,400,15,0,0,255,,,,,,1,,,,,,,,,,,,,,,,,,,,,,,,,,,,,,,ent.4537.hit,ent.4537.die,ent.4537.idle,ent.4537.foot,,,,,,,,1,,,,,,,1,,,,,,,,,,,,,
4535,玲珑音韵,,,,,,,,,,,,110098,1,4535,,,,1,,,,,,,200,,,,,,,,,,,,,,,,1,0,,,,,,,,,,7,2.6,16,5000,280,230,230,280,400,450,,400,15,0,0,255,,,,,,1,,,,,,,,,,,,,,,,,,,,,,,,,,,,,,,ent.4537.hit,ent.4537.die,ent.4537.idle,ent.4537.foot,,,,,horse_4535_3,,,1,,,,,,,1,,0.7,,,,,,,,,,,
4536,玲珑音韵,,,,,,,,,,,,110098,1,4535,,,,1,,,,,,,200,,,,,,,,,,,,,,,,1,0,,,,,,,,,,7,2.6,16,5000,280,230,230,280,400,450,,400,15,0,0,255,,,,,,1,,,,,,,,,,,,,,,,,,,,,,,,,,,,,,,ent.4537.hit,ent.4537.die,ent.4537.idle,ent.4537.foot,,,,,horse_4535_3,,,1,,,,,,,1,,0.7,,,,,,,,,,,
4537,玲珑音韵,,,,,,,,,,,,110098,1,4535,,,,1,,,,,,,200,,,,,,,,,,,,,,,,1,0,,,,,,,,,,7,2.6,16,5000,280,230,230,280,400,450,,400,15,0,0,255,,,,,,1,,,,,,,,,,,,,,,,,,,,,,,,,,,,,,,ent.4537.hit,ent.4537.die,ent.4537.idle,ent.4537.foot,,,,,horse_4535_3,,,1,,,,,,,1,,0.7,,,,,,,,,,,
45344,玲珑音韵,,,,,,,,,,,,110098,1,4535,,,,1,,,,,,,200,,,,,,,,,,,,,,,,1,0,,,,,,,,,,7,2.6,16,5000,280,230,230,280,400,450,,400,15,0,0,255,,,,,,1,,,,,,,,,,,,,,,,,,,,,,,,,,,,,,,ent.4537.hit,ent.4537.die,ent.4537.idle,ent.4537.foot,,,,,horse_4535_3,,,1,,,,,,,1,,0.7,,,,,,,,,,,
45345,蝶弄清影,,,,,,,,,,,,110098,2,4536,,,,1,,,,,,,200,,,,,,,,,,,,,,,,1,0,,,,,,,,,,7,2.6,16,5000,280,230,230,280,400,450,,400,15,0,0,255,,,,,,1,,,,,,,,,,,,,,,,,,,,,,,,,,,,,,,ent.4537.hit,ent.4537.die,ent.4537.idle,ent.4537.foot,ent.4537.attack1,,,,horse_4536_3,,,1,,,,,,,1,,0.7,,,,,,,,,,,
45346,蝶弄清影,,,,,,,,,,,,110098,2,4536,,,,1,,,,,,,200,,,,,,,,,,,,,,,,1,0,,,,,,,,,,7,2.6,16,5000,280,230,230,280,400,450,,400,15,0,0,255,,,,,,1,,,,,,,,,,,,,,,,,,,,,,,,,,,,,,,ent.4537.hit,ent.4537.die,ent.4537.idle,ent.4537.foot,ent.4537.attack1,,,,horse_4536_3,,,1,,,,,,,1,,0.7,,,,,,,,,,,
45347,蝶弄清影,,,,,,,,,,,,110098,2,4536,,,,1,,,,,,,200,,,,,,,,,,,,,,,,1,0,,,,,,,,,,7,2.6,16,5000,280,230,230,280,400,450,,400,15,0,0,255,,,,,,1,,,,,,,,,,,,,,,,,,,,,,,,,,,,,,,ent.4537.hit,ent.4537.die,ent.4537.idle,ent.4537.foot,ent.4537.attack1,,,,horse_4536_3,,,1,,,,,,,1,,0.7,,,,,,,,,,,
45348,蝶弄清影,,,,,,,,,,,,110098,2,4536,,,,1,,,,,,,200,,,,,,,,,,,,,,,,1,0,,,,,,,,,,7,2.6,16,5000,280,230,230,280,400,450,,400,15,0,0,255,,,,,,1,,,,,,,,,,,,,,,,,,,,,,,,,,,,,,,ent.4537.hit,ent.4537.die,ent.4537.idle,ent.4537.foot,ent.4537.attack1,,,,horse_4536_3,,,1,,,,,,,1,,0.7,,,,,,,,,,,
45349,蝶弄清影,,,,,,,,,,,,110098,2,4536,,,,1,,,,,,,200,,,,,,,,,,,,,,,,1,0,,,,,,,,,,7,2.6,16,5000,280,230,230,280,400,450,,400,15,0,0,255,,,,,,1,,,,,,,,,,,,,,,,,,,,,,,,,,,,,,,ent.4537.hit,ent.4537.die,ent.4537.idle,ent.4537.foot,ent.4537.attack1,,,,horse_4536_3,,,1,,,,,,,1,,0.7,,,,,,,,,,,
45350,繁花夜明,,,,,,,,,,,,110098,3,4537,,,,1,,,,,,,200,,,,,,,,,,,,,,,,1,0,,,,,,,,,,7,2.6,16,5000,280,550,400,280,500,450,,400,15,0,0,255,,,,,,1,,,,,,,,,,,,,,,,,,,,,,,,,,,,,,,ent.4537.hit,ent.4537.die,ent.4537.idle,ent.4537.foot,ent.4537.attack1,,ent.4537.attack2,,horse_4537_3,,,1,,,,,,,1,,0.7,,,,,,,,,,,
4538,魔毯0级,,,,,,,,,,,,110100,,4538,,,,1,,,,,,,200,,,,,,,,,,,,,,,,1,0,,,,,,,,,,7,2.6,16,5000,200,120,160,200,120,160,,400,15,0,0,255,,,,,,1,,,,,,,,,,,,,,,,,,,,,,,,,,,,,,,ent.4541.hit,ent.4541.die,ent.4541.idle,ent.4541.foot,,,,,,,,1,,,,,,,1,,,,,,,,,,,,,
4539,天方夜谭,,,,,,,,,,,,110100,1,4539,,,,1,,,,,,,200,,,,,,,,,,,,,,,,1,0,,,,,,,,,,7,2.6,16,5000,200,120,160,200,120,160,,400,15,0,0,255,,,,,,1,,,,,,,,,,,,,,,,,,,,,,,,,,,,,,,ent.4541.hit,ent.4541.die,ent.4541.idle,ent.4541.foot,ent.4541.attack1,,ent.4541.attack2,,horse_4539_3,,,1,,,,,,,1,,0.7,,,,,,,,,,,
4540,天方夜谭,,,,,,,,,,,,110100,1,4539,,,,1,,,,,,,200,,,,,,,,,,,,,,,,1,0,,,,,,,,,,7,2.6,16,5000,200,120,160,200,120,160,,400,15,0,0,255,,,,,,1,,,,,,,,,,,,,,,,,,,,,,,,,,,,,,,ent.4541.hit,ent.4541.die,ent.4541.idle,ent.4541.foot,ent.4541.attack1,,ent.4541.attack2,,horse_4539_3,,,1,,,,,,,1,,0.7,,,,,,,,,,,
4541,天方夜谭,,,,,,,,,,,,110100,1,4539,,,,1,,,,,,,200,,,,,,,,,,,,,,,,1,0,,,,,,,,,,7,2.6,16,5000,200,120,160,200,120,160,,400,15,0,0,255,,,,,,1,,,,,,,,,,,,,,,,,,,,,,,,,,,,,,,ent.4541.hit,ent.4541.die,ent.4541.idle,ent.4541.foot,ent.4541.attack1,,ent.4541.attack2,,horse_4539_3,,,1,,,,,,,1,,0.7,,,,,,,,,,,
45384,天方夜谭,,,,,,,,,,,,110100,1,4539,,,,1,,,,,,,200,,,,,,,,,,,,,,,,1,0,,,,,,,,,,7,2.6,16,5000,200,120,160,200,120,160,,400,15,0,0,255,,,,,,1,,,,,,,,,,,,,,,,,,,,,,,,,,,,,,,ent.4541.hit,ent.4541.die,ent.4541.idle,ent.4541.foot,ent.4541.attack1,,ent.4541.attack2,,horse_4539_3,,,1,,,,,,,1,,0.7,,,,,,,,,,,
45385,波斯飞毯,,,,,,,,,,,,110100,2,4540,,,,1,,,,,,,200,,,,,,,,,,,,,,,,1,0,,,,,,,,,,7,2.6,16,5000,200,120,160,200,120,160,,400,15,0,0,255,,,,,,1,,,,,,,,,,,,,,,,,,,,,,,,,,,,,,,ent.4541.hit,ent.4541.die,ent.4541.idle,ent.4541.foot,ent.4541.attack1,,ent.4541.attack2,,horse_4540_3,,,1,,,,,,,1,,0.7,,,,,,,,,,,
45386,波斯飞毯,,,,,,,,,,,,110100,2,4540,,,,1,,,,,,,200,,,,,,,,,,,,,,,,1,0,,,,,,,,,,7,2.6,16,5000,200,120,160,200,120,160,,400,15,0,0,255,,,,,,1,,,,,,,,,,,,,,,,,,,,,,,,,,,,,,,ent.4541.hit,ent.4541.die,ent.4541.idle,ent.4541.foot,ent.4541.attack1,,ent.4541.attack2,,horse_4540_3,,,1,,,,,,,1,,0.7,,,,,,,,,,,
45387,波斯飞毯,,,,,,,,,,,,110100,2,4540,,,,1,,,,,,,200,,,,,,,,,,,,,,,,1,0,,,,,,,,,,7,2.6,16,5000,200,120,160,200,120,160,,400,15,0,0,255,,,,,,1,,,,,,,,,,,,,,,,,,,,,,,,,,,,,,,ent.4541.hit,ent.4541.die,ent.4541.idle,ent.4541.foot,ent.4541.attack1,,ent.4541.attack2,,horse_4540_3,,,1,,,,,,,1,,0.7,,,,,,,,,,,
45388,波斯飞毯,,,,,,,,,,,,110100,2,4540,,,,1,,,,,,,200,,,,,,,,,,,,,,,,1,0,,,,,,,,,,7,2.6,16,5000,200,120,160,200,120,160,,400,15,0,0,255,,,,,,1,,,,,,,,,,,,,,,,,,,,,,,,,,,,,,,ent.4541.hit,ent.4541.die,ent.4541.idle,ent.4541.foot,ent.4541.attack1,,ent.4541.attack2,,horse_4540_3,,,1,,,,,,,1,,0.7,,,,,,,,,,,
45389,波斯飞毯,,,,,,,,,,,,110100,2,4540,,,,1,,,,,,,200,,,,,,,,,,,,,,,,1,0,,,,,,,,,,7,2.6,16,5000,200,120,160,200,120,160,,400,15,0,0,255,,,,,,1,,,,,,,,,,,,,,,,,,,,,,,,,,,,,,,ent.4541.hit,ent.4541.die,ent.4541.idle,ent.4541.foot,ent.4541.attack1,,ent.4541.attack2,,horse_4540_3,,,1,,,,,,,1,,0.7,,,,,,,,,,,
45390,星月魔毯,,,,,,,,,,,,110100,3,4541,,,,1,,,,,,,200,,,,,,,,,,,,,,,,1,0,,,,,,,,,,7,2.6,16,5000,200,120,160,200,120,160,,400,15,0,0,255,,,,,,1,,,,,,,,,,,,,,,,,,,,,,,,,,,,,,,ent.4541.hit,ent.4541.die,ent.4541.idle,ent.4541.foot,ent.4541.attack1,,ent.4541.attack2,,horse_4541_3,,,1,,,,,,,1,,0.7,,,,,,,,,,,
4542,机械鸟0级,,,,,,,,,,,,110101,,4542,,,,1,,,,,,,200,,,,,,,,,,,,,,,,1,0,,,,,,,,,,7,2.6,16,5000,200,120,160,200,120,160,,400,15,0,0,255,,,,,,1,,,,,,,,,,,,,,,,,,,,,,,,,,,,,,,ent.4545.hit,ent.4545.die,ent.4545.idle,ent.4545.foot,,,,,,,,1,,,,,,,1,,,,,,,,,,,,,
4543,咕咕,,,,,,,,,,,,110101,1,4543,,,,1,,,,,,,200,,,,,,,,,,,,,,,,1,0,,,,,,,,,,7,2.6,16,5000,300,120,160,280,180,180,,400,15,0,0,255,,,,,,1,,,,,,,,,,,,,,,,,,,,,,,,,,,,,,,ent.4545.hit,ent.4545.die,ent.4545.idle,ent.4545.foot,,,,,horse_4543_3,,,1,,,,,,,1,,0.7,,,,,,,,,,,
4544,咕咕,,,,,,,,,,,,110101,1,4543,,,,1,,,,,,,200,,,,,,,,,,,,,,,,1,0,,,,,,,,,,7,2.6,16,5000,300,120,160,280,180,180,,400,15,0,0,255,,,,,,1,,,,,,,,,,,,,,,,,,,,,,,,,,,,,,,ent.4545.hit,ent.4545.die,ent.4545.idle,ent.4545.foot,,,,,horse_4543_3,,,1,,,,,,,1,,0.7,,,,,,,,,,,
4545,咕咕,,,,,,,,,,,,110101,1,4543,,,,1,,,,,,,200,,,,,,,,,,,,,,,,1,0,,,,,,,,,,7,2.6,16,5000,300,120,160,280,180,180,,400,15,0,0,255,,,,,,1,,,,,,,,,,,,,,,,,,,,,,,,,,,,,,,ent.4545.hit,ent.4545.die,ent.4545.idle,ent.4545.foot,,,,,horse_4543_3,,,1,,,,,,,1,,0.7,,,,,,,,,,,
45424,咕咕,,,,,,,,,,,,110101,1,4543,,,,1,,,,,,,200,,,,,,,,,,,,,,,,1,0,,,,,,,,,,7,2.6,16,5000,300,120,160,280,180,180,,400,15,0,0,255,,,,,,1,,,,,,,,,,,,,,,,,,,,,,,,,,,,,,,ent.4545.hit,ent.4545.die,ent.4545.idle,ent.4545.foot,,,,,horse_4543_3,,,1,,,,,,,1,,0.7,,,,,,,,,,,
45425,炼金雀,,,,,,,,,,,,110101,2,4544,,,,1,,,,,,,200,,,,,,,,,,,,,,,,1,0,,,,,,,,,,7,2.6,16,5000,400,120,160,280,180,180,,400,15,0,0,255,,,,,,1,,,,,,,,,,,,,,,,,,,,,,,,,,,,,,,ent.4545.hit,ent.4545.die,ent.4545.idle,ent.4545.foot,ent.4545.attack1,,ent.4545.attack2,,horse_4544_3,,,1,,,,,,,1,,0.7,,,,,,,,,,,
45426,炼金雀,,,,,,,,,,,,110101,2,4544,,,,1,,,,,,,200,,,,,,,,,,,,,,,,1,0,,,,,,,,,,7,2.6,16,5000,400,120,160,280,180,180,,400,15,0,0,255,,,,,,1,,,,,,,,,,,,,,,,,,,,,,,,,,,,,,,ent.4545.hit,ent.4545.die,ent.4545.idle,ent.4545.foot,ent.4545.attack1,,ent.4545.attack2,,horse_4544_3,,,1,,,,,,,1,,0.7,,,,,,,,,,,
45427,炼金雀,,,,,,,,,,,,110101,2,4544,,,,1,,,,,,,200,,,,,,,,,,,,,,,,1,0,,,,,,,,,,7,2.6,16,5000,400,120,160,280,180,180,,400,15,0,0,255,,,,,,1,,,,,,,,,,,,,,,,,,,,,,,,,,,,,,,ent.4545.hit,ent.4545.die,ent.4545.idle,ent.4545.foot,ent.4545.attack1,,ent.4545.attack2,,horse_4544_3,,,1,,,,,,,1,,0.7,,,,,,,,,,,
45428,炼金雀,,,,,,,,,,,,110101,2,4544,,,,1,,,,,,,200,,,,,,,,,,,,,,,,1,0,,,,,,,,,,7,2.6,16,5000,400,120,160,280,180,180,,400,15,0,0,255,,,,,,1,,,,,,,,,,,,,,,,,,,,,,,,,,,,,,,ent.4545.hit,ent.4545.die,ent.4545.idle,ent.4545.foot,ent.4545.attack1,,ent.4545.attack2,,horse_4544_3,,,1,,,,,,,1,,0.7,,,,,,,,,,,
45429,炼金雀,,,,,,,,,,,,110101,2,4544,,,,1,,,,,,,200,,,,,,,,,,,,,,,,1,0,,,,,,,,,,7,2.6,16,5000,400,120,160,280,180,180,,400,15,0,0,255,,,,,,1,,,,,,,,,,,,,,,,,,,,,,,,,,,,,,,ent.4545.hit,ent.4545.die,ent.4545.idle,ent.4545.foot,ent.4545.attack1,,ent.4545.attack2,,horse_4544_3,,,1,,,,,,,1,,0.7,,,,,,,,,,,
45430,千机隼,,,,,,,,,,,,110101,3,4545,,,,1,,,,,,,200,,,,,,,,,,,,,,,,1,0,,,,,,,,,,7,2.6,16,5000,420,120,160,280,180,180,,400,15,0,0,255,,,,,,1,,,,,,,,,,,,,,,,,,,,,,,,,,,,,,,ent.4545.hit,ent.4545.die,ent.4545.idle,ent.4545.foot,ent.4545.attack1,,ent.4545.attack2,,horse_4545_3,,,1,,,,,,,1,,0.7,,,,,,,,,,,
4546,打碟机0级,,,,,,,,,,,,110102,,4546,,,,1,,,,,,,200,,,,,,,,,,,,,,,,1,0,,,,,,,,,,7,2.6,16,5000,200,200,160,200,120,160,,400,15,0,0,255,,,,,,1,,,,,,,,,,,,,,,,,,,,,,,,,,,,,,,ent.4547.hit,ent.4547.die,ent.4547.idle,ent.4547.foot,,,,,,,,1,,,,,,,1,,,,,,,,,,,,,
4547,最强音浪,,,,,,,,,,,,110102,1,4547,,,,1,,,,,,,200,,,,,,,,,,,,,,,,1,0,,,,,,,,,,7,2.6,16,5000,200,200,160,200,120,160,,400,15,0,0,255,,,,,,1,,,,,,,,,,,,,,,,,,,,,,,,,,,,,,,ent.4547.hit,ent.4547.die,ent.4547.idle,ent.4547.foot,ent.4547.attack1,,,,horse_4547_3,,,1,,,,,,,1,,0.7,,,,,,,,,,,
4548,最强音浪,,,,,,,,,,,,110102,1,4547,,,,1,,,,,,,200,,,,,,,,,,,,,,,,1,0,,,,,,,,,,7,2.6,16,5000,200,200,160,200,120,160,,400,15,0,0,255,,,,,,1,,,,,,,,,,,,,,,,,,,,,,,,,,,,,,,ent.4547.hit,ent.4547.die,ent.4547.idle,ent.4547.foot,ent.4547.attack1,,,,horse_4547_3,,,1,,,,,,,1,,0.7,,,,,,,,,,,
45463,最强音浪,,,,,,,,,,,,110102,1,4547,,,,1,,,,,,,200,,,,,,,,,,,,,,,,1,0,,,,,,,,,,7,2.6,16,5000,200,200,160,200,120,160,,400,15,0,0,255,,,,,,1,,,,,,,,,,,,,,,,,,,,,,,,,,,,,,,ent.4547.hit,ent.4547.die,ent.4547.idle,ent.4547.foot,ent.4547.attack1,,,,horse_4547_3,,,1,,,,,,,1,,0.7,,,,,,,,,,,
45464,最强音浪,,,,,,,,,,,,110102,1,4547,,,,1,,,,,,,200,,,,,,,,,,,,,,,,1,0,,,,,,,,,,7,2.6,16,5000,200,200,160,200,120,160,,400,15,0,0,255,,,,,,1,,,,,,,,,,,,,,,,,,,,,,,,,,,,,,,ent.4547.hit,ent.4547.die,ent.4547.idle,ent.4547.foot,ent.4547.attack1,,,,horse_4547_3,,,1,,,,,,,1,,0.7,,,,,,,,,,,
45465,最强音浪,,,,,,,,,,,,110102,1,4547,,,,1,,,,,,,200,,,,,,,,,,,,,,,,1,0,,,,,,,,,,7,2.6,16,5000,200,200,160,200,120,160,,400,15,0,0,255,,,,,,1,,,,,,,,,,,,,,,,,,,,,,,,,,,,,,,ent.4547.hit,ent.4547.die,ent.4547.idle,ent.4547.foot,ent.4547.attack1,,,,horse_4547_3,,,1,,,,,,,1,,0.7,,,,,,,,,,,
45466,最强音浪,,,,,,,,,,,,110102,1,4547,,,,1,,,,,,,200,,,,,,,,,,,,,,,,1,0,,,,,,,,,,7,2.6,16,5000,200,200,160,200,120,160,,400,15,0,0,255,,,,,,1,,,,,,,,,,,,,,,,,,,,,,,,,,,,,,,ent.4547.hit,ent.4547.die,ent.4547.idle,ent.4547.foot,ent.4547.attack1,,,,horse_4547_3,,,1,,,,,,,1,,0.7,,,,,,,,,,,
45467,最强音浪,,,,,,,,,,,,110102,1,4547,,,,1,,,,,,,200,,,,,,,,,,,,,,,,1,0,,,,,,,,,,7,2.6,16,5000,200,200,160,200,120,160,,400,15,0,0,255,,,,,,1,,,,,,,,,,,,,,,,,,,,,,,,,,,,,,,ent.4547.hit,ent.4547.die,ent.4547.idle,ent.4547.foot,ent.4547.attack1,,,,horse_4547_3,,,1,,,,,,,1,,0.7,,,,,,,,,,,
45468,最强音浪,,,,,,,,,,,,110102,1,4547,,,,1,,,,,,,200,,,,,,,,,,,,,,,,1,0,,,,,,,,,,7,2.6,16,5000,200,200,160,200,120,160,,400,15,0,0,255,,,,,,1,,,,,,,,,,,,,,,,,,,,,,,,,,,,,,,ent.4547.hit,ent.4547.die,ent.4547.idle,ent.4547.foot,ent.4547.attack1,,,,horse_4547_3,,,1,,,,,,,1,,0.7,,,,,,,,,,,
45469,最强音浪,,,,,,,,,,,,110102,1,4547,,,,1,,,,,,,200,,,,,,,,,,,,,,,,1,0,,,,,,,,,,7,2.6,16,5000,200,200,160,200,120,160,,400,15,0,0,255,,,,,,1,,,,,,,,,,,,,,,,,,,,,,,,,,,,,,,ent.4547.hit,ent.4547.die,ent.4547.idle,ent.4547.foot,ent.4547.attack1,,,,horse_4547_3,,,1,,,,,,,1,,0.7,,,,,,,,,,,
45470,无限电音,,,,,,,,,,,,110102,2,4548,,,,1,,,,,,,200,,,,,,,,,,,,,,,,1,0,,,,,,,,,,7,2.6,16,5000,200,200,160,200,120,160,,400,15,0,0,255,,,,,,1,,,,,,,,,,,,,,,,,,,,,,,,,,,,,,,ent.4547.hit,ent.4547.die,ent.4547.idle,ent.4547.foot,ent.4547.attack2,,,,horse_4548_3,,,1,,,,,,,1,,0.7,,,,,,,,,,,
4549,花架0级,,,,,,,,,,,,110103,,4549,,,,1,,,,,,,200,,,,,,,,,,,,,,,,1,0,,,,,,,,,,7,2.6,16,5000,200,200,160,300,180,180,,400,15,0,0,255,,,,,,1,,,,,,,,,,,,,,,,,,,,,,,,,,,,,,,ent.4550.hit,ent.4550.die,ent.4550.idle,ent.4550.foot,,,,,,,,1,,,,,,,1,,,,,,,,,,,,,
4550,云中花架,,,,,,,,,,,,110103,1,4550,,,,1,,,,,,,200,,,,,,,,,,,,,,,,1,0,,,,,,,,,,7,2.6,16,5000,400,200,160,300,180,180,,400,15,0,0,255,,,,,,1,,,,,,,,,,,,,,,,,,,,,,,,,,,,,,,ent.4550.hit,ent.4550.die,ent.4550.idle,ent.4550.foot,ent.4550.attack1,,,,horse_4550_3,,,1,,,,,,,1,,0.7,,,,,,,,,,,
4551,云中花架,,,,,,,,,,,,110103,1,4550,,,,1,,,,,,,200,,,,,,,,,,,,,,,,1,0,,,,,,,,,,7,2.6,16,5000,400,200,160,300,180,180,,400,15,0,0,255,,,,,,1,,,,,,,,,,,,,,,,,,,,,,,,,,,,,,,ent.4550.hit,ent.4550.die,ent.4550.idle,ent.4550.foot,ent.4550.attack1,,,,horse_4550_3,,,1,,,,,,,1,,0.7,,,,,,,,,,,
45493,云中花架,,,,,,,,,,,,110103,1,4550,,,,1,,,,,,,200,,,,,,,,,,,,,,,,1,0,,,,,,,,,,7,2.6,16,5000,400,200,160,300,180,180,,400,15,0,0,255,,,,,,1,,,,,,,,,,,,,,,,,,,,,,,,,,,,,,,ent.4550.hit,ent.4550.die,ent.4550.idle,ent.4550.foot,ent.4550.attack1,,,,horse_4550_3,,,1,,,,,,,1,,0.7,,,,,,,,,,,
45494,云中花架,,,,,,,,,,,,110103,1,4550,,,,1,,,,,,,200,,,,,,,,,,,,,,,,1,0,,,,,,,,,,7,2.6,16,5000,400,200,160,300,180,180,,400,15,0,0,255,,,,,,1,,,,,,,,,,,,,,,,,,,,,,,,,,,,,,,ent.4550.hit,ent.4550.die,ent.4550.idle,ent.4550.foot,ent.4550.attack1,,,,horse_4550_3,,,1,,,,,,,1,,0.7,,,,,,,,,,,
45495,云中花架,,,,,,,,,,,,110103,1,4550,,,,1,,,,,,,200,,,,,,,,,,,,,,,,1,0,,,,,,,,,,7,2.6,16,5000,400,200,160,300,180,180,,400,15,0,0,255,,,,,,1,,,,,,,,,,,,,,,,,,,,,,,,,,,,,,,ent.4550.hit,ent.4550.die,ent.4550.idle,ent.4550.foot,ent.4550.attack1,,,,horse_4550_3,,,1,,,,,,,1,,0.7,,,,,,,,,,,
45496,云中花架,,,,,,,,,,,,110103,1,4550,,,,1,,,,,,,200,,,,,,,,,,,,,,,,1,0,,,,,,,,,,7,2.6,16,5000,400,200,160,300,180,180,,400,15,0,0,255,,,,,,1,,,,,,,,,,,,,,,,,,,,,,,,,,,,,,,ent.4550.hit,ent.4550.die,ent.4550.idle,ent.4550.foot,ent.4550.attack1,,,,horse_4550_3,,,1,,,,,,,1,,0.7,,,,,,,,,,,
45497,云中花架,,,,,,,,,,,,110103,1,4550,,,,1,,,,,,,200,,,,,,,,,,,,,,,,1,0,,,,,,,,,,7,2.6,16,5000,400,200,160,300,180,180,,400,15,0,0,255,,,,,,1,,,,,,,,,,,,,,,,,,,,,,,,,,,,,,,ent.4550.hit,ent.4550.die,ent.4550.idle,ent.4550.foot,ent.4550.attack1,,,,horse_4550_3,,,1,,,,,,,1,,0.7,,,,,,,,,,,
45498,云中花架,,,,,,,,,,,,110103,1,4550,,,,1,,,,,,,200,,,,,,,,,,,,,,,,1,0,,,,,,,,,,7,2.6,16,5000,400,200,160,300,180,180,,400,15,0,0,255,,,,,,1,,,,,,,,,,,,,,,,,,,,,,,,,,,,,,,ent.4550.hit,ent.4550.die,ent.4550.idle,ent.4550.foot,ent.4550.attack1,,,,horse_4550_3,,,1,,,,,,,1,,0.7,,,,,,,,,,,
45499,云中花架,,,,,,,,,,,,110103,1,4550,,,,1,,,,,,,200,,,,,,,,,,,,,,,,1,0,,,,,,,,,,7,2.6,16,5000,400,200,160,300,180,180,,400,15,0,0,255,,,,,,1,,,,,,,,,,,,,,,,,,,,,,,,,,,,,,,ent.4550.hit,ent.4550.die,ent.4550.idle,ent.4550.foot,ent.4550.attack1,,,,horse_4550_3,,,1,,,,,,,1,,0.7,,,,,,,,,,,
45500,云梦花舞,,,,,,,,,,,,110103,2,4551,,,,1,,,,,,,200,,,,,,,,,,,,,,,,1,0,,,,,,,,,,7,2.6,16,5000,420,200,160,300,180,180,,400,15,0,0,255,,,,,,1,,,,,,,,,,,,,,,,,,,,,,,,,,,,,,,ent.4550.hit,ent.4550.die,ent.4550.idle,ent.4550.foot,ent.4550.attack1,,,,horse_4551_3,,,1,,,,,,,1,,0.7,,,,,,,,,,,
4552,扇子0级,,,,,,,,,,,,110104,,4552,,,,1,,,,,,,200,,,,,,,,,,,,,,,,1,0,,,,,,,,,,7,2.6,16,5000,200,120,160,300,300,220,,400,15,0,0,255,,,,,,1,,,,,,,,,,,,,,,,,,,,,,,,,,,,,,,ent.4553.hit,ent.4553.die,ent.4553.idle,ent.4553.foot,,,,,,,,1,,,,,,,1,,,,,,,,,,,,,
4553,水云游,,,,,,,,,,,,110104,1,4553,,,,1,,,,,,,200,,,,,,,,,,,,,,,,1,0,,,,,,,,,,7,2.6,16,5000,200,120,160,300,300,220,,400,15,0,0,255,,,,,,1,,,,,,,,,,,,,,,,,,,,,,,,,,,,,,,ent.4553.hit,ent.4553.die,ent.4553.idle,ent.4553.foot,ent.4553.attack1,,,,horse_4553_3,,,1,,,,,,,1,,0.7,,,,,,,,,,,
4554,水云游,,,,,,,,,,,,110104,1,4553,,,,1,,,,,,,200,,,,,,,,,,,,,,,,1,0,,,,,,,,,,7,2.6,16,5000,200,120,160,300,300,220,,400,15,0,0,255,,,,,,1,,,,,,,,,,,,,,,,,,,,,,,,,,,,,,,ent.4553.hit,ent.4553.die,ent.4553.idle,ent.4553.foot,ent.4553.attack1,,,,horse_4553_3,,,1,,,,,,,1,,0.7,,,,,,,,,,,
45523,水云游,,,,,,,,,,,,110104,1,4553,,,,1,,,,,,,200,,,,,,,,,,,,,,,,1,0,,,,,,,,,,7,2.6,16,5000,200,120,160,300,300,220,,400,15,0,0,255,,,,,,1,,,,,,,,,,,,,,,,,,,,,,,,,,,,,,,ent.4553.hit,ent.4553.die,ent.4553.idle,ent.4553.foot,ent.4553.attack1,,,,horse_4553_3,,,1,,,,,,,1,,0.7,,,,,,,,,,,
45524,水云游,,,,,,,,,,,,110104,1,4553,,,,1,,,,,,,200,,,,,,,,,,,,,,,,1,0,,,,,,,,,,7,2.6,16,5000,200,120,160,300,300,220,,400,15,0,0,255,,,,,,1,,,,,,,,,,,,,,,,,,,,,,,,,,,,,,,ent.4553.hit,ent.4553.die,ent.4553.idle,ent.4553.foot,ent.4553.attack1,,,,horse_4553_3,,,1,,,,,,,1,,0.7,,,,,,,,,,,
45525,水云游,,,,,,,,,,,,110104,1,4553,,,,1,,,,,,,200,,,,,,,,,,,,,,,,1,0,,,,,,,,,,7,2.6,16,5000,200,120,160,300,300,220,,400,15,0,0,255,,,,,,1,,,,,,,,,,,,,,,,,,,,,,,,,,,,,,,ent.4553.hit,ent.4553.die,ent.4553.idle,ent.4553.foot,ent.4553.attack1,,,,horse_4553_3,,,1,,,,,,,1,,0.7,,,,,,,,,,,
45526,水云游,,,,,,,,,,,,110104,1,4553,,,,1,,,,,,,200,,,,,,,,,,,,,,,,1,0,,,,,,,,,,7,2.6,16,5000,200,120,160,300,300,220,,400,15,0,0,255,,,,,,1,,,,,,,,,,,,,,,,,,,,,,,,,,,,,,,ent.4553.hit,ent.4553.die,ent.4553.idle,ent.4553.foot,ent.4553.attack1,,,,horse_4553_3,,,1,,,,,,,1,,0.7,,,,,,,,,,,
45527,水云游,,,,,,,,,,,,110104,1,4553,,,,1,,,,,,,200,,,,,,,,,,,,,,,,1,0,,,,,,,,,,7,2.6,16,5000,200,120,160,300,300,220,,400,15,0,0,255,,,,,,1,,,,,,,,,,,,,,,,,,,,,,,,,,,,,,,ent.4553.hit,ent.4553.die,ent.4553.idle,ent.4553.foot,ent.4553.attack1,,,,horse_4553_3,,,1,,,,,,,1,,0.7,,,,,,,,,,,
45528,水云游,,,,,,,,,,,,110104,1,4553,,,,1,,,,,,,200,,,,,,,,,,,,,,,,1,0,,,,,,,,,,7,2.6,16,5000,200,120,160,300,300,220,,400,15,0,0,255,,,,,,1,,,,,,,,,,,,,,,,,,,,,,,,,,,,,,,ent.4553.hit,ent.4553.die,ent.4553.idle,ent.4553.foot,ent.4553.attack1,,,,horse_4553_3,,,1,,,,,,,1,,0.7,,,,,,,,,,,
45529,水云游,,,,,,,,,,,,110104,1,4553,,,,1,,,,,,,200,,,,,,,,,,,,,,,,1,0,,,,,,,,,,7,2.6,16,5000,200,120,160,300,300,220,,400,15,0,0,255,,,,,,1,,,,,,,,,,,,,,,,,,,,,,,,,,,,,,,ent.4553.hit,ent.4553.die,ent.4553.idle,ent.4553.foot,ent.4553.attack1,,,,horse_4553_3,,,1,,,,,,,1,,0.7,,,,,,,,,,,
45530,醉花荫,,,,,,,,,,,,110104,2,4554,,,,1,,,,,,,200,,,,,,,,,,,,,,,,1,0,,,,,,,,,,7,2.6,16,5000,200,120,160,300,300,220,,400,15,0,0,255,,,,,,1,,,,,,,,,,,,,,,,,,,,,,,,,,,,,,,ent.4553.hit,ent.4553.die,ent.4553.idle,ent.4553.foot,ent.4553.attack1,,ent.4553.attack2,,horse_4554_3,,,1,,,,,,,1,,0.7,,,,,,,,,,,
4555,旺财0级,,,,,,,,,,,,110106,,4555,,,,1,,,,,,,200,,,,,,,,,,,,,,,,1,0,,,,,,,,,,7,2.6,16,5000,200,120,160,200,120,160,,400,15,0,0,255,,,,,,1,,,,,,,,,,,,,,,,,,,,,,,,,,,,,,,ent.4556.hit,ent.4556.die,ent.4556.idle,ent.4556.foot,ent.4556.attack1,,,,,,,1,,,,,,,1,,,,,,,,,,,,,
4556,旺财,,,,,,,,,,,,110106,1,4556,,,,1,,,,,,,200,,,,,,,,,,,,,,,,1,0,,,,,,,,,,7,2.6,16,5000,200,120,160,200,120,160,,400,15,0,0,255,,,,,,1,,,,,,,,,,,,,,,,,,,,,,,,,,,,,,,ent.4556.hit,ent.4556.die,ent.4556.idle,ent.4556.foot,ent.4556.attack1,,,,,,,1,,,,,,,1,,0.7,,,,,,,,,,,
4557,旺财2级预留,,,,,,,,,,,,,,4557,,,,,,,,,,,,,,,,,,,,,,,,,,,,0,,,,,,,,,,,,,,,,,,,,,,,,,,,,,,,,,,,,,,,,,,,,,,,,,,,,,,,,,,,,,,,,,,,,,,,,,,,,,,,,,,,,,,,,,,,,,
4558,旺财3级预留,,,,,,,,,,,,,,4558,,,,,,,,,,,,,,,,,,,,,,,,,,,,0,,,,,,,,,,,,,,,,,,,,,,,,,,,,,,,,,,,,,,,,,,,,,,,,,,,,,,,,,,,,,,,,,,,,,,,,,,,,,,,,,,,,,,,,,,,,,
4559,帝皇驹0级,,,,,,,,,,,,110105,,4559,,,,1,,,,,,,200,,,,,,,,,,,,,,,,1,0,,,,,,,,,,7,2.6,16,5000,200,120,160,200,120,160,,400,15,0,0,255,,,,,,1,,,,,,,,,,,,,,,,,,,,,,,,,,,,,,,ent.4559.hit,ent.4559.die,ent.4559.idle,ent.4559.foot,,,,,,,,1,,,,,,,1,,,,,,,,,,,,,
4560,超音帝皇驹,,,,,,,,,,,,110105,1,4560,,,,1,,,,,,,200,,,,,,,,,,,,,,,,1,0,,,,,,,,,,7,2.6,16,5000,200,120,160,200,120,160,,400,15,0,0,255,,,,,,1,,,,,,,,,,,,,,,,,,,,,,,,,,,,,,,ent.4559.hit,ent.4559.die,ent.4559.idle,ent.4559.foot,,,,,horse_4561_3,,,1,,,,,,,1,,0.7,,,,,,,,,,,
4561,超音帝皇驹,,,,,,,,,,,,110105,1,4560,,,,1,,,,,,,200,,,,,,,,,,,,,,,,1,0,,,,,,,,,,7,2.6,16,5000,200,120,160,200,120,160,,400,15,0,0,255,,,,,,1,,,,,,,,,,,,,,,,,,,,,,,,,,,,,,,ent.4559.hit,ent.4559.die,ent.4559.idle,ent.4559.foot,,,,,horse_4561_3,,,1,,,,,,,1,,0.7,,,,,,,,,,,
4562,超音帝皇驹,,,,,,,,,,,,110105,1,4560,,,,1,,,,,,,200,,,,,,,,,,,,,,,,1,0,,,,,,,,,,7,2.6,16,5000,200,120,160,200,120,160,,400,15,0,0,255,,,,,,1,,,,,,,,,,,,,,,,,,,,,,,,,,,,,,,ent.4559.hit,ent.4559.die,ent.4559.idle,ent.4559.foot,,,,,horse_4561_3,,,1,,,,,,,1,,0.7,,,,,,,,,,,
45594,超音帝皇驹,,,,,,,,,,,,110105,1,4560,,,,1,,,,,,,200,,,,,,,,,,,,,,,,1,0,,,,,,,,,,7,2.6,16,5000,200,120,160,200,120,160,,400,15,0,0,255,,,,,,1,,,,,,,,,,,,,,,,,,,,,,,,,,,,,,,ent.4559.hit,ent.4559.die,ent.4559.idle,ent.4559.foot,,,,,horse_4561_3,,,1,,,,,,,1,,0.7,,,,,,,,,,,
45595,陆行帝皇驹,,,,,,,,,,,,110105,2,4561,,,,1,,,,,,,200,,,,,,,,,,,,,,,,1,0,,,,,,,,,,7,2.6,16,5000,200,120,160,200,120,160,,400,15,0,0,255,,,,,,1,,,,,,,,,,,,,,,,,,,,,,,,,,,,,,,ent.4559.hit,ent.4559.die,ent.4559.idle,ent.4559.foot,ent.4559.attack1,,ent.4559.attack2,,horse_4562_3,,,1,,,,,,,1,,0.7,,,,,,,,,,,
45596,陆行帝皇驹,,,,,,,,,,,,110105,2,4561,,,,1,,,,,,,200,,,,,,,,,,,,,,,,1,0,,,,,,,,,,7,2.6,16,5000,200,120,160,200,120,160,,400,15,0,0,255,,,,,,1,,,,,,,,,,,,,,,,,,,,,,,,,,,,,,,ent.4559.hit,ent.4559.die,ent.4559.idle,ent.4559.foot,ent.4559.attack1,,ent.4559.attack2,,horse_4562_3,,,1,,,,,,,1,,0.7,,,,,,,,,,,
45597,陆行帝皇驹,,,,,,,,,,,,110105,2,4561,,,,1,,,,,,,200,,,,,,,,,,,,,,,,1,0,,,,,,,,,,7,2.6,16,5000,200,120,160,200,120,160,,400,15,0,0,255,,,,,,1,,,,,,,,,,,,,,,,,,,,,,,,,,,,,,,ent.4559.hit,ent.4559.die,ent.4559.idle,ent.4559.foot,ent.4559.attack1,,ent.4559.attack2,,horse_4562_3,,,1,,,,,,,1,,0.7,,,,,,,,,,,
45598,陆行帝皇驹,,,,,,,,,,,,110105,2,4561,,,,1,,,,,,,200,,,,,,,,,,,,,,,,1,0,,,,,,,,,,7,2.6,16,5000,200,120,160,200,120,160,,400,15,0,0,255,,,,,,1,,,,,,,,,,,,,,,,,,,,,,,,,,,,,,,ent.4559.hit,ent.4559.die,ent.4559.idle,ent.4559.foot,ent.4559.attack1,,ent.4559.attack2,,horse_4562_3,,,1,,,,,,,1,,0.7,,,,,,,,,,,
45599,陆行帝皇驹,,,,,,,,,,,,110105,2,4561,,,,1,,,,,,,200,,,,,,,,,,,,,,,,1,0,,,,,,,,,,7,2.6,16,5000,200,120,160,200,120,160,,400,15,0,0,255,,,,,,1,,,,,,,,,,,,,,,,,,,,,,,,,,,,,,,ent.4559.hit,ent.4559.die,ent.4559.idle,ent.4559.foot,ent.4559.attack1,,ent.4559.attack2,,horse_4562_3,,,1,,,,,,,1,,0.7,,,,,,,,,,,
45600,帝皇战龙,,,,,,,,,,,,110105,3,4562,,,,1,,,,,,,200,,,,,,,,,,,,,,,,1,0,,,,,,,,,,7,2.6,16,5000,200,120,160,200,120,160,,400,15,0,0,255,,,,,,1,,,,,,,,,,,,,,,,,,,,,,,,,,,,,,,ent.4559.hit,ent.4559.die,ent.4559.idle,ent.4559.foot,ent.4559.attack1,,ent.4559.attack2,,horse_4563_3,,,1,,,,,,,1,,0.7,,,,,,,,,,,
4563,布老虎0级,,,,,,,,,,,,110108,,4563,,,,1,,,,,,,200,,,,,,,,,,,,,,,,1,0,,,,,,,,,,7,2.6,16,5000,200,120,160,200,120,160,,400,15,0,0,255,,,,,,1,,,,,,,,,,,,,,,,,,,,,,,,,,,,,,,ent.4564.hit,ent.4564.die,ent.4564.idle,ent.4564.foot,,,,,,,,1,,,,,,,1,,,,,,,,,,,,,
4564,小老虎,,,,,,,,,,,,110108,1,4564,,,,1,,,,,,,200,,,,,,,,,,,,,,,,1,0,,,,,,,,,,7,2.6,16,5000,200,120,160,200,120,160,,400,15,0,0,255,,,,,,1,,,,,,,,,,,,,,,,,,,,,,,,,,,,,,,ent.4564.hit,ent.4564.die,ent.4564.idle,ent.4564.foot,,,,,horse_4564_3,,,1,,,,,,,1,,0.7,,,,,,,,,,,
4565,小老虎,,,,,,,,,,,,110108,1,4564,,,,1,,,,,,,200,,,,,,,,,,,,,,,,1,0,,,,,,,,,,7,2.6,16,5000,200,120,160,200,120,160,,400,15,0,0,255,,,,,,1,,,,,,,,,,,,,,,,,,,,,,,,,,,,,,,ent.4564.hit,ent.4564.die,ent.4564.idle,ent.4564.foot,,,,,horse_4564_3,,,1,,,,,,,1,,0.7,,,,,,,,,,,
4566,小老虎,,,,,,,,,,,,110108,1,4564,,,,1,,,,,,,200,,,,,,,,,,,,,,,,1,0,,,,,,,,,,7,2.6,16,5000,200,120,160,200,120,160,,400,15,0,0,255,,,,,,1,,,,,,,,,,,,,,,,,,,,,,,,,,,,,,,ent.4564.hit,ent.4564.die,ent.4564.idle,ent.4564.foot,,,,,horse_4564_3,,,1,,,,,,,1,,0.7,,,,,,,,,,,
45634,小老虎,,,,,,,,,,,,110108,1,4564,,,,1,,,,,,,200,,,,,,,,,,,,,,,,1,0,,,,,,,,,,7,2.6,16,5000,200,120,160,200,120,160,,400,15,0,0,255,,,,,,1,,,,,,,,,,,,,,,,,,,,,,,,,,,,,,,ent.4564.hit,ent.4564.die,ent.4564.idle,ent.4564.foot,,,,,horse_4564_3,,,1,,,,,,,1,,0.7,,,,,,,,,,,
45635,萌虎下山,,,,,,,,,,,,110108,2,4565,,,,1,,,,,,,200,,,,,,,,,,,,,,,,1,0,,,,,,,,,,7,2.6,16,5000,200,120,160,200,120,160,,400,15,0,0,255,,,,,,1,,,,,,,,,,,,,,,,,,,,,,,,,,,,,,,ent.4564.hit,ent.4564.die,ent.4564.idle,ent.4564.foot,ent.4564.attack1,,ent.4564.attack2,,horse_4565_3,,,1,,,,,,,1,,0.7,,,,,,,,,,,
45636,萌虎下山,,,,,,,,,,,,110108,2,4565,,,,1,,,,,,,200,,,,,,,,,,,,,,,,1,0,,,,,,,,,,7,2.6,16,5000,200,120,160,200,120,160,,400,15,0,0,255,,,,,,1,,,,,,,,,,,,,,,,,,,,,,,,,,,,,,,ent.4564.hit,ent.4564.die,ent.4564.idle,ent.4564.foot,ent.4564.attack1,,ent.4564.attack2,,horse_4565_3,,,1,,,,,,,1,,0.7,,,,,,,,,,,
45637,萌虎下山,,,,,,,,,,,,110108,2,4565,,,,1,,,,,,,200,,,,,,,,,,,,,,,,1,0,,,,,,,,,,7,2.6,16,5000,200,120,160,200,120,160,,400,15,0,0,255,,,,,,1,,,,,,,,,,,,,,,,,,,,,,,,,,,,,,,ent.4564.hit,ent.4564.die,ent.4564.idle,ent.4564.foot,ent.4564.attack1,,ent.4564.attack2,,horse_4565_3,,,1,,,,,,,1,,0.7,,,,,,,,,,,
45638,萌虎下山,,,,,,,,,,,,110108,2,4565,,,,1,,,,,,,200,,,,,,,,,,,,,,,,1,0,,,,,,,,,,7,2.6,16,5000,200,120,160,200,120,160,,400,15,0,0,255,,,,,,1,,,,,,,,,,,,,,,,,,,,,,,,,,,,,,,ent.4564.hit,ent.4564.die,ent.4564.idle,ent.4564.foot,ent.4564.attack1,,ent.4564.attack2,,horse_4565_3,,,1,,,,,,,1,,0.7,,,,,,,,,,,
45639,萌虎下山,,,,,,,,,,,,110108,2,4565,,,,1,,,,,,,200,,,,,,,,,,,,,,,,1,0,,,,,,,,,,7,2.6,16,5000,200,120,160,200,120,160,,400,15,0,0,255,,,,,,1,,,,,,,,,,,,,,,,,,,,,,,,,,,,,,,ent.4564.hit,ent.4564.die,ent.4564.idle,ent.4564.foot,ent.4564.attack1,,ent.4564.attack2,,horse_4565_3,,,1,,,,,,,1,,0.7,,,,,,,,,,,
45640,虎虎生威,,,,,,,,,,,,110108,3,4566,,,,1,,,,,,,200,,,,,,,,,,,,,,,,1,0,,,,,,,,,,7,2.6,16,5000,200,120,160,200,120,160,,400,15,0,0,255,,,,,,1,,,,,,,,,,,,,,,,,,,,,,,,,,,,,,,ent.4564.hit,ent.4564.die,ent.4564.idle,ent.4564.foot,ent.4564.attack1,,ent.4564.attack2,,horse_4566_3,,,1,,,,,,,1,,0.7,,,,,,,,,,,
4567,米兰达0级,,,,,,,,,,,,110109,,4567,,,,1,,,,,,,200,,,,,,,,,,,,,,,,,0,,,,,,,,,,7,2.6,16,5000,200,120,160,200,120,160,,400,15,0,0,255,,,,,,1,,,,,,,,,,,,,,,,,,,,,,,,,,,,,,,ent.4568.hit,ent.4568.die,ent.4568.idle,ent.4568.foot,,,,,,,,1,,,,,,,1,,0.7,,,,,,,,,,,
4568,米兰达,,,,,,,,,,,,110109,1,4568,,,,1,,,,,,,200,,,,,,,,,,,,,,,,,0,,,,,,,,,,7,2.6,16,5000,200,120,160,200,120,160,,400,15,0,0,255,,,,,,1,,,,,,,,,,,,,,,,,,,,,,,,,,,,,,,ent.4568.hit,ent.4568.die,ent.4568.idle,ent.4568.foot,,,,,140202_4,,,1,,,,,,,1,,0.7,,,,,,,,,,,
4569,帝皇侠0级,,,,,,,,,,,,110107,,4569,,,,1,,,,,,,200,,,,,,,,,,,,,,,,,0,,,,,,,,,,7,2.6,16,5000,200,120,160,200,120,160,,400,15,0,0,255,,,,,,1,,,,,,,,,,,,,,,,,,,,,,,,,,,,,,,ent.4570.hit,ent.4570.die,ent.4570.idle,ent.4570.foot,,,,,,,,1,,,,,,,1,,0.7,,,,,,,,,,,
4570,帝皇侠,,,,,,,,,,,,110107,1,4570,,,,1,,,,,,,200,,,,,,,,,,,,,,,,,0,,,,,,,,,,7,2.6,16,5000,200,120,160,200,120,160,,400,15,0,0,255,,,,,,1,,,,,,,,,,,,,,,,,,,,,,,,,,,,,,,ent.4570.hit,ent.4570.die,ent.4570.idle,ent.4570.foot,,,,,140203_4,,,1,,,,,,,1,,0.7,,,,,,,,,,,
4571,纸鹤0级,,,,,,,,,,,,,,4571,,,,1,,,,,,,200,,,,,,,,,,,,,,,,1,0,,,,,,,,,,7,2.6,16,5000,200,120,160,200,120,160,,400,15,0,0,255,,,,,,1,,,,,,,,,,,,,,,,,,,,,,,,,,,,,,,ent.4571.hit,ent.4571.die,ent.4571.idle,ent.4571.foot,,,,,,,,1,,,,,,,1,,,,,,,,,,,,,
4572,星语心愿,,,,,,,,,,,,110110,1,4572,,,,1,,,,,,,200,,,,,,,,,,,,,,,,1,0,,,,,,,,,,7,2.6,16,5000,300,200,160,280,300,220,,400,15,0,0,255,,,,,,1,,,,,,,,,,,,,,,,,,,,,,,,,,,,,,,ent.4571.hit,ent.4571.die,ent.4571.idle,ent.4571.foot,,,,,horse_4572_3,,,1,,,,,,,1,,0.7,,,,,,,,,,,
4573,星语心愿,,,,,,,,,,,,110110,1,4572,,,,1,,,,,,,200,,,,,,,,,,,,,,,,1,0,,,,,,,,,,7,2.6,16,5000,300,200,160,280,300,220,,400,15,0,0,255,,,,,,1,,,,,,,,,,,,,,,,,,,,,,,,,,,,,,,ent.4571.hit,ent.4571.die,ent.4571.idle,ent.4571.foot,,,,,horse_4572_3,,,1,,,,,,,1,,0.7,,,,,,,,,,,
4574,星语心愿,,,,,,,,,,,,110110,1,4572,,,,1,,,,,,,200,,,,,,,,,,,,,,,,1,0,,,,,,,,,,7,2.6,16,5000,300,200,160,280,300,220,,400,15,0,0,255,,,,,,1,,,,,,,,,,,,,,,,,,,,,,,,,,,,,,,ent.4571.hit,ent.4571.die,ent.4571.idle,ent.4571.foot,,,,,horse_4572_3,,,1,,,,,,,1,,0.7,,,,,,,,,,,
45744,星语心愿,,,,,,,,,,,,110110,1,4572,,,,1,,,,,,,200,,,,,,,,,,,,,,,,1,0,,,,,,,,,,7,2.6,16,5000,300,200,160,280,300,220,,400,15,0,0,255,,,,,,1,,,,,,,,,,,,,,,,,,,,,,,,,,,,,,,ent.4571.hit,ent.4571.die,ent.4571.idle,ent.4571.foot,,,,,horse_4572_3,,,1,,,,,,,1,,0.7,,,,,,,,,,,
45745,华灯初上,,,,,,,,,,,,110110,2,4573,,,,1,,,,,,,200,,,,,,,,,,,,,,,,1,0,,,,,,,,,,7,2.6,16,5000,400,200,160,280,300,220,,400,15,0,0,255,,,,,,1,,,,,,,,,,,,,,,,,,,,,,,,,,,,,,,ent.4571.hit,ent.4571.die,ent.4571.idle,ent.4571.foot,ent.4571.attack1,,ent.4571.attack2,,horse_4573_3,,,1,,,,,,,1,,0.7,,,,,,,,,,,
45746,华灯初上,,,,,,,,,,,,110110,2,4573,,,,1,,,,,,,200,,,,,,,,,,,,,,,,1,0,,,,,,,,,,7,2.6,16,5000,400,200,160,280,300,220,,400,15,0,0,255,,,,,,1,,,,,,,,,,,,,,,,,,,,,,,,,,,,,,,ent.4571.hit,ent.4571.die,ent.4571.idle,ent.4571.foot,ent.4571.attack1,,ent.4571.attack2,,horse_4573_3,,,1,,,,,,,1,,0.7,,,,,,,,,,,
45747,华灯初上,,,,,,,,,,,,110110,2,4573,,,,1,,,,,,,200,,,,,,,,,,,,,,,,1,0,,,,,,,,,,7,2.6,16,5000,400,200,160,280,300,220,,400,15,0,0,255,,,,,,1,,,,,,,,,,,,,,,,,,,,,,,,,,,,,,,ent.4571.hit,ent.4571.die,ent.4571.idle,ent.4571.foot,ent.4571.attack1,,ent.4571.attack2,,horse_4573_3,,,1,,,,,,,1,,0.7,,,,,,,,,,,
45748,华灯初上,,,,,,,,,,,,110110,2,4573,,,,1,,,,,,,200,,,,,,,,,,,,,,,,1,0,,,,,,,,,,7,2.6,16,5000,400,200,160,280,300,220,,400,15,0,0,255,,,,,,1,,,,,,,,,,,,,,,,,,,,,,,,,,,,,,,ent.4571.hit,ent.4571.die,ent.4571.idle,ent.4571.foot,ent.4571.attack1,,ent.4571.attack2,,horse_4573_3,,,1,,,,,,,1,,0.7,,,,,,,,,,,
45749,华灯初上,,,,,,,,,,,,110110,2,4573,,,,1,,,,,,,200,,,,,,,,,,,,,,,,1,0,,,,,,,,,,7,2.6,16,5000,400,200,160,280,300,220,,400,15,0,0,255,,,,,,1,,,,,,,,,,,,,,,,,,,,,,,,,,,,,,,ent.4571.hit,ent.4571.die,ent.4571.idle,ent.4571.foot,ent.4571.attack1,,ent.4571.attack2,,horse_4573_3,,,1,,,,,,,1,,0.7,,,,,,,,,,,
45750,春风燕语,,,,,,,,,,,,110110,3,4574,,,,1,,,,,,,200,,,,,,,,,,,,,,,,1,0,,,,,,,,,,7,2.6,16,5000,420,200,160,280,300,220,,400,15,0,0,255,,,,,,1,,,,,,,,,,,,,,,,,,,,,,,,,,,,,,,ent.4571.hit,ent.4571.die,ent.4571.idle,ent.4571.foot,ent.4571.attack1,,ent.4571.attack2,,horse_4574_3,,,1,,,,,,,1,,0.7,,,,,,,,,,,
4575,骆驼0级,,,,,,,,,,,,110111,,4575,,,,1,,,,,,,200,,,,,,,,,,,,,,,,1,0,,,,,,,,,,7,2.6,16,5000,200,200,160,280,300,220,,400,15,0,0,255,,,,,,1,,,,,,,,,,,,,,,,,,,,,,,,,,,,,,,ent.4576.hit,ent.4576.die,ent.4576.idle,ent.4576.foot,ent.4576.attack1,,,,,,,1,,,,,,,1,,,,,,,,,,,,,
4576,沙漠之舟,,,,,,,,,,,,110111,1,4576,,,,1,,,,,,,200,,,,,,,,,,,,,,,,1,0,,,,,,,,,,7,2.6,16,5000,200,200,160,280,300,220,,400,15,0,0,255,,,,,,1,,,,,,,,,,,,,,,,,,,,,,,,,,,,,,,ent.4576.hit,ent.4576.die,ent.4576.idle,ent.4576.foot,ent.4576.attack1,,,,,,,1,,,,,,,1,,0.7,,,,,,,,,,,
4577,绿洲使者,,,,,,,,,,,,110111,2,4577,,,,1,,,,,,,200,,,,,,,,,,,,,,,,1,0,,,,,,,,,,7,2.6,16,5000,200,200,160,280,300,220,,400,15,0,0,255,,,,,,1,,,,,,,,,,,,,,,,,,,,,,,,,,,,,,,ent.4576.hit,ent.4576.die,ent.4576.idle,ent.4576.foot,ent.4576.attack1,,,,horse_111_3,,,1,,,,,,,1,,0.7,,,,,,,,,,,
4578,华丽神驼,,,,,,,,,,,,110111,3,4578,,,,1,,,,,,,200,,,,,,,,,,,,,,,,1,0,,,,,,,,,,7,2.6,16,5000,200,200,160,280,300,220,,400,15,0,0,255,,,,,,1,,,,,,,,,,,,,,,,,,,,,,,,,,,,,,,ent.4576.hit,ent.4576.die,ent.4576.idle,ent.4576.foot,ent.4576.attack1,,,,horse_111_4,,,1,,,,,,,1,,0.7,,,,,,,,,,,
4579,画卷0级,,,,,,,,,,,,110112,,4579,,,,1,,,,,,,200,,,,,,,,,,,,,,,,1,0,,,,,,,,,,7,2.6,16,5000,200,120,160,200,120,160,,400,15,0,0,255,,,,,,1,,,,,,,,,,,,,,,,,,,,,,,,,,,,,,,ent.4580.hit,ent.4580.die,ent.4580.idle,ent.4580.foot,,,,,,,,1,,,,,,,1,,0.7,,,,,,,,,,,
4580,梦逍遥,,,,,,,,,,,,110112,1,4580,,,,1,,,,,,,200,,,,,,,,,,,,,,,,1,0,,,,,,,,,,7,2.6,16,5000,300,120,160,280,180,180,,400,15,0,0,255,,,,,,1,,,,,,,,,,,,,,,,,,,,,,,,,,,,,,,ent.4580.hit,ent.4580.die,ent.4580.idle,ent.4580.foot,ent.4580.attack1,,ent.4580.attack2,,horse_4580_3,,,1,,,,,,,1,,0.7,,,,,,,,,,,
4581,梦逍遥,,,,,,,,,,,,110112,1,4580,,,,1,,,,,,,200,,,,,,,,,,,,,,,,1,0,,,,,,,,,,7,2.6,16,5000,300,120,160,280,180,180,,400,15,0,0,255,,,,,,1,,,,,,,,,,,,,,,,,,,,,,,,,,,,,,,ent.4580.hit,ent.4580.die,ent.4580.idle,ent.4580.foot,ent.4580.attack1,,ent.4580.attack2,,horse_4580_3,,,1,,,,,,,1,,0.7,,,,,,,,,,,
45793,梦逍遥,,,,,,,,,,,,110112,1,4580,,,,1,,,,,,,200,,,,,,,,,,,,,,,,1,0,,,,,,,,,,7,2.6,16,5000,300,120,160,280,180,180,,400,15,0,0,255,,,,,,1,,,,,,,,,,,,,,,,,,,,,,,,,,,,,,,ent.4580.hit,ent.4580.die,ent.4580.idle,ent.4580.foot,ent.4580.attack1,,ent.4580.attack2,,horse_4580_3,,,1,,,,,,,1,,0.7,,,,,,,,,,,
45794,梦逍遥,,,,,,,,,,,,110112,1,4580,,,,1,,,,,,,200,,,,,,,,,,,,,,,,1,0,,,,,,,,,,7,2.6,16,5000,300,120,160,280,180,180,,400,15,0,0,255,,,,,,1,,,,,,,,,,,,,,,,,,,,,,,,,,,,,,,ent.4580.hit,ent.4580.die,ent.4580.idle,ent.4580.foot,ent.4580.attack1,,ent.4580.attack2,,horse_4580_3,,,1,,,,,,,1,,0.7,,,,,,,,,,,
45795,梦逍遥,,,,,,,,,,,,110112,1,4580,,,,1,,,,,,,200,,,,,,,,,,,,,,,,1,0,,,,,,,,,,7,2.6,16,5000,300,120,160,280,180,180,,400,15,0,0,255,,,,,,1,,,,,,,,,,,,,,,,,,,,,,,,,,,,,,,ent.4580.hit,ent.4580.die,ent.4580.idle,ent.4580.foot,ent.4580.attack1,,ent.4580.attack2,,horse_4580_3,,,1,,,,,,,1,,0.7,,,,,,,,,,,
45796,梦逍遥,,,,,,,,,,,,110112,1,4580,,,,1,,,,,,,200,,,,,,,,,,,,,,,,1,0,,,,,,,,,,7,2.6,16,5000,300,120,160,280,180,180,,400,15,0,0,255,,,,,,1,,,,,,,,,,,,,,,,,,,,,,,,,,,,,,,ent.4580.hit,ent.4580.die,ent.4580.idle,ent.4580.foot,ent.4580.attack1,,ent.4580.attack2,,horse_4580_3,,,1,,,,,,,1,,0.7,,,,,,,,,,,
45797,梦逍遥,,,,,,,,,,,,110112,1,4580,,,,1,,,,,,,200,,,,,,,,,,,,,,,,1,0,,,,,,,,,,7,2.6,16,5000,300,120,160,280,180,180,,400,15,0,0,255,,,,,,1,,,,,,,,,,,,,,,,,,,,,,,,,,,,,,,ent.4580.hit,ent.4580.die,ent.4580.idle,ent.4580.foot,ent.4580.attack1,,ent.4580.attack2,,horse_4580_3,,,1,,,,,,,1,,0.7,,,,,,,,,,,
45798,梦逍遥,,,,,,,,,,,,110112,1,4580,,,,1,,,,,,,200,,,,,,,,,,,,,,,,1,0,,,,,,,,,,7,2.6,16,5000,300,120,160,280,180,180,,400,15,0,0,255,,,,,,1,,,,,,,,,,,,,,,,,,,,,,,,,,,,,,,ent.4580.hit,ent.4580.die,ent.4580.idle,ent.4580.foot,ent.4580.attack1,,ent.4580.attack2,,horse_4580_3,,,1,,,,,,,1,,0.7,,,,,,,,,,,
45799,梦逍遥,,,,,,,,,,,,110112,1,4580,,,,1,,,,,,,200,,,,,,,,,,,,,,,,1,0,,,,,,,,,,7,2.6,16,5000,300,120,160,280,180,180,,400,15,0,0,255,,,,,,1,,,,,,,,,,,,,,,,,,,,,,,,,,,,,,,ent.4580.hit,ent.4580.die,ent.4580.idle,ent.4580.foot,ent.4580.attack1,,ent.4580.attack2,,horse_4580_3,,,1,,,,,,,1,,0.7,,,,,,,,,,,
45800,绘江山,,,,,,,,,,,,110112,2,4581,,,,1,,,,,,,200,,,,,,,,,,,,,,,,1,0,,,,,,,,,,7,2.6,16,5000,400,120,160,280,180,180,,400,15,0,0,255,,,,,,1,,,,,,,,,,,,,,,,,,,,,,,,,,,,,,,ent.4580.hit,ent.4580.die,ent.4580.idle,ent.4580.foot,ent.4580.attack1,,ent.4580.attack2,,horse_4581_3,,,1,,,,,,,1,,0.7,,,,,,,,,,,
4582,仙钥0级,,,,,,,,,,,,,,4582,,,,1,,,,,,,200,,,,,,,,,,,,,,,,1,0,,,,,,,,,,7,2.6,16,5000,200,120,160,200,120,160,,400,15,0,0,255,,,,,,1,,,,,,,,,,,,,,,,,,,,,,,,,,,,,,,ent.4582.hit,ent.4582.die,ent.4582.idle,ent.4582.foot,,,,,,,,1,,,,,,,1,,,,,,,,,,,,,
4583,逐影之钥,,,,,,,,,,,,110113,1,4583,,,,1,,,,,,,200,,,,,,,,,,,,,,,,1,0,,,,,,,,,,7,2.6,16,5000,350,200,160,280,400,450,,400,15,0,0,255,,,,,,1,,,,,,,,,,,,,,,,,,,,,,,,,,,,,,,ent.4582.hit,ent.4582.die,ent.4582.idle,ent.4582.foot,,,,,horse_4583_3,,,1,,,,,,,1,,0.7,,,,,,,,,,,
4584,逐影之钥,,,,,,,,,,,,110113,1,4583,,,,1,,,,,,,200,,,,,,,,,,,,,,,,1,0,,,,,,,,,,7,2.6,16,5000,350,200,160,280,400,450,,400,15,0,0,255,,,,,,1,,,,,,,,,,,,,,,,,,,,,,,,,,,,,,,ent.4582.hit,ent.4582.die,ent.4582.idle,ent.4582.foot,,,,,horse_4583_3,,,1,,,,,,,1,,0.7,,,,,,,,,,,
4585,逐影之钥,,,,,,,,,,,,110113,1,4583,,,,1,,,,,,,200,,,,,,,,,,,,,,,,1,0,,,,,,,,,,7,2.6,16,5000,350,200,160,280,400,450,,400,15,0,0,255,,,,,,1,,,,,,,,,,,,,,,,,,,,,,,,,,,,,,,ent.4582.hit,ent.4582.die,ent.4582.idle,ent.4582.foot,,,,,horse_4583_3,,,1,,,,,,,1,,0.7,,,,,,,,,,,
45824,逐影之钥,,,,,,,,,,,,110113,1,4583,,,,1,,,,,,,200,,,,,,,,,,,,,,,,1,0,,,,,,,,,,7,2.6,16,5000,350,200,160,280,400,450,,400,15,0,0,255,,,,,,1,,,,,,,,,,,,,,,,,,,,,,,,,,,,,,,ent.4582.hit,ent.4582.die,ent.4582.idle,ent.4582.foot,,,,,horse_4583_3,,,1,,,,,,,1,,0.7,,,,,,,,,,,
45825,梦璃之钥,,,,,,,,,,,,110113,2,4584,,,,1,,,,,,,200,,,,,,,,,,,,,,,,1,0,,,,,,,,,,7,2.6,16,5000,350,200,160,280,400,450,,400,15,0,0,255,,,,,,1,,,,,,,,,,,,,,,,,,,,,,,,,,,,,,,ent.4582.hit,ent.4582.die,ent.4582.idle,ent.4582.foot,ent.4582.attack1,,ent.4582.attack2,,horse_4583_3,,,1,,,,,,,1,,0.7,,,,,,,,,,,
45826,梦璃之钥,,,,,,,,,,,,110113,2,4584,,,,1,,,,,,,200,,,,,,,,,,,,,,,,1,0,,,,,,,,,,7,2.6,16,5000,350,200,160,280,400,450,,400,15,0,0,255,,,,,,1,,,,,,,,,,,,,,,,,,,,,,,,,,,,,,,ent.4582.hit,ent.4582.die,ent.4582.idle,ent.4582.foot,ent.4582.attack1,,ent.4582.attack2,,horse_4583_3,,,1,,,,,,,1,,0.7,,,,,,,,,,,
45827,梦璃之钥,,,,,,,,,,,,110113,2,4584,,,,1,,,,,,,200,,,,,,,,,,,,,,,,1,0,,,,,,,,,,7,2.6,16,5000,350,200,160,280,400,450,,400,15,0,0,255,,,,,,1,,,,,,,,,,,,,,,,,,,,,,,,,,,,,,,ent.4582.hit,ent.4582.die,ent.4582.idle,ent.4582.foot,ent.4582.attack1,,ent.4582.attack2,,horse_4583_3,,,1,,,,,,,1,,0.7,,,,,,,,,,,
45828,梦璃之钥,,,,,,,,,,,,110113,2,4584,,,,1,,,,,,,200,,,,,,,,,,,,,,,,1,0,,,,,,,,,,7,2.6,16,5000,350,200,160,280,400,450,,400,15,0,0,255,,,,,,1,,,,,,,,,,,,,,,,,,,,,,,,,,,,,,,ent.4582.hit,ent.4582.die,ent.4582.idle,ent.4582.foot,ent.4582.attack1,,ent.4582.attack2,,horse_4583_3,,,1,,,,,,,1,,0.7,,,,,,,,,,,
45829,梦璃之钥,,,,,,,,,,,,110113,2,4584,,,,1,,,,,,,200,,,,,,,,,,,,,,,,1,0,,,,,,,,,,7,2.6,16,5000,350,200,160,280,400,450,,400,15,0,0,255,,,,,,1,,,,,,,,,,,,,,,,,,,,,,,,,,,,,,,ent.4582.hit,ent.4582.die,ent.4582.idle,ent.4582.foot,ent.4582.attack1,,ent.4582.attack2,,horse_4583_3,,,1,,,,,,,1,,0.7,,,,,,,,,,,
45830,羽辉之钥,,,,,,,,,,,,110113,3,4585,,,,1,,,,,,,200,,,,,,,,,,,,,,,,1,0,,,,,,,,,,7,2.6,16,5000,350,200,160,280,400,450,,400,15,0,0,255,,,,,,1,,,,,,,,,,,,,,,,,,,,,,,,,,,,,,,ent.4582.hit,ent.4582.die,ent.4582.idle,ent.4582.foot,ent.4582.attack1,,ent.4582.attack2,,horse_4585_3,,,1,,,,,,,1,,0.7,,,,,,,,,,,
4586,御剑0级,,,,,,,,,,,,110115,,4586,,,,1,,,,,,,200,,,,,,,,,,,,,,,,1,0,,,,,,,,,,7,2.6,16,5000,200,120,160,200,120,160,,400,15,0,0,255,,,,,,1,,,,,,,,,,,,,,,,,,,,,,,,,,,,,,,ent.4587.hit,ent.4587.die,ent.4587.idle,ent.4587.foot,,,,,,,,1,,,,,,,1,,0.7,,,,,,,,,,,
4587,赤霄长剑,,,,,,,,,,,,110115,1,4587,,,,1,,,,,,,200,,,,,,,,,,,,,,,,1,0,,,,,,,,,,7,2.6,16,5000,220,120,160,220,200,200,,400,15,0,0,255,,,,,,1,,,,,,,,,,,,,,,,,,,,,,,,,,,,,,,ent.4587.hit,ent.4587.die,ent.4587.idle,ent.4587.foot,ent.4587.attack1,,,,horse_4587_3,,,1,,,,,,,1,,0.7,,,,,,,,,,,
4588,赤霄长剑,,,,,,,,,,,,110115,1,4587,,,,1,,,,,,,200,,,,,,,,,,,,,,,,1,0,,,,,,,,,,7,2.6,16,5000,220,120,160,220,200,200,,400,15,0,0,255,,,,,,1,,,,,,,,,,,,,,,,,,,,,,,,,,,,,,,ent.4587.hit,ent.4587.die,ent.4587.idle,ent.4587.foot,ent.4587.attack1,,,,horse_4587_3,,,1,,,,,,,1,,0.7,,,,,,,,,,,
45863,赤霄长剑,,,,,,,,,,,,110115,1,4587,,,,1,,,,,,,200,,,,,,,,,,,,,,,,1,0,,,,,,,,,,7,2.6,16,5000,220,120,160,220,200,200,,400,15,0,0,255,,,,,,1,,,,,,,,,,,,,,,,,,,,,,,,,,,,,,,ent.4587.hit,ent.4587.die,ent.4587.idle,ent.4587.foot,ent.4587.attack1,,,,horse_4587_3,,,1,,,,,,,1,,0.7,,,,,,,,,,,
45864,赤霄长剑,,,,,,,,,,,,110115,1,4587,,,,1,,,,,,,200,,,,,,,,,,,,,,,,1,0,,,,,,,,,,7,2.6,16,5000,220,120,160,220,200,200,,400,15,0,0,255,,,,,,1,,,,,,,,,,,,,,,,,,,,,,,,,,,,,,,ent.4587.hit,ent.4587.die,ent.4587.idle,ent.4587.foot,ent.4587.attack1,,,,horse_4587_3,,,1,,,,,,,1,,0.7,,,,,,,,,,,
45865,赤霄长剑,,,,,,,,,,,,110115,1,4587,,,,1,,,,,,,200,,,,,,,,,,,,,,,,1,0,,,,,,,,,,7,2.6,16,5000,220,120,160,220,200,200,,400,15,0,0,255,,,,,,1,,,,,,,,,,,,,,,,,,,,,,,,,,,,,,,ent.4587.hit,ent.4587.die,ent.4587.idle,ent.4587.foot,ent.4587.attack1,,,,horse_4587_3,,,1,,,,,,,1,,0.7,,,,,,,,,,,
45866,赤霄长剑,,,,,,,,,,,,110115,1,4587,,,,1,,,,,,,200,,,,,,,,,,,,,,,,1,0,,,,,,,,,,7,2.6,16,5000,220,120,160,220,200,200,,400,15,0,0,255,,,,,,1,,,,,,,,,,,,,,,,,,,,,,,,,,,,,,,ent.4587.hit,ent.4587.die,ent.4587.idle,ent.4587.foot,ent.4587.attack1,,,,horse_4587_3,,,1,,,,,,,1,,0.7,,,,,,,,,,,
45867,赤霄长剑,,,,,,,,,,,,110115,1,4587,,,,1,,,,,,,200,,,,,,,,,,,,,,,,1,0,,,,,,,,,,7,2.6,16,5000,220,120,160,220,200,200,,400,15,0,0,255,,,,,,1,,,,,,,,,,,,,,,,,,,,,,,,,,,,,,,ent.4587.hit,ent.4587.die,ent.4587.idle,ent.4587.foot,ent.4587.attack1,,,,horse_4587_3,,,1,,,,,,,1,,0.7,,,,,,,,,,,
45868,赤霄长剑,,,,,,,,,,,,110115,1,4587,,,,1,,,,,,,200,,,,,,,,,,,,,,,,1,0,,,,,,,,,,7,2.6,16,5000,220,120,160,220,200,200,,400,15,0,0,255,,,,,,1,,,,,,,,,,,,,,,,,,,,,,,,,,,,,,,ent.4587.hit,ent.4587.die,ent.4587.idle,ent.4587.foot,ent.4587.attack1,,,,horse_4587_3,,,1,,,,,,,1,,0.7,,,,,,,,,,,
45869,赤霄长剑,,,,,,,,,,,,110115,1,4587,,,,1,,,,,,,200,,,,,,,,,,,,,,,,1,0,,,,,,,,,,7,2.6,16,5000,220,120,160,220,200,200,,400,15,0,0,255,,,,,,1,,,,,,,,,,,,,,,,,,,,,,,,,,,,,,,ent.4587.hit,ent.4587.die,ent.4587.idle,ent.4587.foot,ent.4587.attack1,,,,horse_4587_3,,,1,,,,,,,1,,0.7,,,,,,,,,,,
45870,轩辕圣剑,,,,,,,,,,,,110115,2,4588,,,,1,,,,,,,200,,,,,,,,,,,,,,,,1,0,,,,,,,,,,7,2.6,16,5000,220,120,160,200,200,200,,400,15,0,0,255,,,,,,1,,,,,,,,,,,,,,,,,,,,,,,,,,,,,,,ent.4587.hit,ent.4587.die,ent.4587.idle,ent.4587.foot,ent.4587.attack1,,,,horse_4588_3,,,1,,,,,,,1,,0.7,,,,,,,,,,,
4589,浴缸0级,,,,,,,,,,,,110116,,4589,,,,1,,,,,,,200,,,,,,,,,,,,,,,,1,0,,,,,,,,,,7,2.6,16,5000,200,120,160,200,120,160,,400,15,0,0,255,,,,,,1,,,,,,,,,,,,,,,,,,,,,,,,,,,,,,,ent.4590.hit,ent.4590.die,ent.4590.idle,ent.4590.foot,,,,,,,,1,,,,,,,1,,0.7,,,,,,,,,,,
4590,休闲时光,,,,,,,,,,,,110116,1,4590,,,,1,,,,,,,200,,,,,,,,,,,,,,,,1,0,,,,,,,,,,7,2.6,16,5000,380,200,160,200,120,160,,400,15,0,0,255,,,,,,1,,,,,,,,,,,,,,,,,,,,,,,,,,,,,,,ent.4590.hit,ent.4590.die,ent.4590.idle,ent.4590.foot,,,,,horse_4590_3,,,1,,,,,,,1,,0.7,,,,,,,,,,,
4591,休闲时光,,,,,,,,,,,,110116,1,4590,,,,1,,,,,,,200,,,,,,,,,,,,,,,,1,0,,,,,,,,,,7,2.6,16,5000,380,200,160,200,120,160,,400,15,0,0,255,,,,,,1,,,,,,,,,,,,,,,,,,,,,,,,,,,,,,,ent.4590.hit,ent.4590.die,ent.4590.idle,ent.4590.foot,,,,,horse_4590_3,,,1,,,,,,,1,,0.7,,,,,,,,,,,
4592,休闲时光,,,,,,,,,,,,110116,1,4590,,,,1,,,,,,,200,,,,,,,,,,,,,,,,1,0,,,,,,,,,,7,2.6,16,5000,380,200,160,200,120,160,,400,15,0,0,255,,,,,,1,,,,,,,,,,,,,,,,,,,,,,,,,,,,,,,ent.4590.hit,ent.4590.die,ent.4590.idle,ent.4590.foot,,,,,horse_4590_3,,,1,,,,,,,1,,0.7,,,,,,,,,,,
45894,休闲时光,,,,,,,,,,,,110116,1,4590,,,,1,,,,,,,200,,,,,,,,,,,,,,,,1,0,,,,,,,,,,7,2.6,16,5000,380,200,160,200,120,160,,400,15,0,0,255,,,,,,1,,,,,,,,,,,,,,,,,,,,,,,,,,,,,,,ent.4590.hit,ent.4590.die,ent.4590.idle,ent.4590.foot,,,,,horse_4590_3,,,1,,,,,,,1,,0.7,,,,,,,,,,,
45895,童趣时光,,,,,,,,,,,,110116,2,4591,,,,1,,,,,,,200,,,,,,,,,,,,,,,,1,0,,,,,,,,,,7,2.6,16,5000,380,200,160,200,120,160,,400,15,0,0,255,,,,,,1,,,,,,,,,,,,,,,,,,,,,,,,,,,,,,,ent.4590.hit,ent.4590.die,ent.4590.idle,ent.4590.foot,ent.4590.attack1,,,,horse_4590_3,,,1,,,,,,,1,,0.7,,,,,,,,,,,
45896,童趣时光,,,,,,,,,,,,110116,2,4591,,,,1,,,,,,,200,,,,,,,,,,,,,,,,1,0,,,,,,,,,,7,2.6,16,5000,380,200,160,200,120,160,,400,15,0,0,255,,,,,,1,,,,,,,,,,,,,,,,,,,,,,,,,,,,,,,ent.4590.hit,ent.4590.die,ent.4590.idle,ent.4590.foot,ent.4590.attack1,,,,horse_4590_3,,,1,,,,,,,1,,0.7,,,,,,,,,,,
45897,童趣时光,,,,,,,,,,,,110116,2,4591,,,,1,,,,,,,200,,,,,,,,,,,,,,,,1,0,,,,,,,,,,7,2.6,16,5000,380,200,160,200,120,160,,400,15,0,0,255,,,,,,1,,,,,,,,,,,,,,,,,,,,,,,,,,,,,,,ent.4590.hit,ent.4590.die,ent.4590.idle,ent.4590.foot,ent.4590.attack1,,,,horse_4590_3,,,1,,,,,,,1,,0.7,,,,,,,,,,,
45898,童趣时光,,,,,,,,,,,,110116,2,4591,,,,1,,,,,,,200,,,,,,,,,,,,,,,,1,0,,,,,,,,,,7,2.6,16,5000,380,200,160,200,120,160,,400,15,0,0,255,,,,,,1,,,,,,,,,,,,,,,,,,,,,,,,,,,,,,,ent.4590.hit,ent.4590.die,ent.4590.idle,ent.4590.foot,ent.4590.attack1,,,,horse_4590_3,,,1,,,,,,,1,,0.7,,,,,,,,,,,
45899,童趣时光,,,,,,,,,,,,110116,2,4591,,,,1,,,,,,,200,,,,,,,,,,,,,,,,1,0,,,,,,,,,,7,2.6,16,5000,380,200,160,200,120,160,,400,15,0,0,255,,,,,,1,,,,,,,,,,,,,,,,,,,,,,,,,,,,,,,ent.4590.hit,ent.4590.die,ent.4590.idle,ent.4590.foot,ent.4590.attack1,,,,horse_4590_3,,,1,,,,,,,1,,0.7,,,,,,,,,,,
45900,梦幻时光,,,,,,,,,,,,110116,3,4592,,,,1,,,,,,,200,,,,,,,,,,,,,,,,1,0,,,,,,,,,,7,2.6,16,5000,380,200,160,200,120,160,,400,15,0,0,255,,,,,,1,,,,,,,,,,,,,,,,,,,,,,,,,,,,,,,ent.4590.hit,ent.4590.die,ent.4590.idle,ent.4590.foot,ent.4590.attack1,,,,horse_4592_3,,,1,,,,,,,1,,0.7,,,,,,,,,,,
4593,狐仙0级,,,,,,,,,,,,,,4593,,,,1,,,,,,,200,,,,,,,,,,,,,,,,1,0,,,,,,,,,,7,2.6,16,5000,200,120,160,200,120,160,,400,15,0,0,255,,,,,,1,,,,,,,,,,,,,,,,,,,,,,,,,,,,,,,ent.4594.hit,ent.4594.die,ent.4594.idle,ent.4594.foot,,,,,,,,1,,,,,,,1,,0.7,,,,,,,,,,,
4594,萌小狸,,,,,,,,,,,,110118,1,4594,,,,1,,,,,,,200,,,,,,,,,,,,,,,,1,0,,,,,,,,,,7,2.6,16,5000,380,200,160,200,120,160,,400,15,0,0,255,,,,,,1,,,,,,,,,,,,,,,,,,,,,,,,,,,,,,,ent.4594.hit,ent.4594.die,ent.4594.idle,ent.4594.foot,,,,,horse_4594_3,,,1,,,,,,,1,,0.7,,,,,,,,,,,
4595,萌小狸,,,,,,,,,,,,110118,1,4594,,,,1,,,,,,,200,,,,,,,,,,,,,,,,1,0,,,,,,,,,,7,2.6,16,5000,380,200,160,200,120,160,,400,15,0,0,255,,,,,,1,,,,,,,,,,,,,,,,,,,,,,,,,,,,,,,ent.4594.hit,ent.4594.die,ent.4594.idle,ent.4594.foot,,,,,horse_4594_3,,,1,,,,,,,1,,0.7,,,,,,,,,,,
4596,萌小狸,,,,,,,,,,,,110118,1,4594,,,,1,,,,,,,200,,,,,,,,,,,,,,,,1,0,,,,,,,,,,7,2.6,16,5000,380,200,160,200,120,160,,400,15,0,0,255,,,,,,1,,,,,,,,,,,,,,,,,,,,,,,,,,,,,,,ent.4594.hit,ent.4594.die,ent.4594.idle,ent.4594.foot,,,,,horse_4594_3,,,1,,,,,,,1,,0.7,,,,,,,,,,,
45934,萌小狸,,,,,,,,,,,,110118,1,4594,,,,1,,,,,,,200,,,,,,,,,,,,,,,,1,0,,,,,,,,,,7,2.6,16,5000,380,200,160,200,120,160,,400,15,0,0,255,,,,,,1,,,,,,,,,,,,,,,,,,,,,,,,,,,,,,,ent.4594.hit,ent.4594.die,ent.4594.idle,ent.4594.foot,,,,,horse_4594_3,,,1,,,,,,,1,,0.7,,,,,,,,,,,
45935,狐灵俐,,,,,,,,,,,,110118,2,4595,,,,1,,,,,,,200,,,,,,,,,,,,,,,,1,0,,,,,,,,,,7,2.6,16,5000,380,200,160,200,120,160,,400,15,0,0,255,,,,,,1,,,,,,,,,,,,,,,,,,,,,,,,,,,,,,,ent.4594.hit,ent.4594.die,ent.4594.idle,ent.4594.foot,,,,,horse_4594_3,,,1,,,,,,,1,,0.7,,,,,,,,,,,
45936,狐灵俐,,,,,,,,,,,,110118,2,4595,,,,1,,,,,,,200,,,,,,,,,,,,,,,,1,0,,,,,,,,,,7,2.6,16,5000,380,200,160,200,120,160,,400,15,0,0,255,,,,,,1,,,,,,,,,,,,,,,,,,,,,,,,,,,,,,,ent.4594.hit,ent.4594.die,ent.4594.idle,ent.4594.foot,,,,,horse_4594_3,,,1,,,,,,,1,,0.7,,,,,,,,,,,
45937,狐灵俐,,,,,,,,,,,,110118,2,4595,,,,1,,,,,,,200,,,,,,,,,,,,,,,,1,0,,,,,,,,,,7,2.6,16,5000,380,200,160,200,120,160,,400,15,0,0,255,,,,,,1,,,,,,,,,,,,,,,,,,,,,,,,,,,,,,,ent.4594.hit,ent.4594.die,ent.4594.idle,ent.4594.foot,,,,,horse_4594_3,,,1,,,,,,,1,,0.7,,,,,,,,,,,
45938,狐灵俐,,,,,,,,,,,,110118,2,4595,,,,1,,,,,,,200,,,,,,,,,,,,,,,,1,0,,,,,,,,,,7,2.6,16,5000,380,200,160,200,120,160,,400,15,0,0,255,,,,,,1,,,,,,,,,,,,,,,,,,,,,,,,,,,,,,,ent.4594.hit,ent.4594.die,ent.4594.idle,ent.4594.foot,,,,,horse_4594_3,,,1,,,,,,,1,,0.7,,,,,,,,,,,
45939,狐灵俐,,,,,,,,,,,,110118,2,4595,,,,1,,,,,,,200,,,,,,,,,,,,,,,,1,0,,,,,,,,,,7,2.6,16,5000,380,200,160,200,120,160,,400,15,0,0,255,,,,,,1,,,,,,,,,,,,,,,,,,,,,,,,,,,,,,,ent.4594.hit,ent.4594.die,ent.4594.idle,ent.4594.foot,,,,,horse_4594_3,,,1,,,,,,,1,,0.7,,,,,,,,,,,
45940,赤颜幻姬,,,,,,,,,,,,110118,3,4596,,,,1,,,,,,,200,,,,,,,,,,,,,,,,1,0,,,,,,,,,,7,2.6,16,5000,380,200,160,200,120,160,,400,15,0,0,255,,,,,,1,,,,,,,,,,,,,,,,,,,,,,,,,,,,,,,ent.4594.hit,ent.4594.die,ent.4594.idle,ent.4594.foot,ent.4594.attack1,,,,horse_4596_3,,,1,,,,,,,1,,0.7,,,,,,,,,,,
4597,猫猫车0级,,,,,,,,,,,,,,4597,,,,1,,,,,,,200,,,,,,,,,,,,,,,,1,0,,,,,,,,,,7,2.6,16,5000,200,120,160,200,120,160,,400,15,0,0,255,,,,,,1,,,,,,,,,,,,,,,,,,,,,,,,,,,,,,,ent.4598.hit,ent.4598.die,ent.4598.idle,ent.4598.foot,,,,,,,,1,,,,,,,1,,0.7,,,,,,,,,,,
4598,喵萌敞篷车,,,,,,,,,,,,110117,1,4598,,,,1,,,,,,,200,,,,,,,,,,,,,,,,1,0,,,,,,,,,,7,2.6,16,5000,200,120,160,200,120,160,,400,15,0,0,255,,,,,,1,,,,,,,,,,,,,,,,,,,,,,,,,,,,,,,ent.4598.hit,ent.4598.die,ent.4598.idle,ent.4598.foot,ent.4598.attack1,,,,horse_4598_3,,,1,,,,,,,1,,0.7,,,,,,,,,,,
4599,猫猫车2级预留,,,,,,,,,,,,,,4599,,,,1,,,,,,,200,,,,,,,,,,,,,,,,1,0,,,,,,,,,,7,2.6,16,,,,,,,,,,,,,,,,,,,,,,,,,,,,,,,,,,,,,,,,,,,,,,,,,,,,,,,,,,,,,1,,,,,,,1,,0.7,,,,,,,,,,,
4600,猫猫车3级预留,,,,,,,,,,,,,,4600,,,,1,,,,,,,200,,,,,,,,,,,,,,,,1,0,,,,,,,,,,7,2.6,16,,,,,,,,,,,,,,,,,,,,,,,,,,,,,,,,,,,,,,,,,,,,,,,,,,,,,,,,,,,,,1,,,,,,,1,,0.7,,,,,,,,,,,
4601,骆驼0级,,,,,,,,,,,,,,4601,,,,1,,,,,,,200,,,,,,,,,,,,,,,,1,0,,,,,,,,,,7,2.6,16,,,,,,,,,,,,,,,,,,,,,,,,,,,,,,,,,,,,,,,,,,,,,,,,,,ent.4602.hit,ent.4602.die,ent.4602.idle,ent.4602.foot,,,,,,,,1,,,,,,,1,,0.7,,,,,,,,,,,
4602,驼铃声声,,,,,,,,,,,,110119,1,4602,,,,1,,,,,,,200,,,,,,,,,,,,,,,,1,0,,,,,,,,,,7,2.6,16,5000,380,200,160,200,120,160,,400,15,0,0,255,,,,,,1,,,,,,,,,,,,,,,,,,,,,,,,,,,,,,,ent.4602.hit,ent.4602.die,ent.4602.idle,ent.4602.foot,,,,,horse_4602_3,,,1,,,,,,,1,,0.7,,,,,,,,,,,
4603,驼铃声声,,,,,,,,,,,,110119,1,4602,,,,1,,,,,,,200,,,,,,,,,,,,,,,,1,0,,,,,,,,,,7,2.6,16,5000,380,200,160,200,120,160,,400,15,0,0,255,,,,,,1,,,,,,,,,,,,,,,,,,,,,,,,,,,,,,,ent.4602.hit,ent.4602.die,ent.4602.idle,ent.4602.foot,,,,,horse_4602_3,,,1,,,,,,,1,,0.7,,,,,,,,,,,
46013,驼铃声声,,,,,,,,,,,,110119,1,4602,,,,1,,,,,,,200,,,,,,,,,,,,,,,,1,0,,,,,,,,,,7,2.6,16,5000,380,200,160,200,120,160,,400,15,0,0,255,,,,,,1,,,,,,,,,,,,,,,,,,,,,,,,,,,,,,,ent.4602.hit,ent.4602.die,ent.4602.idle,ent.4602.foot,,,,,horse_4602_3,,,1,,,,,,,1,,0.7,,,,,,,,,,,
46014,驼铃声声,,,,,,,,,,,,110119,1,4602,,,,1,,,,,,,200,,,,,,,,,,,,,,,,1,0,,,,,,,,,,7,2.6,16,5000,380,200,160,200,120,160,,400,15,0,0,255,,,,,,1,,,,,,,,,,,,,,,,,,,,,,,,,,,,,,,ent.4602.hit,ent.4602.die,ent.4602.idle,ent.4602.foot,,,,,horse_4602_3,,,1,,,,,,,1,,0.7,,,,,,,,,,,
46015,驼铃声声,,,,,,,,,,,,110119,1,4602,,,,1,,,,,,,200,,,,,,,,,,,,,,,,1,0,,,,,,,,,,7,2.6,16,5000,380,200,160,200,120,160,,400,15,0,0,255,,,,,,1,,,,,,,,,,,,,,,,,,,,,,,,,,,,,,,ent.4602.hit,ent.4602.die,ent.4602.idle,ent.4602.foot,,,,,horse_4602_3,,,1,,,,,,,1,,0.7,,,,,,,,,,,
46016,驼铃声声,,,,,,,,,,,,110119,1,4602,,,,1,,,,,,,200,,,,,,,,,,,,,,,,1,0,,,,,,,,,,7,2.6,16,5000,380,200,160,200,120,160,,400,15,0,0,255,,,,,,1,,,,,,,,,,,,,,,,,,,,,,,,,,,,,,,ent.4602.hit,ent.4602.die,ent.4602.idle,ent.4602.foot,,,,,horse_4602_3,,,1,,,,,,,1,,0.7,,,,,,,,,,,
46017,驼铃声声,,,,,,,,,,,,110119,1,4602,,,,1,,,,,,,200,,,,,,,,,,,,,,,,1,0,,,,,,,,,,7,2.6,16,5000,380,200,160,200,120,160,,400,15,0,0,255,,,,,,1,,,,,,,,,,,,,,,,,,,,,,,,,,,,,,,ent.4602.hit,ent.4602.die,ent.4602.idle,ent.4602.foot,,,,,horse_4602_3,,,1,,,,,,,1,,0.7,,,,,,,,,,,
46018,驼铃声声,,,,,,,,,,,,110119,1,4602,,,,1,,,,,,,200,,,,,,,,,,,,,,,,1,0,,,,,,,,,,7,2.6,16,5000,380,200,160,200,120,160,,400,15,0,0,255,,,,,,1,,,,,,,,,,,,,,,,,,,,,,,,,,,,,,,ent.4602.hit,ent.4602.die,ent.4602.idle,ent.4602.foot,,,,,horse_4602_3,,,1,,,,,,,1,,0.7,,,,,,,,,,,
46019,驼铃声声,,,,,,,,,,,,110119,1,4602,,,,1,,,,,,,200,,,,,,,,,,,,,,,,1,0,,,,,,,,,,7,2.6,16,5000,380,200,160,200,120,160,,400,15,0,0,255,,,,,,1,,,,,,,,,,,,,,,,,,,,,,,,,,,,,,,ent.4602.hit,ent.4602.die,ent.4602.idle,ent.4602.foot,,,,,horse_4602_3,,,1,,,,,,,1,,0.7,,,,,,,,,,,
46020,沙漠之舟,,,,,,,,,,,,110119,2,4603,,,,1,,,,,,,200,,,,,,,,,,,,,,,,1,0,,,,,,,,,,7,2.6,16,5000,380,200,160,200,120,160,,400,15,0,0,255,,,,,,1,,,,,,,,,,,,,,,,,,,,,,,,,,,,,,,ent.4602.hit,ent.4602.die,ent.4602.idle,ent.4602.foot,,,,,horse_4602_3,,,1,,,,,,,1,,0.7,,,,,,,,,,,
4605,孔雀0级,,,,,,,,,,,,,,4605,,,,1,,,,,,,200,,,,,,,,,,,,,,,,1,0,,,,,,,,,,7,2.6,16,5000,200,120,160,200,120,160,,400,15,0,0,255,,,,,,1,,,,,,,,,,,,,,,,,,,,,,,,,,,,,,,ent.4606.hit,ent.4606.die,ent.4606.idle,ent.4606.foot,,,,,,,,1,,,,,,,1,,0.7,,,,,,,,,,,
4606,青绿,,,,,,,,,,,,110120,1,4606,,,,1,,,,,,,200,,,,,,,,,,,,,,,,1,0,,,,,,,,,,7,2.6,16,5000,380,200,160,200,120,160,,400,15,0,0,255,,,,,,1,,,,,,,,,,,,,,,,,,,,,,,,,,,,,,,ent.4606.hit,ent.4606.die,ent.4606.idle,ent.4606.foot,,,,,horse_4606_3,,,1,,,,,,,1,,0.7,,,,,,,,,,,
4607,青绿,,,,,,,,,,,,110120,1,4606,,,,1,,,,,,,200,,,,,,,,,,,,,,,,1,0,,,,,,,,,,7,2.6,16,5000,380,200,160,200,120,160,,400,15,0,0,255,,,,,,1,,,,,,,,,,,,,,,,,,,,,,,,,,,,,,,ent.4606.hit,ent.4606.die,ent.4606.idle,ent.4606.foot,,,,,horse_4606_3,,,1,,,,,,,1,,0.7,,,,,,,,,,,
4608,青绿,,,,,,,,,,,,110120,1,4606,,,,1,,,,,,,200,,,,,,,,,,,,,,,,1,0,,,,,,,,,,7,2.6,16,5000,380,200,160,200,120,160,,400,15,0,0,255,,,,,,1,,,,,,,,,,,,,,,,,,,,,,,,,,,,,,,ent.4606.hit,ent.4606.die,ent.4606.idle,ent.4606.foot,,,,,horse_4606_3,,,1,,,,,,,1,,0.7,,,,,,,,,,,
46054,青绿,,,,,,,,,,,,110120,1,4606,,,,1,,,,,,,200,,,,,,,,,,,,,,,,1,0,,,,,,,,,,7,2.6,16,5000,380,200,160,200,120,160,,400,15,0,0,255,,,,,,1,,,,,,,,,,,,,,,,,,,,,,,,,,,,,,,ent.4606.hit,ent.4606.die,ent.4606.idle,ent.4606.foot,,,,,horse_4606_3,,,1,,,,,,,1,,0.7,,,,,,,,,,,
46055,子夜,,,,,,,,,,,,110120,2,4607,,,,1,,,,,,,200,,,,,,,,,,,,,,,,1,0,,,,,,,,,,7,2.6,16,5000,380,200,160,200,120,160,,400,15,0,0,255,,,,,,1,,,,,,,,,,,,,,,,,,,,,,,,,,,,,,,ent.4606.hit,ent.4606.die,ent.4606.idle,ent.4606.foot,ent.4606.attack1,,,,horse_4607_3,,,1,,,,,,,1,,0.7,,,,,,,,,,,
46056,子夜,,,,,,,,,,,,110120,2,4607,,,,1,,,,,,,200,,,,,,,,,,,,,,,,1,0,,,,,,,,,,7,2.6,16,5000,380,200,160,200,120,160,,400,15,0,0,255,,,,,,1,,,,,,,,,,,,,,,,,,,,,,,,,,,,,,,ent.4606.hit,ent.4606.die,ent.4606.idle,ent.4606.foot,ent.4606.attack1,,,,horse_4607_3,,,1,,,,,,,1,,0.7,,,,,,,,,,,
46057,子夜,,,,,,,,,,,,110120,2,4607,,,,1,,,,,,,200,,,,,,,,,,,,,,,,1,0,,,,,,,,,,7,2.6,16,5000,380,200,160,200,120,160,,400,15,0,0,255,,,,,,1,,,,,,,,,,,,,,,,,,,,,,,,,,,,,,,ent.4606.hit,ent.4606.die,ent.4606.idle,ent.4606.foot,ent.4606.attack1,,,,horse_4607_3,,,1,,,,,,,1,,0.7,,,,,,,,,,,
46058,子夜,,,,,,,,,,,,110120,2,4607,,,,1,,,,,,,200,,,,,,,,,,,,,,,,1,0,,,,,,,,,,7,2.6,16,5000,380,200,160,200,120,160,,400,15,0,0,255,,,,,,1,,,,,,,,,,,,,,,,,,,,,,,,,,,,,,,ent.4606.hit,ent.4606.die,ent.4606.idle,ent.4606.foot,ent.4606.attack1,,,,horse_4607_3,,,1,,,,,,,1,,0.7,,,,,,,,,,,
46059,子夜,,,,,,,,,,,,110120,2,4607,,,,1,,,,,,,200,,,,,,,,,,,,,,,,1,0,,,,,,,,,,7,2.6,16,5000,380,200,160,200,120,160,,400,15,0,0,255,,,,,,1,,,,,,,,,,,,,,,,,,,,,,,,,,,,,,,ent.4606.hit,ent.4606.die,ent.4606.idle,ent.4606.foot,ent.4606.attack1,,,,horse_4607_3,,,1,,,,,,,1,,0.7,,,,,,,,,,,
46060,韶光,,,,,,,,,,,,110120,3,4608,,,,1,,,,,,,200,,,,,,,,,,,,,,,,1,0,,,,,,,,,,7,2.6,16,5000,380,200,160,200,120,160,,400,15,0,0,255,,,,,,1,,,,,,,,,,,,,,,,,,,,,,,,,,,,,,,ent.4606.hit,ent.4606.die,ent.4606.idle,ent.4606.foot,ent.4606.attack1,,,,horse_4608_3,,,1,,,,,,,1,,0.7,,,,,,,,,,,
4609,月饼0级,,,,,,,,,,,,,,4609,,,,1,,,,,,,200,,,,,,,,,,,,,,,,1,0,,,,,,,,,,7,2.6,16,5000,200,120,160,200,120,160,,400,15,0,0,255,,,,,,1,,,,,,,,,,,,,,,,,,,,,,,,,,,,,,,ent.4610.hit,ent.4610.die,ent.4610.idle,ent.4610.foot,,,,,,,,1,,,,,,,1,,0.7,,,,,,,,,,,
4610,心里软,,,,,,,,,,,,110121,1,4610,,,,1,,,,,,,200,,,,,,,,,,,,,,,,1,0,,,,,,,,,,7,2.6,16,5000,380,200,160,200,120,160,,400,15,0,0,255,,,,,,1,,,,,,,,,,,,,,,,,,,,,,,,,,,,,,,ent.4610.hit,ent.4610.die,ent.4610.idle,ent.4610.foot,,,,,horse_4610_3,,,1,,,,,,,1,,0.7,,,,,,,,,,,
4611,心里软,,,,,,,,,,,,110121,1,4610,,,,1,,,,,,,200,,,,,,,,,,,,,,,,1,0,,,,,,,,,,7,2.6,16,5000,380,200,160,200,120,160,,400,15,0,0,255,,,,,,1,,,,,,,,,,,,,,,,,,,,,,,,,,,,,,,ent.4610.hit,ent.4610.die,ent.4610.idle,ent.4610.foot,,,,,horse_4610_3,,,1,,,,,,,1,,0.7,,,,,,,,,,,
4612,心里软,,,,,,,,,,,,110121,1,4610,,,,1,,,,,,,200,,,,,,,,,,,,,,,,1,0,,,,,,,,,,7,2.6,16,5000,380,200,160,200,120,160,,400,15,0,0,255,,,,,,1,,,,,,,,,,,,,,,,,,,,,,,,,,,,,,,ent.4610.hit,ent.4610.die,ent.4610.idle,ent.4610.foot,,,,,horse_4610_3,,,1,,,,,,,1,,0.7,,,,,,,,,,,
46094,心里软,,,,,,,,,,,,110121,1,4610,,,,1,,,,,,,200,,,,,,,,,,,,,,,,1,0,,,,,,,,,,7,2.6,16,5000,380,200,160,200,120,160,,400,15,0,0,255,,,,,,1,,,,,,,,,,,,,,,,,,,,,,,,,,,,,,,ent.4610.hit,ent.4610.die,ent.4610.idle,ent.4610.foot,,,,,horse_4610_3,,,1,,,,,,,1,,0.7,,,,,,,,,,,
46095,遥相思,,,,,,,,,,,,110122,2,4611,,,,1,,,,,,,200,,,,,,,,,,,,,,,,1,0,,,,,,,,,,7,2.6,16,5000,380,200,160,200,120,160,,400,15,0,0,255,,,,,,1,,,,,,,,,,,,,,,,,,,,,,,,,,,,,,,ent.4610.hit,ent.4610.die,ent.4610.idle,ent.4610.foot,,,,,horse_4611_3,,,1,,,,,,,1,,0.7,,,,,,,,,,,
46096,遥相思,,,,,,,,,,,,110122,2,4611,,,,1,,,,,,,200,,,,,,,,,,,,,,,,1,0,,,,,,,,,,7,2.6,16,5000,380,200,160,200,120,160,,400,15,0,0,255,,,,,,1,,,,,,,,,,,,,,,,,,,,,,,,,,,,,,,ent.4610.hit,ent.4610.die,ent.4610.idle,ent.4610.foot,,,,,horse_4611_3,,,1,,,,,,,1,,0.7,,,,,,,,,,,
46097,遥相思,,,,,,,,,,,,110122,2,4611,,,,1,,,,,,,200,,,,,,,,,,,,,,,,1,0,,,,,,,,,,7,2.6,16,5000,380,200,160,200,120,160,,400,15,0,0,255,,,,,,1,,,,,,,,,,,,,,,,,,,,,,,,,,,,,,,ent.4610.hit,ent.4610.die,ent.4610.idle,ent.4610.foot,,,,,horse_4611_3,,,1,,,,,,,1,,0.7,,,,,,,,,,,
46098,遥相思,,,,,,,,,,,,110122,2,4611,,,,1,,,,,,,200,,,,,,,,,,,,,,,,1,0,,,,,,,,,,7,2.6,16,5000,380,200,160,200,120,160,,400,15,0,0,255,,,,,,1,,,,,,,,,,,,,,,,,,,,,,,,,,,,,,,ent.4610.hit,ent.4610.die,ent.4610.idle,ent.4610.foot,,,,,horse_4611_3,,,1,,,,,,,1,,0.7,,,,,,,,,,,
46099,遥相思,,,,,,,,,,,,110122,2,4611,,,,1,,,,,,,200,,,,,,,,,,,,,,,,1,0,,,,,,,,,,7,2.6,16,5000,380,200,160,200,120,160,,400,15,0,0,255,,,,,,1,,,,,,,,,,,,,,,,,,,,,,,,,,,,,,,ent.4610.hit,ent.4610.die,ent.4610.idle,ent.4610.foot,,,,,horse_4611_3,,,1,,,,,,,1,,0.7,,,,,,,,,,,
46100,月中桂,,,,,,,,,,,,110123,3,4612,,,,1,,,,,,,200,,,,,,,,,,,,,,,,1,0,,,,,,,,,,7,2.6,16,5000,380,200,160,200,120,160,,400,15,0,0,255,,,,,,1,,,,,,,,,,,,,,,,,,,,,,,,,,,,,,,ent.4610.hit,ent.4610.die,ent.4610.idle,ent.4610.foot,ent.4610.attack1,,,,horse_4612_3,,,1,,,,,,,1,,0.7,,,,,,,,,,,
4613,步撵0级,,,,,,,,,,,,,,4613,,,,1,,,,,,,200,,,,,,,,,,,,,,,,1,0,,,,,,,,,,7,2.6,16,5000,200,120,160,200,120,160,,400,15,0,0,255,,,,,,1,,,,,,,,,,,,,,,,,,,,,,,,,,,,,,,ent.4614.hit,ent.4614.die,ent.4614.idle,ent.4614.foot,,,,,,,,1,,,,,,,1,,0.7,,,,,,,,,,,
4614,紫幽铃,,,,,,,,,,,,110125,1,4614,,,,1,,,,,,,200,,,,,,,,,,,,,,,,1,0,,,,,,,,,,7,2.6,16,5000,380,200,160,200,120,160,,400,15,0,0,255,,,,,,1,,,,,,,,,,,,,,,,,,,,,,,,,,,,,,,ent.4614.hit,ent.4614.die,ent.4614.idle,ent.4614.foot,,,,,horse_4614_3,,,1,,,,,,,1,,0.7,,,,,,,,,,,
4615,紫幽铃,,,,,,,,,,,,110125,1,4614,,,,1,,,,,,,200,,,,,,,,,,,,,,,,1,0,,,,,,,,,,7,2.6,16,5000,380,200,160,200,120,160,,400,15,0,0,255,,,,,,1,,,,,,,,,,,,,,,,,,,,,,,,,,,,,,,ent.4614.hit,ent.4614.die,ent.4614.idle,ent.4614.foot,,,,,horse_4614_3,,,1,,,,,,,1,,0.7,,,,,,,,,,,
4616,紫幽铃,,,,,,,,,,,,110125,1,4614,,,,1,,,,,,,200,,,,,,,,,,,,,,,,1,0,,,,,,,,,,7,2.6,16,5000,380,200,160,200,120,160,,400,15,0,0,255,,,,,,1,,,,,,,,,,,,,,,,,,,,,,,,,,,,,,,ent.4614.hit,ent.4614.die,ent.4614.idle,ent.4614.foot,,,,,horse_4614_3,,,1,,,,,,,1,,0.7,,,,,,,,,,,
46134,紫幽铃,,,,,,,,,,,,110125,1,4614,,,,1,,,,,,,200,,,,,,,,,,,,,,,,1,0,,,,,,,,,,7,2.6,16,5000,380,200,160,200,120,160,,400,15,0,0,255,,,,,,1,,,,,,,,,,,,,,,,,,,,,,,,,,,,,,,ent.4614.hit,ent.4614.die,ent.4614.idle,ent.4614.foot,,,,,horse_4614_3,,,1,,,,,,,1,,0.7,,,,,,,,,,,
46135,铃梦沁蝶,,,,,,,,,,,,110125,2,4615,,,,1,,,,,,,200,,,,,,,,,,,,,,,,1,0,,,,,,,,,,7,2.6,16,5000,380,200,160,200,120,160,,400,15,0,0,255,,,,,,1,,,,,,,,,,,,,,,,,,,,,,,,,,,,,,,ent.4614.hit,ent.4614.die,ent.4614.idle,ent.4614.foot,,,,,horse_4614_3,,,1,,,,,,,1,,0.7,,,,,,,,,,,
46136,铃梦沁蝶,,,,,,,,,,,,110125,2,4615,,,,1,,,,,,,200,,,,,,,,,,,,,,,,1,0,,,,,,,,,,7,2.6,16,5000,380,200,160,200,120,160,,400,15,0,0,255,,,,,,1,,,,,,,,,,,,,,,,,,,,,,,,,,,,,,,ent.4614.hit,ent.4614.die,ent.4614.idle,ent.4614.foot,,,,,horse_4614_3,,,1,,,,,,,1,,0.7,,,,,,,,,,,
46137,铃梦沁蝶,,,,,,,,,,,,110125,2,4615,,,,1,,,,,,,200,,,,,,,,,,,,,,,,1,0,,,,,,,,,,7,2.6,16,5000,380,200,160,200,120,160,,400,15,0,0,255,,,,,,1,,,,,,,,,,,,,,,,,,,,,,,,,,,,,,,ent.4614.hit,ent.4614.die,ent.4614.idle,ent.4614.foot,,,,,horse_4614_3,,,1,,,,,,,1,,0.7,,,,,,,,,,,
46138,铃梦沁蝶,,,,,,,,,,,,110125,2,4615,,,,1,,,,,,,200,,,,,,,,,,,,,,,,1,0,,,,,,,,,,7,2.6,16,5000,380,200,160,200,120,160,,400,15,0,0,255,,,,,,1,,,,,,,,,,,,,,,,,,,,,,,,,,,,,,,ent.4614.hit,ent.4614.die,ent.4614.idle,ent.4614.foot,,,,,horse_4614_3,,,1,,,,,,,1,,0.7,,,,,,,,,,,
46139,铃梦沁蝶,,,,,,,,,,,,110125,2,4615,,,,1,,,,,,,200,,,,,,,,,,,,,,,,1,0,,,,,,,,,,7,2.6,16,5000,380,200,160,200,120,160,,400,15,0,0,255,,,,,,1,,,,,,,,,,,,,,,,,,,,,,,,,,,,,,,ent.4614.hit,ent.4614.die,ent.4614.idle,ent.4614.foot,,,,,horse_4614_3,,,1,,,,,,,1,,0.7,,,,,,,,,,,
46140,风铃兰语,,,,,,,,,,,,110125,3,4616,,,,1,,,,,,,200,,,,,,,,,,,,,,,,1,0,,,,,,,,,,7,2.6,16,5000,380,200,160,200,120,160,,400,15,0,0,255,,,,,,1,,,,,,,,,,,,,,,,,,,,,,,,,,,,,,,ent.4614.hit,ent.4614.die,ent.4614.idle,ent.4614.foot,ent.4614.attack1,,,,horse_4616_3,,,1,,,,,,,1,,0.7,,,,,,,,,,,
4617,滑板0级,,,,,,,,,,,,,,4617,,,,1,,,,,,,200,,,,,,,,,,,,,,,,1,0,,,,,,,,,,7,2.6,16,5000,200,120,160,200,120,160,,400,15,0,0,255,,,,,,1,,,,,,,,,,,,,,,,,,,,,,,,,,,,,,,ent.4618.hit,ent.4618.die,ent.4618.idle,ent.4618.foot,,,,,,,,1,,,,,,,1,,0.7,,,,,,,,,,,
4618,枫潮滑板,,,,,,,,,,,,110124,1,4618,,,,1,,,,,,,200,,,,,,,,,,,,,,,,1,0,,,,,,,,,,7,2.6,16,5000,380,200,160,200,120,160,,400,15,0,0,255,,,,,,1,,,,,,,,,,,,,,,,,,,,,,,,,,,,,,,ent.4618.hit,ent.4618.die,ent.4618.idle,ent.4618.foot,,,,,horse_4618_3,,,1,,,,,,,1,,0.7,,,,,,,,,,,
4619,枫潮滑板,,,,,,,,,,,,110124,1,4618,,,,1,,,,,,,200,,,,,,,,,,,,,,,,1,0,,,,,,,,,,7,2.6,16,5000,380,200,160,200,120,160,,400,15,0,0,255,,,,,,1,,,,,,,,,,,,,,,,,,,,,,,,,,,,,,,ent.4618.hit,ent.4618.die,ent.4618.idle,ent.4618.foot,,,,,horse_4618_3,,,1,,,,,,,1,,0.7,,,,,,,,,,,
46173,枫潮滑板,,,,,,,,,,,,110124,1,4618,,,,1,,,,,,,200,,,,,,,,,,,,,,,,1,0,,,,,,,,,,7,2.6,16,5000,380,200,160,200,120,160,,400,15,0,0,255,,,,,,1,,,,,,,,,,,,,,,,,,,,,,,,,,,,,,,ent.4618.hit,ent.4618.die,ent.4618.idle,ent.4618.foot,,,,,horse_4618_3,,,1,,,,,,,1,,0.7,,,,,,,,,,,
46174,枫潮滑板,,,,,,,,,,,,110124,1,4618,,,,1,,,,,,,200,,,,,,,,,,,,,,,,1,0,,,,,,,,,,7,2.6,16,5000,380,200,160,200,120,160,,400,15,0,0,255,,,,,,1,,,,,,,,,,,,,,,,,,,,,,,,,,,,,,,ent.4618.hit,ent.4618.die,ent.4618.idle,ent.4618.foot,,,,,horse_4618_3,,,1,,,,,,,1,,0.7,,,,,,,,,,,
46175,枫潮滑板,,,,,,,,,,,,110124,1,4618,,,,1,,,,,,,200,,,,,,,,,,,,,,,,1,0,,,,,,,,,,7,2.6,16,5000,380,200,160,200,120,160,,400,15,0,0,255,,,,,,1,,,,,,,,,,,,,,,,,,,,,,,,,,,,,,,ent.4618.hit,ent.4618.die,ent.4618.idle,ent.4618.foot,,,,,horse_4618_3,,,1,,,,,,,1,,0.7,,,,,,,,,,,
46176,枫潮滑板,,,,,,,,,,,,110124,1,4618,,,,1,,,,,,,200,,,,,,,,,,,,,,,,1,0,,,,,,,,,,7,2.6,16,5000,380,200,160,200,120,160,,400,15,0,0,255,,,,,,1,,,,,,,,,,,,,,,,,,,,,,,,,,,,,,,ent.4618.hit,ent.4618.die,ent.4618.idle,ent.4618.foot,,,,,horse_4618_3,,,1,,,,,,,1,,0.7,,,,,,,,,,,
46177,枫潮滑板,,,,,,,,,,,,110124,1,4618,,,,1,,,,,,,200,,,,,,,,,,,,,,,,1,0,,,,,,,,,,7,2.6,16,5000,380,200,160,200,120,160,,400,15,0,0,255,,,,,,1,,,,,,,,,,,,,,,,,,,,,,,,,,,,,,,ent.4618.hit,ent.4618.die,ent.4618.idle,ent.4618.foot,,,,,horse_4618_3,,,1,,,,,,,1,,0.7,,,,,,,,,,,
46178,枫潮滑板,,,,,,,,,,,,110124,1,4618,,,,1,,,,,,,200,,,,,,,,,,,,,,,,1,0,,,,,,,,,,7,2.6,16,5000,380,200,160,200,120,160,,400,15,0,0,255,,,,,,1,,,,,,,,,,,,,,,,,,,,,,,,,,,,,,,ent.4618.hit,ent.4618.die,ent.4618.idle,ent.4618.foot,,,,,horse_4618_3,,,1,,,,,,,1,,0.7,,,,,,,,,,,
46179,枫潮滑板,,,,,,,,,,,,110124,1,4618,,,,1,,,,,,,200,,,,,,,,,,,,,,,,1,0,,,,,,,,,,7,2.6,16,5000,380,200,160,200,120,160,,400,15,0,0,255,,,,,,1,,,,,,,,,,,,,,,,,,,,,,,,,,,,,,,ent.4618.hit,ent.4618.die,ent.4618.idle,ent.4618.foot,,,,,horse_4618_3,,,1,,,,,,,1,,0.7,,,,,,,,,,,
46180,极限枫动,,,,,,,,,,,,110124,2,4619,,,,1,,,,,,,200,,,,,,,,,,,,,,,,1,0,,,,,,,,,,7,2.6,16,5000,380,200,160,200,120,160,,400,15,0,0,255,,,,,,1,,,,,,,,,,,,,,,,,,,,,,,,,,,,,,,ent.4618.hit,ent.4618.die,ent.4618.idle,ent.4618.foot,,,,,horse_4618_3,,,1,,,,,,,1,,0.7,,,,,,,,,,,
4621,天幕星龙 卡珀0级,,,,,,,,,,,,110114,,4621,,,,1,,,,,,,200,,,,,,,,,,,,,,,,,0,,,,,,,,,,7,2.6,16,5000,200,120,160,200,120,160,,400,15,0,0,255,,,,,,1,,,,,,,,,,,,,,,,,,,,,,,,,,,,,,,ent.4622.hit,ent.4622.die,ent.4622.idle,ent.4622.foot,,,,,,,,1,,,,,,,1,,0.7,,,,,,,,,,,
4622,天幕星龙 卡珀,,,,,,,,,,,,110114,1,4622,,,,1,,,,,,,200,,,,,,,,,,,,,,,,,0,,,,,,,,,,7,2.6,16,5000,200,120,160,200,120,160,,400,15,0,0,255,,,,,,1,,,,,,,,,,,,,,,,,,,,,,,,,,,,,,,ent.4622.hit,ent.4622.die,ent.4622.idle,ent.4622.foot,,,,,110114_4,,,1,,,,,,,1,,0.7,,,,,,,,,,,
4623,猪宝宝,,,,,,,,,,,,110127,,4623,,,,1,,,,,,,200,,,,,,,,,,,,,,,,1,0,,,,,,,,,,7,2.6,16,5000,200,120,160,200,120,160,,400,15,0,0,255,,,,,,1,,,,,,,,,,,,,,,,,,,,,,,,,,,,,,,ent.4624.hit,ent.4624.die,ent.4624.idle,ent.4624.foot,,,,,,,,1,,,,,,,1,,0.7,,,,,,,,,,,
4624,飞行猪噜噜,,,,,,,,,,,,110127,1,4624,,,,1,,,,,,,200,,,,,,,,,,,,,,,,1,0,,,,,,,,,,7,2.6,16,5000,380,200,160,200,120,160,,400,15,0,0,255,,,,,,1,,,,,,,,,,,,,,,,,,,,,,,,,,,,,,,ent.4624.hit,ent.4624.die,ent.4624.idle,ent.4624.foot,ent.4624.attack1,,,,horse_4623_3,,,1,,,,,,,1,,0.7,,,,,,,,,,,
4625,飞行猪噜噜,,,,,,,,,,,,110127,1,4624,,,,1,,,,,,,200,,,,,,,,,,,,,,,,1,0,,,,,,,,,,7,2.6,16,5000,380,200,160,200,120,160,,400,15,0,0,255,,,,,,1,,,,,,,,,,,,,,,,,,,,,,,,,,,,,,,ent.4624.hit,ent.4624.die,ent.4624.idle,ent.4624.foot,ent.4624.attack1,,,,horse_4623_3,,,1,,,,,,,1,,0.7,,,,,,,,,,,
46233,飞行猪噜噜,,,,,,,,,,,,110127,1,4624,,,,1,,,,,,,200,,,,,,,,,,,,,,,,1,0,,,,,,,,,,7,2.6,16,5000,380,200,160,200,120,160,,400,15,0,0,255,,,,,,1,,,,,,,,,,,,,,,,,,,,,,,,,,,,,,,ent.4624.hit,ent.4624.die,ent.4624.idle,ent.4624.foot,ent.4624.attack1,,,,horse_4623_3,,,1,,,,,,,1,,0.7,,,,,,,,,,,
46234,飞行猪噜噜,,,,,,,,,,,,110127,1,4624,,,,1,,,,,,,200,,,,,,,,,,,,,,,,1,0,,,,,,,,,,7,2.6,16,5000,380,200,160,200,120,160,,400,15,0,0,255,,,,,,1,,,,,,,,,,,,,,,,,,,,,,,,,,,,,,,ent.4624.hit,ent.4624.die,ent.4624.idle,ent.4624.foot,ent.4624.attack1,,,,horse_4623_3,,,1,,,,,,,1,,0.7,,,,,,,,,,,
46235,飞行猪噜噜,,,,,,,,,,,,110127,1,4624,,,,1,,,,,,,200,,,,,,,,,,,,,,,,1,0,,,,,,,,,,7,2.6,16,5000,380,200,160,200,120,160,,400,15,0,0,255,,,,,,1,,,,,,,,,,,,,,,,,,,,,,,,,,,,,,,ent.4624.hit,ent.4624.die,ent.4624.idle,ent.4624.foot,ent.4624.attack1,,,,horse_4623_3,,,1,,,,,,,1,,0.7,,,,,,,,,,,
46236,飞行猪噜噜,,,,,,,,,,,,110127,1,4624,,,,1,,,,,,,200,,,,,,,,,,,,,,,,1,0,,,,,,,,,,7,2.6,16,5000,380,200,160,200,120,160,,400,15,0,0,255,,,,,,1,,,,,,,,,,,,,,,,,,,,,,,,,,,,,,,ent.4624.hit,ent.4624.die,ent.4624.idle,ent.4624.foot,ent.4624.attack1,,,,horse_4623_3,,,1,,,,,,,1,,0.7,,,,,,,,,,,
46237,飞行猪噜噜,,,,,,,,,,,,110127,1,4624,,,,1,,,,,,,200,,,,,,,,,,,,,,,,1,0,,,,,,,,,,7,2.6,16,5000,380,200,160,200,120,160,,400,15,0,0,255,,,,,,1,,,,,,,,,,,,,,,,,,,,,,,,,,,,,,,ent.4624.hit,ent.4624.die,ent.4624.idle,ent.4624.foot,ent.4624.attack1,,,,horse_4623_3,,,1,,,,,,,1,,0.7,,,,,,,,,,,
46238,飞行猪噜噜,,,,,,,,,,,,110127,1,4624,,,,1,,,,,,,200,,,,,,,,,,,,,,,,1,0,,,,,,,,,,7,2.6,16,5000,380,200,160,200,120,160,,400,15,0,0,255,,,,,,1,,,,,,,,,,,,,,,,,,,,,,,,,,,,,,,ent.4624.hit,ent.4624.die,ent.4624.idle,ent.4624.foot,ent.4624.attack1,,,,horse_4623_3,,,1,,,,,,,1,,0.7,,,,,,,,,,,
46239,飞行猪噜噜,,,,,,,,,,,,110127,1,4624,,,,1,,,,,,,200,,,,,,,,,,,,,,,,1,0,,,,,,,,,,7,2.6,16,5000,380,200,160,200,120,160,,400,15,0,0,255,,,,,,1,,,,,,,,,,,,,,,,,,,,,,,,,,,,,,,ent.4624.hit,ent.4624.die,ent.4624.idle,ent.4624.foot,ent.4624.attack1,,,,horse_4623_3,,,1,,,,,,,1,,0.7,,,,,,,,,,,
46240,朋克猪燃燃,,,,,,,,,,,,110127,2,4625,,,,1,,,,,,,200,,,,,,,,,,,,,,,,1,0,,,,,,,,,,7,2.6,16,5000,380,200,160,200,120,160,,400,15,0,0,255,,,,,,1,,,,,,,,,,,,,,,,,,,,,,,,,,,,,,,ent.4624.hit,ent.4624.die,ent.4624.idle,ent.4624.foot,ent.4624.attack1,,,,horse_4624_3,,,1,,,,,,,1,,0.7,,,,,,,,,,,
4627,兔子坐骑0级,,,,,,,,,,,,110137,,4627,,,,1,,,,,,,200,,,,,,,,,,,,,,,,1,0,,,,,,,,,,7,2.6,16,5000,200,120,160,200,120,160,,400,15,0,0,255,,,,,,1,,,,,,,,,,,,,,,,,,,,,,,,,,,,,,,ent.4627.hit,ent.4627.die,ent.4627.idle,ent.4627.foot,,,,,,,,1,,,,,,,1,,0.7,,,,,,,,,,,
4628,流云玉兔,,,,,,,,,,,,110137,1,4628,,,,1,,,,,,,200,,,,,,,,,,,,,,,,1,0,,,,,,,,,,7,2.6,16,5000,380,200,160,200,120,160,,400,15,0,0,255,,,,,,1,,,,,,,,,,,,,,,,,,,,,,,,,,,,,,,ent.4627.hit,ent.4627.die,ent.4627.idle,ent.4627.foot,ent.4627.attack1,,,,horse_4627_3,,,1,,,,,,,1,,0.7,,,,,,,,,,,
4629,流云玉兔,,,,,,,,,,,,110137,1,4628,,,,1,,,,,,,200,,,,,,,,,,,,,,,,1,0,,,,,,,,,,7,2.6,16,5000,380,200,160,200,120,160,,400,15,0,0,255,,,,,,1,,,,,,,,,,,,,,,,,,,,,,,,,,,,,,,ent.4627.hit,ent.4627.die,ent.4627.idle,ent.4627.foot,ent.4627.attack1,,,,horse_4627_3,,,1,,,,,,,1,,0.7,,,,,,,,,,,
46273,流云玉兔,,,,,,,,,,,,110137,1,4628,,,,1,,,,,,,200,,,,,,,,,,,,,,,,1,0,,,,,,,,,,7,2.6,16,5000,380,200,160,200,120,160,,400,15,0,0,255,,,,,,1,,,,,,,,,,,,,,,,,,,,,,,,,,,,,,,ent.4627.hit,ent.4627.die,ent.4627.idle,ent.4627.foot,ent.4627.attack1,,,,horse_4627_3,,,1,,,,,,,1,,0.7,,,,,,,,,,,
46274,流云玉兔,,,,,,,,,,,,110137,1,4628,,,,1,,,,,,,200,,,,,,,,,,,,,,,,1,0,,,,,,,,,,7,2.6,16,5000,380,200,160,200,120,160,,400,15,0,0,255,,,,,,1,,,,,,,,,,,,,,,,,,,,,,,,,,,,,,,ent.4627.hit,ent.4627.die,ent.4627.idle,ent.4627.foot,ent.4627.attack1,,,,horse_4627_3,,,1,,,,,,,1,,0.7,,,,,,,,,,,
46275,流云玉兔,,,,,,,,,,,,110137,1,4628,,,,1,,,,,,,200,,,,,,,,,,,,,,,,1,0,,,,,,,,,,7,2.6,16,5000,380,200,160,200,120,160,,400,15,0,0,255,,,,,,1,,,,,,,,,,,,,,,,,,,,,,,,,,,,,,,ent.4627.hit,ent.4627.die,ent.4627.idle,ent.4627.foot,ent.4627.attack1,,,,horse_4627_3,,,1,,,,,,,1,,0.7,,,,,,,,,,,
46276,流云玉兔,,,,,,,,,,,,110137,1,4628,,,,1,,,,,,,200,,,,,,,,,,,,,,,,1,0,,,,,,,,,,7,2.6,16,5000,380,200,160,200,120,160,,400,15,0,0,255,,,,,,1,,,,,,,,,,,,,,,,,,,,,,,,,,,,,,,ent.4627.hit,ent.4627.die,ent.4627.idle,ent.4627.foot,ent.4627.attack1,,,,horse_4627_3,,,1,,,,,,,1,,0.7,,,,,,,,,,,
46277,流云玉兔,,,,,,,,,,,,110137,1,4628,,,,1,,,,,,,200,,,,,,,,,,,,,,,,1,0,,,,,,,,,,7,2.6,16,5000,380,200,160,200,120,160,,400,15,0,0,255,,,,,,1,,,,,,,,,,,,,,,,,,,,,,,,,,,,,,,ent.4627.hit,ent.4627.die,ent.4627.idle,ent.4627.foot,ent.4627.attack1,,,,horse_4627_3,,,1,,,,,,,1,,0.7,,,,,,,,,,,
46278,流云玉兔,,,,,,,,,,,,110137,1,4628,,,,1,,,,,,,200,,,,,,,,,,,,,,,,1,0,,,,,,,,,,7,2.6,16,5000,380,200,160,200,120,160,,400,15,0,0,255,,,,,,1,,,,,,,,,,,,,,,,,,,,,,,,,,,,,,,ent.4627.hit,ent.4627.die,ent.4627.idle,ent.4627.foot,ent.4627.attack1,,,,horse_4627_3,,,1,,,,,,,1,,0.7,,,,,,,,,,,
46279,流云玉兔,,,,,,,,,,,,110137,1,4628,,,,1,,,,,,,200,,,,,,,,,,,,,,,,1,0,,,,,,,,,,7,2.6,16,5000,380,200,160,200,120,160,,400,15,0,0,255,,,,,,1,,,,,,,,,,,,,,,,,,,,,,,,,,,,,,,ent.4627.hit,ent.4627.die,ent.4627.idle,ent.4627.foot,ent.4627.attack1,,,,horse_4627_3,,,1,,,,,,,1,,0.7,,,,,,,,,,,
46280,福兔临门,,,,,,,,,,,,110137,2,4629,,,,1,,,,,,,200,,,,,,,,,,,,,,,,1,0,,,,,,,,,,7,2.6,16,5000,380,200,160,200,120,160,,400,15,0,0,255,,,,,,1,,,,,,,,,,,,,,,,,,,,,,,,,,,,,,,ent.4627.hit,ent.4627.die,ent.4627.idle,ent.4627.foot,ent.4627.attack1,,,,horse_4627_3,,,1,,,,,,,1,,0.7,,,,,,,,,,,
4631,妆盒坐骑0级,,,,,,,,,,,,110128,,4631,,,,1,,,,,,,200,,,,,,,,,,,,,,,,1,0,,,,,,,,,,7,2.6,16,5000,200,120,160,200,120,160,,400,15,0,0,255,,,,,,1,,,,,,,,,,,,,,,,,,,,,,,,,,,,,,,ent.4631.hit,ent.4631.die,ent.4631.idle,ent.4631.foot,,,,,,,,1,,,,,,,1,,0.7,,,,,,,,,,,
4632,小粉匣,,,,,,,,,,,,110128,1,4632,,,,1,,,,,,,200,,,,,,,,,,,,,,,,1,0,,,,,,,,,,7,2.6,16,5000,380,200,160,200,120,160,,400,15,0,0,255,,,,,,1,,,,,,,,,,,,,,,,,,,,,,,,,,,,,,,ent.4631.hit,ent.4631.die,ent.4631.idle,ent.4631.foot,ent.4631.attack1,,,,horse_4631_3,,,1,,,,,,,1,,0.7,,,,,,,,,,,
4633,小粉匣,,,,,,,,,,,,110128,1,4632,,,,1,,,,,,,200,,,,,,,,,,,,,,,,1,0,,,,,,,,,,7,2.6,16,5000,380,200,160,200,120,160,,400,15,0,0,255,,,,,,1,,,,,,,,,,,,,,,,,,,,,,,,,,,,,,,ent.4631.hit,ent.4631.die,ent.4631.idle,ent.4631.foot,ent.4631.attack1,,,,horse_4631_3,,,1,,,,,,,1,,0.7,,,,,,,,,,,
4634,小粉匣,,,,,,,,,,,,110128,1,4632,,,,1,,,,,,,200,,,,,,,,,,,,,,,,1,0,,,,,,,,,,7,2.6,16,5000,380,200,160,200,120,160,,400,15,0,0,255,,,,,,1,,,,,,,,,,,,,,,,,,,,,,,,,,,,,,,ent.4631.hit,ent.4631.die,ent.4631.idle,ent.4631.foot,ent.4631.attack1,,,,horse_4631_3,,,1,,,,,,,1,,0.7,,,,,,,,,,,
46314,小粉匣,,,,,,,,,,,,110128,1,4632,,,,1,,,,,,,200,,,,,,,,,,,,,,,,1,0,,,,,,,,,,7,2.6,16,5000,380,200,160,200,120,160,,400,15,0,0,255,,,,,,1,,,,,,,,,,,,,,,,,,,,,,,,,,,,,,,ent.4631.hit,ent.4631.die,ent.4631.idle,ent.4631.foot,ent.4631.attack1,,,,horse_4631_3,,,1,,,,,,,1,,0.7,,,,,,,,,,,
46315,藏星之盒,,,,,,,,,,,,110128,2,4633,,,,1,,,,,,,200,,,,,,,,,,,,,,,,1,0,,,,,,,,,,7,2.6,16,5000,380,200,160,200,120,160,,400,15,0,0,255,,,,,,1,,,,,,,,,,,,,,,,,,,,,,,,,,,,,,,ent.4631.hit,ent.4631.die,ent.4631.idle,ent.4631.foot,ent.4631.attack1,,,,horse_4631_3,,,1,,,,,,,1,,0.7,,,,,,,,,,,
46316,藏星之盒,,,,,,,,,,,,110128,2,4633,,,,1,,,,,,,200,,,,,,,,,,,,,,,,1,0,,,,,,,,,,7,2.6,16,5000,380,200,160,200,120,160,,400,15,0,0,255,,,,,,1,,,,,,,,,,,,,,,,,,,,,,,,,,,,,,,ent.4631.hit,ent.4631.die,ent.4631.idle,ent.4631.foot,ent.4631.attack1,,,,horse_4631_3,,,1,,,,,,,1,,0.7,,,,,,,,,,,
46317,藏星之盒,,,,,,,,,,,,110128,2,4633,,,,1,,,,,,,200,,,,,,,,,,,,,,,,1,0,,,,,,,,,,7,2.6,16,5000,380,200,160,200,120,160,,400,15,0,0,255,,,,,,1,,,,,,,,,,,,,,,,,,,,,,,,,,,,,,,ent.4631.hit,ent.4631.die,ent.4631.idle,ent.4631.foot,ent.4631.attack1,,,,horse_4631_3,,,1,,,,,,,1,,0.7,,,,,,,,,,,
46318,藏星之盒,,,,,,,,,,,,110128,2,4633,,,,1,,,,,,,200,,,,,,,,,,,,,,,,1,0,,,,,,,,,,7,2.6,16,5000,380,200,160,200,120,160,,400,15,0,0,255,,,,,,1,,,,,,,,,,,,,,,,,,,,,,,,,,,,,,,ent.4631.hit,ent.4631.die,ent.4631.idle,ent.4631.foot,ent.4631.attack1,,,,horse_4631_3,,,1,,,,,,,1,,0.7,,,,,,,,,,,
46319,藏星之盒,,,,,,,,,,,,110128,2,4633,,,,1,,,,,,,200,,,,,,,,,,,,,,,,1,0,,,,,,,,,,7,2.6,16,5000,380,200,160,200,120,160,,400,15,0,0,255,,,,,,1,,,,,,,,,,,,,,,,,,,,,,,,,,,,,,,ent.4631.hit,ent.4631.die,ent.4631.idle,ent.4631.foot,ent.4631.attack1,,,,horse_4631_3,,,1,,,,,,,1,,0.7,,,,,,,,,,,
46320,揽梦之翼,,,,,,,,,,,,110128,3,4634,,,,1,,,,,,,200,,,,,,,,,,,,,,,,1,0,,,,,,,,,,7,2.6,16,5000,500,200,160,200,280,400,,450,15,0,0,255,,,,,,1,,,,,,,,,,,,,,,,,,,,,,,,,,,,,,,ent.4631.hit,ent.4631.die,ent.4631.idle,ent.4631.foot,ent.4631.attack1,,,,horse_4632_3,,,1,,,,,,,1,,0.7,,,,,,,,,,,
4635,雪花0级,,,,,,,,,,,,110136,,4627,,,,1,,,,,,,200,,,,,,,,,,,,,,,,1,0,,,,,,,,,,7,2.6,16,5000,200,120,160,200,120,160,,400,15,0,0,255,,,,,,1,,,,,,,,,,,,,,,,,,,,,,,,,,,,,,,ent.4635.hit,ent.4635.die,ent.4635.idle,ent.4635.foot,,,,,,,,1,,,,,,,1,,0.7,,,,,,,,,,,
4636,雪琉璃,,,,,,,,,,,,110136,1,4628,,,,1,,,,,,,200,,,,,,,,,,,,,,,,1,0,,,,,,,,,,7,2.6,16,5000,380,200,160,200,120,160,,400,15,0,0,255,,,,,,1,,,,,,,,,,,,,,,,,,,,,,,,,,,,,,,ent.4635.hit,ent.4635.die,ent.4635.idle,ent.4635.foot,ent.4635.attack1,,,,horse_4635_3,,,1,,,,,,,1,,0.7,,,,,,,,,,,
4637,雪琉璃,,,,,,,,,,,,110136,1,4628,,,,1,,,,,,,200,,,,,,,,,,,,,,,,1,0,,,,,,,,,,7,2.6,16,5000,380,200,160,200,120,160,,400,15,0,0,255,,,,,,1,,,,,,,,,,,,,,,,,,,,,,,,,,,,,,,ent.4635.hit,ent.4635.die,ent.4635.idle,ent.4635.foot,ent.4635.attack1,,,,horse_4635_3,,,1,,,,,,,1,,0.7,,,,,,,,,,,
46353,雪琉璃,,,,,,,,,,,,110136,1,4628,,,,1,,,,,,,200,,,,,,,,,,,,,,,,1,0,,,,,,,,,,7,2.6,16,5000,380,200,160,200,120,160,,400,15,0,0,255,,,,,,1,,,,,,,,,,,,,,,,,,,,,,,,,,,,,,,ent.4635.hit,ent.4635.die,ent.4635.idle,ent.4635.foot,ent.4635.attack1,,,,horse_4635_3,,,1,,,,,,,1,,0.7,,,,,,,,,,,
46354,雪琉璃,,,,,,,,,,,,110136,1,4628,,,,1,,,,,,,200,,,,,,,,,,,,,,,,1,0,,,,,,,,,,7,2.6,16,5000,380,200,160,200,120,160,,400,15,0,0,255,,,,,,1,,,,,,,,,,,,,,,,,,,,,,,,,,,,,,,ent.4635.hit,ent.4635.die,ent.4635.idle,ent.4635.foot,ent.4635.attack1,,,,horse_4635_3,,,1,,,,,,,1,,0.7,,,,,,,,,,,
46355,雪琉璃,,,,,,,,,,,,110136,1,4628,,,,1,,,,,,,200,,,,,,,,,,,,,,,,1,0,,,,,,,,,,7,2.6,16,5000,380,200,160,200,120,160,,400,15,0,0,255,,,,,,1,,,,,,,,,,,,,,,,,,,,,,,,,,,,,,,ent.4635.hit,ent.4635.die,ent.4635.idle,ent.4635.foot,ent.4635.attack1,,,,horse_4635_3,,,1,,,,,,,1,,0.7,,,,,,,,,,,
46356,雪琉璃,,,,,,,,,,,,110136,1,4628,,,,1,,,,,,,200,,,,,,,,,,,,,,,,1,0,,,,,,,,,,7,2.6,16,5000,380,200,160,200,120,160,,400,15,0,0,255,,,,,,1,,,,,,,,,,,,,,,,,,,,,,,,,,,,,,,ent.4635.hit,ent.4635.die,ent.4635.idle,ent.4635.foot,ent.4635.attack1,,,,horse_4635_3,,,1,,,,,,,1,,0.7,,,,,,,,,,,
46357,雪琉璃,,,,,,,,,,,,110136,1,4628,,,,1,,,,,,,200,,,,,,,,,,,,,,,,1,0,,,,,,,,,,7,2.6,16,5000,380,200,160,200,120,160,,400,15,0,0,255,,,,,,1,,,,,,,,,,,,,,,,,,,,,,,,,,,,,,,ent.4635.hit,ent.4635.die,ent.4635.idle,ent.4635.foot,ent.4635.attack1,,,,horse_4635_3,,,1,,,,,,,1,,0.7,,,,,,,,,,,
46358,雪琉璃,,,,,,,,,,,,110136,1,4628,,,,1,,,,,,,200,,,,,,,,,,,,,,,,1,0,,,,,,,,,,7,2.6,16,5000,380,200,160,200,120,160,,400,15,0,0,255,,,,,,1,,,,,,,,,,,,,,,,,,,,,,,,,,,,,,,ent.4635.hit,ent.4635.die,ent.4635.idle,ent.4635.foot,ent.4635.attack1,,,,horse_4635_3,,,1,,,,,,,1,,0.7,,,,,,,,,,,
46359,雪琉璃,,,,,,,,,,,,110136,1,4628,,,,1,,,,,,,200,,,,,,,,,,,,,,,,1,0,,,,,,,,,,7,2.6,16,5000,380,200,160,200,120,160,,400,15,0,0,255,,,,,,1,,,,,,,,,,,,,,,,,,,,,,,,,,,,,,,ent.4635.hit,ent.4635.die,ent.4635.idle,ent.4635.foot,ent.4635.attack1,,,,horse_4635_3,,,1,,,,,,,1,,0.7,,,,,,,,,,,
46360,冰霜绽放,,,,,,,,,,,,110136,2,4629,,,,1,,,,,,,200,,,,,,,,,,,,,,,,1,0,,,,,,,,,,7,2.6,16,5000,380,200,160,200,120,160,,400,15,0,0,255,,,,,,1,,,,,,,,,,,,,,,,,,,,,,,,,,,,,,,ent.4635.hit,ent.4635.die,ent.4635.idle,ent.4635.foot,ent.4635.attack1,,,,horse_4636_3,,,1,,,,,,,1,,0.7,,,,,,,,,,,
4639,魔藤圣导 菲丽茜亚0级,,,,,,,,,,,,110138,,4631,,,,1,,,,,,,200,,,,,,,,,,,,,,,,,0,,,,,,,,,,7,2.6,16,5000,200,120,160,200,120,160,,400,15,0,0,255,,,,,,1,,,,,,,,,,,,,,,,,,,,,,,,,,,,,,,ent.4640.hit,ent.4640.die,ent.4640.idle,ent.4640.foot,,,,,,,,1,,,,,,,1,,0.7,,,,,,,,,,,
4640,魔藤圣导 菲丽茜亚,,,,,,,,,,,,110138,1,4632,,,,1,,,,,,,200,,,,,,,,,,,,,,,,,0,,,,,,,,,,7,2.6,16,5000,200,120,160,200,120,160,,400,15,0,0,255,,,,,,1,,,,,,,,,,,,,,,,,,,,,,,,,,,,,,,ent.4640.hit,ent.4640.die,ent.4640.idle,ent.4640.foot,,,,,110126_1,,,1,,,,,,,1,,0.7,,,,,,,,,,,
4641,秘境精灵 菲丽茜亚0级,,,,,,,,,,,,110126,,4633,,,,1,,,,,,,200,,,,,,,,,,,,,,,,,0,,,,,,,,,,7,2.6,16,5000,200,120,160,200,120,160,,400,15,0,0,255,,,,,,1,,,,,,,,,,,,,,,,,,,,,,,,,,,,,,,ent.4640.hit,ent.4640.die,ent.4640.idle,ent.4640.foot,,,,,,,,1,,,,,,,1,,0.7,,,,,,,,,,,
4642,秘境精灵 菲丽茜亚,,,,,,,,,,,,110126,1,4634,,,,1,,,,,,,200,,,,,,,,,,,,,,,,,0,,,,,,,,,,7,2.6,16,5000,200,120,160,200,120,160,,400,15,0,0,255,,,,,,1,,,,,,,,,,,,,,,,,,,,,,,,,,,,,,,ent.4640.hit,ent.4640.die,ent.4640.idle,ent.4640.foot,,,,,110138_1,,,1,,,,,,,1,,0.7,,,,,,,,,,,
4643,迷你变形车0级,,,,,,,,,,,,110139,,4643,,,,1,,,,,,,200,,,,,,,,,,,,,,,,1,0,,,,,,,,,,7,2.6,16,5000,200,120,160,200,120,160,,400,15,0,0,255,,,,,,1,,,,,,,,,,,,,,,,,,,,,,,,,,,,,,,ent.4643.hit,ent.4643.die,ent.4643.idle,ent.4643.foot,,,,,,,,1,,,,,,,1,,0.7,,,,,,,,,,,
4644,迷你变形车,,,,,,,,,,,,110139,1,4644,,,,1,,,,,,,200,,,,,,,,,,,,,,,,1,0,,,,,,,,,,7,2.6,16,5000,380,200,160,200,120,160,,400,15,0,0,255,,,,,,1,,,,,,,,,,,,,,,,,,,,,,,,,,,,,,,ent.4643.hit,ent.4643.die,ent.4643.idle,ent.4643.foot,ent.4643.attack1,,,,horse_4644_3,,,1,,,,,,,1,,0.7,,,,,,,,,,,
4645,庆典之书0级,,,,,,,,,,,,110140,,4645,,,,1,,,,,,,200,,,,,,,,,,,,,,,,1,0,,,,,,,,,,7,2.6,16,5000,200,120,160,200,120,160,,400,15,0,0,255,,,,,,1,,,,,,,,,,,,,,,,,,,,,,,,,,,,,,,ent.4645.hit,ent.4645.die,ent.4645.idle,ent.4645.foot,,,,,,,,1,,,,,,,1,,0.7,,,,,,,,,,,
4646,庆典之书,,,,,,,,,,,,110140,1,4646,,,,1,,,,,,,200,,,,,,,,,,,,,,,,1,0,,,,,,,,,,7,2.6,16,5000,380,400,300,200,280,400,,450,15,0,0,255,,,,,,1,,,,,,,,,,,,,,,,,,,,,,,,,,,,,,,ent.4645.hit,ent.4645.die,ent.4645.idle,ent.4645.foot,ent.4645.attack1,,,,horse_4645_3,,,1,,,,,,,1,,0.7,,,,,,,,,,,
4647,咕噜兽0级,,,,,,,,,,,,110141,,4647,,,,1,,,,,,,200,,,,,,,,,,,,,,,,1,0,,,,,,,,,,7,2.6,16,5000,200,120,160,200,120,160,,400,15,0,0,255,,,,,,1,,,,,,,,,,,,,,,,,,,,,,,,,,,,,,,ent.4647.hit,ent.4647.die,ent.4647.idle,ent.4647.foot,,,,,,,,1,,,,,,,1,,0.7,,,,,,,,,,,
4648,咕噜兽,,,,,,,,,,,,110141,1,4648,,,,1,,,,,,,200,,,,,,,,,,,,,,,,1,0,,,,,,,,,,7,2.6,16,5000,380,200,160,200,120,160,,400,15,0,0,255,,,,,,1,,,,,,,,,,,,,,,,,,,,,,,,,,,,,,,ent.4647.hit,ent.4647.die,ent.4647.idle,ent.4647.foot,ent.4647.attack1,,,,horse_4647_3,,,1,,,,,,,1,,0.7,,,,,,,,,,,
4649,粽香摇0级,,,,,,,,,,,,110142,,4649,,,,1,,,,,,,200,,,,,,,,,,,,,,,,1,0,,,,,,,,,,7,2.6,16,5000,200,120,160,200,120,160,,400,15,0,0,255,,,,,,1,,,,,,,,,,,,,,,,,,,,,,,,,,,,,,,ent.4649.hit,ent.4649.die,ent.4649.idle,ent.4649.foot,,,,,,,,1,,,,,,,1,,0.7,,,,,,,,,,,
4650,粽香摇,,,,,,,,,,,,110142,1,4650,,,,1,,,,,,,200,,,,,,,,,,,,,,,,1,0,,,,,,,,,,7,2.6,16,5000,380,200,160,200,120,160,,400,15,0,0,255,,,,,,1,,,,,,,,,,,,,,,,,,,,,,,,,,,,,,,ent.4649.hit,ent.4649.die,ent.4649.idle,ent.4649.foot,ent.4649.attack1,,,,horse_4649_3,,,1,,,,,,,1,,0.7,,,,,,,,,,,
4651,变形金刚占用,,,,,,,,,,,,110143,1,4651,,,,1,,,,,,,220,,,,,,,,,,,,,,,,1,0,,,,,,,,,,7,2.6,16,5000,160,160,160,160,160,160,,400,15,0,0,255,,,,,,1,,,,,,,,,,,,,,,,,,,,,,,,,,,,,,,ent.4652.hit,ent.4652.die,ent.4652.idle,,,,,,110143_2,,,1,,,,,,,1,变形坐骑,0.7,,,,,,,,,,,
4652,路障,,OptimusPrime,Optimus Prime,,,,,,,,,110143,1,4652,,,,1,,,,,,,220,,,,,,,,,,,,,,,,1,0,,,,,,,,,,7,2.6,16,5000,160,60,60,160,160,160,,400,15,0,0,255,,,,,,1,,,,,,,,,,,,,,,,,,,,,,,,,,,,,,,ent.4652.hit,ent.4652.die,ent.4652.idle,ent.4652.foot,ent.4652.attack1,ent.4652.attackstop1,,,110143_2,,,1,,,,,,,1,变形坐骑,0.7,,,,,,,,,,,
4653,山川云海0级,,,,,,,,,,,,110144,,4653,,,,1,,,,,,,200,,,,,,,,,,,,,,,,1,0,,,,,,,,,,7,2.6,16,5000,200,120,160,200,120,160,,400,15,0,0,255,,,,,,1,,,,,,,,,,,,,,,,,,,,,,,,,,,,,,,ent.4653.hit,ent.4653.die,ent.4653.idle,ent.4653.foot,,,,,,,,1,,,,,,,1,,0.7,,,,,,,,,,,
4654,山川云海,,,,,,,,,,,,110144,1,4654,,,,1,,,,,,,200,,,,,,,,,,,,,,,,1,0,,,,,,,,,,7,2.6,16,5000,380,200,160,280,500,450,,400,15,0,0,255,,,,,,1,,,,,,,,,,,,,,,,,,,,,,,,,,,,,,,ent.4653.hit,ent.4653.die,ent.4653.idle,ent.4653.foot,ent.4653.attack1,,,,horse_4653_3,,,1,,,,,,,1,,0.7,,,,,,,,,,,
4655,邂逅甜心0级,,,,,,,,,,,,110150,,4655,,,,1,,,,,,,200,,,,,,,,,,,,,,,,1,0,,,,,,,,,,7,2.6,16,5000,200,120,160,200,120,160,,400,15,0,0,255,,,,,,1,,,,,,,,,,,,,,,,,,,,,,,,,,,,,,,ent.4655.hit,ent.4655.die,ent.4655.idle,ent.4655.foot,,,,,,,,1,,,,,,,1,,0.7,,,,,,,,,,,
4656,邂逅甜心,,,,,,,,,,,,110150,1,4656,,,,1,,,,,,,200,,,,,,,,,,,,,,,,1,0,,,,,,,,,,7,2.6,16,5000,380,200,160,200,120,160,,400,15,0,0,255,,,,,,1,,,,,,,,,,,,,,,,,,,,,,,,,,,,,,,ent.4655.hit,ent.4655.die,ent.4655.idle,ent.4655.foot,ent.4655.attack1,,,,horse_4655_3,,,1,,,,,,,1,,0.7,,,,,,,,,,,
4657,变形金刚占用,,,,,,,,,,,,110145,1,4657,,,,1,,,,,,,220,,,,,,,,,,,,,,,,1,0,,,,,,,,,,7,2.6,16,5000,160,160,160,160,160,160,,400,15,0,0,255,,,,,,1,,,,,,,,,,,,,,,,,,,,,,,,,,,,,,,ent.4657.hit,ent.4657.die,ent.4657.idle,,,,,,,,,1,,,,,,,1,变形坐骑,0.7,,,,,,,,,,,
4658,擎天圣,,OptimusPrime,Optimus Prime,,,,,,,,,110145,1,4658,,,,1,,,,,,,220,,,,,,,,,,,,,,,,1,0,,,,,,,,,,7,2.6,16,5000,160,60,60,160,160,160,,400,15,0,0,255,,,,,,1,,,,,,,,,,,,,,,,,,,,,,,,,,,,,,,ent.4657.hit,ent.4657.die,ent.4657.idle,ent.4657.foot,ent.4657.attack1,ent.4657.attackstop1,,,horse_4657_3,,,1,,,,,,,1,变形坐骑,0.7,,,,,,,,,,,
4659,天禄0级,,,,,,,,,,,,110157,,4659,,,,1,,,,,,,220,,,,,,,,,,,,,,,,1,0,,,,,,,,,,7,2.6,16,5000,200,120,160,200,120,160,,400,15,0,0,255,,,,,,1,,,,,,,,,,,,,,,,,,,,,,,,,,,,,,,ent.4660.hit,ent.4660.die,ent.4660.idle,ent.4660.foot,,,,,,,,1,,,,,,,1,,0.7,,,,,,,,,,,
4660,天禄,,,,,,,,,,,,110157,1,4660,,,,1,,,,,,,220,,,,,,,,,,,,,,,,1,0,,,,,,,,,,7,2.6,16,5000,380,200,160,200,120,160,,400,15,0,0,255,,,,,,1,,,,,,,,,,,,,,,,,,,,,,,,,,,,,,,ent.4660.hit,ent.4660.die,ent.4660.idle,ent.4660.foot,ent.4660.attack1,,,,horse_4660_3,,,1,,,,,,,1,,0.7,,,,,,,,,,,
4661,核桃0级,,,,,,,,,,,,110158,,4661,,,,1,,,,,,,220,,,,,,,,,,,,,,,,1,0,,,,,,,,,,7,2.6,16,5000,200,120,160,200,120,160,,400,15,0,0,255,,,,,,1,,,,,,,,,,,,,,,,,,,,,,,,,,,,,,,ent.4662.hit,ent.4662.die,ent.4662.idle,ent.4662.foot,,,,,,,,1,,,,,,,1,,0.7,,,,,,,,,,,
4662,核桃,,,,,,,,,,,,110158,1,4662,,,,1,,,,,,,220,,,,,,,,,,,,,,,,1,0,,,,,,,,,,7,2.6,16,5000,380,200,160,200,120,160,,400,15,0,0,255,,,,,,1,,,,,,,,,,,,,,,,,,,,,,,,,,,,,,,ent.4662.hit,ent.4662.die,ent.4662.idle,ent.4662.foot,ent.4662.attack1,,,,horse_4662_3,,,1,,,,,,,1,,0.7,,,,,,,,,,,
4663,音乐盒0级,,,,,,,,,,,,110152,,4663,,,,1,,,,,,,200,,,,,,,,,,,,,,,,1,0,,,,,,,,,,7,2.6,16,5000,200,120,160,200,120,160,,400,15,0,0,255,,,,,,1,,,,,,,,,,,,,,,,,,,,,,,,,,,,,,,ent.4663.hit,ent.4663.die,ent.4663.idle,ent.4663.foot,,,,,,,,1,,,,,,,1,,0.7,,,,,,,,,,,
4664,乐见音乐盒,,,,,,,,,,,,110152,1,4664,,,,1,,,,,,,200,,,,,,,,,,,,,,,,1,0,,,,,,,,,,7,2.6,16,5000,380,200,160,200,120,160,,400,15,0,0,255,,,,,,1,,,,,,,,,,,,,,,,,,,,,,,,,,,,,,,ent.4663.hit,ent.4663.die,ent.4663.idle,ent.4663.foot,ent.4663.attack1,,,,horse_4664_3,,,1,,,,,,,1,,0.7,,,,,,,,,,,
4665,乐见音乐盒,,,,,,,,,,,,110152,1,4664,,,,1,,,,,,,200,,,,,,,,,,,,,,,,1,0,,,,,,,,,,7,2.6,16,5000,380,200,160,200,120,160,,400,15,0,0,255,,,,,,1,,,,,,,,,,,,,,,,,,,,,,,,,,,,,,,ent.4663.hit,ent.4663.die,ent.4663.idle,ent.4663.foot,ent.4663.attack1,,,,horse_4664_3,,,1,,,,,,,1,,0.7,,,,,,,,,,,
4666,乐见音乐盒,,,,,,,,,,,,110152,1,4664,,,,1,,,,,,,200,,,,,,,,,,,,,,,,1,0,,,,,,,,,,7,2.6,16,5000,380,200,160,200,120,160,,400,15,0,0,255,,,,,,1,,,,,,,,,,,,,,,,,,,,,,,,,,,,,,,ent.4663.hit,ent.4663.die,ent.4663.idle,ent.4663.foot,ent.4663.attack1,,,,horse_4664_3,,,1,,,,,,,1,,0.7,,,,,,,,,,,
46634,乐见音乐盒,,,,,,,,,,,,110152,1,4664,,,,1,,,,,,,200,,,,,,,,,,,,,,,,1,0,,,,,,,,,,7,2.6,16,5000,380,200,160,200,120,160,,400,15,0,0,255,,,,,,1,,,,,,,,,,,,,,,,,,,,,,,,,,,,,,,ent.4663.hit,ent.4663.die,ent.4663.idle,ent.4663.foot,ent.4663.attack1,,,,horse_4664_3,,,1,,,,,,,1,,0.7,,,,,,,,,,,
46635,逐星乐盒,,,,,,,,,,,,110152,2,4665,,,,1,,,,,,,200,,,,,,,,,,,,,,,,1,0,,,,,,,,,,7,2.6,16,5000,380,200,160,200,120,160,,400,15,0,0,255,,,,,,1,,,,,,,,,,,,,,,,,,,,,,,,,,,,,,,ent.4663.hit,ent.4663.die,ent.4663.idle,ent.4663.foot,ent.4663.attack1,,,,horse_4664_3,,,1,,,,,,,1,,0.7,,,,,,,,,,,
46636,逐星乐盒,,,,,,,,,,,,110152,2,4665,,,,1,,,,,,,200,,,,,,,,,,,,,,,,1,0,,,,,,,,,,7,2.6,16,5000,380,200,160,200,120,160,,400,15,0,0,255,,,,,,1,,,,,,,,,,,,,,,,,,,,,,,,,,,,,,,ent.4663.hit,ent.4663.die,ent.4663.idle,ent.4663.foot,ent.4663.attack1,,,,horse_4664_3,,,1,,,,,,,1,,0.7,,,,,,,,,,,
46637,逐星乐盒,,,,,,,,,,,,110152,2,4665,,,,1,,,,,,,200,,,,,,,,,,,,,,,,1,0,,,,,,,,,,7,2.6,16,5000,380,200,160,200,120,160,,400,15,0,0,255,,,,,,1,,,,,,,,,,,,,,,,,,,,,,,,,,,,,,,ent.4663.hit,ent.4663.die,ent.4663.idle,ent.4663.foot,ent.4663.attack1,,,,horse_4664_3,,,1,,,,,,,1,,0.7,,,,,,,,,,,
46638,逐星乐盒,,,,,,,,,,,,110152,2,4665,,,,1,,,,,,,200,,,,,,,,,,,,,,,,1,0,,,,,,,,,,7,2.6,16,5000,380,200,160,200,120,160,,400,15,0,0,255,,,,,,1,,,,,,,,,,,,,,,,,,,,,,,,,,,,,,,ent.4663.hit,ent.4663.die,ent.4663.idle,ent.4663.foot,ent.4663.attack1,,,,horse_4664_3,,,1,,,,,,,1,,0.7,,,,,,,,,,,
46639,逐星乐盒,,,,,,,,,,,,110152,2,4665,,,,1,,,,,,,200,,,,,,,,,,,,,,,,1,0,,,,,,,,,,7,2.6,16,5000,380,200,160,200,120,160,,400,15,0,0,255,,,,,,1,,,,,,,,,,,,,,,,,,,,,,,,,,,,,,,ent.4663.hit,ent.4663.die,ent.4663.idle,ent.4663.foot,ent.4663.attack1,,,,horse_4664_3,,,1,,,,,,,1,,0.7,,,,,,,,,,,
46640,星穹之乐,,,,,,,,,,,,110152,3,4666,,,,1,,,,,,,200,,,,,,,,,,,,,,,,1,0,,,,,,,,,,7,2.6,16,5000,500,200,160,200,280,400,,450,15,0,0,255,,,,,,1,,,,,,,,,,,,,,,,,,,,,,,,,,,,,,,ent.4663.hit,ent.4663.die,ent.4663.idle,ent.4663.foot,ent.4663.attack2,,,,horse_4666_3,,,1,,,,,,,1,,0.7,,,,,,,,,,,
4667,秋千坐骑0级,,,,,,,,,,,,110159,,4667,,,,1,,,,,,,200,,,,,,,,,,,,,,,,1,0,,,,,,,,,,7,2.6,16,5000,200,120,160,200,120,160,,400,15,0,0,255,,,,,,1,,,,,,,,,,,,,,,,,,,,,,,,,,,,,,,ent.4667.hit,ent.4667.die,ent.4667.idle,ent.4667.foot,,,,,,,,1,,,,,,,1,,0.7,,,,,,,,,,,
4668,翠叶新芽,,,,,,,,,,,,110159,1,4668,,,,1,,,,,,,200,,,,,,,,,,,,,,,,1,0,,,,,,,,,,7,2.6,16,5000,380,200,160,200,120,160,,400,15,0,0,255,,,,,,1,,,,,,,,,,,,,,,,,,,,,,,,,,,,,,,ent.4667.hit,ent.4667.die,ent.4667.idle,ent.4667.foot,ent.4667.attack1,,,,horse_4668_3,,,1,,,,,,,1,,0.7,,,,,,,,,,,
4669,翠叶新芽,,,,,,,,,,,,110159,1,4668,,,,1,,,,,,,200,,,,,,,,,,,,,,,,1,0,,,,,,,,,,7,2.6,16,5000,380,200,160,200,120,160,,400,15,0,0,255,,,,,,1,,,,,,,,,,,,,,,,,,,,,,,,,,,,,,,ent.4667.hit,ent.4667.die,ent.4667.idle,ent.4667.foot,ent.4667.attack1,,,,horse_4668_3,,,1,,,,,,,1,,0.7,,,,,,,,,,,
4670,翠叶新芽,,,,,,,,,,,,110159,1,4668,,,,1,,,,,,,200,,,,,,,,,,,,,,,,1,0,,,,,,,,,,7,2.6,16,5000,380,200,160,200,120,160,,400,15,0,0,255,,,,,,1,,,,,,,,,,,,,,,,,,,,,,,,,,,,,,,ent.4667.hit,ent.4667.die,ent.4667.idle,ent.4667.foot,ent.4667.attack1,,,,horse_4668_3,,,1,,,,,,,1,,0.7,,,,,,,,,,,
46674,翠叶新芽,,,,,,,,,,,,110159,1,4668,,,,1,,,,,,,200,,,,,,,,,,,,,,,,1,0,,,,,,,,,,7,2.6,16,5000,380,200,160,200,120,160,,400,15,0,0,255,,,,,,1,,,,,,,,,,,,,,,,,,,,,,,,,,,,,,,ent.4667.hit,ent.4667.die,ent.4667.idle,ent.4667.foot,ent.4667.attack1,,,,horse_4668_3,,,1,,,,,,,1,,0.7,,,,,,,,,,,
46675,悠扬长枝,,,,,,,,,,,,110159,2,4669,,,,1,,,,,,,200,,,,,,,,,,,,,,,,1,0,,,,,,,,,,7,2.6,16,5000,380,200,160,200,120,160,,400,15,0,0,255,,,,,,1,,,,,,,,,,,,,,,,,,,,,,,,,,,,,,,ent.4667.hit,ent.4667.die,ent.4667.idle,ent.4667.foot,ent.4667.attack1,,,,horse_4668_3,,,1,,,,,,,1,,0.7,,,,,,,,,,,
46676,悠扬长枝,,,,,,,,,,,,110159,2,4669,,,,1,,,,,,,200,,,,,,,,,,,,,,,,1,0,,,,,,,,,,7,2.6,16,5000,380,200,160,200,120,160,,400,15,0,0,255,,,,,,1,,,,,,,,,,,,,,,,,,,,,,,,,,,,,,,ent.4667.hit,ent.4667.die,ent.4667.idle,ent.4667.foot,ent.4667.attack1,,,,horse_4668_3,,,1,,,,,,,1,,0.7,,,,,,,,,,,
46677,悠扬长枝,,,,,,,,,,,,110159,2,4669,,,,1,,,,,,,200,,,,,,,,,,,,,,,,1,0,,,,,,,,,,7,2.6,16,5000,380,200,160,200,120,160,,400,15,0,0,255,,,,,,1,,,,,,,,,,,,,,,,,,,,,,,,,,,,,,,ent.4667.hit,ent.4667.die,ent.4667.idle,ent.4667.foot,ent.4667.attack1,,,,horse_4668_3,,,1,,,,,,,1,,0.7,,,,,,,,,,,
46678,悠扬长枝,,,,,,,,,,,,110159,2,4669,,,,1,,,,,,,200,,,,,,,,,,,,,,,,1,0,,,,,,,,,,7,2.6,16,5000,380,200,160,200,120,160,,400,15,0,0,255,,,,,,1,,,,,,,,,,,,,,,,,,,,,,,,,,,,,,,ent.4667.hit,ent.4667.die,ent.4667.idle,ent.4667.foot,ent.4667.attack1,,,,horse_4668_3,,,1,,,,,,,1,,0.7,,,,,,,,,,,
46679,悠扬长枝,,,,,,,,,,,,110159,2,4669,,,,1,,,,,,,200,,,,,,,,,,,,,,,,1,0,,,,,,,,,,7,2.6,16,5000,380,200,160,200,120,160,,400,15,0,0,255,,,,,,1,,,,,,,,,,,,,,,,,,,,,,,,,,,,,,,ent.4667.hit,ent.4667.die,ent.4667.idle,ent.4667.foot,ent.4667.attack1,,,,horse_4668_3,,,1,,,,,,,1,,0.7,,,,,,,,,,,
46680,童梦翩跹,,,,,,,,,,,,110159,3,4670,,,,1,,,,,,,200,,,,,,,,,,,,,,,,1,0,,,,,,,,,,7,2.6,16,5000,500,200,160,200,280,400,,450,15,0,0,255,,,,,,1,,,,,,,,,,,,,,,,,,,,,,,,,,,,,,,ent.4667.hit,ent.4667.die,ent.4667.idle,ent.4667.foot,ent.4667.attack2,,,,horse_4669_3,,,1,,,,,,,1,,0.7,,,,,,,,,,,
4671,贝壳坐骑0级,,,,,,,,,,,,110160,,4671,,,,1,,,,,,,200,,,,,,,,,,,,,,,,1,,,,,,,,,,,7,2.6,16,5000,200,120,160,200,120,160,,400,15,0,0,255,,,,,,1,,,,,,,,,,,,,,,,,,,,,,,,,,,,,,,ent.4671.hit,ent.4671.die,ent.4671.idle,ent.4671.foot,,,,,,,,1,,,,,,,1,,0.7,,,,,,,,,,,
4672,微光星贝,,,,,,,,,,,,110160,1,4672,,,,1,,,,,,,200,,,,,,,,,,,,,,,,1,,,,,,,,,,,7,2.6,16,5000,380,200,160,200,120,160,,400,15,0,0,255,,,,,,1,,,,,,,,,,,,,,,,,,,,,,,,,,,,,,,ent.4671.hit,ent.4671.die,ent.4671.idle,ent.4671.foot,ent.4671.attack1,,,,horse_4672_3,,,1,,,,,,,1,,0.7,,,,,,,,,,,
4673,微光星贝,,,,,,,,,,,,110160,1,4672,,,,1,,,,,,,200,,,,,,,,,,,,,,,,1,0,,,,,,,,,,7,2.6,16,5000,380,200,160,200,120,160,,400,15,0,0,255,,,,,,1,,,,,,,,,,,,,,,,,,,,,,,,,,,,,,,ent.4671.hit,ent.4671.die,ent.4671.idle,ent.4671.foot,ent.4671.attack1,,,,horse_4672_3,,,1,,,,,,,1,,0.7,,,,,,,,,,,
4674,微光星贝,,,,,,,,,,,,110160,1,4672,,,,1,,,,,,,200,,,,,,,,,,,,,,,,1,0,,,,,,,,,,7,2.6,16,5000,380,200,160,200,120,160,,400,15,0,0,255,,,,,,1,,,,,,,,,,,,,,,,,,,,,,,,,,,,,,,ent.4671.hit,ent.4671.die,ent.4671.idle,ent.4671.foot,ent.4671.attack1,,,,horse_4672_3,,,1,,,,,,,1,,0.7,,,,,,,,,,,
46714,微光星贝,,,,,,,,,,,,110160,1,4672,,,,1,,,,,,,200,,,,,,,,,,,,,,,,1,0,,,,,,,,,,7,2.6,16,5000,380,200,160,200,120,160,,400,15,0,0,255,,,,,,1,,,,,,,,,,,,,,,,,,,,,,,,,,,,,,,ent.4671.hit,ent.4671.die,ent.4671.idle,ent.4671.foot,ent.4671.attack1,,,,horse_4672_3,,,1,,,,,,,1,,0.7,,,,,,,,,,,
46715,浮光梦境,,,,,,,,,,,,110160,2,4673,,,,1,,,,,,,200,,,,,,,,,,,,,,,,1,,,,,,,,,,,7,2.6,16,5000,380,200,160,200,120,160,,400,15,0,0,255,,,,,,1,,,,,,,,,,,,,,,,,,,,,,,,,,,,,,,ent.4671.hit,ent.4671.die,ent.4671.idle,ent.4671.foot,ent.4671.attack1,,,,horse_4672_3,,,1,,,,,,,1,,0.7,,,,,,,,,,,
46716,浮光梦境,,,,,,,,,,,,110160,2,4673,,,,1,,,,,,,200,,,,,,,,,,,,,,,,1,0,,,,,,,,,,7,2.6,16,5000,380,200,160,200,120,160,,400,15,0,0,255,,,,,,1,,,,,,,,,,,,,,,,,,,,,,,,,,,,,,,ent.4671.hit,ent.4671.die,ent.4671.idle,ent.4671.foot,ent.4671.attack1,,,,horse_4672_3,,,1,,,,,,,1,,0.7,,,,,,,,,,,
46717,浮光梦境,,,,,,,,,,,,110160,2,4673,,,,1,,,,,,,200,,,,,,,,,,,,,,,,1,0,,,,,,,,,,7,2.6,16,5000,380,200,160,200,120,160,,400,15,0,0,255,,,,,,1,,,,,,,,,,,,,,,,,,,,,,,,,,,,,,,ent.4671.hit,ent.4671.die,ent.4671.idle,ent.4671.foot,ent.4671.attack1,,,,horse_4672_3,,,1,,,,,,,1,,0.7,,,,,,,,,,,
46718,浮光梦境,,,,,,,,,,,,110160,2,4673,,,,1,,,,,,,200,,,,,,,,,,,,,,,,1,0,,,,,,,,,,7,2.6,16,5000,380,200,160,200,120,160,,400,15,0,0,255,,,,,,1,,,,,,,,,,,,,,,,,,,,,,,,,,,,,,,ent.4671.hit,ent.4671.die,ent.4671.idle,ent.4671.foot,ent.4671.attack1,,,,horse_4672_3,,,1,,,,,,,1,,0.7,,,,,,,,,,,
46719,浮光梦境,,,,,,,,,,,,110160,2,4673,,,,1,,,,,,,200,,,,,,,,,,,,,,,,1,0,,,,,,,,,,7,2.6,16,5000,380,200,160,200,120,160,,400,15,0,0,255,,,,,,1,,,,,,,,,,,,,,,,,,,,,,,,,,,,,,,ent.4671.hit,ent.4671.die,ent.4671.idle,ent.4671.foot,ent.4671.attack1,,,,horse_4672_3,,,1,,,,,,,1,,0.7,,,,,,,,,,,
46720,珊海星歌,,,,,,,,,,,,110160,3,4674,,,,1,,,,,,,200,,,,,,,,,,,,,,,,1,,,,,,,,,,,7,2.6,16,5000,380,200,160,200,280,400,,450,15,0,0,255,,,,,,1,,,,,,,,,,,,,,,,,,,,,,,,,,,,,,,ent.4671.hit,ent.4671.die,ent.4671.idle,ent.4671.foot,ent.4671.attack1,,,,horse_4673_3,,,1,,,,,,,1,,0.7,,,,,,,,,,,
4675,冰晶精灵 雪糯儿,,,,,,,,,,,,140374,1,4675,,,,1,,,,,,,220,,,,,,,,,,,,,,,,1,,,,,,,,,,,7,2.6,16,5000,160,160,160,300,180,180,,400,15,0,0,255,,,,,,1,,,,,,,,,,,,,,,,,,,,,,,,,,,,,,,,,,,,,,,,,,1,,,,,,,1,变形坐骑,,,,,,,,,,,,
4676,冰晶精灵 雪糯儿,,,,,,,,,,,,140374,1,4676,,,,1,,,,,,,220,,,,,,,,,,,,,,,,1,,,,,,,,,,,7,2.6,16,5000,160,160,160,160,160,160,,400,15,0,0,255,,,,,,1,,,,,,,,,,,,,,,,,,,,,,,,,,,,,,,,,,,,,,,140374_2,,,1,,,,,,,1,变形坐骑,,,,,,,,,,,,
4677,锦鲤0级,,,,,,,,,,,,110161,,4677,,,,1,,,,,,,200,,,,,,,,,,,,,,,,1,,,,,,,,,,,7,2.6,16,5000,200,120,160,200,120,160,,400,15,0,0,255,,,,,,1,,,,,,,,,,,,,,,,,,,,,,,,,,,,,,,ent.4678.hit,ent.4678.die,ent.4678.idle,ent.4678.foot,,,,,,,,1,,,,,,,1,,0.7,,,,,,,,,,,
4678,游鲤跃金,,,,,,,,,,,,110161,1,4678,,,,1,,,,,,,200,,,,,,,,,,,,,,,,1,,,,,,,,,,,7,2.6,16,5000,380,200,160,200,120,160,,400,15,0,0,255,,,,,,1,,,,,,,,,,,,,,,,,,,,,,,,,,,,,,,ent.4678.hit,ent.4678.die,ent.4678.idle,ent.4678.foot,,,,,horse_4678_3,,,1,,,,,,,1,,0.7,,,,,,,,,,,
4679,游鲤跃金,,,,,,,,,,,,110161,1,4678,,,,1,,,,,,,200,,,,,,,,,,,,,,,,1,0,,,,,,,,,,7,2.6,16,5000,380,200,160,200,120,160,,400,15,0,0,255,,,,,,1,,,,,,,,,,,,,,,,,,,,,,,,,,,,,,,ent.4678.hit,ent.4678.die,ent.4678.idle,ent.4678.foot,,,,,horse_4678_3,,,1,,,,,,,1,,0.7,,,,,,,,,,,
4680,游鲤跃金,,,,,,,,,,,,110161,1,4678,,,,1,,,,,,,200,,,,,,,,,,,,,,,,1,0,,,,,,,,,,7,2.6,16,5000,380,200,160,200,120,160,,400,15,0,0,255,,,,,,1,,,,,,,,,,,,,,,,,,,,,,,,,,,,,,,ent.4678.hit,ent.4678.die,ent.4678.idle,ent.4678.foot,,,,,horse_4678_3,,,1,,,,,,,1,,0.7,,,,,,,,,,,
46774,游鲤跃金,,,,,,,,,,,,110161,1,4678,,,,1,,,,,,,200,,,,,,,,,,,,,,,,1,0,,,,,,,,,,7,2.6,16,5000,380,200,160,200,120,160,,400,15,0,0,255,,,,,,1,,,,,,,,,,,,,,,,,,,,,,,,,,,,,,,ent.4678.hit,ent.4678.die,ent.4678.idle,ent.4678.foot,,,,,horse_4678_3,,,1,,,,,,,1,,0.7,,,,,,,,,,,
46775,明灯锦华,,,,,,,,,,,,110161,2,4679,,,,1,,,,,,,200,,,,,,,,,,,,,,,,1,,,,,,,,,,,7,2.6,16,5000,380,200,160,200,120,160,,400,15,0,0,255,,,,,,1,,,,,,,,,,,,,,,,,,,,,,,,,,,,,,,ent.4678.hit,ent.4678.die,ent.4678.idle,ent.4678.foot,,,,,horse_4678_3,,,1,,,,,,,1,,0.7,,,,,,,,,,,
46776,明灯锦华,,,,,,,,,,,,110161,2,4679,,,,1,,,,,,,200,,,,,,,,,,,,,,,,1,0,,,,,,,,,,7,2.6,16,5000,380,200,160,200,120,160,,400,15,0,0,255,,,,,,1,,,,,,,,,,,,,,,,,,,,,,,,,,,,,,,ent.4678.hit,ent.4678.die,ent.4678.idle,ent.4678.foot,,,,,horse_4678_3,,,1,,,,,,,1,,0.7,,,,,,,,,,,
46777,明灯锦华,,,,,,,,,,,,110161,2,4679,,,,1,,,,,,,200,,,,,,,,,,,,,,,,1,0,,,,,,,,,,7,2.6,16,5000,380,200,160,200,120,160,,400,15,0,0,255,,,,,,1,,,,,,,,,,,,,,,,,,,,,,,,,,,,,,,ent.4678.hit,ent.4678.die,ent.4678.idle,ent.4678.foot,,,,,horse_4678_3,,,1,,,,,,,1,,0.7,,,,,,,,,,,
46778,明灯锦华,,,,,,,,,,,,110161,2,4679,,,,1,,,,,,,200,,,,,,,,,,,,,,,,1,0,,,,,,,,,,7,2.6,16,5000,380,200,160,200,120,160,,400,15,0,0,255,,,,,,1,,,,,,,,,,,,,,,,,,,,,,,,,,,,,,,ent.4678.hit,ent.4678.die,ent.4678.idle,ent.4678.foot,,,,,horse_4678_3,,,1,,,,,,,1,,0.7,,,,,,,,,,,
46779,明灯锦华,,,,,,,,,,,,110161,2,4679,,,,1,,,,,,,200,,,,,,,,,,,,,,,,1,0,,,,,,,,,,7,2.6,16,5000,380,200,160,200,120,160,,400,15,0,0,255,,,,,,1,,,,,,,,,,,,,,,,,,,,,,,,,,,,,,,ent.4678.hit,ent.4678.die,ent.4678.idle,ent.4678.foot,,,,,horse_4678_3,,,1,,,,,,,1,,0.7,,,,,,,,,,,
46780,雾海长明,,,,,,,,,,,,110161,3,4680,,,,1,,,,,,,200,,,,,,,,,,,,,,,,1,,,,,,,,,,,7,2.6,16,5000,380,200,160,200,280,400,,450,15,0,0,255,,,,,,1,,,,,,,,,,,,,,,,,,,,,,,,,,,,,,,ent.4678.hit,ent.4678.die,ent.4678.idle,ent.4678.foot,,,,,horse_4680_3,,,1,,,,,,,1,,0.7,,,,,,,,,,,
4681,木马0级,,,,,,,,,,,,110162,,4681,,,,1,,,,,,,200,,,,,,,,,,,,,,,,1,,,,,,,,,,,7,2.6,16,5000,200,120,160,200,120,160,,400,15,0,0,255,,,,,,1,,,,,,,,,,,,,,,,,,,,,,,,,,,,,,,ent.4682.hit,ent.4682.die,ent.4682.idle,ent.4682.foot,,,,,,,,1,,,,,,,1,,0.7,,,,,,,,,,,
4682,梦影云端,,,,,,,,,,,,110162,1,4682,,,,1,,,,,,,200,,,,,,,,,,,,,,,,1,,,,,,,,,,,7,2.6,16,5000,380,200,160,200,120,160,,400,15,0,0,255,,,,,,1,,,,,,,,,,,,,,,,,,,,,,,,,,,,,,,ent.4682.hit,ent.4682.die,ent.4682.idle,ent.4682.foot,,,,,horse_4682_3,,,1,,,,,,,1,,0.7,,,,,,,,,,,
4683,梦影云端,,,,,,,,,,,,110162,1,4682,,,,1,,,,,,,200,,,,,,,,,,,,,,,,1,0,,,,,,,,,,7,2.6,16,5000,380,200,160,200,120,160,,400,15,0,0,255,,,,,,1,,,,,,,,,,,,,,,,,,,,,,,,,,,,,,,ent.4682.hit,ent.4682.die,ent.4682.idle,ent.4682.foot,,,,,horse_4682_3,,,1,,,,,,,1,,0.7,,,,,,,,,,,
4684,梦影云端,,,,,,,,,,,,110162,1,4682,,,,1,,,,,,,200,,,,,,,,,,,,,,,,1,0,,,,,,,,,,7,2.6,16,5000,380,200,160,200,120,160,,400,15,0,0,255,,,,,,1,,,,,,,,,,,,,,,,,,,,,,,,,,,,,,,ent.4682.hit,ent.4682.die,ent.4682.idle,ent.4682.foot,,,,,horse_4682_3,,,1,,,,,,,1,,0.7,,,,,,,,,,,
46814,梦影云端,,,,,,,,,,,,110162,1,4682,,,,1,,,,,,,200,,,,,,,,,,,,,,,,1,0,,,,,,,,,,7,2.6,16,5000,380,200,160,200,120,160,,400,15,0,0,255,,,,,,1,,,,,,,,,,,,,,,,,,,,,,,,,,,,,,,ent.4682.hit,ent.4682.die,ent.4682.idle,ent.4682.foot,,,,,horse_4682_3,,,1,,,,,,,1,,0.7,,,,,,,,,,,
46815,梦境之影,,,,,,,,,,,,110162,2,4683,,,,1,,,,,,,200,,,,,,,,,,,,,,,,1,,,,,,,,,,,7,2.6,16,5000,380,200,160,200,120,160,,400,15,0,0,255,,,,,,1,,,,,,,,,,,,,,,,,,,,,,,,,,,,,,,ent.4682.hit,ent.4682.die,ent.4682.idle,ent.4682.foot,,,,,horse_4682_3,,,1,,,,,,,1,,0.7,,,,,,,,,,,
46816,梦境之影,,,,,,,,,,,,110162,2,4683,,,,1,,,,,,,200,,,,,,,,,,,,,,,,1,0,,,,,,,,,,7,2.6,16,5000,380,200,160,200,120,160,,400,15,0,0,255,,,,,,1,,,,,,,,,,,,,,,,,,,,,,,,,,,,,,,ent.4682.hit,ent.4682.die,ent.4682.idle,ent.4682.foot,,,,,horse_4682_3,,,1,,,,,,,1,,0.7,,,,,,,,,,,
46817,梦境之影,,,,,,,,,,,,110162,2,4683,,,,1,,,,,,,200,,,,,,,,,,,,,,,,1,0,,,,,,,,,,7,2.6,16,5000,380,200,160,200,120,160,,400,15,0,0,255,,,,,,1,,,,,,,,,,,,,,,,,,,,,,,,,,,,,,,ent.4682.hit,ent.4682.die,ent.4682.idle,ent.4682.foot,,,,,horse_4682_3,,,1,,,,,,,1,,0.7,,,,,,,,,,,
46818,梦境之影,,,,,,,,,,,,110162,2,4683,,,,1,,,,,,,200,,,,,,,,,,,,,,,,1,0,,,,,,,,,,7,2.6,16,5000,380,200,160,200,120,160,,400,15,0,0,255,,,,,,1,,,,,,,,,,,,,,,,,,,,,,,,,,,,,,,ent.4682.hit,ent.4682.die,ent.4682.idle,ent.4682.foot,,,,,horse_4682_3,,,1,,,,,,,1,,0.7,,,,,,,,,,,
46819,梦境之影,,,,,,,,,,,,110162,2,4683,,,,1,,,,,,,200,,,,,,,,,,,,,,,,1,0,,,,,,,,,,7,2.6,16,5000,380,200,160,200,120,160,,400,15,0,0,255,,,,,,1,,,,,,,,,,,,,,,,,,,,,,,,,,,,,,,ent.4682.hit,ent.4682.die,ent.4682.idle,ent.4682.foot,,,,,horse_4682_3,,,1,,,,,,,1,,0.7,,,,,,,,,,,
46820,云霓仙踪,,,,,,,,,,,,110162,3,4684,,,,1,,,,,,,200,,,,,,,,,,,,,,,,1,,,,,,,,,,,7,2.6,16,5000,380,200,160,200,280,400,,450,15,0,0,255,,,,,,1,,,,,,,,,,,,,,,,,,,,,,,,,,,,,,,ent.4682.hit,ent.4682.die,ent.4682.idle,ent.4682.foot,,,,,horse_4684_3,,,1,,,,,,,1,,0.7,,,,,,,,,,,
4685,大块头0级,,,,,,,,,,,,110164,,4685,,,,1,,,,,,,200,,,,,,,,,,,,,,,,1,,,,,,,,,,,7,2.6,16,5000,200,120,160,200,120,160,,400,15,0,0,255,,,,,,1,,,,,,,,,,,,,,,,,,,,,,,,,,,,,,,ent.4686.hit,ent.4686.die,ent.4686.idle,ent.4686.foot,,,,,,,,1,,,,,,,1,,0.7,,,,,,,,,,,
4686,大块头,,,,,,,,,,,,110164,1,4686,,,,1,,,,,,,200,,,,,,,,,,,,,,,,1,,,,,,,,,,,7,2.6,16,5000,380,200,160,200,120,160,,400,15,0,0,255,,,,,,1,,,,,,,,,,,,,,,,,,,,,,,,,,,,,,,ent.4686.hit,ent.4686.die,ent.4686.idle,ent.4686.foot,,,,,horse_4686_3,,,1,,,,,,,1,,0.7,,,,,,,,,,,
4687,先行者0级,,,,,,,,,,,,110166,,4687,,,,1,,,,,,,200,,,,,,,,,,,,,,,,1,,,,,,,,,,,7,2.6,16,5000,200,120,160,200,120,160,,400,15,0,0,255,,,,,,1,,,,,,,,,,,,,,,,,,,,,,,,,,,,,,,ent.4688.hit,ent.4688.die,ent.4688.idle,ent.4688.foot,,,,,,,,1,,,,,,,1,,0.7,,,,,,,,,,,
4688,先行者,,,,,,,,,,,,110166,1,4688,,,,1,,,,,,,200,,,,,,,,,,,,,,,,1,,,,,,,,,,,7,2.6,16,5000,380,200,160,200,120,160,,400,15,0,0,255,,,,,,1,,,,,,,,,,,,,,,,,,,,,,,,,,,,,,,ent.4688.hit,ent.4688.die,ent.4688.idle,ent.4688.foot,,,,,horse_4688_3,,,1,,,,,,,1,,0.7,,,,,,,,,,,
4689,战狼传说0级,,,,,,,,,,,,110165,,4689,,,,1,,,,,,,200,,,,,,,,,,,,,,,,1,,,,,,,,,,,7,2.6,16,5000,200,120,160,200,120,160,,400,15,0,0,255,,,,,,1,,,,,,,,,,,,,,,,,,,,,,,,,,,,,,,ent.4690.hit,ent.4690.die,ent.4690.idle,ent.4690.foot,,,,,,,,1,,,,,,,1,,0.7,,,,,,,,,,,
4690,战狼传说,,,,,,,,,,,,110165,1,4690,,,,1,,,,,,,200,,,,,,,,,,,,,,,,1,,,,,,,,,,,7,2.6,16,5000,380,200,160,200,120,160,,400,15,0,0,255,,,,,,1,,,,,,,,,,,,,,,,,,,,,,,,,,,,,,,ent.4690.hit,ent.4690.die,ent.4690.idle,ent.4690.foot,,,,,horse_4690_3,,,1,,,,,,,1,,0.7,,,,,,,,,,,
4691,星莉奈,,,,,,,,,,,,110163,1,4691,,,,1,,,,,,,220,,,,,,,,,,,,,,,,1,,,,,,,,,,,7,2.6,16,5000,160,160,160,300,180,180,,400,15,0,0,255,,,,,,1,,,,,,,,,,,,,,,,,,,,,,,,,,,,,,,ent.4691.hit,ent.4691.die,ent.4691.idle,,,,,,,,,1,,,,,,,1,变形坐骑,,,,,,,,,,,,
4692,星莉奈,,,,,,,,,,,,110163,1,4692,,,,1,,,,,,,220,,,,,,,,,,,,,,,,1,,,,,,,,,,,7,2.6,16,5000,160,160,160,160,160,160,,400,15,0,0,255,,,,,,1,,,,,,,,,,,,,,,,,,,,,,,,,,,,,,,ent.4691.hit,ent.4691.die,ent.4691.idle,ent.4691.foot,,,,,horse_4691_3,,,1,,,,,,,1,变形坐骑,,,,,,,,,,,,
4693,幻-猩红战机,,,,,,,,,,,,110167,1,4693,,,,1,,,,,,,220,,,,,,,,,,,,,,,,1,,,,,,,,,,,7,2.6,16,5000,160,160,160,300,180,180,,400,15,0,0,255,,,,,,1,,,,,,,,,,,,,,,,,,,,,,,,,,,,,,,ent.4693.hit,ent.4693.die,ent.4693.idle,,,,,,,,,1,,,,,,,1,变形坐骑,,,,,,,,,,,,
4694,幻-猩红战机,,,,,,,,,,,,110167,1,4694,,,,1,,,,,,,220,,,,,,,,,,,,,,,,1,,,,,,,,,,,7,2.6,16,5000,160,160,160,160,160,160,,400,15,0,0,255,,,,,,1,,,,,,,,,,,,,,,,,,,,,,,,,,,,,,,ent.4693.hit,ent.4693.die,ent.4693.idle,ent.4693.foot,,,,,horse_4693_3,,,1,,,,,,,1,变形坐骑,,,,,,,,,,,,
4695,谛听0级,,,,,,,,,,,,110169,,4695,,,,1,,,,,,,200,,,,,,,,,,,,,,,,1,,,,,,,,,,,7,2.6,16,5000,200,120,160,200,120,160,,400,15,0,0,255,,,,,,1,,,,,,,,,,,,,,,,,,,,,,,,,,,,,,,ent.4696.hit,ent.4696.die,ent.4696.idle,ent.4696.foot,,,,,,,,1,,,,,,,1,,0.7,,,,,,,,,,,
4696,谛听,,,,,,,,,,,,110169,1,4696,,,,1,,,,,,,200,,,,,,,,,,,,,,,,1,,,,,,,,,,,7,2.6,16,5000,380,200,160,200,120,160,,400,15,0,0,255,,,,,,1,,,,,,,,,,,,,,,,,,,,,,,,,,,,,,,ent.4696.hit,ent.4696.die,ent.4696.idle,ent.4696.foot,,,,,horse_4696_3,,,1,,,,,,,1,,0.7,,,,,,,,,,,
4697,金樽墨花0级,,,,,,,,,,,,110168,,4697,,,,1,,,,,,,200,,,,,,,,,,,,,,,,1,,,,,,,,,,,7,2.6,16,5000,200,120,160,200,120,160,,400,15,0,0,255,,,,,,1,,,,,,,,,,,,,,,,,,,,,,,,,,,,,,,ent.4698.hit,ent.4698.die,ent.4698.idle,ent.4698.foot,,,,,,,,1,,,,,,,1,,0.7,,,,,,,,,,,
4698,金樽墨花,,,,,,,,,,,,110168,1,4698,,,,1,,,,,,,200,,,,,,,,,,,,,,,,1,,,,,,,,,,,7,2.6,16,5000,380,200,160,200,120,160,,400,15,0,0,255,,,,,,1,,,,,,,,,,,,,,,,,,,,,,,,,,,,,,,ent.4698.hit,ent.4698.die,ent.4698.idle,ent.4698.foot,,,,,horse_4698_3,,,1,,,,,,,1,,0.7,,,,,,,,,,,
4699,红火金刚,,,,,,,,,,,,110170,1,4699,,,,1,,,,,,,220,,,,,,,,,,,,,,,,1,,,,,,,,,,,7,2.6,16,5000,160,160,160,300,180,180,,400,15,0,0,255,,,,,,1,,,,,,,,,,,,,,,,,,,,,,,,,,,,,,,ent.4670.hit,ent.4670.die,ent.4670.idle,,,,,,,,,1,,,,,,,1,变形坐骑,,,,,,,,,,,,
4700,红火金刚,,,,,,,,,,,,110170,1,4700,,,,1,,,,,,,220,,,,,,,,,,,,,,,,1,,,,,,,,,,,7,2.6,16,5000,160,160,160,160,160,160,,400,15,0,0,255,,,,,,1,,,,,,,,,,,,,,,,,,,,,,,,,,,,,,,ent.4670.hit,ent.4670.die,ent.4670.idle,ent.4670.foot,,,,,horse_4670_3,,,1,,,,,,,1,变形坐骑,,,,,,,,,,,,
4701,"婆娑莲华
0级",,,,,,,,,,,,110151,,4701,,,,1,,,,,,,200,,,,,,,,,,,,,,,,1,,,,,,,,,,,7,2.6,16,5000,200,120,160,200,120,160,,400,15,0,0,255,,,,,,1,,,,,,,,,,,,,,,,,,,,,,,,,,,,,,,ent.4702.hit,ent.4702.die,ent.4702.idle,ent.4702.foot,,,,,,,,1,,,,,,,1,,0.7,,,,,,,,,,,
4702,婆娑莲华,,,,,,,,,,,,110151,1,4702,,,,1,,,,,,,200,,,,,,,,,,,,,,,,1,,,,,,,,,,,7,2.6,16,5000,380,200,160,200,120,160,,400,15,0,0,255,,,,,,1,,,,,,,,,,,,,,,,,,,,,,,,,,,,,,,ent.4702.hit,ent.4702.die,ent.4702.idle,ent.4702.foot,ent.4550.attack1,,,,horse_4702_3,,,1,,,,,,,1,,0.7,,,,,,,,,,,
4703,购物车0级,,,,,,,,,,,,110171,,4703,,,,1,,,,,,,200,,,,,,,,,,,,,,,,1,,,,,,,,,,,7,2.6,16,5000,200,120,160,200,120,160,,400,15,0,0,255,,,,,,1,,,,,,,,,,,,,,,,,,,,,,,,,,,,,,,ent.4704.hit,ent.4704.die,ent.4704.idle,ent.4704.foot,,,,,,,,1,,,,,,,1,,0.7,,,,,,,,,,,
4704,蓝韵梦篮,,,,,,,,,,,,110171,1,4704,,,,1,,,,,,,200,,,,,,,,,,,,,,,,1,,,,,,,,,,,7,2.6,16,5000,380,200,160,200,120,160,,400,15,0,0,255,,,,,,1,,,,,,,,,,,,,,,,,,,,,,,,,,,,,,,ent.4704.hit,ent.4704.die,ent.4704.idle,ent.4704.foot,,,,,horse_4704_3,,,1,,,,,,,1,,0.7,,,,,,,,,,,
4705,蓝韵梦篮,,,,,,,,,,,,110171,1,4704,,,,1,,,,,,,200,,,,,,,,,,,,,,,,1,,,,,,,,,,,7,2.6,16,5000,380,200,160,200,120,160,,400,15,0,0,255,,,,,,1,,,,,,,,,,,,,,,,,,,,,,,,,,,,,,,ent.4704.hit,ent.4704.die,ent.4704.idle,ent.4704.foot,,,,,horse_4704_3,,,1,,,,,,,1,,0.7,,,,,,,,,,,
4706,蓝韵梦篮,,,,,,,,,,,,110171,1,4704,,,,1,,,,,,,200,,,,,,,,,,,,,,,,1,,,,,,,,,,,7,2.6,16,5000,380,200,160,200,120,160,,400,15,0,0,255,,,,,,1,,,,,,,,,,,,,,,,,,,,,,,,,,,,,,,ent.4704.hit,ent.4704.die,ent.4704.idle,ent.4704.foot,,,,,horse_4704_3,,,1,,,,,,,1,,0.7,,,,,,,,,,,
47034,蓝韵梦篮,,,,,,,,,,,,110171,1,4704,,,,1,,,,,,,200,,,,,,,,,,,,,,,,1,,,,,,,,,,,7,2.6,16,5000,380,200,160,200,120,160,,400,15,0,0,255,,,,,,1,,,,,,,,,,,,,,,,,,,,,,,,,,,,,,,ent.4704.hit,ent.4704.die,ent.4704.idle,ent.4704.foot,,,,,horse_4704_3,,,1,,,,,,,1,,0.7,,,,,,,,,,,
47035,旋绿糖篮,,,,,,,,,,,,110171,2,4705,,,,1,,,,,,,200,,,,,,,,,,,,,,,,1,,,,,,,,,,,7,2.6,16,5000,380,200,160,200,120,160,,400,15,0,0,255,,,,,,1,,,,,,,,,,,,,,,,,,,,,,,,,,,,,,,ent.4704.hit,ent.4704.die,ent.4704.idle,ent.4704.foot,,,,,horse_4704_3,,,1,,,,,,,1,,0.7,,,,,,,,,,,
47036,旋绿糖篮,,,,,,,,,,,,110171,2,4705,,,,1,,,,,,,200,,,,,,,,,,,,,,,,1,,,,,,,,,,,7,2.6,16,5000,380,200,160,200,120,160,,400,15,0,0,255,,,,,,1,,,,,,,,,,,,,,,,,,,,,,,,,,,,,,,ent.4704.hit,ent.4704.die,ent.4704.idle,ent.4704.foot,,,,,horse_4704_3,,,1,,,,,,,1,,0.7,,,,,,,,,,,
47037,旋绿糖篮,,,,,,,,,,,,110171,2,4705,,,,1,,,,,,,200,,,,,,,,,,,,,,,,1,,,,,,,,,,,7,2.6,16,5000,380,200,160,200,120,160,,400,15,0,0,255,,,,,,1,,,,,,,,,,,,,,,,,,,,,,,,,,,,,,,ent.4704.hit,ent.4704.die,ent.4704.idle,ent.4704.foot,,,,,horse_4704_3,,,1,,,,,,,1,,0.7,,,,,,,,,,,
47038,旋绿糖篮,,,,,,,,,,,,110171,2,4705,,,,1,,,,,,,200,,,,,,,,,,,,,,,,1,,,,,,,,,,,7,2.6,16,5000,380,200,160,200,120,160,,400,15,0,0,255,,,,,,1,,,,,,,,,,,,,,,,,,,,,,,,,,,,,,,ent.4704.hit,ent.4704.die,ent.4704.idle,ent.4704.foot,,,,,horse_4704_3,,,1,,,,,,,1,,0.7,,,,,,,,,,,
47039,旋绿糖篮,,,,,,,,,,,,110171,2,4705,,,,1,,,,,,,200,,,,,,,,,,,,,,,,1,,,,,,,,,,,7,2.6,16,5000,380,200,160,200,120,160,,400,15,0,0,255,,,,,,1,,,,,,,,,,,,,,,,,,,,,,,,,,,,,,,ent.4704.hit,ent.4704.die,ent.4704.idle,ent.4704.foot,,,,,horse_4704_3,,,1,,,,,,,1,,0.7,,,,,,,,,,,
47040,幻彩悦购,,,,,,,,,,,,110171,3,4706,,,,1,,,,,,,200,,,,,,,,,,,,,,,,1,,,,,,,,,,,7,2.6,16,5000,380,200,160,200,280,400,,450,15,0,0,255,,,,,,1,,,,,,,,,,,,,,,,,,,,,,,,,,,,,,,ent.4704.hit,ent.4704.die,ent.4704.idle,ent.4704.foot,,,,,horse_4706_3,,,1,,,,,,,1,,0.7,,,,,,,,,,,
4707,白虎勇士,,,,,,,,,,,,110173,1,4707,,,,1,,,,,,,220,,,,,,,,,,,,,,,,1,,,,,,,,,,,7,2.6,16,5000,160,160,160,300,180,180,,400,15,0,0,255,,,,,,1,,,,,,,,,,,,,,,,,,,,,,,,,,,,,,,ent.4707.hit,ent.4707.die,ent.4707.idle,,,,,,,,,1,,,,,,,1,变形坐骑,,,,,,,,,,,,
4708,白虎勇士,,,,,,,,,,,,110173,1,4708,,,,1,,,,,,,220,,,,,,,,,,,,,,,,1,,,,,,,,,,,7,2.6,16,5000,160,160,160,160,160,160,,400,15,0,0,255,,,,,,1,,,,,,,,,,,,,,,,,,,,,,,,,,,,,,,ent.4707.hit,ent.4707.die,ent.4707.idle,ent.4707.foot,,,,,horse_4707_3,,,1,,,,,,,1,变形坐骑,,,,,,,,,,,,
4709,黄豹勇士,,,,,,,,,,,,110172,1,4709,,,,1,,,,,,,220,,,,,,,,,,,,,,,,1,,,,,,,,,,,7,2.6,16,5000,160,160,160,300,180,180,,400,15,0,0,255,,,,,,1,,,,,,,,,,,,,,,,,,,,,,,,,,,,,,,ent.4709.hit,ent.4709.die,ent.4709.idle,,,,,,,,,1,,,,,,,1,变形坐骑,,,,,,,,,,,,
4710,黄豹勇士,,,,,,,,,,,,110172,1,4710,,,,1,,,,,,,220,,,,,,,,,,,,,,,,1,,,,,,,,,,,7,2.6,16,5000,160,160,160,160,160,160,,400,15,0,0,255,,,,,,1,,,,,,,,,,,,,,,,,,,,,,,,,,,,,,,ent.4709.hit,ent.4709.die,ent.4709.idle,ent.4709.foot,,,,,horse_4709_3,,,1,,,,,,,1,变形坐骑,,,,,,,,,,,,
4711,云野漫游0级,,,,,,,,,,,,110174,,4711,,,,1,,,,,,,200,,,,,,,,,,,,,,,,1,,,,,,,,,,,7,2.6,16,5000,200,120,160,200,120,160,,400,15,0,0,255,,,,,,1,,,,,,,,,,,,,,,,,,,,,,,,,,,,,,,ent.4712.hit,ent.4712.die,ent.4712.idle,,,,,,,,,1,,,,,,,1,,0.7,,,,,,,,,,,
4712,云野漫游,,,,,,,,,,,,110174,1,4712,,,,1,,,,,,,200,,,,,,,,,,,,,,,,1,,,,,,,,,,,7,2.6,16,5000,380,200,160,200,120,160,,400,15,0,0,255,,,,,,1,,,,,,,,,,,,,,,,,,,,,,,,,,,,,,,ent.4712.hit,ent.4712.die,ent.4712.idle,ent.4712.foot,,,,,horse_4712_3,,,1,,,,,,,1,,0.7,,,,,,,,,,,
4713,末日战机0级,,,,,,,,,,,,110175,,4713,,,,1,,,,,,,200,,,,,,,,,,,,,,,,1,,,,,,,,,,,7,2.6,16,5000,200,120,160,200,120,160,,400,15,0,0,255,,,,,,1,,,,,,,,,,,,,,,,,,,,,,,,,,,,,,,ent.4714.hit,ent.4714.die,ent.4714.idle,,,,,,,,,1,,,,,,,1,,0.7,,,,,,,,,,,
4714,末日战机,,,,,,,,,,,,110175,1,4714,,,,1,,,,,,,200,,,,,,,,,,,,,,,,1,,,,,,,,,,,7,2.6,16,5000,380,200,160,200,120,160,,400,15,0,0,255,,,,,,1,,,,,,,,,,,,,,,,,,,,,,,,,,,,,,,ent.4714.hit,ent.4714.die,ent.4714.idle,ent.4714.foot,,,,,horse_4714_3,,,1,,,,,,,1,,0.7,,,,,,,,,,,
4715,煌泉0级,,,,,,,,,,,,110178,,4715,,,,1,,,,,,,200,,,,,,,,,,,,,,,,1,,,,,,,,,,,7,2.6,16,5000,200,120,160,200,120,160,,400,15,0,0,255,,,,,,1,,,,,,,,,,,,,,,,,,,,,,,,,,,,,,,ent.4716.hit,ent.4716.die,ent.4716.idle,,,,,,,,,1,,,,,,,1,,0.7,,,,,,,,,,,
4716,煌泉,,,,,,,,,,,,110178,1,4716,,,,1,,,,,,,200,,,,,,,,,,,,,,,,1,,,,,,,,,,,7,2.6,16,5000,380,200,160,200,120,160,,400,15,0,0,255,,,,,,1,,,,,,,,,,,,,,,,,,,,,,,,,,,,,,,ent.4716.hit,ent.4716.die,ent.4716.idle,ent.4716.foot,,,,,horse_4716_3,,,1,,,,,,,1,,0.7,,,,,,,,,,,
4717,狂野四驱0级,,,,,,,,,,,,110179,,4717,,,,1,,,,,,,200,,,,,,,,,,,,,,,,1,,,,,,,,,,,7,2.6,16,5000,200,120,160,200,120,160,,400,15,0,0,255,,,,,,1,,,,,,,,,,,,,,,,,,,,,,,,,,,,,,,ent.4718.hit,ent.4718.die,ent.4718.idle,,,,,,,,,1,,,,,,,1,,0.7,,,,,,,,,,,
4718,狂野四驱,,,,,,,,,,,,110179,1,4718,,,,1,,,,,,,200,,,,,,,,,,,,,,,,1,,,,,,,,,,,7,2.6,16,5000,380,300,300,200,200,200,,400,15,0,0,255,,,,,,1,,,,,,,,,,,,,,,,,,,,,,,,,,,,,,,ent.4718.hit,ent.4718.die,ent.4718.idle,ent.4718.foot,,,,,horse_4718_3,,,1,,,,,,,1,,0.7,,,,,,,,,,,
4719,逸韵飞鸢0级0级,,,,,,,,,,,,110180,,4719,,,,1,,,,,,,200,,,,,,,,,,,,,,,,1,,,,,,,,,,,7,2.6,16,5000,200,120,160,200,120,160,,400,15,0,0,255,,,,,,1,,,,,,,,,,,,,,,,,,,,,,,,,,,,,,,ent.4720.hit,ent.4720.die,ent.4720.idle,,,,,,,,,1,,,,,,,1,,0.7,,,,,,,,,,,
4720,逸韵飞鸢,,,,,,,,,,,,110180,1,4720,,,,1,,,,,,,200,,,,,,,,,,,,,,,,1,,,,,,,,,,,7,2.6,16,5000,380,300,300,200,200,200,,400,15,0,0,255,,,,,,1,,,,,,,,,,,,,,,,,,,,,,,,,,,,,,,ent.4720.hit,ent.4720.die,ent.4720.idle,ent.4720.foot,,,,,horse_4720_3,,,1,,,,,,,1,,0.7,,,,,,,,,,,
4721,天蝎0级,,,,,,,,,,,,110186,,4721,,,,1,,,,,,,200,,,,,,,,,,,,,,,,1,,,,,,,,,,,7,2.6,16,5000,200,120,160,200,120,160,,400,15,0,0,255,,,,,,1,,,,,,,,,,,,,,,,,,,,,,,,,,,,,,,ent.4722.hit,ent.4722.die,ent.4722.idle,,,,,,,,,1,,,,,,,1,,0.7,,,,,,,,,,,
4722,天蝎,,,,,,,,,,,,110186,1,4722,,,,1,,,,,,,200,,,,,,,,,,,,,,,,1,,,,,,,,,,,7,2.6,16,5000,380,300,300,200,200,200,,400,15,0,0,255,,,,,,1,,,,,,,,,,,,,,,,,,,,,,,,,,,,,,,ent.4722.hit,ent.4722.die,ent.4722.idle,ent.4722.foot,,,,,horse_4722_3,,,1,,,,,,,1,,0.7,,,,,,,,,,,
4723,麋鹿冲冲0级,,,,,,,,,,,,110187,,4723,,,,1,,,,,,,200,,,,,,,,,,,,,,,,1,,,,,,,,,,,7,2.6,16,5000,200,120,160,200,120,160,,400,15,0,0,255,,,,,,1,,,,,,,,,,,,,,,,,,,,,,,,,,,,,,,ent.4724.hit,ent.4724.die,ent.4724.idle,,,,,,,,,1,,,,,,,1,,0.7,,,,,,,,,,,
4724,麋鹿冲冲,,,,,,,,,,,,110187,1,4724,,,,1,,,,,,,200,,,,,,,,,,,,,,,,1,,,,,,,,,,,7,2.6,16,5000,380,300,300,200,200,200,,400,15,0,0,255,,,,,,1,,,,,,,,,,,,,,,,,,,,,,,,,,,,,,,ent.4724.hit,ent.4724.die,ent.4724.idle,ent.4724.foot,,,,,horse_4724_3,,,1,,,,,,,1,,0.7,,,,,,,,,,,
4725,射手星宫之主 肯陶洛斯0级,,,,,,,,,,,,110188,1,4725,,,,1,,,,,,,220,,,,,,,,,,,,,,,,1,,,,,,,,,,,7,2.6,16,5000,160,160,160,300,180,180,,400,15,0,0,255,,,,,,1,,,,,,,,,,,,,,,,,,,,,,,,,,,,,,,ent.4726.hit,ent.4726.die,ent.4726.idle,,,,,,,,,1,,,,,,,1,变形坐骑,,,,,,,,,,,,
4726,射手星宫之主 肯陶洛斯,,,,,,,,,,,,110188,1,4726,,,,1,,,,,,,220,,,,,,,,,,,,,,,,1,,,,,,,,,,,7,2.6,16,5000,160,160,160,160,160,160,,400,15,0,0,255,,,,,,1,,,,,,,,,,,,,,,,,,,,,,,,,,,,,,,ent.4726.hit,ent.4726.die,ent.4726.idle,ent.4726.foot,,,,,horse_4726_3,,,1,,,,,,,1,变形坐骑,,,,,,,,,,,,
4727,擎天圣 金属变体0级,,,,,,,,,,,,110190,,4727,,,,1,,,,,,,100,,,,,,,,,,,,,,,,1,,,,,,,,,,,7,2.6,16,5000,160,160,160,160,160,160,,400,15,0,0,255,,,,,,1,,,,,,,,,,,,,,,,,,,,,,,,,,,,,,,ent.4728.hit,ent.4728.die,ent.4728.idle,,,,,,,,,1,,,,,,,1,变形坐骑,,,,,,,,,,,,
4728,擎天圣 金属变体,,,,,,,,,,,,110190,1,4728,,,,1,,,,,,,100,,,,,,,,,,,,,,,,1,,,,,,,,,,,7,2.6,16,5000,160,160,160,160,160,160,,400,15,0,0,255,,,,,,1,,,,,,,,,,,,,,,,,,,,,,,,,,,,,,,ent.4728.hit,ent.4728.die,ent.4728.idle,ent.4728.foot,,,,,horse_4728_3,,,1,,,,,,,1,变形坐骑,,,,,,,,,,,,
4729,擎天圣 圣天柱 战车0级,,,,,,,,,,,,110184,,4729,,,,1,,,,,,,100,,,,,,,,,,,,,,,,1,,,,,,,,,,,7,2.6,16,5000,160,160,160,160,160,160,,400,15,0,0,255,,,,,,1,,,,,,,,,,,,,,,,,,,,,,,,,,,,,,,ent.4730.hit,ent.4730.die,ent.4730.idle,,,,,,,,,1,,,,,,,1,变形坐骑,,,,,,,,,,,,
4730,擎天圣 圣天柱 战车,,,,,,,,,,,,110184,1,4730,,,,1,,,,,,,100,,,,,,,,,,,,,,,,1,,,,,,,,,,,7,2.6,16,5000,160,160,160,160,160,160,,400,15,0,0,255,,,,,,1,,,,,,,,,,,,,,,,,,,,,,,,,,,,,,,ent.4730.hit,ent.4730.die,ent.4730.idle,ent.4730.foot,,,,,horse_4730_3,,,1,,,,,,,1,变形坐骑,,,,,,,,,,,,
4731,擎天圣 圣天柱 野兽0级,,,,,,,,,,,,110182,,4731,,,,1,,,,,,,100,,,,,,,,,,,,,,,,1,,,,,,,,,,,7,2.6,16,5000,160,160,160,160,160,160,,400,15,0,0,255,,,,,,1,,,,,,,,,,,,,,,,,,,,,,,,,,,,,,,ent.4732.hit,ent.4732.die,ent.4732.idle,,,,,,,,,1,,,,,,,1,变形坐骑,,,,,,,,,,,,
4732,擎天圣 圣天柱 野兽,,,,,,,,,,,,110182,1,4732,,,,1,,,,,,,100,,,,,,,,,,,,,,,,1,,,,,,,,,,,7,2.6,16,5000,160,160,160,160,160,160,,400,15,0,0,255,,,,,,1,,,,,,,,,,,,,,,,,,,,,,,,,,,,,,,ent.4732.hit,ent.4732.die,ent.4732.idle,ent.4732.foot,,,,,horse_4732_3,,,1,,,,,,,1,变形坐骑,,,,,,,,,,,,
4733,擎天圣 圣天柱 战机0级,,,,,,,,,,,,110183,,4733,,,,1,,,,,,,100,,,,,,,,,,,,,,,,1,,,,,,,,,,,7,2.6,16,5000,160,160,160,160,160,160,,400,15,0,0,255,,,,,,1,,,,,,,,,,,,,,,,,,,,,,,,,,,,,,,ent.4734.hit,ent.4734.die,ent.4734.idle,,,,,,,,,1,,,,,,,1,变形坐骑,,,,,,,,,,,,
4734,擎天圣 圣天柱 战机,,,,,,,,,,,,110183,1,4734,,,,1,,,,,,,100,,,,,,,,,,,,,,,,1,,,,,,,,,,,7,2.6,16,5000,160,160,160,160,160,160,,400,15,0,0,255,,,,,,1,,,,,,,,,,,,,,,,,,,,,,,,,,,,,,,ent.4734.hit,ent.4734.die,ent.4734.idle,ent.4734.foot,,,,,horse_4734_3,,,1,,,,,,,1,变形坐骑,,,,,,,,,,,,
4735,威震天 金属变体0级,,,,,,,,,,,,110189,,4735,,,,1,,,,,,,100,,,,,,,,,,,,,,,,1,,,,,,,,,,,7,2.6,16,5000,160,160,160,160,160,160,,400,15,0,0,255,,,,,,1,,,,,,,,,,,,,,,,,,,,,,,,,,,,,,,ent.4736.hit,ent.4736.die,ent.4736.idle,,,,,,,,,1,,,,,,,1,变形坐骑,,,,,,,,,,,,
4736,威震天 金属变体,,,,,,,,,,,,110189,1,4736,,,,1,,,,,,,100,,,,,,,,,,,,,,,,1,,,,,,,,,,,7,2.6,16,5000,160,160,160,160,160,160,,400,15,0,0,255,,,,,,1,,,,,,,,,,,,,,,,,,,,,,,,,,,,,,,ent.4736.hit,ent.4736.die,ent.4736.idle,ent.4736.foot,,,,,horse_4736_3,,,1,,,,,,,1,变形坐骑,,,,,,,,,,,,
4737,威震天 火龙形态0级,,,,,,,,,,,,110185,,4737,,,,1,,,,,,,100,,,,,,,,,,,,,,,,1,,,,,,,,,,,7,2.6,16,5000,160,160,160,160,160,160,,400,15,0,0,255,,,,,,1,,,,,,,,,,,,,,,,,,,,,,,,,,,,,,,ent.4738.hit,ent.4738.die,ent.4738.idle,,,,,,,,,1,,,,,,,1,变形坐骑,,,,,,,,,,,,
4738,威震天 火龙形态,,,,,,,,,,,,110185,1,4738,,,,1,,,,,,,100,,,,,,,,,,,,,,,,1,,,,,,,,,,,7,2.6,16,5000,160,160,160,160,160,160,,400,15,0,0,255,,,,,,1,,,,,,,,,,,,,,,,,,,,,,,,,,,,,,,ent.4738.hit,ent.4738.die,ent.4738.idle,ent.4738.foot,,,,,horse_4738_3,,,1,,,,,,,1,变形坐骑,,,,,,,,,,,,
4739,威震天0级,,,,,,,,,,,,110181,,4739,,,,1,,,,,,,100,,,,,,,,,,,,,,,,,,,,,,,,,,,7,2.6,16,5000,160,160,160,160,160,160,,400,15,0,0,255,,,,,,1,,,,,,,,,,,,,,,,,,,,,,,,,,,,,,,ent.4740.hit,ent.4740.die,ent.4740.idle,,,,,,,,,1,,,,,,,1,变形坐骑,,,,,,,,,,,,
4740,威震天,,,,,,,,,,,,110181,1,4740,,,,1,,,,,,,100,,,,,,,,,,,,,,,,,,,,,,,,,,,7,2.6,16,5000,160,160,160,160,160,160,,400,15,0,0,255,,,,,,1,,,,,,,,,,,,,,,,,,,,,,,,,,,,,,,ent.4740.hit,ent.4740.die,ent.4740.idle,ent.4740.foot,,,,,horse_4740_3,,,1,,,,,,,1,变形坐骑,,,,,,,,,,,,
4741,彩梦灵蚺0级,,,,,,,,,,,,110191,,4741,,,,1,,,,,,,200,,,,,,,,,,,,,,,,1,,,,,,,,,,,7,2.6,16,5000,200,120,160,200,120,160,,400,15,0,0,255,,,,,,1,,,,,,,,,,,,,,,,,,,,,,,,,,,,,,,ent.4742.hit,ent.4742.die,ent.4742.idle,,,,,,,,,1,,,,,,,1,,0.7,,,,,,,,,,,
4742,彩梦灵蚺,,,,,,,,,,,,110191,1,4742,,,,1,,,,,,,200,,,,,,,,,,,,,,,,1,,,,,,,,,,,7,2.6,16,5000,380,300,300,200,200,200,,400,15,0,0,255,,,,,,1,,,,,,,,,,,,,,,,,,,,,,,,,,,,,,,ent.4742.hit,ent.4742.die,ent.4742.idle,ent.4742.foot,,,,,horse_4742_3,,,1,,,,,,,1,,0.7,,,,,,,,,,,
4743,观光车0级,,,,,,,,,,,,110193,,4743,,,,1,,,,,,,200,,,,,,,,,,,,,,,,1,,,,,,,,,,,7,2.6,16,5000,200,120,160,200,120,160,,400,15,0,0,255,,,,,,1,,,,,,,,,,,,,,,,,,,,,,,,,,,,,,,ent.4744.hit,ent.4744.die,ent.4744.idle,,,,,,,,,1,,,,,,,1,,0.7,,,,,,,,,,,
4744,乐游鸭观光车,,,,,,,,,,,,110193,1,4744,,,,1,,,,,,,200,,,,,,,,,,,,,,,,1,,,,,,,,,,,7,2.6,16,5000,500,350,350,300,350,350,,400,15,0,0,255,,,,,,1,,,,,,,,,,,,,,,,,,,,,,,,,,,,,,,ent.4744.hit,ent.4744.die,ent.4744.idle,ent.4744.foot,,,,,horse_4744_3,,,1,,,,,,,1,,0.7,,,,,,,,,,,
4745,牡丹宫灯0级,,,,,,,,,,,,110194,,4745,,,,1,,,,,,,200,,,,,,,,,,,,,,,,1,,,,,,,,,,,7,2.6,16,5000,200,120,160,200,120,160,,400,15,0,0,255,,,,,,1,,,,,,,,,,,,,,,,,,,,,,,,,,,,,,,ent.4746.hit,ent.4746.die,ent.4746.idle,ent.4746.foot,,,,,,,,1,,,,,,,1,,0.7,,,,,,,,,,,
4746,牡丹芳华,,,,,,,,,,,,110194,,4746,,,,1,,,,,,,200,,,,,,,,,,,,,,,,1,,,,,,,,,,,7,2.6,16,5000,380,200,160,200,120,160,,400,15,0,0,255,,,,,,1,,,,,,,,,,,,,,,,,,,,,,,,,,,,,,,ent.4746.hit,ent.4746.die,ent.4746.idle,ent.4746.foot,ent.4746.attack1,,,,horse_4746_3,,,1,,,,,,,1,,0.7,,,,,,,,,,,
4747,牡丹芳华,,,,,,,,,,,,110194,,4746,,,,1,,,,,,,200,,,,,,,,,,,,,,,,1,,,,,,,,,,,7,2.6,16,5000,380,200,160,200,120,160,,400,15,0,0,255,,,,,,1,,,,,,,,,,,,,,,,,,,,,,,,,,,,,,,ent.4746.hit,ent.4746.die,ent.4746.idle,ent.4746.foot,ent.4746.attack1,,,,horse_4746_3,,,1,,,,,,,1,,0.7,,,,,,,,,,,
4748,牡丹芳华,,,,,,,,,,,,110194,,4746,,,,1,,,,,,,200,,,,,,,,,,,,,,,,1,,,,,,,,,,,7,2.6,16,5000,380,200,160,200,120,160,,400,15,0,0,255,,,,,,1,,,,,,,,,,,,,,,,,,,,,,,,,,,,,,,ent.4746.hit,ent.4746.die,ent.4746.idle,ent.4746.foot,ent.4746.attack1,,,,horse_4746_3,,,1,,,,,,,1,,0.7,,,,,,,,,,,
47454,牡丹芳华,,,,,,,,,,,,110194,,4746,,,,1,,,,,,,200,,,,,,,,,,,,,,,,1,,,,,,,,,,,7,2.6,16,5000,380,200,160,200,120,160,,400,15,0,0,255,,,,,,1,,,,,,,,,,,,,,,,,,,,,,,,,,,,,,,ent.4746.hit,ent.4746.die,ent.4746.idle,ent.4746.foot,ent.4746.attack1,,,,horse_4746_3,,,1,,,,,,,1,,0.7,,,,,,,,,,,
47455,牡丹雅韵,,,,,,,,,,,,110195,,4747,,,,1,,,,,,,200,,,,,,,,,,,,,,,,1,,,,,,,,,,,7,2.6,16,5000,380,200,160,200,120,160,,400,15,0,0,255,,,,,,1,,,,,,,,,,,,,,,,,,,,,,,,,,,,,,,ent.4746.hit,ent.4746.die,ent.4746.idle,ent.4746.foot,ent.4746.attack1,,,,horse_4746_3,,,1,,,,,,,1,,0.7,,,,,,,,,,,
47456,牡丹雅韵,,,,,,,,,,,,110195,,4747,,,,1,,,,,,,200,,,,,,,,,,,,,,,,1,,,,,,,,,,,7,2.6,16,5000,380,200,160,200,120,160,,400,15,0,0,255,,,,,,1,,,,,,,,,,,,,,,,,,,,,,,,,,,,,,,ent.4746.hit,ent.4746.die,ent.4746.idle,ent.4746.foot,ent.4746.attack1,,,,horse_4746_3,,,1,,,,,,,1,,0.7,,,,,,,,,,,
47457,牡丹雅韵,,,,,,,,,,,,110195,,4747,,,,1,,,,,,,200,,,,,,,,,,,,,,,,1,,,,,,,,,,,7,2.6,16,5000,380,200,160,200,120,160,,400,15,0,0,255,,,,,,1,,,,,,,,,,,,,,,,,,,,,,,,,,,,,,,ent.4746.hit,ent.4746.die,ent.4746.idle,ent.4746.foot,ent.4746.attack1,,,,horse_4746_3,,,1,,,,,,,1,,0.7,,,,,,,,,,,
47458,牡丹雅韵,,,,,,,,,,,,110195,,4747,,,,1,,,,,,,200,,,,,,,,,,,,,,,,1,,,,,,,,,,,7,2.6,16,5000,380,200,160,200,120,160,,400,15,0,0,255,,,,,,1,,,,,,,,,,,,,,,,,,,,,,,,,,,,,,,ent.4746.hit,ent.4746.die,ent.4746.idle,ent.4746.foot,ent.4746.attack1,,,,horse_4746_3,,,1,,,,,,,1,,0.7,,,,,,,,,,,
47459,牡丹雅韵,,,,,,,,,,,,110195,,4747,,,,1,,,,,,,200,,,,,,,,,,,,,,,,1,,,,,,,,,,,7,2.6,16,5000,380,200,160,200,120,160,,400,15,0,0,255,,,,,,1,,,,,,,,,,,,,,,,,,,,,,,,,,,,,,,ent.4746.hit,ent.4746.die,ent.4746.idle,ent.4746.foot,ent.4746.attack1,,,,horse_4746_3,,,1,,,,,,,1,,0.7,,,,,,,,,,,
47460,华彩绽放,,,,,,,,,,,,110196,,4748,,,,1,,,,,,,200,,,,,,,,,,,,,,,,1,,,,,,,,,,,7,2.6,16,5000,380,200,160,200,280,400,,450,15,0,0,255,,,,,,1,,,,,,,,,,,,,,,,,,,,,,,,,,,,,,,ent.4746.hit,ent.4746.die,ent.4746.idle,ent.4746.foot,ent.4746.attack1,,,,horse_4746_3,,,1,,,,,,,1,,0.7,,,,,,,,,,,
4749,银河幻盾晶盒0级,,,,,,,,,,,,110197,,4749,,,,1,,,,,,,200,,,,,,,,,,,,,,,,1,,,,,,,,,,,7,2.6,16,5000,200,120,160,200,120,160,,400,15,0,0,255,,,,,,1,,,,,,,,,,,,,,,,,,,,,,,,,,,,,,,ent.4750.hit,ent.4750.die,ent.4750.idle,ent.4750.foot,,,,,,,,1,,,,,,,1,,0.7,,,,,,,,,,,
4750,晶蝶幻盾盒,,,,,,,,,,,,110197,,4749,,,,1,,,,,,,200,,,,,,,,,,,,,,,,1,,,,,,,,,,,7,2.6,16,5000,380,200,160,200,120,160,,400,15,0,0,255,,,,,,1,,,,,,,,,,,,,,,,,,,,,,,,,,,,,,,ent.4750.hit,ent.4750.die,ent.4750.idle,ent.4750.foot,ent.4750.attack1,,,,horse_4750_3,,,1,,,,,,,1,,0.7,,,,,,,,,,,
4751,晶蝶幻盾盒,,,,,,,,,,,,110197,,4749,,,,1,,,,,,,200,,,,,,,,,,,,,,,,1,,,,,,,,,,,7,2.6,16,5000,380,200,160,200,120,160,,400,15,0,0,255,,,,,,1,,,,,,,,,,,,,,,,,,,,,,,,,,,,,,,ent.4750.hit,ent.4750.die,ent.4750.idle,ent.4750.foot,ent.4750.attack1,,,,horse_4750_3,,,1,,,,,,,1,,0.7,,,,,,,,,,,
4752,晶蝶幻盾盒,,,,,,,,,,,,110197,,4749,,,,1,,,,,,,200,,,,,,,,,,,,,,,,1,,,,,,,,,,,7,2.6,16,5000,380,200,160,200,120,160,,400,15,0,0,255,,,,,,1,,,,,,,,,,,,,,,,,,,,,,,,,,,,,,,ent.4750.hit,ent.4750.die,ent.4750.idle,ent.4750.foot,ent.4750.attack1,,,,horse_4750_3,,,1,,,,,,,1,,0.7,,,,,,,,,,,
4753,晶蝶幻盾盒,,,,,,,,,,,,110197,,4749,,,,1,,,,,,,200,,,,,,,,,,,,,,,,1,,,,,,,,,,,7,2.6,16,5000,380,200,160,200,120,160,,400,15,0,0,255,,,,,,1,,,,,,,,,,,,,,,,,,,,,,,,,,,,,,,ent.4750.hit,ent.4750.die,ent.4750.idle,ent.4750.foot,ent.4750.attack1,,,,horse_4750_3,,,1,,,,,,,1,,0.7,,,,,,,,,,,
4754,晶蝶幻盾盒,,,,,,,,,,,,110198,,4750,,,,1,,,,,,,200,,,,,,,,,,,,,,,,1,,,,,,,,,,,7,2.6,16,5000,380,200,160,200,120,160,,400,15,0,0,255,,,,,,1,,,,,,,,,,,,,,,,,,,,,,,,,,,,,,,ent.4750.hit,ent.4750.die,ent.4750.idle,ent.4750.foot,ent.4750.attack1,,,,horse_4750_3,,,1,,,,,,,1,,0.7,,,,,,,,,,,
4755,晶蝶幻盾盒,,,,,,,,,,,,110198,,4750,,,,1,,,,,,,200,,,,,,,,,,,,,,,,1,,,,,,,,,,,7,2.6,16,5000,380,200,160,200,120,160,,400,15,0,0,255,,,,,,1,,,,,,,,,,,,,,,,,,,,,,,,,,,,,,,ent.4750.hit,ent.4750.die,ent.4750.idle,ent.4750.foot,ent.4750.attack1,,,,horse_4750_3,,,1,,,,,,,1,,0.7,,,,,,,,,,,
4756,晶蝶幻盾盒,,,,,,,,,,,,110198,,4750,,,,1,,,,,,,200,,,,,,,,,,,,,,,,1,,,,,,,,,,,7,2.6,16,5000,380,200,160,200,120,160,,400,15,0,0,255,,,,,,1,,,,,,,,,,,,,,,,,,,,,,,,,,,,,,,ent.4750.hit,ent.4750.die,ent.4750.idle,ent.4750.foot,ent.4750.attack1,,,,horse_4750_3,,,1,,,,,,,1,,0.7,,,,,,,,,,,
4757,晶蝶幻盾盒,,,,,,,,,,,,110198,,4750,,,,1,,,,,,,200,,,,,,,,,,,,,,,,1,,,,,,,,,,,7,2.6,16,5000,380,200,160,200,120,160,,400,15,0,0,255,,,,,,1,,,,,,,,,,,,,,,,,,,,,,,,,,,,,,,ent.4750.hit,ent.4750.die,ent.4750.idle,ent.4750.foot,ent.4750.attack1,,,,horse_4750_3,,,1,,,,,,,1,,0.7,,,,,,,,,,,
4758,晶蝶幻盾盒,,,,,,,,,,,,110198,,4750,,,,1,,,,,,,200,,,,,,,,,,,,,,,,1,,,,,,,,,,,7,2.6,16,5000,380,200,160,200,120,160,,400,15,0,0,255,,,,,,1,,,,,,,,,,,,,,,,,,,,,,,,,,,,,,,ent.4750.hit,ent.4750.die,ent.4750.idle,ent.4750.foot,ent.4750.attack1,,,,horse_4750_3,,,1,,,,,,,1,,0.7,,,,,,,,,,,
4759,晶蝶幻盾盒,,,,,,,,,,,,110199,,4751,,,,1,,,,,,,200,,,,,,,,,,,,,,,,1,,,,,,,,,,,7,2.6,16,5000,380,200,160,200,280,400,,450,15,0,0,255,,,,,,1,,,,,,,,,,,,,,,,,,,,,,,,,,,,,,,ent.4750.hit,ent.4750.die,ent.4750.idle,ent.4750.foot,ent.4750.attack1,,,,horse_4750_3,,,1,,,,,,,1,,0.7,,,,,,,,,,,
4760,机甲坐骑0级,,,,,,,,,,,,110203,,4761,,,,1,,,,,,,200,,,,,,,,,,,,,,,,1,,,,,,,,,,,7,2.6,16,5000,200,120,160,200,120,160,,400,15,0,0,255,,,,,,1,,,,,,,,,,,,,,,,,,,,,,,,,,,,,,,ent.4760.hit,ent.4760.die,ent.4760.idle,ent.4760.foot,,,,,,,,1,,,,,,,1,,0.7,,,,,,,,,,,
4761,X-破城者,,,,,,,,,,,,110203,,4761,,,,1,,,,,,,200,,,,,,,,,,,,,,,,1,,,,,,,,,,,7,2.6,16,5000,380,200,160,200,120,160,,400,15,0,0,255,,,,,,1,,,,,,,,,,,,,,,,,,,,,,,,,,,,,,,ent.4760.hit,ent.4760.die,ent.4760.idle,ent.4760.foot,ent.4760.attack1,,,,horse_4760_3,,,1,,,,,,,1,,0.7,,,,,,,,,,,
4762,X-破城者,,,,,,,,,,,,110203,,4761,,,,1,,,,,,,200,,,,,,,,,,,,,,,,1,,,,,,,,,,,7,2.6,16,5000,380,200,160,200,120,160,,400,15,0,0,255,,,,,,1,,,,,,,,,,,,,,,,,,,,,,,,,,,,,,,ent.4760.hit,ent.4760.die,ent.4760.idle,ent.4760.foot,ent.4760.attack1,,,,horse_4760_3,,,1,,,,,,,1,,0.7,,,,,,,,,,,
4763,X-破城者,,,,,,,,,,,,110203,,4761,,,,1,,,,,,,200,,,,,,,,,,,,,,,,1,,,,,,,,,,,7,2.6,16,5000,380,200,160,200,120,160,,400,15,0,0,255,,,,,,1,,,,,,,,,,,,,,,,,,,,,,,,,,,,,,,ent.4760.hit,ent.4760.die,ent.4760.idle,ent.4760.foot,ent.4760.attack1,,,,horse_4760_3,,,1,,,,,,,1,,0.7,,,,,,,,,,,
4764,X-破城者,,,,,,,,,,,,110203,,4761,,,,1,,,,,,,200,,,,,,,,,,,,,,,,1,,,,,,,,,,,7,2.6,16,5000,380,200,160,200,120,160,,400,15,0,0,255,,,,,,1,,,,,,,,,,,,,,,,,,,,,,,,,,,,,,,ent.4760.hit,ent.4760.die,ent.4760.idle,ent.4760.foot,ent.4760.attack1,,,,horse_4760_3,,,1,,,,,,,1,,0.7,,,,,,,,,,,
4765,X-破城者,,,,,,,,,,,,110204,,4762,,,,1,,,,,,,200,,,,,,,,,,,,,,,,1,,,,,,,,,,,7,2.6,16,5000,380,200,160,200,120,160,,400,15,0,0,255,,,,,,1,,,,,,,,,,,,,,,,,,,,,,,,,,,,,,,ent.4760.hit,ent.4760.die,ent.4760.idle,ent.4760.foot,ent.4760.attack1,,,,horse_4760_3,,,1,,,,,,,1,,0.7,,,,,,,,,,,
4766,X-破城者,,,,,,,,,,,,110204,,4762,,,,1,,,,,,,200,,,,,,,,,,,,,,,,1,,,,,,,,,,,7,2.6,16,5000,380,200,160,200,120,160,,400,15,0,0,255,,,,,,1,,,,,,,,,,,,,,,,,,,,,,,,,,,,,,,ent.4760.hit,ent.4760.die,ent.4760.idle,ent.4760.foot,ent.4760.attack1,,,,horse_4760_3,,,1,,,,,,,1,,0.7,,,,,,,,,,,
4767,X-破城者,,,,,,,,,,,,110204,,4762,,,,1,,,,,,,200,,,,,,,,,,,,,,,,1,,,,,,,,,,,7,2.6,16,5000,380,200,160,200,120,160,,400,15,0,0,255,,,,,,1,,,,,,,,,,,,,,,,,,,,,,,,,,,,,,,ent.4760.hit,ent.4760.die,ent.4760.idle,ent.4760.foot,ent.4760.attack1,,,,horse_4760_3,,,1,,,,,,,1,,0.7,,,,,,,,,,,
4768,X-破城者,,,,,,,,,,,,110204,,4762,,,,1,,,,,,,200,,,,,,,,,,,,,,,,1,,,,,,,,,,,7,2.6,16,5000,380,200,160,200,120,160,,400,15,0,0,255,,,,,,1,,,,,,,,,,,,,,,,,,,,,,,,,,,,,,,ent.4760.hit,ent.4760.die,ent.4760.idle,ent.4760.foot,ent.4760.attack1,,,,horse_4760_3,,,1,,,,,,,1,,0.7,,,,,,,,,,,
4769,X-破城者,,,,,,,,,,,,110204,,4762,,,,1,,,,,,,200,,,,,,,,,,,,,,,,1,,,,,,,,,,,7,2.6,16,5000,380,200,160,200,120,160,,400,15,0,0,255,,,,,,1,,,,,,,,,,,,,,,,,,,,,,,,,,,,,,,ent.4760.hit,ent.4760.die,ent.4760.idle,ent.4760.foot,ent.4760.attack1,,,,horse_4760_3,,,1,,,,,,,1,,0.7,,,,,,,,,,,
4770,X-破城者,,,,,,,,,,,,110205,,4763,,,,1,,,,,,,200,,,,,,,,,,,,,,,,1,,,,,,,,,,,7,2.6,16,5000,380,200,160,200,280,400,,450,15,0,0,255,,,,,,1,,,,,,,,,,,,,,,,,,,,,,,,,,,,,,,ent.4760.hit,ent.4760.die,ent.4760.idle,ent.4760.foot,ent.4760.attack1,,,,horse_4760_3,,,1,,,,,,,1,,0.7,,,,,,,,,,,
4771,花轿0级,,,,,,,,,,,,110206,,4772,,,,1,,,,,,,200,,,,,,,,,,,,,,,,1,,,,,,,,,,,7,2.6,16,5000,200,120,160,200,120,160,,400,15,0,0,255,,,,,,1,,,,,,,,,,,,,,,,,,,,,,,,,,,,,,,ent.4772.hit,ent.4772.die,ent.4772.idle,ent.4772.foot,ent.4772.attack1,,,,horse_4772_3,,,1,,,,,,,1,,0.7,,,,,,,,,,,
4772,栖梧天巡辇,,,,,,,,,,,,110206,,4772,,,,1,,,,,,,200,,,,,,,,,,,,,,,,1,,,,,,,,,,,7,2.6,16,5000,500,350,350,300,350,350,,400,15,0,0,255,,,,,,1,,,,,,,,,,,,,,,,,,,,,,,,,,,,,,,ent.4772.hit,ent.4772.die,ent.4772.idle,ent.4772.foot,ent.4772.attack1,,,,horse_4772_3,,,1,,,,,,,1,,0.7,,,,,,,,,,,
4773,糖果屋风车0级,,,,,,,,,,,,110200,,4774,,,,1,,,,,,,200,,,,,,,,,,,,,,,,1,,,,,,,,,,,7,2.6,16,5000,380,200,160,200,280,400,,450,15,0,0,255,,,,,,1,,,,,,,,,,,,,,,,,,,,,,,,,,,,,,,ent.4773.hit,ent.4773.die,ent.4773.idle,ent.4773.foot,,,,,,,,1,,,,,,,1,,0.7,,,,,,,,,,,
4774,糖果屋,,,,,,,,,,,,110200,,4774,,,,1,,,,,,,200,,,,,,,,,,,,,,,,1,,,,,,,,,,,7,2.6,16,5000,200,120,160,200,120,160,,400,15,0,0,255,,,,,,1,,,,,,,,,,,,,,,,,,,,,,,,,,,,,,,ent.4773.hit,ent.4773.die,ent.4773.idle,ent.4773.foot,ent.4773.attack1,,,,,,,1,,,,,,,1,,0.7,,,,,,,,,,,
4775,糖果屋,,,,,,,,,,,,110200,,4774,,,,1,,,,,,,200,,,,,,,,,,,,,,,,1,,,,,,,,,,,7,2.6,16,5000,380,200,160,200,120,160,,400,15,0,0,255,,,,,,1,,,,,,,,,,,,,,,,,,,,,,,,,,,,,,,ent.4773.hit,ent.4773.die,ent.4773.idle,ent.4773.foot,ent.4773.attack1,,,,,,,1,,,,,,,1,,0.7,,,,,,,,,,,
4776,糖果屋,,,,,,,,,,,,110200,,4774,,,,1,,,,,,,200,,,,,,,,,,,,,,,,1,,,,,,,,,,,7,2.6,16,5000,380,200,160,200,120,160,,400,15,0,0,255,,,,,,1,,,,,,,,,,,,,,,,,,,,,,,,,,,,,,,ent.4773.hit,ent.4773.die,ent.4773.idle,ent.4773.foot,ent.4773.attack1,,,,,,,1,,,,,,,1,,0.7,,,,,,,,,,,
4777,糖果屋,,,,,,,,,,,,110200,,4774,,,,1,,,,,,,200,,,,,,,,,,,,,,,,1,,,,,,,,,,,7,2.6,16,5000,380,200,160,200,120,160,,400,15,0,0,255,,,,,,1,,,,,,,,,,,,,,,,,,,,,,,,,,,,,,,ent.4773.hit,ent.4773.die,ent.4773.idle,ent.4773.foot,ent.4773.attack1,,,,,,,1,,,,,,,1,,0.7,,,,,,,,,,,
4778,糖果屋,,,,,,,,,,,,110201,,4775,,,,1,,,,,,,200,,,,,,,,,,,,,,,,1,,,,,,,,,,,7,2.6,16,5000,380,200,160,200,120,160,,400,15,0,0,255,,,,,,1,,,,,,,,,,,,,,,,,,,,,,,,,,,,,,,ent.4773.hit,ent.4773.die,ent.4773.idle,ent.4773.foot,ent.4773.attack1,,,,,,,1,,,,,,,1,,0.7,,,,,,,,,,,
4779,糖果屋,,,,,,,,,,,,110201,,4775,,,,1,,,,,,,200,,,,,,,,,,,,,,,,1,,,,,,,,,,,7,2.6,16,5000,380,200,160,200,120,160,,400,15,0,0,255,,,,,,1,,,,,,,,,,,,,,,,,,,,,,,,,,,,,,,ent.4773.hit,ent.4773.die,ent.4773.idle,ent.4773.foot,ent.4773.attack1,,,,,,,1,,,,,,,1,,0.7,,,,,,,,,,,
4780,糖果屋,,,,,,,,,,,,110201,,4775,,,,1,,,,,,,200,,,,,,,,,,,,,,,,1,,,,,,,,,,,7,2.6,16,5000,380,200,160,200,120,160,,400,15,0,0,255,,,,,,1,,,,,,,,,,,,,,,,,,,,,,,,,,,,,,,ent.4773.hit,ent.4773.die,ent.4773.idle,ent.4773.foot,ent.4773.attack1,,,,,,,1,,,,,,,1,,0.7,,,,,,,,,,,
4781,糖果屋,,,,,,,,,,,,110201,,4775,,,,1,,,,,,,200,,,,,,,,,,,,,,,,1,,,,,,,,,,,7,2.6,16,5000,380,200,160,200,120,160,,400,15,0,0,255,,,,,,1,,,,,,,,,,,,,,,,,,,,,,,,,,,,,,,ent.4773.hit,ent.4773.die,ent.4773.idle,ent.4773.foot,ent.4773.attack1,,,,,,,1,,,,,,,1,,0.7,,,,,,,,,,,
4782,糖果屋,,,,,,,,,,,,110201,,4775,,,,1,,,,,,,200,,,,,,,,,,,,,,,,1,,,,,,,,,,,7,2.6,16,5000,380,200,160,200,120,160,,400,15,0,0,255,,,,,,1,,,,,,,,,,,,,,,,,,,,,,,,,,,,,,,ent.4773.hit,ent.4773.die,ent.4773.idle,ent.4773.foot,ent.4773.attack1,,,,,,,1,,,,,,,1,,0.7,,,,,,,,,,,
4783,糖果屋,,,,,,,,,,,,110202,,4776,,,,1,,,,,,,200,,,,,,,,,,,,,,,,1,,,,,,,,,,,7,2.6,16,5000,380,200,160,200,120,160,,400,15,0,0,255,,,,,,1,,,,,,,,,,,,,,,,,,,,,,,,,,,,,,,ent.4773.hit,ent.4773.die,ent.4773.idle,ent.4773.foot,ent.4773.attack1,,,,,,,1,,,,,,,1,,0.7,,,,,,,,,,,
4784,水调歌头0级,,,,,,,,,,,,110209,,4784,,,,1,,,,,,,200,,,,,,,,,,,,,,,,1,,,,,,,,,,,7,2.6,16,5000,380,200,160,200,280,400,,450,15,0,0,255,,,,,,1,,,,,,,,,,,,,,,,,,,,,,,,,,,,,,,ent.4785.hit,ent.4785.die,ent.4785.idle,ent.4785.foot,,,,,,,,1,,,,,,,1,,0.7,,,,,,,,,,,
4785,水调歌头,,,,,,,,,,,,110209,,4785,,,,1,,,,,,,200,,,,,,,,,,,,,,,,1,,,,,,,,,,,7,2.6,16,5000,380,200,160,200,120,160,,400,15,0,0,255,,,,,,1,,,,,,,,,,,,,,,,,,,,,,,,,,,,,,,ent.4785.hit,ent.4785.die,ent.4785.idle,ent.4785.foot,ent.4785.attack1,,,,,,,1,,,,,,,1,,0.7,,,,,,,,,,,
4786,吕布·人马0级,,,,,,,,,,,,110210,,4786,,,,1,,,,,,,100,,,,,,,,,,,,,,,,,,,,,,,,,,,7,2.6,16,5000,500,350,350,300,350,350,,400,15,0,0,255,,,,,,1,,,,,,,,,,,,,,,,,,,,,,,,,,,,,,,ent.4786.hit,ent.4786.die,ent.4786.idle,,,,,,,,,1,,,,,,,1,变形坐骑,,,,,,,,,,,,
4787,吕布·人马,,,,,,,,,,,,110210,1,4787,,,,1,,,,,,,100,,,,,,,,,,,,,,,,,,,,,,,,,,,7,2.6,16,5000,500,350,350,300,350,350,,400,15,0,0,255,,,,,,1,,,,,,,,,,,,,,,,,,,,,,,,,,,,,,,ent.4786.hit,ent.4786.die,ent.4786.idle,ent.4786.foot,,,,,horse_4786_3,,,1,,,,,,,1,变形坐骑,,,,,,,,,,,,
4788,七彩狐,,,,,,,,,,,,110211,,4788,,,,1,,,,,,,100,,,,,,,,,,,,,,,,,,,,,,,,,,,7,2.6,16,5000,160,160,160,160,160,160,,400,15,0,0,255,,,,,,1,,,,,,,,,,,,,,,,,,,,,,,,,,,,,,,ent.4789.hit,ent.4789.die,ent.4789.idle,,,,,,,,,1,,,,,,,1,变形坐骑,,,,,,,,,,,,
4789,七彩狐,,,,,,,,,,,,110211,1,4789,,,,1,,,,,,,100,,,,,,,,,,,,,,,,,,,,,,,,,,,7,2.6,16,5000,160,160,160,160,160,160,,400,15,0,0,255,,,,,,1,,,,,,,,,,,,,,,,,,,,,,,,,,,,,,,ent.4789.hit,ent.4789.die,ent.4789.idle,ent.4789.foot,,,,,horse_4789_3,,,1,,,,,,,1,变形坐骑,,,,,,,,,,,,
4790,超能战狮0级,,,,,,,,,,,,110192,,4790,,,,1,,,,,,,200,,,,,,,,,,,,,,,,1,,,,,,,,,,,7,2.6,16,5000,160,160,160,160,160,160,,400,15,0,0,255,,,,,,1,,,,,,,,,,,,,,,,,,,,,,,,,,,,,,,ent.4791.hit,ent.4791.die,ent.4791.idle,ent.4791.foot,ent.4791.attack1,,,,horse_4791_3,,,1,,,,,,,1,,0.7,,,,,,,,,,,
4791,超能战狮,,,,,,,,,,,,110192,,4791,,,,1,,,,,,,200,,,,,,,,,,,,,,,,1,,,,,,,,,,,7,2.6,16,5000,160,160,160,160,160,160,,400,15,0,0,255,,,,,,1,,,,,,,,,,,,,,,,,,,,,,,,,,,,,,,ent.4791.hit,ent.4791.die,ent.4791.idle,ent.4791.foot,ent.4791.attack1,,,,horse_4791_3,,,1,,,,,,,1,,0.7,,,,,,,,,,,
4792,幻雪双响铃0级,,,,,,,,,,,,110212,,4792,,,,1,,,,,,,200,,,,,,,,,,,,,,,,1,,,,,,,,,,,7,2.6,16,5000,160,160,160,160,160,160,,400,15,0,0,255,,,,,,1,,,,,,,,,,,,,,,,,,,,,,,,,,,,,,,ent.4793.hit,ent.4793.die,,ent.4793.foot,ent.4793.attack1,,ent.4793.attack2,,horse_4793_3,,,1,,,,,,,1,,0.7,,,,,,,,,,,
4793,幻雪双响铃,,,,,,,,,,,,110212,,4793,,,,1,,,,,,,200,,,,,,,,,,,,,,,,1,,,,,,,,,,,7,2.6,16,5000,800,250,200,200,400,450,,400,15,0,0,255,,,,,,1,,,,,,,,,,,,,,,,,,,,,,,,,,,,,,,ent.4793.hit,ent.4793.die,,ent.4793.foot,ent.4793.attack1,,ent.4793.attack2,,horse_4793_3,,,1,,,,,,,1,,0.7,,,,,,,,,,,
4794,幻-玄武（0级）,,,,,,,,,,,,110213,,4794,,,,1,,,,,,,200,,,,,,,,,,,,,,,,,,,,,,,,,,,7,2.6,16,5000,160,160,160,160,160,160,,400,15,0,0,255,,,,,,1,,,,,,,,,,,,,,,,,,,,,,,,,,,,,,,,,,,,,,,,,,1,,,,,,,1,变形坐骑,,,,,,,,,,,,
4795,幻-玄武,,,,,,,,,,,,110213,,4795,,,,1,,,,,,,200,,,,,,,,,,,,,,,,,,,,,,,,,,,7,2.6,16,5000,160,160,160,160,160,160,,400,15,0,0,255,,,,,,1,,,,,,,,,,,,,,,,,,,,,,,,,,,,,,,,,,,,,,,,,,1,,,,,,,1,变形坐骑,,,,,,,,,,,,
4796,凤凰齐天1-0级,,,,,,,,,,,,110217,,4796,,,,1,,,,,,,200,,,,,,,,,,,,,,,,,,,,,,,,,,,7,2.6,16,5000,600,160,160,600,160,160,,400,15,0,0,255,,,,,,1,,,,,,,,,,,,,,,,,,,,,,,,,,,,,,,,,,,,,,,,,,1,,,,,,,1,变形坐骑,,,,,,,,,,,,
4797,凤凰齐天1,,,,,,,,,,,,110217,,4797,,,,1,,,,,,,200,,,,,,,,,,,,,,,,,,,,,,,,,,,7,2.6,16,5000,600,160,160,600,160,160,,400,15,0,0,255,,,,,,1,,,,,,,,,,,,,,,,,,,,,,,,,,,,,,,,,,,,,,,,,,1,,,,,,,1,变形坐骑,,,,,,,,,,,,
4798,凤凰齐天2-0级,,,,,,,,,,,,110216,,4798,,,,1,,,,,,,200,,,,,,,,,,,,,,,,,,,,,,,,,,,7,2.6,16,5000,600,160,160,600,160,160,,400,15,0,0,255,,,,,,1,,,,,,,,,,,,,,,,,,,,,,,,,,,,,,,,,,,,,,,,,,1,,,,,,,1,变形坐骑,,,,,,,,,,,,
4799,凤凰齐天2,,,,,,,,,,,,110216,,4799,,,,1,,,,,,,200,,,,,,,,,,,,,,,,,,,,,,,,,,,7,2.6,16,5000,600,160,160,600,160,160,,400,15,0,0,255,,,,,,1,,,,,,,,,,,,,,,,,,,,,,,,,,,,,,,,,,,,,,,,,,1,,,,,,,1,变形坐骑,,,,,,,,,,,,
4800,幻海琉光兽0级,,,,,,,,,,,,110219,,4800,,,,1,,,,,,,200,,,,,,,,,,,,,,,,1,,,,,,,,,,,7,2.6,30,5000,160,160,160,160,160,160,,400,15,0,0,255,,,,,,1,,,,,,,,,,,,,,,,,,,,,,,,,,,,,,,ent.4801.hit,ent.4801.die,,ent.4801.foot,,,,,,,,1,,,,,,,1,,0.7,,,,,,,,,,,
4801,幻海琉光兽,,,,,,,,,,,,110219,,4801,,,,1,,,,,,,200,,,,,,,,,,,,,,,,1,,,,,,,,,,,7,2.6,30,5000,600,350,350,200,400,450,,400,15,0,0,255,,,,,,1,,,,,,,,,,,,,,,,,,,,,,,,,,,,,,,ent.4801.hit,ent.4801.die,,ent.4801.foot,,,,,,,,1,,,,,,,1,,0.7,,,,,,,,,,,
4802,王昭君灵御0级,,,,,,,,,,,,110220,,4802,,,,1,,,,,,,200,,,,,,,,,,,,,,,,,,,,,,,,,,,7,2.6,16,5000,160,160,160,160,160,160,,400,15,0,0,255,,,,,,1,,,,,,,,,,,,,,,,,,,,,,,,,,,,,,,,,,,,,,,,,,1,,,,,,,1,变形坐骑,,,,,,,,,,,,
4803,王昭君灵御,,,,,,,,,,,,110220,,4803,,,,1,,,,,,,200,,,,,,,,,,,,,,,,,,,,,,,,,,,7,2.6,16,5000,160,160,160,200,400,450,,400,15,0,0,255,,,,,,1,,,,,,,,,,,,,,,,,,,,,,,,,,,,,,,,,,,,,,,,,,1,,,,,,,1,变形坐骑,,,,,,,,,,,,
4804,庆典扭扭车0级,,,,,,,,,,,,110221,,4804,,,,1,,,,,,,200,,,,,,,,,,,,,,,,1,,,,,,,,,,,7,2.6,16,5000,160,160,160,160,160,160,,400,15,0,0,255,,,,,,1,,,,,,,,,,,,,,,,,,,,,,,,,,,,,,,ent.4805.hit,ent.4805.die,,ent.4805.foot,,,,,,,,1,,,,,,,1,,0.7,,,,,,,,,,,
4805,庆典扭扭车,,,,,,,,,,,,110221,,4805,,,,1,,,,,,,200,,,,,,,,,,,,,,,,1,,,,,,,,,,,7,2.6,16,5000,330,250,200,200,400,450,,400,15,0,0,255,,,,,,1,,,,,,,,,,,,,,,,,,,,,,,,,,,,,,,ent.4805.hit,ent.4805.die,,ent.4805.foot,,,,,,,,1,,,,,,,1,,0.7,,,,,,,,,,,
4806,幻光闪电兔0级,,,,,,,,,,,,110222,,4806,,,,1,,,,,,,200,,,,,,,,,,,,,,,,1,,,,,,,,,,,7,2.6,16,5000,330,250,200,200,400,450,,400,15,0,0,255,,,,,,1,,,,,,,,,,,,,,,,,,,,,,,,,,,,,,,ent.4807.hit,ent.4807.die,,ent.4807.foot,,,,,,,,1,,,,,,,1,,0.7,,,,,,,,,,,
4807,幻光闪电兔,,,,,,,,,,,,110222,,4807,,,,1,,,,,,,200,,,,,,,,,,,,,,,,1,,,,,,,,,,,7,2.6,16,5000,330,250,200,200,400,450,,400,15,0,0,255,,,,,,1,,,,,,,,,,,,,,,,,,,,,,,,,,,,,,,ent.4807.hit,ent.4807.die,,ent.4807.foot,,,,,,,,1,,,,,,,1,,0.7,,,,,,,,,,,
4808,童趣蹦蹦杆0级,,,,,,,,,,,,110223,,4808,,,,1,,,,,,,200,,,,,,,,,,,,,,,,1,,,,,,,,,,,7,2.6,16,5000,330,250,200,200,400,450,,400,15,0,0,255,,,,,,1,,,,,,,,,,,,,,,,,,,,,,,,,,,,,,,ent.4809.hit,ent.4809.die,,ent.4809.foot,,,,,,,,1,,,,,,,1,,0.7,,,,,,,,,,,
4809,童趣蹦蹦杆,,,,,,,,,,,,110223,,4809,,,,1,,,,,,,200,,,,,,,,,,,,,,,,1,,,,,,,,,,,7,2.6,16,5000,330,250,200,200,400,450,,400,15,0,0,255,,,,,,1,,,,,,,,,,,,,,,,,,,,,,,,,,,,,,,ent.4809.hit,ent.4809.die,,ent.4809.foot,,,,,,,,1,,,,,,,1,,0.7,,,,,,,,,,,
4810,星芒小帚0级,,,,,,,,,,,,110224,,4810,,,,1,,,,,,,200,,,,,,,,,,,,,,,,1,,,,,,,,,,,7,2.6,16,5000,380,200,160,200,120,160,,400,15,0,0,255,,,,,,1,,,,,,,,,,,,,,,,,,,,,,,,,,,,,,,ent.4810.hit,ent.4810.die,,ent.4810.foot,,,,,,,,1,,,,,,,1,,0.7,,,,,,,,,,,
4811,星芒小帚,,,,,,,,,,,,110224,,4810,,,,1,,,,,,,200,,,,,,,,,,,,,,,,1,,,,,,,,,,,7,2.6,16,5000,380,200,160,200,120,160,,400,15,0,0,255,,,,,,1,,,,,,,,,,,,,,,,,,,,,,,,,,,,,,,ent.4810.hit,ent.4810.die,,ent.4810.foot,,,,,,,,1,,,,,,,1,,0.7,,,,,,,,,,,
4812,星芒小帚,,,,,,,,,,,,110224,,4810,,,,1,,,,,,,200,,,,,,,,,,,,,,,,1,,,,,,,,,,,7,2.6,16,5000,380,200,160,200,120,160,,400,15,0,0,255,,,,,,1,,,,,,,,,,,,,,,,,,,,,,,,,,,,,,,ent.4810.hit,ent.4810.die,,ent.4810.foot,,,,,,,,1,,,,,,,1,,0.7,,,,,,,,,,,
4813,星芒小帚,,,,,,,,,,,,110224,,4810,,,,1,,,,,,,200,,,,,,,,,,,,,,,,1,,,,,,,,,,,7,2.6,16,5000,380,200,160,200,120,160,,400,15,0,0,255,,,,,,1,,,,,,,,,,,,,,,,,,,,,,,,,,,,,,,ent.4810.hit,ent.4810.die,,ent.4810.foot,,,,,,,,1,,,,,,,1,,0.7,,,,,,,,,,,
4814,星芒小帚,,,,,,,,,,,,110224,,4810,,,,1,,,,,,,200,,,,,,,,,,,,,,,,1,,,,,,,,,,,7,2.6,16,5000,380,200,160,200,120,160,,400,15,0,0,255,,,,,,1,,,,,,,,,,,,,,,,,,,,,,,,,,,,,,,ent.4810.hit,ent.4810.die,,ent.4810.foot,,,,,,,,1,,,,,,,1,,0.7,,,,,,,,,,,
4815,星芒小帚,,,,,,,,,,,,110224,,4810,,,,1,,,,,,,200,,,,,,,,,,,,,,,,1,,,,,,,,,,,7,2.6,16,5000,380,200,160,200,120,160,,400,15,0,0,255,,,,,,1,,,,,,,,,,,,,,,,,,,,,,,,,,,,,,,ent.4810.hit,ent.4810.die,,ent.4810.foot,,,,,,,,1,,,,,,,1,,0.7,,,,,,,,,,,
4816,星芒小帚,,,,,,,,,,,,110224,,4810,,,,1,,,,,,,200,,,,,,,,,,,,,,,,1,,,,,,,,,,,7,2.6,16,5000,380,200,160,200,120,160,,400,15,0,0,255,,,,,,1,,,,,,,,,,,,,,,,,,,,,,,,,,,,,,,ent.4810.hit,ent.4810.die,,ent.4810.foot,,,,,,,,1,,,,,,,1,,0.7,,,,,,,,,,,
4817,星芒小帚,,,,,,,,,,,,110224,,4810,,,,1,,,,,,,200,,,,,,,,,,,,,,,,1,,,,,,,,,,,7,2.6,16,5000,380,200,160,200,120,160,,400,15,0,0,255,,,,,,1,,,,,,,,,,,,,,,,,,,,,,,,,,,,,,,ent.4810.hit,ent.4810.die,,ent.4810.foot,,,,,,,,1,,,,,,,1,,0.7,,,,,,,,,,,
4818,星芒小帚,,,,,,,,,,,,110224,,4810,,,,1,,,,,,,200,,,,,,,,,,,,,,,,1,,,,,,,,,,,7,2.6,16,5000,380,200,160,200,120,160,,400,15,0,0,255,,,,,,1,,,,,,,,,,,,,,,,,,,,,,,,,,,,,,,ent.4810.hit,ent.4810.die,,ent.4810.foot,,,,,,,,1,,,,,,,1,,0.7,,,,,,,,,,,
4819,星芒小帚,,,,,,,,,,,,110224,,4810,,,,1,,,,,,,200,,,,,,,,,,,,,,,,1,,,,,,,,,,,7,2.6,16,5000,380,200,160,200,120,160,,400,15,0,0,255,,,,,,1,,,,,,,,,,,,,,,,,,,,,,,,,,,,,,,ent.4810.hit,ent.4810.die,,ent.4810.foot,,,,,,,,1,,,,,,,1,,0.7,,,,,,,,,,,
4820,星掠逐风,,,,,,,,,,,,110225,,4812,,,,1,,,,,,,200,,,,,,,,,,,,,,,,1,,,,,,,,,,,7,2.6,16,5000,380,200,160,200,280,400,,450,15,0,0,255,,,,,,1,,,,,,,,,,,,,,,,,,,,,,,,,,,,,,,ent.4810.hit,ent.4810.die,,ent.4810.foot,,,,,,,,1,,,,,,,1,,0.7,,,,,,,,,,,
4900,坐骑预留,,,,,,,,,,,,,,,,,,1,,,,,,,200,,,,,,,,,,,,,,,,1,,,,,,,,,,,7,2.6,16,5000,160,200,160,200,280,400,,450,15,0,0,255,,,,,,1,,,,,,,,,,,,,,,,,,,,,,,,,,,,,,,,,,,,,,,,,,,,,,,,,,,,,,,,,,,,,,
4901,迷乱,,,,,,,,,,,,110132,,4901,,,,1,,,,,,,999,,,,,,,,,,,,,,,,,0,,,,,,,,,,,,16,10,100,100,50,50,50,50,,350,,,,,,,,,,,,,,,,,,,,,,,,,,,,,,,,,,,,,,,,,,,,,,,,,,,,1,,,,,,,1,,,,,,,,,,,,,
4902,机械蝙蝠,,,,,,,,,,,,110133,,4902,,,,1,,,,,,,999,,,,,,,,,,,,,,,,,0,,,,,,,,,,,,16,10,100,100,50,50,50,50,,350,,,,,,,,,,,,,,,,,,,,,,,,,,,,,,,,,,,,,,,,,,,,,,,,,,,,1,,,,,,,1,,,,,,,,,,,,,
4903,激光鸟,,,,,,,,,,,,110134,,4903,,,,1,,,,,,,999,,,,,,,,,,,,,,,,,0,,,,,,,,,,,,16,10,100,100,50,50,50,50,,350,,,,,,,,,,,,,,,,,,,,,,,,,,,,,,,,,,,,,,,,,,,,,,,,,,,,1,,,,,,,1,,,,,,,,,,,,,
4904,机械狗,,,,,,,,,,,,110135,,4904,,,,1,,,,,,,999,,,,,,,,,,,,,,,,,0,,,,,,,,,,,,16,10,100,100,50,50,50,50,,350,,,,,,,,,,,,,,,,,,,,,,,,,,,,,,,,,,,,,,,,,,,,,,,,,,,,1,,,,,,,1,,,,,,,,,,,,,
5000,召唤功能预留,,,,,,,,,,,,,,,,,,,,,,,,,,,,,,,,,,,,,,,,,,0,,,,,,,,,,,,,,,,,,,,,,,,,,,,,,,,,,,,,,,,,,,,,,,,,,,,,,,,,,,,,,,,,,,,,,,,,,,,,,,,,,,,,,,,,,,,,
10001,小泡沫,,,Bubbli,家园宠物,,泡泡团子的幼年体，喜欢#c0aaa1a饮料类#n的食品,1,,,,,150025,,10001,,,,1,,,,,,,999,,,,,,,,,,,,,,,,,0,,,,,,,,,,,,16,10,50,50,50,50,50,50,,350,,,,,,,,,,,,,,,,,,,,,,,,,,,,,,,,,,,,,,,,,,,ent.10001.idle,,,,,,,,,1,,,,,,,1,家园宠物,,,,,,,,,,,,
10002,泡泡团子,,,Bubblus,家园宠物,,泡泡团子的成长体，喜欢#c0aaa1a饮料类#n的食品,1,,,,,150026,,10002,,,,1,,,,,,,999,,,,,,,,,,,,,,,,,0,,,,,,,,,,,,16,10,50,50,50,50,50,50,,350,,,,,,,,,,,,,,,,,,,,,,,,,,,,,,,,,,,,,,,,,,,ent.10001.idle,,,,,,,,,1,,,,,,,1,家园宠物,,,,,,,,,,,,
10003,圆泡团,,,Bubblob,家园宠物,,泡泡团子的成熟体，喜欢#c0aaa1a饮料类#n的食品,1,,,,,150027,,10003,,,,1,,,,,,,999,,,,,,,,,,,,,,,,,0,,,,,,,,,,,,16,10,80,50,50,50,50,50,,350,,,,,,,,,,,,,,,,,,,,,,,,,,,,,,,,,,,,,,,,,,,ent.10001.idle,,,,,,,,,1,,,,,,,1,家园宠物,,,,,,,,,,,,
10004,小孢子,,,Spori,家园宠物,,嫩叶团子的幼年体，喜欢#c0aaa1a点心类#n的食品,1,,,,,150022,,10004,,,,1,,,,,,,999,,,,,,,,,,,,,,,,,0,,,,,,,,,,,,16,10,50,50,50,50,50,50,,350,,,,,,,,,,,,,,,,,,,,,,,,,,,,,,,,,,,,,,,,,,,ent.10002.idle,,,,,,,,,1,,,,,,,1,家园宠物,,,,,,,,,,,,
10005,嫩叶团子,,,Sporus,家园宠物,,嫩叶团子的成长体，喜欢#c0aaa1a点心类#n的食品,1,,,,,150023,,10005,,,,1,,,,,,,999,,,,,,,,,,,,,,,,,0,,,,,,,,,,,,16,10,50,50,50,50,50,50,,350,,,,,,,,,,,,,,,,,,,,,,,,,,,,,,,,,,,,,,,,,,,ent.10002.idle,,,,,,,,,1,,,,,,,1,家园宠物,,,,,,,,,,,,
10006,豪华团,,,Sporlob,家园宠物,,嫩叶团子的成熟体，喜欢#c0aaa1a点心类#n的食品,1,,,,,150024,,10006,,,,1,,,,,,,999,,,,,,,,,,,,,,,,,0,,,,,,,,,,,,16,10,80,50,50,50,50,50,,350,,,,,,,,,,,,,,,,,,,,,,,,,,,,,,,,,,,,,,,,,,,ent.10002.idle,,,,,,,,,1,,,,,,,1,家园宠物,,,,,,,,,,,,
10007,小石子,,,Stoni,家园宠物,,岩石团子的幼年体，喜欢#c0aaa1a餐点类#n的食品,1,,,,,150040,,10007,,,,1,,,,,,,999,,,,,,,,,,,,,,,,,0,,,,,,,,,,,,16,10,50,50,50,50,50,50,,350,,,,,,,,,,,,,,,,,,,,,,,,,,,,,,,,,,,,,,,,,,,ent.10003.idle,,,,,,,,,1,,,,,,,1,家园宠物,,,,,,,,,,,,
10008,岩石团,,,Stonus,家园宠物,,岩石团子的成长体，喜欢#c0aaa1a餐点类#n的食品,1,,,,,150041,,10008,,,,1,,,,,,,999,,,,,,,,,,,,,,,,,0,,,,,,,,,,,,16,10,50,50,50,50,50,50,,350,,,,,,,,,,,,,,,,,,,,,,,,,,,,,,,,,,,,,,,,,,,ent.10003.idle,,,,,,,,,1,,,,,,,1,家园宠物,,,,,,,,,,,,
10009,巨岩团,,,Stonlob,家园宠物,,岩石团子的成熟体，喜欢#c0aaa1a餐点类#n的食品,1,,,,,150042,,10009,,,,1,,,,,,,999,,,,,,,,,,,,,,,,,0,,,,,,,,,,,,16,10,80,50,50,50,50,50,,350,,,,,,,,,,,,,,,,,,,,,,,,,,,,,,,,,,,,,,,,,,,ent.10003.idle,,,,,,,,,1,,,,,,,1,家园宠物,,,,,,,,,,,,
10010,小火星,,,Flami,家园宠物,,小火星乖巧软萌，圆圆的小身体足以温暖主人一整个冬天。喜欢#c0aaa1a餐点类#n的食品,1,,,,,150016,,10010,,,,1,,,,,,,999,,,,,,,,,,,,,,,,,0,,,,,,,,,,,,16,10,50,50,50,50,50,50,,350,,,,,,,,,,,,,,,,,,,,,,,,,,,,,,,,,,,,,,,,,,,ent.10004.idle,,,,,,,,,1,,,,,,,1,家园宠物,,,,,,,,,,,,
10011,暖暖团子,,,Flamus,家园宠物,,暖暖团子会发散水蒸气，加湿保温，给沙漠地区的旅人帮了大忙。喜欢#c0aaa1a餐点类#n的食品,1,,,,,150017,,10011,,,,1,,,,,,,999,,,,,,,,,,,,,,,,,0,,,,,,,,,,,,16,10,50,50,50,50,50,50,,350,,,,,,,,,,,,,,,,,,,,,,,,,,,,,,,,,,,,,,,,,,,ent.10004.idle,,,,,,,,,1,,,,,,,1,家园宠物,,,,,,,,,,,,
10012,爆热团团,,,Flamlob,家园宠物,,夜晚露宿，爆热团团可是在主人生火时，必不可少的助手！喜欢#c0aaa1a餐点类#n的食品,1,,,,,150018,,10012,,,,1,,,,,,,999,,,,,,,,,,,,,,,,,0,,,,,,,,,,,,16,10,80,50,50,50,50,50,,350,,,,,,,,,,,,,,,,,,,,,,,,,,,,,,,,,,,,,,,,,,,ent.10004.idle,,,,,,,,,1,,,,,,,1,家园宠物,,,,,,,,,,,,
10013,小蝌丁,,,Tadpi,家园宠物,,跳跳蛙的幼年体，喜欢#c0aaa1a饮料类#n的食品,1,,,,,150019,,10013,,,,1,,,,,,,999,,,,,,,,,,,,,,,,,0,,,,,,,,,,,,16,10,50,50,50,50,50,50,,350,,,,,,,,,,,,,,,,,,,,,,,,,,,,,,,,,,,,,,,,,,,ent.10005.idle,,,,,,,,,1,,,,,,,1,家园宠物,,,,,,,,,,,,
10014,跳跳蛙,,,Froggee,家园宠物,,跳跳蛙的成长体，喜欢#c0aaa1a饮料类#n的食品,1,,,,,150020,,10014,,,,1,,,,,,,999,,,,,,,,,,,,,,,,,0,,,,,,,,,,,,16,10,50,50,50,50,50,50,,350,,,,,,,,,,,,,,,,,,,,,,,,,,,,,,,,,,,,,,,,,,,ent.10005.idle,,,,,,,,,1,,,,,,,1,家园宠物,,,,,,,,,,,,
10015,忍忍蛙,,,Ningee,家园宠物,,跳跳蛙的成熟体，喜欢#c0aaa1a饮料类#n的食品,1,,,,,150021,,10015,,,,1,,,,,,,999,,,,,,,,,,,,,,,,,0,,,,,,,,,,,,16,10,80,50,50,50,50,50,,350,,,,,,,,,,,,,,,,,,,,,,,,,,,,,,,,,,,,,,,,,,,ent.10005.idle,,,,,,,,,1,,,,,,,1,家园宠物,,,,,,,,,,,,
10016,小兔叽,,,Rabbi,家园宠物,,兔叽的幼年体,1,,,,,150037,,10016,,,,1,,,,,,,999,,,,,,,,,,,,,,,,,0,,,,,,,,,,,,16,10,50,50,50,50,50,50,,350,,,,,,,,,,,,,,,,,,,,,,,,,,,,,,,,,,,,,,,,,,,ent.10006.idle,,,,,,,,,1,,,,,,,1,家园宠物,,,,,,,,,,,,
10017,兔叽,,,Rabbee,家园宠物,,兔叽的成长体,1,,,,,150038,,10017,,,,1,,,,,,,999,,,,,,,,,,,,,,,,,0,,,,,,,,,,,,16,10,50,50,50,50,50,50,,350,,,,,,,,,,,,,,,,,,,,,,,,,,,,,,,,,,,,,,,,,,,ent.10006.idle,,,,,,,,,1,,,,,,,1,家园宠物,,,,,,,,,,,,
10018,玉兔叽,,,Jade Rabbee,家园宠物,,兔叽的成熟体,1,,,,,150039,,10018,,,,1,,,,,,,999,,,,,,,,,,,,,,,,,0,,,,,,,,,,,,16,10,80,50,50,50,50,50,,350,,,,,,,,,,,,,,,,,,,,,,,,,,,,,,,,,,,,,,,,,,,ent.10006.idle,,,,,,,,,1,,,,,,,1,家园宠物,,,,,,,,,,,,
10019,迷你汪,,,Dogi,家园宠物,,迷你汪习惯呆在主人的口袋里，只露出个小脑袋观察外面的世界。喜欢#c0aaa1a餐点类#n的食品,1,,,,,150031,,10019,,,,1,,,,,,,999,,,,,,,,,,,,,,,,,0,,,,,,,,,,,,16,10,50,50,50,50,50,50,,350,,,,,,,,,,,,,,,,,,,,,,,,,,,,,,,,,,,,,,,,,,,ent.10007.idle,,,,,,,,,1,,,,,,,1,家园宠物,,,,,,,,,,,,
10020,大耳汪,,,Dogee,家园宠物,,路线成迷的丛林地带，大耳汪通过超强听力辩位，指引方向。喜欢#c0aaa1a餐点类#n的食品,1,,,,,150032,,10020,,,,1,,,,,,,999,,,,,,,,,,,,,,,,,0,,,,,,,,,,,,16,10,50,50,50,50,50,50,,350,,,,,,,,,,,,,,,,,,,,,,,,,,,,,,,,,,,,,,,,,,,ent.10007.idle,,,,,,,,,1,,,,,,,1,家园宠物,,,,,,,,,,,,
10021,汪汪警长,,,Dogee Sheriff,家园宠物,,遇到危险，它也可变身汪汪警长，保护主人安全无虞。喜欢#c0aaa1a餐点类#n的食品,1,,,,,150033,,10021,,,,1,,,,,,,999,,,,,,,,,,,,,,,,,0,,,,,,,,,,,,16,10,80,50,50,50,50,50,,350,,,,,,,,,,,,,,,,,,,,,,,,,,,,,,,,,,,,,,,,,,,ent.10007.idle,,,,,,,,,1,,,,,,,1,家园宠物,,,,,,,,,,,,
10022,小龙蛋,,,Drakiegg,家园宠物,,小龙蛋个子虽小，分量却不轻，擅长缩回壳中滚动前行。喜欢#c0aaa1a点心类#n的食品,1,,,,,150010,,10022,,,,1,,,,,,,999,,,,,,,,,,,,,,,,,0,,,,,,,,,,,,16,10,50,50,50,50,50,50,,350,,,,,,,,,,,,,,,,,,,,,,,,,,,,,,,,,,,,,,,,,,,ent.10008.idle,,,,,,,,,1,,,,,,,1,家园宠物,,,,,,,,,,,,
10023,黑龙蛋,,,Dark Drakiegg,家园宠物,,应对大风时，黑龙蛋会伸出两只脚和尾巴，再也不怕被刮走！喜欢#c0aaa1a点心类#n的食品,1,,,,,150011,,10023,,,,1,,,,,,,999,,,,,,,,,,,,,,,,,0,,,,,,,,,,,,16,10,50,50,50,50,50,50,,350,,,,,,,,,,,,,,,,,,,,,,,,,,,,,,,,,,,,,,,,,,,ent.10008.idle,,,,,,,,,1,,,,,,,1,家园宠物,,,,,,,,,,,,
10024,黑龙崽,,,Young Dark Draki,家园宠物,,黑龙崽有敏锐的嗅觉，地下的生物也逃不过它的鼻子~喜欢#c0aaa1a点心类#n的食品,1,,,,,150012,,10024,,,,1,,,,,,,999,,,,,,,,,,,,,,,,,0,,,,,,,,,,,,16,10,80,50,50,50,50,50,,350,,,,,,,,,,,,,,,,,,,,,,,,,,,,,,,,,,,,,,,,,,,ent.10008.idle,,,,,,,,,1,,,,,,,1,家园宠物,,,,,,,,,,,,
10025,小雏鹦,,,Parroti,家园宠物,,小雏鹦活泼粘人，喜欢站在主人的头顶，登高望远。喜欢#c0aaa1a饮料类#n的食品,1,,,,,150013,,10025,,,,1,,,,,,,999,,,,,,,,,,,,,,,,,0,,,,,,,,,,,,16,10,50,50,50,50,50,50,,350,,,,,,,,,,,,,,,,,,,,,,,,,,,,,,,,,,,,,,,,,,,ent.10009.idle,,,,,,,,,1,,,,,,,1,家园宠物,,,,,,,,,,,,
10026,球鹦鹉,,,Parrotiball,家园宠物,,别看球球鹦鹉身材圆滚滚，翻译和传话它可是一把好手。喜欢#c0aaa1a饮料类#n的食品,1,,,,,150014,,10026,,,,1,,,,,,,999,,,,,,,,,,,,,,,,,0,,,,,,,,,,,,16,10,50,50,50,50,50,50,,350,,,,,,,,,,,,,,,,,,,,,,,,,,,,,,,,,,,,,,,,,,,ent.10009.idle,,,,,,,,,1,,,,,,,1,家园宠物,,,,,,,,,,,,
10027,金羽鹦鹉,,,Parrotigold,家园宠物,,插上金翎羽，巨大化变身的金羽鹦鹉，可载主人日飞千里。喜欢#c0aaa1a饮料类#n的食品,1,,,,,150015,,10027,,,,1,,,,,,,999,,,,,,,,,,,,,,,,,0,,,,,,,,,,,,16,10,80,50,50,50,50,50,,350,,,,,,,,,,,,,,,,,,,,,,,,,,,,,,,,,,,,,,,,,,,ent.10009.idle,,,,,,,,,1,,,,,,,1,家园宠物,,,,,,,,,,,,
10028,小灵球,,,Ghosti,家园宠物,,幽幽球的幼年体,1,,,,,150043,,10028,,,,1,,,,,,,999,,,,,,,,,,,,,,,,,0,,,,,,,,,,,,16,10,50,50,50,50,50,50,,350,,,,,,,,,,,,,,,,,,,,,,,,,,,,,,,,,,,,,,,,,,,ent.10010.idle,,,,,,,,,1,,,,,,,1,家园宠物,,,,,,,,,,,,
10029,幽幽球,,,Ghostiball,家园宠物,,幽幽球的成长体,1,,,,,150044,,10029,,,,1,,,,,,,999,,,,,,,,,,,,,,,,,0,,,,,,,,,,,,16,10,50,50,50,50,50,50,,350,,,,,,,,,,,,,,,,,,,,,,,,,,,,,,,,,,,,,,,,,,,ent.10010.idle,,,,,,,,,1,,,,,,,1,家园宠物,,,,,,,,,,,,
10030,幽灵王球,,,Ghostiball King,家园宠物,,幽幽球的成熟体,1,,,,,150045,,10030,,,,1,,,,,,,999,,,,,,,,,,,,,,,,,0,,,,,,,,,,,,16,10,80,50,50,50,50,50,,350,,,,,,,,,,,,,,,,,,,,,,,,,,,,,,,,,,,,,,,,,,,ent.10010.idle,,,,,,,,,1,,,,,,,1,家园宠物,,,,,,,,,,,,
10031,小黑猫,,,Blacki,家园宠物,,黑炭猫的幼年体，喜欢#c0aaa1a点心类#n的食品,1,,,,,150028,,10031,,,,1,,,,,,,999,,,,,,,,,,,,,,,,,0,,,,,,,,,,,,16,10,50,50,50,50,50,50,,350,,,,,,,,,,,,,,,,,,,,,,,,,,,,,,,,,,,,,,,,,,,ent.10011.idle,,,,,,,,,1,,,,,,,1,家园宠物,,,,,,,,,,,,
10032,黑炭猫,,,Blackipurr,家园宠物,,黑炭猫的成长体，喜欢#c0aaa1a点心类#n的食品,1,,,,,150029,,10032,,,,1,,,,,,,999,,,,,,,,,,,,,,,,,0,,,,,,,,,,,,16,10,50,50,50,50,50,50,,350,,,,,,,,,,,,,,,,,,,,,,,,,,,,,,,,,,,,,,,,,,,ent.10011.idle,,,,,,,,,1,,,,,,,1,家园宠物,,,,,,,,,,,,
10033,黑黝黝,,,Blackifurr,家园宠物,,黑炭猫的成熟体，喜欢#c0aaa1a点心类#n的食品,1,,,,,150030,,10033,,,,1,,,,,,,999,,,,,,,,,,,,,,,,,0,,,,,,,,,,,,16,10,80,50,50,50,50,50,,350,,,,,,,,,,,,,,,,,,,,,,,,,,,,,,,,,,,,,,,,,,,ent.10011.idle,,,,,,,,,1,,,,,,,1,家园宠物,,,,,,,,,,,,
10034,小球豹,,,Seali,家园宠物,,球球豹的幼年体，喜欢#c0aaa1a餐点类#n的食品,1,,,,,150034,,10034,,,,1,,,,,,,999,,,,,,,,,,,,,,,,,0,,,,,,,,,,,,16,10,50,50,50,50,50,50,,350,,,,,,,,,,,,,,,,,,,,,,,,,,,,,,,,,,,,,,,,,,,ent.10012.idle,,,,,,,,,1,,,,,,,1,家园宠物,,,,,,,,,,,,
10035,球球豹,,,Sealiball,家园宠物,,球球豹的成长体，喜欢#c0aaa1a餐点类#n的食品,1,,,,,150035,,10035,,,,1,,,,,,,999,,,,,,,,,,,,,,,,,0,,,,,,,,,,,,16,10,50,50,50,50,50,50,,350,,,,,,,,,,,,,,,,,,,,,,,,,,,,,,,,,,,,,,,,,,,ent.10012.idle,,,,,,,,,1,,,,,,,1,家园宠物,,,,,,,,,,,,
10036,球豹王子,,,Sealiball Prince,家园宠物,,球球豹的成熟体，喜欢#c0aaa1a餐点类#n的食品,1,,,,,150036,,10036,,,,1,,,,,,,999,,,,,,,,,,,,,,,,,0,,,,,,,,,,,,16,10,80,50,50,50,50,50,,350,,,,,,,,,,,,,,,,,,,,,,,,,,,,,,,,,,,,,,,,,,,ent.10012.idle,,,,,,,,,1,,,,,,,1,家园宠物,,,,,,,,,,,,
10037,小猕猴,,,Macaque,家园宠物,,奏乐猴的幼年体，喜欢#c0aaa1a餐点类#n的食品,1,,,,,150049,,10037,,,,1,,,,,,,999,,,,,,,,,,,,,,,,,0,,,,,,,,,,,,16,10,50,50,50,50,50,50,,350,,,,,,,,,,,,,,,,,,,,,,,,,,,,,,,,,,,,,,,,,ent.10037.hit,ent.10037.die,ent.10037.idle,,,,,,,,,1,,,,,,,1,家园宠物,,,,,,,,,,,,
10038,奏乐猴,,,Musical Macaque,家园宠物,,奏乐猴的成长体，喜欢#c0aaa1a餐点类#n的食品,1,,,,,150050,,10038,,,,1,,,,,,,999,,,,,,,,,,,,,,,,,0,,,,,,,,,,,,16,10,50,50,50,50,50,50,,350,,,,,,,,,,,,,,,,,,,,,,,,,,,,,,,,,,,,,,,,,ent.10037.hit,ent.10037.die,ent.10037.idle,,,,,,,,,1,,,,,,,1,家园宠物,,,,,,,,,,,,
10039,梵音猴,,,Sanskrit Macaque,家园宠物,,奏乐猴的成熟体，喜欢#c0aaa1a餐点类#n的食品,1,,,,,150051,,10039,,,,1,,,,,,,999,,,,,,,,,,,,,,,,,0,,,,,,,,,,,,16,10,80,50,50,50,50,50,,350,,,,,,,,,,,,,,,,,,,,,,,,,,,,,,,,,,,,,,,,,ent.10037.hit,ent.10037.die,ent.10037.idle,,,,,,,,,1,,,,,,,1,家园宠物,,,,,,,,,,,,
10040,小孔雀,,,Peaco,家园宠物,,雏孔雀的幼年体，喜欢#c0aaa1a点心类#n的食品,1,,,,,150046,,10040,,,,1,,,,,,,999,,,,,,,,,,,,,,,,,0,,,,,,,,,,,,16,10,50,50,50,50,50,50,,350,,,,,,,,,,,,,,,,,,,,,,,,,,,,,,,,,,,,,,,,,ent.10040.hit,ent.10040.die,ent.10040.idle,,,,,,,,,1,,,,,,,1,家园宠物,,,,,,,,,,,,
10041,雏孔雀,,,Peacock,家园宠物,,雏孔雀的成长体，喜欢#c0aaa1a点心类#n的食品,1,,,,,150047,,10041,,,,1,,,,,,,999,,,,,,,,,,,,,,,,,0,,,,,,,,,,,,16,10,50,50,50,50,50,50,,350,,,,,,,,,,,,,,,,,,,,,,,,,,,,,,,,,,,,,,,,,ent.10040.hit,ent.10040.die,ent.10040.idle,,,,,,,,,1,,,,,,,1,家园宠物,,,,,,,,,,,,
10042,丰羽孔雀,,,Peacocky,家园宠物,,雏孔雀的成熟体，喜欢#c0aaa1a点心类#n的食品,1,,,,,150048,,10042,,,,1,,,,,,,999,,,,,,,,,,,,,,,,,0,,,,,,,,,,,,16,10,80,50,50,50,50,50,,350,,,,,,,,,,,,,,,,,,,,,,,,,,,,,,,,,,,,,,,,,ent.10040.hit,ent.10040.die,ent.10040.idle,,,,,,,,,1,,,,,,,1,家园宠物,,,,,,,,,,,,
10043,小麦,,,,家园宠物,,巴啦啦小魔仙奇迹舞步系列小蓝的守护精灵-小麦的幼年体，喜欢#c0aaa1a餐点类#n的食品,1,,,,,150052,,10043,,,,1,,,,,,,999,,,,,,,,,,,,,,,,,0,,,,,,,,,,,,16,10,80,50,50,50,50,50,,350,,,,,,,,,,,,,,,,,,,,,,,,,,,,,,,,,,,,,,,,,,,ent.10043.idle,,,,,,,,,1,,,,,,,1,家园宠物,,,,,,,,,,,,
10044,小麦,,,,家园宠物,,巴啦啦小魔仙奇迹舞步系列小蓝的守护精灵-小麦的成长体，喜欢#c0aaa1a餐点类#n的食品,1,,,,,150053,,10044,,,,1,,,,,,,999,,,,,,,,,,,,,,,,,0,,,,,,,,,,,,16,10,50,50,50,50,50,50,,350,,,,,,,,,,,,,,,,,,,,,,,,,,,,,,,,,,,,,,,,,,,ent.10043.idle,,,,,,,,,1,,,,,,,1,家园宠物,,,,,,,,,,,,
10045,小麦,,,,家园宠物,,巴啦啦小魔仙奇迹舞步系列小蓝的守护精灵-小麦的成熟体，喜欢#c0aaa1a餐点类#n的食品,1,,,,,150054,,10045,,,,1,,,,,,,999,,,,,,,,,,,,,,,,,0,,,,,,,,,,,,16,10,50,50,50,50,50,50,,350,,,,,,,,,,,,,,,,,,,,,,,,,,,,,,,,,,,,,,,,,,,ent.10043.idle,,,,,,,,,1,,,,,,,1,家园宠物,,,,,,,,,,,,
10046,小卷,,,,家园宠物,,巴啦啦小魔仙奇迹舞步系列美琪的守护精灵-小卷的幼年体，喜欢#c0aaa1a点心类#n的食品,1,,,,,150055,,10046,,,,1,,,,,,,999,,,,,,,,,,,,,,,,,0,,,,,,,,,,,,16,10,80,50,50,50,50,50,,350,,,,,,,,,,,,,,,,,,,,,,,,,,,,,,,,,,,,,,,,,,,ent.10046.idle,,,,,,,,,1,,,,,,,1,家园宠物,,,,,,,,,,,,
10047,小卷,,,,家园宠物,,巴啦啦小魔仙奇迹舞步系列美琪的守护精灵-小卷的成长体，喜欢#c0aaa1a点心类#n的食品,1,,,,,150056,,10047,,,,1,,,,,,,999,,,,,,,,,,,,,,,,,0,,,,,,,,,,,,16,10,80,50,50,50,50,50,,350,,,,,,,,,,,,,,,,,,,,,,,,,,,,,,,,,,,,,,,,,,,ent.10046.idle,,,,,,,,,1,,,,,,,1,家园宠物,,,,,,,,,,,,
10048,小卷,,,,家园宠物,,巴啦啦小魔仙奇迹舞步系列美琪的守护精灵-小卷的成熟体，喜欢#c0aaa1a点心类#n的食品,1,,,,,150057,,10048,,,,1,,,,,,,999,,,,,,,,,,,,,,,,,0,,,,,,,,,,,,16,10,50,50,50,50,50,50,,350,,,,,,,,,,,,,,,,,,,,,,,,,,,,,,,,,,,,,,,,,,,ent.10046.idle,,,,,,,,,1,,,,,,,1,家园宠物,,,,,,,,,,,,
10049,花生,,,,家园宠物,,巴啦啦小魔仙奇迹舞步系列美雪的守护精灵-花生的幼年体，喜欢#c0aaa1a饮料类#n的食品,1,,,,,150058,,10049,,,,1,,,,,,,999,,,,,,,,,,,,,,,,,0,,,,,,,,,,,,16,10,50,50,50,50,50,50,,350,,,,,,,,,,,,,,,,,,,,,,,,,,,,,,,,,,,,,,,,,,,ent.10049.idle,,,,,,,,,1,,,,,,,1,家园宠物,,,,,,,,,,,,
10050,花生,,,,家园宠物,,巴啦啦小魔仙奇迹舞步系列美雪的守护精灵-花生的成长体，喜欢#c0aaa1a饮料类#n的食品,1,,,,,150059,,10050,,,,1,,,,,,,999,,,,,,,,,,,,,,,,,0,,,,,,,,,,,,16,10,80,50,50,50,50,50,,350,,,,,,,,,,,,,,,,,,,,,,,,,,,,,,,,,,,,,,,,,,,ent.10049.idle,,,,,,,,,1,,,,,,,1,家园宠物,,,,,,,,,,,,
10051,花生,,,,家园宠物,,巴啦啦小魔仙奇迹舞步系列美雪的守护精灵-花生的成熟体，喜欢#c0aaa1a饮料类#n的食品,1,,,,,150060,,10051,,,,1,,,,,,,999,,,,,,,,,,,,,,,,,0,,,,,,,,,,,,16,10,80,50,50,50,50,50,,350,,,,,,,,,,,,,,,,,,,,,,,,,,,,,,,,,,,,,,,,,,,ent.10049.idle,,,,,,,,,1,,,,,,,1,家园宠物,,,,,,,,,,,,
10052,爱心宝宝,,,,家园宠物,,吮吸奶嘴的爱心宝宝，极尽温顺可爱之能，是所有婴儿最青睐的朋友。喜欢#c0aaa1a点心类#n的食品,1,,,,,150064,,10052,,,,1,,,,,,,999,,,,,,,,,,,,,,,,,0,,,,,,,,,,,,16,10,80,50,50,50,50,50,,350,,,,,,,,,,,,,,,,,,,,,,,,,,,,,,,,,,,,,,,,,,,ent.10052.idle,,,,,,,,,1,,,,,,,1,家园宠物,,,,,,,,,,,,
10053,艾宝,,,,家园宠物,,正常形态下的艾宝，是每个咿呀学语的婴儿最耐心倾听的伙伴。喜欢#c0aaa1a点心类#n的食品,1,,,,,150065,,10053,,,,1,,,,,,,999,,,,,,,,,,,,,,,,,0,,,,,,,,,,,,16,10,80,50,50,50,50,50,,350,,,,,,,,,,,,,,,,,,,,,,,,,,,,,,,,,,,,,,,,,,,ent.10052.idle,,,,,,,,,1,,,,,,,1,家园宠物,,,,,,,,,,,,
10054,艾可兔,,,,家园宠物,,巨大化的艾可兔，则是婴孩们的守护者，手拿充气锤，嬉戏之余不乏警惕。喜欢#c0aaa1a点心类#n的食品,1,,,,,150066,,10054,,,,1,,,,,,,999,,,,,,,,,,,,,,,,,0,,,,,,,,,,,,16,10,80,50,50,50,50,50,,350,,,,,,,,,,,,,,,,,,,,,,,,,,,,,,,,,,,,,,,,,,,ent.10052.idle,,,,,,,,,1,,,,,,,1,家园宠物,,,,,,,,,,,,
10055,小创喵,,,,家园宠物,,小创喵是旅人们的好伙伴。赶路时它缩小化趴在旅人肩头，消解寂寞。喜欢#c0aaa1a餐点类#n的食品,1,,,,,150061,,10055,,,,1,,,,,,,999,,,,,,,,,,,,,,,,,0,,,,,,,,,,,,16,10,80,50,50,50,50,50,,350,,,,,,,,,,,,,,,,,,,,,,,,,,,,,,,,,,,,,,,,,,,ent.10055.idle,,,,,,,,,1,,,,,,,1,家园宠物,,,,,,,,,,,,
10056,创极喵,,,,家园宠物,,歇脚时变身创极喵，可预知天气，有备无患。喜欢#c0aaa1a餐点类#n的食品,1,,,,,150062,,10056,,,,1,,,,,,,999,,,,,,,,,,,,,,,,,0,,,,,,,,,,,,16,10,80,50,50,50,50,50,,350,,,,,,,,,,,,,,,,,,,,,,,,,,,,,,,,,,,,,,,,,,,ent.10055.idle,,,,,,,,,1,,,,,,,1,家园宠物,,,,,,,,,,,,
10057,创极虎,,,,家园宠物,,每逢暴雨，它则饮水膨胀，化身创极虎，挡风避雷，护旅人无恙。喜欢#c0aaa1a餐点类#n的食品,1,,,,,150063,,10057,,,,1,,,,,,,999,,,,,,,,,,,,,,,,,0,,,,,,,,,,,,16,10,80,50,50,50,50,50,,350,,,,,,,,,,,,,,,,,,,,,,,,,,,,,,,,,,,,,,,,,,,ent.10055.idle,,,,,,,,,1,,,,,,,1,家园宠物,,,,,,,,,,,,
10058,闪月灯,,,,家园宠物,,闪月灯最爱与阿拉灯一起合唱，虽然这会让路人都捂起耳朵。喜欢#c0aaa1a餐点类#n的食品,1,,,,,150067,,10058,,,,1,,,,,,,999,,,,,,,,,,,,,,,,,0,,,,,,,,,,,,16,10,80,50,50,50,50,50,,350,,,,,,,,,,,,,,,,,,,,,,,,,,,,,,,,,,,,,,,,,,,ent.10058.idle,,,,,,,,,1,,,,,,,1,家园宠物,,,,,,,,,,,,
10059,皎月灯,,,,家园宠物,,黑暗中，是它化身皎月灯，亮起莹莹灯光，照亮主人寂寞的心情。喜欢#c0aaa1a餐点类#n的食品,1,,,,,150068,,10059,,,,1,,,,,,,999,,,,,,,,,,,,,,,,,0,,,,,,,,,,,,16,10,80,50,50,50,50,50,,350,,,,,,,,,,,,,,,,,,,,,,,,,,,,,,,,,,,,,,,,,,,ent.10058.idle,,,,,,,,,1,,,,,,,1,家园宠物,,,,,,,,,,,,
10060,满月灯,,,,家园宠物,,逢至水源充足之地，它也可化身满月灯，探寻地下矿宝。喜欢#c0aaa1a餐点类#n的食品,1,,,,,150069,,10060,,,,1,,,,,,,999,,,,,,,,,,,,,,,,,0,,,,,,,,,,,,16,10,80,50,50,50,50,50,,350,,,,,,,,,,,,,,,,,,,,,,,,,,,,,,,,,,,,,,,,,,,ent.10058.idle,,,,,,,,,1,,,,,,,1,家园宠物,,,,,,,,,,,,
10061,小酷仔,,,,家园宠物,,小酷仔永远微笑，治愈主人的一切坏心情。喜欢#c0aaa1a餐点类#n的食品,1,,,,,150070,,10061,,,,1,,,,,,,999,,,,,,,,,,,,,,,,,0,,,,,,,,,,,,16,10,80,50,50,50,50,50,,350,,,,,,,,,,,,,,,,,,,,,,,,,,,,,,,,,,,,,,,,,,,ent.10061.idle,,,,,,,,,1,,,,,,,1,家园宠物,,,,,,,,,,,,
10062,动感汪,,,,家园宠物,,动感汪会随着主人的音乐一起舞动，旋律永远是它的最爱。喜欢#c0aaa1a餐点类#n的食品,1,,,,,150071,,10062,,,,1,,,,,,,999,,,,,,,,,,,,,,,,,0,,,,,,,,,,,,16,10,80,50,50,50,50,50,,350,,,,,,,,,,,,,,,,,,,,,,,,,,,,,,,,,,,,,,,,,,,ent.10061.idle,,,,,,,,,1,,,,,,,1,家园宠物,,,,,,,,,,,,
10063,电波犬,,,,家园宠物,,电波犬拥有夜视镜和话筒，这是他发散电音魅力的秘诀。喜欢#c0aaa1a餐点类#n的食品,1,,,,,150072,,10063,,,,1,,,,,,,999,,,,,,,,,,,,,,,,,0,,,,,,,,,,,,16,10,80,50,50,50,50,50,,350,,,,,,,,,,,,,,,,,,,,,,,,,,,,,,,,,,,,,,,,,,,ent.10061.idle,,,,,,,,,1,,,,,,,1,家园宠物,,,,,,,,,,,,
10064,小咩团,,,,家园宠物,,小咩团真挚的笑容总是给主人带去温暖。喜欢#c0aaa1a点心类#n的食品,1,,,,,150073,,10064,,,,1,,,,,,,999,,,,,,,,,,,,,,,,,0,,,,,,,,,,,,16,10,80,50,50,50,50,50,,350,,,,,,,,,,,,,,,,,,,,,,,,,,,,,,,,,,,,,,,,,,,ent.10064.idle,,,,,,,,,1,,,,,,,1,家园宠物,,,,,,,,,,,,
10065,心羊羊,,,,家园宠物,,心羊羊通身都是蓬松的爱心羊毛，和它拥抱会消除一切疲惫。喜欢#c0aaa1a点心类#n的食品,1,,,,,150074,,10065,,,,1,,,,,,,999,,,,,,,,,,,,,,,,,0,,,,,,,,,,,,16,10,80,50,50,50,50,50,,350,,,,,,,,,,,,,,,,,,,,,,,,,,,,,,,,,,,,,,,,,,,ent.10064.idle,,,,,,,,,1,,,,,,,1,家园宠物,,,,,,,,,,,,
10066,爱心咩,,,,家园宠物,,沐浴阳光，变身爱心咩，为主人驱散阴霾和黑暗吧！喜欢#c0aaa1a点心类#n的食品,1,,,,,150075,,10066,,,,1,,,,,,,999,,,,,,,,,,,,,,,,,0,,,,,,,,,,,,16,10,80,50,50,50,50,50,,350,,,,,,,,,,,,,,,,,,,,,,,,,,,,,,,,,,,,,,,,,,,ent.10064.idle,,,,,,,,,1,,,,,,,1,家园宠物,,,,,,,,,,,,
10067,嘤嘤嗡嗡,,,,家园宠物,,嘤嘤嗡嗡是一对蜜蜂兄妹，它们一个负责采集，一个负责防守。喜欢#c0aaa1a饮料类#n的食品,1,,,,,150076,,10067,,,,1,,,,,,,999,,,,,,,,,,,,,,,,,0,,,,,,,,,,,,16,10,80,50,50,50,50,50,,350,,,,,,,,,,,,,,,,,,,,,,,,,,,,,,,,,,,,,,,,,,,ent.10067.idle,,,,,,,,,1,,,,,,,1,家园宠物,,,,,,,,,,,,
10068,孪生蜂蛹,,,,家园宠物,,兄妹合体时，进化成孪生蜂蛹，它们拥有强大的治愈能力。喜欢#c0aaa1a饮料类#n的食品,1,,,,,150077,,10068,,,,1,,,,,,,999,,,,,,,,,,,,,,,,,0,,,,,,,,,,,,16,10,80,50,50,50,50,50,,350,,,,,,,,,,,,,,,,,,,,,,,,,,,,,,,,,,,,,,,,,,,ent.10067.idle,,,,,,,,,1,,,,,,,1,家园宠物,,,,,,,,,,,,
10069,双极纤蜂,,,,家园宠物,,双极纤蜂进化完成时，主人身边将多一个最忠实的护卫兵。喜欢#c0aaa1a饮料类#n的食品,1,,,,,150078,,10069,,,,1,,,,,,,999,,,,,,,,,,,,,,,,,0,,,,,,,,,,,,16,10,80,50,50,50,50,50,,350,,,,,,,,,,,,,,,,,,,,,,,,,,,,,,,,,,,,,,,,,,,ent.10067.idle,,,,,,,,,1,,,,,,,1,家园宠物,,,,,,,,,,,,
10070,招财荷包,,,,家园宠物,,招财荷包可膨胀至自身的几十倍大，只为帮主人储藏更多珍宝！喜欢#c0aaa1a餐点类#n的食品,1,,,,,150079,,10070,,,,1,,,,,,,999,,,,,,,,,,,,,,,,,0,,,,,,,,,,,,16,10,80,50,50,50,50,50,,350,,,,,,,,,,,,,,,,,,,,,,,,,,,,,,,,,,,,,,,,,,,ent.10070.idle,,,,,,,,,1,,,,,,,1,家园宠物,,,,,,,,,,,,
10071,聚宝袋,,,,家园宠物,,唤醒聚宝袋的力量，开启雷达模式，向宝物之地进发吧~喜欢#c0aaa1a餐点类#n的食品,1,,,,,150080,,10071,,,,1,,,,,,,999,,,,,,,,,,,,,,,,,0,,,,,,,,,,,,16,10,80,50,50,50,50,50,,350,,,,,,,,,,,,,,,,,,,,,,,,,,,,,,,,,,,,,,,,,,,ent.10070.idle,,,,,,,,,1,,,,,,,1,家园宠物,,,,,,,,,,,,
10072,送福金虎,,,,家园宠物,,传说送福金虎会给身边的人带来好运，不信？试试就知道！喜欢#c0aaa1a餐点类#n的食品,1,,,,,150081,,10072,,,,1,,,,,,,999,,,,,,,,,,,,,,,,,0,,,,,,,,,,,,16,10,80,50,50,50,50,50,,350,,,,,,,,,,,,,,,,,,,,,,,,,,,,,,,,,,,,,,,,,,,ent.10070.idle,,,,,,,,,1,,,,,,,1,家园宠物,,,,,,,,,,,,
10073,甜心洛普,,,,家园宠物,,甜心洛普酷爱甜食，再隐蔽的甜食都能被它灵敏的嗅觉捕捉到。喜欢#c0aaa1a点心类#n的食品,1,,,,,150082,,10073,,,,1,,,,,,,999,,,,,,,,,,,,,,,,,0,,,,,,,,,,,,16,10,80,50,50,50,50,50,,350,,,,,,,,,,,,,,,,,,,,,,,,,,,,,,,,,,,,,,,,,,,ent.10073.idle,,,,,,,,,1,,,,,,,1,家园宠物,,,,,,,,,,,,
10074,绒绒洛普 ,,,,家园宠物,,绒绒洛普的抱抱散发着焦糖味，为主人带来专属于冬天的温暖。喜欢#c0aaa1a点心类#n的食品,1,,,,,150083,,10074,,,,1,,,,,,,999,,,,,,,,,,,,,,,,,0,,,,,,,,,,,,16,10,80,50,50,50,50,50,,350,,,,,,,,,,,,,,,,,,,,,,,,,,,,,,,,,,,,,,,,,,,ent.10073.idle,,,,,,,,,1,,,,,,,1,家园宠物,,,,,,,,,,,,
10075,闪闪洛普,,,,家园宠物,,战斗形态的闪闪洛普能发出钻石光辉，直视它会陷入甜蜜漩涡。喜欢#c0aaa1a点心类#n的食品,1,,,,,150084,,10075,,,,1,,,,,,,999,,,,,,,,,,,,,,,,,0,,,,,,,,,,,,16,10,80,50,50,50,50,50,,350,,,,,,,,,,,,,,,,,,,,,,,,,,,,,,,,,,,,,,,,,,,ent.10073.idle,,,,,,,,,1,,,,,,,1,家园宠物,,,,,,,,,,,,
10076,小银狼,,,,家园宠物,,小银狼活泼好动，是陪主人玩接球游戏的最佳伙伴。喜欢#c0aaa1a饮料类#n的食品,1,,,,,150085,,10076,,,,1,,,,,,,999,,,,,,,,,,,,,,,,,0,,,,,,,,,,,,16,10,80,50,50,50,50,50,,350,,,,,,,,,,,,,,,,,,,,,,,,,,,,,,,,,,,,,,,,,,,ent.10076.idle,,,,,,,,,1,,,,,,,1,家园宠物,,,,,,,,,,,,
10077,白银猎手,,,,家园宠物,,白银猎手蓝宝石般的眼睛，能照亮一切迷途之人的心灵。喜欢#c0aaa1a饮料类#n的食品,1,,,,,150086,,10077,,,,1,,,,,,,999,,,,,,,,,,,,,,,,,0,,,,,,,,,,,,16,10,80,50,50,50,50,50,,350,,,,,,,,,,,,,,,,,,,,,,,,,,,,,,,,,,,,,,,,,,,ent.10076.idle,,,,,,,,,1,,,,,,,1,家园宠物,,,,,,,,,,,,
10078,白银领主,,,,家园宠物,,白银领主不但有锋利的狼牙，其蓝火之尾的威力也不容小觑。喜欢#c0aaa1a饮料类#n的食品,1,,,,,150087,,10078,,,,1,,,,,,,999,,,,,,,,,,,,,,,,,0,,,,,,,,,,,,16,10,80,50,50,50,50,50,,350,,,,,,,,,,,,,,,,,,,,,,,,,,,,,,,,,,,,,,,,,,,ent.10076.idle,,,,,,,,,1,,,,,,,1,家园宠物,,,,,,,,,,,,
10079,熊不醒,,,,家园宠物,,熊不醒为失眠中的主人带去困意。喜欢#c0aaa1a餐点类#n的食品,1,,,,,150088,,10079,,,,1,,,,,,,999,,,,,,,,,,,,,,,,,0,,,,,,,,,,,,16,10,80,50,50,50,50,50,,350,,,,,,,,,,,,,,,,,,,,,,,,,,,,,,,,,,,,,,,,,,,ent.10079.idle,,,,,,,,,1,,,,,,,1,家园宠物,,,,,,,,,,,,
10080,瞌睡熊宝,,,,家园宠物,,瞌睡熊宝能一定程度上提高主人的睡眠质量。 喜欢#c0aaa1a餐点类#n的食品,1,,,,,150089,,10080,,,,1,,,,,,,999,,,,,,,,,,,,,,,,,0,,,,,,,,,,,,16,10,80,50,50,50,50,50,,350,,,,,,,,,,,,,,,,,,,,,,,,,,,,,,,,,,,,,,,,,,,ent.10079.idle,,,,,,,,,1,,,,,,,1,家园宠物,,,,,,,,,,,,
10081,抱梦考拉,,,,家园宠物,,被抱梦考拉影响的主人，梦境温馨，睡得舒心。喜欢#c0aaa1a餐点类#n的食品,1,,,,,150090,,10081,,,,1,,,,,,,999,,,,,,,,,,,,,,,,,0,,,,,,,,,,,,16,10,80,50,50,50,50,50,,350,,,,,,,,,,,,,,,,,,,,,,,,,,,,,,,,,,,,,,,,,,,ent.10079.idle,,,,,,,,,1,,,,,,,1,家园宠物,,,,,,,,,,,,
10082,章鱼丸子,,,,家园宠物,,可爱的章鱼宝宝，最大的兴趣就是吃各种丸子。喜欢#c0aaa1a点心类#n的食品,1,,,,,150091,,10082,,,,1,,,,,,,999,,,,,,,,,,,,,,,,,0,,,,,,,,,,,,16,10,80,50,50,50,50,50,,350,,,,,,,,,,,,,,,,,,,,,,,,,,,,,,,,,,,,,,,,,,,ent.10082.idle,,,,,,,,,1,,,,,,,1,家园宠物,,,,,,,,,,,,
10083,章鱼厨,,,,家园宠物,,久吃成厨！丰富的美食经历带来了高超的厨艺。喜欢#c0aaa1a点心类#n的食品,1,,,,,150092,,10083,,,,1,,,,,,,999,,,,,,,,,,,,,,,,,0,,,,,,,,,,,,16,10,80,50,50,50,50,50,,350,,,,,,,,,,,,,,,,,,,,,,,,,,,,,,,,,,,,,,,,,,,ent.10082.idle,,,,,,,,,1,,,,,,,1,家园宠物,,,,,,,,,,,,
10084,八爪美食家,,,,家园宠物,,效率与美味并存的美食家，十分钟能做一桌满汉全席。喜欢#c0aaa1a点心类#n的食品,1,,,,,150093,,10084,,,,1,,,,,,,999,,,,,,,,,,,,,,,,,0,,,,,,,,,,,,16,10,80,50,50,50,50,50,,350,,,,,,,,,,,,,,,,,,,,,,,,,,,,,,,,,,,,,,,,,,,ent.10082.idle,,,,,,,,,1,,,,,,,1,家园宠物,,,,,,,,,,,,
10085,机小智,,,,家园宠物,,机小智最爱的游戏就是猜谜语啦，没什么谜题能难倒它~喜欢#c0aaa1a饮料类#n的食品,1,,,,,150094,,10085,,,,1,,,,,,,999,,,,,,,,,,,,,,,,,0,,,,,,,,,,,,16,10,80,50,50,50,50,50,,350,,,,,,,,,,,,,,,,,,,,,,,,,,,,,,,,,,,,,,,,,,,ent.10085.idle,,,,,,,,,1,,,,,,,1,家园宠物,,,,,,,,,,,,
10086,电波助手,,,,家园宠物,,无论何时何地，电波助手都期待为您答疑解惑。喜欢#c0aaa1a饮料类#n的食品,1,,,,,150095,,10086,,,,1,,,,,,,999,,,,,,,,,,,,,,,,,0,,,,,,,,,,,,16,10,80,50,50,50,50,50,,350,,,,,,,,,,,,,,,,,,,,,,,,,,,,,,,,,,,,,,,,,,,ent.10085.idle,,,,,,,,,1,,,,,,,1,家园宠物,,,,,,,,,,,,
10087,超电子智脑,,,,家园宠物,,超电子智脑的智慧任何电脑都无法企及，天文地理它都能信手拈来。喜欢#c0aaa1a饮料类#n的食品,1,,,,,150096,,10087,,,,1,,,,,,,999,,,,,,,,,,,,,,,,,0,,,,,,,,,,,,16,10,80,50,50,50,50,50,,350,,,,,,,,,,,,,,,,,,,,,,,,,,,,,,,,,,,,,,,,,,,ent.10085.idle,,,,,,,,,1,,,,,,,1,家园宠物,,,,,,,,,,,,
14999,10001~14999为宠物备用ID,,,,家园宠物,,10001~15000为宠物备用ID,1,,,,,110003,,,,,,1,,,,,,,999,,,,,,,,,,,,,,,,,0,,,,,,,,,,,,16,10,50,50,50,50,50,50,,350,,,,,,,,,,,,,,,,,,,,,,,,,,,,,,,,,,,,,,,,,,,,,,,,,,,,1,,,,,,,1,家园宠物,,,,,,,,,,,,
30000,扭蛋机,,,,商城抽奖模型,,商城抽奖模型,,,,,,120009,,,,,,1,,,,,,,9999,,,,,,999,999,,,,,,,,,,0,,,,,,,,,,,,16,5000,300,200,50,300,200,50,,350,,,,,,,,,,,,,,,,,,,,,,,,,,,,,,,,,,,,,,,,,,,,,,,,,,,,1,,,,,,,,,,,,,,,,,,,,
39201,斯科特·李,,,Scott Lee,,,神秘商人,1,1,,,,130006,,39201,,,,5,,,,,,,90,,,,,,,,,,,,,,,0,5,3,,,,,,,,,,7,1.6,10,5000,200,95,100,220,120,120,,200,15,1,0,255,,,,,,1,,,,,,,,,,,,,,,,,,,,,,,0,0,0,0,1,,,1,,,,,,,,,,,,1,,,,,,,,家园NPC,,,,,,,,,,,,
39202,哥伦布·李,,,Columbus Lee,,,神秘商人,1,1,,,,130007,,39202,,,,5,,,,,,,90,,,,,,,,,,,,,,,0,5,3,,,,,,,,,,7,1.6,10,5000,200,95,100,220,120,120,,200,15,1,0,255,,,,,,1,,,,,,,,,,,,,,,,,,,,,,,0,0,0,0,1,,,1,,,,,,,,,,,,1,,,,,,,,家园NPC,,,,,,,,,,,,
39203,库克·李,,,Cooper Lee,,,神秘商人,1,1,,,,130008,,39203,,,,5,,,,,,,90,,,,,,,,,,,,,,,0,5,3,,,,,,,,,,7,1.6,10,5000,200,95,100,220,120,120,,200,15,1,0,255,,,,,,1,,,,,,,,,,,,,,,,,,,,,,,0,0,0,0,1,,,1,,,,,,,,,,,,1,,,,,,,,家园NPC,,,,,,,,,,,,
39204,马可·李,,,Marco Lee,,,神秘商人,1,1,,,,130009,,39204,,,,5,,,,,,,90,,,,,,,,,,,,,,,0,5,3,,,,,,,,,,7,1.6,10,5000,200,95,100,220,120,120,,200,15,1,0,255,,,,,,1,,,,,,,,,,,,,,,,,,,,,,,0,0,0,0,1,,,1,,,,,,,,,,,,1,,,,,,,,家园NPC,,,,,,,,,,,,
39205,达尔文·李,,,Darwin Lee,,,神秘商人,1,1,,,,130010,,39205,,,,5,,,,,,,90,,,,,,,,,,,,,,,0,5,3,,,,,,,,,,7,1.6,10,5000,200,95,100,220,120,120,,200,15,1,0,255,,,,,,1,,,,,,,,,,,,,,,,,,,,,,,0,0,0,0,1,,,1,,,,,,,,,,,,1,,,,,,,,家园NPC,,,,,,,,,,,,
39206,大山,,,Big Sam,,,农场商人,1,1,,,,130011,,39206,,,,5,,,,,,,90,,,,,,,,,,,,,,,0,5,3,,,,,,,,,,7,1.6,10,5000,200,95,100,220,120,120,,200,15,1,0,255,,,,,,1,,,,,,,,,,,,,,,,,,,,,,,0,0,0,0,1,,,1,,,,,,,,,,,,1,,,,,,,,家园NPC,,,,,,,,,,,,
39207,祈愿树1,,,Wishing Tree 1,,,家园NPC测试,1,,,,,130001,,3010,,,,5,,,,,,,90,,,,,,,,,,,,,,,0,5,3,,,,,,,,,,7,1.6,10,5000,200,95,100,220,120,120,,200,15,1,0,255,,,,,,1,,,,,,,,,,,,,,,,,,,,,,,0,0,0,0,1,,,1,,,,,,,,,,,,1,,,,,,,,家园NPC,,,,,,,,,,,,
39208,祈愿树2,,,Wishing Tree 2,,,家园NPC测试,1,,,,,130003,,3010,,,,5,,,,,,,90,,,,,,,,,,,,,,,0,5,3,,,,,,,,,,7,1.6,10,5000,200,95,100,220,120,120,,200,15,1,0,255,,,,,,1,,,,,,,,,,,,,,,,,,,,,,,0,0,0,0,1,,,1,,,,,,,,,,,,1,,,,,,,,家园NPC,,,,,,,,,,,,
39209,家园商人,,,Garden Shop,,,家园NPC测试,1,,,,,130002,,3010,,,,5,,,,,,,90,,,,,,,,,,,,,,,0,5,3,,,,,,,,,,7,1.6,10,5000,200,95,100,220,120,120,,200,15,1,0,255,,,,,,1,,,,,,,,,,,,,,,,,,,,,,,0,0,0,0,1,,,1,,,,,,,,,,,,1,,,,,,,,家园NPC,,,,,,,,,,,,
39210,家园果实,,,Garden Fruit,,,家园NPC测试,1,,,,,150001,,3010,,,,5,,,,,,,90,,,,,,,,,,,,,,,0,5,3,,,,,,,,,,7,1.6,10,5000,200,95,100,220,120,120,,200,15,1,0,255,,,,,,1,,,,,,,,,,,,,,,,,,,,,,,0,0,0,0,1,,,1,,,,,,,,,,,,1,,,,,,,,家园NPC,,,,,,,,,,,,
39211,家园果实,,,Garden Fruit,,,,1,,,,,150002,,3010,,,,5,,,,,,,90,,,,,,,,,,,,,,,0,5,3,,,,,,,,,,7,1.6,10,5000,200,95,100,220,120,120,,200,15,1,0,255,,,,,,1,,,,,,,,,,,,,,,,,,,,,,,0,0,0,0,1,,,1,,,,,,,,,,,,1,,,,,,,,家园NPC,,,,,,,,,,,,
39212,家园果实,,,Garden Fruit,,,,1,,,,,150003,,3010,,,,5,,,,,,,90,,,,,,,,,,,,,,,0,5,3,,,,,,,,,,7,1.6,10,5000,200,95,100,220,120,120,,200,15,1,0,255,,,,,,1,,,,,,,,,,,,,,,,,,,,,,,0,0,0,0,1,,,1,,,,,,,,,,,,1,,,,,,,,家园NPC,,,,,,,,,,,,
39213,家园果实,,,Garden Fruit,,,,1,,,,,150004,,3010,,,,5,,,,,,,90,,,,,,,,,,,,,,,0,5,3,,,,,,,,,,7,1.6,10,5000,200,95,100,220,120,120,,200,15,1,0,255,,,,,,1,,,,,,,,,,,,,,,,,,,,,,,0,0,0,0,1,,,1,,,,,,,,,,,,1,,,,,,,,家园NPC,,,,,,,,,,,,
39214,家园果实,,,Garden Fruit,,,,1,,,,,150005,,3010,,,,5,,,,,,,90,,,,,,,,,,,,,,,0,5,3,,,,,,,,,,7,1.6,10,5000,250,95,100,220,120,120,,200,15,1,0,255,,,,,,1,,,,,,,,,,,,,,,,,,,,,,,0,0,0,0,1,,,1,,,,,,,,,,,,1,,,,,,,,家园NPC,,,,,,,,,,,,
39215,宠物商人,,,Pet Trader,,,,1,,,,,140085,,3010,,,,5,,,,,,,90,,,,,,,,,,,,,,,0,5,3,,,,,,,,,,7,1.6,10,5000,200,95,100,220,120,120,,200,15,1,0,255,,,,,,1,,,,,,,,,,,,,,,,,,,,,,,0,0,0,0,1,,,1,,,,,,,,,,,,1,,,,,,,,家园NPC,,,,,,,,,,,,
39216,宠物探险队长,,,Pet Adventure Captain,,,,1,,,,,140077,,3010,,,,7,,,,,,,90,,,,,,,,,,,,,,,0,5,3,,,,,,,,,,7,1.6,10,5000,200,95,100,220,120,120,,200,15,1,0,255,,,,,,1,,,,,,,,,,,,,,,,,,,,,,,,,,,,,,1,,,,,,,,,,,,1,,,,,,,,家园NPC,,,,,,,,,,,,
39217,家园图鉴,,,Home Archive,,,,1,,,,,p5,,3010,,,,7,,,,,,,90,,,,,,,,,,,,,,,0,5,3,,,,,,,,,,7,1.6,10,5000,200,95,100,220,120,120,,200,15,1,0,255,,,,,,1,,,,,,,,,,,,,,,,,,,,,,,,,,,,,,1,,,,,,,,,,,,1,,,,,,,,家园NPC,,,,,,,,,,,,
39218,力哥,,,Ranch Trader,,,牧场商人,1,1,,,,100033,,3120,,,,7,,,,,,,90,,,,,,,,,,,,,,,0,5,3,,,,,,,,,,7,1.6,10,5000,200,95,100,220,120,120,,200,15,1,0,255,,,,,,1,,,,,,,,,,,,,,,,,,,,,,,,,,,,,,1,,,,,,,,,,,,1,,,,,,,,家园NPC,,,,,,,,,,,,
39219,罗师傅,,,Home Craftsman,,,家园工匠,1,1,,,,130001,,3011,,,,7,,,,,,,90,,,,,,,,,,,,,,,0,5,3,,,,,,,,,,7,1.6,10,5000,200,95,100,220,120,120,,200,15,1,0,255,,,,,,1,,,,,,,,,,,,,,,,,,,,,,,,,,,,,,1,,,,,,,,,,,,1,,,,,,,,家园NPC,,,,,,,,,,,,
39220,刘婶,,,Home Cook,,,家园厨师,1,1,,,,130003,,3012,,,,7,,,,,,,90,,,,,,,,,,,,,,,0,5,3,,,,,,,,,,7,1.6,10,5000,200,95,100,220,120,120,,200,15,1,0,255,,,,,,1,,,,,,,,,,,,,,,,,,,,,,,,,,,,,,1,,,,,,,,,,,,1,,,,,,,,家园NPC,,,,,,,,,,,,
39221,部件,,,,,,受击部件,1,1,,,,,,,,,,1,,,,,,,90,,,,,,,,,,,,,,,0,5,3,,,,,,,,,,7,1.6,10,5000,200,95,100,220,120,120,,200,15,1,0,255,,,,,,1,,,,,,,,,,,,,,,,,,,,,,,0,0,0,0,1,,,1,,,,,,,,,,,,1,,,,,,,,家园NPC,,,,,,1061001,2218001|1061001,,,,,
40001,骷罗,,,,,,,,,,,,100094,,40001,,,,0,,,,3,,,4500,,,,,,20,,,,,,,,,0,200,120,,,,,,,,,,7,64,66,100000,1800,1400,1400,2500,1600,1600,,300,15,1,0,255,,,,,,1,,,,,,,,,,,,,,,,,,,,,,,,,,,,,,,,,,,,,,,,,,1,,,,,,,,凹凸世界BOSS,,,,,,,,,,,,
40032,40001到41000模型预留,,,,,,,,,,,,,,,,,,,,,,,,,,,,,,,,,,,,,,,,,,0,,,,,,,,,,,,,,,,,,,,,,,,,,,,,,,,,,,,,,,,,,,,,,,,,,,,,,,,,,,,,,,,,,,,,,,,,,,,,,,,,,,,,,,,,,,,,
52101,鸡,,Chicken,Chicken,鸡,,迷你世界中常见的生物。,1,,,,,110007,,52101,,,,1,,,,,,,999,,,,,,,,,,,,,,,,,0,,,,,,,,,,,,16,10,90,60,60,90,60,60,,200,,,,,,,,,,,,,,,,,,,,,,,,,,,,,,,,,,,,,,,,1,,,,,,,,,,,,1,,,,,,,,家园农场动物,,,,,,,,,,,,
52102,飞鸡,,TamedRedchisk,Tamed Redchisk,飞鸡,,家园农场动物2,1,,,,,110059,,3422,,,,1,,,,,,,999,,,,,,,,,,,,,,,,,0,,,,,,,,,,,,16,10,90,60,60,90,60,60,,200,,,,,,,,,,,,,,,,,,,,,,,,,,,,,,,,,,,,,,,,1,,,,,,,,,,,,1,,,,,,,,家园农场动物,,,,,,,,,,,,
52103,牛,,Cow,Cow,牛,,迷你世界中常见的生物。,1,,,,,110153,,52103,,,,1,,,,,,,999,,,,,,,,,,,,,,,,,0,,,,,,,,,,,,16,10,90,60,60,90,60,60,,200,,,,,,,,,,,,,,,,,,,,,,,,,,,,,,,,,,,,,,,,1,,,,,,,,,,,,1,,,,,,,,家园农场动物,,,,,,,,,,,,
52104,羊,,Sheep,Sheep,羊,,迷你世界中常见的生物。,1,,,,,110155,,52104,,,,1,,,,,,,999,,,,,,,,,,,,,,,,,0,,,,,,,,,,,,16,10,90,60,60,90,60,60,,200,,,,,,,,,,,,,,,,,,,,,,,,,,,,,,,,,,,,,,,,1,,,,,,,,,,,,1,,,,,,,,家园农场动物,,,,,,,,,,,,
52105,墩墩,,Dundun,Dundun,墩墩,,迷你世界中常见的生物。,1,,,,,110002,,3402,,,,1,,,,,,,999,,,,,,,,,,,,,,,,,0,,,,,,,,,,,,16,10,90,60,60,90,60,60,,200,,,,,,,,,,,,,,,,,,,,,,,,,,,,,,,,,,,,,,,,1,,,,,,,,,,,,1,,,,,,,,家园农场动物,,,,,,,,,,,,
52106,萌眼咚咚,,Frosti,Frosti,萌眼咚咚,,家园农场动物6,1,,,,,100041,,3111,,,,1,,,,,,,999,,,,,,,,,,,,,,,,,0,,,,,,,,,,,,16,10,90,60,60,90,60,60,,200,,,,,,,,,,,,,,,,,,,,,,,,,,,,,,,,,,,,,,,,1,,,,,,,,,,,,1,,,,,,,,家园农场动物,,,,,,,,,,,,
52107,家园农场动物7,,,,家园农场动物,,家园农场动物7,1,,,,,110024,,,,,,1,,,,,,,999,,,,,,,,,,,,,,,,,0,,,,,,,,,,,,16,10,90,60,60,90,60,60,,200,,,,,,,,,,,,,,,,,,,,,,,,,,,,,,,,,,,,,,,,1,,,,,,,,,,,,1,,,,,,,,家园农场动物,,,,,,,,,,,,
52108,家园农场动物8,,,,家园农场动物,,家园农场动物8,1,,,,,110010,,,,,,1,,,,,,,999,,,,,,,,,,,,,,,,,0,,,,,,,,,,,,16,10,90,60,60,90,60,60,,200,,,,,,,,,,,,,,,,,,,,,,,,,,,,,,,,,,,,,,,,1,,,,,,,,,,,,1,,,,,,,,家园农场动物,,,,,,,,,,,,
52109,家园农场动物9,,,,家园农场动物,,家园农场动物9,1,,,,,110010,1,,,,,1,,,,,,,999,,,,,,,,,,,,,,,,,0,,,,,,,,,,,,16,10,90,60,60,90,60,60,,200,,,,,,,,,,,,,,,,,,,,,,,,,,,,,,,,,,,,,,,,1,,,,,,,,,,,,1,,,,,,,,家园农场动物,,,,,,,,,,,,
52110,家园农场动物10,,,,家园农场动物,,家园农场动物10,1,,,,,110022,,,,,,1,,,,,,,999,,,,,,,,,,,,,,,,,0,,,,,,,,,,,,16,10,90,60,60,90,60,60,,200,,,,,,,,,,,,,,,,,,,,,,,,,,,,,,,,,,,,,,,,1,,,,,,,,,,,,1,,,,,,,,家园农场动物,,,,,,,,,,,,
52111,家园农场动物11,,,,家园农场动物,,家园农场动物11,1,,,,,110015,,,,,,1,,,,,,,999,,,,,,,,,,,,,,,,,0,,,,,,,,,,,,16,10,90,60,60,90,60,60,,200,,,,,,,,,,,,,,,,,,,,,,,,,,,,,,,,,,,,,,,,1,,,,,,,,,,,,1,,,,,,,,家园农场动物,,,,,,,,,,,,
52112,家园农场动物12,,,,家园农场动物,,家园农场动物12,1,,,,,110015,,,,,,1,,,,,,,999,,,,,,,,,,,,,,,,,0,,,,,,,,,,,,16,10,90,60,60,90,60,60,,200,,,,,,,,,,,,,,,,,,,,,,,,,,,,,,,,,,,,,,,,1,,,,,,,,,,,,1,,,,,,,,家园农场动物,,,,,,,,,,,,
52113,家园农场动物13,,,,家园农场动物,,家园农场动物13,1,,,,,110018,,,,,,1,,,,,,,999,,,,,,,,,,,,,,,,,0,,,,,,,,,,,,16,10,90,60,60,90,60,60,,200,,,,,,,,,,,,,,,,,,,,,,,,,,,,,,,,,,,,,,,,1,,,,,,,,,,,,1,,,,,,,,家园农场动物,,,,,,,,,,,,
52114,家园农场动物14,,,,家园农场动物,,家园农场动物14,1,,,,,110024,,,,,,1,,,,,,,999,,,,,,,,,,,,,,,,,0,,,,,,,,,,,,16,10,90,60,60,90,60,60,,200,,,,,,,,,,,,,,,,,,,,,,,,,,,,,,,,,,,,,,,,1,,,,,,,,,,,,1,,,,,,,,家园农场动物,,,,,,,,,,,,
52115,家园农场动物15,,,,家园农场动物,,家园农场动物15,1,,,,,100035,1,,,,,1,,,,,,,999,,,,,,,,,,,,,,,,,0,,,,,,,,,,,,16,10,90,60,60,90,60,60,,200,,,,,,,,,,,,,,,,,,,,,,,,,,,,,,,,,,,,,,,,1,,,,,,,,,,,,1,,,,,,,,家园农场动物,,,,,,,,,,,,
52116,家园农场动物16,,,,家园农场动物,,家园农场动物16,1,,,,,100035,,,,,,1,,,,,,,999,,,,,,,,,,,,,,,,,0,,,,,,,,,,,,16,10,90,60,60,90,60,60,,200,,,,,,,,,,,,,,,,,,,,,,,,,,,,,,,,,,,,,,,,1,,,,,,,,,,,,1,,,,,,,,家园农场动物,,,,,,,,,,,,
52117,家园农场动物17,,,,家园农场动物,,家园农场动物17,1,,,,,110017,,,,,,1,,,,,,,999,,,,,,,,,,,,,,,,,0,,,,,,,,,,,,16,10,90,60,60,90,60,60,,200,,,,,,,,,,,,,,,,,,,,,,,,,,,,,,,,,,,,,,,,1,,,,,,,,,,,,1,,,,,,,,家园农场动物,,,,,,,,,,,,
52118,家园农场动物18,,,,家园农场动物,,家园农场动物18,1,,,,,110017,,,,,,1,,,,,,,999,,,,,,,,,,,,,,,,,0,,,,,,,,,,,,16,10,90,60,60,90,60,60,,200,,,,,,,,,,,,,,,,,,,,,,,,,,,,,,,,,,,,,,,,1,,,,,,,,,,,,1,,,,,,,,家园农场动物,,,,,,,,,,,,
52119,家园农场动物19,,,,家园农场动物,,家园农场动物19,1,,,,,110059,,,,,,1,,,,,,,999,,,,,,,,,,,,,,,,,0,,,,,,,,,,,,16,10,90,60,60,90,60,60,,200,,,,,,,,,,,,,,,,,,,,,,,,,,,,,,,,,,,,,,,,1,,,,,,,,,,,,1,,,,,,,,家园农场动物,,,,,,,,,,,,
52120,家园农场动物20,,,,家园农场动物,,家园农场动物20,1,,,,,110061,,,,,,1,,,,,,,999,,,,,,,,,,,,,,,,,0,,,,,,,,,,,,16,10,90,60,60,90,60,60,,200,,,,,,,,,,,,,,,,,,,,,,,,,,,,,,,,,,,,,,,,1,,,,,,,,,,,,1,,,,,,,,家园农场动物,,,,,,,,,,,,
52121,小鸡,,Chick,Chick,幼年鸡,,迷你世界中常见的生物。,1,,,,,110008,,52121,,,,1,,,,,,,999,,,,,,,,,,,,,,,,,0,,,,,,,,,,,,16,10,90,60,60,90,60,60,,200,,,,,,,,,,,,,,,,,,,,,,,,,,,,,,,,,,,,,,,,1,,,,,,,,,,,,1,,,,,,,,家园农场动物,,,,,,,,,,,,
52122,小飞鸡,,RedchiskChick,Redchisk Chick,幼年飞鸡,,农场幼年动物2,1,,,,,110059,,3422,,,,1,,,,,,,999,,,,,,,,,,,,,,,,,0,,,,,,,,,,,,16,10,90,60,60,90,60,60,,200,,,,,,,,,,,,,,,,,,,,,,,,,,,,,,,,,,,,,,,,1,,,,,,,,,,,,0.4,,,,,,,,家园农场动物,0.4,,,,,,,,,,,
52123,小牛,,Calf,Calf,幼年牛,,迷你世界中常见的生物。,1,,,,,110154,,52123,,,,1,,,,,,,999,,,,,,,,,,,,,,,,,0,,,,,,,,,,,,16,10,90,60,60,90,60,60,,200,,,,,,,,,,,,,,,,,,,,,,,,,,,,,,,,,,,,,,,,1,,,,,,,,,,,,1,,,,,,,,家园农场动物,,,,,,,,,,,,
52124,小羊,,Lamb,Lamb,幼年羊,,迷你世界中常见的生物。,1,,,,,110156,,52124,,,,1,,,,,,,999,,,,,,,,,,,,,,,,,0,,,,,,,,,,,,16,10,90,60,60,90,60,60,,200,,,,,,,,,,,,,,,,,,,,,,,,,,,,,,,,,,,,,,,,1,,,,,,,,,,,,1,,,,,,,,家园农场动物,,,,,,,,,,,,
52125,小墩墩,,Piggy,Piggy,幼年墩墩,,迷你世界中常见的生物。,1,,,,,110001,,3811,,,,1,,,,,,,999,,,,,,,,,,,,,,,,,0,,,,,,,,,,,,16,10,90,60,60,90,60,60,,200,,,,,,,,,,,,,,,,,,,,,,,,,,,,,,,,,,,,,,,,1,,,,,,,,,,,,1,,,,,,,,家园农场动物,,,,,,,,,,,,
52126,小萌眼咚咚,,FrostiJr,Frosti Jr,幼年萌眼咚咚,,农场幼年动物6,1,,,,,100041,,3111,,,,1,,,,,,,999,,,,,,,,,,,,,,,,,0,,,,,,,,,,,,16,10,90,60,60,90,60,60,,200,,,,,,,,,,,,,,,,,,,,,,,,,,,,,,,,,,,,,,,,1,,,,,,,,,,,,0.4,,,,,,,,家园农场动物,0.4,,,,,,,,,,,
52127,农场幼年动物7,,,,家园农场动物,,农场幼年动物7,1,,,,,110011,,3816,,,,1,,,,,,,999,,,,,,,,,,,,,,,,,0,,,,,,,,,,,,16,10,90,60,60,90,60,60,,200,,,,,,,,,,,,,,,,,,,,,,,,,,,,,,,,,,,,,,,,1,,,,,,,,,,,,1,,,,,,,,家园农场动物,,,,,,,,,,,,
52128,农场幼年动物8,,,,家园农场动物,,农场幼年动物8,1,,,,,110038,,3817,,,,1,,,,,,,999,,,,,,,,,,,,,,,,,0,,,,,,,,,,,,16,10,90,60,60,90,60,60,,200,,,,,,,,,,,,,,,,,,,,,,,,,,,,,,,,,,,,,,,,1,,,,,,,,,,,,1,,,,,,,,家园农场动物,,,,,,,,,,,,
52129,农场幼年动物9,,,,家园农场动物,,农场幼年动物9,1,,,,,110037,,3818,,,,1,,,,,,,999,,,,,,,,,,,,,,,,,0,,,,,,,,,,,,16,10,90,60,60,90,60,60,,200,,,,,,,,,,,,,,,,,,,,,,,,,,,,,,,,,,,,,,,,1,,,,,,,,,,,,1,,,,,,,,家园农场动物,,,,,,,,,,,,
52130,农场幼年动物10,,,,家园农场动物,,农场幼年动物10,1,,,,,110022,,3819,,,,1,,,,,,,999,,,,,,,,,,,,,,,,,0,,,,,,,,,,,,16,10,90,60,60,90,60,60,,200,,,,,,,,,,,,,,,,,,,,,,,,,,,,,,,,,,,,,,,,1,,,,,,,,,,,,1,,,,,,,,家园农场动物,,,,,,,,,,,,
52131,农场幼年动物11,,,,家园农场动物,,农场幼年动物11,1,,,,,110039,,3820,,,,1,,,,,,,999,,,,,,,,,,,,,,,,,0,,,,,,,,,,,,16,10,90,60,60,90,60,60,,200,,,,,,,,,,,,,,,,,,,,,,,,,,,,,,,,,,,,,,,,1,,,,,,,,,,,,1,,,,,,,,家园农场动物,,,,,,,,,,,,
52132,农场幼年动物12,,,,家园农场动物,,农场幼年动物12,1,,,,,110009,,3810,,,,1,,,,,,,999,,,,,,,,,,,,,,,,,0,,,,,,,,,,,,16,10,90,60,60,90,60,60,,200,,,,,,,,,,,,,,,,,,,,,,,,,,,,,,,,,,,,,,,,1,,,,,,,,,,,,1,,,,,,,,家园农场动物,,,,,,,,,,,,
52133,农场幼年动物13,,,,家园农场动物,,农场幼年动物13,1,,,,,110001,,3811,,,,1,,,,,,,999,,,,,,,,,,,,,,,,,0,,,,,,,,,,,,16,10,90,60,60,90,60,60,,200,,,,,,,,,,,,,,,,,,,,,,,,,,,,,,,,,,,,,,,,1,,,,,,,,,,,,1,,,,,,,,家园农场动物,,,,,,,,,,,,
52134,农场幼年动物14,,,,家园农场动物,,农场幼年动物14,1,,,,,110032,,3812,,,,1,,,,,,,999,,,,,,,,,,,,,,,,,0,,,,,,,,,,,,16,10,90,60,60,90,60,60,,200,,,,,,,,,,,,,,,,,,,,,,,,,,,,,,,,,,,,,,,,1,,,,,,,,,,,,1,,,,,,,,家园农场动物,,,,,,,,,,,,
52135,农场幼年动物15,,,,家园农场动物,,农场幼年动物15,1,,,,,110004,,3813,,,,1,,,,,,,999,,,,,,,,,,,,,,,,,0,,,,,,,,,,,,16,10,90,60,60,90,60,60,,200,,,,,,,,,,,,,,,,,,,,,,,,,,,,,,,,,,,,,,,,1,,,,,,,,,,,,1,,,,,,,,家园农场动物,,,,,,,,,,,,
52136,农场幼年动物16,,,,家园农场动物,,农场幼年动物16,1,,,,,110030,,3814,,,,1,,,,,,,999,,,,,,,,,,,,,,,,,0,,,,,,,,,,,,16,10,90,60,60,90,60,60,,200,,,,,,,,,,,,,,,,,,,,,,,,,,,,,,,,,,,,,,,,1,,,,,,,,,,,,1,,,,,,,,家园农场动物,,,,,,,,,,,,
52137,农场幼年动物17,,,,家园农场动物,,农场幼年动物17,1,,,,,110014,,3815,,,,1,,,,,,,999,,,,,,,,,,,,,,,,,0,,,,,,,,,,,,16,10,90,60,60,90,60,60,,200,,,,,,,,,,,,,,,,,,,,,,,,,,,,,,,,,,,,,,,,1,,,,,,,,,,,,1,,,,,,,,家园农场动物,,,,,,,,,,,,
52138,农场幼年动物18,,,,家园农场动物,,农场幼年动物18,1,,,,,110011,,3816,,,,1,,,,,,,999,,,,,,,,,,,,,,,,,0,,,,,,,,,,,,16,10,90,60,60,90,60,60,,200,,,,,,,,,,,,,,,,,,,,,,,,,,,,,,,,,,,,,,,,1,,,,,,,,,,,,1,,,,,,,,家园农场动物,,,,,,,,,,,,
52139,农场幼年动物19,,,,家园农场动物,,农场幼年动物19,1,,,,,110038,,3817,,,,1,,,,,,,999,,,,,,,,,,,,,,,,,0,,,,,,,,,,,,16,10,90,60,60,90,60,60,,200,,,,,,,,,,,,,,,,,,,,,,,,,,,,,,,,,,,,,,,,1,,,,,,,,,,,,1,,,,,,,,家园农场动物,,,,,,,,,,,,
52140,农场幼年动物20,,,,家园农场动物,,农场幼年动物20,1,,,,,110037,,3818,,,,1,,,,,,,999,,,,,,,,,,,,,,,,,0,,,,,,,,,,,,16,10,90,60,60,90,60,60,,200,,,,,,,,,,,,,,,,,,,,,,,,,,,,,,,,,,,,,,,,1,,,,,,,,,,,,1,,,,,,,,家园农场动物,,,,,,,,,,,,
390088,[水墨]竹筏,,Woodboat,Woodboat,,,,,,,,,390088,,3807,,,,4,,,5,5,,,10,,,,,,,,,,,,,,,0,1,0,,,,,,,,,,7,1.6,3,,120,90,100,120,100,100,,1000,15,0,0,255,,,,,,0,,,,,,,,,,,,,,,,,,,,,,,,,,,,,,,,,,,,,,,,,,1,,,,,,,,,,,,,,,,,,,,
