任务ID,名称,类型（0=主线、1=支线、2=成就、3=科技树）,描述(加上@goal_index#会显示对应任务目标序号的任务计数，使用@item_道具id#添加可查看详情的道具),任务追踪框描述(加上@goal_index#会显示对应任务目标序号的任务计数，使用@item_道具id#添加道具文本，默认颜色#c7bbe3a),任务目标(道具：I_itemID(若使用组则填“IG_道具ID”)、生物：M_monsterID、生态：B_biometypename、星球：P_planet(0=迷拉星，1=烈焰星，2=萌眼星)、T_tunestoneEnchantType，0代表任意),奖励（成就型任务只读取index=1的奖励）,奖励发放类型(1=自动发放 2=手动领取),任务icon(填写“id”，获取显示对应item的图标，填写“#id”表示使用生物头像，路径：Assetruntime\Assets\Resources\ui\roles),指引图片(读取Assetruntime\Assets\Resources\ui\survivetaskguide目录下的文件名),继承存量已完成任务id,条件记录方式（科技树专用）,能否预完成（0=允许，1=不允许）,是否上报服务器（0=不上报，1=上报）,上报参数1,上报参数2
ID,Name,Type,Desc,TrackDesc,Goal,Rewards,RewardDistributionType,Icon,GuidePicture,OldTaskID,GoalCount,PreFinish,Reportserver,ReportParam1,ReportParam2
100101,战胜虚空！,0,"[
{
""String"" : ""留给迷你宇宙的时间不多了，我们需要抓紧时间收集一切可用资源恢复科技能力!#r"",
""UnlockTaskId"" : 0
},
{
""String"" : ""我们的最终目标就是#r"",
""UnlockTaskId"" : 0
},
{
""String"" : ""战胜#ca18be9虚空幻影#n!#r"",
""UnlockTaskId"" : 0
},
{
""String"" : ""终于有新的进展了#r生命圣物到手！#r"",
""UnlockTaskId"" : 100803
},
{
""String"" : ""勇气圣物到手！#r"",
""UnlockTaskId"" : 101003
},
{
""String"" : ""智慧圣物到手！#r"",
""UnlockTaskId"" : 101204
},
{
""String"" : ""我们已经集齐了所有圣物！#r#r找到“它”了！祭坛就在迷拉星的火山顶上！"",
""UnlockTaskId"" : 101204
}
]","[
""战胜#ca18be9虚空幻影#n!""
]","[
{
""Index"" : 1,
""Type"" : 8,
""GoalID1"" : ""M_3516"",
""GoalNum"" : 1
}
]","[
{
""Index"" : 1,
""RewardType"" : 1,
""RewardID"" : 0,
""RewardNum"" : 1000
}
]",1,#3515,100101,[1001004],0,,0,,
100102,窥探虚空,0,"[
{
""String"" : ""虚空幻影似乎留下了什么东西#r"",
""UnlockTaskId"" : 0
},
{
""String"" : ""获得@item_11333#@goal_1#"",
""UnlockTaskId"" : 0
}
]","[
""获得@item_11333#@goal_1#""
]","[
{
""Index"" : 1,
""Type"" : 3,
""GoalID1"" : ""I_11333"",
""GoalNum"" : 1
}
]","[
{
""Index"" : 1,
""RewardType"" : 0,
""RewardID"" : 200411,
""RewardNum"" : 10
}
]",1,11333,100102,[1001005],0,,0,,
100201,初始资源,0,"[
{
""String"" : ""我们需要采集周边的#c7bbe3a石头#n和#c7bbe3a树木#n获得一些必要资源!#r"",
""UnlockTaskId"" : 0
},
{
""String"" : ""采集#c7bbe3a树木的树干或树枝#n可以得到"",
""UnlockTaskId"" : 0
},
{
""String"" : ""@item_11323#@goal_1#·#r"",
""UnlockTaskId"" : 0
},
{
""String"" : ""采集周围@item_110#可以得到"",
""UnlockTaskId"" : 0
},
{
""String"" : ""@item_11627#@goal_2#"",
""UnlockTaskId"" : 0
}
]","[
""采集周边的#c7bbe3a石头#n和#c7bbe3a树木#n获得"",
""@item_11323#@goal_1#"",
""@item_11627#@goal_2#""
]","[
{
""Index"" : 1,
""Type"" : 3,
""GoalID1"" : ""I_11323"",
""GoalNum"" : 3
},
{
""Index"" : 2,
""Type"" : 3,
""GoalID1"" : ""I_11627"",
""GoalNum"" : 3
}
]","[
{
""Index"" : 1,
""RewardType"" : 0,
""RewardID"" : 11323,
""RewardNum"" : 2
},
{
""Index"" : 2,
""RewardType"" : 0,
""RewardID"" : 11627,
""RewardNum"" : 2
}
]",1,11323,100201,[1002003],0,,0,,
100202,趁手工具,0,"[
{
""String"" : ""基础资源收集了不少，但是采集效率好像不是那么高#r"",
""UnlockTaskId"" : 0
},
{
""String"" : ""我们需要一把趁手的工具才行#r"",
""UnlockTaskId"" : 0
},
{
""String"" : ""打开#c7bbe3a背包#n,#r"",
""UnlockTaskId"" : 0
},
{
""String"" : ""在#c7bbe3a制作#n页面中制作@item_11002#@goal_1#吧!#r"",
""UnlockTaskId"" : 0
},
{
""String"" : ""用对工具可以加快采集速度，有了@item_11002#可以让我们伐木更快"",
""UnlockTaskId"" : 0
}
]","[
""打开#c7bbe3a背包#n制作"",
""@item_11002#@goal_1#""
]","[
{
""Index"" : 1,
""Type"" : 4,
""GoalID1"" : ""I_11002"",
""GoalNum"" : 1
}
]","[
{
""Index"" : 1,
""RewardType"" : 1,
""RewardID"" : 0,
""RewardNum"" : 20
}
]",1,11002,100202,[1002004],0,,0,,
100203,伐木工,0,"[
{
""String"" : ""我们还需要更多的木料来制作所需物品#r"",
""UnlockTaskId"" : 0,
},
{
""String"" : ""快用刚做的@item_11002#再砍点树干吧#r"",
""UnlockTaskId"" : 0,
},
{
""String"" : ""获得@item_11323#@goal_1#"",
""UnlockTaskId"" : 0,
}
]","[
""获得@item_11323#@goal_1#""
]","[
{
""Index"" : 1,
""Type"" : 3,
""GoalID1"" : ""I_11323"",
""GoalNum"" : 6
}
]","[
{
""Index"" : 1,
""RewardType"" : 0,
""RewardID"" : 11627,
""RewardNum"" : 2
}
]",1,200,100203,[1002005],0,1,0,,
100204,工匠,0,"[
{
""String"" : ""大部分的物品是没办法通过#c7bbe3a背包#n直接制作的#r"",
""UnlockTaskId"" : 0,
},
{
""String"" : ""打开背包，用刚刚收集的@item_11323#和@item_11627#"",
""UnlockTaskId"" : 0,
},
{
""String"" : ""制作@item_797#@goal_1#吧#r"",
""UnlockTaskId"" : 0,
},
{
""String"" : ""@item_797#非常重要，今后的绝大部分物品都需要通过它来制作#r"",
""UnlockTaskId"" : 0,
},
{
""String"" : ""制作完，把它置放到地上就可以使用了！"",
""UnlockTaskId"" : 0,
}
]","[
""打开#c7bbe3a背包#n"",
""制作获得@item_797#@goal_1#""
]","[
{
""Index"" : 1,
""Type"" : 3,
""GoalID1"" : ""I_797"",
""GoalNum"" : 1
}
]","[
{
""Index"" : 1,
""RewardType"" : 0,
""RewardID"" : 11323,
""RewardNum"" : 2
},
{
""Index"" : 2,
""RewardType"" : 0,
""RewardID"" : 11627,
""RewardNum"" : 2
}
]",1,797,100204,[1002012],0,,0,,
100205,武装自己,0,"[
{
""String"" : ""把@item_797#放到地上接着点开它，里面是你当前科技水平可以制作的所有物品#r"",
""UnlockTaskId"" : 0,
},
{
""String"" : ""身上应该还有很多@item_11323#和@item_11627#·#r"",
""UnlockTaskId"" : 0,
},
{
""String"" : ""在@item_797#里制作@item_12012#@goal_1#吧！#r"",
""UnlockTaskId"" : 0,
},
{
""String"" : ""别看现在一片祥和，野外其实处处充满危险#r"",
""UnlockTaskId"" : 0,
},
{
""String"" : ""你需要#c7bbe3a武器#n来保护自己！"",
""UnlockTaskId"" : 0,
}
]","[
""点击@item_797#"",
""在#c7bbe3a制作页面#n中"",
""制作获得@item_12012#@goal_1#""
]","[
{
""Index"" : 1,
""Type"" : 3,
""GoalID1"" : ""I_12012"",
""GoalNum"" : 1
}
]","[
{
""Index"" : 1,
""RewardType"" : 1,
""RewardID"" : 0,
""RewardNum"" : 20
}
]",1,12012,100205,[1002008],0,,0,,
100206,动手！,0,"[
{
""String"" : ""除了武器，你还需要装备来增强自己的防御力。#r"",
""UnlockTaskId"" : 0,
},
{
""String"" : ""但是制作装备需要用到不少的@item_11307#·#r"",
""UnlockTaskId"" : 0,
},
{
""String"" : ""拿起刚做的@item_12012#从动物身上获取吧！#r"",
""UnlockTaskId"" : 0,
},
{
""String"" : ""战胜#c7bbe3a任意能产皮革的动物#n，#r比如#c7bbe3a沃沃兽、墩墩、角鹿、狐狸#n·#r"",
""UnlockTaskId"" : 0,
},
{
""String"" : ""获得@item_11307#@goal_1#"",
""UnlockTaskId"" : 0,
}
]","[
""战胜#c7bbe3a沃沃兽、狐狸等动物#n"",
""获得@item_11307#@goal_1#""
]","[
{
""Index"" : 1,
""Type"" : 3,
""GoalID1"" : ""I_11307"",
""GoalNum"" : 3
}
]","[
{
""Index"" : 1,
""RewardType"" : 0,
""RewardID"" : 11307,
""RewardNum"" : 3
}
]",1,11307,100206,[1002009],0,,0,,
100207,人靠衣装,0,"[
{
""String"" : ""有了皮革，终于可以做一套衣服了#r"",
""UnlockTaskId"" : 0,
},
{
""String"" : ""使用@item_11307#制作任意#c7bbe3a皮制装备#n@goal_1#吧#r"",
""UnlockTaskId"" : 0,
},
{
""String"" : ""皮制装备分为#r"",
""UnlockTaskId"" : 0,
},
{
""String"" : ""@item_12201#、@item_12202#、@item_12203#"",
""UnlockTaskId"" : 0,
},
{
""String"" : ""@item_12204#、@item_12205# ·#r"",
""UnlockTaskId"" : 0,
},
{
""String"" : ""共5个部位，可分别制作"",
""UnlockTaskId"" : 0,
}
]","[
""制作任意#c7bbe3a皮制装备#n@goal_1#"",
""比如@item_12201#""
]","[
{
""Index"" : 1,
""Type"" : 3,
""GoalID1"" : ""I_12201,I_12202,I_12203,I_12204,I_12205"",
""GoalNum"" : 1
}
]","[
{
""Index"" : 1,
""RewardType"" : 0,
""RewardID"" : 11323,
""RewardNum"" : 3
},
{
""Index"" : 2,
""RewardType"" : 0,
""RewardID"" : 11226,
""RewardNum"" : 3
}
]",1,12201,100207,[1002009],0,,0,,
100208,简单照明,0,"[
{
""String"" : ""在夜晚来临之前，最好先把周围照亮#r"",
""UnlockTaskId"" : 0,
},
{
""String"" : ""在黑暗中行动是极其危险的！#r"",
""UnlockTaskId"" : 0,
},
{
""String"" : ""@item_298#是我们生存初期非常重要的光照来源#r"",
""UnlockTaskId"" : 0,
},
{
""String"" : ""需要制作@item_298#@goal_1#"",
""UnlockTaskId"" : 0,
}
]","[
""制作获得"",
""@item_298#@goal_1#""
]","[
{
""Index"" : 1,
""Type"" : 3,
""GoalID1"" : ""I_298"",
""GoalNum"" : 8
}
]","[
{
""Index"" : 1,
""RewardType"" : 0,
""RewardID"" : 11226,
""RewardNum"" : 5
}
]",1,298,100208,[1002010],0,,0,,
100209,彻夜陪伴,0,"[
{
""String"" : ""@item_298#的燃烧时间并没有那么理想#r"",
""UnlockTaskId"" : 0,
},
{
""String"" : ""可以拿@item_298#去点燃@item_1200#@goal_1#·#r"",
""UnlockTaskId"" : 0,
},
{
""String"" : ""#r@item_1200#不但可以烧得更久，还能用来烹饪一些简单食物#r"",
""UnlockTaskId"" : 0,
},
{
""String"" : ""还记得我们刚来的地方附近有个小房子么，里面就有一个现成的@item_1200#"",
""UnlockTaskId"" : 0,
}
]","[
""用@item_298#"",
""点燃@item_1200#@goal_1#""
]","[
{
""Index"" : 1,
""Type"" : 17,
""GoalID1"" : ""I_298"",
""GoalID2"" : ""I_1200"",
""GoalNum"" : 1
}
]","[
{
""Index"" : 1,
""RewardType"" : 0,
""RewardID"" : 298,
""RewardNum"" : 3
}
]",1,1200,100209,[1002010],0,,0,,
100210,求生必备,0,"[
{
""String"" : ""夜晚会唤醒#ca18be9邪恶的力量#n。#r"",
""UnlockTaskId"" : 0,
},
{
""String"" : ""以我们当前的物资量很难在黑夜中向外探索#r"",
""UnlockTaskId"" : 0,
},
{
""String"" : ""先在@item_797#制作@item_828#@goal_1#吧#r"",
""UnlockTaskId"" : 0,
},
{
""String"" : ""铺好睡袋，准备睡觉"",
""UnlockTaskId"" : 0,
}
]","[
""在@item_797#中制作获得"",
""@item_828#@goal_1#""
]","[
{
""Index"" : 1,
""Type"" : 3,
""GoalID1"" : ""I_828"",
""GoalNum"" : 1
}
]","[
{
""Index"" : 1,
""RewardType"" : 0,
""RewardID"" : 11307,
""RewardNum"" : 3
}
]",1,828,100210,[1002014],0,,0,,
100211,安详入睡,0,"[
{
""String"" : ""#c7bbe3a睡一觉吧#n，跳过夜晚可以省很多事#r"",
""UnlockTaskId"" : 0,
},
{
""String"" : ""点击@item_828#钻入被窝睡一觉#r"",
""UnlockTaskId"" : 0,
},
{
""String"" : ""#c7bbe3a切记！周围有怪物的话，是睡不着的！#n"",
""UnlockTaskId"" : 0,
}
]","[
""钻入@item_828#睡一觉吧""
]","[
{
""Index"" : 1,
""Type"" : 17,
""GoalID1"" : 0,
""GoalID2"" : ""I_828,I_582,I_883,I_884,I_885"",
""GoalNum"" : 1
}
]","[
{
""Index"" : 1,
""RewardType"" : 1,
""RewardID"" : 0,
""RewardNum"" : 50
}
]",1,828,100211,[1002014],0,,0,,
100301,初识烹饪,0,"[
{
""String"" : ""睡一觉完饿了吗？是时候补充#c7bbe3a体力#n了#r"",
""UnlockTaskId"" : 0,
},
{
""String"" : ""肉是一个不错的体力来源#r"",
""UnlockTaskId"" : 0,
},
{
""String"" : ""将任意@item_12513#放在@item_1200#上烤制一段时间，就可以获得@item_12514#·#r"",
""UnlockTaskId"" : 0,
},
{
""String"" : ""尝试烤@item_12513#@goal_1#"",
""UnlockTaskId"" : 0,
},
{
""String"" : ""烤完记得吃@item_12514#@goal_2#"",
""UnlockTaskId"" : 0,
}
]","[
""使用@item_1200#烤制获得任意@item_12514#@goal_1#"",
""再食用@item_12514#@goal_2#""
]","[
{
""Index"" : 1,
""Type"" : 20,
""GoalID1"" : ""I_12517,I_12519,I_12523,I_12531,I_12533,I_12536,I_12608,I_12521,I_12705,I_12706,I_12742,I_12747,I_14013,I_14015"",
""GoalNum"" : 1
},
{
""Index"" : 2,
""Type"" : 7,
""GoalID1"" : ""I_12517,I_12519,I_12523,I_12531,I_12533,I_12536,I_12608,I_12521,I_12705,I_12706,I_12742,I_12747,I_14013,I_14015"",
""GoalNum"" : 1
}
]","[
{
""Index"" : 1,
""RewardType"" : 0,
""RewardID"" : 12523,
""RewardNum"" : 5
}
]",1,12523,100301,[1003002],0,,0,,
100302,下矿准备,0,"[
{
""String"" : ""想要进一步发展，#c7bbe3a矿物#n是必须的#r"",
""UnlockTaskId"" : 0,
},
{
""String"" : ""在下矿之前，除了#c7bbe3a食物#n和#c7bbe3a光源#n，还需准备一些必要物资#r"",
""UnlockTaskId"" : 0,
},
{
""String"" : ""打开#c7bbe3a背包#n或是使用@item_797#·#r"",
""UnlockTaskId"" : 0,
},
{
""String"" : ""制作@item_11012#@goal_1#和@item_11022#@goal_2#·#r"",
""UnlockTaskId"" : 0,
},
{
""String"" : ""@item_11012#可以加快矿石的挖掘速度#r"",
""UnlockTaskId"" : 0,
},
{
""String"" : ""@item_11022#可以让你挖土更快"",
""UnlockTaskId"" : 0,
}
]","[
""制作获得以下工具"",
""@item_11012#@goal_1#"",
""@item_11022#@goal_2#""
]","[
{
""Index"" : 1,
""Type"" : 3,
""GoalID1"" : ""I_11012"",
""GoalNum"" : 1
},
{
""Index"" : 2,
""Type"" : 3,
""GoalID1"" : ""I_11022"",
""GoalNum"" : 1
}
]","[
{
""Index"" : 1,
""RewardType"" : 0,
""RewardID"" : 11323,
""RewardNum"" : 5
},
{
""Index"" : 2,
""RewardType"" : 0,
""RewardID"" : 11627,
""RewardNum"" : 5
}
]",1,11012,100302,[1003003],0,,0,,
100303,新手矿工,0,"[
{
""String"" : ""万事俱备，该向下深入啦！#r"",
""UnlockTaskId"" : 0,
},
{
""String"" : ""初次下矿需要采集这些矿物#r"",
""UnlockTaskId"" : 0,
},
{
""String"" : ""@item_402#@goal_1#"",
""UnlockTaskId"" : 0,
},
{
""String"" : ""@item_451#@goal_2#"",
""UnlockTaskId"" : 0,
},
{
""String"" : ""@item_104#@goal_3#·#r"",
""UnlockTaskId"" : 0,
},
{
""String"" : ""这些都是科技发展必不可少的矿物，今后将大量使用#r"",
""UnlockTaskId"" : 0,
},
{
""String"" : ""#c7bbe3a需要注意一下#n，@item_402#和@item_451#在接近地表的岩层分布较多，越往深处挖掘数量会逐渐减少，所以尽量在地下浅层寻找"",
""UnlockTaskId"" : 0,
}
]","[
""在#c7bbe3a地下浅层#n矿藏中采集以下矿物"",
""@item_402#@goal_1#"",
""@item_451#@goal_2#"",
""@item_104#@goal_3#""
]","[
{
""Index"" : 1,
""Type"" : 2,
""GoalID1"" : ""I_402"",
""GoalNum"" : 3
},
{
""Index"" : 2,
""Type"" : 2,
""GoalID1"" : ""I_451"",
""GoalNum"" : 3
},
{
""Index"" : 3,
""Type"" : 2,
""GoalID1"" : ""I_104"",
""GoalNum"" : 10
}
]","[
{
""Index"" : 1,
""RewardType"" : 0,
""RewardID"" : 11201,
""RewardNum"" : 5
},
{
""Index"" : 2,
""RewardType"" : 0,
""RewardID"" : 11226,
""RewardNum"" : 5
},
{
""Index"" : 3,
""RewardType"" : 0,
""RewardID"" : 101,
""RewardNum"" : 10
}
]",1,402,100303,[1003005],0,,0,,
100304,光源升级,0,"[
{
""String"" : ""#c7bbe3a小火炬#n的弊端想必已经凸显出来了#r"",
""UnlockTaskId"" : 0,
},
{
""String"" : ""想要在矿洞里更安全地采集，我们需要更加稳定的光源#r"",
""UnlockTaskId"" : 0,
},
{
""String"" : ""使用@item_11201#制作@item_150018#@goal_1#吧"",
""UnlockTaskId"" : 0,
}
]","[
""制作获得"",
""@item_150018#@goal_1#""
]","[
{
""Index"" : 1,
""Type"" : 3,
""GoalID1"" : ""I_150018"",
""GoalNum"" : 4
}
]","[
{
""Index"" : 1,
""RewardType"" : 0,
""RewardID"" : 11226,
""RewardNum"" : 3
}
]",1,150018,100304,[1003006],0,,0,,
100305,冶炼台制作者,0,"[
{
""String"" : ""#c7bbe3a矿物原块#n是没法直接使用的，需要#c7bbe3a冶炼#n成对应的金属棒才能正常应用#r"",
""UnlockTaskId"" : 0,
},
{
""String"" : ""先去@item_797#制作@item_802#@goal_1#吧#r"",
""UnlockTaskId"" : 0,
},
{
""String"" : ""在#c7bbe3a生产#n页签下的#c7bbe3a冶炼台#n分类中就能找到@item_802#了"",
""UnlockTaskId"" : 0,
}
]","[
""制作获得"",
""@item_802#@goal_1#""
]","[
{
""Index"" : 1,
""Type"" : 3,
""GoalID1"" : ""I_802"",
""GoalNum"" : 1
}
]","[
{
""Index"" : 1,
""RewardType"" : 0,
""RewardID"" : 451,
""RewardNum"" : 3
}
]",1,802,100305,[1003006],0,,0,,
100306,金属冶炼：黄铜,0,"[
{
""String"" : ""冶炼金属的准备工作都已完成#r"",
""UnlockTaskId"" : 0,
},
{
""String"" : ""把@item_802#方块放到地上，点击打开#r"",
""UnlockTaskId"" : 0,
},
{
""String"" : ""将#c7bbe3a燃料#n和想要冶炼的#c7bbe3a矿物原块#n放进去就可以开始冶炼了#r"",
""UnlockTaskId"" : 0,
},
{
""String"" : ""先尝试用@item_11201#冶炼@item_451#@goal_1#吧"",
""UnlockTaskId"" : 0,
}
]","[
""在@item_802#中冶炼"",
""@item_451#@goal_1#""
]","[
{
""Index"" : 1,
""Type"" : 5,
""GoalID1"" : ""I_11329"",
""GoalNum"" : 3
}
]","[
{
""Index"" : 1,
""RewardType"" : 1,
""RewardID"" : 0,
""RewardNum"" : 50
}
]",1,11329,100306,[1003007],0,,0,,
100307,工具升级,0,"[
{
""String"" : ""现在我们已经有纯度较高的#c7bbe3a黄铜#n了#r"",
""UnlockTaskId"" : 0,
},
{
""String"" : ""先升级一下镐吧!#r"",
""UnlockTaskId"" : 0,
},
{
""String"" : ""用@item_11329#和@item_11323#制作@item_11011#@goal_1#·#r"",
""UnlockTaskId"" : 0,
},
{
""String"" : ""#r有了@item_11011#，挖矿速度可不能同日而语了！"",
""UnlockTaskId"" : 0,
}
]
","[
""制作获得"",
""@item_11011#@goal_1#""
]","[
{
""Index"" : 1,
""Type"" : 3,
""GoalID1"" : ""I_11011"",
""GoalNum"" : 1
}
]","[
{
""Index"" : 1,
""RewardType"" : 0,
""RewardID"" : 11329,
""RewardNum"" : 2
}
]",1,11011,100307,[1003008],0,,0,,
100308,在此，重新开始,0,"[
{
""String"" : ""现在我们只是发展到黄铜阶段，当我们发现新的矿物后就可以进一步提升#r"",
""UnlockTaskId"" : 0,
},
{
""String"" : ""接下来是向外探索的最后一步准备工作#r"",
""UnlockTaskId"" : 0,
},
{
""String"" : ""当我们因为#c7bbe3a血量#n不足而被击败时，会被传送回#c7bbe3a重生点#n#r"",
""UnlockTaskId"" : 0,
},
{
""String"" : ""想要改变重生点的坐标，就必须向#c7bbe3a星星#n祈祷#r"",
""UnlockTaskId"" : 0,
},
{
""String"" : ""@item_596#是祈祷的媒介，献上星星，向“它”祈祷吧#r"",
""UnlockTaskId"" : 0,
},
{
""String"" : ""用@item_104#制作并放置@item_596#@goal_1#"",
""UnlockTaskId"" : 0,
},
{
""String"" : ""#r点击@item_596#献上星星@goal_2#进行祈祷"",
""UnlockTaskId"" : 0,
}
]","[
""制作并放置"",
""@item_596#@goal_1#"",
""随后点击#c7bbe3a石像#n"",
""献上星星@goal_2#""
]","[
{
""Index"" : 1,
""Type"" : 3,
""GoalID1"" : ""I_596"",
""GoalNum"" : 1
},
{
""Index"" : 2,
""Type"" : 13,
""GoalID1"" : ""I_596"",
""GoalNum"" : 1
}
]","[
{
""Index"" : 1,
""RewardType"" : 1,
""RewardID"" : 0,
""RewardNum"" : 50
}
]",1,596,100308,[1004016],0,,0,,
100401,中级矿工,0,"[
{
""String"" : ""#c7bbe3a黄铜#n的强度毕竟有限，我们需要获得更坚固的材料#r"",
""UnlockTaskId"" : 0,
},
{
""String"" : ""这次需要更加深入地下，做好准备就出发吧！#r"",
""UnlockTaskId"" : 0,
},
{
""String"" : ""这次下矿需要采集这些矿物#r"",
""UnlockTaskId"" : 0,
},
{
""String"" : ""@item_401#@goal_1#·#r"",
""UnlockTaskId"" : 0,
},
{
""String"" : ""#c7bbe3a需要注意一下，铁矿处于比铜矿更深一些的位置，但也不能太深#n"",
""UnlockTaskId"" : 0,
}
]","[
""在#c7bbe3a地下中上层#n矿藏中采集以下矿物"",
""@item_401#@goal_1#""
]","[
{
""Index"" : 1,
""Type"" : 2,
""GoalID1"" : ""I_401"",
""GoalNum"" : 3
}
]","[
{
""Index"" : 1,
""RewardType"" : 0,
""RewardID"" : 401,
""RewardNum"" : 3
}
]",1,401,100401,[1005008],0,,0,,
100402,金属冶炼：铁,0,"[
{
""String"" : ""把采集到的@item_401#放入#c7bbe3a冶炼台#n吧#r"",
""UnlockTaskId"" : 0,
},
{
""String"" : ""冶炼获得@item_11209#@goal_1#"",
""UnlockTaskId"" : 0,
}
]","[
""在@item_802#中冶炼"",
""@item_401#@goal_1#""
]
","[
{
""Index"" : 1,
""Type"" : 5,
""GoalID1"" : ""I_11209"",
""GoalNum"" : 3
}
]","[
{
""Index"" : 1,
""RewardType"" : 1,
""RewardID"" : 0,
""RewardNum"" : 50
}
]",1,11209,100402,[1005009],0,,0,,
100403,铁制工具,0,"[
{
""String"" : ""用@item_11209#升级一下如下工具吧！#r"",
""UnlockTaskId"" : 0,
},
{
""String"" : ""@item_11013#@goal_1#"",
""UnlockTaskId"" : 0,
},
{
""String"" : ""@item_12003#@goal_2#"",
""UnlockTaskId"" : 0,
}
]","[
""制作获得"",
""@item_11013#@goal_1#"",
""@item_12003#@goal_2#""
]","[
{
""Index"" : 1,
""Type"" : 3,
""GoalID1"" : ""I_11013"",
""GoalNum"" : 1
},
{
""Index"" : 2,
""Type"" : 3,
""GoalID1"" : ""I_12003"",
""GoalNum"" : 1
}
]","[
{
""Index"" : 1,
""RewardType"" : 0,
""RewardID"" : 11209,
""RewardNum"" : 3
},
{
""Index"" : 2,
""RewardType"" : 1,
""RewardID"" : 0,
""RewardNum"" : 50
}
]",1,11013,100403,[1005010],0,,0,,
100404,铁制装备,0,"[
{
""String"" : ""也趁机升级一下装备吧，老的装备强度有点不够看了#r"",
""UnlockTaskId"" : 0,
},
{
""String"" : ""制作并穿戴任意#c7bbe3a铁制装备#n@goal_1#吧#r"",
""UnlockTaskId"" : 0,
},
{
""String"" : ""@item_12221#、@item_12222#"",
""UnlockTaskId"" : 0,
},
{
""String"" : ""@item_12223#、@item_12224#·#r"",
""UnlockTaskId"" : 0,
},
{
""String"" : ""都可以"",
""UnlockTaskId"" : 0,
}
]","[
""制作并穿戴"",
""任意#c7bbe3a铁制装备#n@goal_1#""
]","[
{
""Index"" : 1,
""Type"" : 34,
""GoalID1"" : ""I_12221,I_12222,I_12223,I_12224"",
""GoalNum"" : 1
}
]","[
{
""Index"" : 1,
""RewardType"" : 0,
""RewardID"" : 11209,
""RewardNum"" : 3
}
]",1,12221,100404,[],0,,0,,
100405,机械技术入门,0,"[
{
""String"" : ""铁除了可以用来制作更强力的武器和装备#r"",
""UnlockTaskId"" : 0,
},
{
""String"" : ""还可以用来制作一些更先进的功能方块#r"",
""UnlockTaskId"" : 0,
},
{
""String"" : ""是时候尝试一下#c7bbe3a机械技术#n了#r"",
""UnlockTaskId"" : 0,
},
{
""String"" : ""制作@item_150730#@goal_1#·#r"",
""UnlockTaskId"" : 0,
},
{
""String"" : ""这是我们用到的第一个#c7bbe3a机械动力源#n·#r"",
""UnlockTaskId"" : 0,
},
{
""String"" : ""深入接触这一系统，会发现很多新奇的东西"",
""UnlockTaskId"" : 0,
}
]","[
""制作获得"",
""@item_150730#@goal_1#""
]","[
{
""Index"" : 1,
""Type"" : 3,
""GoalID1"" : ""I_150730"",
""GoalNum"" : 1
}
]","[
{
""Index"" : 1,
""RewardType"" : 1,
""RewardID"" : 0,
""RewardNum"" : 50
}
]",1,150730,100405,[],0,,0,,
100501,高级矿工,0,"[
{
""String"" : ""我们需要获得更坚固的材料#r"",
""UnlockTaskId"" : 0,
},
{
""String"" : ""这次需要更加深入地下，做好准备就出发吧！#r"",
""UnlockTaskId"" : 0,
},
{
""String"" : ""这次下矿需要采集这些矿物#r"",
""UnlockTaskId"" : 0,
},
{
""String"" : ""@item_175#@goal_1#·#r"",
""UnlockTaskId"" : 0,
},
{
""String"" : ""#c7bbe3a注意一下，铝矿处于较深的位置，但离基岩层还是有一定距离#n"",
""UnlockTaskId"" : 0,
}
]","[
""在#c7bbe3a地下中下层#n矿藏中采集以下矿物"",
""@item_175#@goal_1#""
]","[
{
""Index"" : 1,
""Type"" : 2,
""GoalID1"" : ""I_175"",
""GoalNum"" : 3
}
]","[
{
""Index"" : 1,
""RewardType"" : 0,
""RewardID"" : 175,
""RewardNum"" : 3
}
]",1,175,100501,[],0,,0,,
100502,金属冶炼：铝,0,"[
{
""String"" : ""把采集到的@item_175#放入#c7bbe3a冶炼台#n吧#r"",
""UnlockTaskId"" : 0,
},
{
""String"" : ""冶炼获得@item_12758#@goal_1#"",
""UnlockTaskId"" : 0,
}
]","[
""在#c7bbe3a冶炼台#n中冶炼"",
""@item_175#@goal_1#""
]","[
{
""Index"" : 1,
""Type"" : 5,
""GoalID1"" : ""I_12758"",
""GoalNum"" : 3
}
]","[
{
""Index"" : 1,
""RewardType"" : 1,
""RewardID"" : 0,
""RewardNum"" : 50
}
]",1,12758,100502,[],0,,0,,
100503,铝制工具,0,"[
{
""String"" : ""用@item_12758#升级一下如下工具吧！#r"",
""UnlockTaskId"" : 0,
},
{
""String"" : ""@item_12761#@goal_1#"",
""UnlockTaskId"" : 0,
},
{
""String"" : ""@item_11017#@goal_2#"",
""UnlockTaskId"" : 0,
}
]","[
""制作获得"",
""@item_12761#@goal_1#"",
""@item_11017#@goal_2#""
]","[
{
""Index"" : 1,
""Type"" : 3,
""GoalID1"" : ""I_12761"",
""GoalNum"" : 1
},
{
""Index"" : 2,
""Type"" : 3,
""GoalID1"" : ""I_11017"",
""GoalNum"" : 1
}
]","[
{
""Index"" : 1,
""RewardType"" : 1,
""RewardID"" : 0,
""RewardNum"" : 50
}
]",1,12761,100503,[],0,,0,,
100504,铝制装备,0,"[
{
""String"" : ""再升级一下装备吧，老的装备强度有点不够看了#r"",
""UnlockTaskId"" : 0,
},
{
""String"" : ""制作并穿戴任意#c7bbe3a铝制装备#n@goal_1#吧#r"",
""UnlockTaskId"" : 0,
},
{
""String"" : ""@item_12764#、@item_12765#"",
""UnlockTaskId"" : 0,
},
{
""String"" : ""@item_12766#、@item_12767#·#r"",
""UnlockTaskId"" : 0,
},
{
""String"" : ""都可以"",
""UnlockTaskId"" : 0,
}
]","[
""制作并穿戴"",
""任意#c7bbe3a铝制装备#n@goal_1#""
]","[
{
""Index"" : 1,
""Type"" : 34,
""GoalID1"" : ""I_12764,I_12765,I_12766,I_12767,I_12209"",
""GoalNum"" : 1
}
]","[
{
""Index"" : 1,
""RewardType"" : 1,
""RewardID"" : 0,
""RewardNum"" : 50
}
]",1,12764,100504,[],0,,0,,
100601,特级矿工,0,"[
{
""String"" : ""我们需要获得更坚固的材料#r"",
""UnlockTaskId"" : 0,
},
{
""String"" : ""这次需要更加深入地下，做好准备就出发吧！#r"",
""UnlockTaskId"" : 0,
},
{
""String"" : ""这次下矿需要采集这些矿物#r"",
""UnlockTaskId"" : 0,
},
{
""String"" : ""@item_452#@goal_1#·#r"",
""UnlockTaskId"" : 0,
},
{
""String"" : ""#c7bbe3a钛矿位于迷拉星最深处，几乎快到基岩层了#n"",
""UnlockTaskId"" : 0,
}
]
","[
""在#c7bbe3a地下深层#n矿藏中采集以下矿物"",
""@item_452#@goal_1#""
]","[
{
""Index"" : 1,
""Type"" : 2,
""GoalID1"" : ""I_452"",
""GoalNum"" : 3
}
]","[
{
""Index"" : 1,
""RewardType"" : 0,
""RewardID"" : 452,
""RewardNum"" : 3
}
]",1,452,100601,[],0,,0,,
100602,金属冶炼：钛,0,"[
{
""String"" : ""把采集到的@item_452#放入#c7bbe3a冶炼台#n吧#r"",
""UnlockTaskId"" : 0,
},
{
""String"" : ""冶炼@item_452#获得@item_11330#@goal_1#"",
""UnlockTaskId"" : 0,
}
]
","[
""在#c7bbe3a冶炼台#n中冶炼"",
""@item_452#@goal_1#""
]","[
{
""Index"" : 1,
""Type"" : 5,
""GoalID1"" : ""I_11330"",
""GoalNum"" : 3
}
]","[
{
""Index"" : 1,
""RewardType"" : 1,
""RewardID"" : 0,
""RewardNum"" : 100
}
]",1,11330,100602,[],0,,0,,
100603,钛制工具,0,"[
{
""String"" : ""用@item_11330#升级一下如下工具吧！#r"",
""UnlockTaskId"" : 0,
},
{
""String"" : ""@item_11014#@goal_1#"",
""UnlockTaskId"" : 0,
},
{
""String"" : ""无需多言，多余的@item_11330#依然可以用来升级武器和装备，让自己变得更强吧！"",
""UnlockTaskId"" : 0,
}
]
","[
""制作获得"",
""@item_11014#@goal_1#""
]","[
{
""Index"" : 1,
""Type"" : 3,
""GoalID1"" : ""I_11014"",
""GoalNum"" : 1
}
]","[
{
""Index"" : 1,
""RewardType"" : 1,
""RewardID"" : 0,
""RewardNum"" : 50
}
]",1,11014,100603,[],0,,0,,
100604,星能技术入门,0,"[
{
""String"" : ""我们又可以接触更先进的功能方块了#r"",
""UnlockTaskId"" : 0,
},
{
""String"" : ""是时候尝试一下#c7bbe3a星能技术#n吧#r"",
""UnlockTaskId"" : 0,
},
{
""String"" : ""制作@item_352#@goal_1#·#r"",
""UnlockTaskId"" : 0,
},
{
""String"" : ""这是我们用到的第一个也是最重要的#c7bbe3a星能能源#n·#r"",
""UnlockTaskId"" : 0,
},
{
""String"" : ""深入接触这一系统，会发现很多新奇的东西"",
""UnlockTaskId"" : 0,
}
]","[
""制作获得"",
""@item_352#@goal_1#""
]","[
{
""Index"" : 1,
""Type"" : 3,
""GoalID1"" : ""I_352"",
""GoalNum"" : 1
}
]","[
{
""Index"" : 1,
""RewardType"" : 1,
""RewardID"" : 0,
""RewardNum"" : 100
}
]",1,352,100604,[],0,,0,,
100701,踏入雨林,0,"[
{
""String"" : ""迷拉星上遗落着#c7bbe3a生命圣物#n!#r"",
""UnlockTaskId"" : 0,
},
{
""String"" : ""我们需要前往#c7bbe3a雨林生态#n才能找到它#r"",
""UnlockTaskId"" : 0,
},
{
""String"" : ""迷拉星的雨林树木高大且非常密集，处处充满危险#r"",
""UnlockTaskId"" : 0,
},
{
""String"" : ""在雨林的#c7bbe3a雷暴天#n最好减少外出，被雷劈中可不是闹着玩的！"",
""UnlockTaskId"" : 0,
}
]
","[
""前往#c7bbe3a雨林生态#n""
]","[
{
""Index"" : 1,
""Type"" : 14,
""GoalID1"" : ""B_RAINFOREST"",
""GoalNum"" : 1
}
]","[
{
""Index"" : 1,
""RewardType"" : 1,
""RewardID"" : 0,
""RewardNum"" : 50
}
]",1,395,100701,[1007001],0,,0,,
100702,雨林之芯,0,"[
{
""String"" : ""在雨林的乔木树干中寻找@item_396#。#r"",
""UnlockTaskId"" : 0,
},
{
""String"" : ""采集@item_396#"",
""UnlockTaskId"" : 0,
},
{
""String"" : ""获得@item_11601#@goal_1#·#r"",
""UnlockTaskId"" : 0,
},
{
""String"" : ""雨林乔木的树干上偶尔会析出一些#c7bbe3a蓝色晶体#n，#r需要静下心来仔细找找"",
""UnlockTaskId"" : 0,
}
]","[
""采集@item_396#"",
""获得@item_11601#@goal_1#""
]","[
{
""Index"" : 1,
""Type"" : 3,
""GoalID1"" : ""I_11601"",
""GoalNum"" : 3
}
]","[
{
""Index"" : 1,
""RewardType"" : 0,
""RewardID"" : 11596,
""RewardNum"" : 2
}
]",1,11601,100702,[1007002],0,,0,,
100703,古老之钥,0,"[
{
""String"" : ""结合@item_11601#和@item_11330#，#r"",
""UnlockTaskId"" : 0,
},
{
""String"" : ""制作@item_11597#@goal_1#·#r"",
""UnlockTaskId"" : 0,
},
{
""String"" : ""@item_11597#上雕刻着古老迷拉星人的语言，#r记录着“#c7bbe3a雨林神庙#n”开启的方法"",
""UnlockTaskId"" : 0,
}
]","[
""制作获得"",
""@item_11597#@goal_1#""
]","[
{
""Index"" : 1,
""Type"" : 3,
""GoalID1"" : ""I_11597"",
""GoalNum"" : 1
}
]","[
{
""Index"" : 1,
""RewardType"" : 0,
""RewardID"" : 11593,
""RewardNum"" : 2
}
]",1,11597,100703,[1007003],0,,0,,
100704,雨林神庙！,0,"[
{
""String"" : ""想要找到#c7bbe3a雨林神庙#n，#r需要先找到有@item_578#的小神龛#r"",
""UnlockTaskId"" : 0,
},
{
""String"" : ""手持@item_11597#点击@item_578#就可以激活石像#r"",
""UnlockTaskId"" : 0,
},
{
""String"" : ""重新构造出#c7bbe3a雨林神庙#n！#r"",
""UnlockTaskId"" : 0,
},
{
""String"" : ""准备好了吗？#c7bbe3a羽蛇神#n就在里面！"",
""UnlockTaskId"" : 0,
}
]","[
""找到@item_578#"",
""召唤出#c7bbe3a雨林神庙#n""
]","[
{
""Index"" : 1,
""Type"" : 17,
""GoalID1"" : ""I_11597"",
""GoalID2"" : ""I_578"",
""GoalNum"" : 1
}
]","[
{
""Index"" : 1,
""RewardType"" : 0,
""RewardID"" : 11209,
""RewardNum"" : 3
}
]",1,578,100704,[1007004],0,,0,,
100705,羽蛇神,0,"[
{
""String"" : ""战胜#c7bbe3a羽蛇神#n！#r"",
""UnlockTaskId"" : 0,
},
{
""String"" : ""羽蛇神的诞生源自一场意外。#r“神圣果实”深藏于其体内，经历了不知多久的岁月……"",
""UnlockTaskId"" : 0,
}
]","[
""战胜#c7bbe3a羽蛇神#n！""
]","[
{
""Index"" : 1,
""Type"" : 8,
""GoalID1"" : ""M_3878"",
""GoalNum"" : 1
}
]","[
{
""Index"" : 1,
""RewardType"" : 1,
""RewardID"" : 0,
""RewardNum"" : 300
}
]",1,#3878,100705,[1007005],0,,0,,
100801,神圣种子,0,"[
{
""String"" : ""战胜#c7bbe3a羽蛇神#n后别忘了拾取掉落物#r"",
""UnlockTaskId"" : 0,
},
{
""String"" : ""获得@item_591#@goal_1#·#r"",
""UnlockTaskId"" : 0,
},
{
""String"" : ""“神圣果实”中寄存的封印密钥，通过遗传基因代代相传……"",
""UnlockTaskId"" : 0,
}
]","[
""拾取"",
""@item_591#@goal_1#""
]","[
{
""Index"" : 1,
""Type"" : 3,
""GoalID1"" : ""I_591"",
""GoalNum"" : 1
}
]","[
{
""Index"" : 1,
""RewardType"" : 0,
""RewardID"" : 11209,
""RewardNum"" : 3
}
]",1,591,100801,[1007006],0,,0,,
100802,生命之奇迹,0,"[
{
""String"" : ""把@item_591#种到@item_103#里@goal_1#·#r"",
""UnlockTaskId"" : 0,
},
{
""String"" : ""等待#c7bbe3a神圣树#n成熟吧!#r"",
""UnlockTaskId"" : 0,
},
{
""String"" : ""#c7bbe3a神圣树#n与其他植物不同，无法使用@item_11311#加速其生长，只能慢慢等待#r"",
""UnlockTaskId"" : 0,
},
{
""String"" : ""并且#c7bbe3a神圣树#n需要更大的生长空间，尽量在开阔的地方种植吧"",
""UnlockTaskId"" : 0,
}
]","[
""种下"",
""@item_591#@goal_1#""
]","[
{
""Index"" : 1,
""Type"" : 17,
""GoalID1"" : ""I_591"",
""GoalID2"" : ""I_103"",
""GoalNum"" : 1
}
]","[
{
""Index"" : 1,
""RewardType"" : 0,
""RewardID"" : 378,
""RewardNum"" : 10
}
]",1,590,100802,[1007007],0,,0,,
100803,生命圣物,0,"[
{
""String"" : ""#c7bbe3a神圣树#n成熟后高耸入云#r"",
""UnlockTaskId"" : 0,
},
{
""String"" : ""然而果实却长在高处的树干内#r"",
""UnlockTaskId"" : 0,
},
{
""String"" : ""我们需要向上攀登到接近#c7bbe3a树冠#n的位置#r"",
""UnlockTaskId"" : 0,
},
{
""String"" : ""采集并获得@item_587#@goal_1##r"",
""UnlockTaskId"" : 0,
}
]","[
""待#c7bbe3a神圣树#n成熟"",
""在#c7bbe3a神圣树#n接近树冠处"",
""采集@item_587#@goal_1#""
]","[
{
""Index"" : 1,
""Type"" : 3,
""GoalID1"" : ""I_587"",
""GoalNum"" : 1
}
]","[
{
""Index"" : 1,
""RewardType"" : 1,
""RewardID"" : 0,
""RewardNum"" : 100
}
]",1,587,100803,[1007008],0,,0,,
100901,星链工艺,0,"[
{
""String"" : ""制作@item_150902#@goal_1#·#r"",
""UnlockTaskId"" : 0,
},
{
""String"" : ""起飞！恢复星链网络，就可以去烈焰星了！"",
""UnlockTaskId"" : 0,
}
]","[
""制作获得"",
""@item_150902#@goal_1#""
]","[
{
""Index"" : 1,
""Type"" : 3,
""GoalID1"" : ""I_150902"",
""GoalNum"" : 1
}
]","[
{
""Index"" : 1,
""RewardType"" : 1,
""RewardID"" : 0,
""RewardNum"" : 100
}
]",1,597,100901,[1006007],0,,0,,
101001,抵达烈焰星,0,"[
{
""String"" : ""乘坐星站顺利抵达#c7bbe3a烈焰星#n·#r"",
""UnlockTaskId"" : 0,
},
{
""String"" : ""烈焰星是星系中距离恒星最近的一颗行星，地表温度奇高，且几乎被熔岩所覆盖。#r#r前往烈焰星前必须做好充足的准备"",
""UnlockTaskId"" : 0,
},
{
""String"" : ""烈焰星上遗落着#c7bbe3a勇气圣物#n!#r"",
""UnlockTaskId"" : 0,
},
{
""String"" : ""需要尽快找到#c7bbe3a黑龙#n才行"",
""UnlockTaskId"" : 0,
}
]","[
""乘坐星站抵达#c7bbe3a烈焰星#n""
]
","[
{
""Index"" : 1,
""Type"" : 25,
""GoalID1"" : ""P_1"",
""GoalNum"" : 1
}
]","[
{
""Index"" : 1,
""RewardType"" : 1,
""RewardID"" : 0,
""RewardNum"" : 100
}
]",1,124,101001,[1008001],0,,0,,
101002,黑龙试炼Ⅰ,0,"[
{
""String"" : ""战胜#c7bbe3a远古黑龙#n！#r"",
""UnlockTaskId"" : 0,
},
{
""String"" : ""黑龙守护烈焰断剑已过去了不知多长岁月，但仍未忘记其与“昔日者”们定下的约定。#r"",
""UnlockTaskId"" : 0,
},
{
""String"" : ""想要得到“烈焰断剑”，就必须先通过它的试炼，向黑龙证明自己的力量吧！"",
""UnlockTaskId"" : 0,
}
]","[
""战胜#c7bbe3a远古黑龙！#n""
]","[
{
""Index"" : 1,
""Type"" : 8,
""GoalID1"" : ""M_3502"",
""GoalNum"" : 1
}
]
","[
{
""Index"" : 1,
""RewardType"" : 1,
""RewardID"" : 0,
""RewardNum"" : 500
}
]",1,#3502,101002,[1008002],0,,0,,
101003,勇气圣物,0,"[
{
""String"" : ""获得@item_588#·#r"",
""UnlockTaskId"" : 0,
},
{
""String"" : ""烈焰断剑里寄存了封印密钥的其中一段，解除火山封印必不可少"",
""UnlockTaskId"" : 0,
}
]","[
""获得@item_588#""
]","[
{
""Index"" : 1,
""Type"" : 3,
""GoalID1"" : ""I_588"",
""GoalNum"" : 1
}
]","[
{
""Index"" : 1,
""RewardType"" : 1,
""RewardID"" : 0,
""RewardNum"" : 100
}
]",1,588,101003,[1008003],0,,0,,
101101,熔岩矿工,0,"[ 
{
""String"" : ""到了烈焰星意味着有#c7bbe3a更强力的矿物#n了"",
""UnlockTaskId"" : 0,
},
{
""String"" : ""这次#c7bbe3a烈焰星#n下矿需要采集这些矿物#r"",
""UnlockTaskId"" : 0,
},
{
""String"" : ""@item_177#@goal_1#·#r"",
""UnlockTaskId"" : 0,
},
{
""String"" : ""#c7bbe3a烈焰星#n地表复杂，需要多加观察断壁，执意向下挖掘可能被岩浆淹没，十分危险"",
""UnlockTaskId"" : 0,
}
]","[
""在#c7bbe3a烈焰星#n矿藏中采集以下矿物"",
""@item_177#@goal_1#""
]
","[
{
""Index"" : 1,
""Type"" : 2,
""GoalID1"" : ""I_177"",
""GoalNum"" : 3
}
]","[
{
""Index"" : 1,
""RewardType"" : 0,
""RewardID"" : 177,
""RewardNum"" : 3
}
]",1,177,101101,[],0,,0,,
101102,金属冶炼：钴,0,"[
{
""String"" : ""把采集到的@item_177#放入#c7bbe3a冶炼台#n吧#r"",
""UnlockTaskId"" : 0,
},
{
""String"" : ""冶炼@item_177#获得@item_12759#@goal_1#"",
""UnlockTaskId"" : 0,
}
]","[
""在#c7bbe3a冶炼台#n中冶炼"",
""@item_177#@goal_1#""
]
","[
{
""Index"" : 1,
""Type"" : 5,
""GoalID1"" : ""I_12759"",
""GoalNum"" : 3
}
]","[
{
""Index"" : 1,
""RewardType"" : 1,
""RewardID"" : 0,
""RewardNum"" : 150
}
]",1,12759,101102,[],0,,0,,
101103,钴制工具,0,"[
{
""String"" : ""用@item_12759#升级一下如下工具吧！#r"",
""UnlockTaskId"" : 0,
},
{
""String"" : ""@item_11018#@goal_1#"",
""UnlockTaskId"" : 0,
},
{
""String"" : ""@item_12762#@goal_2#"",
""UnlockTaskId"" : 0,
}
]","[
""制作获得"",
""@item_11018#@goal_1#"",
""@item_12762#@goal_2#""
]","[
{
""Index"" : 1,
""Type"" : 3,
""GoalID1"" : ""I_11018"",
""GoalNum"" : 1
},
{
""Index"" : 2,
""Type"" : 3,
""GoalID1"" : ""I_12762"",
""GoalNum"" : 1
}
]","[
{
""Index"" : 1,
""RewardType"" : 0,
""RewardID"" : 12759,
""RewardNum"" : 3
},
{
""Index"" : 2,
""RewardType"" : 1,
""RewardID"" : 0,
""RewardNum"" : 100
}
]",1,11018,101103,[],0,,0,,
101104,钴制装备,0,"[
{
""String"" : ""再升级一下装备吧，老的装备强度有点不够看了"",
""UnlockTaskId"" : 0,
},
{
""String"" : ""制作并穿戴任意#c7bbe3a钴制装备#n@goal_1#吧#r"",
""UnlockTaskId"" : 0,
},
{
""String"" : ""@item_12768#、@item_12769#"",
""UnlockTaskId"" : 0,
},
{
""String"" : ""@item_12770#、@item_12771#·#r"",
""UnlockTaskId"" : 0,
},
{
""String"" : ""都可以"",
""UnlockTaskId"" : 0,
}
]","[
""制作并穿戴"",
""任意#c7bbe3a钴制装备#n@goal_1#""
]","[
{
""Index"" : 1,
""Type"" : 34,
""GoalID1"" : ""I_12768,I_12769,I_12770,I_12771"",
""GoalNum"" : 1
}
]","[
{
""Index"" : 1,
""RewardType"" : 0,
""RewardID"" : 12759,
""RewardNum"" : 3
}
]",1,12768,101104,[],0,,0,,
101201,抵达萌眼星,0,"[
{
""String"" : ""乘坐星站顺利抵达#c7bbe3a萌眼星#n#r"",
""UnlockTaskId"" : 0,
},
{
""String"" : ""萌眼星是迷拉星唯一的卫星，引力比起迷拉星要小得多。"",
""UnlockTaskId"" : 0,
},
{
""String"" : ""在这颗星球上生活着一群长相独特的原住生物，似乎有点难沟通……"",
""UnlockTaskId"" : 0,
}
]","[
""乘坐星站顺利抵达#c7bbe3a萌眼星#n""
]","[
{
""Index"" : 1,
""Type"" : 25,
""GoalID1"" : ""P_2"",
""GoalNum"" : 1
}
]","[
{
""Index"" : 1,
""RewardType"" : 1,
""RewardID"" : 0,
""RewardNum"" : 100
}
]",1,118,101201,[1009001],0,,0,,
101202,集齐四方,0,"[
{
""String"" : ""召唤远古巨人前需要先凑齐四种矿物方块#r"",
""UnlockTaskId"" : 0,
},
{
""String"" : ""制作@item_457#@goal_1#"",
""UnlockTaskId"" : 0,
},
{
""String"" : ""制作@item_180#@goal_2#"",
""UnlockTaskId"" : 0,
},
{
""String"" : ""制作@item_408#@goal_3#"",
""UnlockTaskId"" : 0,
},
{
""String"" : ""制作@item_449#@goal_4#·#r"",
""UnlockTaskId"" : 0,
},
{
""String"" : ""@item_449#是#c7bbe3a萌眼星#n特有的一种矿物，一般在#c7bbe3a萌眼星空岛#n上可以找到，费老劲了~"",
""UnlockTaskId"" : 0,
}
]","[
""制作获得以下方块"",
""@item_457#@goal_1#"",
""@item_180#@goal_2#"",
""@item_408#@goal_3#"",
""@item_449#@goal_4#""
]","[
{
""Index"" : 1,
""Type"" : 3,
""GoalID1"" : ""I_457"",
""GoalNum"" : 1
},
{
""Index"" : 2,
""Type"" : 3,
""GoalID1"" : ""I_180"",
""GoalNum"" : 1
},
{
""Index"" : 3,
""Type"" : 3,
""GoalID1"" : ""I_408"",
""GoalNum"" : 1
},
{
""Index"" : 4,
""Type"" : 3,
""GoalID1"" : ""I_449"",
""GoalNum"" : 1
}
]","[
{
""Index"" : 1,
""RewardType"" : 1,
""RewardID"" : 0,
""RewardNum"" : 200
}
]",1,1042,101202,[1009002],0,,0,,
101203,驱散虚空侵蚀,0,"[
{
""String"" : ""需要找到祭坛后，在@item_1042#旁4格放下@item_457# 、@item_180# 、@item_408# 、@item_449# 唤醒#c7bbe3a远古巨人#n#r"",
""UnlockTaskId"" : 0,
},
{
""String"" : ""帮助#c7bbe3a远古巨人#n摆脱虚空的侵蚀#r"",
""UnlockTaskId"" : 0,
},
{
""String"" : ""#c7bbe3a远古巨人#n被虚空腐蚀太深，已经无法挽回，唯一的办法只能将其破坏。"",
""UnlockTaskId"" : 0,
}
]","[
""帮助#c7bbe3a远古巨人#n摆脱虚空的侵蚀""
]","[
{
""Index"" : 1,
""Type"" : 8,
""GoalID1"" : ""M_3514"",
""GoalNum"" : 1
}
]","[
{
""Index"" : 1,
""RewardType"" : 1,
""RewardID"" : 0,
""RewardNum"" : 750
}
]",1,#3514,101203,[1009002],0,,0,,
101204,智慧圣物,0,"[
{
""String"" : ""获得@item_589#@goal_1##r"",
""UnlockTaskId"" : 0,
},
{
""String"" : ""@item_589#曾是古老迷拉星人在人工生命领域的重大突破，里面寄存着火山封印三段密钥的其中一段"",
""UnlockTaskId"" : 0,
}
]","[
""获得@item_589#@goal_1#""
]","[
{
""Index"" : 1,
""Type"" : 3,
""GoalID1"" : ""I_589"",
""GoalNum"" : 1
}
]","[
{
""Index"" : 1,
""RewardType"" : 0,
""RewardID"" : 410,
""RewardNum"" : 1
}
]",1,589,101204,[1009003],0,,0,,
101301,萌眼矿工,0,"[ 
{
""String"" : ""到了萌眼星意味着有#c7bbe3a更强力的矿物#n了"",
""UnlockTaskId"" : 0,
},
{
""String"" : ""这次#c7bbe3a萌眼星#n下矿需要采集这些矿物#r"",
""UnlockTaskId"" : 0,
},
{
""String"" : ""@item_404#@goal_1#·#r"",
""UnlockTaskId"" : 0,
}
]","[
""在#c7bbe3a萌眼星#n矿藏中采集以下矿物"",
""@item_404#@goal_1#""
]","[
{
""Index"" : 1,
""Type"" : 2,
""GoalID1"" : ""I_404"",
""GoalNum"" : 3
}
]","[
{
""Index"" : 1,
""RewardType"" : 0,
""RewardID"" : 404,
""RewardNum"" : 3
}
]",1,404,101301,[],0,,0,,
101302,金属冶炼：钨,0,"[
{
""String"" : ""把采集到的@item_404#放入#c7bbe3a冶炼台#n吧#r"",
""UnlockTaskId"" : 0,
},
{
""String"" : ""冶炼@item_404#获得@item_11203#@goal_1#"",
""UnlockTaskId"" : 0,
}
]","[
""在#c7bbe3a冶炼台#n中冶炼"",
""@item_404#@goal_1#""
]","[
{
""Index"" : 1,
""Type"" : 5,
""GoalID1"" : ""I_11203"",
""GoalNum"" : 3
}
]","[
{
""Index"" : 1,
""RewardType"" : 1,
""RewardID"" : 0,
""RewardNum"" : 200
}
]",1,11203,101302,[],0,,0,,
101303,钨制工具,0,"[
{
""String"" : ""用@item_11203#升级一下如下工具吧！#r"",
""UnlockTaskId"" : 0,
},
{
""String"" : ""@item_11015#@goal_1#"",
""UnlockTaskId"" : 0,
},
{
""String"" : ""@item_12005#@goal_2#"",
""UnlockTaskId"" : 0,
}
]","[
""制作获得"",
""@item_11015#@goal_1#"",
""@item_12005#@goal_2#""
]","[
{
""Index"" : 1,
""Type"" : 3,
""GoalID1"" : ""I_11015"",
""GoalNum"" : 1
},
{
""Index"" : 2,
""Type"" : 3,
""GoalID1"" : ""I_12005"",
""GoalNum"" : 1
}
]","[
{
""Index"" : 1,
""RewardType"" : 0,
""RewardID"" : 11203,
""RewardNum"" : 3
},
{
""Index"" : 2,
""RewardType"" : 1,
""RewardID"" : 0,
""RewardNum"" : 100
}
]",1,11015,101303,[],0,,0,,
101304,钨制装备,0,"[
{
""String"" : ""再升级一下装备吧，老的装备强度有点不够看了"",
""UnlockTaskId"" : 0,
},
{
""String"" : ""制作并穿戴任意#c7bbe3a钨制装备#n@goal_1#吧#r"",
""UnlockTaskId"" : 0,
},
{
""String"" : ""@item_12241#、@item_12242#"",
""UnlockTaskId"" : 0,
},
{
""String"" : ""@item_12243#、@item_12244#·#r"",
""UnlockTaskId"" : 0,
},
{
""String"" : ""都可以"",
""UnlockTaskId"" : 0,
}
]","[
""制作并穿戴"",
""任意#c7bbe3a钨制装备#n@goal_1#""
]","[
{
""Index"" : 1,
""Type"" : 34,
""GoalID1"" : ""I_12241,I_12242,I_12243,I_12244"",
""GoalNum"" : 1
}
]","[
{
""Index"" : 1,
""RewardType"" : 0,
""RewardID"" : 11203,
""RewardNum"" : 3
}
]",1,12241,101304,[],0,,0,,
101401,摆放圣器,0,"[
{
""String"" : ""现在，三圣物都已集齐，就差最后一步了#r"",
""UnlockTaskId"" : 0,
},
{
""String"" : ""返回迷拉星，找到火山祭坛，终结宿命！#r"",
""UnlockTaskId"" : 0,
},
{
""String"" : ""在@item_140#上放置@item_587#@goal_1##r“神圣果实”代表了“昔日者”曾经最辉煌的基因改造技术。#r"",
""UnlockTaskId"" : 0,
},
{
""String"" : ""在@item_141#上放置@item_588#@goal_2##r“烈焰断剑”代表了“昔日者”曾经与“黑龙”长久合作的象征。#r"",
""UnlockTaskId"" : 0,
},
{
""String"" : ""在@item_142#上放置@item_589#@goal_3##r“石人之眼”代表了“昔日者”曾经引以为傲的人工智慧。#r"",
""UnlockTaskId"" : 0,
}
]","[
""在@item_140#上放置#r@item_587#@goal_1#"",
""在@item_141#上放置#r@item_588#@goal_2#"",
""在@item_142#上放置#r@item_589#@goal_3#""
]","[
{
""Index"" : 1,
""Type"" : 33,
""GoalID1"" : ""I_587"",
""GoalID2"" : ""I_140"",
""GoalNum"" : 1
},
{
""Index"" : 2,
""Type"" : 33,
""GoalID1"" : ""I_588"",
""GoalID2"" : ""I_141"",
""GoalNum"" : 1
},
{
""Index"" : 3,
""Type"" : 33,
""GoalID1"" : ""I_589"",
""GoalID2"" : ""I_142"",
""GoalNum"" : 1
}
]","[
{
""Index"" : 1,
""RewardType"" : 1,
""RewardID"" : 0,
""RewardNum"" : 200
}
]",1,140,101401,[1001003],0,,0,,
101501,符文技术,1,"[
{
""String"" : ""武器、工具、装备还能通过符文技术进一步提升能力#r"",
""UnlockTaskId"" : 0,
},
{
""String"" : ""需要先制作@item_785#@goal_1#"",
""UnlockTaskId"" : 0,
}
]","[
""制作获得"",
""@item_785#@goal_1#""
]","[
{
""Index"" : 1,
""Type"" : 3,
""GoalID1"" : ""I_785"",
""GoalNum"" : 1
}
]","[
{
""Index"" : 1,
""RewardType"" : 1,
""RewardID"" : 0,
""RewardNum"" : 100
}
]",1,785,101501,[1005011],0,,0,,
101502,符文强化,1,"[
{
""String"" : ""打开@item_785#，放入一把武器#r"",
""UnlockTaskId"" : 0,
},
{
""String"" : ""进行#c79b83e符文强化#n@goal_1#！#r"",
""UnlockTaskId"" : 0,
},
{
""String"" : ""只需要花费星星就可以进行一般符文强化了#r"",
""UnlockTaskId"" : 0,
},
{
""String"" : ""但想要更强力的符文能力，则需要去寻找一些特定的附材料"",
""UnlockTaskId"" : 0,
}
]","[
""进行#c79b83e符文强化#n@goal_1#！""
]","[
{
""Index"" : 1,
""Type"" : 18,
""GoalID1"" : 0,
""GoalNum"" : 1
}
]","[
{
""Index"" : 1,
""RewardType"" : 1,
""RewardID"" : 0,
""RewardNum"" : 100
}
]",1,785,101502,[1005012],0,,0,,
200101,耕种工具,1,"[
{
""String"" : ""制作任意材质的#c7bbe3a耙#n@goal_1#·#r"",
""UnlockTaskId"" : 0,
},
{
""String"" : ""例如@item_11032#、@item_11031#·#r"",
""UnlockTaskId"" : 0,
},
{
""String"" : ""大部分的农作物都需要在@item_102#上才能种植#r"",
""UnlockTaskId"" : 0,
},
{
""String"" : ""使用#c7bbe3a耙#n可以将@item_101#或@item_100#变成@item_102#"",
""UnlockTaskId"" : 0,
}
]","[
""制作获得任意材质的#c7bbe3a耙#n@goal_1#""
]","[
{
""Index"" : 1,
""Type"" : 3,
""GoalID1"" : ""IG_11032"",
""GoalNum"" : 1
}
]","[
{
""Index"" : 1,
""RewardType"" : 0,
""RewardID"" : 11323,
""RewardNum"" : 5
}
]",1,11032,200101,[1004001],0,,0,,
200102,开荒,1,"[
{
""String"" : ""手持@item_11032##r"",
""UnlockTaskId"" : 0,
},
{
""String"" : ""对@item_100#或@item_101#使用#r"",
""UnlockTaskId"" : 0,
},
{
""String"" : ""使其变为@item_102#@goal_1#·#r"",
""UnlockTaskId"" : 0,
},
{
""String"" : ""PC端对准方块长按右键，移动端长按方块即可开垦耕地"",
""UnlockTaskId"" : 0,
}
]","[
""手持@item_11032#开垦"",
""@item_102#@goal_1#""
]","[
{
""Index"" : 1,
""Type"" : 7,
""GoalID1"" : ""IG_11032"",
""GoalNum"" : 6
}
]","[
{
""Index"" : 1,
""RewardType"" : 0,
""RewardID"" : 11689,
""RewardNum"" : 6
}
]",1,102,200102,[1004002],0,,0,,
200103,粮食大王,1,"[
{
""String"" : ""将@item_11689#播种在@item_102#上@goal_1#·#r"",
""UnlockTaskId"" : 0,
},
{
""String"" : ""手持@item_11689#点击@item_102#就能种上了"",
""UnlockTaskId"" : 0,
}
]","[
""播种@item_11689#@goal_1#""
]
","[
{
""Index"" : 1,
""Type"" : 7,
""GoalID1"" : ""I_11689,I_11400,I_229"",
""GoalNum"" : 6
}
]","[
{
""Index"" : 1,
""RewardType"" : 0,
""RewardID"" : 11311,
""RewardNum"" : 10
}
]",1,11689,200103,[1004003],0,,0,,
200104,加速生产,1,"[
{
""String"" : ""对#c7bbe3a作物#n使用@item_11311#@goal_1#·#r"",
""UnlockTaskId"" : 0,
},
{
""String"" : ""@item_11311#能够加快绝大多数的植物生长，但不是每一次施肥都能成功……"",
""UnlockTaskId"" : 0,
}
]","[
""对#c7bbe3a作物#n使用@item_11311#@goal_1#""
]","[
{
""Index"" : 1,
""Type"" : 7,
""GoalID1"" : ""I_11311"",
""GoalNum"" : 6
}
]","[
{
""Index"" : 1,
""RewardType"" : 0,
""RewardID"" : 11311,
""RewardNum"" : 10
}
]",1,11311,200104,[1004004],0,,0,,
200105,大丰收,1,"[
{
""String"" : ""收获成熟的@item_200141#@goal_1#·#r"",
""UnlockTaskId"" : 0,
},
{
""String"" : ""第一次丰收总是让人毕生难忘"",
""UnlockTaskId"" : 0,
}
]","[
""收获@item_200141#@goal_1#""
]","[
{
""Index"" : 1,
""Type"" : 2,
""GoalID1"" : ""I_200140,I_229"",
""GoalNum"" : 6
}
]","[
{
""Index"" : 1,
""RewardType"" : 0,
""RewardID"" : 11689,
""RewardNum"" : 10
}
]",1,200141,200105,[1004005],0,,0,,
200201,掌厨的第一步,1,"[
{
""String"" : ""在@item_797#中制作@item_200108#@goal_1#·#r"",
""UnlockTaskId"" : 0,
},
{
""String"" : ""还记得吗？@item_1200#可以使用@item_298#点燃#r"",
""UnlockTaskId"" : 0,
},
{
""String"" : ""将@item_200108#放置于点燃的@item_1200#上就可以开始制作美食了"",
""UnlockTaskId"" : 0,
}
]","[
""制作获得"",
""@item_200108#@goal_1#""
]","[
{
""Index"" : 1,
""Type"" : 3,
""GoalID1"" : ""I_200108"",
""GoalNum"" : 1
}
]","[
{
""Index"" : 1,
""RewardType"" : 0,
""RewardID"" : 11689,
""RewardNum"" : 3
}
]",1,200108,200201,[1004006],0,,0,,
200202,准备原料,1,"[
{
""String"" : ""用@item_200141#制作@item_344#@goal_1#·#r"",
""UnlockTaskId"" : 0,
},
{
""String"" : ""制作时需要使用@item_797#。#r"",
""UnlockTaskId"" : 0,
},
{
""String"" : ""@item_344#是许多菜品的基础原料!"",
""UnlockTaskId"" : 0,
}
]","[
""制作获得"",
""@item_344#@goal_1#""
]","[
{
""Index"" : 1,
""Type"" : 3,
""GoalID1"" : ""I_344"",
""GoalNum"" : 3
}
]","[
{
""Index"" : 1,
""RewardType"" : 0,
""RewardID"" : 344,
""RewardNum"" : 3
}
]",1,344,200202,[1004007],0,,0,,
200203,美味出锅,1,"[
{
""String"" : ""烹饪出@item_12502#@goal_1#·#r"",
""UnlockTaskId"" : 0,
},
{
""String"" : ""把@item_344#丢进@item_200108#中，#r然后等待美味出锅吧"",
""UnlockTaskId"" : 0,
}
]","[
""在@item_200108#投入@item_344#"",
""烹饪出@item_12502#@goal_1#""
]","[
{
""Index"" : 1,
""Type"" : 20,
""GoalID1"" : ""I_12502"",
""GoalNum"" : 1
}
]","[
{
""Index"" : 1,
""RewardType"" : 0,
""RewardID"" : 12502,
""RewardNum"" : 1
}
]",1,12502,200203,[1004008],0,,0,,
200204,升级厨具,1,"[
{
""String"" : ""在@item_797#里制作@item_200109#@goal_1#·#r"",
""UnlockTaskId"" : 0,
},
{
""String"" : ""@item_200109#可以直接选择食谱进行烹饪，#r比@item_200108#方便得多！"",
""UnlockTaskId"" : 0,
}
]","[
""制作获得"",
""@item_200109#@goal_1#""
]","[
{
""Index"" : 1,
""Type"" : 3,
""GoalID1"" : ""I_200109"",
""GoalNum"" : 1
}
]","[
{
""Index"" : 1,
""RewardType"" : 0,
""RewardID"" : 344,
""RewardNum"" : 10
}
]",1,200109,200204,[],0,,0,,
200205,高端美味,1,"[
{
""String"" : ""是时候提高一下烹饪难度了#r"",
""UnlockTaskId"" : 0,
},
{
""String"" : ""有些菜品需要比较复杂的原材料，但是绝对物超所值#r"",
""UnlockTaskId"" : 0,
},
{
""String"" : ""准备@item_12518#和@item_344#各2份，一起投入@item_200108#中#r"",
""UnlockTaskId"" : 0,
},
{
""String"" : ""烹饪出@item_830#@goal_1#"",
""UnlockTaskId"" : 0,
},
{
""String"" : ""只要在@item_200108#中烹饪过的菜品就会记录到菜谱中，之后便可以在@item_200109#中快速烹饪"",
""UnlockTaskId"" : 0,
}
]","[
""用@item_200108#"",
""烹饪出@item_830#@goal_1#""
]","[
{
""Index"" : 1,
""Type"" : 20,
""GoalID1"" : ""I_830"",
""GoalNum"" : 1
}
]","[
{
""Index"" : 1,
""RewardType"" : 1,
""RewardID"" : 0,
""RewardNum"" : 50
}
]",1,830,200205,[],0,,0,,
200301,灌溉工具,1,"[
{
""String"" : ""@item_103#、@item_102#、@item_399#、@item_200162#靠近水源便会变得湿润#r"",
""UnlockTaskId"" : 0,
},
{
""String"" : ""湿润后上方种植的植物会生长得更快#r"",
""UnlockTaskId"" : 0,
},
{
""String"" : ""但是水源湿润的范围有限，如果不想农场中到处都是水，就得用上灌溉工具了！#r"",
""UnlockTaskId"" : 0,
},
{
""String"" : ""制作任意材质的#c7bbe3a花洒#n@goal_1#吧"",
""UnlockTaskId"" : 0,
}
]","[
""制作获得任意材质的#c7bbe3a花洒#n@goal_1#""
]
","[
{
""Index"" : 1,
""Type"" : 3,
""GoalID1"" : ""IG_11628"",
""GoalNum"" : 1
}
]","[
{
""Index"" : 1,
""RewardType"" : 1,
""RewardID"" : 0,
""RewardNum"" : 50
}
]",1,11628,200301,[],0,,0,,
200302,填充水,1,"[
{
""String"" : ""刚制作出来的#c7bbe3a花洒#n是空的#r"",
""UnlockTaskId"" : 0,
},
{
""String"" : ""需要把水填充进去才能使用#r"",
""UnlockTaskId"" : 0,
},
{
""String"" : ""手持#c7bbe3a花洒#n点击水方块，就能将水装进去了#r"",
""UnlockTaskId"" : 0,
}
]","[
""使用#c7bbe3a花洒#n点击水方块""
]","[
{
""Index"" : 1,
""Type"" : 17,
""GoalID1"" : ""IG_11628"",
""GoalID2"" : ""I_3"",
""GoalNum"" : 1
}
]","[
{
""Index"" : 1,
""RewardType"" : 1,
""RewardID"" : 0,
""RewardNum"" : 50
}
]",1,11628,200302,[],0,,0,,
200303,灌溉土地,1,"[
{
""String"" : ""有了#c7bbe3a花洒#n就可以进行灌溉了#r"",
""UnlockTaskId"" : 0,
},
{
""String"" : ""使用#c7bbe3a花洒#n灌溉#r"",
""UnlockTaskId"" : 0,
},
{
""String"" : ""@item_103#@goal_1#"",
""UnlockTaskId"" : 0,
},
{
""String"" : ""@item_102#@goal_2#"",
""UnlockTaskId"" : 0,
}
]","[
""使用#c7bbe3a花洒#n灌溉"",
""@item_103#@goal_1#"",
""@item_102#@goal_2#""
]","[
{
""Index"" : 1,
""Type"" : 17,
""GoalID1"" : ""IG_11628"",
""GoalID2"" : ""I_103"",
""GoalNum"" : 1
},
{
""Index"" : 2,
""Type"" : 17,
""GoalID1"" : ""IG_11628"",
""GoalID2"" : ""I_102"",
""GoalNum"" : 1
}
]","[
{
""Index"" : 1,
""RewardType"" : 1,
""RewardID"" : 0,
""RewardNum"" : 50
}
]",1,102,200303,[],0,,0,,
200304,自动浇水,1,"[
{
""String"" : ""已经受够了隔一段时间就要浇一次水了吧！#r"",
""UnlockTaskId"" : 0,
},
{
""String"" : ""听说村庄中的农业商人会售卖几种洒水器的配方，外出探索找到农业商人向其购买洒水器配方并合成吧！彻底解放双手！#r"",
""UnlockTaskId"" : 0,
},
{
""String"" : ""制作任意材质的#c7bbe3a洒水器#n@goal_1#吧"",
""UnlockTaskId"" : 0,
},
]","[
""制作获得任意材质的#c7bbe3a洒水器#n@goal_1#""
]
","[
{
""Index"" : 1,
""Type"" : 3,
""GoalID1"" : ""IG_200163"",
""GoalNum"" : 1
}
]","[
{
""Index"" : 1,
""RewardType"" : 1,
""RewardID"" : 0,
""RewardNum"" : 50
}
]",1,200163,200702,[],0,,0,,
200401,土坑,1,"[
{
""String"" : ""与农作物不同，树木和花朵是必须要种在@item_103#里的#r"",
""UnlockTaskId"" : 0,
},
{
""String"" : ""与耙相对的，我们需要用到铲来开垦@item_103#·#r"",
""UnlockTaskId"" : 0,
},
{
""String"" : ""拿出铲类工具试试挖出@item_103#@goal_1#·#r"",
""UnlockTaskId"" : 0,
},
{
""String"" : ""手持铲类工具，比如@item_11022#，#r对准@item_101#或@item_100#点击'小手指'（PC端长按右键）可进行挖坑"",
""UnlockTaskId"" : 0,
}
]","[
""使用#c7bbe3a铲类工具#n"",
""挖出@item_103#@goal_1#""
]","[
{
""Index"" : 1,
""Type"" : 7,
""GoalID1"" : ""IG_11022"",
""GoalNum"" : 3
}
]","[
{
""Index"" : 1,
""RewardType"" : 0,
""RewardID"" : 11405,
""RewardNum"" : 3
}
]",1,103,200401,[2002001],0,,0,,
200402,植树造林,1,"[
{
""String"" : ""在@item_103#种下@item_11405#等待成熟@goal_1#·#r"",
""UnlockTaskId"" : 0,
},
{
""String"" : ""樱桃树通常生长在#c7bbe3a草原、森林#n生态#r"",
""UnlockTaskId"" : 0,
},
{
""String"" : ""吃掉它的#c7bbe3a果实#n就可以获得#c7bbe3a种子#n"",
""UnlockTaskId"" : 0,
}
]","[
""种下@item_11405#"",
""等待成熟@goal_1#""
]","[
{
""Index"" : 1,
""Type"" : 32,
""GoalID1"" : ""I_212"",
""GoalNum"" : 3
}
]","[
{
""Index"" : 1,
""RewardType"" : 0,
""RewardID"" : 12500,
""RewardNum"" : 5
}
]",1,212,200402,[2002003],0,,0,,
203601,制作丰硕肥料,1,"[
{
""String"" : ""制作@item_11762#@goal_1#·#r"",
""UnlockTaskId"" : 0,
},
{
""String"" : ""对@item_102#使用丰硕肥料可以提高其上作物的丰硕概率哦！"",
""UnlockTaskId"" : 0,
}
]","[
""制作获得"",
""@item_11762#@goal_1#""
]","[
{
""Index"" : 1,
""Type"" : 3,
""GoalID1"" : ""IG_11762"",
""GoalNum"" : 1
}
]","[
{
""Index"" : 1,
""RewardType"" : 0,
""RewardID"" : 11762,
""RewardNum"" : 3
}
]",1,11762,,[],0,,0,,
203602,丰硕咯,1,"[
{
""String"" : ""对#c7bbe3a耕地#n使用#c7bbe3a丰硕肥料#n@goal_1#·#r"",
""UnlockTaskId"" : 0,
},
{
""String"" : ""#c7bbe3a丰硕肥料#n能够提高其上作物的丰硕概率，越高级的#c7bbe3a丰硕肥料#n效果越强，但是不一定是百分之百丰硕哦，还要精心的培育才行……"",
""UnlockTaskId"" : 0,
}
]","[
""对#c7bbe3a耕地#n使用#c7bbe3a丰硕肥料#n@goal_1#""
]","[
{
""Index"" : 1,
""Type"" : 7,
""GoalID1"" : ""IG_11762"",
""GoalNum"" : 1
}
]","[
{
""Index"" : 1,
""RewardType"" : 0,
""RewardID"" : 11762,
""RewardNum"" : 2
}
]",1,11762,203602,[],0,,0,,
203701,符能提炼装置,1,"[
{
""String"" : ""制作@item_825#@goal_1#·#r"",
""UnlockTaskId"" : 0,
},
{
""String"" : ""记得多收集些@item_11516#，然后多放些材料试试，看看能提炼出什么颜色的符能瓶"",
""UnlockTaskId"" : 0,
}
]","[
""制作获得"",
""@item_825#@goal_1#""
]","[
{
""Index"" : 1,
""Type"" : 3,
""GoalID1"" : ""I_825"",
""GoalNum"" : 1
}
]","[
{
""Index"" : 1,
""RewardType"" : 0,
""RewardID"" : 11516,
""RewardNum"" : 5
}
]",1,825,203701,[],0,0,0,,
203702,提炼符能,1,"[
{
""String"" : ""通过@item_825#提炼出任意符能瓶@goal_1#·#r"",
""UnlockTaskId"" : 0,
},
{
""String"" : ""不同颜色的符能瓶拥有不同的法术属性，丢出去试试看吧"",
""UnlockTaskId"" : 0,
}
]","[
""通过@item_825#提炼出"",
""@item_11518#或其他符能瓶@goal_1#""
]","[
{
""Index"" : 1,
""Type"" : 3,
""GoalID1"" : ""I_11517,I_11518,I_11519,I_11520,I_11521,I_11522"",
""GoalNum"" : 1
}
]","[
{
""Index"" : 1,
""RewardType"" : 0,
""RewardID"" : 11516,
""RewardNum"" : 3
}
]",1,11518,203702,[],0,0,0,,
203703,符文铭刻台,1,"[
{
""String"" : ""制作@item_826#@goal_1#·#r"",
""UnlockTaskId"" : 0,
},
{
""String"" : ""尝试用不同的符能瓶进行铭刻吧，会有意想不到的法术出现的"",
""UnlockTaskId"" : 0,
}
]","[
""制作获得"",
""@item_826#@goal_1#""
]","[
{
""Index"" : 1,
""Type"" : 3,
""GoalID1"" : ""I_826"",
""GoalNum"" : 1
}
]","[
{
""Index"" : 1,
""RewardType"" : 0,
""RewardID"" : 11516,
""RewardNum"" : 10
}
]",1,826,203703,[],0,0,0,,
203704,铭刻符文卷轴,1,"[
{
""String"" : ""通过@item_826#铭刻出任意法术卷轴@goal_1#·#r"",
""UnlockTaskId"" : 0,
},
{
""String"" : ""可以尝试使用不同颜色的符能瓶进行铭刻，当然特殊材料也是非常重要的"",
""UnlockTaskId"" : 0,
}
]","[
""通过@item_826#铭刻出"",
""任意法术卷轴@goal_1#""
]","[
{
""Index"" : 1,
""Type"" : 3,
""GoalID1"" : ""IG_17001"",
""GoalNum"" : 1
}
]","[
{
""Index"" : 1,
""RewardType"" : 0,
""RewardID"" : 17001,
""RewardNum"" : 1
}
]",1,17001,203704,[],0,0,0,,
200501,聚合凝能晶,1,"[
{
""String"" : ""多余的矿物可以聚合成一个矿物方块#r"",
""UnlockTaskId"" : 0,
},
{
""String"" : ""@item_11201#也不例外，可以在@item_797#里将其聚合#r"",
""UnlockTaskId"" : 0,
},
{
""String"" : ""打开@item_797#制作@item_416#@goal_1#"",
""UnlockTaskId"" : 0,
}
]","[
""制作获得"",
""@item_416#@goal_1#""
]","[
{
""Index"" : 1,
""Type"" : 3,
""GoalID1"" : ""I_416"",
""GoalNum"" : 3
}
]","[
{
""Index"" : 1,
""RewardType"" : 0,
""RewardID"" : 11201,
""RewardNum"" : 5
}
]",1,416,200501,[],0,,0,,
200502,种植荧光菇,1,"[
{
""String"" : ""把@item_416#放到地上#r"",
""UnlockTaskId"" : 0,
},
{
""String"" : ""再将@item_837#拿在手上，点击@item_416#就可以进行种植了，试试看吧#r"",
""UnlockTaskId"" : 0,
},
{
""String"" : ""在@item_416#上种植@item_837#@goal_1#·#r"",
""UnlockTaskId"" : 0,
},
{
""String"" : ""种下去之后还需要一段时间才会成熟，耐心等待吧"",
""UnlockTaskId"" : 0,
}
]","[
""在@item_416#上种下"",
""@item_837#@goal_1#""
]","[
{
""Index"" : 1,
""Type"" : 17,
""GoalID1"" : ""I_837"",
""GoalID2"" : ""I_416"",
""GoalNum"" : 1
}
]","[
{
""Index"" : 1,
""RewardType"" : 0,
""RewardID"" : 837,
""RewardNum"" : 3
}
]",1,837,200502,[],0,,0,,
200503,收获荧光菇,1,"[
{
""String"" : ""@item_837#成熟后会蔓延生长到整个@item_416#上#r"",
""UnlockTaskId"" : 0,
},
{
""String"" : ""等待其成熟，收获@item_837#@goal_1#吧#r"",
""UnlockTaskId"" : 0,
}
]","[
""待成熟后"",
""收获@item_837#@goal_1#""
]","[
{
""Index"" : 1,
""Type"" : 2,
""GoalID1"" : ""I_837"",
""GoalNum"" : 1
}
]","[
{
""Index"" : 1,
""RewardType"" : 0,
""RewardID"" : 837,
""RewardNum"" : 5
}
]",1,837,200503,[],0,,0,,
200504,“菇类”照明,1,"[
{
""String"" : ""学会种植@item_837#了吗？#r"",
""UnlockTaskId"" : 0,
},
{
""String"" : ""知道了批量生产@item_837#的方法后，就可以制作菇类的照明方块了#r"",
""UnlockTaskId"" : 0,
},
{
""String"" : ""打开@item_797#·#r"",
""UnlockTaskId"" : 0,
},
{
""String"" : ""制作#c7bbe3a任意菇灯#n@goal_1#"",
""UnlockTaskId"" : 0,
},
{
""String"" : ""做@item_905#或@item_907#都行"",
""UnlockTaskId"" : 0,
}
]","[
""制作获得"",
""#c7bbe3a任意菇灯#n@goal_1#""
]","[
{
""Index"" : 1,
""Type"" : 3,
""GoalID1"" : ""I_905,I_907"",
""GoalNum"" : 3
}
]","[
{
""Index"" : 1,
""RewardType"" : 0,
""RewardID"" : 11201,
""RewardNum"" : 5
}
]",1,905,200504,[],0,,0,,
200601,修理匠,1,"[
{
""String"" : ""工具装备一坏就做新的太浪费资源了#r"",
""UnlockTaskId"" : 0,
},
{
""String"" : ""需要节俭！避免铺张浪费！#r"",
""UnlockTaskId"" : 0,
},
{
""String"" : ""开启@item_797#在左侧页签中选中#c7bbe3a【道具修理】#n"",
""UnlockTaskId"" : 0,
},
{
""String"" : ""#r把旧工具或者装备放进去#c7bbe3a修理#n@goal_1#吧，修理可比做新的省多了#r"",
""UnlockTaskId"" : 0,
}
]","[
""在工匠台中#c7bbe3a修理#n道具@goal_1#""
]","[
{
""Index"" : 1,
""Type"" : 19,
""GoalID1"" : 0,
""GoalNum"" : 1
}
]","[
{
""Index"" : 1,
""RewardType"" : 1,
""RewardID"" : 0,
""RewardNum"" : 100
}
]",1,797,200601,[1005006],0,,0,,
200701,建设准备,1,"[
{
""String"" : ""我们需要建立据点，才能活下去！#r"",
""UnlockTaskId"" : 0,
},
{
""String"" : ""首先，需要制作以下东西#r"",
""UnlockTaskId"" : 0,
},
{
""String"" : ""@item_206#@goal_1#"",
""UnlockTaskId"" : 0,
},
{
""String"" : ""@item_812#@goal_2#"",
""UnlockTaskId"" : 0,
}
]","[
""制作获得"",
""@item_206#@goal_1#"",
""@item_812#@goal_2#""
]","[
{
""Index"" : 1,
""Type"" : 3,
""GoalID1"" : ""I_206"",
""GoalNum"" : 10
},
{
""Index"" : 2,
""Type"" : 3,
""GoalID1"" : ""I_812"",
""GoalNum"" : 1
}
]","[
{
""Index"" : 1,
""RewardType"" : 0,
""RewardID"" : 11323,
""RewardNum"" : 10
}
]",1,206,200701,[1004011],0,,0,,
200702,修复房屋,1,"[
{
""String"" : ""我们刚抵达时的位置附近不是有一座小房子么#r"",
""UnlockTaskId"" : 0,
},
{
""String"" : ""用我们刚才制作的@item_206#和@item_812#修复它吧，会是一座不错的据点#r"",
""UnlockTaskId"" : 0,
},
{
""String"" : ""放置#r"",
""UnlockTaskId"" : 0,
},
{
""String"" : ""@item_206#@goal_1#"",
""UnlockTaskId"" : 0,
},
{
""String"" : ""@item_812#@goal_2#"",
""UnlockTaskId"" : 0,
}
]","[
""放置"",
""@item_206#@goal_1#"",
""@item_812#@goal_2#""
]","[
{
""Index"" : 1,
""Type"" : 17,
""GoalID1"" : ""I_206"",
""GoalNum"" : 10
},
{
""Index"" : 2,
""Type"" : 17,
""GoalID1"" : ""I_812"",
""GoalNum"" : 1
}
]","[
{
""Index"" : 1,
""RewardType"" : 0,
""RewardID"" : 11323,
""RewardNum"" : 10
}
]",1,812,200702,[1004011],0,,0,,
200703,圈地准备,1,"[
{
""String"" : ""光有房子也不太够，我们需要围出一片区域来建设#r"",
""UnlockTaskId"" : 0,
},
{
""String"" : ""需要制作这些东西#r"",
""UnlockTaskId"" : 0,
},
{
""String"" : ""@item_821#@goal_1#"",
""UnlockTaskId"" : 0,
},
{
""String"" : ""@item_535#@goal_2#"",
""UnlockTaskId"" : 0,
}
]","[
""制作获得"",
""@item_821#@goal_1#"",
""@item_535#@goal_2#""
]","[
{
""Index"" : 1,
""Type"" : 3,
""GoalID1"" : ""I_821"",
""GoalNum"" : 20
},
{
""Index"" : 2,
""Type"" : 3,
""GoalID1"" : ""I_535"",
""GoalNum"" : 1
}
]","[
{
""Index"" : 1,
""RewardType"" : 0,
""RewardID"" : 11323,
""RewardNum"" : 10
}
]",1,821,200703,[1004012],0,,0,,
200704,圈地,1,"[
{
""String"" : ""用@item_821#可以围出一片区域，一般生物是进不来的#r"",
""UnlockTaskId"" : 0,
},
{
""String"" : ""再用@item_535#封闭出入口，就不会阻挡我们自己进出#r"",
""UnlockTaskId"" : 0,
},
{
""String"" : ""用下面这些方块，围出区域吧"",
""UnlockTaskId"" : 0,
},
{
""String"" : ""@item_821#@goal_1# #r"",
""UnlockTaskId"" : 0,
},
{
""String"" : ""@item_535#@goal_2# #r"",
""UnlockTaskId"" : 0,
}
]","[
""放置"",
""@item_821#@goal_1#"",
""@item_535#@goal_2#""
]","[
{
""Index"" : 1,
""Type"" : 17,
""GoalID1"" : ""I_821"",
""GoalNum"" : 20
},
{
""Index"" : 2,
""Type"" : 17,
""GoalID1"" : ""I_535"",
""GoalNum"" : 1
}
]","[
{
""Index"" : 1,
""RewardType"" : 0,
""RewardID"" : 11323,
""RewardNum"" : 10
}
]",1,535,200704,[1004013],0,,0,,
200705,存起来,1,"[
{
""String"" : ""背包容量总是有限的，多的东西需要找个地方存起来#r"",
""UnlockTaskId"" : 0,
},
{
""String"" : ""制作@item_1180#@goal_1#"",
""UnlockTaskId"" : 0,
},
{
""String"" : ""放置@item_1180#@goal_2#"",
""UnlockTaskId"" : 0,
}
]","[
""制作获得"",
""@item_1180#@goal_1#"",
""再放置"",
""@item_1180#@goal_2#""
]","[
{
""Index"" : 1,
""Type"" : 3,
""GoalID1"" : ""I_1180"",
""GoalNum"" : 1
},
{
""Index"" : 2,
""Type"" : 17,
""GoalID1"" : ""I_1180"",
""GoalNum"" : 1
}
]","[
{
""Index"" : 1,
""RewardType"" : 0,
""RewardID"" : 11323,
""RewardNum"" : 10
}
]",1,1180,200705,[1004010],0,,0,,
200801,饲料槽,1,"[
{
""String"" : ""想要养殖动物，就需要一个放置饲料的地方#r"",
""UnlockTaskId"" : 0,
},
{
""String"" : ""制作@item_1753#@goal_1#"",
""UnlockTaskId"" : 0,
}
]","[
""制作获得"",
""@item_1753#@goal_1#""
]","[
{
""Index"" : 1,
""Type"" : 3,
""GoalID1"" : ""I_1753"",
""GoalNum"" : 1
}
]","[
{
""Index"" : 1,
""RewardType"" : 0,
""RewardID"" : 200141,
""RewardNum"" : 10
}
]",1,1753,200801,[2005001],0,,0,,
200802,动物饲料,1,"[
{
""String"" : ""饲料有区分类型，不同进食习惯的动物只会吃自己喜欢吃的饲料#r"",
""UnlockTaskId"" : 0,
},
{
""String"" : ""制作@item_11534#@goal_1#"",
""UnlockTaskId"" : 0,
},
{
""String"" : ""制作好的饲料就可以投入饲料槽中供动物使用了#r"",
""UnlockTaskId"" : 0,
},
{
""String"" : ""再将@item_11534#放入@item_1753#@goal_2#"",
""UnlockTaskId"" : 0,
}
]","[
""制作获得"",
""@item_11534#@goal_1#"",
""再放入"",
""@item_1753#@goal_2#""
]","[
{
""Index"" : 1,
""Type"" : 3,
""GoalID1"" : ""I_11534"",
""GoalNum"" : 3
},
{
""Index"" : 2,
""Type"" : 17,
""GoalID1"" : ""I_11534"",
""GoalID2"" : ""I_1753"",
""GoalNum"" : 3
}
]","[
{
""Index"" : 1,
""RewardType"" : 0,
""RewardID"" : 12052,
""RewardNum"" : 3
}
]",1,11534,200802,[2005002],0,,0,,
200803,繁殖场所,1,"[
{
""String"" : ""当2只同物种的哺乳动物吃过饲料后，就会进入繁殖状态#r"",
""UnlockTaskId"" : 0,
},
{
""String"" : ""但是需要周围有@item_822#才能生出小动物#r"",
""UnlockTaskId"" : 0,
},
{
""String"" : ""制作@item_822#@goal_1#并放在@item_1753#周围吧#r"",
""UnlockTaskId"" : 0,
},
{
""String"" : ""禽类动物不太一样，它们需要@item_1019#才能繁殖"",
""UnlockTaskId"" : 0,
}
]","[
""制作获得"",
""@item_822#@goal_1#""
]","[
{
""Index"" : 1,
""Type"" : 3,
""GoalID1"" : ""I_822"",
""GoalNum"" : 1
}
]","[
{
""Index"" : 1,
""RewardType"" : 0,
""RewardID"" : 200141,
""RewardNum"" : 10
}
]",1,822,200803,[2005004],0,,0,,
200804,动物繁殖,1,"[
{
""String"" : ""学以致用，温故而知新，是时候自己尝试了#r"",
""UnlockTaskId"" : 0,
},
{
""String"" : ""繁殖#c79b83e沃沃兽#n@goal_1##r"",
""UnlockTaskId"" : 0,
}
]","[
""繁殖#c79b83e沃沃兽#n@goal_1#""
]","[
{
""Index"" : 1,
""Type"" : 9,
""GoalID1"" : ""M_3401"",
""GoalNum"" : 1
}
]
","[
{
""Index"" : 1,
""RewardType"" : 0,
""RewardID"" : 12516,
""RewardNum"" : 3
}
]",1,#3401,200804,[2005008],0,,0,,
200901,沃沃兽之所爱,1,"[
{
""String"" : ""从樱桃树上获得@item_12500#@goal_1#·#r"",
""UnlockTaskId"" : 0,
},
{
""String"" : ""#c79b83e沃沃兽#n可喜欢@item_12500#了#r"",
""UnlockTaskId"" : 0,
},
{
""String"" : ""去找找#c79b83e沃沃兽#n吧"",
""UnlockTaskId"" : 0,
}
]","[
""获得@item_12500#@goal_1#""
]","[
{
""Index"" : 1,
""Type"" : 3,
""GoalID1"" : ""I_12500"",
""GoalNum"" : 5
}
]","[
{
""Index"" : 1,
""RewardType"" : 0,
""RewardID"" : 12500,
""RewardNum"" : 5
}
]",1,12500,200901,[2006001],0,,0,,
200902,驯服沃沃兽,1,"[
{
""String"" : ""迫不及待想要有属于自己的宠物了#r"",
""UnlockTaskId"" : 0,
},
{
""String"" : ""快使用@item_12500#驯服#c79b83e沃沃兽#n@goal_1#吧#r"",
""UnlockTaskId"" : 0,
},
{
""String"" : ""驯服有概率会失败，不要气馁，多试几次！"",
""UnlockTaskId"" : 0,
}
]","[
""使用@item_12500#驯服#c79b83e沃沃兽#n@goal_1#""
]
","[
{
""Index"" : 1,
""Type"" : 10,
""GoalID1"" : ""M_3401"",
""GoalNum"" : 1
}
]
","[
{
""Index"" : 1,
""RewardType"" : 0,
""RewardID"" : 12500,
""RewardNum"" : 5
}
]",1,#3401,200902,[2006001],0,,0,,
200903,坐骑！,1,"[
{
""String"" : ""骑上#c79b83e沃沃兽#n@goal_1#"",
""UnlockTaskId"" : 0,
}
]","[
""骑上#c79b83e沃沃兽#n@goal_1#""
]","[
{
""Index"" : 1,
""Type"" : 22,
""GoalID1"" : 0,
""GoalID2"" : ""M_3891"",
""GoalNum"" : 1
}
]","[
{
""Index"" : 1,
""RewardType"" : 0,
""RewardID"" : 12500,
""RewardNum"" : 5
}
]",1,#3891,200903,[],0,,0,,
200904,耕地帮手,1,"[
{
""String"" : ""把@item_11033#、@item_11034#或是@item_11035#"",
""UnlockTaskId"" : 0,
},
{
""String"" : ""装到#c79b83e沃沃兽#n身上@goal_1#"",
""UnlockTaskId"" : 0,
},
{
""String"" : ""注意：@item_11032#、@item_11031#是没办法装上去的"",
""UnlockTaskId"" : 0,
}
]","[
""给#c79b83e沃沃兽#n装上以下#c79b83e耙#n@goal_1#"",
""@item_11033#、"",
""@item_11034#或是"",
""@item_11035#""
]","[
{
""Index"" : 1,
""Type"" : 22,
""GoalID1"" : ""I_11033,I_11034,I_11035"",
""GoalID2"" : ""M_3891"",
""GoalNum"" : 1
}
]","[
{
""Index"" : 1,
""RewardType"" : 1,
""RewardID"" : 0,
""RewardNum"" : 100
}
]",1,11032,200904,[],0,,0,,
200905,宠物治疗,1,"[
{
""String"" : ""驯服的动物也是会受伤的#r"",
""UnlockTaskId"" : 0,
},
{
""String"" : ""可以喂食所需的饲料来恢复#r"",
""UnlockTaskId"" : 0,
},
{
""String"" : ""给受伤的#c79b83e已驯服沃沃兽#n喂@item_11534#@goal_1#"",
""UnlockTaskId"" : 0,
}
]","[
""给受伤的#c79b83e已驯服沃沃兽#n喂@item_11534#@goal_1#""
]","[
{
""Index"" : 1,
""Type"" : 22,
""GoalID1"" : ""I_11534"",
""GoalID2"" : ""M_3891"",
""GoalNum"" : 1
}
]","[
{
""Index"" : 1,
""RewardType"" : 1,
""RewardID"" : 0,
""RewardNum"" : 100
}
]",1,11534,200905,[],0,,0,,
201001,进阶材料,1,"[
{
""String"" : ""在地下深处还藏有更为强力的符文素材#r"",
""UnlockTaskId"" : 0,
},
{
""String"" : ""到地下采集@item_455#@goal_1#"",
""UnlockTaskId"" : 0,
}
]","[
""采集@item_455#@goal_1#""
]
","[
{
""Index"" : 1,
""Type"" : 2,
""GoalID1"" : ""I_455"",
""GoalNum"" : 3
}
]","[
{
""Index"" : 1,
""RewardType"" : 0,
""RewardID"" : 11609,
""RewardNum"" : 3
}
]",1,455,201001,[],0,,0,,
201002,进阶强化,1,"[
{
""String"" : ""采集@item_455#时可能获得#r@item_11609#或@item_11611#·#r"",
""UnlockTaskId"" : 0,
},
{
""String"" : ""相较而言，@item_11611#进行符文强化时更有可能获得更强力的词条#r"",
""UnlockTaskId"" : 0,
},
{
""String"" : ""试试@item_11609#或@item_11611#进行符文强化@goal_1#"",
""UnlockTaskId"" : 0,
}
]","[
""使用@item_11609#或#r@item_11611#"",
""进行符文强化@goal_1#""
]","[
{
""Index"" : 1,
""Type"" : 29,
""GoalID1"" : ""I_11609,I_11611"",
""GoalNum"" : 1
}
]","[
{
""Index"" : 1,
""RewardType"" : 0,
""RewardID"" : 11611,
""RewardNum"" : 1
}
]",1,11609,201002,[],0,,0,,
201101,发现石油！,1,"[
{
""String"" : ""采集@item_448#@goal_1#"",
""UnlockTaskId"" : 0,
}
]
","[
""采集@item_448#@goal_1#""
]","[
{
""Index"" : 1,
""Type"" : 2,
""GoalID1"" : ""I_448"",
""GoalNum"" : 3
}
]","[
{
""Index"" : 1,
""RewardType"" : 0,
""RewardID"" : 448,
""RewardNum"" : 3
}
]",1,448,201101,[],0,,0,,
201102,炼制原油,1,"[
{
""String"" : ""把@item_448#放入冶炼台"",
""UnlockTaskId"" : 0,
},
{
""String"" : ""炼制@item_11099#@goal_1#"",
""UnlockTaskId"" : 0,
}
]","[
""炼制@item_11099#@goal_1#""
]","[
{
""Index"" : 1,
""Type"" : 5,
""GoalID1"" : ""I_11099"",
""GoalNum"" : 3
}
]","[
{
""Index"" : 1,
""RewardType"" : 0,
""RewardID"" : 11099,
""RewardNum"" : 3
}
]",1,11099,201102,[],0,,0,,
201201,拍立得,1,"[
{
""String"" : ""制作@item_12733#@goal_1#"",
""UnlockTaskId"" : 0,
},
{
""String"" : ""@item_12733#可以用来记录冒险中的每个难忘瞬间！"",
""UnlockTaskId"" : 0,
}
]","[
""制作获得"",
""@item_12733#@goal_1#""
]","[
{
""Index"" : 1,
""Type"" : 3,
""GoalID1"" : ""I_12733"",
""GoalNum"" : 1
}
]
","[
{
""Index"" : 1,
""RewardType"" : 1,
""RewardID"" : 0,
""RewardNum"" : 100
}
]",1,12733,201201,[],0,,0,,
201202,相册,1,"[
{
""String"" : ""制作@item_12735#@goal_1#"",
""UnlockTaskId"" : 0,
},
{
""String"" : ""@item_12735#可以将拍摄的照片收藏于册"",
""UnlockTaskId"" : 0,
}
]","[
""制作获得"",
""@item_12735#@goal_1#""
]
","[
{
""Index"" : 1,
""Type"" : 3,
""GoalID1"" : ""I_12735"",
""GoalNum"" : 1
}
]
","[
{
""Index"" : 1,
""RewardType"" : 1,
""RewardID"" : 0,
""RewardNum"" : 100
}
]",1,12735,201202,[],0,,0,,
201203,摄影入门,1,"[
{
""String"" : ""使用@item_12733#进行拍照@goal_1#"",
""UnlockTaskId"" : 0,
}
]","[
""使用@item_12733#进行拍照@goal_1#""
]
","[
{
""Index"" : 1,
""Type"" : 7,
""GoalID1"" : ""I_12733"",
""GoalNum"" : 1
}
]","[
{
""Index"" : 1,
""RewardType"" : 1,
""RewardID"" : 0,
""RewardNum"" : 100
}
]",1,12733,201203,[],0,,0,,
201204,相框,1,"[
{
""String"" : ""制作@item_201003#@goal_1#"",
""UnlockTaskId"" : 0,
}
]","[
""制作获得"",
""@item_201003#@goal_1#""
]","[
{
""Index"" : 1,
""Type"" : 3,
""GoalID1"" : ""I_201003"",
""GoalNum"" : 1
}
]","[
{
""Index"" : 1,
""RewardType"" : 1,
""RewardID"" : 0,
""RewardNum"" : 100
}
]",1,201003,201204,[],0,,0,,
201401,浅海探险！,1,"[
{
""String"" : ""在迷拉星上踏入#c79b83e浅海生态#n #r"",
""UnlockTaskId"" : 0,
},
{
""String"" : ""浅海地区动植物充沛，水压较小，较为安全"",
""UnlockTaskId"" : 0,
}
]","[
""在迷拉星上踏入#c79b83e浅海生态#n""
]","[
{
""Index"" : 1,
""Type"" : 14,
""GoalID1"" : ""B_OCEAN"",
""GoalNum"" : 1
}
]","[
{
""Index"" : 1,
""RewardType"" : 1,
""RewardID"" : 0,
""RewardNum"" : 100
}
]",1,295,201401,[4004001],0,,0,,
201402,制氧设备,1,"[
{
""String"" : ""制作@item_1045#@goal_1# #r"",
""UnlockTaskId"" : 0,
},
{
""String"" : ""制作@item_1047#@goal_2# #r"",
""UnlockTaskId"" : 0,
},
{
""String"" : ""往装置里填充制氧材料可提炼出氧气"",
""UnlockTaskId"" : 0,
}
]","[
""制作获得"",
""@item_1045#@goal_1#"",
""@item_1047#@goal_2#""
]","[
{
""Index"" : 1,
""Type"" : 3,
""GoalID1"" : ""I_1045"",
""GoalNum"" : 1
},
{
""Index"" : 2,
""Type"" : 3,
""GoalID1"" : ""I_1047"",
""GoalNum"" : 2
}
]","[
{
""Index"" : 1,
""RewardType"" : 0,
""RewardID"" : 1047,
""RewardNum"" : 1
}
]",1,1045,201402,[4004002],0,,0,,
201403,制取氧气,1,"[
{
""String"" : ""将@item_1047#放在@item_1045#上#r"",
""UnlockTaskId"" : 0,
},
{
""String"" : ""再打开@item_1045#放入制氧材料，比如各种树叶#r"",
""UnlockTaskId"" : 0,
}, 
{
""String"" : ""等待一会儿就可以制取氧气了#r"",
""UnlockTaskId"" : 0,
},
{
""String"" : ""等待@item_1047#变为@item_1048#@goal_1#"",
""UnlockTaskId"" : 0,
}
]","[
""将@item_1047#放在@item_1045#上"",
""放入制氧材料"",
""获得@item_1048#@goal_1#""
]","[
{
""Index"" : 1,
""Type"" : 3,
""GoalID1"" : ""I_1048"",
""GoalNum"" : 2
}
]","[
{
""Index"" : 1,
""RewardType"" : 0,
""RewardID"" : 1048,
""RewardNum"" : 1
}
]",1,1048,201403,[4004003],0,,0,,
201404,携氧装备,1,"[
{
""String"" : ""制作并穿戴@item_12275#@goal_1#·#r"",
""UnlockTaskId"" : 0,
},
{
""String"" : ""多准备几罐@item_1048#再去潜水，比较安全"",
""UnlockTaskId"" : 0,
}
]","[
""制作并穿戴"",
""@item_12275#@goal_1#""
]","[
{
""Index"" : 1,
""Type"" : 34,
""GoalID1"" : ""I_12275"",
""GoalNum"" : 1
}
]","[
{
""Index"" : 1,
""RewardType"" : 0,
""RewardID"" : 11329,
""RewardNum"" : 3
}
]",1,12275,201404,[4004004],0,,0,,
201405,潜水装备,1,"[
{
""String"" : ""想深入海洋还需要一套合身的潜水装备#r"",
""UnlockTaskId"" : 0,
},
{
""String"" : ""制作并穿戴#r"",
""UnlockTaskId"" : 0,
},
{
""String"" : ""@item_11642#@goal_1#"",
""UnlockTaskId"" : 0,
},
{
""String"" : ""@item_11643#@goal_2#"",
""UnlockTaskId"" : 0,
},
{
""String"" : ""@item_11644#@goal_3#·#r"",
""UnlockTaskId"" : 0,
},
{
""String"" : ""#r@item_11642#用于提供水下照明"",
""UnlockTaskId"" : 0,
},
{
""String"" : ""#r@item_11643#用于应对水下压力"",
""UnlockTaskId"" : 0,
},
{
""String"" : ""#r@item_11644#用于加速水下移动"",
""UnlockTaskId"" : 0,
}
]","[
""制作并穿戴"",
""@item_11642#@goal_1#"",
""@item_11643#@goal_2#"",
""@item_11644#@goal_3#""
]","[
{
""Index"" : 1,
""Type"" : 34,
""GoalID1"" : ""I_11642"",
""GoalNum"" : 1
},
{
""Index"" : 2,
""Type"" : 34,
""GoalID1"" : ""I_11643"",
""GoalNum"" : 1
},
{
""Index"" : 3,
""Type"" : 34,
""GoalID1"" : ""I_11644"",
""GoalNum"" : 1
}
]","[
{
""Index"" : 1,
""RewardType"" : 0,
""RewardID"" : 11329,
""RewardNum"" : 10
}
]",1,11642,201405,"[4004005,4004006,4004007]",0,,0,,
201406,深海探险,1,"[
{
""String"" : ""在迷拉星上踏入#c79b83e深海生态#n·#r"",
""UnlockTaskId"" : 0,
},
{
""String"" : ""在#c79b83e深海#n海底沉船中获得@item_11648#@goal_2#·#r"",
""UnlockTaskId"" : 0,
},
{
""String"" : ""深海危机四伏，越往深处走水压越强，不穿戴潜水设备，常人难以存活"",
""UnlockTaskId"" : 0,
}
]","[
""在迷拉星上踏入#c79b83e深海生态#n"",
""获得@item_11648#@goal_2#""
]","[
{
""Index"" : 1,
""Type"" : 14,
""GoalID1"" : ""B_DEEPOCEAN"",
""GoalNum"" : 1
},
{
""Index"" : 2,
""Type"" : 3,
""GoalID1"" : ""I_11648"",
""GoalNum"" : 1
}
]","[
{
""Index"" : 1,
""RewardType"" : 0,
""RewardID"" : 11648,
""RewardNum"" : 1
}
]",1,11648,201406,"[4004018,4004010,4004022]",0,,0,,
201501,制作鱼竿,1,"[
{
""String"" : ""制作@item_12721#@goal_1#·#r"",
""UnlockTaskId"" : 0,
},
{
""String"" : ""用鱼竿可以钓起活鱼，把握好咬钩的时机喔"",
""UnlockTaskId"" : 0,
}
]","[
""制作获得"",
""@item_12721#@goal_1#""
]","[
{
""Index"" : 1,
""Type"" : 3,
""GoalID1"" : ""I_12721"",
""GoalNum"" : 1
}
]","[
{
""Index"" : 1,
""RewardType"" : 0,
""RewardID"" : 710,
""RewardNum"" : 5
}
]",1,12721,201501,[2011001],0,,0,,
201502,初试垂钓,1,"[
{
""String"" : ""使用@item_12721#在水边钓鱼@goal_1#·#r"",
""UnlockTaskId"" : 0,
},
{
""String"" : ""钓鱼需要有耐心，小心周围的海鸥，它们会骚扰你！"",
""UnlockTaskId"" : 0,
}
]","[
""用@item_12721#钓鱼@goal_1#""
]","[
{
""Index"" : 1,
""Type"" : 27,
""GoalID1"" : 0,
""GoalNum"" : 5
}
]","[
{
""Index"" : 1,
""RewardType"" : 1,
""RewardID"" : 0,
""RewardNum"" : 50
}
]",1,12721,201502,[],0,,0,,
201601,抗压材料,1,"[
{
""String"" : ""采集@item_24#@goal_1#·#r"",
""UnlockTaskId"" : 0,
},
{
""String"" : ""迷拉星深海海底少有分布，是不错的抗压材料"",
""UnlockTaskId"" : 0,
}
]","[
""在深海海底采集"",
""@item_24#@goal_1#""
]","[
{
""Index"" : 1,
""Type"" : 2,
""GoalID1"" : ""I_24"",
""GoalNum"" : 10
}
]","[
{
""Index"" : 1,
""RewardType"" : 0,
""RewardID"" : 24,
""RewardNum"" : 5
}
]",1,24,201601,"[2012037,2012038]",0,,0,,
201602,高级潜水装备,1,"[
{
""String"" : ""越往海洋深处走，水压越大，普通的潜水装备难以承受#r"",
""UnlockTaskId"" : 0,
},
{
""String"" : ""制作并穿戴#r"",
""UnlockTaskId"" : 0,
},
{
""String"" : ""@item_11645#@goal_1#"",
""UnlockTaskId"" : 0,
},
{
""String"" : ""@item_11646#@goal_2#"",
""UnlockTaskId"" : 0,
},
{
""String"" : ""@item_11647#@goal_3#·#r"",
""UnlockTaskId"" : 0,
},
{
""String"" : ""高级潜水装备拥有更强的压力抗性，防御力也更高"",
""UnlockTaskId"" : 0,
}
]","[
""制作并穿戴"",
""@item_11645#@goal_1#"",
""@item_11646#@goal_2#"",
""@item_11647#@goal_3#""
]","[
{
""Index"" : 1,
""Type"" : 34,
""GoalID1"" : ""I_11645"",
""GoalNum"" : 1
},
{
""Index"" : 2,
""Type"" : 34,
""GoalID1"" : ""I_11646"",
""GoalNum"" : 1
},
{
""Index"" : 3,
""Type"" : 34,
""GoalID1"" : ""I_11647"",
""GoalNum"" : 1
}
]","[
{
""Index"" : 1,
""RewardType"" : 0,
""RewardID"" : 12614,
""RewardNum"" : 10
}
]",1,11645,201602,[],0,,0,,
201701,沙漠探险！,1,"[
{
""String"" : ""在迷拉星上踏入#c7bbe3a沙漠生态#n·#r"",
""UnlockTaskId"" : 0,
},
{
""String"" : ""#c7bbe3a沙漠#n地带物资贫乏且危险，但仍有商队穿行，他们到底在交易什么呢？"",
""UnlockTaskId"" : 0,
}
]","[
""前往#c7bbe3a沙漠生态#n""
]","[
{
""Index"" : 1,
""Type"" : 14,
""GoalID1"" : ""B_DESERT"",
""GoalNum"" : 1
}
]","[
{
""Index"" : 1,
""RewardType"" : 1,
""RewardID"" : 0,
""RewardNum"" : 100
}
]",1,29,201701,[4003001],0,,0,,
201702,发现绿洲！,1,"[
{
""String"" : ""在#c7bbe3a沙漠生态#n中找到#c7bbe3a绿洲#n·#r"",
""UnlockTaskId"" : 0,
},
{
""String"" : ""#c7bbe3a绿洲#n是沙漠中最安全的地方，这里有水源可供农业种植#r"",
""UnlockTaskId"" : 0,
},
{
""String"" : ""甚至有人烟，以及商队驻扎#r"",
""UnlockTaskId"" : 0,
},
{
""String"" : ""但似乎有更多的秘密，深藏于地下……"",
""UnlockTaskId"" : 0,
}
]","[
""在#c7bbe3a沙漠生态#n中"",
""找到#c7bbe3a绿洲#n""
]","[
{
""Index"" : 1,
""Type"" : 14,
""GoalID1"" : ""B_BIOME_DESERT_OASIS"",
""GoalNum"" : 1
}
]","[
{
""Index"" : 1,
""RewardType"" : 1,
""RewardID"" : 0,
""RewardNum"" : 100
}
]",1,109,201702,[4003002],0,,0,,
201703,流动的黄沙,1,"[
{
""String"" : ""沙漠的商人有卖一种神奇的药剂，能够让固体瞬间变成液体#r"",
""UnlockTaskId"" : 0,
},
{
""String"" : ""找商人购买@item_11637#@goal_1#"",
""UnlockTaskId"" : 0,
},
{
""String"" : ""然后向@item_29#投掷@item_11637#@goal_2##r"",
""UnlockTaskId"" : 0,
},
{
""String"" : ""生成流沙。#r"",
""UnlockTaskId"" : 0,
},
{
""String"" : ""@item_11637#也是可以自己制作的，"",
""UnlockTaskId"" : 0,
},
{
""String"" : ""但重要的素材之一@item_11635#需要深入绿洲下方，才能得到"",
""UnlockTaskId"" : 0,
}
]","[
""获得@item_11637#@goal_1#"",
""再向@item_29#"",
""投掷@item_11637#@goal_2#""
]","[
{
""Index"" : 1,
""Type"" : 3,
""GoalID1"" : ""I_11637"",
""GoalNum"" : 1
},
{
""Index"" : 2,
""Type"" : 7,
""GoalID1"" : ""I_11637"",
""GoalNum"" : 1
}
]","[
{
""Index"" : 1,
""RewardType"" : 0,
""RewardID"" : 11637,
""RewardNum"" : 3
}
]",1,11637,201703,[4003007],0,,0,,
201704,啊哈！是我的了！,1,"[
{
""String"" : ""在#c7bbe3a沙漠遗迹#n中获得@item_11575#@goal_1##r"",
""UnlockTaskId"" : 0,
},
{
""String"" : ""在沙漠绿洲下方的遗迹中心，尘封着一项昔日的生命科技……"",
""UnlockTaskId"" : 0,
},
{
""String"" : ""当心，似乎暗藏了机关！"",
""UnlockTaskId"" : 0,
}
]","[
""在#c7bbe3a沙漠遗迹#n中找"",
""到@item_11575#@goal_1#""
]","[
{
""Index"" : 1,
""Type"" : 3,
""GoalID1"" : ""I_11575"",
""GoalNum"" : 1
}
]","[
{
""Index"" : 1,
""RewardType"" : 0,
""RewardID"" : 11635,
""RewardNum"" : 1
}
]",1,11575,201704,[4003008],0,,0,,
201801,决战沙漠统治者,1,"[
{
""String"" : ""传闻沙漠的沙暴中常伴有庞然巨物的身影#r"",
""UnlockTaskId"" : 0,
},
{
""String"" : ""#c7bbe3a其型长如万足之虫，随风起现，伴尘退隐。#n·#r"",
""UnlockTaskId"" : 0,
},
{
""String"" : ""#c7bbe3a口吐聚沙之球，潜游沙砾之间。#n·#r"",
""UnlockTaskId"" : 0,
},
{
""String"" : ""#c7bbe3a沙漠之民终受其扰，欲请退之！#n·#r"",
""UnlockTaskId"" : 0,
},
{
""String"" : ""战胜#c7bbe3a沙原领主#n，获得@item_12311#"",
""UnlockTaskId"" : 0,
}
]","[
""在#c7bbe3a沙暴天#n"",
""战胜#c7bbe3a沙原领主#n""
]","[
{
""Index"" : 1,
""Type"" : 8,
""GoalID1"" : ""M_3825"",
""GoalNum"" : 1
}
]","[
{
""Index"" : 1,
""RewardType"" : 0,
""RewardID"" : 11575,
""RewardNum"" : 1
}
]",1,#3825,201801,[4003009],0,,0,,
201901,极寒之地,1,"[
{
""String"" : ""在迷拉星上踏入#c7bbe3a冰原生态#n#r"",
""UnlockTaskId"" : 0,
},
{
""String"" : ""冰原地区常年大雪覆盖，地表的动植物资源稀缺，但仍有坚强的人们生活于此……"",
""UnlockTaskId"" : 0,
}
]","[
""前往#c7bbe3a冰原生态#n""
]","[
{
""Index"" : 1,
""Type"" : 14,
""GoalID1"" : ""B_ICE_PLAINS"",
""GoalNum"" : 1
}
]","[
{
""Index"" : 1,
""RewardType"" : 1,
""RewardID"" : 0,
""RewardNum"" : 100
}
]",1,120,201901,[4005001],0,,0,,
201902,御寒套装,1,"[
{
""String"" : ""制作并穿戴任意的#c7bbe3a御寒装备#n，#r例如@item_12312#@goal_1#·#r"",
""UnlockTaskId"" : 0,
},
{
""String"" : ""冰原地区温度非常寒冷，注意保暖"",
""UnlockTaskId"" : 0,
}
]","[
""制作并穿戴"",
""任意#c7bbe3a御寒装备#n@goal_1#""
]","[
{
""Index"" : 1,
""Type"" : 34,
""GoalID1"" : ""I_12312,I_12279,I_12313,I_12314,I_12315"",
""GoalNum"" : 1
}
]","[
{
""Index"" : 1,
""RewardType"" : 0,
""RewardID"" : 12623,
""RewardNum"" : 3
}
]",1,12312,201902,[4005002],0,,0,,
201903,抵达雪山脚,1,"[
{
""String"" : ""在迷拉星上踏入#c7bbe3a雪山底部#n生态#r"",
""UnlockTaskId"" : 0,
},
{
""String"" : ""准备上山！在大雪山的周围很有可能形成空洞，尝试在登山的过程中寻找洞穴吧！"",
""UnlockTaskId"" : 0,
}
]","[
""前往#c7bbe3a雪山底部#n""
]","[
{
""Index"" : 1,
""Type"" : 14,
""GoalID1"" : ""B_ICE_PLAINS_PEAK_PLAIN"",
""GoalNum"" : 1
}
]","[
{
""Index"" : 1,
""RewardType"" : 1,
""RewardID"" : 0,
""RewardNum"" : 100
}
]",1,160001,201903,[4005003],0,,0,,
201904,攀登主峰,1,"[
{
""String"" : ""在迷拉星上踏入#c7bbe3a雪山主峰#n生态#r"",
""UnlockTaskId"" : 0,
},
{
""String"" : ""一览众山小"",
""UnlockTaskId"" : 0,
}
]","[
""前往#c7bbe3a雪山主峰#n""
]","[
{
""Index"" : 1,
""Type"" : 14,
""GoalID1"" : ""B_ICE_PLAINS_HIGHEST_PEAK"",
""GoalNum"" : 1
}
]","[
{
""Index"" : 1,
""RewardType"" : 1,
""RewardID"" : 0,
""RewardNum"" : 100
}
]",1,122,201904,[4005004],0,,0,,
201905,天外来客？,1,"[
{
""String"" : ""战胜盘踞于雪山主峰的#c7bbe3a冰陨巨魔#n#r"",
""UnlockTaskId"" : 0,
},
{
""String"" : ""冰原村民常年受到#c7bbe3a冰陨巨魔#n的侵扰，若能打败他，村民们对你一定非常感激"",
""UnlockTaskId"" : 0,
}
]","[
""战胜#c7bbe3a冰陨巨魔#n""
]","[
{
""Index"" : 1,
""Type"" : 8,
""GoalID1"" : ""M_3517"",
""GoalNum"" : 1
}
]","[
{
""Index"" : 1,
""RewardType"" : 1,
""RewardID"" : 0,
""RewardNum"" : 500
}
]",1,#3517,201905,[4005005],0,,0,,
201906,热血沸腾,1,"[
{
""String"" : ""将@item_1389#放到#r"",
""UnlockTaskId"" : 0,
},
{
""String"" : ""@item_150001#或@item_150000#上进行强化#r"",
""UnlockTaskId"" : 0,
},
{
""String"" : ""村民每每经过装有@item_1389#的图腾，就会热血沸腾大大提高工作的积极性"",
""UnlockTaskId"" : 0,
}
]","[
""将@item_1389#放到"",
""@item_150000#上进行强化""
]","[
{
""Index"" : 1,
""Type"" : 17,
""GoalID1"" : ""I_1389"",
""GoalID2"" : ""I_150000,I_150001"",
""GoalNum"" : 1
}
]","[
{
""Index"" : 1,
""RewardType"" : 1,
""RewardID"" : 0,
""RewardNum"" : 100
}
]",1,1389,201906,[4005008],0,,0,,
202001,攀登副峰,1,"[
{
""String"" : ""在迷拉星上踏入#c7bbe3a雪山副峰#n生态#r"",
""UnlockTaskId"" : 0,
},
{
""String"" : ""比起迷拉星的其他山脉，雪山真的是相当的高"",
""UnlockTaskId"" : 0,
}
]","[
""前往#c7bbe3a雪山副峰#n""
]
","[
{
""Index"" : 1,
""Type"" : 14,
""GoalID1"" : ""B_ICE_PLAINS_SECOND_PEAK"",
""GoalNum"" : 1
}
]
","[
{
""Index"" : 1,
""RewardType"" : 1,
""RewardID"" : 0,
""RewardNum"" : 100
}
]",1,123,202001,[4005009],0,,0,,
202002,雪之庇佑,1,"[
{
""String"" : ""采集@item_764#@goal_1##r"",
""UnlockTaskId"" : 0,
},
{
""String"" : ""运气好的话能在雪山副峰能够找到@item_764#。作为符文强化的副材料，能够获得#c7bbe3a【庇护】#n类的效果"",
""UnlockTaskId"" : 0,
}
]","[
""在#c7bbe3a雪山副峰#n"",
""采集@item_764#@goal_1#""
]","[
{
""Index"" : 1,
""Type"" : 3,
""GoalID1"" : ""I_764"",
""GoalNum"" : 1
}
]","[
{
""Index"" : 1,
""RewardType"" : 0,
""RewardID"" : 764,
""RewardNum"" : 1
}
]",1,764,202002,[4005010],0,,0,,
202101,驱寒食物,1,"[
{
""String"" : ""寻找@item_761#"",
""UnlockTaskId"" : 0,
},
{
""String"" : ""用其烹饪@item_12534#@goal_1#"",
""UnlockTaskId"" : 0,
}
]","[
""用@item_761#烹饪"",
""@item_12534#@goal_1#""
]","[
{
""Index"" : 1,
""Type"" : 20,
""GoalID1"" : ""I_12534"",
""GoalNum"" : 1
}
]","[
{
""Index"" : 1,
""RewardType"" : 0,
""RewardID"" : 12534,
""RewardNum"" : 3
}
]",1,761,202101,[],0,,0,,
202102,驱散寒邪,1,"[
{
""String"" : ""只需要在被冻住的村民边上放置高温的东西，比如点燃的@item_1200#"",
""UnlockTaskId"" : 0,
},
{
""String"" : ""就可以将村民解冻#r"",
""UnlockTaskId"" : 0,
},
{
""String"" : ""给解冻的冰原村民喂食@item_12534#@goal_1##r"",
""UnlockTaskId"" : 0,
},
{
""String"" : ""食用@item_12534#能够帮助生物恢复体温"",
""UnlockTaskId"" : 0,
}
]","[
""在被冻住的村民边上#c7bbe3a放置火源#n"",
""#c7bbe3a解冻后#n，"",
""喂给村民@item_12534#@goal_1#""
]","[
{
""Index"" : 1,
""Type"" : 22,
""GoalID1"" : ""I_12534"",
""GoalID2"" : ""M_3236,M_3237,M_3238,M_3239"",
""GoalNum"" : 1
}
]","[
{
""Index"" : 1,
""RewardType"" : 0,
""RewardID"" : 12537,
""RewardNum"" : 3
}
]",1,12534,202102,[4005006],0,,0,,
202103,指挥基建,1,"[
{
""String"" : ""指挥村民建造房屋#r"",
""UnlockTaskId"" : 0,
},
{
""String"" : ""放置@item_150005#后,#r"",
""UnlockTaskId"" : 0,
},
{
""String"" : ""再将建筑图纸放入@item_150005#并填充所需材料#r"",
""UnlockTaskId"" : 0,
},
{
""String"" : ""便可以指挥工人村民或工人野人伙伴建造房屋"",
""UnlockTaskId"" : 0,
}
]","[
""在指挥村民建造房屋""
]","[
{
""Index"" : 1,
""Type"" : 30,
""GoalID1"" : 0,
""GoalNum"" : 1
}
]","[
{
""Index"" : 1,
""RewardType"" : 0,
""RewardID"" : 150026,
""RewardNum"" : 3
}
]",1,11616,202103,[4005007],0,,0,,
202201,聚物手套,1,"[
{
""String"" : ""制作@item_11231#@goal_1##r"",
""UnlockTaskId"" : 0,
},
{
""String"" : ""有了@item_11231#就能去推雪球玩了"",
""UnlockTaskId"" : 0,
}
]","[
""制作获得"",
""@item_11231#@goal_1#""
]","[
{
""Index"" : 1,
""Type"" : 3,
""GoalID1"" : ""I_11231"",
""GoalNum"" : 1
}
]","[
{
""Index"" : 1,
""RewardType"" : 0,
""RewardID"" : 11307,
""RewardNum"" : 3
}
]",1,11231,202201,[4005011],0,,0,,
202202,堆雪人,1,"[
{
""String"" : ""使用@item_11231#推雪球生成一个雪人#r"",
""UnlockTaskId"" : 0,
},
{
""String"" : ""当两个雪球堆到一起时，就能堆出雪人了"",
""UnlockTaskId"" : 0,
}
]","[
""使用@item_11231#推雪球生成一个雪人@goal_1#""
]","[
{
""Index"" : 1,
""Type"" : 12,
""GoalID1"" : 0,
""GoalNum"" : 1
}
]","[
{
""Index"" : 1,
""RewardType"" : 0,
""RewardID"" : 160001,
""RewardNum"" : 5
}
]",1,#3916,202202,[4005012],0,,0,,
202203,赋予生命,1,"[
{
""String"" : ""使用@item_12710#激活雪人@goal_1##r"",
""UnlockTaskId"" : 0,
},
{
""String"" : ""战胜冰灵守卫后获得的@item_12710#仍然带有一部分的生命力量#r"",
""UnlockTaskId"" : 0,
},
{
""String"" : ""将其放入雪人，便能赋予其生命"",
""UnlockTaskId"" : 0,
}
]","[
""使用@item_12710#激活雪人@goal_1#""
]
","[
{
""Index"" : 1,
""Type"" : 22,
""GoalID1"" : ""I_12710"",
""GoalID2"" : ""M_3916"",
""GoalNum"" : 1
}
]
","[
{
""Index"" : 1,
""RewardType"" : 0,
""RewardID"" : 12710,
""RewardNum"" : 1
}
]",1,12710,202203,[4005013],0,,0,,
202301,熔岩号角,1,"[
{
""String"" : ""制作@item_11215#@goal_1#"",
""UnlockTaskId"" : 0,
}
]","[
""制作获得"",
""@item_11215#@goal_1#""
]","[
{
""Index"" : 1,
""Type"" : 3,
""GoalID1"" : ""I_11215"",
""GoalNum"" : 1
}
]","[
{
""Index"" : 1,
""RewardType"" : 0,
""RewardID"" : 11330,
""RewardNum"" : 3
}
]",1,11215,202301,[1008004],0,,0,,
202302,难度提升！,1,"[
{
""String"" : ""用@item_11215#激活@item_765#!#r"",
""UnlockTaskId"" : 0,
},
{
""String"" : ""召唤#c7bbe3a熔岩黑龙#n"",
""UnlockTaskId"" : 0,
}
]","[
""用@item_11215#激活@item_765#!"",
""召唤#c7bbe3a熔岩黑龙#n""
]
","[
{
""Index"" : 1,
""Type"" : 17,
""GoalID1"" : ""I_11215"",
""GoalID2"" : ""I_765,I_740"",
""GoalNum"" : 1
}
]","[
{
""Index"" : 1,
""RewardType"" : 0,
""RewardID"" : 457,
""RewardNum"" : 1
}
]",1,11215,202302,[1008004],0,,0,,
202303,黑龙试炼Ⅱ,1,"[
{
""String"" : ""战胜#c7bbe3a熔岩黑龙#n！#r"",
""UnlockTaskId"" : 0,
},
{
""String"" : ""黑龙化身成熔岩形态开启第二次试炼，战胜它，变得更强！"",
""UnlockTaskId"" : 0,
}
]
","[
""用战胜#c7bbe3a熔岩黑龙#n！""
]","[
{
""Index"" : 1,
""Type"" : 8,
""GoalID1"" : ""M_3503"",
""GoalNum"" : 1
}
]","[
{
""Index"" : 1,
""RewardType"" : 0,
""RewardID"" : 11221,
""RewardNum"" : 3
}
]",1,#3503,202303,[1008005],0,,0,,
202304,混乱号角,1,"[
{
""String"" : ""制作@item_11216#@goal_1#"",
""UnlockTaskId"" : 0,
}
]","[
""制作获得"",
""@item_11216#@goal_1#""
]","[
{
""Index"" : 1,
""Type"" : 3,
""GoalID1"" : ""I_11216"",
""GoalNum"" : 1
}
]","[
{
""Index"" : 1,
""RewardType"" : 0,
""RewardID"" : 12759,
""RewardNum"" : 5
}
]",1,11216,202304,[1008006],0,,0,,
202305,难度拉满！,1,"[
{
""String"" : ""用@item_11216#激活@item_765#!#r"",
""UnlockTaskId"" : 0,
},
{
""String"" : ""召唤#c7bbe3a混乱黑龙#n"",
""UnlockTaskId"" : 0,
}
]","[
""用@item_11216#激活@item_765#!"",
""召唤#c7bbe3a混乱黑龙#n""
]
","[
{
""Index"" : 1,
""Type"" : 17,
""GoalID1"" : ""I_11216"",
""GoalID2"" : ""I_765,I_741"",
""GoalNum"" : 1
}
]","[
{
""Index"" : 1,
""RewardType"" : 0,
""RewardID"" : 180,
""RewardNum"" : 1
}
]",1,11216,202305,[1008006],0,,0,,
202306,黑龙试炼∞,1,"[
{
""String"" : ""战胜#c7bbe3a混乱黑龙#n！#r"",
""UnlockTaskId"" : 0,
},
{
""String"" : ""黑龙化身成混乱形态开启了第三级试炼，这是最难的考验了，需要充足的准备。"",
""UnlockTaskId"" : 0,
}
]
","[
""用战胜#c7bbe3a混乱黑龙#n！""
]","[
{
""Index"" : 1,
""Type"" : 8,
""GoalID1"" : ""M_3504"",
""GoalNum"" : 1
}
]","[
{
""Index"" : 1,
""RewardType"" : 0,
""RewardID"" : 11221,
""RewardNum"" : 10
}
]",1,#3504,202306,[1008007],0,,0,,
202401,耐热“蟹壳”,1,"[
{
""String"" : ""战胜焱焱蟹获得@item_12605#@goal_1#·#r"",
""UnlockTaskId"" : 0,
},
{
""String"" : ""焱焱蟹能在烈焰星如此之高的温度下生存，甚至能在岩浆中游泳，都离不开它身上这层神奇的坚壳"",
""UnlockTaskId"" : 0,
}
]","[
""战胜#c7bbe3a焱焱蟹#n"",
""获得@item_12605#@goal_1#""
]","[
{
""Index"" : 1,
""Type"" : 3,
""GoalID1"" : ""I_12605"",
""GoalNum"" : 3
}
]","[
{
""Index"" : 1,
""RewardType"" : 0,
""RewardID"" : 11307,
""RewardNum"" : 10
}
]",1,12605,202401,[1008008],0,,0,,
202402,装备防火背包,1,"[
{
""String"" : ""制作并穿戴@item_12277#@goal_1#·#r"",
""UnlockTaskId"" : 0,
},
{
""String"" : ""有了@item_12277#就能抵御#c7bbe3a烈焰星#n的高温了"",
""UnlockTaskId"" : 0,
}
]","[
""制作并穿戴"",
""@item_12277#@goal_1#""
]","[
{
""Index"" : 1,
""Type"" : 34,
""GoalID1"" : ""I_12277"",
""GoalNum"" : 1
}
]","[
{
""Index"" : 1,
""RewardType"" : 0,
""RewardID"" : 12605,
""RewardNum"" : 5
}
]",1,12277,202402,[1008009],0,,0,,
202501,融合台,1,"[
{
""String"" : ""制作并放置@item_150029#@goal_1#·#r"",
""UnlockTaskId"" : 0,
},
{
""String"" : ""通过战胜#c7bbe3a虚空使徒#n可以获得@item_11911#，"",
""UnlockTaskId"" : 0,
},
{
""String"" : ""@item_11911#是融合技术的核心材料"",
""UnlockTaskId"" : 0,
}
]","[
""制作获得"",
""@item_150029#@goal_1#n""
]","[
{
""Index"" : 1,
""Type"" : 3,
""GoalID1"" : ""I_150029"",
""GoalNum"" : 1
}
]","[
{
""Index"" : 1,
""RewardType"" : 0,
""RewardID"" : 11911,
""RewardNum"" : 3
}
]",1,150029,202501,[],0,,0,,
202502,融合充能,1,"[
{
""String"" : ""想要@item_150029#工作，就必须给它充能#r"",
""UnlockTaskId"" : 0,
},
{
""String"" : ""这就需要用到@item_11911#了#r"",
""UnlockTaskId"" : 0,
},
{
""String"" : ""手持@item_11911#点击@item_150029#@goal_1#，给其充能"",
""UnlockTaskId"" : 0,
},
{
""String"" : ""只要@item_150029#中有能量，就可以放入武器或工具，将其能力合二为一！"",
""UnlockTaskId"" : 0,
}
]","[
""用@item_11911#"",
""充能@item_150029#@goal_1#""
]","[
{
""Index"" : 1,
""Type"" : 17,
""GoalID1"" : ""I_11911"",
""GoalID2"" : ""I_150029"",
""GoalNum"" : 2
}
]","[
{
""Index"" : 1,
""RewardType"" : 0,
""RewardID"" : 11911,
""RewardNum"" : 3
}
]",1,11911,202502,[],0,,0,,
202601,宇宙商人,1,"[
{
""String"" : ""传闻荒无人烟的#c7bbe3a萌眼星#n上偶尔会遇到一些神秘的商人#r"",
""UnlockTaskId"" : 0,
},
{
""String"" : ""他们手上掌握着一些#c7bbe3a奇怪科技#n的图纸#r"",
""UnlockTaskId"" : 0,
},
{
""String"" : ""找到#c7bbe3a宇宙商人#n，并与其#c7bbe3a交易#n@goal_1#"",
""UnlockTaskId"" : 0,
}
]","[
""在#c7bbe3a萌眼星#n上"",
""与#c7bbe3a宇宙商人交易#n@goal_1#""
]","[
{
""Index"" : 1,
""Type"" : 23,
""GoalID1"" : ""M_3018"",
""GoalNum"" : 1
}
]","[
{
""Index"" : 1,
""RewardType"" : 1,
""RewardID"" : 0,
""RewardNum"" : 100
}
]",1,#3018,202601,[],0,,0,,
202701,驱离黑暗之物,1,"[
{
""String"" : ""制作获得@item_12599#@goal_1##r"",
""UnlockTaskId"" : 0,
},
{
""String"" : ""需要用到@item_797#进行加工"",
""UnlockTaskId"" : 0,
}
]","[
""制作获得"",
""@item_12599#@goal_1#""
]
","[
{
""Index"" : 1,
""Type"" : 3,
""GoalID1"" : ""I_12599"",
""GoalNum"" : 1
}
]","[
{
""Index"" : 1,
""RewardType"" : 0,
""RewardID"" : 11318,
""RewardNum"" : 1
}
]",1,12599,202701,[4001002],0,,0,,
202801,驱散诅咒—野人伙伴,1,"[
{
""String"" : ""使用@item_12599#敲击沉睡中的野人战士驱散诅咒，再请它吃@item_200141#。#r"",
""UnlockTaskId"" : 0,
},
{
""String"" : ""在夜晚用@item_1200#烤肉可以吸引野人战士，野人战士吃饱后就会在篝火边睡着……#r"",
""UnlockTaskId"" : 0,
},
{
""String"" : ""其实白天路边睡着的野人也可以解救……"",
""UnlockTaskId"" : 0,
}
]","[
""解救野人战士@goal_1#""
]
","[
{
""Index"" : 1,
""Type"" : 22,
""GoalID1"" : ""I_200141"",
""GoalID2"" : ""M_3200"",
""GoalNum"" : 1
}
]","[
{
""Index"" : 1,
""RewardType"" : 0,
""RewardID"" : 200141,
""RewardNum"" : 1
}
]",1,13439,202801,[4001003],0,,0,,
202802,转职樵夫,1,"[
{
""String"" : ""将@item_11003#@goal_1#交给野人伙伴#r"",
""UnlockTaskId"" : 0,
},
{
""String"" : ""手持@item_11003#点击野人伙伴，就可以交给它"",
""UnlockTaskId"" : 0,
}
]","[
""将@item_11003#@goal_1#交给野人伙伴""
]","[
{
""Index"" : 1,
""Type"" : 22,
""GoalID1"" : ""I_11003"",
""GoalID2"" : ""M_3200"",
""GoalNum"" : 1
}
]","[
{
""Index"" : 1,
""RewardType"" : 0,
""RewardID"" : 11209,
""RewardNum"" : 3
}
]",1,11003,202802,[4001004],0,,0,,
202803,樵夫工作区,1,"[
{
""String"" : ""放置@item_1204#@goal_1##r"",
""UnlockTaskId"" : 0,
},
{
""String"" : ""随后，樵夫就会在@item_1204#周围开展工作"",
""UnlockTaskId"" : 0,
}
]","[
""放置@item_1204#@goal_1#""
]","[
{
""Index"" : 1,
""Type"" : 17,
""GoalID1"" : ""I_1204"",
""GoalNum"" : 1
}
]","[
{
""Index"" : 1,
""RewardType"" : 0,
""RewardID"" : 12599,
""RewardNum"" : 1
}
]",1,1204,202803,[4001007],0,,0,,
202901,驱散诅咒—猎手伙伴,1,"[
{
""String"" : ""使用@item_12599#敲击沉睡中的野人投矛手驱散诅咒，再请它吃@item_200141#。#r"",
""UnlockTaskId"" : 0,
},
{
""String"" : ""在夜晚用@item_1200#烤肉可以吸引野人投矛手，野人投矛手吃饱后就会在篝火边睡着……#r"",
""UnlockTaskId"" : 0,
},
{
""String"" : ""其实白天路边睡着的野人也可以解救……"",
""UnlockTaskId"" : 0,
}
]","[
""解救野人投矛手@goal_1#""
]","[
{
""Index"" : 1,
""Type"" : 22,
""GoalID1"" : ""I_200141"",
""GoalID2"" : ""M_3201"",
""GoalNum"" : 1
}
]
","[
{
""Index"" : 1,
""RewardType"" : 0,
""RewardID"" : 200141,
""RewardNum"" : 1
}
]",1,13440,202901,[4001008],0,,0,,
202902,转职农夫,1,"[
{
""String"" : ""将@item_11033#@goal_1#交给猎手伙伴#r"",
""UnlockTaskId"" : 0,
},
{
""String"" : ""手持@item_11033#点击猎手伙伴，就可以交给它"",
""UnlockTaskId"" : 0,
}
]","[
""将@item_11033#@goal_1#交给猎手伙伴""
]","[
{
""Index"" : 1,
""Type"" : 22,
""GoalID1"" : ""I_11033"",
""GoalID2"" : ""M_3201"",
""GoalNum"" : 1
}
]","[
{
""Index"" : 1,
""RewardType"" : 0,
""RewardID"" : 11689,
""RewardNum"" : 5
}
]",1,11033,202902,[4001011],0,,0,,
202903,农夫工作区,1,"[
{
""String"" : ""放置@item_1203#@goal_1##r"",
""UnlockTaskId"" : 0,
},
{
""String"" : ""随后，农夫就会在@item_1203#周围开展工作"",
""UnlockTaskId"" : 0,
}
]","[
""放置@item_1203#@goal_1#""
]
","[
{
""Index"" : 1,
""Type"" : 17,
""GoalID1"" : ""I_1203"",
""GoalNum"" : 1
}
]","[
{
""Index"" : 1,
""RewardType"" : 0,
""RewardID"" : 12599,
""RewardNum"" : 1
}
]",1,1203,202903,[4001012],0,,0,,
203001,驱散诅咒—萌宝伙伴,1,"[
{
""String"" : ""使用@item_12599#敲击沉睡中的野萌宝驱散诅咒，再请它吃@item_200141#。#r"",
""UnlockTaskId"" : 0,
},
{
""String"" : ""在夜晚用@item_1200#烤肉可以吸引野萌宝，野萌宝吃饱后就会在篝火边睡着……#r"",
""UnlockTaskId"" : 0,
},
{
""String"" : ""其实白天路边睡着的野人也可以解救……"",
""UnlockTaskId"" : 0,
}
]","[
""解救野萌宝@goal_1#""
]","[
{
""Index"" : 1,
""Type"" : 22,
""GoalID1"" : ""I_200141"",
""GoalID2"" : ""M_3202"",
""GoalNum"" : 1
}
]","[
{
""Index"" : 1,
""RewardType"" : 0,
""RewardID"" : 200141,
""RewardNum"" : 1
}
]",1,13441,203001,[4001013],0,,0,,
203002,转职助手,1,"[
{
""String"" : ""将@item_797#@goal_1#交给萌宝伙伴#r"",
""UnlockTaskId"" : 0,
},
{
""String"" : ""手持@item_797#点击萌宝伙伴，就可以交给它"",
""UnlockTaskId"" : 0,
}
]","[
""将@item_797#@goal_1#交给萌宝伙伴""
]","[
{
""Index"" : 1,
""Type"" : 22,
""GoalID1"" : ""I_797"",
""GoalID2"" : ""M_3202"",
""GoalNum"" : 1
}
]","[
{
""Index"" : 1,
""RewardType"" : 0,
""RewardID"" : 11911,
""RewardNum"" : 1
}
]",1,797,203002,[4001014],0,,0,,
203101,转职守卫,1,"[
{
""String"" : ""将@item_12003#@goal_1#交给野人伙伴#r"",
""UnlockTaskId"" : 0,
},
{
""String"" : ""手持@item_12003#点击野人伙伴，就可以交给它"",
""UnlockTaskId"" : 0,
}
]","[
""将@item_12003#@goal_1#交给野人伙伴""
]","[
{
""Index"" : 1,
""Type"" : 22,
""GoalID1"" : ""I_12003"",
""GoalID2"" : ""M_3200"",
""GoalNum"" : 1
}
]","[
{
""Index"" : 1,
""RewardType"" : 0,
""RewardID"" : 11209,
""RewardNum"" : 3
}
]",1,12003,203101,[4001005],0,,0,,
203201,转职弓手,1,"[
{
""String"" : ""将@item_12050#@goal_1#交给猎手伙伴#r"",
""UnlockTaskId"" : 0,
},
{
""String"" : ""手持@item_12050#点击猎手伙伴，就可以交给它"",
""UnlockTaskId"" : 0,
}
]","[
""将@item_12050#@goal_1#交给猎手伙伴""
]","[
{
""Index"" : 1,
""Type"" : 22,
""GoalID1"" : ""I_12050"",
""GoalID2"" : ""M_3201"",
""GoalNum"" : 1
}
]","[
{
""Index"" : 1,
""RewardType"" : 0,
""RewardID"" : 11209,
""RewardNum"" : 3
}
]",1,12050,203201,[4001009],0,,0,,
203301,守卫工作区,1,"[
{
""String"" : ""放置@item_1205#@goal_1##r"",
""UnlockTaskId"" : 0,
},
{
""String"" : ""随后，守卫就会在@item_1205#周围开展工作"",
""UnlockTaskId"" : 0,
}
]","[
""放置@item_1205#@goal_1#""
]","[
{
""Index"" : 1,
""Type"" : 17,
""GoalID1"" : ""I_1205"",
""GoalNum"" : 1
}
]","[
{
""Index"" : 1,
""RewardType"" : 0,
""RewardID"" : 12599,
""RewardNum"" : 1
}
]",1,1205,203301,[4001010],0,,0,,
203401,建立部落,1,"[
{
""String"" : ""放置@item_1202#@goal_1##r"",
""UnlockTaskId"" : 0,
},
{
""String"" : ""此区域将成为伙伴的聚集地，伙伴会将物资存储在@item_1202#周围的箱子里"",
""UnlockTaskId"" : 0,
}
]","[
""放置@item_1202#@goal_1#""
]
","[
{
""Index"" : 1,
""Type"" : 17,
""GoalID1"" : ""I_1202"",
""GoalNum"" : 1
}
]","[
{
""Index"" : 1,
""RewardType"" : 1,
""RewardID"" : 0,
""RewardNum"" : 100
}
]",1,1202,203401,[4001015],0,,0,,
203501,谁在呼叫舰队,1,"[
{
""String"" : ""在迷拉星上找到#c7bbe3a铁穹舰队#n·#r"",
""UnlockTaskId"" : 0,
},
{
""String"" : ""传闻#c7bbe3a铁穹舰队#n的钢铁洪流无人能挡，登上舰艇时请务必小心"",
""UnlockTaskId"" : 0,
}
]","[
""找到#c7bbe3a铁穹舰队#n""
]","[
{
""Index"" : 1,
""Type"" : 14,
""GoalID1"" : ""B_BIOME_AIRSHIP"",
""GoalNum"" : 1
}
]","[
{
""Index"" : 1,
""RewardType"" : 1,
""RewardID"" : 0,
""RewardNum"" : 100
}
]",1,1989,203501,[],0,,0,,
203502,收集废料,1,"[
{
""String"" : ""战胜#c7bbe3a铁穹舰队#n上游荡的#c7bbe3a铁穹机兵#n·#r"",
""UnlockTaskId"" : 0,
},
{
""String"" : ""收集@item_11675#@goal_1#"",
""UnlockTaskId"" : 0,
}
]","[
""收集@item_11675#@goal_1#""
]","[
{
""Index"" : 1,
""Type"" : 3,
""GoalID1"" : ""I_11675"",
""GoalNum"" : 20
}
]","[
{
""Index"" : 1,
""RewardType"" : 1,
""RewardID"" : 0,
""RewardNum"" : 200
}
]",1,11675,203502,[],0,,0,,
203503,凝聚钢之魂,1,"[
{
""String"" : ""消耗收集来的@item_11675#·#r"",
""UnlockTaskId"" : 0,
},
{
""String"" : ""制作@item_11676#@goal_1#"",
""UnlockTaskId"" : 0,
}
]","[
""制作@item_11676#@goal_1#""
]","[
{
""Index"" : 1,
""Type"" : 3,
""GoalID1"" : ""I_11676"",
""GoalNum"" : 1
}
]","[
{
""Index"" : 1,
""RewardType"" : 0,
""RewardID"" : 11675,
""RewardNum"" : 10
}
]",1,11676,203503,[],0,,0,,
203504,呼叫母舰！,1,"[
{
""String"" : ""铁穹机兵残存的#c7bbe3a钢之魂#n都集中在@item_11676#里了#r"",
""UnlockTaskId"" : 0,
},
{
""String"" : ""在舰队中找到@item_150912#·#r"",
""UnlockTaskId"" : 0,
},
{
""String"" : ""把@item_11676#嵌入@item_150912#，呼叫#c7bbe3a母舰#n！"",
""UnlockTaskId"" : 0,
}
]","[
""将@item_11676#"",
""嵌入@item_150912#"",
""呼叫母舰！"",
]","[
{
""Index"" : 1,
""Type"" : 17,
""GoalID1"" : ""I_11676"",
""GoalID2"" : ""I_150912"",
""GoalNum"" : 1
}
]","[
{
""Index"" : 1,
""RewardType"" : 1,
""RewardID"" : 0,
""RewardNum"" : 100
}
]",1,150912,203504,[],0,,0,,
203505,决战终焉,1,"[
{
""String"" : ""登上#c7bbe3a母舰#n，战胜#c7bbe3a铁穹终焉巨像#n!#r"",
""UnlockTaskId"" : 0,
}
]","[
""战胜"",
""#c7bbe3a铁穹终焉巨像#n""
]","[
{
""Index"" : 1,
""Type"" : 8,
""GoalID1"" : ""M_3942"",
""GoalNum"" : 1
}
]","[
{
""Index"" : 1,
""RewardType"" : 1,
""RewardID"" : 0,
""RewardNum"" : 100
}
]",1,#3942,203505,[],0,,0,,
203506,初临星尘,1,"[
{
""String"": ""抵达#c7bbe3a星尘之境#n，在这片裂隙空间中开始冒险吧！"",
""UnlockTaskId"": 0
}
]","[
""抵达#c7bbe3a星尘之境#n""
]","[
{
""Index"": 1,
""Type"": 25,
""GoalID1"": ""P_3"",
""GoalNum"": 1
}
]","[
{
""Index"": 1,
""RewardType"": 1,
""RewardID"": 0,
""RewardNum"": 1
}
]",1,200254,,,[],0,0,,
203507,采集荧菇,1,"[
{
""String"": ""采集6个#c7bbe3a荧菇#n，储备冒险物资"",
""UnlockTaskId"": 0
}
]","[
""采集@item_200254#@goal_1#""
]","[
{
""Index"": 1,
""Type"": 3,
""GoalID1"": ""I_200254"",
""GoalNum"": 6
}
]","[
{
""Index"": 1,
""RewardType"": 1,
""RewardID"": 0,
""RewardNum"": 1
},
{
""Index"": 2,
""RewardType"": 0,
""RewardID"": 200254,
""RewardNum"": 2
}
]",1,200254,203507,,[],0,0,,
203508,照亮前路,1,"[
{
""String"": ""这里的永夜天气似乎没有太阳，我们需要制作#c7bbe3a提灯#n来照亮冒险的道路"",
""UnlockTaskId"": 0
}
]","[
""制作获得"",
""@item_11115#@goal_1#""
]","[
{
""Index"": 1,
""Type"": 3,
""GoalID1"": ""I_11115"",
""GoalNum"": 1
}
]","[
{
""Index"": 1,
""RewardType"": 1,
""RewardID"": 0,
""RewardNum"": 1
}
]",1,11115,203508,,[],0,0,,
203511,大魔法师,1,"[
{
""String"": ""据说这是星洛大法师曾经使用过的法杖，不知道握在手中时，能否体会到星落初到时的那份心境呢"",
""UnlockTaskId"": 0
}
]","[
""制作获得"",
""@item_11776#@goal_1#""
]","[
{
""Index"": 1,
""Type"": 3,
""GoalID1"": ""I_11776"",
""GoalNum"": 1
}
]","[
{
""Index"": 1,
""RewardType"": 1,
""RewardID"": 0,
""RewardNum"": 2
}
]",1,11776,203511,,[],0,0,,
203512,符文之力,1,"[
{
""String"": ""星尘之境的魔法气息相当浓郁，制作一批符文装备吧，它们能帮助你更好的施展各类法术"",
""UnlockTaskId"": 0
}
]","[
""制造符文服和符文裤各×1""
]","[
{
""Index"": 1,
""Type"": 3,
""GoalID1"": ""I_12321"",
""GoalNum"": 1
},
{
""Index"": 2,
""Type"": 3,
""GoalID1"": ""I_12322"",
""GoalNum"": 1
}
]","[
{
""Index"": 1,
""RewardType"": 1,
""RewardID"": 0,
""RewardNum"": 2
}
]",1,12321,203512,,[],0,0,,
203513,符文加身,1,"[
{
""String"": ""穿上符文装备，尽情释放你的魔法天赋吧！"",
""UnlockTaskId"": 0
}
]","[
""穿戴任意符文装备""
]","[
{
""Index"": 1,
""Type"": 34,
""GoalID1"": ""I_12321,I_12322,I_12320,I_12323"",
""GoalNum"": 1
}
]","[
{
""Index"": 1,
""RewardType"": 1,
""RewardID"": 0,
""RewardNum"": 2
}
]",1,12321,203513,,[],0,0,,
203514,蘑菇村来客,1,"[
{
""String"": ""听说有个村子的居民全是蘑菇变得，里面有格式各样的蘑菇人，还有机会拿到特色的蘑菇装备，今天去会会他们"",
""UnlockTaskId"": 0
}
]","[
""抵达#c7bbe3a蘑菇村#n""
]","[
{
""Index"": 1,
""Type"": 14,
""GoalID1"": ""B_MUSHROOM_VILLAGE"",
""GoalNum"": 1
}
]","[
{
""Index"": 1,
""RewardType"": 1,
""RewardID"": 0,
""RewardNum"": 1
}
]",1,200254,203514,,[],0,0,,
203517,初至四叶草村,1,"[
{
""String"": ""据传这#c7bbe3a四叶草村#n可是以前星洛大法师讲课布道的地方，现在那里还有她当年的弟子呢，百闻不如一见，去看看"",
""UnlockTaskId"": 0
}
]","[
""抵达#c7bbe3a四叶草村#n""
]","[
{
""Index"": 1,
""Type"": 14,
""GoalID1"": ""B_CATDOG_VILLAGE"",
""GoalNum"": 1
}
]","[
{
""Index"": 1,
""RewardType"": 1,
""RewardID"": 0,
""RewardNum"": 1
}
]",1,#3364,203517,,[],0,0,,
203519,老当益壮,1,"[
{
""String"": ""这#c7bbe3a老村长#n可是战力强大的法师，有他加入我们，必然是如虎添翼"",
""UnlockTaskId"": 0
}
]","[
""使用星璀璨流星招募老村长入队""
]","[
{
""Index"": 1,
""Type"": 10,
""GoalID1"": ""M_3364"",
""GoalNum"": 1
}
]","[
{
""Index"": 1,
""RewardType"": 1,
""RewardID"": 0,
""RewardNum"": 2
}
]",1,11712,203519,,[],0,0,,
203520,腐化堡垒,1,"[
{
""String"": ""#c7bbe3a碎岛边境#n是这片空间的外围，据传在边境的某处有一座魔法城堡，里面不时传出阵阵低语... 但每当我问蘑菇人们城堡的事，他们都沉默不语"",
""UnlockTaskId"": 0
}
]","[
""抵达#c7bbe3a碎岛边境#n""
]","[
{
""Index"": 1,
""Type"": 14,
""GoalID1"": ""B_STAR_FOREST_EDGE"",
""GoalNum"": 1
}
]","[
{
""Index"": 1,
""RewardType"": 1,
""RewardID"": 0,
""RewardNum"": 1
}
]",1,11774,203520,,[],0,0,,
203521,改朝换代,1,"[
{
""String"": ""城堡中有位被虚空腐蚀的旧日王者，击败他，将他从这无尽的折磨中解脱出来吧"",
""UnlockTaskId"": 0
}
]","[
""击败#c7bbe3a腐化蘑菇王#n""
]","[
{
""Index"": 1,
""Type"": 8,
""GoalID1"": ""M_3359"",
""GoalNum"": 1
}
]","[
{
""Index"": 1,
""RewardType"": 1,
""RewardID"": 0,
""RewardNum"": 10
},
{
""Index"": 2,
""RewardType"": 0,
""RewardID"": 12327,
""RewardNum"": 1
}
]",1,#3359,203521,,[],0,0,,
203522,捕捉之光,1,"[
{
""String"": ""制作一个#c7bbe3a蘑晶球#n，这是蘑晶凝结成的装备，有着捕捉野生生物并让其转变为伙伴的力量"",
""UnlockTaskId"": 0
}
]","[
""获得@item_15078#@goal_1#""
]","[
{
""Index"": 1,
""Type"": 3,
""GoalID1"": ""I_15078"",
""GoalNum"": 1
}
]","[
{
""Index"": 1,
""RewardType"": 1,
""RewardID"": 0,
""RewardNum"": 1
},
{
""Index"": 2,
""RewardType"": 0,
""RewardID"": 15078,
""RewardNum"": 1
}
]",1,15078,203522,,[],0,0,,
203523,神圣之兽,1,"[
{
""String"": ""使用#c7bbe3a蘑晶球#n捕捉一只野生独角兽——这么说来要是蘑晶球足够多，家里能开动物园了"",
""UnlockTaskId"": 0
}
]","[
""使用@item_15078#"",
""捕捉独角兽@goal_1#""
]","[
{
""Index"": 1,
""Type"": 3,
""GoalID1"": ""I_13347"",
""GoalNum"": 1
}
]","[
{
""Index"": 1,
""RewardType"": 1,
""RewardID"": 0,
""RewardNum"": 1
}
]",1,15078,203523,,[],0,0,,
203524,召唤伙伴,1,"[
{
""String"": ""这样高贵的生物会成为你前进的好伙伴，把他从蘑晶球里释放出来！"",
""UnlockTaskId"": 0
}
]","[
""召唤捕捉的独角兽""
]","[
{
""Index"": 1,
""Type"": 7,
""GoalID1"": ""I_13347"",
""GoalNum"": 1
}
]","[
{
""Index"": 1,
""RewardType"": 1,
""RewardID"": 0,
""RewardNum"": 2
}
]",1,15078,203524,,[],0,0,,
203525,破碎边缘,1,"[
{
""String"": ""去#c7bbe3a腐化遗岛#n吧，那是最接近虚空的地方。为何这里的虚空腐蚀如此严重？星洛大法师到底怎么了？也许你的一切疑问都将在那里得到解答..."",
""UnlockTaskId"": 0
}
]","[
""抵达#c7bbe3a腐化遗岛#n""
]","[
{
""Index"": 1,
""Type"": 14,
""GoalID1"": ""B_CORRUPTED_RUINS"",
""GoalNum"": 1
}
]","[
{
""Index"": 1,
""RewardType"": 1,
""RewardID"": 0,
""RewardNum"": 2
}
]",1,200411,203525,,[],0,0,,
203526,破除诅咒,1,"[
{
""String"": ""原来虚空女巫就是...不，我们还有机会，只要战胜她我们还有机会挽回这一切！"",
""UnlockTaskId"": 0
}
]","[
""击败#c7bbe3a虚空女巫#n""
]","[
{
""Index"": 1,
""Type"": 8,
""GoalID1"": ""M_3943"",
""GoalNum"": 1
}
]","[
{
""Index"": 1,
""RewardType"": 1,
""RewardID"": 0,
""RewardNum"": 10
}
]",1,#3943,203526,,[],0,0,,
203527,最终审判,1,"[
{
""String"": ""原来这只虚空魔眼就是一切的罪魁祸首，多少新仇旧恨，都将在此刻清算"",
""UnlockTaskId"": 0
}
]","[
""击败#c7bbe3a虚空之眼#n""
]","[
{
""Index"": 1,
""Type"": 8,
""GoalID1"": ""M_3944"",
""GoalNum"": 1
}
]","[
{
""Index"": 1,
""RewardType"": 1,
""RewardID"": 0,
""RewardNum"": 10
}
]",1,#3944,203527,,[],0,0,,
203528,风平浪静,1,"[
{
""String"": ""终于迎回了我们的#c7bbe3a星洛法师#n，去拜访下她吧，看看她那儿有什么故事——或有什么货品"",
""UnlockTaskId"": 0
}
]","[
""与星洛法师交流""
]","[
{
""Index"": 1,
""Type"": 22,
""GoalID1"": ""0"",
""GoalID2"": ""M_3946"",
""GoalNum"": 1
}
]","[
{
""Index"": 1,
""RewardType"": 1,
""RewardID"": 0,
""RewardNum"": 1
}
]",1,#3946,203528,,[],0,0,,
300101,抵达迷拉星,2,"[
{
""String"" : ""终于到迷拉星了"",
""UnlockTaskId"" : 0,
}
]","[
""终于到迷拉星了""
]","[
{
""Index"" : 1,
""Type"" : 24,
""GoalID1"" : 0,
""GoalNum"" : 1
}
]","[
{
""Index"" : 1,
""RewardType"" : 1,
""RewardID"" : 0,
""RewardNum"" : 100
}
]",2,595,,[],0,,0,,
300201,抵达烈焰星,2,"[
{
""String"" : ""终于到烈焰星了"",
""UnlockTaskId"" : 0,
}
]","[
""终于到烈焰星了""
]
","[
{
""Index"" : 1,
""Type"" : 25,
""GoalID1"" : ""P_1"",
""GoalNum"" : 1
}
]","[
{
""Index"" : 1,
""RewardType"" : 1,
""RewardID"" : 0,
""RewardNum"" : 100
}
]",2,124,,[1008001],0,,0,,
300301,抵达萌眼星,2,"[
{
""String"" : ""终于到萌眼星了"",
""UnlockTaskId"" : 0,
}
]","[
""终于到萌眼星了""
]","[
{
""Index"" : 1,
""Type"" : 25,
""GoalID1"" : ""P_2"",
""GoalNum"" : 1
}
]","[
{
""Index"" : 1,
""RewardType"" : 1,
""RewardID"" : 0,
""RewardNum"" : 100
}
]",2,118,,[1009001],0,,0,,
300401,烧烤大师1,2,"[
{
""String"" : ""用篝火烤制各种@item_12513#和@item_12496#@goal_1#吧"",
""UnlockTaskId"" : 0,
}
]
","[
""烤制各种@item_12513#和@item_12496#@goal_1#""
]","[
{
""Index"" : 1,
""Type"" : 20,
""GoalID1"" : ""IG_12513,IG_12496"",
""GoalNum"" : 3
}
]","[
{
""Index"" : 1,
""RewardType"" : 1,
""RewardID"" : 0,
""RewardNum"" : 10
}
]",2,12513,,[],0,,0,,
300402,烧烤大师2,2,"[
{
""String"" : ""用篝火烤制各种@item_12513#和@item_12496#@goal_1#吧"",
""UnlockTaskId"" : 0,
}
]
","[
""烤制各种@item_12513#和@item_12496#@goal_1#""
]","[
{
""Index"" : 1,
""Type"" : 20,
""GoalID1"" : ""IG_12513,IG_12496"",
""GoalNum"" : 50
}
]","[
{
""Index"" : 1,
""RewardType"" : 1,
""RewardID"" : 0,
""RewardNum"" : 50
}
]",2,12513,,[],0,,0,,
300403,烧烤大师3,2,"[
{
""String"" : ""用篝火烤制各种@item_12513#和@item_12496#@goal_1#吧"",
""UnlockTaskId"" : 0,
}
]
","[
""烤制各种@item_12513#和@item_12496#@goal_1#""
]","[
{
""Index"" : 1,
""Type"" : 20,
""GoalID1"" : ""IG_12513,IG_12496"",
""GoalNum"" : 100
}
]","[
{
""Index"" : 1,
""RewardType"" : 1,
""RewardID"" : 0,
""RewardNum"" : 100
}
]",2,12513,,[],0,,0,,
300404,烧烤大师4,2,"[
{
""String"" : ""用篝火烤制各种@item_12513#和@item_12496#@goal_1#吧"",
""UnlockTaskId"" : 0,
}
]
","[
""烤制各种@item_12513#和@item_12496#@goal_1#""
]","[
{
""Index"" : 1,
""Type"" : 20,
""GoalID1"" : ""IG_12513,IG_12496"",
""GoalNum"" : 500
}
]","[
{
""Index"" : 1,
""RewardType"" : 1,
""RewardID"" : 0,
""RewardNum"" : 500
}
]",2,12513,,[],0,,0,,
300405,烧烤大师5,2,"[
{
""String"" : ""用篝火烤制各种@item_12513#和@item_12496#@goal_1#吧"",
""UnlockTaskId"" : 0,
}
]
","[
""烤制各种@item_12513#和@item_12496#@goal_1#""
]","[
{
""Index"" : 1,
""Type"" : 20,
""GoalID1"" : ""IG_12513,IG_12496"",
""GoalNum"" : 1000
}
]","[
{
""Index"" : 1,
""RewardType"" : 1,
""RewardID"" : 0,
""RewardNum"" : 1000
}
]",2,12513,,[],0,,0,,
300501,烤呆呆鱼,2,"[
{
""String"" : ""用篝火烤取@item_12521#@goal_1#吧"",
""UnlockTaskId"" : 0,
}
]
","[
""烤取@item_12521#@goal_1#""
]","[
{
""Index"" : 1,
""Type"" : 20,
""GoalID1"" : ""I_12521"",
""GoalNum"" : 10
}
]","[
{
""Index"" : 1,
""RewardType"" : 0,
""RewardID"" : 12521,
""RewardNum"" : 5
}
]",2,12521,,[2007016],0,,0,,
300502,烤丑丑鱼,2,"[
{
""String"" : ""用篝火烤取@item_12705#@goal_1#吧"",
""UnlockTaskId"" : 0,
}
]
","[
""烤取@item_12705#@goal_1#""
]","[
{
""Index"" : 1,
""Type"" : 20,
""GoalID1"" : ""I_12705"",
""GoalNum"" : 10
}
]","[
{
""Index"" : 1,
""RewardType"" : 0,
""RewardID"" : 12705,
""RewardNum"" : 5
}
]",2,12705,,[2007019],0,,0,,
300503,烤奇奇鱼,2,"[
{
""String"" : ""用篝火烤取@item_12706#@goal_1#吧"",
""UnlockTaskId"" : 0,
}
]
","[
""烤取@item_12706#@goal_1#""
]","[
{
""Index"" : 1,
""Type"" : 20,
""GoalID1"" : ""I_12706"",
""GoalNum"" : 10
}
]","[
{
""Index"" : 1,
""RewardType"" : 0,
""RewardID"" : 12706,
""RewardNum"" : 5
}
]",2,12706,,[2007022],0,,0,,
300601,烤沃沃兽肉,2,"[
{
""String"" : ""用篝火烤取@item_12517#@goal_1#吧"",
""UnlockTaskId"" : 0,
}
]
","[
""烤取@item_12517#@goal_1#""
]","[
{
""Index"" : 1,
""Type"" : 20,
""GoalID1"" : ""I_12517"",
""GoalNum"" : 10
}
]","[
{
""Index"" : 1,
""RewardType"" : 0,
""RewardID"" : 12517,
""RewardNum"" : 5
}
]",2,12517,,[2007001],0,,0,,
300602,烤嘟嘟鸟肉,2,"[
{
""String"" : ""用篝火烤取@item_12519#@goal_1#吧"",
""UnlockTaskId"" : 0,
}
]
","[
""烤取@item_12519#@goal_1#""
]","[
{
""Index"" : 1,
""Type"" : 20,
""GoalID1"" : ""I_12519"",
""GoalNum"" : 10
}
]","[
{
""Index"" : 1,
""RewardType"" : 0,
""RewardID"" : 12519,
""RewardNum"" : 5
}
]",2,12519,,[2007004],0,,0,,
300603,烤角鹿肉,2,"[
{
""String"" : ""用篝火烤取@item_12531#@goal_1#吧"",
""UnlockTaskId"" : 0,
}
]
","[
""烤取@item_12531#@goal_1#""
]","[
{
""Index"" : 1,
""Type"" : 20,
""GoalID1"" : ""I_12531"",
""GoalNum"" : 10
}
]","[
{
""Index"" : 1,
""RewardType"" : 0,
""RewardID"" : 12531,
""RewardNum"" : 5
}
]",2,12531,,[2007007],0,,0,,
300604,烤墩墩肉,2,"[
{
""String"" : ""用篝火烤取@item_12523#@goal_1#吧"",
""UnlockTaskId"" : 0,
}
]
","[
""烤取@item_12523#@goal_1#""
]","[
{
""Index"" : 1,
""Type"" : 20,
""GoalID1"" : ""I_12523"",
""GoalNum"" : 10
}
]","[
{
""Index"" : 1,
""RewardType"" : 0,
""RewardID"" : 12523,
""RewardNum"" : 5
}
]",2,12523,,[2007010],0,,0,,
300605,烤鸵鸟腿,2,"[
{
""String"" : ""用篝火烤取@item_12608#@goal_1#吧"",
""UnlockTaskId"" : 0,
}
]
","[
""烤取@item_12608#@goal_1#""
]","[
{
""Index"" : 1,
""Type"" : 20,
""GoalID1"" : ""I_12608"",
""GoalNum"" : 10
}
]","[
{
""Index"" : 1,
""RewardType"" : 0,
""RewardID"" : 12608,
""RewardNum"" : 5
}
]",2,12608,,[2007013],0,,0,,
300701,锅烹饪1,2,"[
{
""String"" : ""用@item_200108#或@item_200109#烹饪各种食物@goal_1#吧"",
""UnlockTaskId"" : 0,
}
]
","[
""用锅烹饪各种食物@goal_1#""
]","[
{
""Index"" : 1,
""Type"" : 20,
""GoalID1"" : 0,
""GoalNum"" : 3
}
]","[
{
""Index"" : 1,
""RewardType"" : 1,
""RewardID"" : 0,
""RewardNum"" : 10
}
]",2,200108,,[],0,,0,,
300702,锅烹饪2,2,"[
{
""String"" : ""用@item_200108#或@item_200109#烹饪各种食物@goal_1#吧"",
""UnlockTaskId"" : 0,
}
]
","[
""用锅烹饪各种食物@goal_1#""
]","[
{
""Index"" : 1,
""Type"" : 20,
""GoalID1"" : 0,
""GoalNum"" : 50
}
]","[
{
""Index"" : 1,
""RewardType"" : 1,
""RewardID"" : 0,
""RewardNum"" : 100
}
]",2,200108,,[],0,,0,,
300703,锅烹饪3,2,"[
{
""String"" : ""用@item_200108#或@item_200109#烹饪各种食物@goal_1#吧"",
""UnlockTaskId"" : 0,
}
]
","[
""用锅烹饪各种食物@goal_1#""
]","[
{
""Index"" : 1,
""Type"" : 20,
""GoalID1"" : 0,
""GoalNum"" : 100
}
]","[
{
""Index"" : 1,
""RewardType"" : 1,
""RewardID"" : 0,
""RewardNum"" : 200
}
]",2,200108,,[],0,,0,,
300704,锅烹饪4,2,"[
{
""String"" : ""用@item_200108#或@item_200109#烹饪各种食物@goal_1#吧"",
""UnlockTaskId"" : 0,
}
]
","[
""用锅烹饪各种食物@goal_1#""
]","[
{
""Index"" : 1,
""Type"" : 20,
""GoalID1"" : 0,
""GoalNum"" : 500
}
]","[
{
""Index"" : 1,
""RewardType"" : 1,
""RewardID"" : 0,
""RewardNum"" : 500
}
]",2,200109,,[],0,,0,,
300705,锅烹饪5,2,"[
{
""String"" : ""用@item_200108#或@item_200109#烹饪各种食物@goal_1#吧"",
""UnlockTaskId"" : 0,
}
]
","[
""用锅烹饪各种食物@goal_1#""
]","[
{
""Index"" : 1,
""Type"" : 20,
""GoalID1"" : 0,
""GoalNum"" : 1000
}
]","[
{
""Index"" : 1,
""RewardType"" : 1,
""RewardID"" : 0,
""RewardNum"" : 1000
}
]",2,200109,,[],0,,0,,
300801,豪华海鲜果蔬盖饭,2,"[
{
""String"" : ""用@item_200108#或@item_200109#烹饪超级美味"",
""UnlockTaskId"" : 0,
},
{
""String"" : ""@item_150178#@goal_1#"",
""UnlockTaskId"" : 0,
}
]","[
""用锅烹饪@item_150178#@goal_1#""
]","[
{
""Index"" : 1,
""Type"" : 20,
""GoalID1"" : ""I_150178"",
""GoalNum"" : 1
}
]","[
{
""Index"" : 1,
""RewardType"" : 1,
""RewardID"" : 0,
""RewardNum"" : 10
}
]",2,150178,,[],0,,0,,
300802,蔬果披萨,2,"[
{
""String"" : ""用@item_200108#或@item_200109#烹饪超级美味"",
""UnlockTaskId"" : 0,
},
{
""String"" : ""@item_831#@goal_1#"",
""UnlockTaskId"" : 0,
}
]","[
""用锅烹饪@item_831#@goal_1#""
]","[
{
""Index"" : 1,
""Type"" : 20,
""GoalID1"" : ""I_831"",
""GoalNum"" : 1
}
]","[
{
""Index"" : 1,
""RewardType"" : 1,
""RewardID"" : 0,
""RewardNum"" : 10
}
]",2,831,,[],0,,0,,
300803,豪华海陆果蔬拼盘,2,"[
{
""String"" : ""用@item_200108#或@item_200109#烹饪超级美味"",
""UnlockTaskId"" : 0,
},
{
""String"" : ""@item_150166#@goal_1#"",
""UnlockTaskId"" : 0,
}
]","[
""用锅烹饪@item_150166#@goal_1#""
]","[
{
""Index"" : 1,
""Type"" : 20,
""GoalID1"" : ""I_150166"",
""GoalNum"" : 1
}
]","[
{
""Index"" : 1,
""RewardType"" : 1,
""RewardID"" : 0,
""RewardNum"" : 10
}
]",2,150166,,[],0,,0,,
300804,香溢巨布鲁果派,2,"[
{
""String"" : ""用@item_200108#或@item_200109#烹饪超级美味"",
""UnlockTaskId"" : 0,
},
{
""String"" : ""@item_12552#@goal_1#"",
""UnlockTaskId"" : 0,
}
]","[
""用锅烹饪@item_12552#@goal_1#""
]","[
{
""Index"" : 1,
""Type"" : 20,
""GoalID1"" : ""I_12552"",
""GoalNum"" : 1
}
]","[
{
""Index"" : 1,
""RewardType"" : 1,
""RewardID"" : 0,
""RewardNum"" : 10
}
]",2,12552,,[],0,,0,,
300805,豪华煎肉排,2,"[
{
""String"" : ""用@item_200108#或@item_200109#烹饪超级美味"",
""UnlockTaskId"" : 0,
},
{
""String"" : ""@item_150189#@goal_1#"",
""UnlockTaskId"" : 0,
}
]","[
""用锅烹饪@item_150189#@goal_1#""
]","[
{
""Index"" : 1,
""Type"" : 20,
""GoalID1"" : ""I_150189"",
""GoalNum"" : 1
}
]","[
{
""Index"" : 1,
""RewardType"" : 1,
""RewardID"" : 0,
""RewardNum"" : 10
}
]",2,150189,,[],0,,0,,
300806,豪华大碗饭,2,"[
{
""String"" : ""用@item_200108#或@item_200109#烹饪超级美味"",
""UnlockTaskId"" : 0,
},
{
""String"" : ""@item_150184#@goal_1#"",
""UnlockTaskId"" : 0,
}
]","[
""用锅烹饪@item_150184#@goal_1#""
]","[
{
""Index"" : 1,
""Type"" : 20,
""GoalID1"" : ""I_150184"",
""GoalNum"" : 1
}
]","[
{
""Index"" : 1,
""RewardType"" : 1,
""RewardID"" : 0,
""RewardNum"" : 10
}
]",2,150184,,[],0,,0,,
300901,耕地种植1,2,"[
{
""String"" : ""在@item_102#里种植@goal_1#"",
""UnlockTaskId"" : 0,
}
]","[
""在@item_102#里种植@goal_1#""
]","[
{
""Index"" : 1,
""Type"" : 17,
""GoalID1"" : 0,
""GoalID2"" : ""I_102"",
""GoalNum"" : 10
}
]","[
{
""Index"" : 1,
""RewardType"" : 1,
""RewardID"" : 0,
""RewardNum"" : 10
}
]",2,102,,[],0,,0,,
300902,耕地种植2,2,"[
{
""String"" : ""在@item_102#里种植@goal_1#"",
""UnlockTaskId"" : 0,
}
]","[
""在@item_102#里种植@goal_1#""
]","[
{
""Index"" : 1,
""Type"" : 17,
""GoalID1"" : 0,
""GoalID2"" : ""I_102"",
""GoalNum"" : 50
}
]","[
{
""Index"" : 1,
""RewardType"" : 1,
""RewardID"" : 0,
""RewardNum"" : 50
}
]",2,102,,[],0,,0,,
300903,耕地种植3,2,"[
{
""String"" : ""在@item_102#里种植@goal_1#"",
""UnlockTaskId"" : 0,
}
]","[
""在@item_102#里种植@goal_1#""
]","[
{
""Index"" : 1,
""Type"" : 17,
""GoalID1"" : 0,
""GoalID2"" : ""I_102"",
""GoalNum"" : 100
}
]","[
{
""Index"" : 1,
""RewardType"" : 1,
""RewardID"" : 0,
""RewardNum"" : 100
}
]",2,102,,[],0,,0,,
300904,耕地种植4,2,"[
{
""String"" : ""在@item_102#里种植@goal_1#"",
""UnlockTaskId"" : 0,
}
]","[
""在@item_102#里种植@goal_1#""
]","[
{
""Index"" : 1,
""Type"" : 17,
""GoalID1"" : 0,
""GoalID2"" : ""I_102"",
""GoalNum"" : 500
}
]","[
{
""Index"" : 1,
""RewardType"" : 1,
""RewardID"" : 0,
""RewardNum"" : 500
}
]",2,102,,[],0,,0,,
300905,耕地种植5,2,"[
{
""String"" : ""在@item_102#里种植@goal_1#"",
""UnlockTaskId"" : 0,
}
]","[
""在@item_102#里种植@goal_1#""
]","[
{
""Index"" : 1,
""Type"" : 17,
""GoalID1"" : 0,
""GoalID2"" : ""I_102"",
""GoalNum"" : 1000
}
]","[
{
""Index"" : 1,
""RewardType"" : 1,
""RewardID"" : 0,
""RewardNum"" : 1000
}
]",2,102,,[],0,,0,,
301001,土坑种植1,2,"[
{
""String"" : ""在@item_103#里种植@goal_1#"",
""UnlockTaskId"" : 0,
}
]","[
""在@item_103#里种植@goal_1#""
]","[
{
""Index"" : 1,
""Type"" : 17,
""GoalID1"" : 0,
""GoalID2"" : ""I_103"",
""GoalNum"" : 10
}
]","[
{
""Index"" : 1,
""RewardType"" : 1,
""RewardID"" : 0,
""RewardNum"" : 10
}
]",2,103,,[],0,,0,,
301002,土坑种植2,2,"[
{
""String"" : ""在@item_103#里种植@goal_1#"",
""UnlockTaskId"" : 0,
}
]","[
""在@item_103#里种植@goal_1#""
]","[
{
""Index"" : 1,
""Type"" : 17,
""GoalID1"" : 0,
""GoalID2"" : ""I_103"",
""GoalNum"" : 50
}
]","[
{
""Index"" : 1,
""RewardType"" : 1,
""RewardID"" : 0,
""RewardNum"" : 50
}
]",2,103,,[],0,,0,,
301003,土坑种植3,2,"[
{
""String"" : ""在@item_103#里种植@goal_1#"",
""UnlockTaskId"" : 0,
}
]","[
""在@item_103#里种植@goal_1#""
]","[
{
""Index"" : 1,
""Type"" : 17,
""GoalID1"" : 0,
""GoalID2"" : ""I_103"",
""GoalNum"" : 100
}
]","[
{
""Index"" : 1,
""RewardType"" : 1,
""RewardID"" : 0,
""RewardNum"" : 100
}
]",2,103,,[],0,,0,,
301004,土坑种植4,2,"[
{
""String"" : ""在@item_103#里种植@goal_1#"",
""UnlockTaskId"" : 0,
}
]","[
""在@item_103#里种植@goal_1#""
]","[
{
""Index"" : 1,
""Type"" : 17,
""GoalID1"" : 0,
""GoalID2"" : ""I_103"",
""GoalNum"" : 500
}
]","[
{
""Index"" : 1,
""RewardType"" : 1,
""RewardID"" : 0,
""RewardNum"" : 500
}
]",2,103,,[],0,,0,,
301005,土坑种植5,2,"[
{
""String"" : ""在@item_103#里种植@goal_1#"",
""UnlockTaskId"" : 0,
}
]","[
""在@item_103#里种植@goal_1#""
]","[
{
""Index"" : 1,
""Type"" : 17,
""GoalID1"" : 0,
""GoalID2"" : ""I_103"",
""GoalNum"" : 1000
}
]","[
{
""Index"" : 1,
""RewardType"" : 1,
""RewardID"" : 0,
""RewardNum"" : 1000
}
]",2,103,,[],0,,0,,
301101,种出玉米,2,"[
{
""String"" : ""在@item_102#里种出@item_200141#@goal_1#"",
""UnlockTaskId"" : 0,
}
]","[
""种出@item_200141#@goal_1#""
]","[
{
""Index"" : 1,
""Type"" : 32,
""GoalID1"" : ""I_200140"",
""GoalNum"" : 10
}
]","[
{
""Index"" : 1,
""RewardType"" : 0,
""RewardID"" : 11689,
""RewardNum"" : 10
}
]",2,229,,[],0,,0,,
301102,种出番薯,2,"[
{
""String"" : ""在@item_102#里种出@item_200147#@goal_1#"",
""UnlockTaskId"" : 0,
}
]","[
""种出@item_200147#@goal_1#""
]","[
{
""Index"" : 1,
""Type"" : 32,
""GoalID1"" : ""I_200146"",
""GoalNum"" : 10
}
]","[
{
""Index"" : 1,
""RewardType"" : 0,
""RewardID"" : 11691,
""RewardNum"" : 7
}
]",2,241,,[],0,,0,,
301103,种出青瓜,2,"[
{
""String"" : ""在@item_102#上的@item_153000#种出@item_200122#@goal_1#"",
""UnlockTaskId"" : 0,
}
]","[
""种出@item_200122#@goal_1#""
]","[
{
""Index"" : 1,
""Type"" : 32,
""GoalID1"" : ""I_200143"",
""GoalNum"" : 10
}
]","[
{
""Index"" : 1,
""RewardType"" : 0,
""RewardID"" : 11690,
""RewardNum"" : 10
}
]",2,200144,,[],0,,0,,
301104,种出水稻,2,"[
{
""String"" : ""在@item_102#里种出@item_200150#@goal_1#"",
""UnlockTaskId"" : 0,
}
]","[
""种出@item_200150#@goal_1#""
]","[
{
""Index"" : 1,
""Type"" : 32,
""GoalID1"" : ""I_200149"",
""GoalNum"" : 10
}
]","[
{
""Index"" : 1,
""RewardType"" : 0,
""RewardID"" : 11692,
""RewardNum"" : 10
}
]",2,200150,,[],0,,0,,
301105,种出番茄,2,"[
{
""String"" : ""在@item_102#上的@item_153000#种出@item_200119#@goal_1#"",
""UnlockTaskId"" : 0,
}
]","[
""种出@item_200119#@goal_1#""
]","[
{
""Index"" : 1,
""Type"" : 32,
""GoalID1"" : ""I_200118"",
""GoalNum"" : 10
}
]","[
{
""Index"" : 1,
""RewardType"" : 0,
""RewardID"" : 11682,
""RewardNum"" : 7
}
]",2,200119,,[],0,,0,,
301106,种出胡萝卜,2,"[
{
""String"" : ""在@item_102#里种出@item_200122#@goal_1#"",
""UnlockTaskId"" : 0,
}
]","[
""种出@item_200122#@goal_1#""
]","[
{
""Index"" : 1,
""Type"" : 32,
""GoalID1"" : ""I_200121"",
""GoalNum"" : 10
}
]","[
{
""Index"" : 1,
""RewardType"" : 0,
""RewardID"" : 11683,
""RewardNum"" : 7
}
]",2,200122,,[],0,,0,,
301107,种出南瓜,2,"[
{
""String"" : ""在@item_102#里种出@item_200125#@goal_1#"",
""UnlockTaskId"" : 0,
}
]","[
""种出@item_200125#@goal_1#""
]","[
{
""Index"" : 1,
""Type"" : 32,
""GoalID1"" : ""I_200124"",
""GoalNum"" : 10
}
]","[
{
""Index"" : 1,
""RewardType"" : 0,
""RewardID"" : 11684,
""RewardNum"" : 7
}
]",2,200125,,[],0,,0,,
301108,种出莲藕,2,"[
{
""String"" : ""在水中种出@item_200132#@goal_1#"",
""UnlockTaskId"" : 0,
}
]","[
""种出@item_200132#@goal_1#""
]","[
{
""Index"" : 1,
""Type"" : 32,
""GoalID1"" : ""I_200131"",
""GoalNum"" : 10
}
]","[
{
""Index"" : 1,
""RewardType"" : 0,
""RewardID"" : 11686,
""RewardNum"" : 10
}
]",2,200132,,[],0,,0,,
301109,种出萝卜王,2,"[
{
""String"" : ""在@item_102#里种出@item_200156#@goal_1#"",
""UnlockTaskId"" : 0,
}
]","[
""种出@item_200156#@goal_1#""
]","[
{
""Index"" : 1,
""Type"" : 32,
""GoalID1"" : ""I_200155"",
""GoalNum"" : 10
}
]","[
{
""Index"" : 1,
""RewardType"" : 0,
""RewardID"" : 11694,
""RewardNum"" : 5
}
]",2,200156,,[],0,,0,,
301110,种出日光番茄,2,"[
{
""String"" : ""在@item_102#上的@item_153000#种出@item_200167#@goal_1#"",
""UnlockTaskId"" : 0,
}
]","[
""种出@item_200167#@goal_1#""
]","[
{
""Index"" : 1,
""Type"" : 32,
""GoalID1"" : ""I_200166"",
""GoalNum"" : 10
}
]","[
{
""Index"" : 1,
""RewardType"" : 0,
""RewardID"" : 11695,
""RewardNum"" : 5
}
]",2,200167,,[],0,,0,,
301111,种出杂交水稻,2,"[
{
""String"" : ""在水中种出@item_200170#@goal_1#"",
""UnlockTaskId"" : 0,
}
]","[
""种出@item_200170#@goal_1#""
]","[
{
""Index"" : 1,
""Type"" : 32,
""GoalID1"" : ""I_200169"",
""GoalNum"" : 10
}
]","[
{
""Index"" : 1,
""RewardType"" : 0,
""RewardID"" : 11696,
""RewardNum"" : 10
}
]",2,200170,,[],0,,0,,
301112,种出精致玉米,2,"[
{
""String"" : ""在@item_102#里种出@item_200183#@goal_1#"",
""UnlockTaskId"" : 0,
}
]","[
""种出@item_200183#@goal_1#""
]","[
{
""Index"" : 1,
""Type"" : 32,
""GoalID1"" : ""I_200182"",
""GoalNum"" : 10
}
]","[
{
""Index"" : 1,
""RewardType"" : 0,
""RewardID"" : 11700,
""RewardNum"" : 5
}
]",2,200183,,[],0,,0,,
301201,种巨鳞羽果,2,"[
{
""String"" : ""在@item_102#里种出@item_239#@goal_1#"",
""UnlockTaskId"" : 0,
}
]","[
""种出@item_239#@goal_1#""
]","[
{
""Index"" : 1,
""Type"" : 32,
""GoalID1"" : ""I_240"",
""GoalNum"" : 10
}
]","[
{
""Index"" : 1,
""RewardType"" : 0,
""RewardID"" : 12508,
""RewardNum"" : 18
}
]",2,239,,[],0,,0,,
301202,种巨布鲁果,2,"[
{
""String"" : ""在@item_102#里种出@item_230#@goal_1#"",
""UnlockTaskId"" : 0,
}
]","[
""种出@item_230#@goal_1#""
]","[
{
""Index"" : 1,
""Type"" : 32,
""GoalID1"" : ""I_231"",
""GoalNum"" : 10
}
]","[
{
""Index"" : 1,
""RewardType"" : 0,
""RewardID"" : 230,
""RewardNum"" : 3
}
]",2,230,,[],0,,0,,
301203,种出浆果,2,"[
{
""String"" : ""在@item_102#里种出@item_200112#@goal_1#"",
""UnlockTaskId"" : 0,
}
]","[
""种出@item_200112#@goal_1#""
]","[
{
""Index"" : 1,
""Type"" : 32,
""GoalID1"" : ""I_200111"",
""GoalNum"" : 10
}
]","[
{
""Index"" : 1,
""RewardType"" : 0,
""RewardID"" : 11680,
""RewardNum"" : 10
}
]",2,200112,,[],0,,0,,
301204,种出西瓜,2,"[
{
""String"" : ""在@item_102#里种出@item_200115#@goal_1#"",
""UnlockTaskId"" : 0,
}
]","[
""种出@item_200115#@goal_1#""
]","[
{
""Index"" : 1,
""Type"" : 32,
""GoalID1"" : ""I_200114"",
""GoalNum"" : 10
}
]","[
{
""Index"" : 1,
""RewardType"" : 0,
""RewardID"" : 11681,
""RewardNum"" : 7
}
]",2,200115,,[],0,,0,,
301205,种出草莓,2,"[
{
""String"" : ""在@item_102#里种出@item_200129#@goal_1#"",
""UnlockTaskId"" : 0,
}
]","[
""种出@item_200129#@goal_1#""
]","[
{
""Index"" : 1,
""Type"" : 32,
""GoalID1"" : ""I_200128"",
""GoalNum"" : 10
}
]","[
{
""Index"" : 1,
""RewardType"" : 0,
""RewardID"" : 11685,
""RewardNum"" : 7
}
]",2,200129,,[],0,,0,,
301206,种出沙棘,2,"[
{
""String"" : ""在@item_102#里种出@item_200135#@goal_1#"",
""UnlockTaskId"" : 0,
}
]","[
""种出@item_200135#@goal_1#""
]","[
{
""Index"" : 1,
""Type"" : 32,
""GoalID1"" : ""I_200134"",
""GoalNum"" : 10
}
]","[
{
""Index"" : 1,
""RewardType"" : 0,
""RewardID"" : 11687,
""RewardNum"" : 10
}
]",2,200135,,[],0,,0,,
301207,种出葡萄,2,"[
{
""String"" : ""在@item_102#上的@item_153000#种出@item_200138#@goal_1#"",
""UnlockTaskId"" : 0,
}
]","[
""种出@item_200138#@goal_1#""
]","[
{
""Index"" : 1,
""Type"" : 32,
""GoalID1"" : ""I_200137"",
""GoalNum"" : 10
}
]","[
{
""Index"" : 1,
""RewardType"" : 0,
""RewardID"" : 11688,
""RewardNum"" : 7
}
]",2,200138,,[],0,,0,,
301208,种出独葵,2,"[
{
""String"" : ""在@item_102#里种出@item_200153#@goal_1#"",
""UnlockTaskId"" : 0,
}
]","[
""种出@item_200153#@goal_1#""
]","[
{
""Index"" : 1,
""Type"" : 32,
""GoalID1"" : ""I_200152"",
""GoalNum"" : 10
}
]","[
{
""Index"" : 1,
""RewardType"" : 0,
""RewardID"" : 11693,
""RewardNum"" : 10
}
]",2,200153,,[],0,,0,,
301209,种出彩虹草莓,2,"[
{
""String"" : ""在@item_102#里种出@item_200173#@goal_1#"",
""UnlockTaskId"" : 0,
}
]","[
""种出@item_200173#@goal_1#""
]","[
{
""Index"" : 1,
""Type"" : 32,
""GoalID1"" : ""I_200172"",
""GoalNum"" : 10
}
]","[
{
""Index"" : 1,
""RewardType"" : 0,
""RewardID"" : 11697,
""RewardNum"" : 5
}
]",2,200173,,[],0,,0,,
301210,种出水晶西瓜,2,"[
{
""String"" : ""在@item_102#里种出@item_200176#@goal_1#"",
""UnlockTaskId"" : 0,
}
]","[
""种出@item_200176#@goal_1#""
]","[
{
""Index"" : 1,
""Type"" : 32,
""GoalID1"" : ""I_200175"",
""GoalNum"" : 10
}
]","[
{
""Index"" : 1,
""RewardType"" : 0,
""RewardID"" : 11698,
""RewardNum"" : 5
}
]",2,200176,,[],0,,0,,
301211,种出阳光青提,2,"[
{
""String"" : ""在@item_102#上的@item_153000#种出@item_200180#@goal_1#"",
""UnlockTaskId"" : 0,
}
]","[
""种出@item_200180#@goal_1#""
]","[
{
""Index"" : 1,
""Type"" : 32,
""GoalID1"" : ""I_200179"",
""GoalNum"" : 10
}
]","[
{
""Index"" : 1,
""RewardType"" : 0,
""RewardID"" : 11699,
""RewardNum"" : 5
}
]",2,200180,,[],0,,0,,
301212,种出冰果,2,"[
{
""String"" : ""在@item_120#上种出@item_200186#@goal_1#"",
""UnlockTaskId"" : 0,
}
]","[
""种出@item_200186#@goal_1#""
]","[
{
""Index"" : 1,
""Type"" : 32,
""GoalID1"" : ""I_200185"",
""GoalNum"" : 10
}
]","[
{
""Index"" : 1,
""RewardType"" : 0,
""RewardID"" : 11996,
""RewardNum"" : 10
}
]",2,200186,,[],0,,0,,
301213,种出烈焰瓜,2,"[
{
""String"" : ""在@item_124#上种出@item_200190#@goal_1#"",
""UnlockTaskId"" : 0,
}
]","[
""种出@item_200190#@goal_1#""
]","[
{
""Index"" : 1,
""Type"" : 32,
""GoalID1"" : ""I_200189"",
""GoalNum"" : 10
}
]","[
{
""Index"" : 1,
""RewardType"" : 0,
""RewardID"" : 11996,
""RewardNum"" : 10
}
]",2,200190,,[],0,,0,,
301301,种樱桃树,2,"[
{
""String"" : ""在@item_103#里种出@item_212#@goal_1#"",
""UnlockTaskId"" : 0,
}
]","[
""种出@item_212#@goal_1#""
]","[
{
""Index"" : 1,
""Type"" : 32,
""GoalID1"" : ""I_212"",
""GoalNum"" : 10
}
]","[
{
""Index"" : 1,
""RewardType"" : 0,
""RewardID"" : 12500,
""RewardNum"" : 10
}
]",2,212,,[],0,,0,,
301302,种落叶松树,2,"[
{
""String"" : ""在@item_103#里种出@item_213#@goal_1#"",
""UnlockTaskId"" : 0,
}
]","[
""种出@item_213#@goal_1#""
]","[
{
""Index"" : 1,
""Type"" : 32,
""GoalID1"" : ""I_213"",
""GoalNum"" : 10
}
]","[
{
""Index"" : 1,
""RewardType"" : 0,
""RewardID"" : 12503,
""RewardNum"" : 10
}
]",2,213,,[],0,,0,,
301303,种白杨树,2,"[
{
""String"" : ""在@item_103#里种出@item_214#@goal_1#"",
""UnlockTaskId"" : 0,
}
]","[
""种出@item_214#@goal_1#""
]","[
{
""Index"" : 1,
""Type"" : 32,
""GoalID1"" : ""I_214"",
""GoalNum"" : 10
}
]","[
{
""Index"" : 1,
""RewardType"" : 0,
""RewardID"" : 12604,
""RewardNum"" : 10
}
]",2,214,,[],0,,0,,
301304,种红杉木,2,"[
{
""String"" : ""在@item_103#里种出@item_215#@goal_1#"",
""UnlockTaskId"" : 0,
}
]","[
""种出@item_215#@goal_1#""
]","[
{
""Index"" : 1,
""Type"" : 32,
""GoalID1"" : ""I_215"",
""GoalNum"" : 10
}
]","[
{
""Index"" : 1,
""RewardType"" : 0,
""RewardID"" : 12602,
""RewardNum"" : 10
}
]",2,215,,[],0,,0,,
301305,种桃树,2,"[
{
""String"" : ""在@item_103#里种出@item_256#@goal_1#"",
""UnlockTaskId"" : 0,
}
]","[
""种出@item_256#@goal_1#""
]","[
{
""Index"" : 1,
""Type"" : 32,
""GoalID1"" : ""I_256"",
""GoalNum"" : 10
}
]","[
{
""Index"" : 1,
""RewardType"" : 0,
""RewardID"" : 12601,
""RewardNum"" : 10
}
]",2,256,,[],0,,0,,
301306,种核桃木,2,"[
{
""String"" : ""在@item_103#里种出@item_217#@goal_1#"",
""UnlockTaskId"" : 0,
}
]","[
""种出@item_217#@goal_1#""
]","[
{
""Index"" : 1,
""Type"" : 32,
""GoalID1"" : ""I_217"",
""GoalNum"" : 10
}
]","[
{
""Index"" : 1,
""RewardType"" : 0,
""RewardID"" : 12603,
""RewardNum"" : 10
}
]",2,217,,[],0,,0,,
301401,种胡杨树,2,"[
{
""String"" : ""在@item_103#里种出@item_476#@goal_1#"",
""UnlockTaskId"" : 0,
}
]","[
""种出@item_476#@goal_1#""
]","[
{
""Index"" : 1,
""Type"" : 32,
""GoalID1"" : ""I_476"",
""GoalNum"" : 10
}
]","[
{
""Index"" : 1,
""RewardType"" : 0,
""RewardID"" : 12610,
""RewardNum"" : 10
}
]",2,476,,[],0,,0,,
301402,种椰树,2,"[
{
""String"" : ""在@item_103#里种出@item_292#@goal_1#"",
""UnlockTaskId"" : 0,
}
]","[
""种出@item_292#@goal_1#""
]","[
{
""Index"" : 1,
""Type"" : 32,
""GoalID1"" : ""I_292"",
""GoalNum"" : 10
}
]","[
{
""Index"" : 1,
""RewardType"" : 0,
""RewardID"" : 295,
""RewardNum"" : 10
}
]",2,292,,[],0,,0,,
301403,种珍木,2,"[
{
""String"" : ""在@item_103#里种出@item_259#@goal_1#"",
""UnlockTaskId"" : 0,
}
]","[
""种出@item_259#@goal_1#""
]","[
{
""Index"" : 1,
""Type"" : 32,
""GoalID1"" : ""I_259"",
""GoalNum"" : 10
}
]","[
{
""Index"" : 1,
""RewardType"" : 0,
""RewardID"" : 12583,
""RewardNum"" : 10
}
]",2,259,,[],0,,0,,
301404,种香蕉树,2,"[
{
""String"" : ""在@item_103#里种出@item_383#@goal_1#"",
""UnlockTaskId"" : 0,
}
]","[
""种出@item_383#@goal_1#""
]","[
{
""Index"" : 1,
""Type"" : 32,
""GoalID1"" : ""I_383"",
""GoalNum"" : 10
}
]","[
{
""Index"" : 1,
""RewardType"" : 0,
""RewardID"" : 11599,
""RewardNum"" : 10
}
]",2,383,,[],0,,0,,
301405,种仙人掌,2,"[
{
""String"" : ""在@item_103#里种出@item_458#@goal_1#"",
""UnlockTaskId"" : 0,
}
]","[
""种出@item_458#@goal_1#""
]","[
{
""Index"" : 1,
""Type"" : 32,
""GoalID1"" : ""I_458"",
""GoalNum"" : 10
}
]","[
{
""Index"" : 1,
""RewardType"" : 0,
""RewardID"" : 12613,
""RewardNum"" : 10
}
]",2,458,,[],0,,0,,
301406,种乔木,2,"[
{
""String"" : ""在@item_103#里种出@item_382#@goal_1#"",
""UnlockTaskId"" : 0,
}
]","[
""种出@item_382#@goal_1#""
]","[
{
""Index"" : 1,
""Type"" : 32,
""GoalID1"" : ""I_382"",
""GoalNum"" : 10
}
]","[
{
""Index"" : 1,
""RewardType"" : 0,
""RewardID"" : 378,
""RewardNum"" : 10
}
]",2,382,,[],0,,0,,
301601,种风铃花,2,"[
{
""String"" : ""在@item_103#里种植@item_431#@goal_1#"",
""UnlockTaskId"" : 0,
}
]","[
""种@item_431#@goal_1#""
]","[
{
""Index"" : 1,
""Type"" : 32,
""GoalID1"" : ""I_431"",
""GoalNum"" : 10
}
]","[
{
""Index"" : 1,
""RewardType"" : 0,
""RewardID"" : 300,
""RewardNum"" : 10
}
]",2,300,,[2003001],0,,0,,
301602,种若兰花,2,"[
{
""String"" : ""在@item_103#里种植@item_432#@goal_1#"",
""UnlockTaskId"" : 0,
}
]","[
""种@item_432#@goal_1#""
]","[
{
""Index"" : 1,
""Type"" : 32,
""GoalID1"" : ""I_432"",
""GoalNum"" : 10
}
]","[
{
""Index"" : 1,
""RewardType"" : 0,
""RewardID"" : 301,
""RewardNum"" : 10
}
]",2,301,,[2003004],0,,0,,
301603,种星辰花,2,"[
{
""String"" : ""在@item_103#里种植@item_433#@goal_1#"",
""UnlockTaskId"" : 0,
}
]","[
""种@item_433#@goal_1#""
]","[
{
""Index"" : 1,
""Type"" : 32,
""GoalID1"" : ""I_433"",
""GoalNum"" : 10
}
]","[
{
""Index"" : 1,
""RewardType"" : 0,
""RewardID"" : 302,
""RewardNum"" : 10
}
]",2,302,,[2003007],0,,0,,
301604,种龙血花,2,"[
{
""String"" : ""在@item_103#里种植@item_434#@goal_1#"",
""UnlockTaskId"" : 0,
}
]","[
""种@item_434#@goal_1#""
]","[
{
""Index"" : 1,
""Type"" : 32,
""GoalID1"" : ""I_434"",
""GoalNum"" : 10
}
]","[
{
""Index"" : 1,
""RewardType"" : 0,
""RewardID"" : 303,
""RewardNum"" : 10
}
]",2,303,,[2003010],0,,0,,
301605,种风信子,2,"[
{
""String"" : ""在@item_103#里种植@item_435#@goal_1#"",
""UnlockTaskId"" : 0,
}
]","[
""种@item_435#@goal_1#""
]","[
{
""Index"" : 1,
""Type"" : 32,
""GoalID1"" : ""I_435"",
""GoalNum"" : 10
}
]","[
{
""Index"" : 1,
""RewardType"" : 0,
""RewardID"" : 304,
""RewardNum"" : 10
}
]",2,304,,[2003013],0,,0,,
301701,种龙爪草,2,"[
{
""String"" : ""在@item_103#里种植@item_436#@goal_1#"",
""UnlockTaskId"" : 0,
}
]","[
""种@item_436#@goal_1#""
]","[
{
""Index"" : 1,
""Type"" : 32,
""GoalID1"" : ""I_436"",
""GoalNum"" : 10
}
]","[
{
""Index"" : 1,
""RewardType"" : 0,
""RewardID"" : 305,
""RewardNum"" : 10
}
]",2,305,,[2003016],0,,0,,
301702,种黄钟花,2,"[
{
""String"" : ""在@item_103#里种植@item_443#@goal_1#"",
""UnlockTaskId"" : 0,
}
]","[
""种@item_443#@goal_1#""
]","[
{
""Index"" : 1,
""Type"" : 32,
""GoalID1"" : ""I_443"",
""GoalNum"" : 10
}
]","[
{
""Index"" : 1,
""RewardType"" : 0,
""RewardID"" : 312,
""RewardNum"" : 10
}
]",2,312,,[2003019],0,,0,,
301703,种龙血树,2,"[
{
""String"" : ""在@item_103#里种植@item_437#@goal_1#"",
""UnlockTaskId"" : 0,
}
]","[
""种@item_437#@goal_1#""
]","[
{
""Index"" : 1,
""Type"" : 32,
""GoalID1"" : ""I_437"",
""GoalNum"" : 10
}
]","[
{
""Index"" : 1,
""RewardType"" : 0,
""RewardID"" : 306,
""RewardNum"" : 10
}
]",2,306,,[2003022],0,,0,,
301704,种雪滴花,2,"[
{
""String"" : ""在@item_103#里种植@item_442#@goal_1#"",
""UnlockTaskId"" : 0,
}
]","[
""种@item_442#@goal_1#""
]","[
{
""Index"" : 1,
""Type"" : 32,
""GoalID1"" : ""I_442"",
""GoalNum"" : 10
}
]","[
{
""Index"" : 1,
""RewardType"" : 0,
""RewardID"" : 311,
""RewardNum"" : 10
}
]",2,311,,[2003037],0,,0,,
301705,种月季,2,"[
{
""String"" : ""在@item_103#里种植@item_444#@goal_1#"",
""UnlockTaskId"" : 0,
}
]","[
""种@item_444#@goal_1#""
]","[
{
""Index"" : 1,
""Type"" : 32,
""GoalID1"" : ""I_444"",
""GoalNum"" : 10
}
]","[
{
""Index"" : 1,
""RewardType"" : 0,
""RewardID"" : 313,
""RewardNum"" : 10
}
]",2,313,,[2003040],0,,0,,
301801,种红色忘忧草,2,"[
{
""String"" : ""在@item_103#里种植@item_438#@goal_1#"",
""UnlockTaskId"" : 0,
}
]","[
""种@item_438#@goal_1#""
]","[
{
""Index"" : 1,
""Type"" : 32,
""GoalID1"" : ""I_438"",
""GoalNum"" : 10
}
]","[
{
""Index"" : 1,
""RewardType"" : 0,
""RewardID"" : 307,
""RewardNum"" : 10
}
]",2,307,,[2003025],0,,0,,
301802,种橙色忘忧草,2,"[
{
""String"" : ""在@item_103#里种植@item_439#@goal_1#"",
""UnlockTaskId"" : 0,
}
]","[
""种@item_439#@goal_1#""
]","[
{
""Index"" : 1,
""Type"" : 32,
""GoalID1"" : ""I_439"",
""GoalNum"" : 10
}
]","[
{
""Index"" : 1,
""RewardType"" : 0,
""RewardID"" : 308,
""RewardNum"" : 10
}
]",2,308,,[2003028],0,,0,,
301803,种灰色忘忧草,2,"[
{
""String"" : ""在@item_103#里种植@item_440#@goal_1#"",
""UnlockTaskId"" : 0,
}
]","[
""种@item_440#@goal_1#""
]","[
{
""Index"" : 1,
""Type"" : 32,
""GoalID1"" : ""I_440"",
""GoalNum"" : 10
}
]","[
{
""Index"" : 1,
""RewardType"" : 0,
""RewardID"" : 309,
""RewardNum"" : 10
}
]",2,309,,[2003031],0,,0,,
301804,种粉色忘忧草,2,"[
{
""String"" : ""在@item_103#里种植@item_441#@goal_1#"",
""UnlockTaskId"" : 0,
}
]","[
""种@item_441#@goal_1#""
]","[
{
""Index"" : 1,
""Type"" : 32,
""GoalID1"" : ""I_441"",
""GoalNum"" : 10
}
]","[
{
""Index"" : 1,
""RewardType"" : 0,
""RewardID"" : 310,
""RewardNum"" : 10
}
]",2,310,,[2003034],0,,0,,
301901,战胜羽蛇神,2,"[
{
""String"" : ""战胜#c7bbe3a羽蛇神#n"",
""UnlockTaskId"" : 0,
}
]","[
""战胜#c7bbe3a羽蛇神#n""
]","[
{
""Index"" : 1,
""Type"" : 8,
""GoalID1"" : ""M_3878"",
""GoalNum"" : 1
}
]","[
{
""Index"" : 1,
""RewardType"" : 0,
""RewardID"" : 200096,
""RewardNum"" : 1
}
]",2,#3878,,[1007005],0,,0,,
301902,战胜远古黑龙,2,"[
{
""String"" : ""战胜#c7bbe3a远古黑龙#n"",
""UnlockTaskId"" : 0,
}
]","[
""战胜#c7bbe3a远古黑龙#n""
]","[
{
""Index"" : 1,
""Type"" : 8,
""GoalID1"" : ""M_3502"",
""GoalNum"" : 1
}
]","[
{
""Index"" : 1,
""RewardType"" : 0,
""RewardID"" : 200097,
""RewardNum"" : 1
}
]",2,#3502,,[1008002],0,,0,,
301903,战胜远古巨人,2,"[
{
""String"" : ""战胜#c7bbe3a远古巨人#n"",
""UnlockTaskId"" : 0,
}
]","[
""战胜#c7bbe3a远古巨人#n""
]","[
{
""Index"" : 1,
""Type"" : 8,
""GoalID1"" : ""M_3514"",
""GoalNum"" : 1
}
]","[
{
""Index"" : 1,
""RewardType"" : 0,
""RewardID"" : 200098,
""RewardNum"" : 1
}
]",2,#3514,,[1009002],0,,0,,
301904,战胜虚空幻影,2,"[
{
""String"" : ""战胜#c7bbe3a虚空幻影#n"",
""UnlockTaskId"" : 0,
}
]","[
""战胜#c7bbe3a虚空幻影#n""
]","[
{
""Index"" : 1,
""Type"" : 8,
""GoalID1"" : ""M_3516"",
""GoalNum"" : 1
}
]","[
{
""Index"" : 1,
""RewardType"" : 0,
""RewardID"" : 200099,
""RewardNum"" : 1
}
]",2,#3516,,[1001004],0,,0,,
301905,战胜沙原领主,2,"[
{
""String"" : ""战胜#c7bbe3a沙原领主#n"",
""UnlockTaskId"" : 0,
}
]","[
""战胜#c7bbe3a沙原领主#n""
]","[
{
""Index"" : 1,
""Type"" : 8,
""GoalID1"" : ""M_3825"",
""GoalNum"" : 1
}
]","[
{
""Index"" : 1,
""RewardType"" : 1,
""RewardID"" : 0,
""RewardNum"" : 500
}
]",2,#3825,,[4003009],0,,0,,
301906,战胜冰陨巨魔,2,"[
{
""String"" : ""战胜#c7bbe3a冰陨巨魔#n"",
""UnlockTaskId"" : 0,
}
]","[
""战胜#c7bbe3a冰陨巨魔#n""
]","[
{
""Index"" : 1,
""Type"" : 8,
""GoalID1"" : ""M_3517"",
""GoalNum"" : 1
}
]","[
{
""Index"" : 1,
""RewardType"" : 0,
""RewardID"" : 200100,
""RewardNum"" : 1
}
]",2,#3517,,[4005005],0,,0,,
302001,狠狠修理1,2,"[
{
""String"" : ""狠狠#c7bbe3a修理#n@goal_1#！"",
""UnlockTaskId"" : 0,
}
]","[
""在工匠台中#c7bbe3a修理#n道具@goal_1#""
]","[
{
""Index"" : 1,
""Type"" : 19,
""GoalID1"" : 0,
""GoalNum"" : 10
}
]","[
{
""Index"" : 1,
""RewardType"" : 1,
""RewardID"" : 0,
""RewardNum"" : 100
}
]",2,797,,[],0,,0,,
302002,狠狠修理2,2,"[
{
""String"" : ""狠狠#c7bbe3a修理#n@goal_1#！"",
""UnlockTaskId"" : 0,
}
]","[
""在工匠台中#c7bbe3a修理#n道具@goal_1#""
]","[
{
""Index"" : 1,
""Type"" : 19,
""GoalID1"" : 0,
""GoalNum"" : 50
}
]","[
{
""Index"" : 1,
""RewardType"" : 1,
""RewardID"" : 0,
""RewardNum"" : 200
}
]",2,797,,[],0,,0,,
302003,狠狠修理3,2,"[
{
""String"" : ""狠狠#c7bbe3a修理#n@goal_1#！"",
""UnlockTaskId"" : 0,
}
]","[
""在工匠台中#c7bbe3a修理#n道具@goal_1#""
]","[
{
""Index"" : 1,
""Type"" : 19,
""GoalID1"" : 0,
""GoalNum"" : 100
}
]","[
{
""Index"" : 1,
""RewardType"" : 1,
""RewardID"" : 0,
""RewardNum"" : 300
}
]",2,797,,[],0,,0,,
302004,狠狠修理4,2,"[
{
""String"" : ""狠狠#c7bbe3a修理#n@goal_1#！"",
""UnlockTaskId"" : 0,
}
]","[
""在工匠台中#c7bbe3a修理#n道具@goal_1#""
]","[
{
""Index"" : 1,
""Type"" : 19,
""GoalID1"" : 0,
""GoalNum"" : 500
}
]","[
{
""Index"" : 1,
""RewardType"" : 1,
""RewardID"" : 0,
""RewardNum"" : 400
}
]",2,797,,[],0,,0,,
302005,狠狠修理5,2,"[
{
""String"" : ""狠狠#c7bbe3a修理#n@goal_1#！"",
""UnlockTaskId"" : 0,
}
]","[
""在工匠台中#c7bbe3a修理#n道具@goal_1#""
]","[
{
""Index"" : 1,
""Type"" : 19,
""GoalID1"" : 0,
""GoalNum"" : 1000
}
]","[
{
""Index"" : 1,
""RewardType"" : 1,
""RewardID"" : 0,
""RewardNum"" : 500
}
]",2,797,,[],0,,0,,
302101,繁育次数1,2,"[
{
""String"" : ""繁育动物@goal_1#！"",
""UnlockTaskId"" : 0,
}
]","[
""繁育动物@goal_1#""
]","[
{
""Index"" : 1,
""Type"" : 9,
""GoalID1"" : 0,
""GoalNum"" : 10
}
]
","[
{
""Index"" : 1,
""RewardType"" : 1,
""RewardID"" : 0,
""RewardNum"" : 10
}
]",2,#3401,,[],0,,0,,
302102,繁育次数2,2,"[
{
""String"" : ""繁育动物@goal_1#！"",
""UnlockTaskId"" : 0,
}
]","[
""繁育动物@goal_1#""
]","[
{
""Index"" : 1,
""Type"" : 9,
""GoalID1"" : 0,
""GoalNum"" : 50
}
]
","[
{
""Index"" : 1,
""RewardType"" : 1,
""RewardID"" : 0,
""RewardNum"" : 50
}
]",2,#3401,,[],0,,0,,
302103,繁育次数3,2,"[
{
""String"" : ""繁育动物@goal_1#！"",
""UnlockTaskId"" : 0,
}
]","[
""繁育动物@goal_1#""
]","[
{
""Index"" : 1,
""Type"" : 9,
""GoalID1"" : 0,
""GoalNum"" : 100
}
]
","[
{
""Index"" : 1,
""RewardType"" : 1,
""RewardID"" : 0,
""RewardNum"" : 100
}
]",2,#3401,,[],0,,0,,
302104,繁育次数4,2,"[
{
""String"" : ""繁育动物@goal_1#！"",
""UnlockTaskId"" : 0,
}
]","[
""繁育动物@goal_1#""
]","[
{
""Index"" : 1,
""Type"" : 9,
""GoalID1"" : 0,
""GoalNum"" : 500
}
]
","[
{
""Index"" : 1,
""RewardType"" : 1,
""RewardID"" : 0,
""RewardNum"" : 500
}
]",2,#3401,,[],0,,0,,
302105,繁育次数5,2,"[
{
""String"" : ""繁育动物@goal_1#！"",
""UnlockTaskId"" : 0,
}
]","[
""繁育动物@goal_1#""
]","[
{
""Index"" : 1,
""Type"" : 9,
""GoalID1"" : 0,
""GoalNum"" : 1000
}
]
","[
{
""Index"" : 1,
""RewardType"" : 1,
""RewardID"" : 0,
""RewardNum"" : 1000
}
]",2,#3401,,[],0,,0,,
302201,繁育嘟嘟鸟,2,"[
{
""String"" : ""繁育嘟嘟鸟@goal_1#！"",
""UnlockTaskId"" : 0,
}
]","[
""繁育嘟嘟鸟@goal_1#""
]","[
{
""Index"" : 1,
""Type"" : 9,
""GoalID1"" : ""M_3400"",
""GoalNum"" : 1
}
]
","[
{
""Index"" : 1,
""RewardType"" : 0,
""RewardID"" : 12518,
""RewardNum"" : 5
}
]",2,#3400,,"[2005005,2005006,2005007]",0,,0,,
302202,繁育沃沃兽,2,"[
{
""String"" : ""繁育沃沃兽@goal_1#！"",
""UnlockTaskId"" : 0,
}
]","[
""繁育沃沃兽@goal_1#""
]","[
{
""Index"" : 1,
""Type"" : 9,
""GoalID1"" : ""M_3401"",
""GoalNum"" : 1
}
]
","[
{
""Index"" : 1,
""RewardType"" : 0,
""RewardID"" : 12516,
""RewardNum"" : 5
}
]",2,#3401,,"[2005008,2005009,2005010]",0,,0,,
302203,繁育墩墩,2,"[
{
""String"" : ""繁育墩墩@goal_1#！"",
""UnlockTaskId"" : 0,
}
]","[
""繁育墩墩@goal_1#""
]","[
{
""Index"" : 1,
""Type"" : 9,
""GoalID1"" : ""M_3402"",
""GoalNum"" : 1
}
]
","[
{
""Index"" : 1,
""RewardType"" : 0,
""RewardID"" : 12522,
""RewardNum"" : 5
}
]",2,#3402,,"[2005011,2005012,2005013]",0,,0,,
302204,繁育角鹿,2,"[
{
""String"" : ""繁育角鹿@goal_1#！"",
""UnlockTaskId"" : 0,
}
]","[
""繁育角鹿@goal_1#""
]","[
{
""Index"" : 1,
""Type"" : 9,
""GoalID1"" : ""M_3403"",
""GoalNum"" : 1
}
]
","[
{
""Index"" : 1,
""RewardType"" : 0,
""RewardID"" : 12530,
""RewardNum"" : 5
}
]",2,#3403,,"[2005014,2005015,2005016]",0,,0,,
302205,繁育狐狸,2,"[
{
""String"" : ""繁育狐狸@goal_1#！"",
""UnlockTaskId"" : 0,
}
]","[
""繁育狐狸@goal_1#""
]","[
{
""Index"" : 1,
""Type"" : 9,
""GoalID1"" : ""M_3407"",
""GoalNum"" : 1
}
]
","[
{
""Index"" : 1,
""RewardType"" : 0,
""RewardID"" : 11307,
""RewardNum"" : 5
}
]",2,#3407,,"[2005017,2005018,2005019]",0,,0,,
302301,繁育企鹅,2,"[
{
""String"" : ""繁育企鹅@goal_1#！"",
""UnlockTaskId"" : 0,
}
]","[
""繁育企鹅@goal_1#""
]","[
{
""Index"" : 1,
""Type"" : 9,
""GoalID1"" : ""M_3409"",
""GoalNum"" : 1
}
]
","[
{
""Index"" : 1,
""RewardType"" : 0,
""RewardID"" : 12520,
""RewardNum"" : 5
}
]",2,#3409,,"[2005020,2005021,2005022]",0,,0,,
302302,繁育冰熊,2,"[
{
""String"" : ""繁育冰熊@goal_1#！"",
""UnlockTaskId"" : 0,
}
]","[
""繁育冰熊@goal_1#""
]","[
{
""Index"" : 1,
""Type"" : 9,
""GoalID1"" : ""M_3412"",
""GoalNum"" : 1
}
]
","[
{
""Index"" : 1,
""RewardType"" : 0,
""RewardID"" : 11307,
""RewardNum"" : 5
}
]",2,#3412,,"[2005026,2005027,2005028]",0,,0,,
302303,繁育牦牛,2,"[
{
""String"" : ""繁育牦牛@goal_1#！"",
""UnlockTaskId"" : 0,
}
]","[
""繁育牦牛@goal_1#""
]","[
{
""Index"" : 1,
""Type"" : 9,
""GoalID1"" : ""M_3912"",
""GoalNum"" : 1
}
]
","[
{
""Index"" : 1,
""RewardType"" : 0,
""RewardID"" : 12535,
""RewardNum"" : 5
}
]",2,#3912,,"[2005041,2005042,2005043]",0,,0,,
302304,繁育雪兔,2,"[
{
""String"" : ""繁育雪兔@goal_1#！"",
""UnlockTaskId"" : 0,
}
]","[
""繁育雪兔@goal_1#""
]","[
{
""Index"" : 1,
""Type"" : 9,
""GoalID1"" : ""M_3910"",
""GoalNum"" : 1
}
]
","[
{
""Index"" : 1,
""RewardType"" : 0,
""RewardID"" : 12532,
""RewardNum"" : 5
}
]",2,#3910,,"[2005038,2005039,2005040]",0,,0,,
302305,繁育海马,2,"[
{
""String"" : ""繁育海马@goal_1#！"",
""UnlockTaskId"" : 0,
}
]","[
""繁育海马@goal_1#""
]","[
{
""Index"" : 1,
""Type"" : 9,
""GoalID1"" : ""M_3623"",
""GoalNum"" : 1
}
]
","[
{
""Index"" : 1,
""RewardType"" : 0,
""RewardID"" : 12718,
""RewardNum"" : 5
}
]",2,#3623,,[],0,,0,,
302401,繁育鸵鸟,2,"[
{
""String"" : ""繁育鸵鸟@goal_1#！"",
""UnlockTaskId"" : 0,
}
]","[
""繁育鸵鸟@goal_1#""
]","[
{
""Index"" : 1,
""Type"" : 9,
""GoalID1"" : ""M_3411"",
""GoalNum"" : 1
}
]
","[
{
""Index"" : 1,
""RewardType"" : 0,
""RewardID"" : 12607,
""RewardNum"" : 5
}
]",2,#3411,,"[2005023,2005024,2005025]",0,,0,,
302402,繁育飞鸡,2,"[
{
""String"" : ""繁育飞鸡@goal_1#！"",
""UnlockTaskId"" : 0,
}
]","[
""繁育飞鸡@goal_1#""
]","[
{
""Index"" : 1,
""Type"" : 9,
""GoalID1"" : ""M_3421"",
""GoalNum"" : 1
}
]
","[
{
""Index"" : 1,
""RewardType"" : 0,
""RewardID"" : 11067,
""RewardNum"" : 5
}
]",2,#3421,,"[2005029,2005030,2005031]",0,,0,,
302403,繁育战斗鸡,2,"[
{
""String"" : ""繁育战斗鸡@goal_1#！"",
""UnlockTaskId"" : 0,
}
]","[
""繁育战斗鸡@goal_1#""
]","[
{
""Index"" : 1,
""Type"" : 9,
""GoalID1"" : ""M_3423"",
""GoalNum"" : 1
}
]
","[
{
""Index"" : 1,
""RewardType"" : 0,
""RewardID"" : 11068,
""RewardNum"" : 5
}
]",2,#3423,,"[2005032,2005033,2005034]",0,,0,,
302404,繁育猴子,2,"[
{
""String"" : ""繁育猴子@goal_1#！"",
""UnlockTaskId"" : 0,
}
]","[
""繁育猴子@goal_1#""
]","[
{
""Index"" : 1,
""Type"" : 9,
""GoalID1"" : ""M_3870"",
""GoalNum"" : 1
}
]
","[
{
""Index"" : 1,
""RewardType"" : 0,
""RewardID"" : 11600,
""RewardNum"" : 5
}
]",2,#3871,,"[2005035,2005036,2005037]",0,,0,,
302501,驯服动物1,2,"[
{
""String"" : ""驯服#c79b83e任意动物#n@goal_1#"",
""UnlockTaskId"" : 0,
}
]","[
""驯服#c79b83e任意动物#n@goal_1#""
]
","[
{
""Index"" : 1,
""Type"" : 10,
""GoalID1"" : 0,
""GoalNum"" : 3
}
]
","[
{
""Index"" : 1,
""RewardType"" : 1,
""RewardID"" : 0,
""RewardNum"" : 10
}
]",2,#3401,,[],0,,0,,
302502,驯服动物2,2,"[
{
""String"" : ""驯服#c79b83e任意动物#n@goal_1#"",
""UnlockTaskId"" : 0,
}
]","[
""驯服#c79b83e任意动物#n@goal_1#""
]
","[
{
""Index"" : 1,
""Type"" : 10,
""GoalID1"" : 0,
""GoalNum"" : 10
}
]
","[
{
""Index"" : 1,
""RewardType"" : 1,
""RewardID"" : 0,
""RewardNum"" : 100
}
]",2,#3401,,[],0,,0,,
302503,驯服动物3,2,"[
{
""String"" : ""驯服#c79b83e任意动物#n@goal_1#"",
""UnlockTaskId"" : 0,
}
]","[
""驯服#c79b83e任意动物#n@goal_1#""
]
","[
{
""Index"" : 1,
""Type"" : 10,
""GoalID1"" : 0,
""GoalNum"" : 50
}
]
","[
{
""Index"" : 1,
""RewardType"" : 1,
""RewardID"" : 0,
""RewardNum"" : 300
}
]",2,#3401,,[],0,,0,,
302504,驯服动物4,2,"[
{
""String"" : ""驯服#c79b83e任意动物#n@goal_1#"",
""UnlockTaskId"" : 0,
}
]","[
""驯服#c79b83e任意动物#n@goal_1#""
]
","[
{
""Index"" : 1,
""Type"" : 10,
""GoalID1"" : 0,
""GoalNum"" : 100
}
]
","[
{
""Index"" : 1,
""RewardType"" : 1,
""RewardID"" : 0,
""RewardNum"" : 500
}
]",2,#3401,,[],0,,0,,
302505,驯服动物5,2,"[
{
""String"" : ""驯服#c79b83e任意动物#n@goal_1#"",
""UnlockTaskId"" : 0,
}
]","[
""驯服#c79b83e任意动物#n@goal_1#""
]
","[
{
""Index"" : 1,
""Type"" : 10,
""GoalID1"" : 0,
""GoalNum"" : 500
}
]
","[
{
""Index"" : 1,
""RewardType"" : 1,
""RewardID"" : 0,
""RewardNum"" : 1000
}
]",2,#3401,,[],0,,0,,
302601,驯服沃沃兽,2,"[
{
""String"" : ""驯服#c79b83e沃沃兽#n@goal_1#"",
""UnlockTaskId"" : 0,
}
]","[
""驯服#c79b83e沃沃兽#n@goal_1#""
]
","[
{
""Index"" : 1,
""Type"" : 10,
""GoalID1"" : ""M_3401"",
""GoalNum"" : 1
}
]
","[
{
""Index"" : 1,
""RewardType"" : 0,
""RewardID"" : 12500,
""RewardNum"" : 3
}
]",2,#3401,,"[2006001,2006002,2006003]",0,,0,,
302602,驯服狐狸,2,"[
{
""String"" : ""驯服#c79b83e狐狸#n@goal_1#"",
""UnlockTaskId"" : 0,
}
]","[
""驯服#c79b83e狐狸#n@goal_1#""
]
","[
{
""Index"" : 1,
""Type"" : 10,
""GoalID1"" : ""M_3407"",
""GoalNum"" : 1
}
]
","[
{
""Index"" : 1,
""RewardType"" : 0,
""RewardID"" : 12052,
""RewardNum"" : 3
}
]",2,#3407,,"[2006004,2006005,2006006]",0,,0,,
302603,驯服鸵鸟,2,"[
{
""String"" : ""驯服#c79b83e鸵鸟#n@goal_1#"",
""UnlockTaskId"" : 0,
}
]","[
""驯服#c79b83e鸵鸟#n@goal_1#""
]
","[
{
""Index"" : 1,
""Type"" : 10,
""GoalID1"" : ""M_3411"",
""GoalNum"" : 1
}
]
","[
{
""Index"" : 1,
""RewardType"" : 0,
""RewardID"" : 12508,
""RewardNum"" : 3
}
]",2,#3411,,"[2006007,2006008,2006009]",0,,0,,
302604,驯服骆驼,2,"[
{
""String"" : ""驯服#c79b83e骆驼#n@goal_1#"",
""UnlockTaskId"" : 0,
}
]","[
""驯服#c79b83e骆驼#n@goal_1#""
]
","[
{
""Index"" : 1,
""Type"" : 10,
""GoalID1"" : ""M_3822"",
""GoalNum"" : 1
}
]
","[
{
""Index"" : 1,
""RewardType"" : 0,
""RewardID"" : 12613,
""RewardNum"" : 3
}
]",2,#3822,,"[2006034,2006035,2006036]",0,,0,,
302701,驯服冰熊,2,"[
{
""String"" : ""驯服#c79b83e冰熊#n@goal_1#"",
""UnlockTaskId"" : 0,
}
]","[
""驯服#c79b83e冰熊#n@goal_1#""
]
","[
{
""Index"" : 1,
""Type"" : 10,
""GoalID1"" : ""M_3412"",
""GoalNum"" : 1
}
]
","[
{
""Index"" : 1,
""RewardType"" : 0,
""RewardID"" : 12520,
""RewardNum"" : 3
}
]",2,#3412,,"[2006010,2006011,2006012]",0,,0,,
302702,驯服雀莺,2,"[
{
""String"" : ""驯服#c79b83e雀莺#n@goal_1#"",
""UnlockTaskId"" : 0,
}
]","[
""驯服#c79b83e雀莺#n@goal_1#""
]
","[
{
""Index"" : 1,
""Type"" : 10,
""GoalID1"" : ""M_3883"",
""GoalNum"" : 1
}
]
","[
{
""Index"" : 1,
""RewardType"" : 0,
""RewardID"" : 12603,
""RewardNum"" : 3
}
]",2,#3883,,"[2006031,2006032,2006033]",0,,0,,
302703,驯服猴子,2,"[
{
""String"" : ""驯服#c79b83e猴子#n@goal_1#"",
""UnlockTaskId"" : 0,
}
]","[
""驯服#c79b83e猴子#n@goal_1#""
]
","[
{
""Index"" : 1,
""Type"" : 10,
""GoalID1"" : ""M_3870"",
""GoalNum"" : 1
}
]
","[
{
""Index"" : 1,
""RewardType"" : 0,
""RewardID"" : 11599,
""RewardNum"" : 3
}
]",2,#3870,,"[2006025,2006026,2006027]",0,,0,,
302704,驯服焱焱蟹,2,"[
{
""String"" : ""驯服#c79b83e焱焱蟹#n@goal_1#"",
""UnlockTaskId"" : 0,
}
]","[
""驯服#c79b83e焱焱蟹#n@goal_1#""
]
","[
{
""Index"" : 1,
""Type"" : 10,
""GoalID1"" : ""M_3881"",
""GoalNum"" : 1
}
]
","[
{
""Index"" : 1,
""RewardType"" : 0,
""RewardID"" : 12521,
""RewardNum"" : 3
}
]",2,#3881,,"[2006028,2006029,2006030]",0,,0,,
302801,驯服海马,2,"[
{
""String"" : ""驯服#c79b83e海马#n@goal_1#"",
""UnlockTaskId"" : 0,
}
]","[
""驯服#c79b83e海马#n@goal_1#""
]
","[
{
""Index"" : 1,
""Type"" : 10,
""GoalID1"" : ""M_3623"",
""GoalNum"" : 1
}
]
","[
{
""Index"" : 1,
""RewardType"" : 0,
""RewardID"" : 12719,
""RewardNum"" : 3
}
]",2,#3623,,[],0,,0,,
302802,驯服速龙,2,"[
{
""String"" : ""驯服#c79b83e速龙#n@goal_1#"",
""UnlockTaskId"" : 0,
}
]","[
""驯服#c79b83e速龙#n@goal_1#""
]
","[
{
""Index"" : 1,
""Type"" : 10,
""GoalID1"" : ""M_3413"",
""GoalNum"" : 1
}
]
","[
{
""Index"" : 1,
""RewardType"" : 0,
""RewardID"" : 12543,
""RewardNum"" : 3
}
]",2,#3413,,"[2006013,2006014,2006015]",0,,0,,
302803,驯服飞鸡,2,"[
{
""String"" : ""驯服#c79b83e飞鸡#n@goal_1#"",
""UnlockTaskId"" : 0,
}
]","[
""驯服#c79b83e飞鸡#n@goal_1#""
]
","[
{
""Index"" : 1,
""Type"" : 10,
""GoalID1"" : ""M_3421"",
""GoalNum"" : 1
}
]
","[
{
""Index"" : 1,
""RewardType"" : 0,
""RewardID"" : 12601,
""RewardNum"" : 3
}
]",2,#3421,,"[2006022,2006023,2006024]",0,,0,,
302804,驯服熊猫,2,"[
{
""String"" : ""驯服#c79b83e熊猫#n@goal_1#"",
""UnlockTaskId"" : 0,
}
]","[
""驯服#c79b83e熊猫#n@goal_1#""
]
","[
{
""Index"" : 1,
""Type"" : 10,
""GoalID1"" : ""M_3416"",
""GoalNum"" : 1
}
]
","[
{
""Index"" : 1,
""RewardType"" : 0,
""RewardID"" : 251,
""RewardNum"" : 3
}
]",2,#3416,,"[2006019,2006020,2006021]",0,,0,,
302901,驯服萌眼叮叮,2,"[
{
""String"" : ""驯服#c79b83e萌眼叮叮#n@goal_1#"",
""UnlockTaskId"" : 0,
}
]","[
""驯服#c79b83e萌眼叮叮#n@goal_1#""
]
","[
{
""Index"" : 1,
""Type"" : 10,
""GoalID1"" : ""M_3110"",
""GoalNum"" : 1
}
]
","[
{
""Index"" : 1,
""RewardType"" : 0,
""RewardID"" : 12553,
""RewardNum"" : 3
}
]",2,#3110,,[],0,,0,,
302902,驯服萌眼咚咚,2,"[
{
""String"" : ""驯服#c79b83e萌眼咚咚#n@goal_1#"",
""UnlockTaskId"" : 0,
}
]","[
""驯服#c79b83e萌眼咚咚#n@goal_1#""
]
","[
{
""Index"" : 1,
""Type"" : 10,
""GoalID1"" : ""M_3111"",
""GoalNum"" : 1
}
]
","[
{
""Index"" : 1,
""RewardType"" : 0,
""RewardID"" : 12557,
""RewardNum"" : 3
}
]",2,#3111,,[],0,,0,,
302903,驯服萌眼当当,2,"[
{
""String"" : ""驯服#c79b83e萌眼当当#n@goal_1#"",
""UnlockTaskId"" : 0,
}
]","[
""驯服#c79b83e萌眼当当#n@goal_1#""
]
","[
{
""Index"" : 1,
""Type"" : 10,
""GoalID1"" : ""M_3112"",
""GoalNum"" : 1
}
]
","[
{
""Index"" : 1,
""RewardType"" : 0,
""RewardID"" : 12552,
""RewardNum"" : 3
}
]",2,#3112,,[],0,,0,,
302904,驯服团子,2,"[
{
""String"" : ""驯服#c79b83e团子#n@goal_1#"",
""UnlockTaskId"" : 0,
}
]","[
""驯服#c79b83e团子#n@goal_1#""
]
","[
{
""Index"" : 1,
""Type"" : 10,
""GoalID1"" : ""M_3414"",
""GoalNum"" : 1
}
]
","[
{
""Index"" : 1,
""RewardType"" : 0,
""RewardID"" : 12576,
""RewardNum"" : 3
}
]",2,#3414,,"[2006016,2006017,2006018]",0,,0,,
303001,驯服虚空团子,2,"[
{
""String"" : ""驯服#c79b83e虚空团子#n@goal_1#"",
""UnlockTaskId"" : 0,
}
]","[
""驯服#c79b83e虚空团子#n@goal_1#""
]
","[
{
""Index"" : 1,
""Type"" : 10,
""GoalID1"" : ""M_3244"",
""GoalNum"" : 1
}
]
","[
{
""Index"" : 1,
""RewardType"" : 0,
""RewardID"" : 12576,
""RewardNum"" : 3
}
]",2,#3244,,[],0,,0,,
303002,驯服虚空角鹿,2,"[
{
""String"" : ""驯服#c79b83e虚空角鹿#n@goal_1#"",
""UnlockTaskId"" : 0,
}
]","[
""驯服#c79b83e虚空角鹿#n@goal_1#""
]
","[
{
""Index"" : 1,
""Type"" : 10,
""GoalID1"" : ""M_3246"",
""GoalNum"" : 1
}
]
","[
{
""Index"" : 1,
""RewardType"" : 0,
""RewardID"" : 11534,
""RewardNum"" : 3
}
]",2,#3246,,[],0,,0,,
303003,驯服虚空沃沃兽,2,"[
{
""String"" : ""驯服#c79b83e虚空沃沃兽#n@goal_1#"",
""UnlockTaskId"" : 0,
}
]","[
""驯服#c79b83e虚空沃沃兽#n@goal_1#""
]
","[
{
""Index"" : 1,
""Type"" : 10,
""GoalID1"" : ""M_3261"",
""GoalNum"" : 1
}
]
","[
{
""Index"" : 1,
""RewardType"" : 0,
""RewardID"" : 11534,
""RewardNum"" : 3
}
]",2,#3261,,[],0,,0,,
303004,驯服虚空狐狸,2,"[
{
""String"" : ""驯服#c79b83e虚空狐狸#n@goal_1#"",
""UnlockTaskId"" : 0,
}
]","[
""驯服#c79b83e虚空狐狸#n@goal_1#""
]
","[
{
""Index"" : 1,
""Type"" : 10,
""GoalID1"" : ""M_3248,M_3250,M_3252"",
""GoalNum"" : 1
}
]
","[
{
""Index"" : 1,
""RewardType"" : 0,
""RewardID"" : 11534,
""RewardNum"" : 3
}
]",2,#3248,,[],0,,0,,
303101,野人终结者1,2,"[
{
""String"" : ""战胜#c79b83e任意野人#n@goal_1#"",
""UnlockTaskId"" : 0,
}
]","[
""战胜#c79b83e任意野人#n@goal_1#""
]
","[
{
""Index"" : 1,
""Type"" : 8,
""GoalID1"" : ""M_3101,M_3105,M_3102,M_3877,M_3873,M_3874,M_3875,M_3876,M_3135,M_3920,M_3921,M_3922,M_3923,M_3924,M_3925,M_3926,M_3927,M_3929,M_3930,M_3931,M_3932,M_3933M_3935,M_3936"",
""GoalNum"" : 5
}
]
","[
{
""Index"" : 1,
""RewardType"" : 1,
""RewardID"" : 0,
""RewardNum"" : 10
}
]",2,#3101,,"[3004002,3004003,3004005,3004006,3004008,3004009,3004011,3004012,3004014,3004015,3004017,3004018,3004020,3004021,3004023,3004024]",0,,0,,
303102,野人终结者2,2,"[
{
""String"" : ""战胜#c79b83e任意野人#n@goal_1#"",
""UnlockTaskId"" : 0,
}
]","[
""战胜#c79b83e任意野人#n@goal_1#""
]
","[
{
""Index"" : 1,
""Type"" : 8,
""GoalID1"" : ""M_3101,M_3105,M_3102,M_3877,M_3873,M_3874,M_3875,M_3876,M_3135,M_3920,M_3921,M_3922,M_3923,M_3924,M_3925,M_3926,M_3927,M_3929,M_3930,M_3931,M_3932,M_3933M_3935,M_3936"",
""GoalNum"" : 50
}
]
","[
{
""Index"" : 1,
""RewardType"" : 1,
""RewardID"" : 0,
""RewardNum"" : 50
}
]",2,#3101,,"[3004002,3004003,3004005,3004006,3004008,3004009,3004011,3004012,3004014,3004015,3004017,3004018,3004020,3004021,3004023,3004024]",0,,0,,
303103,野人终结者3,2,"[
{
""String"" : ""战胜#c79b83e任意野人#n@goal_1#"",
""UnlockTaskId"" : 0,
}
]","[
""战胜#c79b83e任意野人#n@goal_1#""
]
","[
{
""Index"" : 1,
""Type"" : 8,
""GoalID1"" : ""M_3101,M_3105,M_3102,M_3877,M_3873,M_3874,M_3875,M_3876,M_3135,M_3920,M_3921,M_3922,M_3923,M_3924,M_3925,M_3926,M_3927,M_3929,M_3930,M_3931,M_3932,M_3933M_3935,M_3936"",
""GoalNum"" : 100
}
]
","[
{
""Index"" : 1,
""RewardType"" : 0,
""RewardID"" : 200012,
""RewardNum"" : 1
}
]",2,#3101,,"[3004002,3004003,3004005,3004006,3004008,3004009,3004011,3004012,3004014,3004015,3004017,3004018,3004020,3004021,3004023,3004024]",0,,0,,
303104,野人终结者4,2,"[
{
""String"" : ""战胜#c79b83e任意野人#n@goal_1#"",
""UnlockTaskId"" : 0,
}
]","[
""战胜#c79b83e任意野人#n@goal_1#""
]
","[
{
""Index"" : 1,
""Type"" : 8,
""GoalID1"" : ""M_3101,M_3105,M_3102,M_3877,M_3873,M_3874,M_3875,M_3876,M_3135,M_3920,M_3921,M_3922,M_3923,M_3924,M_3925,M_3926,M_3927,M_3929,M_3930,M_3931,M_3932,M_3933M_3935,M_3936"",
""GoalNum"" : 500
}
]
","[
{
""Index"" : 1,
""RewardType"" : 0,
""RewardID"" : 200013,
""RewardNum"" : 1
}
]",2,#3101,,"[3004003,3004006,3004009]",0,,0,,
303105,野人终结者5,2,"[
{
""String"" : ""战胜#c79b83e任意野人#n@goal_1#"",
""UnlockTaskId"" : 0,
}
]","[
""战胜#c79b83e任意野人#n@goal_1#""
]
","[
{
""Index"" : 1,
""Type"" : 8,
""GoalID1"" : ""M_3101,M_3105,M_3102,M_3877,M_3873,M_3874,M_3875,M_3876,M_3135,M_3920,M_3921,M_3922,M_3923,M_3924,M_3925,M_3926,M_3927,M_3929,M_3930,M_3931,M_3932,M_3933M_3935,M_3936"",
""GoalNum"" : 1000
}
]
","[
{
""Index"" : 1,
""RewardType"" : 0,
""RewardID"" : 200014,
""RewardNum"" : 1
}
]",2,#3101,,"[3004003,3004006]",0,,0,,
303201,演奏二胡,2,"[
{
""String"" : ""制作并演奏@item_11900#@goal_1#"",
""UnlockTaskId"" : 0,
}
]","[
""制作并演奏@item_11900#@goal_1#""
]
","[
{
""Index"" : 1,
""Type"" : 7,
""GoalID1"" : ""I_11900"",
""GoalNum"" : 1
}
]
","[
{
""Index"" : 1,
""RewardType"" : 0,
""RewardID"" : 11329,
""RewardNum"" : 3
}
]",2,11900,,[2010001],0,,0,,
303202,演奏唢呐,2,"[
{
""String"" : ""制作并演奏@item_11906#@goal_1#"",
""UnlockTaskId"" : 0,
}
]","[
""制作并演奏@item_11906#@goal_1#""
]
","[
{
""Index"" : 1,
""Type"" : 7,
""GoalID1"" : ""I_11906"",
""GoalNum"" : 1
}
]
","[
{
""Index"" : 1,
""RewardType"" : 0,
""RewardID"" : 11329,
""RewardNum"" : 3
}
]",2,11906,,[2010002],0,,0,,
303203,演奏琵琶,2,"[
{
""String"" : ""制作并演奏@item_11907#@goal_1#"",
""UnlockTaskId"" : 0,
}
]","[
""制作并演奏@item_11907#@goal_1#""
]
","[
{
""Index"" : 1,
""Type"" : 7,
""GoalID1"" : ""I_11907"",
""GoalNum"" : 1
}
]
","[
{
""Index"" : 1,
""RewardType"" : 0,
""RewardID"" : 11329,
""RewardNum"" : 3
}
]",2,11907,,[2010003],0,,0,,
303204,演奏笛子,2,"[
{
""String"" : ""制作并演奏@item_11908#@goal_1#"",
""UnlockTaskId"" : 0,
}
]","[
""制作并演奏@item_11908#@goal_1#""
]
","[
{
""Index"" : 1,
""Type"" : 7,
""GoalID1"" : ""I_11908"",
""GoalNum"" : 1
}
]
","[
{
""Index"" : 1,
""RewardType"" : 0,
""RewardID"" : 11329,
""RewardNum"" : 3
}
]",2,11908,,[2010004],0,,0,,
303205,演奏鼓,2,"[
{
""String"" : ""制作并演奏@item_11909#@goal_1#"",
""UnlockTaskId"" : 0,
}
]","[
""制作并演奏@item_11909#@goal_1#""
]
","[
{
""Index"" : 1,
""Type"" : 7,
""GoalID1"" : ""I_11909"",
""GoalNum"" : 1
}
]
","[
{
""Index"" : 1,
""RewardType"" : 0,
""RewardID"" : 11329,
""RewardNum"" : 3
}
]",2,11909,,[2010005],0,,0,,
303206,演奏古筝,2,"[
{
""String"" : ""制作并演奏@item_11905#@goal_1#"",
""UnlockTaskId"" : 0,
}
]","[
""制作并演奏@item_11905#@goal_1#""
]
","[
{
""Index"" : 1,
""Type"" : 7,
""GoalID1"" : ""I_11905"",
""GoalNum"" : 1
}
]
","[
{
""Index"" : 1,
""RewardType"" : 0,
""RewardID"" : 11329,
""RewardNum"" : 3
}
]",2,11905,,[2010006],0,,0,,
303301,钓鱼大师1,2,"[
{
""String"" : ""钓鱼@goal_1#"",
""UnlockTaskId"" : 0,
}
]","[
""钓鱼@goal_1#""
]
","[
{
""Index"" : 1,
""Type"" : 27,
""GoalID1"" : 0,
""GoalNum"" : 10
}
]
","[
{
""Index"" : 1,
""RewardType"" : 1,
""RewardID"" : 0,
""RewardNum"" : 50
}
]",2,12721,,[2011006],0,,0,,
303302,钓鱼大师2,2,"[
{
""String"" : ""钓鱼@goal_1#"",
""UnlockTaskId"" : 0,
}
]","[
""钓鱼@goal_1#""
]
","[
{
""Index"" : 1,
""Type"" : 27,
""GoalID1"" : 0,
""GoalNum"" : 50
}
]
","[
{
""Index"" : 1,
""RewardType"" : 1,
""RewardID"" : 0,
""RewardNum"" : 100
}
]",2,12721,,[],0,,0,,
303303,钓鱼大师3,2,"[
{
""String"" : ""钓鱼@goal_1#"",
""UnlockTaskId"" : 0,
}
]","[
""钓鱼@goal_1#""
]
","[
{
""Index"" : 1,
""Type"" : 27,
""GoalID1"" : 0,
""GoalNum"" : 100
}
]
","[
{
""Index"" : 1,
""RewardType"" : 1,
""RewardID"" : 0,
""RewardNum"" : 150
}
]",2,12721,,[],0,,0,,
303304,钓鱼大师4,2,"[
{
""String"" : ""钓鱼@goal_1#"",
""UnlockTaskId"" : 0,
}
]","[
""钓鱼@goal_1#""
]
","[
{
""Index"" : 1,
""Type"" : 27,
""GoalID1"" : 0,
""GoalNum"" : 500
}
]
","[
{
""Index"" : 1,
""RewardType"" : 1,
""RewardID"" : 0,
""RewardNum"" : 200
}
]",2,12721,,[],0,,0,,
303305,钓鱼大师5,2,"[
{
""String"" : ""钓鱼@goal_1#"",
""UnlockTaskId"" : 0,
}
]","[
""钓鱼@goal_1#""
]
","[
{
""Index"" : 1,
""Type"" : 27,
""GoalID1"" : 0,
""GoalNum"" : 1000
}
]
","[
{
""Index"" : 1,
""RewardType"" : 1,
""RewardID"" : 0,
""RewardNum"" : 300
}
]",2,12721,,[],0,,0,,
303401,角珊瑚鱼竿,2,"[
{
""String"" : ""制作@item_12722@goal_1#"",
""UnlockTaskId"" : 0,
}
]","[
""制作@item_12722@goal_1#""
]
","[
{
""Index"" : 1,
""Type"" : 4,
""GoalID1"" : ""I_12722"",
""GoalNum"" : 1
}
]
","[
{
""Index"" : 1,
""RewardType"" : 0,
""RewardID"" : 486,
""RewardNum"" : 5
}
]",2,12722,,[2011002],0,,0,,
303402,气泡珊瑚鱼竿,2,"[
{
""String"" : ""制作@item_12723@goal_1#"",
""UnlockTaskId"" : 0,
}
]","[
""制作@item_12723@goal_1#""
]
","[
{
""Index"" : 1,
""Type"" : 4,
""GoalID1"" : ""I_12723"",
""GoalNum"" : 1
}
]
","[
{
""Index"" : 1,
""RewardType"" : 0,
""RewardID"" : 488,
""RewardNum"" : 5
}
]",2,12723,,[2011003],0,,0,,
303403,圆盘珊瑚鱼竿,2,"[
{
""String"" : ""制作@item_12724@goal_1#"",
""UnlockTaskId"" : 0,
}
]","[
""制作@item_12724@goal_1#""
]
","[
{
""Index"" : 1,
""Type"" : 4,
""GoalID1"" : ""I_12724"",
""GoalNum"" : 1
}
]
","[
{
""Index"" : 1,
""RewardType"" : 0,
""RewardID"" : 490,
""RewardNum"" : 5
}
]",2,12724,,[2011004],0,,0,,
303404,树珊瑚鱼竿,2,"[
{
""String"" : ""制作@item_12725@goal_1#"",
""UnlockTaskId"" : 0,
}
]","[
""制作@item_12725@goal_1#""
]
","[
{
""Index"" : 1,
""Type"" : 4,
""GoalID1"" : ""I_12725"",
""GoalNum"" : 1
}
]
","[
{
""Index"" : 1,
""RewardType"" : 0,
""RewardID"" : 492,
""RewardNum"" : 5
}
]",2,12725,,[2011005],0,,0,,
303501,寻宝,2,"[
{
""String"" : ""钓到@item_12616#@goal_1#"",
""UnlockTaskId"" : 0,
}
]","[
""钓到@item_12616#@goal_1#""
]
","[
{
""Index"" : 1,
""Type"" : 27,
""GoalID1"" : ""I_12616"",
""GoalNum"" : 1
}
]
","[
{
""Index"" : 1,
""RewardType"" : 1,
""RewardID"" : 0,
""RewardNum"" : 100
}
]",2,12616,,[2011055],0,,0,,
303601,钓到红色呆呆鱼,2,"[
{
""String"" : ""钓到@item_13618#@goal_1#"",
""UnlockTaskId"" : 0,
}
]","[
""钓到@item_13618#@goal_1#""
]
","[
{
""Index"" : 1,
""Type"" : 27,
""GoalID1"" : ""I_13618"",
""GoalNum"" : 1
}
]
","[
{
""Index"" : 1,
""RewardType"" : 0,
""RewardID"" : 12520,
""RewardNum"" : 5
}
]",2,13618,,[2011014],0,,0,,
303602,钓到淡蓝呆呆鱼,2,"[
{
""String"" : ""钓到@item_13604#@goal_1#"",
""UnlockTaskId"" : 0,
}
]","[
""钓到@item_13604#@goal_1#""
]
","[
{
""Index"" : 1,
""Type"" : 27,
""GoalID1"" : ""I_13604"",
""GoalNum"" : 1
}
]
","[
{
""Index"" : 1,
""RewardType"" : 0,
""RewardID"" : 12520,
""RewardNum"" : 5
}
]",2,13604,,[2011022],0,,0,,
303603,钓到深蓝呆呆鱼,2,"[
{
""String"" : ""钓到@item_13605#@goal_1#"",
""UnlockTaskId"" : 0,
}
]","[
""钓到@item_13605#@goal_1#""
]
","[
{
""Index"" : 1,
""Type"" : 27,
""GoalID1"" : ""I_13605"",
""GoalNum"" : 1
}
]
","[
{
""Index"" : 1,
""RewardType"" : 0,
""RewardID"" : 12520,
""RewardNum"" : 5
}
]",2,13605,,[2011030],0,,0,,
303604,钓到粉色呆呆鱼,2,"[
{
""String"" : ""钓到@item_13612#@goal_1#"",
""UnlockTaskId"" : 0,
}
]","[
""钓到@item_13612#@goal_1#""
]
","[
{
""Index"" : 1,
""Type"" : 27,
""GoalID1"" : ""I_13612"",
""GoalNum"" : 1
}
]
","[
{
""Index"" : 1,
""RewardType"" : 0,
""RewardID"" : 12520,
""RewardNum"" : 5
}
]",2,13612,,[2011038],0,,0,,
303605,钓到黑色呆呆鱼,2,"[
{
""String"" : ""钓到@item_13606#@goal_1#"",
""UnlockTaskId"" : 0,
}
]","[
""钓到@item_13606#@goal_1#""
]
","[
{
""Index"" : 1,
""Type"" : 27,
""GoalID1"" : ""I_13606"",
""GoalNum"" : 1
}
]
","[
{
""Index"" : 1,
""RewardType"" : 0,
""RewardID"" : 12520,
""RewardNum"" : 5
}
]",2,13606,,[2011046],0,,0,,
303606,钓到金色呆呆鱼,2,"[
{
""String"" : ""钓到@item_13609#@goal_1#"",
""UnlockTaskId"" : 0,
}
]","[
""钓到@item_13609#@goal_1#""
]
","[
{
""Index"" : 1,
""Type"" : 27,
""GoalID1"" : ""I_13609"",
""GoalNum"" : 1
}
]
","[
{
""Index"" : 1,
""RewardType"" : 0,
""RewardID"" : 12520,
""RewardNum"" : 5
}
]",2,13609,,[2011006],0,,0,,
303701,钓到红色奇奇鱼,2,"[
{
""String"" : ""钓到@item_13617#@goal_1#"",
""UnlockTaskId"" : 0,
}
]","[
""钓到@item_13617#@goal_1#""
]
","[
{
""Index"" : 1,
""Type"" : 27,
""GoalID1"" : ""I_13617"",
""GoalNum"" : 1
}
]
","[
{
""Index"" : 1,
""RewardType"" : 0,
""RewardID"" : 12704,
""RewardNum"" : 5
}
]",2,13617,,[2011016],0,,0,,
303702,钓到淡蓝奇奇鱼,2,"[
{
""String"" : ""钓到@item_13607#@goal_1#"",
""UnlockTaskId"" : 0,
}
]","[
""钓到@item_13607#@goal_1#""
]
","[
{
""Index"" : 1,
""Type"" : 27,
""GoalID1"" : ""I_13607"",
""GoalNum"" : 1
}
]
","[
{
""Index"" : 1,
""RewardType"" : 0,
""RewardID"" : 12704,
""RewardNum"" : 5
}
]",2,13607,,[2011024],0,,0,,
303703,钓到黄色奇奇鱼,2,"[
{
""String"" : ""钓到@item_13613#@goal_1#"",
""UnlockTaskId"" : 0,
}
]","[
""钓到@item_13613#@goal_1#""
]
","[
{
""Index"" : 1,
""Type"" : 27,
""GoalID1"" : ""I_13613"",
""GoalNum"" : 1
}
]
","[
{
""Index"" : 1,
""RewardType"" : 0,
""RewardID"" : 12704,
""RewardNum"" : 5
}
]",2,13613,,[2011032],0,,0,,
303704,钓到绿色奇奇鱼,2,"[
{
""String"" : ""钓到@item_13615#@goal_1#"",
""UnlockTaskId"" : 0,
}
]","[
""钓到@item_13615#@goal_1#""
]
","[
{
""Index"" : 1,
""Type"" : 27,
""GoalID1"" : ""I_13615"",
""GoalNum"" : 1
}
]
","[
{
""Index"" : 1,
""RewardType"" : 0,
""RewardID"" : 12704,
""RewardNum"" : 5
}
]",2,13615,,[2011040],0,,0,,
303705,钓到金色奇奇鱼,2,"[
{
""String"" : ""钓到@item_13610#@goal_1#"",
""UnlockTaskId"" : 0,
}
]","[
""钓到@item_13610#@goal_1#""
]
","[
{
""Index"" : 1,
""Type"" : 27,
""GoalID1"" : ""I_13610"",
""GoalNum"" : 1
}
]
","[
{
""Index"" : 1,
""RewardType"" : 0,
""RewardID"" : 12704,
""RewardNum"" : 5
}
]",2,13610,,[2011008],0,,0,,
303801,钓到粉红丑丑鱼,2,"[
{
""String"" : ""钓到@item_13608#@goal_1#"",
""UnlockTaskId"" : 0,
}
]","[
""钓到@item_13608#@goal_1#""
]
","[
{
""Index"" : 1,
""Type"" : 27,
""GoalID1"" : ""I_13608"",
""GoalNum"" : 1
}
]
","[
{
""Index"" : 1,
""RewardType"" : 0,
""RewardID"" : 12703,
""RewardNum"" : 5
}
]",2,13608,,[2011042],0,,0,,
303802,钓到条纹丑丑鱼,2,"[
{
""String"" : ""钓到@item_13616#@goal_1#"",
""UnlockTaskId"" : 0,
}
]","[
""钓到@item_13616#@goal_1#""
]
","[
{
""Index"" : 1,
""Type"" : 27,
""GoalID1"" : ""I_13616"",
""GoalNum"" : 1
}
]
","[
{
""Index"" : 1,
""RewardType"" : 0,
""RewardID"" : 12703,
""RewardNum"" : 5
}
]",2,13616,,[2011034],0,,0,,
303803,钓到橙色丑丑鱼,2,"[
{
""String"" : ""钓到@item_13619#@goal_1#"",
""UnlockTaskId"" : 0,
}
]","[
""钓到@item_13619#@goal_1#""
]
","[
{
""Index"" : 1,
""Type"" : 27,
""GoalID1"" : ""I_13619"",
""GoalNum"" : 1
}
]
","[
{
""Index"" : 1,
""RewardType"" : 0,
""RewardID"" : 12703,
""RewardNum"" : 5
}
]",2,13619,,[2011026],0,,0,,
303804,钓到紫色丑丑鱼,2,"[
{
""String"" : ""钓到@item_13614#@goal_1#"",
""UnlockTaskId"" : 0,
}
]","[
""钓到@item_13614#@goal_1#""
]
","[
{
""Index"" : 1,
""Type"" : 27,
""GoalID1"" : ""I_13614"",
""GoalNum"" : 1
}
]
","[
{
""Index"" : 1,
""RewardType"" : 0,
""RewardID"" : 12703,
""RewardNum"" : 5
}
]",2,13614,,[2011018],0,,0,,
303805,钓到金色丑丑鱼,2,"[
{
""String"" : ""钓到@item_13611#@goal_1#"",
""UnlockTaskId"" : 0,
}
]","[
""钓到@item_13611#@goal_1#""
]
","[
{
""Index"" : 1,
""Type"" : 27,
""GoalID1"" : ""I_13611"",
""GoalNum"" : 1
}
]
","[
{
""Index"" : 1,
""RewardType"" : 0,
""RewardID"" : 12703,
""RewardNum"" : 5
}
]",2,13611,,[2011010],0,,0,,
303901,钓到鳐鱼,2,"[
{
""String"" : ""钓到@item_13602#@goal_1#"",
""UnlockTaskId"" : 0,
}
]","[
""钓到@item_13602#@goal_1#""
]
","[
{
""Index"" : 1,
""Type"" : 27,
""GoalID1"" : ""I_13602"",
""GoalNum"" : 1
}
]
","[
{
""Index"" : 1,
""RewardType"" : 0,
""RewardID"" : 11319,
""RewardNum"" : 5
}
]",2,13602,,[2011012],0,,0,,
303902,钓到螃蟹,2,"[
{
""String"" : ""钓到@item_13621#@goal_1#"",
""UnlockTaskId"" : 0,
}
]","[
""钓到@item_13621#@goal_1#""
]
","[
{
""Index"" : 1,
""Type"" : 27,
""GoalID1"" : ""I_13621"",
""GoalNum"" : 1
}
]
","[
{
""Index"" : 1,
""RewardType"" : 0,
""RewardID"" : 12581,
""RewardNum"" : 5
}
]",2,13621,,[2011028],0,,0,,
303903,钓到灯笼鱼,2,"[
{
""String"" : ""钓到@item_13600#@goal_1#"",
""UnlockTaskId"" : 0,
}
]","[
""钓到@item_13600#@goal_1#""
]
","[
{
""Index"" : 1,
""Type"" : 27,
""GoalID1"" : ""I_13600"",
""GoalNum"" : 1
}
]
","[
{
""Index"" : 1,
""RewardType"" : 0,
""RewardID"" : 11318,
""RewardNum"" : 5
}
]",2,13600,,[2011044],0,,0,,
303904,钓到飞鱼,2,"[
{
""String"" : ""钓到@item_13627#@goal_1#"",
""UnlockTaskId"" : 0,
}
]","[
""钓到@item_13627#@goal_1#""
]
","[
{
""Index"" : 1,
""Type"" : 27,
""GoalID1"" : ""I_13627"",
""GoalNum"" : 1
}
]
","[
{
""Index"" : 1,
""RewardType"" : 0,
""RewardID"" : 12064,
""RewardNum"" : 5
}
]",2,13627,,[2011052],0,,0,,
303905,钓到小海马,2,"[
{
""String"" : ""钓到@item_13624#@goal_1#"",
""UnlockTaskId"" : 0,
}
]","[
""钓到@item_13624#@goal_1#""
]
","[
{
""Index"" : 1,
""Type"" : 27,
""GoalID1"" : ""I_13624"",
""GoalNum"" : 1
}
]
","[
{
""Index"" : 1,
""RewardType"" : 0,
""RewardID"" : 12718,
""RewardNum"" : 5
}
]",2,13624,,[2011020],0,,0,,
304001,钓到魔鬼鱼,2,"[
{
""String"" : ""钓到@item_13629#@goal_1#"",
""UnlockTaskId"" : 0,
}
]","[
""钓到@item_13629#@goal_1#""
]
","[
{
""Index"" : 1,
""Type"" : 27,
""GoalID1"" : ""I_13629"",
""GoalNum"" : 1
}
]
","[
{
""Index"" : 1,
""RewardType"" : 0,
""RewardID"" : 12067,
""RewardNum"" : 5
}
]",2,13629,,[2011048],0,,0,,
304002,钓到荧光棒藻鱼,2,"[
{
""String"" : ""钓到@item_13630#@goal_1#"",
""UnlockTaskId"" : 0,
}
]","[
""钓到@item_13630#@goal_1#""
]
","[
{
""Index"" : 1,
""Type"" : 27,
""GoalID1"" : ""I_13630"",
""GoalNum"" : 1
}
]
","[
{
""Index"" : 1,
""RewardType"" : 0,
""RewardID"" : 11318,
""RewardNum"" : 5
}
]",2,13630,,[2011050],0,,0,,
304003,钓到鲨鱼,2,"[
{
""String"" : ""钓到@item_13628#@goal_1#"",
""UnlockTaskId"" : 0,
}
]","[
""钓到@item_13628#@goal_1#""
]
","[
{
""Index"" : 1,
""Type"" : 27,
""GoalID1"" : ""I_13628"",
""GoalNum"" : 1
}
]
","[
{
""Index"" : 1,
""RewardType"" : 0,
""RewardID"" : 12065,
""RewardNum"" : 5
}
]",2,13628,,[2011060],0,,0,,
304004,钓到水母,2,"[
{
""String"" : ""钓到@item_13626#@goal_1#"",
""UnlockTaskId"" : 0,
}
]","[
""钓到@item_13626#@goal_1#""
]
","[
{
""Index"" : 1,
""Type"" : 27,
""GoalID1"" : ""I_13626"",
""GoalNum"" : 1
}
]
","[
{
""Index"" : 1,
""RewardType"" : 0,
""RewardID"" : 12719,
""RewardNum"" : 5
}
]",2,13626,,[2011036],0,,0,,
304005,钓到海马,2,"[
{
""String"" : ""钓到@item_13623#@goal_1#"",
""UnlockTaskId"" : 0,
}
]","[
""钓到@item_13623#@goal_1#""
]
","[
{
""Index"" : 1,
""Type"" : 27,
""GoalID1"" : ""I_13623"",
""GoalNum"" : 1
}
]
","[
{
""Index"" : 1,
""RewardType"" : 0,
""RewardID"" : 12718,
""RewardNum"" : 5
}
]",2,13623,,[2011021],0,,0,,
304101,钓到漂流瓶,2,"[
{
""String"" : ""钓到@item_27#@goal_1#"",
""UnlockTaskId"" : 0,
}
]","[
""钓到@item_27#@goal_1#""
]
","[
{
""Index"" : 1,
""Type"" : 27,
""GoalID1"" : ""I_27"",
""GoalNum"" : 1
}
]
","[
{
""Index"" : 1,
""RewardType"" : 1,
""RewardID"" : 0,
""RewardNum"" : 10
}
]",2,27,,[2011054],0,,0,,
304102,钓到漂浮的木板,2,"[
{
""String"" : ""钓到@item_248#@goal_1#"",
""UnlockTaskId"" : 0,
}
]","[
""钓到@item_248#@goal_1#""
]
","[
{
""Index"" : 1,
""Type"" : 27,
""GoalID1"" : ""I_248"",
""GoalNum"" : 1
}
]
","[
{
""Index"" : 1,
""RewardType"" : 1,
""RewardID"" : 0,
""RewardNum"" : 10
}
]",2,248,,[2011059],0,,0,,
304103,钓到生海带,2,"[
{
""String"" : ""钓到@item_12615#@goal_1#"",
""UnlockTaskId"" : 0,
}
]","[
""钓到@item_12615#@goal_1#""
]
","[
{
""Index"" : 1,
""Type"" : 27,
""GoalID1"" : ""I_12615"",
""GoalNum"" : 1
}
]
","[
{
""Index"" : 1,
""RewardType"" : 1,
""RewardID"" : 0,
""RewardNum"" : 10
}
]",2,12615,,[2011056],0,,0,,
304104,钓到便便,2,"[
{
""String"" : ""钓到@item_11311#@goal_1#"",
""UnlockTaskId"" : 0,
}
]","[
""钓到@item_11311#@goal_1#""
]
","[
{
""Index"" : 1,
""Type"" : 27,
""GoalID1"" : ""I_11311"",
""GoalNum"" : 1
}
]
","[
{
""Index"" : 1,
""RewardType"" : 1,
""RewardID"" : 0,
""RewardNum"" : 10
}
]",2,11311,,[2011057],0,,0,,
304105,钓到水草,2,"[
{
""String"" : ""钓到@item_245#@goal_1#"",
""UnlockTaskId"" : 0,
}
]","[
""钓到@item_245#@goal_1#""
]
","[
{
""Index"" : 1,
""Type"" : 27,
""GoalID1"" : ""I_245"",
""GoalNum"" : 1
}
]
","[
{
""Index"" : 1,
""RewardType"" : 1,
""RewardID"" : 0,
""RewardNum"" : 10
}
]",2,245,,[2011058],0,,0,,
304201,潜水面罩,2,"[
{
""String"" : ""获得@item_11642#@goal_1#"",
""UnlockTaskId"" : 0,
}
]","[
""获得@item_11642#@goal_1#""
]
","[
{
""Index"" : 1,
""Type"" : 3,
""GoalID1"" : ""I_11642"",
""GoalNum"" : 1
}
]
","[
{
""Index"" : 1,
""RewardType"" : 0,
""RewardID"" : 11329,
""RewardNum"" : 2
}
]",2,11642,,[],0,,0,,
304202,潜水服,2,"[
{
""String"" : ""获得@item_11643#@goal_1#"",
""UnlockTaskId"" : 0,
}
]","[
""获得@item_11643#@goal_1#""
]
","[
{
""Index"" : 1,
""Type"" : 3,
""GoalID1"" : ""I_11643"",
""GoalNum"" : 1
}
]
","[
{
""Index"" : 1,
""RewardType"" : 0,
""RewardID"" : 11329,
""RewardNum"" : 2
}
]",2,11643,,[],0,,0,,
304203,潜水脚蹼,2,"[
{
""String"" : ""获得@item_11644#@goal_1#"",
""UnlockTaskId"" : 0,
}
]","[
""获得@item_11644#@goal_1#""
]
","[
{
""Index"" : 1,
""Type"" : 3,
""GoalID1"" : ""I_11644"",
""GoalNum"" : 1
}
]
","[
{
""Index"" : 1,
""RewardType"" : 0,
""RewardID"" : 11329,
""RewardNum"" : 2
}
]",2,11644,,[],0,,0,,
304204,高级潜水面罩,2,"[
{
""String"" : ""获得@item_11645#@goal_1#"",
""UnlockTaskId"" : 0,
}
]","[
""获得@item_11645#@goal_1#""
]
","[
{
""Index"" : 1,
""Type"" : 3,
""GoalID1"" : ""I_11645"",
""GoalNum"" : 1
}
]
","[
{
""Index"" : 1,
""RewardType"" : 0,
""RewardID"" : 12614,
""RewardNum"" : 2
}
]",2,11645,,[],0,,0,,
304205,高级潜水服,2,"[
{
""String"" : ""获得@item_11646#@goal_1#"",
""UnlockTaskId"" : 0,
}
]","[
""获得@item_11646#@goal_1#""
]
","[
{
""Index"" : 1,
""Type"" : 3,
""GoalID1"" : ""I_11646"",
""GoalNum"" : 1
}
]
","[
{
""Index"" : 1,
""RewardType"" : 0,
""RewardID"" : 12614,
""RewardNum"" : 2
}
]",2,11646,,[],0,,0,,
304206,高级潜水脚蹼,2,"[
{
""String"" : ""获得@item_11647#@goal_1#"",
""UnlockTaskId"" : 0,
}
]","[
""获得@item_11647#@goal_1#""
]
","[
{
""Index"" : 1,
""Type"" : 3,
""GoalID1"" : ""I_11647"",
""GoalNum"" : 1
}
]
","[
{
""Index"" : 1,
""RewardType"" : 0,
""RewardID"" : 12614,
""RewardNum"" : 2
}
]",2,11647,,[],0,,0,,
304301,变身海灵,2,"[
{
""String"" : ""使用@item_11641#@goal_1#"",
""UnlockTaskId"" : 0,
}
]","[
""使用@item_11641#@goal_1#""
]
","[
{
""Index"" : 1,
""Type"" : 7,
""GoalID1"" : ""I_11641"",
""GoalNum"" : 1
}
]
","[
{
""Index"" : 1,
""RewardType"" : 1,
""RewardID"" : 0,
""RewardNum"" : 50
}
]",2,11641,,[4004021],0,,0,,
304401,抵达荒岛,2,"[
{
""String"" : ""抵达荒岛@goal_1#"",
""UnlockTaskId"" : 0,
}
]","[
""抵达荒岛@goal_1#""
]
","[
{
""Index"" : 1,
""Type"" : 14,
""GoalID1"" : ""B_ISLAND_SHORE_DESERT"",
""GoalNum"" : 1
}
]
","[
{
""Index"" : 1,
""RewardType"" : 1,
""RewardID"" : 0,
""RewardNum"" : 100
}
]",2,26,,[4004011],0,,0,,
304402,抵达红土岛,2,"[
{
""String"" : ""抵达红土岛@goal_1#"",
""UnlockTaskId"" : 0,
}
]","[
""抵达红土岛@goal_1#""
]
","[
{
""Index"" : 1,
""Type"" : 14,
""GoalID1"" : ""B_ISLAND_SHORE_REDSOIL"",
""GoalNum"" : 1
}
]
","[
{
""Index"" : 1,
""RewardType"" : 1,
""RewardID"" : 0,
""RewardNum"" : 100
}
]",2,233,,[4004013],0,,0,,
304403,抵达珊瑚岛,2,"[
{
""String"" : ""抵达珊瑚岛@goal_1#"",
""UnlockTaskId"" : 0,
}
]","[
""抵达珊瑚岛@goal_1#""
]
","[
{
""Index"" : 1,
""Type"" : 14,
""GoalID1"" : ""B_ISLAND_SHORE_REEF"",
""GoalNum"" : 1
}
]
","[
{
""Index"" : 1,
""RewardType"" : 1,
""RewardID"" : 0,
""RewardNum"" : 100
}
]",2,486,,[4004015],0,,0,,
304501,与传奇钓手交易,2,"[
{
""String"" : ""与传奇钓手交易@goal_1#"",
""UnlockTaskId"" : 0,
}
]","[
""与传奇钓手交易@goal_1#""
]
","[
{
""Index"" : 1,
""Type"" : 23,
""GoalID1"" : ""M_3229"",
""GoalNum"" : 1
}
]
","[
{
""Index"" : 1,
""RewardType"" : 1,
""RewardID"" : 0,
""RewardNum"" : 50
}
]",2,#3229,,[4004008],0,,0,,
304502,与海盗商人交易,2,"[
{
""String"" : ""与海盗商人交易@goal_1#"",
""UnlockTaskId"" : 0,
}
]","[
""与海盗商人交易@goal_1#""
]
","[
{
""Index"" : 1,
""Type"" : 23,
""GoalID1"" : ""M_3222"",
""GoalNum"" : 1
}
]
","[
{
""Index"" : 1,
""RewardType"" : 1,
""RewardID"" : 0,
""RewardNum"" : 50
}
]",2,#3222,,[4004012],0,,0,,
304503,与海岛商人交易,2,"[
{
""String"" : ""与海岛商人交易@goal_1#"",
""UnlockTaskId"" : 0,
}
]","[
""与海岛商人交易@goal_1#""
]
","[
{
""Index"" : 1,
""Type"" : 23,
""GoalID1"" : ""M_3223"",
""GoalNum"" : 1
}
]
","[
{
""Index"" : 1,
""RewardType"" : 1,
""RewardID"" : 0,
""RewardNum"" : 50
}
]",2,#3223,,[4004016],0,,0,,
304601,海盗危机1,2,"[
{
""String"" : ""战胜小型海盗船@goal_1#"",
""UnlockTaskId"" : 0,
}
]","[
""战胜小型海盗船@goal_1#""
]
","[
{
""Index"" : 1,
""Type"" : 8,
""GoalID1"" : ""M_3225"",
""GoalNum"" : 20
}
]
","[
{
""Index"" : 1,
""RewardType"" : 1,
""RewardID"" : 0,
""RewardNum"" : 25
}
]",2,#3225,,[3004041],0,,0,,
304602,海盗危机2,2,"[
{
""String"" : ""战胜中型海盗船@goal_1#"",
""UnlockTaskId"" : 0,
}
]","[
""战胜中型海盗船@goal_1#""
]
","[
{
""Index"" : 1,
""Type"" : 8,
""GoalID1"" : ""M_3226"",
""GoalNum"" : 10
}
]
","[
{
""Index"" : 1,
""RewardType"" : 1,
""RewardID"" : 0,
""RewardNum"" : 25
}
]",2,#3226,,[3004044],0,,0,,
304603,海盗危机3,2,"[
{
""String"" : ""战胜大型海盗船@goal_1#"",
""UnlockTaskId"" : 0,
}
]","[
""战胜大型海盗船@goal_1#""
]
","[
{
""Index"" : 1,
""Type"" : 8,
""GoalID1"" : ""M_3227"",
""GoalNum"" : 5
}
]
","[
{
""Index"" : 1,
""RewardType"" : 1,
""RewardID"" : 0,
""RewardNum"" : 25
}
]",2,#3227,,[3004047],0,,0,,
304604,海盗危机4,2,"[
{
""String"" : ""战胜海盗掠夺者@goal_1#"",
""UnlockTaskId"" : 0,
}
]","[
""战胜海盗掠夺者@goal_1#""
]
","[
{
""Index"" : 1,
""Type"" : 8,
""GoalID1"" : ""M_3220"",
""GoalNum"" : 30
}
]
","[
{
""Index"" : 1,
""RewardType"" : 1,
""RewardID"" : 0,
""RewardNum"" : 25
}
]",2,#3220,,[3004035],0,,0,,
304605,海盗危机5,2,"[
{
""String"" : ""战胜海盗猎手@goal_1#"",
""UnlockTaskId"" : 0,
}
]","[
""战胜海盗猎手@goal_1#""
]
","[
{
""Index"" : 1,
""Type"" : 8,
""GoalID1"" : ""M_3221"",
""GoalNum"" : 30
}
]
","[
{
""Index"" : 1,
""RewardType"" : 1,
""RewardID"" : 0,
""RewardNum"" : 25
}
]",2,#3221,,[3004038],0,,0,,
304701,获得花冠,2,"[
{
""String"" : ""获得@item_11228#@goal_1#"",
""UnlockTaskId"" : 0,
}
]","[
""获得@item_11228#@goal_1#""
]
","[
{
""Index"" : 1,
""Type"" : 3,
""GoalID1"" : ""I_11228"",
""GoalNum"" : 1
}
]
","[
{
""Index"" : 1,
""RewardType"" : 1,
""RewardID"" : 0,
""RewardNum"" : 50
}
]",2,11228,,[],0,,0,,
304702,获得幸运花冠,2,"[
{
""String"" : ""获得@item_11650#@goal_1#"",
""UnlockTaskId"" : 0,
}
]","[
""获得@item_11650#@goal_1#""
]
","[
{
""Index"" : 1,
""Type"" : 3,
""GoalID1"" : ""I_11650"",
""GoalNum"" : 1
}
]
","[
{
""Index"" : 1,
""RewardType"" : 1,
""RewardID"" : 0,
""RewardNum"" : 100
}
]",2,11650,,[],0,,0,,
304801,召唤沙灵,2,"[
{
""String"" : ""使用@item_11585#召唤沙灵守卫@goal_1#"",
""UnlockTaskId"" : 0,
}
]","[
""使用@item_11585#召唤沙灵守卫@goal_1#""
]
","[
{
""Index"" : 1,
""Type"" : 7,
""GoalID1"" : ""I_11585"",
""GoalNum"" : 1
}
]
","[
{
""Index"" : 1,
""RewardType"" : 1,
""RewardID"" : 0,
""RewardNum"" : 100
}
]",2,11585,,[],0,,0,,
304901,获得防沙披风,2,"[
{
""String"" : ""获得@item_11639#@goal_1#"",
""UnlockTaskId"" : 0,
}
]","[
""获得@item_11639#@goal_1#""
]
","[
{
""Index"" : 1,
""Type"" : 3,
""GoalID1"" : ""I_11639"",
""GoalNum"" : 1
}
]
","[
{
""Index"" : 1,
""RewardType"" : 1,
""RewardID"" : 0,
""RewardNum"" : 50
}
]",2,11639,,[3002081],0,,0,,
304902,获得帐篷,2,"[
{
""String"" : ""获得@item_484#@goal_1#"",
""UnlockTaskId"" : 0,
}
]","[
""获得@item_484#@goal_1#""
]
","[
{
""Index"" : 1,
""Type"" : 3,
""GoalID1"" : ""I_484"",
""GoalNum"" : 1
}
]
","[
{
""Index"" : 1,
""RewardType"" : 1,
""RewardID"" : 0,
""RewardNum"" : 50
}
]",2,484,,[],0,,0,,
305001,与友善商人交易,2,"[
{
""String"" : ""与友善商人交易@goal_1#"",
""UnlockTaskId"" : 0,
}
]","[
""与友善商人交易@goal_1#""
]
","[
{
""Index"" : 1,
""Type"" : 23,
""GoalID1"" : ""M_3210"",
""GoalNum"" : 1
}
]
","[
{
""Index"" : 1,
""RewardType"" : 1,
""RewardID"" : 0,
""RewardNum"" : 50
}
]",2,#3210,,[4003003],0,,0,,
305002,与奸诈商人交易,2,"[
{
""String"" : ""与奸诈商人交易@goal_1#"",
""UnlockTaskId"" : 0,
}
]","[
""与奸诈商人交易@goal_1#""
]
","[
{
""Index"" : 1,
""Type"" : 23,
""GoalID1"" : ""M_3211"",
""GoalNum"" : 1
}
]
","[
{
""Index"" : 1,
""RewardType"" : 1,
""RewardID"" : 0,
""RewardNum"" : 50
}
]",2,#3211,,[4003004],0,,0,,
305003,与神秘商人交易,2,"[
{
""String"" : ""与神秘商人交易@goal_1#"",
""UnlockTaskId"" : 0,
}
]","[
""与神秘商人交易@goal_1#""
]
","[
{
""Index"" : 1,
""Type"" : 23,
""GoalID1"" : ""M_3212"",
""GoalNum"" : 1
}
]
","[
{
""Index"" : 1,
""RewardType"" : 1,
""RewardID"" : 0,
""RewardNum"" : 50
}
]",2,#3212,,[4003005],0,,0,,
305101,战胜毒尾蝎,2,"[
{
""String"" : ""战胜毒尾蝎@goal_1#"",
""UnlockTaskId"" : 0,
}
]","[
""战胜毒尾蝎@goal_1#""
]
","[
{
""Index"" : 1,
""Type"" : 8,
""GoalID1"" : ""M_3824"",
""GoalNum"" : 200
}
]
","[
{
""Index"" : 1,
""RewardType"" : 1,
""RewardID"" : 0,
""RewardNum"" : 200
}
]",2,#3824,,[3004053],0,,0,,
305102,战胜巨型毒尾蝎,2,"[
{
""String"" : ""战胜巨型毒尾蝎@goal_1#"",
""UnlockTaskId"" : 0,
}
]","[
""战胜巨型毒尾蝎@goal_1#""
]
","[
{
""Index"" : 1,
""Type"" : 8,
""GoalID1"" : ""M_3829"",
""GoalNum"" : 10
}
]
","[
{
""Index"" : 1,
""RewardType"" : 1,
""RewardID"" : 0,
""RewardNum"" : 200
}
]",2,#3829,,[4003006],0,,0,,
305201,挖取咒岩,2,"[
{
""String"" : ""挖取@item_15#@goal_1#"",
""UnlockTaskId"" : 0,
}
]","[
""挖取@item_15#@goal_1#""
]
","[
{
""Index"" : 1,
""Type"" : 2,
""GoalID1"" : ""I_15"",
""GoalNum"" : 1
}
]
","[
{
""Index"" : 1,
""RewardType"" : 1,
""RewardID"" : 0,
""RewardNum"" : 100
}
]",2,15,,[],0,,0,,
305301,星能振荡器图纸,2,"[
{
""String"" : ""获得@item_11102#@goal_1#"",
""UnlockTaskId"" : 0,
}
]","[
""获得@item_11102#@goal_1#""
]
","[
{
""Index"" : 1,
""Type"" : 3,
""GoalID1"" : ""I_11102"",
""GoalNum"" : 1
}
]
","[
{
""Index"" : 1,
""RewardType"" : 1,
""RewardID"" : 0,
""RewardNum"" : 100
}
]",2,11102,,[],0,,0,,
305302,制作星能振荡器,2,"[
{
""String"" : ""制作@item_1182#@goal_1#"",
""UnlockTaskId"" : 0,
}
]","[
""制作@item_1182#@goal_1#""
]
","[
{
""Index"" : 1,
""Type"" : 4,
""GoalID1"" : ""I_1182"",
""GoalNum"" : 1
}
]
","[
{
""Index"" : 1,
""RewardType"" : 1,
""RewardID"" : 0,
""RewardNum"" : 100
}
]",2,1182,,[],0,,0,,
305401,获得剧毒瓶,2,"[
{
""String"" : ""获得@item_11630#@goal_1#"",
""UnlockTaskId"" : 0,
}
]","[
""获得@item_11630#@goal_1#""
]
","[
{
""Index"" : 1,
""Type"" : 3,
""GoalID1"" : ""I_11630"",
""GoalNum"" : 1
}
]
","[
{
""Index"" : 1,
""RewardType"" : 1,
""RewardID"" : 0,
""RewardNum"" : 50
}
]",2,11630,,[],0,,0,,
305402,获得水瓶,2,"[
{
""String"" : ""获得@item_11049#@goal_1#"",
""UnlockTaskId"" : 0,
}
]","[
""获得@item_11049#@goal_1#""
]
","[
{
""Index"" : 1,
""Type"" : 3,
""GoalID1"" : ""I_11049"",
""GoalNum"" : 1
}
]
","[
{
""Index"" : 1,
""RewardType"" : 1,
""RewardID"" : 0,
""RewardNum"" : 50
}
]",2,11049,,[],0,,0,,
305403,获得岩浆坩埚,2,"[
{
""String"" : ""获得@item_11052#@goal_1#"",
""UnlockTaskId"" : 0,
}
]","[
""获得@item_11052#@goal_1#""
]
","[
{
""Index"" : 1,
""Type"" : 3,
""GoalID1"" : ""I_11052"",
""GoalNum"" : 1
}
]
","[
{
""Index"" : 1,
""RewardType"" : 1,
""RewardID"" : 0,
""RewardNum"" : 50
}
]",2,11052,,[],0,,0,,
305404,获得瓶装蜂蜜,2,"[
{
""String"" : ""获得@item_12511#@goal_1#"",
""UnlockTaskId"" : 0,
}
]","[
""获得@item_12511#@goal_1#""
]
","[
{
""Index"" : 1,
""Type"" : 3,
""GoalID1"" : ""I_12511"",
""GoalNum"" : 1
}
]
","[
{
""Index"" : 1,
""RewardType"" : 1,
""RewardID"" : 0,
""RewardNum"" : 50
}
]",2,12511,,[],0,,0,,
305501,解冻村民1,2,"[
{
""String"" : ""解冻村民@goal_1#"",
""UnlockTaskId"" : 0,
}
]","[
""解冻村民@goal_1#""
]
","[
{
""Index"" : 1,
""Type"" : 22,
""GoalID1"" : ""I_12534"",
""GoalID2"" : ""M_3236,M_3237,M_3238,M_3239"",
""GoalNum"" : 10
}
]","[
{
""Index"" : 1,
""RewardType"" : 1,
""RewardID"" : 0,
""RewardNum"" : 100
}
]",2,12534,,[],0,,0,,
305502,解冻村民2,2,"[
{
""String"" : ""解冻村民@goal_1#"",
""UnlockTaskId"" : 0,
}
]","[
""解冻村民@goal_1#""
]
","[
{
""Index"" : 1,
""Type"" : 22,
""GoalID1"" : ""I_12534"",
""GoalID2"" : ""M_3236,M_3237,M_3238,M_3239"",
""GoalNum"" : 50
}
]","[
{
""Index"" : 1,
""RewardType"" : 1,
""RewardID"" : 0,
""RewardNum"" : 200
}
]",2,12534,,[],0,,0,,
305503,解冻村民3,2,"[
{
""String"" : ""解冻村民@goal_1#"",
""UnlockTaskId"" : 0,
}
]","[
""解冻村民@goal_1#""
]
","[
{
""Index"" : 1,
""Type"" : 22,
""GoalID1"" : ""I_12534"",
""GoalID2"" : ""M_3236,M_3237,M_3238,M_3239"",
""GoalNum"" : 100
}
]","[
{
""Index"" : 1,
""RewardType"" : 1,
""RewardID"" : 0,
""RewardNum"" : 300
}
]",2,12534,,[],0,,0,,
305601,激活雪人1,2,"[
{
""String"" : ""使用@item_12710#激活雪人@goal_1#"",
""UnlockTaskId"" : 0,
}
]","[
""使用@item_12710#激活雪人@goal_1#""
]
","[
{
""Index"" : 1,
""Type"" : 22,
""GoalID1"" : ""I_12710"",
""GoalID2"" : ""M_3916"",
""GoalNum"" : 10
}
]
","[
{
""Index"" : 1,
""RewardType"" : 1,
""RewardID"" : 0,
""RewardNum"" : 100
}
]",2,12710,,[],0,,0,,
305602,激活雪人2,2,"[
{
""String"" : ""使用@item_12710#激活雪人@goal_1#"",
""UnlockTaskId"" : 0,
}
]","[
""使用@item_12710#激活雪人@goal_1#""
]
","[
{
""Index"" : 1,
""Type"" : 22,
""GoalID1"" : ""I_12710"",
""GoalID2"" : ""M_3916"",
""GoalNum"" : 50
}
]
","[
{
""Index"" : 1,
""RewardType"" : 1,
""RewardID"" : 0,
""RewardNum"" : 200
}
]",2,12710,,[],0,,0,,
305603,激活雪人3,2,"[
{
""String"" : ""使用@item_12710#激活雪人@goal_1#"",
""UnlockTaskId"" : 0,
}
]","[
""使用@item_12710#激活雪人@goal_1#""
]
","[
{
""Index"" : 1,
""Type"" : 22,
""GoalID1"" : ""I_12710"",
""GoalID2"" : ""M_3916"",
""GoalNum"" : 100
}
]
","[
{
""Index"" : 1,
""RewardType"" : 1,
""RewardID"" : 0,
""RewardNum"" : 300
}
]",2,12710,,[],0,,0,,
305701,战胜元素守卫1,2,"[
{
""String"" : ""战胜任意元素守卫@goal_1#"",
""UnlockTaskId"" : 0,
}
]","[
""战胜任意元素守卫@goal_1#""
]
","[
{
""Index"" : 1,
""Type"" : 8,
""GoalID1"" : ""M_3826,M_3915,M_3224"",
""GoalNum"" : 1
}
]
","[
{
""Index"" : 1,
""RewardType"" : 1,
""RewardID"" : 0,
""RewardNum"" : 10
}
]",2,#3826,,[],0,,0,,
305702,战胜元素守卫2,2,"[
{
""String"" : ""战胜任意元素守卫@goal_1#"",
""UnlockTaskId"" : 0,
}
]","[
""战胜任意元素守卫@goal_1#""
]
","[
{
""Index"" : 1,
""Type"" : 8,
""GoalID1"" : ""M_3826,M_3915,M_3224"",
""GoalNum"" : 10
}
]
","[
{
""Index"" : 1,
""RewardType"" : 1,
""RewardID"" : 0,
""RewardNum"" : 100
}
]",2,#3826,,[],0,,0,,
305703,战胜元素守卫3,2,"[
{
""String"" : ""战胜任意元素守卫@goal_1#"",
""UnlockTaskId"" : 0,
}
]","[
""战胜任意元素守卫@goal_1#""
]
","[
{
""Index"" : 1,
""Type"" : 8,
""GoalID1"" : ""M_3826,M_3915,M_3224"",
""GoalNum"" : 50
}
]
","[
{
""Index"" : 1,
""RewardType"" : 1,
""RewardID"" : 0,
""RewardNum"" : 50
}
]",2,#3826,,[],0,,0,,
305704,战胜元素守卫4,2,"[
{
""String"" : ""战胜任意元素守卫@goal_1#"",
""UnlockTaskId"" : 0,
}
]","[
""战胜任意元素守卫@goal_1#""
]
","[
{
""Index"" : 1,
""Type"" : 8,
""GoalID1"" : ""M_3826,M_3915,M_3224"",
""GoalNum"" : 200
}
]
","[
{
""Index"" : 1,
""RewardType"" : 1,
""RewardID"" : 0,
""RewardNum"" : 200
}
]",2,#3915,,[],0,,0,,
305705,战胜元素守卫5,2,"[
{
""String"" : ""战胜任意元素守卫@goal_1#"",
""UnlockTaskId"" : 0,
}
]","[
""战胜任意元素守卫@goal_1#""
]
","[
{
""Index"" : 1,
""Type"" : 8,
""GoalID1"" : ""M_3826,M_3915,M_3224"",
""GoalNum"" : 500
}
]
","[
{
""Index"" : 1,
""RewardType"" : 1,
""RewardID"" : 0,
""RewardNum"" : 500
}
]",2,#3224,,[],0,,0,,
305801,战胜硫磺弓手1,2,"[
{
""String"" : ""战胜硫磺弓手@goal_1#"",
""UnlockTaskId"" : 0,
}
]","[
""战胜硫磺弓手@goal_1#""
]
","[
{
""Index"" : 1,
""Type"" : 8,
""GoalID1"" : ""M_3131"",
""GoalNum"" : 1
}
]
","[
{
""Index"" : 1,
""RewardType"" : 1,
""RewardID"" : 0,
""RewardNum"" : 10
}
]",2,#3131,,[],0,,0,,
305802,战胜硫黄弓手2,2,"[
{
""String"" : ""战胜硫磺弓手@goal_1#"",
""UnlockTaskId"" : 0,
}
]","[
""战胜硫磺弓手@goal_1#""
]
","[
{
""Index"" : 1,
""Type"" : 8,
""GoalID1"" : ""M_3131"",
""GoalNum"" : 100
}
]
","[
{
""Index"" : 1,
""RewardType"" : 1,
""RewardID"" : 0,
""RewardNum"" : 1000
}
]",2,#3131,,[],0,,0,,
305803,战胜熔岩巨人1,2,"[
{
""String"" : ""战胜熔岩巨人@goal_1#"",
""UnlockTaskId"" : 0,
}
]","[
""战胜熔岩巨人@goal_1#""
]
","[
{
""Index"" : 1,
""Type"" : 8,
""GoalID1"" : ""M_3130"",
""GoalNum"" : 1
}
]
","[
{
""Index"" : 1,
""RewardType"" : 1,
""RewardID"" : 0,
""RewardNum"" : 10
}
]",2,#3130,,[],0,,0,,
305804,战胜熔岩巨人2,2,"[
{
""String"" : ""战胜熔岩巨人@goal_1#"",
""UnlockTaskId"" : 0,
}
]","[
""战胜熔岩巨人@goal_1#""
]
","[
{
""Index"" : 1,
""Type"" : 8,
""GoalID1"" : ""M_3130"",
""GoalNum"" : 100
}
]
","[
{
""Index"" : 1,
""RewardType"" : 1,
""RewardID"" : 0,
""RewardNum"" : 1000
}
]",2,#3130,,[],0,,0,,
305805,战胜焱焱蟹1,2,"[
{
""String"" : ""战胜焱焱蟹@goal_1#"",
""UnlockTaskId"" : 0,
}
]","[
""战胜焱焱蟹@goal_1#""
]
","[
{
""Index"" : 1,
""Type"" : 8,
""GoalID1"" : ""M_3881"",
""GoalNum"" : 1
}
]
","[
{
""Index"" : 1,
""RewardType"" : 1,
""RewardID"" : 0,
""RewardNum"" : 10
}
]",2,#3881,,[],0,,0,,
305806,战胜焱焱蟹2,2,"[
{
""String"" : ""战胜焱焱蟹@goal_1#"",
""UnlockTaskId"" : 0,
}
]","[
""战胜焱焱蟹@goal_1#""
]
","[
{
""Index"" : 1,
""Type"" : 8,
""GoalID1"" : ""M_3881"",
""GoalNum"" : 100
}
]
","[
{
""Index"" : 1,
""RewardType"" : 1,
""RewardID"" : 0,
""RewardNum"" : 1000
}
]",2,#3881,,[],0,,0,,
305901,挖取硫黄岩1,2,"[
{
""String"" : ""挖取@item_124#@goal_1#"",
""UnlockTaskId"" : 0,
}
]","[
""挖取@item_124#@goal_1#""
]
","[
{
""Index"" : 1,
""Type"" : 2,
""GoalID1"" : ""I_124"",
""GoalNum"" : 1
}
]
","[
{
""Index"" : 1,
""RewardType"" : 1,
""RewardID"" : 0,
""RewardNum"" : 5
}
]",2,124,,[],0,,0,,
305902,挖取硫黄岩2,2,"[
{
""String"" : ""挖取@item_124#@goal_1#"",
""UnlockTaskId"" : 0,
}
]","[
""挖取@item_124#@goal_1#""
]
","[
{
""Index"" : 1,
""Type"" : 2,
""GoalID1"" : ""I_124"",
""GoalNum"" : 100
}
]
","[
{
""Index"" : 1,
""RewardType"" : 1,
""RewardID"" : 0,
""RewardNum"" : 500
}
]",2,124,,[],0,,0,,
305903,挖取曙光石块1,2,"[
{
""String"" : ""挖取@item_536#@goal_1#"",
""UnlockTaskId"" : 0,
}
]","[
""挖取@item_536#@goal_1#""
]
","[
{
""Index"" : 1,
""Type"" : 2,
""GoalID1"" : ""I_536"",
""GoalNum"" : 1
}
]
","[
{
""Index"" : 1,
""RewardType"" : 1,
""RewardID"" : 0,
""RewardNum"" : 5
}
]",2,536,,[],0,,0,,
305904,挖取曙光石块2,2,"[
{
""String"" : ""挖取@item_536#@goal_1#"",
""UnlockTaskId"" : 0,
}
]","[
""挖取@item_536#@goal_1#""
]
","[
{
""Index"" : 1,
""Type"" : 2,
""GoalID1"" : ""I_536"",
""GoalNum"" : 100
}
]
","[
{
""Index"" : 1,
""RewardType"" : 1,
""RewardID"" : 0,
""RewardNum"" : 500
}
]",2,536,,[],0,,0,,
305905,挖取硫黄晶砂1,2,"[
{
""String"" : ""挖取@item_132#@goal_1#"",
""UnlockTaskId"" : 0,
}
]","[
""挖取@item_132#@goal_1#""
]
","[
{
""Index"" : 1,
""Type"" : 2,
""GoalID1"" : ""I_132"",
""GoalNum"" : 1
}
]
","[
{
""Index"" : 1,
""RewardType"" : 1,
""RewardID"" : 0,
""RewardNum"" : 25
}
]",2,132,,[],0,,0,,
305906,挖取硫黄晶砂2,2,"[
{
""String"" : ""挖取@item_132#@goal_1#"",
""UnlockTaskId"" : 0,
}
]","[
""挖取@item_132#@goal_1#""
]
","[
{
""Index"" : 1,
""Type"" : 2,
""GoalID1"" : ""I_132"",
""GoalNum"" : 20
}
]
","[
{
""Index"" : 1,
""RewardType"" : 1,
""RewardID"" : 0,
""RewardNum"" : 500
}
]",2,132,,[],0,,0,,
306001,获得黑龙雕像,2,"[
{
""String"" : ""获得@item_732#@goal_1#"",
""UnlockTaskId"" : 0,
}
]","[
""获得@item_732#@goal_1#""
]
","[
{
""Index"" : 1,
""Type"" : 3,
""GoalID1"" : ""I_732"",
""GoalNum"" : 1
}
]
","[
{
""Index"" : 1,
""RewardType"" : 1,
""RewardID"" : 0,
""RewardNum"" : 50
}
]",2,732,,[],0,,0,,
306002,获得熔岩雕像,2,"[
{
""String"" : ""获得@item_746#@goal_1#"",
""UnlockTaskId"" : 0,
}
]","[
""获得@item_746#@goal_1#""
]
","[
{
""Index"" : 1,
""Type"" : 3,
""GoalID1"" : ""I_746"",
""GoalNum"" : 1
}
]
","[
{
""Index"" : 1,
""RewardType"" : 1,
""RewardID"" : 0,
""RewardNum"" : 50
}
]",2,746,,[],0,,0,,
306003,获得混乱雕像,2,"[
{
""String"" : ""获得@item_742#@goal_1#"",
""UnlockTaskId"" : 0,
}
]","[
""获得@item_742#@goal_1#""
]
","[
{
""Index"" : 1,
""Type"" : 3,
""GoalID1"" : ""I_742"",
""GoalNum"" : 1
}
]
","[
{
""Index"" : 1,
""RewardType"" : 1,
""RewardID"" : 0,
""RewardNum"" : 50
}
]",2,742,,[],0,,0,,
306004,获得熔岩披风,2,"[
{
""String"" : ""获得@item_12210#@goal_1#"",
""UnlockTaskId"" : 0,
}
]","[
""获得@item_12210#@goal_1#""
]
","[
{
""Index"" : 1,
""Type"" : 3,
""GoalID1"" : ""I_12210"",
""GoalNum"" : 1
}
]
","[
{
""Index"" : 1,
""RewardType"" : 1,
""RewardID"" : 0,
""RewardNum"" : 50
}
]",2,12210,,[],0,,0,,
306005,获得熔岩球,2,"[
{
""String"" : ""获得@item_15519#@goal_1#"",
""UnlockTaskId"" : 0,
}
]","[
""获得@item_15519#@goal_1#""
]
","[
{
""Index"" : 1,
""Type"" : 3,
""GoalID1"" : ""I_15519"",
""GoalNum"" : 1
}
]
","[
{
""Index"" : 1,
""RewardType"" : 1,
""RewardID"" : 0,
""RewardNum"" : 25
}
]",2,15519,,[],0,,0,,
306006,获得混乱球,2,"[
{
""String"" : ""获得@item_15520#@goal_1#"",
""UnlockTaskId"" : 0,
}
]","[
""获得@item_15520#@goal_1#""
]
","[
{
""Index"" : 1,
""Type"" : 3,
""GoalID1"" : ""I_15520"",
""GoalNum"" : 1
}
]
","[
{
""Index"" : 1,
""RewardType"" : 1,
""RewardID"" : 0,
""RewardNum"" : 25
}
]",2,15520,,[],0,,0,,
306101,战胜萌眼生物1,2,"[
{
""String"" : ""战胜任意萌眼生物@goal_1#"",
""UnlockTaskId"" : 0,
}
]","[
""战胜任意萌眼生物@goal_1#""
]
","[
{
""Index"" : 1,
""Type"" : 8,
""GoalID1"" : ""M_3103,M_3110,M_3111,M_3112,M_3113,M_3114,M_3115,M_3116,M_3117,M_3118"",
""GoalNum"" : 10
}
]
","[
{
""Index"" : 1,
""RewardType"" : 1,
""RewardID"" : 0,
""RewardNum"" : 10
}
]",2,#3110,,[],0,,0,,
306102,战胜萌眼生物2,2,"[
{
""String"" : ""战胜任意萌眼生物@goal_1#"",
""UnlockTaskId"" : 0,
}
]","[
""战胜任意萌眼生物@goal_1#""
]
","[
{
""Index"" : 1,
""Type"" : 8,
""GoalID1"" : ""M_3103,M_3110,M_3111,M_3112,M_3113,M_3114,M_3115,M_3116,M_3117,M_3118"",
""GoalNum"" : 50
}
]
","[
{
""Index"" : 1,
""RewardType"" : 1,
""RewardID"" : 0,
""RewardNum"" : 50
}
]",2,#3110,,[],0,,0,,
306103,战胜萌眼生物3,2,"[
{
""String"" : ""战胜任意萌眼生物@goal_1#"",
""UnlockTaskId"" : 0,
}
]","[
""战胜任意萌眼生物@goal_1#""
]
","[
{
""Index"" : 1,
""Type"" : 8,
""GoalID1"" : ""M_3103,M_3110,M_3111,M_3112,M_3113,M_3114,M_3115,M_3116,M_3117,M_3118"",
""GoalNum"" : 200
}
]
","[
{
""Index"" : 1,
""RewardType"" : 1,
""RewardID"" : 0,
""RewardNum"" : 200
}
]",2,#3111,,[],0,,0,,
306104,战胜萌眼生物4,2,"[
{
""String"" : ""战胜任意萌眼生物@goal_1#"",
""UnlockTaskId"" : 0,
}
]","[
""战胜任意萌眼生物@goal_1#""
]
","[
{
""Index"" : 1,
""Type"" : 8,
""GoalID1"" : ""M_3103,M_3110,M_3111,M_3112,M_3113,M_3114,M_3115,M_3116,M_3117,M_3118"",
""GoalNum"" : 500
}
]
","[
{
""Index"" : 1,
""RewardType"" : 1,
""RewardID"" : 0,
""RewardNum"" : 500
}
]",2,#3112,,[],0,,0,,
306105,战胜萌眼生物5,2,"[
{
""String"" : ""战胜任意萌眼生物@goal_1#"",
""UnlockTaskId"" : 0,
}
]","[
""战胜任意萌眼生物@goal_1#""
]
","[
{
""Index"" : 1,
""Type"" : 8,
""GoalID1"" : ""M_3103,M_3110,M_3111,M_3112,M_3113,M_3114,M_3115,M_3116,M_3117,M_3118"",
""GoalNum"" : 1000
}
]
","[
{
""Index"" : 1,
""RewardType"" : 1,
""RewardID"" : 0,
""RewardNum"" : 1000
}
]",2,#3103,,[],0,,0,,
306201,异星图纸专家1,2,"[
{
""String"" : ""获得@item_11086#@goal_1#"",
""UnlockTaskId"" : 0,
}
]","[
""获得@item_11086#@goal_1#""
]
","[
{
""Index"" : 1,
""Type"" : 3,
""GoalID1"" : ""I_11086"",
""GoalNum"" : 1
}
]
","[
{
""Index"" : 1,
""RewardType"" : 1,
""RewardID"" : 0,
""RewardNum"" : 100
}
]",2,11086,,[],0,,0,,
306202,异星图纸专家2,2,"[
{
""String"" : ""获得@item_11087#@goal_1#"",
""UnlockTaskId"" : 0,
}
]","[
""获得@item_11087#@goal_1#""
]
","[
{
""Index"" : 1,
""Type"" : 3,
""GoalID1"" : ""I_11087"",
""GoalNum"" : 1
}
]
","[
{
""Index"" : 1,
""RewardType"" : 1,
""RewardID"" : 0,
""RewardNum"" : 100
}
]",2,11087,,[],0,,0,,
306203,异星图纸专家3,2,"[
{
""String"" : ""获得@item_11088#@goal_1#"",
""UnlockTaskId"" : 0,
}
]","[
""获得@item_11088#@goal_1#""
]
","[
{
""Index"" : 1,
""Type"" : 3,
""GoalID1"" : ""I_11088"",
""GoalNum"" : 1
}
]
","[
{
""Index"" : 1,
""RewardType"" : 1,
""RewardID"" : 0,
""RewardNum"" : 100
}
]",2,11088,,[],0,,0,,
306204,异星图纸专家4,2,"[
{
""String"" : ""获得@item_11081#@goal_1#"",
""UnlockTaskId"" : 0,
}
]","[
""获得@item_11081#@goal_1#""
]
","[
{
""Index"" : 1,
""Type"" : 3,
""GoalID1"" : ""I_11081"",
""GoalNum"" : 1
}
]
","[
{
""Index"" : 1,
""RewardType"" : 1,
""RewardID"" : 0,
""RewardNum"" : 100
}
]",2,11081,,[],0,,0,,
306205,异星图纸专家5,2,"[
{
""String"" : ""获得@item_11082#@goal_1#"",
""UnlockTaskId"" : 0,
}
]","[
""获得@item_11082#@goal_1#""
]
","[
{
""Index"" : 1,
""Type"" : 3,
""GoalID1"" : ""I_11082"",
""GoalNum"" : 1
}
]
","[
{
""Index"" : 1,
""RewardType"" : 1,
""RewardID"" : 0,
""RewardNum"" : 100
}
]",2,11082,,[],0,,0,,
306206,异星图纸专家6,2,"[
{
""String"" : ""获得@item_11097#@goal_1#"",
""UnlockTaskId"" : 0,
}
]","[
""获得@item_11097#@goal_1#""
]
","[
{
""Index"" : 1,
""Type"" : 3,
""GoalID1"" : ""I_11097"",
""GoalNum"" : 1
}
]
","[
{
""Index"" : 1,
""RewardType"" : 1,
""RewardID"" : 0,
""RewardNum"" : 100
}
]",2,11097,,[],0,,0,,
306301,屡败屡战1,2,"[
{
""String"" : ""在战败后，重新振作起来"",
""UnlockTaskId"" : 0,
}
]","[
""在战败后，重新振作起来""
]","[
{
""Index"" : 1,
""Type"" : 11,
""GoalID1"" : 0,
""GoalNum"" : 1
}
]
","[
{
""Index"" : 1,
""RewardType"" : 1,
""RewardID"" : 0,
""RewardNum"" : 5
}
]",2,596,,[4002001],0,,0,,
306302,屡败屡战2,2,"[
{
""String"" : ""在战败后，重新振作起来"",
""UnlockTaskId"" : 0,
}
]","[
""在战败后，重新振作起来""
]","[
{
""Index"" : 1,
""Type"" : 11,
""GoalID1"" : 0,
""GoalNum"" : 50
}
]
","[
{
""Index"" : 1,
""RewardType"" : 1,
""RewardID"" : 0,
""RewardNum"" : 200
}
]",2,596,,[4002002],0,,0,,
306303,屡败屡战3,2,"[
{
""String"" : ""在战败后，重新振作起来"",
""UnlockTaskId"" : 0,
}
]","[
""在战败后，重新振作起来""
]","[
{
""Index"" : 1,
""Type"" : 11,
""GoalID1"" : 0,
""GoalNum"" : 100
}
]
","[
{
""Index"" : 1,
""RewardType"" : 1,
""RewardID"" : 0,
""RewardNum"" : 500
}
]",2,596,,[4002002],0,,0,,
306304,屡败屡战4,2,"[
{
""String"" : ""在战败后，重新振作起来"",
""UnlockTaskId"" : 0,
}
]","[
""在战败后，重新振作起来""
]","[
{
""Index"" : 1,
""Type"" : 11,
""GoalID1"" : 0,
""GoalNum"" : 500
}
]
","[
{
""Index"" : 1,
""RewardType"" : 1,
""RewardID"" : 0,
""RewardNum"" : 1000
}
]",2,596,,[4002003],0,,0,,
306305,屡败屡战5,2,"[
{
""String"" : ""在战败后，重新振作起来"",
""UnlockTaskId"" : 0,
}
]","[
""在战败后，重新振作起来""
]","[
{
""Index"" : 1,
""Type"" : 11,
""GoalID1"" : 0,
""GoalNum"" : 1000
}
]
","[
{
""Index"" : 1,
""RewardType"" : 1,
""RewardID"" : 0,
""RewardNum"" : 2000
}
]",2,596,,[],0,,0,,
306401,迷拉星生存1,2,"[
{
""String"" : ""在迷拉星生存@goal_1#天"",
""UnlockTaskId"" : 0,
}
]","[
""在迷拉星生存@goal_1#天""
]","[
{
""Index"" : 1,
""Type"" : 15,
""GoalID1"" : ""P_0"",
""GoalNum"" : 7
}
]
","[
{
""Index"" : 1,
""RewardType"" : 1,
""RewardID"" : 0,
""RewardNum"" : 10
}
]",2,100,,"[4002010,4002011,4002012]",0,,0,,
306402,迷拉星生存2,2,"[
{
""String"" : ""在迷拉星生存@goal_1#天"",
""UnlockTaskId"" : 0,
}
]","[
""在迷拉星生存@goal_1#天""
]","[
{
""Index"" : 1,
""Type"" : 15,
""GoalID1"" : ""P_0"",
""GoalNum"" : 30
}
]
","[
{
""Index"" : 1,
""RewardType"" : 1,
""RewardID"" : 0,
""RewardNum"" : 50
}
]",2,100,,"[4002011,4002012]",0,,0,,
306403,迷拉星生存3,2,"[
{
""String"" : ""在迷拉星生存@goal_1#天"",
""UnlockTaskId"" : 0,
}
]","[
""在迷拉星生存@goal_1#天""
]","[
{
""Index"" : 1,
""Type"" : 15,
""GoalID1"" : ""P_0"",
""GoalNum"" : 90
}
]
","[
{
""Index"" : 1,
""RewardType"" : 1,
""RewardID"" : 0,
""RewardNum"" : 100
}
]",2,100,,[4002012],0,,0,,
306404,迷拉星生存4,2,"[
{
""String"" : ""在迷拉星生存@goal_1#天"",
""UnlockTaskId"" : 0,
}
]","[
""在迷拉星生存@goal_1#天""
]","[
{
""Index"" : 1,
""Type"" : 15,
""GoalID1"" : ""P_0"",
""GoalNum"" : 180
}
]
","[
{
""Index"" : 1,
""RewardType"" : 1,
""RewardID"" : 0,
""RewardNum"" : 200
}
]",2,100,,[4002012],0,,0,,
306405,迷拉星生存5,2,"[
{
""String"" : ""在迷拉星生存@goal_1#天"",
""UnlockTaskId"" : 0,
}
]","[
""在迷拉星生存@goal_1#天""
]","[
{
""Index"" : 1,
""Type"" : 15,
""GoalID1"" : ""P_0"",
""GoalNum"" : 365
}
]
","[
{
""Index"" : 1,
""RewardType"" : 1,
""RewardID"" : 0,
""RewardNum"" : 500
}
]",2,100,,[4002012],0,,0,,
306501,烈焰星生存1,2,"[
{
""String"" : ""在烈焰星生存@goal_1#天"",
""UnlockTaskId"" : 0,
}
]","[
""在烈焰星生存@goal_1#天""
]","[
{
""Index"" : 1,
""Type"" : 15,
""GoalID1"" : ""P_1"",
""GoalNum"" : 7
}
]
","[
{
""Index"" : 1,
""RewardType"" : 1,
""RewardID"" : 0,
""RewardNum"" : 10
}
]",2,124,,"[4002013,4002014,4002015]",0,,0,,
306502,烈焰星生存2,2,"[
{
""String"" : ""在烈焰星生存@goal_1#天"",
""UnlockTaskId"" : 0,
}
]","[
""在烈焰星生存@goal_1#天""
]","[
{
""Index"" : 1,
""Type"" : 15,
""GoalID1"" : ""P_1"",
""GoalNum"" : 30
}
]
","[
{
""Index"" : 1,
""RewardType"" : 1,
""RewardID"" : 0,
""RewardNum"" : 50
}
]",2,124,,"[4002014,4002015]",0,,0,,
306503,烈焰星生存3,2,"[
{
""String"" : ""在烈焰星生存@goal_1#天"",
""UnlockTaskId"" : 0,
}
]","[
""在烈焰星生存@goal_1#天""
]","[
{
""Index"" : 1,
""Type"" : 15,
""GoalID1"" : ""P_1"",
""GoalNum"" : 90
}
]
","[
{
""Index"" : 1,
""RewardType"" : 1,
""RewardID"" : 0,
""RewardNum"" : 100
}
]",2,124,,[4002015],0,,0,,
306504,烈焰星生存4,2,"[
{
""String"" : ""在烈焰星生存@goal_1#天"",
""UnlockTaskId"" : 0,
}
]","[
""在烈焰星生存@goal_1#天""
]","[
{
""Index"" : 1,
""Type"" : 15,
""GoalID1"" : ""P_1"",
""GoalNum"" : 180
}
]
","[
{
""Index"" : 1,
""RewardType"" : 1,
""RewardID"" : 0,
""RewardNum"" : 200
}
]",2,124,,[4002015],0,,0,,
306505,烈焰星生存5,2,"[
{
""String"" : ""在烈焰星生存@goal_1#天"",
""UnlockTaskId"" : 0,
}
]","[
""在烈焰星生存@goal_1#天""
]","[
{
""Index"" : 1,
""Type"" : 15,
""GoalID1"" : ""P_1"",
""GoalNum"" : 365
}
]
","[
{
""Index"" : 1,
""RewardType"" : 1,
""RewardID"" : 0,
""RewardNum"" : 500
}
]",2,124,,[4002015],0,,0,,
306601,萌眼星生存1,2,"[
{
""String"" : ""在萌眼星生存@goal_1#天"",
""UnlockTaskId"" : 0,
}
]","[
""在萌眼星生存@goal_1#天""
]","[
{
""Index"" : 1,
""Type"" : 15,
""GoalID1"" : ""P_2"",
""GoalNum"" : 7
}
]
","[
{
""Index"" : 1,
""RewardType"" : 1,
""RewardID"" : 0,
""RewardNum"" : 10
}
]",2,135,,"[4002016,4002017,4002018]",0,,0,,
306602,萌眼星生存2,2,"[
{
""String"" : ""在萌眼星生存@goal_1#天"",
""UnlockTaskId"" : 0,
}
]","[
""在萌眼星生存@goal_1#天""
]","[
{
""Index"" : 1,
""Type"" : 15,
""GoalID1"" : ""P_2"",
""GoalNum"" : 30
}
]
","[
{
""Index"" : 1,
""RewardType"" : 1,
""RewardID"" : 0,
""RewardNum"" : 50
}
]",2,135,,"[4002017,4002018]",0,,0,,
306603,萌眼星生存3,2,"[
{
""String"" : ""在萌眼星生存@goal_1#天"",
""UnlockTaskId"" : 0,
}
]","[
""在萌眼星生存@goal_1#天""
]","[
{
""Index"" : 1,
""Type"" : 15,
""GoalID1"" : ""P_2"",
""GoalNum"" : 90
}
]
","[
{
""Index"" : 1,
""RewardType"" : 1,
""RewardID"" : 0,
""RewardNum"" : 100
}
]",2,135,,[4002018],0,,0,,
306604,萌眼星生存4,2,"[
{
""String"" : ""在萌眼星生存@goal_1#天"",
""UnlockTaskId"" : 0,
}
]","[
""在萌眼星生存@goal_1#天""
]","[
{
""Index"" : 1,
""Type"" : 15,
""GoalID1"" : ""P_2"",
""GoalNum"" : 180
}
]
","[
{
""Index"" : 1,
""RewardType"" : 1,
""RewardID"" : 0,
""RewardNum"" : 200
}
]",2,135,,[4002018],0,,0,,
306605,萌眼星生存5,2,"[
{
""String"" : ""在萌眼星生存@goal_1#天"",
""UnlockTaskId"" : 0,
}
]","[
""在萌眼星生存@goal_1#天""
]","[
{
""Index"" : 1,
""Type"" : 15,
""GoalID1"" : ""P_2"",
""GoalNum"" : 365
}
]
","[
{
""Index"" : 1,
""RewardType"" : 1,
""RewardID"" : 0,
""RewardNum"" : 500
}
]",2,135,,[4002018],0,,0,,
306701,战胜任意生物1,2,"[
{
""String"" : ""战胜任意生物@goal_1#"",
""UnlockTaskId"" : 0,
}
]","[
""战胜任意生物@goal_1#""
]
","[
{
""Index"" : 1,
""Type"" : 8,
""GoalID1"" : 0,
""GoalNum"" : 100
}
]
","[
{
""Index"" : 1,
""RewardType"" : 1,
""RewardID"" : 0,
""RewardNum"" : 100
}
]",2,11061,,[],0,,0,,
306702,战胜任意生物2,2,"[
{
""String"" : ""战胜任意生物@goal_1#"",
""UnlockTaskId"" : 0,
}
]","[
""战胜任意生物@goal_1#""
]
","[
{
""Index"" : 1,
""Type"" : 8,
""GoalID1"" : 0,
""GoalNum"" : 500
}
]
","[
{
""Index"" : 1,
""RewardType"" : 1,
""RewardID"" : 0,
""RewardNum"" : 200
}
]",2,11061,,[],0,,0,,
306703,战胜任意生物3,2,"[
{
""String"" : ""战胜任意生物@goal_1#"",
""UnlockTaskId"" : 0,
}
]","[
""战胜任意生物@goal_1#""
]
","[
{
""Index"" : 1,
""Type"" : 8,
""GoalID1"" : 0,
""GoalNum"" : 1000
}
]
","[
{
""Index"" : 1,
""RewardType"" : 1,
""RewardID"" : 0,
""RewardNum"" : 300
}
]",2,11061,,[],0,,0,,
306704,战胜任意生物4,2,"[
{
""String"" : ""战胜任意生物@goal_1#"",
""UnlockTaskId"" : 0,
}
]","[
""战胜任意生物@goal_1#""
]
","[
{
""Index"" : 1,
""Type"" : 8,
""GoalID1"" : 0,
""GoalNum"" : 5000
}
]
","[
{
""Index"" : 1,
""RewardType"" : 1,
""RewardID"" : 0,
""RewardNum"" : 500
}
]",2,11061,,[],0,,0,,
306705,战胜任意生物5,2,"[
{
""String"" : ""战胜任意生物@goal_1#"",
""UnlockTaskId"" : 0,
}
]","[
""战胜任意生物@goal_1#""
]
","[
{
""Index"" : 1,
""Type"" : 8,
""GoalID1"" : 0,
""GoalNum"" : 10000
}
]
","[
{
""Index"" : 1,
""RewardType"" : 1,
""RewardID"" : 0,
""RewardNum"" : 1000
}
]",2,11061,,[],0,,0,,
306801,战胜虚空使徒1,2,"[
{
""String"" : ""战胜虚空使徒@goal_1#"",
""UnlockTaskId"" : 0,
}
]","[
""战胜虚空使徒@goal_1#""
]
","[
{
""Index"" : 1,
""Type"" : 8,
""GoalID1"" : ""M_3934,M_3937,M_3365"",
""GoalNum"" : 5
}
]
","[
{
""Index"" : 1,
""RewardType"" : 1,
""RewardID"" : 0,
""RewardNum"" : 50
}
]",2,#3501,,"[3004031,3004032,3004033]",0,,0,,
306802,战胜虚空使徒2,2,"[
{
""String"" : ""战胜虚空使徒@goal_1#"",
""UnlockTaskId"" : 0,
}
]","[
""战胜虚空使徒@goal_1#""
]
","[
{
""Index"" : 1,
""Type"" : 8,
""GoalID1"" : ""M_3934,M_3937,M_3365"",
""GoalNum"" : 50
}
]
","[
{
""Index"" : 1,
""RewardType"" : 1,
""RewardID"" : 0,
""RewardNum"" : 100
}
]",2,#3501,,"[3004032,3004033]",0,,0,,
306803,战胜虚空使徒3,2,"[
{
""String"" : ""战胜虚空使徒@goal_1#"",
""UnlockTaskId"" : 0,
}
]","[
""战胜虚空使徒@goal_1#""
]
","[
{
""Index"" : 1,
""Type"" : 8,
""GoalID1"" : ""M_3934,M_3937,M_3365"",
""GoalNum"" : 100
}
]
","[
{
""Index"" : 1,
""RewardType"" : 0,
""RewardID"" : 200042,
""RewardNum"" : 1
}
]",2,#3501,,"[3004032,3004033]",0,,0,,
306804,战胜虚空使徒4,2,"[
{
""String"" : ""战胜虚空使徒@goal_1#"",
""UnlockTaskId"" : 0,
}
]","[
""战胜虚空使徒@goal_1#""
]
","[
{
""Index"" : 1,
""Type"" : 8,
""GoalID1"" : ""M_3934,M_3937,M_3365"",
""GoalNum"" : 500
}
]
","[
{
""Index"" : 1,
""RewardType"" : 0,
""RewardID"" : 200043,
""RewardNum"" : 1
}
]",2,#3501,,[],0,,0,,
306805,战胜虚空使徒5,2,"[
{
""String"" : ""战胜虚空使徒@goal_1#"",
""UnlockTaskId"" : 0,
}
]","[
""战胜虚空使徒@goal_1#""
]
","[
{
""Index"" : 1,
""Type"" : 8,
""GoalID1"" : ""M_3934,M_3937,M_3365"",
""GoalNum"" : 1000
}
]
","[
{
""Index"" : 1,
""RewardType"" : 0,
""RewardID"" : 200044,
""RewardNum"" : 1
}
]",2,#3501,,[],0,,0,,
306901,勘矿大师1,2,"[
{
""String"" : ""累计挖掘100个矿石@goal_1#"",
""UnlockTaskId"" : 0,
}
]","[
""累计挖掘100个矿石@goal_1#""
]
","[
{
""Index"" : 1,
""Type"" : 2,
""GoalID1"" : ""I_24,I_34,I_175,I_176,I_177,I_400,I_401,I_402,I_404,I_405,I_407,I_445,I_446,I_451,I_452,I_455"",
""GoalNum"" : 100
}
]
","[
{
""Index"" : 1,
""RewardType"" : 1,
""RewardID"" : 0,
""RewardNum"" : 100
}
]",2,451,,[],0,,0,,
306902,勘矿大师2,2,"[
{
""String"" : ""累计挖掘500个矿石@goal_1#"",
""UnlockTaskId"" : 0,
}
]","[
""累计挖掘500个矿石@goal_1#""
]
","[
{
""Index"" : 1,
""Type"" : 2,
""GoalID1"" : ""I_24,I_34,I_175,I_176,I_177,I_400,I_401,I_402,I_404,I_405,I_407,I_445,I_446,I_451,I_452,I_455"",
""GoalNum"" : 500
}
]
","[
{
""Index"" : 1,
""RewardType"" : 1,
""RewardID"" : 0,
""RewardNum"" : 200
}
]",2,401,,[],0,,0,,
306903,勘矿大师3,2,"[
{
""String"" : ""累计挖掘1000个矿石@goal_1#"",
""UnlockTaskId"" : 0,
}
]","[
""累计挖掘1000个矿石@goal_1#""
]
","[
{
""Index"" : 1,
""Type"" : 2,
""GoalID1"" : ""I_24,I_34,I_175,I_176,I_177,I_400,I_401,I_402,I_404,I_405,I_407,I_445,I_446,I_451,I_452,I_455"",
""GoalNum"" : 1000
}
]
","[
{
""Index"" : 1,
""RewardType"" : 1,
""RewardID"" : 0,
""RewardNum"" : 500
}
]",2,175,,[],0,,0,,
306904,勘矿大师4,2,"[
{
""String"" : ""累计挖掘2000个矿石@goal_1#"",
""UnlockTaskId"" : 0,
}
]","[
""累计挖掘2000个矿石@goal_1#""
]
","[
{
""Index"" : 1,
""Type"" : 2,
""GoalID1"" : ""I_24,I_34,I_175,I_176,I_177,I_400,I_401,I_402,I_404,I_405,I_407,I_445,I_446,I_451,I_452,I_455"",
""GoalNum"" : 2000
}
]
","[
{
""Index"" : 1,
""RewardType"" : 1,
""RewardID"" : 0,
""RewardNum"" : 1000
}
]",2,452,,[],0,,0,,
306905,勘矿大师5,2,"[
{
""String"" : ""累计挖掘5000个矿石@goal_1#"",
""UnlockTaskId"" : 0,
}
]","[
""累计挖掘5000个矿石@goal_1#""
]
","[
{
""Index"" : 1,
""Type"" : 2,
""GoalID1"" : ""I_24,I_34,I_175,I_176,I_177,I_400,I_401,I_402,I_404,I_405,I_407,I_445,I_446,I_451,I_452,I_455"",
""GoalNum"" : 5000
}
]
","[
{
""Index"" : 1,
""RewardType"" : 1,
""RewardID"" : 0,
""RewardNum"" : 2000
}
]",2,177,,[],0,,0,,
306906,勘矿大师6,2,"[
{
""String"" : ""累计挖掘10000个矿石@goal_1#"",
""UnlockTaskId"" : 0,
}
]","[
""累计挖掘10000个矿石@goal_1#""
]
","[
{
""Index"" : 1,
""Type"" : 2,
""GoalID1"" : ""I_24,I_34,I_175,I_176,I_177,I_400,I_401,I_402,I_404,I_405,I_407,I_445,I_446,I_451,I_452,I_455"",
""GoalNum"" : 10000
}
]
","[
{
""Index"" : 1,
""RewardType"" : 1,
""RewardID"" : 0,
""RewardNum"" : 3000
}
]",2,404,,[],0,,0,,
307001,伐木大师1,2,"[
{
""String"" : ""累计砍伐100个树木@goal_1#"",
""UnlockTaskId"" : 0,
}
]","[
""累计砍伐100个树木@goal_1#""
]
","[
{
""Index"" : 1,
""Type"" : 2,
""GoalID1"" : ""I_200,I_201,I_202,I_203,I_204,I_205,I_254,I_257,I_260,I_396,I_477,I_579,I_1266,I_200390,I_386,I_590"",
""GoalNum"" : 100
}
]
","[
{
""Index"" : 1,
""RewardType"" : 1,
""RewardID"" : 0,
""RewardNum"" : 100
}
]",2,200,,[],0,,0,,
307002,伐木大师2,2,"[
{
""String"" : ""累计砍伐500个树木@goal_1#"",
""UnlockTaskId"" : 0,
}
]","[
""累计砍伐500个树木@goal_1#""
]
","[
{
""Index"" : 1,
""Type"" : 2,
""GoalID1"" : ""I_200,I_201,I_202,I_203,I_204,I_205,I_254,I_257,I_260,I_396,I_477,I_579,I_1266,I_200390,I_386,I_590"",
""GoalNum"" : 500
}
]
","[
{
""Index"" : 1,
""RewardType"" : 1,
""RewardID"" : 0,
""RewardNum"" : 200
}
]",2,200,,[],0,,0,,
307003,伐木大师3,2,"[
{
""String"" : ""累计砍伐1000个树木@goal_1#"",
""UnlockTaskId"" : 0,
}
]","[
""累计砍伐1000个树木@goal_1#""
]
","[
{
""Index"" : 1,
""Type"" : 2,
""GoalID1"" : ""I_200,I_201,I_202,I_203,I_204,I_205,I_254,I_257,I_260,I_396,I_477,I_579,I_1266,I_200390,I_386,I_590"",
""GoalNum"" : 1000
}
]
","[
{
""Index"" : 1,
""RewardType"" : 1,
""RewardID"" : 0,
""RewardNum"" : 500
}
]",2,200,,[],0,,0,,
307004,伐木大师4,2,"[
{
""String"" : ""累计砍伐2000个树木@goal_1#"",
""UnlockTaskId"" : 0,
}
]","[
""累计砍伐2000个树木@goal_1#""
]
","[
{
""Index"" : 1,
""Type"" : 2,
""GoalID1"" : ""I_200,I_201,I_202,I_203,I_204,I_205,I_254,I_257,I_260,I_396,I_477,I_579,I_1266,I_200390,I_386,I_590"",
""GoalNum"" : 2000
}
]
","[
{
""Index"" : 1,
""RewardType"" : 1,
""RewardID"" : 0,
""RewardNum"" : 1000
}
]",2,200,,[],0,,0,,
307005,伐木大师5,2,"[
{
""String"" : ""累计砍伐5000个树木@goal_1#"",
""UnlockTaskId"" : 0,
}
]","[
""累计砍伐5000个树木@goal_1#""
]
","[
{
""Index"" : 1,
""Type"" : 2,
""GoalID1"" : ""I_200,I_201,I_202,I_203,I_204,I_205,I_254,I_257,I_260,I_396,I_477,I_579,I_1266,I_200390,I_386,I_590"",
""GoalNum"" : 5000
}
]
","[
{
""Index"" : 1,
""RewardType"" : 1,
""RewardID"" : 0,
""RewardNum"" : 2000
}
]",2,200,,[],0,,0,,
307006,伐木大师6,2,"[
{
""String"" : ""累计砍伐10000个树木@goal_1#"",
""UnlockTaskId"" : 0,
}
]","[
""累计砍伐10000个树木@goal_1#""
]
","[
{
""Index"" : 1,
""Type"" : 2,
""GoalID1"" : ""I_200,I_201,I_202,I_203,I_204,I_205,I_254,I_257,I_260,I_396,I_477,I_579,I_1266,I_200390,I_386,I_590"",
""GoalNum"" : 10000
}
]
","[
{
""Index"" : 1,
""RewardType"" : 1,
""RewardID"" : 0,
""RewardNum"" : 3000
}
]",2,200,,[],0,,0,,
307101,冶炼大师1,2,"[
{
""String"" : ""累计冶炼100个矿石@goal_1#"",
""UnlockTaskId"" : 0,
}
]","[
""累计冶炼100个矿石@goal_1#""
]
","[
{
""Index"" : 1,
""Type"" : 5,
""GoalID1"" : 0,
""GoalNum"" : 100
}
]
","[
{
""Index"" : 1,
""RewardType"" : 1,
""RewardID"" : 0,
""RewardNum"" : 100
}
]",2,802,,[],0,,0,,
307102,冶炼大师2,2,"[
{
""String"" : ""累计冶炼500个矿石@goal_1#"",
""UnlockTaskId"" : 0,
}
]","[
""累计冶炼500个矿石@goal_1#""
]
","[
{
""Index"" : 1,
""Type"" : 5,
""GoalID1"" : 0,
""GoalNum"" : 500
}
]
","[
{
""Index"" : 1,
""RewardType"" : 1,
""RewardID"" : 0,
""RewardNum"" : 200
}
]",2,802,,[],0,,0,,
307103,冶炼大师3,2,"[
{
""String"" : ""累计冶炼1000个矿石@goal_1#"",
""UnlockTaskId"" : 0,
}
]","[
""累计冶炼1000个矿石@goal_1#""
]
","[
{
""Index"" : 1,
""Type"" : 5,
""GoalID1"" : 0,
""GoalNum"" : 1000
}
]
","[
{
""Index"" : 1,
""RewardType"" : 1,
""RewardID"" : 0,
""RewardNum"" : 500
}
]",2,799,,[],0,,0,,
307104,冶炼大师4,2,"[
{
""String"" : ""累计冶炼2000个矿石@goal_1#"",
""UnlockTaskId"" : 0,
}
]","[
""累计冶炼2000个矿石@goal_1#""
]
","[
{
""Index"" : 1,
""Type"" : 5,
""GoalID1"" : 0,
""GoalNum"" : 2000
}
]
","[
{
""Index"" : 1,
""RewardType"" : 1,
""RewardID"" : 0,
""RewardNum"" : 1000
}
]",2,799,,[],0,,0,,
307105,冶炼大师5,2,"[
{
""String"" : ""累计冶炼5000个矿石@goal_1#"",
""UnlockTaskId"" : 0,
}
]","[
""累计冶炼5000个矿石@goal_1#""
]
","[
{
""Index"" : 1,
""Type"" : 5,
""GoalID1"" : 0,
""GoalNum"" : 5000
}
]
","[
{
""Index"" : 1,
""RewardType"" : 1,
""RewardID"" : 0,
""RewardNum"" : 2000
}
]",2,798,,[],0,,0,,
307106,冶炼大师6,2,"[
{
""String"" : ""累计冶炼10000个矿石@goal_1#"",
""UnlockTaskId"" : 0,
}
]","[
""累计冶炼10000个矿石@goal_1#""
]
","[
{
""Index"" : 1,
""Type"" : 5,
""GoalID1"" : 0,
""GoalNum"" : 10000
}
]
","[
{
""Index"" : 1,
""RewardType"" : 1,
""RewardID"" : 0,
""RewardNum"" : 3000
}
]",2,798,,[],0,,0,,
307201,手工大师1,2,"[
{
""String"" : ""累计制作100个道具@goal_1#"",
""UnlockTaskId"" : 0,
}
]","[
""累计制作100个道具@goal_1#""
]
","[
{
""Index"" : 1,
""Type"" : 4,
""GoalID1"" : 0,
""GoalNum"" : 100
}
]
","[
{
""Index"" : 1,
""RewardType"" : 1,
""RewardID"" : 0,
""RewardNum"" : 100
}
]",2,797,,[],0,,0,,
307202,手工大师2,2,"[
{
""String"" : ""累计制作500个道具@goal_1#"",
""UnlockTaskId"" : 0,
}
]","[
""累计制作500个道具@goal_1#""
]
","[
{
""Index"" : 1,
""Type"" : 4,
""GoalID1"" : 0,
""GoalNum"" : 500
}
]
","[
{
""Index"" : 1,
""RewardType"" : 1,
""RewardID"" : 0,
""RewardNum"" : 200
}
]",2,797,,[],0,,0,,
307203,手工大师3,2,"[
{
""String"" : ""累计制作1000个道具@goal_1#"",
""UnlockTaskId"" : 0,
}
]","[
""累计制作1000个道具@goal_1#""
]
","[
{
""Index"" : 1,
""Type"" : 4,
""GoalID1"" : 0,
""GoalNum"" : 1000
}
]
","[
{
""Index"" : 1,
""RewardType"" : 1,
""RewardID"" : 0,
""RewardNum"" : 500
}
]",2,797,,[],0,,0,,
307204,手工大师4,2,"[
{
""String"" : ""累计制作2000个道具@goal_1#"",
""UnlockTaskId"" : 0,
}
]","[
""累计制作2000个道具@goal_1#""
]
","[
{
""Index"" : 1,
""Type"" : 4,
""GoalID1"" : 0,
""GoalNum"" : 2000
}
]
","[
{
""Index"" : 1,
""RewardType"" : 1,
""RewardID"" : 0,
""RewardNum"" : 1000
}
]",2,797,,[],0,,0,,
307205,手工大师5,2,"[
{
""String"" : ""累计制作5000个道具@goal_1#"",
""UnlockTaskId"" : 0,
}
]","[
""累计制作5000个道具@goal_1#""
]
","[
{
""Index"" : 1,
""Type"" : 4,
""GoalID1"" : 0,
""GoalNum"" : 5000
}
]
","[
{
""Index"" : 1,
""RewardType"" : 1,
""RewardID"" : 0,
""RewardNum"" : 2000
}
]",2,797,,[],0,,0,,
307206,手工大师6,2,"[
{
""String"" : ""累计制作10000个道具@goal_1#"",
""UnlockTaskId"" : 0,
}
]","[
""累计制作10000个道具@goal_1#""
]
","[
{
""Index"" : 1,
""Type"" : 4,
""GoalID1"" : 0,
""GoalNum"" : 10000
}
]
","[
{
""Index"" : 1,
""RewardType"" : 1,
""RewardID"" : 0,
""RewardNum"" : 3000
}
]",2,797,,[],0,,0,,
307301,干货大师1,2,"[
{
""String"" : ""累计获得10个肉干@goal_1#"",
""UnlockTaskId"" : 0,
}
]","[
""累计获得10个肉干@goal_1#""
]
","[
{
""Index"" : 1,
""Type"" : 3,
""GoalID1"" : ""I_12537,I_11659,I_12707,I_12708"",
""GoalNum"" : 10
}
]
","[
{
""Index"" : 1,
""RewardType"" : 1,
""RewardID"" : 0,
""RewardNum"" : 100
}
]",2,11659,,[],0,,0,,
307302,干货大师2,2,"[
{
""String"" : ""累计获得100个肉干@goal_1#"",
""UnlockTaskId"" : 0,
}
]","[
""累计获得100个肉干@goal_1#""
]
","[
{
""Index"" : 1,
""Type"" : 3,
""GoalID1"" : ""I_12537,I_11659,I_12707,I_12708"",
""GoalNum"" : 100
}
]
","[
{
""Index"" : 1,
""RewardType"" : 1,
""RewardID"" : 0,
""RewardNum"" : 200
}
]",2,12707,,[],0,,0,,
307303,干货大师3,2,"[
{
""String"" : ""累计获得200个肉干@goal_1#"",
""UnlockTaskId"" : 0,
}
]","[
""累计获得200个肉干@goal_1#""
]
","[
{
""Index"" : 1,
""Type"" : 3,
""GoalID1"" : ""I_12537,I_11659,I_12707,I_12708"",
""GoalNum"" : 200
}
]
","[
{
""Index"" : 1,
""RewardType"" : 1,
""RewardID"" : 0,
""RewardNum"" : 300
}
]",2,12708,,[],0,,0,,
307304,干货大师4,2,"[
{
""String"" : ""累计晾晒500个肉干@goal_1#"",
""UnlockTaskId"" : 0,
}
]","[
""累计晾晒500个肉干@goal_1#""
]
","[
{
""Index"" : 1,
""Type"" : 3,
""GoalID1"" : ""I_12537,I_11659,I_12707,I_12708"",
""GoalNum"" : 500
}
]
","[
{
""Index"" : 1,
""RewardType"" : 1,
""RewardID"" : 0,
""RewardNum"" : 400
}
]",2,12537,,[],0,,0,,
307305,干货大师5,2,"[
{
""String"" : ""累计晾晒1000个肉干@goal_1#"",
""UnlockTaskId"" : 0,
}
]","[
""累计晾晒1000个肉干@goal_1#""
]
","[
{
""Index"" : 1,
""Type"" : 3,
""GoalID1"" : ""I_12537,I_11659,I_12707,I_12708"",
""GoalNum"" : 1000
}
]
","[
{
""Index"" : 1,
""RewardType"" : 1,
""RewardID"" : 0,
""RewardNum"" : 500
}
]",2,12537,,[],0,,0,,
307401,生态达人1,2,"[
{
""String"" : ""在迷拉星上踏入#c7bbe3a雨林生态#n"",
""UnlockTaskId"" : 0,
}
]","[
""到达#c7bbe3a雨林生态#n""
]","[
{
""Index"" : 1,
""Type"" : 14,
""GoalID1"" : ""B_RAINFOREST"",
""GoalNum"" : 1
}
]","[
{
""Index"" : 1,
""RewardType"" : 1,
""RewardID"" : 0,
""RewardNum"" : 100
}
]",2,395,,[1007001],0,,0,,
307402,生态达人2,2,"[
{
""String"" : ""在迷拉星上踏入#c7bbe3a冰原生态#n#r"",
""UnlockTaskId"" : 0,
}
]","[
""前往#c7bbe3a冰原生态#n""
]","[
{
""Index"" : 1,
""Type"" : 14,
""GoalID1"" : ""B_ICE_PLAINS"",
""GoalNum"" : 1
}
]","[
{
""Index"" : 1,
""RewardType"" : 1,
""RewardID"" : 0,
""RewardNum"" : 100
}
]",1,120,,[4005001],0,,0,,
307403,生态达人3,2,"[
{
""String"" : ""在迷拉星上踏入#c7bbe3a沙漠生态#n"",
""UnlockTaskId"" : 0,
}
]","[
""到达#c7bbe3a沙漠生态#n""
]","[
{
""Index"" : 1,
""Type"" : 14,
""GoalID1"" : ""B_DESERT"",
""GoalNum"" : 1
}
]","[
{
""Index"" : 1,
""RewardType"" : 1,
""RewardID"" : 0,
""RewardNum"" : 100
}
]",2,29,,[4003001],0,,0,,
307404,生态达人4,2,"
[
{
""String"" : ""在迷拉星上踏入#c7bbe3a海洋生态#n"",
""UnlockTaskId"" : 0,
}
]","[
""到达#c7bbe3a海洋生态#n""
]","[
{
""Index"" : 1,
""Type"" : 14,
""GoalID1"" : ""B_OCEAN"",
""GoalNum"" : 1
}
]","[
{
""Index"" : 1,
""RewardType"" : 1,
""RewardID"" : 0,
""RewardNum"" : 100
}
]",2,295,,[4004001],0,,0,,
307405,生态达人5,2,"
[
{
""String"" : ""在迷拉星上踏入#c7bbe3a火山生态#n"",
""UnlockTaskId"" : 0,
}
]","[
""到达#c7bbe3a火山生态#n""
]","[
{
""Index"" : 1,
""Type"" : 14,
""GoalID1"" : ""B_VOLCANO_PLAIN"",
""GoalNum"" : 1
}
]","[
{
""Index"" : 1,
""RewardType"" : 1,
""RewardID"" : 0,
""RewardNum"" : 100
}
]",2,5,,[],0,,0,,
307406,生态达人6,2,"
[
{
""String"" : ""在迷拉星上踏入#c7bbe3a铁穹平原#n"",
""UnlockTaskId"" : 0,
}
]","[
""到达#c7bbe3a铁穹平原#n""
]","[
{
""Index"" : 1,
""Type"" : 14,
""GoalID1"" : ""B_BIOME_AIRSHIP"",
""GoalNum"" : 1
}
]","[
{
""Index"" : 1,
""RewardType"" : 1,
""RewardID"" : 0,
""RewardNum"" : 100
}
]",2,1989,,[],0,,0,,
307501,获得平凡法杖,2,"[
{
""String"" : ""获得@item_11580#@goal_1#"",
""UnlockTaskId"" : 0,
}
]","[
""获得@item_11580#@goal_1#""
] 
","[
{
""Index"" : 1,
""Type"" : 3,
""GoalID1"" : ""I_11580"",
""GoalNum"" : 1
}
]
","[
{
""Index"" : 1,
""RewardType"" : 1,
""RewardID"" : 0,
""RewardNum"" : 10
}
]",2,11580,,[3001025],0,,0,,
307502,获得炽烈法杖,2,"[
{
""String"" : ""获得@item_11581#@goal_1#"",
""UnlockTaskId"" : 0,
}
]","[
""获得@item_11581#@goal_1#""
] 
","[
{
""Index"" : 1,
""Type"" : 3,
""GoalID1"" : ""I_11581"",
""GoalNum"" : 1
}
]
","[
{
""Index"" : 1,
""RewardType"" : 1,
""RewardID"" : 0,
""RewardNum"" : 25
}
]",2,11581,,[3001026],0,,0,,
307503,获得雷电法杖,2,"[
{
""String"" : ""获得@item_11582#@goal_1#"",
""UnlockTaskId"" : 0,
}
]","[
""获得@item_11582#@goal_1#""
] 
","[
{
""Index"" : 1,
""Type"" : 3,
""GoalID1"" : ""I_11582"",
""GoalNum"" : 1
}
]
","[
{
""Index"" : 1,
""RewardType"" : 1,
""RewardID"" : 0,
""RewardNum"" : 25
}
]",2,11582,,[3001027],0,,0,,
307504,获得淬毒法杖,2,"[
{
""String"" : ""获得@item_11583#@goal_1#"",
""UnlockTaskId"" : 0,
}
]","[
""获得@item_11583#@goal_1#""
] 
","[
{
""Index"" : 1,
""Type"" : 3,
""GoalID1"" : ""I_11583"",
""GoalNum"" : 1
}
]
","[
{
""Index"" : 1,
""RewardType"" : 1,
""RewardID"" : 0,
""RewardNum"" : 25
}
]",2,11583,,[3001028],0,,0,,
307505,获得复苏法杖,2,"[
{
""String"" : ""获得@item_11584#@goal_1#"",
""UnlockTaskId"" : 0,
}
]","[
""获得@item_11584#@goal_1#""
] 
","[
{
""Index"" : 1,
""Type"" : 3,
""GoalID1"" : ""I_11584"",
""GoalNum"" : 1
}
]
","[
{
""Index"" : 1,
""RewardType"" : 1,
""RewardID"" : 0,
""RewardNum"" : 25
}
]",2,11584,,[3001029],0,,0,,
307506,获得冰魄法杖,2,"[
{
""String"" : ""获得@item_11667#@goal_1#"",
""UnlockTaskId"" : 0,
}
]","[
""获得@item_11667#@goal_1#""
] 
","[
{
""Index"" : 1,
""Type"" : 3,
""GoalID1"" : ""I_11667"",
""GoalNum"" : 1
}
]
","[
{
""Index"" : 1,
""RewardType"" : 1,
""RewardID"" : 0,
""RewardNum"" : 25
}
]",2,11667,,[],0,,0,,
307601,获得召唤法杖,2,"[
{
""String"" : ""获得@item_11585#@goal_1#"",
""UnlockTaskId"" : 0,
}
]","[
""获得@item_11585#@goal_1#""
] 
","[
{
""Index"" : 1,
""Type"" : 3,
""GoalID1"" : ""I_11585"",
""GoalNum"" : 1
}
]
","[
{
""Index"" : 1,
""RewardType"" : 1,
""RewardID"" : 0,
""RewardNum"" : 25
}
]",2,11585,,[3001030],0,,0,,
307602,获得极寒域法杖,2,"[
{
""String"" : ""获得@item_11668#@goal_1#"",
""UnlockTaskId"" : 0,
}
]","[
""获得@item_11668#@goal_1#""
] 
","[
{
""Index"" : 1,
""Type"" : 3,
""GoalID1"" : ""I_11668"",
""GoalNum"" : 1
}
]
","[
{
""Index"" : 1,
""RewardType"" : 1,
""RewardID"" : 0,
""RewardNum"" : 30
}
]",2,11668,,[],0,,0,,
307701,皮装备专家1,2,"[
{
""String"" : ""获得@item_12201#@goal_1#"",
""UnlockTaskId"" : 0,
}
]","[
""获得@item_12201#@goal_1#""
]
","[
{
""Index"" : 1,
""Type"" : 3,
""GoalID1"" : ""I_12201"",
""GoalNum"" : 1
}
]
","[
{
""Index"" : 1,
""RewardType"" : 1,
""RewardID"" : 0,
""RewardNum"" : 10
}
]",2,12201,,"[3002001,3002002]",0,,0,,
307702,皮装备专家2,2,"[
{
""String"" : ""获得@item_12202#@goal_1#"",
""UnlockTaskId"" : 0,
}
]","[
""获得@item_12202#@goal_1#""
]
","[
{
""Index"" : 1,
""Type"" : 3,
""GoalID1"" : ""I_12202"",
""GoalNum"" : 1
}
]
","[
{
""Index"" : 1,
""RewardType"" : 1,
""RewardID"" : 0,
""RewardNum"" : 10
}
]",2,12202,,"[3002003,3002004]",0,,0,,
307703,皮装备专家3,2,"[
{
""String"" : ""获得@item_12203#@goal_1#"",
""UnlockTaskId"" : 0,
}
]","[
""获得@item_12203#@goal_1#""
]
","[
{
""Index"" : 1,
""Type"" : 3,
""GoalID1"" : ""I_12203"",
""GoalNum"" : 1
}
]
","[
{
""Index"" : 1,
""RewardType"" : 1,
""RewardID"" : 0,
""RewardNum"" : 10
}
]",2,12203,,"[3002005,3002006]",0,,0,,
307704,皮装备专家4,2,"[
{
""String"" : ""获得@item_12204#@goal_1#"",
""UnlockTaskId"" : 0,
}
]","[
""获得@item_12204#@goal_1#""
]
","[
{
""Index"" : 1,
""Type"" : 3,
""GoalID1"" : ""I_12204"",
""GoalNum"" : 1
}
]
","[
{
""Index"" : 1,
""RewardType"" : 1,
""RewardID"" : 0,
""RewardNum"" : 10
}
]",2,12204,,"[3002007,3002008]",0,,0,,
307705,皮装备专家5,2,"[
{
""String"" : ""获得@item_12205#@goal_1#"",
""UnlockTaskId"" : 0,
}
]","[
""获得@item_12205#@goal_1#""
]
","[
{
""Index"" : 1,
""Type"" : 3,
""GoalID1"" : ""I_12205"",
""GoalNum"" : 1
}
]
","[
{
""Index"" : 1,
""RewardType"" : 1,
""RewardID"" : 0,
""RewardNum"" : 10
}
]",2,12205,,[],0,,0,,
307801,铜装备专家1,2,"[
{
""String"" : ""获得@item_12216#@goal_1#"",
""UnlockTaskId"" : 0,
}
]","[
""获得@item_12216#@goal_1#""
]
","[
{
""Index"" : 1,
""Type"" : 3,
""GoalID1"" : ""I_12216"",
""GoalNum"" : 1
}
]
","[
{
""Index"" : 1,
""RewardType"" : 1,
""RewardID"" : 0,
""RewardNum"" : 10
}
]",2,12216,,"[3002009,3002010]",0,,0,,
307802,铜装备专家2,2,"[
{
""String"" : ""获得@item_12217#@goal_1#"",
""UnlockTaskId"" : 0,
}
]","[
""获得@item_12217#@goal_1#""
]
","[
{
""Index"" : 1,
""Type"" : 3,
""GoalID1"" : ""I_12217"",
""GoalNum"" : 1
}
]
","[
{
""Index"" : 1,
""RewardType"" : 1,
""RewardID"" : 0,
""RewardNum"" : 10
}
]",2,12217,,"[3002011,3002012]",0,,0,,
307803,铜装备专家3,2,"[
{
""String"" : ""获得@item_12218#@goal_1#"",
""UnlockTaskId"" : 0,
}
]","[
""获得@item_12218#@goal_1#""
]
","[
{
""Index"" : 1,
""Type"" : 3,
""GoalID1"" : ""I_12218"",
""GoalNum"" : 1
}
]
","[
{
""Index"" : 1,
""RewardType"" : 1,
""RewardID"" : 0,
""RewardNum"" : 10
}
]",2,12218,,"[3002013,3002014]",0,,0,,
307804,铜装备专家4,2,"[
{
""String"" : ""获得@item_12219#@goal_1#"",
""UnlockTaskId"" : 0,
}
]","[
""获得@item_12219#@goal_1#""
]
","[
{
""Index"" : 1,
""Type"" : 3,
""GoalID1"" : ""I_12219"",
""GoalNum"" : 1
}
]
","[
{
""Index"" : 1,
""RewardType"" : 1,
""RewardID"" : 0,
""RewardNum"" : 10
}
]",2,12219,,"[3002015,3002016]",0,,0,,
307901,铁装备专家1,2,"[
{
""String"" : ""获得@item_12221#@goal_1#"",
""UnlockTaskId"" : 0,
}
]","[
""获得@item_12221#@goal_1#""
]
","[
{
""Index"" : 1,
""Type"" : 3,
""GoalID1"" : ""I_12221"",
""GoalNum"" : 1
}
]
","[
{
""Index"" : 1,
""RewardType"" : 1,
""RewardID"" : 0,
""RewardNum"" : 20
}
]",2,12221,,"[3002017,3002018]",0,,0,,
307902,铁装备专家2,2,"[
{
""String"" : ""获得@item_12222#@goal_1#"",
""UnlockTaskId"" : 0,
}
]","[
""获得@item_12222#@goal_1#""
]
","[
{
""Index"" : 1,
""Type"" : 3,
""GoalID1"" : ""I_12222"",
""GoalNum"" : 1
}
]
","[
{
""Index"" : 1,
""RewardType"" : 1,
""RewardID"" : 0,
""RewardNum"" : 20
}
]",2,12222,,"[3002019,3002020]",0,,0,,
307903,铁装备专家3,2,"[
{
""String"" : ""获得@item_12223#@goal_1#"",
""UnlockTaskId"" : 0,
}
]","[
""获得@item_12223#@goal_1#""
]
","[
{
""Index"" : 1,
""Type"" : 3,
""GoalID1"" : ""I_12223"",
""GoalNum"" : 1
}
]
","[
{
""Index"" : 1,
""RewardType"" : 1,
""RewardID"" : 0,
""RewardNum"" : 20
}
]",2,12223,,"[3002021,3002022]",0,,0,,
307904,铁装备专家4,2,"[
{
""String"" : ""获得@item_12224#@goal_1#"",
""UnlockTaskId"" : 0,
}
]","[
""获得@item_12224#@goal_1#""
]
","[
{
""Index"" : 1,
""Type"" : 3,
""GoalID1"" : ""I_12224"",
""GoalNum"" : 1
}
]
","[
{
""Index"" : 1,
""RewardType"" : 1,
""RewardID"" : 0,
""RewardNum"" : 20
}
]",2,12224,,"[3002023,3002024]",0,,0,,
308001,铝装备专家1,2,"[
{
""String"" : ""获得@item_12764#@goal_1#"",
""UnlockTaskId"" : 0,
}
]","[
""获得@item_12764#@goal_1#""
]
","[
{
""Index"" : 1,
""Type"" : 3,
""GoalID1"" : ""I_12764"",
""GoalNum"" : 1
}
]
","[
{
""Index"" : 1,
""RewardType"" : 1,
""RewardID"" : 0,
""RewardNum"" : 30
}
]",2,12764,,[],0,,0,,
308002,铝装备专家2,2,"[
{
""String"" : ""获得@item_12765#@goal_1#"",
""UnlockTaskId"" : 0,
}
]","[
""获得@item_12765#@goal_1#""
]
","[
{
""Index"" : 1,
""Type"" : 3,
""GoalID1"" : ""I_12765"",
""GoalNum"" : 1
}
]
","[
{
""Index"" : 1,
""RewardType"" : 1,
""RewardID"" : 0,
""RewardNum"" : 30
}
]",2,12765,,[],0,,0,,
308003,铝装备专家3,2,"[
{
""String"" : ""获得@item_12766#@goal_1#"",
""UnlockTaskId"" : 0,
}
]","[
""获得@item_12766#@goal_1#""
]
","[
{
""Index"" : 1,
""Type"" : 3,
""GoalID1"" : ""I_12766"",
""GoalNum"" : 1
}
]
","[
{
""Index"" : 1,
""RewardType"" : 1,
""RewardID"" : 0,
""RewardNum"" : 30
}
]",2,12766,,[],0,,0,,
308004,铝装备专家4,2,"[
{
""String"" : ""获得@item_12767#@goal_1#"",
""UnlockTaskId"" : 0,
}
]","[
""获得@item_12767#@goal_1#""
]
","[
{
""Index"" : 1,
""Type"" : 3,
""GoalID1"" : ""I_12767"",
""GoalNum"" : 1
}
]
","[
{
""Index"" : 1,
""RewardType"" : 1,
""RewardID"" : 0,
""RewardNum"" : 30
}
]",2,12767,,[],0,,0,,
308005,铝装备专家5,2,"[
{
""String"" : ""获得@item_12209#@goal_1#"",
""UnlockTaskId"" : 0,
}
]","[
""获得@item_12209#@goal_1#""
]
","[
{
""Index"" : 1,
""Type"" : 3,
""GoalID1"" : ""I_12209"",
""GoalNum"" : 1
}
]
","[
{
""Index"" : 1,
""RewardType"" : 1,
""RewardID"" : 0,
""RewardNum"" : 25
}
]",2,12209,,[],0,,0,,
308101,钛装备专家1,2,"[
{
""String"" : ""获得@item_12231#@goal_1#"",
""UnlockTaskId"" : 0,
}
]","[
""获得@item_12231#@goal_1#""
]
","[
{
""Index"" : 1,
""Type"" : 3,
""GoalID1"" : ""I_12231"",
""GoalNum"" : 1
}
]
","[
{
""Index"" : 1,
""RewardType"" : 1,
""RewardID"" : 0,
""RewardNum"" : 50
}
]",2,12231,,"[3002033,3002034]",0,,0,,
308102,钛装备专家2,2,"[
{
""String"" : ""获得@item_12232#@goal_1#"",
""UnlockTaskId"" : 0,
}
]","[
""获得@item_12232#@goal_1#""
]
","[
{
""Index"" : 1,
""Type"" : 3,
""GoalID1"" : ""I_12232"",
""GoalNum"" : 1
}
]
","[
{
""Index"" : 1,
""RewardType"" : 1,
""RewardID"" : 0,
""RewardNum"" : 50
}
]",2,12232,,"[3002035,3002036]",0,,0,,
308103,钛装备专家3,2,"[
{
""String"" : ""获得@item_12233#@goal_1#"",
""UnlockTaskId"" : 0,
}
]","[
""获得@item_12233#@goal_1#""
]
","[
{
""Index"" : 1,
""Type"" : 3,
""GoalID1"" : ""I_12233"",
""GoalNum"" : 1
}
]
","[
{
""Index"" : 1,
""RewardType"" : 1,
""RewardID"" : 0,
""RewardNum"" : 50
}
]",2,12233,,"[3002037,3002038]",0,,0,,
308104,钛装备专家4,2,"[
{
""String"" : ""获得@item_12234#@goal_1#"",
""UnlockTaskId"" : 0,
}
]","[
""获得@item_12234#@goal_1#""
]
","[
{
""Index"" : 1,
""Type"" : 3,
""GoalID1"" : ""I_12234"",
""GoalNum"" : 1
}
]
","[
{
""Index"" : 1,
""RewardType"" : 1,
""RewardID"" : 0,
""RewardNum"" : 50
}
]",2,12234,,"[3002039,3002040]",0,,0,,
308201,钴装备专家1,2,"[
{
""String"" : ""获得@item_12768#@goal_1#"",
""UnlockTaskId"" : 0,
}
]","[
""获得@item_12768#@goal_1#""
]
","[
{
""Index"" : 1,
""Type"" : 3,
""GoalID1"" : ""I_12768"",
""GoalNum"" : 1
}
]
","[
{
""Index"" : 1,
""RewardType"" : 1,
""RewardID"" : 0,
""RewardNum"" : 75
}
]",2,12768,,[],0,,0,,
308202,钴装备专家2,2,"[
{
""String"" : ""获得@item_12769#@goal_1#"",
""UnlockTaskId"" : 0,
}
]","[
""获得@item_12769#@goal_1#""
]
","[
{
""Index"" : 1,
""Type"" : 3,
""GoalID1"" : ""I_12769"",
""GoalNum"" : 1
}
]
","[
{
""Index"" : 1,
""RewardType"" : 1,
""RewardID"" : 0,
""RewardNum"" : 75
}
]",2,12769,,[],0,,0,,
308203,钴装备专家3,2,"[
{
""String"" : ""获得@item_12770#@goal_1#"",
""UnlockTaskId"" : 0,
}
]","[
""获得@item_12770#@goal_1#""
]
","[
{
""Index"" : 1,
""Type"" : 3,
""GoalID1"" : ""I_12770"",
""GoalNum"" : 1
}
]
","[
{
""Index"" : 1,
""RewardType"" : 1,
""RewardID"" : 0,
""RewardNum"" : 75
}
]",2,12770,,[],0,,0,,
308204,钴装备专家4,2,"[
{
""String"" : ""获得@item_12771#@goal_1#"",
""UnlockTaskId"" : 0,
}
]","[
""获得@item_12771#@goal_1#""
]
","[
{
""Index"" : 1,
""Type"" : 3,
""GoalID1"" : ""I_12771"",
""GoalNum"" : 1
}
]
","[
{
""Index"" : 1,
""RewardType"" : 1,
""RewardID"" : 0,
""RewardNum"" : 75
}
]",2,12771,,[],0,,0,,
308301,钨装备专家1,2,"[
{
""String"" : ""获得@item_12241#@goal_1#"",
""UnlockTaskId"" : 0,
}
]","[
""获得@item_12241#@goal_1#""
]
","[
{
""Index"" : 1,
""Type"" : 3,
""GoalID1"" : ""I_12241"",
""GoalNum"" : 1
}
]
","[
{
""Index"" : 1,
""RewardType"" : 1,
""RewardID"" : 0,
""RewardNum"" : 100
}
]",2,12241,,"[3002041,3002042]",0,,0,,
308302,钨装备专家2,2,"[
{
""String"" : ""获得@item_12242#@goal_1#"",
""UnlockTaskId"" : 0,
}
]","[
""获得@item_12242#@goal_1#""
]
","[
{
""Index"" : 1,
""Type"" : 3,
""GoalID1"" : ""I_12242"",
""GoalNum"" : 1
}
]
","[
{
""Index"" : 1,
""RewardType"" : 1,
""RewardID"" : 0,
""RewardNum"" : 100
}
]",2,12242,,"[3002043,3002044]",0,,0,,
308303,钨装备专家3,2,"[
{
""String"" : ""获得@item_12243#@goal_1#"",
""UnlockTaskId"" : 0,
}
]","[
""获得@item_12243#@goal_1#""
]
","[
{
""Index"" : 1,
""Type"" : 3,
""GoalID1"" : ""I_12243"",
""GoalNum"" : 1
}
]
","[
{
""Index"" : 1,
""RewardType"" : 1,
""RewardID"" : 0,
""RewardNum"" : 100
}
]",2,12243,,"[3002045,3002046]",0,,0,,
308304,钨装备专家4,2,"[
{
""String"" : ""获得@item_12244#@goal_1#"",
""UnlockTaskId"" : 0,
}
]","[
""获得@item_12244#@goal_1#""
]
","[
{
""Index"" : 1,
""Type"" : 3,
""GoalID1"" : ""I_12244"",
""GoalNum"" : 1
}
]
","[
{
""Index"" : 1,
""RewardType"" : 1,
""RewardID"" : 0,
""RewardNum"" : 100
}
]",2,12244,,"[3002047,3002048]",0,,0,,
308305,钨装备专家5,2,"[
{
""String"" : ""获得@item_12207#@goal_1#"",
""UnlockTaskId"" : 0,
}
]","[
""获得@item_12207#@goal_1#""
]
","[
{
""Index"" : 1,
""Type"" : 3,
""GoalID1"" : ""I_12207"",
""GoalNum"" : 1
}
]
","[
{
""Index"" : 1,
""RewardType"" : 1,
""RewardID"" : 0,
""RewardNum"" : 50
}
]",2,12207,,[],0,,0,,
308401,镐专家1,2,"[
{
""String"" : ""获得@item_11012#@goal_1#"",
""UnlockTaskId"" : 0,
}
]","[
""获得@item_11012#@goal_1#""
]
","[
{
""Index"" : 1,
""Type"" : 3,
""GoalID1"" : ""I_11012"",
""GoalNum"" : 1
}
]
","[
{
""Index"" : 1,
""RewardType"" : 1,
""RewardID"" : 0,
""RewardNum"" : 10
}
]",2,11012,,[2001031],0,,0,,
308402,镐专家2,2,"[
{
""String"" : ""获得@item_11011#@goal_1#"",
""UnlockTaskId"" : 0,
}
]","[
""获得@item_11011#@goal_1#""
]
","[
{
""Index"" : 1,
""Type"" : 3,
""GoalID1"" : ""I_11011"",
""GoalNum"" : 1
}
]
","[
{
""Index"" : 1,
""RewardType"" : 1,
""RewardID"" : 0,
""RewardNum"" : 20
}
]",2,11011,,[2001033],0,,0,,
308403,镐专家3,2,"[
{
""String"" : ""获得@item_11013#@goal_1#"",
""UnlockTaskId"" : 0,
}
]","[
""获得@item_11013#@goal_1#""
]
","[
{
""Index"" : 1,
""Type"" : 3,
""GoalID1"" : ""I_11013"",
""GoalNum"" : 1
}
]
","[
{
""Index"" : 1,
""RewardType"" : 1,
""RewardID"" : 0,
""RewardNum"" : 30
}
]",2,11013,,[2001035],0,,0,,
308404,镐专家4,2,"[
{
""String"" : ""获得@item_11017#@goal_1#"",
""UnlockTaskId"" : 0,
}
]","[
""获得@item_11017#@goal_1#""
]
","[
{
""Index"" : 1,
""Type"" : 3,
""GoalID1"" : ""I_11017"",
""GoalNum"" : 1
}
]
","[
{
""Index"" : 1,
""RewardType"" : 1,
""RewardID"" : 0,
""RewardNum"" : 50
}
]",2,11017,,[],0,,0,,
308405,镐专家5,2,"[
{
""String"" : ""获得@item_11014#@goal_1#"",
""UnlockTaskId"" : 0,
}
]","[
""获得@item_11014#@goal_1#""
]
","[
{
""Index"" : 1,
""Type"" : 3,
""GoalID1"" : ""I_11014"",
""GoalNum"" : 1
}
]
","[
{
""Index"" : 1,
""RewardType"" : 1,
""RewardID"" : 0,
""RewardNum"" : 75
}
]",2,11014,,[2001037],0,,0,,
308406,镐专家6,2,"[
{
""String"" : ""获得@item_11018#@goal_1#"",
""UnlockTaskId"" : 0,
}
]","[
""获得@item_11018#@goal_1#""
]
","[
{
""Index"" : 1,
""Type"" : 3,
""GoalID1"" : ""I_11018"",
""GoalNum"" : 1
}
]
","[
{
""Index"" : 1,
""RewardType"" : 1,
""RewardID"" : 0,
""RewardNum"" : 100
}
]",2,11018,,[],0,,0,,
308501,斧专家1,2,"[
{
""String"" : ""获得@item_11002#@goal_1#"",
""UnlockTaskId"" : 0,
}
]","[
""获得@item_11002#@goal_1#""
]
","[
{
""Index"" : 1,
""Type"" : 3,
""GoalID1"" : ""I_11002"",
""GoalNum"" : 1
}
]
","[
{
""Index"" : 1,
""RewardType"" : 1,
""RewardID"" : 0,
""RewardNum"" : 10
}
]",2,11002,,[2001001],0,,0,,
308502,斧专家2,2,"[
{
""String"" : ""获得@item_11001#@goal_1#"",
""UnlockTaskId"" : 0,
}
]","[
""获得@item_11001#@goal_1#""
]
","[
{
""Index"" : 1,
""Type"" : 3,
""GoalID1"" : ""I_11001"",
""GoalNum"" : 1
}
]
","[
{
""Index"" : 1,
""RewardType"" : 1,
""RewardID"" : 0,
""RewardNum"" : 20
}
]",2,11001,,[2001003],0,,0,,
308503,斧专家3,2,"[
{
""String"" : ""获得@item_11003#@goal_1#"",
""UnlockTaskId"" : 0,
}
]","[
""获得@item_11003#@goal_1#""
]
","[
{
""Index"" : 1,
""Type"" : 3,
""GoalID1"" : ""I_11003"",
""GoalNum"" : 1
}
]
","[
{
""Index"" : 1,
""RewardType"" : 1,
""RewardID"" : 0,
""RewardNum"" : 50
}
]",2,11003,,[2001005],0,,0,,
308504,斧专家4,2,"[
{
""String"" : ""获得@item_11004#@goal_1#"",
""UnlockTaskId"" : 0,
}
]","[
""获得@item_11004#@goal_1#""
]
","[
{
""Index"" : 1,
""Type"" : 3,
""GoalID1"" : ""I_11004"",
""GoalNum"" : 1
}
]
","[
{
""Index"" : 1,
""RewardType"" : 1,
""RewardID"" : 0,
""RewardNum"" : 75
}
]",2,11004,,[2001007],0,,0,,
308601,铲专家1,2,"[
{
""String"" : ""获得@item_11022#@goal_1#"",
""UnlockTaskId"" : 0,
}
]","[
""获得@item_11022#@goal_1#""
]
","[
{
""Index"" : 1,
""Type"" : 3,
""GoalID1"" : ""I_11022"",
""GoalNum"" : 1
}
]
","[
{
""Index"" : 1,
""RewardType"" : 1,
""RewardID"" : 0,
""RewardNum"" : 10
}
]",2,11022,,[2001011],0,,0,,
308602,铲专家2,2,"[
{
""String"" : ""获得@item_11021#@goal_1#"",
""UnlockTaskId"" : 0,
}
]","[
""获得@item_11021#@goal_1#""
]
","[
{
""Index"" : 1,
""Type"" : 3,
""GoalID1"" : ""I_11021"",
""GoalNum"" : 1
}
]
","[
{
""Index"" : 1,
""RewardType"" : 1,
""RewardID"" : 0,
""RewardNum"" : 20
}
]",2,11021,,[2001013],0,,0,,
308603,铲专家3,2,"[
{
""String"" : ""获得@item_11023#@goal_1#"",
""UnlockTaskId"" : 0,
}
]","[
""获得@item_11023#@goal_1#""
]
","[
{
""Index"" : 1,
""Type"" : 3,
""GoalID1"" : ""I_11023"",
""GoalNum"" : 1
}
]
","[
{
""Index"" : 1,
""RewardType"" : 1,
""RewardID"" : 0,
""RewardNum"" : 30
}
]",2,11023,,[2001015],0,,0,,
308604,铲专家4,2,"[
{
""String"" : ""获得@item_11024#@goal_1#"",
""UnlockTaskId"" : 0,
}
]","[
""获得@item_11024#@goal_1#""
]
","[
{
""Index"" : 1,
""Type"" : 3,
""GoalID1"" : ""I_11024"",
""GoalNum"" : 1
}
]
","[
{
""Index"" : 1,
""RewardType"" : 1,
""RewardID"" : 0,
""RewardNum"" : 40
}
]",2,11024,,[2001017],0,,0,,
308605,铲专家5,2,"[
{
""String"" : ""获得@item_11025#@goal_1#"",
""UnlockTaskId"" : 0,
}
]","[
""获得@item_11025#@goal_1#""
]
","[
{
""Index"" : 1,
""Type"" : 3,
""GoalID1"" : ""I_11025"",
""GoalNum"" : 1
}
]
","[
{
""Index"" : 1,
""RewardType"" : 1,
""RewardID"" : 0,
""RewardNum"" : 50
}
]",2,11025,,[2001019],0,,0,,
308701,耙专家1,2,"[
{
""String"" : ""获得@item_11032#@goal_1#"",
""UnlockTaskId"" : 0,
}
]","[
""获得@item_11032#@goal_1#""
]
","[
{
""Index"" : 1,
""Type"" : 3,
""GoalID1"" : ""I_11032"",
""GoalNum"" : 1
}
]
","[
{
""Index"" : 1,
""RewardType"" : 1,
""RewardID"" : 0,
""RewardNum"" : 10
}
]",2,11032,,[2001021],0,,0,,
308702,耙专家2,2,"[
{
""String"" : ""获得@item_11031#@goal_1#"",
""UnlockTaskId"" : 0,
}
]","[
""获得@item_11031#@goal_1#""
]
","[
{
""Index"" : 1,
""Type"" : 3,
""GoalID1"" : ""I_11031"",
""GoalNum"" : 1
}
]
","[
{
""Index"" : 1,
""RewardType"" : 1,
""RewardID"" : 0,
""RewardNum"" : 20
}
]",2,11031,,[2001023],0,,0,,
308703,耙专家3,2,"[
{
""String"" : ""获得@item_11033#@goal_1#"",
""UnlockTaskId"" : 0,
}
]","[
""获得@item_11033#@goal_1#""
]
","[
{
""Index"" : 1,
""Type"" : 3,
""GoalID1"" : ""I_11033"",
""GoalNum"" : 1
}
]
","[
{
""Index"" : 1,
""RewardType"" : 1,
""RewardID"" : 0,
""RewardNum"" : 30
}
]",2,11033,,[2001025],0,,0,,
308704,耙专家4,2,"[
{
""String"" : ""获得@item_11034#@goal_1#"",
""UnlockTaskId"" : 0,
}
]","[
""获得@item_11034#@goal_1#""
]
","[
{
""Index"" : 1,
""Type"" : 3,
""GoalID1"" : ""I_11034"",
""GoalNum"" : 1
}
]
","[
{
""Index"" : 1,
""RewardType"" : 1,
""RewardID"" : 0,
""RewardNum"" : 40
}
]",2,11034,,[2001027],0,,0,,
308705,耙专家5,2,"[
{
""String"" : ""获得@item_11035#@goal_1#"",
""UnlockTaskId"" : 0,
}
]","[
""获得@item_11035#@goal_1#""
]
","[
{
""Index"" : 1,
""Type"" : 3,
""GoalID1"" : ""I_11035"",
""GoalNum"" : 1
}
]
","[
{
""Index"" : 1,
""RewardType"" : 1,
""RewardID"" : 0,
""RewardNum"" : 50
}
]",2,11035,,[2001029],0,,0,,
308801,超级工具专家1,2,"[
{
""String"" : ""获得@item_11015#@goal_1#"",
""UnlockTaskId"" : 0,
}
]","[
""获得@item_11015#@goal_1#""
]
","[
{
""Index"" : 1,
""Type"" : 3,
""GoalID1"" : ""I_11015"",
""GoalNum"" : 1
}
]
","[
{
""Index"" : 1,
""RewardType"" : 1,
""RewardID"" : 0,
""RewardNum"" : 100
}
]",2,11015,,[2001039],0,,0,,
308802,超级工具专家2,2,"[
{
""String"" : ""获得@item_11005#@goal_1#"",
""UnlockTaskId"" : 0,
}
]","[
""获得@item_11005#@goal_1#""
]
","[
{
""Index"" : 1,
""Type"" : 3,
""GoalID1"" : ""I_11005"",
""GoalNum"" : 1
}
]
","[
{
""Index"" : 1,
""RewardType"" : 1,
""RewardID"" : 0,
""RewardNum"" : 100
}
]",2,11005,,[2001009],0,,0,,
308803,超级工具专家3,2,"[
{
""String"" : ""获得@item_11016#@goal_1#"",
""UnlockTaskId"" : 0,
}
]","[
""获得@item_11016#@goal_1#""
]
","[
{
""Index"" : 1,
""Type"" : 3,
""GoalID1"" : ""I_11016"",
""GoalNum"" : 1
}
]
","[
{
""Index"" : 1,
""RewardType"" : 1,
""RewardID"" : 0,
""RewardNum"" : 100
}
]",2,11016,,[2001041],0,,0,,
308901,投掷武器专家1,2,"[
{
""String"" : ""获得@item_12002#@goal_1#"",
""UnlockTaskId"" : 0,
}
]","[
""获得@item_12002#@goal_1#""
]
","[
{
""Index"" : 1,
""Type"" : 3,
""GoalID1"" : ""I_12002"",
""GoalNum"" : 1
}
]
","[
{
""Index"" : 1,
""RewardType"" : 1,
""RewardID"" : 0,
""RewardNum"" : 10
}
]",2,12002,,[3001005],0,,0,,
308902,投掷武器专家2,2,"[
{
""String"" : ""获得@item_12004#@goal_1#"",
""UnlockTaskId"" : 0,
}
]","[
""获得@item_12004#@goal_1#""
]
","[
{
""Index"" : 1,
""Type"" : 3,
""GoalID1"" : ""I_12004"",
""GoalNum"" : 1
}
]
","[
{
""Index"" : 1,
""RewardType"" : 1,
""RewardID"" : 0,
""RewardNum"" : 10
}
]",2,12004,,[3001007],0,,0,,
308903,投掷武器专家3,2,"[
{
""String"" : ""获得@item_12063#@goal_1#"",
""UnlockTaskId"" : 0,
}
]","[
""获得@item_12063#@goal_1#""
]
","[
{
""Index"" : 1,
""Type"" : 3,
""GoalID1"" : ""I_12063"",
""GoalNum"" : 1
}
]
","[
{
""Index"" : 1,
""RewardType"" : 1,
""RewardID"" : 0,
""RewardNum"" : 10
}
]",2,12063,,[3001017],0,,0,,
308904,投掷武器专家4,2,"[
{
""String"" : ""获得@item_12013#@goal_1#"",
""UnlockTaskId"" : 0,
}
]","[
""获得@item_12013#@goal_1#""
]
","[
{
""Index"" : 1,
""Type"" : 3,
""GoalID1"" : ""I_12013"",
""GoalNum"" : 1
}
]
","[
{
""Index"" : 1,
""RewardType"" : 1,
""RewardID"" : 0,
""RewardNum"" : 10
}
]",2,12013,,[],0,,0,,
308905,投掷武器专家5,2,"[
{
""String"" : ""获得@item_11592#@goal_1#"",
""UnlockTaskId"" : 0,
}
]","[
""获得@item_11592#@goal_1#""
]
","[
{
""Index"" : 1,
""Type"" : 3,
""GoalID1"" : ""I_11592"",
""GoalNum"" : 1
}
]
","[
{
""Index"" : 1,
""RewardType"" : 1,
""RewardID"" : 0,
""RewardNum"" : 10
}
]",2,11592,,[3001023],0,,0,,
309001,剑专家1,2,"[
{
""String"" : ""获得@item_12012#@goal_1#"",
""UnlockTaskId"" : 0,
}
]","[
""获得@item_12012#@goal_1#""
]
","[
{
""Index"" : 1,
""Type"" : 3,
""GoalID1"" : ""I_12012"",
""GoalNum"" : 1
}
]
","[
{
""Index"" : 1,
""RewardType"" : 1,
""RewardID"" : 0,
""RewardNum"" : 10
}
]",2,12012,,[1002008],0,,0,,
309002,剑专家2,2,"[
{
""String"" : ""获得@item_12003#@goal_1#"",
""UnlockTaskId"" : 0,
}
]","[
""获得@item_12003#@goal_1#""
]
","[
{
""Index"" : 1,
""Type"" : 3,
""GoalID1"" : ""I_12003"",
""GoalNum"" : 1
}
]
","[
{
""Index"" : 1,
""RewardType"" : 1,
""RewardID"" : 0,
""RewardNum"" : 20
}
]",2,12003,,[3001009],0,,0,,
309003,剑专家3,2,"[
{
""String"" : ""获得@item_12761#@goal_1#"",
""UnlockTaskId"" : 0,
}
]","[
""获得@item_12761#@goal_1#""
]
","[
{
""Index"" : 1,
""Type"" : 3,
""GoalID1"" : ""I_12761"",
""GoalNum"" : 1
}
]
","[
{
""Index"" : 1,
""RewardType"" : 1,
""RewardID"" : 0,
""RewardNum"" : 30
}
]",2,12761,,[],0,,0,,
309004,剑专家4,2,"[
{
""String"" : ""获得@item_12762#@goal_1#"",
""UnlockTaskId"" : 0,
}
]","[
""获得@item_12762#@goal_1#""
]
","[
{
""Index"" : 1,
""Type"" : 3,
""GoalID1"" : ""I_12762"",
""GoalNum"" : 1
}
]
","[
{
""Index"" : 1,
""RewardType"" : 1,
""RewardID"" : 0,
""RewardNum"" : 50
}
]",2,12762,,[],0,,0,,
309005,剑专家5,2,"[
{
""String"" : ""获得@item_12005#@goal_1#"",
""UnlockTaskId"" : 0,
}
]","[
""获得@item_12005#@goal_1#""
]
","[
{
""Index"" : 1,
""Type"" : 3,
""GoalID1"" : ""I_12005"",
""GoalNum"" : 1
}
]
","[
{
""Index"" : 1,
""RewardType"" : 1,
""RewardID"" : 0,
""RewardNum"" : 75
}
]",2,12005,,[3001011],0,,0,,
309006,剑专家6,2,"[
{
""String"" : ""获得@item_12009#@goal_1#"",
""UnlockTaskId"" : 0,
}
]","[
""获得@item_12009#@goal_1#""
]
","[
{
""Index"" : 1,
""Type"" : 3,
""GoalID1"" : ""I_12009"",
""GoalNum"" : 1
}
]
","[
{
""Index"" : 1,
""RewardType"" : 1,
""RewardID"" : 0,
""RewardNum"" : 100
}
]",2,12009,,[3001013],0,,0,,
309101,远程武器专家1,2,"[
{
""String"" : ""获得@item_12050#@goal_1#"",
""UnlockTaskId"" : 0,
}
]","[
""获得@item_12050#@goal_1#""
]
","[
{
""Index"" : 1,
""Type"" : 3,
""GoalID1"" : ""I_12050"",
""GoalNum"" : 1
}
]
","[
{
""Index"" : 1,
""RewardType"" : 1,
""RewardID"" : 0,
""RewardNum"" : 20
}
]",2,12050,,[3001031],0,,0,,
309102,远程武器专家2,2,"[
{
""String"" : ""获得@item_12056#@goal_1#"",
""UnlockTaskId"" : 0,
}
]","[
""获得@item_12056#@goal_1#""
]
","[
{
""Index"" : 1,
""Type"" : 3,
""GoalID1"" : ""I_12056"",
""GoalNum"" : 1
}
]
","[
{
""Index"" : 1,
""RewardType"" : 1,
""RewardID"" : 0,
""RewardNum"" : 50
}
]",2,12056,,[3001035],0,,0,,
309103,远程武器专家3,2,"[
{
""String"" : ""获得@item_12281#@goal_1#"",
""UnlockTaskId"" : 0,
}
]","[
""获得@item_12281#@goal_1#""
]
","[
{
""Index"" : 1,
""Type"" : 3,
""GoalID1"" : ""I_12281"",
""GoalNum"" : 1
}
]
","[
{
""Index"" : 1,
""RewardType"" : 1,
""RewardID"" : 0,
""RewardNum"" : 10
}
]",2,12281,,[],0,,0,,
309104,远程武器专家4,2,"[
{
""String"" : ""获得@item_12283#@goal_1#"",
""UnlockTaskId"" : 0,
}
]","[
""获得@item_12283#@goal_1#""
]
","[
{
""Index"" : 1,
""Type"" : 3,
""GoalID1"" : ""I_12283"",
""GoalNum"" : 1
}
]
","[
{
""Index"" : 1,
""RewardType"" : 1,
""RewardID"" : 0,
""RewardNum"" : 75
}
]",2,12283,,[],0,,0,,
309105,远程武器专家5,2,"[
{
""String"" : ""获得@item_12061#@goal_1#"",
""UnlockTaskId"" : 0,
}
]","[
""获得@item_12061#@goal_1#""
]
","[
{
""Index"" : 1,
""Type"" : 3,
""GoalID1"" : ""I_12061"",
""GoalNum"" : 1
}
]
","[
{
""Index"" : 1,
""RewardType"" : 1,
""RewardID"" : 0,
""RewardNum"" : 50
}
]",2,12061,,[3001043],0,,0,,
309106,远程武器专家6,2,"[
{
""String"" : ""获得@item_12288#@goal_1#"",
""UnlockTaskId"" : 0,
}
]","[
""获得@item_12288#@goal_1#""
]
","[
{
""Index"" : 1,
""Type"" : 3,
""GoalID1"" : ""I_12288"",
""GoalNum"" : 1
}
]
","[
{
""Index"" : 1,
""RewardType"" : 1,
""RewardID"" : 0,
""RewardNum"" : 25
}
]",2,12288,,[3001037],0,,0,,
309201,钝器专家1,2,"[
{
""String"" : ""获得@item_12001#@goal_1#"",
""UnlockTaskId"" : 0,
}
]","[
""获得@item_12001#@goal_1#""
]
","[
{
""Index"" : 1,
""Type"" : 3,
""GoalID1"" : ""I_12001"",
""GoalNum"" : 1
}
]
","[
{
""Index"" : 1,
""RewardType"" : 1,
""RewardID"" : 0,
""RewardNum"" : 10
}
]",2,12001,,[3001001],0,,0,,
309202,钝器专家2,2,"[
{
""String"" : ""获得@item_11230#@goal_1#"",
""UnlockTaskId"" : 0,
}
]","[
""获得@item_11230#@goal_1#""
]
","[
{
""Index"" : 1,
""Type"" : 3,
""GoalID1"" : ""I_11230"",
""GoalNum"" : 1
}
]
","[
{
""Index"" : 1,
""RewardType"" : 1,
""RewardID"" : 0,
""RewardNum"" : 20
}
]",2,11230,,[3001003],0,,0,,
309203,钝器专家3,2,"[
{
""String"" : ""获得@item_12010#@goal_1#"",
""UnlockTaskId"" : 0,
}
]","[
""获得@item_12010#@goal_1#""
]
","[
{
""Index"" : 1,
""Type"" : 3,
""GoalID1"" : ""I_12010"",
""GoalNum"" : 1
}
]
","[
{
""Index"" : 1,
""RewardType"" : 1,
""RewardID"" : 0,
""RewardNum"" : 30
}
]",2,12010,,[3001015],0,,0,,
309204,钝器专家4,2,"[
{
""String"" : ""获得@item_12316#@goal_1#"",
""UnlockTaskId"" : 0,
}
]","[
""获得@item_12316#@goal_1#""
]
","[
{
""Index"" : 1,
""Type"" : 3,
""GoalID1"" : ""I_12316"",
""GoalNum"" : 1
}
]
","[
{
""Index"" : 1,
""RewardType"" : 1,
""RewardID"" : 0,
""RewardNum"" : 50
}
]",2,12316,,[],0,,0,,
309301,盾牌专家1,2,"[
{
""String"" : ""获得@item_12317#@goal_1#"",
""UnlockTaskId"" : 0,
}
]","[
""获得@item_12317#@goal_1#""
]
","[
{
""Index"" : 1,
""Type"" : 3,
""GoalID1"" : ""I_12317"",
""GoalNum"" : 1
}
]
","[
{
""Index"" : 1,
""RewardType"" : 1,
""RewardID"" : 0,
""RewardNum"" : 10
}
]",2,12317,,[],0,,0,,
309302,盾牌专家2,2,"[
{
""String"" : ""获得@item_12318#@goal_1#"",
""UnlockTaskId"" : 0,
}
]","[
""获得@item_12318#@goal_1#""
]
","[
{
""Index"" : 1,
""Type"" : 3,
""GoalID1"" : ""I_12318"",
""GoalNum"" : 1
}
]
","[
{
""Index"" : 1,
""RewardType"" : 1,
""RewardID"" : 0,
""RewardNum"" : 20
}
]",2,12318,,[],0,,0,,
309303,盾牌专家3,2,"[
{
""String"" : ""获得@item_12319#@goal_1#"",
""UnlockTaskId"" : 0,
}
]","[
""获得@item_12319#@goal_1#""
]
","[
{
""Index"" : 1,
""Type"" : 3,
""GoalID1"" : ""I_12319"",
""GoalNum"" : 1
}
]
","[
{
""Index"" : 1,
""RewardType"" : 1,
""RewardID"" : 0,
""RewardNum"" : 30
}
]",2,12319,,[],0,,0,,
309304,盾牌专家4,2,"[
{
""String"" : ""获得@item_12309#@goal_1#"",
""UnlockTaskId"" : 0,
}
]","[
""获得@item_12309#@goal_1#""
]
","[
{
""Index"" : 1,
""Type"" : 3,
""GoalID1"" : ""I_12309"",
""GoalNum"" : 1
}
]
","[
{
""Index"" : 1,
""RewardType"" : 1,
""RewardID"" : 0,
""RewardNum"" : 50
}
]",2,12309,,[3001019],0,,0,,
309305,盾牌专家5,2,"[
{
""String"" : ""获得@item_12310#@goal_1#"",
""UnlockTaskId"" : 0,
}
]","[
""获得@item_12310#@goal_1#""
]
","[
{
""Index"" : 1,
""Type"" : 3,
""GoalID1"" : ""I_12310"",
""GoalNum"" : 1
}
]
","[
{
""Index"" : 1,
""RewardType"" : 1,
""RewardID"" : 0,
""RewardNum"" : 50
}
]",2,12310,,[3001021],0,,0,,
309401,特殊披风专家1,2,"[
{
""String"" : ""获得@item_12206#@goal_1#"",
""UnlockTaskId"" : 0,
}
]","[
""获得@item_12206#@goal_1#""
]
","[
{
""Index"" : 1,
""Type"" : 3,
""GoalID1"" : ""I_12206"",
""GoalNum"" : 1
}
]
","[
{
""Index"" : 1,
""RewardType"" : 1,
""RewardID"" : 0,
""RewardNum"" : 20
}
]",2,12206,,[3002071],0,,0,,
309402,特殊披风专家2,2,"[
{
""String"" : ""获得@item_12279#@goal_1#"",
""UnlockTaskId"" : 0,
}
]","[
""获得@item_12279#@goal_1#""
]
","[
{
""Index"" : 1,
""Type"" : 3,
""GoalID1"" : ""I_12279"",
""GoalNum"" : 1
}
]
","[
{
""Index"" : 1,
""RewardType"" : 1,
""RewardID"" : 0,
""RewardNum"" : 20
}
]",2,12279,,[4005002],0,,0,,
309403,特殊披风专家3,2,"[
{
""String"" : ""获得@item_11639#@goal_1#"",
""UnlockTaskId"" : 0,
}
]","[
""获得@item_11639#@goal_1#""
]
","[
{
""Index"" : 1,
""Type"" : 3,
""GoalID1"" : ""I_11639"",
""GoalNum"" : 1
}
]
","[
{
""Index"" : 1,
""RewardType"" : 1,
""RewardID"" : 0,
""RewardNum"" : 20
}
]",2,11639,,[3002081],0,,0,,
309404,特殊披风专家4,2,"[
{
""String"" : ""获得@item_12208#@goal_1#"",
""UnlockTaskId"" : 0,
}
]","[
""获得@item_12208#@goal_1#""
]
","[
{
""Index"" : 1,
""Type"" : 3,
""GoalID1"" : ""I_12208"",
""GoalNum"" : 1
}
]
","[
{
""Index"" : 1,
""RewardType"" : 1,
""RewardID"" : 0,
""RewardNum"" : 20
}
]",2,12208,,[3002075],0,,0,,
309405,特殊披风专家5,2,"[
{
""String"" : ""获得@item_12210#@goal_1#"",
""UnlockTaskId"" : 0,
}
]","[
""获得@item_12210#@goal_1#""
]
","[
{
""Index"" : 1,
""Type"" : 3,
""GoalID1"" : ""I_12210"",
""GoalNum"" : 1
}
]
","[
{
""Index"" : 1,
""RewardType"" : 1,
""RewardID"" : 0,
""RewardNum"" : 20
}
]",2,12210,,[3002079],0,,0,,
309501,调色技术,2,"[
{
""String"" : ""获得@item_498#@goal_1#"",
""UnlockTaskId"" : 0,
}
]","[
""获得@item_498#@goal_1#""
]
","[
{
""Index"" : 1,
""Type"" : 3,
""GoalID1"" : ""I_498"",
""GoalNum"" : 1
}
]
","[
{
""Index"" : 1,
""RewardType"" : 1,
""RewardID"" : 0,
""RewardNum"" : 15
}
]",2,498,,[2010011],0,,0,,
309601,原色艺术家1,2,"[
{
""String"" : ""获得@item_11504#@goal_1#"",
""UnlockTaskId"" : 0,
}
]","[
""获得@item_11504#@goal_1#""
]
","[
{
""Index"" : 1,
""Type"" : 3,
""GoalID1"" : ""I_11504"",
""GoalNum"" : 1
}
]
","[
{
""Index"" : 1,
""RewardType"" : 1,
""RewardID"" : 0,
""RewardNum"" : 15
}
]",2,11504,,[2010012],0,,0,,
309602,原色艺术家2,2,"[
{
""String"" : ""获得@item_11514#@goal_1#"",
""UnlockTaskId"" : 0,
}
]","[
""获得@item_11514#@goal_1#""
]
","[
{
""Index"" : 1,
""Type"" : 3,
""GoalID1"" : ""I_11514"",
""GoalNum"" : 1
}
]
","[
{
""Index"" : 1,
""RewardType"" : 1,
""RewardID"" : 0,
""RewardNum"" : 15
}
]",2,11514,,[2010013],0,,0,,
309603,原色艺术家3,2,"[
{
""String"" : ""获得@item_11532#@goal_1#"",
""UnlockTaskId"" : 0,
}
]","[
""获得@item_11532#@goal_1#""
]
","[
{
""Index"" : 1,
""Type"" : 3,
""GoalID1"" : ""I_11532"",
""GoalNum"" : 1
}
]
","[
{
""Index"" : 1,
""RewardType"" : 1,
""RewardID"" : 0,
""RewardNum"" : 15
}
]",2,11532,,[2010014],0,,0,,
309604,原色艺术家4,2,"[
{
""String"" : ""获得@item_11500#@goal_1#"",
""UnlockTaskId"" : 0,
}
]","[
""获得@item_11500#@goal_1#""
]
","[
{
""Index"" : 1,
""Type"" : 3,
""GoalID1"" : ""I_11500"",
""GoalNum"" : 1
}
]
","[
{
""Index"" : 1,
""RewardType"" : 1,
""RewardID"" : 0,
""RewardNum"" : 15
}
]",2,11500,,[],0,,0,,
309701,调色1,2,"[
{
""String"" : ""获得@item_11501#@goal_1#"",
""UnlockTaskId"" : 0,
}
]","[
""获得@item_11501#@goal_1#""
]
","[
{
""Index"" : 1,
""Type"" : 3,
""GoalID1"" : ""I_11501"",
""GoalNum"" : 1
}
]
","[
{
""Index"" : 1,
""RewardType"" : 1,
""RewardID"" : 0,
""RewardNum"" : 10
}
]",2,11501,,[2010015],0,,0,,
309702,调色2,2,"[
{
""String"" : ""获得@item_11502#@goal_1#"",
""UnlockTaskId"" : 0,
}
]","[
""获得@item_11502#@goal_1#""
]
","[
{
""Index"" : 1,
""Type"" : 3,
""GoalID1"" : ""I_11502"",
""GoalNum"" : 1
}
]
","[
{
""Index"" : 1,
""RewardType"" : 1,
""RewardID"" : 0,
""RewardNum"" : 10
}
]",2,11502,,[],0,,0,,
309703,调色3,2,"[
{
""String"" : ""获得@item_11503#@goal_1#"",
""UnlockTaskId"" : 0,
}
]","[
""获得@item_11503#@goal_1#""
]
","[
{
""Index"" : 1,
""Type"" : 3,
""GoalID1"" : ""I_11503"",
""GoalNum"" : 1
}
]
","[
{
""Index"" : 1,
""RewardType"" : 1,
""RewardID"" : 0,
""RewardNum"" : 10
}
]",2,11503,,[],0,,0,,
309704,调色4,2,"[
{
""String"" : ""获得@item_11505#@goal_1#"",
""UnlockTaskId"" : 0,
}
]","[
""获得@item_11505#@goal_1#""
]
","[
{
""Index"" : 1,
""Type"" : 3,
""GoalID1"" : ""I_11505"",
""GoalNum"" : 1
}
]
","[
{
""Index"" : 1,
""RewardType"" : 1,
""RewardID"" : 0,
""RewardNum"" : 10
}
]",2,11505,,[],0,,0,,
309705,调色5,2,"[
{
""String"" : ""获得@item_11506#@goal_1#"",
""UnlockTaskId"" : 0,
}
]","[
""获得@item_11506#@goal_1#""
]
","[
{
""Index"" : 1,
""Type"" : 3,
""GoalID1"" : ""I_11506"",
""GoalNum"" : 1
}
]
","[
{
""Index"" : 1,
""RewardType"" : 1,
""RewardID"" : 0,
""RewardNum"" : 10
}
]",2,11506,,[],0,,0,,
309706,调色6,2,"[
{
""String"" : ""获得@item_11507#@goal_1#"",
""UnlockTaskId"" : 0,
}
]","[
""获得@item_11507#@goal_1#""
]
","[
{
""Index"" : 1,
""Type"" : 3,
""GoalID1"" : ""I_11507"",
""GoalNum"" : 1
}
]
","[
{
""Index"" : 1,
""RewardType"" : 1,
""RewardID"" : 0,
""RewardNum"" : 10
}
]",2,11507,,[],0,,0,,
309801,调色7,2,"[
{
""String"" : ""获得@item_11508#@goal_1#"",
""UnlockTaskId"" : 0,
}
]","[
""获得@item_11508#@goal_1#""
]
","[
{
""Index"" : 1,
""Type"" : 3,
""GoalID1"" : ""I_11508"",
""GoalNum"" : 1
}
]
","[
{
""Index"" : 1,
""RewardType"" : 1,
""RewardID"" : 0,
""RewardNum"" : 10
}
]",2,11508,,[],0,,0,,
309802,调色8,2,"[
{
""String"" : ""获得@item_11509#@goal_1#"",
""UnlockTaskId"" : 0,
}
]","[
""获得@item_11509#@goal_1#""
]
","[
{
""Index"" : 1,
""Type"" : 3,
""GoalID1"" : ""I_11509"",
""GoalNum"" : 1
}
]
","[
{
""Index"" : 1,
""RewardType"" : 1,
""RewardID"" : 0,
""RewardNum"" : 10
}
]",2,11509,,[],0,,0,,
309803,调色9,2,"[
{
""String"" : ""获得@item_11510#@goal_1#"",
""UnlockTaskId"" : 0,
}
]","[
""获得@item_11510#@goal_1#""
]
","[
{
""Index"" : 1,
""Type"" : 3,
""GoalID1"" : ""I_11510"",
""GoalNum"" : 1
}
]
","[
{
""Index"" : 1,
""RewardType"" : 1,
""RewardID"" : 0,
""RewardNum"" : 10
}
]",2,11510,,[2010017],0,,0,,
309804,调色10,2,"[
{
""String"" : ""获得@item_11512#@goal_1#"",
""UnlockTaskId"" : 0,
}
]","[
""获得@item_11512#@goal_1#""
]
","[
{
""Index"" : 1,
""Type"" : 3,
""GoalID1"" : ""I_11512"",
""GoalNum"" : 1
}
]
","[
{
""Index"" : 1,
""RewardType"" : 1,
""RewardID"" : 0,
""RewardNum"" : 10
}
]",2,11512,,[],0,,0,,
309805,调色11,2,"[
{
""String"" : ""获得@item_11513#@goal_1#"",
""UnlockTaskId"" : 0,
}
]","[
""获得@item_11513#@goal_1#""
]
","[
{
""Index"" : 1,
""Type"" : 3,
""GoalID1"" : ""I_11513"",
""GoalNum"" : 1
}
]
","[
{
""Index"" : 1,
""RewardType"" : 1,
""RewardID"" : 0,
""RewardNum"" : 10
}
]",2,11513,,[2010016],0,,0,,
309806,调色12,2,"[
{
""String"" : ""获得@item_11515#@goal_1#"",
""UnlockTaskId"" : 0,
}
]","[
""获得@item_11515#@goal_1#""
]
","[
{
""Index"" : 1,
""Type"" : 3,
""GoalID1"" : ""I_11515"",
""GoalNum"" : 1
}
]
","[
{
""Index"" : 1,
""RewardType"" : 1,
""RewardID"" : 0,
""RewardNum"" : 10
}
]",2,11515,,[],0,,0,,
309901,调色13,2,"[
{
""String"" : ""获得@item_11536#@goal_1#"",
""UnlockTaskId"" : 0,
}
]","[
""获得@item_11536#@goal_1#""
]
","[
{
""Index"" : 1,
""Type"" : 3,
""GoalID1"" : ""I_11536"",
""GoalNum"" : 1
}
]
","[
{
""Index"" : 1,
""RewardType"" : 1,
""RewardID"" : 0,
""RewardNum"" : 10
}
]",2,11536,,[],0,,0,,
309902,调色14,2,"[
{
""String"" : ""获得@item_11537#@goal_1#"",
""UnlockTaskId"" : 0,
}
]","[
""获得@item_11537#@goal_1#""
]
","[
{
""Index"" : 1,
""Type"" : 3,
""GoalID1"" : ""I_11537"",
""GoalNum"" : 1
}
]
","[
{
""Index"" : 1,
""RewardType"" : 1,
""RewardID"" : 0,
""RewardNum"" : 10
}
]",2,11537,,[],0,,0,,
309903,调色15,2,"[
{
""String"" : ""获得@item_11538#@goal_1#"",
""UnlockTaskId"" : 0,
}
]","[
""获得@item_11538#@goal_1#""
]
","[
{
""Index"" : 1,
""Type"" : 3,
""GoalID1"" : ""I_11538"",
""GoalNum"" : 1
}
]
","[
{
""Index"" : 1,
""RewardType"" : 1,
""RewardID"" : 0,
""RewardNum"" : 10
}
]",2,11538,,[],0,,0,,
309904,调色16,2,"[
{
""String"" : ""获得@item_11539#@goal_1#"",
""UnlockTaskId"" : 0,
}
]","[
""获得@item_11539#@goal_1#""
]
","[
{
""Index"" : 1,
""Type"" : 3,
""GoalID1"" : ""I_11539"",
""GoalNum"" : 1
}
]
","[
{
""Index"" : 1,
""RewardType"" : 1,
""RewardID"" : 0,
""RewardNum"" : 10
}
]",2,11539,,[],0,,0,,
309905,调色17,2,"[
{
""String"" : ""获得@item_11540#@goal_1#"",
""UnlockTaskId"" : 0,
}
]","[
""获得@item_11540#@goal_1#""
]
","[
{
""Index"" : 1,
""Type"" : 3,
""GoalID1"" : ""I_11540"",
""GoalNum"" : 1
}
]
","[
{
""Index"" : 1,
""RewardType"" : 1,
""RewardID"" : 0,
""RewardNum"" : 10
}
]",2,11540,,[],0,,0,,
309906,调色18,2,"[
{
""String"" : ""获得@item_11541#@goal_1#"",
""UnlockTaskId"" : 0,
}
]","[
""获得@item_11541#@goal_1#""
]
","[
{
""Index"" : 1,
""Type"" : 3,
""GoalID1"" : ""I_11541"",
""GoalNum"" : 1
}
]
","[
{
""Index"" : 1,
""RewardType"" : 1,
""RewardID"" : 0,
""RewardNum"" : 10
}
]",2,11541,,[],0,,0,,
310001,调色19,2,"[
{
""String"" : ""获得@item_11542#@goal_1#"",
""UnlockTaskId"" : 0,
}
]","[
""获得@item_11542#@goal_1#""
]
","[
{
""Index"" : 1,
""Type"" : 3,
""GoalID1"" : ""I_11542"",
""GoalNum"" : 1
}
]
","[
{
""Index"" : 1,
""RewardType"" : 1,
""RewardID"" : 0,
""RewardNum"" : 10
}
]",2,11542,,[],0,,0,,
310002,调色20,2,"[
{
""String"" : ""获得@item_11543#@goal_1#"",
""UnlockTaskId"" : 0,
}
]","[
""获得@item_11543#@goal_1#""
]
","[
{
""Index"" : 1,
""Type"" : 3,
""GoalID1"" : ""I_11543"",
""GoalNum"" : 1
}
]
","[
{
""Index"" : 1,
""RewardType"" : 1,
""RewardID"" : 0,
""RewardNum"" : 10
}
]",2,11543,,[],0,,0,,
310003,调色21,2,"[
{
""String"" : ""获得@item_11544#@goal_1#"",
""UnlockTaskId"" : 0,
}
]","[
""获得@item_11544#@goal_1#""
]
","[
{
""Index"" : 1,
""Type"" : 3,
""GoalID1"" : ""I_11544"",
""GoalNum"" : 1
}
]
","[
{
""Index"" : 1,
""RewardType"" : 1,
""RewardID"" : 0,
""RewardNum"" : 10
}
]",2,11544,,[],0,,0,,
310004,调色22,2,"[
{
""String"" : ""获得@item_11545#@goal_1#"",
""UnlockTaskId"" : 0,
}
]","[
""获得@item_11545#@goal_1#""
]
","[
{
""Index"" : 1,
""Type"" : 3,
""GoalID1"" : ""I_11545"",
""GoalNum"" : 1
}
]
","[
{
""Index"" : 1,
""RewardType"" : 1,
""RewardID"" : 0,
""RewardNum"" : 10
}
]",2,11545,,[],0,,0,,
310005,调色23,2,"[
{
""String"" : ""获得@item_11546#@goal_1#"",
""UnlockTaskId"" : 0,
}
]","[
""获得@item_11546#@goal_1#""
]
","[
{
""Index"" : 1,
""Type"" : 3,
""GoalID1"" : ""I_11546"",
""GoalNum"" : 1
}
]
","[
{
""Index"" : 1,
""RewardType"" : 1,
""RewardID"" : 0,
""RewardNum"" : 10
}
]",2,11546,,[],0,,0,,
310006,调色24,2,"[
{
""String"" : ""获得@item_11547#@goal_1#"",
""UnlockTaskId"" : 0,
}
]","[
""获得@item_11547#@goal_1#""
]
","[
{
""Index"" : 1,
""Type"" : 3,
""GoalID1"" : ""I_11547"",
""GoalNum"" : 1
}
]
","[
{
""Index"" : 1,
""RewardType"" : 1,
""RewardID"" : 0,
""RewardNum"" : 10
}
]",2,11547,,[],0,,0,,
310101,BOSS战利品1,2,"[
{
""String"" : ""获得@item_11591#@goal_1#"",
""UnlockTaskId"" : 0,
}
]","[
""获得@item_11591#@goal_1#""
]
","[
{
""Index"" : 1,
""Type"" : 3,
""GoalID1"" : ""I_11591"",
""GoalNum"" : 1
}
]
","[
{
""Index"" : 1,
""RewardType"" : 1,
""RewardID"" : 0,
""RewardNum"" : 50
}
]",2,11591,,[],0,,0,,
310102,BOSS战利品2,2,"[
{
""String"" : ""获得@item_12056#@goal_1#"",
""UnlockTaskId"" : 0,
}
]","[
""获得@item_12056#@goal_1#""
]
","[
{
""Index"" : 1,
""Type"" : 3,
""GoalID1"" : ""I_12056"",
""GoalNum"" : 1
}
]
","[
{
""Index"" : 1,
""RewardType"" : 1,
""RewardID"" : 0,
""RewardNum"" : 50
}
]",2,12056,,[],0,,0,,
310103,BOSS战利品3,2,"[
{
""String"" : ""获得@item_1059#@goal_1#"",
""UnlockTaskId"" : 0,
}
]","[
""获得@item_1059#@goal_1#""
]
","[
{
""Index"" : 1,
""Type"" : 3,
""GoalID1"" : ""I_1059"",
""GoalNum"" : 1
}
]
","[
{
""Index"" : 1,
""RewardType"" : 1,
""RewardID"" : 0,
""RewardNum"" : 50
}
]",2,1059,,[],0,,0,,
310104,BOSS战利品4,2,"[
{
""String"" : ""获得@item_12311#@goal_1#"",
""UnlockTaskId"" : 0,
}
]","[
""获得@item_12311#@goal_1#""
]
","[
{
""Index"" : 1,
""Type"" : 3,
""GoalID1"" : ""I_12311"",
""GoalNum"" : 1
}
]
","[
{
""Index"" : 1,
""RewardType"" : 1,
""RewardID"" : 0,
""RewardNum"" : 50
}
]",2,12311,,[],0,,0,,
310105,BOSS战利品5,2,"[
{
""String"" : ""获得@item_11232#@goal_1#"",
""UnlockTaskId"" : 0,
}
]","[
""获得@item_11232#@goal_1#""
]
","[
{
""Index"" : 1,
""Type"" : 3,
""GoalID1"" : ""I_11232"",
""GoalNum"" : 1
}
]
","[
{
""Index"" : 1,
""RewardType"" : 1,
""RewardID"" : 0,
""RewardNum"" : 50
}
]",2,11232,,[],0,,0,,
310201,星能1,2,"[
{
""String"" : ""制作@item_366#@goal_1#"",
""UnlockTaskId"" : 0,
}
]","[
""制作@item_366#@goal_1#""
]
","[
{
""Index"" : 1,
""Type"" : 4,
""GoalID1"" : ""I_366"",
""GoalNum"" : 1
}
]
","[
{
""Index"" : 1,
""RewardType"" : 1,
""RewardID"" : 0,
""RewardNum"" : 25
}
]",2,366,,[],0,,0,,
310202,星能2,2,"[
{
""String"" : ""制作@item_374#@goal_1#"",
""UnlockTaskId"" : 0,
}
]","[
""制作@item_374#@goal_1#""
]
","[
{
""Index"" : 1,
""Type"" : 4,
""GoalID1"" : ""I_374"",
""GoalNum"" : 1
}
]
","[
{
""Index"" : 1,
""RewardType"" : 1,
""RewardID"" : 0,
""RewardNum"" : 25
}
]",2,374,,[],0,,0,,
310203,星能3,2,"[
{
""String"" : ""制作@item_387#@goal_1#"",
""UnlockTaskId"" : 0,
}
]","[
""制作@item_387#@goal_1#""
]
","[
{
""Index"" : 1,
""Type"" : 4,
""GoalID1"" : ""I_387"",
""GoalNum"" : 1
}
]
","[
{
""Index"" : 1,
""RewardType"" : 1,
""RewardID"" : 0,
""RewardNum"" : 25
}
]",2,387,,[],0,,0,,
310204,星能4,2,"[
{
""String"" : ""制作@item_353#@goal_1#"",
""UnlockTaskId"" : 0,
}
]","[
""制作@item_353#@goal_1#""
]
","[
{
""Index"" : 1,
""Type"" : 4,
""GoalID1"" : ""I_353"",
""GoalNum"" : 1
}
]
","[
{
""Index"" : 1,
""RewardType"" : 1,
""RewardID"" : 0,
""RewardNum"" : 25
}
]",2,353,,[],0,,0,,
310205,星能5,2,"[
{
""String"" : ""制作@item_354#@goal_1#"",
""UnlockTaskId"" : 0,
}
]","[
""制作@item_354#@goal_1#""
]
","[
{
""Index"" : 1,
""Type"" : 4,
""GoalID1"" : ""I_354"",
""GoalNum"" : 1
}
]
","[
{
""Index"" : 1,
""RewardType"" : 1,
""RewardID"" : 0,
""RewardNum"" : 25
}
]",2,354,,[],0,,0,,
310206,星能6,2,"[
{
""String"" : ""制作@item_355#@goal_1#"",
""UnlockTaskId"" : 0,
}
]","[
""制作@item_355#@goal_1#""
]
","[
{
""Index"" : 1,
""Type"" : 4,
""GoalID1"" : ""I_355"",
""GoalNum"" : 1
}
]
","[
{
""Index"" : 1,
""RewardType"" : 1,
""RewardID"" : 0,
""RewardNum"" : 25
}
]",2,355,,[],0,,0,,
310301,星能7,2,"[
{
""String"" : ""制作@item_1052#@goal_1#"",
""UnlockTaskId"" : 0,
}
]","[
""制作@item_1052#@goal_1#""
]
","[
{
""Index"" : 1,
""Type"" : 4,
""GoalID1"" : ""I_1052"",
""GoalNum"" : 1
}
]
","[
{
""Index"" : 1,
""RewardType"" : 1,
""RewardID"" : 0,
""RewardNum"" : 25
}
]",2,1052,,[],0,,0,,
310302,星能8,2,"[
{
""String"" : ""制作@item_1053#@goal_1#"",
""UnlockTaskId"" : 0,
}
]","[
""制作@item_1053#@goal_1#""
]
","[
{
""Index"" : 1,
""Type"" : 4,
""GoalID1"" : ""I_1053"",
""GoalNum"" : 1
}
]
","[
{
""Index"" : 1,
""RewardType"" : 1,
""RewardID"" : 0,
""RewardNum"" : 25
}
]",2,1053,,[],0,,0,,
310303,星能9,2,"[
{
""String"" : ""制作@item_1054#@goal_1#"",
""UnlockTaskId"" : 0,
}
]","[
""制作@item_1054#@goal_1#""
]
","[
{
""Index"" : 1,
""Type"" : 4,
""GoalID1"" : ""I_1054"",
""GoalNum"" : 1
}
]
","[
{
""Index"" : 1,
""RewardType"" : 1,
""RewardID"" : 0,
""RewardNum"" : 25
}
]",2,1054,,[],0,,0,,
310304,星能10,2,"[
{
""String"" : ""制作@item_1032#@goal_1#"",
""UnlockTaskId"" : 0,
}
]","[
""制作@item_1032#@goal_1#""
]
","[
{
""Index"" : 1,
""Type"" : 4,
""GoalID1"" : ""I_1032"",
""GoalNum"" : 1
}
]
","[
{
""Index"" : 1,
""RewardType"" : 1,
""RewardID"" : 0,
""RewardNum"" : 25
}
]",2,1032,,[],0,,0,,
310305,星能11,2,"[
{
""String"" : ""制作@item_1168#@goal_1#"",
""UnlockTaskId"" : 0,
}
]","[
""制作@item_1168#@goal_1#""
]
","[
{
""Index"" : 1,
""Type"" : 4,
""GoalID1"" : ""I_1168"",
""GoalNum"" : 1
}
]
","[
{
""Index"" : 1,
""RewardType"" : 1,
""RewardID"" : 0,
""RewardNum"" : 25
}
]",2,1168,,[],0,,0,,
310306,星能12,2,"[
{
""String"" : ""制作@item_1169#@goal_1#"",
""UnlockTaskId"" : 0,
}
]","[
""制作@item_1169#@goal_1#""
]
","[
{
""Index"" : 1,
""Type"" : 4,
""GoalID1"" : ""I_1169"",
""GoalNum"" : 1
}
]
","[
{
""Index"" : 1,
""RewardType"" : 1,
""RewardID"" : 0,
""RewardNum"" : 25
}
]",2,1169,,[],0,,0,,
310401,星能13,2,"[
{
""String"" : ""制作@item_356#@goal_1#"",
""UnlockTaskId"" : 0,
}
]","[
""制作@item_356#@goal_1#""
]
","[
{
""Index"" : 1,
""Type"" : 4,
""GoalID1"" : ""I_356"",
""GoalNum"" : 1
}
]
","[
{
""Index"" : 1,
""RewardType"" : 1,
""RewardID"" : 0,
""RewardNum"" : 25
}
]",2,356,,[],0,,0,,
310402,星能14,2,"[
{
""String"" : ""制作@item_357#@goal_1#"",
""UnlockTaskId"" : 0,
}
]","[
""制作@item_357#@goal_1#""
]
","[
{
""Index"" : 1,
""Type"" : 4,
""GoalID1"" : ""I_357"",
""GoalNum"" : 1
}
]
","[
{
""Index"" : 1,
""RewardType"" : 1,
""RewardID"" : 0,
""RewardNum"" : 25
}
]",2,357,,[],0,,0,,
310403,星能15,2,"[
{
""String"" : ""制作@item_365#@goal_1#"",
""UnlockTaskId"" : 0,
}
]","[
""制作@item_365#@goal_1#""
]
","[
{
""Index"" : 1,
""Type"" : 4,
""GoalID1"" : ""I_365"",
""GoalNum"" : 1
}
]
","[
{
""Index"" : 1,
""RewardType"" : 1,
""RewardID"" : 0,
""RewardNum"" : 25
}
]",2,365,,[],0,,0,,
310404,星能16,2,"[
{
""String"" : ""制作@item_358#@goal_1#"",
""UnlockTaskId"" : 0,
}
]","[
""制作@item_358#@goal_1#""
]
","[
{
""Index"" : 1,
""Type"" : 4,
""GoalID1"" : ""I_358"",
""GoalNum"" : 1
}
]
","[
{
""Index"" : 1,
""RewardType"" : 1,
""RewardID"" : 0,
""RewardNum"" : 25
}
]",2,358,,[],0,,0,,
310405,星能17,2,"[
{
""String"" : ""制作@item_364#@goal_1#"",
""UnlockTaskId"" : 0,
}
]","[
""制作@item_364#@goal_1#""
]
","[
{
""Index"" : 1,
""Type"" : 4,
""GoalID1"" : ""I_364"",
""GoalNum"" : 1
}
]
","[
{
""Index"" : 1,
""RewardType"" : 1,
""RewardID"" : 0,
""RewardNum"" : 25
}
]",2,364,,[],0,,0,,
310406,星能18,2,"[
{
""String"" : ""制作@item_360#@goal_1#"",
""UnlockTaskId"" : 0,
}
]","[
""制作@item_360#@goal_1#""
]
","[
{
""Index"" : 1,
""Type"" : 4,
""GoalID1"" : ""I_360"",
""GoalNum"" : 1
}
]
","[
{
""Index"" : 1,
""RewardType"" : 1,
""RewardID"" : 0,
""RewardNum"" : 25
}
]",2,360,,[],0,,0,,
310501,符文强化1,2,"[
{
""String"" : ""进行#c79b83e符文强化#n@goal_1#"",
""UnlockTaskId"" : 0,
}
]","[
""进行#c79b83e符文强化#n@goal_1#！""
]","[
{
""Index"" : 1,
""Type"" : 18,
""GoalID1"" : 0,
""GoalNum"" : 3
}
]","[
{
""Index"" : 1,
""RewardType"" : 1,
""RewardID"" : 0,
""RewardNum"" : 50
}
]",2,785,,[],0,,0,,
310502,符文强化2,2,"[
{
""String"" : ""进行#c79b83e符文强化#n@goal_1#"",
""UnlockTaskId"" : 0,
}
]","[
""进行#c79b83e符文强化#n@goal_1#！""
]","[
{
""Index"" : 1,
""Type"" : 18,
""GoalID1"" : 0,
""GoalNum"" : 10
}
]","[
{
""Index"" : 1,
""RewardType"" : 1,
""RewardID"" : 0,
""RewardNum"" : 150
}
]",2,785,,[],0,,0,,
310503,符文强化3,2,"[
{
""String"" : ""进行#c79b83e符文强化#n@goal_1#"",
""UnlockTaskId"" : 0,
}
]","[
""进行#c79b83e符文强化#n@goal_1#！""
]","[
{
""Index"" : 1,
""Type"" : 18,
""GoalID1"" : 0,
""GoalNum"" : 50
}
]","[
{
""Index"" : 1,
""RewardType"" : 1,
""RewardID"" : 0,
""RewardNum"" : 500
}
]",2,785,,[],0,,0,,
310504,符文强化4,2,"[
{
""String"" : ""进行#c79b83e符文强化#n@goal_1#"",
""UnlockTaskId"" : 0,
}
]","[
""进行#c79b83e符文强化#n@goal_1#！""
]","[
{
""Index"" : 1,
""Type"" : 18,
""GoalID1"" : 0,
""GoalNum"" : 100
}
]","[
{
""Index"" : 1,
""RewardType"" : 1,
""RewardID"" : 0,
""RewardNum"" : 1000
}
]",2,785,,[],0,,0,,
310505,符文强化5,2,"[
{
""String"" : ""进行#c79b83e符文强化#n@goal_1#"",
""UnlockTaskId"" : 0,
}
]","[
""进行#c79b83e符文强化#n@goal_1#！""
]","[
{
""Index"" : 1,
""Type"" : 18,
""GoalID1"" : 0,
""GoalNum"" : 500
}
]","[
{
""Index"" : 1,
""RewardType"" : 1,
""RewardID"" : 0,
""RewardNum"" : 3000
}
]",2,785,,[],0,,0,,
310601,满腹经纶,2,"[
{
""String"" : ""使用@item_1143#编书@goal_1# #r"",
""UnlockTaskId"" : 0,
},
{
""String"" : ""在@item_1143#中可以把写有文字的@item_11806#封装成册#r"",
""UnlockTaskId"" : 0,
}
]","[
""使用@item_1143#"",
""编书@goal_1#""
]","[
{
""Index"" : 1,
""Type"" : 26,
""GoalID1"" : 0,
""GoalNum"" : 1
}
]","[
{
""Index"" : 1,
""RewardType"" : 0,
""RewardID"" : 11806,
""RewardNum"" : 3
}
]",1,11804,,"[2010009,2010010]",0,,0,,
310701,苍穹呼叫,2,"[
{
""String"" : ""制作@item_13274#@goal_1#"",
""UnlockTaskId"" : 0,
}
]","[
""制作@item_13274#@goal_1#""
]","[
{
""Index"" : 1,
""Type"" : 3,
""GoalID1"" : ""I_13274"",
""GoalNum"" : 1
}
]","[
{
""Index"" : 1,
""RewardType"" : 1,
""RewardID"" : 0,
""RewardNum"" : 100
}
]",1,13274,,[],0,,0,,
310702,坤舆呼叫,2,"[
{
""String"" : ""制作@item_13275#@goal_1#"",
""UnlockTaskId"" : 0,
}
]","[
""制作@item_13275#@goal_1#""
]","[
{
""Index"" : 1,
""Type"" : 3,
""GoalID1"" : ""I_13275"",
""GoalNum"" : 1
}
]","[
{
""Index"" : 1,
""RewardType"" : 1,
""RewardID"" : 0,
""RewardNum"" : 100
}
]",1,13275,,[],0,,0,,
310801,收集符能粉尘1,2,"[
{
""String"" : ""获得@item_11516#@goal_1#"",
""UnlockTaskId"" : 0,
}
]","[
""获得@item_11516#@goal_1#""
]","[
{
""Index"" : 1,
""Type"" : 3,
""GoalID1"" : ""I_11516"",
""GoalNum"" : 1
}
]","[
{
""Index"" : 1,
""RewardType"" : 0,
""RewardID"" : 11516,
""RewardNum"" : 3
}
]",1,11516,,[],0,,0,,
310802,收集符能粉尘2,2,"[
{
""String"" : ""获得@item_11516#@goal_1#"",
""UnlockTaskId"" : 0,
}
]","[
""获得@item_11516#@goal_1#""
]","[
{
""Index"" : 1,
""Type"" : 3,
""GoalID1"" : ""I_11516"",
""GoalNum"" : 50
}
]","[
{
""Index"" : 1,
""RewardType"" : 1,
""RewardID"" : 0,
""RewardNum"" : 300
}
]",1,11516,,[],0,,0,,
310803,收集符能粉尘3,2,"[
{
""String"" : ""获得@item_11516#@goal_1#"",
""UnlockTaskId"" : 0,
}
]","[
""获得@item_11516#@goal_1#""
]","[
{
""Index"" : 1,
""Type"" : 3,
""GoalID1"" : ""I_11516"",
""GoalNum"" : 500
}
]","[
{
""Index"" : 1,
""RewardType"" : 1,
""RewardID"" : 0,
""RewardNum"" : 1000
}
]",1,11516,,[],0,,0,,
310901,符能提炼失败,2,"[
{
""String"" : ""获得@item_11522#@goal_1#"",
""UnlockTaskId"" : 0,
}
]","[
""获得@item_11522#@goal_1#""
]","[
{
""Index"" : 1,
""Type"" : 3,
""GoalID1"" : ""I_11522"",
""GoalNum"" : 1
}
]","[
{
""Index"" : 1,
""RewardType"" : 0,
""RewardID"" : 11516,
""RewardNum"" : 10
}
]",1,11522,,[],0,,0,,
311001,获得铭刻稳定剂,2,"[
{
""String"" : ""获得@item_11678#@goal_1#"",
""UnlockTaskId"" : 0,
}
]","[
""获得@item_11678#@goal_1#""
]","[
{
""Index"" : 1,
""Type"" : 3,
""GoalID1"" : ""I_11678"",
""GoalNum"" : 1
}
]","[
{
""Index"" : 1,
""RewardType"" : 0,
""RewardID"" : 11678,
""RewardNum"" : 2
}
]",1,11678,,[],0,,0,,
311002,蘑晶新手,2,"[
{
""String"": ""获得#c7bbe3a蘑晶石#n×10"",
""UnlockTaskId"": 0
}
]","[
""获得@item_201907#@goal_1#""
]","[
{
""Index"": 1,
""Type"": 3,
""GoalID1"": ""I_201907"",
""GoalNum"": 10
}
]","[
{
""Index"": 1,
""RewardType"": 1,
""RewardID"": 0,
""RewardNum"": 1
}
]",2,201907,,,[],0,0,,
311003,蘑晶老手,2,"[
{
""String"": ""获得#c7bbe3a蘑晶石#n×50"",
""UnlockTaskId"": 0
}
]","[
""获得@item_201907#@goal_1#""
]","[
{
""Index"": 1,
""Type"": 3,
""GoalID1"": ""I_201907"",
""GoalNum"": 50
}
]","[
{
""Index"": 1,
""RewardType"": 1,
""RewardID"": 0,
""RewardNum"": 2
}
]",2,201907,,,[],0,0,,
311004,蘑晶达人,2,"[
{
""String"": ""获得#c7bbe3a蘑晶石#n×100"",
""UnlockTaskId"": 0
}
]","[
""获得@item_201907#@goal_1#""
]","[
{
""Index"": 1,
""Type"": 3,
""GoalID1"": ""I_201907"",
""GoalNum"": 100
}
]","[
{
""Index"": 1,
""RewardType"": 1,
""RewardID"": 0,
""RewardNum"": 5
}
]",2,201907,,,[],0,0,,
311005,星剑初成,2,"[
{
""String"": ""获得#c7bbe3a四叶星芒剑#n×1"",
""UnlockTaskId"": 0
}
]","[
""获得@item_11777#@goal_1#""
]","[
{
""Index"": 1,
""Type"": 3,
""GoalID1"": ""I_11777"",
""GoalNum"": 1
}
]","[
{
""Index"": 1,
""RewardType"": 1,
""RewardID"": 0,
""RewardNum"": 1
}
]",2,11777,,,[],0,0,,
311006,群星法杖,2,"[
{
""String"": ""获得#c7bbe3a星落法杖#n×1"",
""UnlockTaskId"": 0
}
]","[
""获得@item_11776#@goal_1#""
]","[
{
""Index"": 1,
""Type"": 3,
""GoalID1"": ""I_11776"",
""GoalNum"": 1
}
]","[
{
""Index"": 1,
""RewardType"": 1,
""RewardID"": 0,
""RewardNum"": 1
}
]",2,11776,,,[],0,0,,
311007,百步穿杨,2,"[
{
""String"": ""获得#c7bbe3a星尘弓#n×1"",
""UnlockTaskId"": 0
}
]","[
""获得@item_11778#@goal_1#""
]","[
{
""Index"": 1,
""Type"": 3,
""GoalID1"": ""I_11778"",
""GoalNum"": 1
}
]","[
{
""Index"": 1,
""RewardType"": 1,
""RewardID"": 0,
""RewardNum"": 1
}
]",2,11778,,,[],0,0,,
311008,自瞄神箭,2,"[
{
""String"": ""获得#c7bbe3a星尘箭#n×1"",
""UnlockTaskId"": 0
}
]","[
""获得@item_15082#@goal_1#""
]","[
{
""Index"": 1,
""Type"": 3,
""GoalID1"": ""I_15082"",
""GoalNum"": 1
}
]","[
{
""Index"": 1,
""RewardType"": 1,
""RewardID"": 0,
""RewardNum"": 1
}
]",2,15082,,,[],0,0,,
311009,符文衣,2,"[
{
""String"": ""获得#c7bbe3a符文服#n×1"",
""UnlockTaskId"": 0
}
]","[
""获得@item_12321#@goal_1#""
]","[
{
""Index"": 1,
""Type"": 3,
""GoalID1"": ""I_12321"",
""GoalNum"": 1
}
]","[
{
""Index"": 1,
""RewardType"": 1,
""RewardID"": 0,
""RewardNum"": 1
}
]",2,12321,,,[],0,0,,
311010,符文裤,2,"[
{
""String"": ""获得#c7bbe3a符文裤#n×1"",
""UnlockTaskId"": 0
}
]","[
""获得@item_12322#@goal_1#""
]","[
{
""Index"": 1,
""Type"": 3,
""GoalID1"": ""I_12322"",
""GoalNum"": 1
}
]","[
{
""Index"": 1,
""RewardType"": 1,
""RewardID"": 0,
""RewardNum"": 1
}
]",2,12322,,,[],0,0,,
311011,符文帽,2,"[
{
""String"": ""获得#c7bbe3a符文帽#n×1"",
""UnlockTaskId"": 0
}
]","[
""获得@item_12320#@goal_1#""
]","[
{
""Index"": 1,
""Type"": 3,
""GoalID1"": ""I_12320"",
""GoalNum"": 1
}
]","[
{
""Index"": 1,
""RewardType"": 1,
""RewardID"": 0,
""RewardNum"": 1
}
]",2,12320,,,[],0,0,,
311012,符文靴,2,"[
{
""String"": ""获得#c7bbe3a符文靴#n×1"",
""UnlockTaskId"": 0
}
]","[
""获得@item_12323#@goal_1#""
]","[
{
""Index"": 1,
""Type"": 3,
""GoalID1"": ""I_12323"",
""GoalNum"": 1
}
]","[
{
""Index"": 1,
""RewardType"": 1,
""RewardID"": 0,
""RewardNum"": 1
}
]",2,12323,,,[],0,0,,
311013,符文套装,2,"[
{
""String"": ""集齐#c7bbe3a符文套装#n（服+裤+帽+靴）"",
""UnlockTaskId"": 0
}
]","[
""集齐符文套装""
]","[
{
""Index"": 1,
""Type"": 34,
""GoalID1"": ""I_12321"",
""GoalNum"": 1
},
{
""Index"": 2,
""Type"": 34,
""GoalID1"": ""I_12322"",
""GoalNum"": 1
},
{
""Index"": 3,
""Type"": 34,
""GoalID1"": ""I_12320"",
""GoalNum"": 1
},
{
""Index"": 4,
""Type"": 34,
""GoalID1"": ""I_12323"",
""GoalNum"": 1
}
]","[
{
""Index"": 1,
""RewardType"": 1,
""RewardID"": 0,
""RewardNum"": 3
}
]",2,12321,,,[],0,0,,
311014,荧菇丰收,2,"[
{
""String"": ""获得#c7bbe3a荧菇#n×5"",
""UnlockTaskId"": 0
}
]","[
""获得@item_200254#@goal_1#""
]","[
{
""Index"": 1,
""Type"": 3,
""GoalID1"": ""I_200254"",
""GoalNum"": 5
}
]","[
{
""Index"": 1,
""RewardType"": 1,
""RewardID"": 0,
""RewardNum"": 1
}
]",2,200254,,,[],0,0,,
311015,荧菇种植者,2,"[
{
""String"": ""获得#c7bbe3a荧菇#n×50"",
""UnlockTaskId"": 0
}
]","[
""获得@item_200254#@goal_1#""
]","[
{
""Index"": 1,
""Type"": 3,
""GoalID1"": ""I_200254"",
""GoalNum"": 50
}
]","[
{
""Index"": 1,
""RewardType"": 1,
""RewardID"": 0,
""RewardNum"": 2
}
]",2,200254,,,[],0,0,,
311016,荧菇农夫,2,"[
{
""String"": ""获得#c7bbe3a荧菇#n×100"",
""UnlockTaskId"": 0
}
]","[
""获得@item_200254#@goal_1#""
]","[
{
""Index"": 1,
""Type"": 3,
""GoalID1"": ""I_200254"",
""GoalNum"": 100
}
]","[
{
""Index"": 1,
""RewardType"": 1,
""RewardID"": 0,
""RewardNum"": 5
}
]",2,200254,,,[],0,0,,
311017,金色麦浪,2,"[
{
""String"": ""获得#c7bbe3a星芒麦#n×5"",
""UnlockTaskId"": 0
}
]","[
""获得@item_11710#@goal_1#""
]","[
{
""Index"": 1,
""Type"": 3,
""GoalID1"": ""I_11710"",
""GoalNum"": 5
}
]","[
{
""Index"": 1,
""RewardType"": 1,
""RewardID"": 0,
""RewardNum"": 1
}
]",2,11710,,,[],0,0,,
311018,麦田守望,2,"[
{
""String"": ""获得#c7bbe3a星芒麦#n×50"",
""UnlockTaskId"": 0
}
]","[
""获得@item_11710#@goal_1#""
]","[
{
""Index"": 1,
""Type"": 3,
""GoalID1"": ""I_11710"",
""GoalNum"": 50
}
]","[
{
""Index"": 1,
""RewardType"": 1,
""RewardID"": 0,
""RewardNum"": 2
}
]",2,11710,,,[],0,0,,
311019,麦收大师,2,"[
{
""String"": ""获得#c7bbe3a星芒麦#n×100"",
""UnlockTaskId"": 0
}
]","[
""获得@item_11710#@goal_1#""
]","[
{
""Index"": 1,
""Type"": 3,
""GoalID1"": ""I_11710"",
""GoalNum"": 100
}
]","[
{
""Index"": 1,
""RewardType"": 1,
""RewardID"": 0,
""RewardNum"": 5
}
]",2,11710,,,[],0,0,,
311020,星辉三叶草,2,"[
{
""String"": ""获得#c7bbe3a星辉三叶草#n×5"",
""UnlockTaskId"": 0
}
]","[
""获得@item_201914#@goal_1#""
]","[
{
""Index"": 1,
""Type"": 3,
""GoalID1"": ""I_201914"",
""GoalNum"": 5
}
]","[
{
""Index"": 1,
""RewardType"": 1,
""RewardID"": 0,
""RewardNum"": 1
}
]",2,201914,,,[],0,0,,
311021,三叶草收集者,2,"[
{
""String"": ""获得#c7bbe3a星辉三叶草#n×50"",
""UnlockTaskId"": 0
}
]","[
""获得@item_201914#@goal_1#""
]","[
{
""Index"": 1,
""Type"": 3,
""GoalID1"": ""I_201914"",
""GoalNum"": 50
}
]","[
{
""Index"": 1,
""RewardType"": 1,
""RewardID"": 0,
""RewardNum"": 2
}
]",2,201914,,,[],0,0,,
311022,幸运三叶草,2,"[
{
""String"": ""获得#c7bbe3a星辉三叶草#n×100"",
""UnlockTaskId"": 0
}
]","[
""获得@item_201914#@goal_1#""
]","[
{
""Index"": 1,
""Type"": 3,
""GoalID1"": ""I_201914"",
""GoalNum"": 100
}
]","[
{
""Index"": 1,
""RewardType"": 1,
""RewardID"": 0,
""RewardNum"": 5
}
]",2,201914,,,[],0,0,,
311023,星辉绽放,2,"[
{
""String"": ""获得#c7bbe3a星辉花#n×5"",
""UnlockTaskId"": 0
}
]","[
""获得@item_201912#@goal_1#""
]","[
{
""Index"": 1,
""Type"": 3,
""GoalID1"": ""I_201912"",
""GoalNum"": 5
}
]","[
{
""Index"": 1,
""RewardType"": 1,
""RewardID"": 0,
""RewardNum"": 1
}
]",2,201912,,,[],0,0,,
311024,花海漫步,2,"[
{
""String"": ""获得#c7bbe3a星辉花#n×50"",
""UnlockTaskId"": 0
}
]","[
""获得@item_201912#@goal_1#""
]","[
{
""Index"": 1,
""Type"": 3,
""GoalID1"": ""I_201912"",
""GoalNum"": 50
}
]","[
{
""Index"": 1,
""RewardType"": 1,
""RewardID"": 0,
""RewardNum"": 2
}
]",2,201912,,,[],0,0,,
311025,百花之主,2,"[
{
""String"": ""获得#c7bbe3a星辉花#n×100"",
""UnlockTaskId"": 0
}
]","[
""获得@item_201912#@goal_1#""
]","[
{
""Index"": 1,
""Type"": 3,
""GoalID1"": ""I_201912"",
""GoalNum"": 100
}
]","[
{
""Index"": 1,
""RewardType"": 1,
""RewardID"": 0,
""RewardNum"": 5
}
]",2,201912,,,[],0,0,,
311027,初露锋芒,2,"[
{
""String"": ""击败任意#c7bbe3a蚀化生物#n×10"",
""UnlockTaskId"": 0
}
]","[
""击败任意蚀化生物@goal_1#""
]","[
{
""Index"": 1,
""Type"": 8,
""GoalID1"": ""M_3349,M_3350,M_3351,M_3352,M_3353,M_3354,M_3355,M_3356,M_3357,M_3358,M_3359,M_3360,M_3368,M_3369,M_3370,M_3371,M_3372,M_3373,M_3374,M_3375"",
""GoalNum"": 10
}
]","[
{
""Index"": 1,
""RewardType"": 1,
""RewardID"": 0,
""RewardNum"": 1
}
]",2,#3359,,,[],0,0,,
311028,狩猎达人,2,"[
{
""String"": ""击败任意#c7bbe3a蚀化生物#n×50"",
""UnlockTaskId"": 0
}
]","[
""击败任意蚀化生物@goal_1#""
]","[
{
""Index"": 1,
""Type"": 8,
""GoalID1"": ""M_3349,M_3350,M_3351,M_3352,M_3353,M_3354,M_3355,M_3356,M_3357,M_3358,M_3359,M_3360,M_3368,M_3369,M_3370,M_3371,M_3372,M_3373,M_3374,M_3375"",
""GoalNum"": 50
}
]","[
{
""Index"": 1,
""RewardType"": 1,
""RewardID"": 0,
""RewardNum"": 3
}
]",2,#3359,,,[],0,0,,
311029,蚀化克星,2,"[
{
""String"": ""击败任意#c7bbe3a蚀化生物#n×100"",
""UnlockTaskId"": 0
}
]","[
""击败任意蚀化生物@goal_1#""
]","[
{
""Index"": 1,
""Type"": 8,
""GoalID1"": ""M_3349,M_3350,M_3351,M_3352,M_3353,M_3354,M_3355,M_3356,M_3357,M_3358,M_3359,M_3360,M_3368,M_3369,M_3370,M_3371,M_3372,M_3373,M_3374,M_3375"",
""GoalNum"": 100
}
]","[
{
""Index"": 1,
""RewardType"": 1,
""RewardID"": 0,
""RewardNum"": 5
}
]",2,#3359,,,[],0,0,,
311030,初级饲主,2,"[
{
""String"": ""使用#c7bbe3a蘑晶球#n捕捉生物×5"",
""UnlockTaskId"": 0
}
]","[
""使用@item_15078#"",
""捕捉生物@goal_1#""
]","[
{
""Index"": 1,
""Type"": 7,
""GoalID1"": ""I_15078"",
""GoalNum"": 5
}
]","[
{
""Index"": 1,
""RewardType"": 1,
""RewardID"": 0,
""RewardNum"": 1
}
]",2,15078,,,[],0,0,,
311031,宠物收集者,2,"[
{
""String"": ""使用#c7bbe3a蘑晶球#n捕捉生物×20"",
""UnlockTaskId"": 0
}
]","[
""使用@item_15078#"",
""捕捉生物@goal_1#""
]","[
{
""Index"": 1,
""Type"": 7,
""GoalID1"": ""I_15078"",
""GoalNum"": 20
}
]","[
{
""Index"": 1,
""RewardType"": 1,
""RewardID"": 0,
""RewardNum"": 3
}
]",2,15078,,,[],0,0,,
311032,动物园主,2,"[
{
""String"": ""使用#c7bbe3a蘑晶球#n捕捉生物×50"",
""UnlockTaskId"": 0
}
]","[
""使用@item_15078#"",
""捕捉生物@goal_1#""
]","[
{
""Index"": 1,
""Type"": 7,
""GoalID1"": ""I_15078"",
""GoalNum"": 50
}
]","[
{
""Index"": 1,
""RewardType"": 1,
""RewardID"": 0,
""RewardNum"": 5
}
]",2,15078,,,[],0,0,,
311033,虚空碎片,2,"[
{
""String"": ""获得#c7bbe3a虚空晶体#n×10"",
""UnlockTaskId"": 0
}
]","[
""获得@item_200411#@goal_1#""
]","[
{
""Index"": 1,
""Type"": 3,
""GoalID1"": ""I_200411"",
""GoalNum"": 10
}
]","[
{
""Index"": 1,
""RewardType"": 1,
""RewardID"": 0,
""RewardNum"": 1
}
]",2,200411,,,[],0,0,,
311034,虚空收集者,2,"[
{
""String"": ""获得#c7bbe3a虚空晶体#n×50"",
""UnlockTaskId"": 0
}
]","[
""获得@item_200411#@goal_1#""
]","[
{
""Index"": 1,
""Type"": 3,
""GoalID1"": ""I_200411"",
""GoalNum"": 50
}
]","[
{
""Index"": 1,
""RewardType"": 1,
""RewardID"": 0,
""RewardNum"": 3
}
]",2,200411,,,[],0,0,,
311035,虚空富翁,2,"[
{
""String"": ""获得#c7bbe3a虚空晶体#n×100"",
""UnlockTaskId"": 0
}
]","[
""获得@item_200411#@goal_1#""
]","[
{
""Index"": 1,
""Type"": 3,
""GoalID1"": ""I_200411"",
""GoalNum"": 100
}
]","[
{
""Index"": 1,
""RewardType"": 1,
""RewardID"": 0,
""RewardNum"": 5
}
]",2,200411,,,[],0,0,,
311036,仰望星空,2,"[
{
""String"": ""收集#c7bbe3a流星#n×5"",
""UnlockTaskId"": 0
}
]","[
""收集流星@goal_1#""
]","[
{
""Index"": 1,
""Type"": 3,
""GoalID1"": ""I_12020"",
""GoalNum"": 5
}
]","[
{
""Index"": 1,
""RewardType"": 1,
""RewardID"": 0,
""RewardNum"": 1
}
]",2,12020,,,[],0,0,,
311037,流星猎人,2,"[
{
""String"": ""收集#c7bbe3a流星#n×20"",
""UnlockTaskId"": 0
}
]","[
""收集流星@goal_1#""
]","[
{
""Index"": 1,
""Type"": 3,
""GoalID1"": ""I_12020"",
""GoalNum"": 20
}
]","[
{
""Index"": 1,
""RewardType"": 1,
""RewardID"": 0,
""RewardNum"": 3
}
]",2,120120,,,[],0,0,,
311038,星象祭祀,2,"[
{
""String"": ""通过#c7bbe3a流星神像#n召唤流星雨×1"",
""UnlockTaskId"": 0
}
]","[
""通过流星神像召唤流星雨@goal_1#""
]","[
 {
 ""Index"" : 1,
 ""Type"" : 17, ""GoalID1"" : ""I_11715"",
""GoalID2"" : ""I_201761"",
""GoalNum"" : 1
 }
 ]","[
{
""Index"": 1,
""RewardType"": 1,
""RewardID"": 0,
""RewardNum"": 1
}
]",2,12018,,,[],0,0,,
311039,星象常客,2,"[
{
""String"": ""通过#c7bbe3a流星神像#n召唤流星雨×5"",
""UnlockTaskId"": 0
}
]","[
""通过流星神像召唤流星雨@goal_1#""
]","[
 {
 ""Index"" : 1,
 ""Type"" : 17, ""GoalID1"" : ""I_11715"",
""GoalID2"" : ""I_201761"",
""GoalNum"" : 5
 }
 ]","[
{
""Index"": 1,
""RewardType"": 1,
""RewardID"": 0,
""RewardNum"": 2
}
]",2,12018,,,[],0,0,,
311040,观星者,2,"[
{
""String"": ""通过#c7bbe3a流星神像#n召唤流星雨×10"",
""UnlockTaskId"": 0
}
]","[
""通过流星神像召唤流星雨@goal_1#""
]","[
 {
 ""Index"" : 1,
 ""Type"" : 17, ""GoalID1"" : ""I_11715"",
""GoalID2"" : ""I_201761"",
""GoalNum"" : 10
 }
 ]","[
{
""Index"": 1,
""RewardType"": 1,
""RewardID"": 0,
""RewardNum"": 3
}
]",2,12018,,,[],0,0,,
311041,烟花召唤,2,"[
{
""String"": ""使用#c7bbe3a流星雨烟花#n召唤流星雨×1"",
""UnlockTaskId"": 0
}
]","[
""使用流星雨烟花召唤流星雨@goal_1#""
]","[
{
""Index"": 1,
""Type"": 7,
""GoalID1"": ""I_12631"",
""GoalNum"": 1
}
]","[
{
""Index"": 1,
""RewardType"": 1,
""RewardID"": 0,
""RewardNum"": 1
}
]",2,12631,,,[],0,0,,
311042,烟花老手,2,"[
{
""String"": ""使用#c7bbe3a流星雨烟花#n召唤流星雨×5"",
""UnlockTaskId"": 0
}
]","[
""使用流星雨烟花召唤流星雨@goal_1#""
]","[
{
""Index"": 1,
""Type"": 7,
""GoalID1"": ""I_12631"",
""GoalNum"": 5
}
]","[
{
""Index"": 1,
""RewardType"": 1,
""RewardID"": 0,
""RewardNum"": 2
}
]",2,12631,,,[],0,0,,
311043,烟花大师,2,"[
{
""String"": ""使用#c7bbe3a流星雨烟花#n召唤流星雨×10"",
""UnlockTaskId"": 0
}
]","[
""使用流星雨烟花召唤流星雨@goal_1#""
]","[
{
""Index"": 1,
""Type"": 7,
""GoalID1"": ""I_12631"",
""GoalNum"": 10
}
]","[
{
""Index"": 1,
""RewardType"": 1,
""RewardID"": 0,
""RewardNum"": 5
}
]",2,12631,,,[],0,0,,
311044,暗影织造,2,"[
{
""String"": ""获得#c7bbe3a隐身披风#n×1"",
""UnlockTaskId"": 0
}
]","[
""获得@item_12325#@goal_1#""
]","[
{
""Index"": 1,
""Type"": 3,
""GoalID1"": ""I_12325"",
""GoalNum"": 1
}
]","[
{
""Index"": 1,
""RewardType"": 1,
""RewardID"": 0,
""RewardNum"": 3
}
]",2,12325,,,[],0,0,,
311045,披星戴月,2,"[
{
""String"": ""穿戴#c7bbe3a隐身披风#n"",
""UnlockTaskId"": 0
}
]","[
""穿戴隐身披风""
]","[
{
""Index"": 1,
""Type"": 34,
""GoalID1"": ""I_12325"",
""GoalNum"": 1
}
]","[
{
""Index"": 1,
""RewardType"": 1,
""RewardID"": 0,
""RewardNum"": 5
}
]",2,12325,,,[],0,0,,
400101,制作技术,3,"[
{
""String"" : ""制作@item_797#@1"",
""UnlockTaskId"" : 0
}
]",,"[
{
""Index"" : 1,
""Type"" : 3,
""GoalID1"" : ""I_797"",
""GoalCount"" : 1,
""GoalNum"" : 1
}
]","[
{""Index"":1,""RewardType"":2,""RewardID"":12002,""RewardTypeShow"":1},
{""Index"":2,""RewardType"":2,""RewardID"":12281,""RewardTypeShow"":1},
{""Index"":3,""RewardType"":2,""RewardID"":12282,""RewardTypeShow"":1},
{""Index"":4,""RewardType"":2,""RewardID"":828,""RewardTypeShow"":1},
{""Index"":5,""RewardType"":2,""RewardID"":802,""RewardTypeShow"":1},
{""Index"":6,""RewardType"":2,""RewardID"":710,""RewardTypeShow"":1},
{""Index"":7,""RewardType"":2,""RewardID"":1200,""RewardTypeShow"":1},
{""Index"":8,""RewardType"":2,""RewardID"":101,""RewardTypeShow"":1},
{""Index"":9,""RewardType"":2,""RewardID"":11322,""RewardTypeShow"":1},
{""Index"":10,""RewardType"":2,""RewardID"":200249,""RewardTypeShow"":1}
]",1,797,,[],1,,0,,
400102,装备制作,3,"[
{
""String"" : ""获得@item_11307#@1"",
""UnlockTaskId"" : 0
}
]",,"[
{
""Index"" : 1,
""Type"" : 3,
""GoalID1"" : ""I_11307"",
""GoalNum"" : 3,
""GoalCount"" : 1,
""GoalShow"" : 1
}
]","[
{""Index"":1,""RewardType"":2,""RewardID"":12202,""RewardTypeShow"":1},
{""Index"":2,""RewardType"":2,""RewardID"":12201,""RewardTypeShow"":1},
{""Index"":3,""RewardType"":2,""RewardID"":12203,""RewardTypeShow"":1},
{""Index"":4,""RewardType"":2,""RewardID"":12204,""RewardTypeShow"":1},
{""Index"":5,""RewardType"":2,""RewardID"":12205,""RewardTypeShow"":1},
{""Index"":6,""RewardType"":2,""RewardID"":11228,""RewardTypeShow"":1}
]",1,11307,,[],1,,0,,
400103,基础家具,3,"[
{
""String"" : ""制作@item_828#@1"",
""UnlockTaskId"" : 0
}
]",,"[
{
""Index"" : 1,
""Type"" : 3,
""GoalID1"" : ""I_828"",
""GoalNum"" : 1,
""GoalCount"" : 1,
""GoalShow"" : 1
}
]","[
{""Index"":1,""RewardType"":2,""RewardID"":150018,""RewardTypeShow"":1},
{""Index"":2,""RewardType"":2,""RewardID"":905,""RewardTypeShow"":1},
{""Index"":3,""RewardType"":2,""RewardID"":200370,""RewardTypeShow"":1},
{""Index"":4,""RewardType"":2,""RewardID"":1181,""RewardTypeShow"":1},
{""Index"":5,""RewardType"":2,""RewardID"":596,""RewardTypeShow"":1},
{""Index"":6,""RewardType"":2,""RewardID"":813,""RewardTypeShow"":1},
{""Index"":7,""RewardType"":2,""RewardID"":907,""RewardTypeShow"":0},
{""Index"":8,""RewardType"":2,""RewardID"":1180,""RewardTypeShow"":0},
{""Index"":9,""RewardType"":2,""RewardID"":200108,""RewardTypeShow"":0},
{""Index"":10,""RewardType"":2,""RewardID"":812,""RewardTypeShow"":0},
{""Index"":11,""RewardType"":2,""RewardID"":821,""RewardTypeShow"":0},
{""Index"":12,""RewardType"":2,""RewardID"":535,""RewardTypeShow"":0},
{""Index"":13,""RewardType"":2,""RewardID"":548,""RewardTypeShow"":0},
{""Index"":14,""RewardType"":2,""RewardID"":551,""RewardTypeShow"":0},
{""Index"":15,""RewardType"":2,""RewardID"":502,""RewardTypeShow"":0},
{""Index"":16,""RewardType"":2,""RewardID"":104,""RewardTypeShow"":0},
{""Index"":17,""RewardType"":2,""RewardID"":505,""RewardTypeShow"":0},
{""Index"":18,""RewardType"":2,""RewardID"":509,""RewardTypeShow"":0},
{""Index"":19,""RewardType"":2,""RewardID"":529,""RewardTypeShow"":0},
{""Index"":20,""RewardType"":2,""RewardID"":893,""RewardTypeShow"":0},
{""Index"":21,""RewardType"":2,""RewardID"":157,""RewardTypeShow"":0},
{""Index"":22,""RewardType"":2,""RewardID"":1249,""RewardTypeShow"":0},
{""Index"":23,""RewardType"":2,""RewardID"":1277,""RewardTypeShow"":0},
{""Index"":24,""RewardType"":2,""RewardID"":1321,""RewardTypeShow"":0},
{""Index"":25,""RewardType"":2,""RewardID"":1360,""RewardTypeShow"":0},
{""Index"":26,""RewardType"":2,""RewardID"":170006,""RewardTypeShow"":0},
{""Index"":27,""RewardType"":2,""RewardID"":171006,""RewardTypeShow"":0},
{""Index"":28,""RewardType"":2,""RewardID"":172006,""RewardTypeShow"":0},
{""Index"":29,""RewardType"":2,""RewardID"":174006,""RewardTypeShow"":0},
{""Index"":30,""RewardType"":2,""RewardID"":176006,""RewardTypeShow"":0},
{""Index"":31,""RewardType"":2,""RewardID"":514,""RewardTypeShow"":0},
{""Index"":32,""RewardType"":2,""RewardID"":418,""RewardTypeShow"":0},
{""Index"":33,""RewardType"":2,""RewardID"":1263,""RewardTypeShow"":0},
{""Index"":34,""RewardType"":2,""RewardID"":1305,""RewardTypeShow"":0},
{""Index"":35,""RewardType"":2,""RewardID"":1349,""RewardTypeShow"":0},
{""Index"":36,""RewardType"":2,""RewardID"":171,""RewardTypeShow"":0},
{""Index"":37,""RewardType"":2,""RewardID"":1374,""RewardTypeShow"":0},
{""Index"":38,""RewardType"":2,""RewardID"":171020,""RewardTypeShow"":0},
{""Index"":39,""RewardType"":2,""RewardID"":172020,""RewardTypeShow"":0},
{""Index"":40,""RewardType"":2,""RewardID"":174020,""RewardTypeShow"":0},
{""Index"":41,""RewardType"":2,""RewardID"":892,""RewardTypeShow"":0},
{""Index"":42,""RewardType"":2,""RewardID"":416,""RewardTypeShow"":0},
{""Index"":43,""RewardType"":2,""RewardID"":11201,""RewardTypeShow"":0},
{""Index"":44,""RewardType"":2,""RewardID"":200005,""RewardTypeShow"":0},
{""Index"":45,""RewardType"":2,""RewardID"":200002,""RewardTypeShow"":0},
{""Index"":46,""RewardType"":2,""RewardID"":200006,""RewardTypeShow"":0},
{""Index"":47,""RewardType"":2,""RewardID"":616,""RewardTypeShow"":0},
{""Index"":48,""RewardType"":2,""RewardID"":965,""RewardTypeShow"":0},
{""Index"":49,""RewardType"":2,""RewardID"":966,""RewardTypeShow"":0},
{""Index"":50,""RewardType"":2,""RewardID"":967,""RewardTypeShow"":0},
{""Index"":51,""RewardType"":2,""RewardID"":969,""RewardTypeShow"":0},
{""Index"":52,""RewardType"":2,""RewardID"":421,""RewardTypeShow"":0},
{""Index"":54,""RewardType"":2,""RewardID"":1144,""RewardTypeShow"":0},
{""Index"":55,""RewardType"":2,""RewardID"":170020,""RewardTypeShow"":0},
{""Index"":56,""RewardType"":2,""RewardID"":176020,""RewardTypeShow"":0},
{""Index"":57,""RewardType"":2,""RewardID"":731,""RewardTypeShow"":0},
{""Index"":58,""RewardType"":2,""RewardID"":555,""RewardTypeShow"":0},
{""Index"":59,""RewardType"":2,""RewardID"":553,""RewardTypeShow"":0},
{""Index"":60,""RewardType"":2,""RewardID"":200003,""RewardTypeShow"":0},
{""Index"":61,""RewardType"":2,""RewardID"":200375,""RewardTypeShow"":0},
{""Index"":62,""RewardType"":2,""RewardID"":200376,""RewardTypeShow"":0},
{""Index"":63,""RewardType"":2,""RewardID"":200377,""RewardTypeShow"":0},
{""Index"":64,""RewardType"":2,""RewardID"":200379,""RewardTypeShow"":0},
{""Index"":65,""RewardType"":2,""RewardID"":200369,""RewardTypeShow"":0},
{""Index"":66,""RewardType"":2,""RewardID"":201519,""RewardTypeShow"":0},
{""Index"":67,""RewardType"":2,""RewardID"":201520,""RewardTypeShow"":0},
{""Index"":68,""RewardType"":2,""RewardID"":201521,""RewardTypeShow"":0},
{""Index"":69,""RewardType"":2,""RewardID"":201503,""RewardTypeShow"":0},
{""Index"":70,""RewardType"":2,""RewardID"":201504,""RewardTypeShow"":0},
{""Index"":71,""RewardType"":2,""RewardID"":201505,""RewardTypeShow"":0},
{""Index"":72,""RewardType"":2,""RewardID"":201506,""RewardTypeShow"":0},
{""Index"":73,""RewardType"":2,""RewardID"":201507,""RewardTypeShow"":0},
{""Index"":74,""RewardType"":2,""RewardID"":201509,""RewardTypeShow"":0},
{""Index"":76,""RewardType"":2,""RewardID"":201515,""RewardTypeShow"":0},
{""Index"":78,""RewardType"":2,""RewardID"":201523,""RewardTypeShow"":0},
{""Index"":79,""RewardType"":2,""RewardID"":201524,""RewardTypeShow"":0},
{""Index"":80,""RewardType"":2,""RewardID"":201525,""RewardTypeShow"":0},
{""Index"":81,""RewardType"":2,""RewardID"":201526,""RewardTypeShow"":0},
{""Index"":82,""RewardType"":2,""RewardID"":201527,""RewardTypeShow"":0},
{""Index"":83,""RewardType"":2,""RewardID"":201522,""RewardTypeShow"":0},
{""Index"":84,""RewardType"":2,""RewardID"":201018,""RewardTypeShow"":0},
{""Index"":85,""RewardType"":2,""RewardID"":160047,""RewardTypeShow"":1},
{""Index"":86,""RewardType"":2,""RewardID"":160048,""RewardTypeShow"":1}
]",1,828,,[],1,,0,,
400104,烹饪设备,3,"[
{
""String"" : ""制作@item_200108#@1"",
""UnlockTaskId"" : 0
}
]",,"[
{
""Index"" : 1,
""Type"" : 3,
""GoalID1"" : ""I_200108"",
""GoalNum"" : 1,
""GoalCount"" : 1,
""GoalShow"" : 1
}
]","[
{""Index"":1,""RewardType"":1,""RewardID"":200109,""RewardTypeShow"":1},
{""Index"":2,""RewardType"":2,""RewardID"":11326,""RewardTypeShow"":1},
{""Index"":3,""RewardType"":2,""RewardID"":11321,""RewardTypeShow"":1},
{""Index"":4,""RewardType"":2,""RewardID"":12556,""RewardTypeShow"":1},
{""Index"":5,""RewardType"":2,""RewardID"":12594,""RewardTypeShow"":1},
{""Index"":6,""RewardType"":2,""RewardID"":12626,""RewardTypeShow"":1},
{""Index"":7,""RewardType"":2,""RewardID"":201011,""RewardTypeShow"":1},
{""Index"":8,""RewardType"":2,""RewardID"":200216,""RewardTypeShow"":1},
{""Index"":9,""RewardType"":2,""RewardID"":200161,""RewardTypeShow"":1}
]",1,200108,,[],1,,0,,
400105,农业技术,3,"[
{
""String"" : ""制作@item_11032#@1"",
""UnlockTaskId"" : 0
}
]",,"[
{
""Index"" : 1,
""Type"" : 3,
""GoalID1"" : ""I_11032"",
""GoalNum"" : 1,
""GoalCount"" : 1,
""GoalShow"" : 1
}
]","[
{""Index"":1,""RewardType"":2,""RewardID"":11689,""RewardTypeShow"":1},
{""Index"":2,""RewardType"":2,""RewardID"":11402,""RewardTypeShow"":1},
{""Index"":3,""RewardType"":2,""RewardID"":11401,""RewardTypeShow"":1},
{""Index"":4,""RewardType"":2,""RewardID"":11534,""RewardTypeShow"":1},
{""Index"":5,""RewardType"":2,""RewardID"":344,""RewardTypeShow"":1},
{""Index"":6,""RewardType"":2,""RewardID"":12508,""RewardTypeShow"":1},
{""Index"":7,""RewardType"":2,""RewardID"":11223,""RewardTypeShow"":1},
{""Index"":8,""RewardType"":2,""RewardID"":200141,""RewardTypeShow"":1} ,
{""Index"":9,""RewardType"":2,""RewardID"":11628,""RewardTypeShow"":1} ,
{""Index"":10,""RewardType"":2,""RewardID"":11762,""RewardTypeShow"":1} ,
{""Index"":11,""RewardType"":2,""RewardID"":153000,""RewardTypeShow"":1} ,
{""Index"":12,""RewardType"":2,""RewardID"":200220,""RewardTypeShow"":1} ,
{""Index"":13,""RewardType"":2,""RewardID"":200163,""RewardTypeShow"":1}
]",1,11032,,[],1,,0,,
400106,养殖技术,3,"[
{
""String"" : ""制作@item_11534#@1"",
""UnlockTaskId"" : 0
}
]",,"[
{
""Index"" : 1,
""Type"" : 3,
""GoalID1"" : ""I_11534"",
""GoalNum"" : 1,
""GoalCount"" : 1,
""GoalShow"" : 1
}
]","[
{""Index"":1,""RewardType"":2,""RewardID"":1753,""RewardTypeShow"":1},
{""Index"":3,""RewardType"":2,""RewardID"":11535,""RewardTypeShow"":1},
{""Index"":4,""RewardType"":2,""RewardID"":1019,""RewardTypeShow"":1},
{""Index"":5,""RewardType"":2,""RewardID"":822,""RewardTypeShow"":1},
{""Index"":6,""RewardType"":2,""RewardID"":12580,""RewardTypeShow"":1},
{""Index"":7,""RewardType"":2,""RewardID"":11224,""RewardTypeShow"":1},
{""Index"":8,""RewardType"":2,""RewardID"":11307,""RewardTypeShow"":0},
{""Index"":9,""RewardType"":2,""RewardID"":12579,""RewardTypeShow"":0},
{""Index"":10,""RewardType"":2,""RewardID"":12739,""RewardTypeShow"":0},
{""Index"":11,""RewardType"":2,""RewardID"":12740,""RewardTypeShow"":0},
{""Index"":12,""RewardType"":2,""RewardID"":1391,""RewardTypeShow"":0},
{""Index"":13,""RewardType"":2,""RewardID"":150931,""RewardTypeShow"":0},
{""Index"":14,""RewardType"":2,""RewardID"":150935,""RewardTypeShow"":0},
{""Index"":15,""RewardType"":2,""RewardID"":150936,""RewardTypeShow"":0}
]",1,11534,,[],1,,0,,
400107,冶炼技术,3,"[
{
""String"" : ""制作@item_802#@1"",
""UnlockTaskId"" : 0
}
]",,"[
{
""Index"" : 1,
""Type"" : 3,
""GoalID1"" : ""I_802"",
""GoalNum"" : 1,
""GoalCount"" : 1,
""GoalShow"" : 1
}
]","[
{""Index"":1,""RewardType"":2,""RewardID"":799,""RewardTypeShow"":1},
{""Index"":2,""RewardType"":2,""RewardID"":798,""RewardTypeShow"":1},
{""Index"":3,""RewardType"":2,""RewardID"":150730,""RewardTypeShow"":1},
{""Index"":4,""RewardType"":2,""RewardID"":11320,""RewardTypeShow"":1},
{""Index"":5,""RewardType"":2,""RewardID"":649,""RewardTypeShow"":1},
{""Index"":6,""RewardType"":2,""RewardID"":930,""RewardTypeShow"":1},
{""Index"":7,""RewardType"":2,""RewardID"":632,""RewardTypeShow"":0},
{""Index"":8,""RewardType"":2,""RewardID"":556,""RewardTypeShow"":0},
{""Index"":9,""RewardType"":2,""RewardID"":12755,""RewardTypeShow"":0}
]",1,802,,[],1,,0,,
400108,机械技术,3,"[
{
""String"" : ""制作@item_150730#@1"",
""UnlockTaskId"" : 0
}
]",,"[
{
""Index"" : 1,
""Type"" : 3,
""GoalID1"" : ""I_150730"",
""GoalNum"" : 1,
""GoalCount"" : 1,
""GoalShow"" : 1
}
]","[
{""Index"":1,""RewardType"":2,""RewardID"":150719,""RewardTypeShow"":1},
{""Index"":2,""RewardType"":2,""RewardID"":150733,""RewardTypeShow"":1},
{""Index"":3,""RewardType"":2,""RewardID"":150734,""RewardTypeShow"":1},
{""Index"":4,""RewardType"":2,""RewardID"":150741,""RewardTypeShow"":1},
{""Index"":5,""RewardType"":2,""RewardID"":150742,""RewardTypeShow"":1},
{""Index"":6,""RewardType"":2,""RewardID"":150712,""RewardTypeShow"":1},
{""Index"":7,""RewardType"":2,""RewardID"":150713,""RewardTypeShow"":0},
{""Index"":8,""RewardType"":2,""RewardID"":150717,""RewardTypeShow"":0},
{""Index"":9,""RewardType"":2,""RewardID"":11530,""RewardTypeShow"":0},
{""Index"":10,""RewardType"":2,""RewardID"":11529,""RewardTypeShow"":0},
{""Index"":11,""RewardType"":2,""RewardID"":150701,""RewardTypeShow"":0},
{""Index"":12,""RewardType"":2,""RewardID"":150705,""RewardTypeShow"":0},
{""Index"":13,""RewardType"":2,""RewardID"":150709,""RewardTypeShow"":0},
{""Index"":14,""RewardType"":2,""RewardID"":150756,""RewardTypeShow"":0},
{""Index"":15,""RewardType"":2,""RewardID"":150738,""RewardTypeShow"":0},
{""Index"":16,""RewardType"":2,""RewardID"":785,""RewardTypeShow"":0},
{""Index"":17,""RewardType"":2,""RewardID"":11580,""RewardTypeShow"":0}
]",1,150730,,[],1,,0,,
400109,铜制品,3,"[
{
""String"" : ""冶炼获得@item_11329#@1"",
""UnlockTaskId"" : 0
}
]",,"[
{
""Index"" : 1,
""Type"" : 3,
""GoalID1"" : ""I_11329"",
""GoalNum"" : 1,
""GoalCount"" : 1,
""GoalShow"" : 1
}
]","[
{""Index"": 1, ""RewardType"": 2, ""RewardID"": 11001, ""RewardTypeShow"": 1},
{""Index"": 2, ""RewardType"": 2, ""RewardID"": 11011, ""RewardTypeShow"": 1},
{""Index"": 3, ""RewardType"": 2, ""RewardID"": 11021, ""RewardTypeShow"": 1},
{""Index"": 4, ""RewardType"": 2, ""RewardID"": 11031, ""RewardTypeShow"": 1},
{""Index"": 5, ""RewardType"": 2, ""RewardID"": 815, ""RewardTypeShow"": 1},
{""Index"": 6, ""RewardType"": 2, ""RewardID"": 12004, ""RewardTypeShow"": 1},
{""Index"": 7, ""RewardType"": 2, ""RewardID"": 926, ""RewardTypeShow"": 0},
{""Index"": 8, ""RewardType"": 2, ""RewardID"": 927, ""RewardTypeShow"": 0},
{""Index"": 9, ""RewardType"": 2, ""RewardID"": 554, ""RewardTypeShow"": 0},
{""Index"": 10, ""RewardType"": 2, ""RewardID"": 749, ""RewardTypeShow"": 0},
{""Index"": 11, ""RewardType"": 2, ""RewardID"": 753, ""RewardTypeShow"": 0},
{""Index"": 12, ""RewardType"": 2, ""RewardID"": 12216, ""RewardTypeShow"": 0},
{""Index"": 13, ""RewardType"": 2, ""RewardID"": 12217, ""RewardTypeShow"": 0},
{""Index"": 14, ""RewardType"": 2, ""RewardID"": 12218, ""RewardTypeShow"": 0},
{""Index"": 15, ""RewardType"": 2, ""RewardID"": 12219, ""RewardTypeShow"": 0},
{""Index"": 16, ""RewardType"": 2, ""RewardID"": 11329, ""RewardTypeShow"": 0},
{""Index"": 17, ""RewardType"": 2, ""RewardID"": 160, ""RewardTypeShow"": 0},
{""Index"": 18, ""RewardType"": 2, ""RewardID"": 1252, ""RewardTypeShow"": 0},
{""Index"": 19, ""RewardType"": 2, ""RewardID"": 1283, ""RewardTypeShow"": 0},
{""Index"": 20, ""RewardType"": 2, ""RewardID"": 1327, ""RewardTypeShow"": 0},
{""Index"": 21, ""RewardType"": 2, ""RewardID"": 1363, ""RewardTypeShow"": 0},
{""Index"": 22, ""RewardType"": 2, ""RewardID"": 170009, ""RewardTypeShow"": 0},
{""Index"": 23, ""RewardType"": 2, ""RewardID"": 171009, ""RewardTypeShow"": 0},
{""Index"": 24, ""RewardType"": 2, ""RewardID"": 172009, ""RewardTypeShow"": 0},
{""Index"": 25, ""RewardType"": 2, ""RewardID"": 174009, ""RewardTypeShow"": 0},
{""Index"": 26, ""RewardType"": 2, ""RewardID"": 176009, ""RewardTypeShow"": 0},
{""Index"": 27, ""RewardType"": 2, ""RewardID"": 12318, ""RewardTypeShow"": 0},
{""Index"": 28, ""RewardType"": 2, ""RewardID"": 1045, ""RewardTypeShow"": 0},
{""Index"": 29, ""RewardType"": 2, ""RewardID"": 12733, ""RewardTypeShow"": 0},
{""Index"": 30, ""RewardType"": 2, ""RewardID"": 12735, ""RewardTypeShow"": 0},
{""Index"": 31, ""RewardType"": 2, ""RewardID"": 201003, ""RewardTypeShow"": 0},
{""Index"": 32, ""RewardType"": 2, ""RewardID"": 12821, ""RewardTypeShow"": 0},
{""Index"": 33, ""RewardType"": 2, ""RewardID"": 13420, ""RewardTypeShow"": 0},
{""Index"": 34, ""RewardType"": 2, ""RewardID"": 1136, ""RewardTypeShow"": 0},
{""Index"": 35, ""RewardType"": 2, ""RewardID"": 12820, ""RewardTypeShow"": 0},
{""Index"": 36, ""RewardType"": 2, ""RewardID"": 13425, ""RewardTypeShow"": 0},
{""Index"": 37, ""RewardType"": 2, ""RewardID"": 11900, ""RewardTypeShow"": 0},
{""Index"": 38, ""RewardType"": 2, ""RewardID"": 11905, ""RewardTypeShow"": 0},
{""Index"": 39, ""RewardType"": 2, ""RewardID"": 11906, ""RewardTypeShow"": 0},
{""Index"": 40, ""RewardType"": 2, ""RewardID"": 11907, ""RewardTypeShow"": 0},
{""Index"": 41, ""RewardType"": 2, ""RewardID"": 11908, ""RewardTypeShow"": 0},
{""Index"": 42, ""RewardType"": 2, ""RewardID"": 11909, ""RewardTypeShow"": 0},
{""Index"": 43, ""RewardType"": 2, ""RewardID"": 456, ""RewardTypeShow"": 0},
{""Index"": 44, ""RewardType"": 2, ""RewardID"": 825, ""RewardTypeShow"": 1}
]",1,11329,,[],1,,0,,
400110,蒸汽技术,3,"[
{
""String"" : ""制作@item_150738#@1"",
""UnlockTaskId"" : 0
}
]",,"[
{
""Index"" : 1,
""Type"" : 3,
""GoalID1"" : ""I_150738"",
""GoalNum"" : 1,
""GoalCount"" : 1,
""GoalShow"" : 1
}
]","[
{""Index"":1,""RewardType"":2,""RewardID"":150703,""RewardTypeShow"":1},
{""Index"":2,""RewardType"":2,""RewardID"":150707,""RewardTypeShow"":1},
{""Index"":3,""RewardType"":2,""RewardID"":150711,""RewardTypeShow"":1},
{""Index"":4,""RewardType"":2,""RewardID"":150758,""RewardTypeShow"":1},
{""Index"":5,""RewardType"":2,""RewardID"":150761,""RewardTypeShow"":1},
{""Index"":6,""RewardType"":2,""RewardID"":150722,""RewardTypeShow"":1},
{""Index"":7,""RewardType"":2,""RewardID"":150724,""RewardTypeShow"":0},
{""Index"":8,""RewardType"":2,""RewardID"":150726,""RewardTypeShow"":0},
{""Index"":9,""RewardType"":2,""RewardID"":150728,""RewardTypeShow"":0},
{""Index"":10,""RewardType"":2,""RewardID"":150720,""RewardTypeShow"":0},
{""Index"":11,""RewardType"":2,""RewardID"":150753,""RewardTypeShow"":0},
{""Index"":12,""RewardType"":2,""RewardID"":150746,""RewardTypeShow"":0},
{""Index"":13,""RewardType"":2,""RewardID"":150754,""RewardTypeShow"":0},
{""Index"":14,""RewardType"":2,""RewardID"":150715,""RewardTypeShow"":0},
{""Index"":15,""RewardType"":2,""RewardID"":150739,""RewardTypeShow"":0}
]",1,150738,,[],1,,0,,
400111,蒸汽载具,3,"[
{
""String"" : ""制作@item_11209#@1"",
""UnlockTaskId"" : 0
}
]",,"[
{
""Index"" : 1,
""Type"" : 3,
""GoalID1"" : ""I_11209"",
""GoalNum"" : 1,
""GoalCount"" : 1,
""GoalShow"" : 1
}
]","[
{
""Index"" : 1,
""RewardType"" : 2, 
""RewardID"" : 15529,
""RewardTypeShow"" : 1,
}
]",1,,,[],1,,0,,
400112,铁制品,3,"[
{
""String"" : ""冶炼获得@item_11209#@1"",
""UnlockTaskId"" : 0
}
]",,"[
{
""Index"" : 1,
""Type"" : 3,
""GoalID1"" : ""I_11209"",
""GoalNum"" : 1,
""GoalCount"" : 1,
""GoalShow"" : 1
}
]","[
{""Index"": 1, ""RewardType"": 2, ""RewardID"": 12003, ""RewardTypeShow"": 1},
{""Index"": 2, ""RewardType"": 2, ""RewardID"": 11003, ""RewardTypeShow"": 1},
{""Index"": 3, ""RewardType"": 2, ""RewardID"": 11013, ""RewardTypeShow"": 1},
{""Index"": 4, ""RewardType"": 2, ""RewardID"": 11023, ""RewardTypeShow"": 1},
{""Index"": 5, ""RewardType"": 2, ""RewardID"": 11033, ""RewardTypeShow"": 1},
{""Index"": 6, ""RewardType"": 2, ""RewardID"": 12050, ""RewardTypeShow"": 1},
{""Index"": 7, ""RewardType"": 2, ""RewardID"": 11771, ""RewardTypeShow"": 1},
{""Index"": 8, ""RewardType"": 2, ""RewardID"": 12051, ""RewardTypeShow"": 0},
{""Index"": 9, ""RewardType"": 2, ""RewardID"": 12221, ""RewardTypeShow"": 0},
{""Index"": 10, ""RewardType"": 2, ""RewardID"": 12222, ""RewardTypeShow"": 0},
{""Index"": 11, ""RewardType"": 2, ""RewardID"": 12223, ""RewardTypeShow"": 0},
{""Index"": 12, ""RewardType"": 2, ""RewardID"": 12224, ""RewardTypeShow"": 0},
{""Index"": 13, ""RewardType"": 2, ""RewardID"": 526, ""RewardTypeShow"": 0},
{""Index"": 14, ""RewardType"": 2, ""RewardID"": 11209, ""RewardTypeShow"": 0},
{""Index"": 15, ""RewardType"": 2, ""RewardID"": 411, ""RewardTypeShow"": 0},
{""Index"": 16, ""RewardType"": 2, ""RewardID"": 886, ""RewardTypeShow"": 0},
{""Index"": 17, ""RewardType"": 2, ""RewardID"": 894, ""RewardTypeShow"": 0},
{""Index"": 18, ""RewardType"": 2, ""RewardID"": 1105, ""RewardTypeShow"": 0},
{""Index"": 19, ""RewardType"": 2, ""RewardID"": 1106, ""RewardTypeShow"": 0},
{""Index"": 20, ""RewardType"": 2, ""RewardID"": 1107, ""RewardTypeShow"": 0},
{""Index"": 21, ""RewardType"": 2, ""RewardID"": 1108, ""RewardTypeShow"": 0},
{""Index"": 22, ""RewardType"": 2, ""RewardID"": 1109, ""RewardTypeShow"": 0},
{""Index"": 23, ""RewardType"": 2, ""RewardID"": 1112, ""RewardTypeShow"": 0},
{""Index"": 24, ""RewardType"": 2, ""RewardID"": 1113, ""RewardTypeShow"": 0},
{""Index"": 25, ""RewardType"": 2, ""RewardID"": 1114, ""RewardTypeShow"": 0},
{""Index"": 26, ""RewardType"": 2, ""RewardID"": 1115, ""RewardTypeShow"": 0},
{""Index"": 27, ""RewardType"": 2, ""RewardID"": 1116, ""RewardTypeShow"": 0},
{""Index"": 28, ""RewardType"": 2, ""RewardID"": 1117, ""RewardTypeShow"": 0},
{""Index"": 29, ""RewardType"": 2, ""RewardID"": 1119, ""RewardTypeShow"": 0},
{""Index"": 30, ""RewardType"": 2, ""RewardID"": 1120, ""RewardTypeShow"": 0},
{""Index"": 31, ""RewardType"": 2, ""RewardID"": 750, ""RewardTypeShow"": 0},
{""Index"": 32, ""RewardType"": 2, ""RewardID"": 754, ""RewardTypeShow"": 0},
{""Index"": 33, ""RewardType"": 2, ""RewardID"": 162, ""RewardTypeShow"": 0},
{""Index"": 34, ""RewardType"": 2, ""RewardID"": 1254, ""RewardTypeShow"": 0},
{""Index"": 35, ""RewardType"": 2, ""RewardID"": 1287, ""RewardTypeShow"": 0},
{""Index"": 36, ""RewardType"": 2, ""RewardID"": 1331, ""RewardTypeShow"": 0},
{""Index"": 37, ""RewardType"": 2, ""RewardID"": 1365, ""RewardTypeShow"": 0},
{""Index"": 38, ""RewardType"": 2, ""RewardID"": 170011, ""RewardTypeShow"": 0},
{""Index"": 39, ""RewardType"": 2, ""RewardID"": 171011, ""RewardTypeShow"": 0},
{""Index"": 40, ""RewardType"": 2, ""RewardID"": 172011, ""RewardTypeShow"": 0},
{""Index"": 41, ""RewardType"": 2, ""RewardID"": 174011, ""RewardTypeShow"": 0},
{""Index"": 42, ""RewardType"": 2, ""RewardID"": 176011, ""RewardTypeShow"": 0},
{""Index"": 43, ""RewardType"": 2, ""RewardID"": 11881, ""RewardTypeShow"": 0},
{""Index"": 44, ""RewardType"": 2, ""RewardID"": 150730, ""RewardTypeShow"": 0},
{""Index"": 45, ""RewardType"": 2, ""RewardID"": 12208, ""RewardTypeShow"": 0},
{""Index"": 46, ""RewardType"": 2, ""RewardID"": 11617, ""RewardTypeShow"": 0},
{""Index"": 47, ""RewardType"": 2, ""RewardID"": 373, ""RewardTypeShow"": 0},
{""Index"": 48, ""RewardType"": 2, ""RewardID"": 12709, ""RewardTypeShow"": 0},
{""Index"": 49, ""RewardType"": 2, ""RewardID"": 200004, ""RewardTypeShow"": 0},
{""Index"": 50, ""RewardType"": 2, ""RewardID"": 181, ""RewardTypeShow"": 0},
{""Index"": 51, ""RewardType"": 2, ""RewardID"": 931, ""RewardTypeShow"": 0},
{""Index"": 52, ""RewardType"": 2, ""RewardID"": 1143, ""RewardTypeShow"": 0},
{""Index"": 53, ""RewardType"": 2, ""RewardID"": 200001, ""RewardTypeShow"": 0},
{""Index"": 54, ""RewardType"": 2, ""RewardID"": 934, ""RewardTypeShow"": 0},
{""Index"": 55, ""RewardType"": 2, ""RewardID"": 11806, ""RewardTypeShow"": 0},
{""Index"": 56, ""RewardType"": 2, ""RewardID"": 390006, ""RewardTypeShow"": 0},
{""Index"": 57, ""RewardType"": 2, ""RewardID"": 150913, ""RewardTypeShow"": 0},
{""Index"": 58, ""RewardType"": 2, ""RewardID"": 150914, ""RewardTypeShow"": 0},
{""Index"": 59, ""RewardType"": 2, ""RewardID"": 150915, ""RewardTypeShow"": 0},
{""Index"": 60, ""RewardType"": 2, ""RewardID"": 150916, ""RewardTypeShow"": 0},
{""Index"": 61, ""RewardType"": 2, ""RewardID"": 150917, ""RewardTypeShow"": 0},
{""Index"": 62, ""RewardType"": 2, ""RewardID"": 826, ""RewardTypeShow"": 1}
]",1,11209,,[],1,,0,,
400113,符文工艺,3,"[
{
""String"" : ""制作@item_785#@1"",
""UnlockTaskId"" : 0
}
]",,"[
{
""Index"" : 1,
""Type"" : 3,
""GoalID1"" : ""I_785"",
""GoalNum"" : 1,
""GoalCount"" : 1,
""GoalShow"" : 1
}
]","[
{
""Index"": 1,
""RewardType"": 2,
""RewardID"": 11611,
""RewardTypeShow"": 1
},
{
""Index"": 2,
""RewardType"": 2,
""RewardID"": 11516,
""RewardTypeShow"": 1
}
]",1,785,,[],1,,0,,
400114,法杖工艺,3,"[
{
""String"" : ""制作@item_11580#@1"",
""UnlockTaskId"" : 0
}
]",,"[
{
""Index"" : 1,
""Type"" : 3,
""GoalID1"" : ""I_11580"",
""GoalNum"" : 1,
""GoalCount"" : 1,
""GoalShow"" : 1
}
]","[
{
""Index"": 1,
""RewardType"": 2,
""RewardID"": 11581,
""RewardTypeShow"": 1
},
{
""Index"": 2,
""RewardType"": 2,
""RewardID"": 11582,
""RewardTypeShow"": 1
},
{
""Index"": 3,
""RewardType"": 2,
""RewardID"": 11583,
""RewardTypeShow"": 1
},
{
""Index"": 4,
""RewardType"": 2,
""RewardID"": 11584,
""RewardTypeShow"": 1
},
{
""Index"": 5,
""RewardType"": 2,
""RewardID"": 11585,
""RewardTypeShow"": 1
},
{
""Index"": 6,
""RewardType"": 2,
""RewardID"": 11667,
""RewardTypeShow"": 0
},
{
""Index"": 8,
""RewardType"": 2,
""RewardID"": 12599,
""RewardTypeShow"": 0
}
]",1,11580,,[],1,,0,,
400115,燃气技术,3,"[
{
""String"" : ""制作@item_150739#@1"",
""UnlockTaskId"" : 0
}
]",,"[
{
""Index"" : 1,
""Type"" : 3,
""GoalID1"" : ""I_150739"",
""GoalNum"" : 1,
""GoalCount"" : 1,
""GoalShow"" : 1
}
]","[
{
""Index"": 1,
""RewardType"": 2,
""RewardID"": 150762,
""RewardTypeShow"": 1
},
{
""Index"": 2,
""RewardType"": 2,
""RewardID"": 150723,
""RewardTypeShow"": 1
},
{
""Index"": 3,
""RewardType"": 2,
""RewardID"": 150725,
""RewardTypeShow"": 1
},
{
""Index"": 4,
""RewardType"": 2,
""RewardID"": 150727,
""RewardTypeShow"": 1
},
{
""Index"": 5,
""RewardType"": 2,
""RewardID"": 150729,
""RewardTypeShow"": 1
},
{
""Index"": 6,
""RewardType"": 2,
""RewardID"": 150721,
""RewardTypeShow"": 1
},
{
""Index"": 7,
""RewardType"": 2,
""RewardID"": 150735,
""RewardTypeShow"": 0
},
{
""Index"": 8,
""RewardType"": 2,
""RewardID"": 150743,
""RewardTypeShow"": 0
},
{
""Index"": 9,
""RewardType"": 2,
""RewardID"": 150750,
""RewardTypeShow"": 0
},
{
""Index"": 10,
""RewardType"": 2,
""RewardID"": 150752,
""RewardTypeShow"": 0
},
{
""Index"": 11,
""RewardType"": 2,
""RewardID"": 150745,
""RewardTypeShow"": 0
},
{
""Index"": 12,
""RewardType"": 2,
""RewardID"": 150744,
""RewardTypeShow"": 0
},
{
""Index"": 13,
""RewardType"": 2,
""RewardID"": 150740,
""RewardTypeShow"": 0
},
{
""Index"": 14,
""RewardType"": 2,
""RewardID"": 150747,
""RewardTypeShow"": 0
},
{
""Index"": 15,
""RewardType"": 2,
""RewardID"": 150714,
""RewardTypeShow"": 0
},
{
""Index"": 16,
""RewardType"": 2,
""RewardID"": 11531,
""RewardTypeShow"": 0
}
]",1,150739,,[],1,,0,,
400116,燃气载具,3,"[
{
""String"" : ""制作@item_200141#@1"",
""UnlockTaskId"" : 0
}
]",,"[
{
""Index"" : 1,
""Type"" : 3,
""GoalID1"" : ""I_200141"",
""GoalNum"" : 1,
""GoalCount"" : 1,
""GoalShow"" : 1
}
]","[
{
""Index"" : 1,
""RewardType"" : 2, 
""RewardID"" : 785,
""RewardTypeShow"" : 1,
}
]",1,,,[],1,,0,,
400117,铝制品,3,"[
{
""String"" : ""冶炼获得@item_12758#@1"",
""UnlockTaskId"" : 0
}
]",,"[
{
""Index"" : 1,
""Type"" : 3,
""GoalID1"" : ""I_12758"",
""GoalNum"" : 1,
""GoalCount"" : 1,
""GoalShow"" : 1
}
]","[
{""Index"": 1, ""RewardType"": 2, ""RewardID"": 12209, ""RewardTypeShow"": 1},
{""Index"": 2, ""RewardType"": 2, ""RewardID"": 178, ""RewardTypeShow"": 1},
{""Index"": 3, ""RewardType"": 2, ""RewardID"": 12758, ""RewardTypeShow"": 1},
{""Index"": 4, ""RewardType"": 2, ""RewardID"": 11017, ""RewardTypeShow"": 1},
{""Index"": 5, ""RewardType"": 2, ""RewardID"": 12761, ""RewardTypeShow"": 1},
{""Index"": 6, ""RewardType"": 2, ""RewardID"": 12764, ""RewardTypeShow"": 1},
{""Index"": 7, ""RewardType"": 2, ""RewardID"": 12765, ""RewardTypeShow"": 0},
{""Index"": 8, ""RewardType"": 2, ""RewardID"": 12766, ""RewardTypeShow"": 0},
{""Index"": 9, ""RewardType"": 2, ""RewardID"": 12767, ""RewardTypeShow"": 0}
]",1,12758,,[],1,,0,,
400118,野人伙伴,3,"[
{
""String"" : ""制作@item_12599#@1"",
""UnlockTaskId"" : 0
}
]",,"[
{
""Index"" : 1,
""Type"" : 3,
""GoalID1"" : ""I_12599"",
""GoalNum"" : 1,
""GoalCount"" : 1,
""GoalShow"" : 1
}
]","[
{
""Index"": 1,
""RewardType"": 2,
""RewardID"": 1202,
""RewardTypeShow"": 1
},
{
""Index"": 2,
""RewardType"": 2,
""RewardID"": 150000,
""RewardTypeShow"": 1
},
{
""Index"": 3,
""RewardType"": 2,
""RewardID"": 201014,
""RewardTypeShow"": 0
},
{
""Index"": 4,
""RewardType"": 2,
""RewardID"": 201015,
""RewardTypeShow"": 0
},
{
""Index"": 5,
""RewardType"": 2,
""RewardID"": 201016,
""RewardTypeShow"": 0
},
{
""Index"": 6,
""RewardType"": 2,
""RewardID"": 1203,
""RewardTypeShow"": 1
},
{
""Index"": 7,
""RewardType"": 2,
""RewardID"": 1204,
""RewardTypeShow"": 1
},
{
""Index"": 8,
""RewardType"": 2,
""RewardID"": 1205,
""RewardTypeShow"": 1
},
{
""Index"": 9,
""RewardType"": 2,
""RewardID"": 201017,
""RewardTypeShow"": 0
},
{
""Index"": 10,
""RewardType"": 2,
""RewardID"": 11613,
""RewardTypeShow"": 0
},
{
""Index"": 11,
""RewardType"": 2,
""RewardID"": 11614,
""RewardTypeShow"": 0
},
{
""Index"": 12,
""RewardType"": 2,
""RewardID"": 11615,
""RewardTypeShow"": 0
},
{
""Index"": 13,
""RewardType"": 2,
""RewardID"": 11616,
""RewardTypeShow"": 0
}
]",1,12599,,[],1,,0,,
400119,电力机械设备,3,"[
{
""String"" : ""制作@item_200141#@1"",
""UnlockTaskId"" : 0
}
]",,"[
{
""Index"" : 1,
""Type"" : 3,
""GoalID1"" : ""I_200141"",
""GoalNum"" : 1,
""GoalCount"" : 1,
""GoalShow"" : 1
}
]","[
{
""Index"" : 1,
""RewardType"" : 2, 
""RewardID"" : 785,
""RewardTypeShow"" : 1,
}
]",1,,,[],1,,0,,
400120,钛制品,3,"[
{
""String"" : ""冶炼获得@item_11330#@1"",
""UnlockTaskId"" : 0
}
]",,"[
{
""Index"" : 1,
""Type"" : 3,
""GoalID1"" : ""I_11330"",
""GoalNum"" : 1,
""GoalCount"" : 1,
""GoalShow"" : 1
}
]","[
{""Index"": 1, ""RewardType"": 2, ""RewardID"": 11014, ""RewardTypeShow"": 1},
{""Index"": 2, ""RewardType"": 2, ""RewardID"": 11004, ""RewardTypeShow"": 1},
{""Index"": 3, ""RewardType"": 2, ""RewardID"": 11024, ""RewardTypeShow"": 1},
{""Index"": 4, ""RewardType"": 2, ""RewardID"": 11034, ""RewardTypeShow"": 1},
{""Index"": 5, ""RewardType"": 2, ""RewardID"": 12009, ""RewardTypeShow"": 1},
{""Index"": 6, ""RewardType"": 2, ""RewardID"": 12010, ""RewardTypeShow"": 1},
{""Index"": 7, ""RewardType"": 2, ""RewardID"": 11772, ""RewardTypeShow"": 1},
{""Index"": 8, ""RewardType"": 2, ""RewardID"": 12231, ""RewardTypeShow"": 0},
{""Index"": 9, ""RewardType"": 2, ""RewardID"": 12232, ""RewardTypeShow"": 0},
{""Index"": 10, ""RewardType"": 2, ""RewardID"": 12233, ""RewardTypeShow"": 0},
{""Index"": 11, ""RewardType"": 2, ""RewardID"": 12234, ""RewardTypeShow"": 0},
{""Index"": 12, ""RewardType"": 2, ""RewardID"": 11330, ""RewardTypeShow"": 0},
{""Index"": 13, ""RewardType"": 2, ""RewardID"": 888, ""RewardTypeShow"": 0},
{""Index"": 14, ""RewardType"": 2, ""RewardID"": 352, ""RewardTypeShow"": 0},
{""Index"": 15, ""RewardType"": 2, ""RewardID"": 752, ""RewardTypeShow"": 0},
{""Index"": 16, ""RewardType"": 2, ""RewardID"": 756, ""RewardTypeShow"": 0},
{""Index"": 17, ""RewardType"": 2, ""RewardID"": 159, ""RewardTypeShow"": 0},
{""Index"": 18, ""RewardType"": 2, ""RewardID"": 1251, ""RewardTypeShow"": 0},
{""Index"": 19, ""RewardType"": 2, ""RewardID"": 1281, ""RewardTypeShow"": 0},
{""Index"": 20, ""RewardType"": 2, ""RewardID"": 1325, ""RewardTypeShow"": 0},
{""Index"": 21, ""RewardType"": 2, ""RewardID"": 1362, ""RewardTypeShow"": 0},
{""Index"": 22, ""RewardType"": 2, ""RewardID"": 170008, ""RewardTypeShow"": 0},
{""Index"": 23, ""RewardType"": 2, ""RewardID"": 171008, ""RewardTypeShow"": 0},
{""Index"": 24, ""RewardType"": 2, ""RewardID"": 172008, ""RewardTypeShow"": 0},
{""Index"": 25, ""RewardType"": 2, ""RewardID"": 174008, ""RewardTypeShow"": 0},
{""Index"": 26, ""RewardType"": 2, ""RewardID"": 176008, ""RewardTypeShow"": 0},
{""Index"": 27, ""RewardType"": 2, ""RewardID"": 12319, ""RewardTypeShow"": 0},
{""Index"": 28, ""RewardType"": 2, ""RewardID"": 457, ""RewardTypeShow"": 0}
]",1,11330,,[],1,,0,,
400121,废物,3,"[
{
""String"" : ""制作@item_352#@1"",
""UnlockTaskId"" : 0
}
]",,"[
{
""Index"" : 1,
""Type"" : 3,
""GoalID1"" : ""I_352"",
""GoalNum"" : 1,
""GoalCount"" : 1,
""GoalShow"" : 1
}
]","[
{
""Index"" : 1,
""RewardType"" : 2, 
""RewardID"" : 785,
""RewardTypeShow"" : 1,
}
]",1,11330,,[],1,,0,,
400122,星能技术,3,"[
{
""String"" : ""制作@item_352#@1"",
""UnlockTaskId"" : 0
}
]",,"[
{
""Index"" : 1,
""Type"" : 3,
""GoalID1"" : ""I_352"",
""GoalNum"" : 1,
""GoalCount"" : 1,
""GoalShow"" : 1
}
]","[
{""Index"":1,""RewardType"":2,""RewardID"":358,""RewardTypeShow"":1},
{""Index"":2,""RewardType"":2,""RewardID"":363,""RewardTypeShow"":1},
{""Index"":3,""RewardType"":2,""RewardID"":364,""RewardTypeShow"":1},
{""Index"":4,""RewardType"":2,""RewardID"":359,""RewardTypeShow"":1},
{""Index"":5,""RewardType"":2,""RewardID"":360,""RewardTypeShow"":1},
{""Index"":6,""RewardType"":2,""RewardID"":361,""RewardTypeShow"":1},
{""Index"":8,""RewardType"":2,""RewardID"":11070,""RewardTypeShow"":0},
{""Index"":9,""RewardType"":2,""RewardID"":369,""RewardTypeShow"":0},
{""Index"":10,""RewardType"":2,""RewardID"":370,""RewardTypeShow"":0},
{""Index"":11,""RewardType"":2,""RewardID"":1085,""RewardTypeShow"":0},
{""Index"":20,""RewardType"":2,""RewardID"":353,""RewardTypeShow"":0},
{""Index"":21,""RewardType"":2,""RewardID"":356,""RewardTypeShow"":0},
{""Index"":22,""RewardType"":2,""RewardID"":354,""RewardTypeShow"":0},
{""Index"":23,""RewardType"":2,""RewardID"":355,""RewardTypeShow"":0},
{""Index"":24,""RewardType"":2,""RewardID"":842,""RewardTypeShow"":0},
{""Index"":25,""RewardType"":2,""RewardID"":367,""RewardTypeShow"":0},
{""Index"":28,""RewardType"":2,""RewardID"":707,""RewardTypeShow"":0},
{""Index"":29,""RewardType"":2,""RewardID"":721,""RewardTypeShow"":0},
{""Index"":30,""RewardType"":2,""RewardID"":814,""RewardTypeShow"":0},
{""Index"":31,""RewardType"":2,""RewardID"":1111,""RewardTypeShow"":0},
{""Index"":32,""RewardType"":2,""RewardID"":1104,""RewardTypeShow"":0}
]",1,352,,[],1,,0,,
400123,星站传送技术,3,"[
{
""String"" : ""制作@item_150902#@1"",
""UnlockTaskId"" : 0
}
]",,"[
{
""Index"" : 1,
""Type"" : 3,
""GoalID1"" : ""I_150902"",
""GoalNum"" : 1,
""GoalCount"" : 1,
""GoalShow"" : 1
}
]","[
{
""Index"": 1,
""RewardType"": 2,
""RewardID"": 12277,
""RewardTypeShow"": 1
}
]",1,150902,,[],1,,0,,
400124,高级星能装置,3,"[
{
""String"" : ""制作@item_1032#@1"",
""UnlockTaskId"" : 0
}
]",,"[
{
""Index"" : 1,
""Type"" : 3,
""GoalID1"" : ""I_1032"",
""GoalNum"" : 1,
""GoalCount"" : 1,
""GoalShow"" : 1
}
]","[
{""Index"":1,""RewardType"":2,""RewardID"":1184,""RewardTypeShow"":1},
{""Index"":2,""RewardType"":2,""RewardID"":1169,""RewardTypeShow"":1},
{""Index"":3,""RewardType"":2,""RewardID"":366,""RewardTypeShow"":1},
{""Index"":4,""RewardType"":2,""RewardID"":374,""RewardTypeShow"":1},
{""Index"":5,""RewardType"":2,""RewardID"":387,""RewardTypeShow"":1},
{""Index"":6,""RewardType"":2,""RewardID"":844,""RewardTypeShow"":1},
{""Index"":7,""RewardType"":2,""RewardID"":372,""RewardTypeShow"":0},
{""Index"":9,""RewardType"":2,""RewardID"":696,""RewardTypeShow"":0},
{""Index"":10,""RewardType"":2,""RewardID"":697,""RewardTypeShow"":0},
{""Index"":11,""RewardType"":2,""RewardID"":698,""RewardTypeShow"":0},
{""Index"":12,""RewardType"":2,""RewardID"":699,""RewardTypeShow"":0},
{""Index"":14,""RewardType"":2,""RewardID"":1168,""RewardTypeShow"":0},
{""Index"":15,""RewardType"":2,""RewardID"":857,""RewardTypeShow"":0} 
]",1,1032,,[],1,,0,,
400125,钴制品,3,"[
{
""String"" : ""冶炼获得@item_12759#@1"",
""UnlockTaskId"" : 0
}
]",,"[
{
""Index"" : 1,
""Type"" : 3,
""GoalID1"" : ""I_12759"",
""GoalNum"" : 1,
""GoalCount"" : 1,
""GoalShow"" : 1
}
]","[
{""Index"": 1, ""RewardType"": 2, ""RewardID"": 12762, ""RewardTypeShow"": 1},
{""Index"": 3, ""RewardType"": 2, ""RewardID"": 11018, ""RewardTypeShow"": 1},
{""Index"": 4, ""RewardType"": 2, ""RewardID"": 12768, ""RewardTypeShow"": 1},
{""Index"": 5, ""RewardType"": 2, ""RewardID"": 12769, ""RewardTypeShow"": 1},
{""Index"": 6, ""RewardType"": 2, ""RewardID"": 12770, ""RewardTypeShow"": 1},
{""Index"": 7, ""RewardType"": 2, ""RewardID"": 12771, ""RewardTypeShow"": 0},
{""Index"": 8, ""RewardType"": 2, ""RewardID"": 180, ""RewardTypeShow"": 0},
{""Index"": 9, ""RewardType"": 2, ""RewardID"": 12759, ""RewardTypeShow"": 0},
{""Index"": 10, ""RewardType"": 2, ""RewardID"": 201009, ""RewardTypeShow"": 0},
{""Index"": 11, ""RewardType"": 2, ""RewardID"": 890, ""RewardTypeShow"": 0}
]",1,12759,,[],1,,0,,
400126,无线星能装置,3,"[
{
""String"" : ""制作@item_1168#@1"",
""UnlockTaskId"" : 0
}
]",,"[
{
""Index"" : 1,
""Type"" : 3,
""GoalID1"" : ""I_1168"",
""GoalNum"" : 1,
""GoalCount"" : 1,
""GoalShow"" : 1
}
]","[
{""Index"":1,""RewardType"":2,""RewardID"":1060,""RewardTypeShow"":1},
{""Index"":2,""RewardType"":2,""RewardID"":1052,""RewardTypeShow"":1},
{""Index"":3,""RewardType"":2,""RewardID"":1053,""RewardTypeShow"":1},
{""Index"":4,""RewardType"":2,""RewardID"":1054,""RewardTypeShow"":1},
{""Index"":5,""RewardType"":2,""RewardID"":11809,""RewardTypeShow"":1}
]",1,1168,,[],1,,0,,
400127,钨制品,3,"[
{
""String"" : ""冶炼获得@item_11203#@1"",
""UnlockTaskId"" : 0
}
]",,"[
{
""Index"" : 1,
""Type"" : 3,
""GoalID1"" : ""I_11203"",
""GoalNum"" : 1,
""GoalCount"" : 1,
""GoalShow"" : 1
}
]","[
{""Index"": 1, ""RewardType"": 2, ""RewardID"": 12005, ""RewardTypeShow"": 1},
{""Index"": 2, ""RewardType"": 2, ""RewardID"": 12013, ""RewardTypeShow"": 1},
{""Index"": 3, ""RewardType"": 2, ""RewardID"": 11005, ""RewardTypeShow"": 1},
{""Index"": 4, ""RewardType"": 2, ""RewardID"": 11015, ""RewardTypeShow"": 1},
{""Index"": 5, ""RewardType"": 2, ""RewardID"": 11025, ""RewardTypeShow"": 1},
{""Index"": 6, ""RewardType"": 2, ""RewardID"": 11035, ""RewardTypeShow"": 1},
{""Index"": 7, ""RewardType"": 2, ""RewardID"": 11773, ""RewardTypeShow"": 1},
{""Index"": 8, ""RewardType"": 2, ""RewardID"": 12241, ""RewardTypeShow"": 0},
{""Index"": 9, ""RewardType"": 2, ""RewardID"": 12242, ""RewardTypeShow"": 0},
{""Index"": 10, ""RewardType"": 2, ""RewardID"": 12243, ""RewardTypeShow"": 0},
{""Index"": 11, ""RewardType"": 2, ""RewardID"": 12244, ""RewardTypeShow"": 0},
{""Index"": 12, ""RewardType"": 2, ""RewardID"": 11203, ""RewardTypeShow"": 0},
{""Index"": 13, ""RewardType"": 2, ""RewardID"": 408, ""RewardTypeShow"": 0},
{""Index"": 14, ""RewardType"": 2, ""RewardID"": 12207, ""RewardTypeShow"": 0},
{""Index"": 15, ""RewardType"": 2, ""RewardID"": 896, ""RewardTypeShow"": 0}
]",1,11203,,[],1,,0,,
400128,融合技术,3,"[
{
""String"" : ""去雨林地形战胜羽蛇神@1"",
""UnlockTaskId"" : 0
}
]",,"[
{
""Index"" : 1,
""Type"" : 8,
""GoalID1"" : ""M_3878"",
""GoalNum"" : 1,
""GoalCount"" : 1,
""GoalShow"" : 1
}
]","[
{
""Index"": 1,
""RewardType"": 2,
""RewardID"": 150029,
""RewardTypeShow"": 1
},
{
""Index"": 2,
""RewardType"": 2,
""RewardID"": 150902,
""RewardTypeShow"": 1
}
]",1,150029,,[],1,,0,,
400129,潜水技术,3,"[
{
""String"" : ""制作@item_1045#@1"",
""UnlockTaskId"" : 0
}
]",,"[
{
""Index"" : 1,
""Type"" : 3,
""GoalID1"" : ""I_1045"",
""GoalNum"" : 1,
""GoalCount"" : 1,
""GoalShow"" : 1
}
]","[
{
""Index"": 1,
""RewardType"": 2,
""RewardID"": 1047,
""RewardTypeShow"": 1
},
{
""Index"": 2,
""RewardType"": 2,
""RewardID"": 12275,
""RewardTypeShow"": 1
},
{
""Index"": 3,
""RewardType"": 2,
""RewardID"": 12276,
""RewardTypeShow"": 1
},
{
""Index"": 4,
""RewardType"": 2,
""RewardID"": 11642,
""RewardTypeShow"": 1
},
{
""Index"": 5,
""RewardType"": 2,
""RewardID"": 11643,
""RewardTypeShow"": 1
},
{
""Index"": 6,
""RewardType"": 2,
""RewardID"": 11644,
""RewardTypeShow"": 1
},
{
""Index"": 7,
""RewardType"": 2,
""RewardID"": 11645,
""RewardTypeShow"": 0
},
{
""Index"": 8,
""RewardType"": 2,
""RewardID"": 11646,
""RewardTypeShow"": 0
},
{
""Index"": 9,
""RewardType"": 2,
""RewardID"": 11647,
""RewardTypeShow"": 0
},
{
""Index"": 10,
""RewardType"": 2,
""RewardID"": 11649,
""RewardTypeShow"": 0
},
{
""Index"": 11,
""RewardType"": 2,
""RewardID"": 11641,
""RewardTypeShow"": 0
},
{
""Index"": 12,
""RewardType"": 2,
""RewardID"": 13807,
""RewardTypeShow"": 0
},
{
""Index"": 13,
""RewardType"": 2,
""RewardID"": 1206,
""RewardTypeShow"": 0
}
]",1,1045,,[],1,,0,,
400130,蓝图技术,3,"[
{
""String"" : ""制作@item_201009#@1"",
""UnlockTaskId"" : 0
}
]",,"[
{
""Index"" : 1,
""Type"" : 3,
""GoalID1"" : ""I_201009"",
""GoalNum"" : 1,
""GoalCount"" : 1,
""GoalShow"" : 1
}
]","[
{
""Index"": 1,
""RewardType"": 2,
""RewardID"": 11995,
""RewardTypeShow"": 1
},
{
""Index"": 2,
""RewardType"": 2,
""RewardID"": 1066,
""RewardTypeShow"": 1
}
]",1,201009,,[],1,,0,,
400131,载具技术,3,"[
{
""String"" : ""制作@item_1085#@1"",
""UnlockTaskId"" : 0
}
]",,"[
{
""Index"" : 1,
""Type"" : 3,
""GoalID1"" : ""I_1085"",
""GoalNum"" : 1,
""GoalCount"" : 1,
""GoalShow"" : 1
}
]","[
{""Index"":1,""RewardType"":2,""RewardID"":150920,""RewardTypeShow"":1},
{""Index"":2,""RewardType"":2,""RewardID"":150921,""RewardTypeShow"":1},
{""Index"":3,""RewardType"":2,""RewardID"":150922,""RewardTypeShow"":1},
{""Index"":4,""RewardType"":2,""RewardID"":1087,""RewardTypeShow"":1},
{""Index"":5,""RewardType"":2,""RewardID"":1089,""RewardTypeShow"":1},
{""Index"":6,""RewardType"":2,""RewardID"":1091,""RewardTypeShow"":1},
{""Index"":7,""RewardType"":2,""RewardID"":15529,""RewardTypeShow"":0},
{""Index"":8,""RewardType"":2,""RewardID"":11101,""RewardTypeShow"":0},
{""Index"":9,""RewardType"":2,""RewardID"":1092,""RewardTypeShow"":0},
{""Index"":10,""RewardType"":2,""RewardID"":1159,""RewardTypeShow"":0},
{""Index"":11,""RewardType"":2,""RewardID"":1160,""RewardTypeShow"":0},
{""Index"":12,""RewardType"":2,""RewardID"":1161,""RewardTypeShow"":0},
{""Index"":13,""RewardType"":2,""RewardID"":1164,""RewardTypeShow"":0},
{""Index"":14,""RewardType"":2,""RewardID"":1094,""RewardTypeShow"":0},
{""Index"":15,""RewardType"":2,""RewardID"":1095,""RewardTypeShow"":0},
{""Index"":16,""RewardType"":2,""RewardID"":1096,""RewardTypeShow"":0},
{""Index"":17,""RewardType"":2,""RewardID"":1099,""RewardTypeShow"":0},
{""Index"":18,""RewardType"":2,""RewardID"":1188,""RewardTypeShow"":0},
{""Index"":19,""RewardType"":2,""RewardID"":1189,""RewardTypeShow"":0},
{""Index"":20,""RewardType"":2,""RewardID"":1190,""RewardTypeShow"":0},
{""Index"":21,""RewardType"":2,""RewardID"":1083,""RewardTypeShow"":0},
{""Index"":22,""RewardType"":2,""RewardID"":1084,""RewardTypeShow"":0},
{""Index"":23,""RewardType"":2,""RewardID"":150926,""RewardTypeShow"":0}
]",1,1085,,[],1,,0,,
400132,雨林道具,3,"[
{
""String"" : ""进入雨林生态"",
""UnlockTaskId"" : 0
}
]",,"[
{
""Index"" : 1,
""Type"" : 14,
""GoalID1"" : ""B_RAINFOREST"",
""GoalNum"" : 1,
""GoalCount"" : 1,
""GoalShow"" : 1
}
]","[
{""Index"":1,""RewardType"":2,""RewardID"":398,""RewardTypeShow"":1},
{""Index"":2,""RewardType"":2,""RewardID"":582,""RewardTypeShow"":1},
{""Index"":3,""RewardType"":2,""RewardID"":11582,""RewardTypeShow"":1},
{""Index"":4,""RewardType"":2,""RewardID"":11591,""RewardTypeShow"":1},
{""Index"":5,""RewardType"":2,""RewardID"":11592,""RewardTypeShow"":1},
{""Index"":6,""RewardType"":2,""RewardID"":11597,""RewardTypeShow"":1},
{""Index"":7,""RewardType"":2,""RewardID"":11600,""RewardTypeShow"":0},
{""Index"":8,""RewardType"":2,""RewardID"":12246,""RewardTypeShow"":0}
]",1,11591,,[],1,,0,,
400133,烈焰星道具,3,"[
{
""String"" : ""抵达烈焰星"",
""UnlockTaskId"" : 0
}
]",,"[
{
""Index"" : 1,
""Type"" : 25,
""GoalID1"" : ""P_1"",
""GoalNum"" : 1,
""GoalCount"" : 1,
""GoalShow"" : 1
}
]","[
{""Index"":4,""RewardType"":2,""RewardID"":12206,""RewardTypeShow"":1},
{""Index"":7,""RewardType"":2,""RewardID"":15506,""RewardTypeShow"":1},
{""Index"":8,""RewardType"":2,""RewardID"":15508,""RewardTypeShow"":1},
{""Index"":9,""RewardType"":2,""RewardID"":15519,""RewardTypeShow"":1},
{""Index"":10,""RewardType"":2,""RewardID"":15520,""RewardTypeShow"":1},
{""Index"":11,""RewardType"":2,""RewardID"":11307,""RewardTypeShow"":1},
{""Index"":12,""RewardType"":2,""RewardID"":200141,""RewardTypeShow"":0},
{""Index"":13,""RewardType"":2,""RewardID"":11233,""RewardTypeShow"":0},
{""Index"":14,""RewardType"":2,""RewardID"":11217,""RewardTypeShow"":0},
{""Index"":15,""RewardType"":2,""RewardID"":11218,""RewardTypeShow"":0}
]",1,11215,,[],1,,0,,
400134,萌眼星道具,3,"[
{
""String"" : ""抵达萌眼星"",
""UnlockTaskId"" : 0
}
]",,"[
{
""Index"" : 1,
""Type"" : 25,
""GoalID1"" : ""P_2"",
""GoalNum"" : 1,
""GoalCount"" : 1,
""GoalShow"" : 1
}
]","[
{""Index"":1,""RewardType"":2,""RewardID"":1050,""RewardTypeShow"":1},
{""Index"":2,""RewardType"":2,""RewardID"":11638,""RewardTypeShow"":1},
{""Index"":3,""RewardType"":2,""RewardID"":12207,""RewardTypeShow"":1},
{""Index"":4,""RewardType"":2,""RewardID"":12253,""RewardTypeShow"":1},
{""Index"":5,""RewardType"":2,""RewardID"":12283,""RewardTypeShow"":1},
{""Index"":6,""RewardType"":2,""RewardID"":12284,""RewardTypeShow"":1},
{""Index"":7,""RewardType"":2,""RewardID"":12285,""RewardTypeShow"":0},
{""Index"":8,""RewardType"":2,""RewardID"":12291,""RewardTypeShow"":0},
{""Index"":9,""RewardType"":2,""RewardID"":12292,""RewardTypeShow"":0},
{""Index"":10,""RewardType"":2,""RewardID"":408,""RewardTypeShow"":0},
{""Index"":11,""RewardType"":2,""RewardID"":449,""RewardTypeShow"":0},
{""Index"":13,""RewardType"":2,""RewardID"":180,""RewardTypeShow"":0},
{""Index"":14,""RewardType"":2,""RewardID"":12582,""RewardTypeShow"":0},
{""Index"":15,""RewardType"":2,""RewardID"":11073,""RewardTypeShow"":0},
{""Index"":16,""RewardType"":2,""RewardID"":450,""RewardTypeShow"":0},
{""Index"":17,""RewardType"":2,""RewardID"":11074,""RewardTypeShow"":0},
{""Index"":18,""RewardType"":2,""RewardID"":12591,""RewardTypeShow"":0},
{""Index"":19,""RewardType"":2,""RewardID"":12276,""RewardTypeShow"":0}
]",1,12284,,[],1,,0,,
400135,沙漠道具,3,"[
{
""String"" : ""进入沙漠生态"",
""UnlockTaskId"" : 0
}
]",,"[
{
""Index"" : 1,
""Type"" : 14,
""GoalID1"" : ""B_DESERT"",
""GoalNum"" : 1,
""GoalCount"" : 1,
""GoalShow"" : 1
}
]","[
{""Index"":1,""RewardType"":2,""RewardID"":484,""RewardTypeShow"":1},
{""Index"":2,""RewardType"":2,""RewardID"":11230,""RewardTypeShow"":1},
{""Index"":3,""RewardType"":2,""RewardID"":11585,""RewardTypeShow"":1},
{""Index"":4,""RewardType"":2,""RewardID"":11630,""RewardTypeShow"":1},
{""Index"":5,""RewardType"":2,""RewardID"":11631,""RewardTypeShow"":1},
{""Index"":6,""RewardType"":2,""RewardID"":11637,""RewardTypeShow"":1},
{""Index"":7,""RewardType"":2,""RewardID"":11639,""RewardTypeShow"":0},
{""Index"":8,""RewardType"":2,""RewardID"":12309,""RewardTypeShow"":0},
{""Index"":9,""RewardType"":2,""RewardID"":12310,""RewardTypeShow"":0},
{""Index"":10,""RewardType"":2,""RewardID"":12606,""RewardTypeShow"":0},
{""Index"":11,""RewardType"":2,""RewardID"":201015,""RewardTypeShow"":0}
]",1,484,,[],1,,0,,
400136,海洋道具,3,"[
{
""String"" : ""进入海洋生态"",
""UnlockTaskId"" : 0
}
]",,"[
{
""Index"" : 1,
""Type"" : 14,
""GoalID1"" : ""B_OCEAN"",
""GoalNum"" : 1,
""GoalCount"" : 1,
""GoalShow"" : 1
}
]","[
{""Index"":1,""RewardType"":2,""RewardID"":550,""RewardTypeShow"":1},
{""Index"":2,""RewardType"":2,""RewardID"":1206,""RewardTypeShow"":1},
{""Index"":3,""RewardType"":2,""RewardID"":11424,""RewardTypeShow"":1},
{""Index"":4,""RewardType"":2,""RewardID"":11641,""RewardTypeShow"":1},
{""Index"":5,""RewardType"":2,""RewardID"":11642,""RewardTypeShow"":1},
{""Index"":6,""RewardType"":2,""RewardID"":11643,""RewardTypeShow"":1},
{""Index"":7,""RewardType"":2,""RewardID"":11644,""RewardTypeShow"":0},
{""Index"":8,""RewardType"":2,""RewardID"":11645,""RewardTypeShow"":0},
{""Index"":9,""RewardType"":2,""RewardID"":11646,""RewardTypeShow"":0},
{""Index"":10,""RewardType"":2,""RewardID"":11647,""RewardTypeShow"":0},
{""Index"":11,""RewardType"":2,""RewardID"":11649,""RewardTypeShow"":0},
{""Index"":12,""RewardType"":2,""RewardID"":11650,""RewardTypeShow"":0},
{""Index"":13,""RewardType"":2,""RewardID"":12061,""RewardTypeShow"":0},
{""Index"":14,""RewardType"":2,""RewardID"":12062,""RewardTypeShow"":0},
{""Index"":15,""RewardType"":2,""RewardID"":12063,""RewardTypeShow"":0},
{""Index"":16,""RewardType"":2,""RewardID"":12715,""RewardTypeShow"":0},
{""Index"":17,""RewardType"":2,""RewardID"":12716,""RewardTypeShow"":0},
{""Index"":18,""RewardType"":2,""RewardID"":348,""RewardTypeShow"":1},
{""Index"":19,""RewardType"":2,""RewardID"":12614,""RewardTypeShow"":1},
{""Index"":20,""RewardType"":2,""RewardID"":173,""RewardTypeShow"":1},
{""Index"":21,""RewardType"":2,""RewardID"":1265,""RewardTypeShow"":1},
{""Index"":22,""RewardType"":2,""RewardID"":1309,""RewardTypeShow"":1},
{""Index"":23,""RewardType"":2,""RewardID"":1353,""RewardTypeShow"":1},
{""Index"":24,""RewardType"":2,""RewardID"":1376,""RewardTypeShow"":1},
{""Index"":25,""RewardType"":2,""RewardID"":170022,""RewardTypeShow"":1},
{""Index"":26,""RewardType"":2,""RewardID"":171022,""RewardTypeShow"":1},
{""Index"":27,""RewardType"":2,""RewardID"":172022,""RewardTypeShow"":1},
{""Index"":28,""RewardType"":2,""RewardID"":174022,""RewardTypeShow"":1},
{""Index"":29,""RewardType"":2,""RewardID"":176022,""RewardTypeShow"":1},
{""Index"":30,""RewardType"":2,""RewardID"":289,""RewardTypeShow"":0},
{""Index"":31,""RewardType"":2,""RewardID"":291,""RewardTypeShow"":0},
{""Index"":32,""RewardType"":2,""RewardID"":12721,""RewardTypeShow"":0},
{""Index"":33,""RewardType"":2,""RewardID"":1192,""RewardTypeShow"":0},
{""Index"":33,""RewardType"":2,""RewardID"":248,""RewardTypeShow"":0},
{""Index"":33,""RewardType"":2,""RewardID"":11915,""RewardTypeShow"":0},
{""Index"":34,""RewardType"":2,""RewardID"":542,""RewardTypeShow"":0},
{""Index"":35,""RewardType"":2,""RewardID"":201016,""RewardTypeShow"":0}
]",1,12061,,[],1,,0,,
400137,冰原道具,3,"[
{
""String"" : ""进入冰原生态"",
""UnlockTaskId"" : 0
}
]",,"[
{
""Index"" : 1,
""Type"" : 14,
""GoalID1"" : ""B_ICE_PLAINS"",
""GoalNum"" : 1,
""GoalCount"" : 1,
""GoalShow"" : 1
}
]","[
{""Index"":1,""RewardType"":2,""RewardID"":31,""RewardTypeShow"":1},
{""Index"":2,""RewardType"":2,""RewardID"":32,""RewardTypeShow"":1},
{""Index"":3,""RewardType"":2,""RewardID"":11231,""RewardTypeShow"":1},
{""Index"":4,""RewardType"":2,""RewardID"":11667,""RewardTypeShow"":1},
{""Index"":5,""RewardType"":2,""RewardID"":11672,""RewardTypeShow"":1},
{""Index"":6,""RewardType"":2,""RewardID"":12279,""RewardTypeShow"":1},
{""Index"":7,""RewardType"":2,""RewardID"":12312,""RewardTypeShow"":0},
{""Index"":8,""RewardType"":2,""RewardID"":12313,""RewardTypeShow"":0},
{""Index"":9,""RewardType"":2,""RewardID"":12314,""RewardTypeShow"":0},
{""Index"":10,""RewardType"":2,""RewardID"":12315,""RewardTypeShow"":0},
{""Index"":11,""RewardType"":2,""RewardID"":12538,""RewardTypeShow"":0},
{""Index"":12,""RewardType"":2,""RewardID"":12539,""RewardTypeShow"":0},
{""Index"":13,""RewardType"":2,""RewardID"":150027,""RewardTypeShow"":0},
{""Index"":15,""RewardType"":2,""RewardID"":15507,""RewardTypeShow"":0},
{""Index"":16,""RewardType"":2,""RewardID"":150000,""RewardTypeShow"":0},
{""Index"":17,""RewardType"":2,""RewardID"":150013,""RewardTypeShow"":0},
{""Index"":18,""RewardType"":2,""RewardID"":150046,""RewardTypeShow"":0},
{""Index"":19,""RewardType"":2,""RewardID"":150015,""RewardTypeShow"":0},
{""Index"":20,""RewardType"":2,""RewardID"":150016,""RewardTypeShow"":0},
{""Index"":21,""RewardType"":2,""RewardID"":150020,""RewardTypeShow"":0},
{""Index"":22,""RewardType"":2,""RewardID"":150021,""RewardTypeShow"":0},
{""Index"":23,""RewardType"":2,""RewardID"":150022,""RewardTypeShow"":0},
{""Index"":24,""RewardType"":2,""RewardID"":150023,""RewardTypeShow"":0},
{""Index"":25,""RewardType"":2,""RewardID"":150025,""RewardTypeShow"":0},
{""Index"":26,""RewardType"":2,""RewardID"":150043,""RewardTypeShow"":0},
{""Index"":27,""RewardType"":2,""RewardID"":11576,""RewardTypeShow"":0},
{""Index"":28,""RewardType"":2,""RewardID"":35,""RewardTypeShow"":0},
{""Index"":29,""RewardType"":2,""RewardID"":11824,""RewardTypeShow"":0},
{""Index"":30,""RewardType"":2,""RewardID"":11665,""RewardTypeShow"":0}
]",1,11672,,[],1,,0,,
400138,竹林道具,3,"[
{
""String"" : ""进入竹林生态"",
""UnlockTaskId"" : 0
}
]",,"[
{
""Index"" : 1,
""Type"" : 14,
""GoalID1"" : ""B_BASIN_BAMBOO"",
""GoalNum"" : 1,
""GoalCount"" : 1,
""GoalShow"" : 1
}
]","[
{""Index"": 1, ""RewardType"": 2, ""RewardID"": 12288, ""RewardTypeShow"": 1},
{""Index"": 2, ""RewardType"": 2, ""RewardID"": 12289, ""RewardTypeShow"": 1},
{""Index"": 3, ""RewardType"": 2, ""RewardID"": 563, ""RewardTypeShow"": 1},
{""Index"": 4, ""RewardType"": 2, ""RewardID"": 565, ""RewardTypeShow"": 1},
{""Index"": 5, ""RewardType"": 2, ""RewardID"": 567, ""RewardTypeShow"": 1},
{""Index"": 6, ""RewardType"": 2, ""RewardID"": 568, ""RewardTypeShow"": 1},
{""Index"": 7, ""RewardType"": 2, ""RewardID"": 569, ""RewardTypeShow"": 0},
{""Index"": 8, ""RewardType"": 2, ""RewardID"": 153, ""RewardTypeShow"": 0},
{""Index"": 9, ""RewardType"": 2, ""RewardID"": 1245, ""RewardTypeShow"": 0},
{""Index"": 10, ""RewardType"": 2, ""RewardID"": 1269, ""RewardTypeShow"": 0},
{""Index"": 11, ""RewardType"": 2, ""RewardID"": 1313, ""RewardTypeShow"": 0},
{""Index"": 12, ""RewardType"": 2, ""RewardID"": 1356, ""RewardTypeShow"": 0},
{""Index"": 13, ""RewardType"": 2, ""RewardID"": 170002, ""RewardTypeShow"": 0},
{""Index"": 14, ""RewardType"": 2, ""RewardID"": 171002, ""RewardTypeShow"": 0},
{""Index"": 15, ""RewardType"": 2, ""RewardID"": 172002, ""RewardTypeShow"": 0},
{""Index"": 16, ""RewardType"": 2, ""RewardID"": 174002, ""RewardTypeShow"": 0},
{""Index"": 17, ""RewardType"": 2, ""RewardID"": 176002, ""RewardTypeShow"": 0}
]",1,12288,,[],1,,0,,
400139,染色技术,3,"[
{
""String"" : ""制作@item_11320#@1"",
""UnlockTaskId"" : 0
}
]",,"[
{
""Index"" : 1,
""Type"" : 3,
""GoalID1"" : ""I_11320"",
""GoalNum"" : 1,
""GoalCount"" : 1,
""GoalShow"" : 1
}
]","[
 {""Index"":1,""RewardType"":2,""RewardID"":498,""RewardTypeShow"":1},
 {""Index"":2,""RewardType"":2,""RewardID"":11500,""RewardTypeShow"":1},
 {""Index"":3,""RewardType"":2,""RewardID"":11514,""RewardTypeShow"":1},
 {""Index"":4,""RewardType"":2,""RewardID"":11504,""RewardTypeShow"":1},
 {""Index"":5,""RewardType"":2,""RewardID"":11532,""RewardTypeShow"":1},
 {""Index"":6,""RewardType"":2,""RewardID"":11501,""RewardTypeShow"":1},
 {""Index"":7,""RewardType"":2,""RewardID"":11510,""RewardTypeShow"":0},
 {""Index"":8,""RewardType"":2,""RewardID"":11513,""RewardTypeShow"":0},
 {""Index"":9,""RewardType"":2,""RewardID"":11537,""RewardTypeShow"":0},
 {""Index"":10,""RewardType"":2,""RewardID"":11538,""RewardTypeShow"":0},
 {""Index"":11,""RewardType"":2,""RewardID"":11539,""RewardTypeShow"":0},
 {""Index"":12,""RewardType"":2,""RewardID"":11509,""RewardTypeShow"":0},
 {""Index"":13,""RewardType"":2,""RewardID"":11540,""RewardTypeShow"":0},
 {""Index"":14,""RewardType"":2,""RewardID"":11503,""RewardTypeShow"":0},
 {""Index"":15,""RewardType"":2,""RewardID"":11541,""RewardTypeShow"":0},
 {""Index"":16,""RewardType"":2,""RewardID"":11542,""RewardTypeShow"":0},
 {""Index"":17,""RewardType"":2,""RewardID"":11505,""RewardTypeShow"":0},
 {""Index"":34,""RewardType"":2,""RewardID"":207,""RewardTypeShow"":0},
 {""Index"":35,""RewardType"":2,""RewardID"":515,""RewardTypeShow"":0},
 {""Index"":36,""RewardType"":2,""RewardID"":521,""RewardTypeShow"":0},
 {""Index"":37,""RewardType"":2,""RewardID"":860,""RewardTypeShow"":0},
 {""Index"":38,""RewardType"":2,""RewardID"":419,""RewardTypeShow"":0},
 {""Index"":39,""RewardType"":2,""RewardID"":170,""RewardTypeShow"":0},
 {""Index"":40,""RewardType"":2,""RewardID"":1262,""RewardTypeShow"":0},
 {""Index"":41,""RewardType"":2,""RewardID"":1303,""RewardTypeShow"":0},
 {""Index"":42,""RewardType"":2,""RewardID"":1347,""RewardTypeShow"":0},
 {""Index"":43,""RewardType"":2,""RewardID"":1373,""RewardTypeShow"":0},
 {""Index"":44,""RewardType"":2,""RewardID"":170019,""RewardTypeShow"":0},
 {""Index"":45,""RewardType"":2,""RewardID"":171019,""RewardTypeShow"":0},
 {""Index"":46,""RewardType"":2,""RewardID"":172019,""RewardTypeShow"":0},
 {""Index"":47,""RewardType"":2,""RewardID"":174019,""RewardTypeShow"":0},
 {""Index"":48,""RewardType"":2,""RewardID"":176019,""RewardTypeShow"":0},
 {""Index"":49,""RewardType"":2,""RewardID"":208,""RewardTypeShow"":0},
 {""Index"":50,""RewardType"":2,""RewardID"":516,""RewardTypeShow"":0},
 {""Index"":51,""RewardType"":2,""RewardID"":522,""RewardTypeShow"":0},
 {""Index"":52,""RewardType"":2,""RewardID"":856,""RewardTypeShow"":0},
 {""Index"":53,""RewardType"":2,""RewardID"":970,""RewardTypeShow"":0},
 {""Index"":54,""RewardType"":2,""RewardID"":971,""RewardTypeShow"":0},
 {""Index"":55,""RewardType"":2,""RewardID"":972,""RewardTypeShow"":0},
 {""Index"":56,""RewardType"":2,""RewardID"":974,""RewardTypeShow"":0},
 {""Index"":57,""RewardType"":2,""RewardID"":539,""RewardTypeShow"":0},
 {""Index"":58,""RewardType"":2,""RewardID"":552,""RewardTypeShow"":0},
 {""Index"":59,""RewardType"":2,""RewardID"":169,""RewardTypeShow"":0},
 {""Index"":10,""RewardType"":2,""RewardID"":1261,""RewardTypeShow"":0},
 {""Index"":60,""RewardType"":2,""RewardID"":1301,""RewardTypeShow"":0},
 {""Index"":61,""RewardType"":2,""RewardID"":1345,""RewardTypeShow"":0},
 {""Index"":62,""RewardType"":2,""RewardID"":1372,""RewardTypeShow"":0},
 {""Index"":63,""RewardType"":2,""RewardID"":170018,""RewardTypeShow"":0},
 {""Index"":64,""RewardType"":2,""RewardID"":171018,""RewardTypeShow"":0},
 {""Index"":65,""RewardType"":2,""RewardID"":172018,""RewardTypeShow"":0},
 {""Index"":66,""RewardType"":2,""RewardID"":174018,""RewardTypeShow"":0},
 {""Index"":67,""RewardType"":2,""RewardID"":176018,""RewardTypeShow"":0},
 {""Index"":68,""RewardType"":2,""RewardID"":209,""RewardTypeShow"":0},
 {""Index"":69,""RewardType"":2,""RewardID"":517,""RewardTypeShow"":0},
 {""Index"":70,""RewardType"":2,""RewardID"":523,""RewardTypeShow"":0},
 {""Index"":71,""RewardType"":2,""RewardID"":858,""RewardTypeShow"":0},
 {""Index"":72,""RewardType"":2,""RewardID"":420,""RewardTypeShow"":0},
 {""Index"":73,""RewardType"":2,""RewardID"":168,""RewardTypeShow"":0},
 {""Index"":74,""RewardType"":2,""RewardID"":1260,""RewardTypeShow"":0},
 {""Index"":75,""RewardType"":2,""RewardID"":1299,""RewardTypeShow"":0},
 {""Index"":76,""RewardType"":2,""RewardID"":1343,""RewardTypeShow"":0},
 {""Index"":77,""RewardType"":2,""RewardID"":1371,""RewardTypeShow"":0},
 {""Index"":78,""RewardType"":2,""RewardID"":170017,""RewardTypeShow"":0},
 {""Index"":79,""RewardType"":2,""RewardID"":171017,""RewardTypeShow"":0},
 {""Index"":80,""RewardType"":2,""RewardID"":172017,""RewardTypeShow"":0},
 {""Index"":81,""RewardType"":2,""RewardID"":174017,""RewardTypeShow"":0},
 {""Index"":82,""RewardType"":2,""RewardID"":176017,""RewardTypeShow"":0},
 {""Index"":83,""RewardType"":2,""RewardID"":210,""RewardTypeShow"":0},
 {""Index"":84,""RewardType"":2,""RewardID"":518,""RewardTypeShow"":0},
 {""Index"":85,""RewardType"":2,""RewardID"":524,""RewardTypeShow"":0},
 {""Index"":86,""RewardType"":2,""RewardID"":854,""RewardTypeShow"":0},
 {""Index"":87,""RewardType"":2,""RewardID"":167,""RewardTypeShow"":0},
 {""Index"":88,""RewardType"":2,""RewardID"":1259,""RewardTypeShow"":0},
 {""Index"":89,""RewardType"":2,""RewardID"":1297,""RewardTypeShow"":0},
 {""Index"":90,""RewardType"":2,""RewardID"":1341,""RewardTypeShow"":0},
 {""Index"":91,""RewardType"":2,""RewardID"":1370,""RewardTypeShow"":0},
 {""Index"":92,""RewardType"":2,""RewardID"":170016,""RewardTypeShow"":0},
 {""Index"":93,""RewardType"":2,""RewardID"":171016,""RewardTypeShow"":0},
 {""Index"":94,""RewardType"":2,""RewardID"":172016,""RewardTypeShow"":0},
 {""Index"":95,""RewardType"":2,""RewardID"":174016,""RewardTypeShow"":0},
 {""Index"":96,""RewardType"":2,""RewardID"":176016,""RewardTypeShow"":0},
 {""Index"":97,""RewardType"":2,""RewardID"":211,""RewardTypeShow"":0},
 {""Index"":98,""RewardType"":2,""RewardID"":519,""RewardTypeShow"":0},
 {""Index"":99,""RewardType"":2,""RewardID"":525,""RewardTypeShow"":0},
 {""Index"":100,""RewardType"":2,""RewardID"":855,""RewardTypeShow"":0},
 {""Index"":101,""RewardType"":2,""RewardID"":11533,""RewardTypeShow"":0},
 {""Index"":102,""RewardType"":2,""RewardID"":166,""RewardTypeShow"":0},
 {""Index"":103,""RewardType"":2,""RewardID"":1258,""RewardTypeShow"":0},
 {""Index"":104,""RewardType"":2,""RewardID"":1295,""RewardTypeShow"":0},
 {""Index"":105,""RewardType"":2,""RewardID"":1339,""RewardTypeShow"":0},
 {""Index"":106,""RewardType"":2,""RewardID"":1369,""RewardTypeShow"":0},
 {""Index"":107,""RewardType"":2,""RewardID"":170015,""RewardTypeShow"":0},
 {""Index"":108,""RewardType"":2,""RewardID"":171015,""RewardTypeShow"":0},
 {""Index"":109,""RewardType"":2,""RewardID"":172015,""RewardTypeShow"":0},
 {""Index"":110,""RewardType"":2,""RewardID"":174015,""RewardTypeShow"":0},
 {""Index"":111,""RewardType"":2,""RewardID"":176015,""RewardTypeShow"":0},
 {""Index"":112,""RewardType"":2,""RewardID"":562,""RewardTypeShow"":0},
 {""Index"":113,""RewardType"":2,""RewardID"":564,""RewardTypeShow"":0},
 {""Index"":114,""RewardType"":2,""RewardID"":566,""RewardTypeShow"":0},
 {""Index"":115,""RewardType"":2,""RewardID"":154,""RewardTypeShow"":0},
 {""Index"":116,""RewardType"":2,""RewardID"":1246,""RewardTypeShow"":0},
 {""Index"":117,""RewardType"":2,""RewardID"":1271,""RewardTypeShow"":0},
 {""Index"":118,""RewardType"":2,""RewardID"":1315,""RewardTypeShow"":0},
 {""Index"":119,""RewardType"":2,""RewardID"":1357,""RewardTypeShow"":0},
 {""Index"":120,""RewardType"":2,""RewardID"":170003,""RewardTypeShow"":0},
 {""Index"":121,""RewardType"":2,""RewardID"":171003,""RewardTypeShow"":0},
 {""Index"":122,""RewardType"":2,""RewardID"":172003,""RewardTypeShow"":0},
 {""Index"":123,""RewardType"":2,""RewardID"":174003,""RewardTypeShow"":0},
 {""Index"":124,""RewardType"":2,""RewardID"":176003,""RewardTypeShow"":0},
 {""Index"":125,""RewardType"":2,""RewardID"":264,""RewardTypeShow"":0},
 {""Index"":126,""RewardType"":2,""RewardID"":574,""RewardTypeShow"":0},
 {""Index"":127,""RewardType"":2,""RewardID"":575,""RewardTypeShow"":0},
 {""Index"":128,""RewardType"":2,""RewardID"":576,""RewardTypeShow"":0},
 {""Index"":129,""RewardType"":2,""RewardID"":165,""RewardTypeShow"":0},
 {""Index"":130,""RewardType"":2,""RewardID"":1257,""RewardTypeShow"":0},
 {""Index"":131,""RewardType"":2,""RewardID"":1293,""RewardTypeShow"":0},
 {""Index"":132,""RewardType"":2,""RewardID"":1337,""RewardTypeShow"":0},
 {""Index"":133,""RewardType"":2,""RewardID"":1368,""RewardTypeShow"":0},
 {""Index"":134,""RewardType"":2,""RewardID"":170014,""RewardTypeShow"":0},
 {""Index"":135,""RewardType"":2,""RewardID"":171014,""RewardTypeShow"":0},
 {""Index"":136,""RewardType"":2,""RewardID"":172014,""RewardTypeShow"":0},
 {""Index"":137,""RewardType"":2,""RewardID"":174014,""RewardTypeShow"":0},
 {""Index"":138,""RewardType"":2,""RewardID"":176014,""RewardTypeShow"":0},
 {""Index"":139,""RewardType"":2,""RewardID"":375,""RewardTypeShow"":0},
 {""Index"":140,""RewardType"":2,""RewardID"":376,""RewardTypeShow"":0},
 {""Index"":141,""RewardType"":2,""RewardID"":377,""RewardTypeShow"":0},
 {""Index"":142,""RewardType"":2,""RewardID"":164,""RewardTypeShow"":0},
 {""Index"":143,""RewardType"":2,""RewardID"":1256,""RewardTypeShow"":0},
 {""Index"":144,""RewardType"":2,""RewardID"":1291,""RewardTypeShow"":0},
 {""Index"":145,""RewardType"":2,""RewardID"":1335,""RewardTypeShow"":0},
 {""Index"":146,""RewardType"":2,""RewardID"":1367,""RewardTypeShow"":0},
 {""Index"":147,""RewardType"":2,""RewardID"":170013,""RewardTypeShow"":0},
 {""Index"":148,""RewardType"":2,""RewardID"":171013,""RewardTypeShow"":0},
 {""Index"":149,""RewardType"":2,""RewardID"":172013,""RewardTypeShow"":0},
 {""Index"":150,""RewardType"":2,""RewardID"":174013,""RewardTypeShow"":0},
 {""Index"":151,""RewardType"":2,""RewardID"":176013,""RewardTypeShow"":0},
 {""Index"":152,""RewardType"":2,""RewardID"":174,""RewardTypeShow"":0},
 {""Index"":153,""RewardType"":2,""RewardID"":1380,""RewardTypeShow"":0},
 {""Index"":154,""RewardType"":2,""RewardID"":1381,""RewardTypeShow"":0},
 {""Index"":155,""RewardType"":2,""RewardID"":1382,""RewardTypeShow"":0},
 {""Index"":156,""RewardType"":2,""RewardID"":1383,""RewardTypeShow"":0},
 {""Index"":157,""RewardType"":2,""RewardID"":1384,""RewardTypeShow"":0},
 {""Index"":158,""RewardType"":2,""RewardID"":1386,""RewardTypeShow"":0},
 {""Index"":159,""RewardType"":2,""RewardID"":1388,""RewardTypeShow"":0},
 {""Index"":160,""RewardType"":2,""RewardID"":170023,""RewardTypeShow"":0},
 {""Index"":161,""RewardType"":2,""RewardID"":171023,""RewardTypeShow"":0},
 {""Index"":162,""RewardType"":2,""RewardID"":172023,""RewardTypeShow"":0},
 {""Index"":163,""RewardType"":2,""RewardID"":174023,""RewardTypeShow"":0},
 {""Index"":164,""RewardType"":2,""RewardID"":176023,""RewardTypeShow"":0},
 {""Index"":165,""RewardType"":2,""RewardID"":600,""RewardTypeShow"":0},
 {""Index"":166,""RewardType"":2,""RewardID"":12301,""RewardTypeShow"":0},
 {""Index"":167,""RewardType"":2,""RewardID"":12302,""RewardTypeShow"":0},
 {""Index"":168,""RewardType"":2,""RewardID"":12303,""RewardTypeShow"":0},
 {""Index"":169,""RewardType"":2,""RewardID"":12304,""RewardTypeShow"":0},
 {""Index"":170,""RewardType"":2,""RewardID"":12305,""RewardTypeShow"":0},
 {""Index"":171,""RewardType"":2,""RewardID"":12306,""RewardTypeShow"":0},
 {""Index"":172,""RewardType"":2,""RewardID"":12307,""RewardTypeShow"":0},
 {""Index"":173,""RewardType"":2,""RewardID"":12248,""RewardTypeShow"":0},
 {""Index"":174,""RewardType"":2,""RewardID"":12240,""RewardTypeShow"":0},
 {""Index"":175,""RewardType"":2,""RewardID"":940,""RewardTypeShow"":0},
 {""Index"":176,""RewardType"":2,""RewardID"":941,""RewardTypeShow"":0},
 {""Index"":177,""RewardType"":2,""RewardID"":942,""RewardTypeShow"":0},
 {""Index"":178,""RewardType"":2,""RewardID"":943,""RewardTypeShow"":0},
 {""Index"":179,""RewardType"":2,""RewardID"":1145,""RewardTypeShow"":0},
 {""Index"":180,""RewardType"":2,""RewardID"":1147,""RewardTypeShow"":0},
 {""Index"":181,""RewardType"":2,""RewardID"":13419,""RewardTypeShow"":0},
 {""Index"":182,""RewardType"":2,""RewardID"":859,""RewardTypeShow"":0},
 {""Index"":183,""RewardType"":2,""RewardID"":919,""RewardTypeShow"":0},
 {""Index"":184,""RewardType"":2,""RewardID"":920,""RewardTypeShow"":0},
 {""Index"":185,""RewardType"":2,""RewardID"":921,""RewardTypeShow"":0},
 {""Index"":186,""RewardType"":2,""RewardID"":922,""RewardTypeShow"":0},
 {""Index"":187,""RewardType"":2,""RewardID"":923,""RewardTypeShow"":0},
 {""Index"":188,""RewardType"":2,""RewardID"":924,""RewardTypeShow"":0},
 {""Index"":189,""RewardType"":2,""RewardID"":925,""RewardTypeShow"":0},
 {""Index"":190,""RewardType"":2,""RewardID"":160012,""RewardTypeShow"":0},
 {""Index"":191,""RewardType"":2,""RewardID"":163014,""RewardTypeShow"":0},
 {""Index"":192,""RewardType"":2,""RewardID"":165013,""RewardTypeShow"":0},
 {""Index"":193,""RewardType"":2,""RewardID"":167013,""RewardTypeShow"":0},
 {""Index"":194,""RewardType"":2,""RewardID"":171036,""RewardTypeShow"":0},
 {""Index"":195,""RewardType"":2,""RewardID"":172036,""RewardTypeShow"":0},
 {""Index"":196,""RewardType"":2,""RewardID"":174036,""RewardTypeShow"":0},
 {""Index"":197,""RewardType"":2,""RewardID"":176036,""RewardTypeShow"":0},
 {""Index"":198,""RewardType"":2,""RewardID"":170036,""RewardTypeShow"":0},
 {""Index"":199,""RewardType"":2,""RewardID"":160013,""RewardTypeShow"":0},
 {""Index"":200,""RewardType"":2,""RewardID"":160018,""RewardTypeShow"":0},
 {""Index"":201,""RewardType"":2,""RewardID"":163015,""RewardTypeShow"":0},
 {""Index"":202,""RewardType"":2,""RewardID"":165014,""RewardTypeShow"":0},
 {""Index"":203,""RewardType"":2,""RewardID"":167014,""RewardTypeShow"":0},
 {""Index"":204,""RewardType"":2,""RewardID"":171037,""RewardTypeShow"":0},
 {""Index"":205,""RewardType"":2,""RewardID"":172037,""RewardTypeShow"":0},
 {""Index"":206,""RewardType"":2,""RewardID"":174037,""RewardTypeShow"":0},
 {""Index"":207,""RewardType"":2,""RewardID"":176037,""RewardTypeShow"":0},
 {""Index"":208,""RewardType"":2,""RewardID"":170037,""RewardTypeShow"":0},
 {""Index"":209,""RewardType"":2,""RewardID"":160022,""RewardTypeShow"":0},
 {""Index"":210,""RewardType"":2,""RewardID"":160024,""RewardTypeShow"":0},
 {""Index"":211,""RewardType"":2,""RewardID"":163016,""RewardTypeShow"":0},
 {""Index"":212,""RewardType"":2,""RewardID"":165015,""RewardTypeShow"":0},
 {""Index"":213,""RewardType"":2,""RewardID"":167015,""RewardTypeShow"":0},
 {""Index"":214,""RewardType"":2,""RewardID"":171038,""RewardTypeShow"":0},
 {""Index"":215,""RewardType"":2,""RewardID"":172038,""RewardTypeShow"":0},
 {""Index"":216,""RewardType"":2,""RewardID"":174038,""RewardTypeShow"":0},
 {""Index"":217,""RewardType"":2,""RewardID"":176038,""RewardTypeShow"":0},
 {""Index"":218,""RewardType"":2,""RewardID"":170038,""RewardTypeShow"":0},
 {""Index"":219,""RewardType"":2,""RewardID"":160036,""RewardTypeShow"":0},
 {""Index"":220,""RewardType"":2,""RewardID"":163024,""RewardTypeShow"":0},
 {""Index"":221,""RewardType"":2,""RewardID"":165023,""RewardTypeShow"":0},
 {""Index"":222,""RewardType"":2,""RewardID"":167023,""RewardTypeShow"":0},
 {""Index"":223,""RewardType"":2,""RewardID"":171046,""RewardTypeShow"":0},
 {""Index"":224,""RewardType"":2,""RewardID"":172046,""RewardTypeShow"":0},
 {""Index"":225,""RewardType"":2,""RewardID"":174046,""RewardTypeShow"":0},
 {""Index"":226,""RewardType"":2,""RewardID"":176046,""RewardTypeShow"":0},
 {""Index"":227,""RewardType"":2,""RewardID"":170046,""RewardTypeShow"":0},
 {""Index"":228,""RewardType"":2,""RewardID"":160039,""RewardTypeShow"":0},
 {""Index"":229,""RewardType"":2,""RewardID"":163025,""RewardTypeShow"":0},
 {""Index"":230,""RewardType"":2,""RewardID"":165024,""RewardTypeShow"":0},
 {""Index"":231,""RewardType"":2,""RewardID"":167024,""RewardTypeShow"":0},
 {""Index"":232,""RewardType"":2,""RewardID"":171047,""RewardTypeShow"":0},
 {""Index"":233,""RewardType"":2,""RewardID"":172047,""RewardTypeShow"":0},
 {""Index"":234,""RewardType"":2,""RewardID"":174047,""RewardTypeShow"":0},
 {""Index"":235,""RewardType"":2,""RewardID"":176047,""RewardTypeShow"":0},
 {""Index"":236,""RewardType"":2,""RewardID"":170047,""RewardTypeShow"":0},
 {""Index"":237,""RewardType"":2,""RewardID"":160042,""RewardTypeShow"":0},
 {""Index"":238,""RewardType"":2,""RewardID"":160043,""RewardTypeShow"":0},
 {""Index"":239,""RewardType"":2,""RewardID"":163026,""RewardTypeShow"":0},
 {""Index"":240,""RewardType"":2,""RewardID"":165025,""RewardTypeShow"":0},
 {""Index"":241,""RewardType"":2,""RewardID"":167025,""RewardTypeShow"":0},
 {""Index"":242,""RewardType"":2,""RewardID"":171048,""RewardTypeShow"":0},
 {""Index"":243,""RewardType"":2,""RewardID"":172048,""RewardTypeShow"":0},
 {""Index"":244,""RewardType"":2,""RewardID"":174048,""RewardTypeShow"":0},
 {""Index"":245,""RewardType"":2,""RewardID"":176048,""RewardTypeShow"":0},
 {""Index"":246,""RewardType"":2,""RewardID"":170048,""RewardTypeShow"":0},
 {""Index"":247,""RewardType"":2,""RewardID"":160046,""RewardTypeShow"":0},
 {""Index"":248,""RewardType"":2,""RewardID"":160035,""RewardTypeShow"":0},
 {""Index"":249,""RewardType"":2,""RewardID"":160044,""RewardTypeShow"":0},
 {""Index"":250,""RewardType"":2,""RewardID"":169023,""RewardTypeShow"":0},
 {""Index"":251,""RewardType"":2,""RewardID"":161023,""RewardTypeShow"":0},
 {""Index"":252,""RewardType"":2,""RewardID"":160045,""RewardTypeShow"":0},
 {""Index"":253,""RewardType"":2,""RewardID"":162024,""RewardTypeShow"":0}
 ]",1,11320,,[],1,,0,,
400140,初级星能技术,3,"[
{
""String"" : ""制作@item_367#@1"",
""UnlockTaskId"" : 0
}
]",,"[
{
""Index"" : 1,
""Type"" : 3,
""GoalID1"" : ""I_367"",
""GoalNum"" : 1,
""GoalCount"" : 1,
""GoalShow"" : 1
}
]","[
{""Index"":1,""RewardType"":2,""RewardID"":368,""RewardTypeShow"":1},
{""Index"":2,""RewardType"":2,""RewardID"":1032,""RewardTypeShow"":1},
{""Index"":4,""RewardType"":2,""RewardID"":357,""RewardTypeShow"":1},
{""Index"":5,""RewardType"":2,""RewardID"":365,""RewardTypeShow"":1},
{""Index"":6,""RewardType"":2,""RewardID"":722,""RewardTypeShow"":1},
{""Index"":7,""RewardType"":2,""RewardID"":1010,""RewardTypeShow"":1},
{""Index"":8,""RewardType"":2,""RewardID"":1008,""RewardTypeShow"":0},
{""Index"":9,""RewardType"":2,""RewardID"":1101,""RewardTypeShow"":0},
{""Index"":12,""RewardType"":2,""RewardID"":690,""RewardTypeShow"":0},
{""Index"":13,""RewardType"":2,""RewardID"":691,""RewardTypeShow"":0},
{""Index"":14,""RewardType"":2,""RewardID"":692,""RewardTypeShow"":0},
{""Index"":15,""RewardType"":2,""RewardID"":693,""RewardTypeShow"":0},
{""Index"":16,""RewardType"":2,""RewardID"":694,""RewardTypeShow"":0},
{""Index"":17,""RewardType"":2,""RewardID"":695,""RewardTypeShow"":0},
{""Index"":18,""RewardType"":2,""RewardID"":1004,""RewardTypeShow"":0},
{""Index"":19,""RewardType"":2,""RewardID"":1005,""RewardTypeShow"":0},
{""Index"":20,""RewardType"":2,""RewardID"":371,""RewardTypeShow"":0},
{""Index"":21,""RewardType"":2,""RewardID"":725,""RewardTypeShow"":0},
{""Index"":22,""RewardType"":2,""RewardID"":729,""RewardTypeShow"":0},
{""Index"":23,""RewardType"":2,""RewardID"":13800,""RewardTypeShow"":0},
{""Index"":24,""RewardType"":2,""RewardID"":13802,""RewardTypeShow"":0}
]",1,367,,[],1,,0,,
400141,云母建筑,3,"[
{
""String"" : ""获得@item_11210#@1"",
""UnlockTaskId"" : 0
}
]",,"[
{
""Index"" : 1,
""Type"" : 3,
""GoalID1"" : ""I_11210"",
""GoalNum"" : 1,
""GoalCount"" : 1,
""GoalShow"" : 1
}
]","[
{""Index"":1,""RewardType"":2,""RewardID"":412,""RewardTypeShow"":1},
{""Index"":2,""RewardType"":2,""RewardID"":533,""RewardTypeShow"":1},
{""Index"":3,""RewardType"":2,""RewardID"":513,""RewardTypeShow"":1},
{""Index"":4,""RewardType"":2,""RewardID"":413,""RewardTypeShow"":1},
{""Index"":5,""RewardType"":2,""RewardID"":414,""RewardTypeShow"":1},
{""Index"":6,""RewardType"":2,""RewardID"":161,""RewardTypeShow"":1},
{""Index"":7,""RewardType"":2,""RewardID"":1253,""RewardTypeShow"":0},
{""Index"":8,""RewardType"":2,""RewardID"":1285,""RewardTypeShow"":0},
{""Index"":9,""RewardType"":2,""RewardID"":1329,""RewardTypeShow"":0},
{""Index"":10,""RewardType"":2,""RewardID"":1364,""RewardTypeShow"":0},
{""Index"":11,""RewardType"":2,""RewardID"":170010,""RewardTypeShow"":0},
{""Index"":12,""RewardType"":2,""RewardID"":171010,""RewardTypeShow"":0},
{""Index"":13,""RewardType"":2,""RewardID"":172010,""RewardTypeShow"":0},
{""Index"":14,""RewardType"":2,""RewardID"":174010,""RewardTypeShow"":0},
{""Index"":15,""RewardType"":2,""RewardID"":176010,""RewardTypeShow"":0},
{""Index"":16,""RewardType"":2,""RewardID"":390,""RewardTypeShow"":0},
{""Index"":17,""RewardType"":2,""RewardID"":11064,""RewardTypeShow"":0},
{""Index"":18,""RewardType"":2,""RewardID"":928,""RewardTypeShow"":0},
{""Index"":19,""RewardType"":2,""RewardID"":929,""RewardTypeShow"":0},
{""Index"":20,""RewardType"":2,""RewardID"":946,""RewardTypeShow"":0},
{""Index"":21,""RewardType"":2,""RewardID"":947,""RewardTypeShow"":0},
{""Index"":22,""RewardType"":2,""RewardID"":948,""RewardTypeShow"":0},
{""Index"":23,""RewardType"":2,""RewardID"":425,""RewardTypeShow"":0},
{""Index"":24,""RewardType"":2,""RewardID"":426,""RewardTypeShow"":0},
{""Index"":25,""RewardType"":2,""RewardID"":427,""RewardTypeShow"":0},
{""Index"":26,""RewardType"":2,""RewardID"":428,""RewardTypeShow"":0},
{""Index"":27,""RewardType"":2,""RewardID"":429,""RewardTypeShow"":0},
{""Index"":28,""RewardType"":2,""RewardID"":390013,""RewardTypeShow"":0},
{""Index"":29,""RewardType"":2,""RewardID"":390014,""RewardTypeShow"":0},
{""Index"":30,""RewardType"":2,""RewardID"":390015,""RewardTypeShow"":0},
{""Index"":31,""RewardType"":2,""RewardID"":390017,""RewardTypeShow"":0},
{""Index"":32,""RewardType"":2,""RewardID"":169024,""RewardTypeShow"":0},
{""Index"":33,""RewardType"":2,""RewardID"":161024,""RewardTypeShow"":0},
{""Index"":34,""RewardType"":2,""RewardID"":163028,""RewardTypeShow"":0},
{""Index"":35,""RewardType"":2,""RewardID"":165027,""RewardTypeShow"":0},
{""Index"":36,""RewardType"":2,""RewardID"":167027,""RewardTypeShow"":0},
{""Index"":37,""RewardType"":2,""RewardID"":171050,""RewardTypeShow"":0},
{""Index"":38,""RewardType"":2,""RewardID"":172050,""RewardTypeShow"":0},
{""Index"":39,""RewardType"":2,""RewardID"":174050,""RewardTypeShow"":0},
{""Index"":40,""RewardType"":2,""RewardID"":176050,""RewardTypeShow"":0},
{""Index"":41,""RewardType"":2,""RewardID"":170050,""RewardTypeShow"":0},
{""Index"":42,""RewardType"":2,""RewardID"":160049,""RewardTypeShow"":0},
{""Index"":43,""RewardType"":2,""RewardID"":162025,""RewardTypeShow"":0},
{""Index"":44,""RewardType"":2,""RewardID"":160050,""RewardTypeShow"":0},
{""Index"":45,""RewardType"":2,""RewardID"":160051,""RewardTypeShow"":0},
{""Index"":46,""RewardType"":2,""RewardID"":163029,""RewardTypeShow"":0},
{""Index"":47,""RewardType"":2,""RewardID"":165028,""RewardTypeShow"":0},
{""Index"":48,""RewardType"":2,""RewardID"":167028,""RewardTypeShow"":0},
{""Index"":49,""RewardType"":2,""RewardID"":171051,""RewardTypeShow"":0},
{""Index"":50,""RewardType"":2,""RewardID"":172051,""RewardTypeShow"":0},
{""Index"":51,""RewardType"":2,""RewardID"":174051,""RewardTypeShow"":0},
{""Index"":52,""RewardType"":2,""RewardID"":176051,""RewardTypeShow"":0},
{""Index"":53,""RewardType"":2,""RewardID"":170051,""RewardTypeShow"":0},
{""Index"":54,""RewardType"":2,""RewardID"":160052,""RewardTypeShow"":0},
{""Index"":55,""RewardType"":2,""RewardID"":169025,""RewardTypeShow"":0},
{""Index"":56,""RewardType"":2,""RewardID"":161025,""RewardTypeShow"":0},
{""Index"":57,""RewardType"":2,""RewardID"":162026,""RewardTypeShow"":0},
{""Index"":58,""RewardType"":2,""RewardID"":163030,""RewardTypeShow"":0},
{""Index"":59,""RewardType"":2,""RewardID"":165029,""RewardTypeShow"":0},
{""Index"":60,""RewardType"":2,""RewardID"":167029,""RewardTypeShow"":0},
{""Index"":61,""RewardType"":2,""RewardID"":171052,""RewardTypeShow"":0},
{""Index"":62,""RewardType"":2,""RewardID"":172052,""RewardTypeShow"":0},
{""Index"":63,""RewardType"":2,""RewardID"":174052,""RewardTypeShow"":0},
{""Index"":64,""RewardType"":2,""RewardID"":176052,""RewardTypeShow"":0},
{""Index"":65,""RewardType"":2,""RewardID"":170052,""RewardTypeShow"":0},
{""Index"":66,""RewardType"":2,""RewardID"":160053,""RewardTypeShow"":0},
{""Index"":67,""RewardType"":2,""RewardID"":169026,""RewardTypeShow"":0},
{""Index"":68,""RewardType"":2,""RewardID"":161026,""RewardTypeShow"":0},
{""Index"":69,""RewardType"":2,""RewardID"":162027,""RewardTypeShow"":0},
{""Index"":70,""RewardType"":2,""RewardID"":163031,""RewardTypeShow"":0},
{""Index"":71,""RewardType"":2,""RewardID"":165030,""RewardTypeShow"":0},
{""Index"":72,""RewardType"":2,""RewardID"":167030,""RewardTypeShow"":0},
{""Index"":73,""RewardType"":2,""RewardID"":171053,""RewardTypeShow"":0},
{""Index"":74,""RewardType"":2,""RewardID"":172053,""RewardTypeShow"":0},
{""Index"":75,""RewardType"":2,""RewardID"":174053,""RewardTypeShow"":0},
{""Index"":76,""RewardType"":2,""RewardID"":176053,""RewardTypeShow"":0},
{""Index"":77,""RewardType"":2,""RewardID"":170053,""RewardTypeShow"":0},
{""Index"":78,""RewardType"":2,""RewardID"":160054,""RewardTypeShow"":0},
{""Index"":79,""RewardType"":2,""RewardID"":169027,""RewardTypeShow"":0},
{""Index"":80,""RewardType"":2,""RewardID"":161027,""RewardTypeShow"":0},
{""Index"":81,""RewardType"":2,""RewardID"":162028,""RewardTypeShow"":0},
{""Index"":82,""RewardType"":2,""RewardID"":163032,""RewardTypeShow"":0},
{""Index"":83,""RewardType"":2,""RewardID"":165031,""RewardTypeShow"":0},
{""Index"":84,""RewardType"":2,""RewardID"":167031,""RewardTypeShow"":0},
{""Index"":85,""RewardType"":2,""RewardID"":171054,""RewardTypeShow"":0},
{""Index"":86,""RewardType"":2,""RewardID"":172054,""RewardTypeShow"":0},
{""Index"":87,""RewardType"":2,""RewardID"":174054,""RewardTypeShow"":0},
{""Index"":88,""RewardType"":2,""RewardID"":176054,""RewardTypeShow"":0},
{""Index"":89,""RewardType"":2,""RewardID"":170054,""RewardTypeShow"":0},
{""Index"":90,""RewardType"":2,""RewardID"":160055,""RewardTypeShow"":0},
{""Index"":91,""RewardType"":2,""RewardID"":160056,""RewardTypeShow"":0}
]",1,11210,,[],1,,0,,
400142,青石建筑,3,"[
{
""String"" : ""获得@item_11595#@1"",
""UnlockTaskId"" : 0
}
]",,"[
{
""Index"" : 1,
""Type"" : 3,
""GoalID1"" : ""I_11595"",
""GoalNum"" : 1,
""GoalCount"" : 1,
""GoalShow"" : 1
}
]","[
{""Index"":1,""RewardType"":2,""RewardID"":105,""RewardTypeShow"":1},
{""Index"":2,""RewardType"":2,""RewardID"":503,""RewardTypeShow"":1},
{""Index"":3,""RewardType"":2,""RewardID"":506,""RewardTypeShow"":1},
{""Index"":4,""RewardType"":2,""RewardID"":549,""RewardTypeShow"":1},
{""Index"":5,""RewardType"":2,""RewardID"":290,""RewardTypeShow"":1}
]",1,11595,,[],1,,0,,
400143,硫磺岩建筑,3,"[
{
""String"" : ""获得@item_124#@1"",
""UnlockTaskId"" : 0
}
]",,"[
{
""Index"" : 1,
""Type"" : 3,
""GoalID1"" : ""I_124"",
""GoalNum"" : 1,
""GoalCount"" : 1,
""GoalShow"" : 1
}
]","[
{""Index"":1,""RewardType"":2,""RewardID"":512,""RewardTypeShow"":1},
{""Index"":2,""RewardType"":2,""RewardID"":532,""RewardTypeShow"":1},
{""Index"":3,""RewardType"":2,""RewardID"":537,""RewardTypeShow"":1},
{""Index"":4,""RewardType"":2,""RewardID"":538,""RewardTypeShow"":1},
{""Index"":5,""RewardType"":2,""RewardID"":890,""RewardTypeShow"":1},
{""Index"":6,""RewardType"":2,""RewardID"":897,""RewardTypeShow"":1},
{""Index"":7,""RewardType"":2,""RewardID"":156,""RewardTypeShow"":0},
{""Index"":8,""RewardType"":2,""RewardID"":1248,""RewardTypeShow"":0},
{""Index"":9,""RewardType"":2,""RewardID"":1275,""RewardTypeShow"":0},
{""Index"":10,""RewardType"":2,""RewardID"":1319,""RewardTypeShow"":0},
{""Index"":11,""RewardType"":2,""RewardID"":1359,""RewardTypeShow"":0},
{""Index"":12,""RewardType"":2,""RewardID"":170005,""RewardTypeShow"":0},
{""Index"":13,""RewardType"":2,""RewardID"":171005,""RewardTypeShow"":0},
{""Index"":14,""RewardType"":2,""RewardID"":172005,""RewardTypeShow"":0},
{""Index"":15,""RewardType"":2,""RewardID"":174005,""RewardTypeShow"":0},
{""Index"":16,""RewardType"":2,""RewardID"":176005,""RewardTypeShow"":0}
]",1,124,,[],1,,0,,
400144,曙光建筑,3,"[
{
""String"" : ""获得@item_11206#@1"",
""UnlockTaskId"" : 0
}
]",,"[
{
""Index"" : 1,
""Type"" : 3,
""GoalID1"" : ""I_11206"",
""GoalNum"" : 1,
""GoalCount"" : 1,
""GoalShow"" : 1
}
]","[
{""Index"":1,""RewardType"":2,""RewardID"":536,""RewardTypeShow"":1},
{""Index"":2,""RewardType"":2,""RewardID"":899,""RewardTypeShow"":1},
{""Index"":3,""RewardType"":2,""RewardID"":900,""RewardTypeShow"":1},
{""Index"":4,""RewardType"":2,""RewardID"":933,""RewardTypeShow"":1},
{""Index"":5,""RewardType"":2,""RewardID"":936,""RewardTypeShow"":1},
{""Index"":6,""RewardType"":2,""RewardID"":898,""RewardTypeShow"":1},
{""Index"":7,""RewardType"":2,""RewardID"":862,""RewardTypeShow"":0},
{""Index"":8,""RewardType"":2,""RewardID"":863,""RewardTypeShow"":0},
{""Index"":9,""RewardType"":2,""RewardID"":864,""RewardTypeShow"":0},
{""Index"":10,""RewardType"":2,""RewardID"":865,""RewardTypeShow"":0},
{""Index"":11,""RewardType"":2,""RewardID"":866,""RewardTypeShow"":0},
{""Index"":12,""RewardType"":2,""RewardID"":867,""RewardTypeShow"":0},
{""Index"":13,""RewardType"":2,""RewardID"":868,""RewardTypeShow"":0},
{""Index"":14,""RewardType"":2,""RewardID"":869,""RewardTypeShow"":0},
{""Index"":15,""RewardType"":2,""RewardID"":870,""RewardTypeShow"":0},
{""Index"":16,""RewardType"":2,""RewardID"":871,""RewardTypeShow"":0},
{""Index"":17,""RewardType"":2,""RewardID"":872,""RewardTypeShow"":0},
{""Index"":18,""RewardType"":2,""RewardID"":873,""RewardTypeShow"":0},
{""Index"":19,""RewardType"":2,""RewardID"":874,""RewardTypeShow"":0},
{""Index"":20,""RewardType"":2,""RewardID"":875,""RewardTypeShow"":0},
{""Index"":21,""RewardType"":2,""RewardID"":876,""RewardTypeShow"":0},
{""Index"":22,""RewardType"":2,""RewardID"":877,""RewardTypeShow"":0},
{""Index"":23,""RewardType"":2,""RewardID"":290,""RewardTypeShow"":0},
{""Index"":24,""RewardType"":2,""RewardID"":291,""RewardTypeShow"":0},
{""Index"":25,""RewardType"":2,""RewardID"":297,""RewardTypeShow"":0},
{""Index"":26,""RewardType"":2,""RewardID"":300,""RewardTypeShow"":0},
{""Index"":27,""RewardType"":2,""RewardID"":861,""RewardTypeShow"":0},
{""Index"":28,""RewardType"":2,""RewardID"":1103,""RewardTypeShow"":0},
{""Index"":29,""RewardType"":2,""RewardID"":1110,""RewardTypeShow"":0}
]",1,11206,,[],1,,0,,
400145,水泥建筑,3,"[
{
""String"" : ""获得@item_101#@1"",
""UnlockTaskId"" : 0
}
]",,"[
{
""Index"" : 1,
""Type"" : 3,
""GoalID1"" : ""I_101"",
""GoalNum"" : 1,
""GoalCount"" : 1,
""GoalShow"" : 1
}
]","[
{""Index"":1,""RewardType"":2,""RewardID"":666,""RewardTypeShow"":1},
{""Index"":2,""RewardType"":2,""RewardID"":547,""RewardTypeShow"":1},
{""Index"":3,""RewardType"":2,""RewardID"":510,""RewardTypeShow"":1},
{""Index"":4,""RewardType"":2,""RewardID"":530,""RewardTypeShow"":1},
{""Index"":5,""RewardType"":2,""RewardID"":155,""RewardTypeShow"":1},
{""Index"":6,""RewardType"":2,""RewardID"":1247,""RewardTypeShow"":1},
{""Index"":7,""RewardType"":2,""RewardID"":1273,""RewardTypeShow"":0},
{""Index"":8,""RewardType"":2,""RewardID"":1317,""RewardTypeShow"":0},
{""Index"":9,""RewardType"":2,""RewardID"":1358,""RewardTypeShow"":0},
{""Index"":10,""RewardType"":2,""RewardID"":170004,""RewardTypeShow"":0},
{""Index"":11,""RewardType"":2,""RewardID"":171004,""RewardTypeShow"":0},
{""Index"":12,""RewardType"":2,""RewardID"":172004,""RewardTypeShow"":0},
{""Index"":13,""RewardType"":2,""RewardID"":174004,""RewardTypeShow"":0},
{""Index"":14,""RewardType"":2,""RewardID"":176004,""RewardTypeShow"":0}
]",1,101,,[],1,,0,,
400146,黄沙建筑,3,"[
{
""String"" : ""获得@item_29#@1"",
""UnlockTaskId"" : 0
}
]",,"[
{
""Index"" : 1,
""Type"" : 3,
""GoalID1"" : ""I_29"",
""GoalNum"" : 1,
""GoalCount"" : 1,
""GoalShow"" : 1
}
]","[
{""Index"":1,""RewardType"":2,""RewardID"":423,""RewardTypeShow"":1},
{""Index"":2,""RewardType"":2,""RewardID"":424,""RewardTypeShow"":1},
{""Index"":3,""RewardType"":2,""RewardID"":507,""RewardTypeShow"":1},
{""Index"":4,""RewardType"":2,""RewardID"":527,""RewardTypeShow"":1},
{""Index"":5,""RewardType"":2,""RewardID"":12054,""RewardTypeShow"":1},
{""Index"":6,""RewardType"":2,""RewardID"":599,""RewardTypeShow"":1},
{""Index"":7,""RewardType"":2,""RewardID"":172,""RewardTypeShow"":0},
{""Index"":8,""RewardType"":2,""RewardID"":1264,""RewardTypeShow"":0},
{""Index"":9,""RewardType"":2,""RewardID"":1307,""RewardTypeShow"":0},
{""Index"":10,""RewardType"":2,""RewardID"":1351,""RewardTypeShow"":0},
{""Index"":11,""RewardType"":2,""RewardID"":1375,""RewardTypeShow"":0},
{""Index"":12,""RewardType"":2,""RewardID"":170021,""RewardTypeShow"":0},
{""Index"":13,""RewardType"":2,""RewardID"":171021,""RewardTypeShow"":0},
{""Index"":14,""RewardType"":2,""RewardID"":172021,""RewardTypeShow"":0},
{""Index"":15,""RewardType"":2,""RewardID"":174021,""RewardTypeShow"":0},
{""Index"":16,""RewardType"":2,""RewardID"":176021,""RewardTypeShow"":0},
{""Index"":17,""RewardType"":2,""RewardID"":108,""RewardTypeShow"":0},
{""Index"":18,""RewardType"":2,""RewardID"":541,""RewardTypeShow"":0},
{""Index"":19,""RewardType"":2,""RewardID"":540,""RewardTypeShow"":0}
]",1,29,,[],1,,0,,
400147,精制石建筑,3,"[
{
""String"" : ""获得@item_104#@1"",
""UnlockTaskId"" : 0
}
]",,"[
{
""Index"" : 1,
""Type"" : 3,
""GoalID1"" : ""I_104"",
""GoalNum"" : 1,
""GoalCount"" : 1,
""GoalShow"" : 1
}
]","[
{""Index"":1,""RewardType"":2,""RewardID"":511,""RewardTypeShow"":1},
{""Index"":2,""RewardType"":2,""RewardID"":531,""RewardTypeShow"":1},
{""Index"":3,""RewardType"":2,""RewardID"":968,""RewardTypeShow"":1},
{""Index"":4,""RewardType"":2,""RewardID"":973,""RewardTypeShow"":1},
{""Index"":5,""RewardType"":2,""RewardID"":978,""RewardTypeShow"":1},
{""Index"":6,""RewardType"":2,""RewardID"":1201,""RewardTypeShow"":1},
{""Index"":7,""RewardType"":2,""RewardID"":390,""RewardTypeShow"":0},
{""Index"":8,""RewardType"":2,""RewardID"":1755,""RewardTypeShow"":0},
{""Index"":9,""RewardType"":2,""RewardID"":1756,""RewardTypeShow"":0},
{""Index"":10,""RewardType"":2,""RewardID"":158,""RewardTypeShow"":0},
{""Index"":11,""RewardType"":2,""RewardID"":1250,""RewardTypeShow"":0},
{""Index"":12,""RewardType"":2,""RewardID"":1279,""RewardTypeShow"":0},
{""Index"":13,""RewardType"":2,""RewardID"":1323,""RewardTypeShow"":0},
{""Index"":14,""RewardType"":2,""RewardID"":1361,""RewardTypeShow"":0},
{""Index"":15,""RewardType"":2,""RewardID"":170007,""RewardTypeShow"":0},
{""Index"":16,""RewardType"":2,""RewardID"":171007,""RewardTypeShow"":0},
{""Index"":17,""RewardType"":2,""RewardID"":172007,""RewardTypeShow"":0},
{""Index"":18,""RewardType"":2,""RewardID"":174007,""RewardTypeShow"":0},
{""Index"":19,""RewardType"":2,""RewardID"":176007,""RewardTypeShow"":0},
{""Index"":20,""RewardType"":2,""RewardID"":200378,""RewardTypeShow"":0},
{""Index"":21,""RewardType"":2,""RewardID"":501,""RewardTypeShow"":0},
{""Index"":22,""RewardType"":2,""RewardID"":200001,""RewardTypeShow"":0},
{""Index"":23,""RewardType"":2,""RewardID"":422,""RewardTypeShow"":0},
{""Index"":24,""RewardType"":2,""RewardID"":551,""RewardTypeShow"":0},
{""Index"":25,""RewardType"":2,""RewardID"":200008,""RewardTypeShow"":0},
{""Index"":26,""RewardType"":2,""RewardID"":504,""RewardTypeShow"":0},
{""Index"":27,""RewardType"":2,""RewardID"":683,""RewardTypeShow"":0},
{""Index"":28,""RewardType"":2,""RewardID"":684,""RewardTypeShow"":0}
]",1,104,,[],1,,0,,
400148,树枝配方,3,"[
{
""String"" : ""获得@item_11911#@1"",
""UnlockTaskId"" : 0
}
]",,"[
{
""Index"" : 1,
""Type"" : 3,
""GoalID1"" : ""I_11911"",
""GoalNum"" : 1,
""GoalCount"" : 1,
""GoalShow"" : 1
}
]","[
{""Index"":1,""RewardType"":2,""RewardID"":333,""RewardTypeShow"":1},
{""Index"":2,""RewardType"":2,""RewardID"":335,""RewardTypeShow"":1},
{""Index"":3,""RewardType"":2,""RewardID"":337,""RewardTypeShow"":1},
{""Index"":4,""RewardType"":2,""RewardID"":339,""RewardTypeShow"":1},
{""Index"":5,""RewardType"":2,""RewardID"":341,""RewardTypeShow"":1},
{""Index"":6,""RewardType"":2,""RewardID"":343,""RewardTypeShow"":1},
{""Index"":7,""RewardType"":2,""RewardID"":479,""RewardTypeShow"":0},
{""Index"":8,""RewardType"":2,""RewardID"":350,""RewardTypeShow"":0}
]",1,11911,,[],1,,0,,
400149,炽炎建筑,3,"[
{
""String"" : ""获得@item_11207#@1"",
""UnlockTaskId"" : 0
}
]",,"[
{
""Index"" : 1,
""Type"" : 3,
""GoalID1"" : ""I_11207"",
""GoalNum"" : 1,
""GoalCount"" : 1,
""GoalShow"" : 1
}
]","[
{""Index"":1,""RewardType"":2,""RewardID"":935,""RewardTypeShow"":1},
{""Index"":2,""RewardType"":2,""RewardID"":410,""RewardTypeShow"":1},
{""Index"":3,""RewardType"":2,""RewardID"":11207,""RewardTypeShow"":1},
{""Index"":4,""RewardType"":2,""RewardID"":857,""RewardTypeShow"":1},
{""Index"":5,""RewardType"":2,""RewardID"":895,""RewardTypeShow"":1},
{""Index"":6,""RewardType"":2,""RewardID"":751,""RewardTypeShow"":1},
{""Index"":7,""RewardType"":2,""RewardID"":755,""RewardTypeShow"":0},
{""Index"":8,""RewardType"":2,""RewardID"":163,""RewardTypeShow"":0},
{""Index"":9,""RewardType"":2,""RewardID"":1255,""RewardTypeShow"":0},
{""Index"":10,""RewardType"":2,""RewardID"":1289,""RewardTypeShow"":0},
{""Index"":11,""RewardType"":2,""RewardID"":1333,""RewardTypeShow"":0},
{""Index"":12,""RewardType"":2,""RewardID"":1366,""RewardTypeShow"":0},
{""Index"":13,""RewardType"":2,""RewardID"":170012,""RewardTypeShow"":0},
{""Index"":14,""RewardType"":2,""RewardID"":171012,""RewardTypeShow"":0},
{""Index"":15,""RewardType"":2,""RewardID"":172012,""RewardTypeShow"":0},
{""Index"":16,""RewardType"":2,""RewardID"":174012,""RewardTypeShow"":0},
{""Index"":17,""RewardType"":2,""RewardID"":176012,""RewardTypeShow"":0}
]",1,11207,,[],1,,0,,
400150,白雪建筑,3,"[
{
""String"" : ""获得@item_115#@1"",
""UnlockTaskId"" : 0
}
]",,"[
{
""Index"" : 1,
""Type"" : 3,
""GoalID1"" : ""I_115"",
""GoalNum"" : 1,
""GoalCount"" : 1,
""GoalShow"" : 1
}
]","[
{""Index"":1,""RewardType"":2,""RewardID"":122,""RewardTypeShow"":1},
{""Index"":2,""RewardType"":2,""RewardID"":160001,""RewardTypeShow"":1},
{""Index"":3,""RewardType"":2,""RewardID"":115,""RewardTypeShow"":1},
{""Index"":4,""RewardType"":2,""RewardID"":163001,""RewardTypeShow"":1},
{""Index"":5,""RewardType"":2,""RewardID"":165001,""RewardTypeShow"":1},
{""Index"":6,""RewardType"":2,""RewardID"":167001,""RewardTypeShow"":1},
{""Index"":7,""RewardType"":2,""RewardID"":164001,""RewardTypeShow"":0},
{""Index"":8,""RewardType"":2,""RewardID"":162001,""RewardTypeShow"":0},
{""Index"":9,""RewardType"":2,""RewardID"":122,""RewardTypeShow"":0},
{""Index"":10,""RewardType"":2,""RewardID"":170024,""RewardTypeShow"":0},
{""Index"":11,""RewardType"":2,""RewardID"":171024,""RewardTypeShow"":0},
{""Index"":12,""RewardType"":2,""RewardID"":172024,""RewardTypeShow"":0},
{""Index"":13,""RewardType"":2,""RewardID"":174024,""RewardTypeShow"":0},
{""Index"":14,""RewardType"":2,""RewardID"":176024,""RewardTypeShow"":0},
{""Index"":15,""RewardType"":2,""RewardID"":161001,""RewardTypeShow"":0},
{""Index"":16,""RewardType"":2,""RewardID"":163002,""RewardTypeShow"":0},
{""Index"":17,""RewardType"":2,""RewardID"":169001,""RewardTypeShow"":0},
{""Index"":18,""RewardType"":2,""RewardID"":165002,""RewardTypeShow"":0},
{""Index"":19,""RewardType"":2,""RewardID"":167002,""RewardTypeShow"":0},
{""Index"":20,""RewardType"":2,""RewardID"":164002,""RewardTypeShow"":0},
{""Index"":21,""RewardType"":2,""RewardID"":162002,""RewardTypeShow"":0},
{""Index"":22,""RewardType"":2,""RewardID"":170025,""RewardTypeShow"":0},
{""Index"":23,""RewardType"":2,""RewardID"":171025,""RewardTypeShow"":0},
{""Index"":24,""RewardType"":2,""RewardID"":172025,""RewardTypeShow"":0},
{""Index"":25,""RewardType"":2,""RewardID"":174025,""RewardTypeShow"":0},
{""Index"":26,""RewardType"":2,""RewardID"":176025,""RewardTypeShow"":0}
]",1,115,,[],1,,0,,
400151,星球岩建筑,3,"[
{
""String"" : ""获得@item_115#@1"",
""UnlockTaskId"" : 0
}
]",,"[
{
""Index"" : 1,
""Type"" : 3,
""GoalID1"" : ""I_116"",
""GoalNum"" : 1,
""GoalCount"" : 1,
""GoalShow"" : 1
}
]","[
{""Index"":1,""RewardType"":2,""RewardID"":570,""RewardTypeShow"":1},
{""Index"":2,""RewardType"":2,""RewardID"":571,""RewardTypeShow"":1},
{""Index"":3,""RewardType"":2,""RewardID"":572,""RewardTypeShow"":1},
{""Index"":4,""RewardType"":2,""RewardID"":573,""RewardTypeShow"":1},
{""Index"":5,""RewardType"":2,""RewardID"":152,""RewardTypeShow"":1},
{""Index"":6,""RewardType"":2,""RewardID"":1244,""RewardTypeShow"":1},
{""Index"":7,""RewardType"":2,""RewardID"":1267,""RewardTypeShow"":0},
{""Index"":8,""RewardType"":2,""RewardID"":1311,""RewardTypeShow"":0},
{""Index"":9,""RewardType"":2,""RewardID"":1355,""RewardTypeShow"":0},
{""Index"":10,""RewardType"":2,""RewardID"":170001,""RewardTypeShow"":0},
{""Index"":11,""RewardType"":2,""RewardID"":171001,""RewardTypeShow"":0},
{""Index"":12,""RewardType"":2,""RewardID"":172001,""RewardTypeShow"":0},
{""Index"":13,""RewardType"":2,""RewardID"":174001,""RewardTypeShow"":0},
{""Index"":14,""RewardType"":2,""RewardID"":176001,""RewardTypeShow"":0}
]",1,116,,[],1,,0,,
400152,冰建筑,3,"[
{
""String"" : ""获得@item_123#@1"",
""UnlockTaskId"" : 0
}
]",,"[
{
""Index"" : 1,
""Type"" : 3,
""GoalID1"" : ""I_123"",
""GoalNum"" : 1,
""GoalCount"" : 1,
""GoalShow"" : 1
}
]","[
{""Index"":1,""RewardType"":2,""RewardID"":430,""RewardTypeShow"":1},
{""Index"":2,""RewardType"":2,""RewardID"":15507,""RewardTypeShow"":1},
{""Index"":3,""RewardType"":2,""RewardID"":32,""RewardTypeShow"":1},
{""Index"":4,""RewardType"":2,""RewardID"":161002,""RewardTypeShow"":1},
{""Index"":5,""RewardType"":2,""RewardID"":163003,""RewardTypeShow"":1},
{""Index"":6,""RewardType"":2,""RewardID"":169002,""RewardTypeShow"":1},
{""Index"":7,""RewardType"":2,""RewardID"":165003,""RewardTypeShow"":0},
{""Index"":8,""RewardType"":2,""RewardID"":167003,""RewardTypeShow"":0},
{""Index"":9,""RewardType"":2,""RewardID"":164003,""RewardTypeShow"":0},
{""Index"":10,""RewardType"":2,""RewardID"":162003,""RewardTypeShow"":0},
{""Index"":11,""RewardType"":2,""RewardID"":160002,""RewardTypeShow"":0},
{""Index"":12,""RewardType"":2,""RewardID"":172026,""RewardTypeShow"":0},
{""Index"":13,""RewardType"":2,""RewardID"":174026,""RewardTypeShow"":0},
{""Index"":14,""RewardType"":2,""RewardID"":161003,""RewardTypeShow"":0},
{""Index"":15,""RewardType"":2,""RewardID"":163003,""RewardTypeShow"":0},
{""Index"":16,""RewardType"":2,""RewardID"":169003,""RewardTypeShow"":0},
{""Index"":17,""RewardType"":2,""RewardID"":165004,""RewardTypeShow"":0},
{""Index"":18,""RewardType"":2,""RewardID"":167004,""RewardTypeShow"":0},
{""Index"":19,""RewardType"":2,""RewardID"":164004,""RewardTypeShow"":0},
{""Index"":20,""RewardType"":2,""RewardID"":162004,""RewardTypeShow"":0},
{""Index"":21,""RewardType"":2,""RewardID"":170026,""RewardTypeShow"":0},
{""Index"":22,""RewardType"":2,""RewardID"":170027,""RewardTypeShow"":0},
{""Index"":23,""RewardType"":2,""RewardID"":171026,""RewardTypeShow"":0},
{""Index"":24,""RewardType"":2,""RewardID"":171027,""RewardTypeShow"":0},
{""Index"":25,""RewardType"":2,""RewardID"":172027,""RewardTypeShow"":0},
{""Index"":26,""RewardType"":2,""RewardID"":174027,""RewardTypeShow"":0},
{""Index"":27,""RewardType"":2,""RewardID"":176026,""RewardTypeShow"":0},
{""Index"":28,""RewardType"":2,""RewardID"":176027,""RewardTypeShow"":0},
{""Index"":29,""RewardType"":2,""RewardID"":163004,""RewardTypeShow"":0},
{""Index"":30,""RewardType"":2,""RewardID"":1102,""RewardTypeShow"":0}
]",1,123,,[],1,,0,,
400153,虚空物品,3,"[
{
""String"" : ""获得@item_200411#@1"",
""UnlockTaskId"" : 0
}
]",,"[
{
""Index"" : 1,
""Type"" : 3,
""GoalID1"" : ""I_200411"",
""GoalNum"" : 1,
""GoalCount"" : 1,
""GoalShow"" : 1
}
]","[
{""Index"":1,""RewardType"":2,""RewardID"":40,""RewardTypeShow"":1},
{""Index"":2,""RewardType"":2,""RewardID"":200389,""RewardTypeShow"":1},
{""Index"":3,""RewardType"":2,""RewardID"":200393,""RewardTypeShow"":1},
{""Index"":4,""RewardType"":2,""RewardID"":200394,""RewardTypeShow"":1},
{""Index"":5,""RewardType"":2,""RewardID"":200396,""RewardTypeShow"":1}
]",1,200411,,[],1,,0,,
400154,爆炸物,3,"[
{
""String"" : ""获得@item_448#@1"",
""UnlockTaskId"" : 0
}
]",,"[
{
""Index"" : 1,
""Type"" : 3,
""GoalID1"" : ""I_448"",
""GoalNum"" : 1,
""GoalCount"" : 1,
""GoalShow"" : 1
}
]","[
{""Index"":1,""RewardType"":2,""RewardID"":11306,""RewardTypeShow"":1},
{""Index"":2,""RewardType"":2,""RewardID"":881,""RewardTypeShow"":1},
{""Index"":3,""RewardType"":2,""RewardID"":12781,""RewardTypeShow"":1},
{""Index"":4,""RewardType"":2,""RewardID"":12280,""RewardTypeShow"":1},
{""Index"":5,""RewardType"":2,""RewardID"":12280,""RewardTypeShow"":1},
{""Index"":6,""RewardType"":2,""RewardID"":15506,""RewardTypeShow"":1},
{""Index"":7,""RewardType"":2,""RewardID"":11424,""RewardTypeShow"":0},
{""Index"":8,""RewardType"":2,""RewardID"":11638,""RewardTypeShow"":0},
{""Index"":9,""RewardType"":2,""RewardID"":12285,""RewardTypeShow"":0},
{""Index"":10,""RewardType"":2,""RewardID"":11631,""RewardTypeShow"":0},
{""Index"":11,""RewardType"":2,""RewardID"":12284,""RewardTypeShow"":0},
{""Index"":12,""RewardType"":2,""RewardID"":13505,""RewardTypeShow"":0}
]",1,448,,[],1,,0,,
400155,荧光灯,3,"[
{
""String"" : ""获得@item_837#@1"",
""UnlockTaskId"" : 0
}
]",,"[
{
""Index"" : 1,
""Type"" : 3,
""GoalID1"" : ""I_837"",
""GoalNum"" : 1,
""GoalCount"" : 1,
""GoalShow"" : 1
}
]","[
{""Index"":1,""RewardType"":2,""RewardID"":550,""RewardTypeShow"":1},
{""Index"":2,""RewardType"":2,""RewardID"":11318,""RewardTypeShow"":1},
{""Index"":3,""RewardType"":2,""RewardID"":1118,""RewardTypeShow"":1},
{""Index"":4,""RewardType"":2,""RewardID"":12589,""RewardTypeShow"":1},
{""Index"":5,""RewardType"":2,""RewardID"":12590,""RewardTypeShow"":1},
{""Index"":7,""RewardType"":2,""RewardID"":945,""RewardTypeShow"":1},
{""Index"":8,""RewardType"":2,""RewardID"":949,""RewardTypeShow"":0},
{""Index"":9,""RewardType"":2,""RewardID"":12830,""RewardTypeShow"":0},
{""Index"":10,""RewardType"":2,""RewardID"":13808,""RewardTypeShow"":0},
{""Index"":11,""RewardType"":2,""RewardID"":1137,""RewardTypeShow"":0},
{""Index"":12,""RewardType"":2,""RewardID"":1146,""RewardTypeShow"":0}
]",1,837,,[],1,,0,,
400156,桃林道具,3,"[
{
""String"" : ""进入桃林生态"",
""UnlockTaskId"" : 0
}
]",,"[
{
""Index"" : 1,
""Type"" : 14,
""GoalID1"" : ""B_BASIN_PEACH"",
""GoalNum"" : 1,
""GoalCount"" : 1,
""GoalShow"" : 1
}
]","[
{""Index"":1,""RewardType"":2,""RewardID"":133,""RewardTypeShow"":1},
{""Index"":2,""RewardType"":2,""RewardID"":723,""RewardTypeShow"":1},
{""Index"":3,""RewardType"":2,""RewardID"":12511,""RewardTypeShow"":1}
]",1,12288,,[],1,,0,,
400157,更多的家具,3,"[
{
""String"" : ""获得@item_206#@1"",
""UnlockTaskId"" : 0
}
]",,"[
{
""Index"" : 1,
""Type"" : 3,
""GoalID1"" : ""I_206"",
""GoalNum"" : 1,
""GoalCount"" : 1,
""GoalShow"" : 1
}
]","[
{""Index"":1,""RewardType"":2,""RewardID"":883,""RewardTypeShow"":1},
{""Index"":2,""RewardType"":2,""RewardID"":884,""RewardTypeShow"":1},
{""Index"":3,""RewardType"":2,""RewardID"":885,""RewardTypeShow"":1},
{""Index"":4,""RewardType"":2,""RewardID"":975,""RewardTypeShow"":1},
{""Index"":5,""RewardType"":2,""RewardID"":976,""RewardTypeShow"":1},
{""Index"":6,""RewardType"":2,""RewardID"":977,""RewardTypeShow"":1},
{""Index"":7,""RewardType"":2,""RewardID"":979,""RewardTypeShow"":0},
{""Index"":8,""RewardType"":2,""RewardID"":1811,""RewardTypeShow"":0},
{""Index"":9,""RewardType"":2,""RewardID"":1812,""RewardTypeShow"":0},
{""Index"":10,""RewardType"":2,""RewardID"":1813,""RewardTypeShow"":0},
{""Index"":11,""RewardType"":2,""RewardID"":1814,""RewardTypeShow"":0},
{""Index"":12,""RewardType"":2,""RewardID"":1815,""RewardTypeShow"":0},
{""Index"":13,""RewardType"":2,""RewardID"":1816,""RewardTypeShow"":0},
{""Index"":14,""RewardType"":2,""RewardID"":1817,""RewardTypeShow"":0},
{""Index"":15,""RewardType"":2,""RewardID"":1818,""RewardTypeShow"":0},
{""Index"":16,""RewardType"":2,""RewardID"":1819,""RewardTypeShow"":0},
{""Index"":17,""RewardType"":2,""RewardID"":1820,""RewardTypeShow"":0},
{""Index"":18,""RewardType"":2,""RewardID"":1821,""RewardTypeShow"":0},
{""Index"":19,""RewardType"":2,""RewardID"":1822,""RewardTypeShow"":0},
{""Index"":20,""RewardType"":2,""RewardID"":1823,""RewardTypeShow"":0},
{""Index"":21,""RewardType"":2,""RewardID"":1824,""RewardTypeShow"":0},
{""Index"":22,""RewardType"":2,""RewardID"":1825,""RewardTypeShow"":0},
{""Index"":23,""RewardType"":2,""RewardID"":1826,""RewardTypeShow"":0},
{""Index"":24,""RewardType"":2,""RewardID"":1827,""RewardTypeShow"":0},
{""Index"":25,""RewardType"":2,""RewardID"":1828,""RewardTypeShow"":0},
{""Index"":26,""RewardType"":2,""RewardID"":1829,""RewardTypeShow"":0},
{""Index"":27,""RewardType"":2,""RewardID"":1830,""RewardTypeShow"":0},
{""Index"":28,""RewardType"":2,""RewardID"":1831,""RewardTypeShow"":0},
{""Index"":29,""RewardType"":2,""RewardID"":1832,""RewardTypeShow"":0},
{""Index"":30,""RewardType"":2,""RewardID"":1833,""RewardTypeShow"":0},
{""Index"":31,""RewardType"":2,""RewardID"":1834,""RewardTypeShow"":0},
{""Index"":32,""RewardType"":2,""RewardID"":1835,""RewardTypeShow"":0},
{""Index"":33,""RewardType"":2,""RewardID"":1836,""RewardTypeShow"":0},
{""Index"":34,""RewardType"":2,""RewardID"":1837,""RewardTypeShow"":0},
{""Index"":35,""RewardType"":2,""RewardID"":1838,""RewardTypeShow"":0},
{""Index"":36,""RewardType"":2,""RewardID"":1839,""RewardTypeShow"":0},
{""Index"":37,""RewardType"":2,""RewardID"":1840,""RewardTypeShow"":0},
{""Index"":38,""RewardType"":2,""RewardID"":1841,""RewardTypeShow"":0},
{""Index"":39,""RewardType"":2,""RewardID"":1842,""RewardTypeShow"":0},
{""Index"":40,""RewardType"":2,""RewardID"":1843,""RewardTypeShow"":0},
{""Index"":41,""RewardType"":2,""RewardID"":1844,""RewardTypeShow"":0},
{""Index"":42,""RewardType"":2,""RewardID"":1845,""RewardTypeShow"":0},
{""Index"":43,""RewardType"":2,""RewardID"":1846,""RewardTypeShow"":0},
{""Index"":44,""RewardType"":2,""RewardID"":1847,""RewardTypeShow"":0},
{""Index"":45,""RewardType"":2,""RewardID"":1848,""RewardTypeShow"":0},
{""Index"":46,""RewardType"":2,""RewardID"":1849,""RewardTypeShow"":0},
{""Index"":47,""RewardType"":2,""RewardID"":1850,""RewardTypeShow"":0},
{""Index"":48,""RewardType"":2,""RewardID"":1851,""RewardTypeShow"":0},
{""Index"":49,""RewardType"":2,""RewardID"":1852,""RewardTypeShow"":0},
{""Index"":50,""RewardType"":2,""RewardID"":1853,""RewardTypeShow"":0},
{""Index"":51,""RewardType"":2,""RewardID"":1854,""RewardTypeShow"":0},
{""Index"":52,""RewardType"":2,""RewardID"":1855,""RewardTypeShow"":0},
{""Index"":53,""RewardType"":2,""RewardID"":1856,""RewardTypeShow"":0},
{""Index"":54,""RewardType"":2,""RewardID"":1857,""RewardTypeShow"":0},
{""Index"":55,""RewardType"":2,""RewardID"":1858,""RewardTypeShow"":0},
{""Index"":56,""RewardType"":2,""RewardID"":1859,""RewardTypeShow"":0},
{""Index"":57,""RewardType"":2,""RewardID"":1860,""RewardTypeShow"":0},
{""Index"":58,""RewardType"":2,""RewardID"":1861,""RewardTypeShow"":0},
{""Index"":59,""RewardType"":2,""RewardID"":1862,""RewardTypeShow"":0},
{""Index"":60,""RewardType"":2,""RewardID"":1863,""RewardTypeShow"":0},
{""Index"":61,""RewardType"":2,""RewardID"":1864,""RewardTypeShow"":0},
{""Index"":62,""RewardType"":2,""RewardID"":1865,""RewardTypeShow"":0},
{""Index"":63,""RewardType"":2,""RewardID"":1866,""RewardTypeShow"":0},
{""Index"":64,""RewardType"":2,""RewardID"":1867,""RewardTypeShow"":0},
{""Index"":65,""RewardType"":2,""RewardID"":1868,""RewardTypeShow"":0},
{""Index"":66,""RewardType"":2,""RewardID"":1869,""RewardTypeShow"":0},
{""Index"":67,""RewardType"":2,""RewardID"":1870,""RewardTypeShow"":0},
{""Index"":68,""RewardType"":2,""RewardID"":1871,""RewardTypeShow"":0},
{""Index"":69,""RewardType"":2,""RewardID"":1872,""RewardTypeShow"":0},
{""Index"":70,""RewardType"":2,""RewardID"":1874,""RewardTypeShow"":0},
{""Index"":71,""RewardType"":2,""RewardID"":1875,""RewardTypeShow"":0},
{""Index"":72,""RewardType"":2,""RewardID"":1876,""RewardTypeShow"":0},
{""Index"":73,""RewardType"":2,""RewardID"":1877,""RewardTypeShow"":0},
{""Index"":74,""RewardType"":2,""RewardID"":1878,""RewardTypeShow"":0},
{""Index"":75,""RewardType"":2,""RewardID"":1879,""RewardTypeShow"":0},
{""Index"":76,""RewardType"":2,""RewardID"":1880,""RewardTypeShow"":0},
{""Index"":77,""RewardType"":2,""RewardID"":1881,""RewardTypeShow"":0},
{""Index"":78,""RewardType"":2,""RewardID"":1882,""RewardTypeShow"":0},
{""Index"":79,""RewardType"":2,""RewardID"":1883,""RewardTypeShow"":0},
{""Index"":80,""RewardType"":2,""RewardID"":200371,""RewardTypeShow"":0},
{""Index"":81,""RewardType"":2,""RewardID"":820,""RewardTypeShow"":0}
]",1,206,,[],1,,0,,
400158,更多的种子,3,"[
{
""String"" : ""获得@item_12506#@1"",
""UnlockTaskId"" : 0
}
]",,"[
{
""Index"" : 1,
""Type"" : 3,
""GoalID1"" : ""IG_12506"",
""GoalNum"" : 1,
""GoalCount"" : 1,
""GoalShow"" : 1
}
]","[
{""Index"":1,""RewardType"":2,""RewardID"":431,""RewardTypeShow"":1},
{""Index"":2,""RewardType"":2,""RewardID"":432,""RewardTypeShow"":1},
{""Index"":3,""RewardType"":2,""RewardID"":433,""RewardTypeShow"":1},
{""Index"":4,""RewardType"":2,""RewardID"":434,""RewardTypeShow"":1},
{""Index"":5,""RewardType"":2,""RewardID"":435,""RewardTypeShow"":1},
{""Index"":6,""RewardType"":2,""RewardID"":436,""RewardTypeShow"":1},
{""Index"":7,""RewardType"":2,""RewardID"":437,""RewardTypeShow"":0},
{""Index"":8,""RewardType"":2,""RewardID"":438,""RewardTypeShow"":0},
{""Index"":9,""RewardType"":2,""RewardID"":439,""RewardTypeShow"":0},
{""Index"":10,""RewardType"":2,""RewardID"":440,""RewardTypeShow"":0},
{""Index"":11,""RewardType"":2,""RewardID"":441,""RewardTypeShow"":0},
{""Index"":12,""RewardType"":2,""RewardID"":442,""RewardTypeShow"":0},
{""Index"":13,""RewardType"":2,""RewardID"":443,""RewardTypeShow"":0},
{""Index"":14,""RewardType"":2,""RewardID"":444,""RewardTypeShow"":0},
{""Index"":15,""RewardType"":2,""RewardID"":263,""RewardTypeShow"":0},
{""Index"":16,""RewardType"":2,""RewardID"":11405,""RewardTypeShow"":0},
{""Index"":17,""RewardType"":2,""RewardID"":11406,""RewardTypeShow"":0},
{""Index"":18,""RewardType"":2,""RewardID"":11407,""RewardTypeShow"":0},
{""Index"":19,""RewardType"":2,""RewardID"":11408,""RewardTypeShow"":0},
{""Index"":20,""RewardType"":2,""RewardID"":11409,""RewardTypeShow"":0},
{""Index"":21,""RewardType"":2,""RewardID"":11410,""RewardTypeShow"":0},
{""Index"":22,""RewardType"":2,""RewardID"":11411,""RewardTypeShow"":0},
{""Index"":23,""RewardType"":2,""RewardID"":11412,""RewardTypeShow"":0},
{""Index"":24,""RewardType"":2,""RewardID"":11666,""RewardTypeShow"":0},
{""Index"":25,""RewardType"":2,""RewardID"":11825,""RewardTypeShow"":0},
{""Index"":26,""RewardType"":2,""RewardID"":760,""RewardTypeShow"":0},
{""Index"":27,""RewardType"":2,""RewardID"":11419,""RewardTypeShow"":0},
{""Index"":28,""RewardType"":2,""RewardID"":11420,""RewardTypeShow"":0},
{""Index"":29,""RewardType"":2,""RewardID"":1194,""RewardTypeShow"":0},
{""Index"":30,""RewardType"":2,""RewardID"":383,""RewardTypeShow"":0},
{""Index"":31,""RewardType"":2,""RewardID"":200418,""RewardTypeShow"":0},
{""Index"":32,""RewardType"":2,""RewardID"":200419,""RewardTypeShow"":0}
]",1,12506,,[],1,,0,,
400159,飞艇道具,3,"[
{
""String"" : ""进入桃林生态"",
""UnlockTaskId"" : 0
}
]",,"[
{
""Index"" : 1,
""Type"" : 14,
""GoalID1"" : ""B_BIOME_AIRSHIP"",
""GoalNum"" : 1,
""GoalCount"" : 1,
""GoalShow"" : 1
}
]","[
{""Index"":1,""RewardType"":2,""RewardID"":11676,""RewardTypeShow"":1},
{""Index"":2,""RewardType"":2,""RewardID"":13274,""RewardTypeShow"":1},
{""Index"":3,""RewardType"":2,""RewardID"":13275,""RewardTypeShow"":1},
{""Index"":4,""RewardType"":2,""RewardID"":1989,""RewardTypeShow"":1}
]",1,12288,,[],1,,0,,
400160,蘑古与魔古建材,3,"[
{
""String"" : ""进入星尘之境"",
""UnlockTaskId"" : 0
}
]",,"[
{
""Index"" : 1,
""Type"" : 14,
""GoalID1"" : ""B_RUNE_RELIC"",
""GoalNum"" : 1,
""GoalCount"" : 1,
""GoalShow"" : 1
}
]","[
{""Index"":1,""RewardType"":2,""RewardID"":200235,""RewardTypeShow"":1},
{""Index"":2,""RewardType"":2,""RewardID"":200236,""RewardTypeShow"":1},
{""Index"":3,""RewardType"":2,""RewardID"":200237,""RewardTypeShow"":1},
{""Index"":4,""RewardType"":2,""RewardID"":200238,""RewardTypeShow"":1},
{""Index"":5,""RewardType"":2,""RewardID"":200239,""RewardTypeShow"":1},
{""Index"":6,""RewardType"":2,""RewardID"":200240,""RewardTypeShow"":1},
{""Index"":7,""RewardType"":2,""RewardID"":161015,""RewardTypeShow"":1},
{""Index"":8,""RewardType"":2,""RewardID"":162016,""RewardTypeShow"":1},
{""Index"":9,""RewardType"":2,""RewardID"":169015,""RewardTypeShow"":1},
{""Index"":10,""RewardType"":2,""RewardID"":160028,""RewardTypeShow"":1},
{""Index"":11,""RewardType"":2,""RewardID"":163017,""RewardTypeShow"":1},
{""Index"":12,""RewardType"":2,""RewardID"":165016,""RewardTypeShow"":1},
{""Index"":13,""RewardType"":2,""RewardID"":167016,""RewardTypeShow"":1},
{""Index"":14,""RewardType"":2,""RewardID"":171039,""RewardTypeShow"":1},
{""Index"":15,""RewardType"":2,""RewardID"":172039,""RewardTypeShow"":1},
{""Index"":16,""RewardType"":2,""RewardID"":174039,""RewardTypeShow"":1},
{""Index"":17,""RewardType"":2,""RewardID"":170039,""RewardTypeShow"":1},
{""Index"":18,""RewardType"":2,""RewardID"":176039,""RewardTypeShow"":1},
{""Index"":19,""RewardType"":2,""RewardID"":161016,""RewardTypeShow"":1},
{""Index"":20,""RewardType"":2,""RewardID"":162017,""RewardTypeShow"":1},
{""Index"":21,""RewardType"":2,""RewardID"":169016,""RewardTypeShow"":1},
{""Index"":22,""RewardType"":2,""RewardID"":163027,""RewardTypeShow"":1},
{""Index"":23,""RewardType"":2,""RewardID"":165026,""RewardTypeShow"":1},
{""Index"":24,""RewardType"":2,""RewardID"":167026,""RewardTypeShow"":1},
{""Index"":25,""RewardType"":2,""RewardID"":170049,""RewardTypeShow"":1},
{""Index"":26,""RewardType"":2,""RewardID"":171049,""RewardTypeShow"":1},
{""Index"":27,""RewardType"":2,""RewardID"":172049,""RewardTypeShow"":1},
{""Index"":28,""RewardType"":2,""RewardID"":174049,""RewardTypeShow"":1},
{""Index"":29,""RewardType"":2,""RewardID"":176049,""RewardTypeShow"":1},
{""Index"":30,""RewardType"":2,""RewardID"":200243,""RewardTypeShow"":1},
{""Index"":31,""RewardType"":2,""RewardID"":200244,""RewardTypeShow"":1},
{""Index"":32,""RewardType"":2,""RewardID"":200245,""RewardTypeShow"":1},
{""Index"":33,""RewardType"":2,""RewardID"":160029,""RewardTypeShow"":1},
{""Index"":34,""RewardType"":2,""RewardID"":163018,""RewardTypeShow"":1},
{""Index"":35,""RewardType"":2,""RewardID"":165017,""RewardTypeShow"":1},
{""Index"":36,""RewardType"":2,""RewardID"":167017,""RewardTypeShow"":1},
{""Index"":37,""RewardType"":2,""RewardID"":171040,""RewardTypeShow"":1},
{""Index"":38,""RewardType"":2,""RewardID"":172040,""RewardTypeShow"":1},
{""Index"":39,""RewardType"":2,""RewardID"":174040,""RewardTypeShow"":1},
{""Index"":40,""RewardType"":2,""RewardID"":170040,""RewardTypeShow"":1},
{""Index"":41,""RewardType"":2,""RewardID"":176040,""RewardTypeShow"":1},
{""Index"":42,""RewardType"":2,""RewardID"":201701,""RewardTypeShow"":1},
{""Index"":43,""RewardType"":2,""RewardID"":201702,""RewardTypeShow"":1},
{""Index"":44,""RewardType"":2,""RewardID"":201703,""RewardTypeShow"":1},
{""Index"":45,""RewardType"":2,""RewardID"":200250,""RewardTypeShow"":1},
{""Index"":46,""RewardType"":2,""RewardID"":201766,""RewardTypeShow"":1},
{""Index"":47,""RewardType"":2,""RewardID"":201705,""RewardTypeShow"":1},
{""Index"":48,""RewardType"":2,""RewardID"":160026,""RewardTypeShow"":1},
{""Index"":49,""RewardType"":2,""RewardID"":160027,""RewardTypeShow"":1},
{""Index"":50,""RewardType"":2,""RewardID"":200234,""RewardTypeShow"":1},
{""Index"":51,""RewardType"":2,""RewardID"":770,""RewardTypeShow"":1},
{""Index"":52,""RewardType"":2,""RewardID"":200247,""RewardTypeShow"":1},
{""Index"":53,""RewardType"":2,""RewardID"":200232,""RewardTypeShow"":1},
{""Index"":54,""RewardType"":2,""RewardID"":200233,""RewardTypeShow"":1},
{""Index"":55,""RewardType"":2,""RewardID"":550120,""RewardTypeShow"":1},
{""Index"":56,""RewardType"":2,""RewardID"":200262,""RewardTypeShow"":1},
{""Index"":57,""RewardType"":2,""RewardID"":550121,""RewardTypeShow"":1},
{""Index"":58,""RewardType"":2,""RewardID"":15078,""RewardTypeShow"":1},
{""Index"":59,""RewardType"":2,""RewardID"":11115,""RewardTypeShow"":1},
{""Index"":60,""RewardType"":2,""RewardID"":12320,""RewardTypeShow"":1},
{""Index"":61,""RewardType"":2,""RewardID"":12321,""RewardTypeShow"":1},
{""Index"":62,""RewardType"":2,""RewardID"":12322,""RewardTypeShow"":1},
{""Index"":63,""RewardType"":2,""RewardID"":12323,""RewardTypeShow"":1},
{""Index"":64,""RewardType"":2,""RewardID"":11776,""RewardTypeShow"":1},
{""Index"":65,""RewardType"":2,""RewardID"":11778,""RewardTypeShow"":1},
{""Index"":66,""RewardType"":2,""RewardID"":201019,""RewardTypeShow"":1}
]",1,160028,,[],1,,0,,
400161,宝石蓝与花青紫建材,3,"[
{
""String"" : ""新的建筑材料"",
""UnlockTaskId"" : 0
}
]",,"[
{
""Index"" : 1,
""Type"" : 14,
""GoalID1"" : ""B_STAR_FOREST"",
""GoalNum"" : 1,
""GoalCount"" : 1,
""GoalShow"" : 1
}
]","[
{""Index"":1,""RewardType"":2,""RewardID"":160030,""RewardTypeShow"":1},
{""Index"":2,""RewardType"":2,""RewardID"":161017,""RewardTypeShow"":1},
{""Index"":3,""RewardType"":2,""RewardID"":162018,""RewardTypeShow"":1},
{""Index"":4,""RewardType"":2,""RewardID"":169017,""RewardTypeShow"":1},
{""Index"":5,""RewardType"":2,""RewardID"":163019,""RewardTypeShow"":1},
{""Index"":6,""RewardType"":2,""RewardID"":165018,""RewardTypeShow"":1},
{""Index"":7,""RewardType"":2,""RewardID"":167018,""RewardTypeShow"":1},
{""Index"":8,""RewardType"":2,""RewardID"":171041,""RewardTypeShow"":1},
{""Index"":9,""RewardType"":2,""RewardID"":172041,""RewardTypeShow"":1},
{""Index"":10,""RewardType"":2,""RewardID"":174041,""RewardTypeShow"":1},
{""Index"":11,""RewardType"":2,""RewardID"":170041,""RewardTypeShow"":1},
{""Index"":12,""RewardType"":2,""RewardID"":176041,""RewardTypeShow"":1},
{""Index"":13,""RewardType"":2,""RewardID"":160031,""RewardTypeShow"":1},
{""Index"":14,""RewardType"":2,""RewardID"":161018,""RewardTypeShow"":1},
{""Index"":15,""RewardType"":2,""RewardID"":162019,""RewardTypeShow"":1},
{""Index"":16,""RewardType"":2,""RewardID"":169018,""RewardTypeShow"":1},
{""Index"":17,""RewardType"":2,""RewardID"":163020,""RewardTypeShow"":1},
{""Index"":18,""RewardType"":2,""RewardID"":165019,""RewardTypeShow"":1},
{""Index"":19,""RewardType"":2,""RewardID"":167019,""RewardTypeShow"":1},
{""Index"":20,""RewardType"":2,""RewardID"":171042,""RewardTypeShow"":1},
{""Index"":21,""RewardType"":2,""RewardID"":172042,""RewardTypeShow"":1},
{""Index"":22,""RewardType"":2,""RewardID"":174042,""RewardTypeShow"":1},
{""Index"":23,""RewardType"":2,""RewardID"":170042,""RewardTypeShow"":1},
{""Index"":24,""RewardType"":2,""RewardID"":176042,""RewardTypeShow"":1},
{""Index"":25,""RewardType"":2,""RewardID"":201020,""RewardTypeShow"":1},
{""Index"":26,""RewardType"":2,""RewardID"":15082,""RewardTypeShow"":1}
]",1,160030,,[],1,,0,,
400162,菇板建材与蘑菇家具,3,"[
{
""String"" : ""获得@item_201901#@1"",
""UnlockTaskId"" : 0
}
]",,"[
{
""Index"" : 1,
""Type"" : 3,
""GoalID1"" : ""I_201901"",
""GoalNum"" : 1,
""GoalCount"" : 1,
""GoalShow"" : 1
}
]","[
{""Index"":1,""RewardType"":2,""RewardID"":160034,""RewardTypeShow"":1},
{""Index"":2,""RewardType"":2,""RewardID"":161021,""RewardTypeShow"":1},
{""Index"":3,""RewardType"":2,""RewardID"":162022,""RewardTypeShow"":1},
{""Index"":4,""RewardType"":2,""RewardID"":169021,""RewardTypeShow"":1},
{""Index"":5,""RewardType"":2,""RewardID"":163023,""RewardTypeShow"":1},
{""Index"":6,""RewardType"":2,""RewardID"":165022,""RewardTypeShow"":1},
{""Index"":7,""RewardType"":2,""RewardID"":167022,""RewardTypeShow"":1},
{""Index"":8,""RewardType"":2,""RewardID"":171045,""RewardTypeShow"":1},
{""Index"":9,""RewardType"":2,""RewardID"":172045,""RewardTypeShow"":1},
{""Index"":10,""RewardType"":2,""RewardID"":174045,""RewardTypeShow"":1},
{""Index"":11,""RewardType"":2,""RewardID"":170045,""RewardTypeShow"":1},
{""Index"":12,""RewardType"":2,""RewardID"":176045,""RewardTypeShow"":1},
{""Index"":13,""RewardType"":2,""RewardID"":201747,""RewardTypeShow"":1},
{""Index"":14,""RewardType"":2,""RewardID"":201748,""RewardTypeShow"":1},
{""Index"":15,""RewardType"":2,""RewardID"":201749,""RewardTypeShow"":1},
{""Index"":16,""RewardType"":2,""RewardID"":201750,""RewardTypeShow"":1},
{""Index"":17,""RewardType"":2,""RewardID"":201751,""RewardTypeShow"":1},
{""Index"":18,""RewardType"":2,""RewardID"":201752,""RewardTypeShow"":1},
{""Index"":19,""RewardType"":2,""RewardID"":201753,""RewardTypeShow"":1},
{""Index"":20,""RewardType"":2,""RewardID"":201769,""RewardTypeShow"":1},
{""Index"":21,""RewardType"":2,""RewardID"":201770,""RewardTypeShow"":1},
{""Index"":22,""RewardType"":2,""RewardID"":201767,""RewardTypeShow"":1},
{""Index"":23,""RewardType"":2,""RewardID"":201768,""RewardTypeShow"":1},
{""Index"":24,""RewardType"":2,""RewardID"":201706,""RewardTypeShow"":1},
{""Index"":25,""RewardType"":2,""RewardID"":201901,""RewardTypeShow"":1}
]",1,201747,,[],1,,0,,
400163,水磨石建材,3,"[
{
""String"" : ""获得@item_43#@1"",
""UnlockTaskId"" : 0
}
]",,"[
{
""Index"" : 1,
""Type"" : 3,
""GoalID1"" : ""I_43"",
""GoalNum"" : 1,
""GoalCount"" : 1,
""GoalShow"" : 1
}
]","[
{""Index"":1,""RewardType"":2,""RewardID"":160032,""RewardTypeShow"":1},
{""Index"":2,""RewardType"":2,""RewardID"":161019,""RewardTypeShow"":1},
{""Index"":3,""RewardType"":2,""RewardID"":162020,""RewardTypeShow"":1},
{""Index"":4,""RewardType"":2,""RewardID"":169019,""RewardTypeShow"":1},
{""Index"":5,""RewardType"":2,""RewardID"":163021,""RewardTypeShow"":1},
{""Index"":6,""RewardType"":2,""RewardID"":165020,""RewardTypeShow"":1},
{""Index"":7,""RewardType"":2,""RewardID"":167020,""RewardTypeShow"":1},
{""Index"":8,""RewardType"":2,""RewardID"":171043,""RewardTypeShow"":1},
{""Index"":9,""RewardType"":2,""RewardID"":172043,""RewardTypeShow"":1},
{""Index"":10,""RewardType"":2,""RewardID"":174043,""RewardTypeShow"":1},
{""Index"":11,""RewardType"":2,""RewardID"":170043,""RewardTypeShow"":1},
{""Index"":12,""RewardType"":2,""RewardID"":176043,""RewardTypeShow"":1}
]",1,160032,,[],1,,0,,
400164,星辉家具,3,"[
{
""String"" : ""获得@item_201912#@1"",
""UnlockTaskId"" : 0
}
]",,"[
{
""Index"" : 1,
""Type"" : 3,
""GoalID1"" : ""I_201912"",
""GoalNum"" : 1,
""GoalCount"" : 1,
""GoalShow"" : 1
}
]","[
{""Index"":1,""RewardType"":2,""RewardID"":201736,""RewardTypeShow"":1},
{""Index"":2,""RewardType"":2,""RewardID"":201737,""RewardTypeShow"":1},
{""Index"":3,""RewardType"":2,""RewardID"":201738,""RewardTypeShow"":1},
{""Index"":4,""RewardType"":2,""RewardID"":201739,""RewardTypeShow"":1},
{""Index"":5,""RewardType"":2,""RewardID"":201740,""RewardTypeShow"":1},
{""Index"":6,""RewardType"":2,""RewardID"":201741,""RewardTypeShow"":1},
{""Index"":7,""RewardType"":2,""RewardID"":201742,""RewardTypeShow"":1},
{""Index"":8,""RewardType"":2,""RewardID"":201743,""RewardTypeShow"":1},
{""Index"":9,""RewardType"":2,""RewardID"":201735,""RewardTypeShow"":1},
{""Index"":10,""RewardType"":2,""RewardID"":201744,""RewardTypeShow"":1},
{""Index"":11,""RewardType"":2,""RewardID"":201745,""RewardTypeShow"":1},
{""Index"":12,""RewardType"":2,""RewardID"":201771,""RewardTypeShow"":1}
]",1,201735,,[],1,,0,,
500001,图鉴-蘑菇法棒,4,"[
{
""String"": ""通过蘑菇国王兑换获得。"",
""UnlockTaskId"": 0
}
]","[
""通过蘑菇国王兑换获得。""
]","[
{
""Index"": 1,
""Type"": 3,
""GoalID1"": ""I_11774"",
""GoalNum"": 1
}
]","[
{""Index"":1,""RewardType"":1,""RewardID"":0,""RewardNum"":10}
]",2,11774,,[],,0,1,102030765,11774
500002,图鉴-蘑菇拳套,4,"[
{
""String"": ""制作获得蘑菇拳套×1。"",
""UnlockTaskId"": 0
}
]","[
""制作获得蘑菇拳套×1。""
]","[
{
""Index"": 1,
""Type"": 3,
""GoalID1"": ""I_11775"",
""GoalNum"": 1
}
]","[
{""Index"":1,""RewardType"":1,""RewardID"":0,""RewardNum"":10}
]",2,11775,,[],,0,1,102030765,11775
500003,图鉴-星落法杖,4,"[
{
""String"": ""制作获得星落法杖×1。"",
""UnlockTaskId"": 0
}
]","[
""制作获得星落法杖×1。""
]","[
{
""Index"": 1,
""Type"": 3,
""GoalID1"": ""I_11776"",
""GoalNum"": 1
}
]","[
{""Index"":1,""RewardType"":1,""RewardID"":0,""RewardNum"":10}
]",2,11776,,[],,0,1,102030765,11776
500004,图鉴-星芒剑,4,"[
{
""String"": ""制作获得星芒剑×1。"",
""UnlockTaskId"": 0
}
]","[
""制作获得星芒剑×1。""
]","[
{
""Index"": 1,
""Type"": 3,
""GoalID1"": ""I_11777"",
""GoalNum"": 1
}
]","[
{""Index"":1,""RewardType"":1,""RewardID"":0,""RewardNum"":10}
]",2,11777,,[],,0,1,102030765,11777
500005,图鉴-星尘弓,4,"[
{
""String"": ""制作获得星尘弓×1。"",
""UnlockTaskId"": 0
}
]","[
""制作获得星尘弓×1。""
]","[
{
""Index"": 1,
""Type"": 3,
""GoalID1"": ""I_11778"",
""GoalNum"": 1
}
]","[
{""Index"":1,""RewardType"":1,""RewardID"":0,""RewardNum"":10}
]",2,11778,,[],,0,1,102030765,11778
500006,图鉴-符文帽,4,"[
{
""String"": ""制作获得符文帽×1。"",
""UnlockTaskId"": 0
}
]","[
""制作获得符文帽×1。""
]","[
{
""Index"": 1,
""Type"": 3,
""GoalID1"": ""I_12320"",
""GoalNum"": 1
}
]","[
{""Index"":1,""RewardType"":1,""RewardID"":0,""RewardNum"":10}
]",2,12320,,[],,0,1,102030765,12320
500007,图鉴-符文服,4,"[
{
""String"": ""制作获得符文服×1。"",
""UnlockTaskId"": 0
}
]","[
""制作获得符文服×1。""
]","[
{
""Index"": 1,
""Type"": 3,
""GoalID1"": ""I_12321"",
""GoalNum"": 1
}
]","[
{""Index"":1,""RewardType"":1,""RewardID"":0,""RewardNum"":10}
]",2,12321,,[],,0,1,102030765,12321
500008,图鉴-符文裤,4,"[
{
""String"": ""制作获得符文裤×1。"",
""UnlockTaskId"": 0
}
]","[
""制作获得符文裤×1。""
]","[
{
""Index"": 1,
""Type"": 3,
""GoalID1"": ""I_12322"",
""GoalNum"": 1
}
]","[
{""Index"":1,""RewardType"":1,""RewardID"":0,""RewardNum"":10}
]",2,12322,,[],,0,1,102030765,12322
500009,图鉴-符文靴,4,"[
{
""String"": ""制作获得符文靴×1。"",
""UnlockTaskId"": 0
}
]","[
""制作获得符文靴×1。""
]","[
{
""Index"": 1,
""Type"": 3,
""GoalID1"": ""I_12323"",
""GoalNum"": 1
}
]","[
{""Index"":1,""RewardType"":1,""RewardID"":0,""RewardNum"":10}
]",2,12323,,[],,0,1,102030765,12323
500010,图鉴-符文披风,4,"[
{
""String"": ""击败魔眼BOSS获得。"",
""UnlockTaskId"": 0
}
]","[
""击败魔眼BOSS获得。""
]","[
{
""Index"": 1,
""Type"": 3,
""GoalID1"": ""I_12324"",
""GoalNum"": 1
}
]","[
{""Index"":1,""RewardType"":1,""RewardID"":0,""RewardNum"":10}
]",2,12324,,[],,0,1,102030765,12324
500011,图鉴-隐身披风,4,"[
{
""String"": ""制作获得隐身披风×1。"",
""UnlockTaskId"": 0
}
]","[
""制作获得隐身披风×1。""
]","[
{
""Index"": 1,
""Type"": 3,
""GoalID1"": ""I_12325"",
""GoalNum"": 1
}
]","[
{""Index"":1,""RewardType"":1,""RewardID"":0,""RewardNum"":10}
]",2,12325,,[],,0,1,102030765,12325
500012,图鉴-夜光菇笠,4,"[
{
""String"": ""制作获得夜光菇笠×1。"",
""UnlockTaskId"": 0
}
]","[
""制作获得夜光菇笠×1。""
]","[
{
""Index"": 1,
""Type"": 3,
""GoalID1"": ""I_12326"",
""GoalNum"": 1
}
]","[
{""Index"":1,""RewardType"":1,""RewardID"":0,""RewardNum"":10}
]",2,12326,,[],,0,1,102030765,12326
500013,图鉴-国王皇冠,4,"[
{
""String"": ""击败蘑菇国王获得。"",
""UnlockTaskId"": 0
}
]","[
""击败蘑菇国王获得。""
]","[
{
""Index"": 1,
""Type"": 3,
""GoalID1"": ""I_12327"",
""GoalNum"": 1
}
]","[
{""Index"":1,""RewardType"":1,""RewardID"":0,""RewardNum"":10}
]",2,12327,,[],,0,1,102030765,12327
500014,图鉴-提灯,4,"[
{
""String"": ""制作获得提灯×1。"",
""UnlockTaskId"": 0
}
]","[
""制作获得提灯×1。""
]","[
{
""Index"": 1,
""Type"": 3,
""GoalID1"": ""I_11115"",
""GoalNum"": 1
}
]","[
{""Index"":1,""RewardType"":1,""RewardID"":0,""RewardNum"":10}
]",2,11115,,[],,0,1,102030765,11115
500015,图鉴-蘑晶球,4,"[
{
""String"": ""制作获得蘑晶球×1。"",
""UnlockTaskId"": 0
}
]","[
""制作获得蘑晶球×1。""
]","[
{
""Index"": 1,
""Type"": 3,
""GoalID1"": ""I_15078"",
""GoalNum"": 1
}
]","[
{""Index"":1,""RewardType"":1,""RewardID"":0,""RewardNum"":10}
]",2,15078,,[],,0,1,102030765,15078
500017,图鉴-星尘箭,4,"[
{
""String"": ""制作获得星尘箭×1。"",
""UnlockTaskId"": 0
}
]","[
""制作获得星尘箭×1。""
]","[
{
""Index"": 1,
""Type"": 3,
""GoalID1"": ""I_15082"",
""GoalNum"": 1
}
]","[
{""Index"":1,""RewardType"":1,""RewardID"":0,""RewardNum"":10}
]",2,15082,,[],,0,1,102030765,15082
500018,图鉴-流星雨烟花,4,"[
{
""String"": ""制作获得流星雨烟花×1。"",
""UnlockTaskId"": 0
}
]","[
""制作获得流星雨烟花×1。""
]","[
{
""Index"": 1,
""Type"": 3,
""GoalID1"": ""I_12631"",
""GoalNum"": 1
}
]","[
{""Index"":1,""RewardType"":1,""RewardID"":0,""RewardNum"":10}
]",2,12631,,[],,0,1,102030765,12631
500019,图鉴-独角,4,"[
{
""String"": ""获得独角×1。"",
""UnlockTaskId"": 0
}
]","[
""获得独角×1。""
]","[
{
""Index"": 1,
""Type"": 3,
""GoalID1"": ""I_15080"",
""GoalNum"": 1
}
]","[
{""Index"":1,""RewardType"":1,""RewardID"":0,""RewardNum"":10}
]",2,15080,,[],,0,1,102030765,15080
500020,图鉴-凝胶,4,"[
{
""String"": ""获得凝胶×1。"",
""UnlockTaskId"": 0
}
]","[
""获得凝胶×1。""
]","[
{
""Index"": 1,
""Type"": 3,
""GoalID1"": ""I_15081"",
""GoalNum"": 1
}
]","[
{""Index"":1,""RewardType"":1,""RewardID"":0,""RewardNum"":10}
]",2,15081,,[],,0,1,102030765,15081
500021,图鉴-荧菇孢子,4,"[
{
""String"": ""获得荧菇孢子×1。"",
""UnlockTaskId"": 0
}
]","[
""获得荧菇孢子×1。""
]","[
{
""Index"": 1,
""Type"": 3,
""GoalID1"": ""I_11703"",
""GoalNum"": 1
}
]","[
{""Index"":1,""RewardType"":1,""RewardID"":0,""RewardNum"":10}
]",2,11703,,[],,0,1,102030765,11703
500022,图鉴-巨大荧菇孢子,4,"[
{
""String"": ""获得巨大荧菇孢子×1。"",
""UnlockTaskId"": 0
}
]","[
""获得巨大荧菇孢子×1。""
]","[
{
""Index"": 1,
""Type"": 3,
""GoalID1"": ""I_11704"",
""GoalNum"": 1
}
]","[
{""Index"":1,""RewardType"":1,""RewardID"":0,""RewardNum"":10}
]",2,11704,,[],,0,1,102030765,11704
500023,图鉴-小星影树种子,4,"[
{
""String"": ""获得小星影树种子×1。"",
""UnlockTaskId"": 0
}
]","[
""获得小星影树种子×1。""
]","[
{
""Index"": 1,
""Type"": 3,
""GoalID1"": ""I_11705"",
""GoalNum"": 1
}
]","[
{""Index"":1,""RewardType"":1,""RewardID"":0,""RewardNum"":10}
]",2,11705,,[],,0,1,102030765,11705
500024,图鉴-大星影树种子,4,"[
{
""String"": ""获得大星影树种子×1。"",
""UnlockTaskId"": 0
}
]","[
""获得大星影树种子×1。""
]","[
{
""Index"": 1,
""Type"": 3,
""GoalID1"": ""I_11706"",
""GoalNum"": 1
}
]","[
{""Index"":1,""RewardType"":1,""RewardID"":0,""RewardNum"":10}
]",2,11706,,[],,0,1,102030765,11706
500025,图鉴-星辉花种子,4,"[
{
""String"": ""获得星辉花种子×1。"",
""UnlockTaskId"": 0
}
]","[
""获得星辉花种子×1。""
]","[
{
""Index"": 1,
""Type"": 3,
""GoalID1"": ""I_11707"",
""GoalNum"": 1
}
]","[
{""Index"":1,""RewardType"":1,""RewardID"":0,""RewardNum"":10}
]",2,11707,,[],,0,1,102030765,11707
500026,图鉴-星辉三叶草种子,4,"[
{
""String"": ""获得星辉三叶草种子×1。"",
""UnlockTaskId"": 0
}
]","[
""获得星辉三叶草种子×1。""
]","[
{
""Index"": 1,
""Type"": 3,
""GoalID1"": ""I_11708"",
""GoalNum"": 1
}
]","[
{""Index"":1,""RewardType"":1,""RewardID"":0,""RewardNum"":10}
]",2,11708,,[],,0,1,102030765,11708
500028,图鉴-星芒麦种子,4,"[
{
""String"": ""获得星芒麦种子×1。"",
""UnlockTaskId"": 0
}
]","[
""获得星芒麦种子×1。""
]","[
{
""Index"": 1,
""Type"": 3,
""GoalID1"": ""I_11710"",
""GoalNum"": 1
}
]","[
{""Index"":1,""RewardType"":1,""RewardID"":0,""RewardNum"":10}
]",2,11710,,[],,0,1,102030765,11710
500029,图鉴-幻觉菇,4,"[
{
""String"": ""采集获得幻觉菇×1。"",
""UnlockTaskId"": 0
}
]","[
""采集获得幻觉菇×1。""
]","[
{
""Index"": 1,
""Type"": 3,
""GoalID1"": ""I_200253"",
""GoalNum"": 1
}
]","[
{""Index"":1,""RewardType"":1,""RewardID"":0,""RewardNum"":10}
]",2,200253,,[],,0,1,102030765,200253
500031,图鉴-小星影树果实,4,"[
{
""String"": ""采集获得小星影树果实×1。"",
""UnlockTaskId"": 0
}
]","[
""采集获得小星影树果实×1。""
]","[
{
""Index"": 1,
""Type"": 3,
""GoalID1"": ""I_11711"",
""GoalNum"": 1
}
]","[
{""Index"":1,""RewardType"":1,""RewardID"":0,""RewardNum"":10}
]",2,11711,,[],,0,1,102030765,11711
500032,图鉴-星影树果实,4,"[
{
""String"": ""采集获得星影树果实×1。"",
""UnlockTaskId"": 0
}
]","[
""采集获得星影树果实×1。""
]","[
{
""Index"": 1,
""Type"": 3,
""GoalID1"": ""I_11712"",
""GoalNum"": 1
}
]","[
{""Index"":1,""RewardType"":1,""RewardID"":0,""RewardNum"":10}
]",2,11712,,[],,0,1,102030765,11712
500033,图鉴-星露莓,4,"[
{
""String"": ""采集获得星露莓×1。"",
""UnlockTaskId"": 0
}
]","[
""采集获得星露莓×1。""
]","[
{
""Index"": 1,
""Type"": 3,
""GoalID1"": ""I_550101"",
""GoalNum"": 1
}
]","[
{""Index"":1,""RewardType"":1,""RewardID"":0,""RewardNum"":10}
]",2,550101,,[],,0,1,102030765,550101
500034,图鉴-星斑野猪肉,4,"[
{
""String"": ""获得星斑野猪肉×1。"",
""UnlockTaskId"": 0
}
]","[
""获得星斑野猪肉×1。""
]","[
{
""Index"": 1,
""Type"": 3,
""GoalID1"": ""I_550102"",
""GoalNum"": 1
}
]","[
{""Index"":1,""RewardType"":1,""RewardID"":0,""RewardNum"":10}
]",2,550102,,[],,0,1,102030765,550102
500035,图鉴-星斑野猪排,4,"[
{
""String"": ""烤制获得星斑野猪排×1。"",
""UnlockTaskId"": 0
}
]","[
""烤制获得星斑野猪排×1。""
]","[
{
""Index"": 1,
""Type"": 3,
""GoalID1"": ""I_200263"",
""GoalNum"": 1
}
]","[
{""Index"":1,""RewardType"":1,""RewardID"":0,""RewardNum"":10}
]",2,200263,,[],,0,1,102030765,200263
500036,图鉴-鲜幻彩霓虹,4,"[
{
""String"": ""钓得鲜幻彩霓虹×1。"",
""UnlockTaskId"": 0
}
]","[
""钓得鲜幻彩霓虹×1。""
]","[
{
""Index"": 1,
""Type"": 3,
""GoalID1"": ""I_550104"",
""GoalNum"": 1
}
]","[
{""Index"":1,""RewardType"":1,""RewardID"":0,""RewardNum"":10}
]",2,550104,,[],,0,1,102030765,550104
500037,图鉴-鲜幽兰刺龟,4,"[
{
""String"": ""钓得鲜幽兰刺龟×1。"",
""UnlockTaskId"": 0
}
]","[
""钓得鲜幽兰刺龟×1。""
]","[
{
""Index"": 1,
""Type"": 3,
""GoalID1"": ""I_550105"",
""GoalNum"": 1
}
]","[
{""Index"":1,""RewardType"":1,""RewardID"":0,""RewardNum"":10}
]",2,550105,,[],,0,1,102030765,550105
500038,图鉴-鲜冰雪明珠,4,"[
{
""String"": ""钓得鲜冰雪明珠×1。"",
""UnlockTaskId"": 0
}
]","[
""钓得鲜冰雪明珠×1。""
]","[
{
""Index"": 1,
""Type"": 3,
""GoalID1"": ""I_550106"",
""GoalNum"": 1
}
]","[
{""Index"":1,""RewardType"":1,""RewardID"":0,""RewardNum"":10}
]",2,550106,,[],,0,1,102030765,550106
500039,图鉴-鲜冰晶玉壶,4,"[
{
""String"": ""钓得鲜冰晶玉壶×1。"",
""UnlockTaskId"": 0
}
]","[
""钓得鲜冰晶玉壶×1。""
]","[
{
""Index"": 1,
""Type"": 3,
""GoalID1"": ""I_550107"",
""GoalNum"": 1
}
]","[
{""Index"":1,""RewardType"":1,""RewardID"":0,""RewardNum"":10}
]",2,550107,,[],,0,1,102030765,550107
500040,图鉴-鲜星夜光纹,4,"[
{
""String"": ""钓得鲜星夜光纹×1。"",
""UnlockTaskId"": 0
}
]","[
""钓得鲜星夜光纹×1。""
]","[
{
""Index"": 1,
""Type"": 3,
""GoalID1"": ""I_550108"",
""GoalNum"": 1
}
]","[
{""Index"":1,""RewardType"":1,""RewardID"":0,""RewardNum"":10}
]",2,550108,,[],,0,1,102030765,550108
500041,图鉴-鲜长颌白鲑,4,"[
{
""String"": ""钓得鲜长颌白鲑×1。"",
""UnlockTaskId"": 0
}
]","[
""钓得鲜长颌白鲑×1。""
]","[
{
""Index"": 1,
""Type"": 3,
""GoalID1"": ""I_550109"",
""GoalNum"": 1
}
]","[
{""Index"":1,""RewardType"":1,""RewardID"":0,""RewardNum"":10}
]",2,550109,,[],,0,1,102030765,550109
500042,图鉴-鲜浪里白条,4,"[
{
""String"": ""钓得鲜浪里白条×1。"",
""UnlockTaskId"": 0
}
]","[
""钓得鲜浪里白条×1。""
]","[
{
""Index"": 1,
""Type"": 3,
""GoalID1"": ""I_550110"",
""GoalNum"": 1
}
]","[
{""Index"":1,""RewardType"":1,""RewardID"":0,""RewardNum"":10}
]",2,550110,,[],,0,1,102030765,550110
500043,图鉴-鲜炫彩灵锤,4,"[
{
""String"": ""钓得鲜炫彩灵锤×1。"",
""UnlockTaskId"": 0
}
]","[
""钓得鲜炫彩灵锤×1。""
]","[
{
""Index"": 1,
""Type"": 3,
""GoalID1"": ""I_550111"",
""GoalNum"": 1
}
]","[
{""Index"":1,""RewardType"":1,""RewardID"":0,""RewardNum"":10}
]",2,550111,,[],,0,1,102030765,550111
500052,图鉴-菇排,4,"[
{
""String"": ""烤制获得菇排×1。"",
""UnlockTaskId"": 0
}
]","[
""烤制获得菇排×1。""
]","[
{
""Index"": 1,
""Type"": 3,
""GoalID1"": ""I_200257"",
""GoalNum"": 1
}
]","[
{""Index"":1,""RewardType"":1,""RewardID"":0,""RewardNum"":10}
]",2,200257,,[],,0,1,102030765,200257
500053,图鉴-炸蘑菇,4,"[
{
""String"": ""烹饪获得炸蘑菇×1。"",
""UnlockTaskId"": 0
}
]","[
""烹饪获得炸蘑菇×1。""
]","[
{
""Index"": 1,
""Type"": 3,
""GoalID1"": ""I_200258"",
""GoalNum"": 1
}
]","[
{""Index"":1,""RewardType"":1,""RewardID"":0,""RewardNum"":10}
]",2,200258,,[],,0,1,102030765,200258
500054,图鉴-荧菇炖汤,4,"[
{
""String"": ""烹饪获得荧菇炖汤×1。"",
""UnlockTaskId"": 0
}
]","[
""烹饪获得荧菇炖汤×1。""
]","[
{
""Index"": 1,
""Type"": 3,
""GoalID1"": ""I_200259"",
""GoalNum"": 1
}
]","[
{""Index"":1,""RewardType"":1,""RewardID"":0,""RewardNum"":10}
]",2,200259,,[],,0,1,102030765,200259
500055,图鉴-星光面包,4,"[
{
""String"": ""烤制获得星光面包×1。"",
""UnlockTaskId"": 0
}
]","[
""烤制获得星光面包×1。""
]","[
{
""Index"": 1,
""Type"": 3,
""GoalID1"": ""I_200260"",
""GoalNum"": 1
}
]","[
{""Index"":1,""RewardType"":1,""RewardID"":0,""RewardNum"":10}
]",2,200260,,[],,0,1,102030765,200260
500056,图鉴-星辉花饼,4,"[
{
""String"": ""烹饪获得星辉花饼×1。"",
""UnlockTaskId"": 0
}
]","[
""烹饪获得星辉花饼×1。""
]","[
{
""Index"": 1,
""Type"": 3,
""GoalID1"": ""I_200261"",
""GoalNum"": 1
}
]","[
{""Index"":1,""RewardType"":1,""RewardID"":0,""RewardNum"":10}
]",2,200261,,[],,0,1,102030765,200261
500057,图鉴-星露莓果汁,4,"[
{
""String"": ""烹饪获得星露莓果汁×1。"",
""UnlockTaskId"": 0
}
]","[
""烹饪获得星露莓果汁×1。""
]","[
{
""Index"": 1,
""Type"": 3,
""GoalID1"": ""I_550120"",
""GoalNum"": 1
}
]","[
{""Index"":1,""RewardType"":1,""RewardID"":0,""RewardNum"":10}
]",2,550120,,[],,0,1,102030765,550120
500058,图鉴-荧藻冻,4,"[
{
""String"": ""烹饪获得荧藻冻×1。"",
""UnlockTaskId"": 0
}
]","[
""烹饪获得荧藻冻×1。""
]","[
{
""Index"": 1,
""Type"": 3,
""GoalID1"": ""I_200262"",
""GoalNum"": 1
}
]","[
{""Index"":1,""RewardType"":1,""RewardID"":0,""RewardNum"":10}
]",2,200262,,[],,0,1,102030765,200262
500059,图鉴-星辉药剂,4,"[
{
""String"": ""制作获得强化药剂×1。"",
""UnlockTaskId"": 0
}
]","[
""制作获得强化药剂×1。""
]","[
{
""Index"": 1,
""Type"": 3,
""GoalID1"": ""I_550121"",
""GoalNum"": 1
}
]","[
{""Index"":1,""RewardType"":1,""RewardID"":0,""RewardNum"":10}
]",2,550121,,[],,0,1,102030765,550121
500060,图鉴-蘑晶柱,4,"[
{
""String"": ""冶炼获得蘑晶柱×1。"",
""UnlockTaskId"": 0
}
]","[
""冶炼获得蘑晶柱×1。""
]","[
{
""Index"": 1,
""Type"": 3,
""GoalID1"": ""I_12014"",
""GoalNum"": 1
}
]","[
{""Index"":1,""RewardType"":1,""RewardID"":0,""RewardNum"":10}
]",2,12014,,[],,0,1,102030765,12014
500061,图鉴-星辉水瓶,4,"[
{
""String"": ""获得星辉水瓶×1。"",
""UnlockTaskId"": 0
}
]","[
""获得星辉水瓶×1。""
]","[
{
""Index"": 1,
""Type"": 3,
""GoalID1"": ""I_11117"",
""GoalNum"": 1
}
]","[
{""Index"":1,""RewardType"":1,""RewardID"":0,""RewardNum"":10}
]",2,11117,,[],,0,1,102030765,11117
500062,图鉴-酸液泡,4,"[
{
""String"": ""获得酸液泡×1。"",
""UnlockTaskId"": 0
}
]","[
""获得酸液泡×1。""
]","[
{
""Index"": 1,
""Type"": 3,
""GoalID1"": ""I_12015"",
""GoalNum"": 1
}
]","[
{""Index"":1,""RewardType"":1,""RewardID"":0,""RewardNum"":10}
]",2,12015,,[],,0,1,102030765,12015
500063,图鉴-荧羽,4,"[
{
""String"": ""获得荧羽×1。"",
""UnlockTaskId"": 0
}
]","[
""获得荧羽×1。""
]","[
{
""Index"": 1,
""Type"": 3,
""GoalID1"": ""I_12016"",
""GoalNum"": 1
}
]","[
{""Index"":1,""RewardType"":1,""RewardID"":0,""RewardNum"":10}
]",2,12016,,[],,0,1,102030765,12016
500065,图鉴-璀璨流星,4,"[
{
""String"": ""获得璀璨流星×1。"",
""UnlockTaskId"": 0
}
]","[
""获得璀璨流星×1。""
]","[
{
""Index"": 1,
""Type"": 3,
""GoalID1"": ""I_12020"",
""GoalNum"": 1
}
]","[
{""Index"":1,""RewardType"":1,""RewardID"":0,""RewardNum"":10}
]",2,12020,,[],,0,1,102030765,12020
500066,图鉴-蚀化遗物,4,"[
{
""String"": ""获得蚀化遗物×1。"",
""UnlockTaskId"": 0
}
]","[
""获得蚀化遗物×1。""
]","[
{
""Index"": 1,
""Type"": 3,
""GoalID1"": ""I_12019"",
""GoalNum"": 1
}
]","[
{""Index"":1,""RewardType"":1,""RewardID"":0,""RewardNum"":10}
]",2,12019,,[],,0,1,102030765,12019
500067,图鉴-荧菇平原,4,"[
{
""String"": ""抵达荧菇平原。"",
""UnlockTaskId"": 0
}
]","[
""抵达荧菇平原。""
]","[
{
""Index"": 1,
""Type"": 14,
""GoalID1"": ""B_MUSHROOM_PLAINS"",
""GoalNum"": 1
}
]","[
{""Index"":1,""RewardType"":1,""RewardID"":0,""RewardNum"":10}
]",2,0,,[],,0,1,102030765,90
500068,图鉴-星辉湖泊,4,"[
{
""String"": ""抵达星辉湖泊。"",
""UnlockTaskId"": 0
}
]","[
""抵达星辉湖泊。""
]","[
{
""Index"": 1,
""Type"": 14,
""GoalID1"": ""B_STARLIGHT_LAKE"",
""GoalNum"": 1
}
]","[
{""Index"":1,""RewardType"":1,""RewardID"":0,""RewardNum"":10}
]",2,0,,[],,0,1,102030765,91
500069,图鉴-巨菇林,4,"[
{
""String"": ""抵达巨菇林。"",
""UnlockTaskId"": 0
}
]","[
""抵达巨菇林。""
]","[
{
""Index"": 1,
""Type"": 14,
""GoalID1"": ""B_MUSHROOM_FOREST"",
""GoalNum"": 1
}
]","[
{""Index"":1,""RewardType"":1,""RewardID"":0,""RewardNum"":10}
]",2,0,,[],,0,1,102030765,92
500070,图鉴-蘑菇村,4,"[
{
""String"": ""抵达蘑菇村。"",
""UnlockTaskId"": 0
}
]","[
""抵达蘑菇村。""
]","[
{
""Index"": 1,
""Type"": 14,
""GoalID1"": ""B_MUSHROOM_VILLAGE"",
""GoalNum"": 1
}
]","[
{""Index"":1,""RewardType"":1,""RewardID"":0,""RewardNum"":10}
]",2,0,,[],,0,1,102030765,105
500071,图鉴-星影森林,4,"[
{
""String"": ""抵达星影森林。"",
""UnlockTaskId"": 0
}
]","[
""抵达星影森林。""
]","[
{
""Index"": 1,
""Type"": 14,
""GoalID1"": ""B_STAR_FOREST"",
""GoalNum"": 1
}
]","[
{""Index"":1,""RewardType"":1,""RewardID"":0,""RewardNum"":10}
]",2,0,,[],,0,1,102030765,93
500072,图鉴-符文遗迹,4,"[
{
""String"": ""抵达符文遗迹。"",
""UnlockTaskId"": 0
}
]","[
""抵达符文遗迹。""
]","[
{
""Index"": 1,
""Type"": 14,
""GoalID1"": ""B_RUNE_RELIC"",
""GoalNum"": 1
}
]","[
{""Index"":1,""RewardType"":1,""RewardID"":0,""RewardNum"":10}
]",2,0,,[],,0,1,102030765,100
500073,图鉴-猫狗村,4,"[
{
""String"": ""抵达猫狗村。"",
""UnlockTaskId"": 0
}
]","[
""抵达猫狗村。""
]","[
{
""Index"": 1,
""Type"": 14,
""GoalID1"": ""B_CATDOG_VILLAGE"",
""GoalNum"": 1
}
]","[
{""Index"":1,""RewardType"":1,""RewardID"":0,""RewardNum"":10}
]",2,0,,[],,0,1,102030765,103
500074,图鉴-昏暗树林,4,"[
{
""String"": ""抵达昏暗树林。"",
""UnlockTaskId"": 0
}
]","[
""抵达昏暗树林。""
]","[
{
""Index"": 1,
""Type"": 14,
""GoalID1"": ""B_DARK_WOODS"",
""GoalNum"": 1
}
]","[
{""Index"":1,""RewardType"":1,""RewardID"":0,""RewardNum"":10}
]",2,0,,[],,0,1,102030765,102
500075,图鉴-星影森林丘陵,4,"[
{
""String"": ""抵达星影森林丘陵。"",
""UnlockTaskId"": 0
}
]","[
""抵达星影森林丘陵。""
]","[
{
""Index"": 1,
""Type"": 14,
""GoalID1"": ""B_STAR_FOREST_HILLS"",
""GoalNum"": 1
}
]","[
{""Index"":1,""RewardType"":1,""RewardID"":0,""RewardNum"":10}
]",2,0,,[],,0,1,102030765,101
500076,图鉴-荧菇丘陵,4,"[
{
""String"": ""抵达荧菇丘陵。"",
""UnlockTaskId"": 0
}
]","[
""抵达荧菇丘陵。""
]","[
{
""Index"": 1,
""Type"": 14,
""GoalID1"": ""B_MUSHROOM_HILLS"",
""GoalNum"": 1
}
]","[
{""Index"":1,""RewardType"":1,""RewardID"":0,""RewardNum"":10}
]",2,0,,[],,0,1,102030765,97
500077,图鉴-晶簇浮岛,4,"[
{
""String"": ""抵达晶簇浮岛。"",
""UnlockTaskId"": 0
}
]","[
""抵达晶簇浮岛。""
]","[
{
""Index"": 1,
""Type"": 14,
""GoalID1"": ""B_CRYSTAL_ISLAND"",
""GoalNum"": 1
}
]","[
{""Index"":1,""RewardType"":1,""RewardID"":0,""RewardNum"":10}
]",2,0,,[],,0,1,102030765,95
500078,图鉴-腐化遗岛,4,"[
{
""String"": ""抵达腐化遗岛。"",
""UnlockTaskId"": 0
}
]","[
""抵达腐化遗岛。""
]","[
{
""Index"": 1,
""Type"": 14,
""GoalID1"": ""B_CORRUPTED_RUINS"",
""GoalNum"": 1
}
]","[
{""Index"":1,""RewardType"":1,""RewardID"":0,""RewardNum"":10}
]",2,0,,[],,0,1,102030765,104
500079,图鉴-蘑古草块,4,"[
{
""String"": ""采集蘑古草块×1。"",
""UnlockTaskId"": 0
}
]","[
""采集蘑古草块×1。""
]","[
{
""Index"": 1,
""Type"": 3,
""GoalID1"": ""I_770"",
""GoalNum"": 1
}
]","[
{""Index"":1,""RewardType"":1,""RewardID"":0,""RewardNum"":10}
]",2,770,,[],,0,1,102030765,770
500080,图鉴-蘑古土块,4,"[
{
""String"": ""采集蘑古土块×1。"",
""UnlockTaskId"": 0
}
]","[
""采集蘑古土块×1。""
]","[
{
""Index"": 1,
""Type"": 3,
""GoalID1"": ""I_200247"",
""GoalNum"": 1
}
]","[
{""Index"":1,""RewardType"":1,""RewardID"":0,""RewardNum"":10}
]",2,200247,,[],,0,1,102030765,200247
500081,图鉴-蘑古岩,4,"[
{
""String"": ""采集蘑古岩×1。"",
""UnlockTaskId"": 0
}
]","[
""采集蘑古岩×1。""
]","[
{
""Index"": 1,
""Type"": 3,
""GoalID1"": ""I_200232"",
""GoalNum"": 1
}
]","[
{""Index"":1,""RewardType"":1,""RewardID"":0,""RewardNum"":10}
]",2,200232,,[],,0,1,102030765,200232
500082,图鉴-蘑古砂,4,"[
{
""String"": ""采集蘑古砂×1。"",
""UnlockTaskId"": 0
}
]","[
""采集蘑古砂×1。""
]","[
{
""Index"": 1,
""Type"": 3,
""GoalID1"": ""I_43"",
""GoalNum"": 1
}
]","[
{""Index"":1,""RewardType"":1,""RewardID"":0,""RewardNum"":10}
]",2,43,,[],,0,1,102030765,43
500083,图鉴-长草蘑古岩,4,"[
{
""String"": ""采集长草蘑古岩×1。"",
""UnlockTaskId"": 0
}
]","[
""采集长草蘑古岩×1。""
]","[
{
""Index"": 1,
""Type"": 3,
""GoalID1"": ""I_200233"",
""GoalNum"": 1
}
]","[
{""Index"":1,""RewardType"":1,""RewardID"":0,""RewardNum"":10}
]",2,200233,,[],,0,1,102030765,200233
500084,图鉴-魔古砂岩,4,"[
{
""String"": ""采集魔古砂岩×1。"",
""UnlockTaskId"": 0
}
]","[
""采集魔古砂岩×1。""
]","[
{
""Index"": 1,
""Type"": 3,
""GoalID1"": ""I_200241"",
""GoalNum"": 1
}
]","[
{""Index"":1,""RewardType"":1,""RewardID"":0,""RewardNum"":10}
]",2,200241,,[],,0,1,102030765,200241
500085,图鉴-裂化魔古岩,4,"[
{
""String"": ""采集裂化魔古岩×1。"",
""UnlockTaskId"": 0
}
]","[
""采集裂化魔古岩×1。""
]","[
{
""Index"": 1,
""Type"": 3,
""GoalID1"": ""I_200242"",
""GoalNum"": 1
}
]","[
{""Index"":1,""RewardType"":1,""RewardID"":0,""RewardNum"":10}
]",2,200242,,[],,0,1,102030765,200242
500086,图鉴-魔古岩,4,"[
{
""String"": ""采集魔古岩×1。"",
""UnlockTaskId"": 0
}
]","[
""采集魔古岩×1。""
]","[
{
""Index"": 1,
""Type"": 3,
""GoalID1"": ""I_126"",
""GoalNum"": 1
}
]","[
{""Index"":1,""RewardType"":1,""RewardID"":0,""RewardNum"":10}
]",2,126,,[],,0,1,102030765,126
500087,图鉴-蘑晶石矿,4,"[
{
""String"": ""采集蘑晶石矿×1。"",
""UnlockTaskId"": 0
}
]","[
""采集蘑晶石矿×1。""
]","[
{
""Index"": 1,
""Type"": 3,
""GoalID1"": ""I_201907"",
""GoalNum"": 1
}
]","[
{""Index"":1,""RewardType"":1,""RewardID"":0,""RewardNum"":10}
]",2,201907,,[],,0,1,102030765,201907
500088,图鉴-大蘑晶石矿,4,"[
{
""String"": ""采集大蘑晶石矿×1。"",
""UnlockTaskId"": 0
}
]","[
""采集大蘑晶石矿×1。""
]","[
{
""Index"": 1,
""Type"": 3,
""GoalID1"": ""I_201908"",
""GoalNum"": 1
}
]","[
{""Index"":1,""RewardType"":1,""RewardID"":0,""RewardNum"":10}
]",2,201908,,[],,0,1,102030765,201908
500089,图鉴-荧菇,4,"[
{
""String"": ""采集荧菇×1。"",
""UnlockTaskId"": 0
}
]","[
""采集荧菇×1。""
]","[
{
""Index"": 1,
""Type"": 3,
""GoalID1"": ""I_200254"",
""GoalNum"": 1
}
]","[
{""Index"":1,""RewardType"":1,""RewardID"":0,""RewardNum"":10}
]",2,200254,,[],,0,1,102030765,200254
500090,图鉴-粉色巨大荧菇伞,4,"[
{
""String"": ""采集粉色巨大荧菇伞×1。"",
""UnlockTaskId"": 0
}
]","[
""采集粉色巨大荧菇伞×1。""
]","[
{
""Index"": 1,
""Type"": 3,
""GoalID1"": ""I_201904"",
""GoalNum"": 1
}
]","[
{""Index"":1,""RewardType"":1,""RewardID"":0,""RewardNum"":10}
]",2,201904,,[],,0,1,102030765,201904
500091,图鉴-紫色巨大荧菇伞,4,"[
{
""String"": ""采集紫色巨大荧菇伞×1。"",
""UnlockTaskId"": 0
}
]","[
""采集紫色巨大荧菇伞×1。""
]","[
{
""Index"": 1,
""Type"": 3,
""GoalID1"": ""I_201905"",
""GoalNum"": 1
}
]","[
{""Index"":1,""RewardType"":1,""RewardID"":0,""RewardNum"":10}
]",2,201905,,[],,0,1,102030765,201905
500092,图鉴-巨大荧菇柄,4,"[
{
""String"": ""采集巨大荧菇柄×1。"",
""UnlockTaskId"": 0
}
]","[
""采集巨大荧菇柄×1。""
]","[
{
""Index"": 1,
""Type"": 3,
""GoalID1"": ""I_201901"",
""GoalNum"": 1
}
]","[
{""Index"":1,""RewardType"":1,""RewardID"":0,""RewardNum"":10}
]",2,201901,,[],,0,1,102030765,201901
500093,图鉴-蹦床菇,4,"[
{
""String"": ""踩踏蹦床菇×1。"",
""UnlockTaskId"": 0
}
]","[
""踩踏蹦床菇×1。""
]","[
{
""Index"": 1,
""Type"": 3,
""GoalID1"": ""I_201920"",
""GoalNum"": 1
}
]","[
{""Index"":1,""RewardType"":1,""RewardID"":0,""RewardNum"":10}
]",2,201920,,[],,0,1,102030765,201920
500094,图鉴-滑伞菇,4,"[
{
""String"": ""采集滑伞菇×1。"",
""UnlockTaskId"": 0
}
]","[
""采集滑伞菇×1。""
]","[
{
""Index"": 1,
""Type"": 3,
""GoalID1"": ""I_12200"",
""GoalNum"": 1
}
]","[
{""Index"":1,""RewardType"":1,""RewardID"":0,""RewardNum"":10}
]",2,12200,,[],,0,1,102030765,12200
500095,图鉴-音乐菇,4,"[
{
""String"": ""触碰音乐菇×1。"",
""UnlockTaskId"": 0
}
]","[
""触碰音乐菇×1。""
]","[
{
""Index"": 1,
""Type"": 3,
""GoalID1"": ""I_201925"",
""GoalNum"": 1
}
]","[
{""Index"":1,""RewardType"":1,""RewardID"":0,""RewardNum"":10}
]",2,201925,,[],,0,1,102030765,201925
500096,图鉴-星辉花,4,"[
{
""String"": ""采集星辉花×1。"",
""UnlockTaskId"": 0
}
]","[
""采集星辉花×1。""
]","[
{
""Index"": 1,
""Type"": 3,
""GoalID1"": ""I_201912"",
""GoalNum"": 1
}
]","[
{""Index"":1,""RewardType"":1,""RewardID"":0,""RewardNum"":10}
]",2,201912,,[],,0,1,102030765,201912
500097,图鉴-星辉三叶草,4,"[
{
""String"": ""采集星辉三叶草×1。"",
""UnlockTaskId"": 0
}
]","[
""采集星辉三叶草×1。""
]","[
{
""Index"": 1,
""Type"": 3,
""GoalID1"": ""I_201914"",
""GoalNum"": 1
}
]","[
{""Index"":1,""RewardType"":1,""RewardID"":0,""RewardNum"":10}
]",2,201914,,[],,0,1,102030765,201914
500098,图鉴-星辉四叶草,4,"[
{
""String"": ""采集星辉四叶草×1。"",
""UnlockTaskId"": 0
}
]","[
""采集星辉四叶草×1。""
]","[
{
""Index"": 1,
""Type"": 3,
""GoalID1"": ""I_201915"",
""GoalNum"": 1
}
]","[
{""Index"":1,""RewardType"":1,""RewardID"":0,""RewardNum"":10}
]",2,201915,,[],,0,1,102030765,201915
500099,图鉴-星芒麦,4,"[
{
""String"": ""采集星芒麦×1。"",
""UnlockTaskId"": 0
}
]","[
""采集星芒麦×1。""
]","[
{
""Index"": 1,
""Type"": 3,
""GoalID1"": ""I_11718"",
""GoalNum"": 1
}
]","[
{""Index"":1,""RewardType"":1,""RewardID"":0,""RewardNum"":10}
]",2,201917,,[],,0,1,102030765,201917
500100,图鉴-晶髓花,4,"[
{
""String"": ""采集晶髓花×1。"",
""UnlockTaskId"": 0
}
]","[
""采集晶髓花×1。""
]","[
{
""Index"": 1,
""Type"": 3,
""GoalID1"": ""I_11717"",
""GoalNum"": 1
}
]","[
{""Index"":1,""RewardType"":1,""RewardID"":0,""RewardNum"":10}
]",2,201919,,[],,0,1,102030765,201919
500101,图鉴-星点草,4,"[
{
""String"": ""采集星点草×1。"",
""UnlockTaskId"": 0
}
]","[
""采集星点草×1。""
]","[
{
""Index"": 1,
""Type"": 3,
""GoalID1"": ""I_388"",
""GoalNum"": 1
}
]","[
{""Index"":1,""RewardType"":1,""RewardID"":0,""RewardNum"":10}
]",2,388,,[],,0,1,102030765,388
500102,图鉴-星辉莲花,4,"[
{
""String"": ""采集星辉莲花×1。"",
""UnlockTaskId"": 0
}
]","[
""采集星辉莲花×1。""
]","[
{
""Index"": 1,
""Type"": 3,
""GoalID1"": ""I_201923"",
""GoalNum"": 1
}
]","[
{""Index"":1,""RewardType"":1,""RewardID"":0,""RewardNum"":10}
]",2,201923,,[],,0,1,102030765,201923
500103,图鉴-荧菇丛,4,"[
{
""String"": ""采集荧菇丛×1。#r"",
""UnlockTaskId"": 0
}
]","[
""采集荧菇丛×1。""
]","[
{
""Index"": 1,
""Type"": 3,
""GoalID1"": ""I_201909"",
""GoalNum"": 1
}
]","[
{""Index"":1,""RewardType"":1,""RewardID"":0,""RewardNum"":10}
]",2,201909,,[],,0,1,102030765,201909
500104,图鉴-败草丛,4,"[
{
""String"": ""采集败草丛×1。#r"",
""UnlockTaskId"": 0
}
]","[
""采集败草丛×1。""
]","[
{
""Index"": 1,
""Type"": 3,
""GoalID1"": ""I_151032"",
""GoalNum"": 1
}
]","[
{""Index"":1,""RewardType"":1,""RewardID"":0,""RewardNum"":10}
]",2,151032,,[],,0,1,102030765,151032
500105,图鉴-荧光藻,4,"[
{
""String"": ""采集荧光藻×1。#r"",
""UnlockTaskId"": 0
}
]","[
""采集荧光藻×1。""
]","[
{
""Index"": 1,
""Type"": 3,
""GoalID1"": ""I_201926"",
""GoalNum"": 1
}
]","[
{""Index"":1,""RewardType"":1,""RewardID"":0,""RewardNum"":10}
]",2,201926,,[],,0,1,102030765,201926
500106,图鉴-蘑古砖,4,"[
{
""String"": ""合成蘑古砖×1。"",
""UnlockTaskId"": 0
}
]","[
""合成蘑古砖×1。""
]","[
{
""Index"": 1,
""Type"": 3,
""GoalID1"": ""I_160026"",
""GoalNum"": 1
}
]","[
{""Index"":1,""RewardType"":1,""RewardID"":0,""RewardNum"":10}
]",2,160026,,[],,0,1,102030765,160026
500107,图鉴-魔古砖,4,"[
{
""String"": ""合成魔古砖×1。"",
""UnlockTaskId"": 0
}
]","[
""合成魔古砖×1。""
]","[
{
""Index"": 1,
""Type"": 3,
""GoalID1"": ""I_160027"",
""GoalNum"": 1
}
]","[
{""Index"":1,""RewardType"":1,""RewardID"":0,""RewardNum"":10}
]",2,160027,,[],,0,1,102030765,160027
500108,图鉴-蘑菇落地灯,4,"[
{
""String"": ""合成蘑菇落地灯×1。#r"",
""UnlockTaskId"": 0
}
]","[
""合成蘑菇落地灯×1。""
]","[
{
""Index"": 1,
""Type"": 3,
""GoalID1"": ""I_201769"",
""GoalNum"": 1
}
]","[
{""Index"":1,""RewardType"":1,""RewardID"":0,""RewardNum"":10}
]",2,201769,,[],,0,1,102030765,201769
500109,图鉴-菌菇板,4,"[
{
""String"": ""合成菌菇板×1。"",
""UnlockTaskId"": 0
}
]","[
""合成菌菇板×1。""
]","[
{
""Index"": 1,
""Type"": 3,
""GoalID1"": ""I_160034"",
""GoalNum"": 1
}
]","[
{""Index"":1,""RewardType"":1,""RewardID"":0,""RewardNum"":10}
]",2,160034,,[],,0,1,102030765,160034
500110,图鉴-宝石蓝木板,4,"[
{
""String"": ""合成宝石蓝木板×1。"",
""UnlockTaskId"": 0
}
]","[
""合成宝石蓝木板×1。""
]","[
{
""Index"": 1,
""Type"": 3,
""GoalID1"": ""I_160030"",
""GoalNum"": 1
}
]","[
{""Index"":1,""RewardType"":1,""RewardID"":0,""RewardNum"":10}
]",2,160030,,[],,0,1,102030765,160030
500111,图鉴-花青紫木板,4,"[
{
""String"": ""合成花青紫木板×1。"",
""UnlockTaskId"": 0
}
]","[
""合成花青紫木板×1。""
]","[
{
""Index"": 1,
""Type"": 3,
""GoalID1"": ""I_160031"",
""GoalNum"": 1
}
]","[
{""Index"":1,""RewardType"":1,""RewardID"":0,""RewardNum"":10}
]",2,160031,,[],,0,1,102030765,160031
500112,图鉴-浅色水蘑石块,4,"[
{
""String"": ""合成浅色水蘑石块×1。"",
""UnlockTaskId"": 0
}
]","[
""合成浅色水蘑石块×1。""
]","[
{
""Index"": 1,
""Type"": 3,
""GoalID1"": ""I_160032"",
""GoalNum"": 1
}
]","[
{""Index"":1,""RewardType"":1,""RewardID"":0,""RewardNum"":10}
]",2,160032,,[],,0,1,102030765,160032
500113,图鉴-天青蓝水蘑石块,4,"[
{
""String"": ""合成天青蓝水蘑石块×1。"",
""UnlockTaskId"": 0
}
]","[
""合成天青蓝水蘑石块×1。""
]","[
{
""Index"": 1,
""Type"": 3,
""GoalID1"": ""I_160033"",
""GoalNum"": 1
}
]","[
{""Index"":1,""RewardType"":1,""RewardID"":0,""RewardNum"":10}
]",2,160033,,[],,0,1,102030765,160033
500114,图鉴-蘑古石柱头,4,"[
{
""String"": ""合成蘑古石柱头×1。"",
""UnlockTaskId"": 0
}
]","[
""合成蘑古石柱头×1。""
]","[
{
""Index"": 1,
""Type"": 3,
""GoalID1"": ""I_201701"",
""GoalNum"": 1
}
]","[
{""Index"":1,""RewardType"":1,""RewardID"":0,""RewardNum"":10}
]",2,201701,,[],,0,1,102030765,201701
500115,图鉴-蘑古石柱身,4,"[
{
""String"": ""合成蘑古石柱身×1。"",
""UnlockTaskId"": 0
}
]","[
""合成蘑古石柱身×1。""
]","[
{
""Index"": 1,
""Type"": 3,
""GoalID1"": ""I_201702"",
""GoalNum"": 1
}
]","[
{""Index"":1,""RewardType"":1,""RewardID"":0,""RewardNum"":10}
]",2,201702,,[],,0,1,102030765,201702
500116,图鉴-蘑古石柱基座,4,"[
{
""String"": ""合成蘑古石柱基座×1。"",
""UnlockTaskId"": 0
}
]","[
""合成蘑古石柱基座×1。""
]","[
{
""Index"": 1,
""Type"": 3,
""GoalID1"": ""I_201703"",
""GoalNum"": 1
}
]","[
{""Index"":1,""RewardType"":1,""RewardID"":0,""RewardNum"":10}
]",2,201703,,[],,0,1,102030765,201703
500117,图鉴-暗影铁栏,4,"[
{
""String"": ""合成暗影铁栏×1。"",
""UnlockTaskId"": 0
}
]","[
""合成暗影铁栏×1。""
]","[
{
""Index"": 1,
""Type"": 3,
""GoalID1"": ""I_200250"",
""GoalNum"": 1
}
]","[
{""Index"":1,""RewardType"":1,""RewardID"":0,""RewardNum"":10}
]",2,200250,,[],,0,1,102030765,200250
500118,图鉴-暗影荧菇灯,4,"[
{
""String"": ""合成暗影荧菇灯×1。"",
""UnlockTaskId"": 0
}
]","[
""合成暗影荧菇灯×1。""
]","[
{
""Index"": 1,
""Type"": 3,
""GoalID1"": ""I_201705"",
""GoalNum"": 1
}
]","[
{""Index"":1,""RewardType"":1,""RewardID"":0,""RewardNum"":10}
]",2,201705,,[],,0,1,102030765,201705
500119,图鉴-蘑菇门,4,"[
{
""String"": ""合成蘑菇门×1。"",
""UnlockTaskId"": 0
}
]","[
""合成蘑菇门×1。""
]","[
{
""Index"": 1,
""Type"": 3,
""GoalID1"": ""I_201747"",
""GoalNum"": 1
}
]","[
{""Index"":1,""RewardType"":1,""RewardID"":0,""RewardNum"":10}
]",2,201747,,[],,0,1,102030765,201747
500120,图鉴-蘑菇窗,4,"[
{
""String"": ""合成蘑菇窗×1。"",
""UnlockTaskId"": 0
}
]","[
""合成蘑菇窗×1。""
]","[
{
""Index"": 1,
""Type"": 3,
""GoalID1"": ""I_201748"",
""GoalNum"": 1
}
]","[
{""Index"":1,""RewardType"":1,""RewardID"":0,""RewardNum"":10}
]",2,201748,,[],,0,1,102030765,201748
500121,图鉴-蘑菇圆桌,4,"[
{
""String"": ""合成蘑菇圆桌×1。"",
""UnlockTaskId"": 0
}
]","[
""合成蘑菇圆桌×1。""
]","[
{
""Index"": 1,
""Type"": 3,
""GoalID1"": ""I_201749"",
""GoalNum"": 1
}
]","[
{""Index"":1,""RewardType"":1,""RewardID"":0,""RewardNum"":10}
]",2,201749,,[],,0,1,102030765,201749
500122,图鉴-蘑菇矮凳,4,"[
{
""String"": ""合成蘑菇矮凳×1。"",
""UnlockTaskId"": 0
}
]","[
""合成蘑菇矮凳×1。""
]","[
{
""Index"": 1,
""Type"": 3,
""GoalID1"": ""I_201750"",
""GoalNum"": 1
}
]","[
{""Index"":1,""RewardType"":1,""RewardID"":0,""RewardNum"":10}
]",2,201750,,[],,0,1,102030765,201750
500123,图鉴-蘑菇箱,4,"[
{
""String"": ""合成蘑菇箱×1。"",
""UnlockTaskId"": 0
}
]","[
""合成蘑菇箱×1。""
]","[
{
""Index"": 1,
""Type"": 3,
""GoalID1"": ""I_201751"",
""GoalNum"": 1
}
]","[
{""Index"":1,""RewardType"":1,""RewardID"":0,""RewardNum"":10}
]",2,201751,,[],,0,1,102030765,201751
500124,图鉴-蘑菇壁灯,4,"[
{
""String"": ""合成蘑菇壁灯×1。"",
""UnlockTaskId"": 0
}
]","[
""合成蘑菇壁灯×1。""
]","[
{
""Index"": 1,
""Type"": 3,
""GoalID1"": ""I_201752"",
""GoalNum"": 1
}
]","[
{""Index"":1,""RewardType"":1,""RewardID"":0,""RewardNum"":10}
]",2,201752,,[],,0,1,102030765,201752
500125,图鉴-蘑菇杂物柜,4,"[
{
""String"": ""合成蘑菇杂物柜×1。"",
""UnlockTaskId"": 0
}
]","[
""合成蘑菇杂物柜×1。""
]","[
{
""Index"": 1,
""Type"": 3,
""GoalID1"": ""I_201753"",
""GoalNum"": 1
}
]","[
{""Index"":1,""RewardType"":1,""RewardID"":0,""RewardNum"":10}
]",2,201753,,[],,0,1,102030765,201753
500126,图鉴-独角兽,4,"[
{
""String"": ""驯服独角兽×1。#r"",
""UnlockTaskId"": 0
}
]","[
""驯服独角兽×1。""
]","[
{
""Index"": 1,
""Type"": 10,
""GoalID1"": ""M_3347"",
""GoalNum"": 1
}
]","[
{""Index"":1,""RewardType"":1,""RewardID"":0,""RewardNum"":10}
]",2,3347,,[],,0,1,102030765,3347
500127,图鉴-荧羽夜枭,4,"[
{
""String"": ""发现荧羽夜枭×1。#r"",
""UnlockTaskId"": 0
}
]","[
""发现荧羽夜枭×1。""
]","[
{
""Index"": 1,
""Type"": 10,
""GoalID1"": ""M_3344"",
""GoalNum"": 1
}
]","[
{""Index"":1,""RewardType"":1,""RewardID"":0,""RewardNum"":10}
]",2,3344,,[],,0,1,102030765,3344
500128,图鉴-呆呆菇,4,"[
{
""String"": ""发现呆呆菇×1。"",
""UnlockTaskId"": 0
}
]","[
""发现呆呆菇×1。""
]","[
{
""Index"": 1,
""Type"": 8,
""GoalID1"": ""M_3339"",
""GoalNum"": 1
}
]","[
{""Index"":1,""RewardType"":1,""RewardID"":0,""RewardNum"":10}
]",2,#3339,,[],,0,1,102030765,3339
500129,图鉴-奇幻蛙,4,"[
{
""String"": ""发现奇幻蛙×1。"",
""UnlockTaskId"": 0
}
]","[
""发现奇幻蛙×1。""
]","[
{
""Index"": 1,
""Type"": 10,
""GoalID1"": ""M_3340"",
""GoalNum"": 1
}
]","[
{""Index"":1,""RewardType"":1,""RewardID"":0,""RewardNum"":10}
]",2,#3340,,[],,0,1,102030765,3340
500130,图鉴-凝胶怪,4,"[
{
""String"": ""发现凝胶怪×1。"",
""UnlockTaskId"": 0
}
]","[
""发现凝胶怪×1。""
]","[
{
""Index"": 1,
""Type"": 8,
""GoalID1"": ""M_3341"",
""GoalNum"": 1
}
]","[
{""Index"":1,""RewardType"":1,""RewardID"":0,""RewardNum"":10}
]",2,#3341,,[],,0,1,102030765,3341
500131,图鉴-星斑豚,4,"[
{
""String"": ""发现星斑豚×1。"",
""UnlockTaskId"": 0
}
]","[
""发现星斑豚×1。""
]","[
{
""Index"": 1,
""Type"": 8,
""GoalID1"": ""M_3342"",
""GoalNum"": 1
}
]","[
{""Index"":1,""RewardType"":1,""RewardID"":0,""RewardNum"":10}
]",2,#3342,,[],,0,1,102030765,3342
500132,图鉴-小星斑豚,4,"[
{
""String"": ""发现小星斑豚×1。"",
""UnlockTaskId"": 0
}
]","[
""发现小星斑豚×1。""
]","[
{
""Index"": 1,
""Type"": 8,
""GoalID1"": ""M_3343"",
""GoalNum"": 1
}
]","[
{""Index"":1,""RewardType"":1,""RewardID"":0,""RewardNum"":10}
]",2,#3343,,[],,0,1,102030765,3343
500133,图鉴-星尘精灵,4,"[
{
""String"": ""发现星尘精灵×1。"",
""UnlockTaskId"": 0
}
]","[
""发现星尘精灵×1。""
]","[
{
""Index"": 1,
""Type"": 10,
""GoalID1"": ""M_3346"",
""GoalNum"": 1
}
]","[
{""Index"":1,""RewardType"":1,""RewardID"":0,""RewardNum"":10}
]",2,#3346,,[],,0,1,102030765,3346
500134,图鉴-游侠猫,4,"[
{
""String"": ""发现游侠猫×1。"",
""UnlockTaskId"": 0
}
]","[
""发现游侠猫×1。""
]","[
{
""Index"": 1,
""Type"": 22,
""GoalID1"": ""0"",
""GoalID2"": ""M_3345"",
""GoalNum"": 1
}
]","[
{""Index"":1,""RewardType"":1,""RewardID"":0,""RewardNum"":10}
]",2,#3345,,[],,0,1,102030765,3345
500136,图鉴-食人花,4,"[
{
""String"": ""击败食人花×1。"",
""UnlockTaskId"": 0
}
]","[
""击败食人花×1。""
]","[
{
""Index"": 1,
""Type"": 8,
""GoalID1"": ""M_3350"",
""GoalNum"": 1
}
]","[
{""Index"":1,""RewardType"":1,""RewardID"":0,""RewardNum"":10}
]",2,#3350,,[],,0,1,102030765,3350
500137,图鉴-蚀化蘑菇国王,4,"[
{
""String"": ""击败蚀化蘑菇国王×1。"",
""UnlockTaskId"": 0
}
]","[
""击败蚀化蘑菇国王×1。""
]","[
{
""Index"": 1,
""Type"": 8,
""GoalID1"": ""M_3359"",
""GoalNum"": 1
}
]","[
{""Index"":1,""RewardType"":1,""RewardID"":0,""RewardNum"":10}
]",2,#3359,,[],,0,1,102030765,3359
500138,图鉴-蚀化蘑菇人,4,"[
{
""String"": ""击败蚀化蘑菇人×1。"",
""UnlockTaskId"": 0
}
]","[
""击败蚀化蘑菇人×1。""
]","[
{
""Index"": 1,
""Type"": 8,
""GoalID1"": ""M_3360"",
""GoalNum"": 1
}
]","[
{""Index"":1,""RewardType"":1,""RewardID"":0,""RewardNum"":10}
]",2,#3360,,[],,0,1,102030765,3360
500139,图鉴-蚀化蛙人(近战),4,"[
{
""String"": ""击败蚀化蛙人×1。"",
""UnlockTaskId"": 0
}
]","[
""击败蚀化蛙人×1。""
]","[
{
""Index"": 1,
""Type"": 8,
""GoalID1"": ""M_3351"",
""GoalNum"": 1
}
]","[
{""Index"":1,""RewardType"":1,""RewardID"":0,""RewardNum"":10}
]",2,#3351,,[],,0,1,102030765,3351
500140,图鉴-蚀化蛙人(法师),4,"[
{
""String"": ""击败蚀化蛙人法师×1。"",
""UnlockTaskId"": 0
}
]","[
""击败蚀化蛙人法师×1。""
]","[
{
""Index"": 1,
""Type"": 8,
""GoalID1"": ""M_3352"",
""GoalNum"": 1
}
]","[
{""Index"":1,""RewardType"":1,""RewardID"":0,""RewardNum"":10}
]",2,#3352,,[],,0,1,102030765,3352
500141,图鉴-蚀化狗人(近战),4,"[
{
""String"": ""击败蚀化狗人×1。"",
""UnlockTaskId"": 0
}
]","[
""击败蚀化狗人×1。""
]","[
{
""Index"": 1,
""Type"": 8,
""GoalID1"": ""M_3353"",
""GoalNum"": 1
}
]","[
{""Index"":1,""RewardType"":1,""RewardID"":0,""RewardNum"":10}
]",2,#3353,,[],,0,1,102030765,3353
500142,图鉴-蚀化狗人(法师),4,"[
{
""String"": ""击败蚀化狗人法师×1。"",
""UnlockTaskId"": 0
}
]","[
""击败蚀化狗人法师×1。""
]","[
{
""Index"": 1,
""Type"": 8,
""GoalID1"": ""M_3354"",
""GoalNum"": 1
}
]","[
{""Index"":1,""RewardType"":1,""RewardID"":0,""RewardNum"":10}
]",2,#3354,,[],,0,1,102030765,3354
500143,图鉴-蚀化猫人(近战),4,"[
{
""String"": ""击败蚀化猫人×1。"",
""UnlockTaskId"": 0
}
]","[
""击败蚀化猫人×1。""
]","[
{
""Index"": 1,
""Type"": 8,
""GoalID1"": ""M_3355"",
""GoalNum"": 1
}
]","[
{""Index"":1,""RewardType"":1,""RewardID"":0,""RewardNum"":10}
]",2,#3355,,[],,0,1,102030765,3355
500144,图鉴-蚀化猫人(法师),4,"[
{
""String"": ""击败蚀化猫人法师×1。"",
""UnlockTaskId"": 0
}
]","[
""击败蚀化猫人法师×1。""
]","[
{
""Index"": 1,
""Type"": 8,
""GoalID1"": ""M_3356"",
""GoalNum"": 1
}
]","[
{""Index"":1,""RewardType"":1,""RewardID"":0,""RewardNum"":10}
]",2,#3356,,[],,0,1,102030765,3356
500145,图鉴-蚀化猪人(近战),4,"[
{
""String"": ""击败蚀化猪人×1。"",
""UnlockTaskId"": 0
}
]","[
""击败蚀化猪人×1。""
]","[
{
""Index"": 1,
""Type"": 8,
""GoalID1"": ""M_3357"",
""GoalNum"": 1
}
]","[
{""Index"":1,""RewardType"":1,""RewardID"":0,""RewardNum"":10}
]",2,#3357,,[],,0,1,102030765,3357
500146,图鉴-蚀化猪人(法师),4,"[
{
""String"": ""击败蚀化猪人法师×1。"",
""UnlockTaskId"": 0
}
]","[
""击败蚀化猪人法师×1。""
]","[
{
""Index"": 1,
""Type"": 8,
""GoalID1"": ""M_3358"",
""GoalNum"": 1
}
]","[
{""Index"":1,""RewardType"":1,""RewardID"":0,""RewardNum"":10}
]",2,#3358,,[],,0,1,102030765,3358
500147,图鉴-晶石小怪,4,"[
{
""String"": ""击败晶石小怪×1。"",
""UnlockTaskId"": 0
}
]","[
""击败晶石小怪×1。""
]","[
{
""Index"": 1,
""Type"": 8,
""GoalID1"": ""M_3361"",
""GoalNum"": 1
}
]","[
{""Index"":1,""RewardType"":1,""RewardID"":0,""RewardNum"":10}
]",2,#3361,,[],,0,1,102030765,3361
500148,图鉴-晶石巨像,4,"[
{
""String"": ""击败晶石巨像×1。"",
""UnlockTaskId"": 0
}
]","[
""击败晶石巨像×1。""
]","[
{
""Index"": 1,
""Type"": 8,
""GoalID1"": ""M_3362"",
""GoalNum"": 1
}
]","[
{""Index"":1,""RewardType"":1,""RewardID"":0,""RewardNum"":10}
]",2,#3362,,[],,0,1,102030765,3362
500149,图鉴-虚空使徒,4,"[
{
""String"": ""击败虚空使徒×1。"",
""UnlockTaskId"": 0
}
]","[
""击败虚空使徒×1。""
]","[
{
""Index"": 1,
""Type"": 8,
""GoalID1"": ""M_3365"",
""GoalNum"": 1
}
]","[
{""Index"":1,""RewardType"":1,""RewardID"":0,""RewardNum"":10}
]",2,#3365,,[],,0,1,102030765,3365
500150,图鉴-虚空使祭司,4,"[
{
""String"": ""击败虚空使祭司×1。"",
""UnlockTaskId"": 0
}
]","[
""击败虚空使祭司×1。""
]","[
{
""Index"": 1,
""Type"": 8,
""GoalID1"": ""M_3366"",
""GoalNum"": 1
}
]","[
{""Index"":1,""RewardType"":1,""RewardID"":0,""RewardNum"":10}
]",2,#3366,,[],,0,1,102030765,3366
500151,图鉴-虚空使大祭司,4,"[
{
""String"": ""击败虚空使大祭司×1。"",
""UnlockTaskId"": 0
}
]","[
""击败虚空使大祭司×1。""
]","[
{
""Index"": 1,
""Type"": 8,
""GoalID1"": ""M_3367"",
""GoalNum"": 1
}
]","[
{""Index"":1,""RewardType"":1,""RewardID"":0,""RewardNum"":10}
]",2,#3367,,[],,0,1,102030765,3367
500152,图鉴-老村长,4,"[
{
""String"": ""发现老村长×1。"",
""UnlockTaskId"": 0
}
]","[
""发现老村长×1。""
]","[
{
""Index"": 1,
""Type"": 22,
""GoalID1"": ""0"",
""GoalID2"": ""M_3364"",
""GoalNum"": 1
}
]","[
{""Index"":1,""RewardType"":1,""RewardID"":0,""RewardNum"":10}
]",2,#3364,,[],,0,1,102030765,3364
500153,图鉴-狗村民,4,"[
{
""String"": ""发现狗村民×1。"",
""UnlockTaskId"": 0
}
]","[
""发现狗村民×1。""
]","[
{
""Index"": 1,
""Type"": 22,
""GoalID1"": ""0"",
""GoalID2"": ""M_3326"",
""GoalNum"": 1
}
]","[
{""Index"":1,""RewardType"":1,""RewardID"":0,""RewardNum"":10}
]",2,#3326,,[],,0,1,102030765,3326
500154,图鉴-猫村民,4,"[
{
""String"": ""发现猫村民×1。"",
""UnlockTaskId"": 0
}
]","[
""发现猫村民×1。""
]","[
{
""Index"": 1,
""Type"": 22,
""GoalID1"": ""0"",
""GoalID2"": ""M_3327"",
""GoalNum"": 1
}
]","[
{""Index"":1,""RewardType"":1,""RewardID"":0,""RewardNum"":10}
]",2,#3327,,[],,0,1,102030765,3327
500155,图鉴-猪村民,4,"[
{
""String"": ""发现猪村民×1。"",
""UnlockTaskId"": 0
}
]","[
""发现猪村民×1。""
]","[
{
""Index"": 1,
""Type"": 22,
""GoalID1"": ""0"",
""GoalID2"": ""M_3328"",
""GoalNum"": 1
}
]","[
{""Index"":1,""RewardType"":1,""RewardID"":0,""RewardNum"":10}
]",2,#3328,,[],,0,1,102030765,3328
500156,图鉴-狗法师,4,"[
{
""String"": ""发现狗法师×1。"",
""UnlockTaskId"": 0
}
]","[
""发现狗法师×1。""
]","[
{
""Index"": 1,
""Type"": 22,
""GoalID1"": ""0"",
""GoalID2"": ""M_3331"",
""GoalNum"": 1
}
]","[
{""Index"":1,""RewardType"":1,""RewardID"":0,""RewardNum"":10}
]",2,#3331,,[],,0,1,102030765,3331
500157,图鉴-猫法师,4,"[
{
""String"": ""发现猫法师×1。"",
""UnlockTaskId"": 0
}
]","[
""发现猫法师×1。""
]","[
{
""Index"": 1,
""Type"": 22,
""GoalID1"": ""0"",
""GoalID2"": ""M_3332"",
""GoalNum"": 1
}
]","[
{""Index"":1,""RewardType"":1,""RewardID"":0,""RewardNum"":10}
]",2,#3332,,[],,0,1,102030765,3332
500158,图鉴-狗战士,4,"[
{
""String"": ""发现狗战士×1。"",
""UnlockTaskId"": 0
}
]","[
""发现狗战士×1。""
]","[
{
""Index"": 1,
""Type"": 22,
""GoalID1"": ""0"",
""GoalID2"": ""M_3329"",
""GoalNum"": 1
}
]","[
{""Index"":1,""RewardType"":1,""RewardID"":0,""RewardNum"":10}
]",2,#3329,,[],,0,1,102030765,3329
500159,图鉴-猫战士,4,"[
{
""String"": ""发现猫战士×1。"",
""UnlockTaskId"": 0
}
]","[
""发现猫战士×1。""
]","[
{
""Index"": 1,
""Type"": 22,
""GoalID1"": ""0"",
""GoalID2"": ""M_3330"",
""GoalNum"": 1
}
]","[
{""Index"":1,""RewardType"":1,""RewardID"":0,""RewardNum"":10}
]",2,#3330,,[],,0,1,102030765,3330
500160,图鉴-猪厨师,4,"[
{
""String"": ""发现猪厨师×1。"",
""UnlockTaskId"": 0
}
]","[
""发现猪厨师×1。""
]","[
{
""Index"": 1,
""Type"": 22,
""GoalID1"": ""0"",
""GoalID2"": ""M_3333"",
""GoalNum"": 1
}
]","[
{""Index"":1,""RewardType"":1,""RewardID"":0,""RewardNum"":10}
]",2,#3333,,[],,0,1,102030765,3333
500161,图鉴-法术种植师,4,"[
{
""String"": ""发现法术种植师×1。"",
""UnlockTaskId"": 0
}
]","[
""发现法术种植师×1。""
]","[
{
""Index"": 1,
""Type"": 22,
""GoalID1"": ""0"",
""GoalID2"": ""M_3335"",
""GoalNum"": 1
}
]","[
{""Index"":1,""RewardType"":1,""RewardID"":0,""RewardNum"":10}
]",2,#3335,,[],,0,1,102030765,3335
500162,图鉴-皮皮猪,4,"[
{
""String"": ""发现皮皮猪×1。"",
""UnlockTaskId"": 0
}
]","[
""发现皮皮猪×1。""
]","[
{
""Index"": 1,
""Type"": 22,
""GoalID1"": ""0"",
""GoalID2"": ""M_3334"",
""GoalNum"": 1
}
]","[
{""Index"":1,""RewardType"":1,""RewardID"":0,""RewardNum"":10}
]",2,#3334,,[],,0,1,102030765,3334
500163,图鉴-钓鱼猫,4,"[
{
""String"": ""发现钓鱼猫×1。"",
""UnlockTaskId"": 0
}
]","[
""发现钓鱼猫×1。""
]","[
{
""Index"": 1,
""Type"": 22,
""GoalID1"": ""0"",
""GoalID2"": ""M_3336"",
""GoalNum"": 1
}
]","[
{""Index"":1,""RewardType"":1,""RewardID"":0,""RewardNum"":10}
]",2,#3336,,[],,0,1,102030765,3336
500164,图鉴-蘑菇战士,4,"[
{
""String"": ""发现蘑菇战士×1。"",
""UnlockTaskId"": 0
}
]","[
""发现蘑菇战士×1。""
]","[
{
""Index"": 1,
""Type"": 22,
""GoalID1"": ""0"",
""GoalID2"": ""M_3322"",
""GoalNum"": 1
}
]","[
{""Index"":1,""RewardType"":1,""RewardID"":0,""RewardNum"":10}
]",2,#3322,,[],,0,1,102030765,3322
500165,图鉴-蘑菇村民,4,"[
{
""String"": ""发现蘑菇村民×1。"",
""UnlockTaskId"": 0
}
]","[
""发现蘑菇村民×1。""
]","[
{
""Index"": 1,
""Type"": 22,
""GoalID1"": ""0"",
""GoalID2"": ""M_3325"",
""GoalNum"": 1
}
]","[
{""Index"":1,""RewardType"":1,""RewardID"":0,""RewardNum"":10}
]",2,#3325,,[],,0,1,102030765,3325
500166,图鉴-蘑菇法师,4,"[
{
""String"": ""发现蘑菇法师×1。"",
""UnlockTaskId"": 0
}
]","[
""发现蘑菇法师×1。""
]","[
{
""Index"": 1,
""Type"": 22,
""GoalID1"": ""0"",
""GoalID2"": ""M_3321"",
""GoalNum"": 1
}
]","[
{""Index"":1,""RewardType"":1,""RewardID"":0,""RewardNum"":10}
]",2,#3321,,[],,0,1,102030765,3321
500167,图鉴-蘑菇舞者,4,"[
{
""String"": ""发现蘑菇舞者×1。"",
""UnlockTaskId"": 0
}
]","[
""发现蘑菇舞者×1。""
]","[
{
""Index"": 1,
""Type"": 22,
""GoalID1"": ""0"",
""GoalID2"": ""M_3324"",
""GoalNum"": 1
}
]","[
{""Index"":1,""RewardType"":1,""RewardID"":0,""RewardNum"":10}
]",2,#3324,,[],,0,1,102030765,3324
500168,图鉴-蘑菇乐手,4,"[
{
""String"": ""发现蘑菇乐手×1。"",
""UnlockTaskId"": 0
}
]","[
""发现蘑菇乐手×1。""
]","[
{
""Index"": 1,
""Type"": 22,
""GoalID1"": ""0"",
""GoalID2"": ""M_3323"",
""GoalNum"": 1
}
]","[
{""Index"":1,""RewardType"":1,""RewardID"":0,""RewardNum"":10}
]",2,#3323,,[],,0,1,102030765,3323
500169,图鉴-蘑菇商人,4,"[
{
""String"": ""发现蘑菇商人×1。"",
""UnlockTaskId"": 0
}
]","[
""发现蘑菇商人×1。""
]","[
{
""Index"": 1,
""Type"": 22,
""GoalID1"": ""0"",
""GoalID2"": ""M_3320"",
""GoalNum"": 1
}
]","[
{""Index"":1,""RewardType"":1,""RewardID"":0,""RewardNum"":10}
]",2,#3320,,[],,0,1,102030765,3320
500170,图鉴-一起去看流星雨,4,"[
{
""String"": ""使用流星雨烟花×1。#r"",
""UnlockTaskId"": 0
}
]","[
""使用流星雨烟花×1。""
]","[
{
""Index"": 1,
""Type"": 7,
""GoalID1"": ""I_12631"",
""GoalNum"": 1
}
]","[
{""Index"":1,""RewardType"":1,""RewardID"":0,""RewardNum"":10}
]",2,12631,,[],,0,1,102030765,12631
500171,图鉴-星辉古树的秘密,4,"[
{
""String"": ""采集星辉果×1。#r"",
""UnlockTaskId"": 0
}
]","[
""采集星辉果×1。""
]","[
{
""Index"": 1,
""Type"": 3,
""GoalID1"": ""I_11715"",
""GoalNum"": 1
}
]","[
{""Index"":1,""RewardType"":1,""RewardID"":0,""RewardNum"":10}
]",2,11715,,[],,0,1,102030765,11715
500172,图鉴-星尘由我守护！,4,"[
{
""String"": ""击败虚空魔眼×1。#r"",
""UnlockTaskId"": 0
}
]","[
""击败虚空魔眼×1。""
]","[
{
""Index"": 1,
""Type"": 8,
""GoalID1"": ""M_3944"",
""GoalNum"": 1
}
]","[
{""Index"":1,""RewardType"":1,""RewardID"":0,""RewardNum"":10}
]",2,#3944,,[],,0,1,102030765,3944
500173,图鉴-极光与极夜,4,"[
{
""String"": ""与极光·星洛交易×1。#r"",
""UnlockTaskId"": 0
}
]","[
""与极光·星洛交易×1。""
]","[
{
""Index"": 1,
""Type"": 23,
""GoalID1"": ""M_3946"",
""GoalNum"": 1
}
]","[
{""Index"":1,""RewardType"":1,""RewardID"":0,""RewardNum"":10}
]",2,#3946,,[],,0,1,102030765,3946
500174,图鉴-绚烂的独角兽,4,"[
{
""String"": ""对独角兽使用璨璨流星×1。#r"",
""UnlockTaskId"": 0
}
]","[
""对独角兽使用璨璨流星×1。""
]","[
{
""Index"": 1,
""Type"": 22,
""GoalID1"": ""I_12020"",
""GoalID2"": ""M_3347"",
""GoalNum"": 1
}
]","[
{""Index"":1,""RewardType"":1,""RewardID"":0,""RewardNum"":10}
]",2,#3347,,[],,0,1,102030765,3347
500175,图鉴-传送阵的秘密,4,"[
{
""String"": ""在野外探索获取空间碎片图纸×1。#r"",
""UnlockTaskId"": 0
}
]","[
""在野外探索获取空间碎片图纸×1。""
]","[
{
""Index"": 1,
""Type"": 3,
""GoalID1"": ""I_11943"",
""GoalNum"": 1
}
]","[
{""Index"":1,""RewardType"":1,""RewardID"":0,""RewardNum"":10}
]",2,11943,,[],,0,1,102030765,11943
500176,图鉴-蘑菇小圆桌,4,"[
{
""String"": ""合成蘑菇小圆桌×1。#r"",
""UnlockTaskId"": 0
}
]","[
""合成蘑菇小圆桌×1。""
]","[
{
""Index"": 1,
""Type"": 3,
""GoalID1"": ""I_201770"",
""GoalNum"": 1
}
]","[
{""Index"":1,""RewardType"":1,""RewardID"":0,""RewardNum"":10}
]",2,201770,,[],,0,1,102030765,201770
500177,图鉴-星辉窗帘,4,"[
{
""String"": ""合成星辉窗帘×1。#r"",
""UnlockTaskId"": 0
}
]","[
""合成星辉窗帘×1。""
]","[
{
""Index"": 1,
""Type"": 3,
""GoalID1"": ""I_201735"",
""GoalNum"": 1
}
]","[
{""Index"":1,""RewardType"":1,""RewardID"":0,""RewardNum"":10}
]",2,201735,,[],,0,1,102030765,201735
500178,图鉴-星辉门,4,"[
{
""String"": ""合成星辉门×1。#r"",
""UnlockTaskId"": 0
}
]","[
""合成星辉门×1。""
]","[
{
""Index"": 1,
""Type"": 3,
""GoalID1"": ""I_201736"",
""GoalNum"": 1
}
]","[
{""Index"":1,""RewardType"":1,""RewardID"":0,""RewardNum"":10}
]",2,201736,,[],,0,1,102030765,201736
500179,图鉴-星辉窗,4,"[
{
""String"": ""合成星辉窗×1。#r"",
""UnlockTaskId"": 0
}
]","[
""合成星辉窗×1。""
]","[
{
""Index"": 1,
""Type"": 3,
""GoalID1"": ""I_201737"",
""GoalNum"": 1
}
]","[
{""Index"":1,""RewardType"":1,""RewardID"":0,""RewardNum"":10}
]",2,201737,,[],,0,1,102030765,201737
500180,图鉴-星辉圆桌,4,"[
{
""String"": ""合成星辉圆桌×1。#r"",
""UnlockTaskId"": 0
}
]","[
""合成星辉圆桌×1。""
]","[
{
""Index"": 1,
""Type"": 3,
""GoalID1"": ""I_201738"",
""GoalNum"": 1
}
]","[
{""Index"":1,""RewardType"":1,""RewardID"":0,""RewardNum"":10}
]",2,201738,,[],,0,1,102030765,201738
500181,图鉴-星辉椅,4,"[
{
""String"": ""合成星辉椅×1。#r"",
""UnlockTaskId"": 0
}
]","[
""合成星辉椅×1。""
]","[
{
""Index"": 1,
""Type"": 3,
""GoalID1"": ""I_201739"",
""GoalNum"": 1
}
]","[
{""Index"":1,""RewardType"":1,""RewardID"":0,""RewardNum"":10}
]",2,201739,,[],,0,1,102030765,201739
500182,图鉴-星辉衣柜,4,"[
{
""String"": ""合成星辉衣柜×1。#r"",
""UnlockTaskId"": 0
}
]","[
""合成星辉衣柜×1。""
]","[
{
""Index"": 1,
""Type"": 3,
""GoalID1"": ""I_201740"",
""GoalNum"": 1
}
]","[
{""Index"":1,""RewardType"":1,""RewardID"":0,""RewardNum"":10}
]",2,201740,,[],,0,1,102030765,201740
500183,图鉴-星辉储物箱,4,"[
{
""String"": ""合成星辉储物箱×1。#r"",
""UnlockTaskId"": 0
}
]","[
""合成星辉储物箱×1。""
]","[
{
""Index"": 1,
""Type"": 3,
""GoalID1"": ""I_201741"",
""GoalNum"": 1
}
]","[
{""Index"":1,""RewardType"":1,""RewardID"":0,""RewardNum"":10}
]",2,201741,,[],,0,1,102030765,201741
500184,图鉴-星辉床,4,"[
{
""String"": ""合成星辉床×1。#r"",
""UnlockTaskId"": 0
}
]","[
""合成星辉床×1。""
]","[
{
""Index"": 1,
""Type"": 3,
""GoalID1"": ""I_201742"",
""GoalNum"": 1
}
]","[
{""Index"":1,""RewardType"":1,""RewardID"":0,""RewardNum"":10}
]",2,201742,,[],,0,1,102030765,201742
500185,图鉴-星辉火盆灯,4,"[
{
""String"": ""合成星辉火盆灯×1。#r"",
""UnlockTaskId"": 0
}
]","[
""合成星辉火盆灯×1。""
]","[
{
""Index"": 1,
""Type"": 3,
""GoalID1"": ""I_201743"",
""GoalNum"": 1
}
]","[
{""Index"":1,""RewardType"":1,""RewardID"":0,""RewardNum"":10}
]",2,201743,,[],,0,1,102030765,201743
500186,图鉴-星辉书柜,4,"[
{
""String"": ""合成星辉书柜×1。#r"",
""UnlockTaskId"": 0
}
]","[
""合成星辉书柜×1。""
]","[
{
""Index"": 1,
""Type"": 3,
""GoalID1"": ""I_201744"",
""GoalNum"": 1
}
]","[
{""Index"":1,""RewardType"":1,""RewardID"":0,""RewardNum"":10}
]",2,201744,,[],,0,1,102030765,201744
500187,图鉴-星辉地毯,4,"[
{
""String"": ""合成星辉地毯×1。#r"",
""UnlockTaskId"": 0
}
]","[
""合成星辉地毯×1。""
]","[
{
""Index"": 1,
""Type"": 3,
""GoalID1"": ""I_201745"",
""GoalNum"": 1
}
]","[
{""Index"":1,""RewardType"":1,""RewardID"":0,""RewardNum"":10}
]",2,201745,,[],,0,1,102030765,201745
500188,图鉴-星辉小榻,4,"[
{
""String"": ""合成星辉小榻×1。#r"",
""UnlockTaskId"": 0
}
]","[
""合成星辉小榻×1。""
]","[
{
""Index"": 1,
""Type"": 3,
""GoalID1"": ""I_201771"",
""GoalNum"": 1
}
]","[
{""Index"":1,""RewardType"":1,""RewardID"":0,""RewardNum"":10}
]",2,201771,,[],,0,1,102030765,201771
500189,图鉴-古堡的神秘道具,4,"[
{
""String"": ""获取隐身披风图纸×1。#r"",
""UnlockTaskId"": 0
}
]","[
""获取隐身披风图纸×1。""
]","[
{
""Index"": 1,
""Type"": 3,
""GoalID1"": ""I_11942"",
""GoalNum"": 1
}
]","[
{""Index"":1,""RewardType"":1,""RewardID"":0,""RewardNum"":10}
]",2,11942,,[],,0,1,102030765,11942
500190,图鉴-猫乐手,4,"[
{
""String"": ""发现猫乐手×1。#r"",
""UnlockTaskId"": 0
}
]","[
""发现猫乐手×1。""
]","[
{
""Index"": 1,
""Type"": 22,
""GoalID1"": ""0"",
""GoalID2"": ""M_3337"",
""GoalNum"": 1
}
]","[
{""Index"":1,""RewardType"":1,""RewardID"":0,""RewardNum"":10}
]",2,#3337,,[],,0,1,102030765,3337
500191,图鉴-狗舞者,4,"[
{
""String"": ""发现狗舞者×1。#r"",
""UnlockTaskId"": 0
}
]","[
""发现狗舞者×1。""
]","[
{
""Index"": 1,
""Type"": 22,
""GoalID1"": ""0"",
""GoalID2"": ""M_3338"",
""GoalNum"": 1
}
]","[
{""Index"":1,""RewardType"":1,""RewardID"":0,""RewardNum"":10}
]",2,#3338,,[],,0,1,102030765,3338
