id,特效名,备注,插件库开放[0代表不开放，1=开放 ],触发器开放[0代表不开放，1=开放 ],分类（1=烟雾 2=爆炸 3=光效 4=粒子 5=火焰 6=环境 7=提示）,特效类型（1=ent类型 2=emo类型 3=两者都有 4=prefab类型）,播放模式（1=循环播放，2=播放后结束，3=播放后停留）,播放时长（单位秒，对非循环生效）(弃用),特效路径,音效名称,图标名字
ID,Name,,AtkEffectTypeSID,TriggerType,Type,TypesSpecialEffects,PlayMode,Time,EffectName,SoundName,IconName
1000,紫焰上升1(循环),,0,1,5,3,1,10,408lan,,particles03
1001,绿色瘴气(循环),,0,1,1,3,1,10,408lv,,particles01
1002,紫焰上升2(循环),,0,1,5,3,1,10,409lv,,particles03
1003,紫焰上升3(循环),,0,1,5,3,1,10,449huang,,particles03
1004,紫焰上升4(循环),,0,1,5,3,1,10,450zi,,particles03
1005,上升光环,,0,1,3,3,2,10,1001,,particles02
1006,复活,,0,1,3,3,2,10,1002,,particles02
1007,爆炸1,,0,1,2,3,2,10,1003,,particles04
1008,爱心,,0,1,3,3,2,10,1004,,particles02
1009,爆炸2,,0,1,2,3,2,10,1005,,particles04
1010,火焰(循环),,0,1,5,3,1,10,1017,,particles03
1011,烟尘火花(循环),,0,1,5,3,1,10,1018,,particles03
1012,喷射火焰1,,0,1,5,3,2,10,1019,,particles03
1013,灰色烟雾(循环),,0,1,1,3,1,10,1020,,particles01
1014,水花,,0,1,4,3,2,10,1024,,particles08
1015,泡泡(循环),,0,1,4,3,1,10,1025,,particles08
1016,光点1,,0,1,4,3,2,10,1026,,particles08
1017,灼烧1（循环),,0,1,5,3,1,10,1028,,particles03
1018,大火团（循环）,,0,1,5,3,1,10,1029,,particles03
1019,蓝色粒子（循环）,,0,1,4,3,1,10,1030,,particles08
1020,闪烁（循环）,,0,1,4,3,1,10,1031,,particles08
1021,曝光,,0,1,2,3,2,10,1031_2,,particles04
1022,黑洞（循环）,,0,1,4,3,1,10,1032,,particles08
1023,金色光芒（循环）,,0,1,3,3,1,10,1034,,particles02
1024,目标（循环）,,0,1,7,3,1,10,1027,,particles05
1025,长按（循环）,ui特效,0,1,7,3,1,10,1035,,particles05
1026,绿色粒子（循环）,,0,1,4,3,1,10,1036,,particles08
1027,气泡（循环),,0,1,4,3,1,10,1037,,particles08
1028,绿色光环（循环）,,0,1,3,3,1,10,1038,,particles02
1029,环境光（循环）,,0,1,6,3,1,10,1101,,particles06
1030,落叶（循环）,未找到,0,0,6,,1,10,1102,,particles06
1031,气旋（循环）,,0,1,3,3,1,10,1103,,particles02
1032,桃花气旋（循环）,,0,1,3,3,1,10,1104,,particles02
1033,绿团（循环）,,0,1,5,3,1,10,3407_1,,particles03
1034,原爆点（蓝）,,0,1,2,3,2,10,3502_die,,particles04
1035,火海（循环）,,0,1,5,3,1,10,3503_body,,particles03
1036,混沌风暴,,0,1,2,3,2,10,3503_call,,particles04
1037,原爆点（红）,,0,1,2,3,2,10,3503_die,,particles04
1038,核心（循环）,,0,1,5,3,1,10,3503_lavaball,,particles03
1039,闪电风暴（循环）,,0,1,5,3,1,10,3504_body,,particles03
1040,混沌球（循环）,,0,1,5,3,1,10,3504_chaosball,,particles03
1041,原爆点（紫）,,0,1,2,3,2,10,3504_die,,particles04
1042,流火（循环）,,0,1,5,3,1,10,3508_lavaball,,particles03
1043,火焰扩散,,0,1,5,3,2,10,3508_lavaball_hit,,particles03
1044,烟雾10,,0,1,1,3,2,10,10021,,particles01
1045,笑脸烟花,,1,1,2,3,2,10,12750,,particles04
1046,爱心,,1,1,2,3,2,10,12830,,particles04
1047,烟花（绿）,,1,1,2,3,2,10,12831,,particles04
1048,烟花（黄）,,1,1,2,3,2,10,12832,,particles04
1049,烟花（蓝）,,1,1,2,3,2,10,12833,,particles04
1050,烟花（紫）,,1,1,2,3,2,10,12834,,particles04
1051,烟花（波纹）,,1,1,2,3,2,10,12835,,particles04
1052,点光效（循环）,,0,1,4,3,1,10,13802_1,,particles08
1053,烟雾1（循环）,,0,1,1,3,1,10,31021,,particles01
1054,雾点绿（循环）,,0,1,4,3,1,10,31051,,particles08
1055,灼烧2（循环）,,0,1,5,3,1,10,31051_1,,particles03
1056,火痕（循环）,,0,1,5,3,1,10,31052,,particles03
1057,蓝焰1（循环）,,0,1,1,3,1,10,31071,,particles01
1058,爆点-红,,0,1,1,3,1,10,31091,,particles01
1059,着火（循环）,,0,1,5,3,1,10,31301,,particles03
1060,蓝焰2（循环）,,0,1,5,3,1,10,35011,,particles03
1061,旋涡,,0,1,3,3,2,10,35021,,particles02
1062,喷射火焰2,,0,1,5,3,2,10,35022,,particles03
1063,光点3,,0,1,4,3,1,10,110033,,particles08
1064,光点4,,0,1,4,3,1,10,110040_3,,particles08
1065,火焰光环,,0,0,3,3,1,10,110054_1,,particles02
1066,火焰脚印（循环）,装扮特效,0,0,3,3,1,10,140001,,particles02
1067,绿色脚印（循环）,装扮特效,0,0,3,3,1,10,140002,,particles02
1068,云团脚印（循环）,装扮特效,0,0,3,3,1,10,140003,,particles02
1069,云团（循环）,装扮特效,0,0,1,3,1,10,140003_1,,particles01
1070,光晕（循环）,装扮特效,0,0,3,3,1,10,140003_2,,particles02
1071,龙爪脚印（循环）,装扮特效,0,0,3,3,1,10,140004,,particles02
1072,猫爪脚印（循环）,装扮特效,0,0,3,3,1,10,140005,,particles02
1073,爱心脚印（循环）,装扮特效,0,0,3,3,1,10,140007,,particles02
1074,翅膀脚印（循环）,装扮特效,0,0,3,3,1,10,140008,,particles02
1075,红雾（循环）,装扮特效,0,0,1,3,1,10,140009,,particles01
1076,蝙蝠月光（循环）,装扮特效,0,0,3,3,1,10,140009_1,,particles02
1077,蓝爪脚印（循环）,装扮特效,0,0,3,3,1,10,140010,,particles02
1078,雪花围绕（循环）,装扮特效,0,1,3,3,1,10,140010_1,,particles02
1079,雪花飞舞（循环）,装扮特效,0,1,3,3,2,10,140010_2,,particles02
1080,雪花（循环）,装扮特效,0,0,4,3,1,10,140011,,particles08
1081,花瓣飞舞（循环）,装扮特效,0,0,3,3,1,10,140012,,particles02
1082,仙气围绕（循环）,装扮特效,0,0,3,3,1,10,140013,,particles02
1083,雪话（循环）,装扮特效,0,0,4,3,1,10,140013_1,,particles08
1084,云朵（循环）,装扮特效,0,0,3,3,1,10,140013_3,,particles02
1085,点燃,装扮特效,0,0,2,3,2,10,140014_1,,particles04
1086,火元素（循环）,装扮特效,0,0,5,3,1,10,140014_2,,particles03
1087,星星（循环）,装扮特效,0,0,3,3,1,10,140014_3,,particles02
1088,元素爆炸,装扮特效,0,1,2,3,2,10,140015_1,,particles04
1089,雾气围绕（循环）,装扮特效,0,0,1,3,2,10,140015_2,,particles01
1090,篮球火（循环）,装扮特效,0,0,3,3,1,10,140015_3,,particles02
1091,爱心闪烁（循环）,装扮特效,0,0,4,3,1,10,140017_1,,particles08
1092,爱心扩散,装扮特效,0,0,4,3,2,10,140017_2,,particles08
1093,水波纹,装扮特效,0,0,6,3,2,10,140018_1,,particles06
1094,水波纹（循环）,装扮特效,0,0,6,3,1,10,140018_3,,particles06
1095,金光四射,装扮特效,0,0,3,3,2,10,140019_1,,particles02
1096,粉色泡泡（循环）,装扮特效,0,0,4,3,1,10,140019_2,,particles08
1097,刀光,装扮特效,0,0,3,3,2,10,140020_1,,particles02
1098,？？？,打不开,0,0,1,2,1,10,140020_2,,particles01
1099,黑色波纹（循环）,装扮特效,0,0,3,3,1,10,140020_3,,particles02
1100,花落,装扮特效,0,0,6,3,2,10,140021_1,,particles06
1101,花舞（循环）,装扮特效,0,0,6,3,1,10,140021_2,,particles06
1102,万圣夜,装扮特效,0,0,6,3,2,10,140022_1,,particles06
1103,紫色粒子（循环）,装扮特效,0,0,4,3,1,10,140022_2,,particles08
1104,灰尘,装扮特效,0,0,1,3,2,10,140023_1,,particles01
1105,蓝色花舞（循环）,装扮特效,0,0,6,3,2,10,140023_2,,particles06
1106,震撼出场,装扮特效,0,0,6,3,2,10,140024_1,,particles06
1107,黑色气泡（循环）,装扮特效,0,1,4,3,1,10,140024_3,,particles08
1108,？？？,打不开,0,0,1,2,1,10,140025_1,,particles01
1109,电纹（循环）,装扮特效,0,0,3,3,1,10,140025_2,,particles02
1110,竹叶（循环）,装扮特效,0,0,4,3,1,10,140027_2,,particles08
1111,幻音登场,装扮特效,0,0,6,3,2,10,140028_1,,particles06
1112,电子爱心（循环）,装扮特效,0,0,3,3,1,10,140028_2,,particles02
1113,幻：零式登场,装扮特效,0,0,6,3,2,10,140029_1,,particles06
1114,幻：零式光效,装扮特效,0,0,3,3,1,10,140029_2,,particles02
1115,蓝色花瓣,装扮特效,0,0,6,3,2,10,140030_1,,particles06
1116,星云（循环）,装扮特效,0,0,3,3,1,10,140030_2,,particles02
1117,万圣烟花,装扮特效,0,0,2,3,2,10,140031_1,,particles04
1118,紫色光效（循环）,装扮特效,0,0,3,3,1,10,140031_2,,particles02
1119,水花,装扮特效,0,0,6,3,2,10,140032_1,,particles06
1120,泡泡2（循环）,装扮特效,0,0,4,3,1,10,140032_2,,particles08
1121,贝壳（循环）,装扮特效,0,0,3,3,1,10,140032_3,,particles02
1122,雪地,装扮特效,0,0,6,3,2,10,140033_1,,particles06
1123,雪气（循环）,装扮特效,0,0,1,3,1,10,140033_2,,particles01
1124,彩带,装扮特效,0,0,2,3,2,10,140034_1,,particles04
1125,聚光灯,装扮特效,0,0,3,3,2,10,140035_1,,particles02
1126,粉色花瓣（循环）,装扮特效,0,0,4,3,1,10,140035_3,,particles08
1127,量子破碎,装扮特效,0,0,3,3,2,10,140036_1,,particles02
1128,波纹蓝（循环）,装扮特效,0,0,3,3,1,10,140036_2,,particles02
1129,电波纹,装扮特效,0,0,3,3,2,10,140036_3,,particles02
1130,星光翅膀,装扮特效,0,0,4,3,2,10,140037_1,,particles08
1131,羽毛落下（循环）,装扮特效,0,0,6,3,1,10,140037_2,,particles06
1132,动感光效,装扮特效,0,0,3,3,2,10,140038_1,,particles02
1133,电流,装扮特效,0,0,4,3,1,10,140038_2,,particles08
1134,音符（循环）,装扮特效,0,0,3,3,1,10,140038_3,,particles02
1135,裂地,装扮特效,0,0,2,3,2,10,140039_1,,particles04
1136,闪光,装扮特效,0,0,3,3,1,10,140039_2,,particles02
1137,镭射射线,装扮特效,0,0,3,3,2,10,140040_1,,particles02
1138,镭射粒子,装扮特效,0,0,4,3,2,10,140040_3,,particles08
1139,刀光,装扮特效,0,0,3,3,2,10,140041_1,,particles02
1140,刀轮,装扮特效,0,0,3,3,2,10,140041_3,,particles02
1141,极速飞驰,装扮特效,0,0,3,3,2,10,140042_1,,particles02
1142,心钻（循环）,装扮特效,0,0,3,3,1,10,140042_3,,particles02
1143,烟雾出场,装扮特效,0,0,1,3,2,10,140043_1,,particles01
1144,毛线球（循环）,装扮特效,0,0,3,3,1,10,140043_3,,particles02
1145,光爆,装扮特效,0,0,3,3,1,10,140044_1,,particles02
1146,忍镖（循环）,装扮特效,0,0,3,3,1,10,140044_3,,particles02
1147,破壳,装扮特效,0,0,3,3,2,10,140045_1,,particles02
1148,金流光（循环）,装扮特效,0,0,3,3,1,10,140045_2,,particles02
1149,召唤,,0,1,1,3,2,10,acchorse,,particles01
1150,爱心上升,,0,1,3,3,2,10,aixinrenwu,,particles02
1151,氧气区,,0,0,6,3,1,10,alientotem,,particles06
1152,发怒,动作表情特效,0,0,5,3,2,10,anim_100158,,particles03
1153,泪水,动作表情特效,0,0,7,3,1,10,anim_100159,,particles05
1154,疑问,动作表情特效,0,0,7,3,1,10,anim_100162,,particles05
1155,大爱心,动作表情特效,0,0,7,3,2,10,anim_100166,,particles05
1156,好点子,动作表情特效,0,0,7,3,2,10,anim_100167,,particles05
1157,黑线,动作表情特效,0,1,7,3,2,10,anim_100168,,particles05
1158,害羞,动作表情特效,0,0,7,3,2,10,anim_100171,,particles05
1159,挖鼻屎,动作表情特效,0,0,7,3,1,10,anim_100172,,particles05
1160,？？？,贴图有问题，动作表情特效,0,0,7,3,2,10,anim_100173,,particles05
1161,红晕（循环）,贴图有问题，动作表情特效,0,0,7,3,1,10,anim_100174,,particles05
1162,瀑布泪,动作表情特效,0,0,7,3,1,10,anim_100175,,particles05
1163,花痴（循环）,动作表情特效,0,0,7,3,1,10,anim_100176,,particles05
1164,阴暗（循环）,动作表情特效,0,1,7,3,1,10,anim_100177,,particles05
1165,瞌睡,动作表情特效,0,0,7,3,2,10,anim_100178,,particles05
1166,吃惊,动作表情特效,0,0,7,3,2,10,anim_100179,,particles05
1167,晕眩（循环）,动作表情特效,0,1,7,3,1,10,anim_100180,,particles05
1168,雷劈,动作表情特效,0,0,7,3,2,10,anim_100181,,particles05
1169,Bay~,动作表情特效,0,0,7,3,1,10,anim_100182,,particles05
1170,白圈（循环）,,0,1,7,3,1,10,aperture_1,,particles05
1171,浮动白点（循环）,,0,1,7,3,1,10,aperture_2,,particles05
1172,生物模型特效,,0,0,,3,,10,arm_left1,,
1173,生物模型特效,,0,0,,3,,10,arm_left2,,
1174,生物模型特效,,0,0,,3,,10,arm_left3,,
1175,生物模型特效,,0,0,,3,,10,arm_right1,,
1176,生物模型特效,,0,0,,3,,10,arm_right2,,
1177,生物模型特效,,0,0,,3,,10,arm_right3,,
1178,命中,,0,1,7,3,2,10,ball_collide,,particles05
1179,标记（循环）,,0,1,7,3,1,10,ball_dribbling,,particles05
1180,彩带,,0,1,2,3,2,10,ball_goal,,particles04
1181,指向上,,0,1,7,3,2,10,ball_guide,,particles05
1182,点击,,0,1,7,3,2,10,ball_hit,,particles05
1183,熔炎,,0,1,5,3,2,10,ball_power_high,,particles03
1184,？？？,贴图有问题,0,0,3,3,2,10,ball_power_low,,particles02
1185,电旋（循环）,,0,1,3,3,1,10,ball_shoot_charge,,particles02
1186,扩散波纹,,0,1,2,3,2,10,ball_shoot_release,,particles04
1187,公共队（循环）,,0,1,7,3,1,10,ball_team_0,,particles05
1188,红队（循环）,,0,1,7,3,1,10,ball_team_1,,particles05
1189,蓝队（循环）,,0,1,7,3,1,10,ball_team_2,,particles05
1190,绿队（循环）,,0,1,7,3,1,10,ball_team_3,,particles05
1191,黄队（循环）,,0,1,7,3,1,10,ball_team_4,,particles05
1192,橙队（循环）,,0,1,7,3,1,10,ball_team_5,,particles05
1193,紫队（循环）,,0,1,7,3,1,10,ball_team_6,,particles05
1194,烟尘（循环）,,0,1,1,3,1,10,bazooka_1,,particles01
1195,大爆炸,,0,1,2,3,2,10,bazooka_hit,,particles04
1196,小蜜蜂（循环）,,0,1,6,3,1,10,bee,,particles06
1197,生物模型特效,,0,1,,3,,10,body1,,
1198,生物模型特效,,0,1,,3,,10,body2,,
1199,生物模型特效,,0,1,,3,,10,body3,,
1200,烟雾2,BOSS怪物特效,0,1,1,3,2,10,bossblock_cleanup,,particles01
1201,烟雾扩散,BOSS怪物特效,0,1,1,3,2,10,bossblock_jinghua,,particles01
1202,绿色烟雾,BOSS怪物特效,0,1,1,3,2,10,bossblock_pollution,,particles01
1203,烟雾扩散2,BOSS怪物特效,0,1,1,3,2,10,bossblock_room,,particles01
1204,烟雾3,BOSS怪物特效,0,1,1,3,2,10,bossgiant_build,,particles01
1205,烟雾4,BOSS怪物特效,0,0,1,3,2,10,bossgiant_siwnag,,particles01
1206,浅蓝粒子（循环）,BOSS怪物特效,0,1,4,3,1,10,bosskill_3510_laserhitpoint,,particles08
1207,烟雾扩散3,BOSS怪物特效,0,1,1,3,2,10,bosssiwang,,particles01
1208,白光,BOSS怪物特效,0,1,3,3,2,10,bossskill_3510_guard,,particles02
1209,蓝色闪光,BOSS怪物特效,0,1,3,3,2,10,bossskill_3510_laser,,particles02
1210,蓝色光点（循环）,BOSS怪物特效,0,1,4,3,1,10,bossskill_3510_laserblue,,particles08
1211,蓝色光效,BOSS怪物特效,0,1,3,3,2,10,bossskill_3510_lasercharging,,particles02
1212,红色粒子（循环）,BOSS怪物特效,0,1,4,3,1,10,bossskill_3510_laserred,,particles08
1213,白色粒子（循环）,BOSS怪物特效,0,1,4,3,1,10,bossskill_3510_laserwhite,,particles08
1214,蓝光,BOSS怪物特效,0,1,3,3,2,10,bossskill_3514_blue,,particles02
1215,爆炸3,BOSS怪物特效,0,1,2,3,2,10,bossskill_3514_creepstransfer,,particles04
1216,光罩（循环）,BOSS怪物特效,0,1,3,3,1,10,bossskill_3514_guard,,particles02
1217,光罩2（循环）,BOSS怪物特效,0,1,3,3,1,10,bossskill_3514_sheild,,particles02
1218,白光,BOSS怪物特效,0,1,3,3,2,10,bossskill_3514_white,,particles02
1219,时空裂缝1,BOSS怪物特效,0,1,2,3,2,10,bossskill_lasertailblue,,particles04
1220,时空裂缝2,BOSS怪物特效,0,1,2,3,2,10,bossskill_lasertailred,,particles04
1221,时空裂缝3,BOSS怪物特效,0,1,2,3,2,10,bossskill_lasertailwhite,,particles04
1222,眩晕（循环）,BOSS怪物特效,0,1,3,3,1,10,bossxuanyun,,particles02
1223,方块状态（循环）,BUFF特效,0,1,3,3,1,10,box_buff,,particles02
1224,状态1（循环）,BUFF特效,0,1,3,3,1,10,BUFF_ATTACK_1,,particles02
1225,状态2（循环）,BUFF特效,0,1,3,3,1,10,BUFF_ATTACK_2,,particles02
1226,烟雾5,BUFF特效,0,1,1,3,2,10,BUFF_CHICKEN,,particles01
1227,禁锢（循环）,BUFF特效,0,1,3,3,1,10,BUFF_CLASP,,particles02
1228,离子盾,BUFF特效,0,1,4,3,2,10,BUFF_DAMAGE_ABSORB,,particles08
1229,护盾1,BUFF特效,0,0,3,3,2,10,BUFF_DAMAGED_1,,particles02
1230,破甲,BUFF特效,0,1,3,3,2,10,BUFF_DAMAGED_2,,particles02
1231,护盾2,BUFF特效,0,1,3,3,1,10,BUFF_DAMAGED_3,,particles02
1232,灼烧3（循环）,BUFF特效,0,1,5,3,1,10,BUFF_FIRE_1,,particles03
1233,蓝色烟雾（循环）,BUFF特效,0,1,1,3,1,10,BUFF_FREEZE,,particles01
1234,生命恢复1（循环）,BUFF特效,0,1,3,3,1,10,BUFF_HP_1,,particles02
1235,生命恢复2,BUFF特效,0,1,3,3,2,10,BUFF_HP_R,,particles02
1236,蓝色火焰（循环）,BUFF特效,0,1,5,3,1,10,BUFF_POISON_1,,particles03
1237,泡泡3（循环）,BUFF特效,0,1,4,3,1,10,BUFF_POP,,particles08
1238,漩涡,BUFF特效,0,1,3,3,2,10,BUFF_SPEED_1,,particles02
1239,诅咒（循环）,BUFF特效,0,1,3,3,1,10,BUFF_WITHER_1,,particles02
1240,鬼火（循环）,BUFF特效,0,1,5,3,1,10,buff69001,,particles03
1241,不明特效1,,0,0,,3,,10,campath_01,,
1242,不明特效2,,0,0,,3,,10,campath_02,,
1243,不明特效3,,0,0,,3,,10,campath_03,,
1244,不明特效4,,0,0,,3,,10,campath_04,,
1245,不明特效5,,0,0,,3,,10,campath_05,,
1246,不明特效6,,0,0,,3,,10,campath_06,,
1247,火点（循环）,,0,0,5,3,1,10,candle_1,,particles03
1248,动态光（循环）,,0,1,3,3,1,10,chaosstatue,,particles02
1249,黑色旋涡（循环）,,0,1,3,3,2,10,chuansongmen,,particles02
1250,传送门（循环）,,0,1,4,3,1,10,chuansongmengai,,particles08
1251,烟雾拖尾（循环）,,0,1,1,3,1,10,Chupinazo,,particles01
1252,烟花汇,,0,1,2,3,2,10,Chupinazoboom,,particles04
1253,环绕,,0,1,3,3,2,10,clear_prop,,particles02
1254,看不了,看不了,0,0,,3,,10,ench_fall,,
1255,看不了,看不了,0,0,,3,,10,experience_star_01,,
1256,看不了,看不了,0,0,,3,,10,experience_star_02,,
1257,看不了,看不了,0,0,,3,,10,experience_star_03,,
1258,看不了,看不了,0,0,,3,,10,experience_star_04,,
1259,火星子（循环）,,0,1,2,3,1,10,explosive_1,,particles04
1260,透明方块蓝,,0,0,3,3,1,10,fangkuai,,particles02
1261,透明方块黄,,0,0,3,3,1,10,fangkuaiHU,,particles02
1262,透明方块绿,,0,0,3,3,1,10,fangkuaiLV,,particles02
1263,笑脸烟花2,,0,1,2,3,2,10,Fireworks,,particles04
1264,花瓣落下（循环）,,0,1,6,3,1,10,flower,,particles06
1265,雾圈（循环）,,0,0,1,3,1,10,Fog,,particles01
1266,箭头（循环）,,0,1,7,3,1,10,guide_focus,,particles05
1267,标记点（循环）,,0,1,7,3,1,10,guide_put,,particles05
1268,曝光,,0,1,2,3,2,10,haixiaojineng_1,,particles04
1269,引力黑洞（循环）,,0,1,4,3,1,10,haixiaoy_1,,particles08
1270,微缩道具手特效,,0,0,1,3,,10,hand,,particles01
1271,微缩道具特效,,0,0,1,3,,10,head,,particles01
1272,酸性烟雾,,0,1,1,3,2,10,hook_die,,particles01
1273,电火（循环）,,0,1,5,3,1,10,horse_3430,,particles03
1274,水波纹2,,0,1,6,3,2,10,horse_3432,,particles06
1275,蓝色气流（循环）,,0,1,6,3,1,10,horse_3433_body,,particles06
1276,气流（循环）,,0,1,6,3,1,10,horse_3433_fly,,particles06
1277,火光（循环）,,0,1,5,3,1,10,horse_3436,,particles03
1278,黄色波纹,,0,1,6,3,2,10,horse_3437,,particles06
1279,烟雾6,,0,1,1,3,2,10,horse_3438_fly,,particles01
1280,菱形（循环）,,0,1,4,3,1,10,horse_3441,,particles08
1281,烟雾7,,0,1,1,3,1,10,horse_3444,,particles01
1282,水花四溅（循环）,,0,1,6,3,1,10,horse_3445_sealsspray,,particles06
1283,蓝泡泡（循环）,,0,1,6,3,1,10,horse_3447_sealse,,particles06
1284,水花泡泡,,0,1,6,3,2,10,horse_3447_sealsex,,particles06
1285,烟雾8,,0,1,1,3,2,10,InteractFalse,,particles01
1286,小星星,,0,1,3,3,2,10,InteractTure,,particles02
1287,烟雾9,,0,1,1,3,2,10,item_4_evaporation,,particles01
1288,方块特效1,,0,1,3,3,1,10,item_9_1,,particles02
1289,蓝焰3,,0,1,5,3,2,10,item_9_2,,particles03
1290,绿色光效（循环）,,0,1,4,3,1,10,item_18_light,,particles08
1291,离子特效,,0,1,3,3,2,10,item_18_activate,,particles02
1292,绿色光效（循环）,,0,0,4,3,1,10,item_18_activated,,particles08
1293,光柱1（循环）,,0,1,3,3,1,10,item_18_light,,particles02
1294,火焰喷射（循环）,,0,1,5,3,1,10,item_132_fire,,particles03
1295,喷射1（循环）,,0,1,1,3,1,10,item_132_fog,,particles01
1296,喷射2（循环）,,0,1,6,3,1,10,item_132_water,,particles06
1297,光柱2（循环）,,0,1,3,3,1,10,item_137_blue,,particles02
1298,光柱3（循环）,,0,1,3,3,1,10,item_137_red,,particles02
1299,光柱4（循环）,,0,1,3,3,1,10,item_137_white,,particles02
1300,圣诞气息（循环）,,0,1,3,3,1,10,item_244,,particles02
1301,雷电（循环）,,0,1,3,3,1,10,item_701,,particles02
1302,item_706,,0,0,5,3,1,10,item_706,,particles03
1303,item_717,,0,1,3,3,2,10,item_717,,particles02
1304,item_718,,0,1,1,3,2,10,item_718,,particles01
1305,item_723,,0,1,4,3,1,10,item_723,,particles08
1306,item_748,,0,0,3,3,1,10,item_748,,
1307,item_810,,0,1,5,3,1,10,item_810,,particles03
1308,item_810_1,,0,1,3,3,2,10,item_810_1,,particles02
1309,item_817_extinguish,,0,1,1,3,1,10,item_817_extinguish,,particles01
1310,item_833,,0,1,3,3,1,10,item_833,,particles02
1311,item_835,,0,1,2,3,2,10,item_835,,particles04
1312,item_850,,0,1,1,3,1,10,item_850,,particles01
1313,item_980,,0,0,5,3,1,10,item_980,,particles03
1314,item_990,,0,1,7,3,1,10,item_990,,particles05
1315,item_991,,0,1,7,3,1,10,item_991,,particles05
1316,item_992,,0,1,7,3,1,10,item_992,,particles05
1317,item_993,,0,1,7,3,1,10,item_993,,particles05
1318,item_994,,0,1,7,3,1,10,item_994,,particles05
1319,item_995,,0,1,7,3,1,10,item_995,,particles05
1320,item_997,,0,1,7,3,1,10,item_996,,particles05
1321,item_997_1,,0,1,3,3,2,10,item_997_1,,particles02
1322,item_1000,,0,1,7,3,1,10,item_1000,,particles05
1323,item_1001,,0,1,7,3,1,10,item_1001,,particles05
1324,item_1002,,0,1,7,3,1,10,item_1002,,particles05
1325,item_1003,,0,1,7,3,1,10,item_1003,,particles05
1326,item_1003_cheng,,0,1,7,3,1,10,item_1003_cheng,,particles05
1327,item_1003_hong,,0,1,7,3,1,10,item_1003_hong,,particles05
1328,item_1003_huang,,0,1,7,3,1,10,item_1003_huang,,particles05
1329,item_1003_lan,,0,1,7,3,1,10,item_1003_lan,,particles05
1330,item_1003_lv,,0,1,7,3,1,10,item_1003_lv,,particles05
1331,item_1003_zi,,0,1,7,3,1,10,item_1003_zi,,particles05
1332,item_1008,,0,0,1,3,2,10,item_1008,,particles01
1333,item_1008_1,,0,1,1,3,1,10,item_1008_1,,particles01
1334,item_1008_2,,0,1,2,3,2,10,item_1008_2,,particles04
1335,item_1032,,0,1,3,3,1,10,item_1032,,particles02
1336,item_1033,,0,1,3,3,1,10,item_1033,,particles02
1337,item_1043,,0,1,3,3,1,10,item_1043,,particles02
1338,item_1043_break,,0,1,3,3,2,10,item_1043_break,,particles02
1339,item_1045_work,,0,1,5,3,1,10,item_1045_work,,particles03
1340,item_1047_full,,0,1,1,3,2,10,item_1047_full,,particles01
1341,item_1058_1,,0,1,4,3,1,10,item_1058_1,,particles08
1342,item_1059_1,,0,1,4,3,1,10,item_1059_1,,particles08
1343,item_11013,,0,1,2,3,2,10,item_11013,,particles04
1344,item_11017_noop,,0,1,5,3,1,10,item_11016_noop,,particles03
1345,item_11324_signal,,0,1,3,3,1,10,item_11324_signal,,particles02
1346,item_12002_2,,0,1,1,3,2,10,item_12002_2,,particles01
1347,item_12004_1,,0,1,3,3,1,10,item_12004_1,,particles02
1348,item_12004_2,,0,0,3,3,2,10,item_12004_2,,
1349,item_12004_3,,0,1,3,3,1,10,item_12004_3,,particles02
1350,item_12004_4,,0,1,2,3,2,10,item_12004_4,,particles04
1351,item_12004_5,,0,0,3,3,1,10,item_12004_5,,
1352,item_12005,,0,1,3,3,1,10,item_12005,,particles02
1353,item_12005_1,,0,0,3,3,1,10,item_12005_1,,
1354,item_12005_2,,0,1,7,3,2,10,item_12005_2,,particles05
1355,item_12005_3,,0,0,3,3,1,10,item_12005_3,,
1356,item_12005_4,,0,1,3,3,2,10,item_12005_4,,particles02
1357,item_12005_5,,0,0,,3,,10,item_12005_5,,
1358,item_12005_Y,,0,1,3,3,2,10,item_12005_Y,,particles02
1359,item_12007_use,未找到,0,0,,,,10,item_12007_use,,
1360,item_12008_1,,0,0,,3,,10,item_12008_1,,
1361,item_12058,,0,1,3,3,2,10,item_12058,,particles02
1362,item_12247,,0,1,4,3,2,10,item_12247,,particles08
1363,item_12248_1,,0,1,4,3,2,10,item_12248_1,,particles08
1364,item_12248_2,,0,0,,3,,10,item_12248_2,,
1365,item_12253_1,,0,1,1,3,1,10,item_12253_1,,particles01
1366,item_12253_2,,0,1,1,3,2,10,item_12253_2,,particles01
1367,item_12253_shut,,0,0,,2,,10,item_12253_shut,,
1368,item_12280_shut,,0,0,,2,,10,item_12280_shut,,
1369,item_12287_2,,0,0,,3,,10,item_12287_2,,
1370,item_12291_1,,0,0,,3,,10,item_12291_1,,
1371,item_12292_1,,0,0,,3,,10,item_12292_1,,
1372,item_12292_2,,0,0,,3,,10,item_12292_2,,
1373,item_12293_charge,,0,1,4,3,1,10,item_12293_charge,,particles08
1374,item_12293_FPScharge,,0,1,4,3,1,10,item_12293_FPScharge,,particles08
1375,item_12293_FPSfreed,,0,1,4,3,2,10,item_12293_FPSfreed,,particles08
1376,item_12293_FPSpickup,,0,0,,3,,10,item_12293_FPSpickup,,
1377,item_12293_freed,,0,0,,3,,10,item_12293_freed,,
1378,item_12293_pickup,,0,0,,3,,10,item_12293_pickup,,
1379,item_12587,,0,0,,3,,10,item_12587,,
1380,item_12588_trigger,,0,0,,3,,10,item_12588_trigger,,
1381,item_12591_tail,,0,1,4,3,1,10,item_12591_tail,,particles08
1382,item_12591_trigger,,0,0,,3,,10,item_12591_trigger,,
1383,item_12829,,0,0,,3,,10,item_12829,,
1384,item_12830,,0,0,,3,,10,item_12830,,
1385,item_12837,,0,0,,3,,10,item_12837,,
1386,item_12838,,0,0,,3,,10,item_12838,,
1387,item_15000_1,,0,0,,3,,10,item_15000_1,,
1388,item_15002_1,,0,0,,3,,10,item_15002_1,,
1389,item_15003_1,,0,0,,3,,10,item_15003_1,,
1390,item_15003_2,,0,0,,3,,10,item_15003_2,,
1391,item_15004_1,,0,0,,3,,10,item_15004_1,,
1392,item_15004_2,,0,0,,3,,10,item_15004_2,,
1393,item_15005_1,,0,1,7,3,,10,item_15005_1,,particles05
1394,item_15007_1,未找到,0,0,,,,10,item_15007_1,,
1395,item_15055_1,,0,1,5,3,1,10,item_15055_1,,particles03
1396,item_15058_tail,,0,0,2,3,1,10,item_15058_tail,,particles04
1397,item_15059_tail,,0,0,3,3,1,10,item_15059_tail,,particles02
1398,item_15070_tail,未找到,0,0,,,,10,item_15070_tail,,
1399,item_15070_trigger,未找到,0,0,,,,10,item_15070_trigger,,
1400,item_15074_tail,未找到,0,0,,,,10,item_15074_tail,,
1401,item_15074_trigger,未找到,0,0,,,,10,item_15074_trigger,,
1402,item_15075_tail,未找到,0,0,,,,10,item_15075_tail,,
1403,item_15075_trigger,未找到,0,0,,,,10,item_15075_trigger,,
1404,item_15077_1,未找到,0,0,,,,10,item_15077_1,,
1405,item_15077_tail,未找到,0,0,,,,10,item_15077_tail,,
1406,item_15077_trigger,未找到,0,0,,,,10,item_15077_trigger,,
1407,item_15078_tail,未找到,0,0,,,,10,item_15078_tail,,
1408,item_15528,,0,0,,3,,10,item_15528,,
1409,item_huaban,,0,0,,3,,10,item_huaban,,
1410,item_jiguang,,0,0,,3,,10,item_jiguang,,
1411,item_qipao,,0,0,,3,,10,item_qipao,,
1412,item_xiee,,0,1,1,3,1,10,item_xiee,,particles01
1413,item_xieejiguang,,0,0,,3,,10,item_xieejiguang,,
1414,item_xiongkong,,0,1,6,3,1,10,item_xiongkong,,particles06
1415,item_yuwu,,0,0,,3,,10,item_yuwu,,
1416,item_zhishiqi,,0,0,,3,,10,item_zhishiqi,,
1417,item12057,,0,1,4,3,2,10,item12057,,particles08
1418,leg_left1,,0,0,,3,,10,leg_left1,,
1419,leg_left2,,0,0,,3,,10,leg_left2,,
1420,leg_left3,,0,0,,3,,10,leg_left3,,
1421,leg_right1,,0,0,,3,,10,leg_right1,,
1422,leg_right2,,0,0,,3,,10,leg_right2,,
1423,leg_right3,,0,0,,3,,10,leg_right3,,
1424,magic_fireball,,0,1,4,3,1,10,magic_fireball,,particles08
1425,magic_goldring,,0,1,6,3,1,10,magic_goldring,,particles06
1426,magic_hunter,,0,1,4,3,1,10,magic_hunter,,particles08
1427,magic_ignite,,0,1,5,3,1,10,magic_ignite,,particles03
1428,magic_impact,,0,0,,3,,10,magic_impact,,
1429,magic_lucky,,0,0,,3,,10,magic_lucky,,
1430,magic_purpleball,,0,1,4,3,1,10,magic_purpleball,,particles08
1431,magic_sharp,,0,0,,3,,10,magic_sharp,,
1432,magic_silverring,,0,0,,3,,10,magic_silverring,,
1433,magic_strong,,0,0,,3,,10,magic_strong,,
1434,mass_center,,0,0,,3,,10,mass_center,,
1435,mob_3102_1,,0,1,7,3,1,10,mob_3102_1,,particles05
1436,mob_3102_2,,0,0,,3,,10,mob_3102_2,,
1437,mob_3103_body,,0,1,3,3,1,10,mob_3103_body,,particles02
1438,mob_3103_magic,,0,1,4,3,1,10,mob_3103_magic,,particles08
1439,mob_3107_1,,0,0,,3,,10,mob_3107_1,,
1440,mob_3110_close,,0,0,,3,,10,mob_3110_close,,
1441,mob_3110_escape,,0,0,,3,,10,mob_3110_escape,,
1442,mob_3110_joint,,0,1,4,3,2,10,mob_3110_joint,,particles08
1443,mob_3110_talk_01,,0,0,,3,,10,mob_3110_talk_01,,
1444,mob_3110_talk_02,,0,0,,3,,10,mob_3110_talk_02,,
1445,mob_3110_talk_03,,0,0,,3,,10,mob_3110_talk_03,,
1446,mob_3111_attack,,0,0,,3,,10,mob_3111_attack,,
1447,mob_3112_charge,,0,1,4,3,1,10,mob_3112_charge,,particles08
1448,mob_3112_dizzy,,0,0,,3,,10,mob_3112_dizzy,,
1449,mob_3112_sprint,,0,1,5,3,1,10,mob_3112_sprint,,particles03
1450,mob_3113_split,,0,1,3,3,2,10,mob_3113_split,,particles02
1451,mob_3120,,0,0,,3,,10,mob_3120,,
1452,mob_3120_1,,0,0,,3,,10,mob_3120_1,,
1453,mob_3122,,0,0,,3,,10,mob_3122,,
1454,mob_3123,,0,0,,3,,10,mob_3123,,
1455,mob_3132_body,,0,0,,3,,10,mob_3132_body,,
1456,mob_3400_variation,,0,0,,3,,10,mob_3400_variation,,
1457,mob_3401_1,,0,0,,3,,10,mob_3401_1,,
1458,mob_3401_2,,0,0,,3,,10,mob_3401_2,,
1459,mob_3401_3,,0,0,,3,,10,mob_3401_3,,
1460,mob_3401_4,,0,0,,3,,10,mob_3401_4,,
1461,mob_3402_1,,0,0,,3,,10,mob_3402_1,,
1462,mob_3407_1,,0,0,,3,,10,mob_3407_1,,
1463,mob_3409_1,,0,0,,3,,10,mob_3409_1,,
1464,mob_3414_1,,0,0,,3,,10,mob_3414_1,,
1465,mob_3414_2,,0,1,7,3,1,10,mob_3414_2,,particles05
1466,mob_3414_3,,0,1,7,3,1,10,mob_3414_3,,particles05
1467,mob_3414_4,,0,0,,3,,10,mob_3414_4,,
1468,mob_3414_5,,0,1,3,3,1,10,mob_3414_5,,particles02
1469,mob_3417_1,未找到,0,0,,,,10,mob_3417_1,,
1470,mob_3418,,0,0,,3,,10,mob_3418,,
1471,mob_3419,,0,0,,3,,10,mob_3419,,
1472,mob_3421_jump,,0,1,1,3,2,10,mob_3421_jump,,particles01
1473,mob_3421_tired,,0,0,,3,,10,mob_3421_tired,,
1474,mob_3423_discover,,0,1,7,3,2,10,mob_3423_discover,,particles05
1475,mob_3424_scream,,0,1,7,3,2,10,mob_3424_scream,,particles05
1476,mob_3501_1,,0,1,4,3,2,10,mob_3501_1,,particles08
1477,mob_3505_1,,0,0,,3,,10,mob_3505_1,,
1478,mob_3507_1,,0,1,4,3,1,10,mob_3507_1,,particles08
1479,mob_3510_blue,,0,1,3,3,1,10,mob_3510_blue,,particles02
1480,mob_3510_death,,0,1,3,3,2,10,mob_3510_death,,particles02
1481,mob_3510_erjieyoudusty,,0,1,2,3,2,10,mob_3510_erjieyoudusty,,particles04
1482,mob_3510_red,,0,0,,3,,10,mob_3510_red,,
1483,mob_3510_white,,0,0,,3,,10,mob_3510_white,,
1484,mob_3510_youdusty,,0,0,,3,,10,mob_3510_youdusty,,
1485,mob_3510_zuodusty,,0,0,,3,,10,mob_3510_zuodusty,,
1486,mob_3511_chusheng,,0,1,3,3,2,10,mob_3511_chusheng,,particles02
1487,mob_3511_move,,0,0,,3,,10,mob_3511_move,,
1488,mob_3511_throwready,,0,0,,3,,10,mob_3511_throwready,,
1489,mob_3511_tranfergate_in,,0,0,,3,,10,mob_3511_tranfergate_in,,
1490,mob_3511_transfergate_out,,0,0,,3,,10,mob_3511_transfergate_out,,
1491,mob_3512_move,,0,1,4,3,1,10,mob_3512_move,,particles08
1492,mob_3512_throwready,,0,0,,3,,10,mob_3512_throwready,,
1493,mob_3513_crashready,,0,0,,3,,10,mob_3513_crashready,,
1494,mob_3513_move,,0,1,5,3,1,10,mob_3513_move,,particles03
1495,mob_3514_blue,,0,1,3,3,1,10,mob_3514_blue,,particles02
1496,mob_3514_bossshihou,,0,1,1,3,2,10,mob_3514_bossshihou,,particles01
1497,mob_3514_red,,0,1,3,3,1,10,mob_3514_red,,particles02
1498,mob_3514_white,,0,1,3,3,1,10,mob_3514_white,,particles02
1499,mob_3807,未找到,0,0,,,,10,mob_3807,,
1500,mob_100029_1,,0,0,,3,,10,mob_100029_1,,
1501,mob_100029_2,,0,0,,3,,10,mob_100029_2,,
1502,MobFear,,0,0,,3,,10,MobFear,,
1503,MobFull,,0,0,,3,,10,MobFull,,
1504,MobTreat,,0,1,1,3,2,10,MobTreat,,particles01
1505,monster_escape_1,,0,1,1,3,2,10,monster_escape_1,,particles01
1506,musicbox_1,,0,0,,3,,10,musicbox_1,,
1507,musicbox_2,,0,0,,3,,10,musicbox_2,,
1508,musicbox_3,,0,0,,3,,10,musicbox_3,,
1509,musicbox_4,,0,0,,3,,10,musicbox_4,,
1510,musicbox_5,,0,0,,3,,10,musicbox_5,,
1511,musicbox_6,,0,0,,3,,10,musicbox_6,,
1512,musicbox_7,,0,0,,3,,10,musicbox_7,,
1513,musicbox_8,,0,0,,3,,10,musicbox_8,,
1514,musicbox_9,,0,0,,3,,10,musicbox_9,,
1515,musicbox_10,,0,0,,3,,10,musicbox_10,,
1516,musicbox_11,,0,0,,3,,10,musicbox_11,,
1517,musicbox_12,,0,0,,3,,10,musicbox_12,,
1518,NPC_grayquestion,,0,1,7,3,1,10,NPC_grayquestion,,particles05
1519,NPC_task,,0,1,7,3,1,10,NPC_task,,particles05
1520,NPC_Yellquestion,,0,1,7,3,1,10,NPC_Yellquestion,,particles05
1521,NPCAI_hungry,,0,0,,3,,10,NPCAI_hungry,,
1522,NPCAI_make,,0,0,,3,,10,NPCAI_make,,
1523,NPCAI_need,,0,0,,3,,10,NPCAI_need,,
1524,offgas,,0,1,4,3,1,10,offgas,,particles08
1525,oil_papaw,,0,0,,3,,10,oil_papaw,,
1526,oil_slops,,0,0,,3,,10,oil_slops,,
1527,ongas,,0,0,,3,,10,ongas,,
1528,ongas_ready,,0,1,1,3,1,10,ongas_ready,,particles01
1529,phy_Collision,,0,0,,3,,10,phy_Collision,,
1530,phy_DriveDirection,,0,0,,3,,10,phy_DriveDirection,,
1531,phy_SteeringRange,,0,0,,3,,10,phy_SteeringRange,,
1532,phy_WheelTravel1,,0,0,,3,,10,phy_WheelTravel1,,
1533,phy_WheelTravel2,,0,0,,3,,10,phy_WheelTravel2,,
1534,phy_WheelTravel3,,0,0,,3,,10,phy_WheelTravel3,,
1535,plant_levelup_1,,0,1,2,3,2,10,plant_levelup_1,,particles04
1536,portal,,0,1,3,3,1,10,portal,,
1537,portal_1,,0,0,,3,,10,portal_1,,
1538,portal_boom,,0,0,,1,,10,portal_boom,,
1539,portal_feedback,,0,0,,3,,10,portal_feedback,,
1540,ReadyPoint,,0,0,,3,,10,ReadyPoint,,
1541,red_candle,,0,0,,3,,10,red_candle,,
1542,Ribbon,,0,0,,3,,10,Ribbon,,
1543,Ribbon_1,,0,0,,3,,10,Ribbon_1,,
1544,Ribbon_2,,0,0,,3,,10,Ribbon_2,,
1545,Ribbon_h,,0,0,,3,,10,Ribbon_h,,
1546,rocket_boom,,0,0,,3,,10,rocket_boom,,
1547,rocket_cue,,0,0,,3,,10,rocket_cue,,
1548,rocket_prompt,,0,0,,3,,10,rocket_prompt,,
1549,rocket_ready,,0,1,3,3,2,10,rocket_ready,,particles02
1550,rocket_speed,,0,1,1,3,2,10,rocket_speed,,particles01
1551,rockets_moke,,0,1,1,3,1,10,rockets_moke,,particles01
1552,role_collect,,0,0,,3,,10,role_collect,,
1553,role_deadprotect,,0,0,,3,,10,role_deadprotect,,
1554,role_jump,,0,0,,3,,10,role_jump,,
1555,scene_halo,,0,1,3,3,1,10,scene_halo,,particles02
1556,shin_8_back,,0,0,,3,,10,shin_8_back,,
1557,shop_unlock,,0,0,,3,,10,shop_unlock,,
1558,skill_frenzy,,0,1,4,3,1,10,skill_frenzy,,particles08
1559,slingshot_hit,,0,0,,3,,10,slingshot_hit,,
1560,snow,,0,0,,3,,10,snow,,
1561,snowhit,,0,0,,3,,10,snowhit,,
1562,star,,0,0,,3,,10,star,,
1563,stone_monum,,0,0,,3,,10,stone_monum,,
1564,teleport_active,,0,0,,3,,10,teleport_active,,
1565,teleport_on,,0,1,3,3,1,10,teleport_on,,particles02
1566,teleport_transfer,,0,1,3,3,2,10,teleport_transfer,,particles02
1567,trophy,,0,0,,3,,10,trophy,,
1568,TS_cp,,0,0,,3,,10,TS_cp,,
1569,TS_gz,,0,1,7,3,1,10,TS_gz,,particles05
1570,ui_fenshu,,0,0,,3,,10,ui_fenshu,,
1571,ui_fenshu2,,0,0,,3,,10,ui_fenshu2,,
1572,ui_love_100,,0,0,3,3,1,10,ui_love_100,,particles02
1573,ui_love_dacheng,,0,0,7,3,2,10,ui_love_dacheng,,particles05
1574,ui_love_dianji,,0,0,,3,,10,ui_love_dianji,,
1575,ui_love_dongtai,,0,0,,3,,10,ui_love_dongtai,,
1576,ui_love_jindu,,0,0,,3,,10,ui_love_jindu,,
1577,ui_love_tuo,,0,0,,3,,10,ui_love_tuo,,
1578,ui_love_xiao,,0,0,,1,,10,ui_love_xiao,,
1579,xiangsu,,0,0,,3,,10,xiangsu,,
1580,BUFF_HAMSTER_1,,0,0,,3,,10,BUFF_HAMSTER_1,,
1581,horse_4502,,0,0,3,2,1,10,horse_4502,,
1582,horse_4503,,0,0,3,2,1,10,horse_4503,,particles08
1583,horse_4503,,0,0,3,2,1,10,horse_4503,,particles03
1584,BUFF_BLEED,,0,1,2,2,1,10,BUFF_BLEED,,
1585,buff_poisoning_home,,0,0,2,2,1,10,buff_poisoning_home,,
1586,buff_cold_home,,0,0,2,2,1,10,buff_cold_home,,
1587,mob_100068_hd2,,0,0,,2,1,10,mob_100068_hd2,,
1588,mob_100068_hd,,0,0,,2,1,10,mob_100068_hd,,
1589,hikari_power,,0,0,3,2,1,10,hikari_power,,
1590,Bubble128,,0,0,3,2,2,10,Bubble128,,
1591,baihu_1,,0,1,7,3,2,10,baihu_1,,particles05
1592,box,,0,1,7,3,2,10,box,,particles05
1593,chanrao,,0,1,7,3,2,10,chanrao,,particles05
1594,fangyu_up,,0,1,7,3,1,10,fangyu_up,,particles05
1595,fenghuang_1,,0,1,7,3,2,10,fenghuang_1,,particles05
1596,gongjili_up,,0,1,7,3,1,10,gongjili_up,,particles05
1597,guishou,,0,1,7,3,2,10,guishou,,particles05
1598,hunji,,0,1,7,3,2,10,hunji,,particles05
1599,lanlingcao_1,,0,1,7,3,2,10,lanlingcao_1,,particles05
1600,lingmao_1,,0,1,7,3,2,10,lingmao_1,,particles05
1601,miaozhun,,0,1,7,3,2,10,miaozhun,,particles05
1602,rougutu_1,,0,1,7,3,2,10,rougutu_1,,particles05
1603,shemao,,0,1,7,3,2,10,shemao,,particles05
1604,yujing_fang,,0,1,7,3,1,10,yujing_fang,,particles05
1605,yujing_yuan,,0,1,7,3,1,10,yujing_yuan,,particles05
1606,dl_black,,0,1,7,3,2,10,dl_black,,particles05
1607,dl_golden,,0,1,7,3,2,10,dl_golden,,particles05
1608,dl_gules,,0,1,7,3,2,10,dl_gules,,particles05
1609,dl_purple,,0,1,7,3,2,10,dl_purple,,particles05
1610,dl_white,,0,1,7,3,2,10,dl_white,,particles05
1611,dl_yellow,,0,1,7,3,2,10,dl_yellow,,particles05
1612,BUFF_Paralysis,神经麻痹buff,0,1,4,2,1,10,BUFF_Paralysis,,
1613,BUFF_HighlyVenom,剧毒buff,0,1,1,2,1,10,HighlyVenom,,
1614,mob_3407_2,狐狸饥饿眼睛特效,0,0,,2,,10,mob_3407_2,,
1615,aotu_shan,,0,1,7,3,2,10,aotu_shan,,particles05
1616,aotu_kongzhi,,0,1,6,3,2,10,aotu_kongzhi,,particles05
1617,aotu_shouji,,0,1,3,3,2,10,aotu_shouji,,particles05
1618,aotu_gunzi,,0,1,2,3,2,10,aotu_gunzi,,particles05
1619,aotu_zadi,,0,1,2,3,2,10,aotu_zadi,,particles05
1620,aotu_06_leishenzhichui,,0,1,2,3,2,10,aotu_06_leishenzhichui,,particles05
1621,aotu_07_xuanfeng,,0,1,4,3,2,10,aotu_07_xuanfeng,,particles05
1622,aotu_08_shuangjianhebi,,0,1,7,3,2,10,aotu_08_shuangjianhebi,,particles05
1623,aotu_09_hanbingjingu,,0,1,7,3,2,10,aotu_09_hanbingjingu,,particles05
1624,aotu_dao,,0,1,3,3,2,10,aotu_dao,,particles05
1625,aotu_xuan,,0,1,3,3,2,10,aotu_xuan,,particles05
1626,aotu_shouji_g,,0,1,4,3,2,10,aotu_shouji_g,,particles05
1627,aotu_sa,,0,1,3,3,2,10,aotu_sa,,particles05
1628,aotu_boss,,0,1,3,3,2,10,aotu_boss,,particles05
1629,aotu_guang,,0,1,3,3,2,10,aotu_guang,,particles05
1630,海灵变身,海灵变身石,0,0,3,2,2,10,sea_01_bianshen,,particles02
1631,突发恶疾,突发恶疾特效,0,0,4,3,1,10,sea_10_buff,,particles06
1632,1036_1,,0,0,7,3,1,10,1036_1,,
1633,110083_1,,0,0,7,3,1,10,110083_1,,
1634,110083_2,,0,0,7,3,1,10,110083_2,,
1635,110086_angry,,0,0,7,3,1,10,110086_angry,,
1636,110086_cry,,0,0,7,3,1,10,110086_cry,,
1637,110086_doubt,,0,0,7,3,1,10,110086_doubt,,
1638,110086_happy,,0,0,7,3,1,10,110086_happy,,
1639,110086_sing,,0,0,7,3,1,10,110086_sing,,
1640,140006,,0,0,7,3,1,10,140006,,
1641,140016_1,,0,0,7,3,1,10,140016_1,,
1642,140016_2,,0,0,7,3,1,10,140016_2,,
1643,140016_3,,0,0,7,3,1,10,140016_3,,
1644,140026_3,,0,0,7,3,1,10,140026_3,,
1645,140203_3,,0,0,7,3,1,10,140203_3,,
1646,150051_3,,0,0,7,3,1,10,150051_3,,
1647,150063_3,,0,0,7,3,1,10,150063_3,,
1648,attack131,,0,1,7,3,1,10,attack131,,
1649,baoxiang,,0,0,7,3,1,10,baoxiang,,
1650,Bomb103,,0,1,7,3,1,10,Bomb103,,
1651,boss_10069_st,,0,0,7,3,1,10,boss_10069_st,,
1652,boss_10069_zd,,0,0,7,3,1,10,boss_10069_zd,,
1653,chongfeng,,0,1,5,3,1,10,chongfeng,,particles03
1654,cloud94,,0,0,7,3,1,10,cloud94,,
1655,crab_smoking1,,0,0,7,3,1,10,crab_smoking1,,
1656,crab_smoking2,,0,0,7,3,1,10,crab_smoking2,,
1657,daodan,,0,1,1,3,2,10,daodan,,particles01
1658,duquan,,0,1,4,3,2,10,duquan,,particles08
1659,EditorMode_obj,,0,0,7,3,1,10,EditorMode_obj,,
1660,exp,,0,0,7,3,1,10,exp,,
1661,gun_smoke,,0,0,7,3,1,10,gun_smoke,,
1662,homeland_accelerate_1,,0,1,7,3,1,10,homeland_accelerate_1,,
1663,homeland_accelerate_2,,0,1,7,3,1,10,homeland_accelerate_2,,
1664,homeland_accelerate_3,,0,1,7,3,1,10,homeland_accelerate_3,,
1665,horse_3460_ready,,0,0,7,3,1,10,horse_3460_ready,,
1666,horse_3477_0,,0,0,7,3,1,10,horse_3477_0,,
1667,horse_4556_3,,0,0,7,3,1,10,horse_4556_3,,
1668,hudun,,0,1,3,3,1,10,hudun,,particles05
1669,item_18_ light,,0,0,7,3,1,10,item_18_ light,,
1670,item_749,,0,0,7,3,1,10,item_749,,
1671,item_12006_use,,0,0,7,3,1,10,item_12006_use,,
1672,item_12009_4,,0,1,7,3,1,10,item_12009_4,,
1673,item_12010_4,,0,0,7,3,1,10,item_12010_4,,
1674,item_12311_attack,,0,0,7,3,1,10,item_12311_attack,,
1675,item_12311_charge,,0,0,7,3,1,10,item_12311_charge,,
1676,item_12836,,0,0,7,3,1,10,item_12836,,
1677,item_15006_1,,0,0,7,3,1,10,item_15006_1,,
1678,item_15060_tail,,0,0,7,3,1,10,item_15060_tail,,
1679,item_15060_trigger,,0,0,7,3,1,10,item_15060_trigger,,
1680,item_15064_tail,,0,1,7,3,1,10,item_15064_tail,,
1681,item_15064_trigger,,0,1,7,3,1,10,item_15064_trigger,,
1682,item_15065_tail,,0,0,7,3,1,10,item_15065_tail,,
1683,item_15065_trigger,,0,1,7,3,1,10,item_15065_trigger,,
1684,item_15066_1,,0,0,7,3,1,10,item_15066_1,,
1685,item_15066_tail,,0,0,7,3,1,10,item_15066_tail,,
1686,item_15067_tail,,0,0,7,3,1,10,item_15067_tail,,
1687,item_15067_trigger,,0,0,7,3,1,10,item_15067_trigger,,
1688,item_15068_tail,,0,0,7,3,1,10,item_15068_tail,,
1689,item_altar_diqiu,,0,0,7,3,1,10,item_altar_diqiu,,
1690,item_altar_dj,,0,0,7,3,1,10,item_altar_dj,,
1691,item_altar_shijuren,,0,0,7,3,1,10,item_altar_shijuren,,
1692,item_boss_fw,,0,0,7,3,1,10,item_boss_fw,,
1693,item_boss_fw2,,0,0,7,3,1,10,item_boss_fw2,,
1694,item_faguang,,0,0,7,3,1,10,item_faguang,,
1695,item_key_diqiu,,0,0,7,3,1,10,item_key_diqiu,,
1696,item_key_dj,,0,0,7,3,1,10,item_key_dj,,
1697,item_key_djf,,0,1,7,3,1,10,item_key_djf,,
1698,item_key_shijuren,,0,0,7,3,1,10,item_key_shijuren,,
1699,item_xingzhan,,0,0,7,3,1,10,item_xingzhan,,
1700,jianta,,0,1,2,3,2,10,jianta,,particles04
1701,jiguang01,,0,1,3,3,2,10,jiguang01,,particles05
1702,jiguang02,,0,1,3,3,1,10,jiguang02,,particles05
1703,Light119,,0,0,7,3,1,10,Light119,,
1704,Light144,,0,0,7,3,1,10,Light144,,
1705,longzhua,,0,1,3,3,3,10,longzhua,,particles05
1706,Lvup,,0,1,7,3,1,10,Lvup,,
1707,Magic119,,0,0,7,3,1,10,Magic119,,
1708,miniclud_dj,,0,0,7,3,1,10,miniclud_dj,,
1709,mob_3416_1,,0,0,7,3,1,10,mob_3416_1,,
1710,mob_3806,,0,0,7,3,1,10,mob_3806,,
1711,music01,,0,0,7,3,1,10,music01,,
1712,music02,,0,0,7,3,1,10,music02,,
1713,Oscillator,,0,0,7,3,1,10,Oscillator,,
1714,paoxiao,,0,1,2,3,2,10,paoxiao,,particles04
1715,portal_blue,,0,0,7,3,1,10,portal_blue,,
1716,portal_huang,,0,0,7,3,1,10,portal_huang,,
1717,portal_jin,,0,0,7,3,1,10,portal_jin,,
1718,portal_lan,,0,0,7,3,1,10,portal_lan,,
1719,portal_lv,,0,0,7,3,1,10,portal_lv,,
1720,portal_orange,,0,0,7,3,1,10,portal_orange,,
1721,pumpkin_fireworks1,,0,0,7,3,1,10,pumpkin_fireworks1,,
1722,pumpkin_fireworks2,,0,0,7,3,1,10,pumpkin_fireworks2,,
1723,qishe,,0,1,2,3,1,10,qishe,,particles04
1724,Rabbit144,,0,0,7,3,1,10,Rabbit144,,
1725,sandworm_growl,,0,0,7,3,1,10,sandworm_growl,,
1726,sea_08_penshui,,0,0,7,3,1,10,sea_08_penshui,,
1727,sea_12_glow,,0,0,7,3,1,10,sea_12_glow,,
1728,sea_13_glow,,0,0,7,3,1,10,sea_13_glow,,
1729,sea_21_piao,,0,0,7,3,1,10,sea_21_piao,,
1730,sea_23_shuimu,,0,0,7,3,1,10,sea_23_shuimu,,
1731,sea_27_chushui,,0,0,7,3,1,10,sea_27_chushui,,
1732,sea_28_rushui,,0,0,7,3,1,10,sea_28_rushui,,
1733,sea_29_bowen,,0,0,7,3,1,10,sea_29_bowen,,
1734,sea_30_siyao,,0,1,7,3,1,10,sea_30_siyao,,
1735,sea_32_xingshi,,0,0,7,3,1,10,sea_32_xingshi,,
1736,sea_36_shuihua,,0,0,7,3,1,10,sea_36_shuihua,,
1737,shamo_001_x,,0,0,7,3,1,10,shamo_001_x,,
1738,shengji,,0,1,7,3,2,10,shengji,,particles05
1739,shop_unlock_01,,0,0,7,3,1,10,shop_unlock_01,,
1740,shop_unlock_02,,0,0,7,3,1,10,shop_unlock_02,,
1741,shop_unlock_03,,0,0,7,3,1,10,shop_unlock_03,,
1742,shop_unlock_04,,0,0,7,3,1,10,shop_unlock_04,,
1743,shouhuo,,0,0,7,3,1,10,shouhuo,,
1744,shuaiwei,,0,1,1,3,2,10,shuaiwei,,particles05
1745,Snow162,,0,0,7,3,1,10,Snow162,,
1746,stone_monument,,0,0,7,3,1,10,stone_monument,,
1747,tuijinqi,,0,0,7,3,1,10,tuijinqi,,
1748,ui_home_jt,,0,0,7,3,1,10,ui_home_jt,,
1749,ui_ui_love_xiao,,0,0,7,3,1,10,ui_ui_love_xiao,,
1750,visualizer,,0,0,7,3,1,10,visualizer,,
1751,Voice108,,0,0,7,3,1,10,Voice108,,
1752,xuanfeng,,0,1,4,3,1,10,xuanfeng,,particles08
1753,yidong2,,0,0,7,3,1,10,yidong2,,
1754,zaohuo,,0,0,7,3,1,10,zaohuo,,
1755,zhangpeng,,0,0,7,3,1,10,zhangpeng,,
1756,100069_xuanyun,,0,0,7,2,2,10,100069_xuanyun,,
1757,110035_giow,,0,0,7,2,2,10,110035_giow,,
1758,110099_2,,0,0,7,2,2,10,110099_2,,
1759,110126_1,,0,0,7,2,2,10,110126_1,,
1760,110129_2,,0,0,7,2,2,10,110129_2,,
1761,110130_2,,0,0,7,2,2,10,110130_2,,
1762,110131_2,,0,0,7,2,2,10,110131_2,,
1763,110138_1,,0,0,7,2,2,10,110138_1,,
1764,110143_2,,0,0,7,2,2,10,110143_2,,
1765,140020_2,,0,0,7,2,2,10,140020_2,,
1766,140025_1,,0,0,7,2,2,10,140025_1,,
1767,140046_1,,0,0,7,2,2,10,140046_1,,
1768,140046_2,,0,0,7,2,2,10,140046_2,,
1769,140047_1,,0,0,7,2,2,10,140047_1,,
1770,140048_1,,0,0,7,2,2,10,140048_1,,
1771,140049_1,,0,0,7,2,2,10,140049_1,,
1772,140050_1,,0,0,7,2,2,10,140050_1,,
1773,140050_2,,0,0,7,2,2,10,140050_2,,
1774,140051_1,,0,0,7,2,2,10,140051_1,,
1775,140052_1,,0,0,7,2,2,10,140052_1,,
1776,140053_1,,0,0,7,2,2,10,140053_1,,
1777,140054_1,,0,0,7,2,2,10,140054_1,,
1778,140054_2,,0,0,7,2,2,10,140054_2,,
1779,140055_1,,0,0,7,2,2,10,140055_1,,
1780,140056_1,,0,0,7,2,2,10,140056_1,,
1781,140057_1,,0,0,7,2,2,10,140057_1,,
1782,140057_2,,0,0,7,2,2,10,140057_2,,
1783,140058_1,,0,0,7,2,2,10,140058_1,,
1784,彩虹条带,,0,0,7,2,2,10,140058_2,,particles03
1785,140059_1,,0,0,7,2,2,10,140059_1,,
1786,140059_2,,0,0,7,2,2,10,140059_2,,
1787,140060_1,,0,0,7,2,2,10,140060_1,,
1788,140060_2,,0,0,7,2,2,10,140060_2,,
1789,140061_1,,0,0,7,2,2,10,140061_1,,
1790,140064_1,,0,0,7,2,2,10,140064_1,,
1791,140065_1,,0,0,7,2,2,10,140065_1,,
1792,140066_1,,0,0,7,2,2,10,140066_1,,
1793,140067_1,,0,0,7,2,2,10,140067_1,,
1794,140067_2,,0,0,7,2,2,10,140067_2,,
1795,140068_1,,0,0,7,2,2,10,140068_1,,
1796,140068_2,,0,0,7,2,2,10,140068_2,,
1797,140069_1,,0,0,7,2,2,10,140069_1,,
1798,140069_2,,0,0,7,2,2,10,140069_2,,
1799,140070_1,,0,0,7,2,2,10,140070_1,,
1800,140070_2,,0,0,7,2,2,10,140070_2,,
1801,140071_1,,0,0,7,2,2,10,140071_1,,
1802,140071_2,,0,0,7,2,2,10,140071_2,,
1803,140072_1,,0,0,7,2,2,10,140072_1,,
1804,140072_2,,0,0,7,2,2,10,140072_2,,
1805,140073_1,,0,0,7,2,2,10,140073_1,,
1806,140073_2,,0,0,7,2,2,10,140073_2,,
1807,140074_1,,0,0,7,2,2,10,140074_1,,
1808,140075_1,,0,0,7,2,2,10,140075_1,,
1809,140076_1,,0,0,7,2,2,10,140076_1,,
1810,140077_1,,0,0,7,2,2,10,140077_1,,
1811,140078_1,,0,0,7,2,2,10,140078_1,,
1812,140078_2,,0,0,7,2,2,10,140078_2,,
1813,140079_1,,0,0,7,2,2,10,140079_1,,
1814,140079_2,,0,0,7,2,2,10,140079_2,,
1815,140083_1,,0,0,7,2,2,10,140083_1,,
1816,140084_1,,0,0,7,2,2,10,140084_1,,
1817,140084_2,,0,0,7,2,2,10,140084_2,,
1818,140085_1,,0,0,7,2,2,10,140085_1,,
1819,140086_1,,0,0,7,2,2,10,140086_1,,
1820,140086_2,,0,0,7,2,2,10,140086_2,,
1821,140087_1,,0,0,7,2,2,10,140087_1,,
1822,140087_2,,0,0,7,2,2,10,140087_2,,
1823,140088_1,,0,0,7,2,2,10,140088_1,,
1824,140088_2,,0,0,7,2,2,10,140088_2,,
1825,140089_1,,0,0,7,2,2,10,140089_1,,
1826,140089_2,,0,0,7,2,2,10,140089_2,,
1827,140090_1,,0,0,7,2,2,10,140090_1,,
1828,140096_1,,0,0,7,2,2,10,140096_1,,
1829,140102_1,,0,0,7,2,2,10,140102_1,,
1830,140103_1,,0,0,7,2,2,10,140103_1,,
1831,140103_2,,0,0,7,2,2,10,140103_2,,
1832,140104_1,,0,0,7,2,2,10,140104_1,,
1833,140104_2,,0,0,7,2,2,10,140104_2,,
1834,140105_1,,0,0,7,2,2,10,140105_1,,
1835,140106_1,,0,0,7,2,2,10,140106_1,,
1836,140106_2,,0,0,7,2,2,10,140106_2,,
1837,140107_1,,0,0,7,2,2,10,140107_1,,
1838,140108_1,,0,0,7,2,2,10,140108_1,,
1839,140108_2,,0,0,7,2,2,10,140108_2,,
1840,140109_1,,0,0,7,2,2,10,140109_1,,
1841,140109_2,,0,0,7,2,2,10,140109_2,,
1842,140110_1,,0,0,7,2,2,10,140110_1,,
1843,140111_1,,0,0,7,2,2,10,140111_1,,
1844,140111_2,,0,0,7,2,2,10,140111_2,,
1845,140112_1,,0,0,7,2,2,10,140112_1,,
1846,140113_1,,0,0,7,2,2,10,140113_1,,
1847,140113_2,,0,0,7,2,2,10,140113_2,,
1848,140114_1,,0,0,7,2,2,10,140114_1,,
1849,140115_1,,0,0,7,2,2,10,140115_1,,
1850,140115_2,,0,0,7,2,2,10,140115_2,,
1851,140116_1,,0,0,7,2,2,10,140116_1,,
1852,140116_2,,0,0,7,2,2,10,140116_2,,
1853,140117_1,,0,0,7,2,2,10,140117_1,,
1854,140117_2,,0,0,7,2,2,10,140117_2,,
1855,140118_1,,0,0,7,2,2,10,140118_1,,
1856,140119_1,,0,0,7,2,2,10,140119_1,,
1857,140120_1,,0,0,7,2,2,10,140120_1,,
1858,140120_2,,0,0,7,2,2,10,140120_2,,
1859,140121_1,,0,0,7,2,2,10,140121_1,,
1860,140122_1,,0,0,7,2,2,10,140122_1,,
1861,140122_2,,0,0,7,2,2,10,140122_2,,
1862,140123_1,,0,0,7,2,2,10,140123_1,,
1863,140123_2,,0,0,7,2,2,10,140123_2,,
1864,140124_1,,0,0,7,2,2,10,140124_1,,
1865,140124_2,,0,0,7,2,2,10,140124_2,,
1866,140125_1,,0,0,7,2,2,10,140125_1,,
1867,140126_1,,0,0,7,2,2,10,140126_1,,
1868,140127_1,,0,0,7,2,2,10,140127_1,,
1869,140128_1,,0,0,7,2,2,10,140128_1,,
1870,140129_1,,0,0,7,2,2,10,140129_1,,
1871,140130_1,,0,0,7,2,2,10,140130_1,,
1872,140131_1,,0,0,7,2,2,10,140131_1,,
1873,140132_1,,0,0,7,2,2,10,140132_1,,
1874,140133_1,,0,0,7,2,2,10,140133_1,,
1875,140134_1,,0,0,7,2,2,10,140134_1,,
1876,140136_1,,0,0,7,2,2,10,140136_1,,
1877,140138_1,,0,0,7,2,2,10,140138_1,,
1878,140139_1,,0,0,7,2,2,10,140139_1,,
1879,140139_2,,0,0,7,2,2,10,140139_2,,
1880,140146_1,,0,0,7,2,2,10,140146_1,,
1881,140147_1,,0,0,7,2,2,10,140147_1,,
1882,140147_2,,0,0,7,2,2,10,140147_2,,
1883,140148_1,,0,0,7,2,2,10,140148_1,,
1884,140149_1,,0,0,7,2,2,10,140149_1,,
1885,140150_1,,0,0,7,2,2,10,140150_1,,
1886,140150_2,,0,0,7,2,2,10,140150_2,,
1887,140151_1,,0,0,7,2,2,10,140151_1,,
1888,140151_2,,0,0,7,2,2,10,140151_2,,
1889,140152_1,,0,0,7,2,2,10,140152_1,,
1890,140152_2,,0,0,7,2,2,10,140152_2,,
1891,140153_1,,0,0,7,2,2,10,140153_1,,
1892,140154_1,,0,0,7,2,2,10,140154_1,,
1893,140155_1,,0,0,7,2,2,10,140155_1,,
1894,140155_2,,0,0,7,2,2,10,140155_2,,
1895,140156_1,,0,0,7,2,2,10,140156_1,,
1896,140156_2,,0,0,7,2,2,10,140156_2,,
1897,140157_1,,0,0,7,2,2,10,140157_1,,
1898,140157_2,,0,0,7,2,2,10,140157_2,,
1899,140158_1,,0,0,7,2,2,10,140158_1,,
1900,140158_2,,0,0,7,2,2,10,140158_2,,
1901,140159_1,,0,0,7,2,2,10,140159_1,,
1902,140160_1,,0,0,7,2,2,10,140160_1,,
1903,140161_1,,0,0,7,2,2,10,140161_1,,
1904,140161_2,,0,0,7,2,2,10,140161_2,,
1905,140162_1,,0,0,7,2,2,10,140162_1,,
1906,140162_2,,0,0,7,2,2,10,140162_2,,
1907,140163_1,,0,0,7,2,2,10,140163_1,,
1908,140163_2,,0,0,7,2,2,10,140163_2,,
1909,140164_1,,0,0,7,2,2,10,140164_1,,
1910,140164_2,,0,0,7,2,2,10,140164_2,,
1911,140165_1,,0,0,7,2,2,10,140165_1,,
1912,140165_2,,0,0,7,2,2,10,140165_2,,
1913,140166_1,,0,0,7,2,2,10,140166_1,,
1914,140167_1,,0,0,7,2,2,10,140167_1,,
1915,140167_2,,0,0,7,2,2,10,140167_2,,
1916,140168_1,,0,0,7,2,2,10,140168_1,,
1917,140168_2,,0,0,7,2,2,10,140168_2,,
1918,140169_1,,0,0,7,2,2,10,140169_1,,
1919,140169_2,,0,0,7,2,2,10,140169_2,,
1920,140170_1,,0,0,7,2,2,10,140170_1,,
1921,140171_1,,0,0,7,2,2,10,140171_1,,
1922,140172,,0,0,7,2,2,10,140172,,
1923,140172_1,,0,0,7,2,2,10,140172_1,,
1924,140172_2,,0,0,7,2,2,10,140172_2,,
1925,140173_1,,0,0,7,2,2,10,140173_1,,
1926,140173_2,,0,0,7,2,2,10,140173_2,,
1927,140174_1,,0,0,7,2,2,10,140174_1,,
1928,140174_2,,0,0,7,2,2,10,140174_2,,
1929,140175_1,,0,0,7,2,2,10,140175_1,,
1930,140175_2,,0,0,7,2,2,10,140175_2,,
1931,140175_4,,0,0,7,2,2,10,140175_4,,
1932,140176_1,,0,0,7,2,2,10,140176_1,,
1933,140176_2,,0,0,7,2,2,10,140176_2,,
1934,140178_1,,0,0,7,2,2,10,140178_1,,
1935,140178_2,,0,0,7,2,2,10,140178_2,,
1936,140179_1,,0,0,7,2,2,10,140179_1,,
1937,140179_2,,0,0,7,2,2,10,140179_2,,
1938,140180_1,,0,0,7,2,2,10,140180_1,,
1939,140181_1,,0,0,7,2,2,10,140181_1,,
1940,140182_1,,0,0,7,2,2,10,140182_1,,
1941,140182_2,,0,0,7,2,2,10,140182_2,,
1942,140183_1,,0,0,7,2,2,10,140183_1,,
1943,140183_2,,0,0,7,2,2,10,140183_2,,
1944,140184_1,,0,0,7,2,2,10,140184_1,,
1945,140185_1,,0,0,7,2,2,10,140185_1,,
1946,140186_1,,0,0,7,2,2,10,140186_1,,
1947,140186_2,,0,0,7,2,2,10,140186_2,,
1948,140187_1,,0,0,7,2,2,10,140187_1,,
1949,140188_1,,0,0,7,2,2,10,140188_1,,
1950,140188_2,,0,0,7,2,2,10,140188_2,,
1951,140189_1,,0,0,7,2,2,10,140189_1,,
1952,140189_2,,0,0,7,2,2,10,140189_2,,
1953,140190_1,,0,0,7,2,2,10,140190_1,,
1954,140190_2,,0,0,7,2,2,10,140190_2,,
1955,140191_1,,0,0,7,2,2,10,140191_1,,
1956,140192_1,,0,0,7,2,2,10,140192_1,,
1957,140192_2,,0,0,7,2,2,10,140192_2,,
1958,140193_1,,0,0,7,2,2,10,140193_1,,
1959,140193_2,,0,0,7,2,2,10,140193_2,,
1960,140194_1,,0,0,7,2,2,10,140194_1,,
1961,140194_2,,0,0,7,2,2,10,140194_2,,
1962,140195_1,,0,0,7,2,2,10,140195_1,,
1963,140195_2,,0,0,7,2,2,10,140195_2,,
1964,140196_1,,0,0,7,2,2,10,140196_1,,
1965,140197_1,,0,0,7,2,2,10,140197_1,,
1966,140197_2,,0,0,7,2,2,10,140197_2,,
1967,140198_1,,0,0,7,2,2,10,140198_1,,
1968,140198_2,,0,0,7,2,2,10,140198_2,,
1969,140199_1,,0,0,7,2,2,10,140199_1,,
1970,140199_2,,0,0,7,2,2,10,140199_2,,
1971,140200_1,,0,0,7,2,2,10,140200_1,,
1972,140201_1,,0,0,7,2,2,10,140201_1,,
1973,140202_1,,0,0,7,2,2,10,140202_1,,
1974,140202_2,,0,0,7,2,2,10,140202_2,,
1975,140202_4,,0,0,7,2,2,10,140202_4,,
1976,140203_1,,0,0,7,2,2,10,140203_1,,
1977,140203_4,,0,0,7,2,2,10,140203_4,,
1978,140204_1,,0,0,7,2,2,10,140204_1,,
1979,140205_1,,0,0,7,2,2,10,140205_1,,
1980,140206_1,,0,0,7,2,2,10,140206_1,,
1981,140206_2,,0,0,7,2,2,10,140206_2,,
1982,140207_1,,0,0,7,2,2,10,140207_1,,
1983,140207_2,,0,0,7,2,2,10,140207_2,,
1984,140208_1,,0,0,7,2,2,10,140208_1,,
1985,140208_2,,0,0,7,2,2,10,140208_2,,
1986,140209_1,,0,0,7,2,2,10,140209_1,,
1987,140209_2,,0,0,7,2,2,10,140209_2,,
1988,140211_1,,0,0,7,2,2,10,140211_1,,
1989,140216_1,,0,0,7,2,2,10,140216_1,,
1990,140216_2,,0,0,7,2,2,10,140216_2,,
1991,140217_1,,0,0,7,2,2,10,140217_1,,
1992,140217_2,,0,0,7,2,2,10,140217_2,,
1993,140218_1,,0,0,7,2,2,10,140218_1,,
1994,140219_1,,0,0,7,2,2,10,140219_1,,
1995,140220_1,,0,0,7,2,2,10,140220_1,,
1996,140221_1,,0,0,7,2,2,10,140221_1,,
1997,140221_2,,0,0,7,2,2,10,140221_2,,
1998,140222_1,,0,0,7,2,2,10,140222_1,,
1999,140222_2,,0,0,7,2,2,10,140222_2,,
2000,140223_1,,0,0,7,2,2,10,140223_1,,
2001,140223_2,,0,0,7,2,2,10,140223_2,,
2002,140228_1,,0,0,7,2,2,10,140228_1,,
2003,140228_2,,0,0,7,2,2,10,140228_2,,
2004,140229_1,,0,0,7,2,2,10,140229_1,,
2005,140230_1,,0,0,7,2,2,10,140230_1,,
2006,140230_2,,0,0,7,2,2,10,140230_2,,
2007,140232_1,,0,0,7,2,2,10,140232_1,,
2008,140233_1,,0,0,7,2,2,10,140233_1,,
2009,140234_1,,0,0,7,2,2,10,140234_1,,
2010,140234_2,,0,0,7,2,2,10,140234_2,,
2011,140235_1,,0,0,7,2,2,10,140235_1,,
2012,140235_2,,0,0,7,2,2,10,140235_2,,
2013,140236_1,,0,0,7,2,2,10,140236_1,,
2014,140236_2,,0,0,7,2,2,10,140236_2,,
2015,140237_1,,0,0,7,2,2,10,140237_1,,
2016,140237_2,,0,0,7,2,2,10,140237_2,,
2017,140238_1,,0,0,7,2,2,10,140238_1,,
2018,140238_2,,0,0,7,2,2,10,140238_2,,
2019,140239_1,,0,0,7,2,2,10,140239_1,,
2020,140239_2,,0,0,7,2,2,10,140239_2,,
2021,140240_1,,0,0,7,2,2,10,140240_1,,
2022,140240_2,,0,0,7,2,2,10,140240_2,,
2023,140241_1,,0,0,7,2,2,10,140241_1,,
2024,140241_2,,0,0,7,2,2,10,140241_2,,
2025,140242_1,,0,0,7,2,2,10,140242_1,,
2026,140242_2,,0,0,7,2,2,10,140242_2,,
2027,140243_1,,0,0,7,2,2,10,140243_1,,
2028,140243_2,,0,0,7,2,2,10,140243_2,,
2029,140245_1,,0,0,7,2,2,10,140245_1,,
2030,140246_1,,0,0,7,2,2,10,140246_1,,
2031,140246_2,,0,0,7,2,2,10,140246_2,,
2032,140247_1,,0,0,7,2,2,10,140247_1,,
2033,140247_2,,0,0,7,2,2,10,140247_2,,
2034,140248_1,,0,0,7,2,2,10,140248_1,,
2035,140249_1,,0,0,7,2,2,10,140249_1,,
2036,140249_2,,0,0,7,2,2,10,140249_2,,
2037,140250_1,,0,0,7,2,2,10,140250_1,,
2038,140251_1,,0,0,7,2,2,10,140251_1,,
2039,140251_2,,0,0,7,2,2,10,140251_2,,
2040,140252_1,,0,0,7,2,2,10,140252_1,,
2041,140252_2,,0,0,7,2,2,10,140252_2,,
2042,140253_1,,0,0,7,2,2,10,140253_1,,
2043,140253_2,,0,0,7,2,2,10,140253_2,,
2044,140254_1,,0,0,7,2,2,10,140254_1,,
2045,140254_2,,0,0,7,2,2,10,140254_2,,
2046,140255_1,,0,0,7,2,2,10,140255_1,,
2047,140255_2,,0,0,7,2,2,10,140255_2,,
2048,140256_1,,0,0,7,2,2,10,140256_1,,
2049,140256_2,,0,0,7,2,2,10,140256_2,,
2050,140257_1,,0,0,7,2,2,10,140257_1,,
2051,140258_1,,0,0,7,2,2,10,140258_1,,
2052,140258_2,,0,0,7,2,2,10,140258_2,,
2053,140259_1,,0,0,7,2,2,10,140259_1,,
2054,140259_2,,0,0,7,2,2,10,140259_2,,
2055,140260_1,,0,0,7,2,2,10,140260_1,,
2056,140260_2,,0,0,7,2,2,10,140260_2,,
2057,140260_4,,0,0,7,2,2,10,140260_4,,
2058,140260_101,,0,0,7,2,2,10,140260_101,,
2059,140260_102,,0,0,7,2,2,10,140260_102,,
2060,140260_104,,0,0,7,2,2,10,140260_104,,
2061,140260_107,,0,0,7,2,2,10,140260_107,,
2062,140260_130,,0,0,7,2,2,10,140260_130,,
2063,140260_131,,0,0,7,2,2,10,140260_131,,
2064,140260_155,,0,0,7,2,2,10,140260_155,,
2065,140260_859,,0,0,7,2,2,10,140260_859,,
2066,140260_860,,0,0,7,2,2,10,140260_860,,
2067,140261_1,,0,0,7,2,2,10,140261_1,,
2068,140261_2,,0,0,7,2,2,10,140261_2,,
2069,140262_1,,0,0,7,2,2,10,140262_1,,
2070,140262_2,,0,0,7,2,2,10,140262_2,,
2071,140263_1,,0,0,7,2,2,10,140263_1,,
2072,140263_2,,0,0,7,2,2,10,140263_2,,
2073,140264_1,,0,0,7,2,2,10,140264_1,,
2074,140264_2,,0,0,7,2,2,10,140264_2,,
2075,140265_1,,0,0,7,2,2,10,140265_1,,
2076,140265_2,,0,0,7,2,2,10,140265_2,,
2077,140266_1,,0,0,7,2,2,10,140266_1,,
2078,140266_2,,0,0,7,2,2,10,140266_2,,
2079,140267_1,,0,0,7,2,2,10,140267_1,,
2080,140267_2,,0,0,7,2,2,10,140267_2,,
2081,140267_4,,0,0,7,2,2,10,140267_4,,
2082,140267_101,,0,0,7,2,2,10,140267_101,,
2083,140267_102,,0,0,7,2,2,10,140267_102,,
2084,140267_104,,0,0,7,2,2,10,140267_104,,
2085,140267_107,,0,0,7,2,2,10,140267_107,,
2086,140267_130,,0,0,7,2,2,10,140267_130,,
2087,140267_131,,0,0,7,2,2,10,140267_131,,
2088,140267_155,,0,0,7,2,2,10,140267_155,,
2089,140267_859,,0,0,7,2,2,10,140267_859,,
2090,140267_860,,0,0,7,2,2,10,140267_860,,
2091,140268_1,,0,0,7,2,2,10,140268_1,,
2092,140268_2,,0,0,7,2,2,10,140268_2,,
2093,140269_1,,0,0,7,2,2,10,140269_1,,
2094,140269_2,,0,0,7,2,2,10,140269_2,,
2095,140270_1,,0,0,7,2,2,10,140270_1,,
2096,140270_2,,0,0,7,2,2,10,140270_2,,
2097,140271_1,,0,0,7,2,2,10,140271_1,,
2098,140271_2,,0,0,7,2,2,10,140271_2,,
2099,140272_1,,0,0,7,2,2,10,140272_1,,
2100,140272_2,,0,0,7,2,2,10,140272_2,,
2101,140272_4,,0,0,7,2,2,10,140272_4,,
2102,140272_5,,0,0,7,2,2,10,140272_5,,
2103,140273_1,,0,0,7,2,2,10,140273_1,,
2104,140273_2,,0,0,7,2,2,10,140273_2,,
2105,140273_5,,0,0,7,2,2,10,140273_5,,
2106,140274_1,,0,0,7,2,2,10,140274_1,,
2107,140274_2,,0,0,7,2,2,10,140274_2,,
2108,140275_1,,0,0,7,2,2,10,140275_1,,
2109,140275_2,,0,0,7,2,2,10,140275_2,,
2110,140276_1,,0,0,7,2,2,10,140276_1,,
2111,140276_2,,0,0,7,2,2,10,140276_2,,
2112,140277_1,,0,0,7,2,2,10,140277_1,,
2113,140277_2,,0,0,7,2,2,10,140277_2,,
2114,140278_1,,0,0,7,2,2,10,140278_1,,
2115,140278_2,,0,0,7,2,2,10,140278_2,,
2116,140279_1,,0,0,7,2,2,10,140279_1,,
2117,140279_2,,0,0,7,2,2,10,140279_2,,
2118,140280_1,,0,0,7,2,2,10,140280_1,,
2119,140280_2,,0,0,7,2,2,10,140280_2,,
2120,140281_1,,0,0,7,2,2,10,140281_1,,
2121,140281_2,,0,0,7,2,2,10,140281_2,,
2122,140282_1,,0,0,7,2,2,10,140282_1,,
2123,140284_1,,0,0,7,2,2,10,140284_1,,
2124,140284_2,,0,0,7,2,2,10,140284_2,,
2125,140286_1,,0,0,7,2,2,10,140286_1,,
2126,140286_2,,0,0,7,2,2,10,140286_2,,
2127,140287_1,,0,0,7,2,2,10,140287_1,,
2128,140287_2,,0,0,7,2,2,10,140287_2,,
2129,140288_1,,0,0,7,2,2,10,140288_1,,
2130,140288_2,,0,0,7,2,2,10,140288_2,,
2131,140289_1,,0,0,7,2,2,10,140289_1,,
2132,140289_2,,0,0,7,2,2,10,140289_2,,
2133,140290_1,,0,0,7,2,2,10,140290_1,,
2134,140290_2,,0,0,7,2,2,10,140290_2,,
2135,140291_1,,0,0,7,2,2,10,140291_1,,
2136,140291_2,,0,0,7,2,2,10,140291_2,,
2137,140292_1,,0,0,7,2,2,10,140292_1,,
2138,140293_1,,0,0,7,2,2,10,140293_1,,
2139,140294_1,,0,0,7,2,2,10,140294_1,,
2140,140294_2,,0,0,7,2,2,10,140294_2,,
2141,140295_1,,0,0,7,2,2,10,140295_1,,
2142,140295_2,,0,0,7,2,2,10,140295_2,,
2143,140296_1,,0,0,7,2,2,10,140296_1,,
2144,140296_2,,0,0,7,2,2,10,140296_2,,
2145,140298_1,,0,0,7,2,2,10,140298_1,,
2146,140299_1,,0,0,7,2,2,10,140299_1,,
2147,140299_2,,0,0,7,2,2,10,140299_2,,
2148,140300_1,,0,0,7,2,2,10,140300_1,,
2149,140300_2,,0,0,7,2,2,10,140300_2,,
2150,140301_1,,0,0,7,2,2,10,140301_1,,
2151,140301_2,,0,0,7,2,2,10,140301_2,,
2152,140302_1,,0,0,7,2,2,10,140302_1,,
2153,140302_2,,0,0,7,2,2,10,140302_2,,
2154,140303_1,,0,0,7,2,2,10,140303_1,,
2155,140303_2,,0,0,7,2,2,10,140303_2,,
2156,140304_1,,0,0,7,2,2,10,140304_1,,
2157,140304_2,,0,0,7,2,2,10,140304_2,,
2158,140305_1,,0,0,7,2,2,10,140305_1,,
2159,140308_1,,0,0,7,2,2,10,140308_1,,
2160,140308_2,,0,0,7,2,2,10,140308_2,,
2161,140309_1,,0,0,7,2,2,10,140309_1,,
2162,140310_1,,0,0,7,2,2,10,140310_1,,
2163,140311_1,,0,0,7,2,2,10,140311_1,,
2164,140311_2,,0,0,7,2,2,10,140311_2,,
2165,140312_1,,0,0,7,2,2,10,140312_1,,
2166,140312_2,,0,0,7,2,2,10,140312_2,,
2167,140313_1,,0,0,7,2,2,10,140313_1,,
2168,140313_2,,0,0,7,2,2,10,140313_2,,
2169,140314_1,,0,0,7,2,2,10,140314_1,,
2170,140314_2,,0,0,7,2,2,10,140314_2,,
2171,140315_1,,0,0,7,2,2,10,140315_1,,
2172,140315_2,,0,0,7,2,2,10,140315_2,,
2173,140316_1,,0,0,7,2,2,10,140316_1,,
2174,140316_2,,0,0,7,2,2,10,140316_2,,
2175,140317_1,,0,0,7,2,2,10,140317_1,,
2176,140317_2,,0,0,7,2,2,10,140317_2,,
2177,140318_1,,0,0,7,2,2,10,140318_1,,
2178,140318_2,,0,0,7,2,2,10,140318_2,,
2179,140319_1,,0,0,7,2,2,10,140319_1,,
2180,140319_2,,0,0,7,2,2,10,140319_2,,
2181,140320_1,,0,0,7,2,2,10,140320_1,,
2182,140320_2,,0,0,7,2,2,10,140320_2,,
2183,140321_1,,0,0,7,2,2,10,140321_1,,
2184,140321_2,,0,0,7,2,2,10,140321_2,,
2185,140322_1,,0,0,7,2,2,10,140322_1,,
2186,140322_2,,0,0,7,2,2,10,140322_2,,
2187,140322_4,,0,0,7,2,2,10,140322_4,,
2188,140323_1,,0,0,7,2,2,10,140323_1,,
2189,140323_2,,0,0,7,2,2,10,140323_2,,
2190,140324_1,,0,0,7,2,2,10,140324_1,,
2191,140324_2,,0,0,7,2,2,10,140324_2,,
2192,140325_1,,0,0,7,2,2,10,140325_1,,
2193,140325_2,,0,0,7,2,2,10,140325_2,,
2194,140328_1,,0,0,7,2,2,10,140328_1,,
2195,140328_2,,0,0,7,2,2,10,140328_2,,
2196,140329_1,,0,0,7,2,2,10,140329_1,,
2197,140329_2,,0,0,7,2,2,10,140329_2,,
2198,140330_1,,0,0,7,2,2,10,140330_1,,
2199,140330_2,,0,0,7,2,2,10,140330_2,,
2200,140331_1,,0,0,7,2,2,10,140331_1,,
2201,140331_2,,0,0,7,2,2,10,140331_2,,
2202,140332_1,,0,0,7,2,2,10,140332_1,,
2203,140332_2,,0,0,7,2,2,10,140332_2,,
2204,140333_1,,0,0,7,2,2,10,140333_1,,
2205,140333_2,,0,0,7,2,2,10,140333_2,,
2206,140341_1,,0,0,7,2,2,10,140341_1,,
2207,140341_2,,0,0,7,2,2,10,140341_2,,
2208,150010_2,,0,0,7,2,2,10,150010_2,,
2209,150011_2,,0,0,7,2,2,10,150011_2,,
2210,150012_2,,0,0,7,2,2,10,150012_2,,
2211,150013_2,,0,0,7,2,2,10,150013_2,,
2212,150014_2,,0,0,7,2,2,10,150014_2,,
2213,150015_2,,0,0,7,2,2,10,150015_2,,
2214,150016_2,,0,0,7,2,2,10,150016_2,,
2215,150017_2,,0,0,7,2,2,10,150017_2,,
2216,150018_2,,0,0,7,2,2,10,150018_2,,
2217,150019_2,,0,0,7,2,2,10,150019_2,,
2218,150020_2,,0,0,7,2,2,10,150020_2,,
2219,150021_2,,0,0,7,2,2,10,150021_2,,
2220,150022_2,,0,0,7,2,2,10,150022_2,,
2221,150023_2,,0,0,7,2,2,10,150023_2,,
2222,150024_2,,0,0,7,2,2,10,150024_2,,
2223,150025_2,,0,0,7,2,2,10,150025_2,,
2224,150026_2,,0,0,7,2,2,10,150026_2,,
2225,150027_2,,0,0,7,2,2,10,150027_2,,
2226,150028_2,,0,0,7,2,2,10,150028_2,,
2227,150029_2,,0,0,7,2,2,10,150029_2,,
2228,150030_2,,0,0,7,2,2,10,150030_2,,
2229,150031_2,,0,0,7,2,2,10,150031_2,,
2230,150032_2,,0,0,7,2,2,10,150032_2,,
2231,150033_2,,0,0,7,2,2,10,150033_2,,
2232,150034_2,,0,0,7,2,2,10,150034_2,,
2233,150035_2,,0,0,7,2,2,10,150035_2,,
2234,150036_2,,0,0,7,2,2,10,150036_2,,
2235,150037_2,,0,0,7,2,2,10,150037_2,,
2236,150038_2,,0,0,7,2,2,10,150038_2,,
2237,150039_2,,0,0,7,2,2,10,150039_2,,
2238,150040_2,,0,0,7,2,2,10,150040_2,,
2239,150041_2,,0,0,7,2,2,10,150041_2,,
2240,150042_2,,0,0,7,2,2,10,150042_2,,
2241,150043_2,,0,0,7,2,2,10,150043_2,,
2242,150044_2,,0,0,7,2,2,10,150044_2,,
2243,150045_2,,0,0,7,2,2,10,150045_2,,
2244,150046_1,,0,0,7,2,2,10,150046_1,,
2245,150047_1,,0,0,7,2,2,10,150047_1,,
2246,150047_1B,,0,0,7,2,2,10,150047_1B,,
2247,150048_1,,0,0,7,2,2,10,150048_1,,
2248,150048_1B,,0,0,7,2,2,10,150048_1B,,
2249,150048_1c,,0,0,7,2,2,10,150048_1c,,
2250,150049_1,,0,0,7,2,2,10,150049_1,,
2251,150050_1,,0,0,7,2,2,10,150050_1,,
2252,150050_1b,,0,0,7,2,2,10,150050_1b,,
2253,150051_1,,0,0,7,2,2,10,150051_1,,
2254,150051_1b,,0,0,7,2,2,10,150051_1b,,
2255,150051_1c,,0,0,7,2,2,10,150051_1c,,
2256,150061_d_1,,0,0,7,2,2,10,150061_d_1,,
2257,150061_g_1,,0,0,7,2,2,10,150061_g_1,,
2258,150061_z_1,,0,0,7,2,2,10,150061_z_1,,
2259,150062_d_1,,0,0,7,2,2,10,150062_d_1,,
2260,150062_g_1,,0,0,7,2,2,10,150062_g_1,,
2261,150062_z_1,,0,0,7,2,2,10,150062_z_1,,
2262,150063_d_1,,0,0,7,2,2,10,150063_d_1,,
2263,150063_g_1,,0,0,7,2,2,10,150063_g_1,,
2264,150063_z_1,,0,0,7,2,2,10,150063_z_1,,
2265,150064_d_1,,0,0,7,2,2,10,150064_d_1,,
2266,150064_g_1,,0,0,7,2,2,10,150064_g_1,,
2267,150064_z_1,,0,0,7,2,2,10,150064_z_1,,
2268,150066_d_1,,0,0,7,2,2,10,150066_d_1,,
2269,150066_g_1,,0,0,7,2,2,10,150066_g_1,,
2270,150066_z_1,,0,0,7,2,2,10,150066_z_1,,
2271,150067_d_1,,0,0,7,2,2,10,150067_d_1,,
2272,150067_g_1,,0,0,7,2,2,10,150067_g_1,,
2273,150067_z_1,,0,0,7,2,2,10,150067_z_1,,
2274,150068_d_1,,0,0,7,2,2,10,150068_d_1,,
2275,150068_g_1,,0,0,7,2,2,10,150068_g_1,,
2276,150068_z_1,,0,0,7,2,2,10,150068_z_1,,
2277,150069_d_1,,0,0,7,2,2,10,150069_d_1,,
2278,150069_g_1,,0,0,7,2,2,10,150069_g_1,,
2279,150069_z_1,,0,0,7,2,2,10,150069_z_1,,
2280,150070_d_1,,0,0,7,2,2,10,150070_d_1,,
2281,150070_g_1,,0,0,7,2,2,10,150070_g_1,,
2282,150070_z_1,,0,0,7,2,2,10,150070_z_1,,
2283,150071_d_1,,0,0,7,2,2,10,150071_d_1,,
2284,150071_g_1,,0,0,7,2,2,10,150071_g_1,,
2285,150071_z_1,,0,0,7,2,2,10,150071_z_1,,
2286,150072_d_1,,0,0,7,2,2,10,150072_d_1,,
2287,150072_g_1,,0,0,7,2,2,10,150072_g_1,,
2288,150072_z_1,,0,0,7,2,2,10,150072_z_1,,
2289,150073_d_1,,0,0,7,2,2,10,150073_d_1,,
2290,150073_g_1,,0,0,7,2,2,10,150073_g_1,,
2291,150073_z_1,,0,0,7,2,2,10,150073_z_1,,
2292,150074_d_1,,0,0,7,2,2,10,150074_d_1,,
2293,150074_g_1,,0,0,7,2,2,10,150074_g_1,,
2294,150074_z_1,,0,0,7,2,2,10,150074_z_1,,
2295,150075_d_1,,0,0,7,2,2,10,150075_d_1,,
2296,150075_g_1,,0,0,7,2,2,10,150075_g_1,,
2297,150075_z_1,,0,0,7,2,2,10,150075_z_1,,
2298,150076_d_1,,0,0,7,2,2,10,150076_d_1,,
2299,150076_g_1,,0,0,7,2,2,10,150076_g_1,,
2300,150076_z_1,,0,0,7,2,2,10,150076_z_1,,
2301,150077_d_1,,0,0,7,2,2,10,150077_d_1,,
2302,150077_g_1,,0,0,7,2,2,10,150077_g_1,,
2303,150077_z_1,,0,0,7,2,2,10,150077_z_1,,
2304,150078_d_1,,0,0,7,2,2,10,150078_d_1,,
2305,150078_g_1,,0,0,7,2,2,10,150078_g_1,,
2306,150078_z_1,,0,0,7,2,2,10,150078_z_1,,
2307,150079_d_1,,0,0,7,2,2,10,150079_d_1,,
2308,150079_g_1,,0,0,7,2,2,10,150079_g_1,,
2309,150079_z_1,,0,0,7,2,2,10,150079_z_1,,
2310,150080_d_1,,0,0,7,2,2,10,150080_d_1,,
2311,150080_g_1,,0,0,7,2,2,10,150080_g_1,,
2312,150080_z_1,,0,0,7,2,2,10,150080_z_1,,
2313,150081_d_1,,0,0,7,2,2,10,150081_d_1,,
2314,150081_g_1,,0,0,7,2,2,10,150081_g_1,,
2315,150081_z_1,,0,0,7,2,2,10,150081_z_1,,
2316,150082_d_1,,0,0,7,2,2,10,150082_d_1,,
2317,150082_g_1,,0,0,7,2,2,10,150082_g_1,,
2318,150082_z_1,,0,0,7,2,2,10,150082_z_1,,
2319,150083_d_1,,0,0,7,2,2,10,150083_d_1,,
2320,150083_g_1,,0,0,7,2,2,10,150083_g_1,,
2321,150083_z_1,,0,0,7,2,2,10,150083_z_1,,
2322,150084_d_1,,0,0,7,2,2,10,150084_d_1,,
2323,150084_g_1,,0,0,7,2,2,10,150084_g_1,,
2324,150084_z_1,,0,0,7,2,2,10,150084_z_1,,
2325,150085_d_1,,0,0,7,2,2,10,150085_d_1,,
2326,150085_g_1,,0,0,7,2,2,10,150085_g_1,,
2327,150085_z_1,,0,0,7,2,2,10,150085_z_1,,
2328,150086_d_1,,0,0,7,2,2,10,150086_d_1,,
2329,150086_g_1,,0,0,7,2,2,10,150086_g_1,,
2330,150086_z_1,,0,0,7,2,2,10,150086_z_1,,
2331,150087_d_1,,0,0,7,2,2,10,150087_d_1,,
2332,150087_g_1,,0,0,7,2,2,10,150087_g_1,,
2333,150087_z_1,,0,0,7,2,2,10,150087_z_1,,
2334,150088_d_1,,0,0,7,2,2,10,150088_d_1,,
2335,150088_g_1,,0,0,7,2,2,10,150088_g_1,,
2336,150088_z_1,,0,0,7,2,2,10,150088_z_1,,
2337,150089_d_1,,0,0,7,2,2,10,150089_d_1,,
2338,150089_g_1,,0,0,7,2,2,10,150089_g_1,,
2339,150089_z_1,,0,0,7,2,2,10,150089_z_1,,
2340,150090_d_1,,0,0,7,2,2,10,150090_d_1,,
2341,150090_g_1,,0,0,7,2,2,10,150090_g_1,,
2342,150090_z_1,,0,0,7,2,2,10,150090_z_1,,
2343,150091_d_1,,0,0,7,2,2,10,150091_d_1,,
2344,150091_g_1,,0,0,7,2,2,10,150091_g_1,,
2345,150091_z_1,,0,0,7,2,2,10,150091_z_1,,
2346,150092_d_1,,0,0,7,2,2,10,150092_d_1,,
2347,150092_g_1,,0,0,7,2,2,10,150092_g_1,,
2348,150092_z_1,,0,0,7,2,2,10,150092_z_1,,
2349,150093_d_1,,0,0,7,2,2,10,150093_d_1,,
2350,150093_g_1,,0,0,7,2,2,10,150093_g_1,,
2351,150093_z_1,,0,0,7,2,2,10,150093_z_1,,
2352,150094_d_1,,0,0,7,2,2,10,150094_d_1,,
2353,150094_g_1,,0,0,7,2,2,10,150094_g_1,,
2354,150094_z_1,,0,0,7,2,2,10,150094_z_1,,
2355,150095_d_1,,0,0,7,2,2,10,150095_d_1,,
2356,150095_g_1,,0,0,7,2,2,10,150095_g_1,,
2357,150095_z_1,,0,0,7,2,2,10,150095_z_1,,
2358,150096_d_1,,0,0,7,2,2,10,150096_d_1,,
2359,150096_g_1,,0,0,7,2,2,10,150096_g_1,,
2360,150096_z_1,,0,0,7,2,2,10,150096_z_1,,
2361,150097_d_1,,0,0,7,2,2,10,150097_d_1,,
2362,150097_g_1,,0,0,7,2,2,10,150097_g_1,,
2363,150097_z_1,,0,0,7,2,2,10,150097_z_1,,
2364,150098_d_1,,0,0,7,2,2,10,150098_d_1,,
2365,150098_g_1,,0,0,7,2,2,10,150098_g_1,,
2366,150098_z_1,,0,0,7,2,2,10,150098_z_1,,
2367,150099_d_1,,0,0,7,2,2,10,150099_d_1,,
2368,150099_g_1,,0,0,7,2,2,10,150099_g_1,,
2369,150099_z_1,,0,0,7,2,2,10,150099_z_1,,
2370,anim_100858,,0,0,7,2,2,10,anim_100858,,
2371,avt_chuji,,0,0,7,2,2,10,avt_chuji,,
2372,avt_chuji_2,,0,0,7,2,2,10,avt_chuji_2,,
2373,avt_chuji1_1,,0,0,7,2,2,10,avt_chuji1_1,,
2374,avt_gaoji,,0,0,7,2,2,10,avt_gaoji,,
2375,avt_gaoji_2,,0,0,7,2,2,10,avt_gaoji_2,,
2376,avt_gaoji1_1,,0,0,7,2,2,10,avt_gaoji1_1,,
2377,avt_zhongji,,0,0,7,2,2,10,avt_zhongji,,
2378,avt_zhongji_1,,0,0,7,2,2,10,avt_zhongji_1,,
2379,ball_dribbling2,,0,0,7,2,2,10,ball_dribbling2,,
2380,baoxiang_ui,,0,0,7,2,2,10,baoxiang_ui,,
2381,baoxiang2_ui,,0,0,7,2,2,10,baoxiang2_ui,,
2382,baoxiangkaiqi,,0,0,7,2,2,10,baoxiangkaiqi,,
2383,bianshen,,0,0,7,2,2,10,bianshen,,
2384,bibidong_1,,0,0,7,2,2,10,bibidong_1,,
2385,Birds113,,0,0,7,2,2,10,Birds113,,
2386,boss_10068_zq,,0,0,7,2,2,10,boss_10068_zq,,
2387,boss_10068_zs,,0,0,7,2,2,10,boss_10068_zs,,
2388,boss_10069_ck,,0,0,7,2,2,10,boss_10069_ck,,
2389,boss_10069_hq,,0,0,7,2,2,10,boss_10069_hq,,
2390,boss_10069_zs,,0,0,7,2,2,10,boss_10069_zs,,
2391,Bubble128,,0,0,7,2,2,10,Bubble128,,
2392,bubbling,,0,0,7,2,2,10,bubbling,,
2393,BUFF_BLEED,,0,0,7,2,2,10,BUFF_BLEED,,
2394,buff_cold_home,,0,0,7,2,2,10,buff_cold_home,,
2395,BUFF_DIZZY,,0,0,7,2,2,10,BUFF_DIZZY,,
2396,BUFF_HighlyVenom,,0,0,7,2,2,10,BUFF_HighlyVenom,,
2397,BUFF_Paralysis,,0,0,7,2,2,10,BUFF_Paralysis,,
2398,buff_poisoning_home,,0,0,7,2,2,10,buff_poisoning_home,,
2399,BUFF_SLEEP,,0,0,7,2,2,10,BUFF_SLEEP,,
2400,Cake144,,0,0,7,2,2,10,Cake144,,
2401,Cake168,,0,0,7,2,2,10,Cake168,,
2402,Cake172,,0,0,7,2,2,10,Cake172,,
2403,carpet80,,0,0,7,2,2,10,carpet80,,
2404,carpet81,,0,0,7,2,2,10,carpet81,,
2405,carpet82,,0,0,7,2,2,10,carpet82,,
2406,carpet83,,0,0,7,2,2,10,carpet83,,
2407,carpet84,,0,0,7,2,2,10,carpet84,,
2408,Circle91,,0,0,7,2,2,10,Circle91,,
2409,Circle92,,0,0,7,2,2,10,Circle92,,
2410,Circle137,,0,0,7,2,2,10,Circle137,,
2411,Cloud116,,0,0,7,2,2,10,Cloud116,,
2412,Cloud143,,0,0,7,2,2,10,Cloud143,,
2413,Cloud147,,0,0,7,2,2,10,Cloud147,,
2414,Cloud151,,0,0,7,2,2,10,Cloud151,,
2415,Cloud168,,0,0,7,2,2,10,Cloud168,,
2416,Crystal119,,0,0,7,2,2,10,Crystal119,,
2417,Cure113,,0,0,7,2,2,10,Cure113,,
2418,Danger151,,0,0,7,2,2,10,Danger151,,
2419,dl_black1,,0,0,7,2,2,10,dl_black1,,
2420,dl_black2,,0,0,7,2,2,10,dl_black2,,
2421,dl_black3,,0,0,7,2,2,10,dl_black3,,
2422,dl_black4,,0,0,7,2,2,10,dl_black4,,
2423,dl_black5,,0,0,7,2,2,10,dl_black5,,
2424,dl_black6,,0,0,7,2,2,10,dl_black6,,
2425,dl_black7,,0,0,7,2,2,10,dl_black7,,
2426,dl_black8,,0,0,7,2,2,10,dl_black8,,
2427,dl_black9,,0,0,7,2,2,10,dl_black9,,
2428,dl_black10,,0,0,7,2,2,10,dl_black10,,
2429,dl_golden1,,0,0,7,2,2,10,dl_golden1,,
2430,dl_golden2,,0,0,7,2,2,10,dl_golden2,,
2431,dl_golden3,,0,0,7,2,2,10,dl_golden3,,
2432,dl_golden4,,0,0,7,2,2,10,dl_golden4,,
2433,dl_golden5,,0,0,7,2,2,10,dl_golden5,,
2434,dl_golden6,,0,0,7,2,2,10,dl_golden6,,
2435,dl_golden7,,0,0,7,2,2,10,dl_golden7,,
2436,dl_golden8,,0,0,7,2,2,10,dl_golden8,,
2437,dl_golden9,,0,0,7,2,2,10,dl_golden9,,
2438,dl_golden10,,0,0,7,2,2,10,dl_golden10,,
2439,dl_gules1,,0,0,7,2,2,10,dl_gules1,,
2440,dl_gules2,,0,0,7,2,2,10,dl_gules2,,
2441,dl_gules3,,0,0,7,2,2,10,dl_gules3,,
2442,dl_gules4,,0,0,7,2,2,10,dl_gules4,,
2443,dl_gules5,,0,0,7,2,2,10,dl_gules5,,
2444,dl_gules6,,0,0,7,2,2,10,dl_gules6,,
2445,dl_gules7,,0,0,7,2,2,10,dl_gules7,,
2446,dl_gules8,,0,0,7,2,2,10,dl_gules8,,
2447,dl_gules9,,0,0,7,2,2,10,dl_gules9,,
2448,dl_gules10,,0,0,7,2,2,10,dl_gules10,,
2449,dl_purple1,,0,0,7,2,2,10,dl_purple1,,
2450,dl_purple2,,0,0,7,2,2,10,dl_purple2,,
2451,dl_purple3,,0,0,7,2,2,10,dl_purple3,,
2452,dl_purple4,,0,0,7,2,2,10,dl_purple4,,
2453,dl_purple5,,0,0,7,2,2,10,dl_purple5,,
2454,dl_purple6,,0,0,7,2,2,10,dl_purple6,,
2455,dl_purple7,,0,0,7,2,2,10,dl_purple7,,
2456,dl_purple8,,0,0,7,2,2,10,dl_purple8,,
2457,dl_purple9,,0,0,7,2,2,10,dl_purple9,,
2458,dl_purple10,,0,0,7,2,2,10,dl_purple10,,
2459,dl_white1,,0,0,7,2,2,10,dl_white1,,
2460,dl_white2,,0,0,7,2,2,10,dl_white2,,
2461,dl_white3,,0,0,7,2,2,10,dl_white3,,
2462,dl_white4,,0,0,7,2,2,10,dl_white4,,
2463,dl_white5,,0,0,7,2,2,10,dl_white5,,
2464,dl_white6,,0,0,7,2,2,10,dl_white6,,
2465,dl_white7,,0,0,7,2,2,10,dl_white7,,
2466,dl_white8,,0,0,7,2,2,10,dl_white8,,
2467,dl_white9,,0,0,7,2,2,10,dl_white9,,
2468,dl_white10,,0,0,7,2,2,10,dl_white10,,
2469,dl_yellow1,,0,0,7,2,2,10,dl_yellow1,,
2470,dl_yellow2,,0,0,7,2,2,10,dl_yellow2,,
2471,dl_yellow3,,0,0,7,2,2,10,dl_yellow3,,
2472,dl_yellow4,,0,0,7,2,2,10,dl_yellow4,,
2473,dl_yellow5,,0,0,7,2,2,10,dl_yellow5,,
2474,dl_yellow6,,0,0,7,2,2,10,dl_yellow6,,
2475,dl_yellow7,,0,0,7,2,2,10,dl_yellow7,,
2476,dl_yellow8,,0,0,7,2,2,10,dl_yellow8,,
2477,dl_yellow9,,0,0,7,2,2,10,dl_yellow9,,
2478,dl_yellow10,,0,0,7,2,2,10,dl_yellow10,,
2479,Duck128,,0,0,7,2,2,10,Duck128,,
2480,Egg144,,0,0,7,2,2,10,Egg144,,
2481,Energy101,,0,0,7,2,2,10,Energy101,,
2482,Energy103,,0,0,7,2,2,10,Energy103,,
2483,exp_xisou,,0,0,7,2,2,10,exp_xisou,,
2484,fan99,,0,0,7,2,2,10,fan99,,
2485,fire131,,0,0,7,2,2,10,fire131,,
2486,fire150,,0,0,7,2,2,10,fire150,,
2487,Fire151,,0,0,7,2,2,10,Fire151,,
2488,Fire152,,0,0,7,2,2,10,Fire152,,
2489,Fire153,,0,0,7,2,2,10,Fire153,,
2490,flash_off,,0,0,7,2,2,10,flash_off,,
2491,flash_on,,0,0,7,2,2,10,flash_on,,
2492,Fly139,,0,0,7,2,2,10,Fly139,,
2493,Fly155,,0,0,7,2,2,10,Fly155,,
2494,Fly156,,0,0,7,2,2,10,Fly156,,
2495,fm_vfx,,0,0,7,2,2,10,fm_vfx,,
2496,highattack,,0,0,7,2,2,10,highattack,,
2497,highdefence,,0,0,7,2,2,10,highdefence,,
2498,highefficiency,,0,0,7,2,2,10,highefficiency,,
2499,HighlyVenom,,0,0,7,2,2,10,HighlyVenom,,
2500,hikari_power,,0,0,7,2,2,10,hikari_power,,
2501,hores_3453,,0,0,7,2,2,10,hores_3453,,
2502,horse_3449,,0,0,7,2,2,10,horse_3449,,
2503,horse_3451,,0,0,7,2,2,10,horse_3451,,
2504,horse_3453,,0,0,7,2,2,10,horse_3453,,
2505,horse_3454 ,,0,0,7,2,2,10,horse_3454 ,,
2506,horse_3454,,0,0,7,2,2,10,horse_3454,,
2507,horse_3455_1,,0,0,7,2,2,10,horse_3455_1,,
2508,horse_3457,,0,0,7,2,2,10,horse_3457,,
2509,horse_3460,,0,0,7,2,2,10,horse_3460,,
2510,horse_3464,,0,0,7,2,2,10,horse_3464,,
2511,horse_3466,,0,0,7,2,2,10,horse_3466,,
2512,horse_3468,,0,0,7,2,2,10,horse_3468,,
2513,horse_3469_1,,0,0,7,2,2,10,horse_3469_1,,
2514,horse_3469_2,,0,0,7,2,2,10,horse_3469_2,,
2515,horse_3469_5,,0,0,7,2,2,10,horse_3469_5,,
2516,horse_3469_6,,0,0,7,2,2,10,horse_3469_6,,
2517,horse_3473,,0,0,7,2,2,10,horse_3473,,
2518,horse_3475,,0,0,7,2,2,10,horse_3475,,
2519,horse_3475_0,,0,0,7,2,2,10,horse_3475_0,,
2520,horse_3475_1,,0,0,7,2,2,10,horse_3475_1,,
2521,horse_3476_0,,0,0,7,2,2,10,horse_3476_0,,
2522,horse_3477,,0,0,7,2,2,10,horse_3477,,
2523,horse_3477_1,,0,0,7,2,2,10,horse_3477_1,,
2524,horse_3478_callstar_cooldown,,0,0,7,2,2,10,horse_3478_callstar_cooldown,,
2525,horse_3478_callstar_ready,,0,0,7,2,2,10,horse_3478_callstar_ready,,
2526,horse_3478_fly,,0,0,7,2,2,10,horse_3478_fly,,
2527,horse_3481_speedup,,0,0,7,2,2,10,horse_3481_speedup,,
2528,horse_3484,,0,0,7,2,2,10,horse_3484,,
2529,horse_3485,,0,0,7,2,2,10,horse_3485,,
2530,horse_3485_1,,0,0,7,2,2,10,horse_3485_1,,
2531,horse_3485_2,,0,0,7,2,2,10,horse_3485_2,,
2532,horse_3485_3,,0,0,7,2,2,10,horse_3485_3,,
2533,horse_3487,,0,0,7,2,2,10,horse_3487,,
2534,horse_3487_3,,0,0,7,2,2,10,horse_3487_3,,
2535,horse_3489,,0,0,7,2,2,10,horse_3489,,
2536,horse_3489_3,,0,0,7,2,2,10,horse_3489_3,,
2537,horse_3491,,0,0,7,2,2,10,horse_3491,,
2538,horse_3492,,0,0,7,2,2,10,horse_3492,,
2539,horse_3492_3,,0,0,7,2,2,10,horse_3492_3,,
2540,horse_3496_3,,0,0,7,2,2,10,horse_3496_3,,
2541,horse_3497_3,,0,0,7,2,2,10,horse_3497_3,,
2542,horse_4501,,0,0,7,2,2,10,horse_4501,,
2543,horse_4501_3,,0,0,7,2,2,10,horse_4501_3,,
2544,horse_4502,,0,0,7,2,2,10,horse_4502,,
2545,horse_4502_3,,0,0,7,2,2,10,horse_4502_3,,
2546,horse_4503,,0,0,7,2,2,10,horse_4503,,
2547,horse_4503_3,,0,0,7,2,2,10,horse_4503_3,,
2548,horse_4505_3,,0,0,7,2,2,10,horse_4505_3,,
2549,horse_4506_3,,0,0,7,2,2,10,horse_4506_3,,
2550,horse_4507_3,,0,0,7,2,2,10,horse_4507_3,,
2551,horse_4509_3,,0,0,7,2,2,10,horse_4509_3,,
2552,horse_4513_3,,0,0,7,2,2,10,horse_4513_3,,
2553,horse_4514_3,,0,0,7,2,2,10,horse_4514_3,,
2554,horse_4515_3,,0,0,7,2,2,10,horse_4515_3,,
2555,horse_4523_3,,0,0,7,2,2,10,horse_4523_3,,
2556,horse_4525_3,,0,0,7,2,2,10,horse_4525_3,,
2557,horse_4526_3,,0,0,7,2,2,10,horse_4526_3,,
2558,horse_4527_3,,0,0,7,2,2,10,horse_4527_3,,
2559,horse_4528_3,,0,0,7,2,2,10,horse_4528_3,,
2560,horse_4529_protection,,0,0,7,2,2,10,horse_4529_protection,,
2561,horse_4529_ready,,0,0,7,2,2,10,horse_4529_ready,,
2562,horse_4531_3,,0,0,7,2,2,10,horse_4531_3,,
2563,horse_4532_3,,0,0,7,2,2,10,horse_4532_3,,
2564,horse_4533_3,,0,0,7,2,2,10,horse_4533_3,,
2565,horse_4535_3,,0,0,7,2,2,10,horse_4535_3,,
2566,horse_4536_3,,0,0,7,2,2,10,horse_4536_3,,
2567,horse_4537_3,,0,0,7,2,2,10,horse_4537_3,,
2568,horse_4539_3,,0,0,7,2,2,10,horse_4539_3,,
2569,horse_4540_3,,0,0,7,2,2,10,horse_4540_3,,
2570,horse_4541_3,,0,0,7,2,2,10,horse_4541_3,,
2571,horse_4543_3,,0,0,7,2,2,10,horse_4543_3,,
2572,horse_4544_3,,0,0,7,2,2,10,horse_4544_3,,
2573,horse_4545_3,,0,0,7,2,2,10,horse_4545_3,,
2574,horse_4547_3,,0,0,7,2,2,10,horse_4547_3,,
2575,horse_4548_3,,0,0,7,2,2,10,horse_4548_3,,
2576, horse_4550_3,,0,0,7,2,2,10, horse_4550_3,,
2577,horse_4550_3,,0,0,7,2,2,10,horse_4550_3,,
2578, horse_4551_3,,0,0,7,2,2,10, horse_4551_3,,
2579,horse_4551_3,,0,0,7,2,2,10,horse_4551_3,,
2580,horse_4552_3,,0,0,7,2,2,10,horse_4552_3,,
2581,horse_4553_3,,0,0,7,2,2,10,horse_4553_3,,
2582,horse_4554_3,,0,0,7,2,2,10,horse_4554_3,,
2583,horse_4561_3,,0,0,7,2,2,10,horse_4561_3,,
2584,horse_4562_3,,0,0,7,2,2,10,horse_4562_3,,
2585,horse_4563_3,,0,0,7,2,2,10,horse_4563_3,,
2586,horse_4564_3,,0,0,7,2,2,10,horse_4564_3,,
2587,horse_4565_3,,0,0,7,2,2,10,horse_4565_3,,
2588,horse_4566_3,,0,0,7,2,2,10,horse_4566_3,,
2589,horse_4572_3,,0,0,7,2,2,10,horse_4572_3,,
2590,horse_4573_3,,0,0,7,2,2,10,horse_4573_3,,
2591,horse_4574_3,,0,0,7,2,2,10,horse_4574_3,,
2592,horse_4580_3,,0,0,7,2,2,10,horse_4580_3,,
2593,horse_4581_3,,0,0,7,2,2,10,horse_4581_3,,
2594,horse_4583_3,,0,0,7,2,2,10,horse_4583_3,,
2595,horse_4585_3,,0,0,7,2,2,10,horse_4585_3,,
2596,horse_4587_3,,0,0,7,2,2,10,horse_4587_3,,
2597,horse_4588_3,,0,0,7,2,2,10,horse_4588_3,,
2598,horse_4590_3,,0,0,7,2,2,10,horse_4590_3,,
2599,horse_4592_3,,0,0,7,2,2,10,horse_4592_3,,
2600,horse_4594_3,,0,0,7,2,2,10,horse_4594_3,,
2601,horse_4596_3,,0,0,7,2,2,10,horse_4596_3,,
2602,horse_4598_3,,0,0,7,2,2,10,horse_4598_3,,
2603,horse_4602_3,,0,0,7,2,2,10,horse_4602_3,,
2604,horse_4604_3,,0,0,7,2,2,10,horse_4604_3,,
2605,horse_4606_3,,0,0,7,2,2,10,horse_4606_3,,
2606,horse_4607_3,,0,0,7,2,2,10,horse_4607_3,,
2607,horse_4608_3,,0,0,7,2,2,10,horse_4608_3,,
2608, horse_4610_3,,0,0,7,2,2,10, horse_4610_3,,
2609,horse_4610_3,,0,0,7,2,2,10,horse_4610_3,,
2610,horse_4611_3,,0,0,7,2,2,10,horse_4611_3,,
2611,horse_4612_3,,0,0,7,2,2,10,horse_4612_3,,
2612,horse_4614_3,,0,0,7,2,2,10,horse_4614_3,,
2613,horse_4616_3,,0,0,7,2,2,10,horse_4616_3,,
2614,horse_4618_3,,0,0,7,2,2,10,horse_4618_3,,
2615,horse_4623_3,,0,0,7,2,2,10,horse_4623_3,,
2616,horse_4624_3,,0,0,7,2,2,10,horse_4624_3,,
2617,horse_4627_3,,0,0,7,2,2,10,horse_4627_3,,
2618,horse_4628_3,,0,0,7,2,2,10,horse_4628_3,,
2619,horse_4631_3,,0,0,7,2,2,10,horse_4631_3,,
2620,horse_4632_3,,0,0,7,2,2,10,horse_4632_3,,
2621,horse_4635_3,,0,0,7,2,2,10,horse_4635_3,,
2622,horse_4636_3,,0,0,7,2,2,10,horse_4636_3,,
2623,horse_4644_3,,0,0,7,2,2,10,horse_4644_3,,
2624,horse_4645_3,,0,0,7,2,2,10,horse_4645_3,,
2625,horse_4647_3,,0,0,7,2,2,10,horse_4647_3,,
2626,horse_4649_3,,0,0,7,2,2,10,horse_4649_3,,
2627,horsechange_3449,,0,0,7,2,2,10,horsechange_3449,,
2628,horsechange_3451,,0,0,7,2,2,10,horsechange_3451,,
2629,horsechange_3453,,0,0,7,2,2,10,horsechange_3453,,
2630,horsechange_3453_1,,0,0,7,2,2,10,horsechange_3453_1,,
2631,horsechange_3464,,0,0,7,2,2,10,horsechange_3464,,
2632,horsechange_3464_1,,0,0,7,2,2,10,horsechange_3464_1,,
2633,horsechange_3466_1,,0,0,7,2,2,10,horsechange_3466_1,,
2634,horsechange_3468,,0,0,7,2,2,10,horsechange_3468,,
2635,horsechange_3468_1,,0,0,7,2,2,10,horsechange_3468_1,,
2636,horsechange_3473,,0,0,7,2,2,10,horsechange_3473,,
2637,horsechange_3475,,0,0,7,2,2,10,horsechange_3475,,
2638,horsechange_3477,,0,0,7,2,2,10,horsechange_3477,,
2639,horsechange_attack,,0,0,7,2,2,10,horsechange_attack,,
2640,horsechange_missile,,0,0,7,2,2,10,horsechange_missile,,
2641,item_10119,,0,0,7,2,2,10,item_10119,,
2642,item_10120,,0,0,7,2,2,10,item_10120,,
2643,item_10121,,0,0,7,2,2,10,item_10121,,
2644,item_11582_tail,,0,0,7,2,2,10,item_11582_tail,,
2645,item_11585_tail,,0,0,7,2,2,10,item_11585_tail,,
2646,item_11587_tail,,0,0,7,2,2,10,item_11587_tail,,
2647,item_11589_tail,,0,0,7,2,2,10,item_11589_tail,,
2648,item_11590_tail,,0,0,7,2,2,10,item_11590_tail,,
2649,item_11591,,0,0,7,2,2,10,item_11591,,
2650,item_12011,,0,0,7,2,2,10,item_12011,,
2651,item_12253_shut,,0,0,7,2,2,10,item_12253_shut,,
2652,item_12280_shut,,0,0,7,2,2,10,item_12280_shut,,
2653,item_12299_2,,0,0,7,2,2,10,item_12299_2,,
2654,item_100068_xs,,0,0,7,2,2,10,item_100068_xs,,
2655,item_110035_nl,,0,0,7,2,2,10,item_110035_nl,,
2656,item_chongci,,0,0,7,2,2,10,item_chongci,,
2657,item_guangquan,,0,0,7,2,2,10,item_guangquan,,
2658,item_hudun,,0,0,7,2,2,10,item_hudun,,
2659,item_lanqiuxuli,,0,0,7,2,2,10,item_lanqiuxuli,,
2660,item_up1,,0,0,7,2,2,10,item_up1,,
2661,jet_62,,0,0,7,2,2,10,jet_62,,
2662,jet_63,,0,0,7,2,2,10,jet_63,,
2663,jet_64,,0,0,7,2,2,10,jet_64,,
2664,jet_65,,0,0,7,2,2,10,jet_65,,
2665,lanpinzhi_1,,0,0,7,2,2,10,lanpinzhi_1,,
2666,lanpinzhi_2,,0,0,7,2,2,10,lanpinzhi_2,,
2667,lanpinzhi_3,,0,0,7,2,2,10,lanpinzhi_3,,
2668,lanpinzhi_4,,0,0,7,2,2,10,lanpinzhi_4,,
2669,lanpinzhi_5,,0,0,7,2,2,10,lanpinzhi_5,,
2670,lanpinzhi_6,,0,0,7,2,2,10,lanpinzhi_6,,
2671,Light99,,0,0,7,2,2,10,Light99,,
2672,Light123,,0,0,7,2,2,10,Light123,,
2673,Light140,,0,0,7,2,2,10,Light140,,
2674,Light159,,0,0,7,2,2,10,Light159,,
2675,light160,,0,0,7,2,2,10,light160,,
2676,lowattack,,0,0,7,2,2,10,lowattack,,
2677,lowdefence,,0,0,7,2,2,10,lowdefence,,
2678,lowefficiency,,0,0,7,2,2,10,lowefficiency,,
2679,mediumattack,,0,0,7,2,2,10,mediumattack,,
2680,mediumdefence,,0,0,7,2,2,10,mediumdefence,,
2681,mediumefficiency,,0,0,7,2,2,10,mediumefficiency,,
2682,mob_3200_bubble_do,,0,0,7,2,2,10,mob_3200_bubble_do,,
2683,mob_3200_bubble_need,,0,0,7,2,2,10,mob_3200_bubble_need,,
2684,mob_3200_craft,,0,0,7,2,2,10,mob_3200_craft,,
2685,mob_3200_exclaim,,0,0,7,2,2,10,mob_3200_exclaim,,
2686,mob_3200_freedom1,,0,0,7,2,2,10,mob_3200_freedom1,,
2687,mob_3200_freedom2,,0,0,7,2,2,10,mob_3200_freedom2,,
2688,mob_3200_happy,,0,0,7,2,2,10,mob_3200_happy,,
2689,mob_3200_hostile,,0,0,7,2,2,10,mob_3200_hostile,,
2690,mob_3200_hungery,,0,0,7,2,2,10,mob_3200_hungery,,
2691,mob_3200_music,,0,0,7,2,2,10,mob_3200_music,,
2692,mob_3200_question,,0,0,7,2,2,10,mob_3200_question,,
2693,mob_3200_tired,,0,0,7,2,2,10,mob_3200_tired,,
2694,mob_3407_2,,0,0,7,2,2,10,mob_3407_2,,
2695,mob_100068_boss_xs,,0,0,7,2,2,10,mob_100068_boss_xs,,
2696,mob_100068_bosscj,,0,0,7,2,2,10,mob_100068_bosscj,,
2697,mob_100068_bossRoar,,0,0,7,2,2,10,mob_100068_bossRoar,,
2698,mob_100068_cc,,0,0,7,2,2,10,mob_100068_cc,,
2699,mob_100068_csxl,,0,0,7,2,2,10,mob_100068_csxl,,
2700,mob_100068_hd,,0,0,7,2,2,10,mob_100068_hd,,
2701,mob_100068_hd2,,0,0,7,2,2,10,mob_100068_hd2,,
2702,mob_100068_hq1,,0,0,7,2,2,10,mob_100068_hq1,,
2703,mob_100068_hq2,,0,0,7,2,2,10,mob_100068_hq2,,
2704,mob_100068_hq3,,0,0,7,2,2,10,mob_100068_hq3,,
2705,mob_100068_hq4,,0,0,7,2,2,10,mob_100068_hq4,,
2706,mob_100068_hq5,,0,0,7,2,2,10,mob_100068_hq5,,
2707,mob_100068_xr,,0,0,7,2,2,10,mob_100068_xr,,
2708,mob_100068_zh,,0,0,7,2,2,10,mob_100068_zh,,
2709,nianshou_huoyan1,,0,0,7,2,2,10,nianshou_huoyan1,,
2710,nianshou_huoyan2,,0,0,7,2,2,10,nianshou_huoyan2,,
2711,nianshou_paoxiao,,0,0,7,2,2,10,nianshou_paoxiao,,
2712,Note91,,0,0,7,2,2,10,Note91,,
2713,Note92,,0,0,7,2,2,10,Note92,,
2714,protection,,0,0,7,2,2,10,protection,,
2715,Rainbow93,,0,0,7,2,2,10,Rainbow93,,
2716,reward,,0,0,7,2,2,10,reward,,
2717,reward00,,0,0,7,2,2,10,reward00,,
2718,reward02,,0,0,7,2,2,10,reward02,,
2719,reward2,,0,0,7,2,2,10,reward2,,
2720,reward03,,0,0,7,2,2,10,reward03,,
2721,reward3,,0,0,7,2,2,10,reward3,,
2722,reward04,,0,0,7,2,2,10,reward04,,
2723,reward4,,0,0,7,2,2,10,reward4,,
2724,sandworm_gun_growl,,0,0,7,2,2,10,sandworm_gun_growl,,
2725,screw_fly,,0,0,7,2,2,10,screw_fly,,
2726,sea_01_bianshen,,0,0,7,2,2,10,sea_01_bianshen,,
2727,sea_03_fumo,,0,0,7,2,2,10,sea_03_fumo,,
2728,sea_06_zidan,,0,0,7,2,2,10,sea_06_zidan,,
2729,sea_09_huahuanpohuai,,0,0,7,2,2,10,sea_09_huahuanpohuai,,
2730,sea_24_dianji,,0,0,7,2,2,10,sea_24_dianji,,
2731,sea_26_flight,,0,0,7,2,2,10,sea_26_flight,,
2732,sea_31_qianfu,,0,0,7,2,2,10,sea_31_qianfu,,
2733,sea_32_fire ,,0,0,7,2,2,10,sea_32_fire ,,
2734,sea_33_fire ,,0,0,7,2,2,10,sea_33_fire ,,
2735,sea_34_fire ,,0,0,7,2,2,10,sea_34_fire ,,
2736,sea_38_kongqiqiu,,0,0,7,2,2,10,sea_38_kongqiqiu,,
2737,sea_41_dianji,,0,0,7,2,2,10,sea_41_dianji,,
2738,Shoot103,,0,0,7,2,2,10,Shoot103,,
2739,shop_unlock_05,,0,0,7,2,2,10,shop_unlock_05,,
2740,shop_unlock_zi,,0,0,7,2,2,10,shop_unlock_zi,,
2741,shou02,,0,0,7,2,2,10,shou02,,
2742,skin80_body,,0,0,7,2,2,10,skin80_body,,
2743,skin80_showup,,0,0,7,2,2,10,skin80_showup,,
2744,skin81_body,,0,0,7,2,2,10,skin81_body,,
2745,skin81_showup,,0,0,7,2,2,10,skin81_showup,,
2746,skin82_body,,0,0,7,2,2,10,skin82_body,,
2747,skin82_showup,,0,0,7,2,2,10,skin82_showup,,
2748,Star159,,0,0,7,2,2,10,Star159,,
2749,start150,,0,0,7,2,2,10,start150,,
2750,Sunshine93,,0,0,7,2,2,10,Sunshine93,,
2751,swan_fly,,0,0,7,2,2,10,swan_fly,,
2752,tear,,0,0,7,2,2,10,tear,,
2753,Throw172,,0,0,7,2,2,10,Throw172,,
2754,ui_3898_1,,0,0,7,2,2,10,ui_3898_1,,
2755,ui_penqi,,0,0,7,2,2,10,ui_penqi,,
2756,Wings124,,0,0,7,2,2,10,Wings124,,
2757,zipinzhi_1,,0,0,7,2,2,10,zipinzhi_1,,
2758,zipinzhi_2,,0,0,7,2,2,10,zipinzhi_2,,
2759,zipinzhi_3,,0,0,7,2,2,10,zipinzhi_3,,
2760,zipinzhi_4,,0,0,7,2,2,10,zipinzhi_4,,
2761,zipinzhi_5,,0,0,7,2,2,10,zipinzhi_5,,
2762,zipinzhi_6,,0,0,7,2,2,10,zipinzhi_6,,
2763,128_yanhua1,,0,0,7,1,2,10,128_yanhua1,,
2764,128_yanhua2,,0,0,7,1,2,10,128_yanhua2,,
2765,916_experience_1,,0,0,7,1,2,10,916_experience_1,,
2766,12754,,0,0,7,1,2,10,12754,,
2767,12837,,0,0,7,1,2,10,12837,,
2768,12839,,0,0,7,1,2,10,12839,,
2769,140047_3,,0,0,7,1,2,10,140047_3,,
2770,140048_3,,0,0,7,1,2,10,140048_3,,
2771,140049_3,,0,0,7,1,2,10,140049_3,,
2772,140050_3,,0,0,7,1,2,10,140050_3,,
2773,140051_3,,0,0,7,1,2,10,140051_3,,
2774,140052_3,,0,0,7,1,2,10,140052_3,,
2775,140053_3,,0,0,7,1,2,10,140053_3,,
2776,140054_3,,0,0,7,1,2,10,140054_3,,
2777,140055_3,,0,0,7,1,2,10,140055_3,,
2778,140061_3,,0,0,7,1,2,10,140061_3,,
2779,140077_3,,0,0,7,1,2,10,140077_3,,
2780,140078_3,,0,0,7,1,2,10,140078_3,,
2781,140083_3,,0,0,7,1,2,10,140083_3,,
2782,140084_3,,0,0,7,1,2,10,140084_3,,
2783,140085_3,,0,0,7,1,2,10,140085_3,,
2784,140089_3,,0,0,7,1,2,10,140089_3,,
2785,140102_3,,0,0,7,1,2,10,140102_3,,
2786,140105_3,,0,0,7,1,2,10,140105_3,,
2787,140107_3,,0,0,7,1,2,10,140107_3,,
2788,140109_3,,0,0,7,1,2,10,140109_3,,
2789,140110_3,,0,0,7,1,2,10,140110_3,,
2790,140112_3,,0,0,7,1,2,10,140112_3,,
2791,140114_3,,0,0,7,1,2,10,140114_3,,
2792,140118_3,,0,0,7,1,2,10,140118_3,,
2793,140119_3,,0,0,7,1,2,10,140119_3,,
2794,140121_3,,0,0,7,1,2,10,140121_3,,
2795,140125_4,,0,0,7,1,2,10,140125_4,,
2796,140126_3,,0,0,7,1,2,10,140126_3,,
2797,140127_3,,0,0,7,1,2,10,140127_3,,
2798,140128_3,,0,0,7,1,2,10,140128_3,,
2799,140129_3,,0,0,7,1,2,10,140129_3,,
2800,140130_3,,0,0,7,1,2,10,140130_3,,
2801,140131_3,,0,0,7,1,2,10,140131_3,,
2802,140132_3,,0,0,7,1,2,10,140132_3,,
2803,140133_3,,0,0,7,1,2,10,140133_3,,
2804,140134_3,,0,1,7,1,2,10,140134_3,,
2805,140138_3,,0,0,7,1,2,10,140138_3,,
2806,140146_3,,0,0,7,1,2,10,140146_3,,
2807,140148_3,,0,0,7,1,2,10,140148_3,,
2808,140149_3,,0,0,7,1,2,10,140149_3,,
2809,140153_3,,0,0,7,1,2,10,140153_3,,
2810,140154_3,,0,0,7,1,2,10,140154_3,,
2811,140159_3,,0,0,7,1,2,10,140159_3,,
2812,140160_3,,0,0,7,1,2,10,140160_3,,
2813,140166_3,,0,0,7,1,2,10,140166_3,,
2814,140170_3,,0,0,7,1,2,10,140170_3,,
2815,140171_3,,0,0,7,1,2,10,140171_3,,
2816,140176_3,,0,0,7,1,2,10,140176_3,,
2817,140180_3,,0,0,7,1,2,10,140180_3,,
2818,140181_3,,0,0,7,1,2,10,140181_3,,
2819,140184_3,,0,0,7,1,2,10,140184_3,,
2820,140185_3,,0,0,7,1,2,10,140185_3,,
2821,140186_3,,0,0,7,1,2,10,140186_3,,
2822,140187_3,,0,0,7,1,2,10,140187_3,,
2823,140191_3,,0,0,7,1,2,10,140191_3,,
2824,140196_3,,0,0,7,1,2,10,140196_3,,
2825,140198_3,,0,0,7,1,2,10,140198_3,,
2826,140200_3,,0,0,7,1,2,10,140200_3,,
2827,140201_3,,0,0,7,1,2,10,140201_3,,
2828,140204_3,,0,0,7,1,2,10,140204_3,,
2829,140205_3,,0,0,7,1,2,10,140205_3,,
2830,140211_3,,0,0,7,1,2,10,140211_3,,
2831,140218_3,,0,0,7,1,2,10,140218_3,,
2832,140219_3,,0,0,7,1,2,10,140219_3,,
2833,140220_3,,0,0,7,1,2,10,140220_3,,
2834,140222_3,,0,0,7,1,2,10,140222_3,,
2835,140229_3,,0,0,7,1,2,10,140229_3,,
2836,140232_3,,0,0,7,1,2,10,140232_3,,
2837,140233_3,,0,0,7,1,2,10,140233_3,,
2838,140245_3,,0,0,7,1,2,10,140245_3,,
2839,140248_3,,0,0,7,1,2,10,140248_3,,
2840,140250_3,,0,0,7,1,2,10,140250_3,,
2841,140257_3,,0,0,7,1,2,10,140257_3,,
2842,140260_3,,0,0,7,1,2,10,140260_3,,
2843,140267_3,,0,0,7,1,2,10,140267_3,,
2844,140282_2,,0,0,7,1,2,10,140282_2,,
2845,140282_3,,0,0,7,1,2,10,140282_3,,
2846,140292_3,,0,0,7,1,2,10,140292_3,,
2847,140293_3,,0,0,7,1,2,10,140293_3,,
2848,140298_3,,0,0,7,1,2,10,140298_3,,
2849,140309_3,,0,0,7,1,2,10,140309_3,,
2850,140310_3,,0,0,7,1,2,10,140310_3,,
2851,140313_3,,0,0,7,1,2,10,140313_3,,
2852,140321_3,,0,0,7,1,2,10,140321_3,,
2853,140322_3,,0,0,7,1,2,10,140322_3,,
2854,140323_3,,0,0,7,1,2,10,140323_3,,
2855,150012_3,,0,0,7,1,2,10,150012_3,,
2856,150015_3,,0,0,7,1,2,10,150015_3,,
2857,150018_3,,0,0,7,1,2,10,150018_3,,
2858,150021_3,,0,0,7,1,2,10,150021_3,,
2859,150024_3,,0,0,7,1,2,10,150024_3,,
2860,150027_3,,0,0,7,1,2,10,150027_3,,
2861,150030_3,,0,0,7,1,2,10,150030_3,,
2862,150033_3,,0,0,7,1,2,10,150033_3,,
2863,150036_3,,0,0,7,1,2,10,150036_3,,
2864,150039_3,,0,0,7,1,2,10,150039_3,,
2865,150042_3,,0,0,7,1,2,10,150042_3,,
2866,150045_3,,0,0,7,1,2,10,150045_3,,
2867,150048_3,,0,0,7,1,2,10,150048_3,,
2868,150072_3,,0,0,7,1,2,10,150072_3,,
2869,150075_3,,0,0,7,1,2,10,150075_3,,
2870,150078_3,,0,0,7,1,2,10,150078_3,,
2871,150081_3,,0,0,7,1,2,10,150081_3,,
2872,150084_3,,0,0,7,1,2,10,150084_3,,
2873,150087_3,,0,0,7,1,2,10,150087_3,,
2874,150090_3,,0,0,7,1,2,10,150090_3,,
2875,150093_3,,0,0,7,1,2,10,150093_3,,
2876,150096_3,,0,0,7,1,2,10,150096_3,,
2877,absorb_claws,,0,0,7,1,2,10,absorb_claws,,
2878,aotu_xun,,0,1,7,1,2,10,aotu_xun,,
2879,bilu_wood,,0,0,7,1,2,10,bilu_wood,,
2880,boli,,0,0,7,1,2,10,boli,,
2881,boli2,,0,0,7,1,2,10,boli2,,
2882,boss_10068_chlz,,0,0,7,1,2,10,boss_10068_chlz,,
2883,boss_10068_delivery,,0,0,7,1,2,10,boss_10068_delivery,,
2884,bossblock1_room,,0,0,7,1,2,10,bossblock1_room,,
2885,Break107,,0,0,7,1,2,10,Break107,,
2886,crab_destroy,,0,0,7,1,2,10,crab_destroy,,
2887,cursestone,,0,0,7,1,2,10,cursestone,,
2888,Delivery158,,0,0,7,1,2,10,Delivery158,,
2889,Delivery159,,0,0,7,1,2,10,Delivery159,,
2890,feng_1,,0,0,7,1,2,10,feng_1,,
2891,glow,,0,0,7,1,2,10,glow,,
2892,gu_omod,,0,0,7,1,2,10,gu_omod,,
2893,hand2,,0,0,7,1,2,10,hand2,,
2894,home_pollen,,0,0,7,1,2,10,home_pollen,,
2895,home_pollen1,,0,0,7,1,2,10,home_pollen1,,
2896,horse_3454_1,,0,0,7,1,2,10,horse_3454_1,,
2897,horse_3454_2,,0,0,7,1,2,10,horse_3454_2,,
2898,horse_3478_callstar_fire,,0,0,7,1,2,10,horse_3478_callstar_fire,,
2899,huoyan_long,,0,0,7,1,2,10,huoyan_long,,
2900,item_584,,0,0,7,1,2,10,item_584,,
2901,item_1168,,0,0,7,1,2,10,item_1168,,
2902,item_1200_aroma,,0,0,7,1,2,10,item_1200_aroma,,
2903,item_1200_bigfire,,0,0,7,1,2,10,item_1200_bigfire,,
2904,item_1200_middlefire,,0,0,7,1,2,10,item_1200_middlefire,,
2905,item_1200_smallfire,,0,0,7,1,2,10,item_1200_smallfire,,
2906,item_1200_smoke,,0,0,7,1,2,10,item_1200_smoke,,
2907,item_1200_spark,,0,0,7,1,2,10,item_1200_spark,,
2908,item_11582_tuowei,,0,0,7,1,2,10,item_11582_tuowei,,
2909,item_11585_tuowei,,0,0,7,1,2,10,item_11585_tuowei,,
2910,item_11586_tuowei,,0,0,7,1,2,10,item_11586_tuowei,,
2911,item_11587_tuowei,,0,0,7,1,2,10,item_11587_tuowei,,
2912,item_11589_tuowei,,0,0,7,1,2,10,item_11589_tuowei,,
2913,item_11590_tuowei,,0,0,7,1,2,10,item_11590_tuowei,,
2914,item_12299_1,,0,0,7,1,2,10,item_12299_1,,
2915,item_15508,,0,0,7,1,2,10,item_15508,,
2916,item_boss_yujing,,0,0,7,1,2,10,item_boss_yujing,,
2917,item_boss_yujing2,,0,0,7,1,2,10,item_boss_yujing2,,
2918,item_fang,,0,0,7,1,2,10,item_fang,,
2919,item_fuhuo,,0,0,7,1,2,10,item_fuhuo,,
2920,item_guangquan_1,,0,0,7,1,2,10,item_guangquan_1,,
2921,item_guangquan_lan,,0,0,7,1,2,10,item_guangquan_lan,,
2922,item_jitan_huo,,0,0,7,1,2,10,item_jitan_huo,,
2923,item_jitan_qiu,,0,1,7,1,2,10,item_jitan_qiu,,
2924,item_lizi_huang,,0,0,7,1,2,10,item_lizi_huang,,
2925,item_lizi_lan,,0,0,7,1,2,10,item_lizi_lan,,
2926,item_qidong,,0,0,7,1,2,10,item_qidong,,
2927,item_staffgather_cure,,0,0,7,1,2,10,item_staffgather_cure,,
2928,item_staffgather_fire,,0,0,7,1,2,10,item_staffgather_fire,,
2929,item_staffgather_normal,,0,0,7,1,2,10,item_staffgather_normal,,
2930,item_staffgather_poison,,0,0,7,1,2,10,item_staffgather_poison,,
2931,item_staffgather_thunder,,0,0,7,1,2,10,item_staffgather_thunder,,
2932,item_tiaodai,,0,0,7,1,2,10,item_tiaodai,,
2933,item_ui_get,,0,0,7,1,2,10,item_ui_get,,
2934,item_ui_get1,,0,0,7,1,2,10,item_ui_get1,,
2935,item_xfuhuo,,0,0,7,1,2,10,item_xfuhuo,,
2936,item_xingzhan_ds,,0,0,7,1,2,10,item_xingzhan_ds,,
2937,item_xingzhan_zb,,0,0,7,1,2,10,item_xingzhan_zb,,
2938,item_yanjiang,,0,0,7,1,2,10,item_yanjiang,,
2939,jiayuan_mh_03,,0,0,7,1,2,10,jiayuan_mh_03,,
2940,jin,,0,0,7,1,2,10,jin,,
2941,jytlizi,,0,0,7,1,2,10,jytlizi,,
2942,jyttuowei,,0,0,7,1,2,10,jyttuowei,,
2943,lan,,0,0,7,1,2,10,lan,,
2944,LithiumBoard,,0,0,7,1,2,10,LithiumBoard,,
2945,LithiumBoard2,,0,0,7,1,2,10,LithiumBoard2,,
2946,manghe_1,,0,1,7,1,2,10,manghe_1,,
2947,mechBird87,,0,0,7,1,2,10,mechBird87,,
2948,mist,,0,0,7,1,2,10,mist,,
2949,mob_3200_agonal,,0,0,7,1,2,10,mob_3200_agonal,,
2950,mob_3200_betray,,0,0,7,1,2,10,mob_3200_betray,,
2951,mob_3200_die,,0,0,7,1,2,10,mob_3200_die,,
2952,mob_3200_make,,0,0,7,1,2,10,mob_3200_make,,
2953,mob_3200_normal,,0,0,7,1,2,10,mob_3200_normal,,
2954,mob_100068_bosssw,,0,0,7,1,2,10,mob_100068_bosssw,,
2955,Mountain117,,0,0,7,1,2,10,Mountain117,,
2956,niudanji,,0,0,7,1,2,10,niudanji,,
2957,portal_boom,,0,0,7,1,2,10,portal_boom,,
2958,qiyuan,,0,0,7,1,2,10,qiyuan,,
2959,sea_02_shandianlian,,0,0,7,1,2,10,sea_02_shandianlian,,
2960,sea_04_baozha,,0,0,7,1,2,10,sea_04_baozha,,
2961,sea_05_fashe,,0,0,7,1,2,10,sea_05_fashe,,
2962,sea_07_shouji,,0,0,7,1,2,10,sea_07_shouji,,
2963,sea_11_baozha,,0,0,7,1,2,10,sea_11_baozha,,
2964,sea_14_kaishui,,0,0,7,1,2,10,sea_14_kaishui,,
2965,sea_15_diaoyu,,0,0,7,1,2,10,sea_15_diaoyu,,
2966,sea_16_diaoyu,,0,0,7,1,2,10,sea_16_diaoyu,,
2967,sea_17_diaoyu,,0,0,7,1,2,10,sea_17_diaoyu,,
2968,sea_18_diaoyu,,0,0,7,1,2,10,sea_18_diaoyu,,
2969,sea_19_diaoyu,,0,0,7,1,2,10,sea_19_diaoyu,,
2970,sea_20_diaoyu,,0,0,7,1,2,10,sea_20_diaoyu,,
2971,sea_25_haiou,,0,0,7,1,2,10,sea_25_haiou,,
2972,sea_26_end,,0,0,7,1,2,10,sea_26_end,,
2973,sea_26_start,,0,1,7,1,2,10,sea_26_start,,
2974,sea_32_fire,,0,0,7,1,2,10,sea_32_fire,,
2975,sea_33_fire,,0,0,7,1,2,10,sea_33_fire,,
2976,sea_33_xingshi,,0,0,7,1,2,10,sea_33_xingshi,,
2977,sea_34_fire,,0,0,7,1,2,10,sea_34_fire,,
2978,sea_34_xingshi,,0,0,7,1,2,10,sea_34_xingshi,,
2979,sea_37_haishen,,0,0,7,1,2,10,sea_37_haishen,,
2980,sea_39_baozha,,0,0,7,1,2,10,sea_39_baozha,,
2981,sea_40_baozha,,0,1,7,1,2,10,sea_40_baozha,,
2982,sea_snow,,0,0,7,1,2,10,sea_snow,,
2983,shandian,,0,0,7,1,2,10,shandian,,
2984,shazi_1,,0,0,7,1,2,10,shazi_1,,
2985,skin80_bs,,0,0,7,1,2,10,skin80_bs,,
2986,Sleep99,,0,0,7,1,2,10,Sleep99,,
2987,smoke_fire,,0,0,7,1,2,10,smoke_fire,,
2988,staffshot_cure,,0,1,7,1,2,10,staffshot_cure,,
2989,staffshot_fire,,0,1,7,1,2,10,staffshot_fire,,
2990,staffshot_normal,,0,1,7,1,2,10,staffshot_normal,,
2991,staffshot_poison,,0,1,7,1,2,10,staffshot_poison,,
2992,staffshot_thunder,,0,1,7,1,2,10,staffshot_thunder,,
2993,thruster_flam_1,,0,0,7,1,2,10,thruster_flam_1,,
2994,thruster_flam_2,,0,0,7,1,2,10,thruster_flam_2,,
2995,thruster_flam_3,,0,0,7,1,2,10,thruster_flam_3,,
2996,tornado1,,0,0,7,1,2,10,tornado1,,
2997,ui_bg_ar,,0,0,7,1,2,10,ui_bg_ar,,
2998,ui_bg_xingxing,,0,0,7,1,2,10,ui_bg_xingxing,,
2999,ui_boss_fire,,0,0,7,1,2,10,ui_boss_fire,,
3000,ui_boss_hudun,,0,0,7,1,2,10,ui_boss_hudun,,
3001,ui_choukaji,,0,0,7,1,2,10,ui_choukaji,,
3002,ui_df_ar,,0,0,7,1,2,10,ui_df_ar,,
3003,ui_fruit_activity,,0,0,7,1,2,10,ui_fruit_activity,,
3004,ui_fruit_activity1,,0,0,7,1,2,10,ui_fruit_activity1,,
3005,ui_fruit_activity2,,0,0,7,1,2,10,ui_fruit_activity2,,
3006,ui_fruit_activity3,,0,0,7,1,2,10,ui_fruit_activity3,,
3007,ui_fruit_activity4,,0,0,7,1,2,10,ui_fruit_activity4,,
3008,ui_home_coordinate,,0,0,7,1,2,10,ui_home_coordinate,,
3009,ui_jk_ar,,0,0,7,1,2,10,ui_jk_ar,,
3010,ui_jk2_ar,,0,0,7,1,2,10,ui_jk2_ar,,
3011,ui_jz_ar,,0,0,7,1,2,10,ui_jz_ar,,
3012,ui_kk_ar,,0,0,7,1,2,10,ui_kk_ar,,
3013,ui_love_xiao,,0,0,7,1,2,10,ui_love_xiao,,
3014,ui_lz_ar,,0,0,7,1,2,10,ui_lz_ar,,
3015,ui_lz2_ar,,0,0,7,1,2,10,ui_lz2_ar,,
3016,ui_qd_ar,,0,0,7,1,2,10,ui_qd_ar,,
3017,ui_sz_ar,,0,0,7,1,2,10,ui_sz_ar,,
3018,ui_xz_ar,,0,0,7,1,2,10,ui_xz_ar,,
3019,ui_xz2_ar,,0,0,7,1,2,10,ui_xz2_ar,,
3020,ui_yindao,,0,0,7,1,2,10,ui_yindao,,
3021,ui_zp_deng,,0,0,7,1,2,10,ui_zp_deng,,
3022,ui_zp_dou,,0,0,7,1,2,10,ui_zp_dou,,
3023,wutai_bai,,0,0,7,1,2,10,wutai_bai,,
3024,wutai_cheng,,0,0,7,1,2,10,wutai_cheng,,
3025,wutai_lan,,0,0,7,1,2,10,wutai_lan,,
3026,wutai_zi,,0,0,7,1,2,10,wutai_zi,,
3027,yifu,,0,0,7,1,2,10,yifu,,
3028,yindao,,0,0,7,1,2,10,yindao,,
3029,yuexiangka_changjingtexiao,,0,0,7,1,2,10,yuexiangka_changjingtexiao,,
3030,zaohuo1,,0,0,7,1,2,10,zaohuo1,,
3031,zi,,0,0,7,1,2,10,zi,,
3032,iceair,,1,1,1,3,1,10,iceair,,particles01
3033,icebreak,,1,1,2,3,2,10,icebreak,,particles02
3034,1017fire,,1,1,5,3,2,10,1017,,particles05
3035,,,1,1,7,3,2,10,1034001,,particles07
3036,,,1,1,7,3,2,10,1034002,,particles07
3037,blizzard,,1,1,6,3,2,10,changjing_baofengxue,,particles06
3038,ice_hit,,1,1,2,3,2,10,ice_bingbang_jineng,,particles02
3039,bingjingmogu_smoke_01,,1,1,1,3,2,10,ice_bingjingmogu_01_prop,,particles01
3040,bingjingmogu_smoke_02,,1,1,1,3,2,10,ice_bingjingmogu_02_prop,,particles01
3041,bingjingmogu_smoke_03,,1,1,1,3,2,10,ice_bingjingmogu_03_prop,,particles01
3042,bingshibaozha,,1,1,2,3,2,10,ice_bingshi_boss,,particles02
3043,ice_bingwuping_prop,,1,1,1,3,2,10,ice_bingwuping_prop,,particles01
3044,ice_bingwushouji_jineng,,1,1,2,3,2,10,ice_bingwushouji_jineng,,particles02
3045,ice_boss_bingdong_01,,1,1,2,3,2,10,ice_boss_bingdong_01,,particles02
3046,ice_fazhang_01,,1,1,3,3,2,10,ice_fazhang_01,,particles03
3047,ice_fazhang_prop,,1,1,7,3,2,10,ice_fazhang_prop,,particles07
3048,ice_qicaihua_01,,1,1,4,3,2,10,ice_qicaihua_01,,particles04
3049,aroma,,1,1,1,3,2,10,item_1200_aroma,,particles01
3050,item_1200_bigfire,,1,1,5,3,2,10,item_1200_bigfire,,particles05
3051,item_1200_middlefire,,1,1,5,3,2,10,item_1200_middlefire,,particles05
3052,item_1200_smallfire,,1,1,5,3,2,10,item_1200_smallfire,,particles05
3053,item_1200_smoke,,1,1,1,3,2,10,item_1200_smoke,,particles01
3054,item_12836,,1,1,2,3,2,10,item_12836,,particles02
3055,Wl_changjing_lizi,,1,1,6,3,2,10,Wl_changjing_lizi,,particles06
3056,Wl_changjing_yanwu,,1,1,1,3,2,10,Wl_changjing_yanwu,,particles01
3057,Wl_changjing_yezi,,1,1,6,3,2,10,Wl_changjing_yezi,,particles06
3058,Wl_changjing_yu1,,1,1,6,3,2,10,Wl_changjing_yu1,,particles06
3059,Wl_changjing_yu2,,1,1,6,3,2,10,Wl_changjing_yu2,,particles06
3060,Wl_jianzao_T,,1,1,2,3,2,10,Wl_jianzao_T,,particles02
3061,wl_jitan_01,,1,1,7,3,2,10,wl_jitan_01,,particles07
3062,wl_jitan_02,,1,1,7,3,2,10,wl_jitan_02,,particles07
3063,dao_xishou,,1,1,3,3,2,10,dao_xishou,,particles03
3064,dao_shifang,,1,1,3,3,2,10,dao_shifang,,particles03
3065,mao_xishou,,1,1,3,3,2,10,mao_xishou,,particles03
3066,mao_shifang,,,,3,3,2,10,mao_shifang,,particles03
3067,mao_Line,,1,1,4,3,2,10,mao_Line,,particles04
3068,nengliang_baozha,,1,1,3,3,2,10,nengliang_baozha,,particles03
3069,nengliang_xiqu,,1,1,3,3,2,10,nengliang_xiqu,,particles03
3070,nengliang_xishou,,1,1,3,3,2,10,nengliang_xishou,,particles03
3071,zhiwushenzhang,,1,1,3,3,2,10,zhiwushenzhang,,particles03
3072,xukongbuff,,1,1,3,3,2,10,buff,,particles03
3073,chuizi_shifang,,1,1,3,3,2,10,chuizi_shifang,,particles03
3074,jianqi_new,,1,1,3,3,2,10,jianqi_new,,particles03
3075,jianqi_new2,,1,1,3,3,2,10,jianqi_new2,,particles03
3076,jianqi_new_white,,1,1,3,3,2,10,jianqi_new_white,,particles03
3077,jianqi_new_white2,,1,1,3,3,2,10,jianqi_new_white2,,particles03
3078,jianqi_new_bw,,1,1,3,3,2,10,jianqi_new_bw,,particles03
3079,jianqi_new_db,,1,1,3,3,2,10,jianqi_new_db,,particles03
3080,jianqi_new_dw,,1,1,3,3,2,10,jianqi_new_dw,,particles03
3081,[水墨]云,,1,1,6,3,1,10,smoke_guohuan,,particles03
3082,[水墨]1,,1,1,6,3,1,10,shuimo1,,particles03
3083,[水墨]2,,1,1,6,3,1,10,shuimo22,,particles03
3084,[水墨]雾,,1,1,6,3,1,10,smoke_guohuan2,,particles03
3085,[水墨]雪,,1,1,6,3,1,10,guofeng_xue,,particles03
3086,[水墨]枫叶,,1,1,6,3,1,10,guofeng_fengye,,particles03
3087,[水墨]烟雾,,1,1,6,3,1,10,smoke_guohuan_3,,particles03
3088,[水墨]烟雾缭绕1,,1,1,6,3,1,10,feng_01,,particles03
3089,[水墨]烟雾缭绕2,,1,1,6,3,1,10,feng_02,,particles03
3090,新枪械生物击中特效,,1,1,4,3,1,10,Zombies_shouji,,particles03
3091,新枪械方块击中特效,,1,1,4,3,1,10,Zombies_shouji,,particles03
3092,手枪抛壳,,1,1,6,3,1,10,Zombies_zidan_01,,particles03
3093,开火,,1,1,6,3,1,10,Zombies_qiangkou_02,,particles03
3094,感染状态,,1,1,1,3,1,10,Zombies_ganran_buff,,particles03
3095,基地技能加速,,1,1,3,3,1,10,Zombies_kejiqiang_jiasu,,particles03
3096,基地技能加固,,1,1,3,3,1,10,Zombies_kejiqiang_jiagu,,particles03
3097,基地范围,,1,1,3,3,1,10,Zombies_kejiqiang,,particles03
3098,子弹轨迹特效,,1,1,6,3,1,10,Zombies_danhen_01,,particles03
3099,步枪抛壳,,1,1,6,3,1,10,Zombies_zidan_03,,particles03
3100,霰弹枪抛壳,,1,1,6,3,1,10,Zombies_penzi,,particles03
3101,基材厂特效,,1,1,6,3,1,10,Zombies_build_scc,,particles06
3102,科技农场特效,,1,1,6,3,1,10,Zombies_build_kjnc,,particles06
3103,铸造厂特效,,1,1,6,3,1,10,Zombies_build_ylc,,particles06
3104,木材厂特效,,1,1,6,3,1,10,Zombies_build_fmc,,particles06
3105,食品厂特效,,1,1,6,3,1,10,Zombies_build_spc,,particles06
3106,矿产特性,,1,1,6,3,1,10,Zombies_build_ckc,,particles06
3107,军械所特效,,1,1,6,3,1,10,Zombies_build_jxs,,particles06
3108,基地完好特效,,1,1,6,3,1,10,Zombies_build_jidi,,particles06
3109,基地破损特效,,1,1,6,3,1,10,Zombies_build_jidiposun,,particles06
3110,建材厂特效,,1,1,6,3,1,10,Zombies_build_jcc,,particles06
3111,装备工厂特效,,1,1,6,3,1,10,Zombies_build_zbgc,,particles06
3112,交易中心特效,,1,1,6,3,1,10,Zombies_build_jyzx,,particles06
3113,空投进场特效,,1,1,7,3,1,10,Zombies_kongtou_01,,particles07
3114,空投消失特效,,1,1,7,3,1,10,Zombies_kongtou_02,,particles07
3115,空投可领取物资特效,,1,1,7,3,1,10,Zombies_prop_yes,,particles07
3116,空投已领取物资特效,,1,1,7,3,1,10,Zombies_prop_no,,particles07
3117,幸存者-升级特效,,1,1,3,3,1,10,Zombies_shengji_xincunzhe,,particles03
3118,丧尸、幸存者互转特效,,1,1,1,3,2,10,Zombies_switch,,particles01
3119,僵尸死亡特效,,1,1,2,3,2,10,Zombies_siwang,,particles02
3120,自爆僵尸自爆特效,,1,1,2,3,2,10,Zombies_zibao,,particles02
3121,消防员丧尸-远程攻击特效,,1,1,4,3,2,10,Zombies_penshe,,particles04
3122,棒球手丧尸-震荡波特效,,1,1,1,3,2,10,Zombies_zhengdangbo,,particles01
3123,地勤boss-远程攻击特效,,1,1,3,3,2,10,Zombies_huangseguangshu,,particles03
3124,地勤boss-指挥左行特效,,1,1,7,3,2,10,Zombies_zuojiantou,,particles07
3125,地勤boss-指挥右行特效,,1,1,7,3,2,10,Zombies_youjiantou,,particles07
3126,地勤boss-指挥停止特效,,1,1,7,3,2,10,Zombies_jinzhi,,particles07
3127,毁灭日粒子炮蓄能发射特效,,1,1,4,3,2,10,Zombies_xuli,,particles04
3128,毁灭日-病毒扩散特效,,1,1,1,3,2,10,Zombies_bingdukuosan,,particles01
3129,步枪开火特效,,1,1,6,3,1,10,Zombies_qiangkou_03,,particles03
3130,手枪开火特效,,1,1,6,3,1,10,Zombies_qiangkou_04,,particles03
3131,霰弹枪开火特效,,1,1,6,3,1,10,Zombies_qiangkou_05,,particles03
3132,狙击枪械抛壳特效,,1,1,6,3,1,10,Zombies_zidan_02,,particles03
3133,猎杀印记,,1,1,7,3,1,10,Zombies_yinji_x,,particles07
3134,感染区,,1,1,1,3,1,10,Zombies_ganran,,particles01
3135,瘫痪状态,,1,1,7,3,1,10,Zombies_paralysis,,particles07
3136,地勤boss-蓄力完毕,,1,1,7,3,2,10,Zombies_xuliwanbi,,particles07
3137,地勤boss-蓄力,,1,1,7,3,2,10,Zombies_xuli_huang,,particles07
3138,超级直球命中,,1,1,2,3,2,10,Zombies_ball_jizhong,,particles02
3139,超级直球拖尾,,1,1,5,3,2,10,Zombies_bangqiu,,particles03
3140,感染免疫,,1,1,3,3,1,10,Zombies_baohuzhao,,particles07
3141,僵尸死亡特效2,,1,1,2,3,2,10,Zombies_siwang_1,,particles02
3142,自爆僵尸自爆预警,,1,1,2,3,2,10,Zombies_hongsejinggao,,particles02
3143,狙击枪子弹轨迹特效,,1,1,6,3,1,10,Zombies_danhen_02,,particles03
3144,降低防御力buff特效,,1,1,6,3,1,10,Zombies_jiangdibuff,,particles03
3145,烟雾弹1,,1,1,1,3,1,10,smoke_bomb_2,,particles01
3146,抛竿入水水面特效,,1,1,4,3,2,10,diaoyu_1,,
3147,鱼提钩出水水面特效(完美）水花大,,1,1,4,3,2,10,diaoyu_chushui_1,,
3148,鱼提钩出水水面特效(普通）水花小,,1,1,4,3,2,10,diaoyu_chushui_2,,
3149,鱼左右移动的水面特效，需要方向（单方向）,,1,1,4,3,1,10,diaoyu_yidong,,
3150,鱼在水里扑棱的特效（小）,,1,1,4,3,1,10,diaoyu_shuihua_2,,
3151,鱼在水里扑棱的特效（大）,,1,1,4,3,1,10,diaoyu_shuihua_1,,
3152,鱼冲刺的特效，需要方向（单方向）,,1,1,4,3,1,10,diaoyu_chongci_2,,
3153,鱼下潜的特效（水下冒泡）,,1,1,4,3,1,10,daioyu_xiaqian,,
3154,鱼下潜后被抬起的水花特效,,1,1,4,3,2,10,diaoyu_xiaqian_2,,
3155,鱼收到重大伤害的特效（以爆制暴）,,1,1,4,3,2,10,diaoyu_shouji,,
3156,鱼狂暴的特效（水面可以整夸张的特效）,,1,1,4,3,1,10,diaoyu_kuangbao_2,,
3157,钓鱼指示正确,,1,1,4,3,1,10,diaoyu_yes,,
3158,钓鱼指示错误,,1,1,4,3,1,10,diaoyu_no,,
3159,魔力弹1,法术技能特效,0,1,4,4,2,10,Skill_MagicBullet_1,,particles04
3160,魔力弹2,法术技能特效,0,1,4,4,2,10,Skill_MagicBullet_2,,particles04
3161,魔力弹3,法术技能特效,0,1,4,4,2,10,Skill_MagicBullet_3,,particles04
3162,魔力弹命中1,法术技能特效,0,1,2,4,2,10,Skill_MagicBullet_Hit_1,,particles02
3163,魔力弹命中2,法术技能特效,0,1,2,4,2,10,Skill_MagicBullet_Hit_2,,particles02
3164,魔力聚光灯,技能Buff特效,0,1,3,4,1,10,magic_spotlight,,particles03
3165,武器铭刻蓝色法术（初级）,技能特效,0,1,4,4,2,10,Skill_Engraving_Blue,,particles04
3166,武器铭刻黄色法术（初级）,技能特效,0,1,4,4,2,10,Skill_Engraving_Yellow,,particles04
3167,武器铭刻红色法术（初级）,技能特效,0,1,4,4,2,10,Skill_Engraving_Red,,particles04
3168,武器铭刻绿色法术（初级）,技能特效,0,1,4,4,2,10,Skill_Engraving_Green,,particles04
3169,武器铭刻紫色法术（初级）,技能特效,0,1,4,4,2,10,Skill_Engraving_Purple,,particles04
3170,武器铭刻无色法术（初级）,技能特效,0,1,4,4,2,10,Skill_Engraving_Gray,,particles04
3171,武器铭刻蓝色法术（高级）,技能特效,0,1,4,4,2,10,Skill_Engraving_Blue_High,,particles04
3172,武器铭刻黄色法术（高级）,技能特效,0,1,4,4,2,10,Skill_Engraving_Yellow_High,,particles04
3173,武器铭刻红色法术（高级）,技能特效,0,1,4,4,2,10,Skill_Engraving_Red_High,,particles04
3174,武器铭刻绿色法术（高级）,技能特效,0,1,4,4,2,10,Skill_Engraving_Green_High,,particles04
3175,武器铭刻无色法术（高级）,技能特效,0,1,4,4,2,10,Skill_Engraving_Gray_High,,particles04
3176,武器铭刻紫色法术（高级）,技能特效,0,1,4,4,2,10,Skill_Engraving_Purple_High,,particles04
3200,工作中,,1,1,4,3,1,10,JuiceTech_Effect_processing,,
3201,工作完成,,1,1,4,3,3,10,JuiceTech_Effect_processed,,
3202,获取,,1,1,4,3,2,10,JuiceTech_Effect_gain,,
3203,方块特效2,,1,1,7,3,1,10,zf_item_9_1,,
3204,彩虹拖尾,,0,0,7,4,1,10,Milk_rainbow,,
5000,发光蝴蝶,,1,1,4,3,1,10,2020001,,particles08
5001,发光蝴蝶,,1,1,4,3,1,10,2020002,,particles08
5002,发光蝴蝶,,1,1,4,3,1,10,2020003,,particles08
5003,白掉落物光束,,1,1,3,3,1,10,white_glow,,particles08
5004,绿掉落物光束,,1,1,3,3,1,10,green_glow,,particles08
5005,蓝掉落物光束,,1,1,3,3,1,10,Blue_glow,,particles08
5006,紫掉落物光束,,1,1,3,3,1,10,Violet_glow,,particles08
5007,橙掉落物光束,,1,1,3,3,1,10,Orange_glow,,particles08
5008,红掉落物光束,,1,1,3,3,1,10,Red_glow,,particles08
5009,祈天灯,,0,0,3,3,1,10,scene_firework_qitiandeng,,particles08
5010,四叶飞舞,,0,0,3,3,1,10,scene_firework_siyecao,,particles08
5011,花火之恋,,0,0,3,3,1,10,scene_firework_xinxingyanhua,,particles08
5012,许愿流星雨,,0,0,3,3,1,10,scene_firework_liuxingxuyuan,,particles08
5013,樱花飞舞,,0,0,3,3,1,10,scene_firework_fensehuaban,,particles08
5014,天涯共此时,,0,0,3,3,1,10,scene_firework_tianyagongcishi,,particles08
5020,洋葱boss--翻滚蓄力的预警特效,,1,1,3,3,1,10,boss_onion_chongci_yujing,,particles08
5021,洋葱boss--翻滚过程中的尾气特效,,1,1,3,3,1,10,boss_onion_chongci,,particles08
5022,洋葱boss--低威胁蓄力的时候在生物身上的预警特效,,1,1,3,3,1,10,boss_onion_xuli_di,,particles08
5023,洋葱boss--高威胁蓄力的时候在生物身上的预警特效,,1,1,3,3,1,10,boss_onion_xuli_gao.,,particles08
5050,冲刺,,1,1,3,3,2,10,dash_light_normal,,particles08
5051,精闪,,1,1,3,3,2,10,dash_light_perfect,,particles08
5052,精闪残影,,1,1,3,3,2,10,dash_afterimage,,particles08
5053,番茄枪释放特效,,1,1,3,3,2,10,tomato_qiangkou_1,,particles08
5054,番茄雨特效,,1,1,4,3,2,10,tomato_yu,,particles08
5055,番茄雨云特效,,1,1,1,3,2,10,tomato_yu,,particles08
5056,洋葱boss--投掷物1飞行特效,,1,1,3,3,1,10,boss_onion_touzhiwu_01,,particles08
5057,洋葱boss--投掷物1命中特效,,1,1,3,3,1,10,boss_onion_shouji,,particles08
5058,洋葱boss--爆炸液体弹飞行特效,,1,1,3,3,1,10,boss_onion_touzhiwu_02,,particles08
5059,洋葱boss--爆炸液体弹爆炸特效,,1,1,3,3,1,10,boss_onion_baozha,,particles08
5060,洋葱boss--爆炸液体弹预警特效,,1,1,3,3,1,10,boss_onion_baozha_yujing,,particles08
5061,洋葱boss--毒气弹毒区特效,,1,1,3,3,1,10,boss_onion_duqu,,particles08
5062,洋葱boss--毒气弹飞行特效,,1,1,3,3,1,10,boss_onion_touzhiwu_03,,particles08
5063,番茄枪枪口特效,,1,1,3,3,2,10,tomato_qiangkou_2,,particles08
5064,开火,,1,1,5,3,1,10,Gun_qiangkou_02,,particles03
5065,步枪开火特效,,1,1,5,3,1,10,Gun_qiangkou_03,,particles03
5066,手枪开火特效,,1,1,5,3,1,10,Gun_qiangkou_04,,particles03
5067,霰弹枪开火特效,,1,1,5,3,1,10,Gun_qiangkou_05,,particles03
5068,手枪抛壳,,1,1,4,3,1,10,Gun_zidan_01,,particles03
5069,步枪抛壳,,1,1,4,3,1,10,Gun_zidan_03,,particles03
5070,霰弹枪抛壳,,1,1,4,3,1,10,Gun_penzi,,particles03
5071,狙击枪械抛壳特效,,1,1,4,3,1,10,Gun_zidan_02,,particles03
5072,子弹轨迹特效,,1,1,3,3,1,10,Gun_danhen_01,,particles03
5073,BS_shandian,,1,1,4,3,1,10,BS_shandian,,particles03
5074,Elemental_effect_Fcharge1,,1,1,4,3,1,10,Elemental_effect_Fcharge1,,particles03
5075,Elemental_effect_Fhit1,,1,1,4,3,1,10,Elemental_effect_Fhit1,,particles03
5076,Elemental_effect_Fnuike1,,1,1,4,3,1,10,Elemental_effect_Fnuike1,,particles03
5077,Elemental_effect_Fround1,,1,1,4,3,1,10,Elemental_effect_Fround1,,particles03
5078,Elemental_effect_Icharge1,,1,1,4,3,1,10,Elemental_effect_Icharge1,,particles03
5079,Elemental_effect_Ihit1,,1,1,4,3,1,10,Elemental_effect_Ihit1,,particles03
5080,Elemental_effect_Inuike1,,1,1,4,3,1,10,Elemental_effect_Inuike1,,particles03
5081,Elemental_effect_Iround1,,1,1,4,3,1,10,Elemental_effect_Iround1,,particles03
5082,Elemental_effect_Ncharge1,,1,1,4,3,1,10,Elemental_effect_Ncharge1,,particles03
5083,Elemental_effect_Nhit1,,1,1,4,3,1,10,Elemental_effect_Nhit1,,particles03
5084,Elemental_effect_Nnuike1,,1,1,4,3,1,10,Elemental_effect_Nnuike1,,particles03
5085,Elemental_effect_Nround1,,1,1,4,3,1,10,Elemental_effect_Nround1,,particles03
5086,Elemental_effect_Pcharge1,,1,1,4,3,1,10,Elemental_effect_Pcharge1,,particles03
5087,Elemental_effect_Phit1,,1,1,4,3,1,10,Elemental_effect_Phit1,,particles03
5088,Elemental_effect_Pnuike1,,1,1,4,3,1,10,Elemental_effect_Pnuike1,,particles03
5089,Elemental_effect_Pround1,,1,1,4,3,1,10,Elemental_effect_Pround1,,particles03
5090,FamousSwords_JN_texiao1,,1,1,4,3,1,10,FamousSwords_JN_texiao1,,particles03
5091,FamousSwords_JN_texiao2,,1,1,4,3,1,10,FamousSwords_JN_texiao2,,particles03
5092,FamousSwords_JN_texiao3,,1,1,4,3,1,10,FamousSwords_JN_texiao3,,particles03
5093,FamousSwords_JN_texiao4,,1,1,4,3,1,10,FamousSwords_JN_texiao4,,particles03
5094,FamousSwords_JN_texiao5,,1,1,4,3,1,10,FamousSwords_JN_texiao5,,particles03
5095,FamousSwords_YS_texiao1,,1,1,4,3,1,10,FamousSwords_YS_texiao1,,particles03
5096,FamousSwords_YS_texiao2,,1,1,4,3,1,10,FamousSwords_YS_texiao2,,particles03
5097,FamousSwords_YS_texiao3,,1,1,4,3,1,10,FamousSwords_YS_texiao3,,particles03
5098,FamousSwords_YS_texiao4,,1,1,4,3,1,10,FamousSwords_YS_texiao4,,particles03
5099,FamousSwords_YS_texiao5,,1,1,4,3,1,10,FamousSwords_YS_texiao5,,particles03
5100,FamousSwords_YS_texiao6,,1,1,4,3,1,10,FamousSwords_YS_texiao6,,particles03
5101,FamousSwords_YS_texiao7,,1,1,4,3,1,10,FamousSwords_YS_texiao7,,particles03
5102,FamousSwords_YS_texiao8,,1,1,4,3,1,10,FamousSwords_YS_texiao8,,particles03
5103,FamousSwords_JN_texiao6,,1,1,4,3,1,10,FamousSwords_JN_texiao6,,particles03
5104,Endless_Effect_BlueSilverGrass,,1,1,3,3,1,10,Endless_Effect_BlueSilverGrass,,particles03
5105,Endless_Effect_HaoTianHammers,,1,1,3,3,1,10,Endless_Effect_HaoTianHammers,,particles03
5106,Endless_Effect_QiBaoLiTa,,1,1,3,3,1,10,Endless_Effect_QiBaoLiTa,,particles03
5107,Endless_Effect_LightFeatherBow,,1,1,3,3,1,10,Endless_Effect_LightFeatherBow,,particles03
5108,Endless_Effect_AngelSword,,1,1,3,3,1,10,Endless_Effect_AngelSword,,particles03
5109,Endless_Effect_AngelSwordSkill,,1,1,3,3,1,10,Endless_Effect_AngelSwordSkill,,particles03
5110,Endless_Effect_RakshaSickle,,1,1,3,3,1,10,Endless_Effect_RakshaSickle,,particles03
5111,newjiguang,,1,1,3,3,1,10,newjiguang,,particles03
5112,duyebaozha,,1,1,3,3,1,10,duyebaozha,,particles03
5113,firefeng,,1,1,3,3,1,10,firefeng,,particles03
5114,Penshi,,1,1,3,3,1,10,Penshi,,particles03
5115,machinery_rotate,机械方块旋转方向,1,1,7,3,1,10,machinery_rotate,,particles03
5116,machinery_fault_01,动力源故障烟雾,1,1,1,3,1,10,machinery_fault_01,,particles03
5117,machinery_wheel_spark,动物轮-高速工作火花,1,1,3,3,1,10,machinery_wheel_spark,,particles03
5118,machinery_wheel_zzz,动物轮-生物休息zzz,1,1,6,3,1,10,machinery_wheel_zzz,,particles03
5119,machinery_fengche_work,风车-高速工作火花,1,1,3,3,1,10,machinery_fengche_work,,particles03
5120,machinery_fengche_feng,风车-工作时叶片风流体,1,1,6,3,1,10,machinery_fengche_feng,,particles03
5121,machinery_engine_work,引擎-工作时烟囱烟雾,1,1,1,3,1,10,machinery_engine_work,,particles03
5122,machinery_engine_fault,引擎-自清洁时烟囱浓烟喷出,1,1,1,3,1,10,machinery_engine_fault,,particles03
5123,machinery_engine_bubble,蒸汽引擎-水泵口气泡,1,1,6,3,1,10,machinery_engine_bubble,,particles03
5124,machinery_x,链条齿轮-连接预览错误时显示的×,1,1,7,3,1,10,machinery_x,,particles03
6000,蓝色烟花,,0,0,3,3,1,10,scene_firework_blue,,particles08
6001,绿色,,0,0,3,3,1,10,scene_firework_green,,particles08
6002,禁怪,,0,0,3,3,1,10,scene_firework_jinguai,,particles08
6003,橙色,,0,0,3,3,1,10,scene_firework_orange,,particles08
6004,粉色,,0,0,3,3,1,10,scene_firework_pink,,particles08
6005,心形,,0,0,3,3,1,10,scene_firework_heart,,particles08
6006,黄色,,0,0,3,3,1,10,scene_firework_yellow,,particles08
6007,彩色,,0,0,3,3,1,10,scene_firework_multicolor,,particles08
6008,paotong,,0,0,3,3,1,10,scene_firework_paotong,,particles08
6009,能量柱,,0,0,7,2,2,10,attack236,,
6010,护盾,,0,0,7,3,1,10,shield249,,
6201,爆炸,,1,1,3,3,1,10,Boss_snake_duwu_baozha,,
6202,持续,,1,1,3,3,1,10,Boss_snake_duwu_chixu,,
6203,拖尾,,1,1,3,3,1,10,Boss_snake_duwu_tuowei,,
6204,风,,1,1,3,3,1,10,Boss_snake_feng,,
6205,蓄力风,,1,1,3,3,1,10,Boss_snake_feng_xuli,,
6206,神像1,,1,1,3,3,1,10,Boss_snake_shenxiang_1,,
6207,神像2,,1,1,3,3,1,10,Boss_snake_shenxiang_2,,
6208,撕咬蓄力,,1,1,3,3,1,10,Boss_snake_siyao_xuli,,
6209,预警圈,,1,1,7,3,1,10,Boss_snake_yujing,,
6210,砸地,,1,1,3,3,1,10,Boss_snake_zadi,,
6211,击退预警,,1,1,3,3,1,10,Boss_snake_feng_yujing,,
6212,二阶段,,1,1,7,3,1,10,Boss_snake_2xingtai,,
6213,撕咬,,1,1,7,3,1,10,Boss_snake_siyao_gongji,,
6214,撕咬蓄力2,,1,1,7,3,1,10,Boss_snake_siyao_xuli2,,
6215,精英机械兵攻击蓄力,,1,1,7,3,1,10,mach_melee_attack_1,,
6216,精英机械兵攻击,,1,1,7,3,1,10,mach_melee_attack_2,,
6217,精英怪部位破坏特效,,1,1,7,3,1,10,mach_melee_part,,
6218,精英机械兵受击特效,,1,1,7,3,1,10,mach_melee_receive,,
6219,精英炮兵受击特效,,1,1,7,3,1,10,mach_ranged_receive,,
6220,精英机械兵死亡特效,,1,1,7,3,1,10,mach_melee_death,,
6221,精英炮兵死亡特效,,1,1,7,3,1,10,mach_ranged_death,,
6222,精英炮兵发射,,1,1,7,3,1,10,mach_ranged_launch,,
6223,精英炮兵投掷物,,1,1,7,3,1,10,mach_ranged_bullet,,
6224,精英炮兵命中,,1,1,7,3,1,10,mach_ranged_explode,,
6225,精英炮兵回血,,1,1,7,3,1,10,mach_ranged_treatment,,
6226,精英机械兵受击特效循环,,1,1,7,3,1,10,mach_melee_receive_looping,,
6227,机械boss发射,,1,1,7,3,1,10,mach_boss_drilling,,
6228,机械boss命中,,1,1,7,3,1,10,mach_boss_explode,,
6229,机械boss召唤,,1,1,7,3,1,10,mach_boss_zhaohuan,,
6230,机械boss冲刺蓄力,,1,1,7,3,1,10,mach_boss_xuli,,
6231,机械boss冲刺成功,,1,1,7,3,1,10,mach_boss_sprint,,
6232,机械boss眩晕,,1,1,7,3,1,10,mach_boss_dizzy,,
6233,机械boss喷火蓄力,,1,1,7,3,1,10,mach_boss_fire_2,,
6234,机械boss喷火,,1,1,7,3,1,10,mach_boss_fire_1,,
6235,机械boss打击,,1,1,7,3,1,10,mach_boss_explode_2,,
6236,机械boss受击,,1,1,7,3,1,10,mach_boss_receive,,
6237,机械boss死亡,,1,1,7,3,1,10,mach_boss_death,,
6238,机械boss周身特效,,1,1,7,3,1,10,mach_boss_lightning,,
6239,机械小怪近战特效,,1,1,7,3,1,10,100134_attack,,
6240,机械小怪死亡特效,,1,1,7,3,1,10,100134_death,,
6241,机械小怪受击特效,,1,1,7,3,1,10,100134_receive,,
6242,机械小怪投掷物拖尾,,1,1,7,3,1,10,100135_bullet,,
6243,机械小怪投掷物命中,,1,1,7,3,1,10,100135_explode,,
6244,机械小怪发射,,1,1,7,3,1,10,100135_launch,,
6245,机械boss地面火,,1,1,7,3,1,10,mach_boss_fire_3,,
6246,机械boss召唤合体,,1,1,7,3,1,10,mach_boss_heti,,
6247,机械boss发射蓄力,,1,1,7,3,1,10,mach_boss_drilling_1,,
6248,正确提示光效,,1,1,7,3,2,10,Blueprint_Correct,,
6249,错误提示光效,,1,1,7,3,2,10,Blueprint_Error,,
6250,完成提示光效,,1,1,7,3,2,10,Blueprint_Finish,,
6251,红色法术力印记,,1,1,3,4,1,10,magic_yj_red,,
6252,蓝色法术力印记,,1,1,3,4,1,10,magic_yj_blue,,
6253,绿色法术力印记,,1,1,3,4,1,10,magic_yj_green,,
6254,紫色法术力印记,,1,1,3,4,1,10,magic_yj_zi,,
6255,黄色法术力印记,,1,1,3,4,1,10,magic_yj_bai,,
6256,无色法术力印记,,1,1,3,4,1,10,magic_yj_wu,,
6257,活化术吟唱阶段,,1,1,3,4,1,10,magic_huohua_1,,
6258,活化术失败特效,,1,1,3,4,1,10,magic_huohua_hei_2,,
6259,活化成功特效,,1,1,3,4,1,10,magic_huohua_lv_2,,
6260,蓝瓶投掷命中,,1,1,3,4,2,10,magic_Mingzhong_Blue,,
6261,绿瓶投掷命中,,1,1,3,4,2,10,magic_Mingzhong_Green,,
6262,无色瓶投掷命中,,1,1,3,4,2,10,magic_Mingzhong_Void,,
6263,乌云降雨特效,,1,1,7,4,1,10,magic_Xiayu,,
6264,头顶长草特效,,1,1,7,4,1,10,magic_Zhangcao,,
6265,全身问号特效,,1,1,7,4,1,10,magic_Wenhao,,
6266,符能扫把飞行拖尾,,1,1,7,4,1,10,magic_Saoba_TW,,
6267,符能扫把骑乘过度,,1,1,7,4,2,10,magic_Saoba_boom,,
6268,催生术光圈,,1,1,3,4,1,10,magic_cuisheng_huan_1,,
6269,催生术植物特效,,1,1,4,4,1,10,magic_cuisheng_zhiwu_2,,
6270,采集术,,1,1,7,4,1,10,magic_xishou_1,,
6271,破石术,,1,1,7,4,1,10,magic_poshi_1,,
6272,探矿和洞悉的烟雾,,1,1,1,4,1,10,magic_tandong_1,,
6273,绿色通用吟唱,,1,1,7,4,1,10,magic_yincang_lv_1,,
6274,连跳脚底的特效,,1,1,3,4,1,10,magic_tiaoyue_1,,
6275,隐身术过渡,,1,1,3,4,1,10,magic_yinshen_1,,
6276,浮空术生物脚底效果,,1,1,7,4,1,10,magic_fukong_1,,
6277,浮空术投掷物+拖尾,,1,1,7,4,1,10,magic_fukong_2,,
6278,升高术的生成方块的土的爆裂特效,,1,1,2,4,1,10,magic_shenggao_1,,
6279,蓝色通用吟唱,,1,1,7,4,1,10,magic_yincang_lan_1,,
6280,照明术的烟雾,,1,1,1,4,1,10,magic_zhaoming_1,,
6281,烟花投掷物,,1,1,7,4,1,10,magic_yanhua_1,,
6282,烟花爆炸特效,,1,1,2,4,1,10,magic_yanhua_2,,
6283,铭刻完成特效,,0,0,3,4,2,10,826_2,,
6284,顺隐特效,,0,1,3,4,2,10,Skill_ShadowMove_1,,particles03
6285,现身特效,,0,1,3,4,2,10,Skill_ShadowMove_2,,particles03
6286,冲锋指示器,,0,1,7,4,2,10,Skill_Dash_1,,particles07
6287,冲击波,,0,1,2,4,2,10,Skill_Dash_2,,particles02
6288,冲锋中特效,,0,1,4,4,1,10,Skill_Dash_3,,particles04
6289,指示器特效,,0,1,7,4,2,10,Skill_HughAttack_1,,particles07
6290,落雷特效,,0,1,5,4,2,10,Skill_LightingDown,,particles05
6291,绿色锤子特效,,0,1,3,4,2,10,Skill_BigHammer_1,,particles03
6292,砸击地面效果,,0,1,2,4,2,10,Skill_BigHammer_2,,particles02
6293,血浪,,0,1,4,4,2,10,Skill_BloodAttack,,particles04
6294,蓄力大剑高举,,0,1,3,4,1,10,Skill_BigSword_1,,particles03
6295,蓄力满的特效,,0,1,3,4,1,10,Skill_BigSword_Full,,particles03
6296,蓄力大剑劈下,,0,1,2,4,2,10,Skill_BigSword_2,,particles02
6297,大剑落地的特效,,0,1,2,4,2,10,Skill_BigSword_Hit,,particles02
6298,旋风斩,,0,1,4,4,1,10,Skill_Whirlwind,,particles04
6299,冰箭的拖尾特效,,0,1,4,4,1,10,Skill_IceArrow_Trail,,particles04
6300,分裂箭的拖尾特效,,0,1,4,4,1,10,Skill_AutoArrow_Trail,,particles04
6301,火焰箭的拖尾特效,,0,1,4,4,1,10,Skill_FireArrow_Trail,,particles04
6302,雷电箭的拖尾特效,,0,1,4,4,1,10,Skill_LightingArrow_Trail,,particles04
6303,巨弓的特效（1根箭）蓄力,,0,1,3,4,1,10,Skill_BigBow_1charge_1,,particles03
6304,巨弓的特效（1根箭）loop,,0,1,3,4,1,10,,,particles03
6305,巨弓的特效（3根箭）蓄力,,0,1,3,4,1,10,Skill_BigBow_3charge_1,,particles03
6306,巨弓的特效（3根箭）loop,,0,1,3,4,1,10,,,particles03
6307,释放消失的粒子效果,,0,1,4,4,2,10,Skill_BigBow_Fading,,particles04
6308,追踪箭拖尾特效,,0,1,4,4,1,10,Skill_TrackingArrow_Trail,,particles04
6309,巨箭的拖尾,,0,1,4,4,1,10,Skill_BigBow_Trail,,particles04
6310,暴风雪指示器特效,,0,1,7,4,1,10,Skill_Storm_Warn,,particles07
6311,暴风雪特效,,0,1,4,4,1,10,Skill_Storm_Storm,,particles04
6312,暴风雪冰霜地面,,0,1,6,4,1,10,Skill_Storm_Ice,,particles06
6313,冰法球拖尾,,0,1,4,4,1,10,Skill_IceBall_Trail,,particles04
6314,冰法球命中小型命中特效,,0,1,2,4,2,10,Skill_IceBall_Hit,,particles02
6315,小冰碎片投掷物的拖尾,,0,1,4,4,1,10,Skill_IceBall_Small,,particles04
6316,火法球拖尾,,0,1,4,4,1,10,Skill_FireBall_Trail,,particles04
6317,火法球命中小型命中特效,,0,1,2,4,2,10,Skill_FireBall_Hit,,particles02
6318,雷球球拖尾,,0,1,4,4,1,10,Skill_LightingBall_Trail,,particles04
6319,雷球球命中小型命中特效,,0,1,2,4,2,10,Skill_LightingBall_Hit,,particles02
6320,符能机关枪的发射位置特效,,0,1,4,4,1,10,Skill_MagicGun_Shoot,,particles04
6321,符能机关枪投掷物的拖尾,,0,1,4,4,1,10,Skill_MagicGun_Trail,,particles04
6322,跟踪弹拖尾特效,,0,1,4,4,1,10,Skill_TrackingBall_Trail,,particles04
6323,小跟踪弹拖尾特效,,0,1,4,4,1,10,Skill_TrackingBall_SmallTrail,,particles04
6324,跟踪弹命中特效,,0,1,2,4,2,10,Skill_TrackingBall_Hit,,particles02
6325,闪电投掷物,,0,1,4,4,1,10,Skill_Lighting_Trail,,particles04
6326,闪电链特效,,0,1,4,4,1,10,Skill_Lighting_Connect,,particles04
6327,闪电链命中的特效,,0,1,2,4,2,10,Skill_Lighting_Hit,,particles02
6328,喷火的特效，开始,,0,1,5,4,2,10,,,particles05
6329,喷火的特效，loop,,0,1,5,4,1,10,Skill_Fire,,particles05
6330,团子滚动特效,,0,1,4,4,1,10,Skill_Tuanzi_1,,particles04
6331,团子消失特效,,0,1,4,4,2,10,Skill_Tuanzi_2,,particles04
6332,托底的特效+石头方块本身,,0,1,4,4,1,10,Skill_Stone_under,,particles04
6333,石头命中爆炸的特效,,0,1,2,4,2,10,Skill_Stone_Hit,,particles02
6334,大球增长,,0,1,4,4,1,10,Skill_NatureBall_Grow,,particles04
6335,大球本身的特效,,0,1,4,4,1,10,Skill_NatureBall_Trail,,particles04
6336,大球消失的特效,,0,1,4,4,2,10,Skill_NatureBall_Fade,,particles04
6342,互换特效,,0,1,3,4,2,10,Skill_TransChange,,particles03
6343,风墙屏障,,0,1,6,4,1,10,Skill_WindShield,,particles06
6344,烟花特效,,0,1,2,4,2,10,Skill_FireWork,,particles02
6345,缠绕特效,,0,1,4,4,2,10,Skill_BlockTrans,,particles04
6346,虚空法球投掷物本身特效+拖尾特效,,0,1,4,4,2,10,Skill_VoidBall_Trail,,
6347,变大的法球（紫色）,,0,1,4,4,2,10,Skill_ChangeBall_Trail,,
6348,单条紫色激光（较细）,,0,1,4,4,2,10,Skill_SmallLaser,,
6349,扇形激光指示器（红色）,,0,1,4,4,2,10,Skill_FanLaser_Warn,,
6350,矩形预警区域（红色）,,0,1,4,4,2,10,Skill_VoidBomb_Warn,,
6351,虚空炸弹爆炸,,0,1,4,4,2,10,Skill_VoidBomb_Boom,,
6352,扇形震击的地面特效,,0,1,4,4,2,10,Skill_FanAttack,,
6353,虚空震退,,0,1,4,4,2,10,Skill_VoidPush,,
6354,虚空冲刺,,0,1,4,4,2,10,Skill_VoidDash,,
6355,二阶段boss登场的空间碎片特效,,0,1,4,4,2,10,VoidBoss_Enter,,
6356,虚空砸击的警告区域,,0,1,4,4,2,10,Skill_VoidSmash_Warn,,
6357,虚空砸击命中的特效,,0,1,4,4,2,10,Skill_VoidSmash_Hit,,
6358,紫色矩形冲击波,,0,1,4,4,2,10,Skill_VoidWave,,
6359,单个激光的预警指示器（红色）,,0,1,4,4,2,10,Skill_SmallLaser_Warn,,
6360,大的虚空火球,,0,1,4,4,2,10,Skill_BigVoidBall_Trail,,
6361,虚空火球引爆的特效,,0,1,4,4,2,10,Skill_BigVoidBall_Boom,,
6362,虚空火焰燃烧区域,,0,1,4,4,2,10,Skill_VoidFire,,
6363,大虚空激光,,0,1,4,4,2,10,Skill_BigLaser,,
6364,裂波弹特效,,0,1,4,4,2,10,Skill_WaveBall_Trail,,
6365,巨型boss怒吼的特效,,0,1,4,4,2,10,Skill_VoidScream,,
6366,虚空黑洞,,0,1,4,4,2,10,Skill_BlackHole,,
6367,巨型boss 狂暴状态特效,,0,1,4,4,1,10,VoidBoss_Body_Crazy,,
6368,巨型boss反击爆炸,,0,1,4,4,1,10,VoidBoss_BigHit,,
6369,boss部件 激活状态特效,,0,1,4,4,1,10,VoidBoss_Part_Active,,
6370,boss本体连接部件的特效,,0,1,4,4,2,10,VoidBoss_Connect,,
6371,boss本体的眼睛特效,,0,1,4,4,1,10,VoidBoss_Body,,
6372,boss本体的减伤护盾特效,,0,1,4,4,1,10,VoidBoss_Shield,,
6373,虚空突刺,,0,1,4,4,2,10,Skill_VoidSpike,,
6374,陨石雨的传送门特效,,0,1,4,4,2,10,Skill_MeteorRock_1,,
6375,陨石本身的特效,,0,1,4,4,2,10,Skill_MeteorRock_Trail,,
6376,陨石命中的特效,,0,1,4,4,2,10,Skill_MeteorRock_Hit,,
6377,虚空分身,,0,1,4,4,2,10,Skill_VoidClone,,
6378,虚空浮空球,,0,1,4,4,2,10,Skill_FloatBall,,
6379,单条紫色激光（较细）2,,0,1,4,4,2,10,Skill_SmallLaser1,,
6380,单条紫色激光（较细）3,,0,1,4,4,2,10,Skill_SmallLaser2,,
6381,单条紫色激光（较细）4,,0,1,4,4,2,10,Skill_SmallLaser3,,
6382,单条紫色激光（较细）5,,0,1,4,4,2,10,Skill_SmallLaser4,,
7000,洛迦周身特效,,1,1,3,3,1,10,boss_Loka_glow01,,
7001,虚空锁链,,1,1,3,3,1,10,boss_Loka_skill01,,
7002,紫火风暴,,1,1,3,3,1,10,boss_Loka_skill02,,
7003,紫火风暴(boos动作）,,1,1,3,3,1,10,boss_Loka_skill02_attack,,
7004,星爆术,,1,1,3,3,1,10,boss_Loka_skill03,,
7005,星爆术（boos动作）,,1,1,3,3,1,10,boss_Loka_skill03_attack,,
7006,泡泡攻击,,1,1,3,3,1,10,boss_Satis_skill01,,
7007,水晶鱼群,,1,1,3,3,1,10,boss_Satis_skill02,,
7008,旋涡,,1,1,3,3,1,10,boss_Satis_skill03,,
7009,虚空绽放,,1,1,3,3,1,10,boss_Satis_skill04,,
7010,粉泡泡攻击,,1,1,3,3,1,10,pet_Salamunchkin_skill01,,
7011,粉泡泡击中,,1,1,3,3,1,10,pet_Salamunchkin_skill01_trail,,
7012,星光回血,,1,1,3,3,1,10,pet_Salamunchkin_skill02,,
7013,星光回血击中,,1,1,3,3,1,10,pet_Salamunchkin_skill02_trail,,
7014,紫火喷射,,1,1,5,3,2,10,elitemobs_VoidcaskSentinel_skill01,,
7015,头顶火焰特效,,1,1,3,3,1,10,elitemobs_VoidcaskSentinel_glow01,,
7016,紫火焦灼,,1,1,5,3,1,10,elitemobs_VoidcaskSentinel_skill01_hit,,
7017,罐罐冲撞,,1,1,3,3,1,10,elitemobs_VoidcaskSentinel_skill02,,
7018,火墙召唤,,1,1,5,3,1,10,elitemobs_VoidcaskSentinel_skill03,,
7019,火把燃烧,,1,1,5,3,1,10,changjing_huoyan_normal,,
7020,火把燃烧偏移,,1,1,5,3,1,10,changjing_huoyan,,
7021,壁炉火焰,,1,1,5,3,1,10,changjing_huoyanpianyi,,
7022,冶炼炉烟雾,,1,1,1,3,1,10,changjing_yanwupianyi,,
7023,烟囱烟雾,,1,1,1,3,1,10,changjing_yancongmaoyan,,
7024,烟雾扩散,,1,1,1,3,1,10,changjing_daoxiayanwu,,
7025,复活点,,1,1,3,3,1,10,changjing_fuhuodian,,
7026,传送门,,1,1,3,3,1,10,changjing_chuansongmen,,
7027,萤火虫,,1,1,6,3,1,10,changjing_yinghuochong,,
7028,独瞳族语音,,1,1,7,3,1,10,changjing_dutong,,
7029,受惊,,1,1,7,3,1,10,changjing_chijing,,
7030,睡觉,,1,1,7,3,1,10,changjing_zz,,
7031,闪现原地位置,,1,1,3,3,1,10,boss_Loka_flash_1,,
7032,闪现出现位置,,1,1,3,3,1,10,boss_Loka_flash_2,,
7033,火球,,1,1,3,3,1,10,boss_Loka_huoqiu,,
7034,火球受击,,1,1,3,3,1,10,boss_Loka_huoqiu2,,
7035,锁链受击,,1,1,3,3,1,10,boss_Loka_skill01_2,,
7036,透明度优化,,1,1,3,3,1,10,boss_Loka_skill03_attack,,
7037,罐子怪扇形攻击,,1,1,3,3,1,200,zf_guanzi_fire_1,,
7038,角色身上着火,,1,1,3,3,1,10,zf_wj_fire_3,,
7039,赛马星星,,1,1,3,3,1,10,zhanfang_xingxing,,
7040,传送门,,1,1,3,3,1,10,CSM,,
7041,传送门修复,,1,1,3,3,1,10,xiufu,,
7042,ZZZ,头上不断冒出“ZZZ”的效果/animal_zzz,1,1,7,3,1,10,animal_zzz,,
7043,驯服成功,驯服成功后有金光特效/animal_xunfu_1,1,1,3,3,2,10,animal_xunfu_1,,
7044,繁殖成功,冒光和粒子（幼崽身上出现）/animal_lizi_1,1,1,4,3,2,10,animal_lizi_1,,
7045,繁殖中,身上喷发爱心/animal_aixin_2,1,1,4,3,1,10,animal_aixin_2,,
7046,待繁殖,头顶冒爱心/animal_aixin_1,1,1,4,3,1,10,animal_aixin_1,,
7047,传送门未开启,,1,1,3,3,1,10,zhanfang_chaunsongm,,
7048,锁链投射,,0,0,3,3,1,10,boss_Loka_skill01_3,,
7049,罐子怪蓄力改色,,1,1,3,3,1,10,Elemental_effect_Fcharge2,,
7050,地面符文,,1,1,3,3,1,10,boss_Loka_fuwen,,
7051,落水,,1,1,3,3,1,10,zhanfang_youyong_01,,
7052,水面游泳,,1,1,3,3,1,10,zhanfang_youyong_02,,
7053,BOSS洛伽待机,,1,1,3,3,1,10,boss_Loka_daiji,,
7054,BOSS洛伽死亡,,1,1,3,3,1,10,boss_Loka_siwang,,
7055,左手发光,,1,1,3,3,1,10,boss_shoubu_fire_1,,
7056,头部发光,,1,1,3,3,1,10,boss_toubu_guang,,
7057,罐子怪出现,,1,1,3,3,1,10,mach_guaiziguai_huo,,
7058,火盆紫色火焰,,1,1,3,3,1,10,zhanfang_huopen_fire_1,,
7059,复活点星核特效,,1,1,3,3,1,10,zhanfang_xingzhan_1,,
7060,宝箱特效1,,1,1,3,3,1,10,zhanfang_baoxiang_1,,
7061,宝箱特效2,,1,1,3,3,1,10,zhanfang_baoxiang_2,,
7062,作物浇水,,1,1,3,3,1,10,zhanfang_jiaoshui,,
7063,作物除虫,,1,1,3,3,1,10,zhanfang_cuchong_1,,
7064,作物枯萎,,1,1,3,3,1,10,zhanfang_kuwei_1,,
7065,作物成熟,,1,1,3,3,1,10,zhanfang_xingxing_1,,
7100,村民复活,,1,1,3,3,2,10,Village_revive,,
7989,萝卜王待机,,1,1,3,4,1,10,Farm_luobo_1,,
7990,彩虹草莓待机,,1,1,3,4,1,10,Farm_caomei_1,,
7991,水晶西瓜（小）待机,,1,1,3,4,1,10,Farm_bingxigua_3,,
7992,水晶西瓜（大）待机,,1,1,3,4,1,10,Farm_bingxigua_4,,
7993,精致玉米待机,,1,1,3,4,1,10,Farm_yumi_1,,
7994,日光番茄待机,,1,1,3,4,1,10,Farm_fanqie_1,,
7995,阳光青提待机,,1,1,3,4,1,10,Farm_qingti_1,,
7996,杂交水稻待机,,1,1,3,4,1,10,Farm_shuidao_1,,particles04
7997,冰果（小）待机,,1,1,3,4,1,10,Farm_bingxigua_1,,particles04
7998,冰果（大）待机,,1,1,3,4,1,10,Farm_bingxigua_2,,particles04
7999,烈焰瓜（小）待机,,1,1,3,4,1,10,Farm_nanguahuo_1,,particles04
8000,烈焰瓜（大）待机,,1,1,3,4,1,10,Farm_nanguahuo_2,,particles04
8001,冒险作物成熟,,1,1,3,4,2,10,Farm_chengshu_1,,
8002,冒险作物收获,,1,1,3,4,2,10,Farm_shouhuo_1,,
8003,冒险作物单格丰硕成熟,,1,1,3,4,2,10,Farm_fengshou_1,,
8004,冒险作物多格丰硕成熟,,1,1,3,4,2,10,Farm_fengshou_2,,
8005,冒险作物变异,,1,1,3,4,2,10,Farm_bianyi_1,,
8006,冰焰双果披萨,,1,1,3,4,1,10,farm_pisa_1,,
8007,生日蛋糕烟花,,1,1,3,4,1,10,birthdaycake,,
8011,2026烟花,,1,1,2,3,2,10,Yanhua_2026,,
8012,新年快乐烟花,,1,1,2,3,2,10,Yanhua_XNKL,,
8013,粉色新年烟花,,1,1,2,3,2,10,Yanhua_blue,,
8014,蓝色新年烟花,,1,1,2,3,2,10,Yanhua_green,,
8015,绿色新年烟花,,1,1,2,3,2,10,Yanhua_pink,,
8016,兑换成功,,1,1,3,4,2,10,Nani_exchange_success,,
8017,灶台火焰特效,,0,0,5,4,1,10,StoveFire,,
8018,炒锅黑烟特效,,0,0,1,4,2,10,BlackSmoke,,
8019,蓝色大圆形聚光灯特效,,0,0,3,4,1,10,LightCone2,,
8020,蓝色圆形聚光灯特效,,0,0,3,4,1,10,LightCone1,,
8021,黄色圆形聚光灯特效,,0,0,3,4,1,10,LightCone_yellow_1,,
8022,黄色大圆形聚光灯特效,,0,0,3,4,1,10,LightCone_yellow_2,,
8023,彩虹拖尾,,0,0,3,4,1,10,Rainbow_Trail,,
8024,彩虹桥特效,,0,0,3,4,1,10,Rainbow_Bridge,,
8025,彩虹天空特效,,0,0,3,4,1,10,Rainbow_Sky,,
8026,家园豪华值特效,,0,0,3,4,1,10,Home_Wings,,
8027,魔法光柱,,0,1,3,4,2,10,magic_pillar,,
8028,魔法阵,,0,1,3,4,1,10,magic_circle,,
8029,符文祭坛,,0,1,3,4,1,10,decay_flame,,
8030,喷火的特效，loop,,0,1,5,4,1,10,Skill_Fire1,,particles05
8031,喷火的特效，loop,,0,1,5,4,1,10,Skill_Fire2,,particles05
8032,喷火的特效，loop,,0,1,5,4,1,10,Skill_Fire3,,particles05
8033,托底的特效+石头方块本身1,,0,1,5,4,1,10,Skill_Stone_under1,,
8034,托底的特效+石头方块本身2,,0,1,5,4,1,10,Skill_Stone_under2,,
8035,流星拖尾,,1,1,4,4,1,10,Meteor_Trail,,particles04
8036,流星光柱,,1,1,3,4,1,10,Meteor_LightUp,,particles03
8037,流星烟花绽放,,1,1,3,4,2,10,Scene_Firework_Meteor,,particles08
8038,传送门门框特效,,0,1,3,4,1,10,Portal_Doorframe_1,,
8039,传送门过渡特效,,0,1,3,4,1,10,Portal_Doorframe_2,,
8040,引路特效,,0,1,3,4,1,10,Guiding,,
8041,紫色箭形法球,,0,1,3,4,1,10,Purple_Arrow_Orb,,
8042,箭形法球击中效果,,0,1,2,4,2,10,Arrow_Orb_Hit,,
8043,紫色剑气,,0,1,3,4,2,10,Purple_Blade_Wave,,
8044,紫色花粉特效,,0,1,3,4,1,10,Purple_Pollen,,
8045,白色法球,,0,1,3,4,1,10,White_Orb,,
8046,孢子法球,,0,1,3,4,1,10,MushroomKing_Spore_Orb,,
8047,孢子法球击中效果,,0,1,2,4,2,10,MushroomKing_Spore_Orb_Hit,,
8048,菇阵预警特效,,0,1,7,4,1,10,MushroomKing_Array_Warning,,
8049,菇阵生长特效,,0,1,7,4,2,10,MushroomKing_Array_Growth,,
8050,菇阵爆炸特效,,0,1,2,4,2,10,MushroomKing_Array_Explosion,,
8051,引力特效,,0,1,7,4,1,10,MushroomKing_Gravity,,
8052,召唤法阵,,0,1,7,4,1,10,MushroomKing_Summon_Circle,,
8053,烈焰法阵,,0,1,7,4,1,10,Flame_Circle,,
8054,音符飘动特效,,0,1,3,4,1,10,Note_Floating,,
8055,巨剑突刺,,0,1,3,4,2,10,,,
8056,冲击波1,,0,1,3,4,2,10,,,
8057,法阵召唤生物,,1,1,1,4,2,10,Block_SummonCreature,,particles01
8058,凝胶爆开特效,,0,1,6,4,2,10,Gel_Splash,,
8059,蘑晶球击中特效,,0,1,3,4,2,10,MushroomBall_Hit,,
8060,蘑菇撒粉特效,,0,1,4,4,1,10,Mushroom_Dust,,
8061,音乐菇互动特效,,0,1,3,4,2,10,Music_Ripple,,
8062,蘑菇村庄图腾,,0,1,6,4,2,10,MushroomVillage_Totem,,
8063,四叶草村庄图腾,,0,1,6,4,2,10,CloverVillage_Totem,,
