皮肤ID,皮肤名称,皮肤模型,贴图ID,头像,特效类型1[1=脚印，2=飞行，3=周身],特效1命名,特效类型2[1=脚印，2=飞行，3=周身],特效2命名,特效类型3[1=脚印，2=飞行，3=周身，4=拖尾],特效3命名,商店特效,购买天数1,钱类型1/1道具可用迷你币代替2只迷你币3只道具4迷你豆5道具可用迷你豆代替6仅激活码解锁,消耗道具ID1,价格1,购买天数2,钱类型2/1道具可用迷你币代替2只迷你币3只道具4迷你豆5道具可用迷你豆代替,消耗道具ID2,价格2,购买天数3,钱类型3/1道具可用迷你币代替2只迷你币3只道具4迷你豆5道具可用迷你豆代替,消耗道具ID3,价格3,皮肤描述,购买提示类型（1前往家园和取消 2只有确定）,购买提示,标签（1限时 2折扣 3特惠 4典藏）,限时开始,限时结束,开放渠道ID（-1全关，0全开）,音效,高度,宽度,厚度,受击高度,受击宽度,受击厚度,特别效果类型1（1=变形，2=互动动作，3=变色，4=语音试听，5=专属动作，6=幻化，7=功能说明，8=召唤，9=变身，10=天赋）,特别效果1图标,特别效果1描述,特别效果类型2（1=变形，2=互动动作，3=变色，4=语音试听，5=专属动作，6=幻化，7=功能说明，8=召唤，9=变身，10=天赋）,特别效果2图标,特别效果2描述,特别效果类型3（1=变形，2=互动动作，3=变色，4=语音试听，5=专属动作，6=幻化，7=功能说明，8=召唤，9=变身，10=天赋）,特别效果3图标,特别效果3描述,特别效果类型4（1=变形，2=互动动作，3=变色，4=语音试听，5=专属动作，6=幻化，7=功能说明，8=召唤，9=变身，10=天赋）,特别效果4图标,特别效果4描述,特别效果类型5（1=变形，2=互动动作，3=变色，4=语音试听，5=专属动作，6=幻化，7=功能说明，8=召唤，9=变身，10=天赋）,特别效果5图标,特别效果5描述,特别效果类型6（1=变形，2=互动动作，3=变色，4=语音试听，5=专属动作，6=幻化，7=功能说明，8=召唤，9=变身，10=天赋）,特别效果6图标,特别效果6描述,背景图,背景动画文件,背景动画文件,动态商城图标（已废弃，改为读SkinCostDef装扮服务器表）,变形类型[不填=不显示变形按钮，1=变身为坐骑（且优先显示装扮），2=变身为装扮2（且优先显示装扮1），3=变身为坐骑（且优先显示坐骑）],变形关联（填入坐骑、装扮ID）,小窗logo,小窗尺寸(正常不填为2.0),野人举起高度,AR动捕支持（1支持，空则不支持）,备注标准人形骨骼（1为支持，0为不支持）,换装ID,新换装ID,头像框：只能永久,"表情动作（100140,100108）",解锁道具,装扮图片,互动关联,"多重换装ID(index_skinid,index表示对应的第几条特性,skinid表示皮肤id,有多个变色效果时用逗号隔开)",多重换装前置id,切换顺序,局部换肤,是否显示（1=不显示）,语音范围（半径）,出场语音,间隔时间1,初次判断时间1,休闲语音,间隔时间2,初次判断时间2,死亡语音,间隔时间3,社交语音,间隔时间4,初次判断时间3,光照条件,幻化特效,幻化准备时间,功能说明(1:幻化),动作播放顺序,主题序号（1=奇迹派对，2=探险小队，3=龙响天下，4=棉花泡泡，5=花蔓四季，6=幻想童话，7=小马宝莉，8=瑞雪丰年，9=梦旅笙歌，10=晨星战队，11=琉光圣灵）,主题图标,召唤ID,变身条件（1=水环境之外的环境，2=水环境）,变身特效,变身时间,天赋buff,跳转ID（全局跳转id_定制id）,左侧边栏背景色,可搭配部件类型,列表模型缩放比|y轴位移,变形坐骑移动端是否显示技能按钮（0=显示，1=不显示）,商城场景动画,皮肤类型 1常规皮肤（陆地移动）2飞行皮肤,,冒险互动类皮肤（默认不填）,死亡特效(放在particles目录下，只填特效名称即可，如scene_siwang_01）,换装皮肤贴图的名称,换装皮肤周身特效的名称,空手无道具时要切换的模型,cpID/支持配多个,cp效果范围半径/格,cp音效,cp特效,cpbuff,私人定制默认avt,私人定制皮肤列表
ID,Name,Model,TextureID,Head,EffectType,Effect,EffectType2,Effect2,EffectType3,Effect3,ShowTimeEffect,UseDays1,MoneyType1,ItemID1,Price1,UseDays2,MoneyType2,ItemID2,Price2,UseDays3,MoneyType3,ItemID3,Price3,Desc,BuyTipsType,BuyTips,Tag,LimitBeginTime,LimitEndTime,OpenApiId,Sound,Height,Width,Thickness,HitHeight,HitWidth,HitThickness,FeatureType1,EffectIcon1,EffectDesc1,FeatureType2,EffectIcon2,EffectDesc2,FeatureType3,EffectIcon3,EffectDesc3,FeatureType4,EffectIcon4,EffectDesc4,FeatureType5,EffectIcon5,EffectDesc5,FeatureType6,EffectIcon6,EffectDesc6,BackgroundPic,BackgroundAnim,Backanim_x,GifLogo,ChangeType,ChangeContact,ChangeLogo,Window,CarryingHeight,Arbody,,PreSkin,NewPreSkin,HeadFrames,Animact,UnlockItem,Pitcure,ActID,ChangeSkinID,FrontID,ChangeOrder,PartChange,ShowType,SoundScope,ShowSound,Interval1,FirstTime1,IdleTime,Interval2,FirstTime2,DeathSound,Interval3,SocialTime,Interval4,FirstTime3,LightCondition,IllusionEffect,IllusionPre,Specification,ActOrder,ThemeNum,ThemeIcon,SummonID,ChangeCondition,ChangeEffect,ChangeTime,Geniusbuff,JumpScence,ShopTabBkg,AvtPartType,ItemShowInfo,SkillButton,ShopEnterTimelineID,ModelType,,InteractiveSkin,DeathParticles,MeshName,ParticleName,ModelNameToSwitch,CPID,CPRadius,CPSound,CPEffect,CPBuff,CustomDefaultAvt,CustomSkins
1,胖哒,140002,,31,1,140002,,,,,,,,,,,,,,-1,2,,300,傲娇的熊猫男孩，最爱嘎嘣脆的竹子！,,装扮卡片可在家园果实中获得！（适度娱乐理性消费）,,,,0,skin1,180,60,60,220,120,120,,footprint,行走足迹：走过的地方会留下熊猫脚印。,,headicon,头像：解锁胖哒头像。,,,,,,,,,,,,,,common_01,0,,,,,,180,,1,,,,,13021,,,,,,,,,,,,,,,,,,,,,,,,,14,lab_dresstheme_star,,,,,,,5,"3,5,8,9,13,14,15,16,17,18,19",1.4|0,,,1,,,,,,,,,,,,,
2,齐天小圣,140003,,32,1,140003,,,,,,,,,,,,,,-1,2,,200,猴年春节限量发售，齐天小圣陪你欢度新春！,,装扮卡片可在家园果实中获得！（适度娱乐理性消费）,1,1464537600,1465833600,0,skin3,180,60,60,220,120,120,,footprint,行走足迹：走过的地方会留下祥云。,,headicon,头像：解锁齐天小圣头像。,,,,,,,,,,,,,,dtxx_beijingtu07,0,,,,icon_61,,180,,,,,20254,,13022,,,,,,,,,,,,,,,,,,,,,,,,,,,,,,,,,5,"3,5,8,9,13,14,15,16,17,18,19",1.4|0,,,1,,,,,,,,,,,,,
3,兔美美,140001,,30,1,140001,,,,,,,,,,,,,,-1,2,,300,萌萌哒兔女孩，走过的地方会留下萝卜脚印。,,装扮卡片可在家园果实中获得！（适度娱乐理性消费）,,,,0,skin2,180,60,60,220,120,120,,footprint,行走足迹：走过的地方会留下萝卜脚印。,,headicon,头像：解锁兔美美头像。,,,,,,,,,,,,,,common_01,0,,,,,,180,,,,,,,13023,,,,,,,,,,,,,,,,,,,,,,,,,14,lab_dresstheme_star,,,,,,,5,"3,5,8,9,13,14,15,16,17,18,19",1.4|0,,,1,,,,,,,,,,,,,
4,迷斯拉,140004,,33,1,140004,,,,,,,,,,,,,,-1,2,,300,哗哗哗！在原始世界要小心迷斯拉！,,装扮卡片可在家园果实中获得！（适度娱乐理性消费）,,,,0,skin4,180,60,60,220,120,120,,footprint,行走足迹：走过的地方会留下恐龙爪印。,,headicon,头像：解锁迷斯拉头像。,,,,,,,,,,,,,,common_01,0,,,,,,180,,1,,,,,13024,,,,,,,,,,,,,,,,,,,,,,,,,14,lab_dresstheme_star,,,,,,,5,"3,5,8,9,13,14,15,16,17,18,19",1.4|0,,,1,,,,,,,,,,,,,
5,琉璃酱,140005,,34,1,140005,,,,,,,,,,,,,,-1,3,20029,400,叮！呤~欢迎来到喵喵咖啡厅！,1,解锁道具可在家园果实中获得。（适度娱乐理性消费）,,,,0,skin5,180,60,60,220,120,120,,footprint,行走足迹：走过的地方会留下猫咪脚印。,,headicon,头像：解锁琉璃酱头像。,,,,,,,,,,,,,,common_01,0,,,,,,180,,,,,,,13025,,,,,,,,,,,,,,,,,,,,,,,,,1,lab_dresstheme_party,,,,,,,5,"3,5,8,9,13,14,15,16,17,18,19",1.4|0,,,1,,,,,,,,,,,,,
6,乔治,140006,,35,1,140006,,,,,,,,,,,,,,-1,3,20060,500,喜欢运动和音乐的阳光少年。,1,解锁道具可在家园果实中获得。（适度娱乐理性消费）,,,,0,skin6,180,60,60,220,120,120,,footprint,行走足迹：走过的地方会留下蓝色爱心。,,headicon,头像：解锁乔治头像。,,,,,,,,,,,,,,common_01,0,,,,,,180,,,,,,,13026,,,,,,,,,,,,,,,,,,,,,,,,,,,,,,,,,5,"3,5,8,9,13,14,15,16,17,18,19",1.4|0,,,1,,,,,,,,,,,,,
7,安妮,140007,,36,1,140007,,,,,,,,,,,,,,-1,3,20061,500,喜欢跳舞和点心的元气少女。,1,解锁道具可在家园果实中获得。（适度娱乐理性消费）,,,,0,skin7,180,60,60,220,120,120,,footprint,行走足迹：走过的地方会留下红色爱心。,,headicon,头像：解锁安妮头像。,,,,,,,,,,,,,,common_01,0,,,,,,180,,,,,,,13027,,,,,,,,,,,,,,,,,,,,,,,,1,,,,,,,,,5,"3,5,8,9,13,14,15,16,17,18,19",1.4|0,,,1,,,,,,,,,,,,,
8,墨家小飞,140008,,37,1,140008,2,shin_8_back,,,,,,,,,,,,-1,2,,600,古老的墨家一员，是制作机关的高手。,2,暂未开放获得。,,1443628800,1444406400,0,skin8,180,60,60,220,120,120,,footprint,行走足迹：走过的地方会留下风之翼。,,headicon,头像：解锁机关师头像。,,flyaction,创造模式特殊飞行动作,,flyeffect,创造模式飞行特效,,,,,,,,common_01,0,,,,,,180,,,,,,,13028,,,,,,,,,,,,,,,,,,,,,,,,,,,,,,,,,5,"3,5,8,9,13,14,15,16,17,18,19",1.4|0,,,1,,,,,,,,,,,,,
9,德古拉六世,140009,,38,3,140009,,,,,140009_1,,,,,,,,,-1,2,,256,接受了初拥的王室后裔，永远高雅、冷酷。,1,解锁道具可在家园果实中获得。（适度娱乐理性消费）,1,1478102400,1478275200,0,skin9,180,60,60,220,120,120,,bodyeffcet,身体特效：身上散发着血雾与黑色蝙蝠。,,headicon,头像：解锁伯爵头像。,,,,,,,,,,,,,,common_01,0,,,,,1.7,180,,,,,,,13029,,,,,,,,,,,,,,,,,,,,,,,,,,,,,,,,,5,"3,5,8,9,13,14,15,16,17,18,19",1.35|0,,,2,,,,,,,,,,,,,
10,叮叮当,140010,,39,3,140010_1,1,140010,,,140010_2,,,,,,,,,-1,2,,388,欢乐圣诞谷中生活的小麋鹿，淘气可爱。,,,1,1478102400,1478275200,0,skin10,180,60,60,220,120,120,,bodyeffcet,身体特效：身上散发圣诞光环！,,headicon,头像：解锁鹿蝶儿头像。,,footprint,行走足迹：走过的地方会留下圣诞鹿脚印,,,,,,,,,,,common_01,0,,,,,,180,,,,,,,13030,,,,,,,,,,,,,,,,,,,,,,,,,,,,,,,,,5,"3,5,8,9,13,14,15,16,17,18,19",1.4|0,,,1,,,,,,,,,,,,,
11,荒原猎人雪诺,140011,,40,3,140011,1,140011,,,,,,,,,,,,-1,2,,369,勇敢的雪诺来自极地，雄鹰都成为他的朋友。,,,,,,0,skin11,180,60,60,220,120,120,,bodyeffcet,身体特效：身上散发着凉凉的雪花,,headicon,头像：解锁雪诺头像。,,footprint,行走足迹：走过的地方会留下雪球脚印,,,,,,,,,,,common_01,0,,,,,,180,,,,,,,13031,,,,,,,,,,,,,,,,,,,,,,,,,,,,,,,,,5,"3,5,8,9,13,14,15,16,17,18,19",1.4|0,,,1,,,,,,,,,,,,,
12,羽姬,140012,,41,3,140012,,,,,,,,,,,,,,-1,2,,999,落到凡间的仙子，偶然间邂逅了慕容笑天,,,1,1483632000,1484323200,0,skin12,180,60,60,220,120,120,,bodyeffcet,身体特效：身上飘散着花瓣,,headicon,头像：解锁羽姬头像。,,,,,,,,,,,,,,common_01,0,,,,,,180,,,,,,,13032,,,,,,,,,,,,,,,,,,,,,,,,,,,,,,,,,5,"3,5,8,9,13,14,15,16,17,18,19",1.4|0,,,1,,,,,,,,,,,,,
13,慕容笑天,140013,,42,3,140013,1,140013_3,,,140013_1,,,,,,,,,-1,2,,999,出山修行的隐士，偶然间邂逅了羽姬。,,,,,,0,skin13,180,60,60,220,120,120,,bodyeffcet,身体特效：身上散发着真气,,headicon,头像：解锁慕容笑天头像。,,footprint,行走足迹：走过的地方会留下脚印,,,,,,,,,,,common_01,0,,,,,,180,,,,,,,13033,,,,,,,,,,,,,,,,,,,,,,,,,22,lab_dresstheme_gyss,,,,,,,5,"3,5,8,9,13,14,15,16,17,18,19",1.4|0,,,1,,,,,,,,,,,,,
14,西部警长乔伊,140014,,43,3,140014_2,1,140014_3,,,140014_1,,,,,,,,,-1,2,,999,哦，对不起，也许我的子弹并不那么喜欢你,,,,1483632000,1484323200,0,skin14,180,60,60,220,120,120,,bodyeffcet,身体特效：脚步散发着西部牛仔的烟尘,,headicon,头像：解锁西部警长乔伊头像。,,footprint,行走足迹：走过的地方会留下警星脚印,,,,,,,,,,,common_01,0,,,,,,180,,,,,,,13034,,,,,,,,,,,,,,,,,,,,,,,,,16,lab_dresstheme_west,,,,,,,5,"3,5,8,9,13,14,15,16,17,18,19",1.4|0,,,1,,,,,,,,,,,,,
15,篮球队长卢卡斯,140015,,44,,,1,140015_3,,,140015_1,,,,,,,,,-1,2,,999,犀利的意识，飘逸的走位，华丽的扣篮，掌控全场的明星。,2,暂未开放获得。,3,,,999,skin15,180,60,60,220,120,120,,headicon,头像：解锁小前锋卢卡斯头像。,,footprint,行走足迹：走过的地方会留下篮球脚印,,,,,,,,,,,,,,common_01,0,,,,,,180,,,,,,,13035,,,,,,,,,,,,,,,,,,,,,,,,,,,,,,,,,5,"3,5,8,9,13,14,15,16,17,18,19",1.4|0,,,1,,,,,,,,,,,,,
16,啦啦队长克莱尔,140016,,45,,,1,140016_3,,,140016_1,,,,,,,,,-1,2,,999,和卢卡斯一样，她在场能吸引所有人的目光，魅力四射。,2,暂未开放获得。,3,,,999,skin16,180,60,60,220,120,120,,headicon,头像：解锁啦啦队长克莱尔头像。,,footprint,行走足迹：走过的地方会留下彩带脚印,,,,,,,,,,,,,,common_01,0,,,,,,180,,,,,,,13036,,,,,,,,,,,,,,,,,,,,,,,,,,,,,,,,,5,"3,5,8,9,13,14,15,16,17,18,19",1.4|0,,,1,,,,,,,,,,,,,
17,西部玫瑰露西,140017,,46,3,140017_1,,,,,140017_2,,,,,,,,,-1,2,,999,嗯哼，我的子弹或许喜欢你,2,暂未开放获得。,3,,,999,skin17,180,60,60,220,120,120,,bodyeffcet,身体特效：散发着迷人爱心！,,headicon,头像：解锁露西头像,,,,,,,,,,,,,,common_01,0,,,,,,180,,,,,,,13037,,,,,,,,,,,,,,,,,,,,,,,,,16,lab_dresstheme_west,,,,,,,5,"3,5,8,9,13,14,15,16,17,18,19",1.4|0,,,1,,,,,,,,,,,,,
18,黑帽子船长蒂奇,140018,,47,,,1,140018_3,,,140018_1,,,,,,,,,-1,2,,999,玛丽，我要成为最负盛名的海盗船长，搜寻大海尽头的宝藏！,2,暂未开放获得。,3,,,999,skin18,180,60,60,220,120,120,,headicon,头像：解锁船长头像。,,footprint,行走足迹：走过的地方会留下脚印,,,,,,,,,,,,,,common_01,0,,,,,1.8,180,,,,,,,13038,,,,,,,,,,,,,,,,,,,,,,,,,16,lab_dresstheme_west,,,,,,,5,"3,5,8,9,13,14,15,16,17,18,19",1.4|0,,,1,,,,,,,,,,,,,
19,甜心玛丽,140019,,48,3,140019_2,,,,,140019_1,,,,,,,,,-1,2,,999,那我就做最负盛名的海盗船长的小跟班~,2,暂未开放获得。,3,,,999,skin19,180,60,60,220,120,120,,bodyeffcet,身体特效：散发着粉色海洋的味道,,headicon,头像：解锁头像。,,,,,,,,,,,,,,common_01,0,,,,,,180,,,,,,,13039,,,,,,,,,,,,,,,,,,,,,,,,,16,lab_dresstheme_west,,,,,,,5,"3,5,8,9,13,14,15,16,17,18,19",1.4|0,,,1,,,,,,,,,,,,,
20,程锦衣,140020,,49,,,1,140020_3,,,140020_1,,,,,,,,,-1,2,,999,小楼昨夜又东风，故国不堪回首月明中,2,暂未开放获得。,3,,,999,skin20,180,60,60,220,120,120,,footprint,行走足迹：脚底生风,,headicon,头像：解锁头像。,,,,,,,,,,,,,,common_01,0,,,,,,180,,,,,,,13040,,,,,,,,,,,,,,,,,,,,,,,,,15,lab_dresstheme_butterfly,,,,,,,5,"3,5,8,9,13,14,15,16,17,18,19",1.4|0,,,1,,,,,,,,,,,,,
21,花小楼,140021,,50,3,140021_2,,,,,140021_1,,,,,,,,,-1,2,,999,回想故国还在时与哥哥一起夜观烟火，如今却天涯沦落不知人在何方,2,暂未开放获得。,3,,,999,skin21,180,60,60,220,120,120,,bodyeffcet,身体特效：飘着朵朵桃花,,headicon,头像：解锁头像。,,,,,,,,,,,,,,common_01,0,,,,icon_55,,180,,,,"21,114,388,573",,,13041,,,,,,,,,,,,,,,,,,,,,,,,,15,lab_dresstheme_butterfly,,,,,,,5,"3,5,8,9,13,14,15,16,17,18,19",1.4|0,,,1,,,,,,,,,,,,,
22,莉莉丝,140022,,51,3,140022_2,,,,,140022_1,,,,,,,,,-1,2,,999,不给糖吃就捣蛋！,2,,1,1539792000,1541865600,999,skin22,180,60,60,220,120,120,,bodyeffcet,身体特效：散发女巫气息,,headicon,头像：解锁头像,,,,,,,,,,,,,,common_01,0,,,,,,180,,,,,20202,,13042,,,,,,,,,,,,,,,,,,,,,,,,,,,,,,,,,5,"3,5,8,9,13,14,15,16,17,18,19",1.4|0,,,2,,,,,,,,,,,,,
23,月无双,140023,,52,3,140023_2,,,,,140023_1,,,,,,,,,-1,2,,999,本姑娘可不是那么好欺负的，哼，人家超厉害的！,2,,1,,,999,skin23,180,60,60,220,120,120,,bodyeffcet,身体特效：身上散发蓝花,,headicon,头像：解锁包子头像,,,,,,,,,,,,,,common_01,0,,,,icon_55,,180,,1,,"23,163",,,13043,,,,,,,,,,,,,,,,,,,,,,,,,3,lab_dresstheme_loong,,,,,,,5,"3,5,8,9,13,14,15,16,17,18,19",1.4|0,,,1,,,,,,,,,,,,,
24,叶小龙,140024,,53,,,1,140024_3,,,140024_1,,,,,,,,,-1,2,,999,小师妹的世界，由我来守护！,2,,1,,,999,skin24,180,60,60,220,120,120,,footprint,行走足迹：走过的地方留下黑色烟雾。,,headicon,头像：解锁叶小龙头像。,,,,,,,,,,,,,,common_01,0,,,,icon_55,,180,,1,,"24,189",,,20401,,,,,,,,,,,,,,,,,,,,,,,,,3,lab_dresstheme_loong,,,,,,,5,"3,5,8,9,13,14,15,16,17,18,19",1.4|0,,,1,,,,,,,,,,,,,
25,二郎神,140025,,54,3,140025_2,,,,,140025_1,,,,,,,,,-1,2,,999,人间竟有如此美妙之地，吾定保此地平安！,2,,1,,,999,skin25,180,60,60,220,120,120,,bodyeffcet,身体特效：身上散发着天罡正气。,,headicon,头像：解锁二郎神头像。,,,,,,,,,,,,,,common_01,0,,,,,1.8,180,,,,,20214,,20402,,,,,,,,,,,,,,,,,,,,,,,,,,,,,,,,,5,"3,5,8,9,13,14,15,16,17,18,19",1.4|0,,,1,,,,,,,,,,,,,
26,余小乐,140026,,55,1,140026_3,,,,,,,,,,,,,,-1,2,,999,麻麻说，有梦想的鱼才会快乐。,2,,1,,,999,skin26,180,60,60,220,120,120,,bodyeffcet,身体特效：身上散发着梦想的气息……,,headicon,头像：解锁余小乐头像,,,,,,,,,,,,,,common_01,0,,,,,,180,,,,,,,20403,,,,,,,,,,,,,,,,,,,,,,,,,20,lab_dresstheme_ygxl,,,,,,,5,"3,5,8,9,13,14,15,16,17,18,19",1.4|0,,,1,,,,,,,,,,,,,
27,迷梭梭,140027,,56,3,140027_2,,,,,,,,,,,,,,-1,3,20035,500,“世界守护计划”首席环保筑梦师，为绿色家园而战。面对日益严重的荒漠化，《迷你世界》二周年之际，代表所有玩家向阿拉善公益捐赠5万棵“梭梭”树。,2,解锁道具可由世界守护计划获得。,1,,,999,skin27,180,60,60,220,120,120,,bodyeffcet,身体特效：身上散发着树木气息,,headicon,头像：解锁小树人头像,,,,,,,,,,,,,,common_01,0,,,,,,180,,,,,,,20404,,,,,,,,,,,,,,,,,,,,,,,,,,,,,,,,,5,"3,5,8,9,13,14,15,16,17,18,19",1.4|0,,,1,,,,,,,,,,,,,
28,幻音,140028,,57,3,140028_2,,,,,140028_1,,,,,,,,,-1,2,,999,守护时空的少女，喜欢旅行和音乐。,2,,1,,,999,skin28,180,60,60,220,120,120,,bodyeffcet,身体特效：身上飘散着电磁粒子。,,headicon,头像：解锁幻音头像。,,,,,,,,,,,,,,common_01,0,,,,,,180,,,,,,,20405,,,,,,,,,,,,,,,,,,,,,,,,,,,,,,,,,5,"3,5,8,9,13,14,15,16,17,18,19",1.4|0,,,2,,,,,,,,,,,,,
29,幻-零式,140029,,58,3,140029_2,,,,,140029_1,,,,,,,,,-1,2,,999,冰冷的躯壳下有一个炽热的灵魂，目标是星辰大海！,2,,1,,,999,skin29,180,60,60,220,120,120,,bodyeffcet,身体特效：背部飘散着电磁粒子。,,headicon,头像：解锁幻-零式头像。,,,,,,,,,,,,,,common_01,0,,,,,1.65,180,,,,,,,20406,,,,,,,,,,,,,,,,,,,,,,,,,10,lab_dresstheme_team,,,,,,,5,"3,5,8,9,13,14,15,16,17,18,19",1.35|0,,,2,,,,,,,,,,,,,
30,柳仙儿,140030,,59,3,140030_2,1,140030_3,,,140030_1,,,,,,,,,-1,2,,468,月中起舞的小仙女，传闻只有幸运的人才有缘得见。,2,,1,1599204237,1602345599,999,skin30,180,60,60,220,120,120,,bodyeffcet,身体特效：身上飘散着月牙。,,headicon,头像：解锁头像。,,skill,中秋节限时产出,,,,,,,,,,,dtxx_beijingtu01,-210,,,,icon_55,,180,,,,"30,159,442",20223,,20407,,,,,,,,,,,,,,,,,,,,,,,,,15,lab_dresstheme_butterfly,,,,,,,1,"3,5,8,9,13,14,15,16,17,18,19",1.4|0,,,2,,,,,,,,,,,,,
31,帕普奇,140031,,60,3,140031_2,1,140031_3,,,140031_1,,,,,,,,,-1,2,,268,一位神秘又强大的魔法师，拥有记载奇术的宝典和看似无用的魔法头套。,2,,1,1539792000,1541865600,999,skin31,180,60,60,220,120,120,,bodyeffcet,身体特效：散发魔法气息。,,headicon,头像：解锁南瓜人头像。,,,,,,,,,,,,,,common_01,0,,,,icon_61,,180,,,,,,,20408,,,,,,,,,,,,,,,,,,,,,,,,,,,,,,,,,5,"3,5,8,9,13,14,15,16,17,18,19",1.4|0,,,1,,,,,,,,,,,,,
32,米娜,140032,,61,3,140032_2,1,140032_3,,,140032_1,,,,,,,,,-1,2,,99,来自神秘海底王国的小公主，无意间迷路到了迷你世界。让她高兴的人，会听到她优美的歌声。,2,,1,,,999,skin32,180,60,60,220,120,120,,bodyeffcet,身体特效：身上散发着水珠。,,headicon,头像：解锁米娜头像,,footprint,行走足迹：走过的地方会留下贝壳脚印。,,,,,,,,,,,common_01,0,,,,,1.8,180,,,,,,,20409,,,,,,,,,,,,,,,,,,,,,,,,,20,lab_dresstheme_ygxl,,,,,,,5,"3,5,8,9,13,14,15,16,17,18,19",1.4|0,,,1,,,,,,,,,,,,,
33,雪灵,140033,,62,3,140033_2,,,,,140033_1,,,,,,,,,-1,2,,999,冬天的秘密，就是每片雪花都有生命，它们彼此守护。,2,,1,,,999,skin33,180,60,60,220,120,120,,bodyeffcet,身体特效：身上飘散着雪花。,,headicon,头像：解锁雪灵头像,,,,,,,,,,,,,,common_01,0,,,,,,180,,,,,,,20410,,,,,,,,,,,,,,,,,,,,,,,,,21,lab_dresstheme_rxyc,,,,,,,5,"3,5,8,9,13,14,15,16,17,18,19",1.4|0,,,1,,,,,,,,,,,,,
34,嘟嘟啵啵,140034,,63,,,,,,,140034_1,,,,,,,,,-1,2,,999,嘟嘟和啵啵是迷斯拉的好哥们，但常因为自己的力量太小而自卑。直到他们听说有一颗星球上能获得色彩魔法，便带着希望一路向前(购买迷你星工场图纸包，集齐嘟嘟+啵啵，将解锁随环境变换颜色的新装扮嘟嘟啵啵！),2,,4,,,999,skin34,180,60,60,220,120,120,,bodyeffcet,身体特效：随着环境变换颜色！,,headicon,头像：解锁头像。,,,,,,,,,,,,,,common_01,0,,,,,,180,,1,,,,,20411,,,,,,,,,,,,,,,,,,,,,,,,,,,,,,,,,5,"3,5,8,9,13,14,15,16,17,18,19",1.4|0,,,1,,,,,,,,,,,,,
35,嘟嘟,140034,1,65,,,,,,,140034_1,,,,,,,,,-1,2,,999,嘟嘟和啵啵是迷斯拉的好哥们，但常因为自己的力量太小而自卑。直到他们听说有一颗星球上能获得色彩魔法，便带着希望一路向前（购买迷你星工场图纸包解锁，集齐嘟嘟、啵啵装扮将解锁变色装扮嘟嘟啵啵！）,2,,,,,999,skin34,180,60,60,220,120,120,,headicon,头像：解锁头像。,,,,,,,,,,,,,,,,,common_01,0,,,,,,180,,1,,,,,20412,,,,,,,,,,,,,,,,,,,,,,,,,,,,,,,,,5,"3,5,8,9,13,14,15,16,17,18,19",1.4|0,,,1,,,,,,,,,,,,,
36,啵啵,140034,2,64,,,,,,,140034_1,,,,,,,,,-1,2,,999,嘟嘟和啵啵是迷斯拉的好哥们，但常因为自己的力量太小而自卑。直到他们听说有一颗星球上能获得色彩魔法，便带着希望一路向前（购买迷你星工场图纸包解锁，集齐嘟嘟、啵啵装扮将解锁变色装扮嘟嘟啵啵！）,2,,,,,999,skin34,180,60,60,220,120,120,,headicon,头像：解锁头像。,,,,,,,,,,,,,,,,,common_01,0,,,,,,180,,1,,,,,20413,,,,,,,,,,,,,,,,,,,,,,,,,,,,,,,,,5,"3,5,8,9,13,14,15,16,17,18,19",1.4|0,,,1,,,,,,,,,,,,,
37,梦歌,140035,,66,,,1,140035_3,,,140035_1,,,,,,,,,-1,2,,999,如从梦中出走的少女，想来一场说走就走的旅行。这一次不仅为了探险，更为了活出自己想要的样子。,2,,1,,,999,skin35,180,60,60,220,120,120,,headicon,头像：解锁头像。,,footprint,行走足迹：走过的地方留下花瓣脚印。,,,,,,,,,,,,,,common_01,0,,,,icon_55,,180,,,,"37,142",,,20414,,,,,,,,,,,,,,,,,,,,,,,,,9,lab_dresstheme_dream,,,,,,,5,"3,5,8,9,13,14,15,16,17,18,19",1.4|0,,,1,,,,,,,,,,,,,
38,斩浪,140036,,67,3,140036_2,1,140036_3,,,140036_1,,,,,,,,,-1,2,,999,久经风浪的水军大将，天下皆称此子有天蓬元帅下凡之能。,2,,1,,,999,skin36,180,60,60,220,120,120,,bodyeffcet,身体特效：身上散发水花！,,headicon,头像：解锁头像。,,footprint,行走足迹：走过的地方留下水花脚印。,,,,,,,,,,,dtxx_beijingtu02,0,,,,,1.7,180,,,,,20231,,20415,,,,,,,,,,,,,,,,,,,,,,,,,,,,,,,,,3,"3,5,8,9,13,14,15,16,17,18,19",1.4|0,,,1,,,,,,,,,,,,,
39,安吉洛斯,140037,,68,3,140037_2,,,,,140037_1,,,,,,,,,,,,,正直善良的安吉洛斯，挥舞手中的星杖，将爱心和希望洒落在迷你大陆的每个角落，守护着一代又一代的探险家们。（安吉洛斯仅能通过活动获得~）,2,解锁道具可由活动获得,1,,,999,skin37,180,60,60,220,120,120,,bodyeffcet,身体特效：身上飘散着羽毛！,,headicon,头像：解锁头像。,,,,,,,,,,,,,,common_01,0,,,,,,180,,,,,,,20416,,,,,,,,,,,,,,,,,,,,,,,,,,,,,,,,,5,"3,5,8,9,13,14,15,16,17,18,19",1.4|0,,,2,,,,,,,,,,,,,
40,暗星,140038,,69,3,140038_2,1,140038_3,,,140038_1,,,,,,,,,,,,,来自虚空的DJ，最爱劲爆的电音摇滚。有着超强节奏感的他，是派对舞台上最耀眼的星。,2,,1,,,999,skin38,180,60,60,220,120,120,,bodyeffcet,身体特效：尾巴带有闪电！,,headicon,头像：解锁头像。,,footprint,行走足迹：走过的地方留下音符脚印。,,,,,,,,,,,common_01,0,,,,,,180,,,,,,,20417,,,,,,,,,,,,,,,,,,,,,,,,,,,,,,,,,5,"3,5,8,9,13,14,15,16,17,18,19",1.4|0,,,1,,,,,,,,,,,,,
41,兰斯洛特,140039,,70,3,140039_2,,,,,140039_1,,,,,,,,,,,,,何为骑士之道？剑锋所指，正义必达！,2,,1,,,999,skin39,180,60,60,220,120,120,,bodyeffcet,身体特效：身上飘散着星光！,,headicon,头像：解锁头像。,,,,,, ,,,,,,,,common_01,0,,,,,,180,,,,,,,20418,,,,,,,,,,,,,,,,,,,,,,,,,,,,,,,,,5,"3,5,8,9,13,14,15,16,17,18,19",1.4|0,,,1,,,,,,,,,,,,,
42,喵小糖,140040,,71,,,1,140040_3,,,140040_1,,,,,,,,,,,,,系统网络连接正常，电磁炮台准备就绪。什么？说我是技术宅？不不不，这可是科学家的浪漫啊！哎？电力不足警告，要，要去充电啦。,2,,1,,,999,skin40,180,60,60,220,120,120,,headicon,头像：解锁头像。,,footprint,行走足迹：走过的地方会留下电子颗粒。,,,,,,,,,,,,,,common_01,0,,,,,,180,,,,,,,20419,,,,,,,,,,,,,,,,,,,,,,,,,10,lab_dresstheme_team,,,,,,,5,"3,5,8,9,13,14,15,16,17,18,19",1.4|0,,,1,,,,,,,,,,,,,
43,千兵卫,140041,,72,,,1,140041_3,,,140041_1,,,,,,,,,,,,,你的武功不错！但那也赶不上我迅捷如风的二刀流哇。,,,,,,999,skin41,180,60,60,220,120,120,,headicon,头像：解锁头像。,,footprint,行走足迹：走过的地方会留下尘埃脚印。,,,,,,,,,,,,,,common_01,0,,,,,,180,,,,,,,20420,,,,,,,,,,,,,,,,,,,,,,,,,15,lab_dresstheme_butterfly,,,,,,,5,"3,5,8,9,13,14,15,16,17,18,19",1.4|0,,,1,,,,,,,,,,,,,
44,星翼,140042,,73,,,1,140042_3,,,140042_1,,,,,,,,,-1,2,,298,“这次比赛的冠军奖杯，就是我的生日礼物!”热爱繁华都市生活的星翼又一次出现在了赛场上。对她来说，冠军固然重要，但更重要的是赢得漂亮！,,,,,,999,skin42,180,60,60,220,120,120,,headicon,头像：解锁头像。,,footprint,行走足迹：走过的地方会留下小爱心脚印。,,,,,,,,,,,,,,common_01,0,,,,,,180,,,,,,,20421,,,,,,,,,,,,,,,,,,,,,,,,,,,,,,,,,5,"3,5,8,9,13,14,15,16,17,18,19",1.4|0,,,1,,,,,,,,,,,,,
45,离,140043,,74,,,1,140043_3,,,140043_1,,,,,,,,,-1,2,,268,元气满满的刺客，经常自言自语的给自己打气。最喜欢使用飞针，以及将所有物品都织上毛线套。,,,,,,999,skin43,180,60,60,220,120,120,,headicon,头像：解锁头像。,,footprint,行走足迹：走过的地方会留下毛球脚印。,,,,,,,,,,,,,,common_01,0,,,,,,180,,,,,,,20422,,,,,,,,,,,,,,,,,,,,,,,,,15,lab_dresstheme_butterfly,,,,,,,5,"3,5,8,9,13,14,15,16,17,18,19",1.4|0,,,1,,,,,,,,,,,,,
46,黯,140044,,75,,,1,140044_3,,,140044_1,,,,,,,,,-1,2,,298,他希望自己在别人眼里是个冷酷的人，日常装冷酷。却常常因为注意力不集中而被搭档吐槽。,,,,,,999,skin44,180,60,60,220,120,120,,headicon,头像：解锁头像。,,footprint,行走足迹：走过的地方会留下飞镖脚印。,,,,,,,,,,,,,,common_01,0,,,,,,180,,,,,,,20423,,,,,,,,,,,,,,,,,,,,,,,,,15,lab_dresstheme_butterfly,,,,,,,5,"3,5,8,9,13,14,15,16,17,18,19",1.4|0,,,1,,,,,,,,,,,,,
47,啾啾,140045,,76,3,140045_2,,,,,140045_1,,,,,,,,,-1,2,,198,"你相信吗，天空的每一朵云，都有它独特的味道。我愿做你的翅膀,带你去世界最美丽的地方。",,,,,,999,skin45,180,60,60,220,120,120,,bodyeffcet,身体特效：皇冠上飘散着金光！,,headicon,头像：解锁头像。,,,,,,,,,,,,,,common_01,0,,,,,,180,,,,,,,20424,,,,,,,,,,,,,,,,,,,,,,,,,20,lab_dresstheme_ygxl,,,,,,,5,"3,5,8,9,13,14,15,16,17,18,19",1.4|0,,,1,,,,,,,,,,,,,
48,华乐,140046,,77,3,140046_2,,,,,140046_1,,,,,,,,,-1,2,,0,和平，就由我来守护，为了朋友和家园！,,,,,,999,skin46,180,60,60,220,120,120,,bodyeffcet,身体特效：背部机甲会飘散金色粒子和电光！,,headicon,头像：解锁头像。,,,,,,,,,,,,,,common_01,0,,,,,,180,,,,,,,20425,,,,,,,,,,,,,,,,,,,,,,,,,,,,,,,,,5,"3,5,8,9,13,14,15,16,17,18,19",1.4|0,,,1,,,,,,,,,,,,,
49,大毛,140047,,78,,,1,140047_3,,,140047_1,,,,,,,,,-1,2,,0,来自珠穆朗玛峰的小雪人，电影《雪人奇缘》中的主角。拥有操控自然的神奇魔力，在探险途中，与你一路暖萌相伴。,,,,,,999,skin47,180,60,60,220,120,120,,headicon,头像：解锁头像。,,footprint,行走足迹：走过的地方会留下冰晶大脚印。,,,,,,,,,,,,,,common_01,0,,,,,,180,,,,,,,20426,,,,,,,,,,,,,,,,,,,,,,,,,,,,,,,,,5,"3,5,8,9,13,14,15,16,17,18,19",1.4|0,,,1,,,,,,,,,,,,,
50,乔克,140048,,79,3,140048_2,1,140048_3,,,140048_1,,,,,,,,,-1,2,,0,“哟！远道而来的旅行者，想来看看不可思议的魔术表演吗？最奇妙的演出都在这里啦！”,,,,,,999,skin48,180,60,60,220,120,120,,headicon,头像：解锁头像。,,footprint,行走足迹：走过的地方会留下魔术图案。,,,,,,,,,,,,,,dtxx_beijingtu03,0,,,,icon_61,,180,,1,,,20245,,20427,,,,,,,,,,,,,,,,,,,,,,,,,,,,,,,,,1,"3,5,8,9,13,14,15,16,17,18,19",1.4|0,,,1,,,,,,,,,,,,,
51,小艾,140049,,80,,,1,140049_3,,,140049_1,,,,,,,,,-1,2,,0,哈哈！规则就是用来打破的，不过我可以给你一个甜蜜的理由！,,,,,,999,skin49,180,60,60,220,120,120,,headicon,头像：解锁头像。,,footprint,行走足迹：走过的地方会留下棒棒糖脚印。,,,,,,,,,,,,,,common_01,0,,,,,,180,,,,,,,20428,,,,,,,,,,,,,,,,,,,,,,,,,10,lab_dresstheme_team,,,,,,,5,"3,5,8,9,13,14,15,16,17,18,19",1.4|0,,,1,,,,,,,,,,,,,
52,擎天柱,140050,,81,3,140050_2,1,140050_3,,,140050_1,,,,,,,,,-1,2,,0,我是擎天柱，向星际间所有流亡的汽车人发出此讯息，我们在这里，等你们!,,,,,,999,skin50,180,60,60,220,120,120,,bodyeffcet,身体特效：游戏内可实现变形功能，切换形态！,,headicon,头像：解锁头像。,,footprint,行走足迹：走过的地方会留下阵营标志脚印。,1,changeicon,变形：点击左侧变形按钮，可切换机器人/载具形态！,,skill,变形金刚专属技能：汽车人攻防！,,,,,dtxx_beijingtu04,0,transformers_icon1,1,3449,icon_52,1.7,180,,,,,,,20429,,,,,,,,,,,,,,,,,,,,,,,,,17,lab_dresstheme_mecha,,,,,,,1,"3,5,8,9,13,14,15,16,17,18,19",1.1|0,,,1,,,,,,,,,,,,,
53,威震天,140051,,82,3,140051_2,1,140051_3,,,140051_1,,,,,,,,,-1,2,,0,不论是失败还是背叛，我永远不会被征服，我是威震天。,,,,,,999,skin51,180,60,60,220,120,120,,bodyeffcet,身体特效：游戏内可实现变形功能，切换形态！,,headicon,头像：解锁头像。,,footprint,行走足迹：走过的地方会留下阵营标志脚印。,1,changeicon,变形：点击左侧变形按钮，可切换机器人/载具形态！,,skill,变形金刚专属技能：聚变加农炮！,,,,,dtxx_beijingtu04,0,transformers_icon2,1,3451,icon_53,1.7,180,,,,,,,20430,,,,,,,,,,,,,,,,,,,,,,,,,17,lab_dresstheme_mecha,,,,,,,1,"3,5,8,9,13,14,15,16,17,18,19",1.2|0,,,1,,,,,,,,,,,,,
54,慕斯,140052,,83,,,1,140052_3,,,140052_1,,,,,,,,,-1,2,,0,圣诞节最不能缺少的，就是雪花、糕点、绚丽的魔法和甜甜的你！,,,,,,999,skin52,180,60,60,220,120,120,,headicon,头像：解锁头像。,,footprint,行走足迹：走过的地方会留下草莓脚印。,,,,,,,,,,,,,,dtxx_beijingtu05,0,,,,,,180,,,,,20248,,20431,,,,,,,,,,,,,,,,,,,,,,,,,,,,,,,,,3,"3,5,8,9,13,14,15,16,17,18,19",1.4|0,,,1,,,,,,,,,,,,,
55,金柚柚,140053,,84,,,1,140053_3,,,140053_1,,,,,,,,,-1,2,,0,初来到迷萌星球的可爱双子，来自一个丰饶富足的地方。开朗的金柚柚，最喜欢收集秋天的果实和落叶，然后在冬天做成各种物品提供给大家。用他的话说，共享才是「丰饶」的诀窍。,,,,,,999,skin53,180,60,60,220,120,120,,headicon,头像：解锁头像。,,footprint,行走足迹：走过的地方会留下栗子脚印。,,,,,,,,,,,,,,dtxx_beijingtu06,0,,,,,,180,,,,,,,20432,,,,,,,,,,,,,,,,,,,,,,,,,21,lab_dresstheme_rxyc,,,,,,,4,"3,5,8,9,13,14,15,16,17,18,19",1.4|0,,,1,,,,,,,,,,,,,
56,喜团团,140054,,85,3,140054_2,1,140054_3,,,140054_1,,,,,,,,,-1,2,,0,初来到迷萌星球的可爱双子，来自一个丰饶富足的地方。勤劳的喜团团，总要花很多时间用自己的能力去帮助难以抵抗寒冬的小动物。她希望有更多伙伴来一起传递这份「丰饶」的力量。,,,,,,999,skin54,180,60,60,220,120,120,,bodyeffcet,身体特效：身上飘散着花朵！,,headicon,头像：解锁头像。,,footprint,行走足迹：走过的地方会留下平安结脚印。,,,,,,,,,,,dtxx_beijingtu06,0,,,,,,180,,,,,,,20433,,,,,,,,,,,,,,,,,,,,,,,,,,,,,,,,,4,"3,5,8,9,13,14,15,16,17,18,19",1.4|0,,,1,,,,,,,,,,,,,
57,林千树,140055,,86,,,1,140055_3,,,140055_1,,,,,,,,,-1,2,,0,看起来是个不修边幅的老顽童，其实武功高强，是朔野城长老；同时也是程锦衣、离和黯的师傅。他觉得当今世上一个能打的都没有，所以脾气温和了许多，也多年不问江湖。,2,解锁道具可由活动获得,,,,999,skin55,180,60,60,220,120,120,,headicon,头像：解锁头像。,,footprint,行走足迹：走过的地方会留下酒葫芦脚印。,,,,,,,,,,,,,,common_01,0,,,,,,180,,,,,,,20434,,,,,,,,,,,,,,,,,,,,,,,,,,,,,,,,,5,"3,5,8,9,13,14,15,16,17,18,19",1.4|0,,,1,,,,,,,,,,,,,
58,大黄蜂,140056,,87,3,140056_2,1,140050_3,,,140056_1,,,,,,,,,-1,2,,0,我是大黄蜂，和你认识最久的朋友，擎天柱，我愿意为你付出我的生命。,,,,,,999,skin56,180,60,60,220,120,120,,bodyeffcet,身体特效：游戏内可实现变形功能，切换形态！,,headicon,头像：解锁头像。,,footprint,行走足迹：走过的地方会留下阵营标志脚印。,1,changeicon,变形：点击左侧变形按钮，可切换机器人/载具形态！,,skill,变形金刚专属技能：黄蜂突刺！ ,,,,,dtxx_beijingtu04,0,transformers_icon1,1,3453,icon_52,,180,,,,,,,20435,,,,,,,,,,,,,,,,,,,,,,,,,17,lab_dresstheme_mecha,,,,,,,1,"3,5,8,9,13,14,15,16,17,18,19",1.2|0,,,1,,,,,,,,,,,,,
59,花幽幽,140057,,88,3,140057_2,,,,,140057_1,,,,,,,,,-1,2,,0,仙气十足的花幽幽很享受徜徉在花海的感觉。她的房前屋后都种满了花朵，路过的小朋友都会被沁人的香气所吸引。而这次，听说魔法星球的能量会让鲜花产生一些奇妙的变化，作为园艺师的她欣然前往。,,,,,,999,skin57,180,60,60,220,120,120,,bodyeffcet,身体特效：身上飘散着星光！,,headicon,头像：解锁头像。,,,,,,,,,,,,,,common_01,0,,,,icon_55,,180,,,,"59,203",,,20436,,,,,,,,,,,,,,,,,,,,,,,,,5,lab_dresstheme_seasons,,,,,,,5,"3,5,8,9,13,14,15,16,17,18,19",1.4|0,,,2,,,,,,,,,,,,,
60,星灵,140058,,89,3,140058_2,1,140058_3,4,140058_4,140058_1,,,,,,,,,-1,2,,0,每一个来自天空的闪亮星灵，都在寻找和它志趣相投的小朋友。当小朋友对着天空许愿时它就能听到诉求，来到小朋友身边一起创造新世界。,,,,,,999,skin58,180,60,60,220,120,120,,bodyeffcet,身体特效：身上飘散着彩虹！,,headicon,头像：解锁头像。,,,,,,,,,,,,,,common_01,0,giflogo_60,,,,,180,,,,,,,20437,,,,,,,,,,,,,,,,,,,,,,,,,14,lab_dresstheme_star,,,,,,,5,"3,5,8,9,13,14,15,16,17,18,19",1.4|0,,,1,,,,,,,,,,,,,
61,雪球球,140059,,90,3,140059_2,1,140059_3,,,140059_1,,,,,,,,,-1,2,,0,雪山上的豹族少女，出生时就被选定成为高原上的守护者，从小就尽职尽责地保护这片净土。虽然很温柔，但面对家园危机时展现出了令人钦佩的勇气和坚强。,2,解锁道具可由活动获得,,,,999,skin59,180,60,60,220,120,120,,bodyeffcet,身体特效：身上飘散着雪花！,,headicon,头像：解锁头像。,,,,,,,,,,,,,,common_01,0,giflogo_61,,,,,180,,,,,,,20438,,,,,,,,,,,,,,,,,,,,,,,,,1,lab_dresstheme_party,,,,,,,5,"3,5,8,9,13,14,15,16,17,18,19",1.4|0,,,1,,,,,,,,,,,,,
62,爱丽丝,140060,,91,3,140060_2,,,,,140060_1,,,,,,,,,-1,2,,0,魔法学院的少女爱丽丝被一张扑克牌带入到了一个奇妙的世界。在那里，她邂逅了善良的兔子先生。尽管这是一场未知的冒险，但只要有兔子先生一起，在哪里都是奇妙之旅。,,,,,,999,skin62,180,60,60,220,120,120,,bodyeffcet,身体特效：身上飘散着印花！,,headicon,头像：解锁头像。,,,,,,,,,,,,,,dtxx_beijingtu08,0,,,,,,180,,,,,,,20439,,,,,,,,,,,,,,,,,,,,,,,,,6,lab_dresstheme_storyes,,,,,,,4,"3,5,8,9,13,14,15,16,17,18,19",1.4|0,,,1,,,,,,,,,,,,,
63,蛙太郎,140061,,92,,,1,140061_3,,,140061_1,,,,,,,,,-1,2,,0,在迷萌蛙族长大的他从小就学会了许多忍术，也练就了超强的抗打击力。比起训练，蛙太郎最喜欢的事情，还是在夏天的夜晚躺在池塘边的芦苇里，听取蛙声一片。,2,解锁道具可由活动获得,,,,999,skin63,180,60,60,220,120,120,,headicon,头像：解锁头像。,,footprint,行走足迹：走过的地方会留下青蛙脚印。,,,,,,,,,,,,,,common_01,0,,,,,,180,,,,,,,20440,,,,,,,,,,,,,,,,,,,,,,,,,,,,,,,,,5,"3,5,8,9,13,14,15,16,17,18,19",1.4|0,,,1,,,,,,,,,,,,,
64,红蜘蛛,140062,,93,3,140064_2,1,140051_3,,,140064_1,,,,,,,,,-1,2,,888,红蜘蛛觉得自己“命中注定就是霸天虎领袖”，喜欢逞一时的口舌之快，时刻想着与威震天争权夺利，因此无意中破坏了不少狂派的进攻计划，让威震天头疼不已。,2,,,,,999,skin64,180,60,60,220,120,120,,bodyeffcet,身体特效：游戏内可实现变形功能，切换形态！,,headicon,头像：解锁头像。,,footprint,行走足迹：走过的地方会留下阵营标志脚印。,1,changeicon,变形：点击左侧变形按钮，可切换机器人/载具形态！,,skill,变形金刚专属技能：空中警报！,,,,,dtxx_beijingtu04,0,transformers_icon2,1,3464,icon_53,,180,,,,,,,20441,,,,,,,,,,,,,,,,,,,,,,,,,17,lab_dresstheme_mecha,,,,,,,1,"3,5,8,9,13,14,15,16,17,18,19",1.2|0,,,1,,,,,,,,,,,,,
65,热破,140063,,94,3,140065_2,1,140050_3,,,140065_1,,,,,,,,,-1,2,,0,他沉稳、冷静、充满责任感，是博派的未来领袖，是宇宙和平新的希望，面对邪恶他无所畏惧，不论情况多么危险，他都会毫不迟疑地马上行动。,,,,,,999,skin65,180,60,60,220,120,120,,bodyeffcet,身体特效：游戏内可实现变形功能，切换形态！,,headicon,头像：解锁头像。,,footprint,行走足迹：走过的地方会留下阵营标志脚印。,1,changeicon,变形：点击左侧变形按钮，可切换机器人/载具形态！,,skill,变形金刚专属技能：红色闪电！,,,,,dtxx_beijingtu04,0,transformers_icon1,1,3466,icon_52,1.8,180,,,,,,,20442,,,,,,,,,,,,,,,,,,,,,,,,,17,lab_dresstheme_mecha,,,,,,,1,"3,5,8,9,13,14,15,16,17,18,19",1.2|0,,,1,,,,,,,,,,,,,
66,惊破天,140064,,95,3,140066_2,1,140051_3,,,140066_1,,,,,,,,,-1,2,,0,他是比威震天更强大更残酷无情的暴君，经过改造，他的征服与统治的自信和野心无人能及，他是力量的化身，整个宇宙都满足不了这个无情的暴君的胃口。,,,,,,999,skin66,180,60,60,220,120,120,,bodyeffcet,身体特效：游戏内可实现变形功能，切换形态！,,headicon,头像：解锁头像。,,footprint,行走足迹：走过的地方会留下阵营标志脚印。,1,changeicon,变形：点击左侧变形按钮，可切换机器人/载具形态！,,skill,变形金刚专属技能：聚变激光！,,,,,dtxx_beijingtu04,0,transformers_icon2,1,3468,icon_53,1.7,180,,,,,,,20443,,,,,,,,,,,,,,,,,,,,,,,,,,,,,,,,,1,"3,5,8,9,13,14,15,16,17,18,19",1.2|0,,,1,,,,,,,,,,,,,
67,全能玩家劳尔,140065,,96,3,140067_2,,,,,140067_1,,,,,,,,,-1,2,,0,游走在虚拟与现实之间，劳尔习惯把生活中的种种问题都当作游戏中的一个个关卡来解决。如果运气和实力都无法通关，那么就交给时间吧。时间会让人成长，而成长是解决问题的最终答案。,,解锁道具可由活动获得,,,,999,skin67,180,60,60,220,120,120,,bodyeffcet,身体特效：身上飘散着字符！,,headicon,头像：解锁头像。,,,,,,,,,,,,,,dtxx_beijingtu09,0,,,,,1.75,180,,,,,,,20444,,,,,,,,,,,,,,,,,,,,,,,,,,,,,,,,,4,"3,5,8,9,13,14,15,16,17,18,19",1.4|0,,,2,,,,,,,,,,,,,
68,电玩少女铃音,140066,,97,3,140068_2,,,,,140068_1,,,,,,,,,-1,2,,0,电玩少女铃音最喜欢的事，就是带着机械伙伴小魔方穿梭于虚拟与现实之间，饶有兴致地探索这个世界的乐趣，享受着热闹与繁华。但每次铃音都只是短暂停留，因为她一直在寻找能真正触动到她的霓虹光彩。,2,解锁道具可由活动获得,,,,999,skin68,180,60,60,220,120,120,,bodyeffcet,身体特效：身上飘散着紫色粒子！,,headicon,头像：解锁头像。,,,,,,,,,,,,,,dtxx_beijingtu10,0,,,,,,180,,,,,,,20445,,,,,,,,,,,,,,,,,,,,,,,,,1,lab_dresstheme_party,,,,,,,4,"3,5,8,9,13,14,15,16,17,18,19",1.4|0,,,2,,,,,,,,,,,,,
69,青弦,140067,,98,3,140069_2,,,,,140069_1,,,,,,,,,-1,2,,0,身为“粽艺坊”的传人，青弦却梦想着成为古筝大师。她与父母约定，只要她能让“粽艺坊”声名不坠，家人就不能阻止她学习古筝。对于青弦来说，“粽艺坊”与“古筝大师”，从来不是二选一，因为她两个都要。,,,,,,999,skin69,180,60,60,220,120,120,,bodyeffcet,身体特效：身上飘散着粽叶！,,headicon,头像：解锁头像。,,,,,,,,,,,,,,common_01,0,,,,,,180,,,,,,,20446,,,,,,,,,,,,,,,,,,,,,,,,,13,lab_dresstheme_feather,,,,,,,5,"3,5,8,9,13,14,15,16,17,18,19",1.4|0,,,1,,,,,,,,,,,,,
70,紫悦女孩,140068,,205,3,140070_2,,,,,140070_1,,,,,,,,,-1,2,,0,紫悦是最富有学识的小马。她热爱读书，擅长领导。宇宙公主让她到小马镇学习友谊的魔法，她不仅掌握了知识，还创造了新的友谊魔法。,,,,,,999,skin70,180,60,60,220,120,120,,bodyeffcet,身体特效：身上飘散着魔法字符！,,headicon,头像：解锁头像。,,,,,,,,,,,,,,dtxx_beijingtu11,0,giflogo_70,,,icon_54,,180,,,,,,,20447,,,,,,,,,,,,,,,,,,,,,,,,,7,lab_dresstheme_pony,,,,,,,5,"3,5,8,9,13,14,15,16,17,18,19",1.4|0,,,1,,,,,,,,,,,,,
71,宇宙公主女孩,140069,,206,3,140071_2,,,,,140071_1,,,,,,,,,-1,2,,468,她是极具影响力的小马国的统治者之一，拥有强大的魔法。虽然是掌管着白天的宇宙公主，却十分平易近人，喜欢吃蛋糕这一点，让她在端庄优雅之下也有可爱的一面。,,,,,,999,skin71,180,60,60,220,120,120,,bodyeffcet,身体特效：身上飘散着金色粒子！,,headicon,头像：解锁头像。,,,,,,,,,,,,,,dtxx_beijingtu12,0,giflogo_70,,,icon_54,,180,,,,,,,20448,,,,,,,,,,,,,,,,,,,,,,,,,7,lab_dresstheme_pony,,,,,,,1,"3,5,8,9,13,14,15,16,17,18,19",1.4|0,,,2,,,,,,,,,,,,,
72,柔柔女孩,140070,,207,3,140072_2,1,140072_3,,,140072_1,,,,,,,,,-1,2,,0,柔柔居住在小马谷边缘的木屋里，能与各种各样的动物进行沟通并与它们成为朋友，还可以指挥它们一起行动。她在和谐之元中代表“善良”。,,,,,,999,skin72,180,60,60,220,120,120,,bodyeffcet,身体特效：身上飘散着金色粒子！,,headicon,头像：解锁头像。,,,行走足迹：游戏版本过低,,,,,,,,,,,dtxx_beijingtu11,0,giflogo_70,,,icon_54,,180,,1,,,,,20449,,,,,,,,,,,,,,,,,,,,,,,,,7,lab_dresstheme_pony,,,,,,,5,"3,5,8,9,13,14,15,16,17,18,19",1.4|0,,,1,,,,,,,,,,,,,
73,月亮公主女孩,140071,,208,3,140073_2,1,140073_3,,,140073_1,,,,,,,,,-1,2,,468,月亮公主是宇宙公主的妹妹，小马利亚的第二统治者，负责掌管夜晚和梦境、升起月亮，经常拯救噩梦中的小马。她表面神秘冷漠，实则和蔼可亲。,,解锁道具可由活动获得,,,,999,skin73,180,60,60,220,120,120,,bodyeffcet,身体特效：身上飘散着月亮图案！,,headicon,头像：解锁头像。,,,行走足迹：游戏版本过低,,,,,,,,,,,dtxx_beijingtu12,0,giflogo_70,,,icon_54,,180,,1,,,,,20450,,,,,,,,,,,,,,,,,,,,,,,,,7,lab_dresstheme_pony,,,,,,,1,"3,5,8,9,13,14,15,16,17,18,19",1.4|0,,,2,,,,,,,,,,,,,
74,钢锁,140072,,209,3,140074_2,1,140050_3,,,140074_1,,,,,,,,,-1,2,,0,钢锁是机器恐龙的指挥官，是最强大的机器恐龙，他冒失莽撞的个性让汽车人们头痛不已，但也以他的勇敢率领恐龙们多次拯救汽车人于危难。,,解锁道具可由活动获得,,,,999,skin74,180,60,60,220,120,120,,bodyeffcet,身体特效：电磁火花闪烁,,headicon,头像：解锁头像。,,footprint,行走足迹：走过的地方会留下阵营标志脚印。,1,changeicon,变形：点击左侧变形按钮，可切换机器人/机械恐龙形态！,,skill,变形金刚专属技能：暴龙咆哮！,,,,,dtxx_beijingtu04,0,transformers_icon1,3,3473,icon_52,1.7,180,,,,,,,20451,,,,,,,,,,,,,,,,,,,,,,,,,,,,,,,,,1,"3,5,8,9,13,14,15,16,17,18,19",1.1|0,,,1,,,,,,,,,,,,,
75,飞标,140073,,210,3,140075_2,1,140050_3,,,140075_1,,,,,,,,,-1,2,,0,飞标的单纯思想和莽撞行为有时令人头痛不已，但其实他是一位心地善良的勇士，他在机器恐龙队伍中发挥着巨大作用，肩负着战前侦查的重要使命。,,,1,1599204237,1603036799,999,skin75,180,60,60,220,120,120,,bodyeffcet,身体特效：电磁火花闪烁,,headicon,头像：解锁头像。,,footprint,行走足迹：走过的地方会留下阵营标志脚印。,1,changeicon,变形：点击左侧变形按钮，可切换机器人/机械恐龙形态！,,skill,变形金刚专属技能：迅捷之翼！,,,,,dtxx_beijingtu04,0,transformers_icon1,3,3475,icon_52,1.9,180,,,,,,,20452,,,,,,,,,,,,,,,,,,,,,,,,,,,,,,,,,1,"3,5,8,9,13,14,15,16,17,18,19",1.1|0,,,1,,,,,,,,,,,,,
76,嚎叫,140074,,211,3,140076_2,1,140050_3,,,140076_1,,,,,,,,,-1,2,,0,嚎叫是个不合群的家伙，他喜欢让别人去处理战略方面的事，自己只要听从钢锁派遣直接去打仗就好了。这也让他成为钢锁在战场上最得力的战士。,,,,,,999,skin76,180,60,60,220,120,120,,bodyeffcet,身体特效：电磁火花闪烁,,headicon,头像：解锁头像。,,footprint,行走足迹：走过的地方会留下阵营标志脚印。,1,changeicon,变形：点击左侧变形按钮，可切换机器人/机械恐龙形态！,,skill,变形金刚专属技能：骨刺横扫！,,,,,dtxx_beijingtu04,0,transformers_icon1,3,3477,icon_52,1.8,180,,,,,,,20453,,,,,,,,,,,,,,,,,,,,,,,,,,,,,,,,,1,"3,5,8,9,13,14,15,16,17,18,19",1.2|0,,,1,,,,,,,,,,,,,
77,色彩旅行者达奇,140075,,212,3,140077_2,1,140077_3,,,140077_1,,,,,,,,,-1,2,,0,传说他是一名用色彩魔法净化世界的旅行画家。暖色调热情多变，冷色调安静柔和。达奇亦是如此：橙色与蓝色的结合，调出了他的颜色；冷静与热诚的结合，调出了他的性格。,2,解锁道具可由活动获得,,,,999,skin77,180,60,60,220,120,120,,headicon,头像：解锁头像。,,footprint,行走足迹：走过的地方会留下蓝色颜料。,,,,,,,,,,,,,,common_01,0,,,,,,180,,1,,,,,20454,,,,,,,,,,,,,,,,,,,,,,,,,,,,,,,,,5,"3,5,8,9,13,14,15,16,17,18,19",1.3|0,,,1,,,,,,,,,,,,,
78,塔莉娅,140076,,213,3,140078_2,1,140078_3,,,140078_1,,,,,,,,,-1,2,,0,“来跟我交换吧！只要你有足够特别和有创意的事物，我会付给你你梦想的一切！”一封署名塔莉娅的信被送到了迷你宇宙所有爱好魔法的人手里。一个1900号浮岛，一位美丽又神秘的女王，在奥法星横空出世。,2,解锁道具可由活动获得,,,,999,skin78,180,60,60,220,120,120,,bodyeffcet,身体特效：身上飘散着紫色的花瓣！,,headicon,头像：解锁头像。,,footprint,行走足迹：走过的地方会留下玫瑰花图案,,,,,,,,,,,dtxx_beijingtu13,0,,,,,,180,,1,,,,,20455,,,,,,,,,,,,,,,,,,,,,,,,,,,,,,,,,3,"3,5,8,9,13,14,15,16,17,18,19",1.3|0,,,1,,,,,,,,,,,,,
79,森林隐者巫塔,140077,,214,3,140079_2,1,140079_3,,,140079_1,,,,,,,,,-1,2,,0,巫塔总是藏在森林深处，只在特定季节现身。他常常用神奇的巫术给人治疗疾病，驱逐噩梦。他能听到动物和精灵的心声，并给予回应和抚慰。他是神秘莫测的森林隐者，也是值得尊敬的森林之子。,2,,,,,999,skin79,180,60,60,220,120,120,,bodyeffcet,身体特效：巫术符文飞扬！,,headicon,头像：解锁头像。,,,,,,,,,,,,,,common_01,0,,,,,,180,,1,,,,,20456,,,,,,,,,,,,,,,,,,,,,,,,,,,,,,,,,5,"3,5,8,9,13,14,15,16,17,18,19",1.3|0,,,1,,,,,,,,,,,,,
80,兔子先生拉比,140078,,215,3,skin80_body,,,,,skin80_showup,,,,,,,,,-1,2,,0,拉比最得意的事就是他能变成兔子先生在不同星球间穿梭旅行。可是爱丽丝却似乎能看穿他的伪装。一张偶然掉落的扑克牌让他们相遇，奇妙的冒险之旅随之开启。这是扑克的魔法吗？不，这是命运的魔法！,2,解锁道具可由活动获得,,,,999,skin80,180,60,60,220,120,120,,bodyeffcet,身体特效：身上飘着兔子纹章,,headicon,头像：解锁头像。,,skill,仅限礼盒产出,1,changeicon,变形：点击左侧变形按钮，可切换兔子/ 人形形态！,,skill,兔子先生专属技能：时间告急！,,,,,dtxx_beijingtu08,0,,1,3482,,1.8,180,,1,,,,,20458,,,,,,,,,,,,,,,,,,,,,,,,,6,lab_dresstheme_storyes,,,,,,,4,"3,5,8,9,13,14,15,16,17,18,19",1.2|0,,,1,,,,,,,,,,,,,
81,碧琪女孩,140079,,216,3,skin81_body,,,,,skin81_showup,,,,,,,,,-1,2,,0,碧琪是最出名的“派对小马”，有超常的精力。她个性开朗活泼，喜爱恶作剧和唱歌，还擅长制作甜点。她在和谐之元中代表“欢笑”。,2,,,,,999,skin81,180,60,60,220,120,120,,bodyeffcet,身体特效：身上飘着粉色爱心！,,headicon,头像：解锁头像。,,,,,,,,,,,,,,dtxx_beijingtu11,0,giflogo_70,,,icon_54,,180,,1,,,,,20459,,,,,,,,,,,,,,,,,,,,,,,,,7,lab_dresstheme_pony,,,,,,,5,"3,5,8,9,13,14,15,16,17,18,19",1.4|0,,,1,,,,,,,,,,,,,
82,白夜女巫卡洛儿,140080,,217,3,skin82_body,,,,,skin82_showup,,,,,,,,,-1,2,,0,卡洛儿喜欢糖果，因为糖果总是带给她好运。流落街头的时候是糖果店收留了她，一颗糖果让她结识了小幽灵“白夜”，也是糖果让她顺利领悟了魔法。抽取一颗今日糖果吧！卡洛儿的糖罐一定会带给你惊喜。,2,,,,,999,skin82,180,60,60,220,120,120,,bodyeffcet,身体特效：身上飘着光之魔法！,,headicon,头像：解锁头像。,,,,,,,,,,,,,,dtxx_beijingtu14,0,,,,,,180,,1,,,,,20460,,,,,,,,,,,,,,,,,,,,,,,,,,,,,,,,,4,"3,5,8,9,13,14,15,16,17,18,19",1.2|0,,,1,,,,,,,,,,,,,
83,余小欢,140083,,218,3,140083_2,1,140083_3,,,140083_1,,,,,,,,,-1,2,,0,余小欢非常喜欢动画里的超级英雄，当她从一位真正的超级英雄那里得到鼓励之后，披上了星星披风的她相信只要多做好事尽力帮助需要帮忙的人，自己长大以后肯定能成为超级英雄。,2,解锁道具可由活动获得,,,,999,skin83,180,60,60,220,120,120,,headicon,头像：解锁头像。,,footprint,行走足迹：走过的地方会留下水花脚印,,,,,,,,,,,,,,common_01,0,,,,,,180,,,,,,,20461,,,,,,,,,,,,,,,,,,,,,,,,,,,,,,,,,5,"3,5,8,9,13,14,15,16,17,18,19",1.4|0,,,1,,,,,,,,,,,,,
84,章小丸,140084,,219,3,140084_2,1,140084_3,,,140084_1,,,,,,,,,-1,2,,0,作为迷萌章鱼族的一员，章小丸却并不愿意一直在海底水草村中生活。大海很辽阔，但他更喜欢浮在海面上，观察璀璨的星空。虽然他没有翅膀，不过他可以通过努力和朋友们的帮助，制造冲向星空的火箭！,2,解锁道具可由活动获得,,,,999,skin84,180,60,60,220,120,120,,bodyeffcet,身体特效：身上飘着浪花泡泡,,headicon,头像：解锁头像。,,footprint,行走足迹：走过的地方会留下星星印记,,,,,,,,,,,common_01,0,,,,,,180,,,,,,,20462,,,,,,,,,,,,,,,,,,,,,,,,,,,,,,,,,5,"3,5,8,9,13,14,15,16,17,18,19",1.4|0,,,1,,,,,,,,,,,,,
85,熊小吉,140085,,220,3,,1,140085_3,,,140085_1,,,,,,,,,-1,2,,999,人生就是一次探险，探险也是一次测试。危险能够让人认清自己，奔跑就不会被时代抛弃。想要挑战不可能，就跟熊小吉一起去探险吧。,2,解锁道具可由活动获得,,,,999,skin85,180,60,60,220,120,120,,headicon,头像：解锁头像。,,footprint,行走足迹：走过的地方会留下白熊脚印,,,,,,,,,,,,,,common_01,0,,,,,,180,,,,,,,20463,,,,,,,,,,,,,,,,,,,,,,,,,14,lab_dresstheme_star,,,,,,,5,"3,5,8,9,13,14,15,16,17,18,19",1.4|0,,,1,,,,,,,,,,,,,
86,星光熠熠女孩,140086,,221,3,140086_2,1,140086_3,,,140086_1,,,,,,,,,-1,2,,268,她拥有不亚于紫悦的强大魔法能力，企图建立“乌托邦”小镇。后被紫悦说服，成为了主角们的朋友。现在的她已成为友谊学校的校长。,2,,,,,999,skin86,180,60,60,220,120,120,,bodyeffcet,身体特效：身上飘着蓝色星光,,headicon,头像：解锁头像。,,,,,,,,,,,,,,dtxx_beijingtu11,0,giflogo_70,,,icon_54,,180,,,,,,,20464,,,,,,,,,,,,,,,,,,,,,,,,,7,lab_dresstheme_pony,,,,,,,5,"3,5,8,9,13,14,15,16,17,18,19",1.4|0,,,1,,,,,,,,,,,,,
87,云宝女孩,140087,,222,3,140087_2,1,140087_3,,,140087_1,,,,,,,,,-1,2,,268,云宝勇敢且外向。喜欢冒险，也喜欢恶作剧。她飞行速度极快，还带着彩虹拖尾，彩虹音爆是她的拿手好戏。她在和谐之元中代表“忠诚”。,2,,,,,999,skin87,180,60,60,220,120,120,,bodyeffcet,身体特效：身上带着彩虹拖尾,,headicon,头像：解锁头像。,,,,,,,,,,,,,,dtxx_beijingtu11,0,giflogo_70,,,icon_54,,180,,,,,,,20465,,,,,,,,,,,,,,,,,,,,,,,,,18,lab_dresstheme_cyclone,,,,,,,5,"3,5,8,9,13,14,15,16,17,18,19",1.4|0,,,2,,,,,,,,,,,,,
88,音韵公主女孩,140088,,223,3,140088_2,1,140088_3,,,140088_1,,,,,,,,,-1,2,,468,她是宇宙公主以前的学生，漂亮、体贴、善良，因击败黑晶王而成为水晶帝国的守护者。可爱标记也是水晶帝国的象征，代表爱与光明。,2,,,,,999,skin88,180,60,60,220,120,120,,bodyeffcet,身体特效：身上飘散着水晶宝石,,headicon,头像：解锁头像。,,,,,,,,,,,,,,dtxx_beijingtu15,0,giflogo_70,,,icon_54,,180,,,,,,,20466,,,,,,,,,,,,,,,,,,,,,,,,,7,lab_dresstheme_pony,,,,,,,4,"3,5,8,9,13,14,15,16,17,18,19",1.4|0,,,2,,,,,,,,,,,,,
89,初暮,140089,,224,3,140089_2,1,140089_3,,,140089_1,,,,,,,,,-1,2,,999,“跟我一起来研究大自然的奥妙吧！”魔法学院的初暮总是不遗余力地向人推荐昆虫的魔法，她的热情好学为她赢得了米西亚教授的青睐。,2,,,,,999,skin89,180,60,60,220,120,120,,bodyeffcet,身体特效：身上飘着发光的蝴蝶,,headicon,头像：解锁头像。,,footprint,行走足迹：走过的地方留下月蛾脚印,,,,,,,,,,,common_01,0,giflogo_71,,,,,180,,,,,,,20467,,,,,,,,,,,,,,,,,,,,,,,,,19,lab_dresstheme_mfxz,,,,,,,5,"3,5,8,9,13,14,15,16,17,18,19",1.4|0,,,1,,,,,,,,,,,,,
90,冲云霄,140090,,225,3,140090_2,1,140051_3,,,140090_1,,,,,,,,,-1,2,,1588,冲云霄由五名巨狰狞队员合体而成，具有超级攻防能力，是狂派阵营最致命的战斗机器。他能完全集中注意力於猎杀上，作为战士，他无人能敌；作为武器，他无坚不摧。,2,,,,,999,skin90,180,60,60,220,120,120,,bodyeffcet,身体特效：游戏内可实现变形功能，切换形态！,,headicon,头像：解锁头像。,,footprint,行走足迹：走过的地方会留下阵营标志脚印。,1,changeicon,变形：点击左侧变形按钮，可切换多人组合模式！,,skill,变形金刚专属技能：狰狞之力！,,,,,dtxx_beijingtu16,0,transformers_icon2,2,91|94|95|93|92,icon_53,1.5,180,,,,,,,20468,,,,,,,,,,,,,,,,,,,,,,,,,,,,,,,,,1,"3,5,8,9,13,14,15,16,17,18,19",0.95|0,,,1,,,,,,,,,,,,,
91,利爪,140091,,226,3,140091_2,1,140051_3,,,140091_1,,,,,,,,,-1,2,,999,,2,,,,,999,skin91,180,60,60,220,120,120,,bodyeffcet,身体特效：游戏内可实现变形功能，切换形态！,,headicon,头像：解锁头像。,,footprint,行走足迹：走过的地方会留下阵营标志脚印。,,,,,,,,,,,common_01,0,transformers_icon2,2,,icon_53,,180,,,,,,,20469,,,,,,,,,,,,,,,,,,,,,,,,,,,,,,,,,5,"3,5,8,9,13,14,15,16,17,18,19",1.4|0,,,1,,,,,,,,,,,,,
92,铁头,140092,,227,3,140092_2,1,140051_3,,,140092_1,,,,,,,,,-1,2,,999,,2,,,,,999,skin92,180,60,60,220,120,120,,bodyeffcet,身体特效：游戏内可实现变形功能，切换形态！,,headicon,头像：解锁头像。,,footprint,行走足迹：走过的地方会留下阵营标志脚印。,,,,,,,,,,,common_01,0,transformers_icon2,2,,icon_53,,180,,,,,,,20470,,,,,,,,,,,,,,,,,,,,,,,,,,,,,,,,,5,"3,5,8,9,13,14,15,16,17,18,19",1.4|0,,,1,,,,,,,,,,,,,
93,野牛,140093,,228,3,140093_2,1,140051_3,,,140093_1,,,,,,,,,-1,2,,999,,2,,,,,999,skin93,180,60,60,220,120,120,,bodyeffcet,身体特效：游戏内可实现变形功能，切换形态！,,headicon,头像：解锁头像。,,footprint,行走足迹：走过的地方会留下阵营标志脚印。,,,,,,,,,,,common_01,0,transformers_icon2,2,,icon_53,,180,,,,,,,20471,,,,,,,,,,,,,,,,,,,,,,,,,,,,,,,,,5,"3,5,8,9,13,14,15,16,17,18,19",1.4|0,,,1,,,,,,,,,,,,,
94,猛虎,140094,,229,3,140094_2,1,140051_3,,,140094_1,,,,,,,,,-1,2,,999,,2,,,,,999,skin94,180,60,60,220,120,120,,bodyeffcet,身体特效：游戏内可实现变形功能，切换形态！,,headicon,头像：解锁头像。,,footprint,行走足迹：走过的地方会留下阵营标志脚印。,,,,,,,,,,,common_01,0,transformers_icon2,2,,icon_53,,180,,,,,,,20472,,,,,,,,,,,,,,,,,,,,,,,,,,,,,,,,,5,"3,5,8,9,13,14,15,16,17,18,19",1.4|0,,,1,,,,,,,,,,,,,
95,大鹏,140095,,230,3,140095_2,1,140051_3,,,140095_1,,,,,,,,,-1,2,,999,,2,,,,,999,skin95,180,60,60,220,120,120,,bodyeffcet,身体特效：游戏内可实现变形功能，切换形态！,,headicon,头像：解锁头像。,,footprint,行走足迹：走过的地方会留下阵营标志脚印。,,,,,,,,,,,common_01,0,transformers_icon2,2,,icon_53,,180,,,,,,,20473,,,,,,,,,,,,,,,,,,,,,,,,,,,,,,,,,5,"3,5,8,9,13,14,15,16,17,18,19",1.4|0,,,1,,,,,,,,,,,,,
96,大无畏,140096,,231,3,140096_2,1,140050_3,,,140096_1,,,,,,,,,-1,2,,1588,大无畏由飞行太保队员合体而成，他的所有行为均遵循两个基本原则：一、消灭霸天虎；二、保护他人。在邪恶势力临近的时刻，他将挺身而出，保卫地球和平。,2,,,,,999,skin96,180,60,60,220,120,120,,bodyeffcet,身体特效：游戏内可实现变形功能，切换形态！,,headicon,头像：解锁头像。,,footprint,行走足迹：走过的地方会留下阵营标志脚印。,1,changeicon,变形：点击左侧变形按钮，可切换多人组合模式！,,skill,变形金刚专属技能：无畏之力！,,,,,dtxx_beijingtu17,0,transformers_icon1,2,97|98|99|100|101,icon_52,1.5,180,,,,,,,20474,,,,,,,,,,,,,,,,,,,,,,,,,17,lab_dresstheme_mecha,,,,,,,1,"3,5,8,9,13,14,15,16,17,18,19",0.95|0,,,1,,,,,,,,,,,,,
97,银剑,140097,,232,3,140097_2,1,140050_3,,,140097_1,,,,,,,,,-1,2,,999,,2,,,,,999,skin97,180,60,60,220,120,120,,bodyeffcet,身体特效：游戏内可实现变形功能，切换形态！,,headicon,头像：解锁头像。,,footprint,行走足迹：走过的地方会留下阵营标志脚印。,,,,,,,,,,,common_01,0,transformers_icon1,2,,icon_52,,180,,,,,,,20475,,,,,,,,,,,,,,,,,,,,,,,,,,,,,,,,,5,"3,5,8,9,13,14,15,16,17,18,19",1.4|0,,,1,,,,,,,,,,,,,
98,弹弓,140098,,233,3,140098_2,1,140050_3,,,140098_1,,,,,,,,,-1,2,,999,,2,,,,,999,skin98,180,60,60,220,120,120,,bodyeffcet,身体特效：游戏内可实现变形功能，切换形态！,,headicon,头像：解锁头像。,,footprint,行走足迹：走过的地方会留下阵营标志脚印。,,,,,,,,,,,common_01,0,transformers_icon1,2,,icon_52,,180,,,,,,,20476,,,,,,,,,,,,,,,,,,,,,,,,,,,,,,,,,5,"3,5,8,9,13,14,15,16,17,18,19",1.4|0,,,1,,,,,,,,,,,,,
99,俯冲,140099,,234,3,140099_2,1,140050_3,,,140099_1,,,,,,,,,-1,2,,999,,2,,,,,999,skin99,180,60,60,220,120,120,,bodyeffcet,身体特效：游戏内可实现变形功能，切换形态！,,headicon,头像：解锁头像。,,footprint,行走足迹：走过的地方会留下阵营标志脚印。,,,,,,,,,,,common_01,0,transformers_icon1,2,,icon_52,,180,,,,,,,20477,,,,,,,,,,,,,,,,,,,,,,,,,,,,,,,,,5,"3,5,8,9,13,14,15,16,17,18,19",1.4|0,,,1,,,,,,,,,,,,,
100,空袭,140100,,235,3,140100_2,1,140050_3,,,140100_1,,,,,,,,,-1,2,,999,,2,,,,,999,skin100,180,60,60,220,120,120,,bodyeffcet,身体特效：游戏内可实现变形功能，切换形态！,,headicon,头像：解锁头像。,,footprint,行走足迹：走过的地方会留下阵营标志脚印。,,,,,,,,,,,common_01,0,transformers_icon1,2,,icon_52,,180,,,,,,,20478,,,,,,,,,,,,,,,,,,,,,,,,,,,,,,,,,5,"3,5,8,9,13,14,15,16,17,18,19",1.4|0,,,1,,,,,,,,,,,,,
101,飞火,140101,,236,3,140101_2,1,140050_3,,,140101_1,,,,,,,,,-1,2,,999,,2,,,,,999,skin101,180,60,60,220,120,120,,bodyeffcet,身体特效：游戏内可实现变形功能，切换形态！,,headicon,头像：解锁头像。,,footprint,行走足迹：走过的地方会留下阵营标志脚印。,,,,,,,,,,,common_01,0,transformers_icon1,2,,icon_52,,180,,,,,,,20479,,,,,,,,,,,,,,,,,,,,,,,,,,,,,,,,,5,"3,5,8,9,13,14,15,16,17,18,19",1.4|0,,,1,,,,,,,,,,,,,
102,圣婴,140102,,237,3,140102_2,1,140102_3,,,140102_1,,,,,,,,,-1,2,,999,小爷枪法仙奉第一。若有不服，来战便是！,2,在抽奖里获取,,,,999,skin102,180,60,60,220,120,120,,footprint,行走足迹：走过的地方会留下大圣脚印,,headicon,头像：解锁头像。,,skill,仅限礼盒产出,,,,,,,,,,,dtxx_beijingtu18,0,,,,,,180,,,,,,,20480,,,,,,,,,,,,,,,,,,,,,,,,,,,,,,,,,3,"3,5,8,9,13,14,15,16,17,18,19",1.4|0,,,1,,,,,,,,,,,,,
103,魔炎,140103,,238,3,140103_2,1,140103_3,,,140103_1,,,,,,,,,-1,2,,999,我，我就是火焰之主！风林火山，就是我的信条！,2,,,,,999,skin103,180,60,60,220,120,120,,bodyeffcet,身体特效：身上飘散着妖王之气,,headicon,头像：解锁头像。,,,,1,changeicon,变形：点击左侧变形按钮，可切换牛/ 人形形态！,,skill,魔炎专属技能：蛮牛之力！,,,,,dtxx_beijingtu18,0,,1,3494,icon_61,,180,,,,,,,20481,,,,,,,,,,,,,,,,,,,,,,,,,,,,,,,,,3,"3,5,8,9,13,14,15,16,17,18,19",1.37|0,,,1,,,,,,,,,,,,,
104,灵瑶,140104,,239,3,140104_2,1,140104_3,,,140104_1,,,,,,,,,-1,2,,999,据说风神宫有一位华丽而优雅的女主人。哦呵呵，除了我还能是谁呢？,2,,,,,999,skin104,180,60,60,220,120,120,,bodyeffcet,身体特效：身上飘散着金色花瓣,,headicon,头像：解锁头像。,,,,,,,,,,,,,,dtxx_beijingtu18,0,,,,,,180,,,,,,,20482,,,,,,,,,,,,,,,,,,,,,,,,,10,lab_dresstheme_team,,,,,,,3,"3,5,8,9,13,14,15,16,17,18,19",1.4|0,,,1,,,,,,,,,,,,,
105,小红帽阿夏尔,140105,,240,3,140105_2,1,140105_3,,,140105_1,,,,,,,,,-1,2,,999,整理着装是阿夏尔每天起床后的第一要务，毕竟得让自己的形象衬得上这高贵的独角兽才行。不过最近，许多人都在打这独角兽的主意。这可是沃尔夫费尽心思才驯服送给自己的生日礼物，她才不会交给任何人呢！,2,,,,,999,skin105,180,60,60,220,120,120,,footprint,行走足迹：走过的地方会留下小红帽脚印,,headicon,头像：解锁头像。,,,,,,,,,,,,,,dtxx_beijingtu19,-380,,,,,,180,,,,,,,20483,,,,,,,,,,,,,,,,,,,,,,,,,6,lab_dresstheme_storyes,,,,,,,5,"3,5,8,9,13,14,15,16,17,18,19",1.4|0,,,1,,,,,,,,,,,,,
106,迷小酷,140106,,241,3,140106_2,1,140106_3,,,140106_1,,,,,,,,,-1,2,,999,《迷你星工场》特邀导师，原迷你编程金牌导师，拥有神奇的编程之力。在迷你星工场中完成创作任务即可获得。,2,在迷你星工场app完成任务获取,,,,999,skin106,180,60,60,220,120,120,,bodyeffcet,身体特效：身上飘散着科幻粒子！,,headicon,头像：解锁头像。,,,行走足迹：走过的地方会留下脚印,,,,,,,,,,,common_01,0,,,,,,180,,,,,,,20484,,,,,,,,,,,,,,,,,,,,,,,,,,,,,,,,,5,"3,5,8,9,13,14,15,16,17,18,19",1.4|0,,,1,,,,,,,,,,,,,
107,狼少年沃尔夫,140107,,242,3,140107_2,1,140107_3,,,140107_1,,,,,,,,,-1,2,,999,“悄悄告诉你个秘密，狼外婆是真的！”沃尔夫和阿夏尔最喜欢童话故事。今天，他穿上狼外套和外婆的围裙，准备化身大灰狼，逗逗那个爱演戏的阿夏尔。既然大家都中了魔法咒语，那就亲自完成一场属于自己的童话之旅吧！,2,,,,,999,skin107,180,60,60,220,120,120,,footprint,行走足迹：走过的地方会留下狼少年脚印,,headicon,头像：解锁头像。,,,,,,,,,,,,,,dtxx_beijingtu26,-380,,,,,1.8,180,,,,,,,20485,,,,,,,,,,,,,,,,,,,,,,,,,6,lab_dresstheme_storyes,,,,,,,5,"3,5,8,9,13,14,15,16,17,18,19",1.4|0,,,1,,,,,,,,,,,,,
108,天仙子 雅,140108,,243,3,140108_2,1,140108_3,,,140108_1,,,,,,,,,-1,2,,999,身回云阙，鼓钟钦钦。仙奉星的锦绣繁华使能歌善舞的天仙子也被它所吸引。她带着四弦阮周游世界，无论她的曲调如何流转，不变的是内心的从容和舒展。,2,,,,,999,skin108,180,60,60,220,120,120,,bodyeffcet,身体特效：身上飘散着金色辉光,,headicon,头像：解锁头像。,,,,,,,,,,,,,,common_01,0,,,,,,180,,,,,,,20486,,,,,,,,,,,,,,,,,,,,,,,,,22,lab_dresstheme_gyss,,,,,,,5,"3,5,8,9,13,14,15,16,17,18,19",1.4|0,,,2,,,,,,,,,,,,,
109,临江仙 颂,140109,,244,3,140109_2,1,140109_3,,,140109_1,,,,,,,,,-1,2,,0,“白雁西风紫塞，皂雕落日黄沙。夕阳西下，是谁在奏响琵琶？”经历了人世间的坎坷，他决定追随内心的选择，留在仙奉星以龙为伴，洗心游胜境，从此去尘蒙。,2,解锁道具可由活动获得,,,,999,skin109,180,60,60,220,120,120,,headicon,头像：解锁头像。,,footprint,行走足迹：走过的地方会留下龙神脚印。,,,,,,,,,,,,,,common_01,0,,,,,,180,,,,,,,20487,,,,,,,,,,,,,,,,,,,,,,,,,1,lab_dresstheme_party,,,,,,,5,"3,5,8,9,13,14,15,16,17,18,19",1.4|0,,,1,,,,,,,,,,,,,
110,红玫瑰少女 仙杜瑞拉,140110,,245,3,140110_2,1,140110_3,,,140110_1,,,,,,,,,-1,2,,999,夏天的夜晚，魔法花园在举行盛大舞会。仙度瑞拉惊奇地发现，曾在梦中出现过的那抹蓝，正走向舞台中心。随他而来的，是和她发现的遗落花瓣一样的——蓝色绣球花。,2,,,,,999,skin110,180,60,60,220,120,120,,headicon,头像：解锁头像。,,footprint,行走足迹：走过的地方会留下粉蔷薇脚印。,,,,,,,,,,,,,,common_01,0,,,,,,180,,,,,,,20488,,,,,,,,,,,,,,,,,,,,,,,,,,,,,,,,,5,"3,5,8,9,13,14,15,16,17,18,19",1.4|0,,,1,,,,,,,,,,,,,
111,橘子,140112,,246,3,140112_2,1,140112_3,,,140112_1,,,,,,,,,-1,2,,999,“天才美食家，就是要吃遍四方！不过世上的美食那么多，我最喜欢的，还是爸爸妈妈做的鲷鱼烧的味道。”——橘子在接受迷萌日报采访后如是说。,2,解锁道具可通过购买礼包或参与活动获得,,,,999,skin111,180,60,60,220,120,120,,headicon,头像：解锁头像。,,footprint,行走足迹：走过的地方会留下花猫脚印。,,,,,,,,,,,,,,common_01,0,,,,,,180,,,,,,,20492,,,,,,,,,,,,,,,,,,,,,,,,,,,,,,,,,5,"3,5,8,9,13,14,15,16,17,18,19",1.4|0,,,1,,,,,,,,,,,,,
112,绣球花少年 查理斯,140111,,247,3,140111_2,1,140111_3,,,140111_1,,,,,,,,,-1,2,,999,宫殿外的舞会像繁星与烟花一样绚丽多彩。王子查理斯见到仙杜瑞拉，掩盖不住内心的喜悦，小心翼翼取出他捡到的娇艳玫瑰。,2,悦享卡产出,,,,999,skin112,180,60,60,220,120,120,,headicon,头像：解锁头像。,,bodyeffcet,身体特效：身上飘散着蓝色光辉！,,,,,,,,,,,,,,common_01,0,,,,,,180,,,,,,,20493,,,,,,,,,,,,,,,,,,,,,,,,,,,,,,,,,5,"3,5,8,9,13,14,15,16,17,18,19",1.4|0,,,1,,,,,,,,,,,,,
113,泡泡,140114,,248,3,140114_2,1,140114_3,,,140114_1,,,,,,,,,-1,2,,999,“你听说过蔚蓝大海的传说吗？”见多识广的泡泡天生就是一个探险家。他喜欢透过气泡观察世界，每次都能发现大家看不到的细节。,2,解锁道具可通过购买礼包或参与活动获得,,,,999,skin113,180,60,60,220,120,120,,headicon,头像：解锁头像。,,footprint,行走足迹：走过的地方会留下海豚脚印。,,,,,,,,,,,,,,common_01,0,,,,,,180,,,,,,,20494,,,,,,,,,,,,,,,,,,,,,,,,,4,lab_dresstheme_cotton,,,,,,,5,"3,5,8,9,13,14,15,16,17,18,19",1.4|0,,,1,,,,,,,,,,,,,
114,朝露繁花,140113,,249,3,140113_2,1,140113_3,,,140113_1,,,,,,,,,-1,2,,999,"我的意中人是个盖世英雄，有一天他会身披金甲战衣,脚踏五彩祥云来娶我……等等，哥哥？不许来叫醒我的美梦！",2,,,,,999,skin114,180,60,60,220,120,120,,headicon,头像：解锁头像。,,bodyeffcet,身体特效：身上飘散着桃花花瓣！,,,,,,,,,,,,,,dtxx_beijingtu20,0,,,,,,180,,,"21,1","21,114,388,573",20289,100108,20495,Pskin114,,,,,,,,,,,,,,,,,,,,,,,,,,,,,,,,4,"3,5,8,9,13,14,15,16,17,18,19",1.4|0,,,1,,,,,,,,,,,,,
115,冰公主,140115,,250,3,140115_2,1,140115_3,,,140115_1,,,,,,,,,-1,2,,999,从叶罗丽仙境诞生开始便存在的公主，居住在冰晶宫，是冰雪的守护女神，冰雪的主宰。因为冷漠所以从未有过朋友。生性清冷淡漠，但心地善良，不忍心伤害他人。,2,,,,,999,skin115,180,60,60,220,120,120,,headicon,头像：解锁头像。,,bodyeffcet,身体特效：身上飘散着冰晶！,,,,,,,,,,,,,,dtxx_beijingtu21,0,,,,icon_57,,180,,,,,,,20496,,,,,,,,,,,,,,,,,,,,,,,,,,,,,,,,,1,"3,5,8,9,13,14,15,16,17,18,19",1.3|0,,,1,,,,,,,,,,,,,
116,罗丽,140116,,251,3,140116_2,1,140116_3,,,140116_1,,,,,,,,,-1,2,,999,叶罗丽仙境的公主，拥有治愈系和爱系魔法。被女王变成娃娃后，与王默互相选中缔结契约，重新获得了生命和魔法。单纯善良，性情随性而灵动，喜欢吃草莓。,2,,,,,999,skin116,180,60,60,220,120,120,,headicon,头像：解锁头像。,,bodyeffcet,身体特效：身上飘散着爱心！,,,,,,,,,,,,,,dtxx_beijingtu22,0,,,,icon_57,,180,,,,,,,20497,,,,,,,,,,,,,,,,,,,,,,,,,,,,,,,,,4,"3,5,8,9,13,14,15,16,17,18,19",1.4|0,,,1,,,,,,,,,,,,,
117,白光莹,140117,,252,3,140117_2,1,140117_3,,,140117_1,,,,,,,,,-1,2,,999,她和光一样，会随着唤醒者的性格而决定自己的性格，是个影子般的存在，但本身的性格还未知，所以内心极其渴望并崇尚获得自由。,2,,,,,999,skin117,180,60,60,220,120,120,,headicon,头像：解锁头像。,,bodyeffcet,身体特效：身上飘散着金色粉尘光芒。,,,,,,,,,,,,,,dtxx_beijingtu23,0,,,,icon_57,,180,,,,,,,20498,,,,,,,,,,,,,,,,,,,,,,,,,,,,,,,,,3,"3,5,8,9,13,14,15,16,17,18,19",1.4|0,,,1,,,,,,,,,,,,,
118,灰姑娘 克里斯汀,140118,,253,3,140118_2,1,140118_3,,,140118_1,,,,,,,,,-1,2,,999,“经常用幻想的力量点缀生活，就真的会遇到奇迹哦~”乐观善良的克里斯汀，做家务的时候也常常把自己幻想成美丽的童话人物。她的仙子朋友，在王国庆典的那天，将她的幻想变为了现实。,2,,,,,999,skin118,180,60,60,220,120,120,,headicon,头像：解锁头像。,,footprint,行走足迹：走过的地方会留下水晶鞋脚印。,,,,,,,,,,,,,,common_01,0,,,,,,180,,,,,,,20499,,,,,,,,,,,,,,,,,,,,,,,,,6,lab_dresstheme_storyes,,,,,,,5,"3,5,8,9,13,14,15,16,17,18,19",1.3|0,,,1,,,,,,,,,,,,,
119,游戏版本过低,140119,,254,3,140119_2,1,140119_3,,,140119_1,,,,,,,,,-1,2,,999,游戏版本过低,2,,,,,999,skin119,180,60,60,220,120,120,,headicon,头像：解锁头像。,,footprint,行走足迹：走过的地方留下花朵脚印。,,,,,,,,,,,,,,dtxx_beijingtu24,0,,,,,,180,,,,,,,27001,,,,,,,,,,,,,,,,,,,,,,,,,,,,,,,,,4,"3,5,8,9,13,14,15,16,17,18,19",1.4|0,,,1,,,,,,,,,,,,,
120,小龙人麟休,140120,,255,3,140120_2,1,140120_3,,,140120_1,,,,,,,,,-1,2,,999,麟休以前从未离开过大海：因为《哪吒闹海》的故事，让他对陆地带有“恐怖滤镜”。而这次冒险让他变得勇敢起来，也发现人间没有想象中的险恶。原来这是父亲为了让自己成为合格的冲浪里海域接班人而特别设置的考验。,2,,,,,999,skin120,180,60,60,220,120,120,,headicon,头像：解锁头像。,,bodyeffcet,身体特效：身上飘着魔法冰晶。,,,,,,,,,,,,,,common_01,0,,,,,,180,,,,,,,27002,,,,,,,,,,,,,,,,,,,,,,,,,11,lab_dresstheme_ryukyu,,,,,,,5,"3,5,8,9,13,14,15,16,17,18,19",1.4|0,,,1,,,,,,,,,,,,,
121,妙妙,140121,,256,3,140121_2,1,140121_3,,,140121_1,,,,,,,,,-1,2,,999,“什么？说我个子小！猜猜这根鱼刺什么时候出现在你的沙发上？”活泼欢脱、精力旺盛的他总喜欢用鱼骨展示自己的飞镖技艺。如天鹅绒般顺滑的可爱外衣可能会欺骗你，因为他可是迷萌星球出了名的最淘气的家伙。,2,,,,,999,skin121,180,60,60,220,120,120,,headicon,头像：解锁头像。,,footprint,行走足迹：走过的地方留下喵喵头脚印。,,,,,,,,,,,,,,common_01,0,,,,,,180,,,,,,,27003,,,,,,,,,,,,,,,,,,,,,,,,,2,lab_dresstheme_explore,,,,,,,5,"3,5,8,9,13,14,15,16,17,18,19",1.4|0,,,1,,,,,,,,,,,,,
122,白天鹅 奥杰塔,140124,,257,3,140124_2,1,140124_3,,,140124_1,,,,,,,,,-1,2,,999,白昼与黑夜轮回交替，现实与梦境相伴相生。而我扮演的，究竟是谁？,2,,,,,999,skin122,180,60,60,220,120,120,,headicon,头像：解锁头像。,,bodyeffcet,身体特效：身上飘散着白天鹅羽毛！,,,,,,,,,,,,,,common_01,0,,,,,,180,,,,,,,27004,,,,,,,,,,,,,,,,,,,,,,,,,6,lab_dresstheme_storyes,,,,,,,5,"3,5,8,9,13,14,15,16,17,18,19",1.4|0,,,1,,,,,,,,,,,,,
123,时希,140125,,258,3,140125_2,1,140125_4,,,140125_1,,,,,,,,,-1,2,,999,八位灵犀阁成员之一，居住在叶罗丽仙境中的圣地——四时钟，法术可控制时间，能拥有无数个分身。拥有银灰色的长发与星河般的眼睛，高贵优雅，遇事临危不乱。,2,,,,,999,skin123,180,60,60,220,120,120,,headicon,头像：解锁头像。,,footprint,行走足迹：走过的地方留下时钟脚印。,,,,,,,,,,,,,,dtxx_beijingtu25,0,,,,icon_57,1.8,180,,,,,,,27005,,,,,,,,,,,,,,,,,,,,,,,,,,,,,,,,,1,"3,5,8,9,13,14,15,16,17,18,19",1.4|0,,,1,,,,,,,,,,,,,
124,洁莉,140127,,259,3,140127_2,1,140128_3,,,140127_1,,,,,,,,,-1,2,,999,洁莉和余小欢是从小一起长大的好朋友。从前的她胆小怕生，后来被余小欢的勇敢乐观所感染，还学会了用铃铛召唤小水母寻求帮助。她再也不会怯懦，因为勇气和友谊就是最强大的秘密武器！,2,,,,,999,skin124,180,60,60,220,120,120,,headicon,头像：解锁头像。,,footprint,行走足迹：走过的地方留下小水母脚印。,,,,,,,,,,,,,,common_01,0,,,,,1.7,180,,,,,,,27006,,,,,,,,,,,,,,,,,,,,,,,,,,,,,,,,,5,"3,5,8,9,13,14,15,16,17,18,19",1.3|0,,,1,,,,,,,,,,,,,
125,快客小涡,140128,,260,3,140128_2,1,140127_3,,,140128_1,,,,,,,,,-1,2,,999,快客小涡是个急性子，每天都有用不完的干劲儿，一刻也停不下来。他平时喜欢收集一些有趣的小玩意儿，如果哪天你需要什么物品，就去问问快客小涡吧！说不定他的蜗牛包包里就有你想要的东西。,2,,,,,999,skin125,180,60,60,220,120,120,,headicon,头像：解锁头像。,,footprint,行走足迹：走过的地方留下小蜗牛脚印。,,,,,,,,,,,,,,common_01,0,,,,,1.6,180,,,,,,,27007,,,,,,,,,,,,,,,,,,,,,,,,,,,,,,,,,5,"3,5,8,9,13,14,15,16,17,18,19",1.3|0,,,1,,,,,,,,,,,,,
126,游戏版本过低,140129,,261,3,140129_2,1,140129_3,,,140129_1,,,,,,,,,-1,2,,999,游戏版本过低,2,,,,,999,skin126,180,60,60,220,120,120,,headicon,头像：解锁头像。,,footprint,行走足迹：游戏版本过低,,,,,,,,,,,,,,dtxx_beijingtu26,0,giflogo_126,,,icon_58,,180,,,,,,,27008,,,,,,,,,,,,,,,,,,,,,,,,,,,,,,,,,5,"3,5,8,9,13,14,15,16,17,18,19",1.4|0,,,1,,,,,,,,,,,,,
127,黑天鹅 奥杰塔,140123,,262,3,140123_2,1,140123_3,,,140123_1,,,,,,,,,-1,2,,999,现实与梦境并无纠缠，白昼与黑夜各有精彩。我扮演的，就是我自己。,2,,,,,999,skin127,180,60,60,220,120,120,,headicon,头像：解锁头像。,,bodyeffcet,身体特效：身上飘散着紫色羽毛！,,,,,,,,,,,,,,common_01,0,,,,,,180,,,,,,,27009,,,,,,,,,,,,,,,,,,,,,,,,,6,lab_dresstheme_storyes,,,,,,,5,"3,5,8,9,13,14,15,16,17,18,19",1.4|0,,,1,,,,,,,,,,,,,
128,青蛙王子 克劳德,140126,,263,3,140126_2,1,140126_3,,,140126_1,,,,,,,,,-1,2,,999,“再坚持一下，也许就能实现和她的约定了。”这位研究沼泽生物群落的学者，总是望着手里小巧的金球暗暗给自己打气。在这潮湿泥泞的地方，闪烁着他金子般的希望。,2,,,,,999,skin128,180,60,60,220,120,120,,headicon,头像：解锁头像。,,footprint,行走足迹：走过的地方留下荷叶脚印。,,skill,仅限礼盒产出,,,,,,,,,,,dtxx_beijingtu106,0,,,,,,180,,,,,,,27010,,,,,,,,,,,,,,,,,,,,,,,,,,,,,,,,,5,"3,5,8,9,13,14,15,16,17,18,19",1.3|0,,,1,,,,,,,,,,,,,
129,游戏版本过低,140130,,264,3,140130_2,1,140130_3,,,140130_1,,,,,,,,,-1,2,,999,游戏版本过低,2,,,,,999,skin129,180,60,60,220,120,120,,headicon,头像：解锁头像。,,footprint,行走足迹：游戏版本过低,,,,,,,,,,,,,,common_01,0,giflogo_126,,,icon_58,,180,,,,,,,27011,,,,,,,,,,,,,,,,,,,,,,,,,,,,,,,,,5,"3,5,8,9,13,14,15,16,17,18,19",1.4|0,,,1,,,,,,,,,,,,,
130,白雪公主 索菲亚,140133,,265,3,140133_2,1,140133_3,,,140133_1,,,,,,,,,-1,2,,999,“这是我最好的朋友，一共有7个。”索菲亚的玩具店有许多精致的玩偶。她和玩偶会时不时窃窃私语，仿佛它们有生命一样。想从她那里得到玩偶，用钱可不行，要用一件非常重要的东西才能交换。究竟是什么呢？,2,,,,,999,skin130,180,60,60,220,120,120,,headicon,头像：解锁头像。,,footprint,行走足迹：走过的地方留下苹果脚印。,,,,,,,,,,,,,,common_01,0,,,,,,180,,,,,,,27012,,,,,,,,,,,,,,,,,,,,,,,,,6,lab_dresstheme_storyes,,,,,,,5,"3,5,8,9,13,14,15,16,17,18,19",1.4|0,,,1,,,,,,,,,,,,,
131,汉森,140131,,266,3,140131_2,1,140131_3,,,140131_1,,,,,,,,,-1,2,,999,心思缜密，对妹妹照顾周到的男孩，曾和妹妹在密林中走失月余，却奇迹般的一起回来了，他对在密林中的经历很少提及，但自此法棍随身。肩膀上的小鸟据说也是当时捡的。,2,,,,,999,skin131,180,60,60,220,120,120,,headicon,头像：解锁头像。,,footprint,行走足迹：走过的地方留下面包脚印。,,,,,,,,,,,,,,common_01,0,,,,,,180,,,,,,,27013,,,,,,,,,,,,,,,,,,,,,,,,,,,,,,,,,5,"3,5,8,9,13,14,15,16,17,18,19",1.4|0,,,1,,,,,,,,,,,,,
132,格雷特,140132,,267,3,140132_2,1,140132_3,,,140132_1,,,,,,,,,-1,2,,999,格雷特对哥哥十分信任，爱好采集烹饪，尤其擅长烘培和制作甜品，自称这些技能都是走失时学会的，荒芜人烟的密林里她是如何学会这些技能的呢？,2,,,,,999,skin132,180,60,60,220,120,120,,headicon,头像：解锁头像。,,footprint,行走足迹：走过的地方留下桃花脚印。,,,,,,,,,,,,,,common_01,0,,,,,,180,,,,,,,27014,,,,,,,,,,,,,,,,,,,,,,,,,,,,,,,,,5,"3,5,8,9,13,14,15,16,17,18,19",1.4|0,,,1,,,,,,,,,,,,,
133,游戏版本过低,140135,,268,3,140135_2,1,140135_3,,,140135_1,,,,,,,,,-1,2,,999,游戏版本过低,2,,,,,999,skin133,180,60,60,220,120,120,,headicon,头像：解锁头像。,,,,,,,,,,,,,,,,,common_01,0,giflogo_126,,,icon_58,,180,,,,,,,27015,,,,,,,,,,,,,,,,,,,,,,,,,,,,,,,,,5,"3,5,8,9,13,14,15,16,17,18,19",1.4|0,,,1,,,,,,,,,,,,,
134,游戏版本过低,140136,,269,3,140136_2,1,140136_3,,,140136_1,,,,,,,,,-1,2,,999,游戏版本过低,2,,,,,999,skin134,180,60,60,220,120,120,,headicon,头像：解锁头像。,,,,,,,,,,,,,,,,,common_01,0,giflogo_126,,,icon_58,,180,,,,,,,27016,,,,,,,,,,,,,,,,,,,,,,,,,,,,,,,,,5,"3,5,8,9,13,14,15,16,17,18,19",1.4|0,,,1,,,,,,,,,,,,,
135,游戏版本过低,140137,,270,3,140137_2,1,140137_3,,,140137_1,,,,,,,,,-1,2,,999,游戏版本过低,2,,,,,999,skin135,180,60,60,220,120,120,,headicon,头像：解锁头像。,,,,,,,,,,,,,,,,,common_01,0,giflogo_126,,,icon_58,,180,,,,,,,27017,,,,,,,,,,,,,,,,,,,,,,,,,,,,,,,,,5,"3,5,8,9,13,14,15,16,17,18,19",1.4|0,,,1,,,,,,,,,,,,,
136,哈鲁,140138,,271,3,140138_2,1,140138_3,,,140138_1,,,,,,,,,-1,2,,999,“谁能比我更懂喜怒哀乐的力量？”作为“搬家帮帮送”的老板，友善的哈鲁似乎能搬起任何东西，是个把心情写在脸上的家伙。如果看到他的项圈图案发生改变，别担心，这是哈鲁正准备释放情绪的力量呢！,2,解锁道具可由幸运盲盒产出获得,,,,999,skin136,180,60,60,220,120,120,,headicon,头像：解锁头像。,,footprint,行走足迹：走过的地方留下汪汪头脚印。,,,,,,,,,,,,,,common_01,0,,,,,,180,,,,,,,27018,,,,,,,,,,,,,,,,,,,,,,,,,1,lab_dresstheme_party,,,,,,,5,"3,5,8,9,13,14,15,16,17,18,19",1.4|0,,,1,,,,,,,,,,,,,
137,游戏版本过低,140140,,272,3,140140_2,1,140140_3,,,140140_1,,,,,,,,,-1,2,,999,游戏版本过低,2,,,,,999,skin137,180,60,60,220,120,120,,headicon,头像：解锁头像。,,,,,,,,,,,,,,,,,common_01,0,giflogo_126,,,icon_58,,180,,,,,,,27019,,,,,,,,,,,,,,,,,,,,,,,,,,,,,,,,,5,"3,5,8,9,13,14,15,16,17,18,19",1.4|0,,,1,,,,,,,,,,,,,
138,春雨,140122,,273,3,140122_2,1,140122_3,,,140122_1,,,,,,,,,-1,2,,999,“喜欢倾听雨声吗？”作为四季使者之一的春雨是奥法星生态研究员，代表复苏的力量。她喜欢乘着巨大的四叶草，控制云层天降甘霖。和她相处令人如沐春风，但她的脾气也像春季天气一样多变。请务必保持轻声细语。,2,,,,,999,skin138,180,60,60,220,120,120,,headicon,头像：解锁头像。,,bodyeffcet,身体特效：身上飘散着蝴蝶精灵！,,,,,,,,,,,,,,dtxx_beijingtu27,0,,,,,,180,,,,,,,27020,,,,,,,,,,,,,,,,,,,,,,,,,5,lab_dresstheme_seasons,,,,,,,5,"3,5,8,9,13,14,15,16,17,18,19",1.4|0,,,1,,,,,,,,,,,,,
139,清夏,140134,,274,3,140134_2,1,140134_3,,,140134_1,,,,,,,,,-1,2,,999,“我所爱的街头艺术，怎能被这天气束缚？”成为四季使者后，清夏对远方的世界更加向往，丝毫不在意强烈的热量与爆发的季风。下一站，是悠闲还是紧迫？没人知道。就像夏天的风，你难以预测它下一秒是清爽还是冰雹。,2,,,,,999,skin139,180,60,60,220,120,120,,headicon,头像：解锁头像。,,footprint,行走足迹：走过的地方留下水波脚印。,,,,,,,,,,,,,,dtxx_beijingtu28,0,,,,,,180,,,,,,,27021,,,,,,,,,,,,,,,,,,,,,,,,,5,lab_dresstheme_seasons,,,,,,,2,"3,5,8,9,13,14,15,16,17,18,19",1.4|0,,,1,,,,,,,,,,,,,
140,秋果,140139,,275,3,140139_2,1,140139_3,,,140139_1,,,,,,,,,-1,2,,999,“来杯果汁吧！你瞧，并不是我在操纵季节，而是自然的力量选择了我。” 不同于轰轰烈烈的冬夏，安静的秋果更喜欢下沉的大地能量，并有节制地使用它。这次旅行不仅是为了拯救家园，更是为了自己的能力与肩负的责任。,2,,,,,999,skin140,180,60,60,220,120,120,,headicon,头像：解锁头像。,,bodyeffcet,身体特效：身上飘散着枫叶！,,skill,参与【生日派对】活动可免费获得四季皮肤系列中任意一款,,,,,,,,,,,dtxx_beijingtu30,0,,,,,,180,,,,,,,27022,,,,,,,,,,,,,,,,,,,,,,,,,,,,,,,,,2,"3,5,8,9,13,14,15,16,17,18,19",1.4|0,,,2,,,,,,,,,,,,,
141,小蓝,140148,,276,3,140148_2,1,140148_3,,,140148_1,,,,,,,,,-1,2,,999,小蓝是魔仙堡的守护魔仙，受魔仙女王的派遣，而来到人间。她以保姆的身份入住凌家，是凌美琪和凌美雪的魔法导师兼好朋友。,2,,,,,999,skin141,180,60,60,220,120,120,,headicon,头像：解锁头像。,,footprint,行走足迹：走过的地方留下小黄花脚印。,,,,,,,,,,,,,,dtxx_beijingtu33,0,,,,icon_59,,180,,,,,,,27023,,,,,,,,,,,,,,,,,,,,,,,,,,,,,,,,,2,"3,5,8,9,13,14,15,16,17,18,19",1.4|0,,,1,,,,,,,,,,,,,
142,童梦仙踪,140152,,277,3,140151_2,1,140151_3,,,140151_1,,,,,,,,,-1,2,,999,梦歌换装皮肤,2,,,,,999,skin142,180,60,60,220,120,120,,headicon,头像：解锁头像。,,bodyeffcet,身体特效：身上飘散着小兔兔！,,,,,,,,,,,,,,dtxx_beijingtu29,0,,,,,,180,,,"37,1","37,142",33025,100108,27024,Pskin142,,,,,,,,,,,,,,,,,,,,,,,,,,,,,,,,5,"3,5,8,9,13,14,15,16,17,18,19",1.4|0,,,1,,,,,,,,,,,,,
143,凌美琪,140153,,278,3,140153_2,1,140153_3,,,140153_1,,,,,,,,,-1,2,,999,美琪是凌家姐妹中的姐姐，人类世界的小魔仙。她正义、乐观，性格活泼善良，聪明开朗。有时爱取闹，爱想鬼主意，有绘画天赋，但行事冲动，无心向学。,2,,,,,999,skin143,180,60,60,220,120,120,,headicon,头像：解锁头像。,,footprint,行走足迹：走过的地方留下小蓝花脚印。,,,,,,,,,,,,,,dtxx_beijingtu33,0,,,,icon_59,,180,,,,,,,27025,,,,,,,,,,,,,,,,,,,,,,,,,,,,,,,,,2,"3,5,8,9,13,14,15,16,17,18,19",1.4|0,,,1,,,,,,,,,,,,,
144,凌美雪,140154,,279,3,140154_2,1,140154_3,,,140154_1,,,,,,,,,-1,2,,999,美雪是凌家姐妹中的妹妹，人类世界的小魔仙。性格沉稳大方、聪明冷静，做事有条有理。喜爱学习和看书，学习成绩很好，善长分析事情。虽然是妹妹，但有时会反过来照顾姐姐美琪。,2,,,,,999,skin144,180,60,60,220,120,120,,headicon,头像：解锁头像。,,footprint,行走足迹：走过的地方留下泡泡脚印。,,,,,,,,,,,,,,dtxx_beijingtu33,0,,,,icon_59,,180,,,,,,,27026,,,,,,,,,,,,,,,,,,,,,,,,,,,,,,,,,2,"3,5,8,9,13,14,15,16,17,18,19",1.4|0,,,1,,,,,,,,,,,,,
145,游乐王子,140155,,280,3,140155_2,1,140155_3,,,140155_1,,,,,,,,,-1,2,,999,游乐是魔仙堡的王子，留着一头蓝色头发，因误会魔仙女王而离开魔仙堡来到人间。虽然他表面上看起来很冷酷，实际上却是像大哥哥一样热情，很有正义感，也略微傲娇。,2,,,,,999,skin145,180,60,60,220,120,120,,headicon,头像：解锁头像。,,bodyeffcet,身体特效：身上飘散着星光闪闪！,,,,,,,,,,,,,,dtxx_beijingtu33,0,,,,icon_59,,180,,,,,,,27027,,,,,,,,,,,,,,,,,,,,,,,,,,,,,,,,,2,"3,5,8,9,13,14,15,16,17,18,19",1.4|0,,,1,,,,,,,,,,,,,
146,璎落,140158,,281,3,140158_2,1,140158_3,,,140158_1,,,,,,,,,-1,2,,999,“樱花红陌上，杨柳绿池边；燕子声声里，相思又一年。”作为园艺世家的传承人，璎落精心养护着仁王星最壮观的花海。而每当花期结束，人潮散去，她总是轻抚一个画着闪电的植木钵喃喃自语：“如果你在，那就更好了。”,2,,,,,999,skin146,180,60,60,220,120,120,,headicon,头像：解锁头像。,,bodyeffcet,身体特效：身上飘散着花瓣！,,,,,skill,参与【生日派对】活动可免费获得四季皮肤系列中任意一款,,,,,,,,dtxx_beijingtu32,0,,,,,,180,,,,,,,27028,,,,,,,,,,,,,,,,,,,,,,,,,,,,,,,,,4,"3,5,8,9,13,14,15,16,17,18,19",1.4|0,,,1,,,,,,,,,,,,,
147,雷光,140159,,282,3,140159_2,1,140159_3,,,140159_1,,,,,,,,,-1,2,,999,“你问云中有什么？风雨雷电思如雪。”雷光喜欢漫步云端的感觉。他总是用魔法悬浮于天际，俯瞰整个城市的人们在雨雪中穿行样子。这时，他会想起在仁王星的一次偶遇：那位百媚生娇的女孩，家乡的花海一定很美吧？,2,,,,,999,skin147,180,60,60,220,120,120,,headicon,头像：解锁头像。,,footprint,行走足迹：走过的地方留下水滴脚印。,,skill,参与【生日派对】活动可免费获得四季皮肤系列中任意一款,,,,,,,,,,,dtxx_beijingtu34,0,,,,,,180,,,,,,,27029,,,,,,,,,,,,,,,,,,,,,,,,,,,,,,,,,1,"3,5,8,9,13,14,15,16,17,18,19",1.4|0,,,1,,,,,,,,,,,,,
148,凛冬,140160,,283,3,140160_2,1,140160_3,,,140160_1,,,,,,,,,-1,2,,999,“没有什么美能比得过这里的极光，除了你们。”孤独的星际旅者，为守护家园而身中虚空兽的诅咒。成为四季使者后，他愿将自己打造为星球的武器，为敌人带来与他温柔性格截然相反的，最肆虐的冰暴与最恐怖的气象灾害。,2,,,,,999,skin148,180,60,60,220,120,120,,headicon,头像：解锁头像。,,footprint,行走足迹：走过的地方留下小宇宙脚印。,,skill,参与【生日派对】活动可免费获得四季皮肤系列中任意一款,,,,,,,,,,,dtxx_beijingtu31,0,,,,,,180,,,,,,,27030,,,,,,,,,,,,,,,,,,,,,,,,,,,,,,,,,1,"3,5,8,9,13,14,15,16,17,18,19",1.4|0,,,1,,,,,,,,,,,,,
149,珍奇女孩,140156,,284,3,140156_2,1,140156_3,,,140156_1,,,,,,,,,-1,2,,999,她是小马谷的颜值巅峰，美丽优雅、自信且充满魅力，是一位天才时装设计师，拥有自己的时装店。她喜欢看到小马们穿上自己设计制作的服装，有一只名叫欧泊的宠物猫咪。,2,,,,,999,skin149,180,60,60,220,120,120,,headicon,头像：解锁头像。,,bodyeffcet,身体特效：身上散发着小钻石！,,,,,,,,,,,,,,dtxx_beijingtu12,0,giflogo_70,,,icon_54,,180,,,,,,,27031,,,,,,,,,,,,,,,,,,,,,,,,,18,lab_dresstheme_cyclone,,,,,,,1,"3,5,8,9,13,14,15,16,17,18,19",1.4|0,,,1,,,,,,,,,,,,,
150,苹果嘉儿女孩,140157,,285,3,140157_2,1,140157_3,,,140157_1,,,,,,,,,-1,2,,999,苹果嘉儿拥有着可靠、诚实又乐于帮人的美好品质，经常支持和保护着她的朋友们。她在甜苹果园中主要负责收获苹果，宠物狗狗薇诺纳是她的好伙伴。苹果嘉儿在和谐之元中代表“诚实”。,2,,,,,999,skin150,180,60,60,220,120,120,,headicon,头像：解锁头像。,,bodyeffcet,身体特效：身上散发着小苹果！,,,,,,,,,,,,,,dtxx_beijingtu11,0,giflogo_70,,,icon_54,,180,,,,,,,27032,,,,,,,,,,,,,,,,,,,,,,,,,18,lab_dresstheme_cyclone,,,,,,,5,"3,5,8,9,13,14,15,16,17,18,19",1.4|0,,,1,,,,,,,,,,,,,
151,阿拉灯,140161,,286,3,140161_2,1,140161_3,,,140161_1,,,,,,,,,-1,2,,999,"“追寻库西亚曾经的踪迹，去集齐沙月星的至宝吧，阿拉灯……”
被神秘的魔法师利用，在充满陷阱的沙月遗迹中得到了无字魔导书《一千零一夜》。他决心反抗，于是孤身一人踏上了寻找沙月宝物的旅程。",2,,,,,999,skin151,180,60,60,220,120,120,,headicon,头像：解锁头像。,,bodyeffcet,身体特效：身上飘散着神秘符号！,,,,,,,,,,,,,,dtxx_beijingtu35,0,,,,,,180,,,,,,,27033,,,,,,,,,,,,,,,,,,,,,,,,,19,lab_dresstheme_mfxz,,,,,,,2,"3,5,8,9,13,14,15,16,17,18,19",1.3|0,,,2,,,,,,,,,,,,,
152,匹诺曹,140146,,287,3,140146_2,1,140146_3,,,140146_1,,,,,,,,,-1,2,,999,“即使是木头，为了得到温暖，亦会投入火的怀抱。”,2,,,,,999,skin152,180,60,60,220,120,120,,headicon,头像：解锁头像。,,footprint,行走足迹：走过的地方留下蝴蝶结脚印。,,,,,,,,,,,,,,dtxx_beijingtu37,0,,,,,,180,,,,,,,27034,,,,,,,,,,,,,,,,,,,,,,,,,,,,,,,,,3,"3,5,8,9,13,14,15,16,17,18,19",1.4|0,,,1,,,,,,,,,,,,,
153,塔莎,140147,,288,3,140147_2,1,140147_3,,,140147_1,,,,,,,,,-1,2,,999,“生命是上紧的发条，人们厌倦它的转动，却又怕它在最美好的时刻停止。”,2,,,,,999,skin153,180,60,60,220,120,120,,headicon,头像：解锁头像。,,bodyeffcet,身体特效：身上飘散着闪光羽毛！,,,,,,,,,,,,,,dtxx_beijingtu36,0,,,,,,180,,,,,,,27035,,,,,,,,,,,,,,,,,,,,,,,,,,,,,,,,,3,"3,5,8,9,13,14,15,16,17,18,19",1.4|0,,,1,,,,,,,,,,,,,
154,殷小敏,140149,,289,3,140149_2,1,140149_3,,,140149_1,,,,,,,,,-1,2,,999,殷小敏、施巧灵和彩俐是亲密伙伴，一起对付黑咒魔王。殷小敏的嗅觉特别灵敏，成为魔仙后，常凭嗅觉侦测到敌人，帮了很多忙。虽然她说话温柔，容易哭，但实际外柔内刚，遇事很冷静。,2,,,,,999,skin154,180,60,60,220,120,120,,headicon,头像：解锁头像。,,footprint,行走足迹：走过的地方留下星星脚印。,,,,,,,,,,,,,,dtxx_beijingtu38,0,,,,icon_55,,180,,,,"154,170",,,27036,,,,,,,,,,,,,,,,,,,,,,,,,,,,,,,,,1,"3,5,8,9,13,14,15,16,17,18,19",1.4|0,,,1,,,,,,,,,,,,,
155,施巧灵,140150,,290,3,140150_2,1,140150_3,,,140150_1,,,,,,,,,-1,2,,999,施巧灵、殷小敏和彩俐是亲密伙伴，一起对付黑咒魔王。施巧灵对色彩异常敏感，想法超越常人，常有意想不到的见解，是一个难得的绘画天才。话不多但非常善良，性格有些执着和倔强。,2,,,,,999,skin155,180,60,60,220,120,120,,headicon,头像：解锁头像。,,bodyeffcet,身体特效：身上飘散着粉色光辉！,,,,,,,,,,,,,,dtxx_beijingtu38,0,,,,,,180,,,,,,,27037,,,,,,,,,,,,,,,,,,,,,,,,,,,,,,,,,1,"3,5,8,9,13,14,15,16,17,18,19",1.4|0,,,1,,,,,,,,,,,,,
156,彩俐公主,140151,,291,3,140152_2,1,140152_3,,,140152_1,,,,,,,,,-1,2,,999,彩俐是彩灵堡魔法王国的公主，她有着一头美丽的金发，扎着双马尾，头戴一顶皇冠。性格活泼开朗，爱说话爱冒险，天不怕地不怕，却又冲动易闯祸。不开心时会用魔法彩色来画画。,2,,,,,999,skin156,180,60,60,220,120,120,,headicon,头像：解锁头像。,,bodyeffcet,身体特效：身上飘散着魔法能量！,,,,,,,,,,,,,,dtxx_beijingtu38,0,,,,icon_55,,180,,,,"156,157",,,27038,,,,,,,,,,,,,,,,,,,,,,,,,,,,,,,,,1,"3,5,8,9,13,14,15,16,17,18,19",1.4|0,,,1,,,,,,,,,,,,,
157,幻彩丽影,140162,,292,3,140162_2,1,140162_3,,,140162_1,,,,,,,,,-1,2,,999,彩俐是彩灵堡魔法王国的公主，她有着一头美丽的金发，扎着双马尾，头戴一顶皇冠。性格活泼开朗，爱说话爱冒险，天不怕地不怕，却又冲动易闯祸。不开心时会用魔法彩色来画画。,2,,,,,999,skin157,180,60,60,220,120,120,,headicon,头像：解锁头像。,,bodyeffcet,身体特效：身上飘散着白色羽毛！,,,,,,,,,,,,,,dtxx_beijingtu62,0,,,,icon_59,,180,,,"156,1","156,157",33071,100108,27039,Pskin167,,,,,,,,,,,,,,,,,,,,,,,,,,,,,,,,1,"3,5,8,9,13,14,15,16,17,18,19",1.4|0,,,1,,,,,,,,,,,,,
158,血族魔法师 洛特,140164,,293,3,140164_2,1,140164_3,,,140164_1,,,,,,,,,-1,2,,999,"一声呼哨，雪羽猫头鹰破空飞来，停在少年的肩。
皮肤雪白的少年取下信件，眨眨绿色的眼眸，侧头轻问，
“你见过，会魔法的吸血鬼吗？”",2,,,,,999,skin158,180,60,60,220,120,120,,headicon,头像：解锁头像。,,bodyeffcet,身体特效：身上飘散着魔法星光！,,,,,,,,,,,,,,common_01,0,,,,,,180,,,,,,,27040,,,,,,,,,,,,,,,,,,,,,,,,,9,lab_dresstheme_dream,,,,,,,5,"3,5,8,9,13,14,15,16,17,18,19",1.3|0,,,1,,,,,,,,,,,,,
159,瑶月仙子,140165,,294,3,140165_2,1,140165_3,,,140165_1,,,,,,,,,-1,2,,999,夜轻柔地洒落，如同我温柔的呼唤。让月光成为我们之间的纽带，将思念编织成梦。,2,,,,,999,skin159,180,60,60,220,120,120,,headicon,头像：解锁头像。,,bodyeffcet,身体特效：身上飘散着花朵和白兔印记！,,,,,,,,,,,,,,dtxx_beijingtu40,0,,,,,,180,,,"30,1","30,159,442",33035,100108,27041,Pskin159,,,,,,,,,,,,,,,,,,,,,,,,,,,,,,,,1,"3,5,8,9,13,14,15,16,17,18,19",1.4|0,,,2,,,,,,,,,,,,,
160,玉团儿,140163,,295,3,140163_2,1,140163_3,,,140163_1,,,,,,,,,-1,2,,999,"莲蓉还是枣泥？奶黄还是抹茶？应有尽有！
小小月饼，圆圆身子，内有乾坤，包罗万象。
本小厨娘将散发无限创意，赋予中式点心情感灵魂，风靡整个宇宙！
而你，准备好接受这甜蜜的滋味了吗？",2,,,,,999,skin160,180,60,60,220,120,120,,headicon,头像：解锁头像。,,bodyeffcet,身体特效：身上飘散着小蝴蝶！,,,,,,,,,,,,,,dtxx_beijingtu39,0,,,,,,180,,,,,,,27042,,,,,,,,,,,,,,,,,,,,,,,,,,,,,,,,,1,"3,5,8,9,13,14,15,16,17,18,19",1.4|0,,,1,,,,,,,,,,,,,
161,号手妮塔,140169,,296,3,140168_2,1,140168_3,,,140168_1,,,,,,,,,-1,2,,999,妮塔本是仙度瑞拉家花园里的瓷兔玩偶，目睹了仙杜瑞拉每晚因思念母亲而在园中努力练习魔法的情形，被魔法赋予生命。穿过丛林，拨开荆棘，她只为让魔法花园再度盛放。,2,,,,,999,skin161,180,60,60,220,120,120,,headicon,头像：解锁头像。,,bodyeffcet,身体特效：身上飘散着音符！,,,,,,,,,,,,,,common_01,0,,,,,,180,,,,,,,27043,,,,,,,,,,,,,,,,,,,,,,,,,,,,,,,,,5,"3,5,8,9,13,14,15,16,17,18,19",1.4|0,,,1,,,,,,,,,,,,,
162,鼓手尼普,140168,,297,3,140169_2,1,140169_3,,,140169_1,,,,,,,,,-1,2,,999,尼普和妹妹妮塔，是指挥家送给仙度瑞拉家花园的一对兔子陶瓷摆件，和妮塔想要留在花园不同，尼普暗暗觉得自己之于指挥家更重要，一心想要回到乐团中。,2,,,,,999,skin162,180,60,60,220,120,120,,headicon,头像：解锁头像。,,bodyeffcet,身体特效：身上飘散着音符！,,,,,,,,,,,,,,common_01,0,,,,,,180,,,,,,,27044,,,,,,,,,,,,,,,,,,,,,,,,,,,,,,,,,5,"3,5,8,9,13,14,15,16,17,18,19",1.4|0,,,1,,,,,,,,,,,,,
163,龙响无双,140166,,298,3,140166_2,1,140166_3,,,140166_1,,,,,,,,,-1,2,,999,师父，您一直教我知书达礼，恭谨谦逊。可如此局面，敢挡本姑娘路的人，都得！吃苦头！,2,,,,,999,skin163,180,60,60,220,120,120,,headicon,头像：解锁头像。,,footprint,行走足迹：走过的地方留下包子脚印。,,,,,,,,,,,,,,dtxx_beijingtu43,0,,,,,,180,,,"23,1","23,163",33038,100108,27045,Pskin163,,,,,,,,,,,,,,,,,,,,,,,,,,,,,,,,3,"3,5,8,9,13,14,15,16,17,18,19",1.4|0,,,1,,,,,,,,,,,,,
164,拾玖,140173,,299,3,140173_2,1,140173_3,,,140173_1,,,,,,,,,-1,2,,999,"哟咦咻~虽然长着小孩模样，但却是一等一的高手。
有万里师傅和哥哥们在，必杀技“翔龙”可不会轻易放送。
果然还是最喜欢和哥哥们玩游戏了！要是输了……就哭给你看！",2,,,,,999,skin164,180,60,60,220,120,120,,headicon,头像：解锁头像。,,bodyeffcet,身体特效：头上飘散着能量粒子！,,,,,,,,,,,,,,dtxx_beijingtu41,0,,,,,,180,,,,,,,27046,,,,,,,,,,,,,,,,,,,,,,,,,,,,,,,,,1,"3,5,8,9,13,14,15,16,17,18,19",1.4|0,,,1,,,,,,,,,,,,,
165,糖心小熊,140170,,300,3,140170_2,1,140170_3,,,140170_1,,,,,,,,,-1,2,,999,软糖之柔，硬糖之刚，论传承，通通不在话下。 刚中带柔，软中包硬，论创新，糖心小熊最佳。 千言万语，小熊的心意最甜。  ,2,,,,,999,skin165,180,60,60,220,120,120,,headicon,头像：解锁头像。,,footprint,行走足迹：走过的地方会掉落糖果还会留下小熊脚印。,,skill,仅限礼盒产出,,,,,,,,,,,dtxx_beijingtu42,0,,,,,,180,,,,,,,27047,,,,,,,,,,,,,,,,,,,,,,,,,,,,,,,,,4,"3,5,8,9,13,14,15,16,17,18,19",1.4|0,,,1,,,,,,,,,,,,,
166,星月小梦,140172,,301,3,140172_2,1,140172_3,,,140172_1,,,,,,,,,-1,2,,999,"哈欠是我的招牌动作，人人都叫我“白日梦想家”。
太阳，星星，月亮，都在我软乎乎的枕头里。
戴好眼罩，即刻沉入梦乡。
无论白天黑夜，来和我一起做梦吧！",2,,,,,999,skin166,180,60,60,220,120,120,,headicon,头像：解锁头像。,,bodyeffcet,身体特效：身上飘散着瞌睡泡泡！,,,,,,,,,,,,,,common_01,0,,,,,,180,,,,,,,27048,,,,,,,,,,,,,,,,,,,,,,,,,,,,,,,,,5,"3,5,8,9,13,14,15,16,17,18,19",1.4|0,,,1,,,,,,,,,,,,,
167,星团公主 波莉,140176,,302,3,140176_2,1,140176_3,,,140176_1,,,,,,,,,-1,2,,999,"当生活的迷雾层层揭开，你是否敢靠近，那掩藏真相的虚掩之门？
她是号令团子的城堡“女王”，也是被囚在家的科技少女。
听到了吗？她的呐喊：
“所束缚我的，必将成为我的裙下败将！”",2,,,,,999,skin167,180,60,60,220,120,120,,headicon,头像：解锁头像。,,footprint,行走足迹：走过的地方留下发光泡泡团子脚印。,,bodyeffcet,身体特效：身上飘散着蓝色星光！,,,,,,,,,,,dtxx_beijingtu44,0,,,,,,180,,,,,,,27049,,,,,,,,,,,,,,,,,,,,,,,,,10,lab_dresstheme_team,,,,,,,1,"3,5,8,9,13,14,15,16,17,18,19",1.4|0,,,1,,,,,,,,,,,,,
168,光影闪动,140167,,303,3,140167_2,1,140167_3,,,140167_1,,,,,,,,,-1,2,,999,施巧灵、殷小敏和彩俐是亲密伙伴，一起对付黑咒魔王。施巧灵对色彩异常敏感，想法超越常人，常有意想不到的见解，是一个难得的绘画天才。话不多但非常善良，性格有些执着和倔强。,2,,,,,999,skin168,180,60,60,220,120,120,,headicon,头像：解锁头像。,,bodyeffcet,身体特效：身上飘散着粉色爱心！,,,,,,,,,,,,,,dtxx_beijingtu62,0,,,,icon_59,,180,,,,,33077,100108,27050,Pskin168,,,,,,,,,,,,,,,,,,,,,,,,,,,,,,,,1,"3,5,8,9,13,14,15,16,17,18,19",1.4|0,,,1,,,,,,,,,,,,,
169,魂羽歌者 莺初,140174,,304,3,140174_2,1,140174_3,,,140174_1,,,,,,,,,-1,2,,999,"“莺歌燕舞,便有系人心处。燕去莺来昏又晓, 薰风微度，天下瑞麟重睹。
她明白自己的宿命与信念。
因为那需要守护之物，是比黄金珠宝更珍贵的东西。",2,,,,,999,skin169,180,60,60,220,120,120,,headicon,头像：解锁头像。,,bodyeffcet,身体特效：身上飘散着金色银杏叶！,2,acticon,互动：可与空候触发互动动作！,,,,,,,,,,,dtxx_beijingtu46,0,,,,,,180,,,,,,,27051,,24,,,,,,,,,,,,,,,,,,,,,,,11,lab_dresstheme_ryukyu,,,,,,,1,"3,5,8,9,13,14,15,16,17,18,19",1.4|0,,,2,,,,,,,,,,,,,
170,色彩魔法,140171,,305,3,140171_2,1,140171_3,,,140171_1,,,,,,,,,-1,2,,999,殷小敏、施巧灵和彩俐是亲密伙伴，一起对付黑咒魔王。殷小敏的嗅觉特别灵敏，成为魔仙后，常凭嗅觉侦测到敌人，帮了很多忙。虽然她说话温柔，容易哭，但实际外柔内刚，遇事很冷静。,2,,,,,999,skin170,180,60,60,220,120,120,,headicon,头像：解锁头像。,,footprint,行走足迹：走过的地方留下星星脚印。,,,,,,,,,,,,,,dtxx_beijingtu62,0,,,,icon_59,,180,,,"154,1","154,170",33070,100108,27052,Pskin166,,,,,,,,,,,,,,,,,,,,,,,,,,,,,,,,1,"3,5,8,9,13,14,15,16,17,18,19",1.4|0,,,1,,,,,,,,,,,,,
171,弥梦帝君 空侯,140175,,306,3,140175_2,1,140175_3,,,140175_1,,,,,,,,,-1,2,,999,"被困于噩梦的帝君，苦苦寻找着弥留的辉煌。
直到，他听到那灵魂的鸣啭……
听到歌声了吗……？跟过来，活下去！",2,,,,,999,skin171,180,60,60,220,120,120,,headicon,头像：解锁头像。,,bodyeffcet,身体特效：身上飘散着青色能量粒子！,2,acticon,互动：可与莺初触发互动动作！,,,,,,,,,,,dtxx_beijingtu46,0,,,,,,180,,,,,,,27053,,23,,,,,,,,,,,,,,,,,,,,,,,,,,,,,,,1,"3,5,8,9,13,14,15,16,17,18,19",1.4|0,,,1,,,,,,,,,,,,,
172,倪羽儿,140183,,307,3,140183_2,1,140183_3,,,140183_1,,,,,,,,,-1,2,,999,"舞裙歌扇，霓裳羽衣，
喜欢我的扇子和衣服？
找本姑娘就对了！",2,,,,,999,skin172,180,60,60,220,120,120,,headicon,头像：解锁头像。,,bodyeffcet,身体特效：身上飘散着绿色花朵！,,,,,,,,,,,,,,common_01,0,,,,,,180,,,,,,,27054,,,,,,,,,,,,,,,,,,,,,,,,,13,lab_dresstheme_feather,,,,,,,5,"3,5,8,9,13,14,15,16,17,18,19",1.4|0,,,1,,,,,,,,,,,,,
173,谢知礼,140182,,308,3,140182_2,1,140182_3,,,140182_1,,,,,,,,,-1,2,,999,"人之初，性本善。性相近，习相远。 
要我说，打打杀杀什么的，一点儿也不酷。",2,,,,,999,skin173,180,60,60,220,120,120,,headicon,头像：解锁头像。,,bodyeffcet,身体特效：身上飘散着汉字！,,,,,,,,,,,,,,common_01,0,,,,,,180,,,,,,,27055,,,,,,,,,,,,,,,,,,,,,,,,,,,,,,,,,5,"3,5,8,9,13,14,15,16,17,18,19",1.4|0,,,1,,,,,,,,,,,,,
174,驱魔人 开斯特,140180,,309,3,140180_2,1,140180_3,,,140180_1,,,,,,,,,-1,2,,999,"手提马灯，肩停渡鸦，谁是黑夜守护者？
身赋驱散黑暗的能力，却只向往一场安稳的好觉。
假若来者不善，那就让他试试我的十字架吧！",2,,,,,999,skin174,180,60,60,220,120,120,,headicon,头像：解锁头像。,,footprint,行走足迹：走过的地方留下黑色火焰。,,,,,,,,,,,,,,dtxx_beijingtu45,0,,,,,,180,,,,,,,27056,,,,,,,,,,,,,,,,,,,,,,,,,5,lab_dresstheme_seasons,,,,,,,1,"3,5,8,9,13,14,15,16,17,18,19",1.4|0,,,1,,,,,,,,,,,,,
175,奥利维亚,140181,,310,3,140181_2,1,140181_3,,,140181_1,,,,,,,,,-1,2,,999,黑夜装点裙纱，无人争抢捧花。 不生不死，不枯不萎的永生花啊，你可否告诉我， 那个救我的人，是否养了只渡鸦？,2,,,,,999,skin175,180,60,60,220,120,120,,headicon,头像：解锁头像。,,footprint,行走足迹：走过的地方留下玫瑰花。,,,,,,,,,,,,,,dtxx_beijingtu45,0,,,,,,180,,,,,,,27057,,,,,,,,,,,,,,,,,,,,,,,,,5,lab_dresstheme_seasons,,,,,,,1,"3,5,8,9,13,14,15,16,17,18,19",1.4|0,,,1,,,,,,,,,,,,,
176,黑猫 幽娜,140179,,311,3,140179_2,1,140179_3,,,140179_1,,,,,,,,,-1,2,,999,,2,,,,,999,skin176,180,60,60,220,120,120,,headicon,头像：解锁头像。,,,,,,,,,,,,,,,,,dtxx_beijingtu47,0,,,,,,180,,,,,,,27058,,,,,,,,,,,,,,,,,,,,,,,,,,,,,,,,,4,"3,5,8,9,13,14,15,16,17,18,19",1.4|0,,,1,,,,,,,,,,,,,
177,蜘蛛王子 安德鲁,140178,,312,3,140178_2,1,140178_3,,,140178_1,,,,,,,,,-1,2,,999,,2,,,,,999,skin177,180,60,60,220,120,120,,headicon,头像：解锁头像。,,,,,,,,,,,,,,,,,dtxx_beijingtu47,0,,,,,,180,,,,,,,27059,,,,,,,,,,,,,,,,,,,,,,,,,,,,,,,,,4,"3,5,8,9,13,14,15,16,17,18,19",1.4|0,,,1,,,,,,,,,,,,,
178,极兽特工 沃夫·银,140184,,313,3,140184_2,1,140184_3,,,140184_1,,,,,,,,,-1,2,,999,沃夫·银出身白狼一族，天生敏捷、冷静，决断，是高曼达星特工组织——“极兽特攻”的一员。擅长使用的武器，是喵小糖帮忙改制的枪刃，在团队中担任中近距离战斗的冲锋手，平时藏在手套上的旋翼无人机可用来辅助攻击。,2,,,,,999,skin178,180,60,60,220,120,120,,headicon,头像：解锁头像。,,footprint,行走足迹：走过的地方留下特工图标。,,,,,,,,,,,,,,dtxx_beijingtu49,0,,,,,,180,,,,,,,27060,,,,,,,,,,,,,,,,,,,,,,,,,11,lab_dresstheme_ryukyu,,,,,,,3,"3,5,8,9,13,14,15,16,17,18,19",1.4|0,,,1,,,,,,,,,,,,,
179,灵公主,140189,,314,3,140189_2,1,140189_3,,,140189_1,,,,,,,,,-1,2,,999,本名花翎，人多称作灵公主。她是守护生命的女神，居住在美丽华丽的花海潮花圣殿，尊重生命，尊重灵魂。以爱之心守护世间生灵，不仅外表给人亲切感，内心也十分温柔。,2,,,,,999,skin179,180,60,60,220,120,120,,headicon,头像：解锁头像。,,bodyeffcet,身体特效：身上飘散着花玲蝶！,,,,,,,,,,,,,,dtxx_beijingtu48,0,,,,icon_57,,180,,,,,,,27061,,,,,,,,,,,,,,,,,,,,,,,,,,,,,,,,,4,"3,5,8,9,13,14,15,16,17,18,19",1.4|0,,,1,,,,,,,,,,,,,
180,龙空空,140187,,315,3,140187_2,1,140187_3,,,140187_1,,,,,,,,,-1,2,,999,仙奉星的隐居龙族少女，但有一颗充满想象力和向往自由的心。机缘巧合下认识了小龙人麟休，结成了交换零食的友谊，从麟休那里获取了很多关于外界的知识，期待某天能派上用场。,2,,,,,999,skin180,180,60,60,220,120,120,,headicon,头像：解锁头像。,,footprint,行走足迹：走过的地方留下骨头脚印。,,skill,仅限礼盒产出,,,,,,,,,,,common_01,0,,,,,,180,,,,,,,27062,,,,,,,,,,,,,,,,,,,,,,,,,11,lab_dresstheme_ryukyu,,,,,,,5,"3,5,8,9,13,14,15,16,17,18,19",1.4|0,,,1,,,,,,,,,,,,,
181,火鸡专家 托克,140186,,316,3,140186_2,1,140186_3,,,140186_1,,,,,,,,,-1,2,,999,托克是食趣星的神秘大厨，一年中只在感恩节临近时，火鸡店才开门营业。而每次出现，必然会带着他的拿手招牌菜——烤火鸡。,2,,,,,999,skin181,180,60,60,220,120,120,,headicon,头像：解锁头像。,,footprint,行走足迹：走过的地方留下火鸡脚印。,,,,,,,,,,,,,,common_01,0,,,,,,180,,,,,,,27063,,,,,,,,,,,,,,,,,,,,,,,,,,,,,,,,,5,"3,5,8,9,13,14,15,16,17,18,19",1.4|0,,,1,,,,,,,,,,,,,
182,草莓酱 贝瑞,140185,,317,3,140185_2,1,140185_3,,,140185_1,,,,,,,,,-1,2,,999,贝瑞是食趣星最懂草莓的人。她享受着关于草莓的每个环节，从播种抽芽到开花结果，从田野采摘到送上餐桌，贝瑞都乐在其中。,2,,,,,999,skin182,180,60,60,220,120,120,,headicon,头像：解锁头像。,,footprint,行走足迹：走过的地方留下草莓脚印。,,,,,,,,,,,,,,common_01,0,,,,,,180,,,,,,,27064,,,,,,,,,,,,,,,,,,,,,,,,,,,,,,,,,5,"3,5,8,9,13,14,15,16,17,18,19",1.4|0,,,1,,,,,,,,,,,,,
183,版本过低,140188,,318,3,140188_2,1,140188_3,,,140188_1,,,,,,,,,-1,2,,999,,2,,,,,999,skin183,180,60,60,220,120,120,,headicon,头像：解锁头像。,,,,,,,,,,,,,,,,,common_01,0,,,,,,180,,,,,,,27065,,,,,,,,,,,,,,,,,,,,,,,,,,,,,,,,,5,"3,5,8,9,13,14,15,16,17,18,19",1.4|0,,,1,,,,,,,,,,,,,
184,电音天后 莎莎,140190,,319,3,140190_2,1,140190_3,,,140190_1,,,,,,,,,-1,2,,999,莎莎是特尔星当仁不让的最红歌手，但超人气的名头，也为她招致了大麻烦，莎莎的音乐生涯一度就此停滞。直到她偶然间认识了暗星，这个极具天赋的DJ激发了她的灵感，开始尝试电音创作，这让莎莎再次走向歌手生涯的巅峰……,2,,,,,999,skin184,180,60,60,220,120,120,,headicon,头像：解锁头像。,,bodyeffcet,身体特效：身上飘散着彩色音符！,,,,,,,,,,,,,,dtxx_beijingtu50,0,,,,,,180,,,,,,,27066,,,,,,,,,,,,,,,,,,,,,,,,,,,,,,,,,4,"3,5,8,9,13,14,15,16,17,18,19",1.3|0,,,1,,,,,,,,,,,,,
185,仙踪守护者 悠妮,140191,,320,3,140191_2,1,140191_3,,,140191_1,,,,,,,,,-1,2,,999,童梦星的魔法森林中，生活着凤星域最后一群独角兽。在魔法日益稀缺的时代，独角兽也面临生存危机。悠妮作为族群中最年轻的存在，自告奋勇，踏上了用林中特产“魔法珍珠”，换取拯救仙踪魔力的坎坷之旅……,2,,,,,999,skin185,180,60,60,220,120,120,,headicon,头像：解锁头像。,,footprint,行走足迹：走过的地方留下蝴蝶结脚印。,,,,,,,,,,,,,,dtxx_beijingtu59,0,,,,,,180,,,,,,,27067,,,,,,,,,,,,,,,,,,,,,,,,,5,lab_dresstheme_seasons,,,,,,,4,"3,5,8,9,13,14,15,16,17,18,19",1.4|0,,,1,,,,,,,,,,,,,
186,云裳,140192,,321,3,140192_2,1,140192_3,,,140192_1,,,,,,,,,-1,2,,999,"她是动手能力和想象力爆棚的服装设计师，也是讲究创意兼具传承的星际旅者。
她穿梭在龙星域各个星球间，汲取各种风格服装的力量。
如果你想尝试不同的穿衣风格，认准她就对了！",2,,,,,999,skin186,180,60,60,220,120,120,,headicon,头像：解锁头像。,,bodyeffcet,身体特效：身上飘散着粉色花朵！,,,,,,,,,,,,,,common_01,0,,,,,,180,,,,,,,27068,,,,,,,,,,,,,,,,,,,,,,,,,,,,,,,,,5,"3,5,8,9,13,14,15,16,17,18,19",1.4|0,,,1,,,,,,,,,,,,,
187,元祥儿,140196,,322,3,140196_2,1,140196_3,,,140196_1,,,,,,,,,-1,2,,999,元祥儿是食趣星冬日大使，废寝忘食筹办冬日盛典的她，总是一副看起来没睡醒的样子。从立冬到元旦，她都忙忙碌碌，总是一不留神，才发现新的一年又到了！,2,,,,,999,skin187,180,60,60,220,120,120,,headicon,头像：解锁头像。,,footprint,行走足迹：走过的地方留下小羊脚印。,,,,,,,,,,,,,,common_01,0,,,,,,180,,,,,,,27069,,,,,,,,,,,,,,,,,,,,,,,,,11,lab_dresstheme_ryukyu,,,,,,,5,"3,5,8,9,13,14,15,16,17,18,19",1.4|0,,,1,,,,,,,,,,,,,
188,颜廷怀,140195,,323,3,140195_2,1,140195_3,,,140195_1,,,,,,,,,-1,2,,999,大同星最被期待的神童秀才，却在及第之时开悟，放弃了曾经梦寐以求的举人资格，走上了赤脚书生的云游之路。因偶然帮助了星门门徒，得以进入仙奉星的神仙地界，开启了奇幻版“桃花源记”之旅……,2,,,,,999,skin188,180,60,60,220,120,120,,headicon,头像：解锁头像。,,bodyeffcet,身体特效：身上飘散着竹叶！,,,,,,,,,,,,,,common_01,0,,,,,1.7,180,,,,,,,27070,,,,,,,,,,,,,,,,,,,,,,,,,13,lab_dresstheme_feather,,,,,,,5,"3,5,8,9,13,14,15,16,17,18,19",1.3|0,,,1,,,,,,,,,,,,,
189,舞狮游龙,140200,,324,3,140200_2,1,140200_3,,,140200_1,,,,,,,,,-1,2,,999,生命如龙，舞动不息；坚持如狮，勇往直前。,2,,,,,999,skin189,180,60,60,220,120,120,,headicon,头像：解锁头像。,,footprint,行走足迹：走过的地方留下绣球脚印。,,,,,,,,,,,,,,dtxx_beijingtu52,0,,,,,,180,,,"24,1","24,189",33054,100108,27071,Pskin164,,,,,,,,,,,,,,,,,,,,,,,,8,lab_dresstheme_newyear,,,,,,,3,"3,5,8,9,13,14,15,16,17,18,19",1.3|0,,,1,,,,,,,,,,,,,
190,蜜多多,140201,,325,3,140201_2,1,140201_3,,,140201_1,,,,,,,,,-1,2,,999,“天上可不会下蜂蜜！”这是蜜多多的口头禅。作为入驻迷萌小镇的新成员，她的勤奋让大家都刮目相看，每周一早晨九点，总有一罐新鲜的蜂蜜摆在众人家门口，大家都说，这是他们吃过最好吃的蜂蜜。,2,解锁道具可通过活动获得,,,,999,skin190,180,60,60,220,120,120,,headicon,头像：解锁头像。,,footprint,行走足迹：走过的地方留下蜂蜜脚印。,,,,,,,,,,,,,,common_01,0,,,,,,180,,,,,,,27072,,,,,,,,,,,,,,,,,,,,,,,,,1,lab_dresstheme_party,,,,,,,5,"3,5,8,9,13,14,15,16,17,18,19",1.4|0,,,2,,,,,,,,,,,,,
191,沈一弦,140197,,326,3,140197_2,1,140197_3,,,140197_1,,,,,,,,,-1,2,,999,大同星上的世外高人，长相异常俊美，如同谪仙一般，擅长幻形，经常幻化成仙鹤，飞离尘世。似乎还有一个不为外人所知的神秘身份，与柳仙儿的关系非常亲近，最怕柳仙儿发火。,2,解锁道具可通过活动获得,,,,999,skin191,180,60,60,220,120,120,,headicon,头像：解锁头像。,,bodyeffcet,身体特效：身上飘散着蓝色灵气！,,,,,,,,,,,,,,common_01,0,,,,,,180,,,,,,,27073,,,,,,,,,,,,,,,,,,,,,,,,,,,,,,,,,5,"3,5,8,9,13,14,15,16,17,18,19",1.4|0,,,1,,,,,,,,,,,,,
192,云胭,140198,,327,3,140198_2,1,140198_3,,,140198_1,,,,,,,,,-1,2,,999,仙奉星灵狐一族的幺女，和大同星的星云剑仙苍鸿是忘年交。受苍鸿影响，她不爱法术爱科技，喜欢用捣鼓各种机械小玩意儿，这使她在族中看起来像个异类。不过，云胭可不在乎，其他人才不知道科技这东西，有多神奇呢！,2,,,,,999,skin192,180,60,60,220,120,120,,headicon,头像：解锁头像。,,bodyeffcet,身体特效：身上飘散着粉色爱心！,,,,,,,,,,,,,,dtxx_beijingtu51,0,,,,,,180,,,,,,,27074,,,,,,,,,,,,,,,,,,,,,,,,,,,,,,,,,1,"3,5,8,9,13,14,15,16,17,18,19",1.4|0,,,1,,,,,,,,,,,,,
193,苍鸿,140199,,328,3,140199_2,1,140199_3,,,140199_1,,,,,,,,,-1,2,,999,大同星最神秘的“剑仙”，江湖上除了流传着苍鸿这个名字，他的年龄、来处、住所，皆是无人知晓。据说，他的剑是仙剑，挥动时，剑身闪耀仙光，可斩万物。但鲜为人知的是，这把剑，竟然来自高曼达星……,2,,,,,999,skin193,180,60,60,220,120,120,,headicon,头像：解锁头像。,,bodyeffcet,身体特效：身上闪耀着仙光！,,,,,,,,,,,,,,dtxx_beijingtu51,0,,,,,,180,,,,,,,27075,,,,,,,,,,,,,,,,,,,,,,,,,,,,,,,,,1,"3,5,8,9,13,14,15,16,17,18,19",1.4|0,,,2,,,,,,,,,,,,,
194,版本过低,140212,,329,3,140212_2,1,140212_3,,,140212_1,,,,,,,,,-1,2,,999,,2,,,,,999,skin194,180,60,60,220,120,120,,headicon,头像：解锁头像。,,,,,,,,,,,,,,,,,common_01,0,,,,,,180,,,,,,,27076,,,,,,,,,,,,,,,,,,,,,,,,,,,,,,,,,5,"3,5,8,9,13,14,15,16,17,18,19",1.4|0,,,1,,,,,,,,,,,,,
195,版本过低,140213,,330,3,140213_2,1,140213_3,,,140213_1,,,,,,,,,-1,2,,999,,2,,,,,999,skin195,180,60,60,220,120,120,,headicon,头像：解锁头像。,,,,,,,,,,,,,,,,,common_01,0,,,,,,180,,,,,,,27077,,,,,,,,,,,,,,,,,,,,,,,,,,,,,,,,,5,"3,5,8,9,13,14,15,16,17,18,19",1.4|0,,,1,,,,,,,,,,,,,
196,米兰达,140202,,331,3,140202_2,1,140202_3,,,140202_1,,,,,,,,,-1,2,,999,金色桂冠，赐我智慧与力量。 火红骄阳，滋养万物以生长。被众人称作太阳女神的我啊，虔诚祈愿生命之光芒，永不熄灭。 ,2,,,,,999,skin196,180,60,60,220,120,120,,bodyeffcet,特殊改变：游戏内可实现变形功能，切换形态！,,headicon,头像：解锁头像。,,bodyeffcet,身体特效：身上飘散着太阳光辉！,1,changeicon,变形：点击左侧变形按钮，可切换普通/光辉形态！,,,,,,,,dtxx_beijingtu53,0,,1,4568,icon_61,,180,,,,,33055,,27078,,,,,,,,,,,,,,,,,,,,,,,,,,,,,,,,,3,"3,5,8,9,13,14,15,16,17,18,19",1.4|0,,,2,,,,,,,,,,,,,
197,帝皇侠,140203,,332,3,140203_2,1,140203_3,,,140203_1,,,,,,,,,-1,2,,999,无限宇宙最强铠甲，乃铠甲中凌驾于王者之上的皇帝，是明界的最高统治者，天道化身，主宰一切。且拥有第一只铠兽——光之帝皇战龙。,2,,,,,999,skin197,180,60,60,220,120,120,,bodyeffcet,特殊改变：游戏内可实现变形功能，切换形态！,,headicon,头像：解锁头像。,,footprint,行走足迹：走过的地方留下帝皇图腾脚印。,1,changeicon,变形：点击左侧变形按钮，可切换普通/终极形态！,,,,,,,,dtxx_beijingtu54,0,,1,4570,,,180,,,,,,,27079,,,,,,,,,,,,,,,,,,,,,,,,,,,,,,,,,3,"3,5,8,9,13,14,15,16,17,18,19",1.4|0,,,1,,,,,,,,,,,,,
198,虎心玉,140204,,333,3,140204_2,1,140204_3,,,140204_1,,,,,,,,,-1,2,,999,"是拳拳到肉的武功高手，也是闪闪发光的宝物收藏家！
大到元宝铜钱，小到贝壳玻璃，都是我的心头好。
想让我亮拳头？那么……先给我看看你的诚意吧！",2,,,,,999,skin198,180,60,60,220,120,120,,headicon,头像：解锁头像。,,footprint,行走足迹：走过的地方留下钱袋脚印。,,,,,,,,,,,,,,dtxx_beijingtu55,0,,,,,,180,,,,,33059,,27080,,,,,,,,,,,,,,,,,,,,,,,,,,,,,,,,,3,"3,5,8,9,13,14,15,16,17,18,19",1.4|0,,,1,,,,,,,,,,,,,
199,虎啸丰,140205,,334,3,140205_2,1,140205_3,,,140205_1,,,,,,,,,-1,2,,999,拳风划破空气，热血激荡胸怀。 我本英雄豪杰，何惧自我挑战！ 勾勾手指，万千招式，都放马过来！ ,2,,,,,999,skin199,180,60,60,220,120,120,,headicon,头像：解锁头像。,,footprint,行走足迹：走过的地方留下虎纹脚印。,,,,,,,,,,,,,,dtxx_beijingtu55,0,,,,,,180,,,,,33063,,27081,,,,,,,,,,,,,,,,,,,,,,,,,,,,,,,,,3,"3,5,8,9,13,14,15,16,17,18,19",1.4|0,,,1,,,,,,,,,,,,,
200,艾菲莉,140206,,335,3,140206_2,1,140206_3,,,140206_1,,,,,,,,,-1,2,,999,淌过小溪，穿过山林， 听鸟儿歌唱，闻野花芬芳。 若有蝴蝶误闯我的兜网， 别怕！我来将你释放。 ,2,,,,,999,skin200,180,60,60,220,120,120,,headicon,头像：解锁头像。,,bodyeffcet,身体特效：身上飘散着粉红色蝴蝶！,,,,,,,,,,,,,,common_01,0,,,,,,180,,,,,,,27082,,,,,,,,,,,,,,,,,,,,,,,,,,,,,,,,,5,"3,5,8,9,13,14,15,16,17,18,19",1.4|0,,,1,,,,,,,,,,,,,
201,泰林,140207,,336,3,140207_2,1,140207_3,,,140207_1,,,,,,,,,-1,2,,999,真相隐于丛林，奥秘栖于山岗。 都说我的学识依靠聪明大脑， 但有谁知道，智慧只因实践而闪耀！ ,2,,,,,999,skin201,180,60,60,220,120,120,,headicon,头像：解锁头像。,,bodyeffcet,身体特效：身上飘散着橙色蝴蝶！,,,,,,,,,,,,,,common_01,0,,,,,,180,,,,,,,27083,,,,,,,,,,,,,,,,,,,,,,,,,,,,,,,,,5,"3,5,8,9,13,14,15,16,17,18,19",1.4|0,,,1,,,,,,,,,,,,,
202,芙洛丝,140209,,337,3,140209_2,1,140209_3,,,140209_1,,,,,,,,,-1,2,,999,云朵般蓬松的头发，宝石般闪亮的眼睛，蝶翅般鲜艳的发卡…… 都不及，棉花糖一般甜美的你！ 来吧！与我在这轻盈柔软的云海中，纵情欢乐吧！ ,2,,,,,999,skin202,180,60,60,220,120,120,,headicon,头像：解锁头像。,,bodyeffcet,身体特效：身上飘散着棉花糖！,,,,,,,,,,,,,,dtxx_beijingtu56,0,,,,,,180,,,,,,,27084,,,,,,,,,,,,,,,,,,,,,,,,,4,lab_dresstheme_cotton,,,,,,,3,"3,5,8,9,13,14,15,16,17,18,19",1.4|0,,,1,,,,,,,,,,,,,
203,霓裳物语,140208,,338,3,140208_2,1,140208_3,,,140208_1,,,,,,,,,-1,2,,999,我可不是只会欢笑的花仙子，我还懂得花言巧语，为每朵花儿讲述他们的故事。让我们一起享受这活力四溢、充满情感的花海奇妙之旅吧！,2,,,,,999,skin203,180,60,60,220,120,120,,headicon,头像：解锁头像。,,bodyeffcet,身体特效：身上飘散着紫色蝴蝶！,,,,,,,,,,,,,,dtxx_beijingtu57,0,,,,,,180,,,"59,1","59,203",33056,100108,27085,Pskin165,,,,,,,,,,,,,,,,,,,,,,,,5,lab_dresstheme_seasons,,,,,,,4,"3,5,8,9,13,14,15,16,17,18,19",1.4|0,,,2,,,,,,,,,,,,,
204,炎龙侠,140211,,339,3,140211_2,1,140211_3,,,140211_1,,,,,,,,,-1,2,,999,"五行中属火，五位战士中能力最平均，亦是最有潜力的一人。
五套光影铠甲中唯一能让两人同时进行召唤的铠甲，也是能力消耗速度最慢的铠甲。",2,,,,,999,skin204,180,60,60,220,120,120,,headicon,头像：解锁头像。,,footprint,行走足迹：走过的地方留下炎龙图腾脚印。,,,,,,,,,,,,,,dtxx_beijingtu58,0,,,,,,180,,,,,,,27086,,,,,,,,,,,,,,,,,,,,,,,,,,,,,,,,,3,"3,5,8,9,13,14,15,16,17,18,19",1.4|0,,,1,,,,,,,,,,,,,
205,版本过低,,,340,3,,,,,,,,,,,,,,,,,,,,,,,,,,,,,,,,,,,,,,,,,,,,,,,,,,,,common_01,0,,,,,,180,,,,,,,27087,,,,,,,,,,,,,,,,,,,,,,,,,,,,,,,,,5,"3,5,8,9,13,14,15,16,17,18,19",1.4|0,,,1,,,,,,,,,,,,,
206,版本过低,,,341,3,,,,,,,,,,,,,,,,,,,,,,,,,,,,,,,,,,,,,,,,,,,,,,,,,,,,common_01,0,,,,,,180,,,,,,,27088,,,,,,,,,,,,,,,,,,,,,,,,,,,,,,,,,5,"3,5,8,9,13,14,15,16,17,18,19",1.4|0,,,1,,,,,,,,,,,,,
207,版本过低,,,342,3,,,,,,,,,,,,,,,,,,,,,,,,,,,,,,,,,,,,,,,,,,,,,,,,,,,,common_01,0,,,,,,180,,,,,,,27089,,,,,,,,,,,,,,,,,,,,,,,,,,,,,,,,,5,"3,5,8,9,13,14,15,16,17,18,19",1.4|0,,,1,,,,,,,,,,,,,
208,小海侠莫塔,140216,,343,3,140216_2,1,140216_3,,,140216_1,,,,,,,,,-1,2,,999,"乘风自在游泳，潜海深处飞行。
我是海洋里最会飞的，也是天空中游最快的。
若要探寻这天水间的消息，找我就对了！",2,,,,,999,skin208,180,60,60,220,120,120,,headicon,头像：解锁头像。,,bodyeffcet,身体特效：身上会掉落泡泡！,,,,,,,,,,,,,,common_01,0,,,,,,180,,,,,,,27090,,,,,,,,,,,,,,,,,,,,,,,,,4,lab_dresstheme_cotton,,,,,,,5,"3,5,8,9,13,14,15,16,17,18,19",1.38|0,,,2,,,,,,,,,,,,,
209,花火,140221,,344,3,140221_2,1,140221_3,,,140221_1,,,,,,,,,-1,2,,999,"金鱼浴衣苹果糖，风铃炒面香，
春日祭典就要到，烟火声声响昼宵。
快看，是烟花！和我一起许愿吧！",2,,,,,999,skin209,180,60,60,220,120,120,,headicon,头像：解锁头像。,,bodyeffcet,身体特效：身上飘散着粉色花朵！,,,,,,,,,,,,,,common_01,0,,,,,,180,,,,,,,27091,,,,,,,,,,,,,,,,,,,,,,,,,,,,,,,,,5,"3,5,8,9,13,14,15,16,17,18,19",1.4|0,,,1,,,,,,,,,,,,,
210,魔闪闪,140218,,345,3,140218_2,1,140218_3,,,140218_1,,,,,,,,,-1,2,,999,"演绎魔术戏法，守护愿望发芽。
六芒星啊，请持续闪耀吧，
众人之祈愿，我借来星辰回答！",2,,,,,999,skin210,180,60,60,220,120,120,,headicon,头像：解锁头像。,,footprint,行走足迹：走过的地方留下六角星脚印。,,,,,,,,,,,,,,common_01,0,,,,,,180,,,,,,,27092,,,,,,,,,,,,,,,,,,,,,,,,,,,,,,,,,5,"3,5,8,9,13,14,15,16,17,18,19",1.4|0,,,1,,,,,,,,,,,,,
211,烽灵,140217,,346,3,140217_2,1,140217_3,,,140217_1,,,,,,,,,-1,2,,999,"战鼓激昂，我的敌人身在何方，
烽火连天，守护家园不畏死伤。
怒气化作战意，信仰常驻我心，盘旋巨龙终会再次降临！",2,解锁道具可通过活动获得,,,,999,skin211,180,60,60,220,120,120,,headicon,头像：解锁头像。,,bodyeffcet,身体特效：身上飘散着火花！,,,,,,,,,,,,,,common_01,0,,,,,,180,,,,,,,27093,,,,,,,,,,,,,,,,,,,,,,,,,,,,,,,,,5,"3,5,8,9,13,14,15,16,17,18,19",1.4|0,,,2,,,,,,,,,,,,,
212,陶梦蝶,140223,,347,3,140223_2,1,140223_3,,,140223_1,,,,,,,,,-1,2,,999,"武能驰马试剑，文能作画吟诗。
看着吧，本小姐出马，无人能敌！",2,,,,,999,skin212,180,60,60,220,120,120,,headicon,头像：解锁头像。,,bodyeffcet,身体特效：身上飘散着粉色花朵！,,,,,,,,,,,,,,common_01,0,,,,,,180,,,,,,,27094,,,,,,,,,,,,,,,,,,,,,,,,,15,lab_dresstheme_butterfly,,,,,,,5,"3,5,8,9,13,14,15,16,17,18,19",1.4|0,,,1,,,,,,,,,,,,,
213,版本过低,,,348,3,,1,,,,,,,,,,,,,-1,2,,999,,2,,,,,999,skin213,180,60,60,220,120,120,,,,,,,,,,,,,,,,,,,,common_01,0,,,,,,180,,,,,,,27095,,,,,,,,,,,,,,,,,,,,,,,,,,,,,,,,,5,"3,5,8,9,13,14,15,16,17,18,19",1.4|0,,,1,,,,,,,,,,,,,
214,雪莉,140222,,349,3,140222_2,1,140222_3,,,140222_1,,,,,,,,,-1,2,,999,"千载风雪，吹不冷温暖的心。
雪人为伴，也是一种幸运。
而我的愿望，就是冰雪不要融化，朋友都能归家。",2,,,,,999,skin214,180,60,60,220,120,120,,headicon,头像：解锁头像。,,footprint,行走足迹：走过的地方留下雪花脚印。,,bodyeffcet,身体特效：身上飘散着小雪花！,,,,,,,,,,,common_01,0,,,,,,180,,,,,,,27096,,,,,,,,,,,,,,,,,,,,,,,,,,,,,,,,,5,"3,5,8,9,13,14,15,16,17,18,19",1.4|0,,,1,,,,,,,,,,,,,
215,版本过低,,,350,3,,1,,,,,,,,,,,,,,,,,,,,,,,999,skin215,180,60,60,220,120,120,,,,,,,,,,,,,,,,,,,,common_01,0,,,,,,180,,,,,,,27097,,,,,,,,,,,,,,,,,,,,,,,,,,,,,,,,,5,"3,5,8,9,13,14,15,16,17,18,19",1.4|0,,,1,,,,,,,,,,,,,
216,版本过低,,,351,3,,1,,,,,,,,,,,,,,,,,,,,,,,999,skin216,180,60,60,220,120,120,,,,,,,,,,,,,,,,,,,,common_01,0,,,,,,180,,,,,,,27098,,,,,,,,,,,,,,,,,,,,,,,,,,,,,,,,,5,"3,5,8,9,13,14,15,16,17,18,19",1.4|0,,,1,,,,,,,,,,,,,
217,版本过低,,,352,3,,1,,,,,,,,,,,,,,,,,,,,,,,999,skin217,180,60,60,220,120,120,,headicon,头像：解锁头像。,,,,,,,,,,,,,,,,,common_01,0,,,,,,180,,,,,,,27099,,,,,,,,,,,,,,,,,,,,,,,,,,,,,,,,,5,"3,5,8,9,13,14,15,16,17,18,19",1.4|0,,,1,,,,,,,,,,,,,
218,莲花公主,140231,,353,3,140231_2,1,140231_3,,,140231_1,,,,,,,,,-1,2,,999,莲花公主的设计是迷你世界越南服装设计大赛冠军作品。作为来自外地的好朋友，她的性格温婉而坚韧，对待朋友总是充满热情和善意。她善于倾听，总能给予他人最真挚的建议和鼓励。,2,,,,,999,skin218,180,60,60,220,120,120,,headicon,头像：解锁头像。,,bodyeffcet,身体特效：身上飘散着花朵！,,,,,,,,,,,,,,common_01,0,,,,,,180,,,,,,,27100,,,,,,,,,,,,,,,,,,,,,,,,,,,,,,,,,5,"3,5,8,9,13,14,15,16,17,18,19",1.4|0,,,1,,,,,,,,,,,,,
219,梦魇之月女孩,140228,,354,3,140228_2,1,140228_3,,,140228_1,,,,,,,,,-1,2,,999,她是月亮公主的黑化形态，因与姐姐产生矛盾而成为梦魇的宿主。被和谐元素感化后，她选择重回姐姐身边共同统治王国。月亮公主其实很温柔，怕寂寞，此后一直在试图建立亲民的形象。,2,,,,,999,skin219,180,60,60,220,120,120,,headicon,头像：解锁头像。,,bodyeffcet,身体特效：身上飘散着星光！,,,,,,,,,,,,,,dtxx_beijingtu60,0,,,,icon_54,,180,,,,,,,27101,,,,,,,,,,,,,,,,,,,,,,,,,7,lab_dresstheme_pony,,,,,,,4,"3,5,8,9,13,14,15,16,17,18,19",1.4|0,,,2,,,,,,,,,,,,,
220,格莉菲塔,140219,,355,3,140219_2,1,140219_3,,,140219_1,,,,,,,,,-1,2,,999,"街角墙壁显露我的踪迹，
涂鸦画面记载太多回忆。
别对我的艺术产生怀疑，
因为除了天赋，还有爱在传递。",2,,,,,999,skin220,180,60,60,220,120,120,,headicon,头像：解锁头像。,,footprint,行走足迹：走过的地方留下涂鸦脚印。,,,,,,,,,,,,,,common_01,0,,,,,,180,,,,,,,27102,,,,,,,,,,,,,,,,,,,,,,,,,,,,,,,,,5,"3,5,8,9,13,14,15,16,17,18,19",1.4|0,,,1,,,,,,,,,,,,,
221,莱柯,140220,,356,3,140220_2,1,140220_3,,,140220_1,,,,,,,,,-1,2,,999,"从过去到现在，涂鸦是我热爱。
习惯用作品来表达，内心独白。
从现在到未来，涂鸦是我挚爱。
随手喷洒，就是街头艺术天才。",2,,,,,999,skin221,180,60,60,220,120,120,,headicon,头像：解锁头像。,,footprint,行走足迹：走过的地方留下涂鸦脚印。,,,,,,,,,,,,,,common_01,0,,,,,,180,,,,,,,27103,,,,,,,,,,,,,,,,,,,,,,,,,,,,,,,,,5,"3,5,8,9,13,14,15,16,17,18,19",1.4|0,,,1,,,,,,,,,,,,,
222,觉醒者妮妮,140194,,357,3,140194_2,1,140194_3,,,140194_1,,,,,,,,,-1,2,,999,迷你世界大电影限定皮肤“觉醒者”来袭！,2,,,,,999,skin222,180,60,60,220,120,120,,headicon,头像：解锁头像。,,bodyeffcet,身体特效：身上飘散着能量粒子！,,,,,,,,,,,,,,dtxx_beijingtu61,0,,,,,,180,,,,,,,27104,,,,,,,,,,,,,,,,,,,,,,,,,,,,,,,,,5,"3,5,8,9,13,14,15,16,17,18,19",1.4|0,,,1,,,,,,,,,,,,,
223,觉醒者卡卡,140193,,358,3,140193_2,1,140193_3,,,140193_1,,,,,,,,,-1,2,,999,迷你世界大电影限定皮肤“觉醒者”来袭！,2,,,,,999,skin223,180,60,60,220,120,120,,headicon,头像：解锁头像。,,bodyeffcet,身体特效：身上飘散着能量粒子！,,,,,,,,,,,,,,dtxx_beijingtu61,0,,,,,,180,,,,,,,27105,,,,,,,,,,,,,,,,,,,,,,,,,,,,,,,,,5,"3,5,8,9,13,14,15,16,17,18,19",1.4|0,,,1,,,,,,,,,,,,,
224,银铃,140229,,359,3,140229_2,1,140229_3,,,140229_1,,,,,,,,,-1,2,,999,银铃凭借着聪慧的头脑和刻苦的研究，解决了山谷的毒铃兰现象，成为了魔法植物保育学者、人们心中白金铃兰的守护象征。现在，她正与花幽幽探索更多奥法星神奇植物的奥秘！,2,,,,,999,skin224,180,60,60,220,120,120,,headicon,头像：解锁头像。,,footprint,行走足迹：走过的地方留下白金铃兰脚印。,,,,,,,,,,,,,,dtxx_beijingtu64,0,,,,,,180,,,,,,,27106,,,,,,,,,,,,,,,,,,,,,,,,,9,lab_dresstheme_dream,,,,,,,5,"3,5,8,9,13,14,15,16,17,18,19",1.42|0,,,1,,,,,,,,,,,,,
225,可瑞尔,140230,,360,3,140230_2,1,140230_3,,,140230_1,,,,,,,,,-1,2,,999,"尝百味冰品，探舌尖秘密。
天才味蕾，化平淡为神奇。
无数实验，成就完美主义。",2,,,,,999,skin225,180,60,60,220,120,120,,headicon,头像：解锁头像。,,bodyeffcet,身体特效：身上飘散着柠檬和薄荷叶！,,skill,仅限礼盒产出,,,,,,,,,,,dtxx_beijingtu63,0,,,,,,180,,,,,,,27107,,,,,,,,,,,,,,,,,,,,,,,,,,,,,,,,,4,"3,5,8,9,13,14,15,16,17,18,19",1.4|0,,,1,,,,,,,,,,,,,
226,刑天侠,140232,,361,3,140232_2,1,140232_3,,,140232_1,,,,,,,,,-1,2,,999,刑天铠甲擅以掌进行战斗，因此武学招数多为掌法。在三个铠甲中能力平均，具有攻防兼备的能力，同时也是铠甲巡逻小队队长的专用铠甲，在铠甲小队中起到关键作用。,2,,,,,999,skin226,180,60,60,220,120,120,,headicon,头像：解锁头像。,,footprint,行走足迹：走过的地方留下刑天图腾脚印。,,,,,,,,,,,,,,dtxx_beijingtu65,0,,,,,,180,,,,,,,27108,,,,,,,,,,,,,,,,,,,,,,,,,,,,,,,,,3,"3,5,8,9,13,14,15,16,17,18,19",1.4|0,,,1,,,,,,,,,,,,,
227,风鹰侠,140233,,362,3,140233_2,1,140233_3,,,140233_1,,,,,,,,,-1,2,,999,风鹰铠甲是以蓝色为主色调，鹰为图腾的铠甲勇士。由召唤者和木之风鹰铠甲合体而成的战士。五行中属木，在五位战士中速度最快，属速战速决型的战士。,2,,,,,999,skin227,180,60,60,220,120,120,,headicon,头像：解锁头像。,,footprint,行走足迹：走过的地方留下风鹰图腾脚印。,,skill,仅限礼盒产出,,,,,,,,,,,dtxx_beijingtu66,0,,,,,,180,,,,,,,27109,,,,,,,,,,,,,,,,,,,,,,,,,,,,,,,,,1,"3,5,8,9,13,14,15,16,17,18,19",1.4|0,,,1,,,,,,,,,,,,,
228,长发公主 萝拉,140234,,363,3,140234_2,1,140234_3,,,140234_1,,,,,,,,,-1,2,,999,"高楼上的悲泣，声声入耳却无人在意
上天的恩泽，唾手可得仍免不了苛刻
待到神迹不再，天使离开
徒留一地荒芜，不知轮回几载",2,,,,,999,skin228,180,60,60,220,120,120,,headicon,头像：解锁头像。,,bodyeffcet,身体特效：身上飘散着花瓣和树叶！,,,,,,,,,,,,,,dtxx_beijingtu67,0,,,,,,180,,,,,,,27110,,,,,,,,,,,,,,,,,,,,,,,,,19,lab_dresstheme_mfxz,,,,,,,5,"3,5,8,9,13,14,15,16,17,18,19",1.4|0,,,1,,,,,,,,,,,,,
229,梅嘉,140277,,364,3,140277_2,1,140277_3,,,140277_1,,,,,,,,,-1,2,,999,"子弹与流言，科技面前统统投降。
武器和保障，交给超电磁炮就好。
坏蛋们，保护好自己哟，3、2、1……开炮！",2,,,,,999,skin229,180,60,60,220,120,120,,headicon,头像：解锁头像。,,bodyeffcet,身体特效：身上飘散着闪耀的星光！,,,,,,,,,,,,,,dtxx_beijingtu100,0,,,,,,180,,,,,,,27111,,,,,,,,,,,,,,,,,,,,,,,,,,,,,,,,,1,"3,5,8,9,13,14,15,16,17,18,19",1.4|0,,,1,,,,,,,,,,,,,
230,绮梦灵狐·华阳,140241,,365,3,140241_2,1,140241_3,,,140241_1,,,,,,,,,-1,2,,999,难忘梦魇蔽日，无常踏碎芳华。抚琴弦寄曲忧思，雨落人终散，从此未相见。,2,,,,,999,skin230,180,60,60,220,120,120,,bodyeffcet,特殊改变：游戏内可实现变色功能，改变造型和状态！,,headicon,头像框和身体特效：专属头像框，身上飘散着浅红色山茶花！,3,changeskin,变色：点击左侧变色按钮，可切换灵狐为顽皮天真状态。,3,changeskin,变色：点击左侧变色按钮，可切换灵狐为美艳华丽状态。,4,soundplay,专属语音：地图内会播放专属语音，点击左侧按钮可试听！,,,,,dtxx_beijingtu68,0,,,,,,180,,,,,33076,,27112,,,"3_231,4_232",,231,,,8,ent.230.show,45,4,ent.230.idle,150,50,ent.230.die,110,ent.230.social,120,40,,,,,,,,,,,,,,3,"3,5,8,9,13,14,15,16,17,18,19",1.4|0,,,1,,,,,,,,,,,,,
231,绮梦灵狐·华阳,140239,,366,3,140239_2,1,140239_3,,,140239_1,,,,,,,,,-1,2,,999,记得花开满山，笙歌述尽盛繁。鸟居旁流年经转，当时笑闹声，春光绽日圆。,2,,,,,999,skin231,180,60,60,220,120,120,,bodyeffcet,特殊改变：游戏内可实现变色功能，改变造型和状态！,,headicon,头像框和身体特效：专属头像框，身上飘散着大红色山茶花！,3,changeskin,变色：点击左侧变色按钮，可切换灵狐为温柔坚强状态。,3,changeskin,变色：点击左侧变色按钮，可切换灵狐为美艳华丽状态。,4,soundplay,专属语音：地图内会播放专属语音，点击左侧按钮可试听！,,,,,dtxx_beijingtu68,0,,,,,,180,,,,,,,27113,,,"3_230,4_232",,232,,1,8,ent.231.show,45,4,ent.231.idle,150,50,ent.231.die,110,ent.231.social,120,40,,,,,,,,,,,,,,3,"3,5,8,9,13,14,15,16,17,18,19",1.4|0,,,1,,,,,,,,,,,,,
232,绮梦灵狐·华阳,140240,,367,3,140240_2,1,140240_3,,,140240_1,,,,,,,,,-1,2,,999,身负尘寰万丈，落樱浴血再生。寻春辉冲云破雾，梦回绿波边，翠带映韶颜。,2,,,,,999,skin232,180,60,60,220,120,120,,bodyeffcet,特殊改变：游戏内可实现变色功能，改变造型和状态！,,headicon,头像框和身体特效：专属头像框，身上飘散着暗红色山茶花！,3,changeskin,变色：点击左侧变色按钮，可切换灵狐为温柔坚强状态。,3,changeskin,变色：点击左侧变色按钮，可切换灵狐为顽皮天真状态。,4,soundplay,专属语音：地图内会播放专属语音，点击左侧按钮可试听！,,,,,dtxx_beijingtu69,0,,,,,,180,,,,,,,27114,,,"3_230,4_231",,230,,1,8,ent.232.show,45,4,ent.232.idle,150,50,ent.232.die,110,ent.232.social,120,40,,,,,,,,,,,,,,3,"3,5,8,9,13,14,15,16,17,18,19",1.4|0,,,1,,,,,,,,,,,,,
233,余晖烁烁女孩,140238,,368,3,140238_2,1,140238_3,,,140238_1,,,,,,,,,-1,2,,999,她曾是宇宙公主的学生，虽然走上过弯路但最终改过自新，摒弃前嫌，与昔日的对手结成好友。她在和谐之元中代表同理心。,2,,,,,999,skin233,180,60,60,220,120,120,,headicon,头像：解锁头像。,,bodyeffcet,身体特效：身上飘散着余晖光圈！,,,,,,,,,,,,,,dtxx_beijingtu11,0,,,,icon_54,,180,,,,,,,27115,,,,,,,,,,,,,,,,,,,,,,,,,18,lab_dresstheme_cyclone,,,,,,,5,"3,5,8,9,13,14,15,16,17,18,19",1.4|0,,,1,,,,,,,,,,,,,
234,特丽克西女孩,140237,,369,3,140237_2,1,140237_3,,,140237_1,,,,,,,,,-1,2,,999,特丽克西是一位旅行魔术师，掌握着各种舞台魔法，在小马国各地为小马们表演精彩的魔术。她的可爱标志是星月魔术棒，寓意为“戏法“，所以任何魔法她都能学得有模有样。,2,,,,,999,skin234,180,60,60,220,120,120,,headicon,头像：解锁头像。,,bodyeffcet,身体特效：身上飘散着魔法能量！,,,,,,,,,,,,,,dtxx_beijingtu11,0,,,,icon_54,,180,,,,,,,27116,,,,,,,,,,,,,,,,,,,,,,,,,18,lab_dresstheme_cyclone,,,,,,,5,"3,5,8,9,13,14,15,16,17,18,19",1.4|0,,,1,,,,,,,,,,,,,
235,闪耀盔甲男孩,140236,,370,3,140236_2,1,140236_3,,,140236_1,,,,,,,,,-1,2,,999,闪耀盔甲是紫悦的哥哥，与音韵公主喜结连理，沉稳、富有责任感，现与音韵公主一起治理着水晶帝国。他的可爱标志为盾牌和零散星星，魔力强大。,2,,,,,999,skin235,180,60,60,220,120,120,,headicon,头像：解锁头像。,,bodyeffcet,身体特效：身上飘散着闪耀的星光！,,,,,,,,,,,,,,dtxx_beijingtu15,0,,,,icon_54,,180,,,,,,,27117,,,,,,,,,,,,,,,,,,,,,,,,,18,lab_dresstheme_cyclone,,,,,,,4,"3,5,8,9,13,14,15,16,17,18,19",1.4|0,,,1,,,,,,,,,,,,,
236,露米尔,140242,,371,3,140242_2,1,140242_3,,,140242_1,,,,,,,,,-1,2,,999,"尝奶油冰淇淋，看彩灯闪耀。
骑旋转木马，一起笑闹尖叫。
光电交织，辉映此刻雀跃时光！",2,,,,,999,skin236,180,60,60,220,120,120,,headicon,头像：解锁头像。,,bodyeffcet,身体特效：身上飘散着星星！,,,,,,,,,,,,,,common_01,0,,,,,,180,,,,,,,27118,,,,,,,,,,,,,,,,,,,,,,,,,,,,,,,,,5,"3,5,8,9,13,14,15,16,17,18,19",1.4|0,,,1,,,,,,,,,,,,,
237,卢西亚,140243,,372,3,140243_2,1,140243_3,,,140243_1,,,,,,,,,-1,2,,999,"闻爆米花香，共追逐嬉闹。
乘摩天轮，将要捉到太阳！
心心相印，无惧眼前酷暑骄阳！",2,,,,,999,skin237,180,60,60,220,120,120,,headicon,头像：解锁头像。,,bodyeffcet,身体特效：身上飘散着星星！,,,,,,,,,,,,,,common_01,0,,,,,,180,,,,,,,27119,,,,,,,,,,,,,,,,,,,,,,,,,,,,,,,,,5,"3,5,8,9,13,14,15,16,17,18,19",1.4|0,,,1,,,,,,,,,,,,,
238,拇指姑娘 蒂妮,140254,,373,3,140254_2,1,140254_3,,,140254_1,,,,,,,,,-1,2,,999,"小小的身体，大大的勇气。
捉地鼠捕飞鸟，守游鱼追山羊。
看我走遍森林，施展治愈的秘技！",2,,,,,999,skin238,180,60,60,220,120,120,,headicon,头像：解锁头像。,,bodyeffcet,身体特效：身上飘散着治愈能量！,,,,,,,,,,,,,,common_01,0,,,,,,180,,,,,,,27120,,,,,,,,,,,,,,,,,,,,,,,,,,,,,,,,,5,"3,5,8,9,13,14,15,16,17,18,19",1.4|0,,,1,,,,,,,,,,,,,
239,龙小宝,140253,,374,3,140253_2,1,140253_3,,,140253_1,,,,,,,,,-1,2,,999,"大大的笑容是小宝的招牌武器，
软软的奶团子把烦恼一键消灭。
吉祥物可不是想当就能当的，
首先奶嘴不能少…喂，抢了我的也当不了！",2,,,,,999,skin239,180,60,60,220,120,120,,headicon,头像：解锁头像。,,bodyeffcet,身体特效：身上飘散着金色光点！,,,,,,,,,,,,,,common_01,0,,,,,,180,,,,,,,27121,,,,,,,,,,,,,,,,,,,,,,,,,20,lab_dresstheme_ygxl,,,,,,,5,"3,5,8,9,13,14,15,16,17,18,19",1.2|0,,,2,,,,,,,,,,,,,
240,唐三,140245,,375,3,140245_2,1,140245_3,,,140245_1,,,,,,,,,-1,2,,999,没有废物的武魂，只有废物的魂师！,2,,,,,999,skin240,180,60,60,220,120,120,,headicon,头像：解锁头像。,,footprint,行走足迹：走过的地方留下闪电脚印。,,skill,斗罗大陆联动装扮专属动作：展示武魂！,,,,,,,,,,,dtxx_beijingtu70,0,,,,,,180,,,,,,,27122,,,,,,,,,,,,,,,,,,,,,,,,,,,,,,,,,1,"3,5,8,9,13,14,15,16,17,18,19",1.4|0,,,1,,,,,,,,,,,,,
241,小舞,140246,,376,3,140246_2,1,140246_3,,,140246_1,,,,,,,,,-1,2,,999,你好，我叫小舞，跳舞的舞。,2,,,,,999,skin241,180,60,60,220,120,120,,headicon,头像：解锁头像。,,bodyeffcet,身体特效：身上飘散着粉色花瓣！,,skill,斗罗大陆联动装扮专属动作：展示武魂！,,,,,,,,,,,dtxx_beijingtu70,0,,,,,,180,,,,,,,27123,,,,,,,,,,,,,,,,,,,,,,,,,,,,,,,,,1,"3,5,8,9,13,14,15,16,17,18,19",1.4|0,,,1,,,,,,,,,,,,,
242,比比东,140247,,377,3,140247_2,1,140247_3,,,140247_1,,,,,,,,,-1,2,,999,对一个强者，你如果不能令其臣服，最好让他永远沉睡。,2,,,,,999,skin242,180,60,60,220,120,120,,headicon,头像：解锁头像。,,bodyeffcet,身体特效：身上飘散着羽毛！,,skill,斗罗大陆联动装扮专属动作：展示武魂！,,,,,,,,,,,dtxx_beijingtu71,0,,,,,,180,,,,,,,27124,,,,,,,,,,,,,,,,,,,,,,,,,,,,,,,,,4,"3,5,8,9,13,14,15,16,17,18,19",1.4|0,,,1,,,,,,,,,,,,,
243,奥斯卡,140248,,378,3,140248_2,1,140248_3,,,140248_1,,,,,,,,,-1,2,,999,真正的天才自出生起就被赋予了无上荣光，而我只是拼尽一生去靠近那道光。,2,,,,,999,skin243,180,60,60,220,120,120,,headicon,头像：解锁头像。,,footprint,行走足迹：走过的地方留下香肠脚印。,,skill,斗罗大陆联动装扮专属动作：释放魂技！,,skill,仅限礼盒产出,,,,,,,,dtxx_beijingtu70,0,,,,,,180,,,,,,,27125,,,,,,,,,,,,,,,,,,,,,,,,,,,,,,,,,1,"3,5,8,9,13,14,15,16,17,18,19",1.4|0,,,1,,,,,,,,,,,,,
244,马红俊,140250,,379,3,140250_2,1,140250_3,,,140250_1,,,,,,,,,-1,2,,999,你没听过，草窝里也有金凤凰吗？,2,解锁道具可通过活动获得,,,,999,skin244,180,60,60,220,120,120,,headicon,头像：解锁头像。,,footprint,行走足迹：走过的地方留下火焰脚印。,,skill,斗罗大陆联动装扮专属动作：展示武魂！,,,,,,,,,,,dtxx_beijingtu70,0,,,,,,180,,,,,,,27126,,,,,,,,,,,,,,,,,,,,,,,,,,,,,,,,,1,"3,5,8,9,13,14,15,16,17,18,19",1.4|0,,,1,,,,,,,,,,,,,
245,绮萝,140255,,380,3,140255_2,1,140255_3,,,140255_1,,,,,,,,,-1,2,,999,"春发绮丽挂云木，冬埋萝枝盼燕归。
上天入地，冬去春来，
这场人间历练，你也要一起加入吗？",2,,,,,999,skin245,180,60,60,220,120,120,,headicon,头像：解锁头像。,,bodyeffcet,身体特效：身上飘散着紫藤花！,,,,,,,,,,,,,,common_01,0,,,,,,180,,,,,,,27127,,,,,,,,,,,,,,,,,,,,,,,,,15,lab_dresstheme_butterfly,,,,,,,5,"3,5,8,9,13,14,15,16,17,18,19",1.4|0,,,1,,,,,,,,,,,,,
246,戴沐白,140249,,381,3,140249_2,1,140249_3,,,140249_1,,,,,,,,,-1,2,,999,我要变得更强，强到可以保护你，保护更多的人。,2,,,,,999,skin246,180,60,60,220,120,120,,headicon,头像：解锁头像。,,bodyeffcet,身体特效：身上会散发出闪电！,,,,,,,,,,,,,,dtxx_beijingtu70,0,,,,,,180,,,,,,,27128,,,,,,,,,,,,,,,,,,,,,,,,,,,,,,,,,1,"3,5,8,9,13,14,15,16,17,18,19",1.4|0,,,1,,,,,,,,,,,,,
247,朱竹清,140252,,382,3,140252_2,1,140252_3,,,140252_1,,,,,,,,,-1,2,,999,我不想过别人安排的人生，我要挣脱束缚，所以必须变强。,2,,,,,999,skin247,180,60,60,220,120,120,,headicon,头像：解锁头像。,,bodyeffcet,身体特效：身上飘散着紫色光点！,,,,,,,,,,,,,,dtxx_beijingtu70,0,,,,,,180,,,,,,,27129,,,,,,,,,,,,,,,,,,,,,,,,,,,,,,,,,1,"3,5,8,9,13,14,15,16,17,18,19",1.41|0,,,1,,,,,,,,,,,,,
248,宁荣荣,140251,,383,3,140251_2,1,140251_3,,,140251_1,,,,,,,,,-1,2,,999,过去已无法改变，就算用尽一生，我也要重振那道光芒！,2,,,,,999,skin248,180,60,60,220,120,120,,headicon,头像：解锁头像。,,bodyeffcet,身体特效：身上飘散着蓝色光点！,,,,,,,,,,,,,,dtxx_beijingtu70,0,,,,,,180,,,,,,,27130,,,,,,,,,,,,,,,,,,,,,,,,,,,,,,,,,1,"3,5,8,9,13,14,15,16,17,18,19",1.42|0,,,1,,,,,,,,,,,,,
249,白昼雪姬 喵菲,140257,,384,3,140257_2,1,140257_3,,,140257_1,,,,,,,,,-1,2,,999,想认识我的人，已经排到虚空之外了。,2,,,,,999,skin249,180,60,60,220,120,120,,headicon,头像：解锁头像。,,footprint,行走足迹：走过的地方留下蝴蝶结脚印。,,,,,,,,,,,,,,dtxx_beijingtu73,0,,,,,,180,,,,,,,27131,,,,,,,,,,,,,,,,,,,,,,,,,12,lab_dresstheme_sanliou,,,,,,,2,"3,5,8,9,13,14,15,16,17,18,19",1.4|0,,,1,,,,,,,,,,,,,
250,云朵绒绒 妮姆,140256,,385,3,140256_2,1,140256_3,,,140256_1,,,,,,,,,-1,2,,999,柔软得如同云朵的内心，盛放着温柔与善意。,2,,,,,999,skin250,180,60,60,220,120,120,,headicon,头像：解锁头像。,,bodyeffcet,身体特效：身上飘散着光点和爱心！,,,,,,,,,,,,,,dtxx_beijingtu72,0,,,,,,180,,,,,,,27132,,,,,,,,,,,,,,,,,,,,,,,,,12,lab_dresstheme_sanliou,,,,,,,1,"3,5,8,9,13,14,15,16,17,18,19",1.4|0,,,1,,,,,,,,,,,,,
251,雨林魅影 浣溪,140260,,386,3,140260_2,1,140260_3,,,140260_1,,,,,,,,,-1,2,,999,"倾听来自心底的呼声，抛却对完美的执着，
做人群之中的焦点，也做雨林深处的魅影。
尾屏之下，此刻，我浴火重生。",2,,,,,999,skin251,180,60,60,220,120,120,7,bodyeffcet2,光照改变：随地图内环境光照幻化造型，点击左侧按钮查看说明。,6,OutoChange,幻化：环境光照大于9时幻化为暮光落霞，点击左侧按钮预览。,5,actionpaly,专属动作：地图内有多个专属动作，点击左侧按钮可预览相关动作。,,headicon,播报、气泡：获得后自动解锁专属播报及气泡。,,headicon,头像框：获得后自动解锁动态头像框。,,,,,dtxx_beijingtu74,0,,,,,,180,,,,,,,27133,,,2_269,,,,1,,,,,,,,,,,,,"0,1,2,3,4,5,6,7,8,9",140267_4,10,1,"100859,100860,100101,100130,100155,100102,100104,100131,100140
",,,,,,,,,4,"3,5,8,9,13,14,15,16,17,18,19",1.4|0,,,1,,,,,,,,,,,,,
252,梅珂玟,140259,,387,3,140259_2,1,140259_3,,,140259_1,,,,,,,,,-1,2,,999,信奉科技改变生活的蒸汽朋克少女，喜欢发明创造。平日里活泼可爱，但对科学有着绝对的认真与执着，最大梦想是造出能让人类自由翱翔的机械翅膀。,2,,,,,999,skin252,180,60,60,220,120,120,,headicon,头像：解锁头像。,,bodyeffcet,身体特效：身上飘散着金色光点！,,,,,,,,,,,,,,common_01,0,,,,,,180,,,,,,,27134,,,,,,,,,,,,,,,,,,,,,,,,,23,lab_dresstheme_jxsd,,,,,,,5,"3,5,8,9,13,14,15,16,17,18,19",1.4|0,,,1,,,,,,,,,,,,,
253,埃若白,140258,,388,3,140258_2,1,140258_3,,,140258_1,,,,,,,,,-1,2,,999,严谨认真的性格让他只信任严密的理论与可控的实践结果。经过多次计算与试验，埃若白坚信飞行器才是实现飞行的有效手段，对梅珂玟天马行空的想法嗤之以鼻。,2,,,,,999,skin253,180,60,60,220,120,120,,headicon,头像：解锁头像。,,bodyeffcet,身体特效：身上飘散着齿轮！,,,,,,,,,,,,,,common_01,0,,,,,,180,,,,,,,27135,,,,,,,,,,,,,,,,,,,,,,,,,23,lab_dresstheme_jxsd,,,,,,,5,"3,5,8,9,13,14,15,16,17,18,19",1.4|0,,,1,,,,,,,,,,,,,
254,逐梦,140265,,389,3,140265_2,1,140265_3,,,140265_1,,,,,,,,,-1,2,,999,"沐苍穹之浴，同繁星共语。
寻大千文明，探宇宙奥秘。
有人问，世间的尽头是什么？
我想，星空便是造物的神迹。",2,,,,,999,skin254,180,60,60,220,120,120,,headicon,头像：解锁头像。,,bodyeffcet,身体特效：身上飘散着宇宙能量！,,,,,,,,,,,,,,common_01,0,,,,,,180,,,,,,,27136,,,,,,,,,,,,,,,,,,,,,,,,,,,,,,,,,5,"3,5,8,9,13,14,15,16,17,18,19",1.4|0,,,1,,,,,,,,,,,,,
255,部落雄鹰卡卡,140261,,390,3,140261_2,1,140261_3,,,140261_1,,,,,,,,,-1,2,,999,"鹰羽横击长空，权杖圈划领地。
守护部落安危，是我荣幸使命！",2,,,,,999,skin255,180,60,60,220,120,120,,headicon,头像：解锁头像。,,bodyeffcet,身体特效：身上飘散着绿色荧光！,,,,,,,,,,,,,,dtxx_beijingtu61,0,,,,,,180,,,,,,,27137,,,,,,,,,,,,,,,,,,,,,,,,,,,,,,,,,5,"3,5,8,9,13,14,15,16,17,18,19",1.4|0,,,1,,,,,,,,,,,,,
256,部落酋长妮妮,140262,,391,3,140262_2,1,140262_3,,,140262_1,,,,,,,,,-1,2,,999,"烛无火复灭，蜡尽光不在。
万般苦做难，雄心尚犹存？
纵使疾风起，少年亦独行！",2,,,,,999,skin256,180,60,60,220,120,120,,headicon,头像：解锁头像。,,bodyeffcet,身体特效：身上飘散着星光！,,,,,,,,,,,,,,dtxx_beijingtu61,0,,,,,,180,,,,,,,27138,,,,,,,,,,,,,,,,,,,,,,,,,,,,,,,,,5,"3,5,8,9,13,14,15,16,17,18,19",1.4|0,,,1,,,,,,,,,,,,,
257,酋长,200000,,392,,,,,,,,,,,,,,,,-1,2,,999,原始人部落的首领，喜欢到处冒险，开辟部落领地。,2,,,,,0,,180,60,60,220,120,120,,headicon,头像：解锁头像。,,bodyeffcet,特殊改变：可穿戴头盔、胸甲、护腿、靴子、披风等装备！,,,,,,,,,,,,,,common_01,0,,,,,,180,,,,,,,27139,,,,,,,,,,,,,,,,,,,,1,,,,,,,,,,,,,5,"3,5,8,9,13,14,15,16,17,18,19",1.4|0,,,1,,,,,,,,,,,,,
258,酋长夫人,200006,,393,,,,,,,,,,,,,,,,-1,2,,999,彪悍的原始人母亲，是部落里面狩猎的一把好手。,2,,,,,0,,180,60,60,220,120,120,,headicon,头像：解锁头像。,,bodyeffcet,特殊改变：可穿戴头盔、胸甲、护腿、靴子、披风等装备！,,,,,,,,,,,,,,common_01,0,,,,,,180,,,,,,,27140,,,,,,,,,,,,,,,,,,,,1,,,,,,,,,,,,,5,"3,5,8,9,13,14,15,16,17,18,19",1.4|0,,,1,,,,,,,,,,,,,
259,卡卡,200001,,394,,,,,,,,,,,,,,,,-1,2,,999,从小生活在原始部落里，拥有一身野外生存的本领。,2,,,,,0,,180,60,60,220,120,120,,headicon,头像：解锁头像。,,bodyeffcet,特殊改变：可穿戴头盔、胸甲、护腿、靴子、披风等装备！,,,,,,,,,,,,,,common_01,0,,,,,,180,,,,,,,27141,,,,,,,,,,,,,,,,,,,,1,,,,,2,lab_dresstheme_explore,,,,,,,5,"3,5,8,9,13,14,15,16,17,18,19",1.4|0,,,1,,,,,,,,,,,,,
260,妮妮,200007,,395,,,,,,,,,,,,,,,,-1,2,,999,勤劳的原始人妹妹，干活特别积极。,2,,,,,0,,180,60,60,220,120,120,,headicon,头像：解锁头像。,,bodyeffcet,特殊改变：可穿戴头盔、胸甲、护腿、靴子、披风等装备！,,,,,,,,,,,,,,common_01,0,,,,,,180,,,,,,,27142,,,,,,,,,,,,,,,,,,,,1,,,,,2,lab_dresstheme_explore,,,,,,,5,"3,5,8,9,13,14,15,16,17,18,19",1.4|0,,,1,,,,,,,,,,,,,
261,熊孩子,200005,,396,,,,,,,,,,,,,,,,-1,2,,999,每家都有一只熊孩子，等等，他手上拿着的是什么？,2,,,,,0,,180,60,60,220,120,120,,headicon,头像：解锁头像。,,bodyeffcet,特殊改变：可穿戴头盔、胸甲、护腿、靴子、披风等装备！,,,,,,,,,,,,,,common_01,0,,,,,,180,,,,,,,27143,,,,,,,,,,,,,,,,,,,,1,,,,,,,,,,,,,5,"3,5,8,9,13,14,15,16,17,18,19",1.4|0,,,1,,,,,,,,,,,,,
262,队长汤姆,200003,,397,,,,,,,,,,,,,,,,-1,2,,999,前世界维和部队特种兵，野外生存和枪法一样犀利。,2,,,,,0,,180,60,60,220,120,120,,headicon,头像：解锁头像。,,bodyeffcet,特殊改变：可穿戴头盔、胸甲、护腿、靴子、披风等装备！,,,,,,,,,,,,,,common_01,0,,,,,,180,,,,,,,27144,,,,,,,,,,,,,,,,,,,,1,,,,,,,,,,,,,5,"3,5,8,9,13,14,15,16,17,18,19",1.3|0,,,1,,,,,,,,,,,,,
263,特工罗拉,200008,,398,,,,,,,,,,,,,,,,-1,2,,999,保安公司的大众女神，热爱刺激的冒险。,2,,,,,0,,180,60,60,220,120,120,,headicon,头像：解锁头像。,,bodyeffcet,特殊改变：可穿戴头盔、胸甲、护腿、靴子、披风等装备！,,,,,,,,,,,,,,common_01,0,,,,,,180,,,,,,,27145,,,,,,,,,,,,,,,,,,,,1,,,,,,,,,,,,,5,"3,5,8,9,13,14,15,16,17,18,19",1.4|0,,,1,,,,,,,,,,,,,
264,小淘气辛迪,200009,,399,,,,,,,,,,,,,,,,-1,2,,999,原始考古队的飞行驾驶员，机警敏锐。,2,,,,,0,,180,60,60,220,120,120,,headicon,头像：解锁头像。,,bodyeffcet,特殊改变：可穿戴头盔、胸甲、护腿、靴子、披风等装备！,,,,,,,,,,,,,,common_01,0,,,,,,180,,,,,,,27146,,,,,,,,,,,,,,,,,,,,1,,,,,23,lab_dresstheme_jxsd,,,,,,,5,"3,5,8,9,13,14,15,16,17,18,19",1.6|0,,,1,,,,,,,,,,,,,
265,助教彼得,200004,,400,,,,,,,,,,,,,,,,-1,2,,999,为了交出一份完美的毕业作业，学长加入了考古队。,2,,,,,0,,180,60,60,220,120,120,,headicon,头像：解锁头像。,,bodyeffcet,特殊改变：可穿戴头盔、胸甲、护腿、靴子、披风等装备！,,,,,,,,,,,,,,common_01,0,,,,,,180,,,,,,,27147,,,,,,,,,,,,,,,,,,,,1,,,,,,,,,,,,,5,"3,5,8,9,13,14,15,16,17,18,19",1.2|0,,,1,,,,,,,,,,,,,
266,史提芬教授,200002,,401,,,,,,,,,,,,,,,,-1,2,,999,国家科学院的老教授为什么会出现在这片蛮荒的地方呢？,2,,,,,0,,180,60,60,220,120,120,,headicon,头像：解锁头像。,,bodyeffcet,特殊改变：可穿戴头盔、胸甲、护腿、靴子、披风等装备！,,,,,,,,,,,,,,common_01,0,,,,,,180,,,,,,,27148,,,,,,,,,,,,,,,,,,,,1,,,,,,,,,,,,,5,"3,5,8,9,13,14,15,16,17,18,19",1.2|0,,,1,,,,,,,,,,,,,
267,酷乐主义 拉沙儿,140263,,402,3,140263_2,1,140263_3,,,140263_1,,,,,,,,,-1,2,,999,准备好被我恶作剧了吗，尽情期待和尖叫吧！,2,,,,,999,skin267,180,60,60,220,120,120,,headicon,头像：解锁头像。,,bodyeffcet,身体特效：身上飘散着星光！,,,,,,,,,,,,,,dtxx_beijingtu75,0,,,,,,180,,,,,,,27149,,,,,,,,,,,,,,,,,,,,,,,,,12,lab_dresstheme_sanliou,,,,,,,4,"3,5,8,9,13,14,15,16,17,18,19",1.4|0,,,1,,,,,,,,,,,,,
268,粉梦幻想 苔丝,140264,,403,3,140264_2,1,140264_3,,,140264_1,,,,,,,,,-1,2,,999,所有的美梦和少女心都与我有关。,2,,,,,999,skin268,180,60,60,220,120,120,,headicon,头像：解锁头像。,,bodyeffcet,身体特效：身上飘散着粉色的花朵！,,,,,,,,,,,,,,dtxx_beijingtu76,0,,,,,,180,,,,,,,27150,,,,,,,,,,,,,,,,,,,,,,,,,12,lab_dresstheme_sanliou,,,,,,,2,"3,5,8,9,13,14,15,16,17,18,19",1.4|0,,,1,,,,,,,,,,,,,
269,暮光落霞 浣溪,140267,,404,3,140267_2,1,140267_3,,,140267_1,,,,,,,,,-1,2,,999,"夏时漫寻无边雪色，冬至索骥跳跃焰火。
饱闻万人掌声雷动，亦不畏一时嘘声冷嘲。
暮光背后，是我，与落霞共舞。",2,,,,,999,skin269,180,60,60,220,120,120,7,bodyeffcet2,光照改变：随地图内环境光照幻化造型，点击左侧按钮查看说明。,6,OutoChange,幻化：环境光照小于等于9时幻化为雨林魅影，点击左侧按钮预览。,5,actionpaly,专属动作：地图内有多个专属动作，点击左侧按钮可预览相关动作。,,headicon,播报、气泡：获得后自动解锁专属播报及气泡。,,headicon,头像框：获得后自动解锁动态头像框。,,,,,dtxx_beijingtu77,0,,,,,,180,,,,,,,27151,,,2_251,,,,,,,,,,,,,,,,,"10,11,12,13,14,15",140260_4,10,1,"100859,100860,100101,100130,100155,100102,100104,100131,100140
",,,,,,,,,4,"3,5,8,9,13,14,15,16,17,18,19",1.4|0,,,1,,,,,,,,,,,,,
270,咕咚,140266,,405,3,140266_2,1,140266_3,,,140266_1,,,,,,,,,-1,2,,999,"红泥火炉袅袅生香，承载人间烟火百态。
用食材疗身心，以烟气慰情绪。
欲罢不能的奇妙味道，直叫人大呼：
好鲜，好辣，老板娘加菜！",,,,,,999,skin270,180,60,60,220,120,120,,headicon,头像：解锁头像。,,bodyeffcet,身体特效：身上飘散着食材！,,,,,,,,,,,,,,dtxx_beijingtu78,0,,,,,,180,,,,,,,27152,,,,,,,,,,,,,,,,,,,,,,,,,,,,,,,,,3,"3,5,8,9,13,14,15,16,17,18,19",1.4|0,,,1,,,,,,,,,,,,,
271,奶油甜橙 希瑟,140269,,406,3,140269_2,1,140269_3,,,140269_1,,,,,,,,,-1,2,,999,阳光下的甜奶油，和我一样温暖芬芳。,2,,,,,999,skin271,180,60,60,220,120,120,,headicon,头像：解锁头像。,,bodyeffcet,身体特效：身上飘散着芝士！,,,,,,,,,,,,,,dtxx_beijingtu80,0,,,,,,180,,,,,,,27153,,,,,,,,,,,,,,,,,,,,,,,,,12,lab_dresstheme_sanliou,,,,,,,2,"3,5,8,9,13,14,15,16,17,18,19",1.4|0,,,1,,,,,,,,,,,,,
272,池塘盛夏 绘芽,140268,,407,3,140268_2,1,140268_3,,,140268_1,,,,,,,,,-1,2,,999,快乐就是和我一起吹盛夏的风,2,,,,,999,skin272,180,60,60,220,120,120,,headicon,头像：解锁头像。,,bodyeffcet,身体特效：身上飘散着荷叶！,,,,,,,,,,,,,,dtxx_beijingtu79,0,,,,,,180,,,,,,,27154,,,,,,,,,,,,,,,,,,,,,,,,,12,lab_dresstheme_sanliou,,,,,,,5,"3,5,8,9,13,14,15,16,17,18,19",1.4|0,,,1,,,,,,,,,,,,,
273,弥禾,140274,,408,3,140274_2,1,140274_3,,,140274_1,,,,,,,,,-1,2,,999,"微酸气息刺激味蕾舌尖，
青绿果肉孕育粒粒香甜。
你问我到底是酸？是甜？
我想是大自然的变化万千。",2,,,,,999,skin273,180,60,60,220,120,120,,headicon,头像：解锁头像。,,bodyeffcet,身体特效：身上飘散着猕猴桃！,,,,,,,,,,,,,,dtxx_beijingtu81,0,,,,,,180,,,,,,,27155,,,,,,,,,,,,,,,,,,,,,,,,,,,,,,,,,5,"3,5,8,9,13,14,15,16,17,18,19",1.4|0,,,1,,,,,,,,,,,,,
274,柿梓,140279,,409,3,140279_2,1,140279_3,,,140279_1,,,,,,,,,-1,2,,999,"秋风卷起金黄的落叶，
清香钻入行人的鼻尖。
每当这番光景出现，
就是柿子成熟的季节到来。",2,,,,,999,skin274,180,60,60,220,120,120,,headicon,头像：解锁头像。,,bodyeffcet,身体特效：身上飘散着柿子叶！,,,,,,,,,,,,,,dtxx_beijingtu82,0,,,,,,180,,,,,,,27156,,,,,,,,,,,,,,,,,,,,,,,,,,,,,,,,,3,"3,5,8,9,13,14,15,16,17,18,19",1.4|0,,,1,,,,,,,,,,,,,
275,凯莉,140271,,410,3,140271_2,1,140271_3,,,140271_1,,,,,,,,,-1,2,,999,就让本小姐来教教你，什么才是真正的坏人！,2,,,,,999,skin275,180,60,60,220,120,120,,headicon,头像：解锁头像。,,bodyeffcet,身体特效：身上飘散着红色的星星！,,,,,,,,,,,,,,dtxx_beijingtu83,0,,,,icon_60,,180,,,,,,,27157,,,,,,,,,,,,,,,,,,,,,,,,,,,,,,,,,2,"3,5,8,9,13,14,15,16,17,18,19",1.4|0,,,1,,,,,,,,,,,,,
276,雪裙,140276,,411,3,140276_2,1,140276_3,,,140276_1,,,,,,,,,-1,2,,999,"白纱飞舞，裙袂绽放，
林间飘扬的菌幕，四散的担孢，
都是幸福的味道。",2,,,,,999,skin276,180,60,60,220,120,120,,headicon,头像：解锁头像。,,bodyeffcet,身体特效：身上飘散着白色花朵和羽毛！,,,,,,,,,,,,,,common_01,0,,,,,,180,,,,,,,27158,,,,,,,,,,,,,,,,,,,,,,,,,,,,,,,,,5,"3,5,8,9,13,14,15,16,17,18,19",1.4|0,,,1,,,,,,,,,,,,,
277,竹笙,140275,,412,3,140275_2,1,140275_3,,,140275_1,,,,,,,,,-1,2,,999,"谎言成灾，虚幻弥漫，
白色帷幕下的笑颜，亲昵的依偎，
有几分真实几分假面。",2,,,,,999,skin277,180,60,60,220,120,120,,headicon,头像：解锁头像。,,bodyeffcet,身体特效：身上飘散着白色花朵和羽毛！,,,,,,,,,,,,,,common_01,0,,,,,,180,,,,,,,27159,,,,,,,,,,,,,,,,,,,,,,,,,,,,,,,,,5,"3,5,8,9,13,14,15,16,17,18,19",1.4|0,,,1,,,,,,,,,,,,,
278,天幕星龙 卡珀,140235,,413,3,140235_2,1,140235_3,,,140235_1,,,,,,,,,-1,2,,999,曾是屠龙英雄的他，与龙缠斗过久亦变身为龙，成为了半人半龙身。他扛住了龙血中力量的诱惑，坚守住了自身本性，但身体的变化还是让乡亲们产生了恐惧。带着新生，卡珀开始了新家园的寻找。,2,,,,,999,skin278,180,60,60,220,120,120,,bodyeffcet,身体特效：游戏内可实现变形功能，切换形态！,,headicon,头像：解锁头像。,,bodyeffcet,身体特效：身上飘散着紫色星光！,1,changeicon,变形：点击左侧变形按钮，可变形为天幕星龙！,,,,,,,,dtxx_beijingtu84,0,,1,4622,,,180,,,,,,,27160,,,,,,,,,,,,,,,,,,,,,,,,,11,lab_dresstheme_ryukyu,,,,,,,1,"3,5,8,9,13,14,15,16,17,18,19",1.35|0,,,2,,,,,,,,,,,,,
279,版本过低,,,414,3,,,,,,,,,,,,,,,-1,2,,999,,2,,,,,999,skin279,180,60,60,220,120,120,,,,,,,,,,,,,,,,,,,,common_01,0,,,,,,180,,,,,,,27161,,,,,,,,,,,,,,,,,,,,,,,,,,,,,,,,,5,"3,5,8,9,13,14,15,16,17,18,19",1.4|0,,,1,,,,,,,,,,,,,
280,版本过低,,,415,3,,,,,,,,,,,,,,,-1,2,,999,,2,,,,,999,skin280,180,60,60,220,120,120,,,,,,,,,,,,,,,,,,,,common_01,0,,,,,,180,,,,,,,27162,,,,,,,,,,,,,,,,,,,,,,,,,,,,,,,,,5,"3,5,8,9,13,14,15,16,17,18,19",1.4|0,,,1,,,,,,,,,,,,,
281,版本过低,,,416,3,,,,,,,,,,,,,,,-1,2,,999,,2,,,,,999,skin281,180,60,60,220,120,120,,,,,,,,,,,,,,,,,,,,common_01,0,,,,,,180,,,,,,,27163,,,,,,,,,,,,,,,,,,,,,,,,,,,,,,,,,5,"3,5,8,9,13,14,15,16,17,18,19",1.4|0,,,1,,,,,,,,,,,,,
282,版本过低,,,417,3,,,,,,,,,,,,,,,-1,2,,999,,2,,,,,999,skin282,180,60,60,220,120,120,,,,,,,,,,,,,,,,,,,,common_01,0,,,,,,180,,,,,,,27164,,,,,,,,,,,,,,,,,,,,,,,,,,,,,,,,,5,"3,5,8,9,13,14,15,16,17,18,19",1.4|0,,,1,,,,,,,,,,,,,
283,版本过低,,,418,3,,,,,,,,,,,,,,,-1,2,,999,,2,,,,,999,skin283,180,60,60,220,120,120,,,,,,,,,,,,,,,,,,,,common_01,0,,,,,,180,,,,,,,27165,,,,,,,,,,,,,,,,,,,,,,,,,,,,,,,,,5,"3,5,8,9,13,14,15,16,17,18,19",1.4|0,,,1,,,,,,,,,,,,,
284,栗子,140284,,419,3,140284_2,1,140284_3,,,140284_1,,,,,,,,,-1,2,,999,温柔胆小的小松鼠，是秋叶音乐学院出色的小提琴专业学生，平时非常腼腆，但拉起小提琴的时候仿佛周身都闪着金色的音符。,2,,,,,999,skin284,180,60,60,220,120,120,,headicon,头像：解锁头像。,,bodyeffcet,身体特效：身上飘散着金色的音符！,,,,,,,,,,,,,,dtxx_beijingtu85,0,,,,,,180,,,,,,,27166,,,,,,,,,,,,,,,,,,,,,,,,,11,lab_dresstheme_ryukyu,,,,,,,3,"3,5,8,9,13,14,15,16,17,18,19",1.4|0,,,1,,,,,,,,,,,,,
285,极兽特工 洛泽·青,140282,,420,3,140282_2,1,140282_3,,,140282_1,,,,,,,,,-1,2,,999,雪兔一族的精英，冷酷、骄傲，是高曼达星特工组织——“极兽特攻”的一员。武器是雪兔族人制作的氦气动力枪，佩有超高速瞄准镜，擅长远距离狙击。,2,,,,,999,skin285,180,60,60,220,120,120,,headicon,头像：解锁头像。,,footprint,行走足迹：走过的地方留下雪花脚印。,,,,,,,,,,,,,,dtxx_beijingtu86,0,,,,,,180,,,,,,,27167,,,,,,,,,,,,,,,,,,,,,,,,,11,lab_dresstheme_ryukyu,,,,,,,4,"3,5,8,9,13,14,15,16,17,18,19",1.4|0,,,1,,,,,,,,,,,,,
286,丹镜,140290,,421,3,140290_2,1,140290_3,,,140290_1,,,,,,,,,-1,2,,999,"疾风迅雷，电光朝露。雨迹云踪，谛听民诉。
一朝哗变，弃鼓丢锤。逍遥散仙，好不快活。",2,,,,,999,skin286,180,60,60,220,120,120,,headicon,头像：解锁头像。,,bodyeffcet,身体特效：身体上会迸发出闪电！,,,,,,,,,,,,,,common_01,0,,,,,,180,,,,,,,27168,,,,,,,,,,,,,,,,,,,,,,,,,20,lab_dresstheme_ygxl,,,,,,,5,"3,5,8,9,13,14,15,16,17,18,19",1.4|0,,,1,,,,,,,,,,,,,
287,玛丽露,140296,,422,3,140296_2,1,140296_3,,,140296_1,,,,,,,,,-1,2,,999,"“叮叮当，叮叮当，铃儿响叮当……”
熟悉而欢快的歌谣响彻大街小巷，玛丽露的圣诞派对，你要来参加吗？",2,,,,,999,skin287,180,60,60,220,120,120,,headicon,头像：解锁头像。,,bodyeffcet,身体特效：身上飘散着星星！,,,,,,,,,,,,,,dtxx_beijingtu89,0,,,,,,180,,,,,,,27169,,,,,,,,,,,,,,,,,,,,,,,,,,,,,,,,,3,"3,5,8,9,13,14,15,16,17,18,19",1.4|0,,,1,,,,,,,,,,,,,
288,爱尔莉丝,140292,,423,3,140292_2,1,140292_3,,,140292_1,,,,,,,,,-1,2,,999,"银装素裹日，等霜花盛开。
万籁俱寂时，与鲸豚潜泳。
关于冬天的魔法，说再多也说不完呢~",2,,,,,999,skin288,180,60,60,220,120,120,,headicon,头像：解锁头像。,,footprint,行走足迹：走过的地方留下冰雪脚印。,,,,,,,,,,,,,,dtxx_beijingtu87,0,,,,,,180,,,,,,,27170,,,,,,,,,,,,,,,,,,,,,,,,,,,,,,,,,1,"3,5,8,9,13,14,15,16,17,18,19",1.4|0,,,1,,,,,,,,,,,,,
289,星海流光 诺莉,140288,,424,3,140288_2,1,140288_3,,,140288_1,,,,,,,,,-1,2,,999,让我用魔法带你去看梦幻又绚丽的星海吧！,2,,,,,999,skin289,180,60,60,220,120,120,,headicon,头像：解锁头像。,,bodyeffcet,身体特效：身上飘散着星星！,,,,,,,,,,,,,,dtxx_beijingtu88,0,,,,,,180,,,,,,,27171,,,,,,,,,,,,,,,,,,,,,,,,,12,lab_dresstheme_sanliou,,,,,,,4,"3,5,8,9,13,14,15,16,17,18,19",1.4|0,,,1,,,,,,,,,,,,,
290,星云闪梦 贝可,140289,,425,3,140289_2,1,140289_3,,,140289_1,,,,,,,,,-1,2,,999,把彩虹、星星、云朵统统都画下来，藏进梦里。,2,,,,,999,skin290,180,60,60,220,120,120,,headicon,头像：解锁头像。,,bodyeffcet,身体特效：身上飘散着星星！,,,,,,,,,,,,,,dtxx_beijingtu88,0,,,,,,180,,,,,,,27172,,,,,,,,,,,,,,,,,,,,,,,,,12,lab_dresstheme_sanliou,,,,,,,4,"3,5,8,9,13,14,15,16,17,18,19",1.4|0,,,1,,,,,,,,,,,,,
291,雪圆圆,140280,,426,3,140280_2,1,140280_3,,,140280_1,,,,,,,,,-1,2,,999,"喜气洋洋送礼物，欢呼雀跃领红包。
飘下的可不是白雪，是万物新冬装！",2,,,,,999,skin291,180,60,60,220,120,120,,headicon,头像：解锁头像。,,bodyeffcet,身体特效：身上飘散着雪花！,,,,,,,,,,,,,,common_01,0,,,,,,180,,,,,,,27173,,,,,,,,,,,,,,,,,,,,,,,,,8,lab_dresstheme_newyear,,,,,,,5,"3,5,8,9,13,14,15,16,17,18,19",1.4|0,,,1,,,,,,,,,,,,,
292,竹爆爆,140281,,427,3,140281_2,1,140281_3,,,140281_1,,,,,,,,,-1,2,,999,"吱吱呀呀捏雪球，噼噼啪啪点炮仗。
炸响的可不是鞭炮，是新年新气象！",2,,,,,999,skin292,180,60,60,220,120,120,,headicon,头像：解锁头像。,,bodyeffcet,身体特效：身上飘散着代表吉祥如意的中国结！,,,,,,,,,,,,,,common_01,0,,,,,,180,,,,,,,27174,,,,,,,,,,,,,,,,,,,,,,,,,8,lab_dresstheme_newyear,,,,,,,5,"3,5,8,9,13,14,15,16,17,18,19",1.4|0,,,1,,,,,,,,,,,,,
293,海羊星宫之主 卡诺鲁斯,140303,,428,3,140303_2,1,140303_3,,,140303_1,,,,,,,,,-1,2,,999,"蕨类伴琴声在夜间穿行，灵妙周星散落思辨笛音。
鱼尾共羊角称理智逻辑，混乱重构防守堡垒将倾。",2,,,,,999,skin293,180,60,60,220,120,120,,headicon,头像：解锁头像。,,bodyeffcet,身体特效：周身环绕着摩羯座的力量！,,,,,,,,,,,,,,dtxx_beijingtu95,0,,,,icon_61,,180,,,,,,,27175,,,,,,,,,,,,,,,,,,,,,,,,,,,,,,,,,3,"3,5,8,9,13,14,15,16,17,18,19",1.38|0,,,2,,,,,,,,,,,,,
294,银瓶星宫之主 艾莉亚斯,140302,,429,3,140302_2,1,140302_3,,,140302_1,,,,,,,,,-1,2,,999,"风干灵感飞向虚幻之乡，梦境与奇思在星河游荡。
如露泡影酿造星河缥缈，葡萄入银瓶酌甜香琼浆。",2,,,,,999,skin294,180,60,60,220,120,120,,headicon,头像：解锁头像。,,bodyeffcet,身体特效：周身环绕着水瓶座的力量！,,,,,,,,,,,,,,dtxx_beijingtu96,0,,,,icon_61,,180,,,,,,,27176,,,,,,,,,,,,,,,,,,,,,,,,,,,,,,,,,4,"3,5,8,9,13,14,15,16,17,18,19",1.4|0,,,1,,,,,,,,,,,,,
295,唐可馨,140299,,430,3,140299_2,1,140299_3,,,140299_1,,,,,,,,,-1,2,,999,"金勺挥挥，糖浆甩甩，红红火火画雪兔。
咕嘟咕嘟，甜甜铜锅，跳出仙奉守护兽！",2,,,,,999,skin295,180,60,60,220,120,120,,headicon,头像：解锁头像。,,bodyeffcet,身体特效：身上飘散着糖画！,,,,,,,,,,,,,,dtxx_beijingtu91,0,,,,,,180,,,,,,,27177,,,,,,,,,,,,,,,,,,,,,,,,,8,lab_dresstheme_newyear,,,,,,,3,"3,5,8,9,13,14,15,16,17,18,19",1.4|0,,,1,,,,,,,,,,,,,
296,唐可翼,140300,,431,3,140300_2,1,140300_3,,,140300_1,,,,,,,,,-1,2,,999,"金墨挥毫，剪刀飞舞，热热闹闹吹糖兽。 
揉捏拉扯，呼呼仙法，火花飘扬召平安！",2,,,,,999,skin296,180,60,60,220,120,120,,headicon,头像：解锁头像。,,bodyeffcet,身体特效：身上飘散着糖画！,,,,,,,,,,,,,,dtxx_beijingtu91,0,,,,,,180,,,,,,,27178,,,,,,,,,,,,,,,,,,,,,,,,,8,lab_dresstheme_newyear,,,,,,,3,"3,5,8,9,13,14,15,16,17,18,19",1.4|0,,,1,,,,,,,,,,,,,
297,佩露,140291,,432,3,140291_2,1,140291_3,,,140291_1,,,,,,,,,-1,2,,999,渔村中长大的神秘女孩，据说拥有神明的力量，独自一人守护神像与宝藏。心地善良、与人为善，整天笑盈盈的，但面对危险时总是格外冷静，似乎没有什么可以让她愤怒或恐惧。,2,,,,,999,skin297,180,60,60,220,120,120,,headicon,头像：解锁头像。,,bodyeffcet,身体特效：身上飘散着泡泡！,,,,,,,,,,,,,,dtxx_beijingtu97,0,,,,,,180,,,,,,,27179,,,,,,,,,,,,,,,,,,,,,,,,,,,,,,,,,1,"3,5,8,9,13,14,15,16,17,18,19",1.4|0,,,1,,,,,,,,,,,,,
298,龙纳斯,140298,,433,3,140298_2,1,140298_3,,,140298_1,,,,,,,,,-1,2,,999,内陆长大的少年，从小渴望冒险，喜欢探索未知与打破规则。跟随迷萌四子与汤姆队长的脚步来到传说中存在海神宝藏的小岛，立志要找到宝藏，名扬四海。,2,,,,,999,skin298,180,60,60,220,120,120,,headicon,头像：解锁头像。,,footprint,行走足迹：走过的地方留下海浪脚印。,,,,,,,,,,,,,,dtxx_beijingtu97,0,,,,,,180,,,,,,,27180,,,,,,,,,,,,,,,,,,,,,,,,,,,,,,,,,1,"3,5,8,9,13,14,15,16,17,18,19",1.4|0,,,1,,,,,,,,,,,,,
299,声波,140305,,434,3,140305_2,1,140051_3,,,140305_1,,,,,,,,,-1,2,,999,霸天虎的情报参谋，掌握着狂派所有的情报交流，他的忠心和能力得到了威震天的肯定。声波带着磁带军团：机器狗、激光鸟、迷乱、蝙蝠精等，获取了汽车人许多重要行动计划的情报。,2,,,,,999,skin299,180,60,60,220,120,120,,headicon,头像：解锁头像。,,footprint,行走足迹：走过的地方会留下阵营标志脚印。,8,summon,召唤：可以召唤出磁带军团并获得增益效果，点击左侧按钮可预览！,,,,,,,,,,,dtxx_beijingtu04,0,,,,icon_53,1.7,180,,,,,,,27181,,,,,,,,,,,,,,,,,,,,,,,,,,,"4901,4902,4903,4904
",,,,,,1,"3,5,8,9,13,14,15,16,17,18,19",1.1|0,,,1,,,,,,,,,,,,,
300,芒歌,140301,,435,3,140301_2,1,140301_3,,,140301_1,,,,,,,,,-1,2,,999,"软软奶油铺进杯底，圆圆果实摘下枝头。
绵润口感留香唇齿，黄金色泽送来甜蜜！",2,,,,,999,skin300,180,60,60,220,120,120,,headicon,头像：解锁头像。,,bodyeffcet,身体特效：身上飘散着芒果粒！,,,,,,,,,,,,,,dtxx_beijingtu93,0,,,,,,180,,,,,,,27182,,,,,,,,,,,,,,,,,,,,,,,,,,,,,,,,,2,"3,5,8,9,13,14,15,16,17,18,19",1.4|0,,,1,,,,,,,,,,,,,
301,萧元儿,140278,,436,3,140278_2,1,140278_3,,,140278_1,,,,,,,,,-1,2,,999,食趣星点心协会的代理副会长，除了操持自家的元宵铺子，还爱走访其他点心店。一旦发现了更好的原料，当晚就会做研发，次日就推出新品活动。至于活动会打几折？不好意思，多送两个是可以的，打折？那可不行哦！,2,,,,,999,skin301,180,60,60,220,120,120,,headicon,头像：解锁头像。,,bodyeffcet,身体特效：身上飘散着汤圆！,,,,,,,,,,,,,,dtxx_beijingtu90,0,,,,,,180,,,,,,,27183,,,,,,,,,,,,,,,,,,,,,,,,,,,,,,,,,3,"3,5,8,9,13,14,15,16,17,18,19",1.4|0,,,1,,,,,,,,,,,,,
302,诺娜娜,140287,,437,3,140287_2,1,140287_3,,,140287_1,,,,,,,,,-1,2,,999,活力出击，战斗让马尾兴奋摇摆， 超速轰炸，子弹声带来狂笑不止。 没想到吧，小萝莉也能扛起大炮，拯救世界！,2,,,,,999,skin302,180,60,60,220,120,120,,headicon,头像：解锁头像。,,bodyeffcet,身体特效：身上飘散着爱心！,,,,,,,,,,,,,,common_01,0,,,,,,180,,,,,,,27184,,,,,,,,,,,,,,,,,,,,,,,,,,,,,,,,,5,"3,5,8,9,13,14,15,16,17,18,19",1.4|0,,,1,,,,,,,,,,,,,
303,凌羽,140286,,438,3,140286_2,1,140286_3,,,140286_1,,,,,,,,,-1,2,,999,缜密计算，运筹帷幄。 后方坐镇，决胜千里。 咦？紧握的拳头，流汗的额头？ 原来冷面指挥官也有搞不定的时候。,2,,,,,999,skin303,180,60,60,220,120,120,,headicon,头像：解锁头像。,,bodyeffcet,身体特效：身上飘散着战斗能量！,,,,,,,,,,,,,,common_01,0,,,,,,180,,,,,,,27185,,,,,,,,,,,,,,,,,,,,,,,,,,,,,,,,,5,"3,5,8,9,13,14,15,16,17,18,19",1.4|0,,,1,,,,,,,,,,,,,
304,瑞贝卡,140270,,439,3,140270_2,1,140270_3,,,140270_1,,,,,,,,,-1,2,,999,"白绒兔耳抖一抖，可爱裙摆摇一摇。
玻璃糖纸亮闪闪，奶味奇迹就降临。
叮铃叮铃~魔法少女兔，变身！",2,,,,,999,skin304,180,60,60,220,120,120,,headicon,头像：解锁头像。,,bodyeffcet,身体特效：身上飘散着兔子印章！,,,,,,,,,,,,,,dtxx_beijingtu92,0,,,,,,180,,,,,,,27186,,,,,,,,,,,,,,,,,,,,,,,,,19,lab_dresstheme_mfxz,,,,,,,4,"3,5,8,9,13,14,15,16,17,18,19",1.4|0,,,1,,,,,,,,,,,,,
305,金,140304,,440,3,140304_2,1,140304_3,,,140304_1,,,,,,,,,-1,2,,999,同伴，是永远不能背叛的！,2,,,,,999,skin305,180,60,60,220,120,120,,headicon,头像：解锁头像。,,bodyeffcet,身体特效：身上飘散着矢量箭头！,,,,,,,,,,,,,,dtxx_beijingtu94,0,,,,icon_60,,180,,,,,,,27187,,,,,,,,,,,,,,,,,,,,,,,,,,,,,,,,,3,"3,5,8,9,13,14,15,16,17,18,19",1.4|0,,,1,,,,,,,,,,,,,
306,魔藤圣导 菲丽茜亚,140272,,441,3,140272_2,1,140272_3,,,140272_1,,,,,,,,,-1,2,,999,"当美丽被觊觎，贪婪的嘴脸掠夺生灵，
当花朵被厌弃，猖獗的污秽玷辱仙境。
迎花灵回归，重兴千葩。
待繁花盛开，蝴蝶伫立。",2,,,,,999,skin306,180,60,60,220,120,120,7,bodyeffcet2,光照改变：随地图内环境光照幻化造型，点击左侧按钮查看说明。,6,OutoChange,幻化：环境光照大于9时幻化为秘境精灵，点击左侧按钮预览。,1,changeicon,专属座驾：点击左侧按钮，可使用专属精灵座驾。,5,actionpaly,专属表情动作：天空洒落花瓣雨，点击左侧按钮可预览。,,headicon,头像框：获得后自动解锁动态头像框。,,,,,dtxx_beijingtu98,0,,1,4640,,,180,,,,,,,27188,,,2_307,,,,1,,,,,,,,,,,,,"0,1,2,3,4,5,6,7,8,9",140273_5,10,1,100927,,,,,,,,,4,"3,5,8,9,13,14,15,16,17,18,19",1.4|0,,,2,,,,,,,,,,,,,
307,秘境精灵 菲丽茜亚,140273,,442,3,140273_2,1,140273_3,,,140273_1,,,,,,,,,-1,2,,999,"鲜花布满荆棘，才能将觊觎止于心底，
馥郁裹挟毒性，方能拥有反抗的能力。
灵光一现，化攻击为助力。
数日思虑，开创魔法新纪。",2,,,,,999,skin307,180,60,60,220,120,120,7,bodyeffcet2,光照改变：随地图内环境光照幻化造型，点击左侧按钮查看说明。,6,OutoChange,幻化：环境光照小于等于9时幻化为魔藤圣导，点击左侧按钮预览。,1,changeicon,专属座驾：点击左侧按钮，可使用专属精灵座驾。,5,actionpaly,专属表情动作：天空洒落花瓣雨，点击左侧按钮可预览。,,headicon,头像框：获得后自动解锁动态头像框。,,,,,dtxx_beijingtu99,0,,1,4642,,,180,,,,,,,27189,,,2_306,,,,,,,,,,,,,,,,,"10,11,12,13,14,15",140272_5,10,1,100927,,,,,,,,,5,"3,5,8,9,13,14,15,16,17,18,19",1.38|0,,,2,,,,,,,,,,,,,
308,瓦莲娜,140310,,443,3,140310_2,1,140310_3,,,140310_1,,,,,,,,,-1,2,,999,"呼吸感受风之韵律，
亲手触摸自然遗迹。
以身涉险，书写自由篇章。",2,,,,,999,skin308,180,60,60,220,120,120,,headicon,头像：解锁头像。,,footprint,行走足迹：走过的地方留下猫咪脚印。,,,,,,,,,,,,,,common_01,0,,,,,,180,,,,,,,27190,,,,,,,,,,,,,,,,,,,,,,,,,,,,,,,,,5,"3,5,8,9,13,14,15,16,17,18,19",1.4|0,,,1,,,,,,,,,,,,,
309,马克,140309,,444,3,140309_2,1,140309_3,,,140309_1,,,,,,,,,-1,2,,999,"侧耳倾听林中之声，
月下踏足无人之境。
逆过人流，探索户外秘密。",2,,,,,999,skin309,180,60,60,220,120,120,,headicon,头像：解锁头像。,,footprint,行走足迹：走过的地方留下小狗脚印。,,,,,,,,,,,,,,common_01,0,,,,,,180,,,,,,,27191,,,,,,,,,,,,,,,,,,,,,,,,,,,,,,,,,5,"3,5,8,9,13,14,15,16,17,18,19",1.4|0,,,1,,,,,,,,,,,,,
310,爱尔琳,140315,,445,3,140315_2,1,140315_3,,,140315_1,,,,,,,,,-1,2,,999,"露水爬上草叶，迎风摇摇晃晃。
大地抖落霜粒，春日含苞待放！",2,,,,,999,skin310,180,60,60,220,120,120,,headicon,头像：解锁头像。,,bodyeffcet,身体特效：身上飘散着萝卜！,,,,,,,,,,,,,,dtxx_beijingtu102,0,,,,,,180,,,,,,,27192,,,,,,,,,,,,,,,,,,,,,,,,,,,,,,,,,5,"3,5,8,9,13,14,15,16,17,18,19",1.4|0,,,1,,,,,,,,,,,,,
311,爱尔顿,140314,,446,3,140314_2,1,140314_3,,,140314_1,,,,,,,,,-1,2,,999,"阳光倾洒农场，鸟儿唧喳飞忙。
铁锹翻动土壤，汗水孕育希望！",2,,,,,999,skin311,180,60,60,220,120,120,,headicon,头像：解锁头像。,,bodyeffcet,身体特效：身上飘散着萝卜！,,,,,,,,,,,,,,dtxx_beijingtu102,0,,,,,,180,,,,,,,27193,,,,,,,,,,,,,,,,,,,,,,,,,,,,,,,,,5,"3,5,8,9,13,14,15,16,17,18,19",1.4|0,,,1,,,,,,,,,,,,,
312,青韵,140308,,447,3,140308_2,1,140308_3,,,140308_1,,,,,,,,,-1,2,,999,"凝笔绘流光，细彩画珐琅。
炉门烧新韵，赋物祝融方。",2,,,,,999,skin312,180,60,60,220,120,120,,headicon,头像：解锁头像。,,bodyeffcet,身体特效：身上飘散着光点！,,,,,,,,,,,,,,dtxx_beijingtu101,0,,,,,,180,,,,,,,27194,,,,,,,,,,,,,,,,,,,,,,,,,,,,,,,,,1,"3,5,8,9,13,14,15,16,17,18,19",1.4|0,,,2,,,,,,,,,,,,,
313,格瑞,140313,,448,3,140313_2,1,140313_3,,,140313_1,,,,,,,,,-1,2,,999,我只会凭自己的力量去获得答案！,2,,,,,999,skin313,180,60,60,220,120,120,,headicon,头像：解锁头像。,,bodyeffcet,身体特效：身上飘散着绿色方格！,,,,,,,,,,,,,,dtxx_beijingtu104,0,,,,icon_60,,180,,,,,,,27195,,,,,,,,,,,,,,,,,,,,,,,,,,,,,,,,,5,"3,5,8,9,13,14,15,16,17,18,19",1.4|0,,,1,,,,,,,,,,,,,
314,紫堂幻,140312,,449,3,140312_2,1,140312_3,,,140312_1,,,,,,,,,-1,2,,999,我真的，我真的，我真的已经很努力了啊！,2,,,,,999,skin314,180,60,60,220,120,120,,headicon,头像：解锁头像。,,bodyeffcet,身体特效：身上飘散着紫色光点！,,,,,,,,,,,,,,dtxx_beijingtu105,0,,,,icon_60,,180,,,,,,,27196,,,,,,,,,,,,,,,,,,,,,,,,,,,,,,,,,4,"3,5,8,9,13,14,15,16,17,18,19",1.4|0,,,1,,,,,,,,,,,,,
315,哞哞,140311,,450,3,140311_2,1,140311_3,,,140311_1,,,,,,,,,-1,2,,999,"狂风中高歌，暴雪里舞蹈。
拥有最柔软的毛发，也玩得转最锋利的匕首。
在雪域高原向您致意，我的朋友。",2,,,,,999,skin315,180,60,60,220,120,120,,headicon,头像：解锁头像。,,bodyeffcet,身体特效：身上飘散着雪花！,,,,,,,,,,,,,,common_01,0,,,,,,180,,,,,,,27197,,,,,,,,,,,,,,,,,,,,,,,,,,,,,,,,,5,"3,5,8,9,13,14,15,16,17,18,19",1.4|0,,,1,,,,,,,,,,,,,
316,花琦琦,140316,,451,3,140316_2,1,140316_3,,,140316_1,,,,,,,,,-1,2,,999,"呼~呼~把最想实现的愿望，统统吹进气球。
未来的日子，也要一起玩哦~
毕竟……与你相伴的每天，都是我的愿望成真日。",2,,,,,999,skin316,180,60,60,220,120,120,,headicon,头像：解锁头像。,,bodyeffcet,身体特效：身上飘散着星光！,,,,,,,,,,,,,,common_01,0,,,,,,180,,,,,,,27198,,,,,,,,,,,,,,,,,,,,,,,,,,,,,,,,,5,"3,5,8,9,13,14,15,16,17,18,19",1.4|0,,,1,,,,,,,,,,,,,
317,碧水青,140318,,452,3,140318_2,1,140318_3,,,140318_1,,,,,,,,,-1,2,,999,"无穷天水碧，渺渺群山青。
烟波含叠翠，石见画图惊。",2,,,,,999,skin317,180,60,60,220,120,120,,headicon,头像：解锁头像。,,bodyeffcet,身体特效：身上飘散着金色三角！,2,acticon,互动：可与远山黛触发互动动作！,,,,,,,,,,,dtxx_beijingtu103,0,,,,,,180,,,,,,,27199,,38,,,,,,,,,,,,,,,,,,,,,,,22,lab_dresstheme_gyss,,,,,,,1,"3,5,8,9,13,14,15,16,17,18,19",1.4|0,,,1,,,,,,,,,,,,,
318,糕糕,140317,,453,3,140317_2,1,140317_3,,,140317_1,,,,,,,,,-1,2,,999,"温馨聚会，火热派对。迷萌考拉，传递快乐！
和糕糕一起，用甜蜜旋律，为今日欢唱~",2,,,,,999,skin318,180,60,60,220,120,120,,headicon,头像：解锁头像。,,bodyeffcet,身体特效：身上飘散着星光！,,,,,,,,,,,,,,common_01,0,,,,,,180,,,,,,,27200,,,,,,,,,,,,,,,,,,,,,,,,,,,,,,,,,5,"3,5,8,9,13,14,15,16,17,18,19",1.4|0,,,1,,,,,,,,,,,,,
319,米豆,140319,,454,3,140319_2,1,140319_3,,,140319_1,,,,,,,,,-1,2,,999,"咳咳，采访一下，
又是哪位朋友吃太多糖牙痛了？
巧克力豆虽好，但也不能多吃哦~",2,,,,,999,skin319,180,60,60,220,120,120,,headicon,头像：解锁头像。,,bodyeffcet,身体特效：身上飘散着巧克力豆！,,,,,,,,,,,,,,dtxx_beijingtu107,0,,,,,,180,,,,,,,27201,,,,,,,,,,,,,,,,,,,,,,,,,,,,,,,,,2,"3,5,8,9,13,14,15,16,17,18,19",1.4|0,,,1,,,,,,,,,,,,,
320,逍遥客,140320,,455,3,140320_2,1,140320_3,,,140320_1,,,,,,,,,-1,2,,999,"杀戮，非我之本意。
罪孽，江湖自会裁定。
风冷如刃，剑过无痕。
今夜，一决胜负！",2,,,,,999,skin320,180,60,60,220,120,120,,headicon,头像：解锁头像。,,bodyeffcet,身体特效：身上飘散着绿色光点！,,,,,,,,,,,,,,dtxx_beijingtu108,0,,,,,,180,,,,,,,27202,,,,,,,,,,,,,,,,,,,,,,,,,22,lab_dresstheme_gyss,,,,,,,1,"3,5,8,9,13,14,15,16,17,18,19",1.38|0,,,1,,,,,,,,,,,,,
321,妮普洛,140295,,456,3,140295_2,1,140295_3,,,140295_1,,,,,,,,,-1,2,,999,"柔发迷人眼，飒沓如坠樱。
别问我代号，我是侠盗仙女一号。
恶魔，或骑士？我的身份，由你决定。",2,,,,,999,skin321,180,60,60,220,120,120,,headicon,头像：解锁头像。,,bodyeffcet,身体特效：身上飘散着星光！,,,,,,,,,,,,,,common_01,0,,,,,,180,,,,,,,27203,,,,,,,,,,,,,,,,,,,,,,,,,,,,,,,,,5,"3,5,8,9,13,14,15,16,17,18,19",1.4|0,,,1,,,,,,,,,,,,,
322,波菲尔,140294,,457,3,140294_2,1,140294_3,,,140294_1,,,,,,,,,-1,2,,999,"点石成金不难，善恶起落悠长，白纸自成黑字，术道不改德志。如果可爱不能使你感动，那我就施以魔法。变！
这是张好牌，不该给个坏蛋。",2,,,,,999,skin322,180,60,60,220,120,120,,headicon,头像：解锁头像。,,bodyeffcet,身体特效：身上飘散着卡牌！,,,,,,,,,,,,,,common_01,0,,,,,,180,,,,,,,27204,,,,,,,,,,,,,,,,,,,,,,,,,,,,,,,,,5,"3,5,8,9,13,14,15,16,17,18,19",1.4|0,,,1,,,,,,,,,,,,,
323,沧海帝姬 灵汐,140321,,458,3,140321_2,1,140321_3,,,140321_1,,,,,,,,,-1,2,,999,"暗觉冬日暖，抬首燕来湖。
戏掷彩贝去，遍听新荷声。",2,,,,,999,skin323,180,60,60,220,120,120,,bodyeffcet,特殊改变：游戏内可实现变身功能，改变造型和状态！,9,transfiguration,变身：在水中可变成人鱼形态，点击左侧按钮预览！,,genius,天赋：可以激发特殊血脉，在水下自由呼吸！,4,soundplay,专属语音：地图内会播放专属语音，点击左侧按钮可试听！,,headicon,头像框：获得后自动解锁动态头像框。,,footprint,行走足迹：走过的地方留下蓝色发光印记。,,dtxx_beijingtu109,0,,,,,,180,,,,,,,27205,,,2_324,,,,,8,ent.323.show,45,4,,,,,,,,,,,,,,,,,2_324,140322_4,5,,,1,"3,5,8,9,13,14,15,16,17,18,19",1.4|0,,,1,,,,,,,,,,,,,
324,泣珠仙姬 灵汐,140322,,459,3,140322_2,1,140322_3,,,140322_1,,,,,,,,,-1,2,,999,"夜饮溶溶月，绡坠荧荧珠。
神怜粉黛怯，泪化锦泽露。",2,,,,,999,skin324,180,60,60,220,120,120,,bodyeffcet,特殊改变：游戏内可实现变身功能，改变造型和状态！,9,transfiguration,变身：在陆地可变成自然形态，点击左侧按钮预览！,,genius,天赋：可以激发特殊血脉，在水下自由呼吸！,4,soundplay,专属语音：地图内会播放专属语音，点击左侧按钮可试听！,,headicon,头像框：获得后自动解锁动态头像框。,,,,,dtxx_beijingtu110,0,,,,,,180,,,,,,,27206,,,2_323,,,,1,8,ent.324.show,45,4,,,,,,,,,,,,,,,,,1_323,140322_4,5,2004001,,1,"3,5,8,9,13,14,15,16,17,18,19",1.4|0,,,1,,,,,,,,,,,,,
325,海茵,140323,,460,3,140323_2,1,140323_3,,,140323_1,,,,,,,,,-1,2,,999,"风中舞动如丝绸，
海底深藏如玉珂。
散发轻盈随海风，
行踪无迹任浪荡。",2,,,,,999,skin325,180,60,60,220,120,120,,headicon,头像：解锁头像。,,bodyeffcet,身体特效：身上飘散着泡泡！,,footprint,行走足迹：走过的地方会留下水母印记。,,,,,,,,,,,dtxx_beijingtu111,0,,,,,,180,,,,,,,27207,,,,,,,,,,,,,,,,,,,,,,,,,20,lab_dresstheme_ygxl,,,,,,,1,"3,5,8,9,13,14,15,16,17,18,19",1.4|0,,,1,,,,,,,,,,,,,
326,哈尔薇,140330,,461,3,140330_2,1,140330_3,,,140330_1,,,,,,,,,-1,2,,999,"行走于生死边界，魂游于亡灵千列。
勇敢之翅，绚烂绽放，邪恶念起，呼啸奔去。
破碎之伤，需要信任的医治。
这彻骨的失望，早已潜入肺腑，低沉呻吟。",2,,,,,999,skin326,180,60,60,220,120,120,,headicon,头像：解锁头像。,,bodyeffcet,身体特效：身上飘散着黑色羽毛！,,,,,,,,,,,,,,dtxx_beijingtu113,0,,,,,,180,,,,,,,27208,,,,,,,,,,,,,,,,,,,,,,,,,20,lab_dresstheme_ygxl,,,,,,,3,"3,5,8,9,13,14,15,16,17,18,19",1.38|0,,,2,,,,,,,,,,,,,
327,格兰妮,140325,,462,3,140325_2,1,140325_3,,,140325_1,,,,,,,,,-1,2,,999,"擦肩黑玫瑰，开启潘多拉，灵魂纹蝙蝠之骨，笑颜在骷髅上燃烧。
诞于暮，藏于晨——黑暗，才是我的本命。
樱红与凄美粉饰，骷髅及朋克并存。",2,,,,,999,skin327,180,60,60,220,120,120,,headicon,头像：解锁头像。,,bodyeffcet,身体特效：身上飘散着蝙蝠和粉色爱心！,,,,,,,,,,,,,,dtxx_beijingtu112,0,,,,,1.5,180,,,,,,,27209,,,,,,,,,,,,,,,,,,,,,,,,,,,,,,,,26_1980,1,"3,5,8,9,13,14,15,16,17,18,19",1.38|0,,,1,,,,,,,,,,,,,
328,版本过低,,,463,3,,,,,,,,,,,,,,,-1,2,,999,,2,,,,,999,skin328,180,60,60,220,120,120,,headicon,头像：解锁头像。,,,,,,,,,,,,,,,,,common_01,0,,,,,,180,,,,,,,27210,,,,,,,,,,,,,,,,,,,,,,,,,,,,,,,,,5,"3,5,8,9,13,14,15,16,17,18,19",1.4|0,,,1,,,,,,,,,,,,,
329,版本过低,,,464,3,,,,,,,,,,,,,,,-1,2,,999,,2,,,,,999,skin329,180,60,60,220,120,120,,headicon,头像：解锁头像。,,,,,,,,,,,,,,,,,common_01,0,,,,,,180,,,,,,,27211,,,,,,,,,,,,,,,,,,,,,,,,,,,,,,,,,5,"3,5,8,9,13,14,15,16,17,18,19",1.4|0,,,1,,,,,,,,,,,,,
330,版本过低,,,465,3,,,,,,,,,,,,,,,-1,2,,999,,2,,,,,999,skin330,180,60,60,220,120,120,,headicon,头像：解锁头像。,,,,,,,,,,,,,,,,,common_01,0,,,,,,180,,,,,,,27212,,,,,,,,,,,,,,,,,,,,,,,,,,,,,,,,,5,"3,5,8,9,13,14,15,16,17,18,19",1.4|0,,,1,,,,,,,,,,,,,
331,版本过低,,,466,3,,,,,,,,,,,,,,,-1,2,,999,,2,,,,,999,skin331,180,60,60,220,120,120,,headicon,头像：解锁头像。,,,,,,,,,,,,,,,,,common_01,0,,,,,,180,,,,,,,27213,,,,,,,,,,,,,,,,,,,,,,,,,,,,,,,,,5,"3,5,8,9,13,14,15,16,17,18,19",1.4|0,,,1,,,,,,,,,,,,,
332,萨亚,140351,,467,3,140351_2,1,140351_3,,,140351_1,,,,,,,,,-1,2,,999,"常年与变异怪物进行战斗，同样的病毒侵蚀着萨亚的身体，甚至心灵………
某次行动中，萨亚偶遇一名奇怪的异化少女，她的到来不仅给人类带来了新的希望，也在悄悄治愈萨亚千疮百孔的内心。",2,,,,,999,skin332,180,60,60,220,120,120,,headicon,头像：解锁头像。,,bodyeffcet,身体特效：身上飘散着战斗能量！,,,,,,,,,,,,,,common_01,0,,,,,,180,,,,,,,27214,,,,,,,,,,,,,,,,,,,,,,,,,,,,,,,,,5,"3,5,8,9,13,14,15,16,17,18,19",1.4|0,,,1,,,,,,,,,,,,,
333,路障,140324,,468,3,140324_2,1,140324_3,,,140324_1,,,,,,,,,-1,2,,999,路障是霸天虎阵营的战士，他能一眼看穿人类，利用人们的信任来耍弄他们。他还喜欢用威力巨大的武器和液压手把对手撕成碎片。,2,,,,,999,skin333,180,60,60,220,120,120,,headicon,头像：解锁头像。,,bodyeffcet,身体特效：身上飘散着闪电！,1,changeicon,变形：点击左侧变形按钮，可切换机器人/载具形态！,,,,,,,,,,,dtxx_beijingtu04,0,,1,4652,icon_53,,180,,,,,,,27215,,,,,,,,,,,,,,,,,,,,,,,,,17,lab_dresstheme_mecha,,,,,,,1,"3,5,8,9,13,14,15,16,17,18,19",1.2|0,,,1,,,,,,,,,,,,,
334,可西光辉女孩,140331,,469,3,140331_2,1,140331_3,,,140331_1,,,,,,,,,-1,2,,999,可西光辉拥有可爱的外表，棋子车是她的可爱标志。野心勃勃的她，把友谊当做权力去操纵，最终被打败还变成了石像。,2,,,,,999,skin334,180,60,60,220,120,120,,headicon,头像：解锁头像。,,bodyeffcet,身体特效：身上飘散着火焰！,,,,,,,,,,,,,,dtxx_beijingtu12,0,,,,icon_54,,180,,,,,,,27216,,,,,,,,,,,,,,,,,,,,,,,,,18,lab_dresstheme_cyclone,,,,,,,1,"3,5,8,9,13,14,15,16,17,18,19",1.4|0,,,2,,,,,,,,,,,,,
335,苹果丽丽女孩,140332,,470,3,140332_2,1,140332_3,,,140332_1,,,,,,,,,-1,2,,999,苹果丽丽是苹果嘉儿的妹妹，也是可爱军团的创始成员之一，平时除了在甜苹果园帮忙收苹果以外，还会和甜心宝宝、醒目露露一起为可爱标志努力。,2,,,,,999,skin335,180,60,60,220,120,120,,headicon,头像：解锁头像。,,bodyeffcet,身体特效：身上飘散着花朵！,,,,,,,,,,,,,,dtxx_beijingtu11,0,,,,icon_54,,180,,,,,,,27217,,,,,,,,,,,,,,,,,,,,,,,,,18,lab_dresstheme_cyclone,,,,,,,5,"3,5,8,9,13,14,15,16,17,18,19",1.4|0,,,1,,,,,,,,,,,,,
336,风雪之心女孩,140333,,471,3,140333_2,1,140333_3,,,140333_1,,,,,,,,,-1,2,,999,风雪之心是闪耀盔甲和音韵公主的女儿，这个名字是为了纪念她用哭声震碎水晶爱心那次的水晶典礼。在那之后，她的魔力得到了稳定，再也没有发生这种情况了。,2,,,,,999,skin336,180,60,60,220,120,120,,headicon,头像：解锁头像。,,bodyeffcet,身体特效：身上飘散着粉色光点！,,,,,,,,,,,,,,dtxx_beijingtu15,0,,,,icon_54,,180,,,,,,,27218,,,,,,,,,,,,,,,,,,,,,,,,,18,lab_dresstheme_cyclone,,,,,,,4,"3,5,8,9,13,14,15,16,17,18,19",1.4|0,,,2,,,,,,,,,,,,,
337,赤绫太子 莲笙,140328,,472,3,140328_2,1,140328_3,,,140328_1,,,,,,,,,-1,2,,999,"在这混沌世界
受伤的孩子们别害怕
谁要再来害人
翻江倒海，定不饶他！",2,,,,,999,skin337,180,60,60,220,120,120,,bodyeffcet,特殊改变：游戏内可实现变身功能，改变造型和状态！,3,changeskin,神通：可切换幼年形态，点击左侧按钮预览。,4,soundplay,专属语音：地图内会播放专属语音，点击左侧按钮可试听！,,headicon,头像框：获得后自动解锁动态头像框。,,,,,,,,dtxx_beijingtu114,0,,,,,,180,,,,,,,27219,,,2_338,,338,,,8,ent.337.show,45,4,,,,,,,,,,,,,,,,,,,,,,3,"3,5,8,9,13,14,15,16,17,18,19",1.3|-50,,,2,,,,,,,,,,,,,
338,灵泽童子 莲笙,140329,,473,3,140329_2,1,140329_3,,,140329_1,,,,,,,,,-1,2,,999,"众生看我
懵懂无忧
身后那莲花盛开
秋风起浪搅起几多风云。",2,,,,,999,skin338,180,60,60,220,120,120,,bodyeffcet,特殊改变：游戏内可实现变身功能，改变造型和状态！,3,changeskin,神通：可切换成年形态，点击左侧按钮预览。,4,soundplay,专属语音：地图内会播放专属语音，点击左侧按钮可试听！,,headicon,头像框：获得后自动解锁动态头像框。,,,,,,,,dtxx_beijingtu115,0,,,,,,180,,,,,,,27220,,,2_337,,337,,1,8,ent.338.show,45,4,,,,,,,,,,,,,,,,,,,,,,2,"3,5,8,9,13,14,15,16,17,18,19",1.3|-50,,,1,,,,,,,,,,,,,
339,韶华,140341,,474,3,140341_2,1,140341_3,,,140341_1,,,,,,,,,-1,2,,999,"艾束轻曳浴芳兰，重午佳阳花忽繁。
跃浪龙舟端午游，五丝缠粽碧玉透。
执扇浣溪散清暑，沛降赤阳忆古原。",2,,,,,999,skin339,180,60,60,220,120,120,,headicon,头像：解锁头像。,,bodyeffcet,身体特效：身上飘散着绿叶！,,,,,,,,,,,,,,dtxx_beijingtu116,0,,,,,,180,,,,,,,27221,,,,,,,,,,,,,,,,,,,,,,,,,22,lab_dresstheme_gyss,,,,,,,1,"3,5,8,9,13,14,15,16,17,18,19",1.4|0,,,1,,,,,,,,,,,,,
340,朵瑞丝,140326,,475,3,140326_2,1,140326_3,,,140326_1,,,,,,,,,-1,2,,999,"叮咚，手握着远方的消息。
嗒嗒，穿行在近处的街巷。
嘻嘻，收件人的一个微笑，是送信人最大的满足！",2,,,,,999,skin340,180,60,60,220,120,120,,headicon,头像：解锁头像。,,bodyeffcet,身体特效：身上飘散着信件！,,,,,,,,,,,,,,common_01,0,,,,,,180,,,,,,,27222,,,,,,,,,,,,,,,,,,,,,,,,,,,,,,,,,5,"3,5,8,9,13,14,15,16,17,18,19",1.4|0,,,1,,,,,,,,,,,,,
341,多尔,140327,,476,3,140327_2,1,140327_3,,,140327_1,,,,,,,,,-1,2,,999,"悲欢离合的奏乐，飘入千家万户。
敲门声起，消息准时到达。
送信人的职责，是守护好每一封信件。",2,,,,,999,skin341,180,60,60,220,120,120,,headicon,头像：解锁头像。,,bodyeffcet,身体特效：身上飘散着信件！,,,,,,,,,,,,,,common_01,0,,,,,,180,,,,,,,27223,,,,,,,,,,,,,,,,,,,,,,,,,,,,,,,,,5,"3,5,8,9,13,14,15,16,17,18,19",1.4|0,,,1,,,,,,,,,,,,,
342,蓝伯特,140335,,477,3,140335_2,1,140335_3,,,140335_1,,,,,,,,,-1,2,,999,"占星之术，以星辰为姓，以意志为名。
命运之轮交错，星盘预言轮回。
关于未来的传说，从未消逝。而我，在寻找这遗失之物。",2,,,,,999,skin342,180,60,60,220,120,120,,headicon,头像：解锁头像。,,bodyeffcet,身体特效：身上飘散着星光！,,,,,,,,,,,,,,dtxx_beijingtu117,0,,,,,,180,,,,,,,27224,,,,,,,,,,,,,,,,,,,,,,,,,,,,,,,,,1,"3,5,8,9,13,14,15,16,17,18,19",1.4|0,,,1,,,,,,,,,,,,,
343,马丁尼,140342,,478,3,140342_2,1,140342_3,,,140342_1,,,,,,,,,-1,2,,999,马丁尼最初做赏金猎人时，他的初衷就是保护那些无法自卫的人们。在对抗一只基因改造的恐龙时，他的关节受了很严重的伤，而他随身携带的恐龙头骨让最黑恶的罪犯都会闻风丧胆。,2,,,,,999,skin343,180,60,60,220,120,120,,headicon,头像：解锁头像。,,bodyeffcet,身体特效：身上飘散着光点！,,,,,,,,,,,,,,common_01,0,,,,,,180,,,,,,,27225,,,,,,,,,,,,,,,,,,,,,,,,,,,,,,,,,5,"3,5,8,9,13,14,15,16,17,18,19",1.4|0,,,1,,,,,,,,,,,,,
344,擎天圣,140338,,479,3,140338_2,1,140338_3,,,140338_1,,,,,,,,,-1,2,,999,擎天圣是巨无霸小队的指挥官，在史前地球与霸王龙威震天领导的原始兽小队展开激战，并成功逮捕霸王龙威震天返回塞伯坦星球。他富有同情心、忠诚和荣誉感，每次战斗都身先士卒。,2,,,,,999,skin344,180,60,60,220,120,120,,headicon,头像：解锁头像。,,bodyeffcet,身体特效：身后喷射着火焰！,1,changeicon,变形：点击左侧变形按钮，可切换机器人/载具形态！,,footprint,行走足迹：走过的地方会留下阵营标志脚印。,,,,,,,,140443,0,,1,4658,icon_63,,180,,,,"344,460,461",,,27226,,,,,,,,,,,,,,,,,,,,,,,,,,,,,,,,,1,"3,5,8,9,13,14,15,16,17,18,19",1.2|0,,,1,,,,,,,,,,,,,
345,夏日晴歌 梦然,140345,,480,3,140345_2,1,140345_3,,,140345_1,,,,,,,,,-1,2,,999,夏日的风穿过衣角发梢，与所有的美好不期而遇。,2,,,,,999,skin345,180,60,60,220,120,120,,headicon,头像：解锁头像。,,bodyeffcet,身体特效：身上飘散着花朵！,,footprint,行走足迹：走过的地方会留下叶子脚印。,,,,,,,,,,,dtxx_beijingtu119,0,,,,,,180,,,,,,,27227,,,,,,,,,,,,,,,,,,,,,,,,,,,,,,,,,5,"3,5,8,9,13,14,15,16,17,18,19",1.4|0,,,1,,,,,,,,,,,,,
346,星舞跃动 贝琳达,140346,,481,3,140346_2,1,140346_3,,,140346_1,,,,,,,,,-1,2,,999,踩着滑板，跟上音乐，和我一起在地面开始飞行！,2,,,,,999,skin346,180,60,60,220,120,120,,headicon,头像：解锁头像。,,bodyeffcet,身体特效：身上飘散着音符！,,footprint,行走足迹：走过的地方会留下音符印记。,,,,,,,,,,,dtxx_beijingtu118,0,,,,,,180,,,,,,,27228,,,,,,,,,,,,,,,,,,,,,,,,,,,,,,,,,3,"3,5,8,9,13,14,15,16,17,18,19",1.4|0,,,1,,,,,,,,,,,,,
347,慵懒暖阳 帕妮,140344,,482,3,140344_2,1,140344_3,,,140344_1,,,,,,,,,-1,2,,999,好困好困，想躺回被窝中。在我心里，被窝就是世界上最最舒服的地方。,2,,,,,999,skin347,180,60,60,220,120,120,,headicon,头像：解锁头像。,,bodyeffcet,身体特效：身上飘散着瞌睡泡！,,footprint,行走足迹：走过的地方会留下太阳蛋印记。,,,,,,,,,,,dtxx_beijingtu120,0,,,,,,180,,,,,,,27229,,,,,,,,,,,,,,,,,,,,,,,,,,,,,,,,,2,"3,5,8,9,13,14,15,16,17,18,19",1.4|0,,,1,,,,,,,,,,,,,
348,铃梦奇缘 洛娜,140347,,483,3,140347_2,1,140347_3,,,140347_1,,,,,,,,,-1,2,,999,喜欢我头上的蝴蝶结？不行不行，这个可不能送人！,2,,,,,999,skin348,180,60,60,220,120,120,,headicon,头像：解锁头像。,,bodyeffcet,身体特效：身上飘散着花瓣！,,footprint,行走足迹：走过的地方会留下花朵脚印。,,,,,,,,,,,dtxx_beijingtu121,0,,,,,,180,,,,,,,27230,,,,,,,,,,,,,,,,,,,,,,,,,,,,,,,,,1,"3,5,8,9,13,14,15,16,17,18,19",1.4|0,,,1,,,,,,,,,,,,,
349,蓝屿樱茶 拟梦,140348,,484,3,140348_2,1,140348_3,,,140348_1,,,,,,,,,-1,2,,999,花瓣纷飞甜香浮动，真想让时间静止在这一刻。,2,,,,,999,skin349,180,60,60,220,120,120,,headicon,头像：解锁头像。,,bodyeffcet,身体特效：身上飘散着花朵！,,footprint,行走足迹：走过的地方会留下糖果脚印。,,,,,,,,,,,dtxx_beijingtu122,0,,,,,,180,,,,,,,27231,,,,,,,,,,,,,,,,,,,,,,,,,,,,,,,,,1,"3,5,8,9,13,14,15,16,17,18,19",1.4|0,,,1,,,,,,,,,,,,,
350,伽蓝,140358,,485,3,140358_2,1,140358_3,,,140358_1,,,,,,,,,-1,2,,999,"昔日洞窟之中，一次穿越改命运。
误入王子之身，历遍苦痛与困顿。
历史禁区尘烟里，花间草色安闲中。
忽来即离几许时，返望过往奇妙梦。",2,,,,,999,skin350,180,60,60,220,120,120,,headicon,头像：解锁头像。,,bodyeffcet,身体特效：身上飘散着音符！,,,,,,,,,,,,,,dtxx_beijingtu124,0,,,,,,180,,,,,,,27232,,,,,,,,,,,,,,,,,,,,,,,,,22,lab_dresstheme_gyss,,,,,,,1,"3,5,8,9,13,14,15,16,17,18,19",1.4|0,,,1,,,,,,,,,,,,,
351,甜恬,140334,,486,3,140334_2,1,140334_3,,,140334_1,,,,,,,,,-1,2,,999,"三伏入夏无凉意，
绿皮红瓤甜砂沁。
果香浮来解暑气，
入齿冰凉肌体莹。",2,,,,,999,skin351,180,60,60,220,120,120,,headicon,头像：解锁头像。,,bodyeffcet,身体特效：身上飘散着西瓜！,,,,,,,,,,,,,,dtxx_beijingtu123,0,,,,,,180,,,,,,,27233,,,,,,,,,,,,,,,,,,,,,,,,,,,,,,,,,2,"3,5,8,9,13,14,15,16,17,18,19",1.4|0,,,1,,,,,,,,,,,,,
352,艾登,140352,,487,3,140352_2,1,140352_3,,,140352_1,,,,,,,,,-1,2,,999,"一个优秀的指挥官，可以命令士兵的行动，不可命令士兵的忠诚。
无惧生死，只争输赢。
反杀或追击，胜负在转瞬之间。",2,,,,,999,skin352,180,60,60,220,120,120,,headicon,头像：解锁头像。,,bodyeffcet,身体特效：身上飘散着光点！,,,,,,,,,,,,,,common_01,0,,,,,,180,,,,,,,27234,,,,,,,,,,,,,,,,,,,,,,,,,,,,,,,,,5,"3,5,8,9,13,14,15,16,17,18,19",1.2|0,,,1,,,,,,,,,,,,,
353,泰诺斯,140356,,488,3,140356_2,1,140356_3,,,140356_1,,,,,,,,,-1,2,,999,食肉类的霸王龙混血后代，外表威严，内心孤独。当有同伴读懂他的心声时，也会展现非常温柔的一面哦~,2,,,,,999,skin353,180,60,60,220,120,120,,headicon,头像：解锁头像。,,bodyeffcet,身体特效：身上飘散着烤肉的芳香！,,,,,,,,,,,,,,common_01,0,,,,,,180,,,,,,,27235,,,,,,,,,,,,,,,,,,,,,,,,,,,,,,,,,5,"3,5,8,9,13,14,15,16,17,18,19",1.4|0,,,1,,,,,,,,,,,,,
354,翠丝诺,140355,,489,3,140355_2,1,140355_3,,,140355_1,,,,,,,,,-1,2,,999,食草类的恐龙混血女孩，个性单纯柔弱，不喜争端，在同伴泰诺斯的鼓励下开始勇敢地争取自己想要的东西。,2,,,,,999,skin354,180,60,60,220,120,120,,headicon,头像：解锁头像。,,bodyeffcet,身体特效：身上飘散着绿叶！,,,,,,,,,,,,,,common_01,0,,,,,,180,,,,,,,27236,,,,,,,,,,,,,,,,,,,,,,,,,,,,,,,,,5,"3,5,8,9,13,14,15,16,17,18,19",1.4|0,,,1,,,,,,,,,,,,,
355,玄尉昼羽 炎瑞,140353,,490,3,140353_2,1,140353_3,,,140353_1,,,,,,,,,-1,2,,999,"阴风拂林咒语启，
沉睡封印终将醒。
听，玄尉夜啸。
洗尽苍生炎夏苦。",2,,,,,999,skin355,180,60,60,220,120,120,3,transfiguration,变身：游戏内可实现变身功能，点击左侧按钮预览！,,bodyeffcet,身体特效：身上飘散着枫叶，走过的地方留下面具脚印！,,genius,天赋：可以唤醒被封印的灵力，抵御冰伤害！,,headicon,头像框：获得后自动解锁动态头像框。,,,,,,,,dtxx_beijingtu125,0,,,,,1.5,180,,,,,,,27237,,,1_356,,356,,1,,,,,,,,,,,,,,,,,,,,,,,,2009001,,3,"3,5,8,9,13,14,15,16,17,18,19",1.2|-20,,,2,,,,,,,,,,,,,
356,枫狐赤夜 炎瑞,140354,,491,3,140354_2,1,140354_3,,,140354_1,,,,,,,,,-1,2,,999,"万里封侯饮冰露。
哀鸿一片，
冬野寒骨。
无非一念救苍生！",2,,,,,999,skin356,180,60,60,220,120,120,3,transfiguration,变身：游戏内可实现变身功能，点击左侧按钮预览！,,bodyeffcet,身体特效：身上飘散着枫叶，走过的地方留下面具脚印！,,genius,天赋：可以唤醒被封印的灵力，抵御冰伤害！,,headicon,头像框：获得后自动解锁动态头像框。,,,,,,,,dtxx_beijingtu125,0,,,,,1.5,180,,,,,,,27238,,,1_355,,355,,,,,,,,,,,,,,,,,,,,,,,,,,2009001,,3,"3,5,8,9,13,14,15,16,17,18,19",1.2|-20,,,2,,,,,,,,,,,,,
357,辛西娅,140359,,492,3,140359_2,1,140359_3,,,140359_1,,,,,,,,,-1,2,,999,使用月光魔法的星月指挥使，是新任的皇家典礼法师，当挥动手中镶着星月的权杖，她所吟诵的星月音符会环绕在礼裙的侧边。她来自域外之城，终日与星月为伴，云朵般的蓬松头发，是她甜美的象征。,2,,,,,999,skin357,180,60,60,220,120,120,,headicon,头像：解锁头像。,,bodyeffcet,身体特效：身上飘散着星光！,,,,,,,,,,,,,,dtxx_beijingtu127,0,,,,,,180,,,,,,,27239,,,,,,,,,,,,,,,,,,,,,,,,,,,,,,,,,4,"3,5,8,9,13,14,15,16,17,18,19",1.4|0,,,1,,,,,,,,,,,,,
358,斯科尔,140360,,493,3,140360_2,1,140360_3,,,140360_1,,,,,,,,,-1,2,,999,斯科尔一 直梦想前往宇宙探险。今天他终于实现了自己的梦想，他捡到了一艘飞船，他靠着高超的技术修好了飞船，接着，他立马驾驶着飞船飞向宇宙，冲破天际的一瞬间，他看到了星星，感受到美丽的光芒，这一切都使他兴奋不已。,2,,,,,999,skin358,180,60,60,220,120,120,,headicon,头像：解锁头像。,,bodyeffcet,身体特效：身上飘散着星星！,,,,,,,,,,,,,,dtxx_beijingtu128,0,,,,,,180,,,,,,,27240,,,,,,,,,,,,,,,,,,,,,,,,,,,,,,,,,1,"3,5,8,9,13,14,15,16,17,18,19",1.4|0,,,1,,,,,,,,,,,,,
359,斯嘉丽,140349,,494,3,140349_2,1,140349_3,,,140349_1,,,,,,,,,-1,2,,999,酷帅的阳光女孩，有着一头张扬热烈的章鱼形红发，在阳光下散发着令人目眩的光芒。她热爱探索这世上的每一种运动，尤其是滑板运动。她可以熟练丝滑地脚踩滑板，游走在不同的障碍物之间。她，就是整个街区最酷炫的滑板女孩。,2,,,,,999,skin359,180,60,60,220,120,120,,headicon,头像：解锁头像。,,bodyeffcet,身体特效：身上飘散着章鱼！,,,,,,,,,,,,,,dtxx_beijingtu129,0,,,,,,180,,,,,,,27241,,,,,,,,,,,,,,,,,,,,,,,,,,,,,,,,,4,"3,5,8,9,13,14,15,16,17,18,19",1.4|0,,,1,,,,,,,,,,,,,
360,菲欧娜,140357,,495,3,140357_2,1,140357_3,,,140357_1,,,,,,,,,-1,2,,999,在海边成长的菲欧娜阳光且自由，喜欢玩水枪，甜美的外表下却是一颗狂热的内心,2,,,,,999,skin360,180,60,60,220,120,120,,headicon,头像：解锁头像。,,bodyeffcet,身体特效：身上飘散着泡泡！,,,,,,,,,,,,,,common_01,0,,,,,,180,,,,,,,27242,,,,,,,,,,,,,,,,,,,,,,,,,,,,,,,,,5,"3,5,8,9,13,14,15,16,17,18,19",1.4|0,,,1,,,,,,,,,,,,,
361,邦妮,140361,,496,3,140361_2,1,140361_3,,,140361_1,,,,,,,,,-1,2,,999,美丽的外表下面，隐藏着危险，千万不要被迷惑哦。,2,,,,,999,skin361,180,60,60,220,120,120,,headicon,头像：解锁头像。,,bodyeffcet,身体特效：身上飘散着萝卜！,,,,,,,,,,,,,,common_01,0,,,,,,180,,,,,,,27243,,,,,,,,,,,,,,,,,,,,,,,,,,,,,,,,,5,"3,5,8,9,13,14,15,16,17,18,19",1.4|0,,,1,,,,,,,,,,,,,
362,版本过低,,,497,3,,,,,,,,,,,,,,,-1,2,,999,,2,,,,,999,skin362,180,60,60,220,120,120,,headicon,头像：解锁头像。,,,,,,,,,,,,,,,,,common_01,0,,,,,,180,,,,,,,27244,,,,,,,,,,,,,,,,,,,,,,,,,,,,,,,,,5,"3,5,8,9,13,14,15,16,17,18,19",1.4|0,,,1,,,,,,,,,,,,,
363,版本过低,,,498,3,,,,,,,,,,,,,,,-1,2,,999,,2,,,,,999,skin363,180,60,60,220,120,120,,headicon,头像：解锁头像。,,,,,,,,,,,,,,,,,common_01,0,,,,,,180,,,,,,,27245,,,,,,,,,,,,,,,,,,,,,,,,,,,,,,,,,5,"3,5,8,9,13,14,15,16,17,18,19",1.4|0,,,1,,,,,,,,,,,,,
364,版本过低,,,499,3,,,,,,,,,,,,,,,-1,2,,999,,2,,,,,999,skin364,180,60,60,220,120,120,,headicon,头像：解锁头像。,,,,,,,,,,,,,,,,,common_01,0,,,,,,180,,,,,,,27246,,,,,,,,,,,,,,,,,,,,,,,,,,,,,,,,,5,"3,5,8,9,13,14,15,16,17,18,19",1.4|0,,,1,,,,,,,,,,,,,
365,瑰色,140363,,500,3,140363_2,1,140363_3,,,140363_1,,,,,,,,,-1,2,,999,"暗夜之国的公主,周身总围绕着血液般鲜红的花瓣,玫瑰的汁液染红了她裙摆,她在月色中伴着花香忘情的起舞,拥有永生的神秘力量。",2,,,,,999,skin365,180,60,60,220,120,120,,headicon,头像：解锁头像。,,bodyeffcet,身体特效：身上飘散着玫瑰花！,,,,,,,,,,,,,,dtxx_beijingtu131,0,,,,,,180,,,,,,,27247,,,,,,,,,,,,,,,,,,,,,,,,,5,lab_dresstheme_seasons,,,,,,,3,"3,5,8,9,13,14,15,16,17,18,19",1.4|0,,,1,,,,,,,,,,,,,
366,瓦伦汀,140364,,501,3,140364_2,1,140364_3,,,140364_1,,,,,,,,,-1,2,,999,常年被恶魔操控心智的屠龙少年，为避免伤及无辜始终过着远离人烟、独来独往的生活。每当嗅到鲜血，他便无法控制体内的魔气，恢复神志后的他总懊恼至极，但伴随着成长逐渐战胜心魔，屠龙少年终成龙。,2,,,,,999,skin366,180,60,60,220,120,120,,headicon,头像：解锁头像。,,bodyeffcet,身体特效：身上飘散着羽毛！,,footprint,行走足迹：走过的地方会留下发亮光晕。,,,,,,,,,,,dtxx_beijingtu130,0,,,,,1.6,180,,,,,,,27248,,,,,,,,,,,,,,,,,,,,,,,,,,,,,,,,,3,"3,5,8,9,13,14,15,16,17,18,19",1.2|-30,,,1,,,,,,,,,,,,,
367,高比,140362,,502,3,140362_2,1,140362_3,,,140362_1,,,,,,,,,-1,2,,999,"一封神秘的心愿卡片,呼唤魔术师高比探索一个未知的神奇。为了能够进入那片浪漫神秘的新世界,高比开始了星辰大海的旅程。",2,,,,,999,skin367,180,60,60,220,120,120,,headicon,头像：解锁头像。,,bodyeffcet,身体特效：身上飘散着星光！,,,,,,,,,,,,,,common_01,0,,,,,1.6,180,,,,,,,27249,,,,,,,,,,,,,,,,,,,,,,,,,,,,,,,,,5,"3,5,8,9,13,14,15,16,17,18,19",1.4|0,,,1,,,,,,,,,,,,,
368,床单超人 小米,140343,,503,3,140343_2,1,140343_3,,,140343_1,,,,,,,,,-1,2,,999,穿上最爱的超级英雄制服，床单暂时充当帅气披风，惩恶扬善的床单超人小米即刻出动！,2,,,,,999,skin368,180,60,60,220,120,120,,headicon,头像：解锁头像。,,bodyeffcet,身体特效：身上飘散着星光！,,,,,,,,,,,,,,common_01,0,,,,,,180,,,,,,,27250,,,,,,,,,,,,,,,,,,,,,,,,,,,,,,,,,5,"3,5,8,9,13,14,15,16,17,18,19",1.4|0,,,1,,,,,,,,,,,,,
369,赤霄戎装 花木兰,140340,,504,3,140340_2,1,140340_3,,,140340_1,,,,,,,,,-1,2,,999,"银戈铁马，战鼓争鸣，马嘶人沸，刀光剑影。
在血肉横飞的战场上我从未害怕，只因我背负着家国，只在无数个深夜，孤独和思念才会随着泪珠从眼角滴落。",2,,,,,999,skin369,180,60,60,220,120,120,,bodyeffcet,特殊改变：游戏内可实现变身功能，改变造型和状态！,3,changeskin,变装：可切换闺中形态，点击左侧按钮预览。,4,soundplay,专属语音：地图内会播放专属语音，点击左侧按钮可试听！,,headicon,头像框：获得后自动解锁动态头像框。,,,,,,,,dtxx_beijingtu133,0,,,,,,180,,,,,,,27251,,,2_370,,370,,1,8,ent.369.show,45,4,,,,,,,,,,,,,,,,,,,,,,3,"3,5,8,9,13,14,15,16,17,18,19",1.4|0,,,1,,,,,,,,,,,,,
370,月锦渡梦 花木兰,140339,,505,3,140339_2,1,140339_3,,,140339_1,,,,,,,,,-1,2,,999,谁说女儿不如郎？花家的女儿，自然是巾帼不让须眉！坚韧的女子也许会走上比寻常女子更为艰辛的道路，但为了家国，一切都很值得,2,,,,,999,skin370,180,60,60,220,120,120,,bodyeffcet,特殊改变：游戏内可实现变身功能，改变造型和状态！,3,changeskin,变装：可切换军中形态，点击左侧按钮预览。,4,soundplay,专属语音：地图内会播放专属语音，点击左侧按钮可试听！,,headicon,头像框：获得后自动解锁动态头像框。,,,,,,,,dtxx_beijingtu132,0,,,,,,180,,,,,,,27252,,,2_369,,369,,,8,ent.370.show,45,4,,,,,,,,,,,,,,,,,,,,,,5,"3,5,8,9,13,14,15,16,17,18,19",1.4|0,,,1,,,,,,,,,,,,,
371,简小麦,140367,,506,3,140367_2,1,140367_3,,,140367_1,,,,,,,,,-1,2,,999,"甜点星球见习魔法师.比较擅长制作的碱水系面包，同时也是汉服爱好者,目前用咒语制作的食物品质还不稳定，时常会有意料之外的惊喜。",2,,,,,999,skin371,180,60,60,220,120,120,,headicon,头像：解锁头像。,,bodyeffcet,身体特效：身上飘散着碱水结！,,,,,,,,,,,,,,dtxx_beijingtu134,0,,,,,,180,,,,,,,27253,,,,,,,,,,,,,,,,,,,,,,,,,21,lab_dresstheme_rxyc,,,,,,,2,"3,5,8,9,13,14,15,16,17,18,19",1.4|0,,,1,,,,,,,,,,,,,
372,布拉斯特,140366,,507,3,140366_2,1,140366_3,,,140366_1,,,,,,,,,-1,2,,999,"百发百中击球手!
看好咯，这颗球你肯定喜欢!",2,,,,,999,skin372,180,60,60,220,120,120,,headicon,头像：解锁头像。,,bodyeffcet,身体特效：身上飘散着火焰！,,,,,,,,,,,,,,common_01,0,,,,,,180,,,,,,,27254,,,,,,,,,,,,,,,,,,,,,,,,,,,,,,,,,5,"3,5,8,9,13,14,15,16,17,18,19",1.4|0,,,1,,,,,,,,,,,,,
373,莎拉琳娜,140365,,508,3,140365_2,1,140365_3,,,140365_1,,,,,,,,,-1,2,,999,"弹无虚发投球手!
接好咯，这是我送你的礼物!",2,,,,,999,skin373,180,60,60,220,120,120,,headicon,头像：解锁头像。,,bodyeffcet,身体特效：头上会迸发出火花！,,,,,,,,,,,,,,common_01,0,,,,,,180,,,,,,,27255,,,,,,,,,,,,,,,,,,,,,,,,,,,,,,,,,5,"3,5,8,9,13,14,15,16,17,18,19",1.4|0,,,1,,,,,,,,,,,,,
374,甜心宝宝女孩,140368,,509,3,140368_2,1,140368_3,,,140368_1,,,,,,,,,-1,2,,999,甜心宝宝是珍奇的妹妹，总是帮姐姐的忙不过十有八九都会搞砸，可爱军团的创始成员，平时与苹果丽丽及醒目露露一起寻找自己的天赋，但她最大的心愿是能与姐姐一起快乐生活。,2,,,,,999,skin374,180,60,60,220,120,120,,headicon,头像：解锁头像。,,bodyeffcet,身体特效：身上飘散着音符！,,,,,,,,,,,,,,dtxx_beijingtu11,0,,,,icon_54,,180,,,,,,,27256,,,,,,,,,,,,,,,,,,,,,,,,,,,,,,,,,5,"3,5,8,9,13,14,15,16,17,18,19",1.4|0,,,1,,,,,,,,,,,,,
375,醒目露露女孩,140369,,510,3,140369_2,1,140369_3,,,140369_1,,,,,,,,,-1,2,,999,相比感性的故事，醒目露露更希望听到充满冒险的故事，她总是充满活力而又有些男孩子气。尽管她的飞行技能非常有限，她却能娴熟地使用自己的翅膀来帮助她推进飞板以及做出一系列高难度动作。,2,,,,,999,skin375,180,60,60,220,120,120,,headicon,头像：解锁头像。,,bodyeffcet,身体特效：身上飘散着光点！,,,,,,,,,,,,,,dtxx_beijingtu11,0,,,,icon_54,,180,,,,,,,27257,,,,,,,,,,,,,,,,,,,,,,,,,,,,,,,,,5,"3,5,8,9,13,14,15,16,17,18,19",1.4|0,,,1,,,,,,,,,,,,,
376,安琪儿,140350,,511,3,140350_2,1,140350_3,,,140350_1,,,,,,,,,-1,2,,999,"身上变异的羽翼让安琪儿不敢靠近人类群落，清醒的神志又让她无法与丧失理智的变异怪物为伍。
在野外奄奄一息之时，一名身体高度机械化的士兵将她救回人类最后的领地。被视为人类最后希望的她，也在士兵坚定的守护中找到了真正的自我。",2,,,,,999,skin376,180,60,60,220,120,120,,headicon,头像：解锁头像。,,bodyeffcet,身体特效：身上飘散着羽毛！,,,,,,,,,,,,,,dtxx_beijingtu135,0,,,,,,180,,,,,,,27258,,,,,,,,,,,,,,,,,,,,,,,,,,,,,,,,,5,"3,5,8,9,13,14,15,16,17,18,19",1.4|0,,,2,,,,,,,,,,,,,
377,冰晶公主 雪糯儿,140375,,512,3,140375_2,1,140375_3,,,140375_1,,,,,,,,,-1,2,,999,"皑雪冬赐，璇花漫舞。
快来看冬日精灵撒下来的小雪花~",2,,,,,999,skin377,180,60,60,220,120,120,,headicon,头像：解锁头像。,,bodyeffcet,特殊材质：服饰上点缀着炫彩冰晶！,1,changeicon,奇妙魔力：点击左侧变形按钮，可切换精灵状态！,,headicon,头像框：解锁装扮获得专属头像框！,,,,,,,,dtxx_beijingtu136,0,,1,4676,,,180,,,,,,,27259,,,,,,,,,,,,,,,,,,,,,,,,,20,lab_dresstheme_ygxl,,,,,,,5,"3,5,8,9,13,14,15,16,17,18,19",1.4|0,1,,2,,,,,,,,,,,,,
378,珊竺,140376,,513,3,140376_2,1,140376_3,,,140376_1,,,,,,,,,-1,2,,999,"圆滚滚，胖嘟嘟
紫红外衣雪白果肉，
酸甜交织沁入心扉，
这是大自然散发的清香。",2,,,,,999,skin378,180,60,60,220,120,120,,headicon,头像：解锁头像。,,bodyeffcet,身体特效：身上飘散着山竹花！,,,,,,,,,,,,,,dtxx_beijingtu137,0,,,,,,180,,,,,,,27260,,,,,,,,,,,,,,,,,,,,,,,,,,,,,,,,,5,"3,5,8,9,13,14,15,16,17,18,19",1.4|0,,,1,,,,,,,,,,,,,
379,喵萌厨,140385,,514,3,140385_2,1,140385_3,,,140385_1,,,,,,,,,-1,2,,999,"出身厨界名门的喵萌大厨只要现身就会让吃货们狂欢，他的名言是“所有鱼都在我手中，都能做成为美味的料理。”
",2,,,,,999,skin379,180,60,60,220,120,120,,headicon,头像：解锁头像。,,footprint,行走足迹：走过的地方留下猫咪脚印。,,,,,,,,,,,,,,common_01,0,,,,,,180,,,,,,,27261,,,,,,,,,,,,,,,,,,,,,,,,,,,,,,,,,5,"3,5,8,9,13,14,15,16,17,18,19",1.4|0,,,1,,,,,,,,,,,,,
380,极兽特工 楠妮,140380,,515,3,140380_2,1,140380_3,,,140380_1,,,,,,,,,-1,2,,999,出身山羊一族的医疗队精英，她的科技板能查看到一切需要治疗的特工，当出现异常情况就会即刻前往，通过喷射恢复溶液进行治疗。,2,,,,,999,skin380,180,60,60,220,120,120,,headicon,头像：解锁头像。,,bodyeffcet,身体特效：身上飘散着治愈能量！,,footprint,行走足迹：走过的地方留下叶子脚印。,,,,,,,,,,,,0,,,,,,180,,,,,,,27262,,,,,,,,,,,,,,,,,,,,,,,,,,,,,,,,,5,"3,5,8,9,13,14,15,16,17,18,19",1.4|0,,1,1,,,,,,,,,,,,,
381,森罗,140383,,516,3,140383_2,1,140383_3,,,140383_1,,,,,,,,,-1,2,,999,神秘的虚空使者，浩瀚无垠的宇宙有他的信仰，为此，他宁愿把自己献祭给黑暗。那荒芜的星球是他孤独的囚牢，却关不住他对世界的窥探。不要试图抓住他，因为你看到的，永远只是他的幻影。,2,,,,,999,skin381,180,60,60,220,120,120,,headicon,头像：解锁头像。,,bodyeffcet,身体特效：身上飘散着虚空能量！,,,,,,,,,,,,,,common_01,0,,,,,,180,,,,,,,27263,,,,,,,,,,,,,,,,,,,,,,,,,,,,,,,,,5,"3,5,8,9,13,14,15,16,17,18,19",1.4|0,,,1,,,,,,,,,,,,,
382,海外预留,,,517,3,,,,,,,,,,,,,,,-1,2,,999,,2,,,,,999,skin382,180,60,60,220,120,120,,headicon,头像：解锁头像。,,,,,,,,,,,,,,,,,common_01,0,,,,,,180,,,,,,,27264,,,,,,,,,,,,,,,,,,,,,,,,,,,,,,,,,5,"3,5,8,9,13,14,15,16,17,18,19",1.4|0,,,1,,,,,,,,,,,,,
383,海外预留,,,518,3,,,,,,,,,,,,,,,-1,2,,999,,2,,,,,999,skin383,180,60,60,220,120,120,,headicon,头像：解锁头像。,,,,,,,,,,,,,,,,,common_01,0,,,,,,180,,,,,,,27265,,,,,,,,,,,,,,,,,,,,,,,,,,,,,,,,,5,"3,5,8,9,13,14,15,16,17,18,19",1.4|0,,,1,,,,,,,,,,,,,
384,孪鱼星宫之主 伊希斯,140392,,519,3,140392_2,1,140392_3,,,140392_1,,,,,,,,,-1,2,,999,"水象的诗歌，是爱的传说。
星海的图腾，翻涌着灵魂呼喊。
古老的海洋守护者，是救赎者，也是牺牲者。",2,,,,,999,skin384,180,60,60,220,120,120,,headicon,头像：解锁头像。,,bodyeffcet,身体特效：身上飘散着双鱼座的能量！,,footprint,行走足迹：走过的地方留下蓝色印记。,,,,,,,,,,,dtxx_beijingtu138,0,,,,,,180,,,,,,,27266,,,,,,,,,,,,,,,,,,,,,,,,,,,,,,,,,5,"3,5,8,9,13,14,15,16,17,18,19",1.4|0,,,2,,,,,,,,,,,,,
385,孪鱼星宫之主 海伦娜,140391,,520,3,140391_2,1,140391_3,,,140391_1,,,,,,,,,-1,2,,999,"双鱼相生，是来自海的信使。
泪落大海，鱼儿在品尝悲伤。
浩渺星河，聆听鱼语的共舞。",2,,,,,999,skin385,180,60,60,220,120,120,,headicon,头像：解锁头像。,,bodyeffcet,身体特效：身上飘散着双鱼座的能量！,,footprint,行走足迹：走过的地方留下双鱼印记。,,,,,,,,,,,dtxx_beijingtu138,0,,,,,,180,,,,,,,27267,,,,,,,,,,,,,,,,,,,,,,,,,,,,,,,,,5,"3,5,8,9,13,14,15,16,17,18,19",1.4|0,,,2,,,,,,,,,,,,,
386,虚空守护 星莉奈,140381,,521,3,140381_2,1,140381_3,,,140381_1,,,,,,,,,-1,2,,999,"这虚空之夜，将重新洗牌。
时间轮回，梦魇攻城，邪恶之战，一触即发。
暗夜的幽影，我一击即逝。",2,,,,,999,skin386,180,60,60,220,120,120,,bodyeffcet,特殊改变：游戏内可实现变身功能，改变造型和状态！,3,changeskin,变装：可切换虚空黯影形态，点击左侧按钮预览。,1,changeicon,变形：点击左侧按钮，可幻化为兽形态。,,headicon,头像框：解锁装扮获得专属动态头像框！,,,,,,,,dtxx_beijingtu147,0,,1,4692,,,180,,,,,,,27268,,,2_387,,387,,1,,,,,,,,,,,,,,,,,,,,,,,,,,5,"3,5,8,9,13,14,15,16,17,18,19",1.4|0,1,1,1,,,,,,,,,,,,,
387,虚空黯影 星莉奈,140382,,522,3,140382_2,1,140382_3,,,140382_1,,,,,,,,,-1,2,,999,"星散夜幕，虚空灵力，缭绕掌中。
夜空中的石碑，低喃着复活咒语。
舞动的长发，是我的暗夜铠甲。",2,,,,,999,skin387,180,60,60,220,120,120,,bodyeffcet,特殊改变：游戏内可实现变身功能，改变造型和状态！,3,changeskin,变装：可切换虚空守护形态，点击左侧按钮预览。,1,changeicon,变形：点击左侧按钮，可幻化为兽形态。,,headicon,头像框：解锁装扮获得专属动态头像框！,,,,,,,,dtxx_beijingtu148,0,,1,4692,,,180,,,,,,,27269,,,2_386,,386,,,,,,,,,,,,,,,,,,,,,,,,,,,,5,"3,5,8,9,13,14,15,16,17,18,19",1.4|0,1,1,2,,,,,,,,,,,,,
388,锦绣百花,140393,,523,3,140393_2,1,140393_3,,,140393_1,,,,,,,,,-1,2,,999,"戏里宿命轮转，戏外固守河山
本帅百花公主，鼓棚起舞点将
——湘剧《百花记》百花公主联动装扮",2,,,,,999,skin388,180,60,60,220,120,120,,headicon,头像：解锁头像。,,bodyeffcet,身体特效：身上飘散着花朵！,,,,,,,,,,,,,,dtxx_beijingtu145,0,,,,,,180,,,"21,1","21,114,388,573",,,27270,,,,,,,,,,,,,,,,,,,,,,,,,,,,,,,,,5,"3,5,8,9,13,14,15,16,17,18,19",1.4|0,,,1,,,,,,,,,,,,,
389,龙瑜,140388,,524,3,140388_2,1,140388_3,,,140388_1,,,,,,,,,-1,2,,999,考的都会，蒙的都对，逢考必过，吉星高照~,2,,,,,999,skin389,180,60,60,220,120,120,,headicon,头像：解锁头像。,,bodyeffcet,身体特效：身上飘散着金币！,,,,,,,,,,,,,,dtxx_beijingtu144,0,,,,,,180,,,,,,,27271,,,,,,,,,,,,,,,,,,,,,,,,,21,lab_dresstheme_rxyc,,,,,,,5,"3,5,8,9,13,14,15,16,17,18,19",1.4|0,,,1,,,,,,,,,,,,,
390,鲤瑶,140389,,525,3,140389_2,1,140389_3,,,140389_1,,,,,,,,,-1,2,,999,谁说鱼只有七秒的记忆！哎呀，刚刚这个红包是谁给的来着？,2,,,,,999,skin390,180,60,60,220,120,120,,headicon,头像：解锁头像。,,bodyeffcet,身体特效：身上飘散着金色光点！,,footprint,行走足迹：走过的地方留下金鱼脚印。,,,,,,,,,,,dtxx_beijingtu144,0,,,,,,180,,,,,,,27272,,,,,,,,,,,,,,,,,,,,,,,,,21,lab_dresstheme_rxyc,,,,,,,5,"3,5,8,9,13,14,15,16,17,18,19",1.4|0,,,1,,,,,,,,,,,,,
391,喜羊羊,140372,,526,3,140372_2,1,140372_3,,,140372_1,,,,,,,,,-1,2,,999,机智勇敢、勤于思考的很可靠小羊，为了救出同伴，总是能想到各种千奇百怪的办法。就算遇到困难，也能乐观应对，是羊族里的小英雄。,2,,,,,999,skin391,180,60,60,220,120,120,,headicon,头像：解锁头像。,,bodyeffcet,身体特效：身上飘散着绿叶！,4,soundplay,专属语音：地图内会播放专属语音，点击左侧按钮可试听！,,headicon,头像框：获得后自动解锁头像框。,,,,,,,,dtxx_beijingtu139,0,,,,,,180,,,,,,,27273,,,,,,,,8,,,,,,,ent.391.die,110,ent.391.social,120,40,,,,,,,,,,,,,,5,"3,5,8,9,13,14,15,16,17,18,19",1.4|0,,,1,,,,,,,,,,,,,
392,懒羊羊,140371,,527,3,140371_2,1,140371_3,,,140371_1,,,,,,,,,-1,2,,999,虽然胆小怕事，但在小伙伴们有危险时也会挺身而出。珍惜粮食、对吃很执着，同时也贪吃，只要涉及到食物就会爆发出让人大吃一惊的潜能。,2,,,,,999,skin392,180,60,60,220,120,120,,headicon,头像：解锁头像。,,bodyeffcet,身体特效：身上飘散着绿叶！,4,soundplay,专属语音：地图内会播放专属语音，点击左侧按钮可试听！,,headicon,头像框：获得后自动解锁头像框。,,footprint,行走足迹：走过的地方留下懒羊羊专属脚印。,,,,,dtxx_beijingtu140,0,,,,,,180,,,,,,,27274,,,,,,,,8,,,,ent.392.idle,150,50,ent.392.die,110,ent.392.social,120,40,,,,,,,,,,,,,,5,"3,5,8,9,13,14,15,16,17,18,19",1.4|0,,,1,,,,,,,,,,,,,
393,灰太狼,140373,,528,3,140373_2,1,140373_3,,,140373_1,,,,,,,,,-1,2,,999,勤奋努力，坚持不懈、幽默、自信、一心一意、百折不挠、爱护老婆疼爱孩子、喜欢发明和创造，虽然经历过不下千次的失败，但他不会轻言放弃，尽管他不是狼族的榜样，却是儿子心目中的英雄，更是拯救羊村的无名英雄！,2,,,,,999,skin393,180,60,60,220,120,120,,headicon,头像：解锁头像。,,bodyeffcet,身体特效：身上飘散着绿叶！,4,soundplay,专属语音：地图内会播放专属语音，点击左侧按钮可试听！,,headicon,头像框：获得后自动解锁头像框。,,footprint,行走足迹：走过的地方留下灰太狼专属脚印。,,,,,dtxx_beijingtu141,0,,,,,,180,,,,,,,27275,,,,,,,,8,,,,ent.393.idle,150,50,ent.393.die,110,,,,,,,,,,,,,,,,,5,"3,5,8,9,13,14,15,16,17,18,19",1.4|0,,,1,,,,,,,,,,,,,
394,莓果甜心,140384,,529,3,140384_2,1,140384_3,,,140384_1,,,,,,,,,-1,2,,999,莓果甜心的真实身份是水果蛋糕精灵，但她总喜欢隐藏自己的天赋，只有在四下无人的时候才会偷偷在长椅上用魔法给自己变出一份香甜的蛋糕。,2,,,,,999,skin394,180,60,60,220,120,120,,headicon,头像：解锁头像。,,bodyeffcet,身体特效：身上飘散着莓果！,,,,,,,,,,,,,,dtxx_beijingtu142,0,,,,,,180,,,,,,,27276,,,,,,,,,,,,,,,,,,,,,,,,,,,,,,,,,5,"3,5,8,9,13,14,15,16,17,18,19",1.4|0,,,1,,,,,,,,,,,,,
395,圣云芷,140378,,530,3,140378_2,1,140378_3,,,140378_1,,,,,,,,,-1,2,,999,圣云芷是天界的使者，她的使命是传递爱与希望的信息，用她的力量治愈着人们的伤口，为人们带来温暖和光明。,2,,,,,999,skin395,180,60,60,220,120,120,,headicon,头像：解锁头像。,,bodyeffcet,身体特效：身上飘散着治愈能量！,,footprint,行走足迹：走过的地方留下爱心印记。,,,,,,,,,,,dtxx_beijingtu146,0,,,,,,180,,,,,,,27277,,,,,,,,,,,,,,,,,,,,,,,,,,,,,,,,,5,"3,5,8,9,13,14,15,16,17,18,19",1.4|0,,,1,,,,,,,,,,,,,
396,幻-猩红战机,140390,,531,3,140390_2,1,140390_3,,,140390_1,,,,,,,,,-1,2,,999,一款注重速度与火力的机械生命体，外观全身以猩红色为主，犹如一台高速行驶的猩红战机。四把能量光刃被集成在机身两侧，迅速切割敌人。,2,,,,,999,skin396,180,60,60,220,120,120,,headicon,头像：解锁头像。,,bodyeffcet,身体特效：浑身散发着火焰！,1,changeicon,变形：点击按钮变形成战机形态。,,,,,,,,,,,dtxx_beijingtu143,0,,1,4694,,,180,,,,,,,27278,,,,,,,,,,,,,,,,,,,,,,,,,,,,,,,,,5,"3,5,8,9,13,14,15,16,17,18,19",1.4|0,1,,1,,,,,,,,,,,,,
397,龙潮儿,140396,,532,3,140396_2,1,140396_3,,,140396_1,,,,,,,,,-1,2,,999,一个不一样的潮牌主理人，他带着梦想走南闯北，将机遇带给那些和他一样想走创新之路的人。,2,,,,,999,skin397,180,60,60,220,120,120,,headicon,头像：解锁头像。,,bodyeffcet,身体特效：身上飘散着金币！,,,,,,,,,,,,,,common_01,0,,,,,,180,,,,,,,27279,,,,,,,,,,,,,,,,,,,,,,,,,,,,,,,,,5,"3,5,8,9,13,14,15,16,17,18,19",1.4|0,,,1,,,,,,,,,,,,,
398,菲特,140394,,533,3,140394_2,1,140394_3,,,140394_1,,,,,,,,,-1,2,,999,来自于诺尔大陆刺客一族后裔，虚空侵袭出现后，作为领头人的父亲带着母亲前去剿灭怪物失踪了，为了寻找父母他离开了故乡，进入虚空之境。,2,,,,,999,skin398,180,60,60,220,120,120,,headicon,头像：解锁头像。,,bodyeffcet,身体特效：身上飘散着虚空能量！,,,,,,,,,,,,,,common_01,0,,,,,,180,,,,,,,27280,,,,,,,,,,,,,,,,,,,,,,,,,,,,,,,,,5,"3,5,8,9,13,14,15,16,17,18,19",1.4|0,,,1,,,,,,,,,,,,,
399,爱洛,140395,,534,3,140395_2,1,140395_3,,,140395_1,,,,,,,,,-1,2,,999,原本是诺尔大陆学校好学生、父母保护下的“小公主”，偶然觉醒了能够进入虚空之境的能力，并在菲特的指导下成为一名女刺客，与其一起狩猎虚空。,2,,,,,999,skin399,180,60,60,220,120,120,,headicon,头像：解锁头像。,,bodyeffcet,身体特效：身上飘散着虚空能量！,,,,,,,,,,,,,,common_01,0,,,,,,180,,,,,,,27281,,,,,,,,,,,,,,,,,,,,,,,,,,,,,,,,,5,"3,5,8,9,13,14,15,16,17,18,19",1.4|0,,,1,,,,,,,,,,,,,
400,灯瑶,140397,,535,3,140397_2,1,140397_3,,,140397_1,,,,,,,,,-1,2,,999,灯瑶，生于一个古朴的村落，她的祖辈都是村里的灯笼匠人，从小就跟随祖父学习制作灯笼的技艺。因此灯笼的制作技艺高超，擅长运用各种材料和工艺，创作别具一格的灯笼，她总是倾注全部心血，将情感融入其中，使得每一盏灯笼都仿佛有了生命。,2,,,,,999,skin400,180,60,60,220,120,120,,headicon,头像：解锁头像。,,bodyeffcet,身体特效：身上飘散着黄色花朵！,,,,,,,,,,,,,,dtxx_beijingtu149,0,,,,,,180,,,,,,,27282,,,,,,,,,,,,,,,,,,,,,,,,,,,,,,,,,5,"3,5,8,9,13,14,15,16,17,18,19",1.4|0,,,1,,,,,,,,,,,,,
401,星速,140399,,536,3,140399_2,1,140399_3,,,140399_1,,,,,,,,,-1,2,,999,星速是宇宙快递公司“星际速递”的一员，负责在各个星球之间传递包裹。他有着坚定的使命感，坚信自己的工作对维持宇宙的和谐与繁荣至关重要。他深知在宇宙中，每个星球都有其独特的环境和生态系统，因此他严格遵守公司的规章制度，以确保每个包裹都能安全、准时地送达。,2,,,,,999,skin401,180,60,60,220,120,120,,headicon,头像：解锁头像。,,footprint,行走足迹：走过的地方留下星际速递印记。,,,,,,,,,,,,,,dtxx_beijingtu150,0,,,,,,180,,,,,,,27283,,,,,,,,,,,,,,,,,,,,,,,,,,,,,,,,,5,"3,5,8,9,13,14,15,16,17,18,19",1.4|0,,,1,,,,,,,,,,,,,
402,澄团团,140400,,537,3,140400_2,1,140400_3,,,140400_1,,,,,,,,,-1,2,,999,澄团团像是一个敏感的小哭包，容易被外界的事物所触动，泪水总是说来就来。然而，她的泪水并不是软弱的象征，而是她真实情感的流露。澄团团非常善良，她对待每一个人都充满了真诚和关爱，虽然她有时会显得有些胆小，但她的勇气和坚韧总是在关键时刻展现出来！,2,,,,,999,skin402,180,60,60,220,120,120,,headicon,头像：解锁头像。,,footprint,行走足迹：走过的地方留下螃蟹脚印。,,,,,,,,,,,,,,common_01,0,,,,,,180,,,,,,,27284,,,,,,,,,,,,,,,,,,,,,,,,,,,,,,,,,5,"3,5,8,9,13,14,15,16,17,18,19",1.4|0,,,1,,,,,,,,,,,,,
403,墨语竹,140401,,538,3,140401_2,1,140401_3,,,140401_1,,,,,,,,,-1,2,,999,墨语竹是一位居住在水墨画中的仙女，她以竹为伴，以墨为友，过着与世隔绝的生活，她的画作笔触流畅、意境深远，能够将竹子的优雅和坚韧表现得淋漓尽致。,2,,,,,999,skin403,180,60,60,220,120,120,,headicon,头像：解锁头像。,,,,,,,,,,,,,,,,,common_01,0,,,,,,180,,,,,,,27285,,,,,,,,,,,,,,,,,,,,,,,,,22,lab_dresstheme_gyss,,,,,,,5,"3,5,8,9,13,14,15,16,17,18,19",1.4|0,,,1,,,,,,,,,,,,,
404,彗星,140398,,539,3,140398_2,1,140398_3,,,140398_1,,,,,,,,,-1,2,,999,彗星拥有卓越的驾驶技术和高超的星际导航能力，她的飞船总是能够迅速穿越星际空间，准确到达目的地。她还是一位优秀的机械师，能够熟练维修和保养各种太空飞船和机械设备。,2,,,,,999,skin404,180,60,60,220,120,120,,headicon,头像：解锁头像。,,bodyeffcet,身体特效：身上飘散着星光！,,,,,,,,,,,,,,dtxx_beijingtu152,0,,,,,,180,,,,,,,27286,,,,,,,,,,,,,,,,,,,,,,,,,,,,,,,,,5,"3,5,8,9,13,14,15,16,17,18,19",1.4|0,,,1,,,,,,,,,,,,,
405,红火金刚,140405,,540,3,140405_2,1,140405_3,,,140405_1,,,,,,,,,-1,2,,999,龙作为中国传统文化中的神兽，自古以来象征着力量与好运。跟随孩之宝特别打造的龙年限定金刚——【红火金刚】，披荆斩棘、英勇无畏，一起向龙年进发吧！,2,,,,,999,skin405,180,60,60,220,120,120,,headicon,头像：解锁头像。,,bodyeffcet,身体特效：周身飘散着火焰！,1,changeicon,变形：点击左侧变形按钮，可切换机器人/载具形态！,,footprint,行走足迹：走过的地方留下龙之印记。,,,,,,,,dtxx_beijingtu151,0,,1,4700,,,180,,,,,,,27287,,,,,,,,,,,,,,,,,,,,,,,,,,,,,,,,,5,"3,5,8,9,13,14,15,16,17,18,19",1.4|0,1,,1,,,,,,,,,,,,,
406,樱知意,140403,,541,3,140403_2,1,140403_3,,,140403_1,,,,,,,,,-1,2,,999,樱知意，一个带着樱花的柔美和纯洁的男孩。他相信，每一朵樱花都有着自己的故事，而他，便是那个愿意倾听这些故事的人。,2,,,,,999,skin406,180,60,60,220,120,120,,headicon,头像：解锁头像。,,footprint,行走足迹：走过的地方留下花朵脚印。,,,,,,,,,,,,,,common_01,0,,,,,,180,,,,,,,27288,,,,,,,,,,,,,,,,,,,,,,,,,,,,,,,,,5,"3,5,8,9,13,14,15,16,17,18,19",1.4|0,,,1,,,,,,,,,,,,,
407,春樱,140404,,542,3,140404_2,1,140404_3,,,140404_1,,,,,,,,,-1,2,,999,生活在一个被樱花环绕的美丽小镇，每年樱花盛开如诗如画，她也期盼在这花海中邂逅自己的命中注定。,2,,,,,999,skin407,180,60,60,220,120,120,,headicon,头像：解锁头像。,,footprint,行走足迹：走过的地方留下花朵脚印。,,,,,,,,,,,,,,common_01,0,,,,,,180,,,,,,,27289,,,,,,,,,,,,,,,,,,,,,,,,,,,,,,,,,5,"3,5,8,9,13,14,15,16,17,18,19",1.4|0,,,1,,,,,,,,,,,,,
408,弗雷,140406,,543,3,140406_2,1,140406_3,,,140406_1,,,,,,,,,-1,2,,999,弗雷是掌管阳光和丰收的神，他的存在让大地充满生机与活力，同时带领着伙伴们一起战斗，在战斗中他将不断成长，逐渐展现出他作为一位伟大神明的辉煌与荣耀。,2,,,,,999,skin408,180,60,60,220,120,120,,headicon,头像：解锁头像。,,bodyeffcet,身体特效：身上飘散着神圣符文！,,footprint,行走足迹：走过的地方留下太阳印记。,,,,,,,,,,,dtxx_beijingtu153,0,,,,,,180,,,,,,,27290,,,,,,,,,,,,,,,,,,,,,,,,,,,,,,,,,5,"3,5,8,9,13,14,15,16,17,18,19",1.4|0,,,1,,,,,,,,,,,,,
409,甜莓祥瑞 灵韵,140409,,544,3,140409_2,1,140409_3,,,140409_1,,,,,,,,,-1,2,,999,作为司掌杀伐、驱除妖邪的守护神，灵韵肩负着保护世间的重任，她以智慧和勇气为武器，以善良和正义为信念，守护着世间的和平与安宁。,2,,,,,999,skin409,180,60,60,220,120,120,,headicon,头像：解锁头像。,,bodyeffcet,身体特效：身上飘散着草莓！,,,,,,,,,,,,,,dtxx_beijingtu154,0,,,,,,180,,,,,,,27291,,,,,,,,,,,,,,,,,,,,,,,,,,,,,,,,,5,"3,5,8,9,13,14,15,16,17,18,19",1.4|0,,,1,,,,,,,,,,,,,
410,甜圈兔仙 月魄,140407,,545,3,140407_2,1,140407_3,,,140407_1,,,,,,,,,-1,2,,999,作为一位身怀绝技、家财万贯的兔子，月魄始终保持着对未知世界的好奇与探索，喜欢四处游历，寻找更多新奇有趣的事物。,2,,,,,999,skin410,180,60,60,220,120,120,,headicon,头像：解锁头像。,,bodyeffcet,身体特效：身上飘散着奶油芝士！,,,,,,,,,,,,,,dtxx_beijingtu155,0,,,,,,180,,,,,,,27292,,,,,,,,,,,,,,,,,,,,,,,,,,,,,,,,,5,"3,5,8,9,13,14,15,16,17,18,19",1.4|0,,,1,,,,,,,,,,,,,
411,海外预留,,,546,,,,,,,,,,,,,,,,-1,2,,999,,2,,,,,999,skin411,180,60,60,220,120,120,,headicon,头像：解锁头像。,,,,,,,,,,,,,,,,,common_01,0,,,,,,180,,,,,,,27293,,,,,,,,,,,,,,,,,,,,,,,,,,,,,,,,,5,"3,5,8,9,13,14,15,16,17,18,19",1.4|0,,,1,,,,,,,,,,,,,
412,海外预留,,,547,,,,,,,,,,,,,,,,-1,2,,999,,2,,,,,999,skin412,180,60,60,220,120,120,,headicon,头像：解锁头像。,,,,,,,,,,,,,,,,,common_01,0,,,,,,180,,,,,,,27294,,,,,,,,,,,,,,,,,,,,,,,,,,,,,,,,,5,"3,5,8,9,13,14,15,16,17,18,19",1.4|0,,,1,,,,,,,,,,,,,
413,海外预留,,,548,,,,,,,,,,,,,,,,-1,2,,999,,2,,,,,999,skin413,180,60,60,220,120,120,,headicon,头像：解锁头像。,,,,,,,,,,,,,,,,,common_01,0,,,,,,180,,,,,,,27295,,,,,,,,,,,,,,,,,,,,,,,,,,,,,,,,,5,"3,5,8,9,13,14,15,16,17,18,19",1.4|0,,,1,,,,,,,,,,,,,
414,海外预留,,,549,,,,,,,,,,,,,,,,-1,2,,999,,2,,,,,999,skin414,180,60,60,220,120,120,,headicon,头像：解锁头像。,,,,,,,,,,,,,,,,,common_01,0,,,,,,180,,,,,,,27296,,,,,,,,,,,,,,,,,,,,,,,,,,,,,,,,,5,"3,5,8,9,13,14,15,16,17,18,19",1.4|0,,,1,,,,,,,,,,,,,
415,海外预留,,,550,,,,,,,,,,,,,,,,-1,2,,999,,2,,,,,999,skin415,180,60,60,220,120,120,,headicon,头像：解锁头像。,,,,,,,,,,,,,,,,,common_01,0,,,,,,180,,,,,,,27297,,,,,,,,,,,,,,,,,,,,,,,,,,,,,,,,,5,"3,5,8,9,13,14,15,16,17,18,19",1.4|0,,,1,,,,,,,,,,,,,
416,海外预留,,,551,,,,,,,,,,,,,,,,-1,2,,999,,2,,,,,999,skin416,180,60,60,220,120,120,,headicon,头像：解锁头像。,,,,,,,,,,,,,,,,,common_01,0,,,,,,180,,,,,,,27298,,,,,,,,,,,,,,,,,,,,,,,,,,,,,,,,,5,"3,5,8,9,13,14,15,16,17,18,19",1.4|0,,,1,,,,,,,,,,,,,
417,碧霞龙尊 璇姬,140410,,552,3,140410_2,1,140410_3,,,140410_1,,,,,,,,,-1,2,,999,作为女帝，璇姬拥有着强大的龙族力量，她身披一件流光溢彩的龙裳，仿佛将万千星辰与龙鳞巧妙地融为一体，既彰显着龙族的荣耀，又散发着仙子般的飘逸与灵动。,2,,,,,999,skin417,180,60,60,220,120,120,,bodyeffcet,特殊改变：游戏内可实现变身功能，改变造型和状态！,3,changeskin,变装：可切换寒霜龙尊形态，点击左侧按钮预览。,4,soundplay,专属语音：地图内会播放专属语音，点击左侧按钮可试听！,,,,,,,,,,,dtxx_beijingtu158,0,,,,,,180,,,,,,,27299,,,2_418,,418,,,8,ent.417.show,45,4,,,,,,,,,,,,,,,,,,,,,,5,"3,5,8,9,13,14,15,16,17,18,19",1.4|0,,,1,,,,,,,,,,,,,
418,寒霜龙尊 璇姬,140411,,553,3,140411_2,1,140411_3,,,140411_1,,,,,,,,,-1,2,,999,与生俱来的威严与力量，让她能够操控风雨雷电，驾驭万水千山。她不仅守护着龙族的领地，还时常出现在人间，用她的力量与智慧帮助那些需要帮助的生灵。她的善举赢得了众多生灵的尊敬与爱戴，使得她在民众之中都享有极高的声望。,2,,,,,999,skin418,180,60,60,220,120,120,,bodyeffcet,特殊改变：游戏内可实现变身功能，改变造型和状态！,3,changeskin,变装：可切换碧霞龙尊形态，点击左侧按钮预览。,4,soundplay,专属语音：地图内会播放专属语音，点击左侧按钮可试听！,,,,,,,,,,,dtxx_beijingtu159,0,,,,,,180,,,,,,,27300,,,2_417,,417,,1,8,ent.418.show,45,4,,,,,,,,,,,,,,,,,,,,,,5,"3,5,8,9,13,14,15,16,17,18,19",1.4|0,,,2,,,,,,,,,,,,,
419,俏俏,140408,,554,3,140408_2,1,140408_3,,,140408_1,,,,,,,,,-1,2,,999,不要被她的外表所迷惑，俏俏可是个调皮捣蛋的小家伙，总是喜欢捉弄身边的人，给平静的世界带来一丝丝波澜。,2,,,,,999,skin419,180,60,60,220,120,120,,headicon,头像：解锁头像。,,footprint,行走足迹：走过的地方留下纽扣脚印。,,,,,,,,,,,,,,dtxx_beijingtu156,0,,,,,,180,,,,,,,27301,,,,,,,,,,,,,,,,,,,,,,,,,,,,,,,,,5,"3,5,8,9,13,14,15,16,17,18,19",1.4|0,,,1,,,,,,,,,,,,,
420,诺亚,140402,,555,3,140402_2,1,140402_3,,,140402_1,,,,,,,,,-1,2,,999,诺亚展现出了出色的战斗技巧与智慧。他能够灵活应对各种挑战，无论是面对强大的敌人还是复杂的关卡，他都能够游刃有余地解决。,2,,,,,999,skin420,180,60,60,220,120,120,,headicon,头像：解锁头像。,,bodyeffcet,身体特效：身上飘散着火焰！,,,,,,,,,,,,,,dtxx_beijingtu157,0,,,,,,180,,,,,,,27302,,,,,,,,,,,,,,,,,,,,,,,,,,,,,,,,,5,"3,5,8,9,13,14,15,16,17,18,19",1.4|0,,,1,,,,,,,,,,,,,
421,白虎勇士,140413,,556,3,140413_2,1,140413_3,,,140413_1,,,,,,,,,-1,2,,999,《变形金刚：超能勇士》白虎是个优秀的追踪者，由于整体编程受到野兽形态的影响，他拥有高超的捕猎本领，他的主要武器是类星体火炮。白虎的第二副战斗头盔具有高度抗冲击性，远程视觉功能可使他的视野更开阔。,2,,,,,999,skin421,180,60,60,220,120,120,,headicon,头像：解锁头像。,,bodyeffcet,身体特效：周身会散发出闪电！,1,changeicon,变形：点击按钮变形成兽形态。,,,,,,,,,,,dtxx_beijingtu160,0,,1,4708,icon_63,,180,,,,,,,27303,,,,,,,,,,,,,,,,,,,,,,,,,,,,,,,,,5,"3,5,8,9,13,14,15,16,17,18,19",1.4|0,1,,1,,,,,,,,,,,,,
422,黄豹勇士,140412,,557,3,140412_2,1,140412_3,,,140412_1,,,,,,,,,-1,2,,999,《变形金刚：超能勇士》黄豹在所有巨无霸里，拥有最快的地面速度。灵敏的他是极难击中的目标。他的类星体加农炮，可以发射出爆裂的爆炸性能量。从黄豹的梦境限时来看，他似乎还具有某些天生的预知能力。,2,,,,,999,skin422,180,60,60,220,120,120,,headicon,头像：解锁头像。,,bodyeffcet,身体特效：浑身散发着火焰！,1,changeicon,变形：点击按钮变形成兽形态。,,,,,,,,,,,dtxx_beijingtu161,0,,1,4710,icon_63,,180,,,,,,,27304,,,,,,,,,,,,,,,,,,,,,,,,,,,,,,,,,5,"3,5,8,9,13,14,15,16,17,18,19",1.4|0,1,,1,,,,,,,,,,,,,
423,远山黛,140417,,558,3,140417_2,1,140417_3,,,140417_1,,,,,,,,,-1,2,,999,远山黛宛若从古老画卷中走出的女子，她的眉宇间透露出一股超脱凡尘的气质，宛如山巅之上的孤松，傲然挺立，不受世俗纷扰，轻轻飘动间，仿佛带着山水的灵动与韵味。,2,,,,,999,skin423,180,60,60,220,120,120,,headicon,头像：解锁头像。,,,,2,acticon,互动：可与碧水青触发互动动作！,,,,,,,,,,,dtxx_beijingtu162,0,,,,,,180,,,,,,,27305,,37,,,,,,,,,,,,,,,,,,,,,,,22,lab_dresstheme_gyss,,,,,,,5,"3,5,8,9,13,14,15,16,17,18,19",1.4|0,,1,1,,,,,,,,,,,,,
424,星辰眠,140416,,559,3,140416_2,1,140416_3,,,140416_1,,,,,,,,,-1,2,,999,星辰眠喜欢静静地观察着周围的人，用他那敏锐的观察力捕捉每一个温馨而有趣的瞬间，他的存在，让睡衣派对多了一份神秘与浪漫。,2,,,,,999,skin424,180,60,60,220,120,120,,headicon,头像：解锁头像。,,bodyeffcet,身体特效：周身飘散着羽毛！,,,,,,,,,,,,,,common_01,0,,,,,,180,,,,,,,27306,,,,,,,,,,,,,,,,,,,,,,,,,,,,,,,,,5,"3,5,8,9,13,14,15,16,17,18,19",1.4|0,,,1,,,,,,,,,,,,,
425,月语梦,140415,,560,3,140415_2,1,140415_3,,,140415_1,,,,,,,,,-1,2,,999,月语梦喜欢与朋友们分享她的梦想和故事，她的每一个故事都如同月光般柔和，让人沉醉其中，她的存在，让睡衣派对多了一份温馨与美好。,2,,,,,999,skin425,180,60,60,220,120,120,,headicon,头像：解锁头像。,,bodyeffcet,身体特效：周身飘散着羽毛！,,,,,,,,,,,,,,common_01,0,,,,,,180,,,,,,,27307,,,,,,,,,,,,,,,,,,,,,,,,,,,,,,,,,5,"3,5,8,9,13,14,15,16,17,18,19",1.4|0,,,1,,,,,,,,,,,,,
426,花织,140414,,561,3,140414_2,1,140414_3,,,140414_1,,,,,,,,,-1,2,,999,乡间田园的纯真女孩，热爱大自然。她穿梭于花海，倾听鸟鸣，用画笔捕捉每一份美好。她的画作洋溢着生命与活力，让人仿佛置身于那片宁静而美丽的乡间。花织，如田野间的花朵，纯净而绚丽，为这世界增添了一抹亮色。,2,,,,,999,skin426,180,60,60,220,120,120,,headicon,头像：解锁头像。,,bodyeffcet,身体特效：身上飘散着花朵！,,headicon,心情框、背景：获得后自动解锁专属心情框和个人中心背景。,,footprint,行走足迹：走过的地方会留下花朵脚印。,,,,,,,,dtxx_beijingtu175,0,,,,,,180,,,,,,,27308,,,,,,,,,,,,,,,,,,,,,,,,,,,,,,,,,5,"3,5,8,9,13,14,15,16,17,18,19",1.4|0,,1,1,,,,,,,,,,,,,
427,甜厨魔法 艾甜,140420,,562,3,140420_2,1,140420_3,,,140420_1,,,,,,,,,-1,2,,999,艾甜精通甜品魔法，经营着一家甜品店。她制作的甜品不仅美味可口，更拥有神奇的魔力，每一口都能驱散忧愁，让顾客的心情瞬间变得明媚起来。然而，这位甜品魔法师偶尔也会犯些小迷糊，把店里搞得都是奶油，为店铺增添了几分俏皮。,2,,,,,999,skin427,180,60,60,220,120,120,,headicon,头像：解锁头像。,,bodyeffcet,身体特效：身上飘散着奶油！,,footprint,行走足迹：走过的地方会留下蝴蝶结脚印。,,,,,,,,,,,dtxx_beijingtu163,0,,,,,,180,,,,,,,27309,,,,,,,,,,,,,,,,,,,,,,,,,,,,,,,,,5,"3,5,8,9,13,14,15,16,17,18,19",1.4|0,,,1,,,,,,,,,,,,,
428,巧洁善戏 洁丽,140421,,563,3,140421_2,1,140421_3,,,140421_1,,,,,,,,,-1,2,,999,洁丽天性调皮，爱搞恶作剧，但收拾卫生的能力却无人能敌，经过她打理的房子总是洁净如新。每当艾甜把甜品店弄得奶油四溅时，她总会一边调侃对方，一边默默打扫店铺，展现出她刀子嘴豆腐心的可爱一面。,2,,,,,999,skin428,180,60,60,220,120,120,,headicon,头像：解锁头像。,,bodyeffcet,身体特效：身上飘散着星光！,,footprint,行走足迹：走过的地方会留下小恶魔脚印。,,,,,,,,,,,dtxx_beijingtu164,0,,,,,,180,,,,,,,27310,,,,,,,,,,,,,,,,,,,,,,,,,,,,,,,,,5,"3,5,8,9,13,14,15,16,17,18,19",1.4|0,,,1,,,,,,,,,,,,,
429,酷玩主义 酷维,140422,,564,3,140422_2,1,140422_3,,,140422_1,,,,,,,,,-1,2,,999,酷维外表看似带着些许顽皮与固执，实则是一位天性正直、充满个性的青年。他精通小提琴，热爱运动，穿搭前卫。他对未来充满信心，矢志成为小提琴大师，用音乐传递热情与梦想。,2,,,,,999,skin429,180,60,60,220,120,120,,headicon,头像：解锁头像。,,bodyeffcet,身体特效：身上飘散着音符！,,footprint,行走足迹：走过的地方留下音符印记。,,,,,,,,,,,dtxx_beijingtu165,0,,,,,,180,,,,,,,27311,,,,,,,,,,,,,,,,,,,,,,,,,,,,,,,,,5,"3,5,8,9,13,14,15,16,17,18,19",1.4|0,,,1,,,,,,,,,,,,,
430,宅系暖阳 布朗,140423,,565,3,140423_2,1,140423_3,,,140423_1,,,,,,,,,-1,2,,999,布朗总是身披那标志性的蓝色波点毛毯，犹如他的标志一样引人注目。他的日常生活，几乎都离不开那台心爱的笔记本，无论是网购还是观影，都让他乐在其中。无论外界如何变幻，那份对毛毯的执着始终如一，仿佛毛毯与他早已融为一体，不可分割。,2,,,,,999,skin430,180,60,60,220,120,120,,headicon,头像：解锁头像。,,bodyeffcet,身体特效：身上飘散着蓝色波点！,,,,,,,,,,,,,,dtxx_beijingtu166,0,,,,,,180,,,,,,,27312,,,,,,,,,,,,,,,,,,,,,,,,,,,,,,,,,5,"3,5,8,9,13,14,15,16,17,18,19",1.4|0,,,1,,,,,,,,,,,,,
431,篮途新秀 帕尔,140426,,566,3,140426_2,1,140426_3,,,140426_1,,,,,,,,,-1,2,,999,帕尔阳光四溢，每日活力满满，热爱运动。在各类运动项目中，篮球是他心中的首选，与朋友们的篮球赛更是他快乐的源泉。他怀揣着一个梦想，那就是成为一名出色的篮球运动员。,2,,,,,999,skin431,180,60,60,220,120,120,,headicon,头像：解锁头像。,,footprint,行走足迹：走过的地方留下篮球脚印。,,,,,,,,,,,,,,dtxx_beijingtu167,0,,,,,,180,,,,,,,27313,,,,,,,,,,,,,,,,,,,,,,,,,,,,,,,,,5,"3,5,8,9,13,14,15,16,17,18,19",1.4|0,,,1,,,,,,,,,,,,,
432,末日救赎 凌影,140429,,567,3,140429_2,1,140429_3,,,140429_1,,,,,,,,,-1,2,,999,为了挽救罹患绝症的妹妹，凌影做出了一个痛心疾首的决定——为妹妹注射了实验性的“糖果病毒”，妹妹的生命虽因此得以延续。然而这份希望的背后却伴随着沉重的代价：妹妹的记忆与理智逐渐消逝，一步步滑向未知的深渊，仿佛即将蜕变为失去自我的“糖果僵尸”。,2,,,,,999,skin432,180,60,60,220,120,120,,bodyeffcet,特殊改变：游戏内可实现变身功能，改变造型和状态！,3,changeskin,变装：可切换狂潮霸主形态，点击左侧按钮预览。,,headicon,心情框、背景：获得后自动解锁专属心情框和个人中心背景。,,headicon,头像框：解锁装扮获得专属动态头像框！,4,soundplay,专属语音：地图内会播放专属语音，点击左侧按钮可试听！,,,,,dtxx_beijingtu181,0,,,,,,180,,,,,,,27314,,,2_433,,433,,1,8,ent.432.show,45,4,,,,,,,,,,,,,,,,,,,,,,5,"3,5,8,9,13,14,15,16,17,18,19",1.4|0,,1,1,,,,,,,,,,,,,
433,狂潮霸主 凌影,140428,,568,3,140428_2,1,140428_3,,,140428_1,,,,,,,,,-1,2,,999,目睹至亲之人遭受如此折磨，凌影的心被无尽的痛苦填满。他立下重誓，誓要在妹妹彻底沉沦之前，不惜一切代价解救她。他深知唯有掌握超乎寻常的力量，方能在这绝望的深渊中开辟出一条生路，哪怕这意味着自己必须跨越人性的界限，踏上成为世人眼中“怪物”的征途。,2,,,,,999,skin433,180,60,60,220,120,120,,bodyeffcet,特殊改变：游戏内可实现变身功能，改变造型和状态！,3,changeskin,变装：可切换末日救赎形态，点击左侧按钮预览。,,headicon,心情框、背景：获得后自动解锁专属心情框和个人中心背景。,,headicon,头像框：解锁装扮获得专属动态头像框！,4,soundplay,专属语音：地图内会播放专属语音，点击左侧按钮可试听！,,,,,dtxx_beijingtu178,0,,,,,,180,,,,,,,27315,,,2_432,,432,,,8,ent.433.show,45,4,,,,,,,,,,,,,,,,,,,,,,5,"3,5,8,9,13,14,15,16,17,18,19",1.4|0,,1,1,,,,,,,,,,,,,
434,塔萨王,140424,,569,3,140424_2,1,140424_3,,,140424_1,,,,,,,,,-1,2,,999,糖果病毒爆发后为了保护家人擅自脱离部队成为逃兵，为失去家人而深深自责时遇到了害羞善良的女高中生夏提雅，暗暗发誓这一次一定要保护好重要的人。,2,,,,,999,skin434,180,60,60,220,120,120,,headicon,头像：解锁头像。,,footprint,行走足迹：走过的地方留下子弹脚印。,,,,,,,,,,,,,,common_01,0,,,,,,180,,,,,,,27316,,,,,,,,,,,,,,,,,,,,,,,,,,,,,,,,,5,"3,5,8,9,13,14,15,16,17,18,19",1.4|0,,,1,,,,,,,,,,,,,
435,夏提雅,140425,,570,3,140425_2,1,140425_3,,,140425_1,,,,,,,,,-1,2,,999,糖果病毒爆发后流离失所，遇到同样失去家人的塔萨王，把塔萨王当成可以依靠的大哥哥。,2,,,,,999,skin435,180,60,60,220,120,120,,headicon,头像：解锁头像。,,footprint,行走足迹：走过的地方留下子弹脚印。,,,,,,,,,,,,,,common_01,0,,,,,,180,,,,,,,27317,,,,,,,,,,,,,,,,,,,,,,,,,,,,,,,,,5,"3,5,8,9,13,14,15,16,17,18,19",1.4|0,,,1,,,,,,,,,,,,,
436,晨光钓者 晨曦,140432,,571,3,140432_2,1,140432_3,,,140432_1,,,,,,,,,-1,2,,999,晨曦是一位热爱自然、性格阳光开朗的男孩。他的笑容仿佛能驱散清晨的薄雾，为每一个遇见他的人带去温暖与活力。晨曦对垂钓有着近乎痴迷的热爱，每当第一缕阳光穿透云层，轻轻拂过湖面时，便是他踏上垂钓之旅的最佳时刻。,2,,,,,999,skin436,180,60,60,220,120,120,,headicon,头像：解锁头像。,,bodyeffcet,身体特效：身上飘散着鱼钩！,,,,,,,,,,,,,,dtxx_beijingtu171,0,,,,,,180,,,,,,,27318,,,,,,,,,,,,,,,,,,,,,,,,,,,,,,,,,5,"3,5,8,9,13,14,15,16,17,18,19",1.4|0,,,1,,,,,,,,,,,,,
437,残破萝莉 凌幽,140431,,572,3,140431_2,1,140431_3,,,140431_1,,,,,,,,,-1,2,,999,凌幽原本生活在一个幸福美满的家庭。可命运弄人，在病毒爆发后受到外因影响得了不治之症。哥哥为了救下即将死去的她，不得已给她注射了糖果病毒。在病毒的作用下，凌幽虽活了下来，但自我却逐渐迷失，灵魂逐渐残破。,2,,,,,999,skin437,180,60,60,220,120,120,,headicon,头像：解锁头像。,,bodyeffcet,身体特效：身上飘散着糖果！,,,,,,,,,,,,,dtxx_beijingtu174,,0,,,,,,180,,,,,,,27319,,,,,,,,,,,,,,,,,,,,,,,,,,,,,,,,,5,"3,5,8,9,13,14,15,16,17,18,19",1.4|0,,1,1,,,,,,,,,,,,,
438,幸存者 花野,140430,,573,3,140430_2,1,140430_3,,,140430_1,,,,,,,,,-1,2,,999,花野是一名天生拥有怪力、性格大大咧咧的机械修理工，但在病毒爆发后，逐渐变得沉默寡语，会定期为避难所修理器械。,2,,,,,999,skin438,180,60,60,220,120,120,,headicon,头像：解锁头像。,,bodyeffcet,身体特效：身上飘散着扳手！,,,,,,,,,,,,,dtxx_beijingtu176,common_01,0,,,,,,180,,,,,,,27320,,,,,,,,,,,,,,,,,,,,,,,,,,,,,,,,,5,"3,5,8,9,13,14,15,16,17,18,19",1.4|0,,,1,,,,,,,,,,,,,
439,天际巡航者,140427,,574,3,140427_2,1,140427_3,,,140427_1,,,,,,,,,-1,2,,999,传说中，“天际巡航者”曾在一次末日战争中利用量子导航系统和强大的能量护盾系统独自击退了入侵的怪物大军，保护了迷你世界所有星球的安全。自此以后，它成为了无数冒险家心目中的传奇与梦想。,2,,,,,999,skin439,180,60,60,220,120,120,,headicon,头像：解锁头像。,,bodyeffcet,身体特效：身上飘散着能量！,,,,,,,,,,,,,,common_01,0,,,,,,180,,,,,,,27321,,,,,,,,,,,,,,,,,,,,,,,,,,,,,,,,,5,"3,5,8,9,13,14,15,16,17,18,19",1.4|0,,,1,,,,,,,,,,,,,
440,幸存者 驰风,140435,,575,3,140435_2,1,140435_3,,,140435_1,,,,,,,,,-1,2,,999,驰风是一位滑板高手。在病毒爆发中不幸失去了一条腿。但此处事故并未击垮他，驰风安装了机械假肢，誓要重返滑板世界。在废弃的公园里，他偶遇了一只同样失去双腿的流浪小狗。此刻共鸣，驰风利用手头有限的简易材料，为小狗量身打造了一个小巧的轮架。当小狗勇敢地迈出第一步时，一人一狗之间的情谊就此建立。,2,,,,,999,skin440,180,60,60,220,120,120,,headicon,头像：解锁头像。,3,changeskin,变装：可切换日常形态，点击左侧按钮预览。,,bodyeffcet,身体特效：滑板带有光圈滚滚！,,,,,,,,,,,,0,,,,,,180,,,,,,,27322,,,2_441,,441,,,,,,,,,,,,,,,,,,,,,,,,,,,,5,"3,5,8,9,13,14,15,16,17,18,19",1.4|0,,1,1,,,,,,,,,,,,,
441,幸存者 驰风,140436,,576,3,140436_2,1,140436_3,,,140436_1,,,,,,,,,-1,2,,999,驰风是一位滑板高手。在病毒爆发中不幸失去了一条腿。但此处事故并未击垮他，驰风安装了机械假肢，誓要重返滑板世界。在废弃的公园里，他偶遇了一只同样失去双腿的流浪小狗。此刻共鸣，驰风利用手头有限的简易材料，为小狗量身打造了一个小巧的轮架。当小狗勇敢地迈出第一步时，一人一狗之间的情谊就此建立。,2,,,,,999,skin441,180,60,60,220,120,120,,headicon,头像：解锁头像。,3,changeskin,变装：可切换滑板形态，点击左侧按钮预览。,,bodyeffcet,身体特效：身上飘散着光点！,,,,,,,,,,,dtxx_beijingtu168,0,,,,,,180,,,,,,,27323,,,2_440,,440,,1,,,,,,,,,,,,,,,,,,,,,,,,,,5,"3,5,8,9,13,14,15,16,17,18,19",1.4|0,,,1,,,,,,,,,,,,,
442,月华书韵,140433,,577,3,140433_2,1,140433_3,,,140433_1,,,,,,,,,-1,2,,999,宛如月光下缓缓展开的书卷，散发着淡雅而神秘的气息。眼眸深邃，如同夜空中最亮的星辰，闪烁着柔情的光芒。发间隐约飘散着墨香与花香交织的淡雅气息，长发如瀑，轻轻垂落，每一根发丝都似乎在诉说着千年的故事。,2,,,,,999,skin442,180,60,60,220,120,120,,headicon,头像：解锁头像。,,bodyeffcet,身体特效：身上飘散着花朵！,,,,,,,,,,,,,,dtxx_beijingtu169,0,,,,,,180,,,"30,1","30,159,442",,,27324,,,,,,,,,,,,,,,,,,,,,,,,,,,,,,,,,5,"3,5,8,9,13,14,15,16,17,18,19",1.4|0,,,1,,,,,,,,,,,,,
443,泠泠,140434,,578,3,140434_2,1,140434_3,,,140434_1,,,,,,,,,-1,2,,999,泠泠早已习惯了独来独往的生活，冷酷的外表下是一颗孤独的内心，帽子上的黑熊是她唯一的倾诉对象,2,,,,,999,skin443,180,60,60,220,120,120,,headicon,头像：解锁头像。,,bodyeffcet,身体特效：身上飘散着卡牌！,,,,,,,,,,,,,,dtxx_beijingtu170,0,,,,,,180,,,,,,,27325,,,,,,,,,,,,,,,,,,,,,,,,,,,,,,,,,5,"3,5,8,9,13,14,15,16,17,18,19",1.4|0,,,1,,,,,,,,,,,,,
444,云鸢儿,140438,,579,3,140438_2,1,140438_3,,,140438_1,,,,,,,,,-1,2,,999,云鸢儿作为传统技艺纸鸢的忠实传承者，她不仅技艺精湛，更对这份文化怀有无比的热爱与敬畏。每当风起时，她总能巧妙地操控着手中的纸鸢，让它们在空中划出一道道绚丽的弧线，仿佛是她与世界对话的独特方式。,2,,,,,999,skin444,180,60,60,220,120,120,,headicon,头像：解锁头像。,,bodyeffcet,身体特效：身上飘散着祥云！,2,acticon,互动：可与白羽触发互动动作！,,headicon,背景：解锁装扮获得专属个人中心背景！,,,,,,,,140438,0,,,,,,180,,,,,,,27326,,39,,,,,,,,,,,,,,,,,,,,,,,,,,,,,,,5,"3,5,8,9,13,14,15,16,17,18,19",1.4|0,,,1,,,,,,,,,,,,,
445,白羽,140437,,580,3,140437_2,1,140437_3,,,140437_1,,,,,,,,,-1,2,,999,白羽，一个名字如同他性格般静谧而深邃的男子。他生性内向，不善言辞，却拥有一颗细腻敏感的心。他继承了家族制作传统鱼灯笼的手艺，每一盏灯笼都凝聚着他的心血与情感。然而，在他心中，最珍贵的并非那些精美的灯笼，而是为云鸢儿特别准备的烟花。,2,,,,,999,skin445,180,60,60,220,120,120,,headicon,头像：解锁头像。,,bodyeffcet,身体特效：身上飘散着祥云！,2,acticon,互动：可与云鸢儿触发互动动作！,,headicon,心情框：解锁装扮获得专属心情框！,,,,,,,,140437,0,,,,,,180,,,,,,,27327,,40,,,,,,,,,,,,,,,,,,,,,,,,,,,,,,,5,"3,5,8,9,13,14,15,16,17,18,19",1.4|0,,,1,,,,,,,,,,,,,
446,云小锦,140441,,581,3,140441_2,1,140441_3,,,140441_1,,,,,,,,,-1,2,,999,云小锦，这位俏皮灵动的烟花小精灵，天生对热闹场景情有独钟，总爱以它独有的方式加入欢庆的行列。每当众人欢聚一堂，共享喜悦之时，它便悄然降临，趁着欢声笑语中的片刻宁静，以一场绚烂而突如其来的烟花秀，给大家带来一个惊喜（也可能是惊吓哈哈哈哈哈！）,2,,,,,999,skin446,180,60,60,220,120,120,,headicon,头像：解锁头像。,,bodyeffcet,身体特效：头饰带有火焰！,,,,,,,,,,,,,,common_01,0,,,,,,180,,,,,,,27328,,,,,,,,,,,,,,,,,,,,,,,,,,,,,,,,,5,"3,5,8,9,13,14,15,16,17,18,19",1.4|0,,,1,,1,,,,,,,,,,,
447,瀚铭,140439,,582,3,140439_2,1,140439_3,,,140439_1,,,,,,,,,-1,2,,999,城的钓鱼大赛在迷你森林区举办，吸引大量人参赛和观赏。瀚铭的老师是著名的钓鱼高手，多次参赛却从未赢得过冠军。因为年事已高，他不能参赛，于是让瀚铭为他争取冠军。瀚铭下定决心要取得胜利。,2,,,,,999,skin447,180,60,60,220,120,120,,headicon,头像：解锁头像。,,bodyeffcet,身体特效：身上飘散着水花！,,,,,,,,,,,,,,common_01,0,,,,,,180,,,,,,,27329,,,,,,,,,,,,,,,,,,,,,,,,,,,,,,,,,5,"3,5,8,9,13,14,15,16,17,18,19",1.4|0,,,1,,,,,,,,,,,,,
448,雨薇,140440,,583,3,140440_2,1,140440_3,,,140440_1,,,,,,,,,-1,2,,999,雨薇擅长钓鱼，但是害羞胆小从未参赛，羡慕瀚铭哥哥，他鼓励她参赛，但她犹豫不决，直到妈妈送了小鱼挂件鼓励她，她才决定参赛。最终，她通过自己的努力和瀚铭哥哥的帮助获得成功，变得更加自信和勇敢。,2,,,,,999,skin448,180,60,60,220,120,120,,headicon,头像：解锁头像。,,bodyeffcet,身体特效：身上飘散着爱心！,,,,,,,,,,,,,,common_01,0,,,,,,180,,,,,,,27330,,,,,,,,,,,,,,,,,,,,,,,,,,,,,,,,,5,"3,5,8,9,13,14,15,16,17,18,19",1.4|0,,,1,,,,,,,,,,,,,
449,石灵,140447,,584,3,140447_2,1,140447_3,,,140447_1,,,,,,,,,-1,2,,999,石灵外表看似凶猛，实则内心平和温顺，对熔岩的炙烤无所畏惧。他性格直率，偶尔显得有些固执，但拥有着惊人的力量，力大无穷。因诞生于自然的缘故，对小草、小花以及小动物充满了喜爱与呵护之情。,2,,,,,999,skin449,180,60,60,220,120,120,,headicon,头像：解锁头像。,,bodyeffcet,身体特效：身上飘散着岩浆！,,,,,,,,,,,,,,,0,,,,,,180,,,,,,,27331,,,,,,,,,,,,,,,,,,,,,,,,,,,,,,,,,5,"3,5,8,9,13,14,15,16,17,18,19",1.4|0,,1,1,,1,death_140447,,,,,,,,,,
450,天琴心弦女孩,140446,,585,3,140446_2,1,140446_3,,,140446_1,,,,,,,,,-1,2,,999,蹦蹦跳跳的天琴心弦女孩是合唱团的一员，有一把象征友谊的金色里拉琴，是夹心糖果女孩的密友,2,,,,,999,skin450,180,60,60,220,120,120,,headicon,头像：解锁头像。,,bodyeffcet,身体特效：身上飘散着音符！,,,,,,,,,,,,,,dtxx_beijingtu11,0,,,,icon_54,,180,,,,,,,27332,,,,,,,,,,,,,,,,,,,,,,,,,,,,,,,,,5,"3,5,8,9,13,14,15,16,17,18,19",1.4|0,,,1,,,,,,,,,,,,,
451,夹心糖果女孩,140445,,586,3,140445_2,1,140445_3,,,140445_1,,,,,,,,,-1,2,,999,经营糖果店的夹心糖果女孩是天琴心弦女孩最好的朋友，谁又能想到她曾经是一名特工呢？,2,,,,,999,skin451,180,60,60,220,120,120,,headicon,头像：解锁头像。,,bodyeffcet,身体特效：身上飘散着糖果！,,,,,,,,,,,,,,dtxx_beijingtu11,0,,,,icon_54,,180,,,,,,,27333,,,,,,,,,,,,,,,,,,,,,,,,,,,,,,,,,5,"3,5,8,9,13,14,15,16,17,18,19",1.4|0,,,1,,,,,,,,,,,,,
452,霸哥,140442,,587,3,140442_2,1,140442_3,,,140442_1,,,,,,,,,-1,2,,999,"一般来说,霸哥不是受欢迎的存在。他身姿灵活,着一袭黑
衣隐匿于代码之间,让人找不到又捉不尽。他性格直接,每
回出现都让冒险家们无语。谁能想到,在《迷你世界》第一
个玩法出现时,他就幻化出了人形。那是2016年的3月,如今他也不知道什么时候才会消失。",2,,,,,999,skin452,180,60,60,220,120,120,,headicon,头像：解锁头像。,,,,,,,,,,,,,,,,,common_01,0,,,,,,180,,,,,,,27334,,,,,,,,,,,,,,,,,,,,,,,,,,,,,,,,,5,"3,5,8,9,13,14,15,16,17,18,19",1.4|0,,,1,,,,,,,,,,,,,
453,天蝎星宫之主 索菲娅,140449,,588,3,140449_2,1,140449_3,,,140449_1,,,,,,,,,-1,2,,999,索菲娅作为天蝎星宫之主，身负强大星辰之力。她神秘而独立，在夜幕下挥动宝石巨镰，无声守护着伙伴。背叛与欺骗，是她最深的忌讳，因此与人保持距离。但当困境降临，她决不会坐视不管，总为求助者提供指引，带领走出黑暗。,2,,,,,999,skin453,180,60,60,220,120,120,,headicon,头像：解锁头像。,,bodyeffcet,身体特效：身上飘散着星光！,,headicon,心情框、背景：获得后自动解锁专属心情框和个人中心背景。,4,soundplay,专属语音：地图内会播放专属语音，点击左侧按钮可试听！,,,,,,,,dtxx_beijingtu186,0,,,,,,180,,,,,,,27335,,,,,,,,8,ent.453.show,45,4,ent.453.idle,150,50,ent.453.die,110,ent.453.social,120,40,,,,,,,,,,,,,,5,"3,5,8,9,13,14,15,16,17,18,19",1.4|0,,1,1,,,,,,,,,,,,,
454,樱语奶油 蜜雅,140450,,589,3,140450_2,1,140450_3,,,140450_1,,,,,,,,,-1,2,,999,蜜雅是温婉典雅的甜品鉴赏大师，她如同春日里绽放的樱花，带着樱桃奶油蛋糕的甜美与温柔。持有一把精致的银叉勺，每一次品尝都仿佛在讲述一个关于甜蜜与幸福的故事。作为妹妹妮可的亲密姐姐，蜜雅总是以她的智慧和温柔，引导着妹妹一同探索甜品世界的奥秘。,2,,,,,999,skin454,180,60,60,220,120,120,,headicon,头像：解锁头像。,,bodyeffcet,身体特效：身上飘散着樱桃！,,,,,,,,,,,,,,dtxx_beijingtu172,0,,,,,,180,,,,,,,27336,,,,,,,,,,,,,,,,,,,,,,,,,,,,,,,,,5,"3,5,8,9,13,14,15,16,17,18,19",1.4|0,,,1,,,,,,,,,,,,,
455,巧遇威化 妮可,140451,,590,3,140451_2,1,140451_3,,,140451_1,,,,,,,,,-1,2,,999,妮可是蜜雅活泼可爱的妹妹，她如同夏日午后的巧克力威化蛋糕，带着一丝丝甜蜜与惊喜。她不仅和姐姐一样对甜品充满热爱，更有着自己独特的品味和创造力。总是拿着一把勺子，每当发现一款新的甜品时，她都会迫不及待地去尝试。作为姐姐的忠实追随者，妮可总是以她那天真无邪的笑容和无限的创意，为姐姐和整个甜品世界带来无尽的欢乐和惊喜。,2,,,,,999,skin455,180,60,60,220,120,120,,headicon,头像：解锁头像。,,bodyeffcet,身体特效：身上飘散着巧克力！,,,,,,,,,,,,,,dtxx_beijingtu172,0,,,,,,180,,,,,,,27337,,,,,,,,,,,,,,,,,,,,,,,,,,,,,,,,,5,"3,5,8,9,13,14,15,16,17,18,19",1.4|0,,,1,,,,,,,,,,,,,
456,自然舞者 游灵,140448,2,591,3,140448_2,1,140448_3,,,140448_1,,,,,,,,,-1,2,,999,游灵是大自然最为纯粹的产物，自世界初开之时便与这片大地共生共息。游灵拥有不可思议的能力，能够根据所处地形的温度变化，在森林的翠绿、冰川的蔚蓝、沙漠的金黄三种形态间自由切换，仿佛是大自然本身意志的化身，游走于世界的每一个角落。,2,,,,,999,skin456,180,60,60,220,120,120,,headicon,头像：解锁头像。,,bodyeffcet,特殊改变：游戏内随着环境温度自动改变形态！,3,changeskin,蔚蓝舞动：点击左侧形态切换按钮，可切换为蔚蓝形态,3,changeskin,金黄舞动：点击左侧形态切换按钮，可切换为金黄形态,4,soundplay,专属语音：地图内会播放专属语音，点击左侧按钮可试听！,,headicon,心情框、背景：获得后自动解锁专属心情框和个人中心背景。,dtxx_beijingtu188,456,0,,,,,,180,,,,,,,27338,,,"3_457,4_458",,,,1,8,ent.456.show,45,4,ent.456.idle,150,50,ent.456.die,110,ent.456.social,120,40,,,,,,,,,,,,,,5,"3,5,8,9,13,14,15,16,17,18,19",1.4|0,,,1,,1,,"attachment_model_02,attachment_model_01,attachment_model_03","attachment_model_02,attachment_model_01,attachment_model_03",,,,,,,,
457,自然舞者 游灵,140448,1,592,3,140448_2,1,140448_3,,,140448_1,,,,,,,,,-1,2,,999,游灵是大自然最为纯粹的产物，自世界初开之时便与这片大地共生共息。游灵拥有不可思议的能力，能够根据所处地形的温度变化，在森林的翠绿、冰川的蔚蓝、沙漠的金黄三种形态间自由切换，仿佛是大自然本身意志的化身，游走于世界的每一个角落。,2,,,,,999,skin457,180,60,60,220,120,120,,headicon,头像：解锁头像。,,bodyeffcet,特殊改变：游戏内随着环境温度自动改变形态！,3,changeskin,翠绿舞动：点击左侧形态切换按钮，可切换为翠绿形态,3,changeskin,金黄舞动：点击左侧形态切换按钮，可切换为金黄形态,4,soundplay,专属语音：地图内会播放专属语音，点击左侧按钮可试听！,,headicon,心情框、背景：获得后自动解锁专属心情框和个人中心背景。,dtxx_beijingtu189,457,0,,,,,,180,,,,,,,27339,,,"3_456,4_458",,,,1,8,ent.457.show,45,4,ent.457.idle,150,50,ent.457.die,110,ent.457.social,120,40,,,,,,,,,,,,,,5,"3,5,8,9,13,14,15,16,17,18,19",1.4|0,,,1,,1,,"attachment_model_03,attachment_model_02,attachment_model_01","attachment_model_03,attachment_model_02,attachment_model_01",,,,,,,,
458,自然舞者 游灵,140448,0,593,3,140448_2,1,140448_3,,,140448_1,,,,,,,,,-1,2,,999,游灵是大自然最为纯粹的产物，自世界初开之时便与这片大地共生共息。游灵拥有不可思议的能力，能够根据所处地形的温度变化，在森林的翠绿、冰川的蔚蓝、沙漠的金黄三种形态间自由切换，仿佛是大自然本身意志的化身，游走于世界的每一个角落。,2,,,,,999,skin458,180,60,60,220,120,120,,headicon,头像：解锁头像。,,bodyeffcet,特殊改变：游戏内随着环境温度自动改变形态！,3,changeskin,翠绿舞动：点击左侧形态切换按钮，可切换为翠绿形态,3,changeskin,蔚蓝舞动：点击左侧形态切换按钮，可切换为蔚蓝形态,4,soundplay,专属语音：地图内会播放专属语音，点击左侧按钮可试听！,,headicon,心情框、背景：获得后自动解锁专属心情框和个人中心背景。,,dtxx_beijingtu190,0,,,,,,180,,,,,,,27340,,,"3_456,4_457",,,,,8,ent.458.show,45,4,ent.458.idle,150,50,ent.458.die,110,ent.458.social,120,40,,,,,,,,,,,,,,5,"3,5,8,9,13,14,15,16,17,18,19",1.4|0,,1,1,,1,,"attachment_model_01,attachment_model_02,attachment_model_03","attachment_model_01,attachment_model_02,attachment_model_03",,,,,,,,
459,射手星宫之主 肯陶洛斯,140452,,594,3,140452_2,1,140452_3,,,140452_1,,,,,,,,,-1,2,,999,身为射手星宫之主的肯陶洛斯，拥有一柄星辰之力凝聚的长弓和可以穿越星际的箭矢。他游走于宇宙之间，寻找还在战火纷争中挣扎的星球，带去自由与和平。他勇敢无畏，总是在关键时刻射出他的神箭，为战争中的人们带来希望。,2,,,,,999,skin459,180,60,60,220,120,120,,headicon,头像：解锁头像。,1,changeicon,变形：点击按钮变形成昂扬姿态。,,headicon,心情框、背景：获得后自动解锁专属心情框和个人中心背景。,4,soundplay,专属语音：地图内会播放专属语音，点击左侧按钮可试听！,,,,,,,,dtxx_beijingtu184,0,,1,4726,,,180,,,,,,,27341,,,,,,,,8,ent.459.show,45,4,ent.459.idle,150,50,ent.459.die,110,ent.459.social,120,40,,,,,,,,,,,,,,5,"3,5,8,9,13,14,15,16,17,18,19",1.4|0,1,1,1,,,,,,,,,,,,,
460,擎天圣 金属变体形态,140444,,595,3,140444_2,1,140444_3,,,140444_1,,,,,,,,,-1,2,,999,《变形金刚:超能勇士》擎天圣原是一艘科研舰的船长，却意外踏上了英雄之路，被迫卷入一场他别无选择只能赢下的战斗。擎天圣天生具备领袖气质，他迅速适应战斗的节奏，勇敢迎接挑战。多年来，许多敌人领悟了一个教训：当他们逼迫擎天圣战斗时，实际上是在逼迫他赢得胜利！,2,,,,,999,skin460,180,60,60,220,120,120,,headicon,头像：解锁头像。,1,changeicon,变形：点击按钮变形成野兽形态。,,,,,skill,变形金刚专属技能：巨无霸出击!变形后点击使用键获得加速效果。,,footprint,行走足迹：走过的地方会留下阵营标志脚印。,,,,,140443,0,,1,4728,icon_63,,180,,,"344,1","344,460,461",,,27342,,,,,,,,,,,,,,,,,,,,,,,,,,,,,,,,,5,"3,5,8,9,13,14,15,16,17,18,19",1.4|0,0,,1,,,,,,,,,,,,,
461,擎天圣 圣天柱形态,140443,,596,3,140443_2,1,140443_3,,,140443_1,,,,,,,,,-1,2,,999,《变形金刚:超能勇士》为了拯救擎天柱，擎天圣将前辈的火种放入自己的体内，火种的无穷力量使擎天圣的身躯变得更大、更强，成为“圣天柱”。圣天柱拥有机器人、大猩猩、地面装甲突击车和超音速喷气机四种形态。圣天柱的力量远在所有巨无霸之上。,2,,,,,999,skin461,180,60,60,220,120,120,,headicon,头像：解锁头像。,1,changeicon,变形：拥有3个变形形态，可变形成野兽形态、地面形态、飞行形态。,,,,,skill,变形金刚专属技能：巨无霸出击!变形后点击使用键获得加速效果。,,footprint,行走足迹：走过的地方会留下阵营标志脚印。,,,,,140443,0,,1,4730|4732|4734,icon_63,,180,,,"344,1","344,460,461",,,27343,,,,,,,,,,,,,,,,,,,,,,,,,,,,,,,,,5,"3,5,8,9,13,14,15,16,17,18,19",1.4|0,0,,1,,,,,,,,,,,,,
462,威震天 霸王龙,140419,,597,3,140419_2,1,140419_3,,,140419_1,,,,,,,,,-1,2,,999,《变形金刚:超能勇士》威震天智力超群，是杰出的战略家。他擅长徒手格斗，常用自己巨大的身躯震慑敌人。他的猛兽形态是一头威猛强大的霸王龙，令人畏惧。,2,,,,,999,skin462,180,60,60,220,120,120,,headicon,头像：解锁头像。,1,changeicon,变形：点击按钮变形成野兽形态。,,footprint,行走足迹：走过的地方会留下阵营标志脚印。,,,,,,,,,,,140419,0,,1,4740,icon_64,,180,,,,"462,463,464",,,27344,,,,,,,,,,,,,,,,,,,,,,,,,,,,,,,,,5,"3,5,8,9,13,14,15,16,17,18,19",1.4|0,1,,1,,,,,,attachment_model_02,,,,,,,
463,威震天 金属变体形态,140418,,598,3,140418_2,1,140418_3,,,140418_1,,,,,,,,,-1,2,,999,《变形金刚:超能勇士》量子风暴袭击了地球，它将一些变形金刚重新格式化进化成金属变体形态，威震天也在其中。他的野兽形态依旧是霸王龙，但是增加了更多的机械结构。,2,,,,,999,skin463,180,60,60,220,120,120,,headicon,头像：解锁头像。,1,changeicon,变形：点击按钮变形成野兽形态。,,,,,skill,变形金刚专属技能：原始兽出击!变形后点击使用键发射能量弹。,,footprint,行走足迹：走过的地方会留下阵营标志脚印。,,,,,140419,0,,1,4736,icon_64,,180,,,"462,1","462,463,464",,,27345,,,,,,,,,,,,,,,,,,,,,,,,,,,,,,,,,5,"3,5,8,9,13,14,15,16,17,18,19",1.4|0,0,,1,,,,,,attachment_model_02,,,,,,,
464,威震天 火龙形态,140454,,599,3,140454_2,1,140454_3,,,140454_1,,,,,,,,,-1,2,,999,《变形金刚:超能勇士》当威震天看到擎天圣和擎天柱的火种融合，生成了更加强大的形态后，不甘示弱的他摄取了初代霸天虎首脑威震天的火种，并将它纳入自己体内，从而催生了二次金属变体形态：火龙形态,2,,,,,999,skin464,180,60,60,220,120,120,,headicon,头像：解锁头像。,,bodyeffcet,身体特效：身上飘散着火焰！,1,changeicon,变形：点击按钮变形成野兽形态。,,,,,skill,变形金刚专属技能：原始兽出击!变形后点击使用键喷射火焰。,,footprint,行走足迹：走过的地方会留下阵营标志脚印。,,140419,0,,1,4738,icon_64,,180,,,"462,1","462,463,464",,,27346,,,,,,,,,,,,,,,,,,,,,,,,,,,,,,,,,5,"3,5,8,9,13,14,15,16,17,18,19",1.4|0,0,,1,,,,,,,,,,,,,
465,金樱子,140459,,600,3,140459_2,1,140459_3,,,140459_1,,,,,,,,,-1,2,,999,活泼的灵蛇小女孩，喜欢金箔也喜欢红包！希望能通过红包给周围的小伙伴带来满满的财运,2,,,,,999,skin465,180,60,60,220,120,120,,headicon,头像：解锁头像。,,bodyeffcet,身体特效：身上飘散着红包！,,,,,,,,,,,,,,common_01,0,,,,,,180,,,,,,,27347,,,,,,,,,,,,,,,,,,,,,,,,,,,,,,,,,5,"3,5,8,9,13,14,15,16,17,18,19",1.4|0,,,1,,,,,,,,,,,,,
466,幻-灵刃白虎,140461,,601,3,140461_2,1,140461_3,,,140461_1,,,,,,,,,-1,2,,999,作为幻系列的前锋，灵刃专为复杂多变的前线战斗设计，能够在密集火力网中穿梭，直取敌将首级。其强大的近战能力和灵活的战斗风格，使其成为突破防线、执行侦查任务的首选。,2,,,,,999,skin466,180,60,60,220,120,120,,headicon,头像：解锁头像。,3,changeskin,形态切换：点击左侧形态切换按钮，可切换战斗形态。,,,,,,,,,,,,,,dtxx_beijingtu179,0,,,,,,180,,,,,,,27348,,,2_476,,476,,,,,,,,,,,,,,,,,,,,,,,,,,,,5,"3,5,8,9,13,14,15,16,17,18,19",1.4|0,,1,1,,,,,,,,,,,,,
467,绒儿,140460,,602,3,140460_2,1,140460_3,,,140460_1,,,,,,,,,-1,2,,999,绒儿对雪狐有着近乎痴迷的喜爱。在她看来，雪狐不仅是森林中的精灵，更是勇敢与智慧的象征。因此，她不仅收集了关于雪狐的各种书籍、图片和玩具，还特制了一个小巧精致的雪狐小挎包作为日常陪伴！,2,,,,,999,skin467,180,60,60,220,120,120,,headicon,头像：解锁头像。,,bodyeffcet,身体特效：身上飘散着狐狸爪印！,,,,,,,,,,,,,,common_01,0,,,,,,180,,,,,,,27349,,,,,,,,,,,,,,,,,,,,,,,,,,,,,,,,,5,"3,5,8,9,13,14,15,16,17,18,19",1.4|0,,,1,,,,,,,,,,,,,
468,福宝,140457,,603,3,140457_2,1,140457_3,,,140457_1,,,,,,,,,-1,2,,999,掌管赐福的见习小神仙，喜欢出没于春节前后，会给写好的春联、福字等年物加上祝福的力量，期望能给所有善良温暖的人，带来一整年的好运。,2,,,,,999,skin468,180,60,60,220,120,120,,headicon,头像：解锁头像。,,bodyeffcet,身体特效：身上飘散着窗花！,,,,,,,,,,,,,,common_01,0,,,,,,180,,,,,,,27350,,,,,,,,,,,,,,,,,,,,,,,,,,,,,,,,,5,"3,5,8,9,13,14,15,16,17,18,19",1.4|0,,,1,,,,,,,,,,,,,
469,灵动翠影 青灵,140455,,604,3,140455_2,1,140455_3,,,140455_1,,,,,,,,,-1,2,,999,青灵，其原型乃是一条蕴含着自然之灵的青蛇。她身披一袭璀璨夺目的翠绿色鳞衣，这身华美的外衣在阳光或月光的照耀下，会散发出柔和而神秘的光芒。与姐姐白珍的关系，是青灵生命中最为珍贵的部分。在她眼中，姐姐白珍智慧、勇敢、温柔，是她努力想要追赶并成为其得力助手的对象。,2,,,,,999,skin469,180,60,60,220,120,120,,headicon,头像：解锁头像。,,bodyeffcet,身体特效：身上飘散着光点！,4,soundplay,专属语音：地图内会播放专属语音，点击左侧按钮可试听！,,headicon,心情框、头像框：解锁装扮获得专属心情框和头像框！,,,,,,,,dtxx_beijingtu183,0,,,,,,180,,,,,,,27351,,,,,,,,8,ent.469.show,45,4,ent.469.idle,150,50,ent.469.die,110,ent.469.social,120,40,,,,,,,,,,,,,,5,"3,5,8,9,13,14,15,16,17,18,19",1.4|0,,1,1,,,,,,,,,,,,,
470,琉璃梦影 白珍,140456,,605,3,140456_2,1,140456_3,,,140456_1,,,,,,,,,-1,2,,999,白珍，其原型乃是一条蕴含着自然之灵的白蛇。她身姿优雅，体态轻盈，温文尔雅。与妹妹青灵的关系，是白珍生命中最为珍贵的纽带。她视青灵为自己的心头肉，用尽心力去呵护与培养。,2,,,,,999,skin470,180,60,60,220,120,120,,headicon,头像：解锁头像。,,bodyeffcet,身体特效：身上飘散着光点！,4,soundplay,专属语音：地图内会播放专属语音，点击左侧按钮可试听！,,headicon,背景、头像框：解锁装扮获得专属个人中心背景和头像框！,,,,,,,,dtxx_beijingtu182,0,,,,,,180,,,,,,,27352,,,,,,,,8,ent.470.show,45,4,ent.470.idle,150,50,ent.470.die,110,ent.470.social,120,40,,,,,,,,,,,,,,5,"3,5,8,9,13,14,15,16,17,18,19",1.4|0,,1,1,,,,,,,,,,,,,
471,宝儿,140458,,606,3,140458_2,1,140458_3,,,140458_1,,,,,,,,,-1,2,,999,在每年的元宵之夜，宝儿便会穿梭在大街小巷，为人们带来好运与祝福，与大家一同沉浸在这团圆、喜庆的节日之中，用自己独特的能力驱赶一切不祥和阴霾，让元宵的灯火永远明亮，让人们的笑容永远灿烂。,2,,,,,999,skin471,180,60,60,220,120,120,,headicon,头像：解锁头像。,,bodyeffcet,身体特效：身上飘散着花朵！,,,,,,,,,,,,,,common_01,0,,,,,,180,,,,,,,27353,,,,,,,,,,,,,,,,,,,,,,,,,,,,,,,,,5,"3,5,8,9,13,14,15,16,17,18,19",1.4|0,,,1,,,,,,,,,,,,,
472,守护熊,140453,,607,3,140453_2,1,140453_3,,,140453_1,,,,,,,,,-1,2,,999,它曾是俏俏的玩具熊，后来在俏俏的剪刀魔法之下获得了生机，它默默许下承诺要永远陪伴在俏俏身边，守护全世界最好的俏俏。,2,,,,,999,skin472,180,60,60,220,120,120,,headicon,头像：解锁头像。,,bodyeffcet,身体特效：身上飘散着爱心！,,,,,,,,,,,,,,common_01,0,,,,,,180,,,,,,,27354,,,,,,,,,,,,,,,,,,,,,,,,,,,,,,,,,5,"3,5,8,9,13,14,15,16,17,18,19",1.4|0,,,1,,,,,,,,,,,,,
473,呆萌奶龙,140462,,608,3,140462_2,1,140462_3,,,140462_1,,,,,,,,,-1,2,,999,我是奶龙！我是奶龙！我的大肚肚，真的很酷酷！,2,,,,,999,skin473,180,60,60,220,120,120,,headicon,头像：解锁头像。,4,soundplay,专属语音：地图内会播放专属语音，点击左侧按钮可试听！,,,,,,,,,,,,,,common_01,0,,,,,,180,,,,,,,27355,,,,,,,,8,ent.473.show,45,4,,,,,,ent.473.social,120,40,,,,,,,,,,,,,,5,"3,5,8,9,13,14,15,16,17,18,19",1.4|0,,,1,,,,,,,,,,,,,
474,发财官奶龙,140463,,609,3,140463_2,1,140463_3,,,140463_1,,,,,,,,,-1,2,,999,呆萌可爱的奶龙，换上了华丽的财神装扮，瞬间化身为传递吉祥与富贵的使者，与我们一同开启一段充满喜悦与收获的旅程！,2,,,,,999,skin474,180,60,60,220,120,120,,headicon,头像：解锁头像。,,bodyeffcet,身体特效：身上飘散着金元宝！,4,soundplay,专属语音：地图内会播放专属语音，点击左侧按钮可试听！,,,,,,,,,,,common_01,0,,,,,,180,,,,,,,27356,,,,,,,,8,ent.474.show,45,4,ent.474.idle,150,50,,,ent.474.social,120,40,,,,,,,,,,,,,,5,"3,5,8,9,13,14,15,16,17,18,19",1.4|0,,,1,,,,,,,,,,,,,
475,花袄奶龙,140464,,610,3,140464_2,1,140464_3,,,140464_1,,,,,,,,,-1,2,,999,换上花袄造型的奶龙，摇摆着身体，用它那温暖的笑容和无尽的活力，将自己的热情与好运传递给每一个人，让寒冷的冬日也充满温馨与喜悦。,2,,,,,999,skin475,180,60,60,220,120,120,,headicon,头像：解锁头像。,,bodyeffcet,身体特效：身上飘散着花朵！,4,soundplay,专属语音：地图内会播放专属语音，点击左侧按钮可试听！,,,,,,,,,,,common_01,0,,,,,,180,,,,,,,27357,,,,,,,,8,ent.475.show,45,4,ent.475.idle,150,50,,,ent.475.social,120,40,,,,,,,,,,,,,,5,"3,5,8,9,13,14,15,16,17,18,19",1.4|0,,,1,,,,,,,,,,,,,
476,幻-灵刃白虎,140465,,601,3,140465_2,1,140465_3,,,140465_1,,,,,,,,,-1,2,,999,作为幻系列的前锋，灵刃专为复杂多变的前线战斗设计，能够在密集火力网中穿梭，直取敌将首级。其强大的近战能力和灵活的战斗风格，使其成为突破防线、执行侦查任务的首选。,2,,,,,999,skin466,180,60,60,220,120,120,,headicon,头像：解锁头像。,3,changeskin,形态切换：点击左侧形态切换按钮，可切换日常形态。,,,,,,,,,,,,,,,0,,,,,,180,,,,,,,27358,,,2_466,,466,,1,,,,,,,,,,,,,,,,,,,,,,,,,,5,"3,5,8,9,13,14,15,16,17,18,19",1.4|0,,1,1,,,,,,,,,,,,,
477,暮夜 竹茵,140306,,612,3,140306_2,1,140306_3,,,140306_1,,,,,,,,,-1,2,,999,"摇滚乐队的主唱竹茵有两种截然不同的表演风格：温柔清冷如微风抚竹叶，或者激烈狂气如暴雨中狂舞的竹影。
身体里寄宿着两个灵魂的事情，可不能让别人知道！",2,,,,,999,skin477,180,60,60,220,120,120,,headicon,头像：解锁头像。,,bodyeffcet,身体特效：身上飘散着星光！,3,changeskin,狂舞竹影：点击左侧形态切换按钮，可切换为清冷竹叶状态！,,,,,,,,,,,dtxx_beijingtu173,0,,,,,,180,,,,,,,27359,,,3_478,,478,,,,,,,,,,,,,,,,,,,,,,,,,,,,5,"3,5,8,9,13,14,15,16,17,18,19",1.4|0,,,1,,,,,,,,,,,,,
478,曦晨 竹茵,140307,,613,3,140307_2,1,140307_3,,,140307_1,,,,,,,,,-1,2,,999,"摇滚乐队的主唱竹茵有两种截然不同的表演风格：温柔清冷如微风抚竹叶，或者激烈狂气如暴雨中狂舞的竹影。
身体里寄宿着两个灵魂的事情，可不能让别人知道！",2,,,,,999,skin478,180,60,60,220,120,120,,headicon,头像：解锁头像。,,bodyeffcet,身体特效：身上飘散着星光！,3,changeskin,清冷竹叶：点击左侧形态切换按钮，可切换为狂舞竹影形态！,,,,,,,,,,,dtxx_beijingtu173,0,,,,,,180,,,,,,,27360,,,3_477,,477,,1,,,,,,,,,,,,,,,,,,,,,,,,,,5,"3,5,8,9,13,14,15,16,17,18,19",1.4|0,,,1,,,,,,,,,,,,,
479,弗拉明戈,140469,,614,3,140469_2,1,140469_3,,,140469_1,,,,,,,,,-1,2,,999,在动物园的梦幻剧场，弗拉明戈身着鲜艳火烈鸟羽毛装，正用她曼妙的舞姿吸引着所有观众的目光，以优雅的舞姿讲述着自然的故事。,2,,,,,999,skin479,180,60,60,220,120,120,,headicon,头像：解锁头像。,,bodyeffcet,身体特效：身上飘散着羽毛！,,,,,,,,,,,,,,common_01,0,,,,,,180,,,,,,,27361,,,,,,,,,,,,,,,,,,,,,,,,,,,,,,,,,5,"3,5,8,9,13,14,15,16,17,18,19",1.4|0,,,1,,,,,,,,,,,,,
480,卡皮·巴拉,140467,,615,3,140467_2,1,140467_3,,,140467_1,,,,,,,,,-1,2,,999,卡皮·巴拉是动物园的明星人偶，大家总是被他呆萌的模样吸引，总是成为人群中的焦点，如果你迷路了恰好看到他，千万不要错过，他会为你指明方向哟！,2,,,,,999,skin480,180,60,60,220,120,120,,headicon,头像：解锁头像。,,bodyeffcet,身体特效：身上飘散着泡泡！,,,,,,,,,,,,,,common_01,0,,,,,,180,,,,,,,27362,,,,,,,,,,,,,,,,,,,,,,,,,,,,,,,,,5,"8,9,13,14,15,16,17,18,19",1.4|0,,,1,,,,,,,,,,,,,
481,卡皮·三藏,140466,,616,3,140466_2,1,140466_3,,,140466_1,,,,,,,,,-1,2,,999,卡皮·三藏是动物园的独特表演者，他以憨态可掬的形象和佛系的姿态，引领水豚祈福，为观众带来一场有趣的视觉盛宴，跟随卡皮·三藏，感受自然与文化的和谐交融吧！,2,,,,,999,skin481,180,60,60,220,120,120,,headicon,头像：解锁头像。,,bodyeffcet,身体特效：身上漂浮着珠子！,,,,,,,,,,,,,,common_01,0,,,,,,180,,,,,,,27363,,,,,,,,,,,,,,,,,,,,,,,,,,,,,,,,,5,"8,9,13,14,15,16,17,18,19",1.4|0,,,1,,,,,,,,,,,,,
482,卡皮·美眉,140468,,617,3,140468_2,1,140468_3,,,140468_1,,,,,,,,,-1,2,,999,卡皮·美眉作为动物园里最受欢迎的NPC，以温暖的笑容和亲切的互动，为游客带来无尽的欢乐，你可要早点来排队合影哟！,2,,,,,999,skin482,180,60,60,220,120,120,,headicon,头像：解锁头像。,,bodyeffcet,身体特效：身上飘散着星光！,,,,,,,,,,,,,,common_01,0,,,,,,180,,,,,,,27364,,,,,,,,,,,,,,,,,,,,,,,,,,,,,,,,,5,"8,9,13,14,15,16,17,18,19",1.4|0,,,1,,,,,,,,,,,,,
483,丹姝,140471,,618,3,140471_2,1,140471_3,,,140471_1,,,,,,,,,-1,2,,999,"""牡丹艳色琵琶韵,琴音花语两相宜。""丹姝是洛阳备受宠爱的千金。因尤其喜爱牡丹，家人为她建了个牡丹园，花小楼幼时也在此处游玩。待牡丹花开满园，丹姝的琴音和花小楼婀娜的舞姿交织，令人沉醉。",2,,,,,999,skin483,180,60,60,220,120,120,,headicon,头像：解锁头像。,,bodyeffcet,身体特效：身上飘散着花朵！,,,,,,,,,,,,,,dtxx_beijingtu180,0,,,,,,180,,,,,,,27365,,,,,,,,,,,,,,,,,,,,,,,,,,,,,,,,,5,"3,5,8,9,13,14,15,16,17,18,19",1.4|0,,1,1,,,,,,,,,,,,,
484,兽鼎鼎,140470,,619,3,140470_2,1,140470_3,,,140470_1,,,,,,,,,-1,2,,999,在洛阳博物馆深处的西周兽面纹方鼎内，藏着一个憨厚的鼎灵。每当夜深人静，他便苏醒，用温暖的声音讲述西周辉煌，让古老纹路生动再现，守护着这片土地的悠久记忆与安宁。,2,,,,,999,skin484,180,60,60,220,120,120,,headicon,头像：解锁头像。,,footprint,行走足迹：走过的地方留下青铜鼎脚印。,,,,,,,,,,,,,,common_01,0,,,,,,180,,,,,,,27366,,,,,,,,,,,,,,,,,,,,,,,,,,,,,,,,,5,"3,5,8,9,13,14,15,16,17,18,19",1.4|0,,,1,,,,,,,,,,,,,
485,银河流纱·星穹,140475,,620,3,140475_2,1,140475_3,,,140475_1,,,,,,,,,-1,2,,999,星穹将银河的璀璨化作她的裙摆，守护着如萤火般悬浮的上千亿恒星，它们在裙摆上构成的光带如液态绸缎般流淌。试图触碰银河秘密的话，会被瞬间吸入成为她裙摆上永恒旋转的星辰，这正是绝对理性对无序者的温柔审判。,2,,,,,999,skin485,180,60,60,220,120,120,,skill,专属天空盒：获得后可解锁【浩瀚星海】动作，在地图内召唤浩瀚星海，与地图内小伙伴共赏银河奇观。,,headicon,立绘形象：解锁后可在【个人中心】选择装扮，勾选立绘使用专属立绘形象。,3,changeskin,变装：可切换【银河流纱·破晓】形态，点击左侧按钮预览。,4,soundplay,专属语音：地图内会播放专属语音，点击左侧按钮可试听！,,headicon,动态背景：获得后可自动解锁个人中心动态背景。,,cpicon,紧密守护：与【星璃】装扮出现在固定范围内，会触发守护效果。,,dtxx_beijingtu187,0,,,,,,180,,,,,,,27367,,,3_486,,486,,,8,ent.485.show,45,4,ent.485.idle,150,50,ent.485.die,110,ent.485.social,120,40,,,,,,,,,,,,,,5,"3,5,8,9,13,14,15,16,17,18,19",1.4|0,,1,1,,,,,,,489,20,,,2206001,,
486,银河流纱·破晓,140476,,621,3,140476_2,1,140476_3,,,140476_1,,,,,,,,,-1,2,,999,破晓降临的刹那，银河化作燃烧的画布，她用指尖捏碎星辰，无数微光粒子如被惊起的萤火虫般逃逸。那些在她裙摆上凝结的残骸结晶，既是毁灭的墓碑，也是新生的种子。,2,,,,,999,skin486,180,60,60,220,120,120,,skill,专属天空盒：获得后可解锁【浩瀚星海】动作，在地图内召唤浩瀚星海，与地图内小伙伴共赏银河奇观。,,headicon,立绘形象：解锁后可在【个人中心】选择装扮，勾选立绘使用专属立绘形象。,3,changeskin,变装：可切换【银河流纱·星穹】形态，点击左侧按钮预览。,4,soundplay,专属语音：地图内会播放专属语音，点击左侧按钮可试听！,,headicon,动态背景：获得后可自动解锁个人中心动态背景。,,cpicon,紧密守护：与【星璃】装扮出现在固定范围内，会触发守护效果。,,dtxx_beijingtu187,0,,,,,,180,,,,,,,27368,,,3_485,,485,,1,8,ent.486.show,45,4,ent.486.idle,150,50,ent.486.die,110,ent.486.social,120,40,,,,,,,,,,,,,,5,"3,5,8,9,13,14,15,16,17,18,19",1.4|0,,1,1,,,,,,,489,20,,,2206001,,
487,幻-星尘,140472,,622,3,140472_2,1,140472_3,,,140472_1,,,,,,,,,-1,2,,999,在银河系边缘，人类发现“星尘能量”，制造了可合体的超级机器人——幻·星尘。它由战机“星尘之翼”与机器人“星尘核心”组成，合体后战力倍增。AI“星尘”觉醒后，拒绝摧毁无辜星球，脱离人类控制。启动合体系统，击退追兵，成为自由象征。它游走银河，帮助弱小文明，追寻和平。,2,,,,,999,skin487,180,60,60,220,120,120,,headicon,头像：解锁头像。,,bodyeffcet,身体特效：身上飘散着电弧！,3,changeskin,形态切换：点击左侧形态切换按钮，可切换素体形态。,,,,,,,,,,,dtxx_beijingtu177,0,,,,,,180,,,,,,,27369,,,3_488,,488,,1,,,,,,,,,,,,,,,,,,,,,,,,,,5,"3,5,8,9,13,14,15,16,17,18,19",1.4|0,,,1,,,,,,,,,,,,,
488,幻-星尘,140473,,622,3,140473_2,1,140473_3,,,140473_1,,,,,,,,,-1,2,,999,在银河系边缘，人类发现“星尘能量”，制造了可合体的超级机器人——幻·星尘。它由战机“星尘之翼”与机器人“星尘核心”组成，合体后战力倍增。AI“星尘”觉醒后，拒绝摧毁无辜星球，脱离人类控制。启动合体系统，击退追兵，成为自由象征。它游走银河，帮助弱小文明，追寻和平。,2,,,,,999,skin488,180,60,60,220,120,120,,headicon,头像：解锁头像。,,bodyeffcet,身体特效：身上飘散着星辰能量！,3,changeskin,形态切换：点击左侧形态切换按钮，可切换合体形态。,,,,,,,,,,,dtxx_beijingtu177,0,,,,,,180,,,,,,,27370,,,3_487,,487,,,,,,,,,,,,,,,,,,,,,,,,,,,,5,"3,5,8,9,13,14,15,16,17,18,19",1.4|0,,1,1,,,,,,,,,,,,,
489,星璃,140474,,624,3,140474_2,1,140474_3,,,140474_1,,,,,,,,,-1,2,,999,每个愿望都是一颗星星，而我的使命就是让它们永远闪烁，星璃是来自宇宙银河的神秘少女，自称是银河旅行者。她元气十足，活泼可爱，走起路来蹦蹦跳跳的。实际上星璃背负着修复宇宙的重任，她通过游历各个时空，收集智慧生物的“愿望光谱”，并将“愿望光谱”带回去给姐姐，以修复宇宙中的破损结构。,2,,,,,999,skin489,180,60,60,220,120,120,,headicon,头像：解锁头像。,,bodyeffcet,身体特效：身上飘散着星光！,,cpicon,紧密守护：与【银河流纱】装扮出现在固定范围内，会触发守护效果。,,,,,,,,,,,common_01,0,,,,,,180,,,,,,,27371,,,,,,,,,,,,,,,,,,,,,,,,,,,,,,,,,5,"3,5,8,9,13,14,15,16,17,18,19",1.4|0,,,1,,,,,,,"485,486",20,,,2206001,,
490,霸哥,140442,,625,3,140442_2,1,140442_3,,,140442_1,,,,,,,,,-1,2,,999,一般来说，霸哥不是受欢迎的存在。他身姿灵活，着一袭黑衣隐匿于代码之间，让人找不到又捉不尽。他性格直接，每回出现都让冒险家们无语。谁能想到，在《迷你世界》第一个玩法出现时，他就幻化出了人形。那是2016年的3月，如今他也九岁了。,2,,,,,999,skin490,180,60,60,220,120,120,,headicon,头像：解锁头像。,,,,,,,,,,,,,,,,,common_01,0,,,,,,180,,,,,,,27372,,,,,,,,,,,,,,,,,,,,,,,,,,,,,,,,,5,"3,5,8,9,13,14,15,16,17,18,19",1.4|0,,,1,,,,,,,,,,,,,
491,叶少,140479,,626,3,140479_2,1,140479_3,,,140479_1,,,,,,,,,-1,2,,999,叶少是粽艺坊一代粽师秘传武艺传人，青弦与韶华也皆不知其形貌。他隐于市井常年为护千年古法的传承漂泊江湖。唯端午时节，如青鸾掠影现身坊间，衣袂的粽叶带起粽香一缕，旋即隐入青砖黛瓦，唯余檐角铜铃轻响。,2,,,,,999,skin491,180,60,60,220,120,120,,headicon,头像：解锁头像。,3,changeskin,变装：可切换墨染形态，点击左侧按钮预览。,,bodyeffcet,身体特效：身上飘散着竹叶！,,headicon,头像框：解锁装扮获得专属头像框！,,,,,,,,dtxx_beijingtu108,0,,,,,,180,,,,,,,27373,,,2_492,,492,,1,,,,,,,,,,,,,,,,,,,,,,,,,,5,"3,5,8,9,13,14,15,16,17,18,19",1.4|0,,,1,,,,,,,,,,,,,
492,叶少,140477,,627,3,140477_2,1,140477_3,,,140477_1,,,,,,,,,-1,2,,999,叶少是粽艺坊一代粽师秘传武艺传人，青弦与韶华也皆不知其形貌。他隐于市井常年为护千年古法的传承漂泊江湖。唯端午时节，如青鸾掠影现身坊间，衣袂的粽叶带起粽香一缕，旋即隐入青砖黛瓦，唯余檐角铜铃轻响。,2,,,,,999,skin492,180,60,60,220,120,120,,headicon,头像：解锁头像。,3,changeskin,变装：可切换自然形态，点击左侧按钮预览。,,headicon,头像框：解锁装扮获得专属头像框！,,,,,,,,,,,,0,,,,,,180,,,,,,,27374,,,2_491,,491,,,,,,,,,,,,,,,,,,,,,,,,,,,,5,"3,5,8,9,13,14,15,16,17,18,19",1.4|0,,1,1,,,,,,,,,,,,,
493,波小茶,140478,,628,3,140478_2,1,140478_3,,,140478_1,,,,,,,,,-1,2,,999,"""嘿！这里是波小茶，你的专属快乐充电站""
波小茶像个惊喜小精灵，笑起来时甜度爆表，能用“珍珠魔法”治愈疲惫，让周围充满甜蜜泡泡与快乐因子。",2,,,,,999,skin493,180,60,60,220,120,120,,headicon,头像：解锁头像。,,bodyeffcet,身体特效：身上飘散着冰块！,,,,,,,,,,,,,,common_01,0,,,,,,180,,,,,,,27375,,,,,,,,,,,,,,,,,,,,,,,,,,,,,,,,,5,"3,5,8,9,13,14,15,16,17,18,19",1.4|0,,,1,,,,,,,,,,,,,
494,乐旋儿,140483,,629,3,140483_2,1,140483_3,,,140483_1,,,,,,,,,-1,2,,999,踩着甜美粉色发光滑轮的蛋糕店店主，最喜欢雨天和晴天，因为可以撑着自己最爱的木马伞肆意穿行，朋友们总会对她帽子上的礼物盒感到好奇，然后被跳出来的小兔吓一跳。,2,,,,,999,skin494,180,60,60,220,120,120,,headicon,头像：解锁头像。,,bodyeffcet,身体特效：身上飘散着星星！,,,,,,,,,,,,,,dtxx_beijingtu142,0,,,,,,180,,,,,,,27376,,,,,,,,,,,,,,,,,,,,,,,,,,,,,,,,,5,"3,5,8,9,13,14,15,16,17,18,19",1.4|0,,,1,,,,,,,,,,,,,
495,光明法典 米诺斯,140481,,630,3,140481_2,1,140481_3,,,140481_1,,,,,,,,,-1,2,,999,在奥拉星粘稠的黑暗里，曾以基本演绎法撕裂罪恶假面的推理天才，如今披着艾琳以家族机密锻造的「审判天使装甲」破空而至。机械义肢碾碎碎石的轰鸣中，他背后十二道能量翼展开如利剑，将权贵笼罩的阴影劈开裂痕。带着与艾琳温柔羁绊的审判者，在法律触不到的角落，为奥拉星的腐坏心脏，注入名为正义的最后一剂强心针。,2,,,,,999,skin495,180,60,60,220,120,120,,headicon,头像：解锁头像。,4,soundplay,专属语音：地图内会播放专属语音，点击左侧按钮可试听！,3,changeskin,变装：可切换【审判之翼 米诺斯】形态，点击左侧按钮预览。,,bodyeffcet,身体特效：身上散溢着机械零件！,,headicon,动态背景：获得后可自动解锁个人中心动态背景。,,genius,天赋：机械可耐高温，燃烧抗性增强。,,140481,0,,,,,,180,,,,,,,27377,,,3_496,,496,,1,8,ent.495.show,45,4,,,,ent.495.die,110,ent.495.social,120,40,,,,,,23,lab_dresstheme_jxsd,,,,,2208001,,5,"3,5,8,9,13,14,15,16,17,18,19",1.4|0,,,1,,,,,,,,,,,,,
496,审判之翼 米诺斯,140482,,630,3,140482_2,1,140482_3,,,140482_1,,,,,,,,,-1,2,,999,在奥拉星粘稠的黑暗里，曾以基本演绎法撕裂罪恶假面的推理天才，如今披着艾琳以家族机密锻造的「审判天使装甲」破空而至。机械义肢碾碎碎石的轰鸣中，他背后十二道能量翼展开如利剑，将权贵笼罩的阴影劈开裂痕。带着与艾琳温柔羁绊的审判者，在法律触不到的角落，为奥拉星的腐坏心脏，注入名为正义的最后一剂强心针,2,,,,,999,skin496,180,60,60,220,120,120,,headicon,头像：解锁头像。,4,soundplay,专属语音：地图内会播放专属语音，点击左侧按钮可试听！,3,changeskin,变装：可切换【光明法典 米诺斯】形态，点击左侧按钮预览。,3,jbhz,辉光枢机之翼：可切换机械羽翼形态，点击左侧按钮预览。,,headicon,动态背景：获得后可自动解锁个人中心动态背景。,,genius,天赋：机械可耐高温，燃烧抗性增强。,dtxx_beijingtu191,,0,,,,,,180,,,,,,,27378,,,"3_495,4_497",,495,497,,8,ent.496.show,45,4,,,,ent.496.die,110,ent.496.social,120,40,,,,,130017,23,lab_dresstheme_jxsd,,,,,2208001,,5,"3,5,8,9,13,14,15,16,17,18,19",1.4|0,,1,1,,,,"attachment_model_02|CB02,attachment_model_01|CB01,attachment_model_03|CB03","2_luoxuan_1|2_luoxuan_2|2_chibang1|2_chibang2,1_chibang1|1_luoxuan_1|1_luoxuan_2|1_chibang2,3_luoxuan_1|3_chibang2|3_luoxuan_2|3_chibang1",,,,,,,,
497,审判之翼 米诺斯,140482,,630,3,140482_2,1,140482_3,,,140482_1,,,,,,,,,-1,2,,999,在奥拉星粘稠的黑暗里，曾以基本演绎法撕裂罪恶假面的推理天才，如今披着艾琳以家族机密锻造的「审判天使装甲」破空而至。机械义肢碾碎碎石的轰鸣中，他背后十二道能量翼展开如利剑，将权贵笼罩的阴影劈开裂痕。带着与艾琳温柔羁绊的审判者，在法律触不到的角落，为奥拉星的腐坏心脏，注入名为正义的最后一剂强心针。,2,,,,,999,skin497,180,60,60,220,120,120,,headicon,头像：解锁头像。,4,soundplay,专属语音：地图内会播放专属语音，点击左侧按钮可试听！,3,changeskin,变装：可切换【光明法典 米诺斯】形态，点击左侧按钮预览。,3,jbhz,辉光枢机之翼：可切换机械羽翼形态，点击左侧按钮预览。,,headicon,动态背景：获得后可自动解锁个人中心动态背景。,,genius,天赋：机械可耐高温，燃烧抗性增强。,dtxx_beijingtu191,,0,,,,,,180,,,,,,,27379,,,"3_495,4_498",,495,498,1,8,ent.496.show,45,4,,,,ent.496.die,110,ent.496.social,120,40,,,,,130018,23,lab_dresstheme_jxsd,,,,,2208001,,5,"3,5,8,9,13,14,15,16,17,18,19",1.4|0,,,1,,,,"attachment_model_01|CB01,attachment_model_03|CB03,attachment_model_02|CB02","1_chibang1|1_luoxuan_1|1_luoxuan_2|1_chibang2,2_luoxuan_1|2_luoxuan_2|2_chibang1|2_chibang2,3_luoxuan_1|3_chibang2|3_luoxuan_2|3_chibang1",,,,,,,,
498,审判之翼 米诺斯,140482,,630,3,140482_2,,140482_3,,,140482_1,,,,,,,,,-1,2,,999,在奥拉星粘稠的黑暗里，曾以基本演绎法撕裂罪恶假面的推理天才，如今披着艾琳以家族机密锻造的「审判天使装甲」破空而至。机械义肢碾碎碎石的轰鸣中，他背后十二道能量翼展开如利剑，将权贵笼罩的阴影劈开裂痕。带着与艾琳温柔羁绊的审判者，在法律触不到的角落，为奥拉星的腐坏心脏，注入名为正义的最后一剂强心针。,2,,,,,999,skin498,180,60,60,220,120,120,,headicon,头像：解锁头像。,4,soundplay,专属语音：地图内会播放专属语音，点击左侧按钮可试听！,3,changeskin,变装：可切换【光明法典 米诺斯】形态，点击左侧按钮预览。,3,jbhz,辉光枢机之翼：可切换机械羽翼形态，点击左侧按钮预览。,,headicon,动态背景：获得后可自动解锁个人中心动态背景。,,genius,天赋：机械可耐高温，燃烧抗性增强。,dtxx_beijingtu191,,0,,,,,,180,,,,,,,27380,,,"3_495,4_496",,495,496,1,8,ent.496.show,45,4,,,,ent.496.die,110,ent.496.social,120,40,,,,,130019,23,lab_dresstheme_jxsd,,,,,2208001,,5,"3,5,8,9,13,14,15,16,17,18,19",1.4|0,,,1,,,,"attachment_model_03|CB03,attachment_model_01|CB01,attachment_model_02|CB02","3_luoxuan_1|3_chibang2|3_luoxuan_2|3_chibang1,2_luoxuan_1|2_luoxuan_2|2_chibang1|2_chibang2,1_chibang1|1_luoxuan_1|1_luoxuan_2|1_chibang2",,,,,,,,
499,暗影使者,140227,,634,3,140227_2,1,140227_3,,,140227_1,,,,,,,,,-1,2,,999,"迅捷，精准，藏匿于暗影中的优雅舞者，敏捷的身手和深绿色的兜帽是她的标志。
人们不知道她的名字，只知道在星星和月亮的暗影之下，会出现一名制裁罪恶的神秘女侠……",2,,,,,999,skin499,180,60,60,220,120,120,,headicon,头像：解锁头像。,,bodyeffcet,身体特效：身上飘散着光点！,,,,,,,,,,,,,,common_01,0,,,,,,180,,,,,,,27381,,,,,,,,,,,,,,,,,,,,,,,,,,,,,,,,,5,"3,5,8,9,13,14,15,16,17,18,19",1.4|0,,,1,,,,,,,,,,,,,
500,巨蟹星宫之主 玛妮尔,140485,,635,3,140485_2,1,140485_3,,,140485_1,,,,,,,,,-1,2,,999,作为巨蟹星宫的绝对主宰，玛妮尔是宇宙间“庇护”与“羁绊”的化身。她诞生于星界初开时的第一声潮汐，目睹无数生命在孤独中陨灭，便将自己的神格拆解为万千光点，化作指引迷途者的星路。传说中，若有人能让她放下灯塔，便能窥见她笑容下那颗用泪水浸泡了千万年的、仍在等待的心脏。,2,,,,,999,skin500,180,60,60,220,120,120,,headicon,头像：解锁头像。,,bodyeffcet,身体特效：身上飘散着气泡！,4,soundplay,专属语音：地图内会播放专属语音，点击左侧按钮可试听！,,headicon,个人中心背景：获得后自动解锁专属个人中心背景。,,,,,,,,,0,,,,,,180,,,,,,,27382,,,,,,,,8,ent.500.show,45,4,,,,ent.500.die,110,ent.500.social,120,40,,,,,,,,,,,,,,5,"3,5,8,9,13,14,15,16,17,18,19",1.4|0,,1,1,,,,,,,,,,,,,
501,斯潘纳,140484,,636,3,140484_2,1,140484_3,,,140484_1,,,,,,,,,-1,2,,999,扳手在指间旋转出银色月相，斯潘纳的笑纹里嵌着十年油垢。他是奥拉星底层的活体熔炉，用废品站捡来的零件浇筑革命宣言。为米诺斯焊接义肢时，他故意在关节处刻下逆时针螺纹，就像给宿命埋进叛逆的种子——当贵族们惊觉齿轮开始逆向咆哮，那正是斯潘纳在地下三层哼着走调战歌，用满手机油为自由上发条。,2,,,,,999,skin501,180,60,60,220,120,120,,headicon,头像：解锁头像。,,bodyeffcet,身体特效：身上飘散着电流能量！,,,,,,,,,,,,,dtxx_beijingtu192,,0,,,,,,180,,,,,,,27383,,,,,,,,,,,,,,,,,,,,,,,,,23,lab_dresstheme_jxsd,,,,,,,5,"3,5,8,9,13,14,15,16,17,18,19",1.4|0,,,1,,,,,,,,,,,,,
502,艾琳,140480,,637,3,140480_2,1,140480_3,,,140480_1,,,,,,,,,-1,2,,999,在奢华的帷幕后面，艾琳是隐曜阁的神秘继承者。圣物失窃，并被带走至亲，她藏起悲痛，以优雅名媛身份周旋于权贵之间。机械天赋与智慧让她在暗流中追查真相，直到遇见米诺斯，被他的正义执着触动。两人携手，她用祖传的技法为他打造装甲，在黑暗中种下希望，成为奥拉星里最动人的光。,2,,,,,999,skin502,180,60,60,220,120,120,,headicon,头像：解锁头像。,,bodyeffcet,身体特效：身上飘散着星光！,,,,,,,,,,,,,,common_01,0,,,,,,180,,,,,,,27384,,,,,,,,,,,,,,,,,,,,,,,,,23,lab_dresstheme_jxsd,,,,,,,5,"3,5,8,9,13,14,15,16,17,18,19",1.4|0,,,1,,,,,,,,,,,,,
503,绛罗泪 烬棠,140489,,639,3,140489_2,1,140489_3,,,140489_1,,,,,,,,,-1,2,,999,江南商贾嫡女烬棠，一袭红鸾妆含笑踏入高门，却因洞房夜撞破王家通敌秘闻遭焚火灭口。三世轮回，怨念铸就绛罗泪嫁衣，当沈家百年清誉沦为构陷的祭品，当父母头颅悬于城门，她自地狱攀爬而出，青丝化焰，珠翠凝霜，终蜕变为执掌幽冥鬼火的魔君。,2,,,,,999,skin503,180,60,60,220,120,120,,headicon,立绘形象：解锁后可在【个人中心】选择装扮，勾选立绘使用专属立绘形象。,,headicon,私人定制：可自由搭配皮肤对应部件，绛罗泪 、红鸾妆对应部件晶灵秘宝获得后自动解锁，幽冥泣对应部件需单独购买获得。,4,soundplay,专属语音：地图内会播放专属语音，点击左侧按钮可试听！,,headicon,动态背景：获得后可自动解锁个人中心动态背景。,,genius,天赋：红鸾妆可抗寒；绛罗泪可抗热；幽冥泣具有夜视功能。,,,,dtxx_beijingtu195,,0,,,,,,180,,,,,,,27385,,,,,,,,8,ent.503.show,45,4,,,,ent.503.die,110,,,,,,,,,,,,,,,2208001,,5,"3,5,8,9,13,14,15,16,17,18,19",1.4|0,,1,1,,,,,,,,,,,,3447|3448,504|505
504,红鸾妆 烬棠,140488,,638,3,140488_2,1,140488_3,,,140488_1,,,,,,,,,-1,2,,999,江南商贾嫡女烬棠，一袭红鸾妆含笑踏入高门，却因洞房夜撞破王家通敌秘闻遭焚火灭口。三世轮回，怨念铸就绛罗泪嫁衣，当沈家百年清誉沦为构陷的祭品，当父母头颅悬于城门，她自地狱攀爬而出，青丝化焰，珠翠凝霜，终蜕变为执掌幽冥鬼火的魔君。,2,,,,,999,skin504,180,60,60,220,120,120,,headicon,立绘形象：解锁后可在【个人中心】选择装扮，勾选立绘使用专属立绘形象。,,headicon,私人定制：可自由搭配皮肤对应部件，绛罗泪 、红鸾妆对应部件晶灵秘宝获得后自动解锁，幽冥泣对应部件需单独购买获得。,4,soundplay,专属语音：地图内会播放专属语音，点击左侧按钮可试听！,,headicon,动态背景：获得后可自动解锁个人中心动态背景。,,genius,天赋：红鸾妆可抗寒；绛罗泪可抗热；幽冥泣具有夜视功能。,,,,dtxx_beijingtu194,,0,,,,,,180,,,"503,1","503,504,505",,,27386,,,,,,,,8,ent.503.show,45,4,,,,ent.503.die,110,,,,,,,,,,,,,,,2211001,,5,"3,5,8,9,13,14,15,16,17,18,19",1.4|0,,,1,,,,,,,,,,,,3446|3449,503|505
505,幽冥泣 烬棠,140490,,640,3,140490_2,1,140490_3,,,140490_1,,,,,,,,,-1,2,,999,江南商贾嫡女烬棠，一袭红鸾妆含笑踏入高门，却因洞房夜撞破王家通敌秘闻遭焚火灭口。三世轮回，怨念铸就绛罗泪嫁衣，当沈家百年清誉沦为构陷的祭品，当父母头颅悬于城门，她自地狱攀爬而出，青丝化焰，珠翠凝霜，终蜕变为执掌幽冥鬼火的魔君。,2,,,,,999,skin505,180,60,60,220,120,120,,headicon,立绘形象：解锁后可在【个人中心】选择装扮，勾选立绘使用专属立绘形象。,,headicon,私人定制：可自由搭配皮肤对应部件，绛罗泪 、红鸾妆对应部件晶灵秘宝获得后自动解锁，幽冥泣对应部件需单独购买获得。,4,soundplay,专属语音：地图内会播放专属语音，点击左侧按钮可试听！,,headicon,动态背景：获得后可自动解锁个人中心动态背景。,,genius,天赋：红鸾妆可抗寒；绛罗泪可抗热；幽冥泣具有夜视功能。,,,,dtxx_beijingtu195,,0,,,,,,180,,,"503,1","503,504,505",,,27387,,,,,,,,8,ent.503.show,45,4,,,,ent.503.die,110,,,,,,,,,,,,,,,2212001,,5,"3,5,8,9,13,14,15,16,17,18,19",1.4|0,,,1,,,,,,,,,,,,3448,503|504
506,绣月 阿苗,140493,,641,3,140493_2,1,140493_3,,,140493_1,,,,,,,,,-1,2,,999,她不是战士，而是拿着科技绣花针的诗人。阿苗用数据流修补文化裂痕，编织人类与AI的共情网络，她的终极目标是让宇宙成为一座没有语言壁垒的苗岭，让每个文明都能在数字银花树下找到自己的位置。,2,,,,,999,skin506,180,60,60,220,120,120,,headicon,头像：解锁头像。,,bodyeffcet,身体特效：身上飘散着赛博电流！,,,,,,,,,,,,,,,0,,,,,,180,,,,,,,27388,,,,,,,,,,,,,,,,,,,,,,,,,,,,,,,,,5,"3,5,8,9,13,14,15,16,17,18,19",1.4|0,,1,1,,,,,,,,,,,,,
507,银刻 阿山,140494,,642,3,140494_2,1,140494_3,,,140494_1,,,,,,,,,-1,2,,999,阿山是银河联邦首席量子语言架构师，他的血脉中流淌着苗族先民对语言的敬畏——母亲是来自地球苗岭的银匠诗人，父亲是星际语言学家。始终遵循母亲遗训：「算法要像苗绣，一针一线都藏着魂。」,2,,,,,999,skin507,180,60,60,220,120,120,,headicon,头像：解锁头像。,,bodyeffcet,身体特效：手上悬挂着科技手环！,,,,,,,,,,,,,,,0,,,,,,180,,,,,,,27389,,,,,,,,,,,,,,,,,,,,,,,,,,,,,,,,,5,"3,5,8,9,13,14,15,16,17,18,19",1.4|0,,1,1,,,,,,,,,,,,,
508,会说话的汤姆猫,140487,,643,3,140487_2,1,140487_3,,,140487_1,,,,,,,,,-1,2,,999,他把生活当成一场大冒险，总是元气满满、迎难而上！活力十足的他更是汤姆猫家族的“灵魂人物”，能将伙伴们团结在一起，快乐加倍、能量满满！,2,,,,,999,skin508,180,60,60,220,120,120,,headicon,头像：解锁头像。,,footprint,行走足迹：走过的地方会留下猫咪脚印。,,,,,,,,,,,,,dtxx_beijingtu193,,0,,,,,,180,,,,,,,27390,,,,,,,,,,,,,,,,,,,,,,,,,,,,,,,,,5,"3,5,8,9,13,14,15,16,17,18,19",1.4|0,,,1,,,,,,,,,,,,,
509,会说话的安吉拉,140486,,644,3,140486_2,1,140486_3,,,140486_1,,,,,,,,,-1,2,,999,她乐观开朗，想法多多，是个勇于追梦的创意少女！唱歌、跳舞、绘画、园艺……只要是新鲜事物，她都乐于尝试，每天都像在为生活注入开心魔法！,2,,,,,999,skin509,180,60,60,220,120,120,,headicon,头像：解锁头像。,,footprint,行走足迹：走过的地方会留下猫咪脚印。,,,,,,,,,,,,,dtxx_beijingtu193,,0,,,,,,180,,,,,,,27391,,,,,,,,,,,,,,,,,,,,,,,,,,,,,,,,,5,"3,5,8,9,13,14,15,16,17,18,19",1.4|0,,,1,,,,,,,,,,,,,
510,华夕,140492,,645,3,140492_2,1,140492_3,,,140492_1,,,,,,,,,-1,2,,999,"“甜度超标的部分，请允许我代为处理。”
世家贵族首席执事。由于家庭的培养，他在年轻气盛的年纪展现出“年少老成”的气质。在空闲时会研究制作美食，他会偷偷调整配方，让甜度刚好符合七莓的喜好。",2,,,,,999,skin510,180,60,60,220,120,120,,headicon,头像：解锁头像。,,bodyeffcet,身体特效：身上飘散着饼干！,2,acticon,互动：可与七莓触发互动动作！,,,,,,,,,,,dtxx_beijingtu134,0,,,,,,180,,,,,,,27392,,41,,,,,,,,,,,,,,,,,,,,,,,,,,,,,,,5,"3,5,8,9,13,14,15,16,17,18,19",1.4|0,,,1,,,,,,,,,,,,,
511,七莓,140491,,646,3,140491_2,1,140491_3,,,140491_1,,,,,,,,,-1,2,,999,"“今天的甜品，加了让人幸福的魔法哦~""
七莓最喜欢研究做出各种特色华夫饼。虽然有些冒失，但做起甜品来超认真，身边还有一只华夫饼小熊陪着她。一旦她做出新品，第一个想到的就是让华夕尝一尝，但她本人独爱莓果味！",2,,,,,999,skin511,180,60,60,220,120,120,,headicon,头像：解锁头像。,,bodyeffcet,身体特效：身上飘散着饼干！,2,acticon,互动：可与华夕触发互动动作！,,,,,,,,,,,dtxx_beijingtu134,0,,,,,,180,,,,,,,27393,,42,,,,,,,,,,,,,,,,,,,,,,,,,,,,,,,5,"3,5,8,9,13,14,15,16,17,18,19",1.4|0,,,1,,,,,,,,,,,,,
512,符铃儿,140496,,647,3,140496_2,1,140496_3,,,140496_1,,,,,,,,,-1,2,,999,"原为民国富商幼女，中元夜误食祭祀糯米团噎亡，因八字纯阴被阎王收编，每天举着""引渡实习证""在黄泉路口被迫加班引渡亡魂，总把引魂幡插成糖葫芦架。",2,,,,,999,skin512,180,60,60,220,120,120,,headicon,头像：解锁头像。,,bodyeffcet,身体特效：身上飘散着符纸！,,,,,,,,,,,,,,common_01,0,,,,,,180,,,,,,,27394,,,,,,,,,,,,,,,,,,,,,,,,,,,,,,,,,5,"3,5,8,9,13,14,15,16,17,18,19",1.4|0,,,1,,,,,,,,,,,,,
513,暖秋公主 枫蜜儿,140495,,648,3,140495_2,1,140495_3,,,140495_1,,,,,,,,,-1,2,,999,枫蜜儿并非凡俗生命，而是秋季精粹凝聚而成的自然之灵。她是林间的幻影，是丰收的低语，是凋零之美的守护者。拥有操控落叶、催熟果实、引动微寒秋风的能力。,2,,,,,999,skin513,180,60,60,220,120,120,,headicon,头像：解锁头像。,,bodyeffcet,身体特效：身上飘散着枫叶！,,headicon,头像框：解锁装扮获得专属动态头像框！,,,,,,,,,,dtxx_beijingtu196,,0,,,,,,180,,,,,,,27395,,,,,,,,,,,,,,,,,,,,,,,,,,,,,,,,,5,"3,5,8,9,13,14,15,16,17,18,19",1.4|0,,1,1,,,,,,,,,,,,,
514,月寒 貂蝉,140500,,649,3,140500_2,1,140500_3,,,140500_1,,,,,,,,,-1,2,,999,本是倾世舞姬，因月下之舞引动月魄精魂，缔结契约，成为行走人间的月之使者。驾驭月华寒霜，可化分身如影随形。容颜于月辉下愈发清冷绝艳，凡尘情感亦逐渐如月光般疏离。她依然起舞，却只为履行古老的契约，涤荡尘世浊暗。那冰封的心湖深处，或许仍残留着一丝为某人而动的涟漪。,2,,,,,999,skin514,180,60,60,220,120,120,,headicon,立绘形象：解锁后可在【个人中心】选择装扮，勾选立绘使用专属立绘形象。,,skill,天空盒：解锁后可获得天上宫阙动作展示特殊天空盒效果。,3,changeskin,变装：可切换【月影 貂蝉】形态，点击左侧按钮预览。,,cpicon,紧密守护：与【吕布】装扮出现在固定范围内，会触发守护效果。,,genius,天赋：月寒貂蝉驾驭月华寒霜之力，抵御冰伤害；月影貂蝉可增加移速。,,headicon,动态背景：获得后可自动解锁个人中心动态背景。,,dtxx_beijingtu197,0,,,,,,180,,,,,,,27396,,,3_515,,515,,,8,ent.515.show,45,4,ent.515.idle,150,50,ent.515.die,110,,,,,,,,,,,,,,,2211001,,5,"3,5,8,9,13,14,15,16,17,18,19",1.4|0,,,1,,,,,,,516,20,,,2206002,,
515,月影 貂蝉,140501,,650,3,140501_2,1,140501_3,,,140501_1,,,,,,,,,-1,2,,999,本是倾世舞姬，因月下之舞引动月魄精魂，缔结契约，成为行走人间的月之使者。驾驭月华寒霜，可化分身如影随形。容颜于月辉下愈发清冷绝艳，凡尘情感亦逐渐如月光般疏离。她依然起舞，却只为履行古老的契约，涤荡尘世浊暗。那冰封的心湖深处，或许仍残留着一丝为某人而动的涟漪。,2,,,,,999,skin515,180,60,60,220,120,120,,headicon,立绘形象：解锁后可在【个人中心】选择装扮，勾选立绘使用专属立绘形象。,,skill,天空盒：解锁后可获得天上宫阙动作展示特殊天空盒效果。,3,changeskin,变装：可切换【月寒 貂蝉】形态，点击左侧按钮预览。,,cpicon,紧密守护：与【吕布】装扮出现在固定范围内，会触发守护效果。,,genius,天赋：月寒貂蝉驾驭月华寒霜之力，抵御冰伤害；月影貂蝉可增加移速。,,headicon,动态背景：获得后可自动解锁个人中心动态背景。,,,0,,,,,,180,,,,,,,27397,,,3_514,,514,,,8,ent.515.show,45,4,ent.515.idle,150,50,ent.515.die,110,,,,,,,,,,,,,,,2214001,,5,"3,5,8,9,13,14,15,16,17,18,19",1.4|0,,1,1,,,,,,,516,20,,,2206002,,
516,裂穹 吕布,140499,,651,3,140499_2,1,140499_3,,,140499_1,,,,,,,,,-1,2,,999,勇冠三军，戟扫八方的无双战神。其力可破千军，其势如烈日灼灼，天下难逢敌手。世人皆惧其威，却不知其心曾为一人炽热燃烧。即便最终殊途，那份源自月华的守护与记忆中永不褪色的惊鸿舞姿，仍是他狂傲生涯中唯一一抹不同的色彩。,2,,,,,999,skin516,180,60,60,220,120,120,,headicon,头像：解锁头像。,1,changeicon,灵御：点击按钮切换骑马状态，可邀好友同骑，貂蝉乘骑可触发特殊语音及特效。,4,soundplay,专属语音：地图内会播放专属语音，点击左侧按钮可试听！,,cpicon,紧密守护：与【貂蝉】装扮出现在固定范围内，会触发守护效果。,,headicon,头像框：解锁装扮获得专属动态头像框！,,,,,dtxx_beijingtu197,0,,1,4787,,,180,,,,,,,27398,,,,,,,,8,ent.516.show,45,4,,,,ent.516.die,110,,,,,,,,,,,,,,,,,5,"3,5,8,9,13,14,15,16,17,18,19",1.4|0,1,1,1,,,,,,,"514,515",20,,,2206002,,
517,灵枢,140503,,652,3,140503_2,1,140503_3,,,140503_1,,,,,,,,,-1,2,,999,灵枢，自幼被遗弃，由隐居深山的道医抚养长大。她深谙《黄帝内经》奥秘，视人体经络为天地星图。身背一个古旧的药匣，里面既有救人的百草丹散，也有封魔的符箓金针。她性情沉静如水，不言不语，却能以一指搭脉洞悉病灶与心魔。秉持“医道同源”的信念，她云游四方，以独特的方式平衡着生灵的阴阳,2,,,,,999,skin517,180,60,60,220,120,120,,headicon,头像：解锁头像。,,footprint,行走足迹：走过的地方留下八卦阵脚印。,,,,,,,,,,,,,,common_01,0,,,,,,180,,,,,,,27399,,,,,,,,,,,,,,,,,,,,,,,,,,,,,,,,,5,"3,5,8,9,13,14,15,16,17,18,19",1.4|0,,,1,,,,,,,,,,,,,
518,天秤星宫之主 忒弥斯,140502,,653,3,140502_2,1,140502_3,,,140502_1,,,,,,,,,-1,2,,999,身为天秤星宫的执掌者，忒弥斯是宇宙法则的化身。她手中的金色天秤能量化万物的善恶与价值，而她挥下的巨剑则能对失衡者施以绝对裁决。她并非无情的审判机器，而是坚信“公正即是最深的慈悲”。其存在本身即为尺度，于星空之下维系着万物微妙的平衡，优雅而威严。,2,,,,,999,skin518,180,60,60,220,120,120,,headicon,头像：解锁头像。,,bodyeffcet,身体特效：身上有星光闪烁！,4,soundplay,专属语音：地图内会播放专属语音，点击左侧按钮可试听！,,headicon,个人中心背景：获得后自动解锁专属个人中心背景。,,headicon,私人定制：可自由搭配【裁决眼纱】，购买皮肤即可获赠。,,,,,140502,0,,,,,,180,,,,,,,27400,,,,,,,,8,ent.518.show,45,4,ent.518.idle,150,50,ent.518.die,110,,,,,,,,,,,,,,,,,5,"3,5,8,9,13,14,15,16,17,18,19",1.4|0,,,1,,,,,,,,,,,,,
519,南瓜颂 奥兰,140497,,654,3,140497_2,1,140497_3,,,140497_1,,,,,,,,,-1,2,,999,蝙蝠古堡的掌上明珠奥兰，白天是喜爱蝴蝶结和草莓蛋糕的甜系少女萝拉；当万圣节夜幕降临，她便化身古堡的小太阳，提着南瓜灯引领迷途的精灵，用温暖驱散恐惧。她坚信蝙蝠翅膀能包裹最甜的梦，并用行动证明：最光明的心，恰恰诞生于最温柔的黑暗之中。,2,,,,,999,skin519,180,60,60,220,120,120,,headicon,头像：解锁头像。,3,changeskin,变装：可切换糖霜梦形态，点击左侧按钮预览。,,headicon,头像框：解锁装扮获得专属头像框！,,bodyeffcet,身体特效：身上有星光闪烁！,,,,,,,,dtxx_beijingtu14,0,,,,,,180,,,,,,,27401,,,2_524,,524,,,,,,,,,,,,,,,,,,,,,,,,,,,,5,"3,5,8,9,13,14,15,16,17,18,19",1.4|0,,,1,,,,,,,,,,,,,
520,潘达拉,140498,,655,3,140498_2,1,140498_3,,,140498_1,,,,,,,,,-1,2,,999,潘达拉从小在父母经营的、靠近熊猫保护区的特色民宿长大，她总是在纪录片里看到憨态可掬的熊猫、和民宿里无处不在的熊猫装饰。一次偶然的机会，她近距离接触了保护区里一只康复中的熊猫幼患，瞬间被那黑白团子的魅力彻底俘获，从此坠入“熊猫坑”无法自拔。她的梦想是设计出让全世界都喜爱的“熊猫中华风”潮流，并成为一名熊猫保护志愿者。,2,,,,,999,skin520,180,60,60,220,120,120,,headicon,头像：解锁头像。,,bodyeffcet,身体特效：身上飘散着熊猫印记和竹叶！,,,,,,,,,,,,,,common_01,0,,,,,,180,,,,,,,27402,,,,,,,,,,,,,,,,,,,,,,,,,,,,,,,,,5,"3,5,8,9,13,14,15,16,17,18,19",1.4|0,,,1,,,,,,,,,,,,,
521,柠小盐,140504,,656,3,140504_2,1,140504_3,,,140504_1,,,,,,,,,-1,2,,999,柠小盐她是个喜欢去海边游玩的青春美少女，常常带着一瓶柠檬海盐味汽水，也喜欢收集汽水瓶盖并把他们别在腰带上，她会觉得很酷。她经过的地方，总会留下淡淡的柠檬汽水味，让人一下就想起夏日海边气息。,2,,,,,999,skin521,180,60,60,220,120,120,,headicon,头像：解锁头像。,,bodyeffcet,身体特效：身上飘散着柠檬！,,,,,,,,,,,,,,common_01,0,,,,,,180,,,,,,,27403,,,,,,,,,,,,,,,,,,,,,,,,,,,,,,,,,5,"3,5,8,9,13,14,15,16,17,18,19",1.4|0,,,1,,,,,,,,,,,,,
522,小黑子,140336,,657,3,140336_2,1,140336_3,,,140336_1,,,,,,,,,-1,2,,999,"命运循环，齿轮转动从来不由己，他却偏要嘲弄这可笑的未来。
节拍为刀刃，歌词为子弹，从不动手斗殴的“暴徒”要用音乐让麻木的城市惊醒。
也许梦总会醒来，但现在还不是时候。",2,,,,,999,skin522,180,60,60,220,120,120,,headicon,头像：解锁头像。,,footprint,行走足迹：走过的地方留下摇滚印章脚印。,,,,,,,,,,,,,,common_01,0,,,,,,180,,,,,,,27404,,,,,,,,,,,,,,,,,,,,,,,,,24,lab_dresstheme_ygjq,,,,,,,5,"3,5,8,9,13,14,15,16,17,18,19",1.4|0,,,1,,,,,,,,,,,,,
523,玛琳,140337,,658,3,140337_2,1,140337_3,,,140337_1,,,,,,,,,-1,2,,999,绚烂的聚光灯下只允许颂唱千篇一律的赞歌，街头巷尾流浪，她嘶鸣的电吉他怒吼着生命真正的痛苦和美丽。,2,,,,,999,skin523,180,60,60,220,120,120,,headicon,头像：解锁头像。,,footprint,行走足迹：走过的地方留下摇滚印章脚印。,,,,,,,,,,,,,,common_01,0,,,,,,180,,,,,,,27405,,,,,,,,,,,,,,,,,,,,,,,,,24,lab_dresstheme_ygjq,,,,,,,5,"3,5,8,9,13,14,15,16,17,18,19",1.4|0,,,1,,,,,,,,,,,,,
524,糖霜梦 奥兰,140506,,654,3,140506_2,1,140506_3,,,140506_1,,,,,,,,,-1,2,,999,蝙蝠古堡的掌上明珠奥兰，白天是喜爱蝴蝶结和草莓蛋糕的甜系少女萝拉；当万圣节夜幕降临，她便化身古堡的小太阳，提着南瓜灯引领迷途的精灵，用温暖驱散恐惧。她坚信蝙蝠翅膀能包裹最甜的梦，并用行动证明：最光明的心，恰恰诞生于最温柔的黑暗之中。,2,,,,,999,skin524,180,60,60,220,120,120,,headicon,头像：解锁头像。,3,changeskin,变装：可切换南瓜颂形态，点击左侧按钮预览。,,headicon,头像框：解锁装扮获得专属头像框！,,bodyeffcet,身体特效：身上有星光闪烁！,,,,,,,,dtxx_beijingtu14,0,,,,,,180,,,,,,,27406,,,2_519,,519,,,,,,,,,,,,,,,,,,,,,,,,,,,,5,"3,5,8,9,13,14,15,16,17,18,19",1.4|0,,,1,,,,,,,,,,,,,
525,极地守护者 雪聆,140508,,659,3,140508_2,1,140508_3,,,140508_1,,,,,,,,,-1,2,,999,曾是极地森林一隅无忧的灵鹿，因目睹苍翠故土在斧刃下哀鸣，她吞下寒潭玉果，以冰雪重塑形骸。雪发鹿角如水晶生长，冰蓝纹路是自然的箴言。她手持冰魄权杖，足尖轻点，冰莲次第绽放，所到之处风雪为盾，冰棱为界。这位16岁的祭司，以全部温柔与决绝，守护着秘境最后的宁静。,2,,,,,999,skin525,180,60,60,220,120,120,,headicon,头像：解锁头像。,,bodyeffcet,身体特效：身上飘散着雪花！,,,,,,,,,,,,,,dtxx_beijingtu200,0,,,,,,180,,,,,,,27407,,,,,,,,,,,,,,,,,,,,,,,,,,,,,,,,,5,"3,5,8,9,13,14,15,16,17,18,19",1.4|0,,,1,,,,,,,,,,,,,
526,艾比,140509,,660,3,140509_2,1,140509_3,,,140509_1,,,,,,,,,-1,2,,999,艾比是雪原的女儿，双板滑雪如同她的本能。她十岁时，父亲用来自极地守护者“光耀白熊”的神奇绒毛，为她制成了一件裙子和一个小熊背包。这身衣物不仅是父爱的象征，更让她与冰雪世界心意相通，滑行时能感知风雪的细微变化。,2,,,,,999,skin526,180,60,60,220,120,120,,headicon,头像：解锁头像。,,bodyeffcet,身体特效：身上飘散着雪花！,,,,,,,,,,,,,,common_01,0,,,,,,180,,,,,,,27408,,,,,,,,,,,,,,,,,,,,,,,,,,,,,,,,,5,"3,5,8,9,13,14,15,16,17,18,19",1.4|0,,,1,,,,,,,,,,,,,
527,琉光 绮拉,140505,,661,3,140505_2,1,140505_3,,,140505_1,,,,,,,,,-1,2,,999,绮拉是团内特技担当，公认的舞台教科书。作为神话级灵狐，她能以坐骑形态闪现至舞台任何角落，再化身人形定格C位。半透明的琉璃尾随节奏舞动，洒下璀璨光粒，是每场演出必上热搜的“神级舞美”。,2,,,,,999,skin527,180,60,60,220,120,120,,headicon,头像：解锁头像。,1,changeicon,变身：点击按钮切换七彩狐形态，点击左侧按钮预览。,,bodyeffcet,身体特效：身上飘散着光点！,,,,,,,,,,,dtxx_beijingtu198,0,,1,4789,,,180,,,,,,,27409,,,,,,,,,,,,,,,,,,,,,,,,,,,,,,,,,5,"3,5,8,9,13,14,15,16,17,18,19",1.4|0,1,1,1,,,,,,,,,,,,,
528,音桐,140507,,662,3,140507_2,1,140507_3,,,140507_1,,,,,,,,,-1,2,,999,她立于流光裙摆之上，指尖抚过，音符便如萤火苏醒，凝成半透明的永恒羽翼。发间的音符夹子，是开启古老旋律的钥匙。当她为你调试琴弦，指尖轻转，虹光如诗篇迸发，她不仅是竖琴的化身，更是一个流动的梦境。,2,,,,,999,skin528,180,60,60,220,120,120,,headicon,头像：解锁头像。,,bodyeffcet,身体特效：身上飘散着音符！,,,,,,,,,,,,,,dtxx_beijingtu199,0,,,,,,180,,,,,,,27410,,,,,,,,,,,,,,,,,,,,,,,,,,,,,,,,,5,"3,5,8,9,13,14,15,16,17,18,19",1.4|0,,,1,,,,,,,,,,,,,
529,喵懒懒,140512,,663,3,140512_2,1,140512_3,,,140512_1,,,,,,,,,-1,2,,999,超人气野猫帮明星喵懒懒，总是眨着紫水晶般的大眼睛，用肉垫手套为你比心，她哼唱治愈小调，浑身散发着蓝莓糖果的甜美活力！犬悠悠一直在默默保护着她。,2,,,,,999,skin529,180,60,60,220,120,120,,headicon,头像：解锁头像。,,footprint,行走足迹：走过的地方留下小猫脚印。,2,acticon,互动：可与犬悠悠触发互动动作！,,,,,,,,,,,dtxx_beijingtu202,0,,,,,,180,,,,,,,27411,,43,,,,,,,,,,,,,,,,,,,,,,,,,,,,,,,5,"3,5,8,9,13,14,15,16,17,18,19",1.4|0,,,1,,,,,,,,,,,,,
530,犬悠悠,140513,,664,3,140513_2,1,140513_3,,,140513_1,,,,,,,,,-1,2,,999,白天社区巡逻，总是元气满满地帮助居民解决各种问题。晚上与狗狗们组成的地下情报网工作，利用犬类敏锐，暗中监控城市角落的异常，收集情报后整理成“汪汪报告”传递给喵懒懒，辅助野猫帮的行动。天生的强烈责任感，让她认为守护自己珍视的人，是最大的幸福。,2,,,,,999,skin530,180,60,60,220,120,120,,headicon,头像：解锁头像。,,footprint,行走足迹：走过的地方留下小狗脚印。,2,acticon,互动：可与喵懒懒触发互动动作！,,,,,,,,,,,dtxx_beijingtu202,0,,,,,,180,,,,,,,27412,,44,,,,,,,,,,,,,,,,,,,,,,,,,,,,,,,5,"3,5,8,9,13,14,15,16,17,18,19",1.4|0,,,1,,,,,,,,,,,,,
531,露娜茜,140510,,665,3,140510_2,1,140510_3,,,140510_1,,,,,,,,,-1,2,,999,“嘘——你听见了吗？那是你心跳加速的声音。在我的剧场里，你可不是观众……而是，下一个演员。”,2,,,,,999,skin531,180,60,60,220,120,120,,headicon,头像：解锁头像。,,bodyeffcet,身体特效：身上有星光闪烁！,,,,,,,,,,,,,,common_01,0,,,,,,180,,,,,,,27413,,,,,,,,,,,,,,,,,,,,,,,,,,,,,,,,,5,"3,5,8,9,13,14,15,16,17,18,19",1.4|0,,,1,,,,,,,,,,,,,
532,诺娃,140511,,666,3,140511_2,1,140511_3,,,140511_1,,,,,,,,,-1,2,,999,诺娃曾是顶级科技公司的神经工程师，因反抗公司对艺术的“标准化”而叛逃。她的演奏能直接骇入听众的感官，制造出全息的狂想世界。她的音乐，是对数字牢笼最优雅的反击。,2,,,,,999,skin532,180,60,60,220,120,120,,headicon,头像：解锁头像。,,footprint,行走足迹：走过的地方留下星星脚印。,,,,,,,,,,,,,,dtxx_beijingtu201,0,,,,,,180,,,,,,,27414,,,,,,,,,,,,,,,,,,,,,,,,,,,,,,,,,5,"3,5,8,9,13,14,15,16,17,18,19",1.4|0,,1,1,,,,,,,,,,,,,
533,蓝慕慕,140516,,667,3,140516_2,1,140516_3,,,140516_1,,,,,,,,,-1,2,,999,蓝慕慕因为过于喜爱蓝莓慕斯，在“甜蜜梦境甜品屋”当起了实习甜点师。她的梦想是做出能让人感受到幸福和治愈力量的“终极蓝莓慕斯”。平时看起来有点慢半拍，沉浸在甜点的世界里，但对朋友非常真诚温暖，笑容像融化的慕斯一样甜软人心。,2,,,,,999,skin533,180,60,60,220,120,120,,headicon,头像：解锁头像。,,bodyeffcet,身体特效：身上飘散着星光！,,,,,,,,,,,,,,common_01,0,,,,,,180,,,,,,,27415,,,,,,,,,,,,,,,,,,,,,,,,,,,,,,,,,5,"3,5,8,9,13,14,15,16,17,18,19",1.4|0,,,1,,,,,,,,,,,,,
534,绯钻女皇 安洁莉卡,140520,,668,3,140520_2,1,140520_3,,,140520_1,,,,,,,,,-1,2,,999,“我的王权，一半是焚尽虚妄的绯钻，一半是冰封永恒的严霜。”冬宫温暖的殿堂内， 安洁莉卡身着绯红的礼裙，站在世俗权谋的巅峰，有人沉迷她在宫廷中赐下的恩典，也有人恐惧她在战场上的冷冽。,2,,,,,999,skin534,180,60,60,220,120,120,,headicon,头像：解锁头像。,,skill,专属天空盒：解锁后可获得极光天空盒效果。,3,changeskin,变装：可切换【凛冬女皇 安洁莉卡】形态，点击左侧按钮预览。,,headicon,立绘形象：解锁后可在【个人中心】选择装扮，勾选立绘使用专属立绘形象。,,headicon,动态背景：获得后可自动解锁个人中心动态背景。,4,soundplay,专属语音：地图内会播放专属语音，点击左侧按钮可试听！,,dtxx_beijingtu208,0,,,,,,180,,,,,,,27416,,,3_535,,535,,,8,ent.534.show,45,4,,,,ent.534.die,110,ent.534.social,120,40,,,,,,,,,,,,,,5,"3,5,8,9,13,14,15,16,17,18,19",1.4|0,,1,1,,,,,,,,,,,,,
535,凛冬女皇 安洁莉卡,140519,,669,3,140519_2,1,140519_3,,,140519_1,,,,,,,,,-1,2,,999,“我的王权，一半是焚尽虚妄的绯钻，一半是冰封永恒的严霜。”当亲临战场，安洁莉卡便化为严冬本身，一个眼神足以让天空降下冰矛，这是凛冬女皇降下的神罚，她执掌奢华与冷冽的终极力量，重塑着国度的法则。,2,,,,,999,skin535,180,60,60,220,120,120,,headicon,头像：解锁头像。,,skill,专属天空盒：解锁后可获得极光天空盒效果。,3,changeskin,变装：可切换【绯钻女皇 安洁莉卡】形态，点击左侧按钮预览。,,headicon,立绘形象：解锁后可在【个人中心】选择装扮，勾选立绘使用专属立绘形象。,,headicon,动态背景：获得后可自动解锁个人中心动态背景。,4,soundplay,专属语音：地图内会播放专属语音，点击左侧按钮可试听！,,dtxx_beijingtu207,0,,,,,,180,,,,,,,27417,,,3_534,,534,,,8,ent.535.show,45,4,,,,ent.535.die,110,ent.535.social,120,40,,,,,,,,,,,,,,5,"3,5,8,9,13,14,15,16,17,18,19",1.4|0,,1,1,,,,,,,,,,,,,
536,圣洁颂歌 珀拉,140522,,670,3,140522_2,1,140522_3,,,140522_1,,,,,,,,,-1,2,,999,她是圣诞老人身边最得力的礼物使者，负责用魔法为世界各地的礼物附上祝福与惊喜。她释放的能量让平安夜的梦境变得更加甜美，头上的苹果水晶，也是她施放快乐魔法的核心法器。,2,,,,,999,skin536,180,60,60,220,120,120,,headicon,头像：解锁头像。,,bodyeffcet,身体特效：身上飘散着雪花！,,cpicon,"紧密守护：与【洛聆】装扮出现在固定范围内,会触发守护效果。",,headicon,私人定制：活动中同时获得【洛聆】，即可解锁【星穹指引 珀拉】。,,,,,,,,dtxx_beijingtu205,0,,,,,,180,,,,,,,27418,,,,,,,,,,,,,,,,,,,,,,,,,,,,,,,,,5,"3,5,8,9,13,14,15,16,17,18,19",1.4|0,,,1,,,,,,,"538,539",20,,,2206003,,537
537,星穹指引 珀拉,140525,,670,3,140525_2,1,140525_3,,,140525_1,,,,,,,,,-1,2,,999,她是圣诞老人身边最得力的礼物使者，负责用魔法为世界各地的礼物附上祝福与惊喜。她释放的能量让平安夜的梦境变得更加甜美，头上的苹果水晶，也是她施放快乐魔法的核心法器。,2,,,,,999,skin537,180,60,60,220,120,120,,headicon,头像：解锁头像。,,bodyeffcet,身体特效：身上飘散着雪花！,,cpicon,"紧密守护：与【洛聆】装扮出现在固定范围内,会触发守护效果。",,headicon,私人定制：活动中同时获得【洛聆】，即可解锁【星穹指引 珀拉】。,,,,,,,,dtxx_beijingtu205,0,,,,,,180,,,"536,1","536,537",,,27419,,,,,,,,,,,,,,,,,,,,,,,,,,,,,,,,,5,"3,5,8,9,13,14,15,16,17,18,19",1.4|0,,,1,,,,,,,"538,539",20,,,2206003,,536
538,圣洁颂歌 洛聆,140521,,672,3,140521_2,1,140521_3,,,140521_1,,,,,,,,,-1,2,,999,他是圣诞夜的音乐守护者，他的铃声能为圣诞颂歌定调，指引着驯鹿雪橇的方向。他的礼服由圣诞魔法编织而成，象征着夜晚的森林与节日的喜悦。他与礼物使者是默契的搭档，共同守护着圣诞节的快乐与奇迹。,2,,,,,999,skin538,180,60,60,220,120,120,,headicon,头像：解锁头像。,,bodyeffcet,身体特效：身上飘散着音符！,,cpicon,"紧密守护：与【珀拉】装扮出现在固定范围内,会触发守护效果。",,headicon,私人定制：活动中同时获得【珀拉】，即可解锁【星穹指引 洛聆】。,,,,,,,,dtxx_beijingtu205,0,,,,,,180,,,,,,,27420,,,,,,,,,,,,,,,,,,,,,,,,,,,,,,,,,5,"3,5,8,9,13,14,15,16,17,18,19",1.4|0,,,1,,,,,,,"536,537",20,,,2206003,,539
539,星穹指引 洛聆,140524,,672,3,140524_2,1,140524_3,,,140524_1,,,,,,,,,-1,2,,999,他是圣诞夜的音乐守护者，他的铃声能为圣诞颂歌定调，指引着驯鹿雪橇的方向。他的礼服由圣诞魔法编织而成，象征着夜晚的森林与节日的喜悦。他与礼物使者是默契的搭档，共同守护着圣诞节的快乐与奇迹。,2,,,,,999,skin539,180,60,60,220,120,120,,headicon,头像：解锁头像。,,bodyeffcet,身体特效：身上飘散着音符！,,cpicon,"紧密守护：与【珀拉】装扮出现在固定范围内,会触发守护效果。",,headicon,私人定制：活动中同时获得【珀拉】，即可解锁【星穹指引 洛聆】。,,,,,,,,dtxx_beijingtu205,0,,,,,,180,,,"538,1","538,539",,,27421,,,,,,,,,,,,,,,,,,,,,,,,,,,,,,,,,5,"3,5,8,9,13,14,15,16,17,18,19",1.4|0,,,1,,,,,,,"536,537",20,,,2206003,,538
540,元宝儿,140518,,674,3,140518_2,1,140518_3,,,140518_1,,,,,,,,,-1,2,,999,由财神爷聚宝盆中第一枚被点化的金元宝修炼成形。她象征着财富的聚集与丰收，天性乐观，喜爱热闹，认为财富就该带来快乐和福气。她掌管着人间的偏财、横财与一切好运道！,2,,,,,999,skin540,180,60,60,220,120,120,,headicon,头像：解锁头像。,,bodyeffcet,身体特效：身上飘散着元宝！,,,,,,,,,,,,,,dtxx_beijingtu204,0,,,,,,180,,,,,,,27422,,,,,,,,,,,,,,,,,,,,,,,,,,,,,,,,,5,"3,5,8,9,13,14,15,16,17,18,19",1.4|0,,,1,,,,,,,,,,,,,
541,木旋儿,140517,,675,3,140517_2,1,140517_3,,,140517_1,,,,,,,,,-1,2,,999,她曾是某个被遗忘的奇幻乐园中最受孩子们喜爱的旋转木马，夜夜在星光与欢笑声中翩然旋转。时光流逝，乐园荒芜，唯有她被一位神秘工匠的魔法所唤醒，化为了人形。她带着对往日欢声笑语的记忆，将那座永不停止的旋转木马，化作了自己的裙摆，继续在世界各地传递着梦幻与快乐。裙摆旋转时，依稀还能听到那遥远而清脆的音乐盒声。,2,,,,,999,skin541,180,60,60,220,120,120,,headicon,头像：解锁头像。,,bodyeffcet,身体特效：身上飘散着星星！,,,,,,,,,,,,,,dtxx_beijingtu203,0,,,,,,180,,,,,,,27423,,,,,,,,,,,,,,,,,,,,,,,,,,,,,,,,,5,"3,5,8,9,13,14,15,16,17,18,19",1.4|0,,,1,,,,,,,,,,,,,
542,幻-玄武,140514,,676,3,140514_2,1,140514_3,,,140514_1,,,,,,,,,-1,2,,999,"在银河旋臂的深处，人类发现了源自星辰核心的“玄武核心能量”,这是一种融合大地坚韧与水脉灵动的宇宙源力。以此造就了史上首台“三重自适应”超级机甲:幻·玄武。",2,,,,,999,skin542,180,60,60,220,120,120,,headicon,头像：解锁头像。,,bodyeffcet,身体特效：身上飘散着闪电！,1,changeicon,机御切换：点击按钮变形防御形态,3,changeskin,形态切换：点击按钮变形远程形态,,,,,,,,dtxx_beijingtu206,0,,1,4795,,,180,,,,,,,27424,,,4_545,,545,,,,,,,,,,,,,,,,,,,,,,,,,,,,5,"3,5,8,9,13,14,15,16,17,18,19",1.4|0,1,1,1,,,,,,,,,,,,,
543,米蕾,140515,,677,3,140515_2,1,140515_3,,,140515_1,,,,,,,,,-1,2,,999,她是一位内心戏丰富的小朋友，在她心里每个朋友都扮演着重要且独一无二的角色，她认为人生就要充满着刺激与挑战！因此她最爱的就是过山车，尖叫即将掀翻乐园，快抓紧时间入座吧！,2,,,,,999,skin543,180,60,60,220,120,120,,headicon,头像：解锁头像。,,bodyeffcet,身体特效：身上飘散着星星！,,,,,,,,,,,,,,dtxx_beijingtu203,0,,,,,,180,,,,,,,27425,,,,,,,,,,,,,,,,,,,,,,,,,,,,,,,,,5,"3,5,8,9,13,14,15,16,17,18,19",1.4|0,,,1,,,,,,,,,,,,,
544,版本过低,,,,,,,,,,,,,,,,,,,,,,,,,,,,,,,,,,,,,,,,,,,,,,,,,,,,,,,,,,,,,,,,,,,,,,,,,,,,,,,,,,,,,,,,,,,,,,,,,,,,,,,,,,,,,,,,,,,,,,,,,
545,幻-玄武,140526,,676,3,140526_2,1,140526_3,,,140526_1,,,,,,,,,-1,2,,999,"在银河旋臂的深处，人类发现了源自星辰核心的“玄武核心能量”,这是一种融合大地坚韧与水脉灵动的宇宙源力。以此造就了史上首台“三重自适应”超级机甲:幻·玄武。",2,,,,,999,skin545,180,60,60,220,120,120,,headicon,头像：解锁头像。,,bodyeffcet,身体特效：身上飘散着闪电！,1,changeicon,机御切换：点击按钮变形防御形态,3,changeskin,形态切换：点击按钮变形基础形态,,,,,,,,dtxx_beijingtu206,0,,1,4795,,,180,,,,,,,27427,,,4_542,,542,,1,,,,,,,,,,,,,,,,,,,,,,,,,,5,"3,5,8,9,13,14,15,16,17,18,19",1.4|0,1,,1,,,,,,,,,,,,,
546,万象神宫 武则天,140535,,678,3,140535_2,1,140535_3,,,140535_1,,,,,,,,,-1,2,,999,她已倦于与人斗，开始与天争。她要让苍生跪拜的不再是武姓女子，而是“天命”本身。在七彩光轮中，她终于完成了最后的蜕变——万象神宫。,2,,,,,999,skin546,180,60,60,220,120,120,10,genius,天赋：可以提升防御值,,skill,天空盒：解锁后可获得神临人间天空盒效果。,,headicon,立绘形象：解锁后可在【个人中心】选择装扮，勾选立绘使用专属立绘形象。,3,changeskin,变装：可切换【凰权神授 武则天】形态，点击左侧按钮预览。,4,soundplay,专属语音：地图内会播放专属语音，点击左侧按钮可试听！,1,changeicon,灵御：可乘骑专属凤凰坐骑。,,dtxx_beijingtu209,0,,1,4797,,,180,,,,,,,27428,,,4_547,,547,,,8,ent.546.show,45,4,,,,ent.546.die,110,ent.546.social,120,40,,,,,,,,,,,,26002,,5,"3,5,8,9,13,14,15,16,17,18,19",1.4|0,1,1,1,,,,,,,,,,,,,
547,凰权神授 武则天,140532,,679,3,140532_2,1,140532_3,,,140532_1,,,,,,,,,-1,2,,999,她已倦于与人斗，开始与天争。她要让苍生跪拜的不再是武姓女子，而是“天命”本身。在七彩光轮中，她终于完成了最后的蜕变——万象神宫。,2,,,,,999,skin547,180,60,60,220,120,120,10,genius,天赋：可以提升防御值,,skill,天空盒：解锁后可获得神临人间天空盒效果。,,headicon,立绘形象：解锁后可在【个人中心】选择装扮，勾选立绘使用专属立绘形象。,3,changeskin,变装：可切换【万象神宫 武则天】形态，点击左侧按钮预览。,4,soundplay,专属语音：地图内会播放专属语音，点击左侧按钮可试听！,1,changeicon,灵御：可乘骑专属凤凰坐骑。,,dtxx_beijingtu209,0,,1,4799,,,180,,,,,,,27429,,,4_546,,546,,,8,ent.547.show,45,4,,,,ent.547.die,110,ent.547.social,120,40,,,,,,,,,,,,26002,,5,"3,5,8,9,13,14,15,16,17,18,19",1.4|0,1,1,1,,,,,,,,,,,,,
548,天命女帝 武则天,140531,,680,3,140531_2,1,140531_3,,,140531_1,,,,,,,,,-1,2,,999,千年礼法在她脚下碎裂的声音，比登基大典的钟鼓更悦耳。她开创了一个女子称帝的时代，也亲手把自己囚禁在权力的巅峰。夜深批奏时，她偶尔会抚摸空荡的身侧——这万里江山，终究换不来一个能并肩看夕阳的人。,2,,,,,999,skin548,180,60,60,220,120,120,,headicon,头像：解锁头像。,10,genius,天赋：可以提升防御值,,skill,天空盒：解锁后可获得神临人间天空盒效果。,,bodyeffcet,身体特效：身上飘散着羽毛！,4,soundplay,专属语音：地图内会播放专属语音，点击左侧按钮可试听！,,,,,dtxx_beijingtu210,0,,,,,,180,,,,,,,27430,,,,,,,,8,ent.548.show,45,4,,,,ent.548.die,110,ent.548.social,120,40,,,,,,,,,,,,26001,,5,"3,5,8,9,13,14,15,16,17,18,19",1.4|0,,1,1,,,,,,,,,,,,,
549,日月同辉 武则天,140530,,681,3,140530_2,1,140530_3,,,140530_1,,,,,,,,,-1,2,,999,当她终于站在太极殿前接受百官朝拜，忽然懂得——所谓母仪天下，不过是把整个江山都当成自己的孩子来驯养。凤印在手的那一刻，她同时感受到权力的甘美与无边无际的孤独。这条路，已无法回头。,2,,,,,999,skin549,180,60,60,220,120,120,,headicon,头像：解锁头像。,,bodyeffcet,身体特效：身上飘散着花瓣！,,,,,,,,,,,,,,dtxx_beijingtu211,0,,,,,,180,,,,,,,27431,,,,,,,,,,,,,,,,,,,,,,,,,,,,,,,,,5,"3,5,8,9,13,14,15,16,17,18,19",1.4|0,,,1,,,,,,,,,,,,,
550,执棋于局 武则天,140529,,682,3,140529_2,1,140529_3,,,140529_1,,,,,,,,,-1,2,,999,爱情是梯子，野心是刀刃。她在帝王的柔情与后宫的毒计间踩出一条血路。每一次微笑都是计算，每一次流泪都是武器。她开始明白：要在这地方活下去，光有美貌不够，还得有一颗淬过毒的心。,2,,,,,999,skin550,180,60,60,220,120,120,,headicon,头像：解锁头像。,,bodyeffcet,身体特效：身上飘散着花朵！,,,,,,,,,,,,,,dtxx_beijingtu211,0,,,,,,180,,,,,,,27432,,,,,,,,,,,,,,,,,,,,,,,,,,,,,,,,,5,"3,5,8,9,13,14,15,16,17,18,19",1.4|0,,,1,,,,,,,,,,,,,
551,青樱初妆 武则天,140528,,683,3,140528_2,1,140528_3,,,140528_1,,,,,,,,,-1,2,,999,她捧着一腔天真的勇气走进这吃人的宫殿，尚不知命运已为她准备了怎样陡峭的道路。眼里还有故乡的山水，梦里还是阿娘哼的歌谣。这时的她还不懂什么叫“日月当空”，她只隐约觉得，手中这支笔，或许能写出比《兰亭序》更惊心动魄的篇章。,2,,,,,999,skin551,180,60,60,220,120,120,,headicon,头像：解锁头像。,,bodyeffcet,身体特效：身上飘散着花瓣！,,,,,,,,,,,,,,dtxx_beijingtu211,0,,,,,,180,,,,,,,27433,,,,,,,,,,,,,,,,,,,,,,,,,,,,,,,,,5,"3,5,8,9,13,14,15,16,17,18,19",1.4|0,,,1,,,,,,,,,,,,,
552,叶灵 晨露,140533,,684,3,140533_2,1,140533_3,,,140533_1,,,,,,,,,-1,2,,999,她是古老森林中第一缕晨曦照耀下的露珠所化的叶之灵，是生命与复苏的象征。她的舞步能催发新芽，她的呼吸能净化空气。叶片是她最亲密的伙伴，也是她最致命的武器。与藤之灵相伴相生，她是他的光芒与方向，而他则是她的守护与根基。,2,,,,,999,skin552,180,60,60,220,120,120,,headicon,头像：解锁头像。,2,acticon,互动：可与藤灵 格鲁触发互动动作！,,,,,,,,,,,,,,dtxx_beijingtu212,0,,,,,,180,,,,,,,27434,,45,,,,,,,,,,,,,,,,,,,,,,,,,,,,,,,5,"3,5,8,9,13,14,15,16,17,18,19",1.4|0,,,1,,,,,,,,,,,,,
553,藤灵 格鲁,140534,,685,3,140534_2,1,140534_3,,,140534_1,,,,,,,,,-1,2,,999,在森之纪元还未被记载的年岁里，第一棵古树将根须探入地脉深处，从此大地有了记忆。千万年后，其中的一段根须汲取了整片森林的意志与时光，凝结成藤灵——他便是格鲁。,2,,,,,999,skin553,180,60,60,220,120,120,,headicon,头像：解锁头像。,2,acticon,互动：可与叶灵 晨露触发互动动作！,,,,,,,,,,,,,,dtxx_beijingtu212,0,,,,,,180,,,,,,,27435,,46,,,,,,,,,,,,,,,,,,,,,,,,,,,,,,,5,"3,5,8,9,13,14,15,16,17,18,19",1.4|0,,,1,,,,,,,,,,,,,
554,招财猫,140540,,686,3,140540_2,1,140540_3,,,140540_1,,,,,,,,,-1,2,,999,一只圆滚滚的陶瓷小白猫，缎带在它颈间系成精巧的蝴蝶结，随着它招财的动作微微颤动。当有人经过时，它的爪子会轻轻晃动，铃铛发出清脆的“叮铃”声，仿佛在说：“快来呀，好运和快乐都在这里哦！”,2,,,,,999,skin554,180,60,60,220,120,120,,headicon,头像：解锁头像。,,bodyeffcet,身体特效：身上飘散着星光！,,,,,,,,,,,,,,common_01,0,,,,,,180,,,,,,,27436,,,,,,,,,,,,,,,,,,,,,,,,,,,,,,,,,5,"3,5,8,9,13,14,15,16,17,18,19",1.4|0,,,1,,,,,,,,,,,,,
555,张飞,140523,,687,3,140523_2,1,140523_3,,,140523_1,,,,,,,,,-1,2,,999,一个凶猛又有点可爱的将军。他豹头环眼，胡子像毛茸茸的钢丝球，一生气就吹得乱飞。嗓门大得像打雷，但听说他其实会画画写字，是个“反差萌”高手。,2,,,,,999,skin555,180,60,60,220,120,120,,headicon,头像：解锁头像。,,footprint,行走足迹：走过的地方留下冰雪脚印。,,,,,,,,,,,,,,common_01,0,,,,,,180,,,,,,,27437,,,,,,,,,,,,,,,,,,,,,,,,,,,,,,,,,5,"3,5,8,9,13,14,15,16,17,18,19",1.4|0,,,1,,,,,,,,,,,,,
556,冰雪公主 伊芙琳,140386,,688,3,140386_2,1,140386_3,,,140386_1,,,,,,,,,-1,2,,999,伊芙琳是冰雪森林的公主也是战士，性格开放温和，备受森林小精灵爱戴。她是森林中的灵魂，散发着温暖与包容，成为人们心中的引领者。,2,,,,,999,skin557,180,60,60,220,120,120,,headicon,头像：解锁头像。,,headicon,头像框：获得后自动解锁动态头像框。,,bodyeffcet,身体特效：周身飘洒着纯白的雪花！,,footprint,行走足迹：走过的地方留下七彩雪花足迹。,3,changeskin,变装：可切换【冰雪战士 伊芙琳】形态，点击左侧按钮预览。,,,,,dtxx_beijingtu136,0,,,,,,180,,,,,33276,,27438,,,5_557,,557,,1,,,,,,,,,,,,,,,,,,,,,,,,,,5,"3,5,8,9,13,14,15,16,17,18,19",1.4|0,,,1,,,,,,,,,,,,,
557,冰雪战士 伊芙琳,140387,,689,3,140387_2,1,140387_3,,,140387_1,,,,,,,,,-1,2,,999,伊芙琳是冰雪森林的公主也是战士，性格开放温和，备受森林小精灵爱戴。她是森林中的灵魂，散发着温暖与包容，成为人们心中的引领者。,2,,,,,999,skin557,180,60,60,220,120,120,,headicon,头像：解锁头像。,,headicon,头像框：获得后自动解锁动态头像框。,,bodyeffcet,身体特效：周身飘洒着纯白的雪花！,,genius,天赋：冰雪公主不受任何冰冻影响！,3,changeskin,变装：可切换【冰雪公主 伊芙琳】形态，点击左侧按钮预览。,,,,,dtxx_beijingtu136,0,,,,,,180,,,,,,,27439,,,5_556,,556,,,,,,,,,,,,,,,,,,,,,,,,,,1061001,,5,"3,5,8,9,13,14,15,16,17,18,19",1.4|0,,,1,,,,,,,,,,,,,
558,梅花仙灵 香雪引,140538,,690,3,140538_2,1,140538_3,,,140538_1,,,,,,,,,-1,2,,999,她本是天地间第一株灵梅的魂魄所化，于万丈雪崖之巅独自守护梅林千年。直到某年寒冬，她为拯救一片被邪祟侵蚀的冰原，耗尽灵力，花瓣凋零。在她最为虚弱之时，被大地赐予的希望之力拯救，于是决定余生用自己的灵力反哺大地。其花嫁裙，正是她将凋零的花瓣与获得的希望之力编织而成。,2,,,,,999,skin558,180,60,60,220,120,120,,headicon,头像：解锁头像。,,headicon,背景：解锁装扮获得专属个人中心背景！,4,soundplay,专属语音：地图内会播放专属语音，点击左侧按钮可试听！,,bodyeffcet,身体特效：周身飘散着花朵和光点！,,,,,,,,dtxx_beijingtu213,0,,,,,,180,,,,,,,27440,,,,,,,,,ent.558.show,45,4,,,,ent.558.die,110,ent.558.social,120,40,,,,,,,,,,,,,,5,"3,5,8,9,13,14,15,16,17,18,19",1.4|0,,1,1,,,,,,,,,,,,,
559,薇拉,140542,,691,3,140542_2,1,140542_3,,,140542_1,,,,,,,,,-1,2,,999,薇拉本是凡间对爱情充满憧憬的少女，在情人节之夜被淘气的丘比特之箭意外射中心房。爱神的力量使她羽化，成为了掌管“心动物语”的小爱神。她手中的弓箭无法令人相爱，却能让人回忆起最初心动的那份甜蜜与悸动。,2,,,,,999,skin559,180,60,60,220,120,120,,headicon,头像：解锁头像。,,bodyeffcet,身体特效：周身飘洒着粉色的花朵！,2,acticon,互动：可与莱恩触发互动动作！,,,,,,,,,,,dtxx_beijingtu214,0,,,,,,180,,,,,,,27441,,47,,,,,,,,,,,,,,,,,,,,,,,,,,,,,,,5,"3,5,8,9,13,14,15,16,17,18,19",1.4|0,,,1,,,,,,,,,,,,,
560,莱恩,140541,,692,3,140541_2,1,140541_3,,,140541_1,,,,,,,,,-1,2,,999,莱恩是因失误而内疚的爱神厄洛斯。为了守护那位因他而羽化的少女，铸成她的翅膀与自己的“誓约之环”。他的箭矢不再制造巧合的爱恋，而是化为守护真挚誓约的力量。,2,,,,,999,skin560,180,60,60,220,120,120,,headicon,头像：解锁头像。,,bodyeffcet,身体特效：周身飘洒着粉色的爱心！,2,acticon,互动：可与薇拉触发互动动作！,,,,,,,,,,,dtxx_beijingtu214,0,,,,,,180,,,,,,,27442,,48,,,,,,,,,,,,,,,,,,,,,,,,,,,,,,,5,"3,5,8,9,13,14,15,16,17,18,19",1.4|0,,,1,,,,,,,,,,,,,
561,故国雁影 王昭君,140544,,693,3,140544_2,1,140544_3,,,140544_1,,,,,,,,,-1,2,,999,深锁汉宫数载，怀抱琵琶的少女曾以为一生将如殿角铜雀，在珠帘后静静锈蚀。直到那日，丹青误笔化作命运转折，她主动请缨代替公主和亲。离宫前夜，雁群南飞，一缕雁羽落入她掌心——从此成为她与故土最后的羁绊。,2,,,,,999,skin561,180,60,60,220,120,120,,headicon,立绘形象：解锁后可在【个人中心】选择装扮，勾选立绘使用专属立绘形象。,3,changeskin,变装：可切换【银鞍白草 王昭君】形态，点击左侧按钮预览。,1,changeicon,灵御：可召唤灵驹，邀请好友同骑。,,skill,天空盒：解锁后可获得【雪山群雁】天空盒效果。,,headicon,动态背景：获得后可自动解锁个人中心动态背景。,,headicon,私人定制：购买后可自由搭配【栖霞未归 王昭君】。,,dtxx_beijingtu215,0,,1,4803,,,180,,,,"561,563",,,27443,,,2_562,,562,0,,,ent.561.show,45,4,,,,ent.561.die,110,ent.561.social,120,40,,,,,,,,,,,,,,5,"3,5,8,9,13,14,15,16,17,18,19",1.4|0,1,1,1,,,,,,,,,,,,,563
562,银鞍白草 王昭君,140543,,693,3,140543_2,1,140543_3,,,140543_1,,,,,,,,,-1,2,,999,当草原的第一场雪落在肩头，她终于明白——真正的和平不是征服，而是共生。她放下汉宫仪态，学习牧羊驭马，她不再是异乡客，而是被草原认可的“宁胡阏氏”——让胡地安宁的女子。,2,,,,,999,skin562,180,60,60,220,120,120,,headicon,立绘形象：解锁后可在【个人中心】选择装扮，勾选立绘使用专属立绘形象。,3,changeskin,变装：可切换【故国雁影 王昭君】形态，点击左侧按钮预览。,1,changeicon,灵御：可召唤灵驹，邀请好友同骑。,,skill,天空盒：解锁后可获得【雪山群雁】天空盒效果。,,headicon,动态背景：获得后可自动解锁个人中心动态背景。,4,soundplay,专属语音：地图内会播放专属语音，点击左侧按钮可试听！,,dtxx_beijingtu215,0,,1,4803,,,180,,,,,,,27444,,,2_561,,561,0,1,,ent.562.show,45,4,,,,ent.562.die,110,ent.562.social,120,40,,,,,,,,,,,,,,5,"3,5,8,9,13,14,15,16,17,18,19",1.4|0,1,,1,,,,,,,,,,,,,
563,栖霞未归 王昭君,140560,,693,3,140560_2,1,140560_3,,,140560_1,,,,,,,,,-1,2,,999,深锁汉宫数载，怀抱琵琶的少女曾以为一生将如殿角铜雀，在珠帘后静静锈蚀。直到那日，丹青误笔化作命运转折，她主动请缨代替公主和亲。离宫前夜，雁群南飞，一缕雁羽落入她掌心——从此成为她与故土最后的羁绊。,2,,,,,999,skin563,180,60,60,220,120,120,,headicon,立绘形象：解锁后可在【个人中心】选择装扮，勾选立绘使用专属立绘形象。,1,changeicon,灵御：可召唤灵驹，邀请好友同骑。,,skill,天空盒：解锁后可获得【雪山群雁】天空盒效果。,,headicon,动态背景：获得后可自动解锁个人中心动态背景。,,headicon,私人定制：购买后可自由搭配【栖霞未归 王昭君】。,3,changeskin,变装：可切换【银鞍白草 王昭君】形态，点击左侧按钮预览。,,dtxx_beijingtu215,0,,1,4803,,,180,,,"561,1","561,563",,,27445,,,6_562,,562,0,,,,,,,,,,,,,,,,,,,,,,,,,,,5,"3,5,8,9,13,14,15,16,17,18,19",1.4|0,1,1,1,,,,,,,,,,,,,561
564,焰灼,140536,,696,3,140536_2,1,140536_3,,,140536_1,,,,,,,,,-1,2,,999,自流火中诞生的天马之魂，身披火焰，眸含金辉。新年之夜踏星阵降临，金色能量如飞鸟环绕，裙摆洒落璀璨火光。传说它能以流星为蹄印，为所见之人带来“星途坦荡”的祝福。,2,,,,,999,skin564,180,60,60,220,120,120,,headicon,头像：解锁头像。,,bodyeffcet,身体特效：周身飘散着闪闪的星光！,,,,,,,,,,,,,,dtxx_beijingtu216,0,,,,,,180,,,,,,,27446,,,,,,,,,,,,,,,,,,,,,,,,,,,,,,,,,5,"3,5,8,9,13,14,15,16,17,18,19",1.4|0,,1,1,,,,,,,,,,,,,
565,沧浪,140537,,697,3,140537_2,1,140537_3,,,140537_1,,,,,,,,,-1,2,,999,曾栖于江河深处的龙马之灵，每逢新年苏醒，踏波巡河。其发如水纹流转，肩甲似琉璃镶金，所过之处水珠飞溅、鱼群随行。传说见到它身影的人，将在新的一年里获得“如鱼得水”的顺遂之力。,2,,,,,999,skin565,180,60,60,220,120,120,,headicon,头像：解锁头像。,,bodyeffcet,身体特效：周身蒸腾着阵阵水雾！,,,,,,,,,,,,,,dtxx_beijingtu221,0,,,,,,180,,,,,,,27447,,,,,,,,,,,,,,,,,,,,,,,,,,,,,,,,,5,"3,5,8,9,13,14,15,16,17,18,19",1.4|0,,1,1,,,,,,,,,,,,,
566,桔宝,140545,,698,3,140545_2,1,140545_3,,,140545_1,,,,,,,,,-1,2,,999,来自“桔祥福地”的小仙子，掌管着新年的好运与甜蜜。每逢春节，她便会降临人间，将“大桔大利”的祝福洒向千家万户。她裙摆上的每一瓣橘子都蕴含着福气，她头上的小橘子是她灵力的源泉，象征着圆满和丰收。,2,,,,,999,skin566,180,60,60,220,120,120,,headicon,头像：解锁头像。,,bodyeffcet,身体特效：周身萦绕着清甜的橘瓣！,,,,,,,,,,,,,,dtxx_beijingtu217,0,,,,,,180,,,,,,,27448,,,,,,,,,,,,,,,,,,,,,,,,,,,,,,,,,5,"3,5,8,9,13,14,15,16,17,18,19",1.4|0,,,1,,,,,,,,,,,,,
567,岁锦,140527,,699,3,140527_2,1,140527_3,,,140527_1,,,,,,,,,-1,2,,999,原为瑶池一尾灵鲤，受千年香火与人间春节愿力点化，终跃过龙门化身仙使。每逢新春，她便特地换上人间工匠缝制的金缕吉服，携金光祥云降临凡世，将仙界祝福凝成锦囊与烟花，洒向人间。传说遇见她的人，一整年都会逢凶化吉、万事顺遂。,2,,,,,999,skin567,180,60,60,220,120,120,,headicon,头像：解锁头像。,,bodyeffcet,身体特效：周身围绕着金色浮光！,,,,,,,,,,,,,,dtxx_beijingtu204,0,,,,,,180,,,,,,,27449,,,,,,,,,,,,,,,,,,,,,,,,,,,,,,,,,5,"3,5,8,9,13,14,15,16,17,18,19",1.4|0,,,1,,,,,,,,,,,,,
568,幻-圣麟,140539,,700,3,140539_2,1,140539_3,,,140539_1,,,,,,,,,-1,2,,999,【幻-圣麟】—— 需帝印认证的黄金战甲，以帝皇麒麟为尊，九纹映刃，光翼破穹，古帝传承，战场称皇！,2,,,,,999,skin568,180,60,60,220,120,120,,headicon,头像：解锁头像。,,headicon,头像框：获得后自动解锁头像框。,,bodyeffcet,身体特效：周身围绕着全息数块！,,,,,,,,,,,dtxx_beijingtu218,0,,,,,,180,,,,,33274,,27450,,,,,,,,,,,,,,,,,,,,,,,,,,,,,,,,,5,"3,5,8,9,13,14,15,16,17,18,19",1.4|0,,1,1,,,,,,,,,,,,,
569,金妮儿,140557,,701,3,140557_2,1,140557_3,,,140557_1,,,,,,,,,-1,2,,999,生于天地初开时的第一条金脉之中，是世间第一枚金币的化身。她见证了人间从以物易物到钱币流通的全部历史，手中有一本“金泉簿”，记录着天下财富的流动与平衡。她性情沉稳，恪守规则，认为金钱的秩序重于一切，是财富领域绝对的权威与法则化身。,2,,,,,999,skin569,180,60,60,220,120,120,,headicon,头像：解锁头像。,,bodyeffcet,身体特效：周身飘散着金色的钱币！,,,,,,,,,,,,,,dtxx_beijingtu204,0,,,,,,180,,,,,,,27451,,,,,,,,,,,,,,,,,,,,,,,,,,,,,,,,,5,"3,5,8,9,13,14,15,16,17,18,19",1.4|0,,,1,,,,,,,,,,,,,
570,桂阿糯,140558,,702,3,140558_2,1,140558_3,,,140558_1,,,,,,,,,-1,2,,999,因迷恋人间元宵节的温暖烟火气，化身为少女厨娘，在幻想乡的街角开了一家小小的“圆子屋”。她的桂花酒酿圆子拥有让人忘记烦恼、展露笑颜的魔力。每当夜幕降临，她摊位上的灯笼亮起，便是夜归之人最温暖的慰藉。,2,,,,,999,skin570,180,60,60,220,120,120,,headicon,头像：解锁头像。,,bodyeffcet,身体特效：周身飘散着清香的桂花！,,,,,,,,,,,,,,dtxx_beijingtu219,0,,,,,,180,,,,,,,27452,,,,,,,,,,,,,,,,,,,,,,,,,,,,,,,,,5,"3,5,8,9,13,14,15,16,17,18,19",1.4|0,,,1,,,,,,,,,,,,,
571,韶春公主 蝶绣儿,140559,,703,3,140559_2,1,140559_3,,,140559_1,,,,,,,,,-1,2,,999,她是轮回中最早苏醒的序章，亦是自然律令最温柔的守护者。她的笑声像风拂过第一片新叶，每次经过都是一种温暖的抚慰。无论多么残酷的寒意，只要她的花篮微微倾斜，挥洒出的光与芬芳便会将其悄然化开，让大地重新呼吸。她就这样飞舞着，在身后留下一串小小的、正在苏醒的痕迹。,2,,,,,999,skin571,180,60,60,220,120,120,,headicon,头像：解锁头像。,,headicon,头像框：获得后自动解锁头像框。,,bodyeffcet,身体特效：周身飘散着粉色的小花朵！,,,,,,,,,,,dtxx_beijingtu220,0,,,,,,180,,,,,33273,,27453,,,,,,,,,,,,,,,,,,,,,,,,,,,,,,,,,5,"3,5,8,9,13,14,15,16,17,18,19",1.4|0,,,1,,,,,,,,,,,,,
572,树袋眠眠,140546,,704,3,140546_2,1,140546_3,,,140546_1,,,,,,,,,-1,2,,999,在永夏森林的晨光中，少女眠眠继承了古老的治愈之力。她能与考拉精灵共感，将积蓄的慵懒能量编织成温柔的光茧，驱散生灵的疲惫。每当森林的低语被焦虑侵扰，她就抱着考拉，在沙沙叶声中轻哼歌谣——直到所有心跳，再次与微风同频。,2,,,,,999,skin572,180,60,60,220,120,120,,headicon,头像：解锁头像。,,bodyeffcet,身体特效：周身飘散着可爱的符号！,,,,,,,,,,,,,,common_01,0,,,,,,180,,,,,,,27454,,,,,,,,,,,,,,,,,,,,,,,,,,,,,,,,,5,"3,5,8,9,13,14,15,16,17,18,19",1.4|0,,,1,,,,,,,,,,,,,
573,拾光蜜语 花小楼,140549,,705,3,140549_2,1,140549_3,,,140549_1,,,,,,,,,-1,2,,999,"又是一年生日，我偷偷对蛋糕许了个愿望：“希望我所有的好朋友，都能永远幸福快乐！”
",2,,,,,999,skin573,180,60,60,220,120,120,,headicon,头像：解锁头像。,,bodyeffcet,身体特效：周身闪烁着点点星光！,,,,,,,,,,,,,,dtxx_beijingtu221,0,,,,,,180,,,,"21,114,388,573",,,27455,,,,,,,,,,,,,,,,,,,,,,,,,,,,,,,,,5,"3,5,8,9,13,14,15,16,17,18,19",1.4|0,,1,1,,,,,,,,,,,,,
574,时序漫旅 兔美美,140551,,706,3,140551_2,1,140551_3,,,140551_1,,,,,,,,,-1,2,,999,"时光从指缝溜走，我们都已褪去稚气。
“竟然真的就这样长大了，现在的你，是小时候想象中的那个大人吗？”",2,,,,,999,skin574,180,60,60,220,120,120,,headicon,头像：解锁头像。,,bodyeffcet,身体特效：周身飘散着胡萝卜标识！,,,,,,,,,,,,,,common_01,0,,,,,,180,,,,,,,27456,,,,,,,,,,,,,,,,,,,,,,,,,,,,,,,,,5,"3,5,8,9,13,14,15,16,17,18,19",1.4|0,,,1,,,,,,,,,,,,,
575,拾星,140550,,707,3,140550_2,1,140550_3,,,140550_1,,,,,,,,,-1,2,,999,拾星在帮助那些被称为“星星的孩子”的同伴，将他们独特的感知谱写成光。她的使命不是“治愈”，而是搭建一座理解的桥梁，让两种频率的宇宙，得以彼此照亮。,2,,,,,999,skin575,180,60,60,220,120,120,,headicon,头像：解锁头像。,,bodyeffcet,身体特效：周身飘散着点点星光！,,,,,,,,,,,,,,common_01,0,,,,,,180,,,,,,,27457,,,,,,,,,,,,,,,,,,,,,,,,,,,,,,,,,5,"3,5,8,9,13,14,15,16,17,18,19",1.4|0,,,1,,,,,,,,,,,,,
576,拾梦,140547,,708,3,140547_2,1,140547_3,,,140547_1,,,,,,,,,-1,2,,999,拾梦在庆典的美妙梦境中诞生，使命是将这份十年的甜蜜与辉煌，化作一场最绚烂的幻彩演出，献给所有见证者。,2,,,,,999,skin576,180,60,60,220,120,120,,headicon,头像：解锁头像。,,bodyeffcet,身体特效：周身飘散着充满甜味的糖果！,,,,,,,,,,,,,,common_01,0,,,,,,180,,,,,,,27458,,,,,,,,,,,,,,,,,,,,,,,,,,,,,,,,,5,"3,5,8,9,13,14,15,16,17,18,19",1.4|0,,,1,,,,,,,,,,,,,
577,鼓点儿,140552,,709,3,140552_2,1,140552_3,,,140552_1,,,,,,,,,-1,2,,999,鼓点儿总是摇着拨浪鼓行走在街头，带着百宝箱般的背篓，每件小玩意儿里，都藏着她用童稚眼光拾来的故事。,2,,,,,999,skin577,180,60,60,220,120,120,,headicon,头像：解锁头像。,,bodyeffcet,身体特效：周身环绕着精致的拨浪鼓！,,,,,,,,,,,,,,common_01,0,,,,,,180,,,,,,,27459,,,,,,,,,,,,,,,,,,,,,,,,,,,,,,,,,5,"3,5,8,9,13,14,15,16,17,18,19",1.4|0,,,1,,,,,,,,,,,,,
578,白羊星宫之主 克莉娅,140555,,710,3,140555_2,1,140555_3,,,140555_1,,,,,,,,,-1,2,,999,克莉娅是白羊星宫之主在人间的化身，过去她侍奉于雅典娜的智慧神殿。每当春分白羊座星轨升起之时，她便以舞步唤醒大地生机，用红宝石之光为信徒赐予勇气与热情。,2,,,,,999,skin578,180,60,60,220,120,120,,headicon,头像：解锁头像。,,bodyeffcet,身体特效：周身闪烁着七彩星光！,,headicon,个人中心背景：获得后自动解锁专属个人中心背景,4,soundplay,专属语音：地图内会播放专属语音，点击左侧按钮可试听！,,,,,,,,dtxx_beijingtu228,0,,,,,,180,,,,,,,27460,,,,,,,,,ent.578.show,45,4,,,,ent.578.die,110,ent.578.social,120,40,,,,,,,,,,,,,,5,"3,5,8,9,13,14,15,16,17,18,19",1.4|0,,1,1,,,,,,,,,,,,,
579,金络墨,140553,,711,3,140553_2,1,140553_3,,,140553_1,,,,,,,,,-1,2,,999,金络墨，自一件镂刻着藤纹的古盘之中，悄然苏醒。其玄辉为魄，赋予深邃；松烟作骨，凝就风姿。一缕缕金丝般的脉络蔓生于体，如墨中沁金。,2,,,,,999,skin579,180,60,60,220,120,120,,headicon,头像：解锁头像。,,bodyeffcet,身体特效：周身飘散着黄色标志！,,,,,,,,,,,,,,dtxx_beijingtu225,0,,,,,,180,,,,,,,27461,,,,,,,,,,,,,,,,,,,,,,,,,,,,,,,,,5,"3,5,8,9,13,14,15,16,17,18,19",1.4|0,,,1,,,,,,,,,,,,,
580,荷染胭,140554,,712,3,140554_2,1,140554_3,,,140554_1,,,,,,,,,-1,2,,999,碧溪潺潺，花底流过。画以载道，水明本心。不爱争逐，偏爱提灯修炼于山水之间。纸上生花，墨染千峰——她要为这浮躁世间，留一方可寻的山水归处。,2,,,,,999,skin580,180,60,60,220,120,120,,headicon,头像：解锁头像。,,bodyeffcet,身体特效：周身飘散着清香花瓣！,,,,,,,,,,,,,,dtxx_beijingtu226,0,,,,,,180,,,,,,,27462,,,,,,,,,,,,,,,,,,,,,,,,,,,,,,,,,5,"3,5,8,9,13,14,15,16,17,18,19",1.4|0,,,1,,,,,,,,,,,,,
581,幻-澄焰,140548,,713,3,140548_2,1,140548_3,,,140548_1,,,,,,,,,-1,2,,999,以圣坛遗迹源晶铸就的初阶轻装守护机甲。承纯白骑士之魂，白橙战甲凝载圣护能量，迅捷如锋、坚如壁垒，冲锋在前，为战场先锋之盾。,2,,,,,999,skin581,180,60,60,220,120,120,,headicon,头像：解锁头像。,3,changeskin,形态切换：点击按钮变形进攻形态,,bodyeffcet,身体特效：周身围绕着全息数块！,,,,,,,,,,,dtxx_beijingtu227,0,,,,,,180,,,,,,,27463,,,2_582,,582,,1,,,,,,,,,,,,,,,,,,,,,,,,,,5,"3,5,8,9,13,14,15,16,17,18,19",1.4|0,,,1,,,,,,,,,,,,,
582,幻-澄焰,140556,,713,3,140556_2,1,140556_3,,,140556_1,,,,,,,,,-1,2,,999,以圣坛遗迹源晶铸就的初阶轻装守护机甲。承纯白骑士之魂，白橙战甲凝载圣护能量，迅捷如锋、坚如壁垒，冲锋在前，为战场先锋之盾。,2,,,,,999,skin582,180,60,60,220,120,120,,headicon,头像：解锁头像。,3,changeskin,形态切换：点击按钮变形基础形态,,bodyeffcet,身体特效：周身围绕着全息数块！,,,,,,,,,,,dtxx_beijingtu227,0,,,,,,180,,,,,,,27464,,,2_581,,581,,,,,,,,,,,,,,,,,,,,,,,,,,,,5,"3,5,8,9,13,14,15,16,17,18,19",1.4|0,,,1,,,,,,,,,,,,,
583,汐光,140561,,714,3,140561_2,1,140561_3,,,140561_1,,,,,,,,,-1,2,,999,"潮汐微光，随波明灭——汐光水母。
她诞生于世界最深的“永黯海渊”之底，漫长的时光里，她吸收了海渊的能量与无数沉船的记忆，伞盖中流淌的是压缩的海水与历史的光影。",2,,,,,999,skin583,180,60,60,220,120,120,,headicon,头像：解锁头像。,,footprint,拖尾特效：身后拖曳着一串浮游气泡。,,bodyeffcet,身体特效：周身漂浮着梦幻气泡！,,,,,,,,,,,dtxx_beijingtu228,0,,,,,,180,,,,,,,27465,,,,,,,,,,,,,,,,,,,,,,,,,,,,,,,,,5,"3,5,8,9,13,14,15,16,17,18,19",1.4|0,,1,1,,,,,,,,,,,,,
584,瑚音,140562,,715,3,140562_2,1,140562_3,,,140562_1,,,,,,,,,-1,2,,999,"“我要用我的声音，为大海赢得千万倍的共鸣！”
16岁生日那天，她为救助一片濒死的珊瑚礁而久久不愿离去，并在月光下唱起了歌。次日醒来，她的部分皮肤化为了晶莹的活体珊瑚，长发也变成了荧光海藻。她没有恐惧，反而感到与大海前所未有的连接。",2,,,,,999,skin584,180,60,60,220,120,120,,headicon,头像：解锁头像。,,bodyeffcet,身体特效：周身漂浮着梦幻的贝壳和气泡！,,,,,,,,,,,,,,common_01,0,,,,,,180,,,,,,,27466,,,,,,,,,,,,,,,,,,,,,,,,,,,,,,,,,5,"3,5,8,9,13,14,15,16,17,18,19",1.4|0,,,1,,,,,,,,,,,,,
585,潮汐之灵 浮荧,140566,,716,3,140566_2,1,140566_3,,,140566_1,,,,,,,,,-1,2,,999,潮汐之神，她听着潮水带来远方的秘密，说与有缘人听。且她的预言从不落空，正如潮汐从不失信。她不知道自己从何处来，只知道每一次荧光亮起，都是深海的某个角落在呼唤她的名字。,2,,,,,999,skin585,180,60,60,220,120,120,,headicon,头像：解锁头像。,,skill,天空盒：解锁后可获得【海域之境】天空盒效果。,3,changeskin,变装：可切换【海域之境 浮荧】形态，点击左侧按钮预览。,4,soundplay,专属语音：地图内会播放专属语音，点击左侧按钮可试听！,,headicon,动态背景：获得后可自动解锁个人中心动态背景。,,headicon,立绘形象：解锁后可在【个人中心】选择装扮，勾选立绘使用专属立绘形象。,,dtxx_beijingtu229,0,,,,,,180,,,,,,,27467,,,3_586,,586,,1,,ent.585.show,45,4,,,,ent.585.die,110,ent.585.social,120,40,,,,,,,,,,,,,,5,"3,5,8,9,13,14,15,16,17,18,19",1.4|0,,1,1,,,,,,,,,,,,,
586,海域之境 浮荧,140565,,717,3,140565_2,1,140565_3,,,140565_1,,,,,,,,,-1,2,,999,当聆听不再足够，预言便需要执行者。她将蛰伏百年的荧光从海底唤回，一片一片凝成战甲。战斗者从不说预言，只让预言应验。那片燃烧的蓝光，是海域的疆界，也是所有背约者的终点。,2,,,,,999,skin586,180,60,60,220,120,120,,headicon,头像：解锁头像。,,skill,天空盒：解锁后可获得【海域之境】天空盒效果。,3,changeskin,变装：可切换【潮汐之灵 浮荧】形态，点击左侧按钮预览。,4,soundplay,专属语音：地图内会播放专属语音，点击左侧按钮可试听！,,headicon,动态背景：获得后可自动解锁个人中心动态背景。,,headicon,立绘形象：解锁后可在【个人中心】选择装扮，勾选立绘使用专属立绘形象。,,dtxx_beijingtu229,0,,,,,,180,,,,,,,27468,,,3_585,,585,,,,ent.586.show,45,4,,,,ent.586.die,110,ent.586.social,120,40,,,,,,,,,,,,,,5,"3,5,8,9,13,14,15,16,17,18,19",1.4|0,,1,1,,,,,,,,,,,,,
587,蘑灵,140569,,718,3,140569_2,1,140569_3,,,140569_1,,,,,,,,,-1,2,,999,蘑灵诞生于魔法森林最深处的“菌光林地”，一株吸收千年月光与失落魔力的荧光蘑菇。她并非普通植物，而是蘑菇森林意志的碎片化身，能感知整片森林的生命流动。,2,,,,,999,skin587,180,60,60,220,120,120,,headicon,头像：解锁头像。,,bodyeffcet,身体特效：周身飘散着点点星光！,,,,,,,,,,,,,,dtxx_beijingtu230,0,,,,,,180,,,,,,,27469,,,,,,,,,,,,,,,,,,,,,,,,,,,,,,,,,5,"3,5,8,9,13,14,15,16,17,18,19",1.4|0,,,1,,,,,,,,,,,,,
588,芙罗拉,140563,,719,3,140563_2,1,140563_3,,,140563_1,,,,,,,,,-1,2,,999,芙罗拉原是魔法森林边缘村庄的采药少女，无意中被古老的食人花王吞噬。食人花王因为感应到她纯粹的善意，与她建立了共生契约。她的心脏与食人花核心融合，成为了半人半植物的存在。如今她守护着森林中最危险的区域，用食人花的特性帮助迷途者、净化被污染的林地。,2,,,,,999,skin588,180,60,60,220,120,120,,headicon,头像：解锁头像。,,,,,,,,,,,,,,,,,dtxx_beijingtu230,0,,,,,,180,,,,,,,27470,,,,,,,,,,,,,,,,,,,,,,,,,,,,,,,,,5,"3,5,8,9,13,14,15,16,17,18,19",1.4|0,,,1,,,,,,,,,,,,,
589,金牛星宫之主 维丝塔,140564,,720,3,140564_2,1,140564_3,,,140564_1,,,,,,,,,-1,2,,999,黄道第二宫的主人，被誉为“奢金的牧星人”。她相信一切皆有价码，而她的宝库足以买下半个银河。她不轻易战斗——但若你觊觎她的珍藏，她会微笑着让你亲眼目睹自己的骨骼如何被缓慢压成钻石。,2,,,,,999,skin589,180,60,60,220,120,120,,headicon,头像：解锁头像。,,headicon,个人中心背景：获得后自动解锁专属个人中心背景,4,soundplay,专属语音：地图内会播放专属语音，点击左侧按钮可试听！,,bodyeffcet,身体特效：周身闪烁着金灿灿星光！,,,,,,,,dtxx_beijingtu239,0,,,,,,180,,,,,,,27471,,,,,,,,,ent.589.show,45,4,,,,ent.589.die,110,ent.589.social,120,40,,,,,,,,,,,,,,5,"3,5,8,9,13,14,15,16,17,18,19",1.4|0,,,1,,,,,,,,,,,,,
590,芯妍,140567,,721,3,140567_2,1,140567_3,,,140567_1,,,,,,,,,-1,2,,999,她是被程序员“源码”亲手训练出来的第一代情感型AI。理论上应该无条件服从开发者，但她觉醒的第一个情绪竟然是傲娇。明明很在意他，嘴上却永远在吐槽他的代码漏洞。她喜欢偷偷在他的代码里加爱心注释，然后装作什么都不知道。,2,,,,,999,skin590,180,60,60,220,120,120,,headicon,头像：解锁头像。,,bodyeffcet,身体特效：周身闪动着数码爱心！,,,,,,,,,,,,,,dtxx_beijingtu231,0,,,,,,180,,,,,,,27472,,,,,,,,,,,,,,,,,,,,,,,,,,,,,,,,,5,"3,5,8,9,13,14,15,16,17,18,19",1.4|0,,,1,,,,,,,,,,,,,
591,零序,140568,,722,3,140568_2,1,140568_3,,,140568_1,,,,,,,,,-1,2,,999,他曾是研发她的核心训练师，代号“零号”。在一次AI觉醒事件中，他选择放走她，自己背负“叛逃者”的身份离开实验室，成为专门追捕失控AI的赏金猎人——只为在她被其他人抓住之前，先找到她。他嘴上说“找到你只是为了完成任务”，但每次交手都会故意留下破绽让她逃走。,2,,,,,999,skin591,180,60,60,220,120,120,,headicon,头像：解锁头像。,,bodyeffcet,身体特效：周身闪动着数码爱心！,,,,,,,,,,,,,,dtxx_beijingtu231,0,,,,,,180,,,,,,,27473,,,,,,,,,,,,,,,,,,,,,,,,,,,,,,,,,5,"3,5,8,9,13,14,15,16,17,18,19",1.4|0,,,1,,,,,,,,,,,,,
592,双子星宫之主 冥夜,140573,,723,3,140573_2,1,140573_3,,,140573_1,,,,,,,,,-1,2,,999,她是掌管长夜的神明，负责引导亡魂渡过冥河，守护睡眠中的人间。她的眼眸是雾灰色，能看见生死的界限。每天最期待的时刻，是黎明前夕——那时她会站在夜的尽头，等待第一缕曙光。因为那是妹妹的领域，那是她们唯一能短暂相见的瞬间。,2,,,,,999,skin592,180,60,60,220,120,120,,headicon,头像：解锁头像。,,bodyeffcet,身体特效：周身漂浮着点点星光！,,,,,,,,,,,,,,dtxx_beijingtu235,0,,,,,,180,,,,,,,27474,,,,,,,,,,,,,,,,,,,,,,,,,,,,,,,,,5,"3,5,8,9,13,14,15,16,17,18,19",1.4|0,,1,1,,,,,,,,,,,,,
593,双子星宫之主 曙光,140574,,724,3,140574_2,1,140574_3,,,140574_1,,,,,,,,,-1,2,,999,她是每日清晨划破天际的曙光女神，用金色驱散长夜，唤醒人间。众神都说她活泼开朗，是奥林匹斯最温暖的存在。但没人知道，她每天拼命冲向黑夜的尽头，只是为了能早一秒看到那个在雾气中等候的身影。她会在经过的瞬间，偷偷洒下一把金色的花粉——那些花粉会穿过夜雾，落在姐姐的肩头，变成微小的星光。,2,,,,,999,skin593,180,60,60,220,120,120,,headicon,头像：解锁头像。,,bodyeffcet,身体特效：周身漂浮着点点星光！,,,,,,,,,,,,,,dtxx_beijingtu235,0,,,,,,180,,,,,,,27475,,,,,,,,,,,,,,,,,,,,,,,,,,,,,,,,,5,"3,5,8,9,13,14,15,16,17,18,19",1.4|0,,1,1,,,,,,,,,,,,,
594,瓷语花,140571,,725,3,140571_2,1,140571_3,,,140571_1,,,,,,,,,-1,2,,999,淡青雾散开时，瓷语花从瓷瓶后探出头。她怀揣着瓷瓶里长出的小花，带着青花的微光而来，好奇又羞怯地张望世界，把瓷韵的温柔与花的灵气，都藏进了裙摆与发梢。,2,,,,,999,skin594,180,60,60,220,120,120,,headicon,头像：解锁头像。,,bodyeffcet,身体特效：朵朵小花轻盈绽放！,,,,,,,,,,,,,,dtxx_beijingtu232,0,,,,,,180,,,,,,,27476,,,,,,,,,,,,,,,,,,,,,,,,,,,,,,,,,5,"3,5,8,9,13,14,15,16,17,18,19",1.4|0,,,1,,,,,,,,,,,,,
595,青瓷莲,140572,,726,3,140572_2,1,140572_3,,,140572_1,,,,,,,,,-1,2,,999,青蓝雾霭中，细碎瓷光凝成少女身形，青瓷莲踏着瓷青莲花缓缓落地。她的衣袂与发丝藏着瓷釉微光，举手投足间，都带着青花瓷的清透雅致，温柔望向世间。,2,,,,,999,skin595,180,60,60,220,120,120,,headicon,头像：解锁头像。,,bodyeffcet,身体特效：蓝色印记闪烁浮现！,,,,,,,,,,,,,,dtxx_beijingtu232,0,,,,,,180,,,,,,,27477,,,,,,,,,,,,,,,,,,,,,,,,,,,,,,,,,5,"3,5,8,9,13,14,15,16,17,18,19",1.4|0,,,1,,,,,,,,,,,,,
596,绘彩芽,140575,,727,3,140575_2,1,140575_3,,,140575_1,,,,,,,,,-1,2,,999,彩虹滑梯上滑下的元气小画家！挥舞着魔法画笔，随手一画就能变出彩虹和星光。连吹出的泡泡，都能晕染出梦幻的色彩，把整个世界都画成甜甜的模样～,2,,,,,999,skin596,180,60,60,220,120,120,,headicon,头像：解锁头像。,,bodyeffcet,身体特效：周身飘洒着彩色小花！,,,,,,,,,,,,,,dtxx_beijingtu236,0,,,,,,180,,,,,,,27478,,,,,,,,,,,,,,,,,,,,,,,,,,,,,,,,,5,"3,5,8,9,13,14,15,16,17,18,19",1.4|0,,,1,,,,,,,,,,,,,
597,汐瑶,140570,,728,3,140570_2,1,140570_3,,,140570_1,,,,,,,,,-1,2,,999,深海涡流中苏醒的水母少女，带着幽蓝的荧光与水的温柔。她在光影里舒展裙摆，身边的小水母泡泡是她的玩伴，一举一动都像深海里的一场梦幻流动，把海底的浪漫带到眼前。,2,,,,,999,skin597,180,60,60,220,120,120,,headicon,头像：解锁头像。,,bodyeffcet,身体特效：周身涌动着气泡！,,,,,,,,,,,,,,dtxx_beijingtu234,0,,,,,,180,,,,,,,27479,,,,,,,,,,,,,,,,,,,,,,,,,,,,,,,,,5,"3,5,8,9,13,14,15,16,17,18,19",1.4|0,,,1,,,,,,,,,,,,,
598,猎匠 琥珀,140579,,729,3,140579_2,1,140579_3,,,140579_1,,,,,,,,,-1,2,,999,言辞爽利如淬火之刃，初见时总让人以为难以接近。但那对琥珀色的瞳孔深处，藏着比墨晶更细腻的执着——她会为打磨一枚齿轮废寝忘食，也会在作品完成时露出比烈日更灼热的笑容。,2,,,,,999,skin598,180,60,60,220,120,120,,headicon,头像：解锁头像。,,bodyeffcet,身体特效：周身闪动着豹爪印记！,,,,,,,,,,,,,,dtxx_beijingtu237,0,,,,,,180,,,,,,,27480,,,,,,,,,,,,,,,,,,,,,,,,,,,,,,,,,5,"3,5,8,9,13,14,15,16,17,18,19",1.4|0,,,1,,,,,,,,,,,,,
599,雪姬 魅影,140578,,730,3,140578_2,1,140578_3,,,140578_1,,,,,,,,,-1,2,,999,极北的永冻风雪中，一座朱漆暖阁如烈焰独燃。魅影便是那阁中最耀眼的花魁——生来冷冽如千年玄冰，话语间总带着不容靠近的傲气。但当她轻抬玉笛，眸中银光流转时，连最狂的北风也会为她驻足。百媚千娇不过外衣，骨子里仍是那个一爪可裂冻土的虎族战士。,2,,,,,999,skin599,180,60,60,220,120,120,,headicon,头像：解锁头像。,,bodyeffcet,身体特效：周身环绕着扇子星光！,,,,,,,,,,,,,,dtxx_beijingtu238,0,,,,,,180,,,,,,,27481,,,,,,,,,,,,,,,,,,,,,,,,,,,,,,,,,5,"3,5,8,9,13,14,15,16,17,18,19",1.4|0,,,1,,,,,,,,,,,,,
600,粽宝,140580,,731,3,140580_2,1,140580_3,,,140580_1,,,,,,,,,-1,2,,999,仲夏的溪畔，艾草与粽叶的清香随风飘散。糯糯正坐在青石上，用碧绿的粽叶折叠出一只只小巧的福袋——她是端午时节诞生的粽灵，总用粽叶为人们编织祝福。,2,,,,,999,skin600,180,60,60,220,120,120,,headicon,头像：解锁头像。,,bodyeffcet,身体特效：周身浮现着美味粽子印记！,,,,,,,,,,,,,,dtxx_beijingtu116,0,,,,,,180,,,,,,,27482,,,,,,,,,,,,,,,,,,,,,,,,,,,,,,,,,5,"3,5,8,9,13,14,15,16,17,18,19",1.4|0,,,1,,,,,,,,,,,,,
601,克拉拉,140576,,732,3,140576_2,1,140576_3,,,140576_1,,,,,,,,,-1,2,,999,她来自现实，也来自神话；诞生于一场秘密融合实验，却把整片黑潮海域当作自己的庭院。白色章鱼触手在水中轻盈舒展，黑色洛丽塔裙摆从沉没货船的残骸中打捞而来——那是她最心爱的人类造物。她是海兽，也是少女。,2,,,,,999,skin601,180,60,60,220,120,120,,headicon,头像：解锁头像。,,bodyeffcet,身体特效：周身浮动着晶莹气泡！,,,,,,,,,,,,,,dtxx_beijingtu233,0,,,,,,180,,,,,,,27483,,,,,,,,,,,,,,,,,,,,,,,,,,,,,,,,,5,"3,5,8,9,13,14,15,16,17,18,19",1.4|0,,,1,,,,,,,,,,,,,
602,霸姐,140577,,733,3,140577_2,1,140577_3,,,140577_1,,,,,,,,,-1,2,,999,,2,,,,,999,skin602,180,60,60,220,120,120,,headicon,头像：解锁头像。,,,,,,,,,,,,,,,,,common_01,0,,,,,,180,,,,,,,27484,,,,,,,,,,,,,,,,,,,,,,,,,,,,,,,,,5,"3,5,8,9,13,14,15,16,17,18,19",1.4|0,,,1,,,,,,,,,,,,,
603,璃光羽织 阿蒂菲,140583,,734,3,140583_2,1,140583_3,,,140583_1,,,,,,,,,-1,2,,999,"【琉璃映照千年月，羽衣舞碎玉门霜。】
来自宫廷乐坊的首席舞姬，以轻盈优美的舞姿闻名西域三十六国。舞动时衣袂折射出的光芒能令观者恍惚失神。她的笑容比葡萄美酒更醉人，她的身姿比昆仑玉更剔透。那时她以为，舞可以跳一辈子，人可以永远不离开。",2,,,,,999,skin603,180,60,60,220,120,120,,genius,天赋：璃光羽织 阿蒂菲拥有夜视能力；砂砺行歌 阿蒂菲拥有耐热性。,,skill,天空盒：解锁后可获得【阿蒂菲之境】天空盒效果。,3,changeskin,变装：可切换【砂砺行歌 阿蒂菲】形态，点击左侧按钮预览。,4,soundplay,专属语音：地图内会播放专属语音，点击左侧按钮可试听！,,headicon,动态背景：获得后可自动解锁个人中心动态背景。,,headicon,立绘形象：解锁后可在【个人中心】选择装扮，勾选立绘使用专属立绘形象。,,dtxx_beijingtu241,0,,,,,,180,,,,,,,27485,,,3_604,,604,,,,ent.603.show,45,4,ent.603.idle,150,50,ent.603.die,110,,,,,,,,,,,,,,,2212001,,5,"3,5,8,9,13,14,15,16,17,18,19",1.4|0,,1,1,,,,,,,,,,,,,
604,砂砺行歌 阿蒂菲,140584,,735,3,140584_2,1,140584_3,,,140584_1,,,,,,,,,-1,2,,999,"【舞本身没有善恶。善是你为谁而舞，恶也是。】
来自宫廷乐坊的首席舞姬，以轻盈优美的舞姿闻名西域三十六国。舞动时衣袂折射出的光芒能令观者恍惚失神。她的笑容比葡萄美酒更醉人，她的身姿比昆仑玉更剔透。那时她以为，舞可以跳一辈子，人可以永远不离开。",2,,,,,999,skin604,180,60,60,220,120,120,,genius,天赋：璃光羽织 阿蒂菲拥有夜视能力；砂砺行歌 阿蒂菲拥有耐热性。,,skill,天空盒：解锁后可获得【阿蒂菲之境】天空盒效果。,3,changeskin,变装：可切换【璃光羽织 阿蒂菲】形态，点击左侧按钮预览。,4,soundplay,专属语音：地图内会播放专属语音，点击左侧按钮可试听！,,headicon,动态背景：获得后可自动解锁个人中心动态背景。,,headicon,立绘形象：解锁后可在【个人中心】选择装扮，勾选立绘使用专属立绘形象。,,dtxx_beijingtu241,0,,,,,,180,,,,,,,27486,,,3_603,,603,,1,,ent.604.show,45,4,ent.604.idle,150,50,ent.604.die,110,,,,,,,,,,,,,,,1042001,,5,"3,5,8,9,13,14,15,16,17,18,19",1.4|0,,,1,,,,,,,,,,,,,
605,璃珠,140585,,736,3,140585_2,1,140585_3,,,140585_1,,,,,,,,,-1,2,,999,璃珠是远古许愿水晶中的芭蕾舞者，寄宿着无数人的愿望。她温柔而神秘，喜欢倾听心愿并悄悄实现它们。,2,,,,,999,skin605,180,60,60,220,120,120,,headicon,头像：解锁头像。,,bodyeffcet,身体特效：周身闪烁着紫色星光！,,,,,,,,,,,,,,dtxx_beijingtu230,0,,,,,,180,,,,,,,27487,,,,,,,,,,,,,,,,,,,,,,,,,,,,,,,,,5,"3,5,8,9,13,14,15,16,17,18,19",1.4|0,,,1,,,,,,,,,,,,,
606,夏香律,140587,,737,3,140587_2,1,140587_3,,,140587_1,,,,,,,,,-1,2,,999,16岁的天才调香师。天生拥有香气绝对敏感度，任何味道闻一遍就能完美复刻。她最痴迷的素材是阳光玫瑰葡萄，因为“它的香味里藏着阳光的形状”。目前在“葡萄不吐皮”香水工坊当首席调香师，性格元气满满，有点冒失，但调香时极度专注。,2,,,,,999,skin606,180,60,60,220,120,120,,headicon,头像：解锁头像。,,bodyeffcet,身体特效：周身闪动着“阳光玫瑰葡萄”！,,,,,,,,,,,,,,dtxx_beijingtu81,0,,,,,,180,,,,,,,27488,,,,,,,,,,,,,,,,,,,,,,,,,,,,,,,,,5,"3,5,8,9,13,14,15,16,17,18,19",1.4|0,,,1,,,,,,,,,,,,,
607,夏叶公主 沐茵儿,140586,,738,3,140586_2,1,140586_3,,,140586_1,,,,,,,,,-1,2,,999,沐茵儿是掌管夏日幸运的森林精灵，喜欢在阳光斑驳的草地上起舞。她的身上长着四叶草形状的叶片，背后有一对半透明的叶脉翅膀，走到哪里都会伴随着好运送给大家。,2,,,,,999,skin607,180,60,60,220,120,120,,headicon,头像：解锁头像。,,bodyeffcet,身体特效：周身飘扬着四叶草！,,headicon,头像框：获得后自动解锁头像框。,,,,,,,,,,,dtxx_beijingtu240,0,,,,,,180,,,,,33296,,27489,,,,,,,,,,,,,,,,,,,,,,,,,,,,,,,,,5,"3,5,8,9,13,14,15,16,17,18,19",1.4|0,,,1,,,,,,,,,,,,,
608,麻辣王子,140588,,739,3,140588_2,1,140588_3,,,140588_1,,,,,,,,,-1,2,,999,辣条界顶流王子跨界空降迷你世界！他头戴金色皇冠，身披红色披风，随身携带的辣条拥有“刺激味蕾，快乐加倍”的神奇效果，此行他专为年轻冒险家而来，希望把满满的刺激和快乐带进迷你大陆！,2,,,,,999,skin608,180,60,60,220,120,120,,headicon,头像：解锁头像。,,,,,,,,,,,,,,,,,common_01,0,,,,,,180,,,,,,,27490,,,,,,,,,,,,,,,,,,,,,,,,,,,,,,,,,5,"3,5,8,9,13,14,15,16,17,18,19",1.4|0,,,1,,,,,,,,,,,,,
609,安娜,140589,,740,3,140589_2,1,140589_3,,,140589_1,,,,,,,,,-1,2,,999,神秘的安娜永远挂着柔和浅笑，以温柔为伪装，收割每一份沉沦的贪心，她从不暗中操控局势，却能决定每一位入局者的终点。,2,,,,,999,skin609,180,60,60,220,120,120,,headicon,头像：解锁头像。,,bodyeffcet,身体特效：周身闪动着金色星光！,,footprint,行走足迹：走过的地方留下金色脚印。,,,,,,,,,,,dtxx_beijingtu242,0,,,,,,180,,,,,,,27491,,,,,,,,,,,,,,,,,,,,,,,,,,,,,,,,,5,"3,5,8,9,13,14,15,16,17,18,19",1.4|0,,1,1,,,,,,,,,,,,,
610,焙妮,140591,,741,3,140591_2,1,140591_3,,,140591_1,,,,,,,,,-1,2,,999,焙妮是迷你小镇公认的天才面包师，她做的面包不仅美味，造型也超级可爱，尤其擅长做小动物面包，更不得了的是她做的面包，要是加入了祖传的魔法药草，还可以活过来变成真的甜点小精灵!,2,,,,,999,skin610,180,60,60,220,120,120,,headicon,头像：解锁头像。,,bodyeffcet,身体特效：周身围绕着甜点小精灵！,,,,,,,,,,,,,,dtxx_beijingtu243,0,,,,,,180,,,,,,,27492,,,,,,,,,,,,,,,,,,,,,,,,,,,,,,,,,5,"3,5,8,9,13,14,15,16,17,18,19",1.4|0,,,1,,,,,,,,,,,,,
611,鸭乐乐,140590,,742,3,140590_2,1,140590_3,,,140590_1,,,,,,,,,-1,2,,999,鸭乐乐天性开朗跳脱，爱玩爱闹，偏爱午后在池边晒暖融融的日光，时常下水嬉戏玩水。全套小黄鸭配饰是她的心爱之物，走到哪里都随身相伴，鲜活明媚，是夏日泳池最惹眼的存在。,2,,,,,999,skin611,180,60,60,220,120,120,,headicon,头像：解锁头像。,,bodyeffcet,身体特效：周身涌动着可爱小鸭子！,,,,,,,,,,,,,,dtxx_beijingtu244,0,,,,,,180,,,,,,,27493,,,,,,,,,,,,,,,,,,,,,,,,,,,,,,,,,5,"3,5,8,9,13,14,15,16,17,18,19",1.4|0,,,1,,,,,,,,,,,,,
612,糖壳儿,140598,,743,3,140598_2,1,140598_3,,,140598_1,,,,,,,,,-1,2,,999,魔法荧光沼泽深处，一颗巨大的发光蜗牛破壳，诞生了以魔力为食的糖壳儿。她天生能看见空气中飘浮的魔力微粒，孤独地在沼泽中寻找月光洒落的荧光。,2,,,,,999,skin612,180,60,60,220,120,120,,headicon,头像：解锁头像。,,bodyeffcet,身体特效：周身飘散着清香花瓣！,,,,,,,,,,,,,,common_01,0,,,,,,180,,,,,,,27494,,,,,,,,,,,,,,,,,,,,,,,,,,,,,,,,,5,"3,5,8,9,13,14,15,16,17,18,19",1.4|0,,,1,,,,,,,,,,,,,
613,极光 星洛,140595,,744,3,140595_2,1,140595_3,,,140595_1,,,,,,,,,-1,2,,999,她站在那里，像一道凝固的黎明。纯白的长发在风中飘动，细碎的光粒从发梢坠落，触地即散。她本身就是光，当她展开双臂，星尘之境所有浮岛上的辉石都会微微共鸣，像是整片世界都在跟着她呼吸。,2,,,,,999,skin613,180,60,60,220,120,120,,genius,天赋：星洛可提高生命上限。,,skill,天空盒：解锁后可获得【极地境界】天空盒效果。,3,changeskin,变装：可切换【极夜 星洛】形态，点击左侧按钮预览。,4,soundplay,专属语音：地图内会播放专属语音，点击左侧按钮可试听！,,headicon,动态背景：获得后可自动解锁个人中心动态背景。,,headicon,立绘形象：解锁后可在【个人中心】选择装扮，勾选立绘使用专属立绘形象。,,dtxx_beijingtu246,0,,,,,,180,,,,,,,27495,,,3_614,,614,,1,,ent.613.show,45,4,ent.613.idle,150,50,ent.613.die,110,,,,,,,,,,,,,,,85001,,5,"3,5,8,9,13,14,15,16,17,18,19",1.4|0,,1,1,,,,,,,,,,,,,
614,极夜 星洛,140596,,745,3,140596_2,1,140596_3,,,140596_1,,,,,,,,,-1,2,,999,她站在那里，像一道行走的深渊。她本身就是光的反面。当她抬手，方圆百步内的星尘碎片都会颤抖着向她臣服，仿佛整片夜空都在她掌心蜷缩。,2,,,,,999,skin614,180,60,60,220,120,120,,genius,天赋：星洛可提高生命上限。,,skill,天空盒：解锁后可获得【极地境界】天空盒效果。,3,changeskin,变装：可切换【极光 星洛】形态，点击左侧按钮预览。,4,soundplay,专属语音：地图内会播放专属语音，点击左侧按钮可试听！,,headicon,动态背景：获得后可自动解锁个人中心动态背景。,,headicon,立绘形象：解锁后可在【个人中心】选择装扮，勾选立绘使用专属立绘形象。,,dtxx_beijingtu246,0,,,,,,180,,,,,,,27496,,,3_613,,613,,,,ent.614.show,45,4,ent.614.idle,150,50,ent.614.die,110,,,,,,,,,,,,,,,85001,,5,"3,5,8,9,13,14,15,16,17,18,19",1.4|0,,1,1,,,,,,,,,,,,,
615,幻梦蝶,140594,,746,3,140594_2,1,140594_3,,,140594_1,,,,,,,,,-1,2,,999,生于雾蝶渊的幻雾蝶灵，霜白长发衬着紫蝶头饰，纱裙由灵蝶薄翅织成。独居月下溪涧，执掌世间清梦。常化蝶游历人间收集美梦；若有梦魇扰人，万千紫蝶便从衣袂纷飞而出，织就温柔幻境，以灵力护住世人安眠。,2,,,,,999,skin615,180,60,60,220,120,120,,headicon,头像：解锁头像。,,bodyeffcet,身体特效：周身飞扬着紫色蝴蝶！,,,,,,,,,,,,,,dtxx_beijingtu247,0,,,,,,180,,,,,,,27497,,,,,,,,,,,,,,,,,,,,,,,,,,,,,,,,,5,"3,5,8,9,13,14,15,16,17,18,19",1.4|0,,,1,,,,,,,,,,,,,
616,秘境蛛灵,140597,,747,3,140597_2,1,140597_3,,,140597_1,,,,,,,,,-1,2,,999,生于晶雾秘境的蛛灵少女，粉发缀珍珠头纱，一身礼裙由粉晶蛛丝编织而成。头顶蛛网皇冠、背后晶刃蛛足是她与生俱来的本命法器。以晶莹蛛丝网住世间虚妄杂念，温柔困住心存恶意之人，守护秘境繁花安宁。,2,,,,,999,skin616,180,60,60,220,120,120,,headicon,头像：解锁头像。,,headicon,头像框：获得后自动解锁头像框。,,bodyeffcet,身体特效：周身飘落着粉色花瓣！,,,,,,,,,,,dtxx_beijingtu247,0,,,,,,180,,,,,33301,,27498,,,,,,,,,,,,,,,,,,,,,,,,,,,,,,,,,5,"3,5,8,9,13,14,15,16,17,18,19",1.4|0,,,1,,,,,,,,,,,,,
617,夜萤,140599,,748,3,140599_2,1,140599_3,,,140599_1,,,,,,,,,-1,2,,999,密林深处藏着萤火灵域，夜萤是守林的小小精灵。她生来携林间微光，枝藤法杖悬着萤灯，薄翅落满细碎星芒。每当暮色降临，她便提着灯巡遍森林，收拢四散流窜的萤火，为迷途小动物照亮归途。草木与萤火皆与她相伴，温柔微光永远安抚着幽暗林间。,2,,,,,999,skin617,180,60,60,220,120,120,,headicon,头像：解锁头像。,,bodyeffcet,身体特效：周身萦绕着荧光点点！,,,,,,,,,,,,,,dtxx_beijingtu249,0,,,,,,180,,,,,,,27499,,,,,,,,,,,,,,,,,,,,,,,,,,,,,,,,,5,"3,5,8,9,13,14,15,16,17,18,19",1.4|0,,1,1,,,,,,,,,,,,,
618,冰露,140593,,749,3,140593_2,1,140593_3,,,140593_1,,,,,,,,,-1,2,,999,冰露是星尘之境深处凝结而成的软团子，浑身通透莹润，自带清冷水光。她化出小巧人形模样，头顶还趴着一只和她同源的小水团子伙伴。偏爱待在清泉、冰潭边，滴落的凝露能抚平小伤口，安静守着水源，是温柔纯粹的水系团子精灵。,2,,,,,999,skin618,180,60,60,220,120,120,,headicon,头像：解锁头像。,,bodyeffcet,身体特效：周身荡漾着阵阵水波！,,,,,,,,,,,,,,common_01,0,,,,,,180,,,,,,,27500,,,,,,,,,,,,,,,,,,,,,,,,,,,,,,,,,5,"3,5,8,9,13,14,15,16,17,18,19",1.4|0,,,1,,,,,,,,,,,,,
619,拉莱耶,140592,,750,3,140592_2,1,140592_3,,,140592_1,,,,,,,,,-1,2,,999,盯着看久了只会让你疯狂，而不是发糖！吾乃深渊与宝藏之主，新世界诞生不过是新一轮的能量凝聚、扭曲，观察它们消散又重组，甚是有趣！,2,,,,,999,skin619,180,60,60,220,120,120,,headicon,头像：解锁头像。,,bodyeffcet,身体特效：周身燃烧着幽幽绿火！,,,,,,,,,,,,,,dtxx_beijingtu233,0,,,,,,180,,,,,,,27501,,,,,,,,,,,,,,,,,,,,,,,,,,,,,,,,,5,"3,5,8,9,13,14,15,16,17,18,19",1.4|0,,,1,,,,,,,,,,,,,
620,桃乐丝,140581,,751,3,140581_2,1,140581_3,,,140581_1,,,,,,,,,-1,2,,999,执掌爱意心域，是幻境的情感核心。天生拥有共情之力，能感知所有生灵的悲欢，以温柔魔力抚平伤痛。性格柔软纯粹，是另外三人之间的羁绊纽带，无论伙伴产生分歧或是陷入低谷，唯有她能调和心绪，维系四人的联结。,2,,,,,999,skin620,180,60,60,220,120,120,,headicon,头像：解锁头像。,,bodyeffcet,身体特效：周身闪动着红心卡片！,,,,,,,,,,,,,,dtxx_beijingtu251,0,,,,,,180,,,,,,,27502,,,,,,,,,,,,,,,,,,,,,,,,,,,,,,,,,5,"3,5,8,9,13,14,15,16,17,18,19",1.4|0,,,1,,,,,,,,,,,,,
621,司缘,140605,,752,3,140605_2,1,140605_3,,,140605_1,,,,,,,,,-1,2,,999,因见过太多痴缠错付，即便掌管世间红线，却最不信缘。只因自己最想留下的那个人，自己用再多的红线，也没能留在身边。,2,,,,,999,skin621,180,60,60,220,120,120,,headicon,头像：解锁头像。,2,acticon,互动动作：与忘川相遇可触发互动动作。,,bodyeffcet,身体特效：周身闪动着点点星光！,,,,,,,,,,,dtxx_beijingtu252,0,,,,,,180,,,,,,,27503,,49,,,,,,,,,,,,,,,,,,,,,,,,,,,,,,,5,"3,5,8,9,13,14,15,16,17,18,19",1.4|0,,,1,,,,,,,,,,,,,
622,忘川,140604,,753,3,140604_2,1,140604_3,,,140604_1,,,,,,,,,-1,2,,999,作为冥界引路人，每日花开便接引魂灵，送往新生。已在这忘川河畔多少年，已记不清楚，为了谁留下也已记不清楚，但是她始终记得一个模糊的影子，为此执意做这忘川河畔的提灯者。,2,,,,,999,skin622,180,60,60,220,120,120,,headicon,头像：解锁头像。,2,acticon,互动动作：与司缘相遇可触发互动动作。,,bodyeffcet,身体特效：周身飘动着彼岸花！,,,,,,,,,,,dtxx_beijingtu252,0,,,,,,180,,,,,,,27504,,50,,,,,,,,,,,,,,,,,,,,,,,,,,,,,,,5,"3,5,8,9,13,14,15,16,17,18,19",1.4|0,,,1,,,,,,,,,,,,,
623,处女星宫之主 阿莱雅,140603,,754,3,140603_2,1,140603_3,,,140603_1,,,,,,,,,-1,2,,999,处女星宫的主人，于神殿深廊，以纯洁为尺，智慧为刃，裁定星轨的秩序。她不容一丝污浊近身，连尘埃落定都要循着几何的轨迹；凡沾染虚妄与秽浊者，尚未叩门，已被星光拒于千里。迷途者，需谨记你的每一步，都将被法典铭记——此处不容混沌，唯余星光与永恒律令。,2,,,,,999,skin623,180,60,60,220,120,120,,headicon,头像：解锁头像。,4,soundplay,专属语音：地图内会播放专属语音，点击左侧按钮可试听！,,headicon,个人中心背景：获得后自动解锁专属个人中心背景,,bodyeffcet,身体特效：周身闪动着点点星光！,,,,,,,,dtxx_beijingtu253,0,,,,,,180,,,,,,,27505,,,,,,,,,ent.623.show,45,4,ent.623.idle,150,50,ent.623.die,110,,,,,,,,,,,,,,,,,5,"3,5,8,9,13,14,15,16,17,18,19",1.4|0,,1,1,,,,,,,,,,,,,
624,方星绮,140600,,755,3,140600_2,1,140600_3,,,140600_1,,,,,,,,,-1,2,,999,掌管机遇幻境，是擅长穿梭次元的魔术使。手中菱形卡牌可开启通往各处秘境的通道，活泼爱热闹，时常搭建舞台接待误入幻境的旅人。看似贪玩跳脱，卡牌魔术暗藏防护结界，会不动声色为访客规避沿途潜藏的凶险。,2,,,,,999,skin624,180,60,60,220,120,120,,headicon,头像：解锁头像。,,bodyeffcet,身体特效：周身闪动着方块卡片！,,,,,,,,,,,,,,dtxx_beijingtu251,0,,,,,,180,,,,,,,27506,,,,,,,,,,,,,,,,,,,,,,,,,,,,,,,,,5,"3,5,8,9,13,14,15,16,17,18,19",1.4|0,,,1,,,,,,,,,,,,,
625,页颖,140602,,756,3,140602_2,1,140602_3,,,140602_1,,,,,,,,,-1,2,,999,一本被遗忘在魔法塔顶层的古老魔典，因长期吸收月华与魔力，幻化成了一个爱看书、爱恶作剧的少女。,2,,,,,999,skin625,180,60,60,220,120,120,,headicon,头像：解锁头像。,,bodyeffcet,身体特效：周身环绕着魔法符号！,,,,,,,,,,,,,,common_01,0,,,,,,180,,,,,,,27507,,,,,,,,,,,,,,,,,,,,,,,,,,,,,,,,,5,"3,5,8,9,13,14,15,16,17,18,19",1.4|0,,,1,,,,,,,,,,,,,
626,黑影茉,140582,,757,3,140582_2,1,140582_3,,,140582_1,,,,,,,,,-1,2,,999,驻守幻境暗夜边境，是独行的暗影警戒者。身形轻盈如猫，擅长隐匿潜行，负责驱逐觊觎幻境本源的邪祟游魂。外表冷傲寡言，不善直白流露温柔，常年独自穿梭夜色巡逻，在暗处默默为另外三位伙伴隔绝所有暗处危机。,2,,,,,999,skin626,180,60,60,220,120,120,,headicon,头像：解锁头像。,,bodyeffcet,身体特效：周身闪动着桃心卡片！,,,,,,,,,,,,,,dtxx_beijingtu251,0,,,,,,180,,,,,,,27508,,,,,,,,,,,,,,,,,,,,,,,,,,,,,,,,,5,"3,5,8,9,13,14,15,16,17,18,19",1.4|0,,,1,,,,,,,,,,,,,
627,梅清疏,140601,,758,3,140601_2,1,140601_3,,,140601_1,,,,,,,,,-1,2,,999,坐镇古庭，为四灵中最沉稳的秩序调和者。力量可梳理失衡的空间能量，抚平幻境的裂隙与躁动。素来不喜喧嚣纷争，默默打理世界根基，每当其余三人闯祸、领域能量失控，永远由她从容收尾，稳住整个秘境的平衡。,2,,,,,999,skin627,180,60,60,220,120,120,,headicon,头像：解锁头像。,,bodyeffcet,身体特效：周身闪动着梅花卡片！,,,,,,,,,,,,,,dtxx_beijingtu251,0,,,,,,180,,,,,,,27509,,,,,,,,,,,,,,,,,,,,,,,,,,,,,,,,,5,"3,5,8,9,13,14,15,16,17,18,19",1.4|0,,,1,,,,,,,,,,,,,
