工具id,名称,类型：1斧，2镐，3铲，4耙，5剪刀，6工具，7弓，8头盔，9胸甲，10护腿，11靴子，12容器，13点火石，14投掷物，16披风（特殊），17空白卷轴，18火之卷轴，19坐骑鞍，20坐骑项圈，21混乱卷轴，22捕鱼网，23变异卷轴，24法杖，25家园回收（植物），26家园回收（动物），27合成锤，28锅，29鱼竿，32开关道具,子类型：1-剑，2-盾，3-锤，4-矛，5-镐，6-斧，7-铲，8-耙，9-弓，10-杖，11-箭，12-法球，13-回旋镖，14-新法杖,装扮ID,等级（装备的等级必须和美术模型名称尾缀数字相同，不然会影响到野人伙伴装备的显隐及行为树）,子等级（用于双持武器配置用的等级，不为0的才会参与到双持内）,技能冷却,效率加成,视野亮度,"攻击类型:0近程,1远程,2爆炸",攻击力,削韧值（默认5）,物理防御,近战防御,远程防御,爆炸防御,元素防御,混乱防御,燃烧防御,毒素防御,冰冻防御,移动速度加成,行走速度,潜行速度,奔跑速度,游泳速度,开垦速度（单位tick）,攻击速度倍率,韧性,韧性恢复间隔时间,韧性恢复速度,攻击附带buffid（使用该工具攻击命中其他生物时可对目标施加一个状态，本列填buff的id）,攻击附带bufflv（使用该工具攻击命中其他生物时可对目标施加一个状态，本列填buff的lv）,耐久,采集消耗耐久,攻击1次消耗耐久,耐压阈值（控制水压环境中装备是否会被损坏）,压力消耗耐久（配合耐压阈值使用，控制水压环境中装备耐久的消耗速度）,修复消耗经验,组（0不为组1为组，例如木板通用）（关联Itemdef的ItemGroup）,修理材料ID1,修复量1,修理材料ID2,修复量2,修理材料ID3,修复量3,修理材料ID4,修复量4,修理材料ID5,修复量5,修理材料ID6,修复量6,效果库ID1（仅限装备道具使用）,默认值1（时间需要除以10）,效果库ID2,默认值2,效果库ID3,默认值3,效果库ID4,默认值4,效果库ID5,默认值5,分数,自带附魔（旧字段，不要用，但是不可以删）,自带新附魔,消耗ItemID,每次消耗的数量,发射音效,蓄力时间,"蓄力种类(0-弓那种,1-必须蓄到完成才能用,2-无需蓄力)",蓄力消耗体力（默认不填就读luaconstans）,蓄力音效,释放音效,攻击连段动作列表,连段计时器,游泳攻击动作,骑乘攻击动作,第一人称挖掘动作,第一人称启动动作,第一人称循环动作,第一人称右键施放动作,工具启动动作,工具循环动作,工具攻击动作,第三人称待机,第三人称挖掘动作,第三人称循环,第三人称右键施放,第三人称攻击特效,工具切换模型/弓切换有箭和没箭模型,挥动音效,附魔特效比例(默认是1倍写200就是2倍),附魔UV动画配置JSON文件名,初速度加成,可否投掷/0=不可投掷，1=可投掷,温度防御,元素攻击,混乱攻击,燃烧攻击,毒素攻击,冰冻攻击,击退抗性（万分比）,评分（用于更换标准）
ID,Name,Type,SubType,AvatarPartID,Level,SubLevel,SkillCD,Efficiency,ViewLight,AttackType,Attack,TouReduce,ArmorPhysics,ArmorPunch,ArmorRange,ArmorExplosion,ArmorMagic,ArmorWither,ArmorFire,ArmorPoison,ArmorIce,MoveSpeed,WalkSpeed,SneakSpeed,RunSpeed,SwimSpeed,Farmingspeed,AtkSpeed,Toughness,TouRecoverDelay,TouRecoverSpeed,punchBuffId,punchBuffV,Duration,CollectDuration,AtkDuration,ResPressureLevel,PressDuration,RepairExp,IsGroup,RepairID1,RepairAmount1,RepairID2,RepairAmount2,RepairID3,RepairAmount3,RepairID4,RepairAmount4,RepairID5,RepairAmount5,RepairID6,RepairAmount6,EffectBankID1,Default1,EffectBankID2,Default2,EffectBankID3,Default3,EffectBankID4,Default4,EffectBankID5,Default5,Score,Enchant,Tunestone,ConsumeItemID,ConsumeCount,FireSound,AccumulatorTime,AccumulatorType,AccumulatorExpend,UseSound,AtkSound,AtkComboSeq,ComboTimer,SwimAtkSeq,RideAtkSeq,HandDigSeq,HandStartSeq,HandLoopSeq,HandAtkSeq,ToolStartSeq,ToolLoopSeq,ToolAtkSeq,BodyStandSeq,BodyDigSeq,BodyLoopSeq,BodyAtkSeq,BodyAtkEffect,SwitchModel,WieldSound,EnchantEffectScale,EnchantUvConfig,SpeedAdd,CanThrow,TemperatureDefense,AttackMagic,AttackWither,AttackFire,AttackPoison,AttackIce,RepelRes,MarkScore
10100,,0,,,1,,,50,,,8,,,0,,,,,,,,,,,,,,,,,,,,50,1,1,,,,0,,10,,,,,,,,,,,,,,,,,,,,,,,,,,,,,,,,,1,,,,,,,,,,,,,,,,,20000,,,,,,,,,,,0
11000,空手,0,,,1,,,0,,,5,,,0,,,,,,,,,,,,,,1.5,,,,,,0,0,0,,,,0,,,,,,,,,,,,,,,,,,,,,,,,,,,,,,,,,,,1,,,,,,,,,,,,,,,,,20000,,,,,,,,,,,0
11231,聚物手套,0,,,1,,2,0,,,,,,0,,,,,,,,,,,,,,,,,,,,450,0,0,,,100,0,11824,200,,,,,,,,,,,,,,,,,,,,,,,,,,,,,,,,,,,,,,,,,,,,,,,,,,20000,,,,,,,,,,,0
12820,篮球衣,0,,,1,,2,0,,,,,,0,,,,,,,,,,,,,,,,,,,,450,0,0,,,,0,,,,,,,,,,,,,,,,,,,,,,,,,,,,,,,,,,,,,,,,,,,,,,,,,,,,20000,,,,,,,,,,,0
12821,足球服,0,,,1,,,0,,,,,,0,,,,,,,,,,,,,,,,,,,,450,0,0,,,,0,,,,,,,,,,,,,,,,,,,,,,,,,,,,,,,,,,,,,,,,,,,,,,,,,,,,20000,,,,,,,,,,,0
11001,黄铜斧,1,6,,2,2,15,80,,,22,5,,,,,,,,,,,,,,,,1.52,,,,,,180,1,2,,,100,0,11329,60,,,,,,,,,,,,,,,,,,,,,9,,,,,,,,,,,Axe_Natk_01,1,,,,,,101129,,,,,,,100147,,,,20000,,,,,,,,,,,900
11002,石斧,1,6,,1,1,,20,,,15,5,,,,,,,,,,,,,,,,1.52,,,,,,100,1,2,,,50,0,11627,50,,,,,,,,,,,,,,,,,,,,,4,,,,,,,,,,,Axe_Natk_01,1,,,,,,,,,,,,,,,,,20000,,,,,,,,,,,400
11003,铸铁斧,1,6,,3,3,10,140,,,29,5,,,,,,,,,,,,,,,,1.52,,,,,,270,1,2,,,150,0,11209,90,,,,,,,,,,,,,,,,,,,,,16.5,,,,,,,,,,,Axe_Natk_01,1,,,,,,101129,,,,,,,100147,,,,20000,weapon_11003,,,,,,,,,,1650
11004,钛合金斧,1,6,,5,4,5,300,,,42,5,,,,,,,,,,,,,,,,1.52,,,,,,1050,1,2,,,300,0,11330,350,,,,,,,,,,,,,,,,,,,,,2.2,,,,,,,,,,,Axe_Natk_01,1,,,,,,101129,,,,,,,100147,,,,20000,weapon_11004,,,,,,,,,,220
11005,链锯,1,6,,7,5,,620,,,59,5,,,,,,,,,,,,,,,,1.1,,,,,,1500,1,2,,,500,0,11203,500,,,,,,,,,,,,,,,,,,,,,104,,,,,,,,,misc.chainsaw_skillaccumulate,misc.chainsaw_skilling,Chainsaw_Natk_01,1,,,101138,,,101129,,,,,100153,,100153,,,,20000,weapon_11005,,,,,,,,,,10400
11060,棒棒糖斧,1,6,,5,,,400,,,16,5,,,,,,,,,,,,,,,,1.52,,,,,,200,1,2,,,,0,,,,,,,,,,,,,,,,,,,,,,,,,,,,,,,,,,Axe_Natk_01,1,,,,,,,,,,,,,,,,,20000,,,,,,,,,,,0
11070,扳手,0,,,1,,,0,,,,,,0,,,,,,,,,,,,,,,,,,,,50,1,1,,,100,0,11209,20,,,,,,,,,,,,,,,,,,,,,1,,,,,,,,,,,,,,,,,,,,,,,,,,,,,20000,,,,,,,,,,,100
12579,号角,0,,,1,,,0,,,,,,0,,,,,,,,,,,,,,,,,,,,10,1,1,,,,0,,,,,,,,,,,,,,,,,,,,,,,4,,,,,,,,,,,,,,,,,,,,,,,,,,,,,20000,,,,,,,,,,,400
12580,灵狐口哨,0,,,1,,,0,,,,,,0,,,,,,,,,,,,,,,,,,,,100,1,1,,,,0,,,,,,,,,,,,,,,,,,,,,,,4,,,,,,,,,,,,,,,,,,,,,,,,,,,,,20000,,,,,,,,,,,400
11101,连接器,0,,,1,,,0,,,,,,0,,,,,,,,,,,,,,,,,,,,100,1,1,,,100,0,11073,50,,,,,,,,,,,,,,,,,,,,,1,,,,,,,,,,,,,,,,,,,,,,,,,,,,,20000,,,,,,,,,,,100
11011,黄铜镐,2,5,,2,2,,80,,,19,5,,,,,,,,,,,,,,,,,,,,,,180,1,2,,,100,0,11329,60,,,,,,,,,,,,,,,,,,,,,9,,,,,,,,,,,,,,,,101130,101131,101132,,,,,,100148,100147,,,,20000,,,,,,,,,,,900
11012,石镐,2,5,,1,1,,20,,,13,5,,,,,,,,,,,,,,,,,,,,,,100,1,2,,,50,0,11627,50,,,,,,,,,,,,,,,,,,,,,4,,,,,,,,,,,,,,,,,,,,,,,,,,,,,20000,,,,,,,,,,,400
11013,铸铁镐,2,5,,3,3,,140,,,25,5,,,,,,,,,,,,,,,,,,,,,,270,1,2,,,150,0,11209,90,,,,,,,,,,,,,,,,,,,,,16.5,,,,,,,,,,,,,,,,101130,101131,101132,,,,,,100148,100147,,,,20000,weapon_11013,,,,,,,,,,1650
11014,钛合金镐,2,5,,5,4,,300,,,37,5,,,,,,,,,,,,,,,,,,,,,,1050,1,2,,,300,0,11330,350,,,,,,,,,,,,,,,,,,,,,2.2,,,,,,,,,,,,,,,,101130,101131,101132,,,,,,100148,100147,,,,20000,weapon_11014,,,,,,,,,,220
11015,钻头,2,5,,7,5,,620,,,54,5,,,,,,,,,,,,,,,,1.2,,,,,,1500,1,2,,,500,0,11203,500,,,,,,,,,,,,,,,,,,,,,104,,,,,,,,,misc.drill_skillaccumulate,misc.drill_skilling,Drill_Natk_01,1,,,101138,101120,101121,101122,,,,,100153,100149,100153,,,,20000,weapon_11015,,,,,,,,,,10400
11016,星瞳钻头,2,5,,7,5,5,600,,,54,5,,,,,,,,,,,,,,,,1.4,,,,,,750,1,2,,,250,0,11073,150,,,,,,,,,,,,,,,,,,,,,,,,,,,1.5,1,,,,Axe_Natk_01,1,,,,101130,101131,101132,,,,,,100148,100147,,,,20000,weapon_11016,,,,,,,,,,0
11059,拐杖糖镐,2,5,,5,,,400,,,16,5,,,,,,,,,,,,,,,,1.4,,,,,,200,1,2,,,,0,,,,,,,,,,,,,,,,,,,,,,,,,,,,,,,,,,Axe_Natk_01,1,,,,,,,,,,,,,,,,,20000,,,,,,,,,,,0
11021,黄铜铲,3,7,,2,2,,80,,,19,5,,0,,,,,,,,,,,,,0,0.75,,,,,,180,1,2,,,100,0,11329,100,,,,,,,,,,,,,,,,,,,,,9,,,,,,,,,,,,1,,,,,,,,,,,,,,,,,20000,,,,,,,,,,,900
11022,石铲,3,7,,1,1,,20,,,13,5,,0,,,,,,,,,,,,,0,0.75,,,,,,100,1,2,,,50,0,11627,100,,,,,,,,,,,,,,,,,,,,,4,,,,,,,,,,,,1,,,,,,,,,,,,,,,,,20000,,,,,,,,,,,400
11023,铸铁铲,3,7,,3,3,,140,,,25,5,,0,,,,,,,,,,,,,0,0.75,,,,,,270,1,2,,,150,0,11209,135,,,,,,,,,,,,,,,,,,,,,16.5,,,,,,,,,,,,1,,,,,,,,,,,,,,,,,20000,weapon_11023,,,,,,,,,,1650
11024,钛合金铲,3,7,,5,4,,300,,,37,5,,0,,,,,,,,,,,,,0,0.75,,,,,,700,1,2,,,300,0,11330,350,,,,,,,,,,,,,,,,,,,,,2.2,,,,,,,,,,,,1,,,,,,,,,,,,,,,,,20000,weapon_11024,,,,,,,,,,220
11025,钨金铲,3,7,,7,5,,620,,,43,5,,0,,,,,,,,,,,,,0,0.75,,,,,,1000,1,2,,,500,0,11203,500,,,,,,,,,,,,,,,,,,,,,104,,,,,,,,,,,,1,,,,,,,,,,,,,,,,,20000,weapon_11025,,,,,,,,,,10400
11062,大宝铲,3,7,,5,,,400,,,12,5,,0,,,,,,,,,,,,,0,0.75,,,,,,200,1,2,,,,0,,,,,,,,,,,,,,,,,,,,,,,,,,,,,,,,,,,1,,,,,,,,,,,,,,,,,20000,,,,,,,,,,,0
11031,黄铜耙,4,8,,2,2,,80,,,19,5,,0,,,,,,,,,,,,,0,0.75,,,,,,180,1,2,,,100,0,11329,100,,,,,,,,,,,,,,,,,,,,,9,,,,,,,,,,,,,,,,,,,,,,,,,,,,,20000,,,,,,,,,,,900
11032,石耙,4,8,,1,1,,20,,,13,5,,0,,,,,,,,,,,,,0,0.75,,,,,,100,1,2,,,50,0,11627,100,,,,,,,,,,,,,,,,,,,,,4,,,,,,,,,,,,,,,,,,,,,,,,,,,,,20000,,,,,,,,,,,400
11033,铸铁耙,4,8,,3,3,,140,,,25,5,,0,,,,,,,,,,,,,0,0.75,,,,,,270,1,2,,,150,0,11209,135,,,,,,,,,,,,,,,,,,,,,16.5,,,,,,,,,,,,,,,,,,,,,,,,,,,,,20000,weapon_11033,,,,,,,,,,1650
11034,钛合金耙,4,8,,5,4,,300,,,37,5,,0,,,,,,,,,,,,,0,0.75,,,,,,700,1,2,,,300,0,11330,350,,,,,,,,,,,,,,,,,,,,,2.2,,,,,,,,,,,,,,,,,,,,,,,,,,,,,20000,weapon_11034,,,,,,,,,,220
11035,钨金耙,4,8,,7,5,,620,,,43,5,,0,,,,,,,,,,,,,0,0.75,,,,,,1000,1,2,,,500,0,11203,500,,,,,,,,,,,,,,,,,,,,,104,,,,,,,,,,,,,,,,,,,,,,,,,,,,,20000,weapon_11035,,,,,,,,,,10400
11056,钢剪,5,,,1,,,0,,,,,,0,,,,,,,,,,,,,,,,,,,,200,1,0,,,,0,,,,,,,,,,,,,,,,,,,,,,,16.5,,,,,,,,,ent.3403.shear,,,,,,,,,,,,,,,,,,,,20000,,,,,,,,,,,1650
11595,苔藓球,14,,,1,,,0,,1,,,,0,,,,,,,,,,,,,,,,,,,,0,0,1,,,,0,,,,,,,,,,,,,,,,,,,,,,,,,,-1,1,misc.throw,1,0,,,,,,,,,,,,,,,,,,,,,,20000,,,1,,,,,,,,0
10101,工具模板,6,,,1,,,50,,,10,,,0,,,,,,,,,,,,,,,,,,,,50,1,1,,,100,0,,10,,,,,,,,,,,,,,,,,,,,,,,,,,,,,,,,,,,,,,,,,,,,,,,,,,20000,,,,,,,,,,,0
11061,大宝剑,6,1,,5,,,0,,,50,25,,0,,,,,,,,,,,,,,,,,,,,200,2,1,,,,0,,,,,,,,,,,,,,,,,,,,,,,,,,,,,,,,,item.12005.charge4,Sword_NAtk_01|Sword_NAtk_02|Sword_NAtk_03|Sword_NAtk_04|Sword_NAtk_05,15,,,,,,,,,,,,,,,,,50,,,,,,,,,,,0
11115,提灯,6,,,1,,,50,,,10,,,0,,,,,,,,,,,,,,,,,,,,20,1,2,,,,0,43,1,,,,,,,,,,,,,,,,,,,,,,,,,,,,,,,,,1,,,,,,,,,,,,,,,,,20000,,,,,,,,,,,0
12001,木棒,6,3,,1,1,,0,,,25,10,,0,,,,,,,,,,,,,,1.04,,,,,,60,2,1,,,30,0,11323,15,,,,,,,,,,,,,,,,,,,,,4,,,,,,,,,,item.12010.charge4,Hammer_Natk_01|Hammer_Natk_02,20,,,,,,,,,,,,,,,,,20000,,,,,,,,,,,400
11230,尖尖碰碰锤,6,3,,1,2,,0,,,30,15,,0,,,,,,,,,,,,,,1.04,,,,77,1,100,2,1,,,50,0,242,50,,,,,,,,,,,,,,,,,,,,,20,,,,,,,,,,item.12010.charge4,Hammer_Natk_01|Hammer_Natk_02,20,,,,,,,,,,,,,,,,,20000,,,,,,,,,,,2000
12316,冻结棒,6,3,,1,2,,0,,,45,20,,0,,,,,,,,,,,,,,1.04,,,,,,150,1,1,,,150,0,12710,50,,,,,,,,,,,,,,,,,,,,,20,,,,,,,,,,item.12010.charge4,Hammer_Natk_01|Hammer_Natk_02,20,,,,,,,,,,,,,,,,,20000,,,,,,,,,,,2000
12010,钛金战锤,6,3,,5,4,,0,,,85,30,,0,,,,,,,,,,,,,,1.28,,,,,,600,0,1,,,300,0,11330,120,,,,,,,,,,,,,,,,,,,,,50,,,,,,,,,,item.12010.charge4,Hammer_Natk_01|Hammer_Natk_02|Hammer_Natk_03,20,,,,,,,,,,,,,,,,,20000,weapon_12010,,,,,,,,,,5000
12012,石剑,6,1,,1,1,,0,,,20,10,,0,,,,,,,,,,,,,,0.95,,,,,,100,2,1,,,50,0,11627,35,,,,,,,,,,,,,,,,,,,,,16.5,,,,,,,,,,item.12009.charge4,Sword_NAtk_01|Sword_NAtk_02,5,,,,,,,,,,,,,,,,,170,,,,,,,,,,,1650
12003,短剑,6,1,,3,3,,0,,,35,15,,0,,,,,,,,,,,,,,0.88,,,,,,270,2,1,,,100,0,11209,90,,,,,,,,,,,,,,,,,,,,,16.5,,,,,,,,,,item.12009.charge4,Sword_NAtk_01|Sword_NAtk_02|Sword_NAtk_03,10,,,,,,,,,,,,,,,,,170,weapon_12003,,,,,,,,,,1650
12009,收割者,6,1,,5,4,,0,,,54,20,,,,,,,,,,,,,,,,0.9,,,,,,600,0,1,,,300,0,11330,120,,,,,,,,,,,,,,,,,,,,,50,,,,,,,,,,item.12009.charge4,Sword_NAtk_01|Sword_NAtk_02|Sword_NAtk_03|Sword_NAtk_04,15,,,,,,,,,,,,,,,,,170,weapon_12009,,,,,,,,,,5000
12005,能量剑,6,1,,7,5,,0,,,80,30,,0,,,,,,,,,,,,,,,,,,,,1200,2,1,,,500,0,11203,240,,,,,,,,,,,,,,,,,,,,,104,,,,,,,,,,item.12005.charge4,Sword_NAtk_01|Sword_NAtk_02|Sword_NAtk_03|Sword_NAtk_04|Sword_NAtk_05,20,,,,,,,,,,,,,,,,,100,weapon_12005,,,,,,,,,,10400
12002,石矛,6,4,,1,1,,0,,,21,10,,0,,,,,,,,,,,,,,1.08,,,,,,100,2,1,,,50,0,11627,35,,,,,,,,,,,,,,,,,,,,,9,,,-1,1,,,,,,,Spear_NAtk_01,1,,,,,,,,,,,,,,,,,20000,,,1,,,,,,,,900
12004,黄铜矛,6,4,,2,2,,0,,,28,15,,0,,,,,,,,,,,,,,0.95,,,,,,180,2,1,,,100,0,11329,60,,,,,,,,,,,,,,,,,,,,,2.2,,,-1,1,,,,,,,Spear_NAtk_01|Spear_NAtk_02|Spear_NAtk_03,10,,,,,,,,,,,100142,,,,,,150,,,1,,,,,,,,220
12013,能量矛,6,4,,7,5,,0,,,82,30,,0,,,,,,,,,,,,,,1.13,,,,,,1200,2,1,,,500,0,11203,240,,,,,,,,,,,,,,,,,,,,,9,,,-1,1,,,,,,,Spear_NAtk_01|Spear_NAtk_02|Spear_NAtk_03|Spear_NAtk_04|Spear_NAtk_05,15,,,,,,,,,,,100142,,,,,,20000,weapon_12013,,1,,,,,,,,900
12063,魔鬼鱼叉,6,4,,2,2,,0,,,36,15,,0,,,,,,,,,,,,,,0.95,,,,,,300,2,1,,,150,0,11209,90,,,,,,,,,,,,,,,,,,,,,9,,,-1,1,,,,,,,Spear_NAtk_01|Spear_NAtk_02|Spear_NAtk_03,10,,,,,,,,,,,100142,,,,,,20000,weapon_12063,,1,,,,,,,,900
12829,手持烟花,6,,,1,,,0,,,,,,0,,,,,,,,,,,,,,,,,,,,50,2,1,,,,0,,,,,,,,,,,,,,,,,,,,,,,,,,,,,,,,,,,,,,,,,,,,,,,,,,,,20000,,,,,,,,,,,0
11569,杖杆,6,10,,1,,,,,,10,,,,,,,,,,,,,,,,,,,,,,,100,0,1,,,,0,,,,,,,,,,,,,,,,,,,,,,,2,,,,,,,,,,,,,,,,,,,,,,,,,,,,,,,,,,,,,,,,200
11592,回旋镖,6,13,,2,1,,0,,,,,,0,,,,,,,,,,,,,,,,,,,,100,0,2,,,200,0,11593,50,,,,,,,,,,,,,,,,,,,,,9,,,-1,1,misc.throw_spear,0.8,,,,,,,,,101137,101120,101121,,,,,,100142,100149,100143,,,,20000,,,1,,,,,,,,900
9999,微缩武器,6,,,5,,5,0,,,40,,,0,,,,,,,,,,,,,,,,,,,,1500,2,1,,,100,0,11203,750,,,,,,,,,,,,,,,,,,,,,,,,,,,0.6,1,,,item.12005.charge4,,,,,,101133,101133,101134,,,,,,100150,100151,item_12005_4,,,100,,,,,,,,,,,0
10102,弓模板,7,9,,1,,,0,,1,25,,,0,,,,,,,,,,,,,,,,,,,,300,0,1,,,,0,,,,,,,,,,,,,,,,,,,,,,,,,,12051,1,misc.bow,1,,,,,,,,,,101111,,,100301,100302,100303,,,100116,,,1,,10000,,,,,,,,,,,0
12050,铸铁弓,7,9,,3,,,0,,1,25,,,0,,,,,,,,,,,,,,,,,,,,300,0,1,,,150,0,11209,60,,,,,,,,,,,,,,,,,,,,,25.5,,,12051,1,misc.bow,1,,,,,,,,,,101111,,,100301,100302,100303,,,100116,,,1,,10000,weapon_12050,,,,,,,,,,2550
12056,龙骨弓,7,9,,5,,,0,,1,30,,,0,,,,,,,,,,,,,,,,,,,,500,0,1,,,350,0,11593,100,,,,,,,,,,,,,,,,,,,,,25.5,,2701,12051,1,misc.bow,1,,,,,,,,,,101111,,,100301,100302,100303,,,100116,,,1,,10000,weapon_12056,,,,,,,,,,2550
12281,弹弓,7,9,,1,,,0,,1,10,,,0,,,,,,,,,,,,,,,,,,,,150,0,1,,,50,0,11307,50,,,,,,,,,,,,,,,,,,,,,2,,,12282,1,misc.slingshot,0.7,,,,,,,,,,101111,,,100301,100302,100303,,,100116,,,1,,10080,,,,,,,,,,,200
12283,弩,7,9,,5,,,0,,1,30,,,0,,,,,,,,,,,,,,,,,,,,450,0,1,,,500,0,11203,150,,,,,,,,,,,,,,,,,,,,,25.5,,,12051,3,misc.bow,1,,,,,,,,,,101111,,,100301,100302,100303,,,100116,,,1,,10150,weapon_12283,,,,,,,,,,2550
12284,火箭筒,7,9,,1,,,0,,1,5,,,0,,,,,,,,,,,,,,,,,,,,150,0,1,,,500,0,11203,50,,,,,,,,,,,,,,,,,,,,,25.5,,,12285,1,misc.bazooka,1,,,,,,,,,,101111,,,100301,100302,100303,,,100116,,,1,,10200,,,,,,,,,,,2550
12288,吹箭筒,7,9,,1,,,0,,1,5,,,0,,,,,,,,,,,,,,,,,,,,50,0,1,,,100,0,11312,25,,,,,,,,,,,,,,,,,,,,,,,,12289,1,item.12288.charge4,0.5,1,,,item.12288.charge4,,,,,,,,101108,,,,,100127,,100136,,,,20000,,,,,,,,,,,0
12589,荧光弹弓,7,9,,1,,,0,,1,5,,,0,,,,,,,,,,,,,,,,,,,,200,0,1,,,50,0,11309,50,,,,,,,,,,,,,,,,,,,,,,,,12590,1,misc.slingshot,0.7,,,,,,,,,,101111,,,100301,100302,100303,,,100116,,,1,,20000,,,,,,,,,,,0
11560,破坏方块（投掷）,7,,,1,,,,,1,,,,,,,,,,,,,,,,,,,,,,,,150,0,1,,,500,0,11307,30,,,,,,,,,,,,,,,,,,,,,2,,,11551,1,misc.slingshot,0.7,,,,,,,,,,101111,,,100301,100302,100303,,,,,,1,,10080,,,,,,,,,,,200
11561,替换方块（投掷）,7,,,1,,,,,1,,,,,,,,,,,,,,,,,,,,,,,,150,0,1,,,500,0,11307,30,,,,,,,,,,,,,,,,,,,,,2,,,11552,1,misc.slingshot,0.7,,,,,,,,,,101111,,,100301,100302,100303,,,,,,1,,10080,,,,,,,,,,,200
11562,放置方块（投掷）,7,,,1,,,,,1,,,,,,,,,,,,,,,,,,,,,,,,150,0,1,,,500,0,11307,30,,,,,,,,,,,,,,,,,,,,,2,,,11553,1,misc.slingshot,0.7,,,,,,,,,,101111,,,100301,100302,100303,,,,,,1,,10080,,,,,,,,,,,200
11563,攻击（投掷）,7,,,1,,,,,1,,,,,,,,,,,,,,,,,,,,,,,,150,0,1,,,500,0,11307,30,,,,,,,,,,,,,,,,,,,,,2,,,11554,1,misc.slingshot,0.7,,,,,,,,,,101111,,,100301,100302,100303,,,,,,1,,10080,,,,,,,,,,,200
11564,击飞（投掷）,7,,,1,,,,,1,,,,,,,,,,,,,,,,,,,,,,,,150,0,1,,,500,0,11307,30,,,,,,,,,,,,,,,,,,,,,2,,,11555,1,misc.slingshot,0.7,,,,,,,,,,101111,,,100301,100302,100303,,,,,,1,,10080,,,,,,,,,,,200
11565,召唤（投掷）,7,,,1,,,,,1,,,,,,,,,,,,,,,,,,,,,,,,150,0,1,,,500,0,11307,30,,,,,,,,,,,,,,,,,,,,,2,,,11556,1,misc.slingshot,0.7,,,,,,,,,,101111,,,100301,100302,100303,,,,,,1,,10080,,,,,,,,,,,200
11566,加状态（投掷）,7,,,1,,,,,1,,,,,,,,,,,,,,,,,,,,,,,,150,0,1,,,500,0,11307,30,,,,,,,,,,,,,,,,,,,,,2,,,11557,1,misc.slingshot,0.7,,,,,,,,,,101111,,,100301,100302,100303,,,,,,1,,10080,,,,,,,,,,,200
11567,发射投掷物（投掷）,7,,,1,,,,,1,,,,,,,,,,,,,,,,,,,,,,,,150,0,1,,,500,0,11307,30,,,,,,,,,,,,,,,,,,,,,2,,,11558,1,misc.slingshot,0.7,,,,,,,,,,101111,,,100301,100302,100303,,,,,,1,,10080,,,,,,,,,,,200
11568,治疗（投掷）,7,,,1,,,,,1,,,,,,,,,,,,,,,,,,,,,,,,150,0,1,,,500,0,11307,30,,,,,,,,,,,,,,,,,,,,,2,,,11559,1,misc.slingshot,0.7,,,,,,,,,,101111,,,100301,100302,100303,,,,,,1,,10080,,,,,,,,,,,200
12291,脉冲弓,7,9,,6,,,0,,1,35,,,0,,,,,,,,,,,,,,,,,,,,500,0,1,,,500,0,11074,100,11080,100,,,,,,,,,,,,,,,,,,,25.5,,,12292,1,misc.pulse_arrow,1,,,,,,,,,,101111,,,100301,100302,100303,,,100116,,,1,,10000,weapon_12291,,,,,,,,,,2550
12294,冲击枪,7,9,,1,,,0,,1,10,,,0,,,,,,,,,,,,,,,,,,,,500,0,1,,,,0,,,,,,,,,,,,,,,,,,,,,,,,,,12295,1,item.12294.fire,0.7,0,,,,,,,,,101111,,,100301,100302,100303,,,100116,,,1,,10000,,,,,,,,,,,0
9996,微缩弓,7,9,,1,,,0,,1,25,,,0,,,,,,,,,,,,,,,,,,,,300,0,1,,,100,0,710,100,,,,,,,,,,,,,,,,,,,,,,,,12051,1,misc.bow,1,,,,,,,,,,101111,,,100301,100302,100303,,,100116,,,,,10000,,,,,,,,,,,0
11228,花冠,8,,,7,,,0,,,,,1,,,,,,,,,,,,,,,,,,,,,10,,,1,1,,0,,,,,,,,,,,,,,,,,,,,,,,,,,,,,,,,,,,,,,,,,,,,,,,,,,,,,,,,,,,,,,,0
12201,皮头盔,8,,2500,1,,,0,,,,,1,,,,,,,,,,,,,,,,,,,,,60,0,0,2,3,50,0,11307,20,,,,,,,,,,,,,,,,,,,,,4,,,,,,,,,,,,,,,,,,,,,,,,,,,,,20000,,,,,,,,,,200,5
12211,链甲头盔,8,,2501,2,,,0,,,,,3,,3,,,,,,,,,,,,,,,,,,,225,0,0,3,5,150,0,11209,45,,,,,,,,,,,,,,,,,,,,,0.32,,,,,,,,,,,,,,,,,,,,,,,,,,,,,20000,,,,,,,,,,400,32
11232,陨魔假面,8,,,2,,,0,,,,,5,,5,,,,,,,,,,,,,,,,,,,300,0,0,3,5,200,0,11824,60,,,,,,,,,,,1066,1|5,1067,5|5,1068,10|5|1|115,,,,,0.32,,,,,,,,,,,,,,,,,,,,,,,,,,,,,20000,,,,,,,,,,,32
12216,黄铜头盔,8,,2502,4,,,0,,,,,2,,,,1,,,,,,,,,,,,,,,,,125,0,0,2,3,100,0,11329,25,,,,,,,,,,,,,,,,,,,,,,,,,,,,,,,,,,,,,,,,,,,,,,,,,,20000,,,,,,,,,,300,15
12221,铸铁头盔,8,,2503,3,,,0,,,,,3,,,,2,,,,,,,,,,,,,,,,,225,0,0,3,5,150,0,11209,45,,,,,,,,,,,,,,,,,,,,,0.15,,,,,,,,,,,,,,,,,,,,,,,,,,,,,20000,,,,,,,,,,400,32
12226,中式头盔,8,,,1,,,0,,,,,3,,,,3,,,,,,,,,,,,,,,,,225,0,0,3,5,150,0,11207,45,,,,,,,,,,,,,,,,,,,,,0.32,,,,,,,,,,,,,,,,,,,,,,,,,,,,,20000,,,,,,,,,,,0
12231,钛金头盔,8,,2504,5,,,0,,,,,7,,,,4,,,,,,,,,,,,,,,,,375,0,0,3,3,300,0,11330,75,,,,,,,,,,,,,,,,,,,,,0.32,,,,,,,,,,,,,,,,,,,,,,,,,,,,,20000,,,,,,,,,,600,65
12241,钨金头盔,8,,2505,6,,,0,,,,,16,,,,6,,,,,,,,,,,,,,,,,525,0,0,3,3,500,0,11203,105,,,,,,,,,,,,,,,,,,,,,0.32,,,,,,,,,,,,,,,,,,,,,,,,,,,,,20000,,,,,,,,,,1000,100
12320,符文帽,8,,3839,3,,,0,,,,,7,,,,11,,,,,,,,,,,,,,,,,225,0,0,3,5,150,0,11209,45,,,,,,,,,,,,,,,,,,,,,0.15,,,,,,,,,,,,,,,,,,,,,,,,,,,,,20000,,,,,,,,,,,32
12326,夜光菇笠,8,,3845,3,,,0,,,,,3,,,,2,,,,,,,,,,,,,,,,,225,0,0,3,5,150,0,11209,45,,,,,,,,,,,,,,,,,,,,,0.15,,,,,,,,,,,,,,,,,,,,,,,,,,,,,20000,,,,,,,,,,400,32
12327,国王皇冠,8,,3846,3,,,0,,,,,10,,,,10,,,,,,,,,,,,,,,,,225,0,0,3,5,150,0,11209,45,,,,,,,,,,,,,,,,,,,,,0.15,,,,,,,,,,,,,,,,,,,,,,,,,,,,,20000,,,,,,,,,,,32
12246,野人面具,8,,2506,1,,,0,,,,,2,,,,,,,,,,,,,,,,,,,,,120,0,0,2,3,100,0,11207,40,,,,,,,,,,,,,,,,,,,,,0.32,,,,,,,,,,,,,,,,,,,,,,,,,,,,,20000,,,,,,,,,,,15
12202,皮胸甲,9,,2515,1,,,0,,,,,1,,,,,,,,,,,,,,,,,,,,,60,0,0,2,3,50,0,11307,20,,,,,,,,,,,,,,,,,,,,,4,,,,,,,,,,,,,,,,,,,,,,,,,,,,,20000,,,,,,,,,,200,5
12212,链甲胸甲,9,,2516,2,,,0,,,,,5,,5,,,,,,,,,,,,,,,,,,,225,0,0,3,5,150,0,11209,45,,,,,,,,,,,,,,,,,,,,,0.32,,,,,,,,,,,,,,,,,,,,,,,,,,,,,20000,,,,,,,,,,400,32
12217,黄铜胸甲,9,,2517,4,,,0,,,,,2,,,,1,,,,,,,,,,,,,,,,,125,0,0,2,3,100,0,11329,25,,,,,,,,,,,,,,,,,,,,,0.32,,,,,,,,,,,,,,,,,,,,,,,,,,,,,20000,,,,,,,,,,300,15
12222,铸铁胸甲,9,,2518,3,,,0,,,,,5,,,,2,,,,,,,,,,,,,,,,,225,0,0,3,5,150,0,11209,45,,,,,,,,,,,,,,,,,,,,,0.15,,,,,,,,,,,,,,,,,,,,,,,,,,,,,20000,,,,,,,,,,400,32
12227,中式胸甲,9,,,1,,,0,,,,,5,,,,2,,,,,,,,,,,,,,,,,225,0,0,3,5,150,0,11207,45,,,,,,,,,,,,,,,,,,,,,0.32,,,,,,,,,,,,,,,,,,,,,,,,,,,,,20000,,,,,,,,,,,0
12232,钛金胸甲,9,,2519,5,,,0,,,,,12,,,,4,,,,,,,,,,,,,,,,,375,0,0,3,3,300,0,11330,75,,,,,,,,,,,,,,,,,,,,,0.32,,,,,,,,,,,,,,,,,,,,,,,,,,,,,20000,,,,,,,,,,600,65
12242,钨金胸甲,9,,2520,6,,,0,,,,,26,,,,9,,,,,,,,,,,,,,,,,525,0,0,3,3,500,0,11203,105,,,,,,,,,,,,,,,,,,,,,0.32,,,,,,,,,,,,,,,,,,,,,,,,,,,,,20000,,,,,,,,,,1000,100
12321,符文服,9,,3840,3,,,0,,,,,12,,,,18,,,,,,,,,,,,,,,,,225,0,0,3,5,150,0,11209,45,,,,,,,,,,,,,,,,,,,,,0.15,,,,,,,,,,,,,,,,,,,,,,,,,,,,,20000,,,,,,,,,,,32
12203,皮护腿,10,,2524,1,,,0,,,,,1,,,,,,,,,,,,,,,,,,,,,60,0,0,2,3,50,0,11307,20,,,,,,,,,,,,,,,,,,,,,4,,,,,,,,,,,,,,,,,,,,,,,,,,,,,20000,,,,,,,,,,200,5
12213,链甲护腿,10,,2525,2,,,0,,,,,4,,4,,,,,,,,,,,,,,,,,,,225,0,0,3,5,150,0,11209,45,,,,,,,,,,,,,,,,,,,,,0.32,,,,,,,,,,,,,,,,,,,,,,,,,,,,,20000,,,,,,,,,,400,32
12218,黄铜护腿,10,,2526,4,,,0,,,,,2,,,,1,,,,,,,,,,,,,,,,,125,0,0,2,3,100,0,11329,25,,,,,,,,,,,,,,,,,,,,,0.32,,,,,,,,,,,,,,,,,,,,,,,,,,,,,20000,,,,,,,,,,300,15
12223,铸铁护腿,10,,2527,3,,,0,,,,,4,,,,2,,,,,,,,,,,,,,,,,225,0,0,3,5,150,0,11209,45,,,,,,,,,,,,,,,,,,,,,0.15,,,,,,,,,,,,,,,,,,,,,,,,,,,,,20000,,,,,,,,,,400,32
12228,中式护腿,10,,,1,,,0,,,,,4,,,,3,,,,,,,,,,,,,,,,,225,0,0,3,5,150,0,11207,45,,,,,,,,,,,,,,,,,,,,,0.32,,,,,,,,,,,,,,,,,,,,,,,,,,,,,20000,,,,,,,,,,,0
12233,钛金护腿,10,,2528,5,,,0,,,,,10,,,,4,,,,,,,,,,,,,,,,,375,0,0,3,3,300,0,11330,75,,,,,,,,,,,,,,,,,,,,,0.32,,,,,,,,,,,,,,,,,,,,,,,,,,,,,20000,,,,,,,,,,600,65
12243,钨金护腿,10,,2529,6,,,0,,,,,22,,,,8,,,,,,,,,,,,,,,,,525,0,0,3,3,500,0,11203,105,,,,,,,,,,,,,,,,,,,,,0.32,,,,,,,,,,,,,,,,,,,,,,,,,,,,,20000,,,,,,,,,,1000,100
12322,符文裤,10,,3841,3,,,0,,,,,10,,,,15,,,,,,,,,,,,,,,,,225,0,0,3,5,150,0,11209,45,,,,,,,,,,,,,,,,,,,,,0.15,,,,,,,,,,,,,,,,,,,,,,,,,,,,,20000,,,,,,,,,,,32
12204,皮靴子,11,,2531,1,,,0,,,,,1,,,,,,,,,,,,,,,,,,,,,60,0,0,2,3,50,0,11307,20,,,,,,,,,,,,,,,,,,,,,4,,,,,,,,,,,,,,,,,,,,,,,,,,,,,20000,,,,,,,,,,200,5
12214,链甲靴子,11,,2532,2,,,0,,,,,3,,3,,,,,,,,,,,,,,,,,,,225,0,0,3,5,150,0,11209,45,,,,,,,,,,,,,,,,,,,,,0.32,,,,,,,,,,,,,,,,,,,,,,,,,,,,,20000,,,,,,,,,,400,32
12219,黄铜靴子,11,,2533,4,,,0,,,,,2,,,,1,,,,,,,,,,,,,,,,,125,0,0,2,3,100,0,11329,25,,,,,,,,,,,,,,,,,,,,,0.32,,,,,,,,,,,,,,,,,,,,,,,,,,,,,20000,,,,,,,,,,300,15
12224,铸铁靴子,11,,2534,3,,,0,,,,,3,,,,2,,,,,,,,,,,,,,,,,225,0,0,3,5,150,0,11209,45,,,,,,,,,,,,,,,,,,,,,0.15,,,,,,,,,,,,,,,,,,,,,,,,,,,,,20000,,,,,,,,,,400,32
12229,中式靴子,11,,,1,,,0,,,,,3,,,,2,,,,,,,,,,,,,,,,,225,0,0,3,5,150,0,11207,45,,,,,,,,,,,,,,,,,,,,,0.32,,,,,,,,,,,,,,,,,,,,,,,,,,,,,20000,,,,,,,,,,,0
12234,钛金靴子,11,,2535,5,,,0,,,,,7,,,,4,,,,,,,,,,,,,,,,,375,0,0,3,3,300,0,11330,75,,,,,,,,,,,,,,,,,,,,,0.32,,,,,,,,,,,,,,,,,,,,,,,,,,,,,20000,,,,,,,,,,600,65
12244,钨金靴子,11,,2536,6,,,0,,,,,16,,,,6,,,,,,,,,,,,,,,,,525,0,0,3,3,500,0,11203,105,,,,,,,,,,,,,,,,,,,,,0.32,,,,,,,,,,,,,,,,,,,,,,,,,,,,,20000,,,,,,,,,,1000,100
12323,符文鞋,11,,3842,3,,,0,,,,,7,,,,11,,,,,,,,,,,,,,,,,225,0,0,3,5,150,0,11209,45,,,,,,,,,,,,,,,,,,,,,0.15,,,,,,,,,,,,,,,,,,,,,,,,,,,,,20000,,,,,,,,,,,32
12740,飞盘,6,13,,2,1,,0,,,,,,0,,,,,,,,,,,,,,,,,,,,100,0,2,,,200,0,11593,50,,,,,,,,,,,,,,,,,,,,,9,,,-1,1,misc.throw_spear,0.8,,,,,,,,,101137,101120,101121,,,,,,100142,100149,100143,,,,20000,,,1,,,,,,,,900
11048,木桶,12,,,1,,,0,,,,,,0,,,,,,,,,,,,,7,,,,,,,0,0,0,,,,0,,,,,,,,,,,,,,,,,,,,,,,,,,,,,,,,misc.netting,,,,,,,,,,,,,,,,,,,,20000,,,,,,,,,,,0
11049,瓶装水,12,,,1,,,0,,,,,,0,,,,,,,,,,,,,10,,,,,,,0,0,0,,,,0,,,,,,,,,,,,,,,,,,,,,,,,,,,,,,,,,,,,,,,,,,,,,,,,,,,,20000,,,,,,,,,,,0
11050,铁桶,12,,,1,,,0,,,,,,0,,,,,,,,,,,,,5,,,,,,,0,0,0,,,,0,,,,,,,,,,,,,,,,,,,,,,,,,,,,,,,,misc.netting,,,,,,,,,,,,,,,,,,,,20000,,,,,,,,,,,0
11051,瓶装水,12,,,1,,,0,,,,,,0,,,,,,,,,,,,,10,,,,,,,0,0,0,,,,0,,,,,,,,,,,,,,,,,,,,,,,,,,,,,,,,,,,,,,,,,,,,,,,,,,,,20000,,,,,,,,,,,0
11052,岩浆坩埚,12,,,1,,,0,,,,,,0,,,,,,,,,,,,,10,,,,,,,0,0,0,,,,0,,,,,,,,,,,,,,,,,,,,,,,,,,,,,,,,,,,,,,,,,,,,,,,,,,,,20000,,,,,,,,,,,0
11053,蜂蜜铁桶,12,,,1,,,0,,,,,,0,,,,,,,,,,,,,10,,,,,,,0,0,0,,,,0,,,,,,,,,,,,,,,,,,,,,,,,,,,,,,,,,,,,,,,,,,,,,,,,,,,,20000,,,,,,,,,,,0
11064,坩埚,12,,,1,,,0,,,,,,0,,,,,,,,,,,,,,,,,,,,0,0,0,,,,0,,,,,,,,,,,,,,,,,,,,,,,,,,,,,,,,,,,,,,,,,,,,,,,,,,,,20000,,,,,,,,,,,0
11065,盛水钛桶,12,,,1,,,0,,,,,,0,,,,,,,,,,,,,10,,,,,,,0,0,0,,,,0,,,,,,,,,,,,,,,,,,,,,,,,,,,,,,,,,,,,,,,,,,,,,,,,,,,,20000,,,,,,,,,,,0
11066,蜂蜜钛桶,12,,,1,,,0,,,,,,0,,,,,,,,,,,,,10,,,,,,,0,0,0,,,,0,,,,,,,,,,,,,,,,,,,,,,,,,,,,,,,,,,,,,,,,,,,,,,,,,,,,20000,,,,,,,,,,,0
11320,小玻璃瓶,12,,,1,,,0,,,,,,0,,,,,,,,,,,,,,,,,,,,0,0,0,,,,0,,,,,,,,,,,,,,,,,,,,,,,,,,,,,,,,misc.netting,,,,,,,,,,,,,,,,,,,,20000,,,,,,,,,,,0
11055,点火器,13,,,,,,0,,,,,,,,,,,,,,,,,,,10,,,,,,,50,,,,,,0,,,,,,,,,,,,,,,,,,,,,,,,,,,,,,,,,,,,,,,,,,,,,,,,,,,,,,,,,,,,,,,0
10103,投掷物模板,14,,,1,,,0,,1,5,,,0,,,,,,,,,,,,,,,,,,,,0,0,0,,,,0,,,,,,,,,,,,,,,,,,,,,,,,,,-1,1,misc.throw,1,,,,,,,,,,,,,,,,,,,,,,,20000,,,1,,,,,,,,0
12051,石箭,14,11,,1,,,0,,1,15,,,0,,,,,,,,,,,,,,,,,,,,0,0,1,,,,0,,,,,,,,,,,,,,,,,,,,,,,,,,-1,,misc.bow,1,1,,,,,,,,,,,,,,,,,,,,,,20000,,,,,,,,,,,0
12052,嘟嘟鸟蛋,14,,,1,,,0,,1,,,,0,,,,,,,,,,,,,,,,,,,,0,0,1,,,,0,,,,,,,,,,,,,,,,,,,,,,,,,,-1,1,misc.throw,,2,,,,,,,,,,,,,,,,,,,,,,20000,,,1,,,,,,,,0
12015,酸液泡,14,,,1,,,0,,1,,,,0,,,,,,,,,,,,,,,,,,,,0,0,1,,,,0,,,,,,,,,,,,,,,,,,,,,,,,,,-1,1,misc.throw,0.5,1,,,,,,,,,,,,,,,,,,,,,,20000,,,1,,,,,,,,0
12018,空中划过的流星,14,,,1,,,0,,1,,,,0,,,,,,,,,,,,,,,,,,,,0,0,1,,,,0,,,,,,,,,,,,,,,,,,,,,,,,,,-1,1,misc.throw,0.5,1,,,,,,,,,,,,,,,,,,,,,,20000,,,1,,,,,,,,0
12053,企鹅蛋,14,,,1,,,0,,1,,,,0,,,,,,,,,,,,,,,,,,,,0,0,1,,,,0,,,,,,,,,,,,,,,,,,,,,,,,,,-1,1,misc.throw,,2,,,,,,,,,,,,,,,,,,,,,,20000,,,1,,,,,,,,0
12054,小沙包,14,,,1,,,0,,1,5,,,0,,,,,,,,,,,,,,,,,,,,0,0,1,,,,0,,,,,,,,,,,,,,,,,,,,,,,,,,-1,1,misc.throw,,2,,,,,,,,,,,,,,,,,,,,,,20000,,,1,,,,,,,,0
12061,鲨鱼弓,7,9,,4,,,0,,1,25,,,0,,,,,,,,,,,,,,,,,,,,300,0,1,,,300,0,11330,60,,,,,,,,,,,,,,,,,,,,,25.5,,,12062,1,misc.bow,1,,,,,,,,,,101111,,,100301,100302,100303,,,100116,,,1,,10000,weapon_12061,,,,,,,,,,2550
12062,海洋箭,14,11,,1,,,0,,1,15,,,0,,,,,,,,,,,,,,,,,,,,0,0,1,,,,0,,,,,,,,,,,,,,,,,,,,,,,,,,-1,,misc.bow,1,1,,,,,,,,,,,,,,,,,,,,,,20000,,,,,,,,,,,0
12057,圣诞小雪球,14,,,1,,,0,,1,5,,,0,,,,,,,,,,,,,,,,,,,,0,0,1,,,,0,,,,,,,,,,,,,,,,,,,,,,,,,,-1,1,misc.throw,,2,,,,,,,,,,,,,,,,,,,,,,20000,,,1,,,,,,,,0
12058,红色福袋,14,,,1,,,0,,1,5,,,0,,,,,,,,,,,,,,,,,,,,0,0,1,,,,0,,,,,,,,,,,,,,,,,,,,,,,,,,-1,1,misc.throw,,2,,,,,,,,,,,,,,,,,,,,,,20000,,,1,,,,,,,,0
12059,汤圆,14,,,1,,,0,,1,5,,,0,,,,,,,,,,,,,,,,,,,,0,0,1,,,,0,,,,,,,,,,,,,,,,,,,,,,,,,,-1,1,misc.throw,,2,,,,,,,,,,,,,,,,,,,,,,20000,,,1,,,,,,,,0
12060,紫色福袋,14,,,1,,,0,,1,5,,,0,,,,,,,,,,,,,,,,,,,,0,0,1,,,,0,,,,,,,,,,,,,,,,,,,,,,,,,,-1,1,misc.throw,,2,,,,,,,,,,,,,,,,,,,,,,20000,,,1,,,,,,,,0
12280,大爆竹,14,,,1,,,0,,1,,,,0,,,,,,,,,,,,,,,,,,,,0,0,1,,,,0,,,,,,,,,,,,,,,,,,,,,,,,,,-1,1,misc.explosive,,2,,,,,,,,,,,,,,,,,,,,,,20000,,,1,,,,,,,,0
12282,石子,14,11,,1,,,0,,1,5,,,0,,,,,,,,,,,,,,,,,,,,0,0,0,,,,0,,,,,,,,,,,,,,,,,,,,,,,,,,-1,,misc.throw,,,,,,,,,,,,,,,,,,,,,,,,20000,,,,,,,,,,,0
12285,火箭弹,14,,,1,,,0,,1,25,,,0,,,,,,,,,,,,,,,,,,,,0,0,1,,,,0,,,,,,,,,,,,,,,,,,,,,,,,,,-1,,misc.throw,1,,,,,,,,,,,,,,,,,,,,,,,20000,,,,,,,,,,,0
12286,金色福袋,14,,,1,,,0,,1,5,,,0,,,,,,,,,,,,,,,,,,,,0,0,1,,,,0,,,,,,,,,,,,,,,,,,,,,,,,,,-1,1,misc.throw,,2,,,,,,,,,,,,,,,,,,,,,,20000,,,1,,,,,,,,0
12287,泡泡球,14,,,1,,,0,,1,5,,,0,,,,,,,,,,,,,,,,,,,,0,0,1,,,,0,,,,,,,,,,,,,,,,,,,,,,,,,,-1,1,misc.throw,,2,,,,,,,,,,,,,,,,,,,,,,20000,,,1,,,,,,,,0
12289,蜂刺飞镖,14,11,,1,,,0,,1,5,,,0,,,,,,,,,,,,,,,,,,,,0,0,1,,,,0,,,,,,,,,,,,,,,,,,,,,,,,,,-1,,misc.throw,,2,,,,,,,,,,,,,,,,,,,,,,20000,,,1,,,,,,,,0
12290,荧光球,14,,,1,,,0,,1,0,,,0,,,,,,,,,,,,,,,,,,,,0,0,1,,,,0,,,,,,,,,,,,,,,,,,,,,,,,,,-1,1,misc.throw,,2,,,,,,,,,,,,,,,,,,,,,,20000,,,1,,,,,,,,0
12619,刺球,14,,,1,,,0,,1,0,,,0,,,,,,,,,,,,,,,,,,,,0,0,0,,,,0,,,,,,,,,,,,,,,,,,,,,,,,,,-1,1,misc.throw,1,0,,,,,,,,,,,,,,,,,,,,,,20000,,,1,,,,,,,,0
12836,红色新年烟花,14,,,1,,,0,,1,,,,0,,,,,,,,,,,,,,,,,,,,0,0,1,,,,0,,,,,,,,,,,,,,,,,,,,,,,,,,-1,1,ent.yanhua.launch1,,2,,,,,,,,,,,,,,,,,,,,,,20000,,,1,,,,,,,,0
12837,紫色新年烟花,14,,,1,,,0,,1,,,,0,,,,,,,,,,,,,,,,,,,,0,0,1,,,,0,,,,,,,,,,,,,,,,,,,,,,,,,,-1,1,ent.yanhua.launch1,,2,,,,,,,,,,,,,,,,,,,,,,20000,,,1,,,,,,,,0
12838,绿色新年烟花,14,,,1,,,0,,1,,,,0,,,,,,,,,,,,,,,,,,,,0,0,1,,,,0,,,,,,,,,,,,,,,,,,,,,,,,,,-1,1,ent.yanhua.launch1,,2,,,,,,,,,,,,,,,,,,,,,,20000,,,1,,,,,,,,0
15007,罐装手雷,14,,,1,,,0,,1,,35,,0,,,,,,,,,,,,,,,,,,,,0,0,1,,,,0,,,,,,,,,,,,,,,,,,,,,,,,,,-1,1,,0.7,0,,,,,,,,,,,,,,,,,,,,,,20000,,,1,,,,,,,,0
15008,菠萝手雷,14,,,1,,,0,,1,,35,,0,,,,,,,,,,,,,,,,,,,,0,0,1,,,,0,,,,,,,,,,,,,,,,,,,,,,,,,,-1,1,,0.7,0,,,,,,,,,,,,,,,,,,,,,,20000,,,1,,,,,,,,0
12588,变蛋枪子弹,14,,,1,,,0,,1,1,,,0,,,,,,,,,,,,,,,,,,,,0,0,0,,,,0,,,,,,,,,,,,,,,,,,,,,,,,,,,,,,,,,,,,,,,,,,,,,,,,,,,,20000,,,,,,,,,,,0
12590,荧光弹,14,,,1,,,0,,1,5,,,0,,,,,,,,,,,,,,,,,,,,0,0,0,,,,0,,,,,,,,,,,,,,,,,,,,,,,,,,-1,,,,,,,,,,,,,,,,,,,,,,,,,,20000,,,,,,,,,,,0
12591,荧光球,14,,,1,,,0,,1,,,,0,,,,,,,,,,,,,,,,,,,,0,0,0,,,,0,,,,,,,,,,,,,,,,,,,,,,,,,,-1,1,misc.throw,,2,,,,,,,,,,,,,,,,,,,,,,20000,,,1,,,,,,,,0
12248,彩蛋,14,,,1,,,0,,1,,,,0,,,,,,,,,,,,,,,,,,,,0,0,1,,,,0,,,,,,,,,,,,,,,,,,,,,,,,,,-1,1,misc.throw,,2,,,,,,,,,,,,,,,,,,,,,,20000,,,1,,,,,,,,0
12240,小彩蛋,14,,,1,,,0,,1,,,,0,,,,,,,,,,,,,,,,,,,,0,0,1,,,,0,,,,,,,,,,,,,,,,,,,,,,,,,,-1,1,misc.throw,,2,,,,,,,,,,,,,,,,,,,,,,20000,,,1,,,,,,,,0
12249,彩弹枪子弹,14,,,1,,,0,,1,0,,,0,,,,,,,,,,,,,,,,,,,,0,0,1,,,,0,,,,,,,,,,,,,,,,,,,,,,,,,,,,,,,,,,,,,,,,,,,,,,,,,,,,20000,,,,,,,,,,,0
15003,子弹,14,11,,1,,,0,,1,15,,,0,,,,,,,,,,,,,,,,,,,,0,0,1,,,,0,,,,,,,,,,,,,,,,,,,,,,,,,,-1,,misc.throw,,,,,,,,,,,,,,,,,,,,,,,,20000,,,,,,,,,,,0
15050,投射物-野人投矛手,14,11,,1,,,0,,1,0,,,0,,,,,,,,,,,,,,,,,,,,0,0,1,,,,0,,,,,,,,,,,,,,,,,,,,,,,,,,-1,,misc.throw,,,,,,,,,,,,,,,,,,,,,,,,20000,,,1,,,,,,,,0
15051,投射物-硫黄弓手,14,11,,1,,,0,,1,0,,,0,,,,,,,,,,,,,,,,,,,,0,0,1,,,,0,,,,,,,,,,,,,,,,,,,,,,,,,,-1,,misc.throw,,,,,,,,,,,,,,,,,,,,,,,,20000,,,1,,,,,,,,0
15052,投射物-小恶魔,14,,,1,,,0,,1,0,,,0,,,,,,,,,,,,,,,,,,,,0,0,1,,,,0,,,,,,,,,,,,,,,,,,,,,,,,,,-1,,misc.throw,,,,,,,,,,,,,,,,,,,,,,,,20000,,,1,,,,,,,,0
15053,投射物-野生团子,14,,,1,,,0,,1,0,,,0,,,,,,,,,,,,,,,,,,,,0,0,1,,,,0,,,,,,,,,,,,,,,,,,,,,,,,,,-1,,misc.throw,,,,,,,,,,,,,,,,,,,,,,,,20000,,,1,,,,,,,,0
15054,投射物-黑龙火球,14,,,1,,,0,,1,4,,,0,,,,,,,,,,,,,,,,,,,,0,0,1,,,,0,,,,,,,,,,,,,,,,,,,,,,,,,,-1,1,misc.throw,,2,,,,,,,,,,,,,,,,,,,,,,20000,,,1,,,,,,,,0
15055,投射物-黑龙熔岩石柱,14,,,1,,,0,,1,100,,,0,,,,,,,,,,,,,,,,,,,,0,0,1,,,,0,,,,,,,,,,,,,,,,,,,,,,,,,,-1,1,misc.throw,,2,,,,,,,,,,,,,,,,,,,,,,20000,,,1,,,,,,,,0
15056,投射物-黑龙熔岩球,14,,,1,,,0,,1,4,,,0,,,,,,,,,,,,,,,,,,,,0,0,1,,,,0,,,,,,,,,,,,,,,,,,,,,,,,,,-1,1,misc.throw,,2,,,,,,,,,,,,,,,,,,,,,,20000,,,1,,,,,,,,0
15057,投射物-混乱召唤球,14,,,1,,,0,,1,4,,,0,,,,,,,,,,,,,,,,,,,,0,0,1,,,,0,,,,,,,,,,,,,,,,,,,,,,,,,,-1,1,misc.throw,,2,,,,,,,,,,,,,,,,,,,,,,20000,,,1,,,,,,,,0
15058,投射物-小外星人A,14,,,1,,,0,,1,,,,0,,,,,,,,,,,,,,,,,,,,0,0,1,,,,0,,,,,,,,,,,,,,,,,,,,,,,,,,-1,1,ent.3110.projectile_throw,,2,,,,,,,,,,,,,,,,,,,,,,20000,,,1,,,,,,,,0
15059,投射物-小外星人B,14,,,1,,,0,,1,4,,,0,,,,,,,,,,,,,,,,,,,,0,0,1,,,,0,,,,,,,,,,,,,,,,,,,,,,,,,,-1,1,ent.3111.projectile_throw,,2,,,,,,,,,,,,,,,,,,,,,,20000,,,1,,,,,,,,0
15060,投射物-小外星人C,14,,,1,,,0,,1,4,,,0,,,,,,,,,,,,,,,,,,,,0,0,1,,,,0,,,,,,,,,,,,,,,,,,,,,,,,,,-1,1,ent.3112.projectile_throw,,2,,,,,,,,,,,,,,,,,,,,,,20000,,,1,,,,,,,,0
15061,投射物-萌眼叮叮,14,,,1,,,0,,1,,,,0,,,,,,,,,,,,,,,,,,,,0,0,1,,,,0,,,,,,,,,,,,,,,,,,,,,,,,,,-1,1,ent.3110.projectile_throw,,2,,,,,,,,,,,,,,,,,,,,,,20000,,,1,,,,,,,,0
15062,投射物-萌眼咚咚,14,,,1,,,0,,1,4,,,0,,,,,,,,,,,,,,,,,,,,0,0,1,,,,0,,,,,,,,,,,,,,,,,,,,,,,,,,-1,1,ent.3111.projectile_throw,,2,,,,,,,,,,,,,,,,,,,,,,20000,,,1,,,,,,,,0
15063,投射物-萌眼当当,14,,,1,,,0,,1,4,,,0,,,,,,,,,,,,,,,,,,,,0,0,1,,,,0,,,,,,,,,,,,,,,,,,,,,,,,,,-1,1,ent.3112.projectile_throw,,2,,,,,,,,,,,,,,,,,,,,,,20000,,,1,,,,,,,,0
15064,投射物-萌眼叮咚,14,,,1,,,0,,1,,,,0,,,,,,,,,,,,,,,,,,,,0,0,1,,,,0,,,,,,,,,,,,,,,,,,,,,,,,,,-1,1,ent.3110.projectile_throw,,2,,,,,,,,,,,,,,,,,,,,,,20000,,,1,,,,,,,,0
15065,投射物-萌眼叮当,14,,,1,,,0,,1,,,,0,,,,,,,,,,,,,,,,,,,,0,0,1,,,,0,,,,,,,,,,,,,,,,,,,,,,,,,,-1,1,ent.3110.projectile_throw,,2,,,,,,,,,,,,,,,,,,,,,,20000,,,1,,,,,,,,0
15066,投射物-萌眼咚当,14,,,1,,,0,,1,4,,,0,,,,,,,,,,,,,,,,,,,,0,0,1,,,,0,,,,,,,,,,,,,,,,,,,,,,,,,,-1,1,ent.3112.projectile_throw,,2,,,,,,,,,,,,,,,,,,,,,,20000,,,1,,,,,,,,0
15067,投射物-萌眼咻咻,14,,,1,,,0,,1,4,,,0,,,,,,,,,,,,,,,,,,,,0,0,1,,,,0,,,,,,,,,,,,,,,,,,,,,,,,,,-1,1,ent.3112.projectile_throw,,2,,,,,,,,,,,,,,,,,,,,,,20000,,,1,,,,,,,,0
15068,投射物-混乱弓手,14,11,,1,,,0,,1,10,,,0,,,,,,,,,,,,,,,,,,,,0,0,1,,,,0,,,,,,,,,,,,,,,,,,,,,,,,,,-1,1,misc.throw,,1,,,,,,,,,,,,,,,,,,,,,,20000,,,1,,,,,,,,0
15069,投射物-远程守卫,14,,,1,,,0,,1,25,,,0,,,,,,,,,,,,,,,,,,,,0,0,1,,,,0,,,,,,,,,,,,,,,,,,,,,,,,,,-1,1,misc.bow,,1,,,,,,,,,,,,,,,,,,,,,,20000,,,1,,,,,,,,0
15070,投射物-远程守卫,14,,,1,,,0,,1,25,,,0,,,,,,,,,,,,,,,,,,,,0,0,1,,,,0,,,,,,,,,,,,,,,,,,,,,,,,,,-1,1,misc.throw_spear,,1,,,,,,,,,,,,,,,,,,,,,,20000,,,1,,,,,,,,0
15068,投射物-混乱弓手,14,11,,1,,,0,,1,0,,,0,,,,,,,,,,,,,,,,,,,,0,0,1,,,,0,,,,,,,,,,,,,,,,,,,,,,,,,,,,,,,,,,,,,,,,,,,,,,,,,,,,20000,,,,,,,,,,,0
15078,蘑晶球,14,,,1,,,0,,1,,,,0,,,,,,,,,,,,,,,,,,,,0,0,1,,,,0,,,,,,,,,,,,,,,,,,,,,,,,,,-1,1,misc.throw,1,0,,,,,,,,,,,,,,,,,,,,,,20000,,,1,,,,,,,,0
15079,迷糊粉瓶,14,,,1,,,0,,1,,,,0,,,,,,,,,,,,,,,,,,,,0,0,1,,,,0,,,,,,,,,,,,,,,,,,,,,,,,,,-1,1,misc.throw,1,0,,,,,,,,,,,,,,,,,,,,,,20000,,,1,,,,,,,,0
15080,独角,6,,,1,,,0,,1,,,,0,,,,,,,,,,,,,,,,,,,,0,0,1,,,,0,,,,,,,,,,,,,,,,,,,,,,,,,,-1,1,,,,,,,,,,,,,,,,,,,,,,,,,20000,,,,,,,,,,,0
15081,凝胶,14,,,1,,,0,,1,,,,0,,,,,,,,,,,,,,,,,,,,0,0,1,,,,0,,,,,,,,,,,,,,,,,,,,,,,,,,-1,1,misc.throw,,2,,,,,,,,,,,,,,,,,,,,,,20000,,,1,,,,,,,,0
15082,星尘箭,14,11,,1,,,0,,1,15,,,0,,,,,,,,,,,,,,,,,,,,0,0,1,,,,0,,,,,,,,,,,,,,,,,,,,,,,,,,-1,,misc.bow,1,1,,,,,,,,,,,,,,,,,,,,,,20000,,,,,,,,,,,0
11630,剧毒瓶,14,,,1,,,0,,1,,,,0,,,,,,,,,,,,,,,,,,,,0,0,1,,,,0,,,,,,,,,,,,,,,,,,,,,,,,,,-1,1,misc.throw,1,0,,,,,,,,,,,,,,,,,,,,,,20000,,,1,,,,,,,,0
11631,解毒粉包,14,,,1,,,0,,1,,,,0,,,,,,,,,,,,,,,,,,,,0,0,1,,,,0,,,,,,,,,,,,,,,,,,,,,,,,,,-1,1,misc.throw,1,0,,,,,,,,,,,,,,,,,,,,,,20000,,,1,,,,,,,,0
11551,破坏方块,14,,,1,,,,,,,,,,,,,,,,,,,,,,,,,,,,,50,,,,,,0,,,,,,,,,,,,,,,,,,,,,,,,,,,,,,,,,,,,,,,,,,,,,,,,,,,,,,,,,,,,,,,0
11552,放置方块,14,,,1,,,,,,,,,,,,,,,,,,,,,,,,,,,,,50,,,,,,0,,,,,,,,,,,,,,,,,,,,,,,,,,,,,,,,,,,,,,,,,,,,,,,,,,,,,,,,,,,,,,,0
11553,替换方块,14,,,1,,,,,,,,,,,,,,,,,,,,,,,,,,,,,50,,,,,,0,,,,,,,,,,,,,,,,,,,,,,,,,,,,,,,,,,,,,,,,,,,,,,,,,,,,,,,,,,,,,,,0
11554,攻击,14,,,1,,,,,,,,,,,,,,,,,,,,,,,,,,,,,50,,,,,,0,,,,,,,,,,,,,,,,,,,,,,,,,,,,,,,,,,,,,,,,,,,,,,,,,,,,,,,,,,,,,,,0
11555,击飞,14,,,1,,,,,,,,,,,,,,,,,,,,,,,,,,,,,50,,,,,,0,,,,,,,,,,,,,,,,,,,,,,,,,,,,,,,,,,,,,,,,,,,,,,,,,,,,,,,,,,,,,,,0
11556,召唤,14,,,1,,,,,,,,,,,,,,,,,,,,,,,,,,,,,50,,,,,,0,,,,,,,,,,,,,,,,,,,,,,,,,,,,,,,,,,,,,,,,,,,,,,,,,,,,,,,,,,,,,,,0
11557,加状态,14,,,1,,,,,,,,,,,,,,,,,,,,,,,,,,,,,50,,,,,,0,,,,,,,,,,,,,,,,,,,,,,,,,,,,,,,,,,,,,,,,,,,,,,,,,,,,,,,,,,,,,,,0
11558,发射投掷物,14,,,1,,,,,,,,,,,,,,,,,,,,,,,,,,,,,50,,,,,,0,,,,,,,,,,,,,,,,,,,,,,,,,,,,,,,,,,,,,,,,,,,,,,,,,,,,,,,,,,,,,,,0
11559,治疗,14,,,1,,,,,,,,,,,,,,,,,,,,,,,,,,,,,50,,,,,,0,,,,,,,,,,,,,,,,,,,,,,,,,,,,,,,,,,,,,,,,,,,,,,,,,,,,,,,,,,,,,,,0
12006,喷射钩爪,14,,,1,,2,,,1,,,,,,,,,,,,,,,,,,,,,,,,300,0,1,,,300,0,11073,50,,,,,,,,,,,,,,,,,,,,,,,,12006,1,misc.throw,,2,,,,,,,,,,,101122,,,,,,,100153,,,,20000,,,1,,,,,,,,0
15506,圆球爆弹,14,,,1,,,0,,1,,,,,,,,,,,,,,,,,,,,,,,,0,0,1,,,,0,,,,,,,,,,,,,,,,,,,,,,,,,,-1,1,ent.3110.projectile_throw,,2,,,,,,,,,,,,,,,,,,,,,,20000,,,1,,,,,,,,0
15507,冰锥,14,12,,1,,,0,,1,,,,,,,,,,,,,,,,,,,,,,,,0,0,1,,,,0,,,,,,,,,,,,,,,,,,,,,,,,,,-1,1,ent.3111.projectile_throw,0.7,,,,,,,,,,,,,,,,,,,,,,,20000,,,1,,,,,,,,0
15508,熔岩球,14,12,,1,,,0,,1,,,,,,,,,,,,,,,,,,,,,,,,0,0,1,,,,0,,,,,,,,,,,,,,,,,,,,,,,,,,-1,1,ent.3112.projectile_throw,0.7,,,,,,,,,,,,,,,,,,,,,,,20000,,,1,,,,,,,,0
15519,黑龙熔岩球,14,12,,1,,,0,,1,,,,,,,,,,,,,,,,,,,,,,,,0,0,1,,,,0,,,,,,,,,,,,,,,,,,,,,,,,,,-1,1,misc.throw,,2,,,,,,,,,,,,,,,,,,,,,,20000,,,1,,,,,,,,0
15520,混乱召唤球,14,12,,1,,,0,,1,,,,,,,,,,,,,,,,,,,,,,,,0,0,1,,,,0,,,,,,,,,,,,,,,,,,,,,,,,,,-1,1,misc.throw,,2,,,,,,,,,,,,,,,,,,,,,,20000,,,1,,,,,,,,0
12292,脉冲箭,14,11,,1,,,0,,1,15,,,0,,,,,,,,,,,,,,,,,,,,0,0,1,,,,0,,,,,,,,,,,,,,,,,,,,,,,,,,-1,,,1,1,,,,,,,,,,,,,,,,,,,,,,20000,,,,,,,,,,,0
12008,喷射塞子,14,,,1,,2,,,1,,,,,,,,,,,,,,,,,,,,,,,,300,0,1,,,300,0,11073,50,,,,,,,,,,,,,,,,,,,,,,,,12008,1,misc.bow,,2,,,,,,,,,,,,,,100303,,,,,,,,20000,,,1,,,,,,,,0
12007,激光武器,14,,,1,,2,,,1,,,,,,,,,,,,,,,,,,,,,,,,300,0,1,,,500,0,11074,30,,,,,,,,,,,,,,,,,,,,,,,,,,,,,,,,,,,,,,,,,,,,,,,,,,,,,,,,,,,,,0
15512,萌眼星BOSS-岩石海啸,14,,,1,,,0,,1,,,,,,,,,,,,,,,,,,,,,,,,0,0,1,,,,0,,,,,,,,,,,,,,,,,,,,,,,,,,-1,1,ent.3112.projectile_throw,0.7,,,,,,,,,,,,,,,,,,,,,,,20000,,,1,,,,,,,,0
15522,长方体,14,,,1,,,0,,1,5,,,0,,,,,,,,,,,,,,,,,,,,0,0,1,,,,0,,,,,,,,,,,,,,,,,,,,,,,,,,-1,1,misc.throw,,2,,,,,,,,,,,,,,,,,,,,,,20000,,,1,,,,,,,,0
15523,胶囊体（竖）,14,,,1,,,0,,1,5,,,0,,,,,,,,,,,,,,,,,,,,0,0,1,,,,0,,,,,,,,,,,,,,,,,,,,,,,,,,-1,1,misc.throw,,2,,,,,,,,,,,,,,,,,,,,,,20000,,,1,,,,,,,,0
15524,球体,14,,,1,,,0,,1,5,,,0,,,,,,,,,,,,,,,,,,,,0,0,1,,,,0,,,,,,,,,,,,,,,,,,,,,,,,,,-1,1,misc.throw,,2,,,,,,,,,,,,,,,,,,,,,,20000,,,1,,,,,,,,0
15525,中心长方体,14,,,1,,,0,,1,5,,,0,,,,,,,,,,,,,,,,,,,,0,0,1,,,,0,,,,,,,,,,,,,,,,,,,,,,,,,,-1,1,misc.throw,,2,,,,,,,,,,,,,,,,,,,,,,20000,,,1,,,,,,,,0
15526,胶囊体（横）,14,,,1,,,0,,1,5,,,0,,,,,,,,,,,,,,,,,,,,0,0,1,,,,0,,,,,,,,,,,,,,,,,,,,,,,,,,-1,1,misc.throw,,2,,,,,,,,,,,,,,,,,,,,,,20000,,,1,,,,,,,,0
15527,胶囊体（直）,14,,,1,,,0,,1,5,,,0,,,,,,,,,,,,,,,,,,,,0,0,1,,,,0,,,,,,,,,,,,,,,,,,,,,,,,,,-1,1,misc.throw,,2,,,,,,,,,,,,,,,,,,,,,,20000,,,1,,,,,,,,0
15513,萌眼星BOSS-蓝色手臂技能,14,,,1,,,0,,1,5,,,0,,,,,,,,,,,,,,,,,,,,0,0,1,,,,0,,,,,,,,,,,,,,,,,,,,,,,,,,-1,1,misc.throw,,2,,,,,,,,,,,,,,,,,,,,,,20000,,,1,,,,,,,,0
15514,萌眼星BOSS-白色手臂技能,14,,,1,,,0,,1,5,,,0,,,,,,,,,,,,,,,,,,,,0,0,1,,,,0,,,,,,,,,,,,,,,,,,,,,,,,,,-1,1,misc.throw,,2,,,,,,,,,,,,,,,,,,,,,,20000,,,1,,,,,,,,0
15515,萌眼星BOSS精英怪-蓝色投掷,14,,,1,,,0,,1,5,,,0,,,,,,,,,,,,,,,,,,,,0,0,1,,,,0,,,,,,,,,,,,,,,,,,,,,,,,,,-1,1,misc.throw,,2,,,,,,,,,,,,,,,,,,,,,,20000,,,1,,,,,,,,0
15516,萌眼星BOSS精英怪-白色投掷,14,,,1,,,0,,1,5,,,0,,,,,,,,,,,,,,,,,,,,0,0,1,,,,0,,,,,,,,,,,,,,,,,,,,,,,,,,-1,1,misc.throw,,2,,,,,,,,,,,,,,,,,,,,,,20000,,,1,,,,,,,,0
15517,萌眼星BOSS精英怪-蓝色技能,14,,,1,,,0,,1,5,,,0,,,,,,,,,,,,,,,,,,,,0,0,1,,,,0,,,,,,,,,,,,,,,,,,,,,,,,,,-1,1,misc.throw,,2,,,,,,,,,,,,,,,,,,,,,,20000,,,1,,,,,,,,0
15518,萌眼星BOSS精英怪-白色技能,14,,,1,,,0,,1,5,,,0,,,,,,,,,,,,,,,,,,,,0,0,1,,,,0,,,,,,,,,,,,,,,,,,,,,,,,,,-1,1,misc.throw,,2,,,,,,,,,,,,,,,,,,,,,,20000,,,1,,,,,,,,0
12295,钢珠,14,,,1,,,0,,1,5,,,0,,,,,,,,,,,,,,,,,,,,0,0,0,,,,0,,,,,,,,,,,,,,,,,,,,,,,,,,-1,1,misc.throw,,,,,,,,,,,,,,,,,,,,,,,,20000,,,,,,,,,,,0
12296,桌球,14,,,1,,,0,,1,,,,0,,,,,,,,,,,,,,,,,,,,0,0,0,,,,0,,,,,,,,,,,,,,,,,,,,,,,,,,-1,1,misc.throw,0.7,0,,,,,,,,,,,,,,,,,,,,,,20000,,,1,,,,,,,,0
12297,排球,14,,,1,,,0,,1,,,,0,,,,,,,,,,,,,,,,,,,,0,0,0,,,,0,,,,,,,,,,,,,,,,,,,,,,,,,,-1,1,misc.throw,0.7,0,,,,,,,,,,,,,,,,,,,,,,20000,,,1,,,,,,,,0
12298,木箱子,14,,,1,,,0,,1,,,,0,,,,,,,,,,,,,,,,,,,,0,0,0,,,,0,,,,,,,,,,,,,,,,,,,,,,,,,,-1,1,misc.throw,0,2,,,,,,,,,,,,,,,,,,,,,,20000,,,1,,,,,,,,0
15530,物理清除弹,14,,,1,,,0,,1,5,,,0,,,,,,,,,,,,,,,,,,,,0,0,1,,,,0,,,,,,,,,,,,,,,,,,,,,,,,,,-1,1,misc.throw,,2,,,,,,,,,,,,,,,,,,,,,,20000,,,1,,,,,,,,0
15531,车身方块,14,,,1,,,0,,1,5,,,0,,,,,,,,,,,,,,,,,,,,0,0,1,,,,0,,,,,,,,,,,,,,,,,,,,,,,,,,-1,1,misc.throw,,2,,,,,,,,,,,,,,,,,,,,,,20000,,,1,,,,,,,,0
15532,车轮,14,,,1,,,0,,1,5,,,0,,,,,,,,,,,,,,,,,,,,0,0,1,,,,0,,,,,,,,,,,,,,,,,,,,,,,,,,-1,1,misc.throw,,2,,,,,,,,,,,,,,,,,,,,,,20000,,,1,,,,,,,,0
15533,转向轴承,14,,,1,,,0,,1,5,,,0,,,,,,,,,,,,,,,,,,,,0,0,1,,,,0,,,,,,,,,,,,,,,,,,,,,,,,,,-1,1,misc.throw,,2,,,,,,,,,,,,,,,,,,,,,,20000,,,1,,,,,,,,0
15534,引擎,14,,,1,,,0,,1,5,,,0,,,,,,,,,,,,,,,,,,,,0,0,1,,,,0,,,,,,,,,,,,,,,,,,,,,,,,,,-1,1,misc.throw,,2,,,,,,,,,,,,,,,,,,,,,,20000,,,1,,,,,,,,0
15535,驾驶座,14,,,1,,,0,,1,5,,,0,,,,,,,,,,,,,,,,,,,,0,0,1,,,,0,,,,,,,,,,,,,,,,,,,,,,,,,,12051,1,misc.throw,,2,,,,,,,,,,,,,,,,,,,,,,20000,,,1,,,,,,,,0
15551,新罐装手雷,14,,,1,,,0,,1,,35,,0,,,,,,,,,,,,,,,,,,,,0,0,1,,,,0,,,,,,,,,,,,,,,,,,,,,,,,,,-1,1,,0.7,0,,,,,,,,,,,,,,,,,,,,,,20000,,,1,,,,,,,,0
9997,微缩投掷,14,,,1,,,0,,1,,,,0,,,,,,,,,,,,,,,,,,,,0,0,0,,,,0,,,,,,,,,,,,,,,,,,,,,,,,,,-1,1,misc.throw,0,2,,,,,,,,,,,,,,,,,,,,,,20000,,,1,,,,,,,,0
15530,物理清除弹,14,,,1,,,0,,1,1,,,0,,,,,,,,,,,,,,,,,,,,0,0,0,,,,0,,,,,,,,,,,,,,,,,,,,,,,,,,,,,,,,,,,,,,,,,,,,,,,,,,,,20000,,,,,,,,,,,0
12300,星星弹,14,,,1,,,0,,1,,,,0,,,,,,,,,,,,,,,,,,,,0,0,0,,,,0,,,,,,,,,,,,,,,,,,,,,,,,,,-1,1,misc.throw,,2,,,,,,,,,,,,,,,,,,,,,,20000,,,1,,,,,,,,0
10114,装备模板,16,,,1,,,0,,,,,5,0,,,,,,,,,,,,,,,,,,,,50,0,0,1,1,200,0,11307,10,,,,,,,,,,,,,,,,,,,,,4,,,,,,,,,,,,,,,,,,,,,,,,,,,,,20000,,,,,,,,,,,400
10119,蓝图生成器,14,,,1,,,,,1,,,,,,,,,,,,,,,,,,,,,,,,,,,,,,0,,,,,,,,,,,,,,,,,,,,,,,,,,,,misc.bow,,2,,,,,,,,101108,,,101108,,,100928,,,,,,,,,,,,,,,,,,,0
10120,树木生成器,14,,,1,,,,,1,,,,,,,,,,,,,,,,,,,,,,,,,,,,,,0,,,,,,,,,,,,,,,,,,,,,,,,,,,,misc.bow,,2,,,,,,,,101108,,,101108,,,100928,,,,,,,,,,,,,,,,,,,0
10121,河流生成器,14,,,1,,,,,1,,,,,,,,,,,,,,,,,,,,,,,,,,,,,,0,,,,,,,,,,,,,,,,,,,,,,,,,,,,misc.bow,,2,,,,,,,,101108,,,101108,,,100928,,,,,,,,,,,,,,,,,,,0
10125,[水墨]毛笔,14,,,1,,,,,1,,,,,,,,,,,,,,,,,,,,,,,,,,,,,,0,,,,,,,,,,,,,,,,,,,,,,,,,,,,misc.bow,,2,,,,,,,,101201,,,101201,,,100928,,,,,,,,,,,,,,,,,,,0
12205,皮披风,16,,2541,1,,,0,,,,,,0,0,,,,,,,2,,,,,,,,,,,,100,0,0,1,2,100,0,11307,20,,,,,,,,,,,,,,,,,,,,,0.2,,,,,,,,,,,,,,,,,,,,,,,,,,,,,20000,,,,,,,,,,,20
12206,炽炎披风,16,,2543,1,,,0,,,,,,0,0,,,,,,,6,,,,,,,,,,,,300,0,0,3,3,200,0,11307,50,,,,,,,,,,,,,,,,,,,,,0.32,,,,,,,,,,,,,,,,,,,,,,,,,,,,,20000,,,,,,,,,,,32
12207,钨金披风,16,,2544,1,,,0,,,,,,0,0,,,,,,,6,,,,,,,,,,,,300,0,0,3,3,200,0,11307,50,,,,,,,,,,,,,,,,,,,,,0.32,,,,,,,,,,,,,,,,,,,,,,,,,,,,,20000,,,,,,,,,,,32
12208,云母披风,16,,2545,1,,,0,,,,,,0,0,,,,,,,6,,,,,,,,,,,,300,0,0,3,3,200,0,11307,50,,,,,,,,,,,,,,,,,,,,,0.32,,,,,,,,,,,,,,,,,,,,,,,,,,,,,20000,,,,,,,,,,,32
12209,精铝披风,16,,2542,1,,,0,,,,,,0,0,,,,,,,3,,,,,,,,,,,,300,0,0,3,4,200,0,11307,50,,,,,,,,,,,,,,,,,,,,,0.32,,,,,,,,,,,,,,,,,,,,,,,,,,,,,20000,,,,,,,,,,,32
12210,熔岩披风,16,,2546,1,,,0,,,,,,0,0,,,,,,,,,,,,,,,,,,,600,0,0,3,2,200,0,11307,50,,,,,,,,,,,,,,,,,,,,,,2801,,,,,,,,,,,,,,,,,,,,,,,,,,,,20000,,,,,,,,,,,0
12215,云母披风,16,,,2,,,0,,,,,,,,,,,,,,,,,,,,,,,,,,,,,,,,0,,,,,,,,,,,,,,,,,,,,,,,,,,,,,,,,,,,,,,,,,,,,,,,,,,,,20000,,,,,,,,,,,0
12225,精铝披风,16,,,3,,,0,,,,,,,,,,,,,,,,,,,,,,,,,,,,,,,,0,,,,,,,,,,,,,,,,,,,,,,,,,,,,,,,,,,,,,,,,,,,,,,,,,,,,20000,,,,,,,,,,,0
12324,符文披风,16,,3843,3,,,0,,,,,,,,,,,,,,,,,,,,,,,,,,500,0,0,3,2,200,0,11516,10,,,,,,,,,,,,,,,,,,,,,,,,,,,,,,,,,,,,,,,,,,,,,,,,,,20000,,,,,,,,,,,0
12325,隐身披风,16,,3844,3,,,0,,,,,,,,,,,,,,,,,,,,,,,,,,,,,,,,0,,,,,,,,,,,,,,,,,,,,,,,,,,,,,,,,,,,,,,,,,,,,,,,,,,,,20000,,,,,,,,,,,0
12230,佩刀,16,,,1,,,0,,,,,,,,,,,,,,3,,,,,,,,,,,,500,0,0,3,5,300,0,11207,20,,,,,,,,,,,,,,,,,,,,,0.32,,,,,,,,,,,,,,,,,,,,,,,,,,,,,20000,,,,,,,,,,,32
12235,炽炎披风,16,,,4,,,0,,,,,,,,,,,,,,,,,,,,,,,,,,,,,,,,0,,,,,,,,,,,,,,,,,,,,,,,,,,,,,,,,,,,,,,,,,,,,,,,,,,,,20000,,,,,,,,,,,0
12245,钻披风,16,,,5,,,0,,,,,,,,,,,,,,,,,,,,,,,,,,,,,,,,0,,,,,,,,,,,,,,,,,,,,,,,,,,,,,,,,,,,,,,,,,,,,,,,,,,,,20000,,,,,,,,,,,0
12253,火箭背包,16,,,1,,,0,,,,,,0,0,,,,,,,,,,,,,,,,,,,600,0,0,1,5,300,0,12758,200,,,,,,,,,,,,,,,,,,,,,,,,,,,,,,,,,,,,,,,,,,,,,,,,,,20000,,,,,,,,,,,0
12254,迷你披风,16,,2551,1,,,0,,,,,,0,0,,,,,,,,,,,,,,,,,,,300,0,0,3,3,200,0,11307,50,,,,,,,,,,,,,,,,,,,,,,,,,,,,,,,,,,,,,,,,,,,,,,,,,,20000,,,,,,,,,,,0
12255,4399披风,16,,2552,1,,,0,,,,,,0,0,,,,,,,,,,,,,,,,,,,300,0,0,3,3,200,0,11307,50,,,,,,,,,,,,,,,,,,,,,,,,,,,,,,,,,,,,,,,,,,,,,,,,,,20000,,,,,,,,,,,0
12256,阿里游戏披风,16,,2553,1,,,0,,,,,,0,0,,,,,,,,,,,,,,,,,,,300,0,0,3,3,200,0,11307,50,,,,,,,,,,,,,,,,,,,,,,,,,,,,,,,,,,,,,,,,,,,,,,,,,,20000,,,,,,,,,,,0
12257,华为披风,16,,2554,1,,,0,,,,,,0,0,,,,,,,,,,,,,,,,,,,300,0,0,3,3,200,0,11307,50,,,,,,,,,,,,,,,,,,,,,,,,,,,,,,,,,,,,,,,,,,,,,,,,,,20000,,,,,,,,,,,0
12258,百度披风,16,,2555,1,,,0,,,,,,0,0,,,,,,,,,,,,,,,,,,,300,0,0,3,3,200,0,11307,50,,,,,,,,,,,,,,,,,,,,,,,,,,,,,,,,,,,,,,,,,,,,,,,,,,20000,,,,,,,,,,,0
12259,魅族披风,16,,2556,1,,,0,,,,,,0,0,,,,,,,,,,,,,,,,,,,300,0,0,3,3,200,0,11307,50,,,,,,,,,,,,,,,,,,,,,,,,,,,,,,,,,,,,,,,,,,,,,,,,,,20000,,,,,,,,,,,0
12260,小米披风,16,,2557,1,,,0,,,,,,0,0,,,,,,,,,,,,,,,,,,,300,0,0,3,3,200,0,11307,50,,,,,,,,,,,,,,,,,,,,,,,,,,,,,,,,,,,,,,,,,,,,,,,,,,20000,,,,,,,,,,,0
12261,oppo披风,16,,2558,1,,,0,,,,,,0,0,,,,,,,,,,,,,,,,,,,300,0,0,3,3,200,0,11307,50,,,,,,,,,,,,,,,,,,,,,,,,,,,,,,,,,,,,,,,,,,,,,,,,,,20000,,,,,,,,,,,0
12262,360披风,16,,2559,1,,,0,,,,,,0,0,,,,,,,,,,,,,,,,,,,300,0,0,3,3,200,0,11307,50,,,,,,,,,,,,,,,,,,,,,,,,,,,,,,,,,,,,,,,,,,,,,,,,,,20000,,,,,,,,,,,0
12263,腾讯披风,16,,2560,1,,,0,,,,,,0,0,,,,,,,,,,,,,,,,,,,300,0,0,3,3,200,0,11307,50,,,,,,,,,,,,,,,,,,,,,,,,,,,,,,,,,,,,,,,,,,,,,,,,,,20000,,,,,,,,,,,0
12264,酷狗披风,16,,2561,1,,,0,,,,,,0,0,,,,,,,,,,,,,,,,,,,300,0,0,3,3,200,0,11307,50,,,,,,,,,,,,,,,,,,,,,,,,,,,,,,,,,,,,,,,,,,,,,,,,,,20000,,,,,,,,,,,0
12265,金立披风,16,,2562,1,,,0,,,,,,0,0,,,,,,,,,,,,,,,,,,,300,0,0,3,3,200,0,11307,50,,,,,,,,,,,,,,,,,,,,,,,,,,,,,,,,,,,,,,,,,,,,,,,,,,20000,,,,,,,,,,,0
12266,vivo披风,16,,2563,1,,,0,,,,,,0,0,,,,,,,,,,,,,,,,,,,300,0,0,3,3,200,0,11307,50,,,,,,,,,,,,,,,,,,,,,,,,,,,,,,,,,,,,,,,,,,,,,,,,,,20000,,,,,,,,,,,0
12267,乐视披风,16,,2564,1,,,0,,,,,,0,0,,,,,,,,,,,,,,,,,,,300,0,0,3,3,200,0,11307,50,,,,,,,,,,,,,,,,,,,,,,,,,,,,,,,,,,,,,,,,,,,,,,,,,,20000,,,,,,,,,,,0
12268,庆典披风,16,,2565,1,,,0,,,,,,0,0,,,,,,,,,,,,,,,,,,,300,0,0,3,3,200,0,11307,50,,,,,,,,,,,,,,,,,,,,,,,,,,,,,,,,,,,,,,,,,,,,,,,,,,20000,,,,,,,,,,,0
12269,祥瑞披风,16,,2566,1,,,0,,,,,,0,0,,,,,,,,,,,,,,,,,,,300,0,0,3,3,200,0,11307,50,,,,,,,,,,,,,,,,,,,,,,,,,,,,,,,,,,,,,,,,,,,,,,,,,,20000,,,,,,,,,,,0
12270,新春披风,16,,2567,1,,,0,,,,,,0,0,,,,,,,,,,,,,,,,,,,300,0,0,3,3,200,0,11307,50,,,,,,,,,,,,,,,,,,,,,,,,,,,,,,,,,,,,,,,,,,,,,,,,,,20000,,,,,,,,,,,0
11639,防沙披风,16,,2568,1,,,0,,,,,,0,0,,,,,,,3,,,,,,,,,,,,300,0,0,2,3,200,0,11307,50,480,30,,,,,,,,,1047,280001,,,,,,,,,,,,,,,,,,,,,,,,,,,,,,,,,,,,,,20000,,,,,,,,,,,0
12822,冲天炮,16,,,1,,,0,,,,,,0,0,,,,,,,,,,,,,,,,,,,450,0,0,,,,0,,,,,,,,,,,,,,,,,,,,,,,,,,,,,,,,,,,,,,,,,,,,,,,,,,,,20000,,,,,,,,,,,0
12275,氧气背包,16,,,1,,,0,,,,,,,,,,,,,,,,,,,,,,,,,,1200,0,0,,,,0,,,,,,,,,,,,,,,,,,,,,,,,,,,,,,,,,,,,,,,,,,,,,,,,,,,,20000,,,,,,,,,,,0
11591,蛇神之翼,16,,,1,,,0,,,,,,0,0,,,,,,,,,,,,,,,,,,,600,0,0,,,300,0,11594,300,,,,,,,,,,,,,,,,,,,,,,,,,,,,,,,,,,,,,,,,,,,,,,,,,,20000,,,,,,,,,,,0
11805,空白卷轴,17,,,1,,,0,,,,,,,,,,,,,,,,,,,,,,,,,,,,,,,,0,,,,,,,,,,,,,,,,,,,,,,,,,,,,,,,,,,,,,,,,,,,,,,,,,,,,20000,,,,,,,,,,,0
11807,魔力卷轴,17,,,1,,,0,,,,,,,,,,,,,,,,,,,,,,,,,,,,,,,,0,,,,,,,,,,,,,,,,,,,,,,,,,,,,,,,,,,,,,,,,,,,,,,,,,,,,20000,,,,,,,,,,,0
11801,火之卷轴,18,,,1,,,0,,,,,,,,,,,,,,,,,,,,,,,,,,,,,,,,0,,,,,,,,,,,,,,,,,,,,,,,,,,,,,,,,,,,,,,,,,,,,,,,,,,,,20000,,,,,,,,,,,0
11810,坐骑的鞍,19,,,1,,,0,,,,,,,,,,,,,,,,,,,,,,,,,,,,,,,,0,,,,,,,,,,,,,,,,,,,,,,,,,,,,,,,,,,,,,,,,,,,,,,,,,,,,20000,,,,,,,,,,,0
12271,坐骑鞍-冲刺,19,,,1,,,0,,,,,,,,,,,,,,,,,,,,,,,,,,,,,,,,0,,,,,,,,,,,,,,,,,,,,,,,,,,,,,,,,,,,,,,,,,,,,,,,,,,,,20000,,,,,,,,,,,0
12273,坐骑鞍-超跳,19,,,1,,,0,,,,,,,,,,,,,,,,,,,,,,,,,,,,,,,,0,,,,,,,,,,,,,,,,,,,,,,,,,,,,,,,,,,,,,,,,,,,,,,,,,,,,20000,,,,,,,,,,,0
12250,铁制坐骑铠甲,20,,,1,,,0,,,,,,,,,,,,,,,,,,,,,,,,,,,,,,,,0,,,,,,,,,,,,,,,,,,,,,,,,,,,,,,,,,,,,,,,,,,,,,,,,,,,,20000,,,,,,,,,,,0
12272,坐骑项圈-踏水,20,,,1,,,0,,,,,,,,,,,,,,,,,,,,,,,,,,,,,,,,0,,,,,,,,,,,,,,,,,,,,,,,,,,,,,,,,,,,,,,,,,,,,,,,,,,,,20000,,,,,,,,,,,0
12274,坐骑项圈-滑翔,20,,,1,,,0,,,,,,,,,,,,,,,,,,,,,,,,,,,,,,,,0,,,,,,,,,,,,,,,,,,,,,,,,,,,,,,,,,,,,,,,,,,,,,,,,,,,,20000,,,,,,,,,,,0
11802,混乱卷轴,21,,,1,,,0,,,,,,,,,,,,,,,,,,,,,,,,,,,,,,,,0,,,,,,,,,,,,,,,,,,,,,,,,,,,,,,,,,,,,,,,,,,,,,,,,,,,,20000,,,,,,,,,,,0
11058,捕鱼网,22,,,1,,,0,,,8,,,0,,,,,,,,,,,,,,,,,,,,30,1,1,,,100,0,710,10,,,,,,,,,,,,,,,,,,,,,4,,,,,,,,,misc.netting,,,,,,,,,,,,,,,,,,,,20000,,,,,,,,,,,400
11800,变异卷轴,23,,,1,,,0,,,,,,,,,,,,,,,,,,,,,,,,,,,,,,,,0,,,,,,,,,,,,,,,,,,,,,,,,,,,,,,,,,,,,,,,,,,,,,,,,,,,,20000,,,,,,,,,,,0
11580,平凡法杖,24,10,,1,1,5,0,,1,,,,0,,,,,,,,,,,,,,,,,,,,50,0,1,,,150,0,11209,25,,,,,,,,,,,,,,,,,,,,,25.5,,,11586,1,misc.throw,1,,,,,,,,,,101111,,,100301,100302,100303,,,100116,,,1,,10000,,,,,,,,,,,2550
11581,炽烈法杖,24,10,,1,2,8,0,,1,,,,0,,,,,,,,,,,,,,,,,,,,100,0,1,,,200,0,11911,50,,,,,,,,,,,,,,,,,,,,,25.5,,,11587,1,misc.throw,1,,,,,,,,,,101111,,,100301,100302,100303,,,100116,,,1,,10000,,,,,,,,,,,2550
11582,雷电法杖,24,10,,1,2,10,0,,1,,,,0,,,,,,,,,,,,,,,,,,,,100,0,1,,,200,0,11911,50,,,,,,,,,,,,,,,,,,,,,25.5,,,11588,1,misc.throw,1,,,,,,,,,,101111,,,100301,100302,100303,,,100116,,,1,,10000,,,,,,,,,,,2550
11583,淬毒法杖,24,10,,1,2,10,0,,1,,,,0,,,,,,,,,,,,,,,,,,,,100,0,1,,,200,0,11911,50,,,,,,,,,,,,,,,,,,,,,25.5,,,11589,1,misc.throw,1,,,,,,,,,,101111,,,100301,100302,100303,,,100116,,,1,,10000,,,,,,,,,,,2550
11584,复苏法杖,24,10,,1,2,12,0,,1,,,,0,,,,,,,,,,,,,,,,,,,,100,0,1,,,200,0,11911,50,,,,,,,,,,,,,,,,,,,,,25.5,,,11590,1,misc.throw,1,,,,,,,,,,101111,,,100301,100302,100303,,,100116,,,1,,10000,,,,,,,,,,,2550
11585,召唤法杖,24,10,,1,2,60,0,,1,,,,0,,,,,,,,,,,,,,,,,,,,100,0,1,,,200,0,11911,50,,,,,,,,,,,,,,,,,,,,,25.5,,,11629,1,misc.throw,1,,,,,,,,,,101111,,,100301,100302,100303,,,100116,,,1,,10000,,,,,,,,,,,2550
11771,铁质法杖,24,14,,3,,5,0,,1,20,,,0,,,,,,,,,,,,,,,,,,,,270,0,1,,,150,0,11209,90,,,,,,,,,,,,,,,,,,,,,,,,,,misc.throw,1,1,,11086,11090,,,,,,,,,,,,,,,,,,,10000,weapon_11771,,,,,,,,,,2550
11772,钛金法杖,24,14,,5,,5,0,,1,30,,,0,,,,,,,,,,,,,,,,,,,,600,0,1,,,300,0,11330,120,,,,,,,,,,,,,,,,,,,,,,,,,,misc.throw,1,1,,11086,11090,,,,,,,,,,,,,,,,,,,10000,weapon_11772,,,,,,,,,,2550
11773,钨金法杖,24,14,,7,,5,0,,1,45,,,0,,,,,,,,,,,,,,,,,,,,1200,0,1,,,500,0,11203,240,,,,,,,,,,,,,,,,,,,,,,,,,,misc.throw,0.5,1,,11086,11090,,,,,,,,,,,,,,,,,,,10000,weapon_11773,,,,,,,,,,2550
11774,蘑菇法棒,24,10,,1,1,5,0,,1,,,,0,,,,,,,,,,,,,,,,,,,,100,0,1,,,150,0,200253,50,,,,,,,,,,,,,,,,,,,,,25.5,,,11586,1,misc.throw,1,,,,,,,,,,101111,,,100301,100302,100303,,,100116,,,1,,10000,,,,,,,,,,,2550
11775,蘑菇拳套,34,,,1,,,,,1,,,,,,,,,,,,,,,,,,,,,,,,300,0,1,,,300,0,12014,50,,,,,,,,,,,,,,,,,,,,,,,,,,,,2,,,,,,,,101108,,,,,,,,100153,,,,,,20000,,,1,,,,,,,,0
11776,星落法杖,24,14,,7,,5,0,,1,,,,0,,,,,,,,,,,,,,,,,,,,1200,1,1,,,500,0,15080,120,,,,,,,,,,,1090,102601|-30,1091,102701|-30,,,,,,,,,,,,misc.throw,0.5,1,,11086,11090,,,,,,101111,,,100301,100302,100303,,,100116,,,,,10000,,,,,50,,,,,,2550
11777,四叶星辉剑,6,1,,7,5,,0,,,40,30,,0,,,,,,,,,,,,,,,,,,,,1200,2,1,,,500,0,12014,240,,,,,,,,,,,,,,,,,,,,,104,,,,,,,,,,item.12005.charge4,Sword_NAtk_01|Sword_NAtk_02|Sword_NAtk_03|Sword_NAtk_04|Sword_NAtk_05,20,,,,,,,,,,,,,,,,,100,weapon_12005,,,,40,,,,,,10400
11778,星尘弓,7,9,,1,,,0,,1,35,,,0,,,,,,,,,,,,,,,,,,,,500,1,1,,,300,0,12014,100,,,,,,,,,,,,,,,,,,,,,25.5,,2701,15082,1,misc.bow,1,,,,,,,,,,101111,,,100301,100302,100303,,,100116,,,1,,10000,weapon_12050,,,,,,,,,,2550
12200,滑伞菇伞,6,,,1,,,0,,,,,,,,,,,,,,,,,,,,,,,,,,500,0,0,,,,0,,,,,,,,,,,,,,,,,,,,,,,25.5,,,,,misc.bow,,,,,,,,,,,101111,,,100301,100302,100303,,,100116,,,,,10000,,,,,,,,,,,2550
12276,氧气面罩,16,,,1,,,0,,,,,,,,,,,,,,,,,,,,,,,,,,2400,0,0,,,,0,,,,,,,,,,,,,,,,,,,,,,,,,,,,,,,,,,,,,,,,,,,,,,,,,,,,20000,,,,,,,,,,,0
12277,防火背包,16,,,1,,,0,,,,,,,,,,,,,,,,,,,,,,,,,,1200,0,0,3,5,,0,,,,,,,,,,,,,,,,,,,,,,,,,,,,,,,,,,,,,,,,,,,,,,,,,,,,20000,,,,-6,,,,,,,0
11617,花洒,12,,,,,,0,,,,,,,,,,,,,,,,,,,,,,,,,,50,,,,,,0,,,,,,,,,,,,,,,,,,,,,,,,,,,,,,,,,,,,,,,,,,,,,,,,,,,,,,,,,,,,,,,0
11628,木制花洒,12,,,,,,0,,,,,,,,,,,,,,,,,,,,,,,,,,50,,,,,,0,,,,,,,,,,,,,,,,,,,,,,,,,,,,,,,,,,,,,,,,,,,,,,,,,,,,,,,,,,,,,,,0
11613,石质创造锤,6,3,,1,,,0,,,,,,,,,,,,,,,,,,,,,,,,,,,,,,,,0,,,,,,,,,,,,,,,,,,,,,,,,,,,,,,,,,,,,,,,,,,,,,,,,,,,,,,,,,,,,,,,0
11614,黄铜创造锤,6,3,,1,,,0,,,,,,,,,,,,,,,,,,,,,,,,,,,,,,,,0,,,,,,,,,,,,,,,,,,,,,,,,,,,,,,,,,,,,,,,,,,,,,,,,,,,,,,,,,,,,,,,0
11615,铁制创造锤,6,3,,1,,,0,,,,,,,,,,,,,,,,,,,,,,,,,,,,,,,,0,,,,,,,,,,,,,,,,,,,,,,,,,,,,,,,,,,,,,,,,,,,,,,,,,,,,,,,,,,,,,,,0
11616,钛金创造锤,6,3,,1,,,0,,,,,,,,,,,,,,,,,,,,,,,,,,,,,,,,0,,,,,,,,,,,,,,,,,,,,,,,,,,,,,,,,,,,,,,,,,,,,,,,,,,,,,,,,,,,,,,,0
11760,铁制花洒,12,,,,,,0,,,,,,,,,,,,,,,,,,,,,,,,,,50,,,,,,0,,,,,,,,,,,,,,,,,,,,,,,,,,,,,,,,,,,,,,,,,,,,,,,,,,,,,,,,,,,,,,,0
11761,钛制花洒,12,,,,,,0,,,,,,,,,,,,,,,,,,,,,,,,,,50,,,,,,0,,,,,,,,,,,,,,,,,,,,,,,,,,,,,,,,,,,,,,,,,,,,,,,,,,,,,,,,,,,,,,,0
794,石锅,28,,,1,,,0,,,,,,,,,,,,,,,,,,,,,,,,,,,,,,,,0,,,,,,,,,,,,,,,,,,,,,,,,,,,,,,,,,,,,,,,,,,,,,,,,,,,,,,,,,,,,,,,0
795,烹饪台,28,,,2,,,0,,,,,,,,,,,,,,,,,,,,,,,,,,,,,,,,0,,,,,,,,,,,,,,,,,,,,,,,,,,,,,,,,,,,,,,,,,,,,,,,,,,,,,,,,,,,,,,,0
15539,投射物-蜘蛛,14,,,1,,,0,,1,0,,,0,,,,,,,,,,,,,,,,,,,,0,0,1,,,,0,,,,,,,,,,,,,,,,,,,,,,,,,,-1,,misc.throw,,,,,,,,,,,,,,,,,,,,,,,,20000,,,1,,,,,,,,0
12279,防寒披风,16,,2569,1,,,0,,,,,,,,,,,,,,3,,,,,,,,,,,,300,0,0,3,3,300,0,11307,50,,,,,,,,,,,,,,,,,,,,,2,,,,,,,,,,,,,,,,,,,,,,,,,,,,,20000,,,,2,,,,,,,200
11333,三角门残片,0,,,1,,30,0,,,,,,,,,,,,,,,,,,,,,,,,,,,,,,,,0,,,,,,,,,,,,,,,,,,,,,,,,,,,,,,,,,,,,,,,,,,,,,,,,,,,,,,,,,,,,,,,0
12301,弦月魔法棒,6,1,,1,,600,0,,,20,,,,,,,,,,,,,,,,,,,,,,,350,0,1,,,300,0,12756,150,,,,,,,,,,,,,,,,,,,,,,,,,,,1,1,,,,,,,,,101120,101121,101122,,,,,100153,100149,100153,,,,,,,,,,,,,,,0
12302,星翼魔法棒（蓝）,6,1,,1,,600,0,,,20,,,,,,,,,,,,,,,,,,,,,,,350,0,1,,,300,0,12756,150,,,,,,,,,,,,,,,,,,,,,,,,,,,1,1,,,,,,,,,101120,101121,101122,,,,,100153,100149,100153,,,,,,,,,,,,,,,0
12303,星翼魔法棒（红）,6,1,,1,,600,0,,,20,,,,,,,,,,,,,,,,,,,,,,,350,0,1,,,300,0,12756,150,,,,,,,,,,,,,,,,,,,,,,,,,,,1,1,,,,,,,,,101120,101121,101122,,,,,100153,100149,100153,,,,,,,,,,,,,,,0
12304,魔仙剑,6,1,,1,,600,0,,,35,,,,,,,,,,,,,,,,,,,,,,,300,0,1,,,300,0,12756,150,,,,,,,,,,,,,,,,,,,,,,,,,,,1,1,,,,,,,,,101120,101121,101122,,,,,100153,100149,100153,,,,,,,,,,,,,,,0
12305,公主魔法绘本,6,3,,1,,600,0,,,28,,,,,,,,,,,,,,,,,,,,,,,400,0,1,,,300,0,12756,150,,,,,,,,,,,,,,,,,,,,,,,,,,,1,1,,,,,,,,,101120,101121,101122,,,,,100153,100149,100153,,,,,,,,,,,,,,,0
12306,魔法调色盘（红）,6,3,,1,,600,0,,,20,,,,,,,,,,,,,,,,,,,,,,,350,0,1,,,300,0,12756,150,,,,,,,,,,,,,,,,,,,,,,,,,,,1,1,,,,,,,,,101120,101121,101122,,,,,100153,100149,100153,,,,,,,,,,,,,,,0
12307,魔法调色盘（黄）,6,3,,1,,600,0,,,20,,,,,,,,,,,,,,,,,,,,,,,350,0,1,,,300,0,12756,150,,,,,,,,,,,,,,,,,,,,,,,,,,,1,1,,,,,,,,,101120,101121,101122,,,,,100153,100149,100153,,,,,,,,,,,,,,,0
12309,蝎壳盾,6,2,,1,4,10,0,,,0,10,,,,,,,,,,,,,,,,,150,3,3,,,500,0,1,,,300,0,11330,125,,,,,,,,,,,,,,,,,,,,,,,,,,,,,,,,Shield_NAtk_01,5,,,,101120,101122,101111,,,,,100153,600134,600134,,,,,,,,,,,,,,,0
12310,蝎刺盾,6,2,,1,4,10,0,,,0,8,,,,,,,,,,,,,,,,,120,5,3,,,320,0,1,,,300,0,11330,80,,,,,,,,,,,,,,,,,,,,,,,,,,,,,,,,Shield_NAtk_01,5,,,,101120,101122,101111,,,,,100153,600134,600134,,,,,,,,,,,,,,,0
12317,木盾,6,2,,1,1,10,0,,,0,5,,,,,,,,,,,,,,,,,50,3,1,,,100,0,1,,,50,0,11323,25,,,,,,,,,,,,,,,,,,,,,,,,,,,,,,,,Shield_NAtk_01,5,,,,101120,101122,101111,,,,,100153,600134,600134,,,,,,,,,,,,,,,0
12318,黄铜盾,6,2,,1,2,10,0,,,0,8,,,,,,,,,,,,,,,,,80,3,2,,,200,0,1,,,100,0,11329,50,,,,,,,,,,,,,,,,,,,,,,,,,,,,,,,,Shield_NAtk_01,5,,,,101120,101122,101111,,,,,100153,600134,600134,,,,,,,,,,,,,,,0
12319,钛金盾,6,2,,1,4,10,0,,,0,10,,,,,,,,,,,,,,,,,120,3,3,,,400,0,1,,,300,0,11330,100,,,,,,,,,,,,,,,,,,,,,,,,,,,,,,,,Shield_NAtk_01,5,,,,101120,101122,101111,,,,,100153,600134,600134,,,,,,,,,,,,,,,0
11636,破损的元素核,14,,,1,,,0,,1,0,,,,,,,,,,,,,,,,,,,,,,,0,0,1,,,,0,,,,,,,,,,,,,,,,,,,,,,,,,,-1,1,misc.throw,1,0,,,,,,,,,,,,,,,,,,,,,,20000,,,1,,,,,,,,0
15073,投射物-沙球,14,12,,1,,,0,,1,0,,,0,,,,,,,,,,,,,,,,,,,,0,0,1,,,,0,,,,,,,,,,,,,,,,,,,,,,,,,,-1,,misc.throw,,,,,,,,,,,,,,,,,,,,,,,,20000,,,1,,,,,,,,0
15074,投射物-沙矛,14,11,,1,,,0,,1,0,,,0,,,,,,,,,,,,,,,,,,,,0,0,1,,,,0,,,,,,,,,,,,,,,,,,,,,,,,,,-1,,misc.throw,,,,,,,,,,,,,,,,,,,,,,,,20000,,,1,,,,,,,,0
15075,投射物-骆驼口水,14,,,1,,,0,,1,0,,,0,,,,,,,,,,,,,,,,,,,,0,0,1,,,,0,,,,,,,,,,,,,,,,,,,,,,,,,,-1,,misc.throw,,,,,,,,,,,,,,,,,,,,,,,,20000,,,1,,,,,,,,0
11637,熔化剂,14,,,1,,,0,,1,0,,,0,,,,,,,,,,,,,,,,,,,,0,0,1,,,,0,,,,,,,,,,,,,,,,,,,,,,,,,,-1,1,misc.throw,1,0,,,,,,,,,,,,,,,,,,,,,,20000,,,1,,,,,,,,0
11638,音爆罐子,14,,,1,,,0,,1,,,,0,,,,,,,,,,,,,,,,,,,,0,0,1,,,,0,,,,,,,,,,,,,,,,,,,,,,,,,,-1,1,misc.throw,1,0,,,,,,,,,,,,,,,,,,,,,,20000,,,1,,,,,,,,0
12311,沙之咆哮,7,,,1,,15,0,,1,,,,0,,,,,,,,,,,,,,,,,,,,500,0,1,,,300,0,11911,250,,,,,,,,,,,,,,,,,,,,,,,,,,,,,,,,,,,,,101111,,,100301,100302,100303,,,100149,100116,,,,10000,,,,,,,,,,,0
800,不完整工匠台,27,,,1,,,0,,,0,,,,,,,,,,,,,,,,,,,,,,,,,,,,,0,,,,,,,,,,,,,,,,,,,,,,,,,,,,,,,,,,,,,,,,,,,,,,,,,,,,,,,,,,,,,,,0
797,完整工匠台,27,,,1,,,0,,,0,,,,,,,,,,,,,,,,,,,,,,,,,,,,,0,,,,,,,,,,,,,,,,,,,,,,,,,,,,,,,,,,,,,,,,,,,,,,,,,,,,,,,,,,,,,,,0
11651,空气球,14,12,,1,,,0,,1,0,,,0,,,,,,,,,,,,,,,,,,,,0,0,1,,,,0,,,,,,,,,,,,,,,,,,,,,,,,,,-1,,misc.throw,,,,,,,,,,,,,,,,,,,,,,,,20000,,,1,,,,,,,,0
11649,水压炮,7,,,1,,15,0,,1,,,,0,,,,,,,,,,,,,,,,,,,,500,0,1,,,150,0,11209,100,,,,,,,,,,,,,,,,,,,,,,,,,,,,,,,,,,,,,101111,,,100301,100302,100303,,,100149,100116,,,,10000,,,,,,,,,,,0
11654,彼岸菠萝,14,,,1,,,0,,1,0,,,0,,,,,,,,,,,,,,,,,,,,0,0,1,,,,0,,,,,,,,,,,,,,,,,,,,,,,,,,-1,1,misc.throw,1,0,,,,,,,,,,,,,,,,,,,,,,20000,,,1,,,,,,,,0
11641,海灵变身石,,,,,,,0,,,,,,,,,,,,,,,,,,,,,,,,,,,,,,,,0,,,,,,,,,,,,,,,,,,,,,,,,,,,,,,,,,,,,,,,,,,,,,,,,,,,,,,,,,,,,,,,0
11642,潜水面罩,8,,2507,1,,,0,20,,,,2,,,,,,,,,,,,,,,,,,,,,600,0,0,3,2,200,0,11329,200,,,,,,,,,,,,,,,,,,,,,,,,,,,,,,,,,,,,,,,,,,,,,,,,,,20000,,,,,,,,,,,0
11643,潜水服,9,,2521,1,,,0,,,,,2,,,,,,,,,,,,,,,,,,,,,600,0,0,3,2,200,0,11329,200,,,,,,,,,,,,,,,,,,,,,,,,,,,,,,,,,,,,,,,,,,,,,,,,,,,,,,,,,,,,,0
11644,潜水脚蹼,11,,2537,1,,,0,,,,,2,,,,,,,,,,,,,35,,,,,,,,600,0,0,3,2,200,0,11329,200,,,,,,,,,,,,,,,,,,,,,,,,,,,,,,,,,,,,,,,,,,,,,,,,,,,,,,,,,,,,,0
11645,高级潜水面罩,8,,2508,1,,,0,50,,,,3,,,,,,,,,,,,,,,,,,,,,1200,0,0,4,5,300,0,12614,600,,,,,,,,,,,,,,,,,,,,,,,,,,,,,,,,,,,,,,,,,,,,,,,,,,,,,,,,,,,,,0
11646,高级潜水服,9,,2522,1,,,0,,,,,5,,,,,,,,,,,,,,,,,,,,,1200,0,0,4,5,300,0,12614,600,,,,,,,,,,,,,,,,,,,,,,,,,,,,,,,,,,,,,,,,,,,,,,,,,,,,,,,,,,,,,0
11647,高级潜水脚蹼,11,,2538,1,,,0,,,,,3,,,,,,,,,,,,,50,,,,,,,,1200,0,0,4,5,300,0,12614,600,,,,,,,,,,,,,,,,,,,,,,,,,,,,,,,,,,,,,,,,,,,,,,,,,,,,,,,,,,,,,0
11650,幸运花冠,8,,,7,,,0,,,,,1,,,,,,,,,,,,,,,,,,,,,30,0,0,1,1,,0,,,,,,,,,,,,,,,,,,,,,,,,,,,,,,,,,,,,,,,,,,,,,,,,,,,,,,,,,,,,,,,0
11424,投射物-椰子炮弹,14,,,1,,,0,,2,1,,,,,,,,,,,,,,,,,,,,,,,0,0,1,,,,0,,,,,,,,,,,,,,,,,,,,,,,,,,-1,,misc.throw,,,,,,,,,,,,,,,,,,,,,,,,,,,,,,,,,,,0
12021,猫猫鱼竿,29,,,1,,,,,0,1,,,,,,,,,,,,,,,,,,,,,,,100,1,2,,,100,0,11329,50,,,,,,,,,,,,,,,,,,,,,,,,,,,1,2,,,,,,,,,,,,,,,,,,,,,,,,,,,,,,,,,0
12721,普通鱼竿,29,,,1,,,,,0,1,,,,,,,,,,,,,,,,,,,,,,,100,1,2,,,100,0,11329,50,,,,,,,,,,,,,,,,,,,,,,,,,,,1,2,,,,,,,,,,,,,,,,,,,,,,,,,,,,,,,,,0
12722,角珊瑚鱼竿,29,,,2,,,,,0,3,,,,,,,,,,,,,,,,,,,,,,,200,1,2,,,150,0,11329,50,,,,,,,,,,,,,,,,,,,,,,,,,,,1,2,,,,,,,,,,,,,,,,,,,,,,,,,,,,,,,,,0
12723,气泡珊瑚鱼竿,29,,,2,,,,,0,3,,,,,,,,,,,,,,,,,,,,,,,200,1,2,,,150,0,11329,50,,,,,,,,,,,,,,,,,,,,,,,,,,,1,2,,,,,,,,,,,,,,,,,,,,,,,,,,,,,,,,,0
12724,圆盘珊瑚鱼竿,29,,,2,,,,,0,3,,,,,,,,,,,,,,,,,,,,,,,200,1,2,,,150,0,11329,50,,,,,,,,,,,,,,,,,,,,,,,,,,,1,2,,,,,,,,,,,,,,,,,,,,,,,,,,,,,,,,,0
12725,树珊瑚鱼竿,29,,,2,,,,,0,3,,,,,,,,,,,,,,,,,,,,,,,200,1,2,,,150,0,11329,50,,,,,,,,,,,,,,,,,,,,,,,,,,,1,2,,,,,,,,,,,,,,,,,,,,,,,,,,,,,,,,,0
12739,激光笔,35,,,1,,,,,,,,,,,,,,,,,,,,,,,,,,,,,,,,,,,,,,,,,,,,,,,,,,,,,,,,,,,,,,,,,,,,,,,,,,,,,,,,,100153,100136,100153,,,,,,,,,,,,,,,
26,投掷物-漂流瓶,14,,,1,,,0,,,,,,,,,,,,,,,,,,,,,,,,,,0,0,0,,,,0,,,,,,,,,,,,,,,,,,,,,,,,,,-1,1,misc.throw,1,0,,,,,,,,,,,,,,,,,,,,,,,,,1,,,,,,,,0
27,投掷物-远方的漂流瓶,14,,,1,,,0,,,,,,,,,,,,,,,,,,,,,,,,,,0,0,0,,,,0,,,,,,,,,,,,,,,,,,,,,,,,,,-1,1,misc.throw,1,0,,,,,,,,,,,,,,,,,,,,,,,,,1,,,,,,,,0
11657,发光的荧光棒,14,,,1,,,0,10,1,,,,,,,,,,,,,,,,,,,,,,,,300,1,1,,,,0,,,,,,,,,,,,,,,,,,,,,,,,,,-1,1,misc.throw,1,0,,,,,,,,,,,,,,,,,,,,,,,,,1,,,,,,,,0
11658,耗尽的荧光棒,14,,,1,,,0,,1,,,,,,,,,,,,,,,,,,,,,,,,,,,,,,0,,,,,,,,,,,,,,,,,,,,,,,,,,-1,1,misc.throw,1,0,,,,,,,,,,,,,,,,,,,,,,,,,1,,,,,,,,0
12312,防寒头盔,8,,2510,8,,,,,,,,3,,,,,,,,,,,,,,,,,,,,,225,0,0,2,3,150,0,12623,25,,,,,,,,,,,,,,,,,,,,,0.5,,,,,,,,,,,,,,,,,,,,,,,,,,,,,20000,,,,1,,,,,,,50
12313,防寒胸甲,9,,2523,8,,,,,,,,5,,,,,,,,,,,,,,,,,,,,,225,0,0,2,3,50,0,12623,25,,,,,,,,,,,,,,,,,,,,,0.5,,,,,,,,,,,,,,,,,,,,,,,,,,,,,20000,,,,1,,,,,,,50
12314,防寒护腿,10,,2530,8,,,,,,,,4,,,,,,,,,,,,,,,,,,,,,225,0,0,2,3,50,0,12623,25,,,,,,,,,,,,,,,,,,,,,0.5,,,,,,,,,,,,,,,,,,,,,,,,,,,,,20000,,,,1,,,,,,,50
12315,防寒靴靴,11,,2539,8,,,,,,,,3,,,,,,,,,,,,,,,,,,,,,225,0,0,2,3,50,0,12623,25,,,,,,,,,,,,,,,,,,,,,0.5,,,,,,,,,,,,,,,,,,,,,,,,,,,,,20000,,,,1,,,,,,,50
11667,冰魄法杖,24,10,,1,2,10,0,,1,,,,0,,,,,,,,,,,,,,,,,,,,100,0,1,,,200,0,11911,50,,,,,,,,,,,,,,,,,,,,,,,,11669,1,misc.throw,1,,,,,,,,,,101111,,,100301,100302,100303,,,100116,,,1,,10000,,,,,,,,,,,0
11668,极寒域法杖,24,10,,1,5,14,0,,1,,,,0,,,,,,,,,,,,,,,,,,,,75,0,1,,,300,0,12710,25,,,,,,,,,,,,,,,,,,,,,,,,11670,1,misc.throw,1,,,,,,,,,,101111,,,100301,100302,100303,,,100116,,,1,,10000,,,,,,,,,,,0
10122,手持布丁,14,,,1,,,0,,1,,,,0,,,,,,,,,,,,,,,,,,,,0,0,0,,,,0,,,,,,,,,,,,,,,,,,,,,,,,,,-1,1,misc.throw,,2,,,,,,,,,,,,,,,,,,,,,,,,,1,,,,,,,,0
10123,传送球,14,,,1,,,0,,1,,,,0,,,,,,,,,,,,,,,,,,,,0,0,0,,,,0,,,,,,,,,,,,,,,,,,,,,,,,,,-1,1,misc.throw,,2,,,,,,,,,,,,,,,,,,,,,,,,,1,,,,,,,,0
11672,冰雾瓶,14,,,1,,,0,,1,,,,0,,,,,,,,,,,,,,,,,,,,0,0,1,,,,0,,,,,,,,,,,,,,,,,,,,,,,,,,-1,1,misc.throw,1,0,,,,,,,,,,,,,,,,,,,,,,20000,,,1,,,,,,,,0
12625,冰石,14,,,1,,,0,,1,,,,,,,,,,,,,,,,,,,,,,,,,,,,,,0,,,,,,,,,,,,,,,,,,,,,,,,,,,,,,,,,,,,,,,,,,,,,,,,,,,,,,,,,,,,,,,0
12068,雪球-投掷物,14,,,1,,,0,,1,20,,,,,,,,,,,,,,,,,,,,,,,,,,,,,0,,,,,,,,,,,,,,,,,,,,,,,,,,-1,1,misc.throw,,2,,,,,,,,,,,,,,,,,,,,,,20000,,,1,,,,,,,,0
12069,枯木棒,6,3,,1,,,,,,10,,,,,,,,,,,,,,,,,,,,,,,5,1,1,,,,0,,,,,,,,,,,,,,,,,,,,,,,,,,,,,,,,,,,,,,,,,,,,,,,,,,,,,,,,,,,,,,,0
12711,战斗号角,0,,,1,,,,,,,,,,,,,,,,,,,,,,,,,,,,,,,,,,,0,,,,,,,,,,,,,,,,,,,,,,,,,,,,,,,,,,,,,,101159,101159,101159,,,,,,,,,,,,,,,,,,,,,,,0
17004,破石术卷轴,2,,,1,,,,,,,,,,,,,,,,,,,,,,,,,,,,,,,,,,,,,,,,,,,,,,,,,,,,,,,,,,,,,,,,,,,,,,,,,,,,,,,,,,,,,,,,,,,,,,,,,,
11017,铝合金镐,2,5,,4,4,,200,,,31,5,,,,,,,,,,,,,,,,,,,,,,360,1,2,,,200,0,12758,120,,,,,,,,,,,,,,,,,,,,,2.2,,,,,,,,,,,,,,,,101130,101131,101132,,,,,,100148,100147,,,,20000,weapon_11017,,,,,,,,,,220
11018,钴合金镐,2,5,,6,4,,415,,,43,5,,,,,,,,,,,,,,,,,,,,,,1200,1,2,,,400,0,12759,400,,,,,,,,,,,,,,,,,,,,,2.2,,,,,,,,,,,,,,,,101130,101131,101132,,,,,,100148,100147,,,,20000,weapon_11018,,,,,,,,,,220
12761,铝合金剑,6,1,,4,,,0,,,44,20,,0,,,,,,,,,,,,,,0.88,,,,,,450,2,1,,,200,0,12758,90,,,,,,,,,,,,,,,,,,,,,16.5,,,,,,,,,,item.12009.charge4,Sword_NAtk_01|Sword_NAtk_02|Sword_NAtk_03,10,,,,,,,,,,,,,,,,,170,weapon_12761,,,,,,,,,,1650
12762,钴短剑,6,1,,6,,,0,,,65,25,,0,,,,,,,,,,,,,,0.88,,,,,,900,2,1,,,400,0,12759,180,,,,,,,,,,,,,,,,,,,,,16.5,,,,,,,,,,item.12009.charge4,Sword_NAtk_01|Sword_NAtk_02|Sword_NAtk_03|Sword_NAtk_04,15,,,,,,,,,,,,,,,,,170,weapon_12762,,,,,,,,,,1650
12764,铝合金头盔,8,,3400,9,,,0,,,,,5,,,,3,,,,,,,,,,,,,,,,,300,0,0,3,3,200,0,12758,60,,,,,,,,,,,,,,,,,,,,,0.32,,,,,,,,,,,,,,,,,,,,,,,,,,,,,20000,,,,,,,,,,500,65
12765,铝合金胸甲,9,,3387,9,,,0,,,,,8,,,,3,,,,,,,,,,,,,,,,,300,0,0,3,3,200,0,12758,60,,,,,,,,,,,,,,,,,,,,,0.32,,,,,,,,,,,,,,,,,,,,,,,,,,,,,20000,,,,,,,,,,500,65
12766,铝合金护腿,10,,3388,9,,,0,,,,,7,,,,3,,,,,,,,,,,,,,,,,300,0,0,3,3,200,0,12758,60,,,,,,,,,,,,,,,,,,,,,0.32,,,,,,,,,,,,,,,,,,,,,,,,,,,,,20000,,,,,,,,,,500,65
12767,铝合金靴子,11,,3389,9,,,0,,,,,5,,,,3,,,,,,,,,,,,,,,,,300,0,0,3,3,200,0,12758,60,,,,,,,,,,,,,,,,,,,,,0.32,,,,,,,,,,,,,,,,,,,,,,,,,,,,,20000,,,,,,,,,,500,65
12768,钴合金头盔,8,,3390,10,,,0,,,,,11,,,,5,,,,,,,,,,,,,,,,,450,0,0,3,3,400,0,12759,90,,,,,,,,,,,,,,,,,,,,,0.32,,,,,,,,,,,,,,,,,,,,,,,,,,,,,20000,,,,,,,,,,800,65
12769,钴合金胸甲,9,,3391,10,,,0,,,,,18,,,,6,,,,,,,,,,,,,,,,,450,0,0,3,3,400,0,12759,90,,,,,,,,,,,,,,,,,,,,,0.32,,,,,,,,,,,,,,,,,,,,,,,,,,,,,20000,,,,,,,,,,800,65
12770,钴合金护腿,10,,3392,10,,,0,,,,,15,,,,5,,,,,,,,,,,,,,,,,450,0,0,3,3,400,0,12759,90,,,,,,,,,,,,,,,,,,,,,0.32,,,,,,,,,,,,,,,,,,,,,,,,,,,,,20000,,,,,,,,,,800,65
12771,钴合金靴子,11,,3393,10,,,0,,,,,11,,,,5,,,,,,,,,,,,,,,,,450,0,0,3,3,400,0,12759,90,,,,,,,,,,,,,,,,,,,,,0.32,,,,,,,,,,,,,,,,,,,,,,,,,,,,,20000,,,,,,,,,,800,65
200382,虚空果实,14,,,1,,,0,,1,,,,0,,,,,,,,,,,,,,,,,,,,0,0,1,,,,0,,,,,,,,,,,,,,,,,,,,,,,,,,-1,1,misc.throw,1,0,,,,,,,,,,,,,,,,,,,,,,20000,,,1,,,,,,,,0
200389,虚空果实超级无敌大漩涡炸弹,14,,,1,,,0,,1,,,,0,,,,,,,,,,,,,,,,,,,,0,0,1,,,,0,,,,,,,,,,,,,,,,,,,,,,,,,,-1,1,misc.throw,1,0,,,,,,,,,,,,,,,,,,,,,,20000,,,1,,,,,,,,0
200413,虚空瓜帽1,8,,2511,1,,,0,,,,,1,,,,,,,,,,,,,,,,,,,,,50,0,0,2,3,,0,,,,,,,,,,,,,,,,,,,,,,,0.15,,,,,,,,,,,,,,,,,,,,,,,,,,,,,20000,,,,,,,,,,,15
200414,虚空瓜帽2,8,,2512,1,,,0,,,,,1,,,,,,,,,,,,,,,,,,,,,50,0,0,2,3,,0,,,,,,,,,,,,,,,,,,,,,,,0.15,,,,,,,,,,,,,,,,,,,,,,,,,,,,,20000,,,,,,,,,,,15
200415,虚空瓜帽3,8,,2513,1,,,0,,,,,1,,,,,,,,,,,,,,,,,,,,,50,0,0,2,3,,0,,,,,,,,,,,,,,,,,,,,,,,0.15,,,,,,,,,,,,,,,,,,,,,,,,,,,,,20000,,,,,,,,,,,15
200416,虚空瓜帽4,8,,2514,1,,,0,,,,,1,,,,,,,,,,,,,,,,,,,,,50,0,0,2,3,,0,,,,,,,,,,,,,,,,,,,,,,,0.15,,,,,,,,,,,,,,,,,,,,,,,,,,,,,20000,,,,,,,,,,,15
201011,烘焙箱,28,,,1,,,0,,,,,,,,,,,,,,,,,,,,,,,,,,,,,,,,0,,,,,,,,,,,,,,,,,,,,,,,,,,,,,,,,,,,,,,,,,,,,,,,,,,,,,,,,,,,,,,,0
540001,黄铜斧+黄铜斧,1,6,,2,,,80,,,28,6,,,,,,,,,,,,,,,0,,,,,,,180,1,2,,,100,0,11329,60,,,,,,,,,,,,,,,,,,,,,,,,,,,,,,,,Double_Axe_Axe_Natk_01|Double_Axe_Axe_Natk_02,1,,,,,,,,,,,,,,,,,,weapon_12005,,,,,,,,,,
540002,黄铜斧+石斧,1,6,,2,,,50,,,24,6,,,,,,,,,,,,,,,0,,,,,,,140,1,2,,,75,0,11329,60,,,,,,,,,,,,,,,,,,,,,,,,,,,,,,,,Double_Axe_Axe_Natk_01|Double_Axe_Axe_Natk_02,1,,,,,,,,,,,,,,,,,,weapon_12005,,,,,,,,,,
540003,黄铜斧+木棒,1,1,,2,,,40,,,20,8,,,,,,,,,,,,,,,0,,,,,,,120,1,2,,,65,0,11329,60,,,,,,,,,,,,,,,,,,,,,,,,,,,,,,,,Double_Axe_Axe_Natk_01|Double_Axe_Axe_Natk_02,5,,,,,,,,,,,,,,,,,,weapon_12005,,,,,,,,,,
540004,黄铜斧+尖尖碰碰锤,1,1,,2,,,40,,,22,11,,,,,,,,,,,,,,,0,,,,,77,1,140,1,2,,,75,0,11329,60,,,,,,,,,,,,,,,,,,,,,,,,,,,,,,,,Double_Axe_Axe_Natk_01|Double_Axe_Axe_Natk_02,5,,,,,,,,,,,,,,,,,,weapon_12005,,,,,,,,,,
540005,黄铜斧+冻结棒,1,1,,2,,,40,,,28,13,,,,,,,,,,,,,,,0,,,,,,,165,1,2,,,125,0,11329,60,,,,,,,,,,,,,,,,,,,,,,,,,,,,,,,,Double_Axe_Axe_Natk_01|Double_Axe_Axe_Natk_02,5,,,,,,,,,,,,,,,,,,weapon_12005,,,,,,,,,,
540006,黄铜斧+钛金战锤,1,1,,5,,,40,,,46,19,,,,,,,,,,,,,,,0,,,,,,,390,1,2,,,200,0,11330,120,,,,,,,,,,,,,,,,,,,,,,,,,,,,,,,,Double_Axe_Axe_Natk_01|Double_Axe_Axe_Natk_02,5,,,,,,,,,,,,,,,,,,weapon_12005,,,,,,,,,,
540007,黄铜斧+石剑,1,1,,2,,,40,,,21,7,,,,,,,,,,,,,,,0,,,,,,,140,1,2,,,75,0,11329,60,,,,,,,,,,,,,,,,,,,,,,,,,,,,,,,,Double_Sword_Sword_Natk_01|Double_Sword_Sword_Natk_02|Double_Sword_Sword_Natk_03|Double_Sword_Sword_Natk_04,5,,,,,,,,,,,,,,,,,,weapon_12005,,,,,,,,,,
540008,黄铜斧+短剑,1,1,,3,,,40,,,29,10,,,,,,,,,,,,,,,0,,,,,,,225,1,2,,,100,0,11209,90,,,,,,,,,,,,,,,,,,,,,,,,,,,,,,,,Double_Sword_Sword_Natk_01|Double_Sword_Sword_Natk_02|Double_Sword_Sword_Natk_03|Double_Sword_Sword_Natk_04,5,,,,,,,,,,,,,,,,,,weapon_12005,,,,,,,,,,
540009,黄铜斧+收割者,1,1,,5,,,40,,,39,13,,,,,,,,,,,,,,,0,,,,,,,390,1,2,,,200,0,11330,120,,,,,,,,,,,,,,,,,,,,,,,,,,,,,,,,Double_Sword_Sword_Natk_01|Double_Sword_Sword_Natk_02|Double_Sword_Sword_Natk_03|Double_Sword_Sword_Natk_04,5,,,,,,,,,,,,,,,,,,weapon_12005,,,,,,,,,,
540010,黄铜斧+能量剑,1,1,,7,,,40,,,53,15,,,,,,,,,,,,,,,0,,,,,,,690,1,2,,,300,0,11203,240,,,,,,,,,,,,,,,,,,,,,,,,,,,,,,,,Double_Sword_Sword_Natk_01|Double_Sword_Sword_Natk_02|Double_Sword_Sword_Natk_03|Double_Sword_Sword_Natk_04,5,,,,,,,,,,,,,,,,,,weapon_12005,,,,,,,,,,
540011,黄铜斧+石矛,1,4,,2,,,40,,,22,10,,,,,,,,,,,,,,,0,,,,,,,140,1,2,,,75,0,11329,60,,,,,,,,,,,,,,,,,,,,,,,,-1,1,misc.throw_spear,,,,,,Double_Spear_Spear_Natk_01|Double_Spear_Spear_Natk_02|Double_Spear_Spear_Natk_03,5,,,,,,,,,,,,,,,,,,weapon_12005,,1,,,,,,,,
540012,黄铜斧+黄铜矛,1,4,,2,,,40,,,26,14,,,,,,,,,,,,,,,0,,,,,,,180,1,2,,,100,0,11329,60,,,,,,,,,,,,,,,,,,,,,,,,-1,1,misc.throw_spear,,,,,,Double_Spear_Spear_Natk_01|Double_Spear_Spear_Natk_02|Double_Spear_Spear_Natk_03,5,,,,,,,,,,,,,,,,,,weapon_12005,,1,,,,,,,,
540013,黄铜斧+能量矛,1,4,,7,,,40,,,54,24,,,,,,,,,,,,,,,0,,,,,,,690,1,2,,,300,0,11203,240,,,,,,,,,,,,,,,,,,,,,,,,-1,1,misc.throw_spear,,,,,,Double_Spear_Spear_Natk_01|Double_Spear_Spear_Natk_02|Double_Spear_Spear_Natk_03,5,,,,,,,,,,,,,,,,,,weapon_12005,,1,,,,,,,,
540014,黄铜斧+魔鬼鱼叉,1,1,,2,,,40,,,30,14,,,,,,,,,,,,,,,0,,,,,,,240,1,2,,,125,0,11329,60,,,,,,,,,,,,,,,,,,,,,,,,-1,1,misc.throw_spear,,,,,,Double_Spear_Spear_Natk_01|Double_Spear_Spear_Natk_02|Double_Spear_Spear_Natk_03,5,,,,,,,,,,,,,,,,,,weapon_12005,,,,,,,,,,
540015,石斧+石斧,1,6,,1,,,20,,,19,6,,,,,,,,,,,,,,,0,,,,,,,100,1,2,,,50,0,11627,50,,,,,,,,,,,,,,,,,,,,,,,,,,,,,,,,Double_Axe_Axe_Natk_01|Double_Axe_Axe_Natk_02,1,,,,,,,,,,,,,,,,,,weapon_12005,,,,,,,,,,
540016,石斧+木棒,1,1,,1,,,10,,,17,8,,,,,,,,,,,,,,,0,,,,,,,80,1,2,,,40,0,11627,50,,,,,,,,,,,,,,,,,,,,,,,,,,,,,,,,Double_Axe_Axe_Natk_01|Double_Axe_Axe_Natk_02,5,,,,,,,,,,,,,,,,,,weapon_12005,,,,,,,,,,
540017,石斧+尖尖碰碰锤,1,1,,1,,,10,,,19,11,,,,,,,,,,,,,,,0,,,,,77,1,100,1,2,,,50,0,11627,50,,,,,,,,,,,,,,,,,,,,,,,,,,,,,,,,Double_Axe_Axe_Natk_01|Double_Axe_Axe_Natk_02,5,,,,,,,,,,,,,,,,,,weapon_12005,,,,,,,,,,
540018,石斧+冻结棒,1,1,,1,,,10,,,25,13,,,,,,,,,,,,,,,0,,,,,,,125,1,2,,,100,0,11627,50,,,,,,,,,,,,,,,,,,,,,,,,,,,,,,,,Double_Axe_Axe_Natk_01|Double_Axe_Axe_Natk_02,5,,,,,,,,,,,,,,,,,,weapon_12005,,,,,,,,,,
540019,石斧+钛金战锤,1,1,,5,,,10,,,43,19,,,,,,,,,,,,,,,0,,,,,,,350,1,2,,,175,0,11330,120,,,,,,,,,,,,,,,,,,,,,,,,,,,,,,,,Double_Axe_Axe_Natk_01|Double_Axe_Axe_Natk_02,5,,,,,,,,,,,,,,,,,,weapon_12005,,,,,,,,,,
540020,石斧+石剑,1,1,,1,,,10,,,18,7,,,,,,,,,,,,,,,0,,,,,,,100,1,2,,,50,0,11627,50,,,,,,,,,,,,,,,,,,,,,,,,,,,,,,,,Double_Sword_Sword_Natk_01|Double_Sword_Sword_Natk_02|Double_Sword_Sword_Natk_03|Double_Sword_Sword_Natk_04,5,,,,,,,,,,,,,,,,,,weapon_12005,,,,,,,,,,
540021,石斧+短剑,1,1,,3,,,10,,,26,10,,,,,,,,,,,,,,,0,,,,,,,185,1,2,,,75,0,11209,90,,,,,,,,,,,,,,,,,,,,,,,,,,,,,,,,Double_Sword_Sword_Natk_01|Double_Sword_Sword_Natk_02|Double_Sword_Sword_Natk_03|Double_Sword_Sword_Natk_04,5,,,,,,,,,,,,,,,,,,weapon_12005,,,,,,,,,,
540022,石斧+收割者,1,1,,5,,,10,,,35,13,,,,,,,,,,,,,,,0,,,,,,,350,1,2,,,175,0,11330,120,,,,,,,,,,,,,,,,,,,,,,,,,,,,,,,,Double_Sword_Sword_Natk_01|Double_Sword_Sword_Natk_02|Double_Sword_Sword_Natk_03|Double_Sword_Sword_Natk_04,5,,,,,,,,,,,,,,,,,,weapon_12005,,,,,,,,,,
540023,石斧+能量剑,1,1,,7,,,10,,,49,15,,,,,,,,,,,,,,,0,,,,,,,650,1,2,,,275,0,11203,240,,,,,,,,,,,,,,,,,,,,,,,,,,,,,,,,Double_Sword_Sword_Natk_01|Double_Sword_Sword_Natk_02|Double_Sword_Sword_Natk_03|Double_Sword_Sword_Natk_04,5,,,,,,,,,,,,,,,,,,weapon_12005,,,,,,,,,,
540024,石斧+石矛,1,4,,1,,,10,,,18,10,,,,,,,,,,,,,,,0,,,,,,,100,1,2,,,50,0,11627,50,,,,,,,,,,,,,,,,,,,,,,,,-1,1,misc.throw_spear,,,,,,Double_Spear_Spear_Natk_01|Double_Spear_Spear_Natk_02|Double_Spear_Spear_Natk_03,5,,,,,,,,,,,,,,,,,,weapon_12005,,1,,,,,,,,
540025,石斧+黄铜矛,1,4,,2,,,10,,,22,14,,,,,,,,,,,,,,,0,,,,,,,140,1,2,,,75,0,11329,60,,,,,,,,,,,,,,,,,,,,,,,,-1,1,misc.throw_spear,,,,,,Double_Spear_Spear_Natk_01|Double_Spear_Spear_Natk_02|Double_Spear_Spear_Natk_03,5,,,,,,,,,,,,,,,,,,weapon_12005,,1,,,,,,,,
540026,石斧+能量矛,1,4,,7,,,10,,,50,24,,,,,,,,,,,,,,,0,,,,,,,650,1,2,,,275,0,11203,240,,,,,,,,,,,,,,,,,,,,,,,,-1,1,misc.throw_spear,,,,,,Double_Spear_Spear_Natk_01|Double_Spear_Spear_Natk_02|Double_Spear_Spear_Natk_03,5,,,,,,,,,,,,,,,,,,weapon_12005,,1,,,,,,,,
540027,石斧+魔鬼鱼叉,1,1,,2,,,10,,,26,14,,,,,,,,,,,,,,,0,,,,,,,200,1,2,,,100,0,11209,90,,,,,,,,,,,,,,,,,,,,,,,,-1,1,misc.throw_spear,,,,,,Double_Spear_Spear_Natk_01|Double_Spear_Spear_Natk_02|Double_Spear_Spear_Natk_03,5,,,,,,,,,,,,,,,,,,weapon_12005,,,,,,,,,,
540028,铸铁斧+黄铜斧,1,6,,3,,,110,,,33,6,,,,,,,,,,,,,,,0,,,,,,,225,1,2,,,125,0,11209,90,,,,,,,,,,,,,,,,,,,,,,,,,,,,,,,,Double_Axe_Axe_Natk_01|Double_Axe_Axe_Natk_02,1,,,,,,,,,,,,,,,,,,weapon_12005,,,,,,,,,,
540029,铸铁斧+石斧,1,6,,3,,,80,,,28,6,,,,,,,,,,,,,,,0,,,,,,,185,1,2,,,100,0,11209,90,,,,,,,,,,,,,,,,,,,,,,,,,,,,,,,,Double_Axe_Axe_Natk_01|Double_Axe_Axe_Natk_02,1,,,,,,,,,,,,,,,,,,weapon_12005,,,,,,,,,,
540030,铸铁斧+铸铁斧,1,6,,3,,,140,,,37,6,,,,,,,,,,,,,,,0,,,,,,,270,1,2,,,150,0,11209,90,,,,,,,,,,,,,,,,,,,,,,,,,,,,,,,,Double_Axe_Axe_Natk_01|Double_Axe_Axe_Natk_02,1,,,,,,,,,,,,,,,,,,weapon_12005,,,,,,,,,,
540031,铸铁斧+木棒,1,1,,3,,,70,,,23,8,,,,,,,,,,,,,,,0,,,,,,,165,1,2,,,90,0,11209,90,,,,,,,,,,,,,,,,,,,,,,,,,,,,,,,,Double_Axe_Axe_Natk_01|Double_Axe_Axe_Natk_02,5,,,,,,,,,,,,,,,,,,weapon_12005,,,,,,,,,,
540032,铸铁斧+尖尖碰碰锤,1,1,,3,,,70,,,25,11,,,,,,,,,,,,,,,0,,,,,77,1,185,1,2,,,100,0,11209,90,,,,,,,,,,,,,,,,,,,,,,,,,,,,,,,,Double_Axe_Axe_Natk_01|Double_Axe_Axe_Natk_02,5,,,,,,,,,,,,,,,,,,weapon_12005,,,,,,,,,,
540033,铸铁斧+冻结棒,1,1,,3,,,70,,,31,13,,,,,,,,,,,,,,,0,,,,,,,210,1,2,,,150,0,11209,90,,,,,,,,,,,,,,,,,,,,,,,,,,,,,,,,Double_Axe_Axe_Natk_01|Double_Axe_Axe_Natk_02,5,,,,,,,,,,,,,,,,,,weapon_12005,,,,,,,,,,
540034,铸铁斧+钛金战锤,1,1,,5,,,70,,,49,19,,,,,,,,,,,,,,,0,,,,,,,435,1,2,,,225,0,11330,120,,,,,,,,,,,,,,,,,,,,,,,,,,,,,,,,Double_Axe_Axe_Natk_01|Double_Axe_Axe_Natk_02,5,,,,,,,,,,,,,,,,,,weapon_12005,,,,,,,,,,
540035,铸铁斧+石剑,1,1,,3,,,70,,,25,7,,,,,,,,,,,,,,,0,,,,,,,185,1,2,,,100,0,11209,90,,,,,,,,,,,,,,,,,,,,,,,,,,,,,,,,Double_Sword_Sword_Natk_01|Double_Sword_Sword_Natk_02|Double_Sword_Sword_Natk_03|Double_Sword_Sword_Natk_04,5,,,,,,,,,,,,,,,,,,weapon_12005,,,,,,,,,,
540036,铸铁斧+短剑,1,1,,3,,,70,,,33,10,,,,,,,,,,,,,,,0,,,,,,,270,1,2,,,125,0,11209,90,,,,,,,,,,,,,,,,,,,,,,,,,,,,,,,,Double_Sword_Sword_Natk_01|Double_Sword_Sword_Natk_02|Double_Sword_Sword_Natk_03|Double_Sword_Sword_Natk_04,5,,,,,,,,,,,,,,,,,,weapon_12005,,,,,,,,,,
540037,铸铁斧+收割者,1,1,,5,,,70,,,43,13,,,,,,,,,,,,,,,0,,,,,,,435,1,2,,,225,0,11330,120,,,,,,,,,,,,,,,,,,,,,,,,,,,,,,,,Double_Sword_Sword_Natk_01|Double_Sword_Sword_Natk_02|Double_Sword_Sword_Natk_03|Double_Sword_Sword_Natk_04,5,,,,,,,,,,,,,,,,,,weapon_12005,,,,,,,,,,
540038,铸铁斧+能量剑,1,1,,7,,,70,,,56,15,,,,,,,,,,,,,,,0,,,,,,,735,1,2,,,325,0,11203,240,,,,,,,,,,,,,,,,,,,,,,,,,,,,,,,,Double_Sword_Sword_Natk_01|Double_Sword_Sword_Natk_02|Double_Sword_Sword_Natk_03|Double_Sword_Sword_Natk_04,5,,,,,,,,,,,,,,,,,,weapon_12005,,,,,,,,,,
540039,铸铁斧+石矛,1,4,,3,,,70,,,26,10,,,,,,,,,,,,,,,0,,,,,,,185,1,2,,,100,0,11209,90,,,,,,,,,,,,,,,,,,,,,,,,-1,1,misc.throw_spear,,,,,,Double_Spear_Spear_Natk_01|Double_Spear_Spear_Natk_02|Double_Spear_Spear_Natk_03,5,,,,,,,,,,,,,,,,,,weapon_12005,,1,,,,,,,,
540040,铸铁斧+黄铜矛,1,4,,3,,,70,,,29,14,,,,,,,,,,,,,,,0,,,,,,,225,1,2,,,125,0,11209,90,,,,,,,,,,,,,,,,,,,,,,,,-1,1,misc.throw_spear,,,,,,Double_Spear_Spear_Natk_01|Double_Spear_Spear_Natk_02|Double_Spear_Spear_Natk_03,5,,,,,,,,,,,,,,,,,,weapon_12005,,1,,,,,,,,
540041,铸铁斧+能量矛,1,4,,7,,,70,,,57,24,,,,,,,,,,,,,,,0,,,,,,,735,1,2,,,325,0,11203,240,,,,,,,,,,,,,,,,,,,,,,,,-1,1,misc.throw_spear,,,,,,Double_Spear_Spear_Natk_01|Double_Spear_Spear_Natk_02|Double_Spear_Spear_Natk_03,5,,,,,,,,,,,,,,,,,,weapon_12005,,1,,,,,,,,
540042,铸铁斧+魔鬼鱼叉,1,1,,3,,,70,,,33,14,,,,,,,,,,,,,,,0,,,,,,,285,1,2,,,150,0,11209,90,,,,,,,,,,,,,,,,,,,,,,,,-1,1,misc.throw_spear,,,,,,Double_Spear_Spear_Natk_01|Double_Spear_Spear_Natk_02|Double_Spear_Spear_Natk_03,5,,,,,,,,,,,,,,,,,,weapon_12005,,,,,,,,,,
540043,钛合金斧+黄铜斧,1,6,,5,,,190,,,41,6,,,,,,,,,,,,,,,0,,,,,,,615,1,2,,,200,0,11330,350,,,,,,,,,,,,,,,,,,,,,,,,,,,,,,,,Double_Axe_Axe_Natk_01|Double_Axe_Axe_Natk_02,1,,,,,,,,,,,,,,,,,,weapon_12005,,,,,,,,,,
540044,钛合金斧+石斧,1,6,,5,,,160,,,37,6,,,,,,,,,,,,,,,0,,,,,,,575,1,2,,,175,0,11330,350,,,,,,,,,,,,,,,,,,,,,,,,,,,,,,,,Double_Axe_Axe_Natk_01|Double_Axe_Axe_Natk_02,1,,,,,,,,,,,,,,,,,,weapon_12005,,,,,,,,,,
540045,钛合金斧+铸铁斧,1,6,,5,,,220,,,46,6,,,,,,,,,,,,,,,0,,,,,,,660,1,2,,,225,0,11330,350,,,,,,,,,,,,,,,,,,,,,,,,,,,,,,,,Double_Axe_Axe_Natk_01|Double_Axe_Axe_Natk_02,1,,,,,,,,,,,,,,,,,,weapon_12005,,,,,,,,,,
540046,钛合金斧+钛合金斧,1,6,,5,,,300,,,54,6,,,,,,,,,,,,,,,0,,,,,,,1050,1,2,,,300,0,11330,350,,,,,,,,,,,,,,,,,,,,,,,,,,,,,,,,Double_Axe_Axe_Natk_01|Double_Axe_Axe_Natk_02,1,,,,,,,,,,,,,,,,,,weapon_12005,,,,,,,,,,
540047,钛合金斧+木棒,1,1,,5,,,150,,,28,8,,,,,,,,,,,,,,,0,,,,,,,555,1,2,,,165,0,11330,350,,,,,,,,,,,,,,,,,,,,,,,,,,,,,,,,Double_Axe_Axe_Natk_01|Double_Axe_Axe_Natk_02,5,,,,,,,,,,,,,,,,,,weapon_12005,,,,,,,,,,
540048,钛合金斧+尖尖碰碰锤,1,1,,5,,,150,,,30,11,,,,,,,,,,,,,,,0,,,,,77,1,575,1,2,,,175,0,11330,350,,,,,,,,,,,,,,,,,,,,,,,,,,,,,,,,Double_Axe_Axe_Natk_01|Double_Axe_Axe_Natk_02,5,,,,,,,,,,,,,,,,,,weapon_12005,,,,,,,,,,
540049,钛合金斧+冻结棒,1,1,,5,,,150,,,37,13,,,,,,,,,,,,,,,0,,,,,,,600,1,2,,,225,0,11330,350,,,,,,,,,,,,,,,,,,,,,,,,,,,,,,,,Double_Axe_Axe_Natk_01|Double_Axe_Axe_Natk_02,5,,,,,,,,,,,,,,,,,,weapon_12005,,,,,,,,,,
540050,钛合金斧+钛金战锤,1,1,,5,,,150,,,54,19,,,,,,,,,,,,,,,0,,,,,,,825,1,2,,,300,0,11330,350,,,,,,,,,,,,,,,,,,,,,,,,,,,,,,,,Double_Axe_Axe_Natk_01|Double_Axe_Axe_Natk_02,5,,,,,,,,,,,,,,,,,,weapon_12005,,,,,,,,,,
540051,钛合金斧+石剑,1,1,,5,,,150,,,32,7,,,,,,,,,,,,,,,0,,,,,,,575,1,2,,,175,0,11330,350,,,,,,,,,,,,,,,,,,,,,,,,,,,,,,,,Double_Sword_Sword_Natk_01|Double_Sword_Sword_Natk_02|Double_Sword_Sword_Natk_03|Double_Sword_Sword_Natk_04,5,,,,,,,,,,,,,,,,,,weapon_12005,,,,,,,,,,
540052,钛合金斧+短剑,1,1,,5,,,150,,,40,10,,,,,,,,,,,,,,,0,,,,,,,660,1,2,,,200,0,11330,350,,,,,,,,,,,,,,,,,,,,,,,,,,,,,,,,Double_Sword_Sword_Natk_01|Double_Sword_Sword_Natk_02|Double_Sword_Sword_Natk_03|Double_Sword_Sword_Natk_04,5,,,,,,,,,,,,,,,,,,weapon_12005,,,,,,,,,,
540053,钛合金斧+收割者,1,1,,5,,,150,,,49,13,,,,,,,,,,,,,,,0,,,,,,,825,1,2,,,300,0,11330,350,,,,,,,,,,,,,,,,,,,,,,,,,,,,,,,,Double_Sword_Sword_Natk_01|Double_Sword_Sword_Natk_02|Double_Sword_Sword_Natk_03|Double_Sword_Sword_Natk_04,5,,,,,,,,,,,,,,,,,,weapon_12005,,,,,,,,,,
540054,钛合金斧+能量剑,1,1,,7,,,150,,,63,15,,,,,,,,,,,,,,,0,,,,,,,1125,1,2,,,400,0,11203,240,,,,,,,,,,,,,,,,,,,,,,,,,,,,,,,,Double_Sword_Sword_Natk_01|Double_Sword_Sword_Natk_02|Double_Sword_Sword_Natk_03|Double_Sword_Sword_Natk_04,5,,,,,,,,,,,,,,,,,,weapon_12005,,,,,,,,,,
540055,钛合金斧+石矛,1,4,,5,,,150,,,32,10,,,,,,,,,,,,,,,0,,,,,,,575,1,2,,,175,0,11330,350,,,,,,,,,,,,,,,,,,,,,,,,-1,1,misc.throw_spear,,,,,,Double_Spear_Spear_Natk_01|Double_Spear_Spear_Natk_02|Double_Spear_Spear_Natk_03,5,,,,,,,,,,,,,,,,,,weapon_12005,,1,,,,,,,,
540056,钛合金斧+黄铜矛,1,4,,5,,,150,,,36,14,,,,,,,,,,,,,,,0,,,,,,,615,1,2,,,200,0,11330,350,,,,,,,,,,,,,,,,,,,,,,,,-1,1,misc.throw_spear,,,,,,Double_Spear_Spear_Natk_01|Double_Spear_Spear_Natk_02|Double_Spear_Spear_Natk_03,5,,,,,,,,,,,,,,,,,,weapon_12005,,1,,,,,,,,
540057,钛合金斧+能量矛,1,4,,7,,,150,,,64,24,,,,,,,,,,,,,,,0,,,,,,,1125,1,2,,,400,0,11203,240,,,,,,,,,,,,,,,,,,,,,,,,-1,1,misc.throw_spear,,,,,,Double_Spear_Spear_Natk_01|Double_Spear_Spear_Natk_02|Double_Spear_Spear_Natk_03,5,,,,,,,,,,,,,,,,,,weapon_12005,,1,,,,,,,,
540058,钛合金斧+魔鬼鱼叉,1,1,,5,,,150,,,40,14,,,,,,,,,,,,,,,0,,,,,,,675,1,2,,,225,0,11330,350,,,,,,,,,,,,,,,,,,,,,,,,-1,1,misc.throw_spear,,,,,,Double_Spear_Spear_Natk_01|Double_Spear_Spear_Natk_02|Double_Spear_Spear_Natk_03,5,,,,,,,,,,,,,,,,,,weapon_12005,,,,,,,,,,
540059,链锯+黄铜斧,1,6,,7,,,350,,,52,6,,,,,,,,,,,,,,,0,,,,,,,840,1,2,,,300,0,11203,500,,,,,,,,,,,,,,,,,,,,,,,,,,,,,,,,Double_Axe_Axe_Natk_01|Double_Axe_Axe_Natk_02,1,,,,,,,,,,,,,,,,,,weapon_12005,,,,,,,,,,
540060,链锯+石斧,1,6,,7,,,320,,,48,6,,,,,,,,,,,,,,,0,,,,,,,800,1,2,,,275,0,11203,500,,,,,,,,,,,,,,,,,,,,,,,,,,,,,,,,Double_Axe_Axe_Natk_01|Double_Axe_Axe_Natk_02,1,,,,,,,,,,,,,,,,,,weapon_12005,,,,,,,,,,
540061,链锯+铸铁斧,1,6,,7,,,380,,,57,6,,,,,,,,,,,,,,,0,,,,,,,885,1,2,,,325,0,11203,500,,,,,,,,,,,,,,,,,,,,,,,,,,,,,,,,Double_Axe_Axe_Natk_01|Double_Axe_Axe_Natk_02,1,,,,,,,,,,,,,,,,,,weapon_12005,,,,,,,,,,
540062,链锯+钛合金斧,1,6,,7,,,460,,,65,6,,,,,,,,,,,,,,,0,,,,,,,1275,1,2,,,400,0,11203,500,,,,,,,,,,,,,,,,,,,,,,,,,,,,,,,,Double_Axe_Axe_Natk_01|Double_Axe_Axe_Natk_02,1,,,,,,,,,,,,,,,,,,weapon_12005,,,,,,,,,,
540063,链锯+链锯,1,6,,7,,,620,,,76,6,,,,,,,,,,,,,,,0,,,,,,,1500,1,2,,,500,0,11203,500,,,,,,,,,,,,,,,,,,,,,,,,,,,,,,,,Double_Axe_Axe_Natk_01|Double_Axe_Axe_Natk_02,1,,,,,,,,,,,,,,,,,,weapon_12005,,,,,,,,,,
540064,链锯+木棒,1,1,,7,,,310,,,36,8,,,,,,,,,,,,,,,0,,,,,,,780,1,2,,,265,0,11203,500,,,,,,,,,,,,,,,,,,,,,,,,,,,,,,,,Double_Axe_Axe_Natk_01|Double_Axe_Axe_Natk_02,5,,,,,,,,,,,,,,,,,,weapon_12005,,,,,,,,,,
540065,链锯+尖尖碰碰锤,1,1,,7,,,310,,,38,11,,,,,,,,,,,,,,,0,,,,,77,1,800,1,2,,,275,0,11203,500,,,,,,,,,,,,,,,,,,,,,,,,,,,,,,,,Double_Axe_Axe_Natk_01|Double_Axe_Axe_Natk_02,5,,,,,,,,,,,,,,,,,,weapon_12005,,,,,,,,,,
540066,链锯+冻结棒,1,1,,7,,,310,,,44,13,,,,,,,,,,,,,,,0,,,,,,,825,1,2,,,325,0,11203,500,,,,,,,,,,,,,,,,,,,,,,,,,,,,,,,,Double_Axe_Axe_Natk_01|Double_Axe_Axe_Natk_02,5,,,,,,,,,,,,,,,,,,weapon_12005,,,,,,,,,,
540067,链锯+钛金战锤,1,1,,7,,,310,,,61,19,,,,,,,,,,,,,,,0,,,,,,,1050,1,2,,,400,0,11203,500,,,,,,,,,,,,,,,,,,,,,,,,,,,,,,,,Double_Axe_Axe_Natk_01|Double_Axe_Axe_Natk_02,5,,,,,,,,,,,,,,,,,,weapon_12005,,,,,,,,,,
540068,链锯+石剑,1,1,,7,,,310,,,41,7,,,,,,,,,,,,,,,0,,,,,,,800,1,2,,,275,0,11203,500,,,,,,,,,,,,,,,,,,,,,,,,,,,,,,,,Double_Sword_Sword_Natk_01|Double_Sword_Sword_Natk_02|Double_Sword_Sword_Natk_03|Double_Sword_Sword_Natk_04,5,,,,,,,,,,,,,,,,,,weapon_12005,,,,,,,,,,
540069,链锯+短剑,1,1,,7,,,310,,,48,10,,,,,,,,,,,,,,,0,,,,,,,885,1,2,,,300,0,11203,500,,,,,,,,,,,,,,,,,,,,,,,,,,,,,,,,Double_Sword_Sword_Natk_01|Double_Sword_Sword_Natk_02|Double_Sword_Sword_Natk_03|Double_Sword_Sword_Natk_04,5,,,,,,,,,,,,,,,,,,weapon_12005,,,,,,,,,,
540070,链锯+收割者,1,1,,7,,,310,,,58,13,,,,,,,,,,,,,,,0,,,,,,,1050,1,2,,,400,0,11203,500,,,,,,,,,,,,,,,,,,,,,,,,,,,,,,,,Double_Sword_Sword_Natk_01|Double_Sword_Sword_Natk_02|Double_Sword_Sword_Natk_03|Double_Sword_Sword_Natk_04,5,,,,,,,,,,,,,,,,,,weapon_12005,,,,,,,,,,
540071,链锯+能量剑,1,1,,7,,,310,,,72,15,,,,,,,,,,,,,,,0,,,,,,,1350,1,2,,,500,0,11203,500,,,,,,,,,,,,,,,,,,,,,,,,,,,,,,,,Double_Sword_Sword_Natk_01|Double_Sword_Sword_Natk_02|Double_Sword_Sword_Natk_03|Double_Sword_Sword_Natk_04,5,,,,,,,,,,,,,,,,,,weapon_12005,,,,,,,,,,
540072,链锯+石矛,1,4,,7,,,310,,,41,10,,,,,,,,,,,,,,,0,,,,,,,800,1,2,,,275,0,11203,500,,,,,,,,,,,,,,,,,,,,,,,,-1,1,misc.throw_spear,,,,,,Double_Spear_Spear_Natk_01|Double_Spear_Spear_Natk_02|Double_Spear_Spear_Natk_03,5,,,,,,,,,,,,,,,,,,weapon_12005,,1,,,,,,,,
540073,链锯+黄铜矛,1,4,,7,,,310,,,45,14,,,,,,,,,,,,,,,0,,,,,,,840,1,2,,,300,0,11203,500,,,,,,,,,,,,,,,,,,,,,,,,-1,1,misc.throw_spear,,,,,,Double_Spear_Spear_Natk_01|Double_Spear_Spear_Natk_02|Double_Spear_Spear_Natk_03,5,,,,,,,,,,,,,,,,,,weapon_12005,,1,,,,,,,,
540074,链锯+能量矛,1,4,,7,,,310,,,73,24,,,,,,,,,,,,,,,0,,,,,,,1350,1,2,,,500,0,11203,500,,,,,,,,,,,,,,,,,,,,,,,,-1,1,misc.throw_spear,,,,,,Double_Spear_Spear_Natk_01|Double_Spear_Spear_Natk_02|Double_Spear_Spear_Natk_03,5,,,,,,,,,,,,,,,,,,weapon_12005,,1,,,,,,,,
540075,链锯+魔鬼鱼叉,1,1,,7,,,310,,,49,14,,,,,,,,,,,,,,,0,,,,,,,900,1,2,,,325,0,11203,500,,,,,,,,,,,,,,,,,,,,,,,,-1,1,misc.throw_spear,,,,,,Double_Spear_Spear_Natk_01|Double_Spear_Spear_Natk_02|Double_Spear_Spear_Natk_03,5,,,,,,,,,,,,,,,,,,weapon_12005,,,,,,,,,,
540076,黄铜镐+黄铜镐,2,5,,2,,,80,,,19,5,,,,,,,,,,,,,,,0,,,,,,,180,1,2,,,100,0,11329,60,,,,,,,,,,,,,,,,,,,,,,,,,,,,,,,,Double_Sword_Sword_Natk_01|Double_Sword_Sword_Natk_02|Double_Sword_Sword_Natk_03|Double_Sword_Sword_Natk_04,1,,,,,,,,,,,,,,,,,,weapon_12005,,,,,,,,,,
540077,黄铜镐+石镐,2,5,,2,,,50,,,16,5,,,,,,,,,,,,,,,0,,,,,,,140,1,2,,,75,0,11329,60,,,,,,,,,,,,,,,,,,,,,,,,,,,,,,,,Double_Sword_Sword_Natk_01|Double_Sword_Sword_Natk_02|Double_Sword_Sword_Natk_03|Double_Sword_Sword_Natk_04,1,,,,,,,,,,,,,,,,,,weapon_12005,,,,,,,,,,
540078,黄铜镐+木棒,2,1,,2,,,40,,,22,7,,,,,,,,,,,,,,,0,,,,,,,120,1,2,,,65,0,11329,60,,,,,,,,,,,,,,,,,,,,,,,,,,,,,,,,Double_Hammer_Hammer_Natk_01|Double_Hammer_Hammer_Natk_02,5,,,,,,,,,,,,,,,,,,weapon_12005,,,,,,,,,,
540079,黄铜镐+尖尖碰碰锤,2,1,,2,,,40,,,24,10,,,,,,,,,,,,,,,0,,,,,77,1,140,1,2,,,75,0,11329,60,,,,,,,,,,,,,,,,,,,,,,,,,,,,,,,,Double_Hammer_Hammer_Natk_01|Double_Hammer_Hammer_Natk_02,5,,,,,,,,,,,,,,,,,,weapon_12005,,,,,,,,,,
540080,黄铜镐+冻结棒,2,1,,2,,,40,,,32,12,,,,,,,,,,,,,,,0,,,,,,,165,1,2,,,125,0,11329,60,,,,,,,,,,,,,,,,,,,,,,,,,,,,,,,,Double_Hammer_Hammer_Natk_01|Double_Hammer_Hammer_Natk_02,5,,,,,,,,,,,,,,,,,,weapon_12005,,,,,,,,,,
540081,黄铜镐+钛金战锤,2,1,,5,,,40,,,52,17,,,,,,,,,,,,,,,0,,,,,,,390,1,2,,,200,0,11330,120,,,,,,,,,,,,,,,,,,,,,,,,,,,,,,,,Double_Hammer_Hammer_Natk_01|Double_Hammer_Hammer_Natk_02,5,,,,,,,,,,,,,,,,,,weapon_12005,,,,,,,,,,
540082,黄铜镐+石剑,2,1,,2,,,40,,,20,7,,,,,,,,,,,,,,,0,,,,,,,140,1,2,,,75,0,11329,60,,,,,,,,,,,,,,,,,,,,,,,,,,,,,,,,Double_Sword_Sword_Natk_01|Double_Sword_Sword_Natk_02|Double_Sword_Sword_Natk_03|Double_Sword_Sword_Natk_04,5,,,,,,,,,,,,,,,,,,weapon_12005,,,,,,,,,,
540083,黄铜镐+短剑,2,1,,3,,,40,,,28,10,,,,,,,,,,,,,,,0,,,,,,,225,1,2,,,100,0,11209,90,,,,,,,,,,,,,,,,,,,,,,,,,,,,,,,,Double_Sword_Sword_Natk_01|Double_Sword_Sword_Natk_02|Double_Sword_Sword_Natk_03|Double_Sword_Sword_Natk_04,5,,,,,,,,,,,,,,,,,,weapon_12005,,,,,,,,,,
540084,黄铜镐+收割者,2,1,,5,,,40,,,37,13,,,,,,,,,,,,,,,0,,,,,,,390,1,2,,,200,0,11330,120,,,,,,,,,,,,,,,,,,,,,,,,,,,,,,,,Double_Sword_Sword_Natk_01|Double_Sword_Sword_Natk_02|Double_Sword_Sword_Natk_03|Double_Sword_Sword_Natk_04,5,,,,,,,,,,,,,,,,,,weapon_12005,,,,,,,,,,
540085,黄铜镐+能量剑,2,1,,7,,,40,,,51,15,,,,,,,,,,,,,,,0,,,,,,,690,1,2,,,300,0,11203,240,,,,,,,,,,,,,,,,,,,,,,,,,,,,,,,,Double_Sword_Sword_Natk_01|Double_Sword_Sword_Natk_02|Double_Sword_Sword_Natk_03|Double_Sword_Sword_Natk_04,5,,,,,,,,,,,,,,,,,,weapon_12005,,,,,,,,,,
540086,黄铜镐+石矛,2,4,,2,,,40,,,20,10,,,,,,,,,,,,,,,0,,,,,,,140,1,2,,,75,0,11329,60,,,,,,,,,,,,,,,,,,,,,,,,-1,1,misc.throw_spear,,,,,,Double_Spear_Spear_Natk_01|Double_Spear_Spear_Natk_02|Double_Spear_Spear_Natk_03,5,,,,,,,,,,,,,,,,,,weapon_12005,,1,,,,,,,,
540087,黄铜镐+黄铜矛,2,4,,2,,,40,,,24,14,,,,,,,,,,,,,,,0,,,,,,,180,1,2,,,100,0,11329,60,,,,,,,,,,,,,,,,,,,,,,,,-1,1,misc.throw_spear,,,,,,Double_Spear_Spear_Natk_01|Double_Spear_Spear_Natk_02|Double_Spear_Spear_Natk_03,5,,,,,,,,,,,,,,,,,,weapon_12005,,1,,,,,,,,
540088,黄铜镐+能量矛,2,4,,7,,,40,,,52,24,,,,,,,,,,,,,,,0,,,,,,,690,1,2,,,300,0,11203,240,,,,,,,,,,,,,,,,,,,,,,,,-1,1,misc.throw_spear,,,,,,Double_Spear_Spear_Natk_01|Double_Spear_Spear_Natk_02|Double_Spear_Spear_Natk_03,5,,,,,,,,,,,,,,,,,,weapon_12005,,1,,,,,,,,
540089,黄铜镐+魔鬼鱼叉,2,1,,2,,,40,,,28,14,,,,,,,,,,,,,,,0,,,,,,,240,1,2,,,125,0,11329,60,,,,,,,,,,,,,,,,,,,,,,,,-1,1,misc.throw_spear,,,,,,Double_Spear_Spear_Natk_01|Double_Spear_Spear_Natk_02|Double_Spear_Spear_Natk_03,5,,,,,,,,,,,,,,,,,,weapon_12005,,,,,,,,,,
540090,石镐+石镐,2,5,,1,,,20,,,13,5,,,,,,,,,,,,,,,0,,,,,,,100,1,2,,,50,0,11627,50,,,,,,,,,,,,,,,,,,,,,,,,,,,,,,,,Double_Sword_Sword_Natk_01|Double_Sword_Sword_Natk_02|Double_Sword_Sword_Natk_03|Double_Sword_Sword_Natk_04,1,,,,,,,,,,,,,,,,,,weapon_12005,,,,,,,,,,
540091,石镐+木棒,2,1,,1,,,10,,,19,7,,,,,,,,,,,,,,,0,,,,,,,80,1,2,,,40,0,11627,50,,,,,,,,,,,,,,,,,,,,,,,,,,,,,,,,Double_Hammer_Hammer_Natk_01|Double_Hammer_Hammer_Natk_02,5,,,,,,,,,,,,,,,,,,weapon_12005,,,,,,,,,,
540092,石镐+尖尖碰碰锤,2,1,,1,,,10,,,21,10,,,,,,,,,,,,,,,0,,,,,77,1,100,1,2,,,50,0,11627,50,,,,,,,,,,,,,,,,,,,,,,,,,,,,,,,,Double_Hammer_Hammer_Natk_01|Double_Hammer_Hammer_Natk_02,5,,,,,,,,,,,,,,,,,,weapon_12005,,,,,,,,,,
540093,石镐+冻结棒,2,1,,1,,,10,,,29,12,,,,,,,,,,,,,,,0,,,,,,,125,1,2,,,100,0,11627,50,,,,,,,,,,,,,,,,,,,,,,,,,,,,,,,,Double_Hammer_Hammer_Natk_01|Double_Hammer_Hammer_Natk_02,5,,,,,,,,,,,,,,,,,,weapon_12005,,,,,,,,,,
540094,石镐+钛金战锤,2,1,,5,,,10,,,49,17,,,,,,,,,,,,,,,0,,,,,,,350,1,2,,,175,0,11330,120,,,,,,,,,,,,,,,,,,,,,,,,,,,,,,,,Double_Hammer_Hammer_Natk_01|Double_Hammer_Hammer_Natk_02,5,,,,,,,,,,,,,,,,,,weapon_12005,,,,,,,,,,
540095,石镐+石剑,2,1,,1,,,10,,,17,7,,,,,,,,,,,,,,,0,,,,,,,100,1,2,,,50,0,11627,50,,,,,,,,,,,,,,,,,,,,,,,,,,,,,,,,Double_Sword_Sword_Natk_01|Double_Sword_Sword_Natk_02|Double_Sword_Sword_Natk_03|Double_Sword_Sword_Natk_04,5,,,,,,,,,,,,,,,,,,weapon_12005,,,,,,,,,,
540096,石镐+短剑,2,1,,3,,,10,,,24,10,,,,,,,,,,,,,,,0,,,,,,,185,1,2,,,75,0,11209,90,,,,,,,,,,,,,,,,,,,,,,,,,,,,,,,,Double_Sword_Sword_Natk_01|Double_Sword_Sword_Natk_02|Double_Sword_Sword_Natk_03|Double_Sword_Sword_Natk_04,5,,,,,,,,,,,,,,,,,,weapon_12005,,,,,,,,,,
540097,石镐+收割者,2,1,,5,,,10,,,34,13,,,,,,,,,,,,,,,0,,,,,,,350,1,2,,,175,0,11330,120,,,,,,,,,,,,,,,,,,,,,,,,,,,,,,,,Double_Sword_Sword_Natk_01|Double_Sword_Sword_Natk_02|Double_Sword_Sword_Natk_03|Double_Sword_Sword_Natk_04,5,,,,,,,,,,,,,,,,,,weapon_12005,,,,,,,,,,
540098,石镐+能量剑,2,1,,7,,,10,,,48,15,,,,,,,,,,,,,,,0,,,,,,,650,1,2,,,275,0,11203,240,,,,,,,,,,,,,,,,,,,,,,,,,,,,,,,,Double_Sword_Sword_Natk_01|Double_Sword_Sword_Natk_02|Double_Sword_Sword_Natk_03|Double_Sword_Sword_Natk_04,5,,,,,,,,,,,,,,,,,,weapon_12005,,,,,,,,,,
540099,石镐+石矛,2,4,,1,,,10,,,17,10,,,,,,,,,,,,,,,0,,,,,,,100,1,2,,,50,0,11627,50,,,,,,,,,,,,,,,,,,,,,,,,-1,1,misc.throw_spear,,,,,,Double_Spear_Spear_Natk_01|Double_Spear_Spear_Natk_02|Double_Spear_Spear_Natk_03,5,,,,,,,,,,,,,,,,,,weapon_12005,,1,,,,,,,,
540100,石镐+黄铜矛,2,4,,2,,,10,,,21,14,,,,,,,,,,,,,,,0,,,,,,,140,1,2,,,75,0,11329,60,,,,,,,,,,,,,,,,,,,,,,,,-1,1,misc.throw_spear,,,,,,Double_Spear_Spear_Natk_01|Double_Spear_Spear_Natk_02|Double_Spear_Spear_Natk_03,5,,,,,,,,,,,,,,,,,,weapon_12005,,1,,,,,,,,
540101,石镐+能量矛,2,4,,7,,,10,,,49,24,,,,,,,,,,,,,,,0,,,,,,,650,1,2,,,275,0,11203,240,,,,,,,,,,,,,,,,,,,,,,,,-1,1,misc.throw_spear,,,,,,Double_Spear_Spear_Natk_01|Double_Spear_Spear_Natk_02|Double_Spear_Spear_Natk_03,5,,,,,,,,,,,,,,,,,,weapon_12005,,1,,,,,,,,
540102,石镐+魔鬼鱼叉,2,1,,2,,,10,,,25,14,,,,,,,,,,,,,,,0,,,,,,,200,1,2,,,100,0,11209,90,,,,,,,,,,,,,,,,,,,,,,,,-1,1,misc.throw_spear,,,,,,Double_Spear_Spear_Natk_01|Double_Spear_Spear_Natk_02|Double_Spear_Spear_Natk_03,5,,,,,,,,,,,,,,,,,,weapon_12005,,,,,,,,,,
540103,铸铁镐+黄铜镐,2,5,,3,,,110,,,22,5,,,,,,,,,,,,,,,0,,,,,,,225,1,2,,,125,0,11209,90,,,,,,,,,,,,,,,,,,,,,,,,,,,,,,,,Double_Sword_Sword_Natk_01|Double_Sword_Sword_Natk_02|Double_Sword_Sword_Natk_03|Double_Sword_Sword_Natk_04,1,,,,,,,,,,,,,,,,,,weapon_12005,,,,,,,,,,
540104,铸铁镐+石镐,2,5,,3,,,80,,,19,5,,,,,,,,,,,,,,,0,,,,,,,185,1,2,,,100,0,11209,90,,,,,,,,,,,,,,,,,,,,,,,,,,,,,,,,Double_Sword_Sword_Natk_01|Double_Sword_Sword_Natk_02|Double_Sword_Sword_Natk_03|Double_Sword_Sword_Natk_04,1,,,,,,,,,,,,,,,,,,weapon_12005,,,,,,,,,,
540105,铸铁镐+铸铁镐,2,5,,3,,,140,,,26,5,,,,,,,,,,,,,,,0,,,,,,,270,1,2,,,150,0,11209,90,,,,,,,,,,,,,,,,,,,,,,,,,,,,,,,,Double_Sword_Sword_Natk_01|Double_Sword_Sword_Natk_02|Double_Sword_Sword_Natk_03|Double_Sword_Sword_Natk_04,1,,,,,,,,,,,,,,,,,,weapon_12005,,,,,,,,,,
540106,铸铁镐+木棒,2,1,,3,,,70,,,25,7,,,,,,,,,,,,,,,0,,,,,,,165,1,2,,,90,0,11209,90,,,,,,,,,,,,,,,,,,,,,,,,,,,,,,,,Double_Hammer_Hammer_Natk_01|Double_Hammer_Hammer_Natk_02,5,,,,,,,,,,,,,,,,,,weapon_12005,,,,,,,,,,
540107,铸铁镐+尖尖碰碰锤,2,1,,3,,,70,,,27,10,,,,,,,,,,,,,,,0,,,,,77,1,185,1,2,,,100,0,11209,90,,,,,,,,,,,,,,,,,,,,,,,,,,,,,,,,Double_Hammer_Hammer_Natk_01|Double_Hammer_Hammer_Natk_02,5,,,,,,,,,,,,,,,,,,weapon_12005,,,,,,,,,,
540108,铸铁镐+冻结棒,2,1,,3,,,70,,,35,12,,,,,,,,,,,,,,,0,,,,,,,210,1,2,,,150,0,11209,90,,,,,,,,,,,,,,,,,,,,,,,,,,,,,,,,Double_Hammer_Hammer_Natk_01|Double_Hammer_Hammer_Natk_02,5,,,,,,,,,,,,,,,,,,weapon_12005,,,,,,,,,,
540109,铸铁镐+钛金战锤,2,1,,5,,,70,,,55,17,,,,,,,,,,,,,,,0,,,,,,,435,1,2,,,225,0,11330,120,,,,,,,,,,,,,,,,,,,,,,,,,,,,,,,,Double_Hammer_Hammer_Natk_01|Double_Hammer_Hammer_Natk_02,5,,,,,,,,,,,,,,,,,,weapon_12005,,,,,,,,,,
540110,铸铁镐+石剑,2,1,,3,,,70,,,23,7,,,,,,,,,,,,,,,0,,,,,,,185,1,2,,,100,0,11209,90,,,,,,,,,,,,,,,,,,,,,,,,,,,,,,,,Double_Sword_Sword_Natk_01|Double_Sword_Sword_Natk_02|Double_Sword_Sword_Natk_03|Double_Sword_Sword_Natk_04,5,,,,,,,,,,,,,,,,,,weapon_12005,,,,,,,,,,
540111,铸铁镐+短剑,2,1,,3,,,70,,,31,10,,,,,,,,,,,,,,,0,,,,,,,270,1,2,,,125,0,11209,90,,,,,,,,,,,,,,,,,,,,,,,,,,,,,,,,Double_Sword_Sword_Natk_01|Double_Sword_Sword_Natk_02|Double_Sword_Sword_Natk_03|Double_Sword_Sword_Natk_04,5,,,,,,,,,,,,,,,,,,weapon_12005,,,,,,,,,,
540112,铸铁镐+收割者,2,1,,5,,,70,,,41,13,,,,,,,,,,,,,,,0,,,,,,,435,1,2,,,225,0,11330,120,,,,,,,,,,,,,,,,,,,,,,,,,,,,,,,,Double_Sword_Sword_Natk_01|Double_Sword_Sword_Natk_02|Double_Sword_Sword_Natk_03|Double_Sword_Sword_Natk_04,5,,,,,,,,,,,,,,,,,,weapon_12005,,,,,,,,,,
540113,铸铁镐+能量剑,2,1,,7,,,70,,,54,15,,,,,,,,,,,,,,,0,,,,,,,735,1,2,,,325,0,11203,240,,,,,,,,,,,,,,,,,,,,,,,,,,,,,,,,Double_Sword_Sword_Natk_01|Double_Sword_Sword_Natk_02|Double_Sword_Sword_Natk_03|Double_Sword_Sword_Natk_04,5,,,,,,,,,,,,,,,,,,weapon_12005,,,,,,,,,,
540114,铸铁镐+石矛,2,4,,3,,,70,,,23,10,,,,,,,,,,,,,,,0,,,,,,,185,1,2,,,100,0,11209,90,,,,,,,,,,,,,,,,,,,,,,,,-1,1,misc.throw_spear,,,,,,Double_Spear_Spear_Natk_01|Double_Spear_Spear_Natk_02|Double_Spear_Spear_Natk_03,5,,,,,,,,,,,,,,,,,,weapon_12005,,1,,,,,,,,
540115,铸铁镐+黄铜矛,2,4,,3,,,70,,,27,14,,,,,,,,,,,,,,,0,,,,,,,225,1,2,,,125,0,11209,90,,,,,,,,,,,,,,,,,,,,,,,,-1,1,misc.throw_spear,,,,,,Double_Spear_Spear_Natk_01|Double_Spear_Spear_Natk_02|Double_Spear_Spear_Natk_03,5,,,,,,,,,,,,,,,,,,weapon_12005,,1,,,,,,,,
540116,铸铁镐+能量矛,2,4,,7,,,70,,,55,24,,,,,,,,,,,,,,,0,,,,,,,735,1,2,,,325,0,11203,240,,,,,,,,,,,,,,,,,,,,,,,,-1,1,misc.throw_spear,,,,,,Double_Spear_Spear_Natk_01|Double_Spear_Spear_Natk_02|Double_Spear_Spear_Natk_03,5,,,,,,,,,,,,,,,,,,weapon_12005,,1,,,,,,,,
540117,铸铁镐+魔鬼鱼叉,2,1,,3,,,70,,,31,14,,,,,,,,,,,,,,,0,,,,,,,285,1,2,,,150,0,11209,90,,,,,,,,,,,,,,,,,,,,,,,,-1,1,misc.throw_spear,,,,,,Double_Spear_Spear_Natk_01|Double_Spear_Spear_Natk_02|Double_Spear_Spear_Natk_03,5,,,,,,,,,,,,,,,,,,weapon_12005,,,,,,,,,,
540118,钛合金镐+黄铜镐,2,5,,5,,,190,,,29,5,,,,,,,,,,,,,,,0,,,,,,,615,1,2,,,200,0,11330,350,,,,,,,,,,,,,,,,,,,,,,,,,,,,,,,,Double_Sword_Sword_Natk_01|Double_Sword_Sword_Natk_02|Double_Sword_Sword_Natk_03|Double_Sword_Sword_Natk_04,1,,,,,,,,,,,,,,,,,,weapon_12005,,,,,,,,,,
540119,钛合金镐+石镐,2,5,,5,,,160,,,26,5,,,,,,,,,,,,,,,0,,,,,,,575,1,2,,,175,0,11330,350,,,,,,,,,,,,,,,,,,,,,,,,,,,,,,,,Double_Sword_Sword_Natk_01|Double_Sword_Sword_Natk_02|Double_Sword_Sword_Natk_03|Double_Sword_Sword_Natk_04,1,,,,,,,,,,,,,,,,,,weapon_12005,,,,,,,,,,
540120,钛合金镐+铸铁镐,2,5,,5,,,220,,,32,5,,,,,,,,,,,,,,,0,,,,,,,660,1,2,,,225,0,11330,350,,,,,,,,,,,,,,,,,,,,,,,,,,,,,,,,Double_Sword_Sword_Natk_01|Double_Sword_Sword_Natk_02|Double_Sword_Sword_Natk_03|Double_Sword_Sword_Natk_04,1,,,,,,,,,,,,,,,,,,weapon_12005,,,,,,,,,,
540121,钛合金镐+钛合金镐,2,5,,5,,,300,,,38,5,,,,,,,,,,,,,,,0,,,,,,,1050,1,2,,,300,0,11330,350,,,,,,,,,,,,,,,,,,,,,,,,,,,,,,,,Double_Sword_Sword_Natk_01|Double_Sword_Sword_Natk_02|Double_Sword_Sword_Natk_03|Double_Sword_Sword_Natk_04,1,,,,,,,,,,,,,,,,,,weapon_12005,,,,,,,,,,
540122,钛合金镐+木棒,2,1,,5,,,150,,,31,7,,,,,,,,,,,,,,,0,,,,,,,555,1,2,,,165,0,11330,350,,,,,,,,,,,,,,,,,,,,,,,,,,,,,,,,Double_Hammer_Hammer_Natk_01|Double_Hammer_Hammer_Natk_02,5,,,,,,,,,,,,,,,,,,weapon_12005,,,,,,,,,,
540123,钛合金镐+尖尖碰碰锤,2,1,,5,,,150,,,33,10,,,,,,,,,,,,,,,0,,,,,77,1,575,1,2,,,175,0,11330,350,,,,,,,,,,,,,,,,,,,,,,,,,,,,,,,,Double_Hammer_Hammer_Natk_01|Double_Hammer_Hammer_Natk_02,5,,,,,,,,,,,,,,,,,,weapon_12005,,,,,,,,,,
540124,钛合金镐+冻结棒,2,1,,5,,,150,,,41,12,,,,,,,,,,,,,,,0,,,,,,,600,1,2,,,225,0,11330,350,,,,,,,,,,,,,,,,,,,,,,,,,,,,,,,,Double_Hammer_Hammer_Natk_01|Double_Hammer_Hammer_Natk_02,5,,,,,,,,,,,,,,,,,,weapon_12005,,,,,,,,,,
540125,钛合金镐+钛金战锤,2,1,,5,,,150,,,61,17,,,,,,,,,,,,,,,0,,,,,,,825,1,2,,,300,0,11330,350,,,,,,,,,,,,,,,,,,,,,,,,,,,,,,,,Double_Hammer_Hammer_Natk_01|Double_Hammer_Hammer_Natk_02,5,,,,,,,,,,,,,,,,,,weapon_12005,,,,,,,,,,
540126,钛合金镐+石剑,2,1,,5,,,150,,,29,7,,,,,,,,,,,,,,,0,,,,,,,575,1,2,,,175,0,11330,350,,,,,,,,,,,,,,,,,,,,,,,,,,,,,,,,Double_Sword_Sword_Natk_01|Double_Sword_Sword_Natk_02|Double_Sword_Sword_Natk_03|Double_Sword_Sword_Natk_04,5,,,,,,,,,,,,,,,,,,weapon_12005,,,,,,,,,,
540127,钛合金镐+短剑,2,1,,5,,,150,,,37,10,,,,,,,,,,,,,,,0,,,,,,,660,1,2,,,200,0,11330,350,,,,,,,,,,,,,,,,,,,,,,,,,,,,,,,,Double_Sword_Sword_Natk_01|Double_Sword_Sword_Natk_02|Double_Sword_Sword_Natk_03|Double_Sword_Sword_Natk_04,5,,,,,,,,,,,,,,,,,,weapon_12005,,,,,,,,,,
540128,钛合金镐+收割者,2,1,,5,,,150,,,47,13,,,,,,,,,,,,,,,0,,,,,,,825,1,2,,,300,0,11330,350,,,,,,,,,,,,,,,,,,,,,,,,,,,,,,,,Double_Sword_Sword_Natk_01|Double_Sword_Sword_Natk_02|Double_Sword_Sword_Natk_03|Double_Sword_Sword_Natk_04,5,,,,,,,,,,,,,,,,,,weapon_12005,,,,,,,,,,
540129,钛合金镐+能量剑,2,1,,7,,,150,,,60,15,,,,,,,,,,,,,,,0,,,,,,,1125,1,2,,,400,0,11203,240,,,,,,,,,,,,,,,,,,,,,,,,,,,,,,,,Double_Sword_Sword_Natk_01|Double_Sword_Sword_Natk_02|Double_Sword_Sword_Natk_03|Double_Sword_Sword_Natk_04,5,,,,,,,,,,,,,,,,,,weapon_12005,,,,,,,,,,
540130,钛合金镐+石矛,2,4,,5,,,150,,,30,10,,,,,,,,,,,,,,,0,,,,,,,575,1,2,,,175,0,11330,350,,,,,,,,,,,,,,,,,,,,,,,,-1,1,misc.throw_spear,,,,,,Double_Spear_Spear_Natk_01|Double_Spear_Spear_Natk_02|Double_Spear_Spear_Natk_03,5,,,,,,,,,,,,,,,,,,weapon_12005,,1,,,,,,,,
540131,钛合金镐+黄铜矛,2,4,,5,,,150,,,33,14,,,,,,,,,,,,,,,0,,,,,,,615,1,2,,,200,0,11330,350,,,,,,,,,,,,,,,,,,,,,,,,-1,1,misc.throw_spear,,,,,,Double_Spear_Spear_Natk_01|Double_Spear_Spear_Natk_02|Double_Spear_Spear_Natk_03,5,,,,,,,,,,,,,,,,,,weapon_12005,,1,,,,,,,,
540132,钛合金镐+能量矛,2,4,,7,,,150,,,61,24,,,,,,,,,,,,,,,0,,,,,,,1125,1,2,,,400,0,11203,240,,,,,,,,,,,,,,,,,,,,,,,,-1,1,misc.throw_spear,,,,,,Double_Spear_Spear_Natk_01|Double_Spear_Spear_Natk_02|Double_Spear_Spear_Natk_03,5,,,,,,,,,,,,,,,,,,weapon_12005,,1,,,,,,,,
540133,钛合金镐+魔鬼鱼叉,2,1,,5,,,150,,,37,14,,,,,,,,,,,,,,,0,,,,,,,675,1,2,,,225,0,11330,350,,,,,,,,,,,,,,,,,,,,,,,,-1,1,misc.throw_spear,,,,,,Double_Spear_Spear_Natk_01|Double_Spear_Spear_Natk_02|Double_Spear_Spear_Natk_03,5,,,,,,,,,,,,,,,,,,weapon_12005,,,,,,,,,,
540134,钻头+黄铜镐,2,5,,7,,,350,,,37,5,,,,,,,,,,,,,,,0,,,,,,,840,1,2,,,300,0,11203,500,,,,,,,,,,,,,,,,,,,,,,,,,,,,,,,,Double_Sword_Sword_Natk_01|Double_Sword_Sword_Natk_02|Double_Sword_Sword_Natk_03|Double_Sword_Sword_Natk_04,1,,,,,,,,,,,,,,,,,,weapon_12005,,,,,,,,,,
540135,钻头+石镐,2,5,,7,,,320,,,34,5,,,,,,,,,,,,,,,0,,,,,,,800,1,2,,,275,0,11203,500,,,,,,,,,,,,,,,,,,,,,,,,,,,,,,,,Double_Sword_Sword_Natk_01|Double_Sword_Sword_Natk_02|Double_Sword_Sword_Natk_03|Double_Sword_Sword_Natk_04,1,,,,,,,,,,,,,,,,,,weapon_12005,,,,,,,,,,
540136,钻头+铸铁镐,2,5,,7,,,380,,,41,5,,,,,,,,,,,,,,,0,,,,,,,885,1,2,,,325,0,11203,500,,,,,,,,,,,,,,,,,,,,,,,,,,,,,,,,Double_Sword_Sword_Natk_01|Double_Sword_Sword_Natk_02|Double_Sword_Sword_Natk_03|Double_Sword_Sword_Natk_04,1,,,,,,,,,,,,,,,,,,weapon_12005,,,,,,,,,,
540137,钻头+钛合金镐,2,5,,7,,,460,,,47,5,,,,,,,,,,,,,,,0,,,,,,,1275,1,2,,,400,0,11203,500,,,,,,,,,,,,,,,,,,,,,,,,,,,,,,,,Double_Sword_Sword_Natk_01|Double_Sword_Sword_Natk_02|Double_Sword_Sword_Natk_03|Double_Sword_Sword_Natk_04,1,,,,,,,,,,,,,,,,,,weapon_12005,,,,,,,,,,
540138,钻头+钻头,2,5,,7,,,620,,,56,5,,,,,,,,,,,,,,,0,,,,,,,1500,1,2,,,500,0,11203,500,,,,,,,,,,,,,,,,,,,,,,,,,,,,,,,,Double_Sword_Sword_Natk_01|Double_Sword_Sword_Natk_02|Double_Sword_Sword_Natk_03|Double_Sword_Sword_Natk_04,1,,,,,,,,,,,,,,,,,,weapon_12005,,,,,,,,,,
540139,钻头+星瞳钻头,2,5,,7,,,610,,,56,5,,,,,,,,,,,,,,,0,,,,,,,1125,1,2,,,375,0,11203,500,,,,,,,,,,,,,,,,,,,,,,,,,,,,,,,,Double_Sword_Sword_Natk_01|Double_Sword_Sword_Natk_02|Double_Sword_Sword_Natk_03|Double_Sword_Sword_Natk_04,1,,,,,,,,,,,,,,,,,,weapon_12005,,,,,,,,,,
540140,钻头+木棒,2,1,,7,,,310,,,39,7,,,,,,,,,,,,,,,0,,,,,,,780,1,2,,,265,0,11203,500,,,,,,,,,,,,,,,,,,,,,,,,,,,,,,,,Double_Hammer_Hammer_Natk_01|Double_Hammer_Hammer_Natk_02,5,,,,,,,,,,,,,,,,,,weapon_12005,,,,,,,,,,
540141,钻头+尖尖碰碰锤,2,1,,7,,,310,,,42,10,,,,,,,,,,,,,,,0,,,,,77,1,800,1,2,,,275,0,11203,500,,,,,,,,,,,,,,,,,,,,,,,,,,,,,,,,Double_Hammer_Hammer_Natk_01|Double_Hammer_Hammer_Natk_02,5,,,,,,,,,,,,,,,,,,weapon_12005,,,,,,,,,,
540142,钻头+冻结棒,2,1,,7,,,310,,,49,12,,,,,,,,,,,,,,,0,,,,,,,825,1,2,,,325,0,11203,500,,,,,,,,,,,,,,,,,,,,,,,,,,,,,,,,Double_Hammer_Hammer_Natk_01|Double_Hammer_Hammer_Natk_02,5,,,,,,,,,,,,,,,,,,weapon_12005,,,,,,,,,,
540143,钻头+钛金战锤,2,1,,7,,,310,,,69,17,,,,,,,,,,,,,,,0,,,,,,,1050,1,2,,,400,0,11203,500,,,,,,,,,,,,,,,,,,,,,,,,,,,,,,,,Double_Hammer_Hammer_Natk_01|Double_Hammer_Hammer_Natk_02,5,,,,,,,,,,,,,,,,,,weapon_12005,,,,,,,,,,
540144,钻头+石剑,2,1,,7,,,310,,,38,7,,,,,,,,,,,,,,,0,,,,,,,800,1,2,,,275,0,11203,500,,,,,,,,,,,,,,,,,,,,,,,,,,,,,,,,Double_Sword_Sword_Natk_01|Double_Sword_Sword_Natk_02|Double_Sword_Sword_Natk_03|Double_Sword_Sword_Natk_04,5,,,,,,,,,,,,,,,,,,weapon_12005,,,,,,,,,,
540145,钻头+短剑,2,1,,7,,,310,,,46,10,,,,,,,,,,,,,,,0,,,,,,,885,1,2,,,300,0,11203,500,,,,,,,,,,,,,,,,,,,,,,,,,,,,,,,,Double_Sword_Sword_Natk_01|Double_Sword_Sword_Natk_02|Double_Sword_Sword_Natk_03|Double_Sword_Sword_Natk_04,5,,,,,,,,,,,,,,,,,,weapon_12005,,,,,,,,,,
540146,钻头+收割者,2,1,,7,,,310,,,56,13,,,,,,,,,,,,,,,0,,,,,,,1050,1,2,,,400,0,11203,500,,,,,,,,,,,,,,,,,,,,,,,,,,,,,,,,Double_Sword_Sword_Natk_01|Double_Sword_Sword_Natk_02|Double_Sword_Sword_Natk_03|Double_Sword_Sword_Natk_04,5,,,,,,,,,,,,,,,,,,weapon_12005,,,,,,,,,,
540147,钻头+能量剑,2,1,,7,,,310,,,69,15,,,,,,,,,,,,,,,0,,,,,,,1350,1,2,,,500,0,11203,500,,,,,,,,,,,,,,,,,,,,,,,,,,,,,,,,Double_Sword_Sword_Natk_01|Double_Sword_Sword_Natk_02|Double_Sword_Sword_Natk_03|Double_Sword_Sword_Natk_04,5,,,,,,,,,,,,,,,,,,weapon_12005,,,,,,,,,,
540148,钻头+石矛,2,4,,7,,,310,,,39,10,,,,,,,,,,,,,,,0,,,,,,,800,1,2,,,275,0,11203,500,,,,,,,,,,,,,,,,,,,,,,,,-1,1,misc.throw_spear,,,,,,Double_Spear_Spear_Natk_01|Double_Spear_Spear_Natk_02|Double_Spear_Spear_Natk_03,5,,,,,,,,,,,,,,,,,,weapon_12005,,1,,,,,,,,
540149,钻头+黄铜矛,2,4,,7,,,310,,,42,14,,,,,,,,,,,,,,,0,,,,,,,840,1,2,,,300,0,11203,500,,,,,,,,,,,,,,,,,,,,,,,,-1,1,misc.throw_spear,,,,,,Double_Spear_Spear_Natk_01|Double_Spear_Spear_Natk_02|Double_Spear_Spear_Natk_03,5,,,,,,,,,,,,,,,,,,weapon_12005,,1,,,,,,,,
540150,钻头+能量矛,2,4,,7,,,310,,,70,24,,,,,,,,,,,,,,,0,,,,,,,1350,1,2,,,500,0,11203,500,,,,,,,,,,,,,,,,,,,,,,,,-1,1,misc.throw_spear,,,,,,Double_Spear_Spear_Natk_01|Double_Spear_Spear_Natk_02|Double_Spear_Spear_Natk_03,5,,,,,,,,,,,,,,,,,,weapon_12005,,1,,,,,,,,
540151,钻头+魔鬼鱼叉,2,1,,7,,,310,,,46,14,,,,,,,,,,,,,,,0,,,,,,,900,1,2,,,325,0,11203,500,,,,,,,,,,,,,,,,,,,,,,,,-1,1,misc.throw_spear,,,,,,Double_Spear_Spear_Natk_01|Double_Spear_Spear_Natk_02|Double_Spear_Spear_Natk_03,5,,,,,,,,,,,,,,,,,,weapon_12005,,,,,,,,,,
540152,星瞳钻头+黄铜镐,2,5,,7,,,340,,,37,5,,,,,,,,,,,,,,,0,,,,,,,465,1,2,,,175,0,11073,150,,,,,,,,,,,,,,,,,,,,,,,,,,,,,,,,Double_Sword_Sword_Natk_01|Double_Sword_Sword_Natk_02|Double_Sword_Sword_Natk_03|Double_Sword_Sword_Natk_04,1,,,,,,,,,,,,,,,,,,weapon_12005,,,,,,,,,,
540153,星瞳钻头+石镐,2,5,,7,,,310,,,34,5,,,,,,,,,,,,,,,0,,,,,,,425,1,2,,,150,0,11073,150,,,,,,,,,,,,,,,,,,,,,,,,,,,,,,,,Double_Sword_Sword_Natk_01|Double_Sword_Sword_Natk_02|Double_Sword_Sword_Natk_03|Double_Sword_Sword_Natk_04,1,,,,,,,,,,,,,,,,,,weapon_12005,,,,,,,,,,
540154,星瞳钻头+铸铁镐,2,5,,7,,,370,,,41,5,,,,,,,,,,,,,,,0,,,,,,,510,1,2,,,200,0,11073,150,,,,,,,,,,,,,,,,,,,,,,,,,,,,,,,,Double_Sword_Sword_Natk_01|Double_Sword_Sword_Natk_02|Double_Sword_Sword_Natk_03|Double_Sword_Sword_Natk_04,1,,,,,,,,,,,,,,,,,,weapon_12005,,,,,,,,,,
540155,星瞳钻头+钛合金镐,2,5,,7,,,450,,,47,5,,,,,,,,,,,,,,,0,,,,,,,900,1,2,,,275,0,11073,150,,,,,,,,,,,,,,,,,,,,,,,,,,,,,,,,Double_Sword_Sword_Natk_01|Double_Sword_Sword_Natk_02|Double_Sword_Sword_Natk_03|Double_Sword_Sword_Natk_04,1,,,,,,,,,,,,,,,,,,weapon_12005,,,,,,,,,,
540156,星瞳钻头+星瞳钻头,2,5,,7,,,600,,,56,5,,,,,,,,,,,,,,,0,,,,,,,750,1,2,,,250,0,11073,150,,,,,,,,,,,,,,,,,,,,,,,,,,,,,,,,Double_Sword_Sword_Natk_01|Double_Sword_Sword_Natk_02|Double_Sword_Sword_Natk_03|Double_Sword_Sword_Natk_04,1,,,,,,,,,,,,,,,,,,weapon_12005,,,,,,,,,,
540157,星瞳钻头+木棒,2,1,,7,,,300,,,39,7,,,,,,,,,,,,,,,0,,,,,,,405,1,2,,,140,0,11073,150,,,,,,,,,,,,,,,,,,,,,,,,,,,,,,,,Double_Hammer_Hammer_Natk_01|Double_Hammer_Hammer_Natk_02,5,,,,,,,,,,,,,,,,,,weapon_12005,,,,,,,,,,
540158,星瞳钻头+尖尖碰碰锤,2,1,,7,,,300,,,42,10,,,,,,,,,,,,,,,0,,,,,77,1,425,1,2,,,150,0,11073,150,,,,,,,,,,,,,,,,,,,,,,,,,,,,,,,,Double_Hammer_Hammer_Natk_01|Double_Hammer_Hammer_Natk_02,5,,,,,,,,,,,,,,,,,,weapon_12005,,,,,,,,,,
540159,星瞳钻头+冻结棒,2,1,,7,,,300,,,49,12,,,,,,,,,,,,,,,0,,,,,,,450,1,2,,,200,0,11073,150,,,,,,,,,,,,,,,,,,,,,,,,,,,,,,,,Double_Hammer_Hammer_Natk_01|Double_Hammer_Hammer_Natk_02,5,,,,,,,,,,,,,,,,,,weapon_12005,,,,,,,,,,
540160,星瞳钻头+钛金战锤,2,1,,7,,,300,,,69,17,,,,,,,,,,,,,,,0,,,,,,,675,1,2,,,275,0,11073,150,,,,,,,,,,,,,,,,,,,,,,,,,,,,,,,,Double_Hammer_Hammer_Natk_01|Double_Hammer_Hammer_Natk_02,5,,,,,,,,,,,,,,,,,,weapon_12005,,,,,,,,,,
540161,星瞳钻头+石剑,2,1,,7,,,300,,,38,7,,,,,,,,,,,,,,,0,,,,,,,425,1,2,,,150,0,11073,150,,,,,,,,,,,,,,,,,,,,,,,,,,,,,,,,Double_Sword_Sword_Natk_01|Double_Sword_Sword_Natk_02|Double_Sword_Sword_Natk_03|Double_Sword_Sword_Natk_04,5,,,,,,,,,,,,,,,,,,weapon_12005,,,,,,,,,,
540162,星瞳钻头+短剑,2,1,,7,,,300,,,46,10,,,,,,,,,,,,,,,0,,,,,,,510,1,2,,,175,0,11073,150,,,,,,,,,,,,,,,,,,,,,,,,,,,,,,,,Double_Sword_Sword_Natk_01|Double_Sword_Sword_Natk_02|Double_Sword_Sword_Natk_03|Double_Sword_Sword_Natk_04,5,,,,,,,,,,,,,,,,,,weapon_12005,,,,,,,,,,
540163,星瞳钻头+收割者,2,1,,7,,,300,,,56,13,,,,,,,,,,,,,,,0,,,,,,,675,1,2,,,275,0,11073,150,,,,,,,,,,,,,,,,,,,,,,,,,,,,,,,,Double_Sword_Sword_Natk_01|Double_Sword_Sword_Natk_02|Double_Sword_Sword_Natk_03|Double_Sword_Sword_Natk_04,5,,,,,,,,,,,,,,,,,,weapon_12005,,,,,,,,,,
540164,星瞳钻头+能量剑,2,1,,7,,,300,,,69,15,,,,,,,,,,,,,,,0,,,,,,,975,1,2,,,375,0,11073,150,,,,,,,,,,,,,,,,,,,,,,,,,,,,,,,,Double_Sword_Sword_Natk_01|Double_Sword_Sword_Natk_02|Double_Sword_Sword_Natk_03|Double_Sword_Sword_Natk_04,5,,,,,,,,,,,,,,,,,,weapon_12005,,,,,,,,,,
540165,星瞳钻头+石矛,2,4,,7,,,300,,,39,10,,,,,,,,,,,,,,,0,,,,,,,425,1,2,,,150,0,11073,150,,,,,,,,,,,,,,,,,,,,,,,,-1,1,misc.throw_spear,,,,,,Double_Spear_Spear_Natk_01|Double_Spear_Spear_Natk_02|Double_Spear_Spear_Natk_03,5,,,,,,,,,,,,,,,,,,weapon_12005,,1,,,,,,,,
540166,星瞳钻头+黄铜矛,2,4,,7,,,300,,,42,14,,,,,,,,,,,,,,,0,,,,,,,465,1,2,,,175,0,11073,150,,,,,,,,,,,,,,,,,,,,,,,,-1,1,misc.throw_spear,,,,,,Double_Spear_Spear_Natk_01|Double_Spear_Spear_Natk_02|Double_Spear_Spear_Natk_03,5,,,,,,,,,,,,,,,,,,weapon_12005,,1,,,,,,,,
540167,星瞳钻头+能量矛,2,4,,7,,,300,,,70,24,,,,,,,,,,,,,,,0,,,,,,,975,1,2,,,375,0,11073,150,,,,,,,,,,,,,,,,,,,,,,,,-1,1,misc.throw_spear,,,,,,Double_Spear_Spear_Natk_01|Double_Spear_Spear_Natk_02|Double_Spear_Spear_Natk_03,5,,,,,,,,,,,,,,,,,,weapon_12005,,1,,,,,,,,
540168,星瞳钻头+魔鬼鱼叉,2,1,,7,,,300,,,46,14,,,,,,,,,,,,,,,0,,,,,,,525,1,2,,,200,0,11073,150,,,,,,,,,,,,,,,,,,,,,,,,-1,1,misc.throw_spear,,,,,,Double_Spear_Spear_Natk_01|Double_Spear_Spear_Natk_02|Double_Spear_Spear_Natk_03,5,,,,,,,,,,,,,,,,,,weapon_12005,,,,,,,,,,
540169,黄铜铲+黄铜铲,3,7,,2,,,80,,,19,5,,,,,,,,,,,,,,,44,,,,,,,180,1,2,,,100,0,11329,100,,,,,,,,,,,,,,,,,,,,,,,,,,,,,,,,Double_Sword_Sword_Natk_01|Double_Sword_Sword_Natk_02|Double_Sword_Sword_Natk_03|Double_Sword_Sword_Natk_04,1,,,,,,,,,,,,,,,,,,weapon_12005,,,,,,,,,,
540170,黄铜铲+石铲,3,7,,2,,,50,,,16,5,,,,,,,,,,,,,,,56,,,,,,,140,1,2,,,75,0,11329,100,,,,,,,,,,,,,,,,,,,,,,,,,,,,,,,,Double_Sword_Sword_Natk_01|Double_Sword_Sword_Natk_02|Double_Sword_Sword_Natk_03|Double_Sword_Sword_Natk_04,1,,,,,,,,,,,,,,,,,,weapon_12005,,,,,,,,,,
540171,黄铜铲+木棒,3,1,,2,,,40,,,22,7,,,,,,,,,,,,,,,22,,,,,,,120,1,2,,,65,0,11329,100,,,,,,,,,,,,,,,,,,,,,,,,,,,,,,,,Double_Hammer_Hammer_Natk_01|Double_Hammer_Hammer_Natk_02,5,,,,,,,,,,,,,,,,,,weapon_12005,,,,,,,,,,
540172,黄铜铲+尖尖碰碰锤,3,1,,2,,,40,,,24,10,,,,,,,,,,,,,,,22,,,,,77,1,140,1,2,,,75,0,11329,100,,,,,,,,,,,,,,,,,,,,,,,,,,,,,,,,Double_Hammer_Hammer_Natk_01|Double_Hammer_Hammer_Natk_02,5,,,,,,,,,,,,,,,,,,weapon_12005,,,,,,,,,,
540173,黄铜铲+冻结棒,3,1,,2,,,40,,,32,12,,,,,,,,,,,,,,,22,,,,,,,165,1,2,,,125,0,11329,100,,,,,,,,,,,,,,,,,,,,,,,,,,,,,,,,Double_Hammer_Hammer_Natk_01|Double_Hammer_Hammer_Natk_02,5,,,,,,,,,,,,,,,,,,weapon_12005,,,,,,,,,,
540174,黄铜铲+钛金战锤,3,1,,5,,,40,,,52,17,,,,,,,,,,,,,,,22,,,,,,,390,1,2,,,200,0,11330,120,,,,,,,,,,,,,,,,,,,,,,,,,,,,,,,,Double_Hammer_Hammer_Natk_01|Double_Hammer_Hammer_Natk_02,5,,,,,,,,,,,,,,,,,,weapon_12005,,,,,,,,,,
540175,黄铜铲+石剑,3,1,,2,,,40,,,20,7,,,,,,,,,,,,,,,22,,,,,,,140,1,2,,,75,0,11329,100,,,,,,,,,,,,,,,,,,,,,,,,,,,,,,,,Double_Sword_Sword_Natk_01|Double_Sword_Sword_Natk_02|Double_Sword_Sword_Natk_03|Double_Sword_Sword_Natk_04,5,,,,,,,,,,,,,,,,,,weapon_12005,,,,,,,,,,
540176,黄铜铲+短剑,3,1,,3,,,40,,,28,10,,,,,,,,,,,,,,,22,,,,,,,225,1,2,,,100,0,11209,90,,,,,,,,,,,,,,,,,,,,,,,,,,,,,,,,Double_Sword_Sword_Natk_01|Double_Sword_Sword_Natk_02|Double_Sword_Sword_Natk_03|Double_Sword_Sword_Natk_04,5,,,,,,,,,,,,,,,,,,weapon_12005,,,,,,,,,,
540177,黄铜铲+收割者,3,1,,5,,,40,,,37,13,,,,,,,,,,,,,,,22,,,,,,,390,1,2,,,200,0,11330,120,,,,,,,,,,,,,,,,,,,,,,,,,,,,,,,,Double_Sword_Sword_Natk_01|Double_Sword_Sword_Natk_02|Double_Sword_Sword_Natk_03|Double_Sword_Sword_Natk_04,5,,,,,,,,,,,,,,,,,,weapon_12005,,,,,,,,,,
540178,黄铜铲+能量剑,3,1,,7,,,40,,,51,15,,,,,,,,,,,,,,,22,,,,,,,690,1,2,,,300,0,11203,240,,,,,,,,,,,,,,,,,,,,,,,,,,,,,,,,Double_Sword_Sword_Natk_01|Double_Sword_Sword_Natk_02|Double_Sword_Sword_Natk_03|Double_Sword_Sword_Natk_04,5,,,,,,,,,,,,,,,,,,weapon_12005,,,,,,,,,,
540179,黄铜铲+石矛,3,4,,2,,,40,,,20,10,,,,,,,,,,,,,,,22,,,,,,,140,1,2,,,75,0,11329,100,,,,,,,,,,,,,,,,,,,,,,,,-1,1,misc.throw_spear,,,,,,Double_Spear_Spear_Natk_01|Double_Spear_Spear_Natk_02|Double_Spear_Spear_Natk_03,5,,,,,,,,,,,,,,,,,,weapon_12005,,1,,,,,,,,
540180,黄铜铲+黄铜矛,3,4,,2,,,40,,,24,14,,,,,,,,,,,,,,,22,,,,,,,180,1,2,,,100,0,11329,100,,,,,,,,,,,,,,,,,,,,,,,,-1,1,misc.throw_spear,,,,,,Double_Spear_Spear_Natk_01|Double_Spear_Spear_Natk_02|Double_Spear_Spear_Natk_03,5,,,,,,,,,,,,,,,,,,weapon_12005,,1,,,,,,,,
540181,黄铜铲+能量矛,3,4,,7,,,40,,,52,24,,,,,,,,,,,,,,,22,,,,,,,690,1,2,,,300,0,11203,240,,,,,,,,,,,,,,,,,,,,,,,,-1,1,misc.throw_spear,,,,,,Double_Spear_Spear_Natk_01|Double_Spear_Spear_Natk_02|Double_Spear_Spear_Natk_03,5,,,,,,,,,,,,,,,,,,weapon_12005,,1,,,,,,,,
540182,黄铜铲+魔鬼鱼叉,3,1,,2,,,40,,,28,14,,,,,,,,,,,,,,,22,,,,,,,240,1,2,,,125,0,11329,100,,,,,,,,,,,,,,,,,,,,,,,,-1,1,misc.throw_spear,,,,,,Double_Spear_Spear_Natk_01|Double_Spear_Spear_Natk_02|Double_Spear_Spear_Natk_03,5,,,,,,,,,,,,,,,,,,weapon_12005,,,,,,,,,,
540183,石铲+石铲,3,7,,1,,,20,,,13,5,,,,,,,,,,,,,,,68,,,,,,,100,1,2,,,50,0,11627,100,,,,,,,,,,,,,,,,,,,,,,,,,,,,,,,,Double_Sword_Sword_Natk_01|Double_Sword_Sword_Natk_02|Double_Sword_Sword_Natk_03|Double_Sword_Sword_Natk_04,1,,,,,,,,,,,,,,,,,,weapon_12005,,,,,,,,,,
540184,石铲+木棒,3,1,,1,,,10,,,19,7,,,,,,,,,,,,,,,34,,,,,,,80,1,2,,,40,0,11627,100,,,,,,,,,,,,,,,,,,,,,,,,,,,,,,,,Double_Hammer_Hammer_Natk_01|Double_Hammer_Hammer_Natk_02,5,,,,,,,,,,,,,,,,,,weapon_12005,,,,,,,,,,
540185,石铲+尖尖碰碰锤,3,1,,1,,,10,,,21,10,,,,,,,,,,,,,,,34,,,,,77,1,100,1,2,,,50,0,11627,100,,,,,,,,,,,,,,,,,,,,,,,,,,,,,,,,Double_Hammer_Hammer_Natk_01|Double_Hammer_Hammer_Natk_02,5,,,,,,,,,,,,,,,,,,weapon_12005,,,,,,,,,,
540186,石铲+冻结棒,3,1,,1,,,10,,,29,12,,,,,,,,,,,,,,,34,,,,,,,125,1,2,,,100,0,11627,100,,,,,,,,,,,,,,,,,,,,,,,,,,,,,,,,Double_Hammer_Hammer_Natk_01|Double_Hammer_Hammer_Natk_02,5,,,,,,,,,,,,,,,,,,weapon_12005,,,,,,,,,,
540187,石铲+钛金战锤,3,1,,5,,,10,,,49,17,,,,,,,,,,,,,,,34,,,,,,,350,1,2,,,175,0,11330,120,,,,,,,,,,,,,,,,,,,,,,,,,,,,,,,,Double_Hammer_Hammer_Natk_01|Double_Hammer_Hammer_Natk_02,5,,,,,,,,,,,,,,,,,,weapon_12005,,,,,,,,,,
540188,石铲+石剑,3,1,,1,,,10,,,17,7,,,,,,,,,,,,,,,34,,,,,,,100,1,2,,,50,0,11627,100,,,,,,,,,,,,,,,,,,,,,,,,,,,,,,,,Double_Sword_Sword_Natk_01|Double_Sword_Sword_Natk_02|Double_Sword_Sword_Natk_03|Double_Sword_Sword_Natk_04,5,,,,,,,,,,,,,,,,,,weapon_12005,,,,,,,,,,
540189,石铲+短剑,3,1,,3,,,10,,,24,10,,,,,,,,,,,,,,,34,,,,,,,185,1,2,,,75,0,11209,90,,,,,,,,,,,,,,,,,,,,,,,,,,,,,,,,Double_Sword_Sword_Natk_01|Double_Sword_Sword_Natk_02|Double_Sword_Sword_Natk_03|Double_Sword_Sword_Natk_04,5,,,,,,,,,,,,,,,,,,weapon_12005,,,,,,,,,,
540190,石铲+收割者,3,1,,5,,,10,,,34,13,,,,,,,,,,,,,,,34,,,,,,,350,1,2,,,175,0,11330,120,,,,,,,,,,,,,,,,,,,,,,,,,,,,,,,,Double_Sword_Sword_Natk_01|Double_Sword_Sword_Natk_02|Double_Sword_Sword_Natk_03|Double_Sword_Sword_Natk_04,5,,,,,,,,,,,,,,,,,,weapon_12005,,,,,,,,,,
540191,石铲+能量剑,3,1,,7,,,10,,,48,15,,,,,,,,,,,,,,,34,,,,,,,650,1,2,,,275,0,11203,240,,,,,,,,,,,,,,,,,,,,,,,,,,,,,,,,Double_Sword_Sword_Natk_01|Double_Sword_Sword_Natk_02|Double_Sword_Sword_Natk_03|Double_Sword_Sword_Natk_04,5,,,,,,,,,,,,,,,,,,weapon_12005,,,,,,,,,,
540192,石铲+石矛,3,4,,1,,,10,,,17,10,,,,,,,,,,,,,,,34,,,,,,,100,1,2,,,50,0,11627,100,,,,,,,,,,,,,,,,,,,,,,,,-1,1,misc.throw_spear,,,,,,Double_Spear_Spear_Natk_01|Double_Spear_Spear_Natk_02|Double_Spear_Spear_Natk_03,5,,,,,,,,,,,,,,,,,,weapon_12005,,1,,,,,,,,
540193,石铲+黄铜矛,3,4,,2,,,10,,,21,14,,,,,,,,,,,,,,,34,,,,,,,140,1,2,,,75,0,11329,60,,,,,,,,,,,,,,,,,,,,,,,,-1,1,misc.throw_spear,,,,,,Double_Spear_Spear_Natk_01|Double_Spear_Spear_Natk_02|Double_Spear_Spear_Natk_03,5,,,,,,,,,,,,,,,,,,weapon_12005,,1,,,,,,,,
540194,石铲+能量矛,3,4,,7,,,10,,,49,24,,,,,,,,,,,,,,,34,,,,,,,650,1,2,,,275,0,11203,240,,,,,,,,,,,,,,,,,,,,,,,,-1,1,misc.throw_spear,,,,,,Double_Spear_Spear_Natk_01|Double_Spear_Spear_Natk_02|Double_Spear_Spear_Natk_03,5,,,,,,,,,,,,,,,,,,weapon_12005,,1,,,,,,,,
540195,石铲+魔鬼鱼叉,3,1,,2,,,10,,,25,14,,,,,,,,,,,,,,,34,,,,,,,200,1,2,,,100,0,11209,90,,,,,,,,,,,,,,,,,,,,,,,,-1,1,misc.throw_spear,,,,,,Double_Spear_Spear_Natk_01|Double_Spear_Spear_Natk_02|Double_Spear_Spear_Natk_03,5,,,,,,,,,,,,,,,,,,weapon_12005,,,,,,,,,,
540196,铸铁铲+黄铜铲,3,7,,3,,,110,,,22,5,,,,,,,,,,,,,,,36,,,,,,,225,1,2,,,125,0,11209,135,,,,,,,,,,,,,,,,,,,,,,,,,,,,,,,,Double_Sword_Sword_Natk_01|Double_Sword_Sword_Natk_02|Double_Sword_Sword_Natk_03|Double_Sword_Sword_Natk_04,1,,,,,,,,,,,,,,,,,,weapon_12005,,,,,,,,,,
540197,铸铁铲+石铲,3,7,,3,,,80,,,19,5,,,,,,,,,,,,,,,48,,,,,,,185,1,2,,,100,0,11209,135,,,,,,,,,,,,,,,,,,,,,,,,,,,,,,,,Double_Sword_Sword_Natk_01|Double_Sword_Sword_Natk_02|Double_Sword_Sword_Natk_03|Double_Sword_Sword_Natk_04,1,,,,,,,,,,,,,,,,,,weapon_12005,,,,,,,,,,
540198,铸铁铲+铸铁铲,3,7,,3,,,140,,,26,5,,,,,,,,,,,,,,,28,,,,,,,270,1,2,,,150,0,11209,135,,,,,,,,,,,,,,,,,,,,,,,,,,,,,,,,Double_Sword_Sword_Natk_01|Double_Sword_Sword_Natk_02|Double_Sword_Sword_Natk_03|Double_Sword_Sword_Natk_04,1,,,,,,,,,,,,,,,,,,weapon_12005,,,,,,,,,,
540199,铸铁铲+木棒,3,1,,3,,,70,,,25,7,,,,,,,,,,,,,,,14,,,,,,,165,1,2,,,90,0,11209,135,,,,,,,,,,,,,,,,,,,,,,,,,,,,,,,,Double_Hammer_Hammer_Natk_01|Double_Hammer_Hammer_Natk_02,5,,,,,,,,,,,,,,,,,,weapon_12005,,,,,,,,,,
540200,铸铁铲+尖尖碰碰锤,3,1,,3,,,70,,,27,10,,,,,,,,,,,,,,,14,,,,,77,1,185,1,2,,,100,0,11209,135,,,,,,,,,,,,,,,,,,,,,,,,,,,,,,,,Double_Hammer_Hammer_Natk_01|Double_Hammer_Hammer_Natk_02,5,,,,,,,,,,,,,,,,,,weapon_12005,,,,,,,,,,
540201,铸铁铲+冻结棒,3,1,,3,,,70,,,35,12,,,,,,,,,,,,,,,14,,,,,,,210,1,2,,,150,0,11209,135,,,,,,,,,,,,,,,,,,,,,,,,,,,,,,,,Double_Hammer_Hammer_Natk_01|Double_Hammer_Hammer_Natk_02,5,,,,,,,,,,,,,,,,,,weapon_12005,,,,,,,,,,
540202,铸铁铲+钛金战锤,3,1,,5,,,70,,,55,17,,,,,,,,,,,,,,,14,,,,,,,435,1,2,,,225,0,11330,120,,,,,,,,,,,,,,,,,,,,,,,,,,,,,,,,Double_Hammer_Hammer_Natk_01|Double_Hammer_Hammer_Natk_02,5,,,,,,,,,,,,,,,,,,weapon_12005,,,,,,,,,,
540203,铸铁铲+石剑,3,1,,3,,,70,,,23,7,,,,,,,,,,,,,,,14,,,,,,,185,1,2,,,100,0,11209,135,,,,,,,,,,,,,,,,,,,,,,,,,,,,,,,,Double_Sword_Sword_Natk_01|Double_Sword_Sword_Natk_02|Double_Sword_Sword_Natk_03|Double_Sword_Sword_Natk_04,5,,,,,,,,,,,,,,,,,,weapon_12005,,,,,,,,,,
540204,铸铁铲+短剑,3,1,,3,,,70,,,31,10,,,,,,,,,,,,,,,14,,,,,,,270,1,2,,,125,0,11209,135,,,,,,,,,,,,,,,,,,,,,,,,,,,,,,,,Double_Sword_Sword_Natk_01|Double_Sword_Sword_Natk_02|Double_Sword_Sword_Natk_03|Double_Sword_Sword_Natk_04,5,,,,,,,,,,,,,,,,,,weapon_12005,,,,,,,,,,
540205,铸铁铲+收割者,3,1,,5,,,70,,,41,13,,,,,,,,,,,,,,,14,,,,,,,435,1,2,,,225,0,11330,120,,,,,,,,,,,,,,,,,,,,,,,,,,,,,,,,Double_Sword_Sword_Natk_01|Double_Sword_Sword_Natk_02|Double_Sword_Sword_Natk_03|Double_Sword_Sword_Natk_04,5,,,,,,,,,,,,,,,,,,weapon_12005,,,,,,,,,,
540206,铸铁铲+能量剑,3,1,,7,,,70,,,54,15,,,,,,,,,,,,,,,14,,,,,,,735,1,2,,,325,0,11203,240,,,,,,,,,,,,,,,,,,,,,,,,,,,,,,,,Double_Sword_Sword_Natk_01|Double_Sword_Sword_Natk_02|Double_Sword_Sword_Natk_03|Double_Sword_Sword_Natk_04,5,,,,,,,,,,,,,,,,,,weapon_12005,,,,,,,,,,
540207,铸铁铲+石矛,3,4,,3,,,70,,,23,10,,,,,,,,,,,,,,,14,,,,,,,185,1,2,,,100,0,11209,135,,,,,,,,,,,,,,,,,,,,,,,,-1,1,misc.throw_spear,,,,,,Double_Spear_Spear_Natk_01|Double_Spear_Spear_Natk_02|Double_Spear_Spear_Natk_03,5,,,,,,,,,,,,,,,,,,weapon_12005,,1,,,,,,,,
540208,铸铁铲+黄铜矛,3,4,,3,,,70,,,27,14,,,,,,,,,,,,,,,14,,,,,,,225,1,2,,,125,0,11209,135,,,,,,,,,,,,,,,,,,,,,,,,-1,1,misc.throw_spear,,,,,,Double_Spear_Spear_Natk_01|Double_Spear_Spear_Natk_02|Double_Spear_Spear_Natk_03,5,,,,,,,,,,,,,,,,,,weapon_12005,,1,,,,,,,,
540209,铸铁铲+能量矛,3,4,,7,,,70,,,55,24,,,,,,,,,,,,,,,14,,,,,,,735,1,2,,,325,0,11203,240,,,,,,,,,,,,,,,,,,,,,,,,-1,1,misc.throw_spear,,,,,,Double_Spear_Spear_Natk_01|Double_Spear_Spear_Natk_02|Double_Spear_Spear_Natk_03,5,,,,,,,,,,,,,,,,,,weapon_12005,,1,,,,,,,,
540210,铸铁铲+魔鬼鱼叉,3,1,,3,,,70,,,31,14,,,,,,,,,,,,,,,14,,,,,,,285,1,2,,,150,0,11209,135,,,,,,,,,,,,,,,,,,,,,,,,-1,1,misc.throw_spear,,,,,,Double_Spear_Spear_Natk_01|Double_Spear_Spear_Natk_02|Double_Spear_Spear_Natk_03,5,,,,,,,,,,,,,,,,,,weapon_12005,,,,,,,,,,
540211,钛合金铲+黄铜铲,3,7,,5,,,190,,,29,5,,,,,,,,,,,,,,,30,,,,,,,440,1,2,,,200,0,11330,350,,,,,,,,,,,,,,,,,,,,,,,,,,,,,,,,Double_Sword_Sword_Natk_01|Double_Sword_Sword_Natk_02|Double_Sword_Sword_Natk_03|Double_Sword_Sword_Natk_04,1,,,,,,,,,,,,,,,,,,weapon_12005,,,,,,,,,,
540212,钛合金铲+石铲,3,7,,5,,,160,,,26,5,,,,,,,,,,,,,,,42,,,,,,,400,1,2,,,175,0,11330,350,,,,,,,,,,,,,,,,,,,,,,,,,,,,,,,,Double_Sword_Sword_Natk_01|Double_Sword_Sword_Natk_02|Double_Sword_Sword_Natk_03|Double_Sword_Sword_Natk_04,1,,,,,,,,,,,,,,,,,,weapon_12005,,,,,,,,,,
540213,钛合金铲+铸铁铲,3,7,,5,,,220,,,32,5,,,,,,,,,,,,,,,22,,,,,,,485,1,2,,,225,0,11330,350,,,,,,,,,,,,,,,,,,,,,,,,,,,,,,,,Double_Sword_Sword_Natk_01|Double_Sword_Sword_Natk_02|Double_Sword_Sword_Natk_03|Double_Sword_Sword_Natk_04,1,,,,,,,,,,,,,,,,,,weapon_12005,,,,,,,,,,
540214,钛合金铲+钛合金铲,3,7,,5,,,300,,,38,5,,,,,,,,,,,,,,,16,,,,,,,700,1,2,,,300,0,11330,350,,,,,,,,,,,,,,,,,,,,,,,,,,,,,,,,Double_Sword_Sword_Natk_01|Double_Sword_Sword_Natk_02|Double_Sword_Sword_Natk_03|Double_Sword_Sword_Natk_04,1,,,,,,,,,,,,,,,,,,weapon_12005,,,,,,,,,,
540215,钛合金铲+木棒,3,1,,5,,,150,,,31,7,,,,,,,,,,,,,,,8,,,,,,,380,1,2,,,165,0,11330,350,,,,,,,,,,,,,,,,,,,,,,,,,,,,,,,,Double_Hammer_Hammer_Natk_01|Double_Hammer_Hammer_Natk_02,5,,,,,,,,,,,,,,,,,,weapon_12005,,,,,,,,,,
540216,钛合金铲+尖尖碰碰锤,3,1,,5,,,150,,,33,10,,,,,,,,,,,,,,,8,,,,,77,1,400,1,2,,,175,0,11330,350,,,,,,,,,,,,,,,,,,,,,,,,,,,,,,,,Double_Hammer_Hammer_Natk_01|Double_Hammer_Hammer_Natk_02,5,,,,,,,,,,,,,,,,,,weapon_12005,,,,,,,,,,
540217,钛合金铲+冻结棒,3,1,,5,,,150,,,41,12,,,,,,,,,,,,,,,8,,,,,,,425,1,2,,,225,0,11330,350,,,,,,,,,,,,,,,,,,,,,,,,,,,,,,,,Double_Hammer_Hammer_Natk_01|Double_Hammer_Hammer_Natk_02,5,,,,,,,,,,,,,,,,,,weapon_12005,,,,,,,,,,
540218,钛合金铲+钛金战锤,3,1,,5,,,150,,,61,17,,,,,,,,,,,,,,,8,,,,,,,650,1,2,,,300,0,11330,350,,,,,,,,,,,,,,,,,,,,,,,,,,,,,,,,Double_Hammer_Hammer_Natk_01|Double_Hammer_Hammer_Natk_02,5,,,,,,,,,,,,,,,,,,weapon_12005,,,,,,,,,,
540219,钛合金铲+石剑,3,1,,5,,,150,,,29,7,,,,,,,,,,,,,,,8,,,,,,,400,1,2,,,175,0,11330,350,,,,,,,,,,,,,,,,,,,,,,,,,,,,,,,,Double_Sword_Sword_Natk_01|Double_Sword_Sword_Natk_02|Double_Sword_Sword_Natk_03|Double_Sword_Sword_Natk_04,5,,,,,,,,,,,,,,,,,,weapon_12005,,,,,,,,,,
540220,钛合金铲+短剑,3,1,,5,,,150,,,37,10,,,,,,,,,,,,,,,8,,,,,,,485,1,2,,,200,0,11330,350,,,,,,,,,,,,,,,,,,,,,,,,,,,,,,,,Double_Sword_Sword_Natk_01|Double_Sword_Sword_Natk_02|Double_Sword_Sword_Natk_03|Double_Sword_Sword_Natk_04,5,,,,,,,,,,,,,,,,,,weapon_12005,,,,,,,,,,
540221,钛合金铲+收割者,3,1,,5,,,150,,,47,13,,,,,,,,,,,,,,,8,,,,,,,650,1,2,,,300,0,11330,350,,,,,,,,,,,,,,,,,,,,,,,,,,,,,,,,Double_Sword_Sword_Natk_01|Double_Sword_Sword_Natk_02|Double_Sword_Sword_Natk_03|Double_Sword_Sword_Natk_04,5,,,,,,,,,,,,,,,,,,weapon_12005,,,,,,,,,,
540222,钛合金铲+能量剑,3,1,,7,,,150,,,60,15,,,,,,,,,,,,,,,8,,,,,,,950,1,2,,,400,0,11203,240,,,,,,,,,,,,,,,,,,,,,,,,,,,,,,,,Double_Sword_Sword_Natk_01|Double_Sword_Sword_Natk_02|Double_Sword_Sword_Natk_03|Double_Sword_Sword_Natk_04,5,,,,,,,,,,,,,,,,,,weapon_12005,,,,,,,,,,
540223,钛合金铲+石矛,3,4,,5,,,150,,,30,10,,,,,,,,,,,,,,,8,,,,,,,400,1,2,,,175,0,11330,350,,,,,,,,,,,,,,,,,,,,,,,,-1,1,misc.throw_spear,,,,,,Double_Spear_Spear_Natk_01|Double_Spear_Spear_Natk_02|Double_Spear_Spear_Natk_03,5,,,,,,,,,,,,,,,,,,weapon_12005,,1,,,,,,,,
540224,钛合金铲+黄铜矛,3,4,,5,,,150,,,33,14,,,,,,,,,,,,,,,8,,,,,,,440,1,2,,,200,0,11330,350,,,,,,,,,,,,,,,,,,,,,,,,-1,1,misc.throw_spear,,,,,,Double_Spear_Spear_Natk_01|Double_Spear_Spear_Natk_02|Double_Spear_Spear_Natk_03,5,,,,,,,,,,,,,,,,,,weapon_12005,,1,,,,,,,,
540225,钛合金铲+能量矛,3,4,,7,,,150,,,61,24,,,,,,,,,,,,,,,8,,,,,,,950,1,2,,,400,0,11203,240,,,,,,,,,,,,,,,,,,,,,,,,-1,1,misc.throw_spear,,,,,,Double_Spear_Spear_Natk_01|Double_Spear_Spear_Natk_02|Double_Spear_Spear_Natk_03,5,,,,,,,,,,,,,,,,,,weapon_12005,,1,,,,,,,,
540226,钛合金铲+魔鬼鱼叉,3,1,,5,,,150,,,37,14,,,,,,,,,,,,,,,8,,,,,,,500,1,2,,,225,0,11330,350,,,,,,,,,,,,,,,,,,,,,,,,-1,1,misc.throw_spear,,,,,,Double_Spear_Spear_Natk_01|Double_Spear_Spear_Natk_02|Double_Spear_Spear_Natk_03,5,,,,,,,,,,,,,,,,,,weapon_12005,,,,,,,,,,
540227,钨金铲+黄铜铲,3,7,,7,,,350,,,32,5,,,,,,,,,,,,,,,26,,,,,,,590,1,2,,,300,0,11203,500,,,,,,,,,,,,,,,,,,,,,,,,,,,,,,,,Double_Sword_Sword_Natk_01|Double_Sword_Sword_Natk_02|Double_Sword_Sword_Natk_03|Double_Sword_Sword_Natk_04,1,,,,,,,,,,,,,,,,,,weapon_12005,,,,,,,,,,
540228,钨金铲+石铲,3,7,,7,,,320,,,29,5,,,,,,,,,,,,,,,38,,,,,,,550,1,2,,,275,0,11203,500,,,,,,,,,,,,,,,,,,,,,,,,,,,,,,,,Double_Sword_Sword_Natk_01|Double_Sword_Sword_Natk_02|Double_Sword_Sword_Natk_03|Double_Sword_Sword_Natk_04,1,,,,,,,,,,,,,,,,,,weapon_12005,,,,,,,,,,
540229,钨金铲+铸铁铲,3,7,,7,,,380,,,35,5,,,,,,,,,,,,,,,18,,,,,,,635,1,2,,,325,0,11203,500,,,,,,,,,,,,,,,,,,,,,,,,,,,,,,,,Double_Sword_Sword_Natk_01|Double_Sword_Sword_Natk_02|Double_Sword_Sword_Natk_03|Double_Sword_Sword_Natk_04,1,,,,,,,,,,,,,,,,,,weapon_12005,,,,,,,,,,
540230,钨金铲+钛合金铲,3,7,,7,,,460,,,41,5,,,,,,,,,,,,,,,12,,,,,,,850,1,2,,,400,0,11203,500,,,,,,,,,,,,,,,,,,,,,,,,,,,,,,,,Double_Sword_Sword_Natk_01|Double_Sword_Sword_Natk_02|Double_Sword_Sword_Natk_03|Double_Sword_Sword_Natk_04,1,,,,,,,,,,,,,,,,,,weapon_12005,,,,,,,,,,
540231,钨金铲+钨金铲,3,7,,7,,,620,,,44,5,,,,,,,,,,,,,,,8,,,,,,,1000,1,2,,,500,0,11203,500,,,,,,,,,,,,,,,,,,,,,,,,,,,,,,,,Double_Sword_Sword_Natk_01|Double_Sword_Sword_Natk_02|Double_Sword_Sword_Natk_03|Double_Sword_Sword_Natk_04,1,,,,,,,,,,,,,,,,,,weapon_12005,,,,,,,,,,
540232,钨金铲+木棒,3,1,,7,,,310,,,34,7,,,,,,,,,,,,,,,4,,,,,,,530,1,2,,,265,0,11203,500,,,,,,,,,,,,,,,,,,,,,,,,,,,,,,,,Double_Hammer_Hammer_Natk_01|Double_Hammer_Hammer_Natk_02,5,,,,,,,,,,,,,,,,,,weapon_12005,,,,,,,,,,
540233,钨金铲+尖尖碰碰锤,3,1,,7,,,310,,,36,10,,,,,,,,,,,,,,,4,,,,,77,1,550,1,2,,,275,0,11203,500,,,,,,,,,,,,,,,,,,,,,,,,,,,,,,,,Double_Hammer_Hammer_Natk_01|Double_Hammer_Hammer_Natk_02,5,,,,,,,,,,,,,,,,,,weapon_12005,,,,,,,,,,
540234,钨金铲+冻结棒,3,1,,7,,,310,,,44,12,,,,,,,,,,,,,,,4,,,,,,,575,1,2,,,325,0,11203,500,,,,,,,,,,,,,,,,,,,,,,,,,,,,,,,,Double_Hammer_Hammer_Natk_01|Double_Hammer_Hammer_Natk_02,5,,,,,,,,,,,,,,,,,,weapon_12005,,,,,,,,,,
540235,钨金铲+钛金战锤,3,1,,7,,,310,,,64,17,,,,,,,,,,,,,,,4,,,,,,,800,1,2,,,400,0,11203,500,,,,,,,,,,,,,,,,,,,,,,,,,,,,,,,,Double_Hammer_Hammer_Natk_01|Double_Hammer_Hammer_Natk_02,5,,,,,,,,,,,,,,,,,,weapon_12005,,,,,,,,,,
540236,钨金铲+石剑,3,1,,7,,,310,,,32,7,,,,,,,,,,,,,,,4,,,,,,,550,1,2,,,275,0,11203,500,,,,,,,,,,,,,,,,,,,,,,,,,,,,,,,,Double_Sword_Sword_Natk_01|Double_Sword_Sword_Natk_02|Double_Sword_Sword_Natk_03|Double_Sword_Sword_Natk_04,5,,,,,,,,,,,,,,,,,,weapon_12005,,,,,,,,,,
540237,钨金铲+短剑,3,1,,7,,,310,,,40,10,,,,,,,,,,,,,,,4,,,,,,,635,1,2,,,300,0,11203,500,,,,,,,,,,,,,,,,,,,,,,,,,,,,,,,,Double_Sword_Sword_Natk_01|Double_Sword_Sword_Natk_02|Double_Sword_Sword_Natk_03|Double_Sword_Sword_Natk_04,5,,,,,,,,,,,,,,,,,,weapon_12005,,,,,,,,,,
540238,钨金铲+收割者,3,1,,7,,,310,,,50,13,,,,,,,,,,,,,,,4,,,,,,,800,1,2,,,400,0,11203,500,,,,,,,,,,,,,,,,,,,,,,,,,,,,,,,,Double_Sword_Sword_Natk_01|Double_Sword_Sword_Natk_02|Double_Sword_Sword_Natk_03|Double_Sword_Sword_Natk_04,5,,,,,,,,,,,,,,,,,,weapon_12005,,,,,,,,,,
540239,钨金铲+能量剑,3,1,,7,,,310,,,63,15,,,,,,,,,,,,,,,4,,,,,,,1100,1,2,,,500,0,11203,500,,,,,,,,,,,,,,,,,,,,,,,,,,,,,,,,Double_Sword_Sword_Natk_01|Double_Sword_Sword_Natk_02|Double_Sword_Sword_Natk_03|Double_Sword_Sword_Natk_04,5,,,,,,,,,,,,,,,,,,weapon_12005,,,,,,,,,,
540240,钨金铲+石矛,3,4,,7,,,310,,,33,10,,,,,,,,,,,,,,,4,,,,,,,550,1,2,,,275,0,11203,500,,,,,,,,,,,,,,,,,,,,,,,,-1,1,misc.throw_spear,,,,,,Double_Spear_Spear_Natk_01|Double_Spear_Spear_Natk_02|Double_Spear_Spear_Natk_03,5,,,,,,,,,,,,,,,,,,weapon_12005,,1,,,,,,,,
540241,钨金铲+黄铜矛,3,4,,7,,,310,,,36,14,,,,,,,,,,,,,,,4,,,,,,,590,1,2,,,300,0,11203,500,,,,,,,,,,,,,,,,,,,,,,,,-1,1,misc.throw_spear,,,,,,Double_Spear_Spear_Natk_01|Double_Spear_Spear_Natk_02|Double_Spear_Spear_Natk_03,5,,,,,,,,,,,,,,,,,,weapon_12005,,1,,,,,,,,
540242,钨金铲+能量矛,3,4,,7,,,310,,,65,24,,,,,,,,,,,,,,,4,,,,,,,1100,1,2,,,500,0,11203,500,,,,,,,,,,,,,,,,,,,,,,,,-1,1,misc.throw_spear,,,,,,Double_Spear_Spear_Natk_01|Double_Spear_Spear_Natk_02|Double_Spear_Spear_Natk_03,5,,,,,,,,,,,,,,,,,,weapon_12005,,1,,,,,,,,
540243,钨金铲+魔鬼鱼叉,3,1,,7,,,310,,,41,14,,,,,,,,,,,,,,,4,,,,,,,650,1,2,,,325,0,11203,500,,,,,,,,,,,,,,,,,,,,,,,,-1,1,misc.throw_spear,,,,,,Double_Spear_Spear_Natk_01|Double_Spear_Spear_Natk_02|Double_Spear_Spear_Natk_03,5,,,,,,,,,,,,,,,,,,weapon_12005,,,,,,,,,,
540244,黄铜耙+黄铜耙,4,8,,2,,,80,,,19,5,,,,,,,,,,,,,,,44,,,,,,,180,1,2,,,100,0,11329,100,,,,,,,,,,,,,,,,,,,,,,,,,,,,,,,,Double_Sword_Sword_Natk_01|Double_Sword_Sword_Natk_02|Double_Sword_Sword_Natk_03|Double_Sword_Sword_Natk_04,1,,,,,,,,,,,,,,,,,,weapon_12005,,,,,,,,,,
540245,黄铜耙+石耙,4,1,,2,,,50,,,16,5,,,,,,,,,,,,,,,56,,,,,,,140,1,2,,,75,0,11329,100,,,,,,,,,,,,,,,,,,,,,,,,,,,,,,,,Double_Sword_Sword_Natk_01|Double_Sword_Sword_Natk_02|Double_Sword_Sword_Natk_03|Double_Sword_Sword_Natk_04,1,,,,,,,,,,,,,,,,,,weapon_12005,,,,,,,,,,
540246,黄铜耙+木棒,4,1,,2,,,40,,,22,7,,,,,,,,,,,,,,,22,,,,,,,120,1,2,,,65,0,11329,100,,,,,,,,,,,,,,,,,,,,,,,,,,,,,,,,Double_Hammer_Hammer_Natk_01|Double_Hammer_Hammer_Natk_02,5,,,,,,,,,,,,,,,,,,weapon_12005,,,,,,,,,,
540247,黄铜耙+尖尖碰碰锤,4,1,,2,,,40,,,24,10,,,,,,,,,,,,,,,22,,,,,77,1,140,1,2,,,75,0,11329,100,,,,,,,,,,,,,,,,,,,,,,,,,,,,,,,,Double_Hammer_Hammer_Natk_01|Double_Hammer_Hammer_Natk_02,5,,,,,,,,,,,,,,,,,,weapon_12005,,,,,,,,,,
540248,黄铜耙+冻结棒,4,1,,2,,,40,,,32,12,,,,,,,,,,,,,,,22,,,,,,,165,1,2,,,125,0,11329,100,,,,,,,,,,,,,,,,,,,,,,,,,,,,,,,,Double_Hammer_Hammer_Natk_01|Double_Hammer_Hammer_Natk_02,5,,,,,,,,,,,,,,,,,,weapon_12005,,,,,,,,,,
540249,黄铜耙+钛金战锤,4,1,,5,,,40,,,52,17,,,,,,,,,,,,,,,22,,,,,,,390,1,2,,,200,0,11330,120,,,,,,,,,,,,,,,,,,,,,,,,,,,,,,,,Double_Hammer_Hammer_Natk_01|Double_Hammer_Hammer_Natk_02,5,,,,,,,,,,,,,,,,,,weapon_12005,,,,,,,,,,
540250,黄铜耙+石剑,4,1,,2,,,40,,,20,7,,,,,,,,,,,,,,,22,,,,,,,140,1,2,,,75,0,11329,100,,,,,,,,,,,,,,,,,,,,,,,,,,,,,,,,Double_Sword_Sword_Natk_01|Double_Sword_Sword_Natk_02|Double_Sword_Sword_Natk_03|Double_Sword_Sword_Natk_04,5,,,,,,,,,,,,,,,,,,weapon_12005,,,,,,,,,,
540251,黄铜耙+短剑,4,1,,3,,,40,,,28,10,,,,,,,,,,,,,,,22,,,,,,,225,1,2,,,100,0,11209,90,,,,,,,,,,,,,,,,,,,,,,,,,,,,,,,,Double_Sword_Sword_Natk_01|Double_Sword_Sword_Natk_02|Double_Sword_Sword_Natk_03|Double_Sword_Sword_Natk_04,5,,,,,,,,,,,,,,,,,,weapon_12005,,,,,,,,,,
540252,黄铜耙+收割者,4,1,,5,,,40,,,37,13,,,,,,,,,,,,,,,22,,,,,,,390,1,2,,,200,0,11330,120,,,,,,,,,,,,,,,,,,,,,,,,,,,,,,,,Double_Sword_Sword_Natk_01|Double_Sword_Sword_Natk_02|Double_Sword_Sword_Natk_03|Double_Sword_Sword_Natk_04,5,,,,,,,,,,,,,,,,,,weapon_12005,,,,,,,,,,
540253,黄铜耙+能量剑,4,1,,7,,,40,,,51,15,,,,,,,,,,,,,,,22,,,,,,,690,1,2,,,300,0,11203,240,,,,,,,,,,,,,,,,,,,,,,,,,,,,,,,,Double_Sword_Sword_Natk_01|Double_Sword_Sword_Natk_02|Double_Sword_Sword_Natk_03|Double_Sword_Sword_Natk_04,5,,,,,,,,,,,,,,,,,,weapon_12005,,,,,,,,,,
540254,黄铜耙+石矛,4,4,,2,,,40,,,20,10,,,,,,,,,,,,,,,22,,,,,,,140,1,2,,,75,0,11329,100,,,,,,,,,,,,,,,,,,,,,,,,-1,1,misc.throw_spear,,,,,,Double_Spear_Spear_Natk_01|Double_Spear_Spear_Natk_02|Double_Spear_Spear_Natk_03,5,,,,,,,,,,,,,,,,,,weapon_12005,,1,,,,,,,,
540255,黄铜耙+黄铜矛,4,4,,2,,,40,,,24,14,,,,,,,,,,,,,,,22,,,,,,,180,1,2,,,100,0,11329,100,,,,,,,,,,,,,,,,,,,,,,,,-1,1,misc.throw_spear,,,,,,Double_Spear_Spear_Natk_01|Double_Spear_Spear_Natk_02|Double_Spear_Spear_Natk_03,5,,,,,,,,,,,,,,,,,,weapon_12005,,1,,,,,,,,
540256,黄铜耙+能量矛,4,4,,7,,,40,,,52,24,,,,,,,,,,,,,,,22,,,,,,,690,1,2,,,300,0,11203,240,,,,,,,,,,,,,,,,,,,,,,,,-1,1,misc.throw_spear,,,,,,Double_Spear_Spear_Natk_01|Double_Spear_Spear_Natk_02|Double_Spear_Spear_Natk_03,5,,,,,,,,,,,,,,,,,,weapon_12005,,1,,,,,,,,
540257,黄铜耙+魔鬼鱼叉,4,1,,2,,,40,,,28,14,,,,,,,,,,,,,,,22,,,,,,,240,1,2,,,125,0,11329,100,,,,,,,,,,,,,,,,,,,,,,,,-1,1,misc.throw_spear,,,,,,Double_Spear_Spear_Natk_01|Double_Spear_Spear_Natk_02|Double_Spear_Spear_Natk_03,5,,,,,,,,,,,,,,,,,,weapon_12005,,,,,,,,,,
540258,石耙+石耙,4,8,,1,,,20,,,13,5,,,,,,,,,,,,,,,68,,,,,,,100,1,2,,,50,0,11627,100,,,,,,,,,,,,,,,,,,,,,,,,,,,,,,,,Double_Sword_Sword_Natk_01|Double_Sword_Sword_Natk_02|Double_Sword_Sword_Natk_03|Double_Sword_Sword_Natk_04,1,,,,,,,,,,,,,,,,,,weapon_12005,,,,,,,,,,
540259,石耙+木棒,4,1,,1,,,10,,,19,7,,,,,,,,,,,,,,,34,,,,,,,80,1,2,,,40,0,11627,100,,,,,,,,,,,,,,,,,,,,,,,,,,,,,,,,Double_Hammer_Hammer_Natk_01|Double_Hammer_Hammer_Natk_02,5,,,,,,,,,,,,,,,,,,weapon_12005,,,,,,,,,,
540260,石耙+尖尖碰碰锤,4,1,,1,,,10,,,21,10,,,,,,,,,,,,,,,34,,,,,77,1,100,1,2,,,50,0,11627,100,,,,,,,,,,,,,,,,,,,,,,,,,,,,,,,,Double_Hammer_Hammer_Natk_01|Double_Hammer_Hammer_Natk_02,5,,,,,,,,,,,,,,,,,,weapon_12005,,,,,,,,,,
540261,石耙+冻结棒,4,1,,1,,,10,,,29,12,,,,,,,,,,,,,,,34,,,,,,,125,1,2,,,100,0,11627,100,,,,,,,,,,,,,,,,,,,,,,,,,,,,,,,,Double_Hammer_Hammer_Natk_01|Double_Hammer_Hammer_Natk_02,5,,,,,,,,,,,,,,,,,,weapon_12005,,,,,,,,,,
540262,石耙+钛金战锤,4,1,,5,,,10,,,49,17,,,,,,,,,,,,,,,34,,,,,,,350,1,2,,,175,0,11330,120,,,,,,,,,,,,,,,,,,,,,,,,,,,,,,,,Double_Hammer_Hammer_Natk_01|Double_Hammer_Hammer_Natk_02,5,,,,,,,,,,,,,,,,,,weapon_12005,,,,,,,,,,
540263,石耙+石剑,4,1,,1,,,10,,,17,7,,,,,,,,,,,,,,,34,,,,,,,100,1,2,,,50,0,11627,100,,,,,,,,,,,,,,,,,,,,,,,,,,,,,,,,Double_Sword_Sword_Natk_01|Double_Sword_Sword_Natk_02|Double_Sword_Sword_Natk_03|Double_Sword_Sword_Natk_04,5,,,,,,,,,,,,,,,,,,weapon_12005,,,,,,,,,,
540264,石耙+短剑,4,1,,3,,,10,,,24,10,,,,,,,,,,,,,,,34,,,,,,,185,1,2,,,75,0,11209,90,,,,,,,,,,,,,,,,,,,,,,,,,,,,,,,,Double_Sword_Sword_Natk_01|Double_Sword_Sword_Natk_02|Double_Sword_Sword_Natk_03|Double_Sword_Sword_Natk_04,5,,,,,,,,,,,,,,,,,,weapon_12005,,,,,,,,,,
540265,石耙+收割者,4,1,,5,,,10,,,34,13,,,,,,,,,,,,,,,34,,,,,,,350,1,2,,,175,0,11330,120,,,,,,,,,,,,,,,,,,,,,,,,,,,,,,,,Double_Sword_Sword_Natk_01|Double_Sword_Sword_Natk_02|Double_Sword_Sword_Natk_03|Double_Sword_Sword_Natk_04,5,,,,,,,,,,,,,,,,,,weapon_12005,,,,,,,,,,
540266,石耙+能量剑,4,1,,7,,,10,,,48,15,,,,,,,,,,,,,,,34,,,,,,,650,1,2,,,275,0,11203,240,,,,,,,,,,,,,,,,,,,,,,,,,,,,,,,,Double_Sword_Sword_Natk_01|Double_Sword_Sword_Natk_02|Double_Sword_Sword_Natk_03|Double_Sword_Sword_Natk_04,5,,,,,,,,,,,,,,,,,,weapon_12005,,,,,,,,,,
540267,石耙+石矛,4,4,,1,,,10,,,17,10,,,,,,,,,,,,,,,34,,,,,,,100,1,2,,,50,0,11627,100,,,,,,,,,,,,,,,,,,,,,,,,-1,1,misc.throw_spear,,,,,,Double_Spear_Spear_Natk_01|Double_Spear_Spear_Natk_02|Double_Spear_Spear_Natk_03,5,,,,,,,,,,,,,,,,,,weapon_12005,,1,,,,,,,,
540268,石耙+黄铜矛,4,4,,2,,,10,,,21,14,,,,,,,,,,,,,,,34,,,,,,,140,1,2,,,75,0,11329,60,,,,,,,,,,,,,,,,,,,,,,,,-1,1,misc.throw_spear,,,,,,Double_Spear_Spear_Natk_01|Double_Spear_Spear_Natk_02|Double_Spear_Spear_Natk_03,5,,,,,,,,,,,,,,,,,,weapon_12005,,1,,,,,,,,
540269,石耙+能量矛,4,4,,7,,,10,,,49,24,,,,,,,,,,,,,,,34,,,,,,,650,1,2,,,275,0,11203,240,,,,,,,,,,,,,,,,,,,,,,,,-1,1,misc.throw_spear,,,,,,Double_Spear_Spear_Natk_01|Double_Spear_Spear_Natk_02|Double_Spear_Spear_Natk_03,5,,,,,,,,,,,,,,,,,,weapon_12005,,1,,,,,,,,
540270,石耙+魔鬼鱼叉,4,1,,2,,,10,,,25,14,,,,,,,,,,,,,,,34,,,,,,,200,1,2,,,100,0,11209,90,,,,,,,,,,,,,,,,,,,,,,,,-1,1,misc.throw_spear,,,,,,Double_Spear_Spear_Natk_01|Double_Spear_Spear_Natk_02|Double_Spear_Spear_Natk_03,5,,,,,,,,,,,,,,,,,,weapon_12005,,,,,,,,,,
540271,铸铁耙+黄铜耙,4,8,,3,,,110,,,22,5,,,,,,,,,,,,,,,36,,,,,,,225,1,2,,,125,0,11209,135,,,,,,,,,,,,,,,,,,,,,,,,,,,,,,,,Double_Sword_Sword_Natk_01|Double_Sword_Sword_Natk_02|Double_Sword_Sword_Natk_03|Double_Sword_Sword_Natk_04,1,,,,,,,,,,,,,,,,,,weapon_12005,,,,,,,,,,
540272,铸铁耙+石耙,4,8,,3,,,80,,,19,5,,,,,,,,,,,,,,,48,,,,,,,185,1,2,,,100,0,11209,135,,,,,,,,,,,,,,,,,,,,,,,,,,,,,,,,Double_Sword_Sword_Natk_01|Double_Sword_Sword_Natk_02|Double_Sword_Sword_Natk_03|Double_Sword_Sword_Natk_04,1,,,,,,,,,,,,,,,,,,weapon_12005,,,,,,,,,,
540273,铸铁耙+铸铁耙,4,8,,3,,,140,,,26,5,,,,,,,,,,,,,,,28,,,,,,,270,1,2,,,150,0,11209,135,,,,,,,,,,,,,,,,,,,,,,,,,,,,,,,,Double_Sword_Sword_Natk_01|Double_Sword_Sword_Natk_02|Double_Sword_Sword_Natk_03|Double_Sword_Sword_Natk_04,1,,,,,,,,,,,,,,,,,,weapon_12005,,,,,,,,,,
540274,铸铁耙+木棒,4,1,,3,,,70,,,25,7,,,,,,,,,,,,,,,14,,,,,,,165,1,2,,,90,0,11209,135,,,,,,,,,,,,,,,,,,,,,,,,,,,,,,,,Double_Hammer_Hammer_Natk_01|Double_Hammer_Hammer_Natk_02,5,,,,,,,,,,,,,,,,,,weapon_12005,,,,,,,,,,
540275,铸铁耙+尖尖碰碰锤,4,1,,3,,,70,,,27,10,,,,,,,,,,,,,,,14,,,,,77,1,185,1,2,,,100,0,11209,135,,,,,,,,,,,,,,,,,,,,,,,,,,,,,,,,Double_Hammer_Hammer_Natk_01|Double_Hammer_Hammer_Natk_02,5,,,,,,,,,,,,,,,,,,weapon_12005,,,,,,,,,,
540276,铸铁耙+冻结棒,4,1,,3,,,70,,,35,12,,,,,,,,,,,,,,,14,,,,,,,210,1,2,,,150,0,11209,135,,,,,,,,,,,,,,,,,,,,,,,,,,,,,,,,Double_Hammer_Hammer_Natk_01|Double_Hammer_Hammer_Natk_02,5,,,,,,,,,,,,,,,,,,weapon_12005,,,,,,,,,,
540277,铸铁耙+钛金战锤,4,1,,5,,,70,,,55,17,,,,,,,,,,,,,,,14,,,,,,,435,1,2,,,225,0,11330,120,,,,,,,,,,,,,,,,,,,,,,,,,,,,,,,,Double_Hammer_Hammer_Natk_01|Double_Hammer_Hammer_Natk_02,5,,,,,,,,,,,,,,,,,,weapon_12005,,,,,,,,,,
540278,铸铁耙+石剑,4,1,,3,,,70,,,23,7,,,,,,,,,,,,,,,14,,,,,,,185,1,2,,,100,0,11209,135,,,,,,,,,,,,,,,,,,,,,,,,,,,,,,,,Double_Sword_Sword_Natk_01|Double_Sword_Sword_Natk_02|Double_Sword_Sword_Natk_03|Double_Sword_Sword_Natk_04,5,,,,,,,,,,,,,,,,,,weapon_12005,,,,,,,,,,
540279,铸铁耙+短剑,4,1,,3,,,70,,,31,10,,,,,,,,,,,,,,,14,,,,,,,270,1,2,,,125,0,11209,135,,,,,,,,,,,,,,,,,,,,,,,,,,,,,,,,Double_Sword_Sword_Natk_01|Double_Sword_Sword_Natk_02|Double_Sword_Sword_Natk_03|Double_Sword_Sword_Natk_04,5,,,,,,,,,,,,,,,,,,weapon_12005,,,,,,,,,,
540280,铸铁耙+收割者,4,1,,5,,,70,,,41,13,,,,,,,,,,,,,,,14,,,,,,,435,1,2,,,225,0,11330,120,,,,,,,,,,,,,,,,,,,,,,,,,,,,,,,,Double_Sword_Sword_Natk_01|Double_Sword_Sword_Natk_02|Double_Sword_Sword_Natk_03|Double_Sword_Sword_Natk_04,5,,,,,,,,,,,,,,,,,,weapon_12005,,,,,,,,,,
540281,铸铁耙+能量剑,4,1,,7,,,70,,,54,15,,,,,,,,,,,,,,,14,,,,,,,735,1,2,,,325,0,11203,240,,,,,,,,,,,,,,,,,,,,,,,,,,,,,,,,Double_Sword_Sword_Natk_01|Double_Sword_Sword_Natk_02|Double_Sword_Sword_Natk_03|Double_Sword_Sword_Natk_04,5,,,,,,,,,,,,,,,,,,weapon_12005,,,,,,,,,,
540282,铸铁耙+石矛,4,4,,3,,,70,,,23,10,,,,,,,,,,,,,,,14,,,,,,,185,1,2,,,100,0,11209,135,,,,,,,,,,,,,,,,,,,,,,,,-1,1,misc.throw_spear,,,,,,Double_Spear_Spear_Natk_01|Double_Spear_Spear_Natk_02|Double_Spear_Spear_Natk_03,5,,,,,,,,,,,,,,,,,,weapon_12005,,1,,,,,,,,
540283,铸铁耙+黄铜矛,4,4,,3,,,70,,,27,14,,,,,,,,,,,,,,,14,,,,,,,225,1,2,,,125,0,11209,135,,,,,,,,,,,,,,,,,,,,,,,,-1,1,misc.throw_spear,,,,,,Double_Spear_Spear_Natk_01|Double_Spear_Spear_Natk_02|Double_Spear_Spear_Natk_03,5,,,,,,,,,,,,,,,,,,weapon_12005,,1,,,,,,,,
540284,铸铁耙+能量矛,4,4,,7,,,70,,,55,24,,,,,,,,,,,,,,,14,,,,,,,735,1,2,,,325,0,11203,240,,,,,,,,,,,,,,,,,,,,,,,,-1,1,misc.throw_spear,,,,,,Double_Spear_Spear_Natk_01|Double_Spear_Spear_Natk_02|Double_Spear_Spear_Natk_03,5,,,,,,,,,,,,,,,,,,weapon_12005,,1,,,,,,,,
540285,铸铁耙+魔鬼鱼叉,4,1,,3,,,70,,,31,14,,,,,,,,,,,,,,,14,,,,,,,285,1,2,,,150,0,11209,135,,,,,,,,,,,,,,,,,,,,,,,,-1,1,misc.throw_spear,,,,,,Double_Spear_Spear_Natk_01|Double_Spear_Spear_Natk_02|Double_Spear_Spear_Natk_03,5,,,,,,,,,,,,,,,,,,weapon_12005,,,,,,,,,,
540286,钛合金耙+黄铜耙,4,8,,5,,,190,,,29,5,,,,,,,,,,,,,,,30,,,,,,,440,1,2,,,200,0,11330,350,,,,,,,,,,,,,,,,,,,,,,,,,,,,,,,,Double_Sword_Sword_Natk_01|Double_Sword_Sword_Natk_02|Double_Sword_Sword_Natk_03|Double_Sword_Sword_Natk_04,1,,,,,,,,,,,,,,,,,,weapon_12005,,,,,,,,,,
540287,钛合金耙+石耙,4,8,,5,,,160,,,26,5,,,,,,,,,,,,,,,42,,,,,,,400,1,2,,,175,0,11330,350,,,,,,,,,,,,,,,,,,,,,,,,,,,,,,,,Double_Sword_Sword_Natk_01|Double_Sword_Sword_Natk_02|Double_Sword_Sword_Natk_03|Double_Sword_Sword_Natk_04,1,,,,,,,,,,,,,,,,,,weapon_12005,,,,,,,,,,
540288,钛合金耙+铸铁耙,4,8,,5,,,220,,,32,5,,,,,,,,,,,,,,,22,,,,,,,485,1,2,,,225,0,11330,350,,,,,,,,,,,,,,,,,,,,,,,,,,,,,,,,Double_Sword_Sword_Natk_01|Double_Sword_Sword_Natk_02|Double_Sword_Sword_Natk_03|Double_Sword_Sword_Natk_04,1,,,,,,,,,,,,,,,,,,weapon_12005,,,,,,,,,,
540289,钛合金耙+钛合金耙,4,8,,5,,,300,,,38,5,,,,,,,,,,,,,,,16,,,,,,,700,1,2,,,300,0,11330,350,,,,,,,,,,,,,,,,,,,,,,,,,,,,,,,,Double_Sword_Sword_Natk_01|Double_Sword_Sword_Natk_02|Double_Sword_Sword_Natk_03|Double_Sword_Sword_Natk_04,1,,,,,,,,,,,,,,,,,,weapon_12005,,,,,,,,,,
540290,钛合金耙+木棒,4,1,,5,,,150,,,31,7,,,,,,,,,,,,,,,8,,,,,,,380,1,2,,,165,0,11330,350,,,,,,,,,,,,,,,,,,,,,,,,,,,,,,,,Double_Hammer_Hammer_Natk_01|Double_Hammer_Hammer_Natk_02,5,,,,,,,,,,,,,,,,,,weapon_12005,,,,,,,,,,
540291,钛合金耙+尖尖碰碰锤,4,1,,5,,,150,,,33,10,,,,,,,,,,,,,,,8,,,,,77,1,400,1,2,,,175,0,11330,350,,,,,,,,,,,,,,,,,,,,,,,,,,,,,,,,Double_Hammer_Hammer_Natk_01|Double_Hammer_Hammer_Natk_02,5,,,,,,,,,,,,,,,,,,weapon_12005,,,,,,,,,,
540292,钛合金耙+冻结棒,4,1,,5,,,150,,,41,12,,,,,,,,,,,,,,,8,,,,,,,425,1,2,,,225,0,11330,350,,,,,,,,,,,,,,,,,,,,,,,,,,,,,,,,Double_Hammer_Hammer_Natk_01|Double_Hammer_Hammer_Natk_02,5,,,,,,,,,,,,,,,,,,weapon_12005,,,,,,,,,,
540293,钛合金耙+钛金战锤,4,1,,5,,,150,,,61,17,,,,,,,,,,,,,,,8,,,,,,,650,1,2,,,300,0,11330,350,,,,,,,,,,,,,,,,,,,,,,,,,,,,,,,,Double_Hammer_Hammer_Natk_01|Double_Hammer_Hammer_Natk_02,5,,,,,,,,,,,,,,,,,,weapon_12005,,,,,,,,,,
540294,钛合金耙+石剑,4,1,,5,,,150,,,29,7,,,,,,,,,,,,,,,8,,,,,,,400,1,2,,,175,0,11330,350,,,,,,,,,,,,,,,,,,,,,,,,,,,,,,,,Double_Sword_Sword_Natk_01|Double_Sword_Sword_Natk_02|Double_Sword_Sword_Natk_03|Double_Sword_Sword_Natk_04,5,,,,,,,,,,,,,,,,,,weapon_12005,,,,,,,,,,
540295,钛合金耙+短剑,4,1,,5,,,150,,,37,10,,,,,,,,,,,,,,,8,,,,,,,485,1,2,,,200,0,11330,350,,,,,,,,,,,,,,,,,,,,,,,,,,,,,,,,Double_Sword_Sword_Natk_01|Double_Sword_Sword_Natk_02|Double_Sword_Sword_Natk_03|Double_Sword_Sword_Natk_04,5,,,,,,,,,,,,,,,,,,weapon_12005,,,,,,,,,,
540296,钛合金耙+收割者,4,1,,5,,,150,,,47,13,,,,,,,,,,,,,,,8,,,,,,,650,1,2,,,300,0,11330,350,,,,,,,,,,,,,,,,,,,,,,,,,,,,,,,,Double_Sword_Sword_Natk_01|Double_Sword_Sword_Natk_02|Double_Sword_Sword_Natk_03|Double_Sword_Sword_Natk_04,5,,,,,,,,,,,,,,,,,,weapon_12005,,,,,,,,,,
540297,钛合金耙+能量剑,4,1,,7,,,150,,,60,15,,,,,,,,,,,,,,,8,,,,,,,950,1,2,,,400,0,11203,240,,,,,,,,,,,,,,,,,,,,,,,,,,,,,,,,Double_Sword_Sword_Natk_01|Double_Sword_Sword_Natk_02|Double_Sword_Sword_Natk_03|Double_Sword_Sword_Natk_04,5,,,,,,,,,,,,,,,,,,weapon_12005,,,,,,,,,,
540298,钛合金耙+石矛,4,4,,5,,,150,,,30,10,,,,,,,,,,,,,,,8,,,,,,,400,1,2,,,175,0,11330,350,,,,,,,,,,,,,,,,,,,,,,,,-1,1,misc.throw_spear,,,,,,Double_Spear_Spear_Natk_01|Double_Spear_Spear_Natk_02|Double_Spear_Spear_Natk_03,5,,,,,,,,,,,,,,,,,,weapon_12005,,1,,,,,,,,
540299,钛合金耙+黄铜矛,4,4,,5,,,150,,,33,14,,,,,,,,,,,,,,,8,,,,,,,440,1,2,,,200,0,11330,350,,,,,,,,,,,,,,,,,,,,,,,,-1,1,misc.throw_spear,,,,,,Double_Spear_Spear_Natk_01|Double_Spear_Spear_Natk_02|Double_Spear_Spear_Natk_03,5,,,,,,,,,,,,,,,,,,weapon_12005,,1,,,,,,,,
540300,钛合金耙+能量矛,4,4,,7,,,150,,,61,24,,,,,,,,,,,,,,,8,,,,,,,950,1,2,,,400,0,11203,240,,,,,,,,,,,,,,,,,,,,,,,,-1,1,misc.throw_spear,,,,,,Double_Spear_Spear_Natk_01|Double_Spear_Spear_Natk_02|Double_Spear_Spear_Natk_03,5,,,,,,,,,,,,,,,,,,weapon_12005,,1,,,,,,,,
540301,钛合金耙+魔鬼鱼叉,4,1,,5,,,150,,,37,14,,,,,,,,,,,,,,,8,,,,,,,500,1,2,,,225,0,11330,350,,,,,,,,,,,,,,,,,,,,,,,,-1,1,misc.throw_spear,,,,,,Double_Spear_Spear_Natk_01|Double_Spear_Spear_Natk_02|Double_Spear_Spear_Natk_03,5,,,,,,,,,,,,,,,,,,weapon_12005,,,,,,,,,,
540302,钨金耙+黄铜耙,4,8,,7,,,350,,,32,5,,,,,,,,,,,,,,,26,,,,,,,590,1,2,,,300,0,11203,500,,,,,,,,,,,,,,,,,,,,,,,,,,,,,,,,Double_Sword_Sword_Natk_01|Double_Sword_Sword_Natk_02|Double_Sword_Sword_Natk_03|Double_Sword_Sword_Natk_04,1,,,,,,,,,,,,,,,,,,weapon_12005,,,,,,,,,,
540303,钨金耙+石耙,4,8,,7,,,320,,,29,5,,,,,,,,,,,,,,,38,,,,,,,550,1,2,,,275,0,11203,500,,,,,,,,,,,,,,,,,,,,,,,,,,,,,,,,Double_Sword_Sword_Natk_01|Double_Sword_Sword_Natk_02|Double_Sword_Sword_Natk_03|Double_Sword_Sword_Natk_04,1,,,,,,,,,,,,,,,,,,weapon_12005,,,,,,,,,,
540304,钨金耙+铸铁耙,4,8,,7,,,380,,,35,5,,,,,,,,,,,,,,,18,,,,,,,635,1,2,,,325,0,11203,500,,,,,,,,,,,,,,,,,,,,,,,,,,,,,,,,Double_Sword_Sword_Natk_01|Double_Sword_Sword_Natk_02|Double_Sword_Sword_Natk_03|Double_Sword_Sword_Natk_04,1,,,,,,,,,,,,,,,,,,weapon_12005,,,,,,,,,,
540305,钨金耙+钛合金耙,4,8,,7,,,460,,,41,5,,,,,,,,,,,,,,,12,,,,,,,850,1,2,,,400,0,11203,500,,,,,,,,,,,,,,,,,,,,,,,,,,,,,,,,Double_Sword_Sword_Natk_01|Double_Sword_Sword_Natk_02|Double_Sword_Sword_Natk_03|Double_Sword_Sword_Natk_04,1,,,,,,,,,,,,,,,,,,weapon_12005,,,,,,,,,,
540306,钨金耙+钨金耙,4,8,,7,,,620,,,44,5,,,,,,,,,,,,,,,8,,,,,,,1000,1,2,,,500,0,11203,500,,,,,,,,,,,,,,,,,,,,,,,,,,,,,,,,Double_Sword_Sword_Natk_01|Double_Sword_Sword_Natk_02|Double_Sword_Sword_Natk_03|Double_Sword_Sword_Natk_04,1,,,,,,,,,,,,,,,,,,weapon_12005,,,,,,,,,,
540307,钨金耙+木棒,4,1,,7,,,310,,,34,7,,,,,,,,,,,,,,,4,,,,,,,530,1,2,,,265,0,11203,500,,,,,,,,,,,,,,,,,,,,,,,,,,,,,,,,Double_Hammer_Hammer_Natk_01|Double_Hammer_Hammer_Natk_02,5,,,,,,,,,,,,,,,,,,weapon_12005,,,,,,,,,,
540308,钨金耙+尖尖碰碰锤,4,1,,7,,,310,,,36,10,,,,,,,,,,,,,,,4,,,,,77,1,550,1,2,,,275,0,11203,500,,,,,,,,,,,,,,,,,,,,,,,,,,,,,,,,Double_Hammer_Hammer_Natk_01|Double_Hammer_Hammer_Natk_02,5,,,,,,,,,,,,,,,,,,weapon_12005,,,,,,,,,,
540309,钨金耙+冻结棒,4,1,,7,,,310,,,44,12,,,,,,,,,,,,,,,4,,,,,,,575,1,2,,,325,0,11203,500,,,,,,,,,,,,,,,,,,,,,,,,,,,,,,,,Double_Hammer_Hammer_Natk_01|Double_Hammer_Hammer_Natk_02,5,,,,,,,,,,,,,,,,,,weapon_12005,,,,,,,,,,
540310,钨金耙+钛金战锤,4,1,,7,,,310,,,64,17,,,,,,,,,,,,,,,4,,,,,,,800,1,2,,,400,0,11203,500,,,,,,,,,,,,,,,,,,,,,,,,,,,,,,,,Double_Hammer_Hammer_Natk_01|Double_Hammer_Hammer_Natk_02,5,,,,,,,,,,,,,,,,,,weapon_12005,,,,,,,,,,
540311,钨金耙+石剑,4,1,,7,,,310,,,32,7,,,,,,,,,,,,,,,4,,,,,,,550,1,2,,,275,0,11203,500,,,,,,,,,,,,,,,,,,,,,,,,,,,,,,,,Double_Sword_Sword_Natk_01|Double_Sword_Sword_Natk_02|Double_Sword_Sword_Natk_03|Double_Sword_Sword_Natk_04,5,,,,,,,,,,,,,,,,,,weapon_12005,,,,,,,,,,
540312,钨金耙+短剑,4,1,,7,,,310,,,40,10,,,,,,,,,,,,,,,4,,,,,,,635,1,2,,,300,0,11203,500,,,,,,,,,,,,,,,,,,,,,,,,,,,,,,,,Double_Sword_Sword_Natk_01|Double_Sword_Sword_Natk_02|Double_Sword_Sword_Natk_03|Double_Sword_Sword_Natk_04,5,,,,,,,,,,,,,,,,,,weapon_12005,,,,,,,,,,
540313,钨金耙+收割者,4,1,,7,,,310,,,50,13,,,,,,,,,,,,,,,4,,,,,,,800,1,2,,,400,0,11203,500,,,,,,,,,,,,,,,,,,,,,,,,,,,,,,,,Double_Sword_Sword_Natk_01|Double_Sword_Sword_Natk_02|Double_Sword_Sword_Natk_03|Double_Sword_Sword_Natk_04,5,,,,,,,,,,,,,,,,,,weapon_12005,,,,,,,,,,
540314,钨金耙+能量剑,4,1,,7,,,310,,,63,15,,,,,,,,,,,,,,,4,,,,,,,1100,1,2,,,500,0,11203,500,,,,,,,,,,,,,,,,,,,,,,,,,,,,,,,,Double_Sword_Sword_Natk_01|Double_Sword_Sword_Natk_02|Double_Sword_Sword_Natk_03|Double_Sword_Sword_Natk_04,5,,,,,,,,,,,,,,,,,,weapon_12005,,,,,,,,,,
540315,钨金耙+石矛,4,4,,7,,,310,,,33,10,,,,,,,,,,,,,,,4,,,,,,,550,1,2,,,275,0,11203,500,,,,,,,,,,,,,,,,,,,,,,,,-1,1,misc.throw_spear,,,,,,Double_Spear_Spear_Natk_01|Double_Spear_Spear_Natk_02|Double_Spear_Spear_Natk_03,5,,,,,,,,,,,,,,,,,,weapon_12005,,1,,,,,,,,
540316,钨金耙+黄铜矛,4,4,,7,,,310,,,36,14,,,,,,,,,,,,,,,4,,,,,,,590,1,2,,,300,0,11203,500,,,,,,,,,,,,,,,,,,,,,,,,-1,1,misc.throw_spear,,,,,,Double_Spear_Spear_Natk_01|Double_Spear_Spear_Natk_02|Double_Spear_Spear_Natk_03,5,,,,,,,,,,,,,,,,,,weapon_12005,,1,,,,,,,,
540317,钨金耙+能量矛,4,4,,7,,,310,,,65,24,,,,,,,,,,,,,,,4,,,,,,,1100,1,2,,,500,0,11203,500,,,,,,,,,,,,,,,,,,,,,,,,-1,1,misc.throw_spear,,,,,,Double_Spear_Spear_Natk_01|Double_Spear_Spear_Natk_02|Double_Spear_Spear_Natk_03,5,,,,,,,,,,,,,,,,,,weapon_12005,,1,,,,,,,,
540318,钨金耙+魔鬼鱼叉,4,1,,7,,,310,,,41,14,,,,,,,,,,,,,,,4,,,,,,,650,1,2,,,325,0,11203,500,,,,,,,,,,,,,,,,,,,,,,,,-1,1,misc.throw_spear,,,,,,Double_Spear_Spear_Natk_01|Double_Spear_Spear_Natk_02|Double_Spear_Spear_Natk_03,5,,,,,,,,,,,,,,,,,,weapon_12005,,,,,,,,,,
540319,木棒+木棒,6,1,,1,,,0,,,25,10,,,,,,,,,,,,,,,0,,,,,,,60,2,1,,,30,0,11323,15,,,,,,,,,,,,,,,,,,,,,,,,,,,,,,,,Double_Hammer_Hammer_Natk_01|Double_Hammer_Hammer_Natk_02,5,,,,,,,,,,,,,,,,,,weapon_12005,,,,,,,,,,
540320,木棒+石剑,6,1,,1,,,0,,,18,10,,,,,,,,,,,,,,,0,,,,,,,80,2,1,,,40,0,11323,15,,,,,,,,,,,,,,,,,,,,,,,,,,,,,,,,Double_Sword_Sword_Natk_01|Double_Sword_Sword_Natk_02|Double_Sword_Sword_Natk_03|Double_Sword_Sword_Natk_04,5,,,,,,,,,,,,,,,,,,weapon_12005,,,,,,,,,,
540321,木棒+短剑,6,1,,3,,,0,,,24,13,,,,,,,,,,,,,,,0,,,,,,,165,2,1,,,65,0,11209,90,,,,,,,,,,,,,,,,,,,,,,,,,,,,,,,,Double_Sword_Sword_Natk_01|Double_Sword_Sword_Natk_02|Double_Sword_Sword_Natk_03|Double_Sword_Sword_Natk_04,5,,,,,,,,,,,,,,,,,,weapon_12005,,,,,,,,,,
540322,木棒+收割者,6,1,,5,,,0,,,31,15,,,,,,,,,,,,,,,0,,,,,,,330,2,1,,,165,0,11330,120,,,,,,,,,,,,,,,,,,,,,,,,,,,,,,,,Double_Sword_Sword_Natk_01|Double_Sword_Sword_Natk_02|Double_Sword_Sword_Natk_03|Double_Sword_Sword_Natk_04,5,,,,,,,,,,,,,,,,,,weapon_12005,,,,,,,,,,
540323,木棒+能量剑,6,1,,7,,,0,,,42,18,,,,,,,,,,,,,,,0,,,,,,,630,2,1,,,265,0,11203,240,,,,,,,,,,,,,,,,,,,,,,,,,,,,,,,,Double_Sword_Sword_Natk_01|Double_Sword_Sword_Natk_02|Double_Sword_Sword_Natk_03|Double_Sword_Sword_Natk_04,5,,,,,,,,,,,,,,,,,,weapon_12005,,,,,,,,,,
540324,木棒+蝎壳盾,6,,,1,,10,0,,,22,18,,,,,,,,,,,,,,,0,,150,3,3,,,280,2,1,,,165,0,11323,15,,,,,,,,,,,,,,,,,,,,,,,,,,,,,,,,Double_hammer_Shield_Natk_01|Double_hammer_Shield_Natk_02,5,,,,,101198,101198,,,,,,600167,600167,,,,,weapon_12005,,,,,,,,,,
540325,木棒+蝎刺盾,6,,,1,,10,0,,,22,16,,,,,,,,,,,,,,,0,,120,5,3,,,190,2,1,,,165,0,11323,15,,,,,,,,,,,,,,,,,,,,,,,,,,,,,,,,Double_hammer_Shield_Natk_01|Double_hammer_Shield_Natk_02,5,,,,,101198,101198,,,,,,600167,600167,,,,,weapon_12005,,,,,,,,,,
540326,木棒+木盾,6,,,1,,10,0,,,22,13,,,,,,,,,,,,,,,0,,50,3,1,,,80,2,1,,,40,0,11323,15,,,,,,,,,,,,,,,,,,,,,,,,,,,,,,,,Double_hammer_Shield_Natk_01|Double_hammer_Shield_Natk_02,5,,,,,101198,101198,,,,,,600167,600167,,,,,weapon_12005,,,,,,,,,,
540327,木棒+黄铜盾,6,,,1,,10,0,,,22,16,,,,,,,,,,,,,,,0,,80,3,2,,,130,2,1,,,65,0,11323,15,,,,,,,,,,,,,,,,,,,,,,,,,,,,,,,,Double_hammer_Shield_Natk_01|Double_hammer_Shield_Natk_02,5,,,,,101198,101198,,,,,,600167,600167,,,,,weapon_12005,,,,,,,,,,
540328,木棒+钛金盾,6,,,1,,10,0,,,22,18,,,,,,,,,,,,,,,0,,120,3,3,,,230,2,1,,,165,0,11323,15,,,,,,,,,,,,,,,,,,,,,,,,,,,,,,,,Double_hammer_Shield_Natk_01|Double_hammer_Shield_Natk_02,5,,,,,101198,101198,,,,,,600167,600167,,,,,weapon_12005,,,,,,,,,,
540329,尖尖碰碰锤+木棒,6,1,,1,,,0,,,27,12,,,,,,,,,,,,,,,0,,,,,77,1,80,2,1,,,40,0,242,50,,,,,,,,,,,,,,,,,,,,,,,,,,,,,,,,Double_Hammer_Hammer_Natk_01|Double_Hammer_Hammer_Natk_02,5,,,,,,,,,,,,,,,,,,weapon_12005,,,,,,,,,,
540330,尖尖碰碰锤+尖尖碰碰锤,6,1,,1,,,0,,,30,15,,,,,,,,,,,,,,,0,,,,,77,1,100,2,1,,,50,0,242,50,,,,,,,,,,,,,,,,,,,,,,,,,,,,,,,,Double_Hammer_Hammer_Natk_01|Double_Hammer_Hammer_Natk_02,5,,,,,,,,,,,,,,,,,,weapon_12005,,,,,,,,,,
540331,尖尖碰碰锤+冻结棒,6,1,,1,,,0,,,37,17,,,,,,,,,,,,,,,0,,,,,77,1,125,2,1,,,100,0,242,50,,,,,,,,,,,,,,,,,,,,,,,,,,,,,,,,Double_Hammer_Hammer_Natk_01|Double_Hammer_Hammer_Natk_02,5,,,,,,,,,,,,,,,,,,weapon_12005,,,,,,,,,,
540332,尖尖碰碰锤+石剑,6,1,,1,,,0,,,20,13,,,,,,,,,,,,,,,0,,,,,77,1,100,2,1,,,50,0,242,50,,,,,,,,,,,,,,,,,,,,,,,,,,,,,,,,Double_Sword_Sword_Natk_01|Double_Sword_Sword_Natk_02|Double_Sword_Sword_Natk_03|Double_Sword_Sword_Natk_04,5,,,,,,,,,,,,,,,,,,weapon_12005,,,,,,,,,,
540333,尖尖碰碰锤+短剑,6,1,,3,,,0,,,26,15,,,,,,,,,,,,,,,0,,,,,77,1,185,2,1,,,75,0,11209,90,,,,,,,,,,,,,,,,,,,,,,,,,,,,,,,,Double_Sword_Sword_Natk_01|Double_Sword_Sword_Natk_02|Double_Sword_Sword_Natk_03|Double_Sword_Sword_Natk_04,5,,,,,,,,,,,,,,,,,,weapon_12005,,,,,,,,,,
540334,尖尖碰碰锤+收割者,6,1,,5,,,0,,,33,18,,,,,,,,,,,,,,,0,,,,,77,1,350,2,1,,,175,0,11330,120,,,,,,,,,,,,,,,,,,,,,,,,,,,,,,,,Double_Sword_Sword_Natk_01|Double_Sword_Sword_Natk_02|Double_Sword_Sword_Natk_03|Double_Sword_Sword_Natk_04,5,,,,,,,,,,,,,,,,,,weapon_12005,,,,,,,,,,
540335,尖尖碰碰锤+能量剑,6,1,,7,,,0,,,44,20,,,,,,,,,,,,,,,0,,,,,77,1,650,2,1,,,275,0,11203,240,,,,,,,,,,,,,,,,,,,,,,,,,,,,,,,,Double_Sword_Sword_Natk_01|Double_Sword_Sword_Natk_02|Double_Sword_Sword_Natk_03|Double_Sword_Sword_Natk_04,5,,,,,,,,,,,,,,,,,,weapon_12005,,,,,,,,,,
540336,尖尖碰碰锤+蝎壳盾,6,,,1,,10,0,,,27,22,,,,,,,,,,,,,,,0,,150,3,3,77,1,300,2,1,,,175,0,242,50,,,,,,,,,,,,,,,,,,,,,,,,,,,,,,,,Double_hammer_Shield_Natk_01|Double_hammer_Shield_Natk_02,5,,,,,101198,101198,,,,,,600167,600167,,,,,weapon_12005,,,,,,,,,,
540337,尖尖碰碰锤+蝎刺盾,6,,,1,,10,0,,,27,20,,,,,,,,,,,,,,,0,,120,5,3,77,1,210,2,1,,,175,0,242,50,,,,,,,,,,,,,,,,,,,,,,,,,,,,,,,,Double_hammer_Shield_Natk_01|Double_hammer_Shield_Natk_02,5,,,,,101198,101198,,,,,,600167,600167,,,,,weapon_12005,,,,,,,,,,
540338,尖尖碰碰锤+木盾,6,,,1,,10,0,,,27,18,,,,,,,,,,,,,,,0,,50,3,1,77,1,100,2,1,,,50,0,242,50,,,,,,,,,,,,,,,,,,,,,,,,,,,,,,,,Double_hammer_Shield_Natk_01|Double_hammer_Shield_Natk_02,5,,,,,101198,101198,,,,,,600167,600167,,,,,weapon_12005,,,,,,,,,,
540339,尖尖碰碰锤+黄铜盾,6,,,1,,10,0,,,27,20,,,,,,,,,,,,,,,0,,80,3,2,77,1,150,2,1,,,75,0,242,50,,,,,,,,,,,,,,,,,,,,,,,,,,,,,,,,Double_hammer_Shield_Natk_01|Double_hammer_Shield_Natk_02,5,,,,,101198,101198,,,,,,600167,600167,,,,,weapon_12005,,,,,,,,,,
540340,尖尖碰碰锤+钛金盾,6,,,1,,10,0,,,27,22,,,,,,,,,,,,,,,0,,120,3,3,77,1,250,2,1,,,175,0,242,50,,,,,,,,,,,,,,,,,,,,,,,,,,,,,,,,Double_hammer_Shield_Natk_01|Double_hammer_Shield_Natk_02,5,,,,,101198,101198,,,,,,600167,600167,,,,,weapon_12005,,,,,,,,,,
540341,冻结棒+木棒,6,1,,1,,,0,,,35,15,,,,,,,,,,,,,,,0,,,,,,,105,2,1,,,90,0,12710,50,,,,,,,,,,,,,,,,,,,,,,,,,,,,,,,,Double_Hammer_Hammer_Natk_01|Double_Hammer_Hammer_Natk_02,5,,,,,,,,,,,,,,,,,,weapon_12005,,,,,,,,,,
540342,冻结棒+冻结棒,6,1,,1,,,0,,,45,20,,,,,,,,,,,,,,,0,,,,,,,150,2,1,,,150,0,12710,50,,,,,,,,,,,,,,,,,,,,,,,,,,,,,,,,Double_Hammer_Hammer_Natk_01|Double_Hammer_Hammer_Natk_02,5,,,,,,,,,,,,,,,,,,weapon_12005,,,,,,,,,,
540343,冻结棒+石剑,6,1,,1,,,0,,,26,15,,,,,,,,,,,,,,,0,,,,,,,125,2,1,,,100,0,12710,50,,,,,,,,,,,,,,,,,,,,,,,,,,,,,,,,Double_Sword_Sword_Natk_01|Double_Sword_Sword_Natk_02|Double_Sword_Sword_Natk_03|Double_Sword_Sword_Natk_04,5,,,,,,,,,,,,,,,,,,weapon_12005,,,,,,,,,,
540344,冻结棒+短剑,6,1,,3,,,0,,,32,18,,,,,,,,,,,,,,,0,,,,,,,210,2,1,,,125,0,11209,90,,,,,,,,,,,,,,,,,,,,,,,,,,,,,,,,Double_Sword_Sword_Natk_01|Double_Sword_Sword_Natk_02|Double_Sword_Sword_Natk_03|Double_Sword_Sword_Natk_04,5,,,,,,,,,,,,,,,,,,weapon_12005,,,,,,,,,,
540345,冻结棒+收割者,6,1,,5,,,0,,,39,20,,,,,,,,,,,,,,,0,,,,,,,375,2,1,,,225,0,11330,120,,,,,,,,,,,,,,,,,,,,,,,,,,,,,,,,Double_Sword_Sword_Natk_01|Double_Sword_Sword_Natk_02|Double_Sword_Sword_Natk_03|Double_Sword_Sword_Natk_04,5,,,,,,,,,,,,,,,,,,weapon_12005,,,,,,,,,,
540346,冻结棒+能量剑,6,1,,7,,,0,,,50,23,,,,,,,,,,,,,,,0,,,,,,,675,2,1,,,325,0,11203,240,,,,,,,,,,,,,,,,,,,,,,,,,,,,,,,,Double_Sword_Sword_Natk_01|Double_Sword_Sword_Natk_02|Double_Sword_Sword_Natk_03|Double_Sword_Sword_Natk_04,5,,,,,,,,,,,,,,,,,,weapon_12005,,,,,,,,,,
540347,冻结棒+蝎壳盾,6,,,1,,10,0,,,40,27,,,,,,,,,,,,,,,0,,150,3,3,,,325,2,1,,,225,0,12710,50,,,,,,,,,,,,,,,,,,,,,,,,,,,,,,,,Double_hammer_Shield_Natk_01|Double_hammer_Shield_Natk_02,5,,,,,101198,101198,,,,,,600167,600167,,,,,weapon_12005,,,,,,,,,,
540348,冻结棒+蝎刺盾,6,,,1,,10,0,,,40,25,,,,,,,,,,,,,,,0,,120,5,3,,,235,2,1,,,225,0,12710,50,,,,,,,,,,,,,,,,,,,,,,,,,,,,,,,,Double_hammer_Shield_Natk_01|Double_hammer_Shield_Natk_02,5,,,,,101198,101198,,,,,,600167,600167,,,,,weapon_12005,,,,,,,,,,
540349,冻结棒+木盾,6,,,1,,10,0,,,40,22,,,,,,,,,,,,,,,0,,50,3,1,,,125,2,1,,,100,0,12710,50,,,,,,,,,,,,,,,,,,,,,,,,,,,,,,,,Double_hammer_Shield_Natk_01|Double_hammer_Shield_Natk_02,5,,,,,101198,101198,,,,,,600167,600167,,,,,weapon_12005,,,,,,,,,,
540350,冻结棒+黄铜盾,6,,,1,,10,0,,,40,25,,,,,,,,,,,,,,,0,,80,3,2,,,175,2,1,,,125,0,12710,50,,,,,,,,,,,,,,,,,,,,,,,,,,,,,,,,Double_hammer_Shield_Natk_01|Double_hammer_Shield_Natk_02,5,,,,,101198,101198,,,,,,600167,600167,,,,,weapon_12005,,,,,,,,,,
540351,冻结棒+钛金盾,6,,,1,,10,0,,,40,27,,,,,,,,,,,,,,,0,,120,3,3,,,275,2,1,,,225,0,12710,50,,,,,,,,,,,,,,,,,,,,,,,,,,,,,,,,Double_hammer_Shield_Natk_01|Double_hammer_Shield_Natk_02,5,,,,,101198,101198,,,,,,600167,600167,,,,,weapon_12005,,,,,,,,,,
540352,钛金战锤+木棒,6,1,,5,,,0,,,55,20,,,,,,,,,,,,,,,0,,,,,,,330,2,1,,,165,0,11330,120,,,,,,,,,,,,,,,,,,,,,,,,,,,,,,,,Double_Hammer_Hammer_Natk_01|Double_Hammer_Hammer_Natk_02,5,,,,,,,,,,,,,,,,,,weapon_12005,,,,,,,,,,
540353,钛金战锤+尖尖碰碰锤,6,1,,5,,,0,,,57,22,,,,,,,,,,,,,,,0,,,,,77,1,350,2,1,,,175,0,11330,120,,,,,,,,,,,,,,,,,,,,,,,,,,,,,,,,Double_Hammer_Hammer_Natk_01|Double_Hammer_Hammer_Natk_02,5,,,,,,,,,,,,,,,,,,weapon_12005,,,,,,,,,,
540354,钛金战锤+冻结棒,6,1,,5,,,0,,,65,25,,,,,,,,,,,,,,,0,,,,,,,375,2,1,,,225,0,11330,120,,,,,,,,,,,,,,,,,,,,,,,,,,,,,,,,Double_Hammer_Hammer_Natk_01|Double_Hammer_Hammer_Natk_02,5,,,,,,,,,,,,,,,,,,weapon_12005,,,,,,,,,,
540355,钛金战锤+钛金战锤,6,1,,5,,,0,,,85,30,,,,,,,,,,,,,,,0,,,,,,,600,2,1,,,300,0,11330,120,,,,,,,,,,,,,,,,,,,,,,,,,,,,,,,,Double_Hammer_Hammer_Natk_01|Double_Hammer_Hammer_Natk_02,5,,,,,,,,,,,,,,,,,,weapon_12005,,,,,,,,,,
540356,钛金战锤+石剑,6,1,,5,,,0,,,42,20,,,,,,,,,,,,,,,0,,,,,,,350,2,1,,,175,0,11330,120,,,,,,,,,,,,,,,,,,,,,,,,,,,,,,,,Double_Sword_Sword_Natk_01|Double_Sword_Sword_Natk_02|Double_Sword_Sword_Natk_03|Double_Sword_Sword_Natk_04,5,,,,,,,,,,,,,,,,,,weapon_12005,,,,,,,,,,
540357,钛金战锤+短剑,6,1,,5,,,0,,,48,23,,,,,,,,,,,,,,,0,,,,,,,435,2,1,,,200,0,11330,120,,,,,,,,,,,,,,,,,,,,,,,,,,,,,,,,Double_Sword_Sword_Natk_01|Double_Sword_Sword_Natk_02|Double_Sword_Sword_Natk_03|Double_Sword_Sword_Natk_04,5,,,,,,,,,,,,,,,,,,weapon_12005,,,,,,,,,,
540358,钛金战锤+收割者,6,1,,5,,,0,,,55,26,,,,,,,,,,,,,,,0,,,,,,,600,2,1,,,300,0,11330,120,,,,,,,,,,,,,,,,,,,,,,,,,,,,,,,,Double_Sword_Sword_Natk_01|Double_Sword_Sword_Natk_02|Double_Sword_Sword_Natk_03|Double_Sword_Sword_Natk_04,5,,,,,,,,,,,,,,,,,,weapon_12005,,,,,,,,,,
540359,钛金战锤+能量剑,6,1,,7,,,0,,,66,28,,,,,,,,,,,,,,,0,,,,,,,900,2,1,,,400,0,11203,240,,,,,,,,,,,,,,,,,,,,,,,,,,,,,,,,Double_Sword_Sword_Natk_01|Double_Sword_Sword_Natk_02|Double_Sword_Sword_Natk_03|Double_Sword_Sword_Natk_04,5,,,,,,,,,,,,,,,,,,weapon_12005,,,,,,,,,,
540360,钛金战锤+蝎壳盾,6,,,5,,10,0,,,76,36,,,,,,,,,,,,,,,0,,150,3,3,,,550,2,1,,,300,0,11330,120,,,,,,,,,,,,,,,,,,,,,,,,,,,,,,,,Double_hammer_Shield_Natk_01|Double_hammer_Shield_Natk_02,5,,,,,101198,101198,,,,,,600167,600167,,,,,weapon_12005,,,,,,,,,,
540361,钛金战锤+蝎刺盾,6,,,5,,10,0,,,76,34,,,,,,,,,,,,,,,0,,120,5,3,,,460,2,1,,,300,0,11330,120,,,,,,,,,,,,,,,,,,,,,,,,,,,,,,,,Double_hammer_Shield_Natk_01|Double_hammer_Shield_Natk_02,5,,,,,101198,101198,,,,,,600167,600167,,,,,weapon_12005,,,,,,,,,,
540362,钛金战锤+木盾,6,,,5,,10,0,,,76,31,,,,,,,,,,,,,,,0,,50,3,1,,,350,2,1,,,175,0,11330,120,,,,,,,,,,,,,,,,,,,,,,,,,,,,,,,,Double_hammer_Shield_Natk_01|Double_hammer_Shield_Natk_02,5,,,,,101198,101198,,,,,,600167,600167,,,,,weapon_12005,,,,,,,,,,
540363,钛金战锤+黄铜盾,6,,,5,,10,0,,,76,34,,,,,,,,,,,,,,,0,,80,3,2,,,400,2,1,,,200,0,11330,120,,,,,,,,,,,,,,,,,,,,,,,,,,,,,,,,Double_hammer_Shield_Natk_01|Double_hammer_Shield_Natk_02,5,,,,,101198,101198,,,,,,600167,600167,,,,,weapon_12005,,,,,,,,,,
540364,钛金战锤+钛金盾,6,,,5,,10,0,,,76,36,,,,,,,,,,,,,,,0,,120,3,3,,,500,2,1,,,300,0,11330,120,,,,,,,,,,,,,,,,,,,,,,,,,,,,,,,,Double_hammer_Shield_Natk_01|Double_hammer_Shield_Natk_02,5,,,,,101198,101198,,,,,,600167,600167,,,,,weapon_12005,,,,,,,,,,
540365,石剑+石剑,6,1,,1,,,0,,,20,10,,,,,,,,,,,,,,,0,,,,,,,100,2,1,,,50,0,11627,35,,,,,,,,,,,,,,,,,,,,,,,,,,,,,,,,Double_Sword_Sword_Natk_01|Double_Sword_Sword_Natk_02|Double_Sword_Sword_Natk_03|Double_Sword_Sword_Natk_04,5,,,,,,,,,,,,,,,,,,weapon_12005,,,,,,,,,,
540366,石剑+蝎壳盾,6,,,1,,10,0,,,21,21,,,,,,,,,,,,,,,0,,150,3,3,,,300,2,1,,,175,0,11627,35,,,,,,,,,,,,,,,,,,,,,,,,,,,,,,,,Double_Sword_Shield_Natk_01|Double_Sword_Shield_Natk_02,5,,,,,101198,101198,,,,,,600167,600167,,,,,weapon_12005,,,,,,,,,,
540367,石剑+蝎刺盾,6,,,1,,10,0,,,21,19,,,,,,,,,,,,,,,0,,120,5,3,,,210,2,1,,,175,0,11627,35,,,,,,,,,,,,,,,,,,,,,,,,,,,,,,,,Double_Sword_Shield_Natk_01|Double_Sword_Shield_Natk_02,5,,,,,101198,101198,,,,,,600167,600167,,,,,weapon_12005,,,,,,,,,,
540368,石剑+木盾,6,,,1,,10,0,,,21,16,,,,,,,,,,,,,,,0,,50,3,1,,,100,2,1,,,50,0,11627,35,,,,,,,,,,,,,,,,,,,,,,,,,,,,,,,,Double_Sword_Shield_Natk_01|Double_Sword_Shield_Natk_02,5,,,,,101198,101198,,,,,,600167,600167,,,,,weapon_12005,,,,,,,,,,
540369,石剑+黄铜盾,6,,,1,,10,0,,,21,19,,,,,,,,,,,,,,,0,,80,3,2,,,150,2,1,,,75,0,11627,35,,,,,,,,,,,,,,,,,,,,,,,,,,,,,,,,Double_Sword_Shield_Natk_01|Double_Sword_Shield_Natk_02,5,,,,,101198,101198,,,,,,600167,600167,,,,,weapon_12005,,,,,,,,,,
540370,石剑+钛金盾,6,,,1,,10,0,,,21,21,,,,,,,,,,,,,,,0,,120,3,3,,,250,2,1,,,175,0,11627,35,,,,,,,,,,,,,,,,,,,,,,,,,,,,,,,,Double_Sword_Shield_Natk_01|Double_Sword_Shield_Natk_02,5,,,,,101198,101198,,,,,,600167,600167,,,,,weapon_12005,,,,,,,,,,
540371,短剑+石剑,6,1,,3,,,0,,,28,13,,,,,,,,,,,,,,,0,,,,,,,185,2,1,,,75,0,11209,90,,,,,,,,,,,,,,,,,,,,,,,,,,,,,,,,Double_Sword_Sword_Natk_01|Double_Sword_Sword_Natk_02|Double_Sword_Sword_Natk_03|Double_Sword_Sword_Natk_04,5,,,,,,,,,,,,,,,,,,weapon_12005,,,,,,,,,,
540372,短剑+短剑,6,1,,3,,,0,,,36,15,,,,,,,,,,,,,,,0,,,,,,,270,2,1,,,100,0,11209,90,,,,,,,,,,,,,,,,,,,,,,,,,,,,,,,,Double_Sword_Sword_Natk_01|Double_Sword_Sword_Natk_02|Double_Sword_Sword_Natk_03|Double_Sword_Sword_Natk_04,5,,,,,,,,,,,,,,,,,,weapon_12005,,,,,,,,,,
540373,短剑+蝎壳盾,6,,,3,,10,0,,,38,27,,,,,,,,,,,,,,,0,,150,3,3,,,385,2,1,,,200,0,11209,90,,,,,,,,,,,,,,,,,,,,,,,,,,,,,,,,Double_Sword_Shield_Natk_01|Double_Sword_Shield_Natk_02,5,,,,,101198,101198,,,,,,600167,600167,,,,,weapon_12005,,,,,,,,,,
540374,短剑+蝎刺盾,6,,,3,,10,0,,,38,25,,,,,,,,,,,,,,,0,,120,5,3,,,295,2,1,,,200,0,11209,90,,,,,,,,,,,,,,,,,,,,,,,,,,,,,,,,Double_Sword_Shield_Natk_01|Double_Sword_Shield_Natk_02,5,,,,,101198,101198,,,,,,600167,600167,,,,,weapon_12005,,,,,,,,,,
540375,短剑+木盾,6,,,3,,10,0,,,38,21,,,,,,,,,,,,,,,0,,50,3,1,,,185,2,1,,,75,0,11209,90,,,,,,,,,,,,,,,,,,,,,,,,,,,,,,,,Double_Sword_Shield_Natk_01|Double_Sword_Shield_Natk_02,5,,,,,101198,101198,,,,,,600167,600167,,,,,weapon_12005,,,,,,,,,,
540376,短剑+黄铜盾,6,,,3,,10,0,,,38,25,,,,,,,,,,,,,,,0,,80,3,2,,,235,2,1,,,100,0,11209,90,,,,,,,,,,,,,,,,,,,,,,,,,,,,,,,,Double_Sword_Shield_Natk_01|Double_Sword_Shield_Natk_02,5,,,,,101198,101198,,,,,,600167,600167,,,,,weapon_12005,,,,,,,,,,
540377,短剑+钛金盾,6,,,3,,10,0,,,38,27,,,,,,,,,,,,,,,0,,120,3,3,,,335,2,1,,,200,0,11209,90,,,,,,,,,,,,,,,,,,,,,,,,,,,,,,,,Double_Sword_Shield_Natk_01|Double_Sword_Shield_Natk_02,5,,,,,101198,101198,,,,,,600167,600167,,,,,weapon_12005,,,,,,,,,,
540378,收割者+石剑,6,1,,5,,,0,,,38,15,,,,,,,,,,,,,,,0,,,,,,,350,2,1,,,175,0,11330,120,,,,,,,,,,,,,,,,,,,,,,,,,,,,,,,,Double_Sword_Sword_Natk_01|Double_Sword_Sword_Natk_02|Double_Sword_Sword_Natk_03|Double_Sword_Sword_Natk_04,5,,,,,,,,,,,,,,,,,,weapon_12005,,,,,,,,,,
540379,收割者+短剑,6,1,,5,,,0,,,46,18,,,,,,,,,,,,,,,0,,,,,,,435,2,1,,,200,0,11330,120,,,,,,,,,,,,,,,,,,,,,,,,,,,,,,,,Double_Sword_Sword_Natk_01|Double_Sword_Sword_Natk_02|Double_Sword_Sword_Natk_03|Double_Sword_Sword_Natk_04,5,,,,,,,,,,,,,,,,,,weapon_12005,,,,,,,,,,
540380,收割者+收割者,6,1,,5,,,0,,,56,20,,,,,,,,,,,,,,,0,,,,,,,600,2,1,,,300,0,11330,120,,,,,,,,,,,,,,,,,,,,,,,,,,,,,,,,Double_Sword_Sword_Natk_01|Double_Sword_Sword_Natk_02|Double_Sword_Sword_Natk_03|Double_Sword_Sword_Natk_04,5,,,,,,,,,,,,,,,,,,weapon_12005,,,,,,,,,,
540381,收割者+蝎壳盾,6,,,5,,10,0,,,58,32,,,,,,,,,,,,,,,0,,150,3,3,,,550,2,1,,,300,0,11330,120,,,,,,,,,,,,,,,,,,,,,,,,,,,,,,,,Double_Sword_Shield_Natk_01|Double_Sword_Shield_Natk_02,5,,,,,101198,101198,,,,,,600167,600167,,,,,weapon_12005,,,,,,,,,,
540382,收割者+蝎刺盾,6,,,5,,10,0,,,58,30,,,,,,,,,,,,,,,0,,120,5,3,,,460,2,1,,,300,0,11330,120,,,,,,,,,,,,,,,,,,,,,,,,,,,,,,,,Double_Sword_Shield_Natk_01|Double_Sword_Shield_Natk_02,5,,,,,101198,101198,,,,,,600167,600167,,,,,weapon_12005,,,,,,,,,,
540383,收割者+木盾,6,,,5,,10,0,,,58,27,,,,,,,,,,,,,,,0,,50,3,1,,,350,2,1,,,175,0,11330,120,,,,,,,,,,,,,,,,,,,,,,,,,,,,,,,,Double_Sword_Shield_Natk_01|Double_Sword_Shield_Natk_02,5,,,,,101198,101198,,,,,,600167,600167,,,,,weapon_12005,,,,,,,,,,
540384,收割者+黄铜盾,6,,,5,,10,0,,,58,30,,,,,,,,,,,,,,,0,,80,3,2,,,400,2,1,,,200,0,11330,120,,,,,,,,,,,,,,,,,,,,,,,,,,,,,,,,Double_Sword_Shield_Natk_01|Double_Sword_Shield_Natk_02,5,,,,,101198,101198,,,,,,600167,600167,,,,,weapon_12005,,,,,,,,,,
540385,收割者+钛金盾,6,,,5,,10,0,,,58,32,,,,,,,,,,,,,,,0,,120,3,3,,,500,2,1,,,300,0,11330,120,,,,,,,,,,,,,,,,,,,,,,,,,,,,,,,,Double_Sword_Shield_Natk_01|Double_Sword_Shield_Natk_02,5,,,,,101198,101198,,,,,,600167,600167,,,,,weapon_12005,,,,,,,,,,
540386,能量剑+石剑,6,1,,7,,,0,,,52,18,,,,,,,,,,,,,,,0,,,,,,,650,2,1,,,275,0,11203,240,,,,,,,,,,,,,,,,,,,,,,,,,,,,,,,,Double_Sword_Sword_Natk_01|Double_Sword_Sword_Natk_02|Double_Sword_Sword_Natk_03|Double_Sword_Sword_Natk_04,5,,,,,,,,,,,,,,,,,,weapon_12005,,,,,,,,,,
540387,能量剑+短剑,6,1,,7,,,0,,,59,20,,,,,,,,,,,,,,,0,,,,,,,735,2,1,,,300,0,11203,240,,,,,,,,,,,,,,,,,,,,,,,,,,,,,,,,Double_Sword_Sword_Natk_01|Double_Sword_Sword_Natk_02|Double_Sword_Sword_Natk_03|Double_Sword_Sword_Natk_04,5,,,,,,,,,,,,,,,,,,weapon_12005,,,,,,,,,,
540388,能量剑+收割者,6,1,,7,,,0,,,69,23,,,,,,,,,,,,,,,0,,,,,,,900,2,1,,,400,0,11203,240,,,,,,,,,,,,,,,,,,,,,,,,,,,,,,,,Double_Sword_Sword_Natk_01|Double_Sword_Sword_Natk_02|Double_Sword_Sword_Natk_03|Double_Sword_Sword_Natk_04,5,,,,,,,,,,,,,,,,,,weapon_12005,,,,,,,,,,
540389,能量剑+能量剑,6,1,,7,,,0,,,83,26,,,,,,,,,,,,,,,0,,,,,,,1200,2,1,,,500,0,11203,240,,,,,,,,,,,,,,,,,,,,,,,,,,,,,,,,Double_Sword_Sword_Natk_01|Double_Sword_Sword_Natk_02|Double_Sword_Sword_Natk_03|Double_Sword_Sword_Natk_04,5,,,,,,,,,,,,,,,,,,weapon_12005,,,,,,,,,,
540390,能量剑+蝎壳盾,6,,,7,,10,0,,,87,38,,,,,,,,,,,,,,,0,,150,3,3,,,850,2,1,,,400,0,11203,240,,,,,,,,,,,,,,,,,,,,,,,,,,,,,,,,Double_Sword_Shield_Natk_01|Double_Sword_Shield_Natk_02,5,,,,,101198,101198,,,,,,600167,600167,,,,,weapon_12005,,,,,,,,,,
540391,能量剑+蝎刺盾,6,,,7,,10,0,,,87,35,,,,,,,,,,,,,,,0,,120,5,3,,,760,2,1,,,400,0,11203,240,,,,,,,,,,,,,,,,,,,,,,,,,,,,,,,,Double_Sword_Shield_Natk_01|Double_Sword_Shield_Natk_02,5,,,,,101198,101198,,,,,,600167,600167,,,,,weapon_12005,,,,,,,,,,
540392,能量剑+木盾,6,,,7,,10,0,,,87,32,,,,,,,,,,,,,,,0,,50,3,1,,,650,2,1,,,275,0,11203,240,,,,,,,,,,,,,,,,,,,,,,,,,,,,,,,,Double_Sword_Shield_Natk_01|Double_Sword_Shield_Natk_02,5,,,,,101198,101198,,,,,,600167,600167,,,,,weapon_12005,,,,,,,,,,
540393,能量剑+黄铜盾,6,,,7,,10,0,,,87,35,,,,,,,,,,,,,,,0,,80,3,2,,,700,2,1,,,300,0,11203,240,,,,,,,,,,,,,,,,,,,,,,,,,,,,,,,,Double_Sword_Shield_Natk_01|Double_Sword_Shield_Natk_02,5,,,,,101198,101198,,,,,,600167,600167,,,,,weapon_12005,,,,,,,,,,
540394,能量剑+钛金盾,6,,,7,,10,0,,,87,38,,,,,,,,,,,,,,,0,,120,3,3,,,800,2,1,,,400,0,11203,240,,,,,,,,,,,,,,,,,,,,,,,,,,,,,,,,Double_Sword_Shield_Natk_01|Double_Sword_Shield_Natk_02,5,,,,,101198,101198,,,,,,600167,600167,,,,,weapon_12005,,,,,,,,,,
540395,石矛+木棒,6,4,,1,,,0,,,23,10,,,,,,,,,,,,,,,0,,,,,,,80,2,1,,,40,0,11627,35,,,,,,,,,,,,,,,,,,,,,,,,-1,1,misc.throw_spear,,,,,,Double_Hammer_Hammer_Natk_01|Double_Hammer_Hammer_Natk_02,5,,,,,,,,,,,,,,,,,,weapon_12005,,1,,,,,,,,
540396,石矛+尖尖碰碰锤,6,4,,1,,,0,,,25,12,,,,,,,,,,,,,,,0,,,,,77,1,100,2,1,,,50,0,11627,35,,,,,,,,,,,,,,,,,,,,,,,,-1,1,misc.throw_spear,,,,,,Double_Hammer_Hammer_Natk_01|Double_Hammer_Hammer_Natk_02,5,,,,,,,,,,,,,,,,,,weapon_12005,,1,,,,,,,,
540397,石矛+冻结棒,6,4,,1,,,0,,,33,15,,,,,,,,,,,,,,,0,,,,,,,125,2,1,,,100,0,11627,35,,,,,,,,,,,,,,,,,,,,,,,,-1,1,misc.throw_spear,,,,,,Double_Hammer_Hammer_Natk_01|Double_Hammer_Hammer_Natk_02,5,,,,,,,,,,,,,,,,,,weapon_12005,,1,,,,,,,,
540398,石矛+钛金战锤,6,4,,5,,,0,,,53,20,,,,,,,,,,,,,,,0,,,,,,,350,2,1,,,175,0,11330,120,,,,,,,,,,,,,,,,,,,,,,,,-1,1,misc.throw_spear,,,,,,Double_Hammer_Hammer_Natk_01|Double_Hammer_Hammer_Natk_02,5,,,,,,,,,,,,,,,,,,weapon_12005,,1,,,,,,,,
540399,石矛+石剑,6,4,,1,,,0,,,21,10,,,,,,,,,,,,,,,0,,,,,,,100,2,1,,,50,0,11627,35,,,,,,,,,,,,,,,,,,,,,,,,-1,1,misc.throw_spear,,,,,,Double_Sword_Sword_Natk_01|Double_Sword_Sword_Natk_02|Double_Sword_Sword_Natk_03|Double_Sword_Sword_Natk_04,5,,,,,,,,,,,,,,,,,,weapon_12005,,1,,,,,,,,
540400,石矛+短剑,6,4,,3,,,0,,,29,13,,,,,,,,,,,,,,,0,,,,,,,185,2,1,,,75,0,11209,90,,,,,,,,,,,,,,,,,,,,,,,,-1,1,misc.throw_spear,,,,,,Double_Sword_Sword_Natk_01|Double_Sword_Sword_Natk_02|Double_Sword_Sword_Natk_03|Double_Sword_Sword_Natk_04,5,,,,,,,,,,,,,,,,,,weapon_12005,,1,,,,,,,,
540401,石矛+收割者,6,4,,5,,,0,,,39,15,,,,,,,,,,,,,,,0,,,,,,,350,2,1,,,175,0,11330,120,,,,,,,,,,,,,,,,,,,,,,,,-1,1,misc.throw_spear,,,,,,Double_Sword_Sword_Natk_01|Double_Sword_Sword_Natk_02|Double_Sword_Sword_Natk_03|Double_Sword_Sword_Natk_04,5,,,,,,,,,,,,,,,,,,weapon_12005,,1,,,,,,,,
540402,石矛+能量剑,6,4,,7,,,0,,,52,18,,,,,,,,,,,,,,,0,,,,,,,650,2,1,,,275,0,11203,240,,,,,,,,,,,,,,,,,,,,,,,,-1,1,misc.throw_spear,,,,,,Double_Sword_Sword_Natk_01|Double_Sword_Sword_Natk_02|Double_Sword_Sword_Natk_03|Double_Sword_Sword_Natk_04,5,,,,,,,,,,,,,,,,,,weapon_12005,,1,,,,,,,,
540403,石矛+石矛,6,4,,1,,,0,,,29,14,,,,,,,,,,,,,,,0,,,,,,,100,2,1,,,50,0,11627,35,,,,,,,,,,,,,,,,,,,,,,,,-1,1,misc.throw_spear,,,,,,Double_Spear_Spear_Natk_01|Double_Spear_Spear_Natk_02|Double_Spear_Spear_Natk_03,5,,,,,,,,,,,,,,,,,,weapon_12005,,1,,,,,,,,
540404,石矛+蝎壳盾,6,,,1,,10,0,,,22,21,,,,,,,,,,,,,,,0,,150,3,3,,,300,2,1,,,175,0,11627,35,,,,,,,,,,,,,,,,,,,,,,,,-1,1,misc.throw_spear,,,,,,Double_Sword_Shield_Natk_01|Double_Sword_Shield_Natk_02,5,,,,,101198,101198,,,,,,600167,600167,,,,,weapon_12005,,1,,,,,,,,
540405,石矛+蝎刺盾,6,,,1,,10,0,,,22,19,,,,,,,,,,,,,,,0,,120,5,3,,,210,2,1,,,175,0,11627,35,,,,,,,,,,,,,,,,,,,,,,,,-1,1,misc.throw_spear,,,,,,Double_Sword_Shield_Natk_01|Double_Sword_Shield_Natk_02,5,,,,,101198,101198,,,,,,600167,600167,,,,,weapon_12005,,1,,,,,,,,
540406,石矛+木盾,6,,,1,,10,0,,,22,16,,,,,,,,,,,,,,,0,,50,3,1,,,100,2,1,,,50,0,11627,35,,,,,,,,,,,,,,,,,,,,,,,,-1,1,misc.throw_spear,,,,,,Double_Sword_Shield_Natk_01|Double_Sword_Shield_Natk_02,5,,,,,101198,101198,,,,,,600167,600167,,,,,weapon_12005,,1,,,,,,,,
540407,石矛+黄铜盾,6,,,1,,10,0,,,22,19,,,,,,,,,,,,,,,0,,80,3,2,,,150,2,1,,,75,0,11627,35,,,,,,,,,,,,,,,,,,,,,,,,-1,1,misc.throw_spear,,,,,,Double_Sword_Shield_Natk_01|Double_Sword_Shield_Natk_02,5,,,,,101198,101198,,,,,,600167,600167,,,,,weapon_12005,,1,,,,,,,,
540408,石矛+钛金盾,6,,,1,,10,0,,,22,21,,,,,,,,,,,,,,,0,,120,3,3,,,250,2,1,,,175,0,11627,35,,,,,,,,,,,,,,,,,,,,,,,,-1,1,misc.throw_spear,,,,,,Double_Sword_Shield_Natk_01|Double_Sword_Shield_Natk_02,5,,,,,101198,101198,,,,,,600167,600167,,,,,weapon_12005,,1,,,,,,,,
540409,黄铜矛+木棒,6,4,,2,,,0,,,26,12,,,,,,,,,,,,,,,0,,,,,,,120,2,1,,,65,0,11329,60,,,,,,,,,,,,,,,,,,,,,,,,-1,1,misc.throw_spear,,,,,,Double_Hammer_Hammer_Natk_01|Double_Hammer_Hammer_Natk_02,5,,,,,,,,,,,,,,,,,,weapon_12005,,1,,,,,,,,
540410,黄铜矛+尖尖碰碰锤,6,4,,2,,,0,,,29,15,,,,,,,,,,,,,,,0,,,,,77,1,140,2,1,,,75,0,11329,60,,,,,,,,,,,,,,,,,,,,,,,,-1,1,misc.throw_spear,,,,,,Double_Hammer_Hammer_Natk_01|Double_Hammer_Hammer_Natk_02,5,,,,,,,,,,,,,,,,,,weapon_12005,,1,,,,,,,,
540411,黄铜矛+冻结棒,6,4,,2,,,0,,,36,17,,,,,,,,,,,,,,,0,,,,,,,165,2,1,,,125,0,11329,60,,,,,,,,,,,,,,,,,,,,,,,,-1,1,misc.throw_spear,,,,,,Double_Hammer_Hammer_Natk_01|Double_Hammer_Hammer_Natk_02,5,,,,,,,,,,,,,,,,,,weapon_12005,,1,,,,,,,,
540412,黄铜矛+钛金战锤,6,4,,5,,,0,,,56,22,,,,,,,,,,,,,,,0,,,,,,,390,2,1,,,200,0,11330,120,,,,,,,,,,,,,,,,,,,,,,,,-1,1,misc.throw_spear,,,,,,Double_Hammer_Hammer_Natk_01|Double_Hammer_Hammer_Natk_02,5,,,,,,,,,,,,,,,,,,weapon_12005,,1,,,,,,,,
540413,黄铜矛+石剑,6,4,,2,,,0,,,24,13,,,,,,,,,,,,,,,0,,,,,,,140,2,1,,,75,0,11329,60,,,,,,,,,,,,,,,,,,,,,,,,-1,1,misc.throw_spear,,,,,,Double_Sword_Sword_Natk_01|Double_Sword_Sword_Natk_02|Double_Sword_Sword_Natk_03|Double_Sword_Sword_Natk_04,5,,,,,,,,,,,,,,,,,,weapon_12005,,1,,,,,,,,
540414,黄铜矛+短剑,6,4,,3,,,0,,,32,15,,,,,,,,,,,,,,,0,,,,,,,225,2,1,,,100,0,11209,90,,,,,,,,,,,,,,,,,,,,,,,,-1,1,misc.throw_spear,,,,,,Double_Sword_Sword_Natk_01|Double_Sword_Sword_Natk_02|Double_Sword_Sword_Natk_03|Double_Sword_Sword_Natk_04,5,,,,,,,,,,,,,,,,,,weapon_12005,,1,,,,,,,,
540415,黄铜矛+收割者,6,4,,5,,,0,,,42,18,,,,,,,,,,,,,,,0,,,,,,,390,2,1,,,200,0,11330,120,,,,,,,,,,,,,,,,,,,,,,,,-1,1,misc.throw_spear,,,,,,Double_Sword_Sword_Natk_01|Double_Sword_Sword_Natk_02|Double_Sword_Sword_Natk_03|Double_Sword_Sword_Natk_04,5,,,,,,,,,,,,,,,,,,weapon_12005,,1,,,,,,,,
540416,黄铜矛+能量剑,6,4,,7,,,0,,,56,20,,,,,,,,,,,,,,,0,,,,,,,690,2,1,,,300,0,11203,240,,,,,,,,,,,,,,,,,,,,,,,,-1,1,misc.throw_spear,,,,,,Double_Sword_Sword_Natk_01|Double_Sword_Sword_Natk_02|Double_Sword_Sword_Natk_03|Double_Sword_Sword_Natk_04,5,,,,,,,,,,,,,,,,,,weapon_12005,,1,,,,,,,,
540417,黄铜矛+石矛,6,4,,2,,,0,,,34,17,,,,,,,,,,,,,,,0,,,,,,,140,2,1,,,75,0,11329,60,,,,,,,,,,,,,,,,,,,,,,,,-1,1,misc.throw_spear,,,,,,Double_Spear_Spear_Natk_01|Double_Spear_Spear_Natk_02|Double_Spear_Spear_Natk_03,5,,,,,,,,,,,,,,,,,,weapon_12005,,1,,,,,,,,
540418,黄铜矛+黄铜矛,6,4,,2,,,0,,,39,21,,,,,,,,,,,,,,,0,,,,,,,180,2,1,,,100,0,11329,60,,,,,,,,,,,,,,,,,,,,,,,,-1,1,misc.throw_spear,,,,,,Double_Spear_Spear_Natk_01|Double_Spear_Spear_Natk_02|Double_Spear_Spear_Natk_03,5,,,,,,,,,,,,,,,,,,weapon_12005,,1,,,,,,,,
540419,黄铜矛+魔鬼鱼叉,6,4,,2,,,0,,,44,21,,,,,,,,,,,,,,,0,,,,,,,240,2,1,,,125,0,11329,60,,,,,,,,,,,,,,,,,,,,,,,,-1,1,misc.throw_spear,,,,,,Double_Spear_Spear_Natk_01|Double_Spear_Spear_Natk_02|Double_Spear_Spear_Natk_03,5,,,,,,,,,,,,,,,,,,weapon_12005,,1,,,,,,,,
540420,黄铜矛+蝎壳盾,6,,,2,,10,0,,,30,27,,,,,,,,,,,,,,,0,,150,3,3,,,340,2,1,,,200,0,11329,60,,,,,,,,,,,,,,,,,,,,,,,,-1,1,misc.throw_spear,,,,,,Double_Sword_Shield_Natk_01|Double_Sword_Shield_Natk_02,5,,,,,101198,101198,,,,,,600167,600167,,,,,weapon_12005,,1,,,,,,,,
540421,黄铜矛+蝎刺盾,6,,,2,,10,0,,,30,25,,,,,,,,,,,,,,,0,,120,5,3,,,250,2,1,,,200,0,11329,60,,,,,,,,,,,,,,,,,,,,,,,,-1,1,misc.throw_spear,,,,,,Double_Sword_Shield_Natk_01|Double_Sword_Shield_Natk_02,5,,,,,101198,101198,,,,,,600167,600167,,,,,weapon_12005,,1,,,,,,,,
540422,黄铜矛+木盾,6,,,2,,10,0,,,30,21,,,,,,,,,,,,,,,0,,50,3,1,,,140,2,1,,,75,0,11329,60,,,,,,,,,,,,,,,,,,,,,,,,-1,1,misc.throw_spear,,,,,,Double_Sword_Shield_Natk_01|Double_Sword_Shield_Natk_02,5,,,,,101198,101198,,,,,,600167,600167,,,,,weapon_12005,,1,,,,,,,,
540423,黄铜矛+黄铜盾,6,,,2,,10,0,,,30,25,,,,,,,,,,,,,,,0,,80,3,2,,,190,2,1,,,100,0,11329,60,,,,,,,,,,,,,,,,,,,,,,,,-1,1,misc.throw_spear,,,,,,Double_Sword_Shield_Natk_01|Double_Sword_Shield_Natk_02,5,,,,,101198,101198,,,,,,600167,600167,,,,,weapon_12005,,1,,,,,,,,
540424,黄铜矛+钛金盾,6,,,2,,10,0,,,30,27,,,,,,,,,,,,,,,0,,120,3,3,,,290,2,1,,,200,0,11329,60,,,,,,,,,,,,,,,,,,,,,,,,-1,1,misc.throw_spear,,,,,,Double_Sword_Shield_Natk_01|Double_Sword_Shield_Natk_02,5,,,,,101198,101198,,,,,,600167,600167,,,,,weapon_12005,,1,,,,,,,,
540425,能量矛+木棒,6,4,,7,,,0,,,53,20,,,,,,,,,,,,,,,0,,,,,,,630,2,1,,,265,0,11203,240,,,,,,,,,,,,,,,,,,,,,,,,-1,1,misc.throw_spear,,,,,,Double_Hammer_Hammer_Natk_01|Double_Hammer_Hammer_Natk_02,5,,,,,,,,,,,,,,,,,,weapon_12005,,1,,,,,,,,
540426,能量矛+尖尖碰碰锤,6,4,,7,,,0,,,56,22,,,,,,,,,,,,,,,0,,,,,77,1,650,2,1,,,275,0,11203,240,,,,,,,,,,,,,,,,,,,,,,,,-1,1,misc.throw_spear,,,,,,Double_Hammer_Hammer_Natk_01|Double_Hammer_Hammer_Natk_02,5,,,,,,,,,,,,,,,,,,weapon_12005,,1,,,,,,,,
540427,能量矛+冻结棒,6,4,,7,,,0,,,63,25,,,,,,,,,,,,,,,0,,,,,,,675,2,1,,,325,0,11203,240,,,,,,,,,,,,,,,,,,,,,,,,-1,1,misc.throw_spear,,,,,,Double_Hammer_Hammer_Natk_01|Double_Hammer_Hammer_Natk_02,5,,,,,,,,,,,,,,,,,,weapon_12005,,1,,,,,,,,
540428,能量矛+钛金战锤,6,4,,7,,,0,,,83,30,,,,,,,,,,,,,,,0,,,,,,,900,2,1,,,400,0,11203,240,,,,,,,,,,,,,,,,,,,,,,,,-1,1,misc.throw_spear,,,,,,Double_Hammer_Hammer_Natk_01|Double_Hammer_Hammer_Natk_02,5,,,,,,,,,,,,,,,,,,weapon_12005,,1,,,,,,,,
540429,能量矛+石剑,6,4,,7,,,0,,,53,20,,,,,,,,,,,,,,,0,,,,,,,650,2,1,,,275,0,11203,240,,,,,,,,,,,,,,,,,,,,,,,,-1,1,misc.throw_spear,,,,,,Double_Sword_Sword_Natk_01|Double_Sword_Sword_Natk_02|Double_Sword_Sword_Natk_03|Double_Sword_Sword_Natk_04,5,,,,,,,,,,,,,,,,,,weapon_12005,,1,,,,,,,,
540430,能量矛+短剑,6,4,,7,,,0,,,60,23,,,,,,,,,,,,,,,0,,,,,,,735,2,1,,,300,0,11203,240,,,,,,,,,,,,,,,,,,,,,,,,-1,1,misc.throw_spear,,,,,,Double_Sword_Sword_Natk_01|Double_Sword_Sword_Natk_02|Double_Sword_Sword_Natk_03|Double_Sword_Sword_Natk_04,5,,,,,,,,,,,,,,,,,,weapon_12005,,1,,,,,,,,
540431,能量矛+收割者,6,4,,7,,,0,,,70,26,,,,,,,,,,,,,,,0,,,,,,,900,2,1,,,400,0,11203,240,,,,,,,,,,,,,,,,,,,,,,,,-1,1,misc.throw_spear,,,,,,Double_Sword_Sword_Natk_01|Double_Sword_Sword_Natk_02|Double_Sword_Sword_Natk_03|Double_Sword_Sword_Natk_04,5,,,,,,,,,,,,,,,,,,weapon_12005,,1,,,,,,,,
540432,能量矛+能量剑,6,4,,7,,,0,,,84,28,,,,,,,,,,,,,,,0,,,,,,,1200,2,1,,,500,0,11203,240,,,,,,,,,,,,,,,,,,,,,,,,-1,1,misc.throw_spear,,,,,,Double_Sword_Sword_Natk_01|Double_Sword_Sword_Natk_02|Double_Sword_Sword_Natk_03|Double_Sword_Sword_Natk_04,5,,,,,,,,,,,,,,,,,,weapon_12005,,1,,,,,,,,
540433,能量矛+石矛,6,4,,7,,,0,,,72,28,,,,,,,,,,,,,,,0,,,,,,,650,2,1,,,275,0,11203,240,,,,,,,,,,,,,,,,,,,,,,,,-1,1,misc.throw_spear,,,,,,Double_Spear_Spear_Natk_01|Double_Spear_Spear_Natk_02|Double_Spear_Spear_Natk_03,5,,,,,,,,,,,,,,,,,,weapon_12005,,1,,,,,,,,
540434,能量矛+黄铜矛,6,4,,7,,,0,,,77,31,,,,,,,,,,,,,,,0,,,,,,,690,2,1,,,300,0,11203,240,,,,,,,,,,,,,,,,,,,,,,,,-1,1,misc.throw_spear,,,,,,Double_Spear_Spear_Natk_01|Double_Spear_Spear_Natk_02|Double_Spear_Spear_Natk_03,5,,,,,,,,,,,,,,,,,,weapon_12005,,1,,,,,,,,
540435,能量矛+能量矛,6,4,,7,,,0,,,114,42,,,,,,,,,,,,,,,0,,,,,,,1200,2,1,,,500,0,11203,240,,,,,,,,,,,,,,,,,,,,,,,,-1,1,misc.throw_spear,,,,,,Double_Spear_Spear_Natk_01|Double_Spear_Spear_Natk_02|Double_Spear_Spear_Natk_03,5,,,,,,,,,,,,,,,,,,weapon_12005,,1,,,,,,,,
540436,能量矛+魔鬼鱼叉,6,4,,7,,,0,,,82,31,,,,,,,,,,,,,,,0,,,,,,,750,2,1,,,325,0,11203,240,,,,,,,,,,,,,,,,,,,,,,,,-1,1,misc.throw_spear,,,,,,Double_Spear_Spear_Natk_01|Double_Spear_Spear_Natk_02|Double_Spear_Spear_Natk_03,5,,,,,,,,,,,,,,,,,,weapon_12005,,1,,,,,,,,
540437,能量矛+蝎壳盾,6,,,7,,10,0,,,89,43,,,,,,,,,,,,,,,0,,150,3,3,,,850,2,1,,,400,0,11203,240,,,,,,,,,,,,,,,,,,,,,,,,-1,1,misc.throw_spear,,,,,,Double_Sword_Shield_Natk_01|Double_Sword_Shield_Natk_02,5,,,,,101198,101198,,,,,,600167,600167,,,,,weapon_12005,,1,,,,,,,,
540438,能量矛+蝎刺盾,6,,,7,,10,0,,,89,41,,,,,,,,,,,,,,,0,,120,5,3,,,760,2,1,,,400,0,11203,240,,,,,,,,,,,,,,,,,,,,,,,,-1,1,misc.throw_spear,,,,,,Double_Sword_Shield_Natk_01|Double_Sword_Shield_Natk_02,5,,,,,101198,101198,,,,,,600167,600167,,,,,weapon_12005,,1,,,,,,,,
540439,能量矛+木盾,6,,,7,,10,0,,,89,38,,,,,,,,,,,,,,,0,,50,3,1,,,650,2,1,,,275,0,11203,240,,,,,,,,,,,,,,,,,,,,,,,,-1,1,misc.throw_spear,,,,,,Double_Sword_Shield_Natk_01|Double_Sword_Shield_Natk_02,5,,,,,101198,101198,,,,,,600167,600167,,,,,weapon_12005,,1,,,,,,,,
540440,能量矛+黄铜盾,6,,,7,,10,0,,,89,41,,,,,,,,,,,,,,,0,,80,3,2,,,700,2,1,,,300,0,11203,240,,,,,,,,,,,,,,,,,,,,,,,,-1,1,misc.throw_spear,,,,,,Double_Sword_Shield_Natk_01|Double_Sword_Shield_Natk_02,5,,,,,101198,101198,,,,,,600167,600167,,,,,weapon_12005,,1,,,,,,,,
540441,能量矛+钛金盾,6,,,7,,10,0,,,89,43,,,,,,,,,,,,,,,0,,120,3,3,,,800,2,1,,,400,0,11203,240,,,,,,,,,,,,,,,,,,,,,,,,-1,1,misc.throw_spear,,,,,,Double_Sword_Shield_Natk_01|Double_Sword_Shield_Natk_02,5,,,,,101198,101198,,,,,,600167,600167,,,,,weapon_12005,,1,,,,,,,,
540442,魔鬼鱼叉+木棒,6,1,,2,,,0,,,30,12,,,,,,,,,,,,,,,0,,,,,,,180,2,1,,,90,0,11209,90,,,,,,,,,,,,,,,,,,,,,,,,-1,1,misc.throw_spear,,,,,,Double_Hammer_Hammer_Natk_01|Double_Hammer_Hammer_Natk_02,5,,,,,,,,,,,,,,,,,,weapon_12005,,,,,,,,,,
540443,魔鬼鱼叉+尖尖碰碰锤,6,1,,2,,,0,,,33,15,,,,,,,,,,,,,,,0,,,,,77,1,200,2,1,,,100,0,11209,90,,,,,,,,,,,,,,,,,,,,,,,,-1,1,misc.throw_spear,,,,,,Double_Hammer_Hammer_Natk_01|Double_Hammer_Hammer_Natk_02,5,,,,,,,,,,,,,,,,,,weapon_12005,,,,,,,,,,
540444,魔鬼鱼叉+冻结棒,6,1,,2,,,0,,,40,17,,,,,,,,,,,,,,,0,,,,,,,225,2,1,,,150,0,11209,90,,,,,,,,,,,,,,,,,,,,,,,,-1,1,misc.throw_spear,,,,,,Double_Hammer_Hammer_Natk_01|Double_Hammer_Hammer_Natk_02,5,,,,,,,,,,,,,,,,,,weapon_12005,,,,,,,,,,
540445,魔鬼鱼叉+钛金战锤,6,1,,5,,,0,,,60,22,,,,,,,,,,,,,,,0,,,,,,,450,2,1,,,225,0,11330,120,,,,,,,,,,,,,,,,,,,,,,,,-1,1,misc.throw_spear,,,,,,Double_Hammer_Hammer_Natk_01|Double_Hammer_Hammer_Natk_02,5,,,,,,,,,,,,,,,,,,weapon_12005,,,,,,,,,,
540446,魔鬼鱼叉+石剑,6,1,,2,,,0,,,29,13,,,,,,,,,,,,,,,0,,,,,,,200,2,1,,,100,0,11209,90,,,,,,,,,,,,,,,,,,,,,,,,-1,1,misc.throw_spear,,,,,,Double_Sword_Sword_Natk_01|Double_Sword_Sword_Natk_02|Double_Sword_Sword_Natk_03|Double_Sword_Sword_Natk_04,5,,,,,,,,,,,,,,,,,,weapon_12005,,,,,,,,,,
540447,魔鬼鱼叉+短剑,6,1,,3,,,0,,,36,15,,,,,,,,,,,,,,,0,,,,,,,285,2,1,,,125,0,11209,90,,,,,,,,,,,,,,,,,,,,,,,,-1,1,misc.throw_spear,,,,,,Double_Sword_Sword_Natk_01|Double_Sword_Sword_Natk_02|Double_Sword_Sword_Natk_03|Double_Sword_Sword_Natk_04,5,,,,,,,,,,,,,,,,,,weapon_12005,,,,,,,,,,
540448,魔鬼鱼叉+收割者,6,1,,5,,,0,,,46,18,,,,,,,,,,,,,,,0,,,,,,,450,2,1,,,225,0,11330,120,,,,,,,,,,,,,,,,,,,,,,,,-1,1,misc.throw_spear,,,,,,Double_Sword_Sword_Natk_01|Double_Sword_Sword_Natk_02|Double_Sword_Sword_Natk_03|Double_Sword_Sword_Natk_04,5,,,,,,,,,,,,,,,,,,weapon_12005,,,,,,,,,,
540449,魔鬼鱼叉+能量剑,6,1,,7,,,0,,,60,20,,,,,,,,,,,,,,,0,,,,,,,750,2,1,,,325,0,11203,240,,,,,,,,,,,,,,,,,,,,,,,,-1,1,misc.throw_spear,,,,,,Double_Sword_Sword_Natk_01|Double_Sword_Sword_Natk_02|Double_Sword_Sword_Natk_03|Double_Sword_Sword_Natk_04,5,,,,,,,,,,,,,,,,,,weapon_12005,,,,,,,,,,
540450,魔鬼鱼叉+石矛,6,4,,2,,,0,,,39,17,,,,,,,,,,,,,,,0,,,,,,,200,2,1,,,100,0,11209,90,,,,,,,,,,,,,,,,,,,,,,,,-1,1,misc.throw_spear,,,,,,Double_Spear_Spear_Natk_01|Double_Spear_Spear_Natk_02|Double_Spear_Spear_Natk_03,5,,,,,,,,,,,,,,,,,,weapon_12005,,1,,,,,,,,
540451,魔鬼鱼叉+魔鬼鱼叉,6,1,,2,,,0,,,50,21,,,,,,,,,,,,,,,0,,,,,,,300,2,1,,,150,0,11209,90,,,,,,,,,,,,,,,,,,,,,,,,-1,1,misc.throw_spear,,,,,,Double_Spear_Spear_Natk_01|Double_Spear_Spear_Natk_02|Double_Spear_Spear_Natk_03,5,,,,,,,,,,,,,,,,,,weapon_12005,,,,,,,,,,
540452,魔鬼鱼叉+蝎壳盾,6,,,2,,10,0,,,39,27,,,,,,,,,,,,,,,0,,150,3,3,,,400,2,1,,,225,0,11209,90,,,,,,,,,,,,,,,,,,,,,,,,-1,1,misc.throw_spear,,,,,,Double_Sword_Shield_Natk_01|Double_Sword_Shield_Natk_02,5,,,,,101198,101198,,,,,,600167,600167,,,,,weapon_12005,,,,,,,,,,
540453,魔鬼鱼叉+蝎刺盾,6,,,2,,10,0,,,39,25,,,,,,,,,,,,,,,0,,120,5,3,,,310,2,1,,,225,0,11209,90,,,,,,,,,,,,,,,,,,,,,,,,-1,1,misc.throw_spear,,,,,,Double_Sword_Shield_Natk_01|Double_Sword_Shield_Natk_02,5,,,,,101198,101198,,,,,,600167,600167,,,,,weapon_12005,,,,,,,,,,
540454,魔鬼鱼叉+木盾,6,,,2,,10,0,,,39,21,,,,,,,,,,,,,,,0,,50,3,1,,,200,2,1,,,100,0,11209,90,,,,,,,,,,,,,,,,,,,,,,,,-1,1,misc.throw_spear,,,,,,Double_Sword_Shield_Natk_01|Double_Sword_Shield_Natk_02,5,,,,,101198,101198,,,,,,600167,600167,,,,,weapon_12005,,,,,,,,,,
540455,魔鬼鱼叉+黄铜盾,6,,,2,,10,0,,,39,25,,,,,,,,,,,,,,,0,,80,3,2,,,250,2,1,,,125,0,11209,90,,,,,,,,,,,,,,,,,,,,,,,,-1,1,misc.throw_spear,,,,,,Double_Sword_Shield_Natk_01|Double_Sword_Shield_Natk_02,5,,,,,101198,101198,,,,,,600167,600167,,,,,weapon_12005,,,,,,,,,,
540456,魔鬼鱼叉+钛金盾,6,,,2,,10,0,,,39,27,,,,,,,,,,,,,,,0,,120,3,3,,,350,2,1,,,225,0,11209,90,,,,,,,,,,,,,,,,,,,,,,,,-1,1,misc.throw_spear,,,,,,Double_Sword_Shield_Natk_01|Double_Sword_Shield_Natk_02,5,,,,,101198,101198,,,,,,600167,600167,,,,,weapon_12005,,,,,,,,,,
540466,平凡法杖+木棒,24,1,,1,,5,0,,,12,7,,,,,,,,,,,,,,,0,,,,,,,55,2,1,,,90,0,11209,25,,,,,,,,,,,,,,,,,,,,,,,,11586,1,misc.throw,1,,,,,Double_Hammer_Hammer_Natk_01|Double_Hammer_Hammer_Natk_02,5,,,,101111,,,100301,100302,100303,,,100116,,,1,,,weapon_12005,,,,,,,,,,
540467,平凡法杖+尖尖碰碰锤,24,1,,1,,5,0,,,15,10,,,,,,,,,,,,,,,0,,,,,77,1,75,2,1,,,100,0,11209,25,,,,,,,,,,,,,,,,,,,,,,,,11586,1,misc.throw,1,,,,,Double_Hammer_Hammer_Natk_01|Double_Hammer_Hammer_Natk_02,5,,,,101111,,,100301,100302,100303,,,100116,,,1,,,weapon_12005,,,,,,,,,,
540468,平凡法杖+冻结棒,24,1,,1,,5,0,,,22,12,,,,,,,,,,,,,,,0,,,,,,,100,2,1,,,150,0,11209,25,,,,,,,,,,,,,,,,,,,,,,,,11586,1,misc.throw,1,,,,,Double_Hammer_Hammer_Natk_01|Double_Hammer_Hammer_Natk_02,5,,,,101111,,,100301,100302,100303,,,100116,,,1,,,weapon_12005,,,,,,,,,,
540469,平凡法杖+钛金战锤,24,1,,5,,5,0,,,42,17,,,,,,,,,,,,,,,0,,,,,,,325,2,1,,,225,0,11330,120,,,,,,,,,,,,,,,,,,,,,,,,11586,1,misc.throw,1,,,,,Double_Hammer_Hammer_Natk_01|Double_Hammer_Hammer_Natk_02,5,,,,101111,,,100301,100302,100303,,,100116,,,1,,,weapon_12005,,,,,,,,,,
540470,平凡法杖+石剑,24,1,,1,,5,0,,,10,7,,,,,,,,,,,,,,,0,,,,,,,75,2,1,,,100,0,11209,25,,,,,,,,,,,,,,,,,,,,,,,,11586,1,misc.throw,1,,,,,Double_Sword_Sword_Natk_01|Double_Sword_Sword_Natk_02|Double_Sword_Sword_Natk_03|Double_Sword_Sword_Natk_04,5,,,,101111,,,100301,100302,100303,,,100116,,,1,,,weapon_12005,,,,,,,,,,
540471,平凡法杖+短剑,24,1,,3,,5,0,,,18,10,,,,,,,,,,,,,,,0,,,,,,,160,2,1,,,125,0,11209,90,,,,,,,,,,,,,,,,,,,,,,,,11586,1,misc.throw,1,,,,,Double_Sword_Sword_Natk_01|Double_Sword_Sword_Natk_02|Double_Sword_Sword_Natk_03|Double_Sword_Sword_Natk_04,5,,,,101111,,,100301,100302,100303,,,100116,,,1,,,weapon_12005,,,,,,,,,,
540472,平凡法杖+收割者,24,1,,5,,5,0,,,28,13,,,,,,,,,,,,,,,0,,,,,,,325,2,1,,,225,0,11330,120,,,,,,,,,,,,,,,,,,,,,,,,11586,1,misc.throw,1,,,,,Double_Sword_Sword_Natk_01|Double_Sword_Sword_Natk_02|Double_Sword_Sword_Natk_03|Double_Sword_Sword_Natk_04,5,,,,101111,,,100301,100302,100303,,,100116,,,1,,,weapon_12005,,,,,,,,,,
540473,平凡法杖+能量剑,24,1,,7,,5,0,,,41,15,,,,,,,,,,,,,,,0,,,,,,,625,2,1,,,325,0,11203,240,,,,,,,,,,,,,,,,,,,,,,,,11586,1,misc.throw,1,,,,,Double_Sword_Sword_Natk_01|Double_Sword_Sword_Natk_02|Double_Sword_Sword_Natk_03|Double_Sword_Sword_Natk_04,5,,,,101111,,,100301,100302,100303,,,100116,,,1,,,weapon_12005,,,,,,,,,,
540474,平凡法杖+平凡法杖,24,1,,1,,,0,,,5,5,,,,,,,,,,,,,,,0,,,,,,,50,2,1,,,150,0,11209,25,,,,,,,,,,,,,,,,,,,,,,,,-1,1,misc.throw,1,,,,,Double_Sword_Sword_Natk_01|Double_Sword_Sword_Natk_02|Double_Sword_Sword_Natk_03|Double_Sword_Sword_Natk_04,5,,,,101111,,,100301,100302,100303,,,100116,,,1,,,weapon_12005,,,,,,,,,,
540475,炽烈法杖+木棒,24,1,,1,,8,0,,,12,7,,,,,,,,,,,,,,,0,,,,,,,80,2,1,,,115,0,11911,50,,,,,,,,,,,,,,,,,,,,,,,,11587,1,misc.throw,1,,,,,Double_Hammer_Hammer_Natk_01|Double_Hammer_Hammer_Natk_02,5,,,,101111,,,100301,100302,100303,,,100116,,,1,,,weapon_12005,,,,,,,,,,
540476,炽烈法杖+尖尖碰碰锤,24,1,,1,,8,0,,,15,10,,,,,,,,,,,,,,,0,,,,,77,1,100,2,1,,,125,0,11911,50,,,,,,,,,,,,,,,,,,,,,,,,11587,1,misc.throw,1,,,,,Double_Hammer_Hammer_Natk_01|Double_Hammer_Hammer_Natk_02,5,,,,101111,,,100301,100302,100303,,,100116,,,1,,,weapon_12005,,,,,,,,,,
540477,炽烈法杖+冻结棒,24,1,,1,,8,0,,,22,12,,,,,,,,,,,,,,,0,,,,,,,125,2,1,,,175,0,11911,50,,,,,,,,,,,,,,,,,,,,,,,,11587,1,misc.throw,1,,,,,Double_Hammer_Hammer_Natk_01|Double_Hammer_Hammer_Natk_02,5,,,,101111,,,100301,100302,100303,,,100116,,,1,,,weapon_12005,,,,,,,,,,
540478,炽烈法杖+钛金战锤,24,1,,5,,8,0,,,42,17,,,,,,,,,,,,,,,0,,,,,,,350,2,1,,,250,0,11330,120,,,,,,,,,,,,,,,,,,,,,,,,11587,1,misc.throw,1,,,,,Double_Hammer_Hammer_Natk_01|Double_Hammer_Hammer_Natk_02,5,,,,101111,,,100301,100302,100303,,,100116,,,1,,,weapon_12005,,,,,,,,,,
540479,炽烈法杖+石剑,24,1,,1,,8,0,,,10,7,,,,,,,,,,,,,,,0,,,,,,,100,2,1,,,125,0,11911,50,,,,,,,,,,,,,,,,,,,,,,,,11587,1,misc.throw,1,,,,,Double_Sword_Sword_Natk_01|Double_Sword_Sword_Natk_02|Double_Sword_Sword_Natk_03|Double_Sword_Sword_Natk_04,5,,,,101111,,,100301,100302,100303,,,100116,,,1,,,weapon_12005,,,,,,,,,,
540480,炽烈法杖+短剑,24,1,,3,,8,0,,,18,10,,,,,,,,,,,,,,,0,,,,,,,185,2,1,,,150,0,11209,90,,,,,,,,,,,,,,,,,,,,,,,,11587,1,misc.throw,1,,,,,Double_Sword_Sword_Natk_01|Double_Sword_Sword_Natk_02|Double_Sword_Sword_Natk_03|Double_Sword_Sword_Natk_04,5,,,,101111,,,100301,100302,100303,,,100116,,,1,,,weapon_12005,,,,,,,,,,
540481,炽烈法杖+收割者,24,1,,5,,8,0,,,28,13,,,,,,,,,,,,,,,0,,,,,,,350,2,1,,,250,0,11330,120,,,,,,,,,,,,,,,,,,,,,,,,11587,1,misc.throw,1,,,,,Double_Sword_Sword_Natk_01|Double_Sword_Sword_Natk_02|Double_Sword_Sword_Natk_03|Double_Sword_Sword_Natk_04,5,,,,101111,,,100301,100302,100303,,,100116,,,1,,,weapon_12005,,,,,,,,,,
540482,炽烈法杖+能量剑,24,1,,7,,8,0,,,41,15,,,,,,,,,,,,,,,0,,,,,,,650,2,1,,,350,0,11203,240,,,,,,,,,,,,,,,,,,,,,,,,11587,1,misc.throw,1,,,,,Double_Sword_Sword_Natk_01|Double_Sword_Sword_Natk_02|Double_Sword_Sword_Natk_03|Double_Sword_Sword_Natk_04,5,,,,101111,,,100301,100302,100303,,,100116,,,1,,,weapon_12005,,,,,,,,,,
540483,炽烈法杖+平凡法杖,24,1,,1,,,0,,,5,5,,,,,,,,,,,,,,,0,,,,,,,75,2,1,,,175,0,11911,50,,,,,,,,,,,,,,,,,,,,,,,,-1,1,misc.throw,1,,,,,Double_Sword_Sword_Natk_01|Double_Sword_Sword_Natk_02|Double_Sword_Sword_Natk_03|Double_Sword_Sword_Natk_04,5,,,,101111,,,100301,100302,100303,,,100116,,,1,,,weapon_12005,,,,,,,,,,
540484,炽烈法杖+炽烈法杖,24,1,,1,,,0,,,5,5,,,,,,,,,,,,,,,0,,,,,,,100,2,1,,,200,0,11911,50,,,,,,,,,,,,,,,,,,,,,,,,-1,1,misc.throw,1,,,,,Double_Sword_Sword_Natk_01|Double_Sword_Sword_Natk_02|Double_Sword_Sword_Natk_03|Double_Sword_Sword_Natk_04,5,,,,101111,,,100301,100302,100303,,,100116,,,1,,,weapon_12005,,,,,,,,,,
540485,炽烈法杖+雷电法杖,24,1,,1,,,0,,,5,5,,,,,,,,,,,,,,,0,,,,,,,100,2,1,,,200,0,11911,50,,,,,,,,,,,,,,,,,,,,,,,,-1,1,misc.throw,1,,,,,Double_Sword_Sword_Natk_01|Double_Sword_Sword_Natk_02|Double_Sword_Sword_Natk_03|Double_Sword_Sword_Natk_04,5,,,,101111,,,100301,100302,100303,,,100116,,,1,,,weapon_12005,,,,,,,,,,
540486,炽烈法杖+淬毒法杖,24,1,,1,,,0,,,5,5,,,,,,,,,,,,,,,0,,,,,,,100,2,1,,,200,0,11911,50,,,,,,,,,,,,,,,,,,,,,,,,-1,1,misc.throw,1,,,,,Double_Sword_Sword_Natk_01|Double_Sword_Sword_Natk_02|Double_Sword_Sword_Natk_03|Double_Sword_Sword_Natk_04,5,,,,101111,,,100301,100302,100303,,,100116,,,1,,,weapon_12005,,,,,,,,,,
540487,炽烈法杖+复苏法杖,24,1,,1,,,0,,,5,5,,,,,,,,,,,,,,,0,,,,,,,100,2,1,,,200,0,11911,50,,,,,,,,,,,,,,,,,,,,,,,,-1,1,misc.throw,1,,,,,Double_Sword_Sword_Natk_01|Double_Sword_Sword_Natk_02|Double_Sword_Sword_Natk_03|Double_Sword_Sword_Natk_04,5,,,,101111,,,100301,100302,100303,,,100116,,,1,,,weapon_12005,,,,,,,,,,
540488,炽烈法杖+召唤法杖,24,1,,1,,,0,,,5,5,,,,,,,,,,,,,,,0,,,,,,,100,2,1,,,200,0,11911,50,,,,,,,,,,,,,,,,,,,,,,,,-1,1,misc.throw,1,,,,,Double_Sword_Sword_Natk_01|Double_Sword_Sword_Natk_02|Double_Sword_Sword_Natk_03|Double_Sword_Sword_Natk_04,5,,,,101111,,,100301,100302,100303,,,100116,,,1,,,weapon_12005,,,,,,,,,,
540489,炽烈法杖+冰魄法杖,24,1,,1,,,0,,,5,5,,,,,,,,,,,,,,,0,,,,,,,100,2,1,,,200,0,11911,50,,,,,,,,,,,,,,,,,,,,,,,,-1,1,misc.throw,1,,,,,Double_Sword_Sword_Natk_01|Double_Sword_Sword_Natk_02|Double_Sword_Sword_Natk_03|Double_Sword_Sword_Natk_04,5,,,,101111,,,100301,100302,100303,,,100116,,,1,,,weapon_12005,,,,,,,,,,
540490,雷电法杖+木棒,24,1,,1,,10,0,,,12,7,,,,,,,,,,,,,,,0,,,,,,,80,2,1,,,115,0,11911,50,,,,,,,,,,,,,,,,,,,,,,,,11588,1,misc.throw,1,,,,,Double_Hammer_Hammer_Natk_01|Double_Hammer_Hammer_Natk_02,5,,,,101111,,,100301,100302,100303,,,100116,,,1,,,weapon_12005,,,,,,,,,,
540491,雷电法杖+尖尖碰碰锤,24,1,,1,,10,0,,,15,10,,,,,,,,,,,,,,,0,,,,,77,1,100,2,1,,,125,0,11911,50,,,,,,,,,,,,,,,,,,,,,,,,11588,1,misc.throw,1,,,,,Double_Hammer_Hammer_Natk_01|Double_Hammer_Hammer_Natk_02,5,,,,101111,,,100301,100302,100303,,,100116,,,1,,,weapon_12005,,,,,,,,,,
540492,雷电法杖+冻结棒,24,1,,1,,10,0,,,22,12,,,,,,,,,,,,,,,0,,,,,,,125,2,1,,,175,0,11911,50,,,,,,,,,,,,,,,,,,,,,,,,11588,1,misc.throw,1,,,,,Double_Hammer_Hammer_Natk_01|Double_Hammer_Hammer_Natk_02,5,,,,101111,,,100301,100302,100303,,,100116,,,1,,,weapon_12005,,,,,,,,,,
540493,雷电法杖+钛金战锤,24,1,,5,,10,0,,,42,17,,,,,,,,,,,,,,,0,,,,,,,350,2,1,,,250,0,11330,120,,,,,,,,,,,,,,,,,,,,,,,,11588,1,misc.throw,1,,,,,Double_Hammer_Hammer_Natk_01|Double_Hammer_Hammer_Natk_02,5,,,,101111,,,100301,100302,100303,,,100116,,,1,,,weapon_12005,,,,,,,,,,
540494,雷电法杖+石剑,24,1,,1,,10,0,,,10,7,,,,,,,,,,,,,,,0,,,,,,,100,2,1,,,125,0,11911,50,,,,,,,,,,,,,,,,,,,,,,,,11588,1,misc.throw,1,,,,,Double_Sword_Sword_Natk_01|Double_Sword_Sword_Natk_02|Double_Sword_Sword_Natk_03|Double_Sword_Sword_Natk_04,5,,,,101111,,,100301,100302,100303,,,100116,,,1,,,weapon_12005,,,,,,,,,,
540495,雷电法杖+短剑,24,1,,3,,10,0,,,18,10,,,,,,,,,,,,,,,0,,,,,,,185,2,1,,,150,0,11209,90,,,,,,,,,,,,,,,,,,,,,,,,11588,1,misc.throw,1,,,,,Double_Sword_Sword_Natk_01|Double_Sword_Sword_Natk_02|Double_Sword_Sword_Natk_03|Double_Sword_Sword_Natk_04,5,,,,101111,,,100301,100302,100303,,,100116,,,1,,,weapon_12005,,,,,,,,,,
540496,雷电法杖+收割者,24,1,,5,,10,0,,,28,13,,,,,,,,,,,,,,,0,,,,,,,350,2,1,,,250,0,11330,120,,,,,,,,,,,,,,,,,,,,,,,,11588,1,misc.throw,1,,,,,Double_Sword_Sword_Natk_01|Double_Sword_Sword_Natk_02|Double_Sword_Sword_Natk_03|Double_Sword_Sword_Natk_04,5,,,,101111,,,100301,100302,100303,,,100116,,,1,,,weapon_12005,,,,,,,,,,
540497,雷电法杖+能量剑,24,1,,7,,10,0,,,41,15,,,,,,,,,,,,,,,0,,,,,,,650,2,1,,,350,0,11203,240,,,,,,,,,,,,,,,,,,,,,,,,11588,1,misc.throw,1,,,,,Double_Sword_Sword_Natk_01|Double_Sword_Sword_Natk_02|Double_Sword_Sword_Natk_03|Double_Sword_Sword_Natk_04,5,,,,101111,,,100301,100302,100303,,,100116,,,1,,,weapon_12005,,,,,,,,,,
540498,雷电法杖+平凡法杖,24,1,,1,,,0,,,5,5,,,,,,,,,,,,,,,0,,,,,,,75,2,1,,,175,0,11911,50,,,,,,,,,,,,,,,,,,,,,,,,-1,1,misc.throw,1,,,,,Double_Sword_Sword_Natk_01|Double_Sword_Sword_Natk_02|Double_Sword_Sword_Natk_03|Double_Sword_Sword_Natk_04,5,,,,101111,,,100301,100302,100303,,,100116,,,1,,,weapon_12005,,,,,,,,,,
540499,雷电法杖+雷电法杖,24,1,,1,,,0,,,5,5,,,,,,,,,,,,,,,0,,,,,,,100,2,1,,,200,0,11911,50,,,,,,,,,,,,,,,,,,,,,,,,-1,1,misc.throw,1,,,,,Double_Sword_Sword_Natk_01|Double_Sword_Sword_Natk_02|Double_Sword_Sword_Natk_03|Double_Sword_Sword_Natk_04,5,,,,101111,,,100301,100302,100303,,,100116,,,1,,,weapon_12005,,,,,,,,,,
540500,雷电法杖+淬毒法杖,24,1,,1,,,0,,,5,5,,,,,,,,,,,,,,,0,,,,,,,100,2,1,,,200,0,11911,50,,,,,,,,,,,,,,,,,,,,,,,,-1,1,misc.throw,1,,,,,Double_Sword_Sword_Natk_01|Double_Sword_Sword_Natk_02|Double_Sword_Sword_Natk_03|Double_Sword_Sword_Natk_04,5,,,,101111,,,100301,100302,100303,,,100116,,,1,,,weapon_12005,,,,,,,,,,
540501,雷电法杖+复苏法杖,24,1,,1,,,0,,,5,5,,,,,,,,,,,,,,,0,,,,,,,100,2,1,,,200,0,11911,50,,,,,,,,,,,,,,,,,,,,,,,,-1,1,misc.throw,1,,,,,Double_Sword_Sword_Natk_01|Double_Sword_Sword_Natk_02|Double_Sword_Sword_Natk_03|Double_Sword_Sword_Natk_04,5,,,,101111,,,100301,100302,100303,,,100116,,,1,,,weapon_12005,,,,,,,,,,
540502,雷电法杖+召唤法杖,24,1,,1,,,0,,,5,5,,,,,,,,,,,,,,,0,,,,,,,100,2,1,,,200,0,11911,50,,,,,,,,,,,,,,,,,,,,,,,,-1,1,misc.throw,1,,,,,Double_Sword_Sword_Natk_01|Double_Sword_Sword_Natk_02|Double_Sword_Sword_Natk_03|Double_Sword_Sword_Natk_04,5,,,,101111,,,100301,100302,100303,,,100116,,,1,,,weapon_12005,,,,,,,,,,
540503,雷电法杖+冰魄法杖,24,1,,1,,,0,,,5,5,,,,,,,,,,,,,,,0,,,,,,,100,2,1,,,200,0,11911,50,,,,,,,,,,,,,,,,,,,,,,,,-1,1,misc.throw,1,,,,,Double_Sword_Sword_Natk_01|Double_Sword_Sword_Natk_02|Double_Sword_Sword_Natk_03|Double_Sword_Sword_Natk_04,5,,,,101111,,,100301,100302,100303,,,100116,,,1,,,weapon_12005,,,,,,,,,,
540504,淬毒法杖+木棒,24,1,,1,,8,0,,,12,7,,,,,,,,,,,,,,,0,,,,,,,80,2,1,,,115,0,11911,50,,,,,,,,,,,,,,,,,,,,,,,,11589,1,misc.throw,1,,,,,Double_Hammer_Hammer_Natk_01|Double_Hammer_Hammer_Natk_02,5,,,,101111,,,100301,100302,100303,,,100116,,,1,,,weapon_12005,,,,,,,,,,
540505,淬毒法杖+尖尖碰碰锤,24,1,,1,,8,0,,,15,10,,,,,,,,,,,,,,,0,,,,,77,1,100,2,1,,,125,0,11911,50,,,,,,,,,,,,,,,,,,,,,,,,11589,1,misc.throw,1,,,,,Double_Hammer_Hammer_Natk_01|Double_Hammer_Hammer_Natk_02,5,,,,101111,,,100301,100302,100303,,,100116,,,1,,,weapon_12005,,,,,,,,,,
540506,淬毒法杖+冻结棒,24,1,,1,,8,0,,,22,12,,,,,,,,,,,,,,,0,,,,,,,125,2,1,,,175,0,11911,50,,,,,,,,,,,,,,,,,,,,,,,,11589,1,misc.throw,1,,,,,Double_Hammer_Hammer_Natk_01|Double_Hammer_Hammer_Natk_02,5,,,,101111,,,100301,100302,100303,,,100116,,,1,,,weapon_12005,,,,,,,,,,
540507,淬毒法杖+钛金战锤,24,1,,5,,8,0,,,42,17,,,,,,,,,,,,,,,0,,,,,,,350,2,1,,,250,0,11330,120,,,,,,,,,,,,,,,,,,,,,,,,11589,1,misc.throw,1,,,,,Double_Hammer_Hammer_Natk_01|Double_Hammer_Hammer_Natk_02,5,,,,101111,,,100301,100302,100303,,,100116,,,1,,,weapon_12005,,,,,,,,,,
540508,淬毒法杖+石剑,24,1,,1,,8,0,,,10,7,,,,,,,,,,,,,,,0,,,,,,,100,2,1,,,125,0,11911,50,,,,,,,,,,,,,,,,,,,,,,,,11589,1,misc.throw,1,,,,,Double_Sword_Sword_Natk_01|Double_Sword_Sword_Natk_02|Double_Sword_Sword_Natk_03|Double_Sword_Sword_Natk_04,5,,,,101111,,,100301,100302,100303,,,100116,,,1,,,weapon_12005,,,,,,,,,,
540509,淬毒法杖+短剑,24,1,,3,,8,0,,,18,10,,,,,,,,,,,,,,,0,,,,,,,185,2,1,,,150,0,11209,90,,,,,,,,,,,,,,,,,,,,,,,,11589,1,misc.throw,1,,,,,Double_Sword_Sword_Natk_01|Double_Sword_Sword_Natk_02|Double_Sword_Sword_Natk_03|Double_Sword_Sword_Natk_04,5,,,,101111,,,100301,100302,100303,,,100116,,,1,,,weapon_12005,,,,,,,,,,
540510,淬毒法杖+收割者,24,1,,5,,8,0,,,28,13,,,,,,,,,,,,,,,0,,,,,,,350,2,1,,,250,0,11330,120,,,,,,,,,,,,,,,,,,,,,,,,11589,1,misc.throw,1,,,,,Double_Sword_Sword_Natk_01|Double_Sword_Sword_Natk_02|Double_Sword_Sword_Natk_03|Double_Sword_Sword_Natk_04,5,,,,101111,,,100301,100302,100303,,,100116,,,1,,,weapon_12005,,,,,,,,,,
540511,淬毒法杖+能量剑,24,1,,7,,8,0,,,41,15,,,,,,,,,,,,,,,0,,,,,,,650,2,1,,,350,0,11203,240,,,,,,,,,,,,,,,,,,,,,,,,11589,1,misc.throw,1,,,,,Double_Sword_Sword_Natk_01|Double_Sword_Sword_Natk_02|Double_Sword_Sword_Natk_03|Double_Sword_Sword_Natk_04,5,,,,101111,,,100301,100302,100303,,,100116,,,1,,,weapon_12005,,,,,,,,,,
540512,淬毒法杖+平凡法杖,24,1,,1,,,0,,,5,5,,,,,,,,,,,,,,,0,,,,,,,75,2,1,,,175,0,11911,50,,,,,,,,,,,,,,,,,,,,,,,,-1,1,misc.throw,1,,,,,Double_Sword_Sword_Natk_01|Double_Sword_Sword_Natk_02|Double_Sword_Sword_Natk_03|Double_Sword_Sword_Natk_04,5,,,,101111,,,100301,100302,100303,,,100116,,,1,,,weapon_12005,,,,,,,,,,
540513,淬毒法杖+淬毒法杖,24,1,,1,,,0,,,5,5,,,,,,,,,,,,,,,0,,,,,,,100,2,1,,,200,0,11911,50,,,,,,,,,,,,,,,,,,,,,,,,-1,1,misc.throw,1,,,,,Double_Sword_Sword_Natk_01|Double_Sword_Sword_Natk_02|Double_Sword_Sword_Natk_03|Double_Sword_Sword_Natk_04,5,,,,101111,,,100301,100302,100303,,,100116,,,1,,,weapon_12005,,,,,,,,,,
540514,淬毒法杖+复苏法杖,24,1,,1,,,0,,,5,5,,,,,,,,,,,,,,,0,,,,,,,100,2,1,,,200,0,11911,50,,,,,,,,,,,,,,,,,,,,,,,,-1,1,misc.throw,1,,,,,Double_Sword_Sword_Natk_01|Double_Sword_Sword_Natk_02|Double_Sword_Sword_Natk_03|Double_Sword_Sword_Natk_04,5,,,,101111,,,100301,100302,100303,,,100116,,,1,,,weapon_12005,,,,,,,,,,
540515,淬毒法杖+召唤法杖,24,1,,1,,,0,,,5,5,,,,,,,,,,,,,,,0,,,,,,,100,2,1,,,200,0,11911,50,,,,,,,,,,,,,,,,,,,,,,,,-1,1,misc.throw,1,,,,,Double_Sword_Sword_Natk_01|Double_Sword_Sword_Natk_02|Double_Sword_Sword_Natk_03|Double_Sword_Sword_Natk_04,5,,,,101111,,,100301,100302,100303,,,100116,,,1,,,weapon_12005,,,,,,,,,,
540516,淬毒法杖+冰魄法杖,24,1,,1,,,0,,,5,5,,,,,,,,,,,,,,,0,,,,,,,100,2,1,,,200,0,11911,50,,,,,,,,,,,,,,,,,,,,,,,,-1,1,misc.throw,1,,,,,Double_Sword_Sword_Natk_01|Double_Sword_Sword_Natk_02|Double_Sword_Sword_Natk_03|Double_Sword_Sword_Natk_04,5,,,,101111,,,100301,100302,100303,,,100116,,,1,,,weapon_12005,,,,,,,,,,
540517,复苏法杖+木棒,24,1,,1,,12,0,,,12,7,,,,,,,,,,,,,,,0,,,,,,,80,2,1,,,115,0,11911,50,,,,,,,,,,,,,,,,,,,,,,,,11590,1,misc.throw,1,,,,,Double_Hammer_Hammer_Natk_01|Double_Hammer_Hammer_Natk_02,5,,,,101111,,,100301,100302,100303,,,100116,,,1,,,weapon_12005,,,,,,,,,,
540518,复苏法杖+尖尖碰碰锤,24,1,,1,,12,0,,,15,10,,,,,,,,,,,,,,,0,,,,,77,1,100,2,1,,,125,0,11911,50,,,,,,,,,,,,,,,,,,,,,,,,11590,1,misc.throw,1,,,,,Double_Hammer_Hammer_Natk_01|Double_Hammer_Hammer_Natk_02,5,,,,101111,,,100301,100302,100303,,,100116,,,1,,,weapon_12005,,,,,,,,,,
540519,复苏法杖+冻结棒,24,1,,1,,12,0,,,22,12,,,,,,,,,,,,,,,0,,,,,,,125,2,1,,,175,0,11911,50,,,,,,,,,,,,,,,,,,,,,,,,11590,1,misc.throw,1,,,,,Double_Hammer_Hammer_Natk_01|Double_Hammer_Hammer_Natk_02,5,,,,101111,,,100301,100302,100303,,,100116,,,1,,,weapon_12005,,,,,,,,,,
540520,复苏法杖+钛金战锤,24,1,,5,,12,0,,,42,17,,,,,,,,,,,,,,,0,,,,,,,350,2,1,,,250,0,11330,120,,,,,,,,,,,,,,,,,,,,,,,,11590,1,misc.throw,1,,,,,Double_Hammer_Hammer_Natk_01|Double_Hammer_Hammer_Natk_02,5,,,,101111,,,100301,100302,100303,,,100116,,,1,,,weapon_12005,,,,,,,,,,
540521,复苏法杖+石剑,24,1,,1,,12,0,,,10,7,,,,,,,,,,,,,,,0,,,,,,,100,2,1,,,125,0,11911,50,,,,,,,,,,,,,,,,,,,,,,,,11590,1,misc.throw,1,,,,,Double_Sword_Sword_Natk_01|Double_Sword_Sword_Natk_02|Double_Sword_Sword_Natk_03|Double_Sword_Sword_Natk_04,5,,,,101111,,,100301,100302,100303,,,100116,,,1,,,weapon_12005,,,,,,,,,,
540522,复苏法杖+短剑,24,1,,3,,12,0,,,18,10,,,,,,,,,,,,,,,0,,,,,,,185,2,1,,,150,0,11209,90,,,,,,,,,,,,,,,,,,,,,,,,11590,1,misc.throw,1,,,,,Double_Sword_Sword_Natk_01|Double_Sword_Sword_Natk_02|Double_Sword_Sword_Natk_03|Double_Sword_Sword_Natk_04,5,,,,101111,,,100301,100302,100303,,,100116,,,1,,,weapon_12005,,,,,,,,,,
540523,复苏法杖+收割者,24,1,,5,,12,0,,,28,13,,,,,,,,,,,,,,,0,,,,,,,350,2,1,,,250,0,11330,120,,,,,,,,,,,,,,,,,,,,,,,,11590,1,misc.throw,1,,,,,Double_Sword_Sword_Natk_01|Double_Sword_Sword_Natk_02|Double_Sword_Sword_Natk_03|Double_Sword_Sword_Natk_04,5,,,,101111,,,100301,100302,100303,,,100116,,,1,,,weapon_12005,,,,,,,,,,
540524,复苏法杖+能量剑,24,1,,7,,12,0,,,41,15,,,,,,,,,,,,,,,0,,,,,,,650,2,1,,,350,0,11203,240,,,,,,,,,,,,,,,,,,,,,,,,11590,1,misc.throw,1,,,,,Double_Sword_Sword_Natk_01|Double_Sword_Sword_Natk_02|Double_Sword_Sword_Natk_03|Double_Sword_Sword_Natk_04,5,,,,101111,,,100301,100302,100303,,,100116,,,1,,,weapon_12005,,,,,,,,,,
540525,复苏法杖+平凡法杖,24,1,,1,,,0,,,5,5,,,,,,,,,,,,,,,0,,,,,,,75,2,1,,,175,0,11911,50,,,,,,,,,,,,,,,,,,,,,,,,-1,1,misc.throw,1,,,,,Double_Sword_Sword_Natk_01|Double_Sword_Sword_Natk_02|Double_Sword_Sword_Natk_03|Double_Sword_Sword_Natk_04,5,,,,101111,,,100301,100302,100303,,,100116,,,1,,,weapon_12005,,,,,,,,,,
540526,复苏法杖+复苏法杖,24,1,,1,,,0,,,5,5,,,,,,,,,,,,,,,0,,,,,,,100,2,1,,,200,0,11911,50,,,,,,,,,,,,,,,,,,,,,,,,-1,1,misc.throw,1,,,,,Double_Sword_Sword_Natk_01|Double_Sword_Sword_Natk_02|Double_Sword_Sword_Natk_03|Double_Sword_Sword_Natk_04,5,,,,101111,,,100301,100302,100303,,,100116,,,1,,,weapon_12005,,,,,,,,,,
540527,复苏法杖+召唤法杖,24,1,,1,,,0,,,5,5,,,,,,,,,,,,,,,0,,,,,,,100,2,1,,,200,0,11911,50,,,,,,,,,,,,,,,,,,,,,,,,-1,1,misc.throw,1,,,,,Double_Sword_Sword_Natk_01|Double_Sword_Sword_Natk_02|Double_Sword_Sword_Natk_03|Double_Sword_Sword_Natk_04,5,,,,101111,,,100301,100302,100303,,,100116,,,1,,,weapon_12005,,,,,,,,,,
540528,复苏法杖+冰魄法杖,24,1,,1,,,0,,,5,5,,,,,,,,,,,,,,,0,,,,,,,100,2,1,,,200,0,11911,50,,,,,,,,,,,,,,,,,,,,,,,,-1,1,misc.throw,1,,,,,Double_Sword_Sword_Natk_01|Double_Sword_Sword_Natk_02|Double_Sword_Sword_Natk_03|Double_Sword_Sword_Natk_04,5,,,,101111,,,100301,100302,100303,,,100116,,,1,,,weapon_12005,,,,,,,,,,
540529,召唤法杖+木棒,24,1,,1,,60,0,,,12,7,,,,,,,,,,,,,,,0,,,,,,,80,2,1,,,115,0,11911,50,,,,,,,,,,,,,,,,,,,,,,,,11629,1,misc.throw,1,,,,,Double_Hammer_Hammer_Natk_01|Double_Hammer_Hammer_Natk_02,5,,,,101111,,,100301,100302,100303,,,100116,,,1,,,weapon_12005,,,,,,,,,,
540530,召唤法杖+尖尖碰碰锤,24,1,,1,,60,0,,,15,10,,,,,,,,,,,,,,,0,,,,,77,1,100,2,1,,,125,0,11911,50,,,,,,,,,,,,,,,,,,,,,,,,11629,1,misc.throw,1,,,,,Double_Hammer_Hammer_Natk_01|Double_Hammer_Hammer_Natk_02,5,,,,101111,,,100301,100302,100303,,,100116,,,1,,,weapon_12005,,,,,,,,,,
540531,召唤法杖+冻结棒,24,1,,1,,60,0,,,22,12,,,,,,,,,,,,,,,0,,,,,,,125,2,1,,,175,0,11911,50,,,,,,,,,,,,,,,,,,,,,,,,11629,1,misc.throw,1,,,,,Double_Hammer_Hammer_Natk_01|Double_Hammer_Hammer_Natk_02,5,,,,101111,,,100301,100302,100303,,,100116,,,1,,,weapon_12005,,,,,,,,,,
540532,召唤法杖+钛金战锤,24,1,,5,,60,0,,,42,17,,,,,,,,,,,,,,,0,,,,,,,350,2,1,,,250,0,11330,120,,,,,,,,,,,,,,,,,,,,,,,,11629,1,misc.throw,1,,,,,Double_Hammer_Hammer_Natk_01|Double_Hammer_Hammer_Natk_02,5,,,,101111,,,100301,100302,100303,,,100116,,,1,,,weapon_12005,,,,,,,,,,
540533,召唤法杖+石剑,24,1,,1,,60,0,,,10,7,,,,,,,,,,,,,,,0,,,,,,,100,2,1,,,125,0,11911,50,,,,,,,,,,,,,,,,,,,,,,,,11629,1,misc.throw,1,,,,,Double_Sword_Sword_Natk_01|Double_Sword_Sword_Natk_02|Double_Sword_Sword_Natk_03|Double_Sword_Sword_Natk_04,5,,,,101111,,,100301,100302,100303,,,100116,,,1,,,weapon_12005,,,,,,,,,,
540534,召唤法杖+短剑,24,1,,3,,60,0,,,18,10,,,,,,,,,,,,,,,0,,,,,,,185,2,1,,,150,0,11209,90,,,,,,,,,,,,,,,,,,,,,,,,11629,1,misc.throw,1,,,,,Double_Sword_Sword_Natk_01|Double_Sword_Sword_Natk_02|Double_Sword_Sword_Natk_03|Double_Sword_Sword_Natk_04,5,,,,101111,,,100301,100302,100303,,,100116,,,1,,,weapon_12005,,,,,,,,,,
540535,召唤法杖+收割者,24,1,,5,,60,0,,,28,13,,,,,,,,,,,,,,,0,,,,,,,350,2,1,,,250,0,11330,120,,,,,,,,,,,,,,,,,,,,,,,,11629,1,misc.throw,1,,,,,Double_Sword_Sword_Natk_01|Double_Sword_Sword_Natk_02|Double_Sword_Sword_Natk_03|Double_Sword_Sword_Natk_04,5,,,,101111,,,100301,100302,100303,,,100116,,,1,,,weapon_12005,,,,,,,,,,
540536,召唤法杖+能量剑,24,1,,7,,60,0,,,41,15,,,,,,,,,,,,,,,0,,,,,,,650,2,1,,,350,0,11203,240,,,,,,,,,,,,,,,,,,,,,,,,11629,1,misc.throw,1,,,,,Double_Sword_Sword_Natk_01|Double_Sword_Sword_Natk_02|Double_Sword_Sword_Natk_03|Double_Sword_Sword_Natk_04,5,,,,101111,,,100301,100302,100303,,,100116,,,1,,,weapon_12005,,,,,,,,,,
540537,召唤法杖+平凡法杖,24,1,,1,,,0,,,5,5,,,,,,,,,,,,,,,0,,,,,,,75,2,1,,,175,0,11911,50,,,,,,,,,,,,,,,,,,,,,,,,-1,1,misc.throw,1,,,,,Double_Sword_Sword_Natk_01|Double_Sword_Sword_Natk_02|Double_Sword_Sword_Natk_03|Double_Sword_Sword_Natk_04,5,,,,101111,,,100301,100302,100303,,,100116,,,1,,,weapon_12005,,,,,,,,,,
540538,召唤法杖+召唤法杖,24,1,,1,,,0,,,5,5,,,,,,,,,,,,,,,0,,,,,,,100,2,1,,,200,0,11911,50,,,,,,,,,,,,,,,,,,,,,,,,-1,1,misc.throw,1,,,,,Double_Sword_Sword_Natk_01|Double_Sword_Sword_Natk_02|Double_Sword_Sword_Natk_03|Double_Sword_Sword_Natk_04,5,,,,101111,,,100301,100302,100303,,,100116,,,1,,,weapon_12005,,,,,,,,,,
540539,召唤法杖+冰魄法杖,24,1,,1,,,0,,,5,5,,,,,,,,,,,,,,,0,,,,,,,100,2,1,,,200,0,11911,50,,,,,,,,,,,,,,,,,,,,,,,,-1,1,misc.throw,1,,,,,Double_Sword_Sword_Natk_01|Double_Sword_Sword_Natk_02|Double_Sword_Sword_Natk_03|Double_Sword_Sword_Natk_04,5,,,,101111,,,100301,100302,100303,,,100116,,,1,,,weapon_12005,,,,,,,,,,
540540,冰魄法杖+木棒,24,1,,1,,10,0,,,12,7,,,,,,,,,,,,,,,0,,,,,,,80,2,1,,,115,0,11911,50,,,,,,,,,,,,,,,,,,,,,,,,11669,1,misc.throw,1,,,,,Double_Hammer_Hammer_Natk_01|Double_Hammer_Hammer_Natk_02,5,,,,101111,,,100301,100302,100303,,,100116,,,1,,,weapon_12005,,,,,,,,,,
540541,冰魄法杖+尖尖碰碰锤,24,1,,1,,10,0,,,15,10,,,,,,,,,,,,,,,0,,,,,77,1,100,2,1,,,125,0,11911,50,,,,,,,,,,,,,,,,,,,,,,,,11669,1,misc.throw,1,,,,,Double_Hammer_Hammer_Natk_01|Double_Hammer_Hammer_Natk_02,5,,,,101111,,,100301,100302,100303,,,100116,,,1,,,weapon_12005,,,,,,,,,,
540542,冰魄法杖+冻结棒,24,1,,1,,10,0,,,22,12,,,,,,,,,,,,,,,0,,,,,,,125,2,1,,,175,0,11911,50,,,,,,,,,,,,,,,,,,,,,,,,11669,1,misc.throw,1,,,,,Double_Hammer_Hammer_Natk_01|Double_Hammer_Hammer_Natk_02,5,,,,101111,,,100301,100302,100303,,,100116,,,1,,,weapon_12005,,,,,,,,,,
540543,冰魄法杖+钛金战锤,24,1,,5,,10,0,,,42,17,,,,,,,,,,,,,,,0,,,,,,,350,2,1,,,250,0,11330,120,,,,,,,,,,,,,,,,,,,,,,,,11669,1,misc.throw,1,,,,,Double_Hammer_Hammer_Natk_01|Double_Hammer_Hammer_Natk_02,5,,,,101111,,,100301,100302,100303,,,100116,,,1,,,weapon_12005,,,,,,,,,,
540544,冰魄法杖+石剑,24,1,,1,,10,0,,,10,7,,,,,,,,,,,,,,,0,,,,,,,100,2,1,,,125,0,11911,50,,,,,,,,,,,,,,,,,,,,,,,,11669,1,misc.throw,1,,,,,Double_Sword_Sword_Natk_01|Double_Sword_Sword_Natk_02|Double_Sword_Sword_Natk_03|Double_Sword_Sword_Natk_04,5,,,,101111,,,100301,100302,100303,,,100116,,,1,,,weapon_12005,,,,,,,,,,
540545,冰魄法杖+短剑,24,1,,3,,10,0,,,18,10,,,,,,,,,,,,,,,0,,,,,,,185,2,1,,,150,0,11209,90,,,,,,,,,,,,,,,,,,,,,,,,11669,1,misc.throw,1,,,,,Double_Sword_Sword_Natk_01|Double_Sword_Sword_Natk_02|Double_Sword_Sword_Natk_03|Double_Sword_Sword_Natk_04,5,,,,101111,,,100301,100302,100303,,,100116,,,1,,,weapon_12005,,,,,,,,,,
540546,冰魄法杖+收割者,24,1,,5,,10,0,,,28,13,,,,,,,,,,,,,,,0,,,,,,,350,2,1,,,250,0,11330,120,,,,,,,,,,,,,,,,,,,,,,,,11669,1,misc.throw,1,,,,,Double_Sword_Sword_Natk_01|Double_Sword_Sword_Natk_02|Double_Sword_Sword_Natk_03|Double_Sword_Sword_Natk_04,5,,,,101111,,,100301,100302,100303,,,100116,,,1,,,weapon_12005,,,,,,,,,,
540547,冰魄法杖+能量剑,24,1,,7,,10,0,,,41,15,,,,,,,,,,,,,,,0,,,,,,,650,2,1,,,350,0,11203,240,,,,,,,,,,,,,,,,,,,,,,,,11669,1,misc.throw,1,,,,,Double_Sword_Sword_Natk_01|Double_Sword_Sword_Natk_02|Double_Sword_Sword_Natk_03|Double_Sword_Sword_Natk_04,5,,,,101111,,,100301,100302,100303,,,100116,,,1,,,weapon_12005,,,,,,,,,,
540548,冰魄法杖+平凡法杖,24,1,,1,,,0,,,5,5,,,,,,,,,,,,,,,0,,,,,,,75,2,1,,,175,0,11911,50,,,,,,,,,,,,,,,,,,,,,,,,-1,1,misc.throw,1,,,,,Double_Sword_Sword_Natk_01|Double_Sword_Sword_Natk_02|Double_Sword_Sword_Natk_03|Double_Sword_Sword_Natk_04,5,,,,101111,,,100301,100302,100303,,,100116,,,1,,,weapon_12005,,,,,,,,,,
540549,冰魄法杖+冰魄法杖,24,1,,1,,,0,,,5,5,,,,,,,,,,,,,,,0,,,,,,,100,2,1,,,200,0,11911,50,,,,,,,,,,,,,,,,,,,,,,,,-1,1,misc.throw,1,,,,,Double_Sword_Sword_Natk_01|Double_Sword_Sword_Natk_02|Double_Sword_Sword_Natk_03|Double_Sword_Sword_Natk_04,5,,,,101111,,,100301,100302,100303,,,100116,,,1,,,weapon_12005,,,,,,,,,,
540550,极寒域法杖+木棒,24,1,,1,,14,0,,,12,7,,,,,,,,,,,,,,,0,,,,,,,67,2,1,,,165,0,12710,25,,,,,,,,,,,,,,,,,,,,,,,,11670,1,misc.throw,1,,,,,Double_Hammer_Hammer_Natk_01|Double_Hammer_Hammer_Natk_02,5,,,,101111,,,100301,100302,100303,,,100116,,,1,,,weapon_12005,,,,,,,,,,
540551,极寒域法杖+尖尖碰碰锤,24,1,,1,,14,0,,,15,10,,,,,,,,,,,,,,,0,,,,,77,1,87,2,1,,,175,0,12710,25,,,,,,,,,,,,,,,,,,,,,,,,11670,1,misc.throw,1,,,,,Double_Hammer_Hammer_Natk_01|Double_Hammer_Hammer_Natk_02,5,,,,101111,,,100301,100302,100303,,,100116,,,1,,,weapon_12005,,,,,,,,,,
540552,极寒域法杖+冻结棒,24,1,,1,,14,0,,,22,12,,,,,,,,,,,,,,,0,,,,,,,112,2,1,,,225,0,12710,25,,,,,,,,,,,,,,,,,,,,,,,,11670,1,misc.throw,1,,,,,Double_Hammer_Hammer_Natk_01|Double_Hammer_Hammer_Natk_02,5,,,,101111,,,100301,100302,100303,,,100116,,,1,,,weapon_12005,,,,,,,,,,
540553,极寒域法杖+钛金战锤,24,1,,5,,14,0,,,42,17,,,,,,,,,,,,,,,0,,,,,,,337,2,1,,,300,0,11330,120,,,,,,,,,,,,,,,,,,,,,,,,11670,1,misc.throw,1,,,,,Double_Hammer_Hammer_Natk_01|Double_Hammer_Hammer_Natk_02,5,,,,101111,,,100301,100302,100303,,,100116,,,1,,,weapon_12005,,,,,,,,,,
540554,极寒域法杖+石剑,24,1,,1,,14,0,,,10,7,,,,,,,,,,,,,,,0,,,,,,,87,2,1,,,175,0,12710,25,,,,,,,,,,,,,,,,,,,,,,,,11670,1,misc.throw,1,,,,,Double_Sword_Sword_Natk_01|Double_Sword_Sword_Natk_02|Double_Sword_Sword_Natk_03|Double_Sword_Sword_Natk_04,5,,,,101111,,,100301,100302,100303,,,100116,,,1,,,weapon_12005,,,,,,,,,,
540555,极寒域法杖+短剑,24,1,,3,,14,0,,,18,10,,,,,,,,,,,,,,,0,,,,,,,172,2,1,,,200,0,11209,90,,,,,,,,,,,,,,,,,,,,,,,,11670,1,misc.throw,1,,,,,Double_Sword_Sword_Natk_01|Double_Sword_Sword_Natk_02|Double_Sword_Sword_Natk_03|Double_Sword_Sword_Natk_04,5,,,,101111,,,100301,100302,100303,,,100116,,,1,,,weapon_12005,,,,,,,,,,
540556,极寒域法杖+收割者,24,1,,5,,14,0,,,28,13,,,,,,,,,,,,,,,0,,,,,,,337,2,1,,,300,0,11330,120,,,,,,,,,,,,,,,,,,,,,,,,11670,1,misc.throw,1,,,,,Double_Sword_Sword_Natk_01|Double_Sword_Sword_Natk_02|Double_Sword_Sword_Natk_03|Double_Sword_Sword_Natk_04,5,,,,101111,,,100301,100302,100303,,,100116,,,1,,,weapon_12005,,,,,,,,,,
540557,极寒域法杖+能量剑,24,1,,7,,14,0,,,41,15,,,,,,,,,,,,,,,0,,,,,,,637,2,1,,,400,0,11203,240,,,,,,,,,,,,,,,,,,,,,,,,11670,1,misc.throw,1,,,,,Double_Sword_Sword_Natk_01|Double_Sword_Sword_Natk_02|Double_Sword_Sword_Natk_03|Double_Sword_Sword_Natk_04,5,,,,101111,,,100301,100302,100303,,,100116,,,1,,,weapon_12005,,,,,,,,,,
540558,极寒域法杖+平凡法杖,24,1,,1,,,0,,,5,5,,,,,,,,,,,,,,,0,,,,,,,62,2,1,,,225,0,12710,25,,,,,,,,,,,,,,,,,,,,,,,,-1,1,misc.throw,1,,,,,Double_Sword_Sword_Natk_01|Double_Sword_Sword_Natk_02|Double_Sword_Sword_Natk_03|Double_Sword_Sword_Natk_04,5,,,,101111,,,100301,100302,100303,,,100116,,,1,,,weapon_12005,,,,,,,,,,
540559,极寒域法杖+炽烈法杖,24,1,,1,,,0,,,5,5,,,,,,,,,,,,,,,0,,,,,,,87,2,1,,,250,0,12710,25,,,,,,,,,,,,,,,,,,,,,,,,-1,1,misc.throw,1,,,,,Double_Sword_Sword_Natk_01|Double_Sword_Sword_Natk_02|Double_Sword_Sword_Natk_03|Double_Sword_Sword_Natk_04,5,,,,101111,,,100301,100302,100303,,,100116,,,1,,,weapon_12005,,,,,,,,,,
540560,极寒域法杖+雷电法杖,24,1,,1,,,0,,,5,5,,,,,,,,,,,,,,,0,,,,,,,87,2,1,,,250,0,12710,25,,,,,,,,,,,,,,,,,,,,,,,,-1,1,misc.throw,1,,,,,Double_Sword_Sword_Natk_01|Double_Sword_Sword_Natk_02|Double_Sword_Sword_Natk_03|Double_Sword_Sword_Natk_04,5,,,,101111,,,100301,100302,100303,,,100116,,,1,,,weapon_12005,,,,,,,,,,
540561,极寒域法杖+淬毒法杖,24,1,,1,,,0,,,5,5,,,,,,,,,,,,,,,0,,,,,,,87,2,1,,,250,0,12710,25,,,,,,,,,,,,,,,,,,,,,,,,-1,1,misc.throw,1,,,,,Double_Sword_Sword_Natk_01|Double_Sword_Sword_Natk_02|Double_Sword_Sword_Natk_03|Double_Sword_Sword_Natk_04,5,,,,101111,,,100301,100302,100303,,,100116,,,1,,,weapon_12005,,,,,,,,,,
540562,极寒域法杖+复苏法杖,24,1,,1,,,0,,,5,5,,,,,,,,,,,,,,,0,,,,,,,87,2,1,,,250,0,12710,25,,,,,,,,,,,,,,,,,,,,,,,,-1,1,misc.throw,1,,,,,Double_Sword_Sword_Natk_01|Double_Sword_Sword_Natk_02|Double_Sword_Sword_Natk_03|Double_Sword_Sword_Natk_04,5,,,,101111,,,100301,100302,100303,,,100116,,,1,,,weapon_12005,,,,,,,,,,
540563,极寒域法杖+召唤法杖,24,1,,1,,,0,,,5,5,,,,,,,,,,,,,,,0,,,,,,,87,2,1,,,250,0,12710,25,,,,,,,,,,,,,,,,,,,,,,,,-1,1,misc.throw,1,,,,,Double_Sword_Sword_Natk_01|Double_Sword_Sword_Natk_02|Double_Sword_Sword_Natk_03|Double_Sword_Sword_Natk_04,5,,,,101111,,,100301,100302,100303,,,100116,,,1,,,weapon_12005,,,,,,,,,,
540564,极寒域法杖+冰魄法杖,24,1,,1,,,0,,,5,5,,,,,,,,,,,,,,,0,,,,,,,87,2,1,,,250,0,12710,25,,,,,,,,,,,,,,,,,,,,,,,,-1,1,misc.throw,1,,,,,Double_Sword_Sword_Natk_01|Double_Sword_Sword_Natk_02|Double_Sword_Sword_Natk_03|Double_Sword_Sword_Natk_04,5,,,,101111,,,100301,100302,100303,,,100116,,,1,,,weapon_12005,,,,,,,,,,
540565,极寒域法杖+极寒域法杖,24,1,,1,,,0,,,5,5,,,,,,,,,,,,,,,0,,,,,,,75,2,1,,,300,0,12710,25,,,,,,,,,,,,,,,,,,,,,,,,-1,1,misc.throw,1,,,,,Double_Sword_Sword_Natk_01|Double_Sword_Sword_Natk_02|Double_Sword_Sword_Natk_03|Double_Sword_Sword_Natk_04,5,,,,101111,,,100301,100302,100303,,,100116,,,1,,,weapon_12005,,,,,,,,,,
540566,木棒+木盾,6,,,1,,10,0,,,22,13,,,,,,,,,,,,,,,0,,60,5,1,,,80,2,1,,,40,0,11323,15,,,,,,,,,,,,,,,,,,,,,,,,,,,,,,,,Double_hammer_Shield_Natk_01|Double_hammer_Shield_Natk_02,5,,,,,101198,101198,,,,,,600167,600167,,,,,weapon_12005,,,,,,,,,,
540567,石剑+木盾,6,,,1,,10,0,,,21,16,,,,,,,,,,,,,,,0,,105,5,1,,,100,2,1,,,50,0,11627,35,,,,,,,,,,,,,,,,,,,,,,,,,,,,,,,,Double_Sword_Shield_Natk_01|Double_Sword_Shield_Natk_02,5,,,,,101198,101198,,,,,,600167,600167,,,,,weapon_12005,,,,,,,,,,
